issueDate,targetDate,leadDays,windowId,modelId,weightedAnomalyF,coveragePct,extremeCount,sampledWeight,locationCount,sampledValidHoursUtc,qualifies,source
2024-03-01,2024-03-02,1,selloff,ecmwf-ifs-025-00z-aws-open-data,6.316,0,0,1.06,18,0,false,"ECMWF IFS 0.25 degree open data on AWS, 2t surface field"
2024-03-01,2024-03-03,2,selloff,ecmwf-ifs-025-00z-aws-open-data,16.842,0,0,1.06,18,0,false,"ECMWF IFS 0.25 degree open data on AWS, 2t surface field"
2024-03-01,2024-03-04,3,selloff,ecmwf-ifs-025-00z-aws-open-data,20.568,0,0,1.06,18,0,false,"ECMWF IFS 0.25 degree open data on AWS, 2t surface field"
2024-03-01,2024-03-08,7,rumor,ecmwf-ifs-025-00z-aws-open-data,10.078,0,0,1.06,18,0,false,"ECMWF IFS 0.25 degree open data on AWS, 2t surface field"
2024-03-01,2024-03-09,8,rumor,ecmwf-ifs-025-00z-aws-open-data,11.081,0,0,1.06,18,0,false,"ECMWF IFS 0.25 degree open data on AWS, 2t surface field"
2024-03-01,2024-03-10,9,rumor,ecmwf-ifs-025-00z-aws-open-data,10.294,0,0,1.06,18,0,false,"ECMWF IFS 0.25 degree open data on AWS, 2t surface field"
2024-03-01,2024-03-11,10,rumor,ecmwf-ifs-025-00z-aws-open-data,5.537,0,0,1.06,18,0,false,"ECMWF IFS 0.25 degree open data on AWS, 2t surface field"
2024-03-02,2024-03-03,1,selloff,ecmwf-ifs-025-00z-aws-open-data,16.016,0,0,1.06,18,0,false,"ECMWF IFS 0.25 degree open data on AWS, 2t surface field"
2024-03-02,2024-03-04,2,selloff,ecmwf-ifs-025-00z-aws-open-data,21.042,0,0,1.06,18,0,false,"ECMWF IFS 0.25 degree open data on AWS, 2t surface field"
2024-03-02,2024-03-05,3,selloff,ecmwf-ifs-025-00z-aws-open-data,18.886,0,0,1.06,18,0,false,"ECMWF IFS 0.25 degree open data on AWS, 2t surface field"
2024-03-02,2024-03-09,7,rumor,ecmwf-ifs-025-00z-aws-open-data,8.041,0,0,1.06,18,0,false,"ECMWF IFS 0.25 degree open data on AWS, 2t surface field"
2024-03-02,2024-03-10,8,rumor,ecmwf-ifs-025-00z-aws-open-data,6.689,0,0,1.06,18,0,false,"ECMWF IFS 0.25 degree open data on AWS, 2t surface field"
2024-03-02,2024-03-11,9,rumor,ecmwf-ifs-025-00z-aws-open-data,3.179,0,0,1.06,18,0,false,"ECMWF IFS 0.25 degree open data on AWS, 2t surface field"
2024-03-02,2024-03-12,10,rumor,ecmwf-ifs-025-00z-aws-open-data,6.766,0,0,1.06,18,0,false,"ECMWF IFS 0.25 degree open data on AWS, 2t surface field"
2024-03-03,2024-03-04,1,selloff,ecmwf-ifs-025-00z-aws-open-data,21.084,0,0,1.06,18,0,false,"ECMWF IFS 0.25 degree open data on AWS, 2t surface field"
2024-03-03,2024-03-05,2,selloff,ecmwf-ifs-025-00z-aws-open-data,18.095,0,0,1.06,18,0,false,"ECMWF IFS 0.25 degree open data on AWS, 2t surface field"
2024-03-03,2024-03-06,3,selloff,ecmwf-ifs-025-00z-aws-open-data,13.81,0,0,1.06,18,0,false,"ECMWF IFS 0.25 degree open data on AWS, 2t surface field"
2024-03-03,2024-03-10,7,rumor,ecmwf-ifs-025-00z-aws-open-data,7.298,0,0,1.06,18,0,false,"ECMWF IFS 0.25 degree open data on AWS, 2t surface field"
2024-03-03,2024-03-11,8,rumor,ecmwf-ifs-025-00z-aws-open-data,5.406,0,0,1.06,18,0,false,"ECMWF IFS 0.25 degree open data on AWS, 2t surface field"
2024-03-03,2024-03-12,9,rumor,ecmwf-ifs-025-00z-aws-open-data,7.324,0,0,1.06,18,0,false,"ECMWF IFS 0.25 degree open data on AWS, 2t surface field"
2024-03-03,2024-03-13,10,rumor,ecmwf-ifs-025-00z-aws-open-data,11.638,0,0,1.06,18,0,false,"ECMWF IFS 0.25 degree open data on AWS, 2t surface field"
2024-03-04,2024-03-05,1,selloff,ecmwf-ifs-025-00z-aws-open-data,18.071,0,0,1.06,18,0,false,"ECMWF IFS 0.25 degree open data on AWS, 2t surface field"
2024-03-04,2024-03-06,2,selloff,ecmwf-ifs-025-00z-aws-open-data,13.001,0,0,1.06,18,0,false,"ECMWF IFS 0.25 degree open data on AWS, 2t surface field"
2024-03-04,2024-03-07,3,selloff,ecmwf-ifs-025-00z-aws-open-data,12.735,0,0,1.06,18,0,false,"ECMWF IFS 0.25 degree open data on AWS, 2t surface field"
2024-03-04,2024-03-11,7,rumor,ecmwf-ifs-025-00z-aws-open-data,5.355,0,0,1.06,18,0,false,"ECMWF IFS 0.25 degree open data on AWS, 2t surface field"
2024-03-04,2024-03-12,8,rumor,ecmwf-ifs-025-00z-aws-open-data,5.065,0,0,1.06,18,0,false,"ECMWF IFS 0.25 degree open data on AWS, 2t surface field"
2024-03-04,2024-03-13,9,rumor,ecmwf-ifs-025-00z-aws-open-data,9.836,0,0,1.06,18,0,false,"ECMWF IFS 0.25 degree open data on AWS, 2t surface field"
2024-03-04,2024-03-14,10,rumor,ecmwf-ifs-025-00z-aws-open-data,10.622,0,0,1.06,18,0,false,"ECMWF IFS 0.25 degree open data on AWS, 2t surface field"
2024-03-05,2024-03-06,1,selloff,ecmwf-ifs-025-00z-aws-open-data,13.476,0,0,1.06,18,0,false,"ECMWF IFS 0.25 degree open data on AWS, 2t surface field"
2024-03-05,2024-03-07,2,selloff,ecmwf-ifs-025-00z-aws-open-data,12.436,0,0,1.06,18,0,false,"ECMWF IFS 0.25 degree open data on AWS, 2t surface field"
2024-03-05,2024-03-08,3,selloff,ecmwf-ifs-025-00z-aws-open-data,9.04,0,0,1.06,18,0,false,"ECMWF IFS 0.25 degree open data on AWS, 2t surface field"
2024-03-05,2024-03-12,7,rumor,ecmwf-ifs-025-00z-aws-open-data,5.112,0,0,1.06,18,0,false,"ECMWF IFS 0.25 degree open data on AWS, 2t surface field"
2024-03-05,2024-03-13,8,rumor,ecmwf-ifs-025-00z-aws-open-data,10.481,0,0,1.06,18,0,false,"ECMWF IFS 0.25 degree open data on AWS, 2t surface field"
2024-03-05,2024-03-14,9,rumor,ecmwf-ifs-025-00z-aws-open-data,10.715,0,0,1.06,18,0,false,"ECMWF IFS 0.25 degree open data on AWS, 2t surface field"
2024-03-05,2024-03-15,10,rumor,ecmwf-ifs-025-00z-aws-open-data,12.252,0,0,1.06,18,0,false,"ECMWF IFS 0.25 degree open data on AWS, 2t surface field"
2024-03-06,2024-03-07,1,selloff,ecmwf-ifs-025-00z-aws-open-data,11.445,0,0,1.06,18,0,false,"ECMWF IFS 0.25 degree open data on AWS, 2t surface field"
2024-03-06,2024-03-08,2,selloff,ecmwf-ifs-025-00z-aws-open-data,10.442,0,0,1.06,18,0,false,"ECMWF IFS 0.25 degree open data on AWS, 2t surface field"
2024-03-06,2024-03-09,3,selloff,ecmwf-ifs-025-00z-aws-open-data,10.105,0,0,1.06,18,0,false,"ECMWF IFS 0.25 degree open data on AWS, 2t surface field"
2024-03-06,2024-03-13,7,rumor,ecmwf-ifs-025-00z-aws-open-data,10.533,0,0,1.06,18,0,false,"ECMWF IFS 0.25 degree open data on AWS, 2t surface field"
2024-03-06,2024-03-14,8,rumor,ecmwf-ifs-025-00z-aws-open-data,8.431,0,0,1.06,18,0,false,"ECMWF IFS 0.25 degree open data on AWS, 2t surface field"
2024-03-06,2024-03-15,9,rumor,ecmwf-ifs-025-00z-aws-open-data,7.766,0,0,1.06,18,0,false,"ECMWF IFS 0.25 degree open data on AWS, 2t surface field"
2024-03-06,2024-03-16,10,rumor,ecmwf-ifs-025-00z-aws-open-data,9.758,0,0,1.06,18,0,false,"ECMWF IFS 0.25 degree open data on AWS, 2t surface field"
2024-03-07,2024-03-08,1,selloff,ecmwf-ifs-025-00z-aws-open-data,10.369,0,0,1.06,18,0,false,"ECMWF IFS 0.25 degree open data on AWS, 2t surface field"
2024-03-07,2024-03-09,2,selloff,ecmwf-ifs-025-00z-aws-open-data,9.988,0,0,1.06,18,0,false,"ECMWF IFS 0.25 degree open data on AWS, 2t surface field"
2024-03-07,2024-03-10,3,selloff,ecmwf-ifs-025-00z-aws-open-data,6.475,0,0,1.06,18,0,false,"ECMWF IFS 0.25 degree open data on AWS, 2t surface field"
2024-03-07,2024-03-14,7,rumor,ecmwf-ifs-025-00z-aws-open-data,12.11,0,0,1.06,18,0,false,"ECMWF IFS 0.25 degree open data on AWS, 2t surface field"
2024-03-07,2024-03-15,8,rumor,ecmwf-ifs-025-00z-aws-open-data,10.551,0,0,1.06,18,0,false,"ECMWF IFS 0.25 degree open data on AWS, 2t surface field"
2024-03-07,2024-03-16,9,rumor,ecmwf-ifs-025-00z-aws-open-data,14.215,0,0,1.06,18,0,false,"ECMWF IFS 0.25 degree open data on AWS, 2t surface field"
2024-03-07,2024-03-17,10,rumor,ecmwf-ifs-025-00z-aws-open-data,10.604,0,0,1.06,18,0,false,"ECMWF IFS 0.25 degree open data on AWS, 2t surface field"
2024-03-08,2024-03-09,1,selloff,ecmwf-ifs-025-00z-aws-open-data,8.866,0,0,1.06,18,0,false,"ECMWF IFS 0.25 degree open data on AWS, 2t surface field"
2024-03-08,2024-03-10,2,selloff,ecmwf-ifs-025-00z-aws-open-data,6.813,0,0,1.06,18,0,false,"ECMWF IFS 0.25 degree open data on AWS, 2t surface field"
2024-03-08,2024-03-11,3,selloff,ecmwf-ifs-025-00z-aws-open-data,2.796,0,0,1.06,18,0,false,"ECMWF IFS 0.25 degree open data on AWS, 2t surface field"
2024-03-08,2024-03-15,7,rumor,ecmwf-ifs-025-00z-aws-open-data,14.884,0,0,1.06,18,0,false,"ECMWF IFS 0.25 degree open data on AWS, 2t surface field"
2024-03-08,2024-03-16,8,rumor,ecmwf-ifs-025-00z-aws-open-data,15.944,0,0,1.06,18,0,false,"ECMWF IFS 0.25 degree open data on AWS, 2t surface field"
2024-03-08,2024-03-17,9,rumor,ecmwf-ifs-025-00z-aws-open-data,10.898,0,0,1.06,18,0,false,"ECMWF IFS 0.25 degree open data on AWS, 2t surface field"
2024-03-08,2024-03-18,10,rumor,ecmwf-ifs-025-00z-aws-open-data,4.276,0,0,1.06,18,0,false,"ECMWF IFS 0.25 degree open data on AWS, 2t surface field"
2024-03-09,2024-03-10,1,selloff,ecmwf-ifs-025-00z-aws-open-data,6.664,0,0,1.06,18,0,false,"ECMWF IFS 0.25 degree open data on AWS, 2t surface field"
2024-03-09,2024-03-11,2,selloff,ecmwf-ifs-025-00z-aws-open-data,3.487,0,0,1.06,18,0,false,"ECMWF IFS 0.25 degree open data on AWS, 2t surface field"
2024-03-09,2024-03-12,3,selloff,ecmwf-ifs-025-00z-aws-open-data,8.567,0,0,1.06,18,0,false,"ECMWF IFS 0.25 degree open data on AWS, 2t surface field"
2024-03-09,2024-03-16,7,rumor,ecmwf-ifs-025-00z-aws-open-data,12.493,0,0,1.06,18,0,false,"ECMWF IFS 0.25 degree open data on AWS, 2t surface field"
2024-03-09,2024-03-17,8,rumor,ecmwf-ifs-025-00z-aws-open-data,9.212,0,0,1.06,18,0,false,"ECMWF IFS 0.25 degree open data on AWS, 2t surface field"
2024-03-09,2024-03-18,9,rumor,ecmwf-ifs-025-00z-aws-open-data,3.916,0,0,1.06,18,0,false,"ECMWF IFS 0.25 degree open data on AWS, 2t surface field"
2024-03-09,2024-03-19,10,rumor,ecmwf-ifs-025-00z-aws-open-data,-0.006,0.047,0,1.06,18,0,false,"ECMWF IFS 0.25 degree open data on AWS, 2t surface field"
2024-03-10,2024-03-11,1,selloff,ecmwf-ifs-025-00z-aws-open-data,3.387,0,0,1.06,18,0,false,"ECMWF IFS 0.25 degree open data on AWS, 2t surface field"
2024-03-10,2024-03-12,2,selloff,ecmwf-ifs-025-00z-aws-open-data,9.416,0,0,1.06,18,0,false,"ECMWF IFS 0.25 degree open data on AWS, 2t surface field"
2024-03-10,2024-03-13,3,selloff,ecmwf-ifs-025-00z-aws-open-data,14.086,0,0,1.06,18,0,false,"ECMWF IFS 0.25 degree open data on AWS, 2t surface field"
2024-03-10,2024-03-17,7,rumor,ecmwf-ifs-025-00z-aws-open-data,8.743,0,0,1.06,18,0,false,"ECMWF IFS 0.25 degree open data on AWS, 2t surface field"
2024-03-10,2024-03-18,8,rumor,ecmwf-ifs-025-00z-aws-open-data,3.029,0,0,1.06,18,0,false,"ECMWF IFS 0.25 degree open data on AWS, 2t surface field"
2024-03-10,2024-03-19,9,rumor,ecmwf-ifs-025-00z-aws-open-data,-2.628,0,0,1.06,18,0,false,"ECMWF IFS 0.25 degree open data on AWS, 2t surface field"
2024-03-10,2024-03-20,10,rumor,ecmwf-ifs-025-00z-aws-open-data,-2.066,0,0,1.06,18,0,false,"ECMWF IFS 0.25 degree open data on AWS, 2t surface field"
2024-03-11,2024-03-12,1,selloff,ecmwf-ifs-025-00z-aws-open-data,9.861,0,0,1.06,18,0,false,"ECMWF IFS 0.25 degree open data on AWS, 2t surface field"
2024-03-11,2024-03-13,2,selloff,ecmwf-ifs-025-00z-aws-open-data,14.272,0,0,1.06,18,0,false,"ECMWF IFS 0.25 degree open data on AWS, 2t surface field"
2024-03-11,2024-03-14,3,selloff,ecmwf-ifs-025-00z-aws-open-data,15.206,0,0,1.06,18,0,false,"ECMWF IFS 0.25 degree open data on AWS, 2t surface field"
2024-03-11,2024-03-18,7,rumor,ecmwf-ifs-025-00z-aws-open-data,6.572,0,0,1.06,18,0,false,"ECMWF IFS 0.25 degree open data on AWS, 2t surface field"
2024-03-11,2024-03-19,8,rumor,ecmwf-ifs-025-00z-aws-open-data,0.423,0.085,0,1.06,18,0,false,"ECMWF IFS 0.25 degree open data on AWS, 2t surface field"
2024-03-11,2024-03-20,9,rumor,ecmwf-ifs-025-00z-aws-open-data,0.778,0.066,0,1.06,18,0,false,"ECMWF IFS 0.25 degree open data on AWS, 2t surface field"
2024-03-11,2024-03-21,10,rumor,ecmwf-ifs-025-00z-aws-open-data,2.178,0,0,1.06,18,0,false,"ECMWF IFS 0.25 degree open data on AWS, 2t surface field"
2024-03-12,2024-03-13,1,selloff,ecmwf-ifs-025-00z-aws-open-data,14.167,0,0,1.06,18,0,false,"ECMWF IFS 0.25 degree open data on AWS, 2t surface field"
2024-03-12,2024-03-14,2,selloff,ecmwf-ifs-025-00z-aws-open-data,14.944,0,0,1.06,18,0,false,"ECMWF IFS 0.25 degree open data on AWS, 2t surface field"
2024-03-12,2024-03-15,3,selloff,ecmwf-ifs-025-00z-aws-open-data,14.455,0,0,1.06,18,0,false,"ECMWF IFS 0.25 degree open data on AWS, 2t surface field"
2024-03-12,2024-03-19,7,rumor,ecmwf-ifs-025-00z-aws-open-data,-2.177,0.094,0,1.06,18,0,false,"ECMWF IFS 0.25 degree open data on AWS, 2t surface field"
2024-03-12,2024-03-20,8,rumor,ecmwf-ifs-025-00z-aws-open-data,-2.843,0.151,0,1.06,18,0,false,"ECMWF IFS 0.25 degree open data on AWS, 2t surface field"
2024-03-12,2024-03-21,9,rumor,ecmwf-ifs-025-00z-aws-open-data,2.118,0,0,1.06,18,0,false,"ECMWF IFS 0.25 degree open data on AWS, 2t surface field"
2024-03-12,2024-03-22,10,rumor,ecmwf-ifs-025-00z-aws-open-data,9.753,0,0,1.06,18,0,false,"ECMWF IFS 0.25 degree open data on AWS, 2t surface field"
2024-03-13,2024-03-14,1,selloff,ecmwf-ifs-025-00z-aws-open-data,13.796,0,0,1.06,18,0,false,"ECMWF IFS 0.25 degree open data on AWS, 2t surface field"
2024-03-13,2024-03-15,2,selloff,ecmwf-ifs-025-00z-aws-open-data,15.271,0,0,1.06,18,0,false,"ECMWF IFS 0.25 degree open data on AWS, 2t surface field"
2024-03-13,2024-03-16,3,selloff,ecmwf-ifs-025-00z-aws-open-data,11.704,0,0,1.06,18,0,false,"ECMWF IFS 0.25 degree open data on AWS, 2t surface field"
2024-03-13,2024-03-20,7,rumor,ecmwf-ifs-025-00z-aws-open-data,0.19,0,0,1.06,18,0,false,"ECMWF IFS 0.25 degree open data on AWS, 2t surface field"
2024-03-13,2024-03-21,8,rumor,ecmwf-ifs-025-00z-aws-open-data,6.747,0,0,1.06,18,0,false,"ECMWF IFS 0.25 degree open data on AWS, 2t surface field"
2024-03-13,2024-03-22,9,rumor,ecmwf-ifs-025-00z-aws-open-data,9.68,0,0,1.06,18,0,false,"ECMWF IFS 0.25 degree open data on AWS, 2t surface field"
2024-03-13,2024-03-23,10,rumor,ecmwf-ifs-025-00z-aws-open-data,10.086,0,0,1.06,18,0,false,"ECMWF IFS 0.25 degree open data on AWS, 2t surface field"
2024-03-14,2024-03-15,1,selloff,ecmwf-ifs-025-00z-aws-open-data,15.153,0,0,1.06,18,0,false,"ECMWF IFS 0.25 degree open data on AWS, 2t surface field"
2024-03-14,2024-03-16,2,selloff,ecmwf-ifs-025-00z-aws-open-data,12.506,0,0,1.06,18,0,false,"ECMWF IFS 0.25 degree open data on AWS, 2t surface field"
2024-03-14,2024-03-17,3,selloff,ecmwf-ifs-025-00z-aws-open-data,11.009,0,0,1.06,18,0,false,"ECMWF IFS 0.25 degree open data on AWS, 2t surface field"
2024-03-14,2024-03-21,7,rumor,ecmwf-ifs-025-00z-aws-open-data,0.643,0,0,1.06,18,0,false,"ECMWF IFS 0.25 degree open data on AWS, 2t surface field"
2024-03-14,2024-03-22,8,rumor,ecmwf-ifs-025-00z-aws-open-data,7.009,0,0,1.06,18,0,false,"ECMWF IFS 0.25 degree open data on AWS, 2t surface field"
2024-03-14,2024-03-23,9,rumor,ecmwf-ifs-025-00z-aws-open-data,8.447,0.066,0,1.06,18,0,false,"ECMWF IFS 0.25 degree open data on AWS, 2t surface field"
2024-03-14,2024-03-24,10,rumor,ecmwf-ifs-025-00z-aws-open-data,2.753,0.066,0,1.06,18,0,false,"ECMWF IFS 0.25 degree open data on AWS, 2t surface field"
2024-03-15,2024-03-16,1,selloff,ecmwf-ifs-025-00z-aws-open-data,11.71,0,0,1.06,18,0,false,"ECMWF IFS 0.25 degree open data on AWS, 2t surface field"
2024-03-15,2024-03-17,2,selloff,ecmwf-ifs-025-00z-aws-open-data,11.317,0,0,1.06,18,0,false,"ECMWF IFS 0.25 degree open data on AWS, 2t surface field"
2024-03-15,2024-03-18,3,selloff,ecmwf-ifs-025-00z-aws-open-data,4.22,0,0,1.06,18,0,false,"ECMWF IFS 0.25 degree open data on AWS, 2t surface field"
2024-03-15,2024-03-22,7,rumor,ecmwf-ifs-025-00z-aws-open-data,2.967,0,0,1.06,18,0,false,"ECMWF IFS 0.25 degree open data on AWS, 2t surface field"
2024-03-15,2024-03-23,8,rumor,ecmwf-ifs-025-00z-aws-open-data,2.651,0,0,1.06,18,0,false,"ECMWF IFS 0.25 degree open data on AWS, 2t surface field"
2024-03-15,2024-03-24,9,rumor,ecmwf-ifs-025-00z-aws-open-data,-2.857,0.189,0,1.06,18,0,false,"ECMWF IFS 0.25 degree open data on AWS, 2t surface field"
2024-03-15,2024-03-25,10,rumor,ecmwf-ifs-025-00z-aws-open-data,-1.594,0.16,0,1.06,18,0,false,"ECMWF IFS 0.25 degree open data on AWS, 2t surface field"
2024-03-16,2024-03-17,1,selloff,ecmwf-ifs-025-00z-aws-open-data,10.719,0,0,1.06,18,0,false,"ECMWF IFS 0.25 degree open data on AWS, 2t surface field"
2024-03-16,2024-03-18,2,selloff,ecmwf-ifs-025-00z-aws-open-data,3.493,0,0,1.06,18,0,false,"ECMWF IFS 0.25 degree open data on AWS, 2t surface field"
2024-03-16,2024-03-19,3,selloff,ecmwf-ifs-025-00z-aws-open-data,-2.456,0.151,0,1.06,18,0,false,"ECMWF IFS 0.25 degree open data on AWS, 2t surface field"
2024-03-16,2024-03-23,7,rumor,ecmwf-ifs-025-00z-aws-open-data,-2.835,0.208,0,1.06,18,0,false,"ECMWF IFS 0.25 degree open data on AWS, 2t surface field"
2024-03-16,2024-03-24,8,rumor,ecmwf-ifs-025-00z-aws-open-data,1.241,0.066,0,1.06,18,0,false,"ECMWF IFS 0.25 degree open data on AWS, 2t surface field"
2024-03-16,2024-03-25,9,rumor,ecmwf-ifs-025-00z-aws-open-data,7.223,0,0,1.06,18,0,false,"ECMWF IFS 0.25 degree open data on AWS, 2t surface field"
2024-03-16,2024-03-26,10,rumor,ecmwf-ifs-025-00z-aws-open-data,10.551,0,0,1.06,18,0,false,"ECMWF IFS 0.25 degree open data on AWS, 2t surface field"
2024-03-17,2024-03-18,1,selloff,ecmwf-ifs-025-00z-aws-open-data,3.678,0,0,1.06,18,0,false,"ECMWF IFS 0.25 degree open data on AWS, 2t surface field"
2024-03-17,2024-03-19,2,selloff,ecmwf-ifs-025-00z-aws-open-data,-2.39,0.151,0,1.06,18,0,false,"ECMWF IFS 0.25 degree open data on AWS, 2t surface field"
2024-03-17,2024-03-20,3,selloff,ecmwf-ifs-025-00z-aws-open-data,2.936,0,0,1.06,18,0,false,"ECMWF IFS 0.25 degree open data on AWS, 2t surface field"
2024-03-17,2024-03-24,7,rumor,ecmwf-ifs-025-00z-aws-open-data,7.059,0,0,1.06,18,0,false,"ECMWF IFS 0.25 degree open data on AWS, 2t surface field"
2024-03-17,2024-03-25,8,rumor,ecmwf-ifs-025-00z-aws-open-data,11.427,0,0,1.06,18,0,false,"ECMWF IFS 0.25 degree open data on AWS, 2t surface field"
2024-03-17,2024-03-26,9,rumor,ecmwf-ifs-025-00z-aws-open-data,8.746,0.038,0,1.06,18,0,false,"ECMWF IFS 0.25 degree open data on AWS, 2t surface field"
2024-03-17,2024-03-27,10,rumor,ecmwf-ifs-025-00z-aws-open-data,9.152,0,0,1.06,18,0,false,"ECMWF IFS 0.25 degree open data on AWS, 2t surface field"
2024-03-18,2024-03-19,1,selloff,ecmwf-ifs-025-00z-aws-open-data,-3.02,0.198,0,1.06,18,0,false,"ECMWF IFS 0.25 degree open data on AWS, 2t surface field"
2024-03-18,2024-03-20,2,selloff,ecmwf-ifs-025-00z-aws-open-data,2.951,0,0,1.06,18,0,false,"ECMWF IFS 0.25 degree open data on AWS, 2t surface field"
2024-03-18,2024-03-21,3,selloff,ecmwf-ifs-025-00z-aws-open-data,2.312,0,0,1.06,18,0,false,"ECMWF IFS 0.25 degree open data on AWS, 2t surface field"
2024-03-18,2024-03-25,7,rumor,ecmwf-ifs-025-00z-aws-open-data,7.332,0,0,1.06,18,0,false,"ECMWF IFS 0.25 degree open data on AWS, 2t surface field"
2024-03-18,2024-03-26,8,rumor,ecmwf-ifs-025-00z-aws-open-data,7.078,0,0,1.06,18,0,false,"ECMWF IFS 0.25 degree open data on AWS, 2t surface field"
2024-03-18,2024-03-27,9,rumor,ecmwf-ifs-025-00z-aws-open-data,4.04,0.104,1,1.06,18,0,false,"ECMWF IFS 0.25 degree open data on AWS, 2t surface field"
2024-03-18,2024-03-28,10,rumor,ecmwf-ifs-025-00z-aws-open-data,2.62,0.104,0,1.06,18,0,false,"ECMWF IFS 0.25 degree open data on AWS, 2t surface field"
2024-03-19,2024-03-20,1,selloff,ecmwf-ifs-025-00z-aws-open-data,3.513,0,0,1.06,18,0,false,"ECMWF IFS 0.25 degree open data on AWS, 2t surface field"
2024-03-19,2024-03-21,2,selloff,ecmwf-ifs-025-00z-aws-open-data,2.224,0,0,1.06,18,0,false,"ECMWF IFS 0.25 degree open data on AWS, 2t surface field"
2024-03-19,2024-03-22,3,selloff,ecmwf-ifs-025-00z-aws-open-data,-0.915,0,0,1.06,18,0,false,"ECMWF IFS 0.25 degree open data on AWS, 2t surface field"
2024-03-19,2024-03-26,7,rumor,ecmwf-ifs-025-00z-aws-open-data,4.88,0.038,0,1.06,18,0,false,"ECMWF IFS 0.25 degree open data on AWS, 2t surface field"
2024-03-19,2024-03-27,8,rumor,ecmwf-ifs-025-00z-aws-open-data,1.56,0.066,0,1.06,18,0,false,"ECMWF IFS 0.25 degree open data on AWS, 2t surface field"
2024-03-19,2024-03-28,9,rumor,ecmwf-ifs-025-00z-aws-open-data,3.36,0.066,0,1.06,18,0,false,"ECMWF IFS 0.25 degree open data on AWS, 2t surface field"
2024-03-19,2024-03-29,10,rumor,ecmwf-ifs-025-00z-aws-open-data,-3.64,0.047,0,1.06,18,0,false,"ECMWF IFS 0.25 degree open data on AWS, 2t surface field"
2024-03-20,2024-03-21,1,selloff,ecmwf-ifs-025-00z-aws-open-data,1.926,0,0,1.06,18,0,false,"ECMWF IFS 0.25 degree open data on AWS, 2t surface field"
2024-03-20,2024-03-22,2,selloff,ecmwf-ifs-025-00z-aws-open-data,-0.772,0.047,0,1.06,18,0,false,"ECMWF IFS 0.25 degree open data on AWS, 2t surface field"
2024-03-20,2024-03-23,3,selloff,ecmwf-ifs-025-00z-aws-open-data,1.972,0,0,1.06,18,0,false,"ECMWF IFS 0.25 degree open data on AWS, 2t surface field"
2024-03-20,2024-03-27,7,rumor,ecmwf-ifs-025-00z-aws-open-data,0.903,0,0,1.06,18,0,false,"ECMWF IFS 0.25 degree open data on AWS, 2t surface field"
2024-03-20,2024-03-28,8,rumor,ecmwf-ifs-025-00z-aws-open-data,3.526,0,0,1.06,18,0,false,"ECMWF IFS 0.25 degree open data on AWS, 2t surface field"
2024-03-20,2024-03-29,9,rumor,ecmwf-ifs-025-00z-aws-open-data,3.644,0,0,1.06,18,0,false,"ECMWF IFS 0.25 degree open data on AWS, 2t surface field"
2024-03-20,2024-03-30,10,rumor,ecmwf-ifs-025-00z-aws-open-data,3.226,0,0,1.06,18,0,false,"ECMWF IFS 0.25 degree open data on AWS, 2t surface field"
2024-03-21,2024-03-22,1,selloff,ecmwf-ifs-025-00z-aws-open-data,0.003,0,0,1.06,18,0,false,"ECMWF IFS 0.25 degree open data on AWS, 2t surface field"
2024-03-21,2024-03-23,2,selloff,ecmwf-ifs-025-00z-aws-open-data,1.793,0,0,1.06,18,0,false,"ECMWF IFS 0.25 degree open data on AWS, 2t surface field"
2024-03-21,2024-03-24,3,selloff,ecmwf-ifs-025-00z-aws-open-data,-1.19,0.085,0,1.06,18,0,false,"ECMWF IFS 0.25 degree open data on AWS, 2t surface field"
2024-03-21,2024-03-28,7,rumor,ecmwf-ifs-025-00z-aws-open-data,0.296,0.066,0,1.06,18,0,false,"ECMWF IFS 0.25 degree open data on AWS, 2t surface field"
2024-03-21,2024-03-29,8,rumor,ecmwf-ifs-025-00z-aws-open-data,0.738,0.038,0,1.06,18,0,false,"ECMWF IFS 0.25 degree open data on AWS, 2t surface field"
2024-03-21,2024-03-30,9,rumor,ecmwf-ifs-025-00z-aws-open-data,6.328,0,0,1.06,18,0,false,"ECMWF IFS 0.25 degree open data on AWS, 2t surface field"
2024-03-21,2024-03-31,10,rumor,ecmwf-ifs-025-00z-aws-open-data,6.208,0,0,1.06,18,0,false,"ECMWF IFS 0.25 degree open data on AWS, 2t surface field"
2024-03-22,2024-03-23,1,selloff,ecmwf-ifs-025-00z-aws-open-data,1.108,0.066,0,1.06,18,0,false,"ECMWF IFS 0.25 degree open data on AWS, 2t surface field"
2024-03-22,2024-03-24,2,selloff,ecmwf-ifs-025-00z-aws-open-data,-0.66,0.142,0,1.06,18,0,false,"ECMWF IFS 0.25 degree open data on AWS, 2t surface field"
2024-03-22,2024-03-25,3,selloff,ecmwf-ifs-025-00z-aws-open-data,-0.072,0,0,1.06,18,0,false,"ECMWF IFS 0.25 degree open data on AWS, 2t surface field"
2024-03-22,2024-03-29,7,rumor,ecmwf-ifs-025-00z-aws-open-data,2.459,0.066,0,1.06,18,0,false,"ECMWF IFS 0.25 degree open data on AWS, 2t surface field"
2024-03-22,2024-03-30,8,rumor,ecmwf-ifs-025-00z-aws-open-data,3.178,0,0,1.06,18,0,false,"ECMWF IFS 0.25 degree open data on AWS, 2t surface field"
2024-03-22,2024-03-31,9,rumor,ecmwf-ifs-025-00z-aws-open-data,6.282,0,0,1.06,18,0,false,"ECMWF IFS 0.25 degree open data on AWS, 2t surface field"
2024-03-23,2024-03-24,1,selloff,ecmwf-ifs-025-00z-aws-open-data,-0.986,0.085,0,1.06,18,0,false,"ECMWF IFS 0.25 degree open data on AWS, 2t surface field"
2024-03-23,2024-03-25,2,selloff,ecmwf-ifs-025-00z-aws-open-data,0.968,0,0,1.06,18,0,false,"ECMWF IFS 0.25 degree open data on AWS, 2t surface field"
2024-03-23,2024-03-26,3,selloff,ecmwf-ifs-025-00z-aws-open-data,5.386,0,0,1.06,18,0,false,"ECMWF IFS 0.25 degree open data on AWS, 2t surface field"
2024-03-23,2024-03-30,7,rumor,ecmwf-ifs-025-00z-aws-open-data,5.925,0,0,1.06,18,0,false,"ECMWF IFS 0.25 degree open data on AWS, 2t surface field"
2024-03-23,2024-03-31,8,rumor,ecmwf-ifs-025-00z-aws-open-data,8.831,0,0,1.06,18,0,false,"ECMWF IFS 0.25 degree open data on AWS, 2t surface field"
2024-03-24,2024-03-25,1,selloff,ecmwf-ifs-025-00z-aws-open-data,0.73,0,0,1.06,18,0,false,"ECMWF IFS 0.25 degree open data on AWS, 2t surface field"
2024-03-24,2024-03-26,2,selloff,ecmwf-ifs-025-00z-aws-open-data,5.811,0,0,1.06,18,0,false,"ECMWF IFS 0.25 degree open data on AWS, 2t surface field"
2024-03-24,2024-03-27,3,selloff,ecmwf-ifs-025-00z-aws-open-data,2.818,0.066,0,1.06,18,0,false,"ECMWF IFS 0.25 degree open data on AWS, 2t surface field"
2024-03-24,2024-03-31,7,rumor,ecmwf-ifs-025-00z-aws-open-data,5.53,0,0,1.06,18,0,false,"ECMWF IFS 0.25 degree open data on AWS, 2t surface field"
2024-03-25,2024-03-26,1,selloff,ecmwf-ifs-025-00z-aws-open-data,6.303,0,0,1.06,18,0,false,"ECMWF IFS 0.25 degree open data on AWS, 2t surface field"
2024-03-25,2024-03-27,2,selloff,ecmwf-ifs-025-00z-aws-open-data,2.888,0.066,0,1.06,18,0,false,"ECMWF IFS 0.25 degree open data on AWS, 2t surface field"
2024-03-25,2024-03-28,3,selloff,ecmwf-ifs-025-00z-aws-open-data,1.978,0.066,1,1.06,18,0,false,"ECMWF IFS 0.25 degree open data on AWS, 2t surface field"
2024-03-26,2024-03-27,1,selloff,ecmwf-ifs-025-00z-aws-open-data,1.991,0.066,1,1.06,18,0,false,"ECMWF IFS 0.25 degree open data on AWS, 2t surface field"
2024-03-26,2024-03-28,2,selloff,ecmwf-ifs-025-00z-aws-open-data,1.325,0.066,1,1.06,18,0,false,"ECMWF IFS 0.25 degree open data on AWS, 2t surface field"
2024-03-26,2024-03-29,3,selloff,ecmwf-ifs-025-00z-aws-open-data,2.419,0.104,0,1.06,18,0,false,"ECMWF IFS 0.25 degree open data on AWS, 2t surface field"
2024-03-27,2024-03-28,1,selloff,ecmwf-ifs-025-00z-aws-open-data,-0.534,0.066,1,1.06,18,0,false,"ECMWF IFS 0.25 degree open data on AWS, 2t surface field"
2024-03-27,2024-03-29,2,selloff,ecmwf-ifs-025-00z-aws-open-data,1.467,0.066,0,1.06,18,0,false,"ECMWF IFS 0.25 degree open data on AWS, 2t surface field"
2024-03-27,2024-03-30,3,selloff,ecmwf-ifs-025-00z-aws-open-data,4.432,0,0,1.06,18,0,false,"ECMWF IFS 0.25 degree open data on AWS, 2t surface field"
2024-03-28,2024-03-29,1,selloff,ecmwf-ifs-025-00z-aws-open-data,1.45,0.066,0,1.06,18,0,false,"ECMWF IFS 0.25 degree open data on AWS, 2t surface field"
2024-03-28,2024-03-30,2,selloff,ecmwf-ifs-025-00z-aws-open-data,4.521,0,0,1.06,18,0,false,"ECMWF IFS 0.25 degree open data on AWS, 2t surface field"
2024-03-28,2024-03-31,3,selloff,ecmwf-ifs-025-00z-aws-open-data,6.636,0,0,1.06,18,0,false,"ECMWF IFS 0.25 degree open data on AWS, 2t surface field"
2024-03-29,2024-03-30,1,selloff,ecmwf-ifs-025-00z-aws-open-data,4.167,0,0,1.06,18,0,false,"ECMWF IFS 0.25 degree open data on AWS, 2t surface field"
2024-03-29,2024-03-31,2,selloff,ecmwf-ifs-025-00z-aws-open-data,6.587,0,0,1.06,18,0,false,"ECMWF IFS 0.25 degree open data on AWS, 2t surface field"
2024-03-30,2024-03-31,1,selloff,ecmwf-ifs-025-00z-aws-open-data,7.032,0,0,1.06,18,0,false,"ECMWF IFS 0.25 degree open data on AWS, 2t surface field"
2024-10-22,2024-11-01,10,rumor,ecmwf-ifs-025-00z-aws-open-data,8.653,0,0,1.06,18,0,false,"ECMWF IFS 0.25 degree open data on AWS, 2t surface field"
2024-10-23,2024-11-01,9,rumor,ecmwf-ifs-025-00z-aws-open-data,10.93,0,0,1.06,18,0,false,"ECMWF IFS 0.25 degree open data on AWS, 2t surface field"
2024-10-23,2024-11-02,10,rumor,ecmwf-ifs-025-00z-aws-open-data,9.735,0,0,1.06,18,0,false,"ECMWF IFS 0.25 degree open data on AWS, 2t surface field"
2024-10-24,2024-11-01,8,rumor,ecmwf-ifs-025-00z-aws-open-data,11.292,0,0,1.06,18,0,false,"ECMWF IFS 0.25 degree open data on AWS, 2t surface field"
2024-10-24,2024-11-02,9,rumor,ecmwf-ifs-025-00z-aws-open-data,14.168,0,0,1.06,18,0,false,"ECMWF IFS 0.25 degree open data on AWS, 2t surface field"
2024-10-24,2024-11-03,10,rumor,ecmwf-ifs-025-00z-aws-open-data,9.188,0,0,1.06,18,0,false,"ECMWF IFS 0.25 degree open data on AWS, 2t surface field"
2024-10-25,2024-11-01,7,rumor,ecmwf-ifs-025-00z-aws-open-data,11.612,0,0,1.06,18,0,false,"ECMWF IFS 0.25 degree open data on AWS, 2t surface field"
2024-10-25,2024-11-02,8,rumor,ecmwf-ifs-025-00z-aws-open-data,9.245,0,0,1.06,18,0,false,"ECMWF IFS 0.25 degree open data on AWS, 2t surface field"
2024-10-25,2024-11-03,9,rumor,ecmwf-ifs-025-00z-aws-open-data,9.657,0,0,1.06,18,0,false,"ECMWF IFS 0.25 degree open data on AWS, 2t surface field"
2024-10-25,2024-11-04,10,rumor,ecmwf-ifs-025-00z-aws-open-data,7.991,0,0,1.06,18,0,false,"ECMWF IFS 0.25 degree open data on AWS, 2t surface field"
2024-10-26,2024-11-02,7,rumor,ecmwf-ifs-025-00z-aws-open-data,5.263,0,0,1.06,18,0,false,"ECMWF IFS 0.25 degree open data on AWS, 2t surface field"
2024-10-26,2024-11-03,8,rumor,ecmwf-ifs-025-00z-aws-open-data,6.374,0,0,1.06,18,0,false,"ECMWF IFS 0.25 degree open data on AWS, 2t surface field"
2024-10-26,2024-11-04,9,rumor,ecmwf-ifs-025-00z-aws-open-data,10.719,0,0,1.06,18,0,false,"ECMWF IFS 0.25 degree open data on AWS, 2t surface field"
2024-10-26,2024-11-05,10,rumor,ecmwf-ifs-025-00z-aws-open-data,9.821,0,0,1.06,18,0,false,"ECMWF IFS 0.25 degree open data on AWS, 2t surface field"
2024-10-27,2024-11-03,7,rumor,ecmwf-ifs-025-00z-aws-open-data,7.476,0,0,1.06,18,0,false,"ECMWF IFS 0.25 degree open data on AWS, 2t surface field"
2024-10-27,2024-11-04,8,rumor,ecmwf-ifs-025-00z-aws-open-data,13.425,0,0,1.06,18,0,false,"ECMWF IFS 0.25 degree open data on AWS, 2t surface field"
2024-10-27,2024-11-05,9,rumor,ecmwf-ifs-025-00z-aws-open-data,15.463,0,0,1.06,18,0,false,"ECMWF IFS 0.25 degree open data on AWS, 2t surface field"
2024-10-27,2024-11-06,10,rumor,ecmwf-ifs-025-00z-aws-open-data,13.927,0,0,1.06,18,0,false,"ECMWF IFS 0.25 degree open data on AWS, 2t surface field"
2024-10-28,2024-11-04,7,rumor,ecmwf-ifs-025-00z-aws-open-data,9.609,0,0,1.06,18,0,false,"ECMWF IFS 0.25 degree open data on AWS, 2t surface field"
2024-10-28,2024-11-05,8,rumor,ecmwf-ifs-025-00z-aws-open-data,12.902,0,0,1.06,18,0,false,"ECMWF IFS 0.25 degree open data on AWS, 2t surface field"
2024-10-28,2024-11-06,9,rumor,ecmwf-ifs-025-00z-aws-open-data,12.775,0,0,1.06,18,0,false,"ECMWF IFS 0.25 degree open data on AWS, 2t surface field"
2024-10-28,2024-11-07,10,rumor,ecmwf-ifs-025-00z-aws-open-data,15.652,0,0,1.06,18,0,false,"ECMWF IFS 0.25 degree open data on AWS, 2t surface field"
2024-10-29,2024-11-01,3,selloff,ecmwf-ifs-025-00z-aws-open-data,12.114,0,0,1.06,18,0,false,"ECMWF IFS 0.25 degree open data on AWS, 2t surface field"
2024-10-29,2024-11-05,7,rumor,ecmwf-ifs-025-00z-aws-open-data,13.136,0,0,1.06,18,0,false,"ECMWF IFS 0.25 degree open data on AWS, 2t surface field"
2024-10-29,2024-11-06,8,rumor,ecmwf-ifs-025-00z-aws-open-data,16.152,0,0,1.06,18,0,false,"ECMWF IFS 0.25 degree open data on AWS, 2t surface field"
2024-10-29,2024-11-07,9,rumor,ecmwf-ifs-025-00z-aws-open-data,16.678,0,0,1.06,18,0,false,"ECMWF IFS 0.25 degree open data on AWS, 2t surface field"
2024-10-29,2024-11-08,10,rumor,ecmwf-ifs-025-00z-aws-open-data,13.017,0,0,1.06,18,0,false,"ECMWF IFS 0.25 degree open data on AWS, 2t surface field"
2024-10-30,2024-11-01,2,selloff,ecmwf-ifs-025-00z-aws-open-data,12.791,0,0,1.06,18,0,false,"ECMWF IFS 0.25 degree open data on AWS, 2t surface field"
2024-10-30,2024-11-02,3,selloff,ecmwf-ifs-025-00z-aws-open-data,8.915,0,0,1.06,18,0,false,"ECMWF IFS 0.25 degree open data on AWS, 2t surface field"
2024-10-30,2024-11-06,7,rumor,ecmwf-ifs-025-00z-aws-open-data,15.367,0,0,1.06,18,0,false,"ECMWF IFS 0.25 degree open data on AWS, 2t surface field"
2024-10-30,2024-11-07,8,rumor,ecmwf-ifs-025-00z-aws-open-data,14.757,0,0,1.06,18,0,false,"ECMWF IFS 0.25 degree open data on AWS, 2t surface field"
2024-10-30,2024-11-08,9,rumor,ecmwf-ifs-025-00z-aws-open-data,10.486,0,0,1.06,18,0,false,"ECMWF IFS 0.25 degree open data on AWS, 2t surface field"
2024-10-30,2024-11-09,10,rumor,ecmwf-ifs-025-00z-aws-open-data,1.951,0,0,1.06,18,0,false,"ECMWF IFS 0.25 degree open data on AWS, 2t surface field"
2024-10-31,2024-11-01,1,selloff,ecmwf-ifs-025-00z-aws-open-data,12.604,0,0,1.06,18,0,false,"ECMWF IFS 0.25 degree open data on AWS, 2t surface field"
2024-10-31,2024-11-02,2,selloff,ecmwf-ifs-025-00z-aws-open-data,8.975,0,0,1.06,18,0,false,"ECMWF IFS 0.25 degree open data on AWS, 2t surface field"
2024-10-31,2024-11-03,3,selloff,ecmwf-ifs-025-00z-aws-open-data,7.76,0,0,1.06,18,0,false,"ECMWF IFS 0.25 degree open data on AWS, 2t surface field"
2024-10-31,2024-11-07,7,rumor,ecmwf-ifs-025-00z-aws-open-data,14.712,0,0,1.06,18,0,false,"ECMWF IFS 0.25 degree open data on AWS, 2t surface field"
2024-10-31,2024-11-08,8,rumor,ecmwf-ifs-025-00z-aws-open-data,11.864,0,0,1.06,18,0,false,"ECMWF IFS 0.25 degree open data on AWS, 2t surface field"
2024-10-31,2024-11-09,9,rumor,ecmwf-ifs-025-00z-aws-open-data,8.802,0,0,1.06,18,0,false,"ECMWF IFS 0.25 degree open data on AWS, 2t surface field"
2024-10-31,2024-11-10,10,rumor,ecmwf-ifs-025-00z-aws-open-data,0.786,0.104,0,1.06,18,0,false,"ECMWF IFS 0.25 degree open data on AWS, 2t surface field"
2024-11-01,2024-11-02,1,selloff,ecmwf-ifs-025-00z-aws-open-data,8.269,0,0,1.06,18,0,false,"ECMWF IFS 0.25 degree open data on AWS, 2t surface field"
2024-11-01,2024-11-03,2,selloff,ecmwf-ifs-025-00z-aws-open-data,7.171,0,0,1.06,18,0,false,"ECMWF IFS 0.25 degree open data on AWS, 2t surface field"
2024-11-01,2024-11-04,3,selloff,ecmwf-ifs-025-00z-aws-open-data,9.73,0,0,1.06,18,0,false,"ECMWF IFS 0.25 degree open data on AWS, 2t surface field"
2024-11-01,2024-11-08,7,rumor,ecmwf-ifs-025-00z-aws-open-data,14.932,0,0,1.06,18,0,false,"ECMWF IFS 0.25 degree open data on AWS, 2t surface field"
2024-11-01,2024-11-09,8,rumor,ecmwf-ifs-025-00z-aws-open-data,11.842,0,0,1.06,18,0,false,"ECMWF IFS 0.25 degree open data on AWS, 2t surface field"
2024-11-01,2024-11-10,9,rumor,ecmwf-ifs-025-00z-aws-open-data,5.522,0,0,1.06,18,0,false,"ECMWF IFS 0.25 degree open data on AWS, 2t surface field"
2024-11-01,2024-11-11,10,rumor,ecmwf-ifs-025-00z-aws-open-data,5.625,0,0,1.06,18,0,false,"ECMWF IFS 0.25 degree open data on AWS, 2t surface field"
2024-11-02,2024-11-03,1,selloff,ecmwf-ifs-025-00z-aws-open-data,6.938,0,0,1.06,18,0,false,"ECMWF IFS 0.25 degree open data on AWS, 2t surface field"
2024-11-02,2024-11-04,2,selloff,ecmwf-ifs-025-00z-aws-open-data,8.972,0,0,1.06,18,0,false,"ECMWF IFS 0.25 degree open data on AWS, 2t surface field"
2024-11-02,2024-11-05,3,selloff,ecmwf-ifs-025-00z-aws-open-data,11.484,0,0,1.06,18,0,false,"ECMWF IFS 0.25 degree open data on AWS, 2t surface field"
2024-11-02,2024-11-09,7,rumor,ecmwf-ifs-025-00z-aws-open-data,12.567,0,0,1.06,18,0,false,"ECMWF IFS 0.25 degree open data on AWS, 2t surface field"
2024-11-02,2024-11-10,8,rumor,ecmwf-ifs-025-00z-aws-open-data,10.635,0,0,1.06,18,0,false,"ECMWF IFS 0.25 degree open data on AWS, 2t surface field"
2024-11-02,2024-11-11,9,rumor,ecmwf-ifs-025-00z-aws-open-data,14.654,0,0,1.06,18,0,false,"ECMWF IFS 0.25 degree open data on AWS, 2t surface field"
2024-11-02,2024-11-12,10,rumor,ecmwf-ifs-025-00z-aws-open-data,12.259,0,0,1.06,18,0,false,"ECMWF IFS 0.25 degree open data on AWS, 2t surface field"
2024-11-03,2024-11-04,1,selloff,ecmwf-ifs-025-00z-aws-open-data,9.413,0,0,1.06,18,0,false,"ECMWF IFS 0.25 degree open data on AWS, 2t surface field"
2024-11-03,2024-11-05,2,selloff,ecmwf-ifs-025-00z-aws-open-data,12.097,0,0,1.06,18,0,false,"ECMWF IFS 0.25 degree open data on AWS, 2t surface field"
2024-11-03,2024-11-06,3,selloff,ecmwf-ifs-025-00z-aws-open-data,14.733,0,0,1.06,18,0,false,"ECMWF IFS 0.25 degree open data on AWS, 2t surface field"
2024-11-03,2024-11-10,7,rumor,ecmwf-ifs-025-00z-aws-open-data,10.383,0,0,1.06,18,0,false,"ECMWF IFS 0.25 degree open data on AWS, 2t surface field"
2024-11-03,2024-11-11,8,rumor,ecmwf-ifs-025-00z-aws-open-data,16.025,0,0,1.06,18,0,false,"ECMWF IFS 0.25 degree open data on AWS, 2t surface field"
2024-11-03,2024-11-12,9,rumor,ecmwf-ifs-025-00z-aws-open-data,11.133,0,0,1.06,18,0,false,"ECMWF IFS 0.25 degree open data on AWS, 2t surface field"
2024-11-03,2024-11-13,10,rumor,ecmwf-ifs-025-00z-aws-open-data,7.448,0,0,1.06,18,0,false,"ECMWF IFS 0.25 degree open data on AWS, 2t surface field"
2024-11-04,2024-11-05,1,selloff,ecmwf-ifs-025-00z-aws-open-data,12.411,0,0,1.06,18,0,false,"ECMWF IFS 0.25 degree open data on AWS, 2t surface field"
2024-11-04,2024-11-06,2,selloff,ecmwf-ifs-025-00z-aws-open-data,14.9,0,0,1.06,18,0,false,"ECMWF IFS 0.25 degree open data on AWS, 2t surface field"
2024-11-04,2024-11-07,3,selloff,ecmwf-ifs-025-00z-aws-open-data,13.699,0,0,1.06,18,0,false,"ECMWF IFS 0.25 degree open data on AWS, 2t surface field"
2024-11-04,2024-11-11,7,rumor,ecmwf-ifs-025-00z-aws-open-data,14.391,0,0,1.06,18,0,false,"ECMWF IFS 0.25 degree open data on AWS, 2t surface field"
2024-11-04,2024-11-12,8,rumor,ecmwf-ifs-025-00z-aws-open-data,16.149,0,0,1.06,18,0,false,"ECMWF IFS 0.25 degree open data on AWS, 2t surface field"
2024-11-04,2024-11-13,9,rumor,ecmwf-ifs-025-00z-aws-open-data,16.613,0,0,1.06,18,0,false,"ECMWF IFS 0.25 degree open data on AWS, 2t surface field"
2024-11-04,2024-11-14,10,rumor,ecmwf-ifs-025-00z-aws-open-data,14.307,0,0,1.06,18,0,false,"ECMWF IFS 0.25 degree open data on AWS, 2t surface field"
2024-11-05,2024-11-06,1,selloff,ecmwf-ifs-025-00z-aws-open-data,15.247,0,0,1.06,18,0,false,"ECMWF IFS 0.25 degree open data on AWS, 2t surface field"
2024-11-05,2024-11-07,2,selloff,ecmwf-ifs-025-00z-aws-open-data,15.324,0,0,1.06,18,0,false,"ECMWF IFS 0.25 degree open data on AWS, 2t surface field"
2024-11-05,2024-11-08,3,selloff,ecmwf-ifs-025-00z-aws-open-data,11.215,0,0,1.06,18,0,false,"ECMWF IFS 0.25 degree open data on AWS, 2t surface field"
2024-11-05,2024-11-12,7,rumor,ecmwf-ifs-025-00z-aws-open-data,14.256,0,0,1.06,18,0,false,"ECMWF IFS 0.25 degree open data on AWS, 2t surface field"
2024-11-05,2024-11-13,8,rumor,ecmwf-ifs-025-00z-aws-open-data,14.789,0,0,1.06,18,0,false,"ECMWF IFS 0.25 degree open data on AWS, 2t surface field"
2024-11-05,2024-11-14,9,rumor,ecmwf-ifs-025-00z-aws-open-data,9.182,0,0,1.06,18,0,false,"ECMWF IFS 0.25 degree open data on AWS, 2t surface field"
2024-11-05,2024-11-15,10,rumor,ecmwf-ifs-025-00z-aws-open-data,-1.795,0,0,1.06,18,0,false,"ECMWF IFS 0.25 degree open data on AWS, 2t surface field"
2024-11-06,2024-11-07,1,selloff,ecmwf-ifs-025-00z-aws-open-data,15.248,0,0,1.06,18,0,false,"ECMWF IFS 0.25 degree open data on AWS, 2t surface field"
2024-11-06,2024-11-08,2,selloff,ecmwf-ifs-025-00z-aws-open-data,12.069,0,0,1.06,18,0,false,"ECMWF IFS 0.25 degree open data on AWS, 2t surface field"
2024-11-06,2024-11-09,3,selloff,ecmwf-ifs-025-00z-aws-open-data,10.669,0,0,1.06,18,0,false,"ECMWF IFS 0.25 degree open data on AWS, 2t surface field"
2024-11-06,2024-11-13,7,rumor,ecmwf-ifs-025-00z-aws-open-data,8.751,0,0,1.06,18,0,false,"ECMWF IFS 0.25 degree open data on AWS, 2t surface field"
2024-11-06,2024-11-14,8,rumor,ecmwf-ifs-025-00z-aws-open-data,8.518,0,0,1.06,18,0,false,"ECMWF IFS 0.25 degree open data on AWS, 2t surface field"
2024-11-06,2024-11-15,9,rumor,ecmwf-ifs-025-00z-aws-open-data,7.796,0,0,1.06,18,0,false,"ECMWF IFS 0.25 degree open data on AWS, 2t surface field"
2024-11-06,2024-11-16,10,rumor,ecmwf-ifs-025-00z-aws-open-data,9.541,0,0,1.06,18,0,false,"ECMWF IFS 0.25 degree open data on AWS, 2t surface field"
2024-11-07,2024-11-08,1,selloff,ecmwf-ifs-025-00z-aws-open-data,11.587,0,0,1.06,18,0,false,"ECMWF IFS 0.25 degree open data on AWS, 2t surface field"
2024-11-07,2024-11-09,2,selloff,ecmwf-ifs-025-00z-aws-open-data,10.582,0,0,1.06,18,0,false,"ECMWF IFS 0.25 degree open data on AWS, 2t surface field"
2024-11-07,2024-11-10,3,selloff,ecmwf-ifs-025-00z-aws-open-data,6.462,0,0,1.06,18,0,false,"ECMWF IFS 0.25 degree open data on AWS, 2t surface field"
2024-11-07,2024-11-14,7,rumor,ecmwf-ifs-025-00z-aws-open-data,11.287,0,0,1.06,18,0,false,"ECMWF IFS 0.25 degree open data on AWS, 2t surface field"
2024-11-07,2024-11-15,8,rumor,ecmwf-ifs-025-00z-aws-open-data,8.871,0,0,1.06,18,0,false,"ECMWF IFS 0.25 degree open data on AWS, 2t surface field"
2024-11-07,2024-11-16,9,rumor,ecmwf-ifs-025-00z-aws-open-data,6.202,0,0,1.06,18,0,false,"ECMWF IFS 0.25 degree open data on AWS, 2t surface field"
2024-11-07,2024-11-17,10,rumor,ecmwf-ifs-025-00z-aws-open-data,6.04,0,0,1.06,18,0,false,"ECMWF IFS 0.25 degree open data on AWS, 2t surface field"
2024-11-08,2024-11-09,1,selloff,ecmwf-ifs-025-00z-aws-open-data,11.222,0,0,1.06,18,0,false,"ECMWF IFS 0.25 degree open data on AWS, 2t surface field"
2024-11-08,2024-11-10,2,selloff,ecmwf-ifs-025-00z-aws-open-data,6.245,0,0,1.06,18,0,false,"ECMWF IFS 0.25 degree open data on AWS, 2t surface field"
2024-11-08,2024-11-11,3,selloff,ecmwf-ifs-025-00z-aws-open-data,11.302,0,0,1.06,18,0,false,"ECMWF IFS 0.25 degree open data on AWS, 2t surface field"
2024-11-08,2024-11-15,7,rumor,ecmwf-ifs-025-00z-aws-open-data,7.142,0,0,1.06,18,0,false,"ECMWF IFS 0.25 degree open data on AWS, 2t surface field"
2024-11-08,2024-11-16,8,rumor,ecmwf-ifs-025-00z-aws-open-data,6.007,0,0,1.06,18,0,false,"ECMWF IFS 0.25 degree open data on AWS, 2t surface field"
2024-11-08,2024-11-17,9,rumor,ecmwf-ifs-025-00z-aws-open-data,8.755,0,0,1.06,18,0,false,"ECMWF IFS 0.25 degree open data on AWS, 2t surface field"
2024-11-08,2024-11-18,10,rumor,ecmwf-ifs-025-00z-aws-open-data,11.431,0,0,1.06,18,0,false,"ECMWF IFS 0.25 degree open data on AWS, 2t surface field"
2024-11-09,2024-11-10,1,selloff,ecmwf-ifs-025-00z-aws-open-data,6.208,0,0,1.06,18,0,false,"ECMWF IFS 0.25 degree open data on AWS, 2t surface field"
2024-11-09,2024-11-11,2,selloff,ecmwf-ifs-025-00z-aws-open-data,11.443,0,0,1.06,18,0,false,"ECMWF IFS 0.25 degree open data on AWS, 2t surface field"
2024-11-09,2024-11-12,3,selloff,ecmwf-ifs-025-00z-aws-open-data,10.453,0,0,1.06,18,0,false,"ECMWF IFS 0.25 degree open data on AWS, 2t surface field"
2024-11-09,2024-11-16,7,rumor,ecmwf-ifs-025-00z-aws-open-data,6.026,0,0,1.06,18,0,false,"ECMWF IFS 0.25 degree open data on AWS, 2t surface field"
2024-11-09,2024-11-17,8,rumor,ecmwf-ifs-025-00z-aws-open-data,7.927,0,0,1.06,18,0,false,"ECMWF IFS 0.25 degree open data on AWS, 2t surface field"
2024-11-09,2024-11-18,9,rumor,ecmwf-ifs-025-00z-aws-open-data,10.4,0,0,1.06,18,0,false,"ECMWF IFS 0.25 degree open data on AWS, 2t surface field"
2024-11-09,2024-11-19,10,rumor,ecmwf-ifs-025-00z-aws-open-data,12.266,0,0,1.06,18,0,false,"ECMWF IFS 0.25 degree open data on AWS, 2t surface field"
2024-11-10,2024-11-11,1,selloff,ecmwf-ifs-025-00z-aws-open-data,12.067,0,0,1.06,18,0,false,"ECMWF IFS 0.25 degree open data on AWS, 2t surface field"
2024-11-10,2024-11-12,2,selloff,ecmwf-ifs-025-00z-aws-open-data,10.167,0,0,1.06,18,0,false,"ECMWF IFS 0.25 degree open data on AWS, 2t surface field"
2024-11-10,2024-11-13,3,selloff,ecmwf-ifs-025-00z-aws-open-data,4.504,0,0,1.06,18,0,false,"ECMWF IFS 0.25 degree open data on AWS, 2t surface field"
2024-11-10,2024-11-17,7,rumor,ecmwf-ifs-025-00z-aws-open-data,8.891,0,0,1.06,18,0,false,"ECMWF IFS 0.25 degree open data on AWS, 2t surface field"
2024-11-10,2024-11-18,8,rumor,ecmwf-ifs-025-00z-aws-open-data,9.956,0,0,1.06,18,0,false,"ECMWF IFS 0.25 degree open data on AWS, 2t surface field"
2024-11-10,2024-11-19,9,rumor,ecmwf-ifs-025-00z-aws-open-data,7.633,0,0,1.06,18,0,false,"ECMWF IFS 0.25 degree open data on AWS, 2t surface field"
2024-11-10,2024-11-20,10,rumor,ecmwf-ifs-025-00z-aws-open-data,7.421,0,0,1.06,18,0,false,"ECMWF IFS 0.25 degree open data on AWS, 2t surface field"
2024-11-11,2024-11-12,1,selloff,ecmwf-ifs-025-00z-aws-open-data,10.456,0,0,1.06,18,0,false,"ECMWF IFS 0.25 degree open data on AWS, 2t surface field"
2024-11-11,2024-11-13,2,selloff,ecmwf-ifs-025-00z-aws-open-data,4.991,0,0,1.06,18,0,false,"ECMWF IFS 0.25 degree open data on AWS, 2t surface field"
2024-11-11,2024-11-14,3,selloff,ecmwf-ifs-025-00z-aws-open-data,4.548,0,0,1.06,18,0,false,"ECMWF IFS 0.25 degree open data on AWS, 2t surface field"
2024-11-11,2024-11-18,7,rumor,ecmwf-ifs-025-00z-aws-open-data,10.336,0,0,1.06,18,0,false,"ECMWF IFS 0.25 degree open data on AWS, 2t surface field"
2024-11-11,2024-11-19,8,rumor,ecmwf-ifs-025-00z-aws-open-data,8.346,0,0,1.06,18,0,false,"ECMWF IFS 0.25 degree open data on AWS, 2t surface field"
2024-11-11,2024-11-20,9,rumor,ecmwf-ifs-025-00z-aws-open-data,8.492,0,0,1.06,18,0,false,"ECMWF IFS 0.25 degree open data on AWS, 2t surface field"
2024-11-11,2024-11-21,10,rumor,ecmwf-ifs-025-00z-aws-open-data,8.023,0,0,1.06,18,0,false,"ECMWF IFS 0.25 degree open data on AWS, 2t surface field"
2024-11-12,2024-11-13,1,selloff,ecmwf-ifs-025-00z-aws-open-data,5.391,0,0,1.06,18,0,false,"ECMWF IFS 0.25 degree open data on AWS, 2t surface field"
2024-11-12,2024-11-14,2,selloff,ecmwf-ifs-025-00z-aws-open-data,4.591,0,0,1.06,18,0,false,"ECMWF IFS 0.25 degree open data on AWS, 2t surface field"
2024-11-12,2024-11-15,3,selloff,ecmwf-ifs-025-00z-aws-open-data,3.395,0,0,1.06,18,0,false,"ECMWF IFS 0.25 degree open data on AWS, 2t surface field"
2024-11-12,2024-11-19,7,rumor,ecmwf-ifs-025-00z-aws-open-data,8.928,0,0,1.06,18,0,false,"ECMWF IFS 0.25 degree open data on AWS, 2t surface field"
2024-11-12,2024-11-20,8,rumor,ecmwf-ifs-025-00z-aws-open-data,9.383,0,0,1.06,18,0,false,"ECMWF IFS 0.25 degree open data on AWS, 2t surface field"
2024-11-12,2024-11-21,9,rumor,ecmwf-ifs-025-00z-aws-open-data,8.068,0,0,1.06,18,0,false,"ECMWF IFS 0.25 degree open data on AWS, 2t surface field"
2024-11-12,2024-11-22,10,rumor,ecmwf-ifs-025-00z-aws-open-data,7.833,0,0,1.06,18,0,false,"ECMWF IFS 0.25 degree open data on AWS, 2t surface field"
2024-11-13,2024-11-14,1,selloff,ecmwf-ifs-025-00z-aws-open-data,5.273,0,0,1.06,18,0,false,"ECMWF IFS 0.25 degree open data on AWS, 2t surface field"
2024-11-13,2024-11-15,2,selloff,ecmwf-ifs-025-00z-aws-open-data,4.527,0,0,1.06,18,0,false,"ECMWF IFS 0.25 degree open data on AWS, 2t surface field"
2024-11-13,2024-11-16,3,selloff,ecmwf-ifs-025-00z-aws-open-data,6.519,0,0,1.06,18,0,false,"ECMWF IFS 0.25 degree open data on AWS, 2t surface field"
2024-11-13,2024-11-20,7,rumor,ecmwf-ifs-025-00z-aws-open-data,12.468,0,0,1.06,18,0,false,"ECMWF IFS 0.25 degree open data on AWS, 2t surface field"
2024-11-13,2024-11-21,8,rumor,ecmwf-ifs-025-00z-aws-open-data,9.426,0,0,1.06,18,0,false,"ECMWF IFS 0.25 degree open data on AWS, 2t surface field"
2024-11-13,2024-11-22,9,rumor,ecmwf-ifs-025-00z-aws-open-data,4.492,0.094,0,1.06,18,0,false,"ECMWF IFS 0.25 degree open data on AWS, 2t surface field"
2024-11-13,2024-11-23,10,rumor,ecmwf-ifs-025-00z-aws-open-data,2.451,0.047,0,1.06,18,0,false,"ECMWF IFS 0.25 degree open data on AWS, 2t surface field"
2024-11-14,2024-11-15,1,selloff,ecmwf-ifs-025-00z-aws-open-data,4.601,0,0,1.06,18,0,false,"ECMWF IFS 0.25 degree open data on AWS, 2t surface field"
2024-11-14,2024-11-16,2,selloff,ecmwf-ifs-025-00z-aws-open-data,6.688,0,0,1.06,18,0,false,"ECMWF IFS 0.25 degree open data on AWS, 2t surface field"
2024-11-14,2024-11-17,3,selloff,ecmwf-ifs-025-00z-aws-open-data,9.719,0,0,1.06,18,0,false,"ECMWF IFS 0.25 degree open data on AWS, 2t surface field"
2024-11-14,2024-11-21,7,rumor,ecmwf-ifs-025-00z-aws-open-data,10.373,0,0,1.06,18,0,false,"ECMWF IFS 0.25 degree open data on AWS, 2t surface field"
2024-11-14,2024-11-22,8,rumor,ecmwf-ifs-025-00z-aws-open-data,7.129,0,0,1.06,18,0,false,"ECMWF IFS 0.25 degree open data on AWS, 2t surface field"
2024-11-14,2024-11-23,9,rumor,ecmwf-ifs-025-00z-aws-open-data,5.567,0.047,0,1.06,18,0,false,"ECMWF IFS 0.25 degree open data on AWS, 2t surface field"
2024-11-14,2024-11-24,10,rumor,ecmwf-ifs-025-00z-aws-open-data,3.106,0,0,1.06,18,0,false,"ECMWF IFS 0.25 degree open data on AWS, 2t surface field"
2024-11-15,2024-11-16,1,selloff,ecmwf-ifs-025-00z-aws-open-data,6.84,0,0,1.06,18,0,false,"ECMWF IFS 0.25 degree open data on AWS, 2t surface field"
2024-11-15,2024-11-17,2,selloff,ecmwf-ifs-025-00z-aws-open-data,9.135,0,0,1.06,18,0,false,"ECMWF IFS 0.25 degree open data on AWS, 2t surface field"
2024-11-15,2024-11-18,3,selloff,ecmwf-ifs-025-00z-aws-open-data,11.544,0,0,1.06,18,0,false,"ECMWF IFS 0.25 degree open data on AWS, 2t surface field"
2024-11-15,2024-11-22,7,rumor,ecmwf-ifs-025-00z-aws-open-data,2.951,0,0,1.06,18,0,false,"ECMWF IFS 0.25 degree open data on AWS, 2t surface field"
2024-11-15,2024-11-23,8,rumor,ecmwf-ifs-025-00z-aws-open-data,4.256,0,0,1.06,18,0,false,"ECMWF IFS 0.25 degree open data on AWS, 2t surface field"
2024-11-15,2024-11-24,9,rumor,ecmwf-ifs-025-00z-aws-open-data,6.18,0,0,1.06,18,0,false,"ECMWF IFS 0.25 degree open data on AWS, 2t surface field"
2024-11-15,2024-11-25,10,rumor,ecmwf-ifs-025-00z-aws-open-data,8.982,0,0,1.06,18,0,false,"ECMWF IFS 0.25 degree open data on AWS, 2t surface field"
2024-11-16,2024-11-17,1,selloff,ecmwf-ifs-025-00z-aws-open-data,9.004,0,0,1.06,18,0,false,"ECMWF IFS 0.25 degree open data on AWS, 2t surface field"
2024-11-16,2024-11-18,2,selloff,ecmwf-ifs-025-00z-aws-open-data,11.537,0,0,1.06,18,0,false,"ECMWF IFS 0.25 degree open data on AWS, 2t surface field"
2024-11-16,2024-11-19,3,selloff,ecmwf-ifs-025-00z-aws-open-data,12.922,0,0,1.06,18,0,false,"ECMWF IFS 0.25 degree open data on AWS, 2t surface field"
2024-11-16,2024-11-23,7,rumor,ecmwf-ifs-025-00z-aws-open-data,3.427,0,0,1.06,18,0,false,"ECMWF IFS 0.25 degree open data on AWS, 2t surface field"
2024-11-16,2024-11-24,8,rumor,ecmwf-ifs-025-00z-aws-open-data,6.893,0,0,1.06,18,0,false,"ECMWF IFS 0.25 degree open data on AWS, 2t surface field"
2024-11-16,2024-11-25,9,rumor,ecmwf-ifs-025-00z-aws-open-data,10.153,0,0,1.06,18,0,false,"ECMWF IFS 0.25 degree open data on AWS, 2t surface field"
2024-11-16,2024-11-26,10,rumor,ecmwf-ifs-025-00z-aws-open-data,12.494,0,0,1.06,18,0,false,"ECMWF IFS 0.25 degree open data on AWS, 2t surface field"
2024-11-17,2024-11-18,1,selloff,ecmwf-ifs-025-00z-aws-open-data,11.704,0,0,1.06,18,0,false,"ECMWF IFS 0.25 degree open data on AWS, 2t surface field"
2024-11-17,2024-11-19,2,selloff,ecmwf-ifs-025-00z-aws-open-data,12.943,0,0,1.06,18,0,false,"ECMWF IFS 0.25 degree open data on AWS, 2t surface field"
2024-11-17,2024-11-20,3,selloff,ecmwf-ifs-025-00z-aws-open-data,11.462,0,0,1.06,18,0,false,"ECMWF IFS 0.25 degree open data on AWS, 2t surface field"
2024-11-17,2024-11-24,7,rumor,ecmwf-ifs-025-00z-aws-open-data,2.689,0,0,1.06,18,0,false,"ECMWF IFS 0.25 degree open data on AWS, 2t surface field"
2024-11-17,2024-11-25,8,rumor,ecmwf-ifs-025-00z-aws-open-data,6.9,0,0,1.06,18,0,false,"ECMWF IFS 0.25 degree open data on AWS, 2t surface field"
2024-11-17,2024-11-26,9,rumor,ecmwf-ifs-025-00z-aws-open-data,7.118,0,0,1.06,18,0,false,"ECMWF IFS 0.25 degree open data on AWS, 2t surface field"
2024-11-17,2024-11-27,10,rumor,ecmwf-ifs-025-00z-aws-open-data,3.986,0,0,1.06,18,0,false,"ECMWF IFS 0.25 degree open data on AWS, 2t surface field"
2024-11-18,2024-11-19,1,selloff,ecmwf-ifs-025-00z-aws-open-data,14.046,0,0,1.06,18,0,false,"ECMWF IFS 0.25 degree open data on AWS, 2t surface field"
2024-11-18,2024-11-20,2,selloff,ecmwf-ifs-025-00z-aws-open-data,11.875,0,0,1.06,18,0,false,"ECMWF IFS 0.25 degree open data on AWS, 2t surface field"
2024-11-18,2024-11-21,3,selloff,ecmwf-ifs-025-00z-aws-open-data,5.22,0,0,1.06,18,0,false,"ECMWF IFS 0.25 degree open data on AWS, 2t surface field"
2024-11-18,2024-11-25,7,rumor,ecmwf-ifs-025-00z-aws-open-data,8.43,0,0,1.06,18,0,false,"ECMWF IFS 0.25 degree open data on AWS, 2t surface field"
2024-11-18,2024-11-26,8,rumor,ecmwf-ifs-025-00z-aws-open-data,10.87,0,0,1.06,18,0,false,"ECMWF IFS 0.25 degree open data on AWS, 2t surface field"
2024-11-18,2024-11-27,9,rumor,ecmwf-ifs-025-00z-aws-open-data,11.917,0,0,1.06,18,0,false,"ECMWF IFS 0.25 degree open data on AWS, 2t surface field"
2024-11-18,2024-11-28,10,rumor,ecmwf-ifs-025-00z-aws-open-data,12.873,0,0,1.06,18,0,false,"ECMWF IFS 0.25 degree open data on AWS, 2t surface field"
2024-11-19,2024-11-20,1,selloff,ecmwf-ifs-025-00z-aws-open-data,11.769,0,0,1.06,18,0,false,"ECMWF IFS 0.25 degree open data on AWS, 2t surface field"
2024-11-19,2024-11-21,2,selloff,ecmwf-ifs-025-00z-aws-open-data,5.484,0,0,1.06,18,0,false,"ECMWF IFS 0.25 degree open data on AWS, 2t surface field"
2024-11-19,2024-11-22,3,selloff,ecmwf-ifs-025-00z-aws-open-data,-0.341,0,0,1.06,18,0,false,"ECMWF IFS 0.25 degree open data on AWS, 2t surface field"
2024-11-19,2024-11-26,7,rumor,ecmwf-ifs-025-00z-aws-open-data,12.126,0,0,1.06,18,0,false,"ECMWF IFS 0.25 degree open data on AWS, 2t surface field"
2024-11-19,2024-11-27,8,rumor,ecmwf-ifs-025-00z-aws-open-data,13.631,0,0,1.06,18,0,false,"ECMWF IFS 0.25 degree open data on AWS, 2t surface field"
2024-11-19,2024-11-28,9,rumor,ecmwf-ifs-025-00z-aws-open-data,9.426,0,0,1.06,18,0,false,"ECMWF IFS 0.25 degree open data on AWS, 2t surface field"
2024-11-19,2024-11-29,10,rumor,ecmwf-ifs-025-00z-aws-open-data,7.746,0,0,1.06,18,0,false,"ECMWF IFS 0.25 degree open data on AWS, 2t surface field"
2024-11-20,2024-11-21,1,selloff,ecmwf-ifs-025-00z-aws-open-data,5.248,0,0,1.06,18,0,false,"ECMWF IFS 0.25 degree open data on AWS, 2t surface field"
2024-11-20,2024-11-22,2,selloff,ecmwf-ifs-025-00z-aws-open-data,-0.642,0,0,1.06,18,0,false,"ECMWF IFS 0.25 degree open data on AWS, 2t surface field"
2024-11-20,2024-11-23,3,selloff,ecmwf-ifs-025-00z-aws-open-data,0.751,0,0,1.06,18,0,false,"ECMWF IFS 0.25 degree open data on AWS, 2t surface field"
2024-11-20,2024-11-27,7,rumor,ecmwf-ifs-025-00z-aws-open-data,2.699,0,0,1.06,18,0,false,"ECMWF IFS 0.25 degree open data on AWS, 2t surface field"
2024-11-20,2024-11-28,8,rumor,ecmwf-ifs-025-00z-aws-open-data,-0.566,0,0,1.06,18,0,false,"ECMWF IFS 0.25 degree open data on AWS, 2t surface field"
2024-11-20,2024-11-29,9,rumor,ecmwf-ifs-025-00z-aws-open-data,-3.033,0.104,0,1.06,18,0,false,"ECMWF IFS 0.25 degree open data on AWS, 2t surface field"
2024-11-20,2024-11-30,10,rumor,ecmwf-ifs-025-00z-aws-open-data,-2.168,0.189,0,1.06,18,0,false,"ECMWF IFS 0.25 degree open data on AWS, 2t surface field"
2024-11-21,2024-11-22,1,selloff,ecmwf-ifs-025-00z-aws-open-data,-0.813,0,0,1.06,18,0,false,"ECMWF IFS 0.25 degree open data on AWS, 2t surface field"
2024-11-21,2024-11-23,2,selloff,ecmwf-ifs-025-00z-aws-open-data,0.667,0,0,1.06,18,0,false,"ECMWF IFS 0.25 degree open data on AWS, 2t surface field"
2024-11-21,2024-11-24,3,selloff,ecmwf-ifs-025-00z-aws-open-data,3.793,0,0,1.06,18,0,false,"ECMWF IFS 0.25 degree open data on AWS, 2t surface field"
2024-11-21,2024-11-28,7,rumor,ecmwf-ifs-025-00z-aws-open-data,4.06,0,0,1.06,18,0,false,"ECMWF IFS 0.25 degree open data on AWS, 2t surface field"
2024-11-21,2024-11-29,8,rumor,ecmwf-ifs-025-00z-aws-open-data,3.68,0,0,1.06,18,0,false,"ECMWF IFS 0.25 degree open data on AWS, 2t surface field"
2024-11-21,2024-11-30,9,rumor,ecmwf-ifs-025-00z-aws-open-data,0.04,0,0,1.06,18,0,false,"ECMWF IFS 0.25 degree open data on AWS, 2t surface field"
2024-11-21,2024-12-01,10,rumor,ecmwf-ifs-025-00z-aws-open-data,-2.968,0.047,0,1.06,18,0,false,"ECMWF IFS 0.25 degree open data on AWS, 2t surface field"
2024-11-22,2024-11-23,1,selloff,ecmwf-ifs-025-00z-aws-open-data,0.89,0,0,1.06,18,0,false,"ECMWF IFS 0.25 degree open data on AWS, 2t surface field"
2024-11-22,2024-11-24,2,selloff,ecmwf-ifs-025-00z-aws-open-data,4.1,0,0,1.06,18,0,false,"ECMWF IFS 0.25 degree open data on AWS, 2t surface field"
2024-11-22,2024-11-25,3,selloff,ecmwf-ifs-025-00z-aws-open-data,9.138,0,0,1.06,18,0,false,"ECMWF IFS 0.25 degree open data on AWS, 2t surface field"
2024-11-22,2024-11-29,7,rumor,ecmwf-ifs-025-00z-aws-open-data,0.773,0,0,1.06,18,0,false,"ECMWF IFS 0.25 degree open data on AWS, 2t surface field"
2024-11-22,2024-11-30,8,rumor,ecmwf-ifs-025-00z-aws-open-data,-7.644,0.547,0,1.06,18,0,false,"ECMWF IFS 0.25 degree open data on AWS, 2t surface field"
2024-11-22,2024-12-01,9,rumor,ecmwf-ifs-025-00z-aws-open-data,-5.868,0.453,0,1.06,18,0,false,"ECMWF IFS 0.25 degree open data on AWS, 2t surface field"
2024-11-22,2024-12-02,10,rumor,ecmwf-ifs-025-00z-aws-open-data,-6.87,0.472,1,1.06,18,0,false,"ECMWF IFS 0.25 degree open data on AWS, 2t surface field"
2024-11-23,2024-11-24,1,selloff,ecmwf-ifs-025-00z-aws-open-data,3.721,0,0,1.06,18,0,false,"ECMWF IFS 0.25 degree open data on AWS, 2t surface field"
2024-11-23,2024-11-25,2,selloff,ecmwf-ifs-025-00z-aws-open-data,8.681,0,0,1.06,18,0,false,"ECMWF IFS 0.25 degree open data on AWS, 2t surface field"
2024-11-23,2024-11-26,3,selloff,ecmwf-ifs-025-00z-aws-open-data,8.025,0,0,1.06,18,0,false,"ECMWF IFS 0.25 degree open data on AWS, 2t surface field"
2024-11-23,2024-11-30,7,rumor,ecmwf-ifs-025-00z-aws-open-data,-5.938,0.255,0,1.06,18,0,false,"ECMWF IFS 0.25 degree open data on AWS, 2t surface field"
2024-11-23,2024-12-01,8,rumor,ecmwf-ifs-025-00z-aws-open-data,-5.785,0.255,0,1.06,18,0,false,"ECMWF IFS 0.25 degree open data on AWS, 2t surface field"
2024-11-23,2024-12-02,9,rumor,ecmwf-ifs-025-00z-aws-open-data,-6.178,0.33,1,1.06,18,0,false,"ECMWF IFS 0.25 degree open data on AWS, 2t surface field"
2024-11-23,2024-12-03,10,rumor,ecmwf-ifs-025-00z-aws-open-data,-12.888,0.736,7,1.06,18,0,true,"ECMWF IFS 0.25 degree open data on AWS, 2t surface field"
2024-11-24,2024-11-25,1,selloff,ecmwf-ifs-025-00z-aws-open-data,8.504,0,0,1.06,18,0,false,"ECMWF IFS 0.25 degree open data on AWS, 2t surface field"
2024-11-24,2024-11-26,2,selloff,ecmwf-ifs-025-00z-aws-open-data,7.135,0,0,1.06,18,0,false,"ECMWF IFS 0.25 degree open data on AWS, 2t surface field"
2024-11-24,2024-11-27,3,selloff,ecmwf-ifs-025-00z-aws-open-data,2.823,0,0,1.06,18,0,false,"ECMWF IFS 0.25 degree open data on AWS, 2t surface field"
2024-11-24,2024-12-01,7,rumor,ecmwf-ifs-025-00z-aws-open-data,-4.917,0.443,0,1.06,18,0,false,"ECMWF IFS 0.25 degree open data on AWS, 2t surface field"
2024-11-24,2024-12-02,8,rumor,ecmwf-ifs-025-00z-aws-open-data,-8.329,0.377,2,1.06,18,0,false,"ECMWF IFS 0.25 degree open data on AWS, 2t surface field"
2024-11-24,2024-12-03,9,rumor,ecmwf-ifs-025-00z-aws-open-data,-15.338,0.896,12,1.06,18,0,true,"ECMWF IFS 0.25 degree open data on AWS, 2t surface field"
2024-11-24,2024-12-04,10,rumor,ecmwf-ifs-025-00z-aws-open-data,-13.646,0.943,9,1.06,18,0,true,"ECMWF IFS 0.25 degree open data on AWS, 2t surface field"
2024-11-25,2024-11-26,1,selloff,ecmwf-ifs-025-00z-aws-open-data,7.222,0,0,1.06,18,0,false,"ECMWF IFS 0.25 degree open data on AWS, 2t surface field"
2024-11-25,2024-11-27,2,selloff,ecmwf-ifs-025-00z-aws-open-data,2.197,0,0,1.06,18,0,false,"ECMWF IFS 0.25 degree open data on AWS, 2t surface field"
2024-11-25,2024-11-28,3,selloff,ecmwf-ifs-025-00z-aws-open-data,3.802,0,0,1.06,18,0,false,"ECMWF IFS 0.25 degree open data on AWS, 2t surface field"
2024-11-25,2024-12-02,7,rumor,ecmwf-ifs-025-00z-aws-open-data,-8.623,0.566,1,1.06,18,0,true,"ECMWF IFS 0.25 degree open data on AWS, 2t surface field"
2024-11-25,2024-12-03,8,rumor,ecmwf-ifs-025-00z-aws-open-data,-9.818,0.745,2,1.06,18,0,true,"ECMWF IFS 0.25 degree open data on AWS, 2t surface field"
2024-11-25,2024-12-04,9,rumor,ecmwf-ifs-025-00z-aws-open-data,-4.958,0.415,0,1.06,18,0,false,"ECMWF IFS 0.25 degree open data on AWS, 2t surface field"
2024-11-25,2024-12-05,10,rumor,ecmwf-ifs-025-00z-aws-open-data,-3.01,0.255,0,1.06,18,0,false,"ECMWF IFS 0.25 degree open data on AWS, 2t surface field"
2024-11-26,2024-11-27,1,selloff,ecmwf-ifs-025-00z-aws-open-data,2.168,0,0,1.06,18,0,false,"ECMWF IFS 0.25 degree open data on AWS, 2t surface field"
2024-11-26,2024-11-28,2,selloff,ecmwf-ifs-025-00z-aws-open-data,4.292,0,0,1.06,18,0,false,"ECMWF IFS 0.25 degree open data on AWS, 2t surface field"
2024-11-26,2024-11-29,3,selloff,ecmwf-ifs-025-00z-aws-open-data,-0.931,0,0,1.06,18,0,false,"ECMWF IFS 0.25 degree open data on AWS, 2t surface field"
2024-11-26,2024-12-03,7,rumor,ecmwf-ifs-025-00z-aws-open-data,-9.836,0.679,5,1.06,18,0,true,"ECMWF IFS 0.25 degree open data on AWS, 2t surface field"
2024-11-26,2024-12-04,8,rumor,ecmwf-ifs-025-00z-aws-open-data,-5.952,0.321,0,1.06,18,0,false,"ECMWF IFS 0.25 degree open data on AWS, 2t surface field"
2024-11-26,2024-12-05,9,rumor,ecmwf-ifs-025-00z-aws-open-data,-2.537,0.151,0,1.06,18,0,false,"ECMWF IFS 0.25 degree open data on AWS, 2t surface field"
2024-11-26,2024-12-06,10,rumor,ecmwf-ifs-025-00z-aws-open-data,-4.639,0.387,0,1.06,18,0,false,"ECMWF IFS 0.25 degree open data on AWS, 2t surface field"
2024-11-27,2024-11-28,1,selloff,ecmwf-ifs-025-00z-aws-open-data,4.56,0,0,1.06,18,0,false,"ECMWF IFS 0.25 degree open data on AWS, 2t surface field"
2024-11-27,2024-11-29,2,selloff,ecmwf-ifs-025-00z-aws-open-data,-1.345,0.085,0,1.06,18,0,false,"ECMWF IFS 0.25 degree open data on AWS, 2t surface field"
2024-11-27,2024-11-30,3,selloff,ecmwf-ifs-025-00z-aws-open-data,-7.012,0.349,0,1.06,18,0,false,"ECMWF IFS 0.25 degree open data on AWS, 2t surface field"
2024-11-27,2024-12-04,7,rumor,ecmwf-ifs-025-00z-aws-open-data,-8.194,0.708,0,1.06,18,0,true,"ECMWF IFS 0.25 degree open data on AWS, 2t surface field"
2024-11-27,2024-12-05,8,rumor,ecmwf-ifs-025-00z-aws-open-data,-4.29,0.368,0,1.06,18,0,false,"ECMWF IFS 0.25 degree open data on AWS, 2t surface field"
2024-11-27,2024-12-06,9,rumor,ecmwf-ifs-025-00z-aws-open-data,0.148,0.16,0,1.06,18,0,false,"ECMWF IFS 0.25 degree open data on AWS, 2t surface field"
2024-11-27,2024-12-07,10,rumor,ecmwf-ifs-025-00z-aws-open-data,-0.073,0.217,1,1.06,18,0,false,"ECMWF IFS 0.25 degree open data on AWS, 2t surface field"
2024-11-28,2024-11-29,1,selloff,ecmwf-ifs-025-00z-aws-open-data,-1.975,0.085,0,1.06,18,0,false,"ECMWF IFS 0.25 degree open data on AWS, 2t surface field"
2024-11-28,2024-11-30,2,selloff,ecmwf-ifs-025-00z-aws-open-data,-7.877,0.462,0,1.06,18,0,false,"ECMWF IFS 0.25 degree open data on AWS, 2t surface field"
2024-11-28,2024-12-01,3,selloff,ecmwf-ifs-025-00z-aws-open-data,-7.408,0.472,0,1.06,18,0,false,"ECMWF IFS 0.25 degree open data on AWS, 2t surface field"
2024-11-28,2024-12-05,7,rumor,ecmwf-ifs-025-00z-aws-open-data,3.07,0.104,0,1.06,18,0,false,"ECMWF IFS 0.25 degree open data on AWS, 2t surface field"
2024-11-28,2024-12-06,8,rumor,ecmwf-ifs-025-00z-aws-open-data,5.101,0,0,1.06,18,0,false,"ECMWF IFS 0.25 degree open data on AWS, 2t surface field"
2024-11-28,2024-12-07,9,rumor,ecmwf-ifs-025-00z-aws-open-data,-6.165,0.406,1,1.06,18,0,false,"ECMWF IFS 0.25 degree open data on AWS, 2t surface field"
2024-11-28,2024-12-08,10,rumor,ecmwf-ifs-025-00z-aws-open-data,-2.662,0.142,0,1.06,18,0,false,"ECMWF IFS 0.25 degree open data on AWS, 2t surface field"
2024-11-29,2024-11-30,1,selloff,ecmwf-ifs-025-00z-aws-open-data,-8.252,0.566,1,1.06,18,0,true,"ECMWF IFS 0.25 degree open data on AWS, 2t surface field"
2024-11-29,2024-12-01,2,selloff,ecmwf-ifs-025-00z-aws-open-data,-7.751,0.575,0,1.06,18,0,false,"ECMWF IFS 0.25 degree open data on AWS, 2t surface field"
2024-11-29,2024-12-02,3,selloff,ecmwf-ifs-025-00z-aws-open-data,-5.876,0.283,0,1.06,18,0,false,"ECMWF IFS 0.25 degree open data on AWS, 2t surface field"
2024-11-29,2024-12-06,7,rumor,ecmwf-ifs-025-00z-aws-open-data,-1.67,0.311,1,1.06,18,0,false,"ECMWF IFS 0.25 degree open data on AWS, 2t surface field"
2024-11-29,2024-12-07,8,rumor,ecmwf-ifs-025-00z-aws-open-data,-6.846,0.491,0,1.06,18,0,false,"ECMWF IFS 0.25 degree open data on AWS, 2t surface field"
2024-11-29,2024-12-08,9,rumor,ecmwf-ifs-025-00z-aws-open-data,-7.702,0.491,0,1.06,18,0,false,"ECMWF IFS 0.25 degree open data on AWS, 2t surface field"
2024-11-29,2024-12-09,10,rumor,ecmwf-ifs-025-00z-aws-open-data,-4.798,0.462,1,1.06,18,0,false,"ECMWF IFS 0.25 degree open data on AWS, 2t surface field"
2024-11-30,2024-12-01,1,selloff,ecmwf-ifs-025-00z-aws-open-data,-8.179,0.594,0,1.06,18,0,true,"ECMWF IFS 0.25 degree open data on AWS, 2t surface field"
2024-11-30,2024-12-02,2,selloff,ecmwf-ifs-025-00z-aws-open-data,-6.325,0.283,0,1.06,18,0,false,"ECMWF IFS 0.25 degree open data on AWS, 2t surface field"
2024-11-30,2024-12-03,3,selloff,ecmwf-ifs-025-00z-aws-open-data,-7.639,0.585,2,1.06,18,0,false,"ECMWF IFS 0.25 degree open data on AWS, 2t surface field"
2024-11-30,2024-12-07,7,rumor,ecmwf-ifs-025-00z-aws-open-data,-4.971,0.453,1,1.06,18,0,false,"ECMWF IFS 0.25 degree open data on AWS, 2t surface field"
2024-11-30,2024-12-08,8,rumor,ecmwf-ifs-025-00z-aws-open-data,-0.386,0.16,0,1.06,18,0,false,"ECMWF IFS 0.25 degree open data on AWS, 2t surface field"
2024-11-30,2024-12-09,9,rumor,ecmwf-ifs-025-00z-aws-open-data,6.908,0,0,1.06,18,0,false,"ECMWF IFS 0.25 degree open data on AWS, 2t surface field"
2024-11-30,2024-12-10,10,rumor,ecmwf-ifs-025-00z-aws-open-data,10.585,0,0,1.06,18,0,false,"ECMWF IFS 0.25 degree open data on AWS, 2t surface field"
2024-12-01,2024-12-02,1,selloff,ecmwf-ifs-025-00z-aws-open-data,-6.872,0.283,0,1.06,18,0,false,"ECMWF IFS 0.25 degree open data on AWS, 2t surface field"
2024-12-01,2024-12-03,2,selloff,ecmwf-ifs-025-00z-aws-open-data,-7.587,0.509,1,1.06,18,0,false,"ECMWF IFS 0.25 degree open data on AWS, 2t surface field"
2024-12-01,2024-12-04,3,selloff,ecmwf-ifs-025-00z-aws-open-data,-7.315,0.519,2,1.06,18,0,false,"ECMWF IFS 0.25 degree open data on AWS, 2t surface field"
2024-12-01,2024-12-08,7,rumor,ecmwf-ifs-025-00z-aws-open-data,1.498,0.104,0,1.06,18,0,false,"ECMWF IFS 0.25 degree open data on AWS, 2t surface field"
2024-12-01,2024-12-09,8,rumor,ecmwf-ifs-025-00z-aws-open-data,6.692,0,0,1.06,18,0,false,"ECMWF IFS 0.25 degree open data on AWS, 2t surface field"
2024-12-01,2024-12-10,9,rumor,ecmwf-ifs-025-00z-aws-open-data,13.238,0,0,1.06,18,0,false,"ECMWF IFS 0.25 degree open data on AWS, 2t surface field"
2024-12-01,2024-12-11,10,rumor,ecmwf-ifs-025-00z-aws-open-data,8.607,0,0,1.06,18,0,false,"ECMWF IFS 0.25 degree open data on AWS, 2t surface field"
2024-12-02,2024-12-03,1,selloff,ecmwf-ifs-025-00z-aws-open-data,-7.455,0.519,0,1.06,18,0,false,"ECMWF IFS 0.25 degree open data on AWS, 2t surface field"
2024-12-02,2024-12-04,2,selloff,ecmwf-ifs-025-00z-aws-open-data,-7.44,0.585,3,1.06,18,0,false,"ECMWF IFS 0.25 degree open data on AWS, 2t surface field"
2024-12-02,2024-12-05,3,selloff,ecmwf-ifs-025-00z-aws-open-data,0.953,0.066,0,1.06,18,0,false,"ECMWF IFS 0.25 degree open data on AWS, 2t surface field"
2024-12-02,2024-12-09,7,rumor,ecmwf-ifs-025-00z-aws-open-data,6.715,0,0,1.06,18,0,false,"ECMWF IFS 0.25 degree open data on AWS, 2t surface field"
2024-12-02,2024-12-10,8,rumor,ecmwf-ifs-025-00z-aws-open-data,11.288,0,0,1.06,18,0,false,"ECMWF IFS 0.25 degree open data on AWS, 2t surface field"
2024-12-02,2024-12-11,9,rumor,ecmwf-ifs-025-00z-aws-open-data,9.577,0,0,1.06,18,0,false,"ECMWF IFS 0.25 degree open data on AWS, 2t surface field"
2024-12-02,2024-12-12,10,rumor,ecmwf-ifs-025-00z-aws-open-data,12.791,0,0,1.06,18,0,false,"ECMWF IFS 0.25 degree open data on AWS, 2t surface field"
2024-12-03,2024-12-04,1,selloff,ecmwf-ifs-025-00z-aws-open-data,-7.782,0.585,2,1.06,18,0,false,"ECMWF IFS 0.25 degree open data on AWS, 2t surface field"
2024-12-03,2024-12-05,2,selloff,ecmwf-ifs-025-00z-aws-open-data,0.842,0.066,0,1.06,18,0,false,"ECMWF IFS 0.25 degree open data on AWS, 2t surface field"
2024-12-03,2024-12-06,3,selloff,ecmwf-ifs-025-00z-aws-open-data,-7.122,0.585,1,1.06,18,0,false,"ECMWF IFS 0.25 degree open data on AWS, 2t surface field"
2024-12-03,2024-12-10,7,rumor,ecmwf-ifs-025-00z-aws-open-data,13.5,0,0,1.06,18,0,false,"ECMWF IFS 0.25 degree open data on AWS, 2t surface field"
2024-12-03,2024-12-11,8,rumor,ecmwf-ifs-025-00z-aws-open-data,12.425,0,0,1.06,18,0,false,"ECMWF IFS 0.25 degree open data on AWS, 2t surface field"
2024-12-03,2024-12-12,9,rumor,ecmwf-ifs-025-00z-aws-open-data,10.669,0.047,0,1.06,18,0,false,"ECMWF IFS 0.25 degree open data on AWS, 2t surface field"
2024-12-03,2024-12-13,10,rumor,ecmwf-ifs-025-00z-aws-open-data,3.831,0,0,1.06,18,0,false,"ECMWF IFS 0.25 degree open data on AWS, 2t surface field"
2024-12-04,2024-12-05,1,selloff,ecmwf-ifs-025-00z-aws-open-data,1.083,0.066,0,1.06,18,0,false,"ECMWF IFS 0.25 degree open data on AWS, 2t surface field"
2024-12-04,2024-12-06,2,selloff,ecmwf-ifs-025-00z-aws-open-data,-7.679,0.566,2,1.06,18,0,false,"ECMWF IFS 0.25 degree open data on AWS, 2t surface field"
2024-12-04,2024-12-07,3,selloff,ecmwf-ifs-025-00z-aws-open-data,-5.993,0.519,0,1.06,18,0,false,"ECMWF IFS 0.25 degree open data on AWS, 2t surface field"
2024-12-04,2024-12-11,7,rumor,ecmwf-ifs-025-00z-aws-open-data,8.804,0,0,1.06,18,0,false,"ECMWF IFS 0.25 degree open data on AWS, 2t surface field"
2024-12-04,2024-12-12,8,rumor,ecmwf-ifs-025-00z-aws-open-data,0.083,0.085,0,1.06,18,0,false,"ECMWF IFS 0.25 degree open data on AWS, 2t surface field"
2024-12-04,2024-12-13,9,rumor,ecmwf-ifs-025-00z-aws-open-data,-0.734,0,0,1.06,18,0,false,"ECMWF IFS 0.25 degree open data on AWS, 2t surface field"
2024-12-04,2024-12-14,10,rumor,ecmwf-ifs-025-00z-aws-open-data,2.18,0,0,1.06,18,0,false,"ECMWF IFS 0.25 degree open data on AWS, 2t surface field"
2024-12-05,2024-12-06,1,selloff,ecmwf-ifs-025-00z-aws-open-data,-7.159,0.557,2,1.06,18,0,false,"ECMWF IFS 0.25 degree open data on AWS, 2t surface field"
2024-12-05,2024-12-07,2,selloff,ecmwf-ifs-025-00z-aws-open-data,-5.82,0.519,0,1.06,18,0,false,"ECMWF IFS 0.25 degree open data on AWS, 2t surface field"
2024-12-05,2024-12-08,3,selloff,ecmwf-ifs-025-00z-aws-open-data,1.785,0,0,1.06,18,0,false,"ECMWF IFS 0.25 degree open data on AWS, 2t surface field"
2024-12-05,2024-12-12,7,rumor,ecmwf-ifs-025-00z-aws-open-data,2.118,0.151,0,1.06,18,0,false,"ECMWF IFS 0.25 degree open data on AWS, 2t surface field"
2024-12-05,2024-12-13,8,rumor,ecmwf-ifs-025-00z-aws-open-data,-7.475,0.5,2,1.06,18,0,false,"ECMWF IFS 0.25 degree open data on AWS, 2t surface field"
2024-12-05,2024-12-14,9,rumor,ecmwf-ifs-025-00z-aws-open-data,-6.798,0.538,0,1.06,18,0,false,"ECMWF IFS 0.25 degree open data on AWS, 2t surface field"
2024-12-05,2024-12-15,10,rumor,ecmwf-ifs-025-00z-aws-open-data,-0.797,0.255,0,1.06,18,0,false,"ECMWF IFS 0.25 degree open data on AWS, 2t surface field"
2024-12-06,2024-12-07,1,selloff,ecmwf-ifs-025-00z-aws-open-data,-5.881,0.519,0,1.06,18,0,false,"ECMWF IFS 0.25 degree open data on AWS, 2t surface field"
2024-12-06,2024-12-08,2,selloff,ecmwf-ifs-025-00z-aws-open-data,2.502,0,0,1.06,18,0,false,"ECMWF IFS 0.25 degree open data on AWS, 2t surface field"
2024-12-06,2024-12-09,3,selloff,ecmwf-ifs-025-00z-aws-open-data,9.469,0,0,1.06,18,0,false,"ECMWF IFS 0.25 degree open data on AWS, 2t surface field"
2024-12-06,2024-12-13,7,rumor,ecmwf-ifs-025-00z-aws-open-data,-5.57,0.33,0,1.06,18,0,false,"ECMWF IFS 0.25 degree open data on AWS, 2t surface field"
2024-12-06,2024-12-14,8,rumor,ecmwf-ifs-025-00z-aws-open-data,-0.123,0.283,0,1.06,18,0,false,"ECMWF IFS 0.25 degree open data on AWS, 2t surface field"
2024-12-06,2024-12-15,9,rumor,ecmwf-ifs-025-00z-aws-open-data,4.49,0,0,1.06,18,0,false,"ECMWF IFS 0.25 degree open data on AWS, 2t surface field"
2024-12-06,2024-12-16,10,rumor,ecmwf-ifs-025-00z-aws-open-data,7.394,0,0,1.06,18,0,false,"ECMWF IFS 0.25 degree open data on AWS, 2t surface field"
2024-12-07,2024-12-08,1,selloff,ecmwf-ifs-025-00z-aws-open-data,3.105,0,0,1.06,18,0,false,"ECMWF IFS 0.25 degree open data on AWS, 2t surface field"
2024-12-07,2024-12-09,2,selloff,ecmwf-ifs-025-00z-aws-open-data,9.279,0,0,1.06,18,0,false,"ECMWF IFS 0.25 degree open data on AWS, 2t surface field"
2024-12-07,2024-12-10,3,selloff,ecmwf-ifs-025-00z-aws-open-data,11.026,0,0,1.06,18,0,false,"ECMWF IFS 0.25 degree open data on AWS, 2t surface field"
2024-12-07,2024-12-14,7,rumor,ecmwf-ifs-025-00z-aws-open-data,1.788,0.104,0,1.06,18,0,false,"ECMWF IFS 0.25 degree open data on AWS, 2t surface field"
2024-12-07,2024-12-15,8,rumor,ecmwf-ifs-025-00z-aws-open-data,6.276,0,0,1.06,18,0,false,"ECMWF IFS 0.25 degree open data on AWS, 2t surface field"
2024-12-07,2024-12-16,9,rumor,ecmwf-ifs-025-00z-aws-open-data,12.8,0,0,1.06,18,0,false,"ECMWF IFS 0.25 degree open data on AWS, 2t surface field"
2024-12-07,2024-12-17,10,rumor,ecmwf-ifs-025-00z-aws-open-data,13.933,0,0,1.06,18,0,false,"ECMWF IFS 0.25 degree open data on AWS, 2t surface field"
2024-12-08,2024-12-09,1,selloff,ecmwf-ifs-025-00z-aws-open-data,10.394,0,0,1.06,18,0,false,"ECMWF IFS 0.25 degree open data on AWS, 2t surface field"
2024-12-08,2024-12-10,2,selloff,ecmwf-ifs-025-00z-aws-open-data,11.334,0,0,1.06,18,0,false,"ECMWF IFS 0.25 degree open data on AWS, 2t surface field"
2024-12-08,2024-12-11,3,selloff,ecmwf-ifs-025-00z-aws-open-data,7.971,0,0,1.06,18,0,false,"ECMWF IFS 0.25 degree open data on AWS, 2t surface field"
2024-12-08,2024-12-15,7,rumor,ecmwf-ifs-025-00z-aws-open-data,-0.152,0.104,0,1.06,18,0,false,"ECMWF IFS 0.25 degree open data on AWS, 2t surface field"
2024-12-08,2024-12-16,8,rumor,ecmwf-ifs-025-00z-aws-open-data,3.705,0,0,1.06,18,0,false,"ECMWF IFS 0.25 degree open data on AWS, 2t surface field"
2024-12-08,2024-12-17,9,rumor,ecmwf-ifs-025-00z-aws-open-data,11.023,0,0,1.06,18,0,false,"ECMWF IFS 0.25 degree open data on AWS, 2t surface field"
2024-12-08,2024-12-18,10,rumor,ecmwf-ifs-025-00z-aws-open-data,13.198,0,0,1.06,18,0,false,"ECMWF IFS 0.25 degree open data on AWS, 2t surface field"
2024-12-09,2024-12-10,1,selloff,ecmwf-ifs-025-00z-aws-open-data,11.672,0,0,1.06,18,0,false,"ECMWF IFS 0.25 degree open data on AWS, 2t surface field"
2024-12-09,2024-12-11,2,selloff,ecmwf-ifs-025-00z-aws-open-data,9.082,0,0,1.06,18,0,false,"ECMWF IFS 0.25 degree open data on AWS, 2t surface field"
2024-12-09,2024-12-12,3,selloff,ecmwf-ifs-025-00z-aws-open-data,1.257,0.151,1,1.06,18,0,false,"ECMWF IFS 0.25 degree open data on AWS, 2t surface field"
2024-12-09,2024-12-16,7,rumor,ecmwf-ifs-025-00z-aws-open-data,6.884,0,0,1.06,18,0,false,"ECMWF IFS 0.25 degree open data on AWS, 2t surface field"
2024-12-09,2024-12-17,8,rumor,ecmwf-ifs-025-00z-aws-open-data,12.966,0,0,1.06,18,0,false,"ECMWF IFS 0.25 degree open data on AWS, 2t surface field"
2024-12-09,2024-12-18,9,rumor,ecmwf-ifs-025-00z-aws-open-data,11.734,0,0,1.06,18,0,false,"ECMWF IFS 0.25 degree open data on AWS, 2t surface field"
2024-12-09,2024-12-19,10,rumor,ecmwf-ifs-025-00z-aws-open-data,7.239,0,0,1.06,18,0,false,"ECMWF IFS 0.25 degree open data on AWS, 2t surface field"
2024-12-10,2024-12-11,1,selloff,ecmwf-ifs-025-00z-aws-open-data,9.256,0,0,1.06,18,0,false,"ECMWF IFS 0.25 degree open data on AWS, 2t surface field"
2024-12-10,2024-12-12,2,selloff,ecmwf-ifs-025-00z-aws-open-data,0.507,0.151,1,1.06,18,0,false,"ECMWF IFS 0.25 degree open data on AWS, 2t surface field"
2024-12-10,2024-12-13,3,selloff,ecmwf-ifs-025-00z-aws-open-data,-7.311,0.358,2,1.06,18,0,false,"ECMWF IFS 0.25 degree open data on AWS, 2t surface field"
2024-12-10,2024-12-17,7,rumor,ecmwf-ifs-025-00z-aws-open-data,14.173,0,0,1.06,18,0,false,"ECMWF IFS 0.25 degree open data on AWS, 2t surface field"
2024-12-10,2024-12-18,8,rumor,ecmwf-ifs-025-00z-aws-open-data,15.178,0,0,1.06,18,0,false,"ECMWF IFS 0.25 degree open data on AWS, 2t surface field"
2024-12-10,2024-12-19,9,rumor,ecmwf-ifs-025-00z-aws-open-data,6.383,0.066,0,1.06,18,0,false,"ECMWF IFS 0.25 degree open data on AWS, 2t surface field"
2024-12-10,2024-12-20,10,rumor,ecmwf-ifs-025-00z-aws-open-data,0.936,0,0,1.06,18,0,false,"ECMWF IFS 0.25 degree open data on AWS, 2t surface field"
2024-12-11,2024-12-12,1,selloff,ecmwf-ifs-025-00z-aws-open-data,0.98,0.151,1,1.06,18,0,false,"ECMWF IFS 0.25 degree open data on AWS, 2t surface field"
2024-12-11,2024-12-13,2,selloff,ecmwf-ifs-025-00z-aws-open-data,-6.621,0.358,2,1.06,18,0,false,"ECMWF IFS 0.25 degree open data on AWS, 2t surface field"
2024-12-11,2024-12-14,3,selloff,ecmwf-ifs-025-00z-aws-open-data,-2.275,0.264,1,1.06,18,0,false,"ECMWF IFS 0.25 degree open data on AWS, 2t surface field"
2024-12-11,2024-12-18,7,rumor,ecmwf-ifs-025-00z-aws-open-data,9.867,0,0,1.06,18,0,false,"ECMWF IFS 0.25 degree open data on AWS, 2t surface field"
2024-12-11,2024-12-19,8,rumor,ecmwf-ifs-025-00z-aws-open-data,1.452,0.066,0,1.06,18,0,false,"ECMWF IFS 0.25 degree open data on AWS, 2t surface field"
2024-12-11,2024-12-20,9,rumor,ecmwf-ifs-025-00z-aws-open-data,-1.157,0,0,1.06,18,0,false,"ECMWF IFS 0.25 degree open data on AWS, 2t surface field"
2024-12-11,2024-12-21,10,rumor,ecmwf-ifs-025-00z-aws-open-data,0.88,0.104,0,1.06,18,0,false,"ECMWF IFS 0.25 degree open data on AWS, 2t surface field"
2024-12-12,2024-12-13,1,selloff,ecmwf-ifs-025-00z-aws-open-data,-6.933,0.358,2,1.06,18,0,false,"ECMWF IFS 0.25 degree open data on AWS, 2t surface field"
2024-12-12,2024-12-14,2,selloff,ecmwf-ifs-025-00z-aws-open-data,-2.949,0.33,0,1.06,18,0,false,"ECMWF IFS 0.25 degree open data on AWS, 2t surface field"
2024-12-12,2024-12-15,3,selloff,ecmwf-ifs-025-00z-aws-open-data,3.625,0.104,0,1.06,18,0,false,"ECMWF IFS 0.25 degree open data on AWS, 2t surface field"
2024-12-12,2024-12-19,7,rumor,ecmwf-ifs-025-00z-aws-open-data,8.632,0,0,1.06,18,0,false,"ECMWF IFS 0.25 degree open data on AWS, 2t surface field"
2024-12-12,2024-12-20,8,rumor,ecmwf-ifs-025-00z-aws-open-data,3.561,0,0,1.06,18,0,false,"ECMWF IFS 0.25 degree open data on AWS, 2t surface field"
2024-12-12,2024-12-21,9,rumor,ecmwf-ifs-025-00z-aws-open-data,-2.894,0.292,1,1.06,18,0,false,"ECMWF IFS 0.25 degree open data on AWS, 2t surface field"
2024-12-12,2024-12-22,10,rumor,ecmwf-ifs-025-00z-aws-open-data,-12.338,0.868,6,1.06,18,0,true,"ECMWF IFS 0.25 degree open data on AWS, 2t surface field"
2024-12-13,2024-12-14,1,selloff,ecmwf-ifs-025-00z-aws-open-data,-3.453,0.415,1,1.06,18,0,false,"ECMWF IFS 0.25 degree open data on AWS, 2t surface field"
2024-12-13,2024-12-15,2,selloff,ecmwf-ifs-025-00z-aws-open-data,3.138,0.104,0,1.06,18,0,false,"ECMWF IFS 0.25 degree open data on AWS, 2t surface field"
2024-12-13,2024-12-16,3,selloff,ecmwf-ifs-025-00z-aws-open-data,7.109,0,0,1.06,18,0,false,"ECMWF IFS 0.25 degree open data on AWS, 2t surface field"
2024-12-13,2024-12-20,7,rumor,ecmwf-ifs-025-00z-aws-open-data,4.294,0,0,1.06,18,0,false,"ECMWF IFS 0.25 degree open data on AWS, 2t surface field"
2024-12-13,2024-12-21,8,rumor,ecmwf-ifs-025-00z-aws-open-data,2.794,0.198,0,1.06,18,0,false,"ECMWF IFS 0.25 degree open data on AWS, 2t surface field"
2024-12-13,2024-12-22,9,rumor,ecmwf-ifs-025-00z-aws-open-data,-8.886,0.585,5,1.06,18,0,true,"ECMWF IFS 0.25 degree open data on AWS, 2t surface field"
2024-12-13,2024-12-23,10,rumor,ecmwf-ifs-025-00z-aws-open-data,-10.251,0.755,6,1.06,18,0,true,"ECMWF IFS 0.25 degree open data on AWS, 2t surface field"
2024-12-14,2024-12-15,1,selloff,ecmwf-ifs-025-00z-aws-open-data,3.061,0.104,0,1.06,18,0,false,"ECMWF IFS 0.25 degree open data on AWS, 2t surface field"
2024-12-14,2024-12-16,2,selloff,ecmwf-ifs-025-00z-aws-open-data,7.503,0,0,1.06,18,0,false,"ECMWF IFS 0.25 degree open data on AWS, 2t surface field"
2024-12-14,2024-12-17,3,selloff,ecmwf-ifs-025-00z-aws-open-data,13.611,0,0,1.06,18,0,false,"ECMWF IFS 0.25 degree open data on AWS, 2t surface field"
2024-12-14,2024-12-21,7,rumor,ecmwf-ifs-025-00z-aws-open-data,0.686,0.085,0,1.06,18,0,false,"ECMWF IFS 0.25 degree open data on AWS, 2t surface field"
2024-12-14,2024-12-22,8,rumor,ecmwf-ifs-025-00z-aws-open-data,-9.859,0.868,2,1.06,18,0,true,"ECMWF IFS 0.25 degree open data on AWS, 2t surface field"
2024-12-14,2024-12-23,9,rumor,ecmwf-ifs-025-00z-aws-open-data,-5.78,0.528,5,1.06,18,0,false,"ECMWF IFS 0.25 degree open data on AWS, 2t surface field"
2024-12-14,2024-12-24,10,rumor,ecmwf-ifs-025-00z-aws-open-data,4.063,0.189,0,1.06,18,0,false,"ECMWF IFS 0.25 degree open data on AWS, 2t surface field"
2024-12-15,2024-12-16,1,selloff,ecmwf-ifs-025-00z-aws-open-data,7.441,0,0,1.06,18,0,false,"ECMWF IFS 0.25 degree open data on AWS, 2t surface field"
2024-12-15,2024-12-17,2,selloff,ecmwf-ifs-025-00z-aws-open-data,14.414,0,0,1.06,18,0,false,"ECMWF IFS 0.25 degree open data on AWS, 2t surface field"
2024-12-15,2024-12-18,3,selloff,ecmwf-ifs-025-00z-aws-open-data,13.398,0,0,1.06,18,0,false,"ECMWF IFS 0.25 degree open data on AWS, 2t surface field"
2024-12-15,2024-12-22,7,rumor,ecmwf-ifs-025-00z-aws-open-data,-5.871,0.425,0,1.06,18,0,false,"ECMWF IFS 0.25 degree open data on AWS, 2t surface field"
2024-12-15,2024-12-23,8,rumor,ecmwf-ifs-025-00z-aws-open-data,-13.278,0.868,9,1.06,18,0,true,"ECMWF IFS 0.25 degree open data on AWS, 2t surface field"
2024-12-15,2024-12-24,9,rumor,ecmwf-ifs-025-00z-aws-open-data,-8.86,0.481,6,1.06,18,0,false,"ECMWF IFS 0.25 degree open data on AWS, 2t surface field"
2024-12-15,2024-12-25,10,rumor,ecmwf-ifs-025-00z-aws-open-data,-2.201,0.434,2,1.06,18,0,false,"ECMWF IFS 0.25 degree open data on AWS, 2t surface field"
2024-12-16,2024-12-17,1,selloff,ecmwf-ifs-025-00z-aws-open-data,13.994,0,0,1.06,18,0,false,"ECMWF IFS 0.25 degree open data on AWS, 2t surface field"
2024-12-16,2024-12-18,2,selloff,ecmwf-ifs-025-00z-aws-open-data,13.018,0,0,1.06,18,0,false,"ECMWF IFS 0.25 degree open data on AWS, 2t surface field"
2024-12-16,2024-12-19,3,selloff,ecmwf-ifs-025-00z-aws-open-data,8.307,0,0,1.06,18,0,false,"ECMWF IFS 0.25 degree open data on AWS, 2t surface field"
2024-12-16,2024-12-23,7,rumor,ecmwf-ifs-025-00z-aws-open-data,-11.609,0.717,7,1.06,18,0,true,"ECMWF IFS 0.25 degree open data on AWS, 2t surface field"
2024-12-16,2024-12-24,8,rumor,ecmwf-ifs-025-00z-aws-open-data,-3.578,0.434,4,1.06,18,0,false,"ECMWF IFS 0.25 degree open data on AWS, 2t surface field"
2024-12-16,2024-12-25,9,rumor,ecmwf-ifs-025-00z-aws-open-data,2.181,0.16,0,1.06,18,0,false,"ECMWF IFS 0.25 degree open data on AWS, 2t surface field"
2024-12-16,2024-12-26,10,rumor,ecmwf-ifs-025-00z-aws-open-data,5.989,0,0,1.06,18,0,false,"ECMWF IFS 0.25 degree open data on AWS, 2t surface field"
2024-12-17,2024-12-18,1,selloff,ecmwf-ifs-025-00z-aws-open-data,13.581,0,0,1.06,18,0,false,"ECMWF IFS 0.25 degree open data on AWS, 2t surface field"
2024-12-17,2024-12-19,2,selloff,ecmwf-ifs-025-00z-aws-open-data,9.12,0,0,1.06,18,0,false,"ECMWF IFS 0.25 degree open data on AWS, 2t surface field"
2024-12-17,2024-12-20,3,selloff,ecmwf-ifs-025-00z-aws-open-data,4.594,0,0,1.06,18,0,false,"ECMWF IFS 0.25 degree open data on AWS, 2t surface field"
2024-12-17,2024-12-24,7,rumor,ecmwf-ifs-025-00z-aws-open-data,-2.091,0.434,3,1.06,18,0,false,"ECMWF IFS 0.25 degree open data on AWS, 2t surface field"
2024-12-17,2024-12-25,8,rumor,ecmwf-ifs-025-00z-aws-open-data,4.76,0.047,0,1.06,18,0,false,"ECMWF IFS 0.25 degree open data on AWS, 2t surface field"
2024-12-17,2024-12-26,9,rumor,ecmwf-ifs-025-00z-aws-open-data,8.421,0,0,1.06,18,0,false,"ECMWF IFS 0.25 degree open data on AWS, 2t surface field"
2024-12-17,2024-12-27,10,rumor,ecmwf-ifs-025-00z-aws-open-data,10.551,0,0,1.06,18,0,false,"ECMWF IFS 0.25 degree open data on AWS, 2t surface field"
2024-12-18,2024-12-19,1,selloff,ecmwf-ifs-025-00z-aws-open-data,10.222,0,0,1.06,18,0,false,"ECMWF IFS 0.25 degree open data on AWS, 2t surface field"
2024-12-18,2024-12-20,2,selloff,ecmwf-ifs-025-00z-aws-open-data,3.949,0,0,1.06,18,0,false,"ECMWF IFS 0.25 degree open data on AWS, 2t surface field"
2024-12-18,2024-12-21,3,selloff,ecmwf-ifs-025-00z-aws-open-data,-1.576,0.066,0,1.06,18,0,false,"ECMWF IFS 0.25 degree open data on AWS, 2t surface field"
2024-12-18,2024-12-25,7,rumor,ecmwf-ifs-025-00z-aws-open-data,6.537,0,0,1.06,18,0,false,"ECMWF IFS 0.25 degree open data on AWS, 2t surface field"
2024-12-18,2024-12-26,8,rumor,ecmwf-ifs-025-00z-aws-open-data,10.22,0,0,1.06,18,0,false,"ECMWF IFS 0.25 degree open data on AWS, 2t surface field"
2024-12-18,2024-12-27,9,rumor,ecmwf-ifs-025-00z-aws-open-data,11.763,0,0,1.06,18,0,false,"ECMWF IFS 0.25 degree open data on AWS, 2t surface field"
2024-12-18,2024-12-28,10,rumor,ecmwf-ifs-025-00z-aws-open-data,13.767,0,0,1.06,18,0,false,"ECMWF IFS 0.25 degree open data on AWS, 2t surface field"
2024-12-19,2024-12-20,1,selloff,ecmwf-ifs-025-00z-aws-open-data,4.244,0,0,1.06,18,0,false,"ECMWF IFS 0.25 degree open data on AWS, 2t surface field"
2024-12-19,2024-12-21,2,selloff,ecmwf-ifs-025-00z-aws-open-data,-1.555,0.066,0,1.06,18,0,false,"ECMWF IFS 0.25 degree open data on AWS, 2t surface field"
2024-12-19,2024-12-22,3,selloff,ecmwf-ifs-025-00z-aws-open-data,-8.623,0.585,1,1.06,18,0,true,"ECMWF IFS 0.25 degree open data on AWS, 2t surface field"
2024-12-19,2024-12-26,7,rumor,ecmwf-ifs-025-00z-aws-open-data,9.395,0,0,1.06,18,0,false,"ECMWF IFS 0.25 degree open data on AWS, 2t surface field"
2024-12-19,2024-12-27,8,rumor,ecmwf-ifs-025-00z-aws-open-data,11.084,0,0,1.06,18,0,false,"ECMWF IFS 0.25 degree open data on AWS, 2t surface field"
2024-12-19,2024-12-28,9,rumor,ecmwf-ifs-025-00z-aws-open-data,12.27,0,0,1.06,18,0,false,"ECMWF IFS 0.25 degree open data on AWS, 2t surface field"
2024-12-19,2024-12-29,10,rumor,ecmwf-ifs-025-00z-aws-open-data,11.617,0,0,1.06,18,0,false,"ECMWF IFS 0.25 degree open data on AWS, 2t surface field"
2024-12-20,2024-12-21,1,selloff,ecmwf-ifs-025-00z-aws-open-data,-1.216,0.066,0,1.06,18,0,false,"ECMWF IFS 0.25 degree open data on AWS, 2t surface field"
2024-12-20,2024-12-22,2,selloff,ecmwf-ifs-025-00z-aws-open-data,-8.282,0.472,3,1.06,18,0,false,"ECMWF IFS 0.25 degree open data on AWS, 2t surface field"
2024-12-20,2024-12-23,3,selloff,ecmwf-ifs-025-00z-aws-open-data,-6.654,0.472,5,1.06,18,0,false,"ECMWF IFS 0.25 degree open data on AWS, 2t surface field"
2024-12-20,2024-12-27,7,rumor,ecmwf-ifs-025-00z-aws-open-data,7.565,0,0,1.06,18,0,false,"ECMWF IFS 0.25 degree open data on AWS, 2t surface field"
2024-12-20,2024-12-28,8,rumor,ecmwf-ifs-025-00z-aws-open-data,9.55,0,0,1.06,18,0,false,"ECMWF IFS 0.25 degree open data on AWS, 2t surface field"
2024-12-20,2024-12-29,9,rumor,ecmwf-ifs-025-00z-aws-open-data,11.076,0,0,1.06,18,0,false,"ECMWF IFS 0.25 degree open data on AWS, 2t surface field"
2024-12-20,2024-12-30,10,rumor,ecmwf-ifs-025-00z-aws-open-data,12.861,0,0,1.06,18,0,false,"ECMWF IFS 0.25 degree open data on AWS, 2t surface field"
2024-12-21,2024-12-22,1,selloff,ecmwf-ifs-025-00z-aws-open-data,-8.897,0.623,2,1.06,18,0,true,"ECMWF IFS 0.25 degree open data on AWS, 2t surface field"
2024-12-21,2024-12-23,2,selloff,ecmwf-ifs-025-00z-aws-open-data,-6.592,0.415,4,1.06,18,0,false,"ECMWF IFS 0.25 degree open data on AWS, 2t surface field"
2024-12-21,2024-12-24,3,selloff,ecmwf-ifs-025-00z-aws-open-data,2.233,0.302,1,1.06,18,0,false,"ECMWF IFS 0.25 degree open data on AWS, 2t surface field"
2024-12-21,2024-12-28,7,rumor,ecmwf-ifs-025-00z-aws-open-data,7.1,0,0,1.06,18,0,false,"ECMWF IFS 0.25 degree open data on AWS, 2t surface field"
2024-12-21,2024-12-29,8,rumor,ecmwf-ifs-025-00z-aws-open-data,10.511,0,0,1.06,18,0,false,"ECMWF IFS 0.25 degree open data on AWS, 2t surface field"
2024-12-21,2024-12-30,9,rumor,ecmwf-ifs-025-00z-aws-open-data,14.127,0,0,1.06,18,0,false,"ECMWF IFS 0.25 degree open data on AWS, 2t surface field"
2024-12-21,2024-12-31,10,rumor,ecmwf-ifs-025-00z-aws-open-data,13.984,0,0,1.06,18,0,false,"ECMWF IFS 0.25 degree open data on AWS, 2t surface field"
2024-12-22,2024-12-23,1,selloff,ecmwf-ifs-025-00z-aws-open-data,-6.683,0.415,3,1.06,18,0,false,"ECMWF IFS 0.25 degree open data on AWS, 2t surface field"
2024-12-22,2024-12-24,2,selloff,ecmwf-ifs-025-00z-aws-open-data,1.806,0.302,1,1.06,18,0,false,"ECMWF IFS 0.25 degree open data on AWS, 2t surface field"
2024-12-22,2024-12-25,3,selloff,ecmwf-ifs-025-00z-aws-open-data,6.511,0.104,0,1.06,18,0,false,"ECMWF IFS 0.25 degree open data on AWS, 2t surface field"
2024-12-22,2024-12-29,7,rumor,ecmwf-ifs-025-00z-aws-open-data,10.738,0,0,1.06,18,0,false,"ECMWF IFS 0.25 degree open data on AWS, 2t surface field"
2024-12-22,2024-12-30,8,rumor,ecmwf-ifs-025-00z-aws-open-data,11.773,0,0,1.06,18,0,false,"ECMWF IFS 0.25 degree open data on AWS, 2t surface field"
2024-12-22,2024-12-31,9,rumor,ecmwf-ifs-025-00z-aws-open-data,13.684,0,0,1.06,18,0,false,"ECMWF IFS 0.25 degree open data on AWS, 2t surface field"
2024-12-22,2025-01-01,10,rumor,ecmwf-ifs-025-00z-aws-open-data,13.551,0,0,1.06,18,0,false,"ECMWF IFS 0.25 degree open data on AWS, 2t surface field"
2024-12-23,2024-12-24,1,selloff,ecmwf-ifs-025-00z-aws-open-data,2.054,0.302,1,1.06,18,0,false,"ECMWF IFS 0.25 degree open data on AWS, 2t surface field"
2024-12-23,2024-12-25,2,selloff,ecmwf-ifs-025-00z-aws-open-data,6.743,0,0,1.06,18,0,false,"ECMWF IFS 0.25 degree open data on AWS, 2t surface field"
2024-12-23,2024-12-26,3,selloff,ecmwf-ifs-025-00z-aws-open-data,5.722,0.104,0,1.06,18,0,false,"ECMWF IFS 0.25 degree open data on AWS, 2t surface field"
2024-12-23,2024-12-30,7,rumor,ecmwf-ifs-025-00z-aws-open-data,15.22,0,0,1.06,18,0,false,"ECMWF IFS 0.25 degree open data on AWS, 2t surface field"
2024-12-23,2024-12-31,8,rumor,ecmwf-ifs-025-00z-aws-open-data,12.512,0,0,1.06,18,0,false,"ECMWF IFS 0.25 degree open data on AWS, 2t surface field"
2024-12-23,2025-01-01,9,rumor,ecmwf-ifs-025-00z-aws-open-data,9.896,0,0,1.06,18,0,false,"ECMWF IFS 0.25 degree open data on AWS, 2t surface field"
2024-12-23,2025-01-02,10,rumor,ecmwf-ifs-025-00z-aws-open-data,5.256,0,0,1.06,18,0,false,"ECMWF IFS 0.25 degree open data on AWS, 2t surface field"
2024-12-24,2024-12-25,1,selloff,ecmwf-ifs-025-00z-aws-open-data,6.957,0,0,1.06,18,0,false,"ECMWF IFS 0.25 degree open data on AWS, 2t surface field"
2024-12-24,2024-12-26,2,selloff,ecmwf-ifs-025-00z-aws-open-data,5.319,0.104,0,1.06,18,0,false,"ECMWF IFS 0.25 degree open data on AWS, 2t surface field"
2024-12-24,2024-12-27,3,selloff,ecmwf-ifs-025-00z-aws-open-data,5.861,0.104,1,1.06,18,0,false,"ECMWF IFS 0.25 degree open data on AWS, 2t surface field"
2024-12-24,2024-12-31,7,rumor,ecmwf-ifs-025-00z-aws-open-data,14.059,0,0,1.06,18,0,false,"ECMWF IFS 0.25 degree open data on AWS, 2t surface field"
2024-12-24,2025-01-01,8,rumor,ecmwf-ifs-025-00z-aws-open-data,10.772,0,0,1.06,18,0,false,"ECMWF IFS 0.25 degree open data on AWS, 2t surface field"
2024-12-24,2025-01-02,9,rumor,ecmwf-ifs-025-00z-aws-open-data,5.998,0,0,1.06,18,0,false,"ECMWF IFS 0.25 degree open data on AWS, 2t surface field"
2024-12-24,2025-01-03,10,rumor,ecmwf-ifs-025-00z-aws-open-data,2.75,0,0,1.06,18,0,false,"ECMWF IFS 0.25 degree open data on AWS, 2t surface field"
2024-12-25,2024-12-26,1,selloff,ecmwf-ifs-025-00z-aws-open-data,5.609,0.104,0,1.06,18,0,false,"ECMWF IFS 0.25 degree open data on AWS, 2t surface field"
2024-12-25,2024-12-27,2,selloff,ecmwf-ifs-025-00z-aws-open-data,6.211,0.104,1,1.06,18,0,false,"ECMWF IFS 0.25 degree open data on AWS, 2t surface field"
2024-12-25,2024-12-28,3,selloff,ecmwf-ifs-025-00z-aws-open-data,8.555,0.104,0,1.06,18,0,false,"ECMWF IFS 0.25 degree open data on AWS, 2t surface field"
2024-12-25,2025-01-01,7,rumor,ecmwf-ifs-025-00z-aws-open-data,8.922,0,0,1.06,18,0,false,"ECMWF IFS 0.25 degree open data on AWS, 2t surface field"
2024-12-25,2025-01-02,8,rumor,ecmwf-ifs-025-00z-aws-open-data,5.043,0,0,1.06,18,0,false,"ECMWF IFS 0.25 degree open data on AWS, 2t surface field"
2024-12-25,2025-01-03,9,rumor,ecmwf-ifs-025-00z-aws-open-data,1.286,0,0,1.06,18,0,false,"ECMWF IFS 0.25 degree open data on AWS, 2t surface field"
2024-12-25,2025-01-04,10,rumor,ecmwf-ifs-025-00z-aws-open-data,-0.882,0,0,1.06,18,0,false,"ECMWF IFS 0.25 degree open data on AWS, 2t surface field"
2024-12-26,2024-12-27,1,selloff,ecmwf-ifs-025-00z-aws-open-data,6.774,0.104,0,1.06,18,0,false,"ECMWF IFS 0.25 degree open data on AWS, 2t surface field"
2024-12-26,2024-12-28,2,selloff,ecmwf-ifs-025-00z-aws-open-data,9.169,0.104,0,1.06,18,0,false,"ECMWF IFS 0.25 degree open data on AWS, 2t surface field"
2024-12-26,2024-12-29,3,selloff,ecmwf-ifs-025-00z-aws-open-data,15.983,0,0,1.06,18,0,false,"ECMWF IFS 0.25 degree open data on AWS, 2t surface field"
2024-12-26,2025-01-02,7,rumor,ecmwf-ifs-025-00z-aws-open-data,2.954,0,0,1.06,18,0,false,"ECMWF IFS 0.25 degree open data on AWS, 2t surface field"
2024-12-26,2025-01-03,8,rumor,ecmwf-ifs-025-00z-aws-open-data,-1.305,0,0,1.06,18,0,false,"ECMWF IFS 0.25 degree open data on AWS, 2t surface field"
2024-12-26,2025-01-04,9,rumor,ecmwf-ifs-025-00z-aws-open-data,-4.343,0.283,0,1.06,18,0,false,"ECMWF IFS 0.25 degree open data on AWS, 2t surface field"
2024-12-26,2025-01-05,10,rumor,ecmwf-ifs-025-00z-aws-open-data,-4.964,0.302,0,1.06,18,0,false,"ECMWF IFS 0.25 degree open data on AWS, 2t surface field"
2024-12-27,2024-12-28,1,selloff,ecmwf-ifs-025-00z-aws-open-data,10.003,0,0,1.06,18,0,false,"ECMWF IFS 0.25 degree open data on AWS, 2t surface field"
2024-12-27,2024-12-29,2,selloff,ecmwf-ifs-025-00z-aws-open-data,15.765,0,0,1.06,18,0,false,"ECMWF IFS 0.25 degree open data on AWS, 2t surface field"
2024-12-27,2024-12-30,3,selloff,ecmwf-ifs-025-00z-aws-open-data,16.606,0,0,1.06,18,0,false,"ECMWF IFS 0.25 degree open data on AWS, 2t surface field"
2024-12-27,2025-01-03,7,rumor,ecmwf-ifs-025-00z-aws-open-data,-2.714,0.132,0,1.06,18,0,false,"ECMWF IFS 0.25 degree open data on AWS, 2t surface field"
2024-12-27,2025-01-04,8,rumor,ecmwf-ifs-025-00z-aws-open-data,-3.191,0.264,0,1.06,18,0,false,"ECMWF IFS 0.25 degree open data on AWS, 2t surface field"
2024-12-27,2025-01-05,9,rumor,ecmwf-ifs-025-00z-aws-open-data,-1.561,0.16,0,1.06,18,0,false,"ECMWF IFS 0.25 degree open data on AWS, 2t surface field"
2024-12-27,2025-01-06,10,rumor,ecmwf-ifs-025-00z-aws-open-data,5.209,0.16,0,1.06,18,0,false,"ECMWF IFS 0.25 degree open data on AWS, 2t surface field"
2024-12-28,2024-12-29,1,selloff,ecmwf-ifs-025-00z-aws-open-data,14.966,0,0,1.06,18,0,false,"ECMWF IFS 0.25 degree open data on AWS, 2t surface field"
2024-12-28,2024-12-30,2,selloff,ecmwf-ifs-025-00z-aws-open-data,16.127,0,0,1.06,18,0,false,"ECMWF IFS 0.25 degree open data on AWS, 2t surface field"
2024-12-28,2024-12-31,3,selloff,ecmwf-ifs-025-00z-aws-open-data,14.544,0,0,1.06,18,0,false,"ECMWF IFS 0.25 degree open data on AWS, 2t surface field"
2024-12-28,2025-01-04,7,rumor,ecmwf-ifs-025-00z-aws-open-data,-0.917,0.085,0,1.06,18,0,false,"ECMWF IFS 0.25 degree open data on AWS, 2t surface field"
2024-12-28,2025-01-05,8,rumor,ecmwf-ifs-025-00z-aws-open-data,-1.239,0,0,1.06,18,0,false,"ECMWF IFS 0.25 degree open data on AWS, 2t surface field"
2024-12-28,2025-01-06,9,rumor,ecmwf-ifs-025-00z-aws-open-data,4.107,0,0,1.06,18,0,false,"ECMWF IFS 0.25 degree open data on AWS, 2t surface field"
2024-12-28,2025-01-07,10,rumor,ecmwf-ifs-025-00z-aws-open-data,1.519,0.085,0,1.06,18,0,false,"ECMWF IFS 0.25 degree open data on AWS, 2t surface field"
2024-12-29,2024-12-30,1,selloff,ecmwf-ifs-025-00z-aws-open-data,16.247,0,0,1.06,18,0,false,"ECMWF IFS 0.25 degree open data on AWS, 2t surface field"
2024-12-29,2024-12-31,2,selloff,ecmwf-ifs-025-00z-aws-open-data,13.743,0,0,1.06,18,0,false,"ECMWF IFS 0.25 degree open data on AWS, 2t surface field"
2024-12-29,2025-01-01,3,selloff,ecmwf-ifs-025-00z-aws-open-data,10.051,0,0,1.06,18,0,false,"ECMWF IFS 0.25 degree open data on AWS, 2t surface field"
2024-12-29,2025-01-05,7,rumor,ecmwf-ifs-025-00z-aws-open-data,0.387,0,0,1.06,18,0,false,"ECMWF IFS 0.25 degree open data on AWS, 2t surface field"
2024-12-29,2025-01-06,8,rumor,ecmwf-ifs-025-00z-aws-open-data,0.777,0.038,1,1.06,18,0,false,"ECMWF IFS 0.25 degree open data on AWS, 2t surface field"
2024-12-29,2025-01-07,9,rumor,ecmwf-ifs-025-00z-aws-open-data,-9.707,0.528,5,1.06,18,0,false,"ECMWF IFS 0.25 degree open data on AWS, 2t surface field"
2024-12-29,2025-01-08,10,rumor,ecmwf-ifs-025-00z-aws-open-data,-17.237,0.849,9,1.06,18,0,true,"ECMWF IFS 0.25 degree open data on AWS, 2t surface field"
2024-12-30,2024-12-31,1,selloff,ecmwf-ifs-025-00z-aws-open-data,13.295,0,0,1.06,18,0,false,"ECMWF IFS 0.25 degree open data on AWS, 2t surface field"
2024-12-30,2025-01-01,2,selloff,ecmwf-ifs-025-00z-aws-open-data,10.11,0,0,1.06,18,0,false,"ECMWF IFS 0.25 degree open data on AWS, 2t surface field"
2024-12-30,2025-01-02,3,selloff,ecmwf-ifs-025-00z-aws-open-data,2.896,0,0,1.06,18,0,false,"ECMWF IFS 0.25 degree open data on AWS, 2t surface field"
2024-12-30,2025-01-06,7,rumor,ecmwf-ifs-025-00z-aws-open-data,0.259,0,0,1.06,18,0,false,"ECMWF IFS 0.25 degree open data on AWS, 2t surface field"
2024-12-30,2025-01-07,8,rumor,ecmwf-ifs-025-00z-aws-open-data,-3.418,0.189,1,1.06,18,0,false,"ECMWF IFS 0.25 degree open data on AWS, 2t surface field"
2024-12-30,2025-01-08,9,rumor,ecmwf-ifs-025-00z-aws-open-data,-7.057,0.33,3,1.06,18,0,false,"ECMWF IFS 0.25 degree open data on AWS, 2t surface field"
2024-12-30,2025-01-09,10,rumor,ecmwf-ifs-025-00z-aws-open-data,-10.698,0.679,7,1.06,18,0,true,"ECMWF IFS 0.25 degree open data on AWS, 2t surface field"
2024-12-31,2025-01-01,1,selloff,ecmwf-ifs-025-00z-aws-open-data,10.495,0,0,1.06,18,0,false,"ECMWF IFS 0.25 degree open data on AWS, 2t surface field"
2024-12-31,2025-01-02,2,selloff,ecmwf-ifs-025-00z-aws-open-data,3.472,0,0,1.06,18,0,false,"ECMWF IFS 0.25 degree open data on AWS, 2t surface field"
2024-12-31,2025-01-03,3,selloff,ecmwf-ifs-025-00z-aws-open-data,0.918,0,0,1.06,18,0,false,"ECMWF IFS 0.25 degree open data on AWS, 2t surface field"
2024-12-31,2025-01-07,7,rumor,ecmwf-ifs-025-00z-aws-open-data,-4.425,0.302,1,1.06,18,0,false,"ECMWF IFS 0.25 degree open data on AWS, 2t surface field"
2024-12-31,2025-01-08,8,rumor,ecmwf-ifs-025-00z-aws-open-data,-7.276,0.5,2,1.06,18,0,false,"ECMWF IFS 0.25 degree open data on AWS, 2t surface field"
2024-12-31,2025-01-09,9,rumor,ecmwf-ifs-025-00z-aws-open-data,-8.315,0.613,2,1.06,18,0,true,"ECMWF IFS 0.25 degree open data on AWS, 2t surface field"
2024-12-31,2025-01-10,10,rumor,ecmwf-ifs-025-00z-aws-open-data,-6.296,0.311,1,1.06,18,0,false,"ECMWF IFS 0.25 degree open data on AWS, 2t surface field"
2025-01-01,2025-01-02,1,selloff,ecmwf-ifs-025-00z-aws-open-data,3.31,0,0,1.06,18,0,false,"ECMWF IFS 0.25 degree open data on AWS, 2t surface field"
2025-01-01,2025-01-03,2,selloff,ecmwf-ifs-025-00z-aws-open-data,1.223,0,0,1.06,18,0,false,"ECMWF IFS 0.25 degree open data on AWS, 2t surface field"
2025-01-01,2025-01-04,3,selloff,ecmwf-ifs-025-00z-aws-open-data,-1.529,0.085,0,1.06,18,0,false,"ECMWF IFS 0.25 degree open data on AWS, 2t surface field"
2025-01-01,2025-01-08,7,rumor,ecmwf-ifs-025-00z-aws-open-data,-9.738,0.623,3,1.06,18,0,true,"ECMWF IFS 0.25 degree open data on AWS, 2t surface field"
2025-01-01,2025-01-09,8,rumor,ecmwf-ifs-025-00z-aws-open-data,-13.181,0.887,6,1.06,18,0,true,"ECMWF IFS 0.25 degree open data on AWS, 2t surface field"
2025-01-01,2025-01-10,9,rumor,ecmwf-ifs-025-00z-aws-open-data,-7.988,0.66,4,1.06,18,0,false,"ECMWF IFS 0.25 degree open data on AWS, 2t surface field"
2025-01-01,2025-01-11,10,rumor,ecmwf-ifs-025-00z-aws-open-data,-4.344,0.274,0,1.06,18,0,false,"ECMWF IFS 0.25 degree open data on AWS, 2t surface field"
2025-01-02,2025-01-03,1,selloff,ecmwf-ifs-025-00z-aws-open-data,1.962,0,0,1.06,18,0,false,"ECMWF IFS 0.25 degree open data on AWS, 2t surface field"
2025-01-02,2025-01-04,2,selloff,ecmwf-ifs-025-00z-aws-open-data,-0.848,0.085,0,1.06,18,0,false,"ECMWF IFS 0.25 degree open data on AWS, 2t surface field"
2025-01-02,2025-01-05,3,selloff,ecmwf-ifs-025-00z-aws-open-data,-1.529,0,0,1.06,18,0,false,"ECMWF IFS 0.25 degree open data on AWS, 2t surface field"
2025-01-02,2025-01-09,7,rumor,ecmwf-ifs-025-00z-aws-open-data,-11.338,0.689,5,1.06,18,0,true,"ECMWF IFS 0.25 degree open data on AWS, 2t surface field"
2025-01-02,2025-01-10,8,rumor,ecmwf-ifs-025-00z-aws-open-data,-9.27,0.764,5,1.06,18,0,true,"ECMWF IFS 0.25 degree open data on AWS, 2t surface field"
2025-01-02,2025-01-11,9,rumor,ecmwf-ifs-025-00z-aws-open-data,-7.787,0.575,3,1.06,18,0,false,"ECMWF IFS 0.25 degree open data on AWS, 2t surface field"
2025-01-02,2025-01-12,10,rumor,ecmwf-ifs-025-00z-aws-open-data,-11.907,0.67,7,1.06,18,0,true,"ECMWF IFS 0.25 degree open data on AWS, 2t surface field"
2025-01-03,2025-01-04,1,selloff,ecmwf-ifs-025-00z-aws-open-data,-1.224,0,0,1.06,18,0,false,"ECMWF IFS 0.25 degree open data on AWS, 2t surface field"
2025-01-03,2025-01-05,2,selloff,ecmwf-ifs-025-00z-aws-open-data,-2.497,0.104,0,1.06,18,0,false,"ECMWF IFS 0.25 degree open data on AWS, 2t surface field"
2025-01-03,2025-01-06,3,selloff,ecmwf-ifs-025-00z-aws-open-data,-1.407,0.038,0,1.06,18,0,false,"ECMWF IFS 0.25 degree open data on AWS, 2t surface field"
2025-01-03,2025-01-10,7,rumor,ecmwf-ifs-025-00z-aws-open-data,-8.25,0.632,4,1.06,18,0,true,"ECMWF IFS 0.25 degree open data on AWS, 2t surface field"
2025-01-03,2025-01-11,8,rumor,ecmwf-ifs-025-00z-aws-open-data,-3.797,0.132,0,1.06,18,0,false,"ECMWF IFS 0.25 degree open data on AWS, 2t surface field"
2025-01-03,2025-01-12,9,rumor,ecmwf-ifs-025-00z-aws-open-data,-5.01,0.453,1,1.06,18,0,false,"ECMWF IFS 0.25 degree open data on AWS, 2t surface field"
2025-01-03,2025-01-13,10,rumor,ecmwf-ifs-025-00z-aws-open-data,1.384,0.066,0,1.06,18,0,false,"ECMWF IFS 0.25 degree open data on AWS, 2t surface field"
2025-01-04,2025-01-05,1,selloff,ecmwf-ifs-025-00z-aws-open-data,-2.025,0.066,0,1.06,18,0,false,"ECMWF IFS 0.25 degree open data on AWS, 2t surface field"
2025-01-04,2025-01-06,2,selloff,ecmwf-ifs-025-00z-aws-open-data,-1.362,0.038,0,1.06,18,0,false,"ECMWF IFS 0.25 degree open data on AWS, 2t surface field"
2025-01-04,2025-01-07,3,selloff,ecmwf-ifs-025-00z-aws-open-data,-5.118,0.198,1,1.06,18,0,false,"ECMWF IFS 0.25 degree open data on AWS, 2t surface field"
2025-01-04,2025-01-11,7,rumor,ecmwf-ifs-025-00z-aws-open-data,-4.032,0.198,0,1.06,18,0,false,"ECMWF IFS 0.25 degree open data on AWS, 2t surface field"
2025-01-04,2025-01-12,8,rumor,ecmwf-ifs-025-00z-aws-open-data,-10.108,0.849,5,1.06,18,0,true,"ECMWF IFS 0.25 degree open data on AWS, 2t surface field"
2025-01-04,2025-01-13,9,rumor,ecmwf-ifs-025-00z-aws-open-data,-3.743,0.462,3,1.06,18,0,false,"ECMWF IFS 0.25 degree open data on AWS, 2t surface field"
2025-01-04,2025-01-14,10,rumor,ecmwf-ifs-025-00z-aws-open-data,0.608,0,0,1.06,18,0,false,"ECMWF IFS 0.25 degree open data on AWS, 2t surface field"
2025-01-05,2025-01-06,1,selloff,ecmwf-ifs-025-00z-aws-open-data,-0.982,0.038,0,1.06,18,0,false,"ECMWF IFS 0.25 degree open data on AWS, 2t surface field"
2025-01-05,2025-01-07,2,selloff,ecmwf-ifs-025-00z-aws-open-data,-4.781,0.151,1,1.06,18,0,false,"ECMWF IFS 0.25 degree open data on AWS, 2t surface field"
2025-01-05,2025-01-08,3,selloff,ecmwf-ifs-025-00z-aws-open-data,-6.424,0.226,1,1.06,18,0,false,"ECMWF IFS 0.25 degree open data on AWS, 2t surface field"
2025-01-05,2025-01-12,7,rumor,ecmwf-ifs-025-00z-aws-open-data,-5.857,0.33,0,1.06,18,0,false,"ECMWF IFS 0.25 degree open data on AWS, 2t surface field"
2025-01-05,2025-01-13,8,rumor,ecmwf-ifs-025-00z-aws-open-data,-4.997,0.415,1,1.06,18,0,false,"ECMWF IFS 0.25 degree open data on AWS, 2t surface field"
2025-01-05,2025-01-14,9,rumor,ecmwf-ifs-025-00z-aws-open-data,-3.793,0.255,0,1.06,18,0,false,"ECMWF IFS 0.25 degree open data on AWS, 2t surface field"
2025-01-05,2025-01-15,10,rumor,ecmwf-ifs-025-00z-aws-open-data,-1.332,0.047,0,1.06,18,0,false,"ECMWF IFS 0.25 degree open data on AWS, 2t surface field"
2025-01-06,2025-01-07,1,selloff,ecmwf-ifs-025-00z-aws-open-data,-4.114,0.151,1,1.06,18,0,false,"ECMWF IFS 0.25 degree open data on AWS, 2t surface field"
2025-01-06,2025-01-08,2,selloff,ecmwf-ifs-025-00z-aws-open-data,-6.519,0.321,2,1.06,18,0,false,"ECMWF IFS 0.25 degree open data on AWS, 2t surface field"
2025-01-06,2025-01-09,3,selloff,ecmwf-ifs-025-00z-aws-open-data,-10.094,0.726,3,1.06,18,0,true,"ECMWF IFS 0.25 degree open data on AWS, 2t surface field"
2025-01-06,2025-01-13,7,rumor,ecmwf-ifs-025-00z-aws-open-data,-2.78,0.415,1,1.06,18,0,false,"ECMWF IFS 0.25 degree open data on AWS, 2t surface field"
2025-01-06,2025-01-14,8,rumor,ecmwf-ifs-025-00z-aws-open-data,-1.331,0.047,0,1.06,18,0,false,"ECMWF IFS 0.25 degree open data on AWS, 2t surface field"
2025-01-06,2025-01-15,9,rumor,ecmwf-ifs-025-00z-aws-open-data,-5.477,0.34,2,1.06,18,0,false,"ECMWF IFS 0.25 degree open data on AWS, 2t surface field"
2025-01-06,2025-01-16,10,rumor,ecmwf-ifs-025-00z-aws-open-data,-7.043,0.349,2,1.06,18,0,false,"ECMWF IFS 0.25 degree open data on AWS, 2t surface field"
2025-01-07,2025-01-08,1,selloff,ecmwf-ifs-025-00z-aws-open-data,-6.764,0.283,3,1.06,18,0,false,"ECMWF IFS 0.25 degree open data on AWS, 2t surface field"
2025-01-07,2025-01-09,2,selloff,ecmwf-ifs-025-00z-aws-open-data,-10.059,0.83,3,1.06,18,0,true,"ECMWF IFS 0.25 degree open data on AWS, 2t surface field"
2025-01-07,2025-01-10,3,selloff,ecmwf-ifs-025-00z-aws-open-data,-7.803,0.698,1,1.06,18,0,false,"ECMWF IFS 0.25 degree open data on AWS, 2t surface field"
2025-01-07,2025-01-14,7,rumor,ecmwf-ifs-025-00z-aws-open-data,0.199,0.066,0,1.06,18,0,false,"ECMWF IFS 0.25 degree open data on AWS, 2t surface field"
2025-01-07,2025-01-15,8,rumor,ecmwf-ifs-025-00z-aws-open-data,-3.181,0.198,0,1.06,18,0,false,"ECMWF IFS 0.25 degree open data on AWS, 2t surface field"
2025-01-07,2025-01-16,9,rumor,ecmwf-ifs-025-00z-aws-open-data,-8.622,0.632,3,1.06,18,0,true,"ECMWF IFS 0.25 degree open data on AWS, 2t surface field"
2025-01-07,2025-01-17,10,rumor,ecmwf-ifs-025-00z-aws-open-data,-2.159,0.368,1,1.06,18,0,false,"ECMWF IFS 0.25 degree open data on AWS, 2t surface field"
2025-01-08,2025-01-09,1,selloff,ecmwf-ifs-025-00z-aws-open-data,-9.536,0.698,3,1.06,18,0,true,"ECMWF IFS 0.25 degree open data on AWS, 2t surface field"
2025-01-08,2025-01-10,2,selloff,ecmwf-ifs-025-00z-aws-open-data,-6.747,0.462,1,1.06,18,0,false,"ECMWF IFS 0.25 degree open data on AWS, 2t surface field"
2025-01-08,2025-01-11,3,selloff,ecmwf-ifs-025-00z-aws-open-data,-4.837,0.349,0,1.06,18,0,false,"ECMWF IFS 0.25 degree open data on AWS, 2t surface field"
2025-01-08,2025-01-15,7,rumor,ecmwf-ifs-025-00z-aws-open-data,-6.4,0.557,2,1.06,18,0,false,"ECMWF IFS 0.25 degree open data on AWS, 2t surface field"
2025-01-08,2025-01-16,8,rumor,ecmwf-ifs-025-00z-aws-open-data,-7.36,0.453,4,1.06,18,0,false,"ECMWF IFS 0.25 degree open data on AWS, 2t surface field"
2025-01-08,2025-01-17,9,rumor,ecmwf-ifs-025-00z-aws-open-data,0.129,0.066,0,1.06,18,0,false,"ECMWF IFS 0.25 degree open data on AWS, 2t surface field"
2025-01-08,2025-01-18,10,rumor,ecmwf-ifs-025-00z-aws-open-data,4.473,0,0,1.06,18,0,false,"ECMWF IFS 0.25 degree open data on AWS, 2t surface field"
2025-01-09,2025-01-10,1,selloff,ecmwf-ifs-025-00z-aws-open-data,-6.725,0.462,1,1.06,18,0,false,"ECMWF IFS 0.25 degree open data on AWS, 2t surface field"
2025-01-09,2025-01-11,2,selloff,ecmwf-ifs-025-00z-aws-open-data,-5.314,0.283,0,1.06,18,0,false,"ECMWF IFS 0.25 degree open data on AWS, 2t surface field"
2025-01-09,2025-01-12,3,selloff,ecmwf-ifs-025-00z-aws-open-data,-6.648,0.387,3,1.06,18,0,false,"ECMWF IFS 0.25 degree open data on AWS, 2t surface field"
2025-01-09,2025-01-16,7,rumor,ecmwf-ifs-025-00z-aws-open-data,-8.332,0.585,6,1.06,18,0,true,"ECMWF IFS 0.25 degree open data on AWS, 2t surface field"
2025-01-09,2025-01-17,8,rumor,ecmwf-ifs-025-00z-aws-open-data,-1.967,0.368,1,1.06,18,0,false,"ECMWF IFS 0.25 degree open data on AWS, 2t surface field"
2025-01-09,2025-01-18,9,rumor,ecmwf-ifs-025-00z-aws-open-data,5.96,0,0,1.06,18,0,false,"ECMWF IFS 0.25 degree open data on AWS, 2t surface field"
2025-01-09,2025-01-19,10,rumor,ecmwf-ifs-025-00z-aws-open-data,9.406,0,0,1.06,18,0,false,"ECMWF IFS 0.25 degree open data on AWS, 2t surface field"
2025-01-10,2025-01-11,1,selloff,ecmwf-ifs-025-00z-aws-open-data,-5.074,0.283,0,1.06,18,0,false,"ECMWF IFS 0.25 degree open data on AWS, 2t surface field"
2025-01-10,2025-01-12,2,selloff,ecmwf-ifs-025-00z-aws-open-data,-5.968,0.453,2,1.06,18,0,false,"ECMWF IFS 0.25 degree open data on AWS, 2t surface field"
2025-01-10,2025-01-13,3,selloff,ecmwf-ifs-025-00z-aws-open-data,-3.543,0.255,2,1.06,18,0,false,"ECMWF IFS 0.25 degree open data on AWS, 2t surface field"
2025-01-10,2025-01-17,7,rumor,ecmwf-ifs-025-00z-aws-open-data,0.935,0.16,0,1.06,18,0,false,"ECMWF IFS 0.25 degree open data on AWS, 2t surface field"
2025-01-10,2025-01-18,8,rumor,ecmwf-ifs-025-00z-aws-open-data,9.471,0,0,1.06,18,0,false,"ECMWF IFS 0.25 degree open data on AWS, 2t surface field"
2025-01-10,2025-01-19,9,rumor,ecmwf-ifs-025-00z-aws-open-data,8.968,0,0,1.06,18,0,false,"ECMWF IFS 0.25 degree open data on AWS, 2t surface field"
2025-01-10,2025-01-20,10,rumor,ecmwf-ifs-025-00z-aws-open-data,-0.412,0.283,1,1.06,18,0,false,"ECMWF IFS 0.25 degree open data on AWS, 2t surface field"
2025-01-11,2025-01-12,1,selloff,ecmwf-ifs-025-00z-aws-open-data,-5.824,0.406,4,1.06,18,0,false,"ECMWF IFS 0.25 degree open data on AWS, 2t surface field"
2025-01-11,2025-01-13,2,selloff,ecmwf-ifs-025-00z-aws-open-data,-3.619,0.255,2,1.06,18,0,false,"ECMWF IFS 0.25 degree open data on AWS, 2t surface field"
2025-01-11,2025-01-14,3,selloff,ecmwf-ifs-025-00z-aws-open-data,-6.023,0.368,4,1.06,18,0,false,"ECMWF IFS 0.25 degree open data on AWS, 2t surface field"
2025-01-11,2025-01-18,7,rumor,ecmwf-ifs-025-00z-aws-open-data,5.677,0,0,1.06,18,0,false,"ECMWF IFS 0.25 degree open data on AWS, 2t surface field"
2025-01-11,2025-01-19,8,rumor,ecmwf-ifs-025-00z-aws-open-data,3.566,0,0,1.06,18,0,false,"ECMWF IFS 0.25 degree open data on AWS, 2t surface field"
2025-01-11,2025-01-20,9,rumor,ecmwf-ifs-025-00z-aws-open-data,-1.17,0.085,1,1.06,18,0,false,"ECMWF IFS 0.25 degree open data on AWS, 2t surface field"
2025-01-11,2025-01-21,10,rumor,ecmwf-ifs-025-00z-aws-open-data,-1.367,0.17,1,1.06,18,0,false,"ECMWF IFS 0.25 degree open data on AWS, 2t surface field"
2025-01-12,2025-01-13,1,selloff,ecmwf-ifs-025-00z-aws-open-data,-3.263,0.217,1,1.06,18,0,false,"ECMWF IFS 0.25 degree open data on AWS, 2t surface field"
2025-01-12,2025-01-14,2,selloff,ecmwf-ifs-025-00z-aws-open-data,-6.002,0.415,3,1.06,18,0,false,"ECMWF IFS 0.25 degree open data on AWS, 2t surface field"
2025-01-12,2025-01-15,3,selloff,ecmwf-ifs-025-00z-aws-open-data,-8.189,0.509,4,1.06,18,0,false,"ECMWF IFS 0.25 degree open data on AWS, 2t surface field"
2025-01-12,2025-01-19,7,rumor,ecmwf-ifs-025-00z-aws-open-data,6.313,0,0,1.06,18,0,false,"ECMWF IFS 0.25 degree open data on AWS, 2t surface field"
2025-01-12,2025-01-20,8,rumor,ecmwf-ifs-025-00z-aws-open-data,-4.394,0.368,1,1.06,18,0,false,"ECMWF IFS 0.25 degree open data on AWS, 2t surface field"
2025-01-12,2025-01-21,9,rumor,ecmwf-ifs-025-00z-aws-open-data,-13.637,0.632,10,1.06,18,0,true,"ECMWF IFS 0.25 degree open data on AWS, 2t surface field"
2025-01-12,2025-01-22,10,rumor,ecmwf-ifs-025-00z-aws-open-data,-15.353,0.858,13,1.06,18,0,true,"ECMWF IFS 0.25 degree open data on AWS, 2t surface field"
2025-01-13,2025-01-14,1,selloff,ecmwf-ifs-025-00z-aws-open-data,-5.035,0.368,3,1.06,18,0,false,"ECMWF IFS 0.25 degree open data on AWS, 2t surface field"
2025-01-13,2025-01-15,2,selloff,ecmwf-ifs-025-00z-aws-open-data,-7.243,0.349,3,1.06,18,0,false,"ECMWF IFS 0.25 degree open data on AWS, 2t surface field"
2025-01-13,2025-01-16,3,selloff,ecmwf-ifs-025-00z-aws-open-data,-6.231,0.528,1,1.06,18,0,false,"ECMWF IFS 0.25 degree open data on AWS, 2t surface field"
2025-01-13,2025-01-20,7,rumor,ecmwf-ifs-025-00z-aws-open-data,-5.223,0.462,4,1.06,18,0,false,"ECMWF IFS 0.25 degree open data on AWS, 2t surface field"
2025-01-13,2025-01-21,8,rumor,ecmwf-ifs-025-00z-aws-open-data,-15.995,0.783,13,1.06,18,0,true,"ECMWF IFS 0.25 degree open data on AWS, 2t surface field"
2025-01-13,2025-01-22,9,rumor,ecmwf-ifs-025-00z-aws-open-data,-18.545,1,13,1.06,18,0,true,"ECMWF IFS 0.25 degree open data on AWS, 2t surface field"
2025-01-13,2025-01-23,10,rumor,ecmwf-ifs-025-00z-aws-open-data,-7.727,0.538,5,1.06,18,0,false,"ECMWF IFS 0.25 degree open data on AWS, 2t surface field"
2025-01-14,2025-01-15,1,selloff,ecmwf-ifs-025-00z-aws-open-data,-6.652,0.34,3,1.06,18,0,false,"ECMWF IFS 0.25 degree open data on AWS, 2t surface field"
2025-01-14,2025-01-16,2,selloff,ecmwf-ifs-025-00z-aws-open-data,-5.686,0.377,1,1.06,18,0,false,"ECMWF IFS 0.25 degree open data on AWS, 2t surface field"
2025-01-14,2025-01-17,3,selloff,ecmwf-ifs-025-00z-aws-open-data,3.241,0,0,1.06,18,0,false,"ECMWF IFS 0.25 degree open data on AWS, 2t surface field"
2025-01-14,2025-01-21,7,rumor,ecmwf-ifs-025-00z-aws-open-data,-16.767,0.887,12,1.06,18,0,true,"ECMWF IFS 0.25 degree open data on AWS, 2t surface field"
2025-01-14,2025-01-22,8,rumor,ecmwf-ifs-025-00z-aws-open-data,-16.463,0.896,13,1.06,18,0,true,"ECMWF IFS 0.25 degree open data on AWS, 2t surface field"
2025-01-14,2025-01-23,9,rumor,ecmwf-ifs-025-00z-aws-open-data,-7.412,0.519,2,1.06,18,0,false,"ECMWF IFS 0.25 degree open data on AWS, 2t surface field"
2025-01-14,2025-01-24,10,rumor,ecmwf-ifs-025-00z-aws-open-data,3.349,0,0,1.06,18,0,false,"ECMWF IFS 0.25 degree open data on AWS, 2t surface field"
2025-01-15,2025-01-16,1,selloff,ecmwf-ifs-025-00z-aws-open-data,-4.868,0.377,0,1.06,18,0,false,"ECMWF IFS 0.25 degree open data on AWS, 2t surface field"
2025-01-15,2025-01-17,2,selloff,ecmwf-ifs-025-00z-aws-open-data,4.033,0,0,1.06,18,0,false,"ECMWF IFS 0.25 degree open data on AWS, 2t surface field"
2025-01-15,2025-01-18,3,selloff,ecmwf-ifs-025-00z-aws-open-data,7.441,0,0,1.06,18,0,false,"ECMWF IFS 0.25 degree open data on AWS, 2t surface field"
2025-01-15,2025-01-22,7,rumor,ecmwf-ifs-025-00z-aws-open-data,-17.517,0.934,12,1.06,18,0,true,"ECMWF IFS 0.25 degree open data on AWS, 2t surface field"
2025-01-15,2025-01-23,8,rumor,ecmwf-ifs-025-00z-aws-open-data,-8.545,0.481,2,1.06,18,0,false,"ECMWF IFS 0.25 degree open data on AWS, 2t surface field"
2025-01-15,2025-01-24,9,rumor,ecmwf-ifs-025-00z-aws-open-data,-3.434,0.151,0,1.06,18,0,false,"ECMWF IFS 0.25 degree open data on AWS, 2t surface field"
2025-01-15,2025-01-25,10,rumor,ecmwf-ifs-025-00z-aws-open-data,1.92,0.094,0,1.06,18,0,false,"ECMWF IFS 0.25 degree open data on AWS, 2t surface field"
2025-01-16,2025-01-17,1,selloff,ecmwf-ifs-025-00z-aws-open-data,4.427,0,0,1.06,18,0,false,"ECMWF IFS 0.25 degree open data on AWS, 2t surface field"
2025-01-16,2025-01-18,2,selloff,ecmwf-ifs-025-00z-aws-open-data,8.002,0,0,1.06,18,0,false,"ECMWF IFS 0.25 degree open data on AWS, 2t surface field"
2025-01-16,2025-01-19,3,selloff,ecmwf-ifs-025-00z-aws-open-data,3.056,0.038,0,1.06,18,0,false,"ECMWF IFS 0.25 degree open data on AWS, 2t surface field"
2025-01-16,2025-01-23,7,rumor,ecmwf-ifs-025-00z-aws-open-data,-11.245,0.538,9,1.06,18,0,false,"ECMWF IFS 0.25 degree open data on AWS, 2t surface field"
2025-01-16,2025-01-24,8,rumor,ecmwf-ifs-025-00z-aws-open-data,-2.879,0.104,0,1.06,18,0,false,"ECMWF IFS 0.25 degree open data on AWS, 2t surface field"
2025-01-16,2025-01-25,9,rumor,ecmwf-ifs-025-00z-aws-open-data,1.438,0.085,0,1.06,18,0,false,"ECMWF IFS 0.25 degree open data on AWS, 2t surface field"
2025-01-16,2025-01-26,10,rumor,ecmwf-ifs-025-00z-aws-open-data,0.839,0.038,0,1.06,18,0,false,"ECMWF IFS 0.25 degree open data on AWS, 2t surface field"
2025-01-17,2025-01-18,1,selloff,ecmwf-ifs-025-00z-aws-open-data,8.462,0,0,1.06,18,0,false,"ECMWF IFS 0.25 degree open data on AWS, 2t surface field"
2025-01-17,2025-01-19,2,selloff,ecmwf-ifs-025-00z-aws-open-data,3.736,0,0,1.06,18,0,false,"ECMWF IFS 0.25 degree open data on AWS, 2t surface field"
2025-01-17,2025-01-20,3,selloff,ecmwf-ifs-025-00z-aws-open-data,-9.977,0.519,6,1.06,18,0,false,"ECMWF IFS 0.25 degree open data on AWS, 2t surface field"
2025-01-17,2025-01-24,7,rumor,ecmwf-ifs-025-00z-aws-open-data,-5.495,0.321,0,1.06,18,0,false,"ECMWF IFS 0.25 degree open data on AWS, 2t surface field"
2025-01-17,2025-01-25,8,rumor,ecmwf-ifs-025-00z-aws-open-data,-2.831,0.198,1,1.06,18,0,false,"ECMWF IFS 0.25 degree open data on AWS, 2t surface field"
2025-01-17,2025-01-26,9,rumor,ecmwf-ifs-025-00z-aws-open-data,1.549,0.047,0,1.06,18,0,false,"ECMWF IFS 0.25 degree open data on AWS, 2t surface field"
2025-01-17,2025-01-27,10,rumor,ecmwf-ifs-025-00z-aws-open-data,2.093,0,0,1.06,18,0,false,"ECMWF IFS 0.25 degree open data on AWS, 2t surface field"
2025-01-18,2025-01-19,1,selloff,ecmwf-ifs-025-00z-aws-open-data,3.906,0,0,1.06,18,0,false,"ECMWF IFS 0.25 degree open data on AWS, 2t surface field"
2025-01-18,2025-01-20,2,selloff,ecmwf-ifs-025-00z-aws-open-data,-9.872,0.519,7,1.06,18,0,false,"ECMWF IFS 0.25 degree open data on AWS, 2t surface field"
2025-01-18,2025-01-21,3,selloff,ecmwf-ifs-025-00z-aws-open-data,-16.163,1,13,1.06,18,0,true,"ECMWF IFS 0.25 degree open data on AWS, 2t surface field"
2025-01-18,2025-01-25,7,rumor,ecmwf-ifs-025-00z-aws-open-data,-1.31,0.142,0,1.06,18,0,false,"ECMWF IFS 0.25 degree open data on AWS, 2t surface field"
2025-01-18,2025-01-26,8,rumor,ecmwf-ifs-025-00z-aws-open-data,2.339,0,0,1.06,18,0,false,"ECMWF IFS 0.25 degree open data on AWS, 2t surface field"
2025-01-18,2025-01-27,9,rumor,ecmwf-ifs-025-00z-aws-open-data,4.072,0,0,1.06,18,0,false,"ECMWF IFS 0.25 degree open data on AWS, 2t surface field"
2025-01-18,2025-01-28,10,rumor,ecmwf-ifs-025-00z-aws-open-data,6.455,0,0,1.06,18,0,false,"ECMWF IFS 0.25 degree open data on AWS, 2t surface field"
2025-01-19,2025-01-20,1,selloff,ecmwf-ifs-025-00z-aws-open-data,-8.643,0.528,8,1.06,18,0,false,"ECMWF IFS 0.25 degree open data on AWS, 2t surface field"
2025-01-19,2025-01-21,2,selloff,ecmwf-ifs-025-00z-aws-open-data,-16.288,0.943,14,1.06,18,0,true,"ECMWF IFS 0.25 degree open data on AWS, 2t surface field"
2025-01-19,2025-01-22,3,selloff,ecmwf-ifs-025-00z-aws-open-data,-18.991,0.962,11,1.06,18,0,true,"ECMWF IFS 0.25 degree open data on AWS, 2t surface field"
2025-01-19,2025-01-26,7,rumor,ecmwf-ifs-025-00z-aws-open-data,3.943,0,0,1.06,18,0,false,"ECMWF IFS 0.25 degree open data on AWS, 2t surface field"
2025-01-19,2025-01-27,8,rumor,ecmwf-ifs-025-00z-aws-open-data,4.432,0,0,1.06,18,0,false,"ECMWF IFS 0.25 degree open data on AWS, 2t surface field"
2025-01-19,2025-01-28,9,rumor,ecmwf-ifs-025-00z-aws-open-data,-1.122,0,0,1.06,18,0,false,"ECMWF IFS 0.25 degree open data on AWS, 2t surface field"
2025-01-19,2025-01-29,10,rumor,ecmwf-ifs-025-00z-aws-open-data,3.734,0,0,1.06,18,0,false,"ECMWF IFS 0.25 degree open data on AWS, 2t surface field"
2025-01-20,2025-01-21,1,selloff,ecmwf-ifs-025-00z-aws-open-data,-15.683,0.943,12,1.06,18,0,true,"ECMWF IFS 0.25 degree open data on AWS, 2t surface field"
2025-01-20,2025-01-22,2,selloff,ecmwf-ifs-025-00z-aws-open-data,-18.188,0.962,11,1.06,18,0,true,"ECMWF IFS 0.25 degree open data on AWS, 2t surface field"
2025-01-20,2025-01-23,3,selloff,ecmwf-ifs-025-00z-aws-open-data,-12.155,0.717,7,1.06,18,0,true,"ECMWF IFS 0.25 degree open data on AWS, 2t surface field"
2025-01-20,2025-01-27,7,rumor,ecmwf-ifs-025-00z-aws-open-data,2.614,0,0,1.06,18,0,false,"ECMWF IFS 0.25 degree open data on AWS, 2t surface field"
2025-01-20,2025-01-28,8,rumor,ecmwf-ifs-025-00z-aws-open-data,-3.029,0.264,0,1.06,18,0,false,"ECMWF IFS 0.25 degree open data on AWS, 2t surface field"
2025-01-20,2025-01-29,9,rumor,ecmwf-ifs-025-00z-aws-open-data,-2.119,0.406,1,1.06,18,0,false,"ECMWF IFS 0.25 degree open data on AWS, 2t surface field"
2025-01-20,2025-01-30,10,rumor,ecmwf-ifs-025-00z-aws-open-data,5.502,0,0,1.06,18,0,false,"ECMWF IFS 0.25 degree open data on AWS, 2t surface field"
2025-01-21,2025-01-22,1,selloff,ecmwf-ifs-025-00z-aws-open-data,-18.1,0.943,11,1.06,18,0,true,"ECMWF IFS 0.25 degree open data on AWS, 2t surface field"
2025-01-21,2025-01-23,2,selloff,ecmwf-ifs-025-00z-aws-open-data,-12.048,0.717,8,1.06,18,0,true,"ECMWF IFS 0.25 degree open data on AWS, 2t surface field"
2025-01-21,2025-01-24,3,selloff,ecmwf-ifs-025-00z-aws-open-data,-8.761,0.566,2,1.06,18,0,true,"ECMWF IFS 0.25 degree open data on AWS, 2t surface field"
2025-01-21,2025-01-28,7,rumor,ecmwf-ifs-025-00z-aws-open-data,-0.233,0.104,0,1.06,18,0,false,"ECMWF IFS 0.25 degree open data on AWS, 2t surface field"
2025-01-21,2025-01-29,8,rumor,ecmwf-ifs-025-00z-aws-open-data,5.423,0,0,1.06,18,0,false,"ECMWF IFS 0.25 degree open data on AWS, 2t surface field"
2025-01-21,2025-01-30,9,rumor,ecmwf-ifs-025-00z-aws-open-data,8.496,0,0,1.06,18,0,false,"ECMWF IFS 0.25 degree open data on AWS, 2t surface field"
2025-01-21,2025-01-31,10,rumor,ecmwf-ifs-025-00z-aws-open-data,3.058,0,0,1.06,18,0,false,"ECMWF IFS 0.25 degree open data on AWS, 2t surface field"
2025-01-22,2025-01-23,1,selloff,ecmwf-ifs-025-00z-aws-open-data,-12.157,0.717,8,1.06,18,0,true,"ECMWF IFS 0.25 degree open data on AWS, 2t surface field"
2025-01-22,2025-01-24,2,selloff,ecmwf-ifs-025-00z-aws-open-data,-9.113,0.613,2,1.06,18,0,true,"ECMWF IFS 0.25 degree open data on AWS, 2t surface field"
2025-01-22,2025-01-25,3,selloff,ecmwf-ifs-025-00z-aws-open-data,-6.094,0.255,1,1.06,18,0,false,"ECMWF IFS 0.25 degree open data on AWS, 2t surface field"
2025-01-22,2025-01-29,7,rumor,ecmwf-ifs-025-00z-aws-open-data,7.828,0,0,1.06,18,0,false,"ECMWF IFS 0.25 degree open data on AWS, 2t surface field"
2025-01-22,2025-01-30,8,rumor,ecmwf-ifs-025-00z-aws-open-data,14.988,0,0,1.06,18,0,false,"ECMWF IFS 0.25 degree open data on AWS, 2t surface field"
2025-01-22,2025-01-31,9,rumor,ecmwf-ifs-025-00z-aws-open-data,5.342,0,0,1.06,18,0,false,"ECMWF IFS 0.25 degree open data on AWS, 2t surface field"
2025-01-22,2025-02-01,10,rumor,ecmwf-ifs-025-00z-aws-open-data,-3.869,0.33,2,1.06,18,0,false,"ECMWF IFS 0.25 degree open data on AWS, 2t surface field"
2025-01-23,2025-01-24,1,selloff,ecmwf-ifs-025-00z-aws-open-data,-8.338,0.547,1,1.06,18,0,false,"ECMWF IFS 0.25 degree open data on AWS, 2t surface field"
2025-01-23,2025-01-25,2,selloff,ecmwf-ifs-025-00z-aws-open-data,-5.127,0.387,0,1.06,18,0,false,"ECMWF IFS 0.25 degree open data on AWS, 2t surface field"
2025-01-23,2025-01-26,3,selloff,ecmwf-ifs-025-00z-aws-open-data,-0.143,0.104,0,1.06,18,0,false,"ECMWF IFS 0.25 degree open data on AWS, 2t surface field"
2025-01-23,2025-01-30,7,rumor,ecmwf-ifs-025-00z-aws-open-data,10.327,0,0,1.06,18,0,false,"ECMWF IFS 0.25 degree open data on AWS, 2t surface field"
2025-01-23,2025-01-31,8,rumor,ecmwf-ifs-025-00z-aws-open-data,13.657,0,0,1.06,18,0,false,"ECMWF IFS 0.25 degree open data on AWS, 2t surface field"
2025-01-23,2025-02-01,9,rumor,ecmwf-ifs-025-00z-aws-open-data,5.212,0,0,1.06,18,0,false,"ECMWF IFS 0.25 degree open data on AWS, 2t surface field"
2025-01-23,2025-02-02,10,rumor,ecmwf-ifs-025-00z-aws-open-data,3.941,0,0,1.06,18,0,false,"ECMWF IFS 0.25 degree open data on AWS, 2t surface field"
2025-01-24,2025-01-25,1,selloff,ecmwf-ifs-025-00z-aws-open-data,-5.319,0.396,0,1.06,18,0,false,"ECMWF IFS 0.25 degree open data on AWS, 2t surface field"
2025-01-24,2025-01-26,2,selloff,ecmwf-ifs-025-00z-aws-open-data,0.251,0.104,0,1.06,18,0,false,"ECMWF IFS 0.25 degree open data on AWS, 2t surface field"
2025-01-24,2025-01-27,3,selloff,ecmwf-ifs-025-00z-aws-open-data,-0.777,0,0,1.06,18,0,false,"ECMWF IFS 0.25 degree open data on AWS, 2t surface field"
2025-01-24,2025-01-31,7,rumor,ecmwf-ifs-025-00z-aws-open-data,0.663,0.217,1,1.06,18,0,false,"ECMWF IFS 0.25 degree open data on AWS, 2t surface field"
2025-01-24,2025-02-01,8,rumor,ecmwf-ifs-025-00z-aws-open-data,6.611,0.104,0,1.06,18,0,false,"ECMWF IFS 0.25 degree open data on AWS, 2t surface field"
2025-01-24,2025-02-02,9,rumor,ecmwf-ifs-025-00z-aws-open-data,13.431,0,0,1.06,18,0,false,"ECMWF IFS 0.25 degree open data on AWS, 2t surface field"
2025-01-24,2025-02-03,10,rumor,ecmwf-ifs-025-00z-aws-open-data,9.868,0,0,1.06,18,0,false,"ECMWF IFS 0.25 degree open data on AWS, 2t surface field"
2025-01-25,2025-01-26,1,selloff,ecmwf-ifs-025-00z-aws-open-data,0.993,0,0,1.06,18,0,false,"ECMWF IFS 0.25 degree open data on AWS, 2t surface field"
2025-01-25,2025-01-27,2,selloff,ecmwf-ifs-025-00z-aws-open-data,0.827,0,0,1.06,18,0,false,"ECMWF IFS 0.25 degree open data on AWS, 2t surface field"
2025-01-25,2025-01-28,3,selloff,ecmwf-ifs-025-00z-aws-open-data,4.553,0,0,1.06,18,0,false,"ECMWF IFS 0.25 degree open data on AWS, 2t surface field"
2025-01-25,2025-02-01,7,rumor,ecmwf-ifs-025-00z-aws-open-data,2.903,0.16,1,1.06,18,0,false,"ECMWF IFS 0.25 degree open data on AWS, 2t surface field"
2025-01-25,2025-02-02,8,rumor,ecmwf-ifs-025-00z-aws-open-data,11.943,0,0,1.06,18,0,false,"ECMWF IFS 0.25 degree open data on AWS, 2t surface field"
2025-01-25,2025-02-03,9,rumor,ecmwf-ifs-025-00z-aws-open-data,14.17,0,0,1.06,18,0,false,"ECMWF IFS 0.25 degree open data on AWS, 2t surface field"
2025-01-25,2025-02-04,10,rumor,ecmwf-ifs-025-00z-aws-open-data,10.825,0.066,0,1.06,18,0,false,"ECMWF IFS 0.25 degree open data on AWS, 2t surface field"
2025-01-26,2025-01-27,1,selloff,ecmwf-ifs-025-00z-aws-open-data,0.983,0,0,1.06,18,0,false,"ECMWF IFS 0.25 degree open data on AWS, 2t surface field"
2025-01-26,2025-01-28,2,selloff,ecmwf-ifs-025-00z-aws-open-data,4.678,0,0,1.06,18,0,false,"ECMWF IFS 0.25 degree open data on AWS, 2t surface field"
2025-01-26,2025-01-29,3,selloff,ecmwf-ifs-025-00z-aws-open-data,3.999,0.16,0,1.06,18,0,false,"ECMWF IFS 0.25 degree open data on AWS, 2t surface field"
2025-01-26,2025-02-02,7,rumor,ecmwf-ifs-025-00z-aws-open-data,13.834,0,0,1.06,18,0,false,"ECMWF IFS 0.25 degree open data on AWS, 2t surface field"
2025-01-26,2025-02-03,8,rumor,ecmwf-ifs-025-00z-aws-open-data,15.251,0,0,1.06,18,0,false,"ECMWF IFS 0.25 degree open data on AWS, 2t surface field"
2025-01-26,2025-02-04,9,rumor,ecmwf-ifs-025-00z-aws-open-data,14.968,0,0,1.06,18,0,false,"ECMWF IFS 0.25 degree open data on AWS, 2t surface field"
2025-01-26,2025-02-05,10,rumor,ecmwf-ifs-025-00z-aws-open-data,12.736,0,0,1.06,18,0,false,"ECMWF IFS 0.25 degree open data on AWS, 2t surface field"
2025-01-27,2025-01-28,1,selloff,ecmwf-ifs-025-00z-aws-open-data,4.555,0,0,1.06,18,0,false,"ECMWF IFS 0.25 degree open data on AWS, 2t surface field"
2025-01-27,2025-01-29,2,selloff,ecmwf-ifs-025-00z-aws-open-data,5.762,0.104,0,1.06,18,0,false,"ECMWF IFS 0.25 degree open data on AWS, 2t surface field"
2025-01-27,2025-01-30,3,selloff,ecmwf-ifs-025-00z-aws-open-data,8.837,0,0,1.06,18,0,false,"ECMWF IFS 0.25 degree open data on AWS, 2t surface field"
2025-01-27,2025-02-03,7,rumor,ecmwf-ifs-025-00z-aws-open-data,10.377,0,0,1.06,18,0,false,"ECMWF IFS 0.25 degree open data on AWS, 2t surface field"
2025-01-27,2025-02-04,8,rumor,ecmwf-ifs-025-00z-aws-open-data,2.908,0,0,1.06,18,0,false,"ECMWF IFS 0.25 degree open data on AWS, 2t surface field"
2025-01-27,2025-02-05,9,rumor,ecmwf-ifs-025-00z-aws-open-data,-0.666,0.16,0,1.06,18,0,false,"ECMWF IFS 0.25 degree open data on AWS, 2t surface field"
2025-01-27,2025-02-06,10,rumor,ecmwf-ifs-025-00z-aws-open-data,3.655,0,0,1.06,18,0,false,"ECMWF IFS 0.25 degree open data on AWS, 2t surface field"
2025-01-28,2025-01-29,1,selloff,ecmwf-ifs-025-00z-aws-open-data,7.293,0,0,1.06,18,0,false,"ECMWF IFS 0.25 degree open data on AWS, 2t surface field"
2025-01-28,2025-01-30,2,selloff,ecmwf-ifs-025-00z-aws-open-data,9.292,0,0,1.06,18,0,false,"ECMWF IFS 0.25 degree open data on AWS, 2t surface field"
2025-01-28,2025-01-31,3,selloff,ecmwf-ifs-025-00z-aws-open-data,10.054,0,0,1.06,18,0,false,"ECMWF IFS 0.25 degree open data on AWS, 2t surface field"
2025-01-28,2025-02-04,7,rumor,ecmwf-ifs-025-00z-aws-open-data,9.021,0,0,1.06,18,0,false,"ECMWF IFS 0.25 degree open data on AWS, 2t surface field"
2025-01-28,2025-02-05,8,rumor,ecmwf-ifs-025-00z-aws-open-data,-0.575,0.104,0,1.06,18,0,false,"ECMWF IFS 0.25 degree open data on AWS, 2t surface field"
2025-01-28,2025-02-06,9,rumor,ecmwf-ifs-025-00z-aws-open-data,-0.551,0,0,1.06,18,0,false,"ECMWF IFS 0.25 degree open data on AWS, 2t surface field"
2025-01-28,2025-02-07,10,rumor,ecmwf-ifs-025-00z-aws-open-data,7.293,0,0,1.06,18,0,false,"ECMWF IFS 0.25 degree open data on AWS, 2t surface field"
2025-01-29,2025-01-30,1,selloff,ecmwf-ifs-025-00z-aws-open-data,9.987,0,0,1.06,18,0,false,"ECMWF IFS 0.25 degree open data on AWS, 2t surface field"
2025-01-29,2025-01-31,2,selloff,ecmwf-ifs-025-00z-aws-open-data,10.478,0,0,1.06,18,0,false,"ECMWF IFS 0.25 degree open data on AWS, 2t surface field"
2025-01-29,2025-02-01,3,selloff,ecmwf-ifs-025-00z-aws-open-data,11.998,0,0,1.06,18,0,false,"ECMWF IFS 0.25 degree open data on AWS, 2t surface field"
2025-01-29,2025-02-05,7,rumor,ecmwf-ifs-025-00z-aws-open-data,11.416,0,0,1.06,18,0,false,"ECMWF IFS 0.25 degree open data on AWS, 2t surface field"
2025-01-29,2025-02-06,8,rumor,ecmwf-ifs-025-00z-aws-open-data,6.386,0.066,0,1.06,18,0,false,"ECMWF IFS 0.25 degree open data on AWS, 2t surface field"
2025-01-29,2025-02-07,9,rumor,ecmwf-ifs-025-00z-aws-open-data,-0.141,0.104,0,1.06,18,0,false,"ECMWF IFS 0.25 degree open data on AWS, 2t surface field"
2025-01-29,2025-02-08,10,rumor,ecmwf-ifs-025-00z-aws-open-data,3.063,0,0,1.06,18,0,false,"ECMWF IFS 0.25 degree open data on AWS, 2t surface field"
2025-01-30,2025-01-31,1,selloff,ecmwf-ifs-025-00z-aws-open-data,10.972,0,0,1.06,18,0,false,"ECMWF IFS 0.25 degree open data on AWS, 2t surface field"
2025-01-30,2025-02-01,2,selloff,ecmwf-ifs-025-00z-aws-open-data,11.019,0,0,1.06,18,0,false,"ECMWF IFS 0.25 degree open data on AWS, 2t surface field"
2025-01-30,2025-02-02,3,selloff,ecmwf-ifs-025-00z-aws-open-data,5.022,0.104,0,1.06,18,0,false,"ECMWF IFS 0.25 degree open data on AWS, 2t surface field"
2025-01-30,2025-02-06,7,rumor,ecmwf-ifs-025-00z-aws-open-data,15.987,0,0,1.06,18,0,false,"ECMWF IFS 0.25 degree open data on AWS, 2t surface field"
2025-01-30,2025-02-07,8,rumor,ecmwf-ifs-025-00z-aws-open-data,18.597,0,0,1.06,18,0,false,"ECMWF IFS 0.25 degree open data on AWS, 2t surface field"
2025-01-30,2025-02-08,9,rumor,ecmwf-ifs-025-00z-aws-open-data,7.771,0,0,1.06,18,0,false,"ECMWF IFS 0.25 degree open data on AWS, 2t surface field"
2025-01-30,2025-02-09,10,rumor,ecmwf-ifs-025-00z-aws-open-data,-2.493,0.113,0,1.06,18,0,false,"ECMWF IFS 0.25 degree open data on AWS, 2t surface field"
2025-01-31,2025-02-01,1,selloff,ecmwf-ifs-025-00z-aws-open-data,12.374,0,0,1.06,18,0,false,"ECMWF IFS 0.25 degree open data on AWS, 2t surface field"
2025-01-31,2025-02-02,2,selloff,ecmwf-ifs-025-00z-aws-open-data,3.868,0.16,0,1.06,18,0,false,"ECMWF IFS 0.25 degree open data on AWS, 2t surface field"
2025-01-31,2025-02-03,3,selloff,ecmwf-ifs-025-00z-aws-open-data,10.98,0,0,1.06,18,0,false,"ECMWF IFS 0.25 degree open data on AWS, 2t surface field"
2025-01-31,2025-02-07,7,rumor,ecmwf-ifs-025-00z-aws-open-data,18.6,0,0,1.06,18,0,false,"ECMWF IFS 0.25 degree open data on AWS, 2t surface field"
2025-01-31,2025-02-08,8,rumor,ecmwf-ifs-025-00z-aws-open-data,11.614,0,0,1.06,18,0,false,"ECMWF IFS 0.25 degree open data on AWS, 2t surface field"
2025-01-31,2025-02-09,9,rumor,ecmwf-ifs-025-00z-aws-open-data,7.455,0,0,1.06,18,0,false,"ECMWF IFS 0.25 degree open data on AWS, 2t surface field"
2025-01-31,2025-02-10,10,rumor,ecmwf-ifs-025-00z-aws-open-data,1.283,0,0,1.06,18,0,false,"ECMWF IFS 0.25 degree open data on AWS, 2t surface field"
2025-02-01,2025-02-02,1,selloff,ecmwf-ifs-025-00z-aws-open-data,3.321,0.16,0,1.06,18,0,false,"ECMWF IFS 0.25 degree open data on AWS, 2t surface field"
2025-02-01,2025-02-03,2,selloff,ecmwf-ifs-025-00z-aws-open-data,10.347,0,0,1.06,18,0,false,"ECMWF IFS 0.25 degree open data on AWS, 2t surface field"
2025-02-01,2025-02-04,3,selloff,ecmwf-ifs-025-00z-aws-open-data,15.292,0,0,1.06,18,0,false,"ECMWF IFS 0.25 degree open data on AWS, 2t surface field"
2025-02-01,2025-02-08,7,rumor,ecmwf-ifs-025-00z-aws-open-data,7.851,0,0,1.06,18,0,false,"ECMWF IFS 0.25 degree open data on AWS, 2t surface field"
2025-02-01,2025-02-09,8,rumor,ecmwf-ifs-025-00z-aws-open-data,7.014,0,0,1.06,18,0,false,"ECMWF IFS 0.25 degree open data on AWS, 2t surface field"
2025-02-01,2025-02-10,9,rumor,ecmwf-ifs-025-00z-aws-open-data,5.853,0.066,0,1.06,18,0,false,"ECMWF IFS 0.25 degree open data on AWS, 2t surface field"
2025-02-01,2025-02-11,10,rumor,ecmwf-ifs-025-00z-aws-open-data,1.055,0.066,0,1.06,18,0,false,"ECMWF IFS 0.25 degree open data on AWS, 2t surface field"
2025-02-02,2025-02-03,1,selloff,ecmwf-ifs-025-00z-aws-open-data,10.679,0,0,1.06,18,0,false,"ECMWF IFS 0.25 degree open data on AWS, 2t surface field"
2025-02-02,2025-02-04,2,selloff,ecmwf-ifs-025-00z-aws-open-data,15.987,0,0,1.06,18,0,false,"ECMWF IFS 0.25 degree open data on AWS, 2t surface field"
2025-02-02,2025-02-05,3,selloff,ecmwf-ifs-025-00z-aws-open-data,7.708,0,0,1.06,18,0,false,"ECMWF IFS 0.25 degree open data on AWS, 2t surface field"
2025-02-02,2025-02-09,7,rumor,ecmwf-ifs-025-00z-aws-open-data,11.901,0,0,1.06,18,0,false,"ECMWF IFS 0.25 degree open data on AWS, 2t surface field"
2025-02-02,2025-02-10,8,rumor,ecmwf-ifs-025-00z-aws-open-data,6.945,0.066,0,1.06,18,0,false,"ECMWF IFS 0.25 degree open data on AWS, 2t surface field"
2025-02-02,2025-02-11,9,rumor,ecmwf-ifs-025-00z-aws-open-data,-3.781,0.151,1,1.06,18,0,false,"ECMWF IFS 0.25 degree open data on AWS, 2t surface field"
2025-02-02,2025-02-12,10,rumor,ecmwf-ifs-025-00z-aws-open-data,-4.807,0.302,1,1.06,18,0,false,"ECMWF IFS 0.25 degree open data on AWS, 2t surface field"
2025-02-03,2025-02-04,1,selloff,ecmwf-ifs-025-00z-aws-open-data,15.277,0,0,1.06,18,0,false,"ECMWF IFS 0.25 degree open data on AWS, 2t surface field"
2025-02-03,2025-02-05,2,selloff,ecmwf-ifs-025-00z-aws-open-data,6.681,0,0,1.06,18,0,false,"ECMWF IFS 0.25 degree open data on AWS, 2t surface field"
2025-02-03,2025-02-06,3,selloff,ecmwf-ifs-025-00z-aws-open-data,7.734,0,0,1.06,18,0,false,"ECMWF IFS 0.25 degree open data on AWS, 2t surface field"
2025-02-03,2025-02-10,7,rumor,ecmwf-ifs-025-00z-aws-open-data,3.079,0.066,0,1.06,18,0,false,"ECMWF IFS 0.25 degree open data on AWS, 2t surface field"
2025-02-03,2025-02-11,8,rumor,ecmwf-ifs-025-00z-aws-open-data,-3.844,0.066,1,1.06,18,0,false,"ECMWF IFS 0.25 degree open data on AWS, 2t surface field"
2025-02-03,2025-02-12,9,rumor,ecmwf-ifs-025-00z-aws-open-data,-4.637,0.066,1,1.06,18,0,false,"ECMWF IFS 0.25 degree open data on AWS, 2t surface field"
2025-02-03,2025-02-13,10,rumor,ecmwf-ifs-025-00z-aws-open-data,-1.856,0.047,0,1.06,18,0,false,"ECMWF IFS 0.25 degree open data on AWS, 2t surface field"
2025-02-04,2025-02-05,1,selloff,ecmwf-ifs-025-00z-aws-open-data,6.302,0.066,0,1.06,18,0,false,"ECMWF IFS 0.25 degree open data on AWS, 2t surface field"
2025-02-04,2025-02-06,2,selloff,ecmwf-ifs-025-00z-aws-open-data,6.315,0,0,1.06,18,0,false,"ECMWF IFS 0.25 degree open data on AWS, 2t surface field"
2025-02-04,2025-02-07,3,selloff,ecmwf-ifs-025-00z-aws-open-data,14.168,0,0,1.06,18,0,false,"ECMWF IFS 0.25 degree open data on AWS, 2t surface field"
2025-02-04,2025-02-11,7,rumor,ecmwf-ifs-025-00z-aws-open-data,-2.412,0.066,1,1.06,18,0,false,"ECMWF IFS 0.25 degree open data on AWS, 2t surface field"
2025-02-04,2025-02-12,8,rumor,ecmwf-ifs-025-00z-aws-open-data,-2.594,0.066,1,1.06,18,0,false,"ECMWF IFS 0.25 degree open data on AWS, 2t surface field"
2025-02-04,2025-02-13,9,rumor,ecmwf-ifs-025-00z-aws-open-data,-0.911,0,0,1.06,18,0,false,"ECMWF IFS 0.25 degree open data on AWS, 2t surface field"
2025-02-04,2025-02-14,10,rumor,ecmwf-ifs-025-00z-aws-open-data,-0.062,0.17,0,1.06,18,0,false,"ECMWF IFS 0.25 degree open data on AWS, 2t surface field"
2025-02-05,2025-02-06,1,selloff,ecmwf-ifs-025-00z-aws-open-data,6.41,0,0,1.06,18,0,false,"ECMWF IFS 0.25 degree open data on AWS, 2t surface field"
2025-02-05,2025-02-07,2,selloff,ecmwf-ifs-025-00z-aws-open-data,12.606,0,0,1.06,18,0,false,"ECMWF IFS 0.25 degree open data on AWS, 2t surface field"
2025-02-05,2025-02-08,3,selloff,ecmwf-ifs-025-00z-aws-open-data,7.014,0,0,1.06,18,0,false,"ECMWF IFS 0.25 degree open data on AWS, 2t surface field"
2025-02-05,2025-02-12,7,rumor,ecmwf-ifs-025-00z-aws-open-data,3.121,0.066,0,1.06,18,0,false,"ECMWF IFS 0.25 degree open data on AWS, 2t surface field"
2025-02-05,2025-02-13,8,rumor,ecmwf-ifs-025-00z-aws-open-data,-0.664,0.189,2,1.06,18,0,false,"ECMWF IFS 0.25 degree open data on AWS, 2t surface field"
2025-02-05,2025-02-14,9,rumor,ecmwf-ifs-025-00z-aws-open-data,-5.779,0.443,2,1.06,18,0,false,"ECMWF IFS 0.25 degree open data on AWS, 2t surface field"
2025-02-05,2025-02-15,10,rumor,ecmwf-ifs-025-00z-aws-open-data,0.441,0.16,0,1.06,18,0,false,"ECMWF IFS 0.25 degree open data on AWS, 2t surface field"
2025-02-06,2025-02-07,1,selloff,ecmwf-ifs-025-00z-aws-open-data,12.152,0,0,1.06,18,0,false,"ECMWF IFS 0.25 degree open data on AWS, 2t surface field"
2025-02-06,2025-02-08,2,selloff,ecmwf-ifs-025-00z-aws-open-data,6.42,0,0,1.06,18,0,false,"ECMWF IFS 0.25 degree open data on AWS, 2t surface field"
2025-02-06,2025-02-09,3,selloff,ecmwf-ifs-025-00z-aws-open-data,8.611,0,0,1.06,18,0,false,"ECMWF IFS 0.25 degree open data on AWS, 2t surface field"
2025-02-06,2025-02-13,7,rumor,ecmwf-ifs-025-00z-aws-open-data,2.005,0.104,1,1.06,18,0,false,"ECMWF IFS 0.25 degree open data on AWS, 2t surface field"
2025-02-06,2025-02-14,8,rumor,ecmwf-ifs-025-00z-aws-open-data,3.113,0.104,2,1.06,18,0,false,"ECMWF IFS 0.25 degree open data on AWS, 2t surface field"
2025-02-06,2025-02-15,9,rumor,ecmwf-ifs-025-00z-aws-open-data,4.067,0,0,1.06,18,0,false,"ECMWF IFS 0.25 degree open data on AWS, 2t surface field"
2025-02-06,2025-02-16,10,rumor,ecmwf-ifs-025-00z-aws-open-data,14.101,0,0,1.06,18,0,false,"ECMWF IFS 0.25 degree open data on AWS, 2t surface field"
2025-02-07,2025-02-08,1,selloff,ecmwf-ifs-025-00z-aws-open-data,5.814,0,0,1.06,18,0,false,"ECMWF IFS 0.25 degree open data on AWS, 2t surface field"
2025-02-07,2025-02-09,2,selloff,ecmwf-ifs-025-00z-aws-open-data,8.583,0,0,1.06,18,0,false,"ECMWF IFS 0.25 degree open data on AWS, 2t surface field"
2025-02-07,2025-02-10,3,selloff,ecmwf-ifs-025-00z-aws-open-data,2.123,0,0,1.06,18,0,false,"ECMWF IFS 0.25 degree open data on AWS, 2t surface field"
2025-02-07,2025-02-14,7,rumor,ecmwf-ifs-025-00z-aws-open-data,-6.315,0.368,5,1.06,18,0,false,"ECMWF IFS 0.25 degree open data on AWS, 2t surface field"
2025-02-07,2025-02-15,8,rumor,ecmwf-ifs-025-00z-aws-open-data,-0.425,0.16,0,1.06,18,0,false,"ECMWF IFS 0.25 degree open data on AWS, 2t surface field"
2025-02-07,2025-02-16,9,rumor,ecmwf-ifs-025-00z-aws-open-data,8.766,0,0,1.06,18,0,false,"ECMWF IFS 0.25 degree open data on AWS, 2t surface field"
2025-02-07,2025-02-17,10,rumor,ecmwf-ifs-025-00z-aws-open-data,-6.761,0.538,5,1.06,18,0,false,"ECMWF IFS 0.25 degree open data on AWS, 2t surface field"
2025-02-08,2025-02-09,1,selloff,ecmwf-ifs-025-00z-aws-open-data,8.578,0,0,1.06,18,0,false,"ECMWF IFS 0.25 degree open data on AWS, 2t surface field"
2025-02-08,2025-02-10,2,selloff,ecmwf-ifs-025-00z-aws-open-data,2.774,0,0,1.06,18,0,false,"ECMWF IFS 0.25 degree open data on AWS, 2t surface field"
2025-02-08,2025-02-11,3,selloff,ecmwf-ifs-025-00z-aws-open-data,0.442,0.104,0,1.06,18,0,false,"ECMWF IFS 0.25 degree open data on AWS, 2t surface field"
2025-02-08,2025-02-15,7,rumor,ecmwf-ifs-025-00z-aws-open-data,0.368,0,0,1.06,18,0,false,"ECMWF IFS 0.25 degree open data on AWS, 2t surface field"
2025-02-08,2025-02-16,8,rumor,ecmwf-ifs-025-00z-aws-open-data,7.51,0,0,1.06,18,0,false,"ECMWF IFS 0.25 degree open data on AWS, 2t surface field"
2025-02-08,2025-02-17,9,rumor,ecmwf-ifs-025-00z-aws-open-data,-5.09,0.33,4,1.06,18,0,false,"ECMWF IFS 0.25 degree open data on AWS, 2t surface field"
2025-02-08,2025-02-18,10,rumor,ecmwf-ifs-025-00z-aws-open-data,-16.738,0.868,12,1.06,18,0,true,"ECMWF IFS 0.25 degree open data on AWS, 2t surface field"
2025-02-09,2025-02-10,1,selloff,ecmwf-ifs-025-00z-aws-open-data,2.55,0,0,1.06,18,0,false,"ECMWF IFS 0.25 degree open data on AWS, 2t surface field"
2025-02-09,2025-02-11,2,selloff,ecmwf-ifs-025-00z-aws-open-data,0.798,0.104,0,1.06,18,0,false,"ECMWF IFS 0.25 degree open data on AWS, 2t surface field"
2025-02-09,2025-02-12,3,selloff,ecmwf-ifs-025-00z-aws-open-data,0.06,0.066,1,1.06,18,0,false,"ECMWF IFS 0.25 degree open data on AWS, 2t surface field"
2025-02-09,2025-02-16,7,rumor,ecmwf-ifs-025-00z-aws-open-data,8.014,0,0,1.06,18,0,false,"ECMWF IFS 0.25 degree open data on AWS, 2t surface field"
2025-02-09,2025-02-17,8,rumor,ecmwf-ifs-025-00z-aws-open-data,-2.526,0.538,5,1.06,18,0,false,"ECMWF IFS 0.25 degree open data on AWS, 2t surface field"
2025-02-09,2025-02-18,9,rumor,ecmwf-ifs-025-00z-aws-open-data,-11.975,0.821,5,1.06,18,0,true,"ECMWF IFS 0.25 degree open data on AWS, 2t surface field"
2025-02-09,2025-02-19,10,rumor,ecmwf-ifs-025-00z-aws-open-data,-5.054,0.462,2,1.06,18,0,false,"ECMWF IFS 0.25 degree open data on AWS, 2t surface field"
2025-02-10,2025-02-11,1,selloff,ecmwf-ifs-025-00z-aws-open-data,0.84,0.104,0,1.06,18,0,false,"ECMWF IFS 0.25 degree open data on AWS, 2t surface field"
2025-02-10,2025-02-12,2,selloff,ecmwf-ifs-025-00z-aws-open-data,-0.418,0.066,1,1.06,18,0,false,"ECMWF IFS 0.25 degree open data on AWS, 2t surface field"
2025-02-10,2025-02-13,3,selloff,ecmwf-ifs-025-00z-aws-open-data,2.673,0.104,2,1.06,18,0,false,"ECMWF IFS 0.25 degree open data on AWS, 2t surface field"
2025-02-10,2025-02-17,7,rumor,ecmwf-ifs-025-00z-aws-open-data,-10.436,0.585,7,1.06,18,0,true,"ECMWF IFS 0.25 degree open data on AWS, 2t surface field"
2025-02-10,2025-02-18,8,rumor,ecmwf-ifs-025-00z-aws-open-data,-16.066,0.858,10,1.06,18,0,true,"ECMWF IFS 0.25 degree open data on AWS, 2t surface field"
2025-02-10,2025-02-19,9,rumor,ecmwf-ifs-025-00z-aws-open-data,-3.579,0.283,1,1.06,18,0,false,"ECMWF IFS 0.25 degree open data on AWS, 2t surface field"
2025-02-10,2025-02-20,10,rumor,ecmwf-ifs-025-00z-aws-open-data,-3.479,0.208,1,1.06,18,0,false,"ECMWF IFS 0.25 degree open data on AWS, 2t surface field"
2025-02-11,2025-02-12,1,selloff,ecmwf-ifs-025-00z-aws-open-data,0.038,0.066,1,1.06,18,0,false,"ECMWF IFS 0.25 degree open data on AWS, 2t surface field"
2025-02-11,2025-02-13,2,selloff,ecmwf-ifs-025-00z-aws-open-data,4.047,0.104,2,1.06,18,0,false,"ECMWF IFS 0.25 degree open data on AWS, 2t surface field"
2025-02-11,2025-02-14,3,selloff,ecmwf-ifs-025-00z-aws-open-data,-1.648,0.33,4,1.06,18,0,false,"ECMWF IFS 0.25 degree open data on AWS, 2t surface field"
2025-02-11,2025-02-18,7,rumor,ecmwf-ifs-025-00z-aws-open-data,-15.496,0.783,10,1.06,18,0,true,"ECMWF IFS 0.25 degree open data on AWS, 2t surface field"
2025-02-11,2025-02-19,8,rumor,ecmwf-ifs-025-00z-aws-open-data,-10.719,0.604,7,1.06,18,0,true,"ECMWF IFS 0.25 degree open data on AWS, 2t surface field"
2025-02-11,2025-02-20,9,rumor,ecmwf-ifs-025-00z-aws-open-data,-17.689,0.821,11,1.06,18,0,true,"ECMWF IFS 0.25 degree open data on AWS, 2t surface field"
2025-02-11,2025-02-21,10,rumor,ecmwf-ifs-025-00z-aws-open-data,-16.63,0.717,13,1.06,18,0,true,"ECMWF IFS 0.25 degree open data on AWS, 2t surface field"
2025-02-12,2025-02-13,1,selloff,ecmwf-ifs-025-00z-aws-open-data,2.569,0.104,1,1.06,18,0,false,"ECMWF IFS 0.25 degree open data on AWS, 2t surface field"
2025-02-12,2025-02-14,2,selloff,ecmwf-ifs-025-00z-aws-open-data,-1.766,0.283,4,1.06,18,0,false,"ECMWF IFS 0.25 degree open data on AWS, 2t surface field"
2025-02-12,2025-02-15,3,selloff,ecmwf-ifs-025-00z-aws-open-data,-0.796,0.057,0,1.06,18,0,false,"ECMWF IFS 0.25 degree open data on AWS, 2t surface field"
2025-02-12,2025-02-19,7,rumor,ecmwf-ifs-025-00z-aws-open-data,-13.298,0.755,8,1.06,18,0,true,"ECMWF IFS 0.25 degree open data on AWS, 2t surface field"
2025-02-12,2025-02-20,8,rumor,ecmwf-ifs-025-00z-aws-open-data,-16.372,0.877,10,1.06,18,0,true,"ECMWF IFS 0.25 degree open data on AWS, 2t surface field"
2025-02-12,2025-02-21,9,rumor,ecmwf-ifs-025-00z-aws-open-data,-16.27,0.783,11,1.06,18,0,true,"ECMWF IFS 0.25 degree open data on AWS, 2t surface field"
2025-02-12,2025-02-22,10,rumor,ecmwf-ifs-025-00z-aws-open-data,-11.871,0.783,6,1.06,18,0,true,"ECMWF IFS 0.25 degree open data on AWS, 2t surface field"
2025-02-13,2025-02-14,1,selloff,ecmwf-ifs-025-00z-aws-open-data,-2.798,0.368,4,1.06,18,0,false,"ECMWF IFS 0.25 degree open data on AWS, 2t surface field"
2025-02-13,2025-02-15,2,selloff,ecmwf-ifs-025-00z-aws-open-data,-1.026,0.057,0,1.06,18,0,false,"ECMWF IFS 0.25 degree open data on AWS, 2t surface field"
2025-02-13,2025-02-16,3,selloff,ecmwf-ifs-025-00z-aws-open-data,6.154,0,0,1.06,18,0,false,"ECMWF IFS 0.25 degree open data on AWS, 2t surface field"
2025-02-13,2025-02-20,7,rumor,ecmwf-ifs-025-00z-aws-open-data,-18.419,0.906,11,1.06,18,0,true,"ECMWF IFS 0.25 degree open data on AWS, 2t surface field"
2025-02-13,2025-02-21,8,rumor,ecmwf-ifs-025-00z-aws-open-data,-19.775,0.906,13,1.06,18,0,true,"ECMWF IFS 0.25 degree open data on AWS, 2t surface field"
2025-02-13,2025-02-22,9,rumor,ecmwf-ifs-025-00z-aws-open-data,-20.193,0.943,17,1.06,18,0,true,"ECMWF IFS 0.25 degree open data on AWS, 2t surface field"
2025-02-13,2025-02-23,10,rumor,ecmwf-ifs-025-00z-aws-open-data,-14.135,0.811,12,1.06,18,0,true,"ECMWF IFS 0.25 degree open data on AWS, 2t surface field"
2025-02-14,2025-02-15,1,selloff,ecmwf-ifs-025-00z-aws-open-data,-1.33,0,0,1.06,18,0,false,"ECMWF IFS 0.25 degree open data on AWS, 2t surface field"
2025-02-14,2025-02-16,2,selloff,ecmwf-ifs-025-00z-aws-open-data,7.131,0,0,1.06,18,0,false,"ECMWF IFS 0.25 degree open data on AWS, 2t surface field"
2025-02-14,2025-02-17,3,selloff,ecmwf-ifs-025-00z-aws-open-data,0.207,0.236,2,1.06,18,0,false,"ECMWF IFS 0.25 degree open data on AWS, 2t surface field"
2025-02-14,2025-02-21,7,rumor,ecmwf-ifs-025-00z-aws-open-data,-22.258,0.943,17,1.06,18,0,true,"ECMWF IFS 0.25 degree open data on AWS, 2t surface field"
2025-02-14,2025-02-22,8,rumor,ecmwf-ifs-025-00z-aws-open-data,-17.654,0.877,13,1.06,18,0,true,"ECMWF IFS 0.25 degree open data on AWS, 2t surface field"
2025-02-14,2025-02-23,9,rumor,ecmwf-ifs-025-00z-aws-open-data,-10.185,0.736,5,1.06,18,0,true,"ECMWF IFS 0.25 degree open data on AWS, 2t surface field"
2025-02-14,2025-02-24,10,rumor,ecmwf-ifs-025-00z-aws-open-data,-3.268,0.264,0,1.06,18,0,false,"ECMWF IFS 0.25 degree open data on AWS, 2t surface field"
2025-02-15,2025-02-16,1,selloff,ecmwf-ifs-025-00z-aws-open-data,7.723,0,0,1.06,18,0,false,"ECMWF IFS 0.25 degree open data on AWS, 2t surface field"
2025-02-15,2025-02-17,2,selloff,ecmwf-ifs-025-00z-aws-open-data,-0.332,0.236,2,1.06,18,0,false,"ECMWF IFS 0.25 degree open data on AWS, 2t surface field"
2025-02-15,2025-02-18,3,selloff,ecmwf-ifs-025-00z-aws-open-data,-11.116,0.632,6,1.06,18,0,true,"ECMWF IFS 0.25 degree open data on AWS, 2t surface field"
2025-02-15,2025-02-22,7,rumor,ecmwf-ifs-025-00z-aws-open-data,-16.936,0.821,13,1.06,18,0,true,"ECMWF IFS 0.25 degree open data on AWS, 2t surface field"
2025-02-15,2025-02-23,8,rumor,ecmwf-ifs-025-00z-aws-open-data,-11.426,0.83,6,1.06,18,0,true,"ECMWF IFS 0.25 degree open data on AWS, 2t surface field"
2025-02-15,2025-02-24,9,rumor,ecmwf-ifs-025-00z-aws-open-data,-2.78,0.208,0,1.06,18,0,false,"ECMWF IFS 0.25 degree open data on AWS, 2t surface field"
2025-02-15,2025-02-25,10,rumor,ecmwf-ifs-025-00z-aws-open-data,5.888,0,0,1.06,18,0,false,"ECMWF IFS 0.25 degree open data on AWS, 2t surface field"
2025-02-16,2025-02-17,1,selloff,ecmwf-ifs-025-00z-aws-open-data,-1.137,0.236,2,1.06,18,0,false,"ECMWF IFS 0.25 degree open data on AWS, 2t surface field"
2025-02-16,2025-02-18,2,selloff,ecmwf-ifs-025-00z-aws-open-data,-11.756,0.575,7,1.06,18,0,true,"ECMWF IFS 0.25 degree open data on AWS, 2t surface field"
2025-02-16,2025-02-19,3,selloff,ecmwf-ifs-025-00z-aws-open-data,-14.121,0.802,7,1.06,18,0,true,"ECMWF IFS 0.25 degree open data on AWS, 2t surface field"
2025-02-16,2025-02-23,7,rumor,ecmwf-ifs-025-00z-aws-open-data,-12.58,0.679,8,1.06,18,0,true,"ECMWF IFS 0.25 degree open data on AWS, 2t surface field"
2025-02-16,2025-02-24,8,rumor,ecmwf-ifs-025-00z-aws-open-data,-5.586,0.311,5,1.06,18,0,false,"ECMWF IFS 0.25 degree open data on AWS, 2t surface field"
2025-02-16,2025-02-25,9,rumor,ecmwf-ifs-025-00z-aws-open-data,4.015,0,0,1.06,18,0,false,"ECMWF IFS 0.25 degree open data on AWS, 2t surface field"
2025-02-16,2025-02-26,10,rumor,ecmwf-ifs-025-00z-aws-open-data,8.661,0,0,1.06,18,0,false,"ECMWF IFS 0.25 degree open data on AWS, 2t surface field"
2025-02-17,2025-02-18,1,selloff,ecmwf-ifs-025-00z-aws-open-data,-11.851,0.632,6,1.06,18,0,true,"ECMWF IFS 0.25 degree open data on AWS, 2t surface field"
2025-02-17,2025-02-19,2,selloff,ecmwf-ifs-025-00z-aws-open-data,-14.817,0.802,9,1.06,18,0,true,"ECMWF IFS 0.25 degree open data on AWS, 2t surface field"
2025-02-17,2025-02-20,3,selloff,ecmwf-ifs-025-00z-aws-open-data,-18.131,0.877,12,1.06,18,0,true,"ECMWF IFS 0.25 degree open data on AWS, 2t surface field"
2025-02-17,2025-02-24,7,rumor,ecmwf-ifs-025-00z-aws-open-data,0.702,0.038,0,1.06,18,0,false,"ECMWF IFS 0.25 degree open data on AWS, 2t surface field"
2025-02-17,2025-02-25,8,rumor,ecmwf-ifs-025-00z-aws-open-data,8.357,0,0,1.06,18,0,false,"ECMWF IFS 0.25 degree open data on AWS, 2t surface field"
2025-02-17,2025-02-26,9,rumor,ecmwf-ifs-025-00z-aws-open-data,12.239,0,0,1.06,18,0,false,"ECMWF IFS 0.25 degree open data on AWS, 2t surface field"
2025-02-17,2025-02-27,10,rumor,ecmwf-ifs-025-00z-aws-open-data,10.484,0,0,1.06,18,0,false,"ECMWF IFS 0.25 degree open data on AWS, 2t surface field"
2025-02-18,2025-02-19,1,selloff,ecmwf-ifs-025-00z-aws-open-data,-14.374,0.802,7,1.06,18,0,true,"ECMWF IFS 0.25 degree open data on AWS, 2t surface field"
2025-02-18,2025-02-20,2,selloff,ecmwf-ifs-025-00z-aws-open-data,-18.146,0.943,12,1.06,18,0,true,"ECMWF IFS 0.25 degree open data on AWS, 2t surface field"
2025-02-18,2025-02-21,3,selloff,ecmwf-ifs-025-00z-aws-open-data,-19.341,0.943,12,1.06,18,0,true,"ECMWF IFS 0.25 degree open data on AWS, 2t surface field"
2025-02-18,2025-02-25,7,rumor,ecmwf-ifs-025-00z-aws-open-data,7.244,0,0,1.06,18,0,false,"ECMWF IFS 0.25 degree open data on AWS, 2t surface field"
2025-02-18,2025-02-26,8,rumor,ecmwf-ifs-025-00z-aws-open-data,11.034,0,0,1.06,18,0,false,"ECMWF IFS 0.25 degree open data on AWS, 2t surface field"
2025-02-18,2025-02-27,9,rumor,ecmwf-ifs-025-00z-aws-open-data,10.19,0,0,1.06,18,0,false,"ECMWF IFS 0.25 degree open data on AWS, 2t surface field"
2025-02-18,2025-02-28,10,rumor,ecmwf-ifs-025-00z-aws-open-data,5.849,0,0,1.06,18,0,false,"ECMWF IFS 0.25 degree open data on AWS, 2t surface field"
2025-02-19,2025-02-20,1,selloff,ecmwf-ifs-025-00z-aws-open-data,-17.864,0.877,12,1.06,18,0,true,"ECMWF IFS 0.25 degree open data on AWS, 2t surface field"
2025-02-19,2025-02-21,2,selloff,ecmwf-ifs-025-00z-aws-open-data,-19.655,1,13,1.06,18,0,true,"ECMWF IFS 0.25 degree open data on AWS, 2t surface field"
2025-02-19,2025-02-22,3,selloff,ecmwf-ifs-025-00z-aws-open-data,-14.752,0.934,12,1.06,18,0,true,"ECMWF IFS 0.25 degree open data on AWS, 2t surface field"
2025-02-19,2025-02-26,7,rumor,ecmwf-ifs-025-00z-aws-open-data,12.36,0,0,1.06,18,0,false,"ECMWF IFS 0.25 degree open data on AWS, 2t surface field"
2025-02-19,2025-02-27,8,rumor,ecmwf-ifs-025-00z-aws-open-data,11.271,0,0,1.06,18,0,false,"ECMWF IFS 0.25 degree open data on AWS, 2t surface field"
2025-02-19,2025-02-28,9,rumor,ecmwf-ifs-025-00z-aws-open-data,7.014,0,0,1.06,18,0,false,"ECMWF IFS 0.25 degree open data on AWS, 2t surface field"
2025-02-19,2025-03-01,10,rumor,ecmwf-ifs-025-00z-aws-open-data,1.762,0,0,1.06,18,0,false,"ECMWF IFS 0.25 degree open data on AWS, 2t surface field"
2025-02-20,2025-02-21,1,selloff,ecmwf-ifs-025-00z-aws-open-data,-18.892,0.943,13,1.06,18,0,true,"ECMWF IFS 0.25 degree open data on AWS, 2t surface field"
2025-02-20,2025-02-22,2,selloff,ecmwf-ifs-025-00z-aws-open-data,-14.604,0.83,12,1.06,18,0,true,"ECMWF IFS 0.25 degree open data on AWS, 2t surface field"
2025-02-20,2025-02-23,3,selloff,ecmwf-ifs-025-00z-aws-open-data,-5.889,0.217,1,1.06,18,0,false,"ECMWF IFS 0.25 degree open data on AWS, 2t surface field"
2025-02-20,2025-02-27,7,rumor,ecmwf-ifs-025-00z-aws-open-data,9.861,0,0,1.06,18,0,false,"ECMWF IFS 0.25 degree open data on AWS, 2t surface field"
2025-02-20,2025-02-28,8,rumor,ecmwf-ifs-025-00z-aws-open-data,7.967,0,0,1.06,18,0,false,"ECMWF IFS 0.25 degree open data on AWS, 2t surface field"
2025-02-20,2025-03-01,9,rumor,ecmwf-ifs-025-00z-aws-open-data,5.574,0,0,1.06,18,0,false,"ECMWF IFS 0.25 degree open data on AWS, 2t surface field"
2025-02-20,2025-03-02,10,rumor,ecmwf-ifs-025-00z-aws-open-data,5.481,0,0,1.06,18,0,false,"ECMWF IFS 0.25 degree open data on AWS, 2t surface field"
2025-02-21,2025-02-22,1,selloff,ecmwf-ifs-025-00z-aws-open-data,-13.948,0.887,9,1.06,18,0,true,"ECMWF IFS 0.25 degree open data on AWS, 2t surface field"
2025-02-21,2025-02-23,2,selloff,ecmwf-ifs-025-00z-aws-open-data,-6.151,0.264,2,1.06,18,0,false,"ECMWF IFS 0.25 degree open data on AWS, 2t surface field"
2025-02-21,2025-02-24,3,selloff,ecmwf-ifs-025-00z-aws-open-data,0.516,0,0,1.06,18,0,false,"ECMWF IFS 0.25 degree open data on AWS, 2t surface field"
2025-02-21,2025-02-28,7,rumor,ecmwf-ifs-025-00z-aws-open-data,5.318,0,0,1.06,18,0,false,"ECMWF IFS 0.25 degree open data on AWS, 2t surface field"
2025-02-21,2025-03-01,8,rumor,ecmwf-ifs-025-00z-aws-open-data,-5.103,0.33,2,1.06,18,0,false,"ECMWF IFS 0.25 degree open data on AWS, 2t surface field"
2025-02-21,2025-03-02,9,rumor,ecmwf-ifs-025-00z-aws-open-data,-0.092,0.34,1,1.06,18,0,false,"ECMWF IFS 0.25 degree open data on AWS, 2t surface field"
2025-02-21,2025-03-03,10,rumor,ecmwf-ifs-025-00z-aws-open-data,1.005,0,0,1.06,18,0,false,"ECMWF IFS 0.25 degree open data on AWS, 2t surface field"
2025-02-22,2025-02-23,1,selloff,ecmwf-ifs-025-00z-aws-open-data,-5.379,0.179,2,1.06,18,0,false,"ECMWF IFS 0.25 degree open data on AWS, 2t surface field"
2025-02-22,2025-02-24,2,selloff,ecmwf-ifs-025-00z-aws-open-data,0.608,0,0,1.06,18,0,false,"ECMWF IFS 0.25 degree open data on AWS, 2t surface field"
2025-02-22,2025-02-25,3,selloff,ecmwf-ifs-025-00z-aws-open-data,8.623,0,0,1.06,18,0,false,"ECMWF IFS 0.25 degree open data on AWS, 2t surface field"
2025-02-22,2025-03-01,7,rumor,ecmwf-ifs-025-00z-aws-open-data,6.244,0,0,1.06,18,0,false,"ECMWF IFS 0.25 degree open data on AWS, 2t surface field"
2025-02-22,2025-03-02,8,rumor,ecmwf-ifs-025-00z-aws-open-data,5.94,0,0,1.06,18,0,false,"ECMWF IFS 0.25 degree open data on AWS, 2t surface field"
2025-02-22,2025-03-03,9,rumor,ecmwf-ifs-025-00z-aws-open-data,-1.549,0,0,1.06,18,0,false,"ECMWF IFS 0.25 degree open data on AWS, 2t surface field"
2025-02-22,2025-03-04,10,rumor,ecmwf-ifs-025-00z-aws-open-data,-5.627,0.415,3,1.06,18,0,false,"ECMWF IFS 0.25 degree open data on AWS, 2t surface field"
2025-02-23,2025-02-24,1,selloff,ecmwf-ifs-025-00z-aws-open-data,2.018,0,0,1.06,18,0,false,"ECMWF IFS 0.25 degree open data on AWS, 2t surface field"
2025-02-23,2025-02-25,2,selloff,ecmwf-ifs-025-00z-aws-open-data,8.431,0,0,1.06,18,0,false,"ECMWF IFS 0.25 degree open data on AWS, 2t surface field"
2025-02-23,2025-02-26,3,selloff,ecmwf-ifs-025-00z-aws-open-data,12.163,0,0,1.06,18,0,false,"ECMWF IFS 0.25 degree open data on AWS, 2t surface field"
2025-02-23,2025-03-02,7,rumor,ecmwf-ifs-025-00z-aws-open-data,10.2,0,0,1.06,18,0,false,"ECMWF IFS 0.25 degree open data on AWS, 2t surface field"
2025-02-23,2025-03-03,8,rumor,ecmwf-ifs-025-00z-aws-open-data,3.237,0.16,0,1.06,18,0,false,"ECMWF IFS 0.25 degree open data on AWS, 2t surface field"
2025-02-23,2025-03-04,9,rumor,ecmwf-ifs-025-00z-aws-open-data,1.487,0.104,0,1.06,18,0,false,"ECMWF IFS 0.25 degree open data on AWS, 2t surface field"
2025-02-23,2025-03-05,10,rumor,ecmwf-ifs-025-00z-aws-open-data,4.806,0.104,0,1.06,18,0,false,"ECMWF IFS 0.25 degree open data on AWS, 2t surface field"
2025-02-24,2025-02-25,1,selloff,ecmwf-ifs-025-00z-aws-open-data,9.446,0,0,1.06,18,0,false,"ECMWF IFS 0.25 degree open data on AWS, 2t surface field"
2025-02-24,2025-02-26,2,selloff,ecmwf-ifs-025-00z-aws-open-data,12.115,0,0,1.06,18,0,false,"ECMWF IFS 0.25 degree open data on AWS, 2t surface field"
2025-02-24,2025-02-27,3,selloff,ecmwf-ifs-025-00z-aws-open-data,13.214,0,0,1.06,18,0,false,"ECMWF IFS 0.25 degree open data on AWS, 2t surface field"
2025-02-24,2025-03-03,7,rumor,ecmwf-ifs-025-00z-aws-open-data,-0.057,0.16,0,1.06,18,0,false,"ECMWF IFS 0.25 degree open data on AWS, 2t surface field"
2025-02-24,2025-03-04,8,rumor,ecmwf-ifs-025-00z-aws-open-data,7.393,0,0,1.06,18,0,false,"ECMWF IFS 0.25 degree open data on AWS, 2t surface field"
2025-02-24,2025-03-05,9,rumor,ecmwf-ifs-025-00z-aws-open-data,13.82,0,0,1.06,18,0,false,"ECMWF IFS 0.25 degree open data on AWS, 2t surface field"
2025-02-24,2025-03-06,10,rumor,ecmwf-ifs-025-00z-aws-open-data,9.505,0,0,1.06,18,0,false,"ECMWF IFS 0.25 degree open data on AWS, 2t surface field"
2025-02-25,2025-02-26,1,selloff,ecmwf-ifs-025-00z-aws-open-data,12.785,0,0,1.06,18,0,false,"ECMWF IFS 0.25 degree open data on AWS, 2t surface field"
2025-02-25,2025-02-27,2,selloff,ecmwf-ifs-025-00z-aws-open-data,14.123,0,0,1.06,18,0,false,"ECMWF IFS 0.25 degree open data on AWS, 2t surface field"
2025-02-25,2025-02-28,3,selloff,ecmwf-ifs-025-00z-aws-open-data,10.718,0,0,1.06,18,0,false,"ECMWF IFS 0.25 degree open data on AWS, 2t surface field"
2025-02-25,2025-03-04,7,rumor,ecmwf-ifs-025-00z-aws-open-data,6.207,0,0,1.06,18,0,false,"ECMWF IFS 0.25 degree open data on AWS, 2t surface field"
2025-02-25,2025-03-05,8,rumor,ecmwf-ifs-025-00z-aws-open-data,13.578,0,0,1.06,18,0,false,"ECMWF IFS 0.25 degree open data on AWS, 2t surface field"
2025-02-25,2025-03-06,9,rumor,ecmwf-ifs-025-00z-aws-open-data,7.873,0,0,1.06,18,0,false,"ECMWF IFS 0.25 degree open data on AWS, 2t surface field"
2025-02-25,2025-03-07,10,rumor,ecmwf-ifs-025-00z-aws-open-data,-1.247,0,0,1.06,18,0,false,"ECMWF IFS 0.25 degree open data on AWS, 2t surface field"
2025-02-26,2025-02-27,1,selloff,ecmwf-ifs-025-00z-aws-open-data,13.8,0,0,1.06,18,0,false,"ECMWF IFS 0.25 degree open data on AWS, 2t surface field"
2025-02-26,2025-02-28,2,selloff,ecmwf-ifs-025-00z-aws-open-data,11.165,0,0,1.06,18,0,false,"ECMWF IFS 0.25 degree open data on AWS, 2t surface field"
2025-02-26,2025-03-01,3,selloff,ecmwf-ifs-025-00z-aws-open-data,8.996,0,0,1.06,18,0,false,"ECMWF IFS 0.25 degree open data on AWS, 2t surface field"
2025-02-26,2025-03-05,7,rumor,ecmwf-ifs-025-00z-aws-open-data,10.279,0,0,1.06,18,0,false,"ECMWF IFS 0.25 degree open data on AWS, 2t surface field"
2025-02-26,2025-03-06,8,rumor,ecmwf-ifs-025-00z-aws-open-data,11.338,0,0,1.06,18,0,false,"ECMWF IFS 0.25 degree open data on AWS, 2t surface field"
2025-02-26,2025-03-07,9,rumor,ecmwf-ifs-025-00z-aws-open-data,1.834,0.085,0,1.06,18,0,false,"ECMWF IFS 0.25 degree open data on AWS, 2t surface field"
2025-02-26,2025-03-08,10,rumor,ecmwf-ifs-025-00z-aws-open-data,-0.753,0.038,0,1.06,18,0,false,"ECMWF IFS 0.25 degree open data on AWS, 2t surface field"
2025-02-27,2025-02-28,1,selloff,ecmwf-ifs-025-00z-aws-open-data,11.769,0,0,1.06,18,0,false,"ECMWF IFS 0.25 degree open data on AWS, 2t surface field"
2025-02-27,2025-03-01,2,selloff,ecmwf-ifs-025-00z-aws-open-data,9.591,0,0,1.06,18,0,false,"ECMWF IFS 0.25 degree open data on AWS, 2t surface field"
2025-02-27,2025-03-02,3,selloff,ecmwf-ifs-025-00z-aws-open-data,-0.087,0.047,0,1.06,18,0,false,"ECMWF IFS 0.25 degree open data on AWS, 2t surface field"
2025-02-27,2025-03-06,7,rumor,ecmwf-ifs-025-00z-aws-open-data,11.328,0,0,1.06,18,0,false,"ECMWF IFS 0.25 degree open data on AWS, 2t surface field"
2025-02-27,2025-03-07,8,rumor,ecmwf-ifs-025-00z-aws-open-data,0.365,0,0,1.06,18,0,false,"ECMWF IFS 0.25 degree open data on AWS, 2t surface field"
2025-02-27,2025-03-08,9,rumor,ecmwf-ifs-025-00z-aws-open-data,2.548,0,0,1.06,18,0,false,"ECMWF IFS 0.25 degree open data on AWS, 2t surface field"
2025-02-27,2025-03-09,10,rumor,ecmwf-ifs-025-00z-aws-open-data,0.153,0,0,1.06,18,0,false,"ECMWF IFS 0.25 degree open data on AWS, 2t surface field"
2025-02-28,2025-03-01,1,selloff,ecmwf-ifs-025-00z-aws-open-data,9.831,0,0,1.06,18,0,false,"ECMWF IFS 0.25 degree open data on AWS, 2t surface field"
2025-02-28,2025-03-02,2,selloff,ecmwf-ifs-025-00z-aws-open-data,-0.357,0.047,0,1.06,18,0,false,"ECMWF IFS 0.25 degree open data on AWS, 2t surface field"
2025-02-28,2025-03-03,3,selloff,ecmwf-ifs-025-00z-aws-open-data,-0.933,0.264,0,1.06,18,0,false,"ECMWF IFS 0.25 degree open data on AWS, 2t surface field"
2025-02-28,2025-03-07,7,rumor,ecmwf-ifs-025-00z-aws-open-data,-1.551,0.047,0,1.06,18,0,false,"ECMWF IFS 0.25 degree open data on AWS, 2t surface field"
2025-02-28,2025-03-08,8,rumor,ecmwf-ifs-025-00z-aws-open-data,2.69,0.038,0,1.06,18,0,false,"ECMWF IFS 0.25 degree open data on AWS, 2t surface field"
2025-02-28,2025-03-09,9,rumor,ecmwf-ifs-025-00z-aws-open-data,1.914,0,0,1.06,18,0,false,"ECMWF IFS 0.25 degree open data on AWS, 2t surface field"
2025-02-28,2025-03-10,10,rumor,ecmwf-ifs-025-00z-aws-open-data,-2.368,0.226,0,1.06,18,0,false,"ECMWF IFS 0.25 degree open data on AWS, 2t surface field"
2025-03-01,2025-03-02,1,selloff,ecmwf-ifs-025-00z-aws-open-data,-0.415,0.047,0,1.06,18,0,false,"ECMWF IFS 0.25 degree open data on AWS, 2t surface field"
2025-03-01,2025-03-03,2,selloff,ecmwf-ifs-025-00z-aws-open-data,-0.832,0.16,0,1.06,18,0,false,"ECMWF IFS 0.25 degree open data on AWS, 2t surface field"
2025-03-01,2025-03-04,3,selloff,ecmwf-ifs-025-00z-aws-open-data,5.301,0,0,1.06,18,0,false,"ECMWF IFS 0.25 degree open data on AWS, 2t surface field"
2025-03-01,2025-03-08,7,rumor,ecmwf-ifs-025-00z-aws-open-data,3.69,0,0,1.06,18,0,false,"ECMWF IFS 0.25 degree open data on AWS, 2t surface field"
2025-03-01,2025-03-09,8,rumor,ecmwf-ifs-025-00z-aws-open-data,5.069,0,0,1.06,18,0,false,"ECMWF IFS 0.25 degree open data on AWS, 2t surface field"
2025-03-01,2025-03-10,9,rumor,ecmwf-ifs-025-00z-aws-open-data,8.856,0,0,1.06,18,0,false,"ECMWF IFS 0.25 degree open data on AWS, 2t surface field"
2025-03-01,2025-03-11,10,rumor,ecmwf-ifs-025-00z-aws-open-data,14.166,0,0,1.06,18,0,false,"ECMWF IFS 0.25 degree open data on AWS, 2t surface field"
2025-03-02,2025-03-03,1,selloff,ecmwf-ifs-025-00z-aws-open-data,-0.388,0.16,0,1.06,18,0,false,"ECMWF IFS 0.25 degree open data on AWS, 2t surface field"
2025-03-02,2025-03-04,2,selloff,ecmwf-ifs-025-00z-aws-open-data,6.769,0,0,1.06,18,0,false,"ECMWF IFS 0.25 degree open data on AWS, 2t surface field"
2025-03-02,2025-03-05,3,selloff,ecmwf-ifs-025-00z-aws-open-data,12.607,0,0,1.06,18,0,false,"ECMWF IFS 0.25 degree open data on AWS, 2t surface field"
2025-03-02,2025-03-09,7,rumor,ecmwf-ifs-025-00z-aws-open-data,4.175,0,0,1.06,18,0,false,"ECMWF IFS 0.25 degree open data on AWS, 2t surface field"
2025-03-02,2025-03-10,8,rumor,ecmwf-ifs-025-00z-aws-open-data,6.625,0,0,1.06,18,0,false,"ECMWF IFS 0.25 degree open data on AWS, 2t surface field"
2025-03-02,2025-03-11,9,rumor,ecmwf-ifs-025-00z-aws-open-data,12.763,0,0,1.06,18,0,false,"ECMWF IFS 0.25 degree open data on AWS, 2t surface field"
2025-03-02,2025-03-12,10,rumor,ecmwf-ifs-025-00z-aws-open-data,17.619,0,0,1.06,18,0,false,"ECMWF IFS 0.25 degree open data on AWS, 2t surface field"
2025-03-03,2025-03-04,1,selloff,ecmwf-ifs-025-00z-aws-open-data,7.082,0,0,1.06,18,0,false,"ECMWF IFS 0.25 degree open data on AWS, 2t surface field"
2025-03-03,2025-03-05,2,selloff,ecmwf-ifs-025-00z-aws-open-data,13.192,0,0,1.06,18,0,false,"ECMWF IFS 0.25 degree open data on AWS, 2t surface field"
2025-03-03,2025-03-06,3,selloff,ecmwf-ifs-025-00z-aws-open-data,7.324,0.038,0,1.06,18,0,false,"ECMWF IFS 0.25 degree open data on AWS, 2t surface field"
2025-03-03,2025-03-10,7,rumor,ecmwf-ifs-025-00z-aws-open-data,1.774,0,0,1.06,18,0,false,"ECMWF IFS 0.25 degree open data on AWS, 2t surface field"
2025-03-03,2025-03-11,8,rumor,ecmwf-ifs-025-00z-aws-open-data,11.793,0,0,1.06,18,0,false,"ECMWF IFS 0.25 degree open data on AWS, 2t surface field"
2025-03-03,2025-03-12,9,rumor,ecmwf-ifs-025-00z-aws-open-data,15.319,0,0,1.06,18,0,false,"ECMWF IFS 0.25 degree open data on AWS, 2t surface field"
2025-03-03,2025-03-13,10,rumor,ecmwf-ifs-025-00z-aws-open-data,14.32,0,0,1.06,18,0,false,"ECMWF IFS 0.25 degree open data on AWS, 2t surface field"
2025-03-04,2025-03-05,1,selloff,ecmwf-ifs-025-00z-aws-open-data,13.263,0,0,1.06,18,0,false,"ECMWF IFS 0.25 degree open data on AWS, 2t surface field"
2025-03-04,2025-03-06,2,selloff,ecmwf-ifs-025-00z-aws-open-data,6.993,0.038,0,1.06,18,0,false,"ECMWF IFS 0.25 degree open data on AWS, 2t surface field"
2025-03-04,2025-03-07,3,selloff,ecmwf-ifs-025-00z-aws-open-data,0.767,0,0,1.06,18,0,false,"ECMWF IFS 0.25 degree open data on AWS, 2t surface field"
2025-03-04,2025-03-11,7,rumor,ecmwf-ifs-025-00z-aws-open-data,11.654,0,0,1.06,18,0,false,"ECMWF IFS 0.25 degree open data on AWS, 2t surface field"
2025-03-04,2025-03-12,8,rumor,ecmwf-ifs-025-00z-aws-open-data,13.764,0,0,1.06,18,0,false,"ECMWF IFS 0.25 degree open data on AWS, 2t surface field"
2025-03-04,2025-03-13,9,rumor,ecmwf-ifs-025-00z-aws-open-data,15.666,0,0,1.06,18,0,false,"ECMWF IFS 0.25 degree open data on AWS, 2t surface field"
2025-03-04,2025-03-14,10,rumor,ecmwf-ifs-025-00z-aws-open-data,3.412,0,0,1.06,18,0,false,"ECMWF IFS 0.25 degree open data on AWS, 2t surface field"
2025-03-05,2025-03-06,1,selloff,ecmwf-ifs-025-00z-aws-open-data,6.131,0,0,1.06,18,0,false,"ECMWF IFS 0.25 degree open data on AWS, 2t surface field"
2025-03-05,2025-03-07,2,selloff,ecmwf-ifs-025-00z-aws-open-data,0.978,0,0,1.06,18,0,false,"ECMWF IFS 0.25 degree open data on AWS, 2t surface field"
2025-03-05,2025-03-08,3,selloff,ecmwf-ifs-025-00z-aws-open-data,5.157,0,0,1.06,18,0,false,"ECMWF IFS 0.25 degree open data on AWS, 2t surface field"
2025-03-05,2025-03-12,7,rumor,ecmwf-ifs-025-00z-aws-open-data,17.554,0,0,1.06,18,0,false,"ECMWF IFS 0.25 degree open data on AWS, 2t surface field"
2025-03-05,2025-03-13,8,rumor,ecmwf-ifs-025-00z-aws-open-data,18.123,0,0,1.06,18,0,false,"ECMWF IFS 0.25 degree open data on AWS, 2t surface field"
2025-03-05,2025-03-14,9,rumor,ecmwf-ifs-025-00z-aws-open-data,12.188,0,0,1.06,18,0,false,"ECMWF IFS 0.25 degree open data on AWS, 2t surface field"
2025-03-05,2025-03-15,10,rumor,ecmwf-ifs-025-00z-aws-open-data,11.616,0,0,1.06,18,0,false,"ECMWF IFS 0.25 degree open data on AWS, 2t surface field"
2025-03-06,2025-03-07,1,selloff,ecmwf-ifs-025-00z-aws-open-data,0.588,0,0,1.06,18,0,false,"ECMWF IFS 0.25 degree open data on AWS, 2t surface field"
2025-03-06,2025-03-08,2,selloff,ecmwf-ifs-025-00z-aws-open-data,5.288,0,0,1.06,18,0,false,"ECMWF IFS 0.25 degree open data on AWS, 2t surface field"
2025-03-06,2025-03-09,3,selloff,ecmwf-ifs-025-00z-aws-open-data,0.772,0,0,1.06,18,0,false,"ECMWF IFS 0.25 degree open data on AWS, 2t surface field"
2025-03-06,2025-03-13,7,rumor,ecmwf-ifs-025-00z-aws-open-data,17.587,0,0,1.06,18,0,false,"ECMWF IFS 0.25 degree open data on AWS, 2t surface field"
2025-03-06,2025-03-14,8,rumor,ecmwf-ifs-025-00z-aws-open-data,13.036,0,0,1.06,18,0,false,"ECMWF IFS 0.25 degree open data on AWS, 2t surface field"
2025-03-06,2025-03-15,9,rumor,ecmwf-ifs-025-00z-aws-open-data,16.322,0,0,1.06,18,0,false,"ECMWF IFS 0.25 degree open data on AWS, 2t surface field"
2025-03-06,2025-03-16,10,rumor,ecmwf-ifs-025-00z-aws-open-data,12.153,0,0,1.06,18,0,false,"ECMWF IFS 0.25 degree open data on AWS, 2t surface field"
2025-03-07,2025-03-08,1,selloff,ecmwf-ifs-025-00z-aws-open-data,5.185,0,0,1.06,18,0,false,"ECMWF IFS 0.25 degree open data on AWS, 2t surface field"
2025-03-07,2025-03-09,2,selloff,ecmwf-ifs-025-00z-aws-open-data,2.742,0,0,1.06,18,0,false,"ECMWF IFS 0.25 degree open data on AWS, 2t surface field"
2025-03-07,2025-03-10,3,selloff,ecmwf-ifs-025-00z-aws-open-data,5.649,0,0,1.06,18,0,false,"ECMWF IFS 0.25 degree open data on AWS, 2t surface field"
2025-03-07,2025-03-14,7,rumor,ecmwf-ifs-025-00z-aws-open-data,12.857,0,0,1.06,18,0,false,"ECMWF IFS 0.25 degree open data on AWS, 2t surface field"
2025-03-07,2025-03-15,8,rumor,ecmwf-ifs-025-00z-aws-open-data,12.059,0,0,1.06,18,0,false,"ECMWF IFS 0.25 degree open data on AWS, 2t surface field"
2025-03-07,2025-03-16,9,rumor,ecmwf-ifs-025-00z-aws-open-data,18.24,0,0,1.06,18,0,false,"ECMWF IFS 0.25 degree open data on AWS, 2t surface field"
2025-03-07,2025-03-17,10,rumor,ecmwf-ifs-025-00z-aws-open-data,12.602,0.066,0,1.06,18,0,false,"ECMWF IFS 0.25 degree open data on AWS, 2t surface field"
2025-03-08,2025-03-09,1,selloff,ecmwf-ifs-025-00z-aws-open-data,2.837,0,0,1.06,18,0,false,"ECMWF IFS 0.25 degree open data on AWS, 2t surface field"
2025-03-08,2025-03-10,2,selloff,ecmwf-ifs-025-00z-aws-open-data,6.717,0,0,1.06,18,0,false,"ECMWF IFS 0.25 degree open data on AWS, 2t surface field"
2025-03-08,2025-03-11,3,selloff,ecmwf-ifs-025-00z-aws-open-data,10.87,0,0,1.06,18,0,false,"ECMWF IFS 0.25 degree open data on AWS, 2t surface field"
2025-03-08,2025-03-15,7,rumor,ecmwf-ifs-025-00z-aws-open-data,14.825,0,0,1.06,18,0,false,"ECMWF IFS 0.25 degree open data on AWS, 2t surface field"
2025-03-08,2025-03-16,8,rumor,ecmwf-ifs-025-00z-aws-open-data,16.977,0,0,1.06,18,0,false,"ECMWF IFS 0.25 degree open data on AWS, 2t surface field"
2025-03-08,2025-03-17,9,rumor,ecmwf-ifs-025-00z-aws-open-data,10.845,0,0,1.06,18,0,false,"ECMWF IFS 0.25 degree open data on AWS, 2t surface field"
2025-03-08,2025-03-18,10,rumor,ecmwf-ifs-025-00z-aws-open-data,5.802,0,0,1.06,18,0,false,"ECMWF IFS 0.25 degree open data on AWS, 2t surface field"
2025-03-09,2025-03-10,1,selloff,ecmwf-ifs-025-00z-aws-open-data,7.578,0,0,1.06,18,0,false,"ECMWF IFS 0.25 degree open data on AWS, 2t surface field"
2025-03-09,2025-03-11,2,selloff,ecmwf-ifs-025-00z-aws-open-data,11.555,0,0,1.06,18,0,false,"ECMWF IFS 0.25 degree open data on AWS, 2t surface field"
2025-03-09,2025-03-12,3,selloff,ecmwf-ifs-025-00z-aws-open-data,10.925,0,0,1.06,18,0,false,"ECMWF IFS 0.25 degree open data on AWS, 2t surface field"
2025-03-09,2025-03-16,7,rumor,ecmwf-ifs-025-00z-aws-open-data,17.645,0,0,1.06,18,0,false,"ECMWF IFS 0.25 degree open data on AWS, 2t surface field"
2025-03-09,2025-03-17,8,rumor,ecmwf-ifs-025-00z-aws-open-data,10.044,0.066,0,1.06,18,0,false,"ECMWF IFS 0.25 degree open data on AWS, 2t surface field"
2025-03-09,2025-03-18,9,rumor,ecmwf-ifs-025-00z-aws-open-data,8.158,0,0,1.06,18,0,false,"ECMWF IFS 0.25 degree open data on AWS, 2t surface field"
2025-03-09,2025-03-19,10,rumor,ecmwf-ifs-025-00z-aws-open-data,13.42,0,0,1.06,18,0,false,"ECMWF IFS 0.25 degree open data on AWS, 2t surface field"
2025-03-10,2025-03-11,1,selloff,ecmwf-ifs-025-00z-aws-open-data,13.032,0,0,1.06,18,0,false,"ECMWF IFS 0.25 degree open data on AWS, 2t surface field"
2025-03-10,2025-03-12,2,selloff,ecmwf-ifs-025-00z-aws-open-data,10.53,0,0,1.06,18,0,false,"ECMWF IFS 0.25 degree open data on AWS, 2t surface field"
2025-03-10,2025-03-13,3,selloff,ecmwf-ifs-025-00z-aws-open-data,9.705,0,0,1.06,18,0,false,"ECMWF IFS 0.25 degree open data on AWS, 2t surface field"
2025-03-10,2025-03-17,7,rumor,ecmwf-ifs-025-00z-aws-open-data,11.524,0.066,0,1.06,18,0,false,"ECMWF IFS 0.25 degree open data on AWS, 2t surface field"
2025-03-10,2025-03-18,8,rumor,ecmwf-ifs-025-00z-aws-open-data,7.507,0,0,1.06,18,0,false,"ECMWF IFS 0.25 degree open data on AWS, 2t surface field"
2025-03-10,2025-03-19,9,rumor,ecmwf-ifs-025-00z-aws-open-data,11.532,0,0,1.06,18,0,false,"ECMWF IFS 0.25 degree open data on AWS, 2t surface field"
2025-03-10,2025-03-20,10,rumor,ecmwf-ifs-025-00z-aws-open-data,15.033,0,0,1.06,18,0,false,"ECMWF IFS 0.25 degree open data on AWS, 2t surface field"
2025-03-11,2025-03-12,1,selloff,ecmwf-ifs-025-00z-aws-open-data,11.001,0,0,1.06,18,0,false,"ECMWF IFS 0.25 degree open data on AWS, 2t surface field"
2025-03-11,2025-03-13,2,selloff,ecmwf-ifs-025-00z-aws-open-data,9.84,0,0,1.06,18,0,false,"ECMWF IFS 0.25 degree open data on AWS, 2t surface field"
2025-03-11,2025-03-14,3,selloff,ecmwf-ifs-025-00z-aws-open-data,11.625,0,0,1.06,18,0,false,"ECMWF IFS 0.25 degree open data on AWS, 2t surface field"
2025-03-11,2025-03-18,7,rumor,ecmwf-ifs-025-00z-aws-open-data,7.425,0,0,1.06,18,0,false,"ECMWF IFS 0.25 degree open data on AWS, 2t surface field"
2025-03-11,2025-03-19,8,rumor,ecmwf-ifs-025-00z-aws-open-data,11.282,0,0,1.06,18,0,false,"ECMWF IFS 0.25 degree open data on AWS, 2t surface field"
2025-03-11,2025-03-20,9,rumor,ecmwf-ifs-025-00z-aws-open-data,14.622,0,0,1.06,18,0,false,"ECMWF IFS 0.25 degree open data on AWS, 2t surface field"
2025-03-11,2025-03-21,10,rumor,ecmwf-ifs-025-00z-aws-open-data,8.691,0,0,1.06,18,0,false,"ECMWF IFS 0.25 degree open data on AWS, 2t surface field"
2025-03-12,2025-03-13,1,selloff,ecmwf-ifs-025-00z-aws-open-data,10.325,0,0,1.06,18,0,false,"ECMWF IFS 0.25 degree open data on AWS, 2t surface field"
2025-03-12,2025-03-14,2,selloff,ecmwf-ifs-025-00z-aws-open-data,11.689,0,0,1.06,18,0,false,"ECMWF IFS 0.25 degree open data on AWS, 2t surface field"
2025-03-12,2025-03-15,3,selloff,ecmwf-ifs-025-00z-aws-open-data,17.613,0,0,1.06,18,0,false,"ECMWF IFS 0.25 degree open data on AWS, 2t surface field"
2025-03-12,2025-03-19,7,rumor,ecmwf-ifs-025-00z-aws-open-data,13.542,0,0,1.06,18,0,false,"ECMWF IFS 0.25 degree open data on AWS, 2t surface field"
2025-03-12,2025-03-20,8,rumor,ecmwf-ifs-025-00z-aws-open-data,15.549,0,0,1.06,18,0,false,"ECMWF IFS 0.25 degree open data on AWS, 2t surface field"
2025-03-12,2025-03-21,9,rumor,ecmwf-ifs-025-00z-aws-open-data,10.585,0,0,1.06,18,0,false,"ECMWF IFS 0.25 degree open data on AWS, 2t surface field"
2025-03-12,2025-03-22,10,rumor,ecmwf-ifs-025-00z-aws-open-data,4.884,0,0,1.06,18,0,false,"ECMWF IFS 0.25 degree open data on AWS, 2t surface field"
2025-03-13,2025-03-14,1,selloff,ecmwf-ifs-025-00z-aws-open-data,11.777,0,0,1.06,18,0,false,"ECMWF IFS 0.25 degree open data on AWS, 2t surface field"
2025-03-13,2025-03-15,2,selloff,ecmwf-ifs-025-00z-aws-open-data,17.908,0,0,1.06,18,0,false,"ECMWF IFS 0.25 degree open data on AWS, 2t surface field"
2025-03-13,2025-03-16,3,selloff,ecmwf-ifs-025-00z-aws-open-data,15.377,0,0,1.06,18,0,false,"ECMWF IFS 0.25 degree open data on AWS, 2t surface field"
2025-03-13,2025-03-20,7,rumor,ecmwf-ifs-025-00z-aws-open-data,16.111,0.038,0,1.06,18,0,false,"ECMWF IFS 0.25 degree open data on AWS, 2t surface field"
2025-03-13,2025-03-21,8,rumor,ecmwf-ifs-025-00z-aws-open-data,7.013,0,0,1.06,18,0,false,"ECMWF IFS 0.25 degree open data on AWS, 2t surface field"
2025-03-13,2025-03-22,9,rumor,ecmwf-ifs-025-00z-aws-open-data,4.161,0,0,1.06,18,0,false,"ECMWF IFS 0.25 degree open data on AWS, 2t surface field"
2025-03-13,2025-03-23,10,rumor,ecmwf-ifs-025-00z-aws-open-data,10.671,0,0,1.06,18,0,false,"ECMWF IFS 0.25 degree open data on AWS, 2t surface field"
2025-03-14,2025-03-15,1,selloff,ecmwf-ifs-025-00z-aws-open-data,18.116,0,0,1.06,18,0,false,"ECMWF IFS 0.25 degree open data on AWS, 2t surface field"
2025-03-14,2025-03-16,2,selloff,ecmwf-ifs-025-00z-aws-open-data,14.189,0,0,1.06,18,0,false,"ECMWF IFS 0.25 degree open data on AWS, 2t surface field"
2025-03-14,2025-03-17,3,selloff,ecmwf-ifs-025-00z-aws-open-data,10.304,0,0,1.06,18,0,false,"ECMWF IFS 0.25 degree open data on AWS, 2t surface field"
2025-03-14,2025-03-21,7,rumor,ecmwf-ifs-025-00z-aws-open-data,5.635,0,0,1.06,18,0,false,"ECMWF IFS 0.25 degree open data on AWS, 2t surface field"
2025-03-14,2025-03-22,8,rumor,ecmwf-ifs-025-00z-aws-open-data,3.998,0,0,1.06,18,0,false,"ECMWF IFS 0.25 degree open data on AWS, 2t surface field"
2025-03-14,2025-03-23,9,rumor,ecmwf-ifs-025-00z-aws-open-data,8.909,0,0,1.06,18,0,false,"ECMWF IFS 0.25 degree open data on AWS, 2t surface field"
2025-03-14,2025-03-24,10,rumor,ecmwf-ifs-025-00z-aws-open-data,9.91,0,0,1.06,18,0,false,"ECMWF IFS 0.25 degree open data on AWS, 2t surface field"
2025-03-15,2025-03-16,1,selloff,ecmwf-ifs-025-00z-aws-open-data,13.712,0,0,1.06,18,0,false,"ECMWF IFS 0.25 degree open data on AWS, 2t surface field"
2025-03-15,2025-03-17,2,selloff,ecmwf-ifs-025-00z-aws-open-data,9.426,0,0,1.06,18,0,false,"ECMWF IFS 0.25 degree open data on AWS, 2t surface field"
2025-03-15,2025-03-18,3,selloff,ecmwf-ifs-025-00z-aws-open-data,8.493,0,0,1.06,18,0,false,"ECMWF IFS 0.25 degree open data on AWS, 2t surface field"
2025-03-15,2025-03-22,7,rumor,ecmwf-ifs-025-00z-aws-open-data,2.414,0,0,1.06,18,0,false,"ECMWF IFS 0.25 degree open data on AWS, 2t surface field"
2025-03-15,2025-03-23,8,rumor,ecmwf-ifs-025-00z-aws-open-data,7.88,0,0,1.06,18,0,false,"ECMWF IFS 0.25 degree open data on AWS, 2t surface field"
2025-03-15,2025-03-24,9,rumor,ecmwf-ifs-025-00z-aws-open-data,7.682,0,0,1.06,18,0,false,"ECMWF IFS 0.25 degree open data on AWS, 2t surface field"
2025-03-15,2025-03-25,10,rumor,ecmwf-ifs-025-00z-aws-open-data,7.269,0,0,1.06,18,0,false,"ECMWF IFS 0.25 degree open data on AWS, 2t surface field"
2025-03-16,2025-03-17,1,selloff,ecmwf-ifs-025-00z-aws-open-data,8.295,0,0,1.06,18,0,false,"ECMWF IFS 0.25 degree open data on AWS, 2t surface field"
2025-03-16,2025-03-18,2,selloff,ecmwf-ifs-025-00z-aws-open-data,7.59,0,0,1.06,18,0,false,"ECMWF IFS 0.25 degree open data on AWS, 2t surface field"
2025-03-16,2025-03-19,3,selloff,ecmwf-ifs-025-00z-aws-open-data,13.405,0,0,1.06,18,0,false,"ECMWF IFS 0.25 degree open data on AWS, 2t surface field"
2025-03-16,2025-03-23,7,rumor,ecmwf-ifs-025-00z-aws-open-data,7.921,0,0,1.06,18,0,false,"ECMWF IFS 0.25 degree open data on AWS, 2t surface field"
2025-03-16,2025-03-24,8,rumor,ecmwf-ifs-025-00z-aws-open-data,10.573,0,0,1.06,18,0,false,"ECMWF IFS 0.25 degree open data on AWS, 2t surface field"
2025-03-16,2025-03-25,9,rumor,ecmwf-ifs-025-00z-aws-open-data,8.971,0,0,1.06,18,0,false,"ECMWF IFS 0.25 degree open data on AWS, 2t surface field"
2025-03-16,2025-03-26,10,rumor,ecmwf-ifs-025-00z-aws-open-data,7.766,0,0,1.06,18,0,false,"ECMWF IFS 0.25 degree open data on AWS, 2t surface field"
2025-03-17,2025-03-18,1,selloff,ecmwf-ifs-025-00z-aws-open-data,6.774,0,0,1.06,18,0,false,"ECMWF IFS 0.25 degree open data on AWS, 2t surface field"
2025-03-17,2025-03-19,2,selloff,ecmwf-ifs-025-00z-aws-open-data,13.326,0,0,1.06,18,0,false,"ECMWF IFS 0.25 degree open data on AWS, 2t surface field"
2025-03-17,2025-03-20,3,selloff,ecmwf-ifs-025-00z-aws-open-data,11.206,0.038,0,1.06,18,0,false,"ECMWF IFS 0.25 degree open data on AWS, 2t surface field"
2025-03-17,2025-03-24,7,rumor,ecmwf-ifs-025-00z-aws-open-data,-0.175,0,0,1.06,18,0,false,"ECMWF IFS 0.25 degree open data on AWS, 2t surface field"
2025-03-17,2025-03-25,8,rumor,ecmwf-ifs-025-00z-aws-open-data,1.513,0,0,1.06,18,0,false,"ECMWF IFS 0.25 degree open data on AWS, 2t surface field"
2025-03-17,2025-03-26,9,rumor,ecmwf-ifs-025-00z-aws-open-data,1.836,0,0,1.06,18,0,false,"ECMWF IFS 0.25 degree open data on AWS, 2t surface field"
2025-03-17,2025-03-27,10,rumor,ecmwf-ifs-025-00z-aws-open-data,2.833,0,0,1.06,18,0,false,"ECMWF IFS 0.25 degree open data on AWS, 2t surface field"
2025-03-18,2025-03-19,1,selloff,ecmwf-ifs-025-00z-aws-open-data,13.778,0,0,1.06,18,0,false,"ECMWF IFS 0.25 degree open data on AWS, 2t surface field"
2025-03-18,2025-03-20,2,selloff,ecmwf-ifs-025-00z-aws-open-data,11.022,0.038,0,1.06,18,0,false,"ECMWF IFS 0.25 degree open data on AWS, 2t surface field"
2025-03-18,2025-03-21,3,selloff,ecmwf-ifs-025-00z-aws-open-data,2.861,0.066,0,1.06,18,0,false,"ECMWF IFS 0.25 degree open data on AWS, 2t surface field"
2025-03-18,2025-03-25,7,rumor,ecmwf-ifs-025-00z-aws-open-data,10.231,0,0,1.06,18,0,false,"ECMWF IFS 0.25 degree open data on AWS, 2t surface field"
2025-03-18,2025-03-26,8,rumor,ecmwf-ifs-025-00z-aws-open-data,6.681,0,0,1.06,18,0,false,"ECMWF IFS 0.25 degree open data on AWS, 2t surface field"
2025-03-18,2025-03-27,9,rumor,ecmwf-ifs-025-00z-aws-open-data,1.166,0,0,1.06,18,0,false,"ECMWF IFS 0.25 degree open data on AWS, 2t surface field"
2025-03-18,2025-03-28,10,rumor,ecmwf-ifs-025-00z-aws-open-data,3.717,0,0,1.06,18,0,false,"ECMWF IFS 0.25 degree open data on AWS, 2t surface field"
2025-03-19,2025-03-20,1,selloff,ecmwf-ifs-025-00z-aws-open-data,10.51,0.038,0,1.06,18,0,false,"ECMWF IFS 0.25 degree open data on AWS, 2t surface field"
2025-03-19,2025-03-21,2,selloff,ecmwf-ifs-025-00z-aws-open-data,2.987,0.066,0,1.06,18,0,false,"ECMWF IFS 0.25 degree open data on AWS, 2t surface field"
2025-03-19,2025-03-22,3,selloff,ecmwf-ifs-025-00z-aws-open-data,6.807,0,0,1.06,18,0,false,"ECMWF IFS 0.25 degree open data on AWS, 2t surface field"
2025-03-19,2025-03-26,7,rumor,ecmwf-ifs-025-00z-aws-open-data,4.006,0,0,1.06,18,0,false,"ECMWF IFS 0.25 degree open data on AWS, 2t surface field"
2025-03-19,2025-03-27,8,rumor,ecmwf-ifs-025-00z-aws-open-data,-1.478,0.047,0,1.06,18,0,false,"ECMWF IFS 0.25 degree open data on AWS, 2t surface field"
2025-03-19,2025-03-28,9,rumor,ecmwf-ifs-025-00z-aws-open-data,-1.599,0.274,0,1.06,18,0,false,"ECMWF IFS 0.25 degree open data on AWS, 2t surface field"
2025-03-19,2025-03-29,10,rumor,ecmwf-ifs-025-00z-aws-open-data,1.051,0.066,0,1.06,18,0,false,"ECMWF IFS 0.25 degree open data on AWS, 2t surface field"
2025-03-20,2025-03-21,1,selloff,ecmwf-ifs-025-00z-aws-open-data,3.349,0.066,0,1.06,18,0,false,"ECMWF IFS 0.25 degree open data on AWS, 2t surface field"
2025-03-20,2025-03-22,2,selloff,ecmwf-ifs-025-00z-aws-open-data,7.014,0,0,1.06,18,0,false,"ECMWF IFS 0.25 degree open data on AWS, 2t surface field"
2025-03-20,2025-03-23,3,selloff,ecmwf-ifs-025-00z-aws-open-data,7.049,0,0,1.06,18,0,false,"ECMWF IFS 0.25 degree open data on AWS, 2t surface field"
2025-03-20,2025-03-27,7,rumor,ecmwf-ifs-025-00z-aws-open-data,0.134,0,0,1.06,18,0,false,"ECMWF IFS 0.25 degree open data on AWS, 2t surface field"
2025-03-20,2025-03-28,8,rumor,ecmwf-ifs-025-00z-aws-open-data,1.358,0,0,1.06,18,0,false,"ECMWF IFS 0.25 degree open data on AWS, 2t surface field"
2025-03-20,2025-03-29,9,rumor,ecmwf-ifs-025-00z-aws-open-data,-0.564,0.057,0,1.06,18,0,false,"ECMWF IFS 0.25 degree open data on AWS, 2t surface field"
2025-03-20,2025-03-30,10,rumor,ecmwf-ifs-025-00z-aws-open-data,-1.349,0.538,0,1.06,18,0,false,"ECMWF IFS 0.25 degree open data on AWS, 2t surface field"
2025-03-21,2025-03-22,1,selloff,ecmwf-ifs-025-00z-aws-open-data,7.105,0,0,1.06,18,0,false,"ECMWF IFS 0.25 degree open data on AWS, 2t surface field"
2025-03-21,2025-03-23,2,selloff,ecmwf-ifs-025-00z-aws-open-data,5.541,0,0,1.06,18,0,false,"ECMWF IFS 0.25 degree open data on AWS, 2t surface field"
2025-03-21,2025-03-24,3,selloff,ecmwf-ifs-025-00z-aws-open-data,4.83,0,0,1.06,18,0,false,"ECMWF IFS 0.25 degree open data on AWS, 2t surface field"
2025-03-21,2025-03-28,7,rumor,ecmwf-ifs-025-00z-aws-open-data,2.891,0.038,0,1.06,18,0,false,"ECMWF IFS 0.25 degree open data on AWS, 2t surface field"
2025-03-21,2025-03-29,8,rumor,ecmwf-ifs-025-00z-aws-open-data,10.984,0,0,1.06,18,0,false,"ECMWF IFS 0.25 degree open data on AWS, 2t surface field"
2025-03-21,2025-03-30,9,rumor,ecmwf-ifs-025-00z-aws-open-data,10.615,0,0,1.06,18,0,false,"ECMWF IFS 0.25 degree open data on AWS, 2t surface field"
2025-03-21,2025-03-31,10,rumor,ecmwf-ifs-025-00z-aws-open-data,6.847,0.151,1,1.06,18,0,false,"ECMWF IFS 0.25 degree open data on AWS, 2t surface field"
2025-03-22,2025-03-23,1,selloff,ecmwf-ifs-025-00z-aws-open-data,6.648,0,0,1.06,18,0,false,"ECMWF IFS 0.25 degree open data on AWS, 2t surface field"
2025-03-22,2025-03-24,2,selloff,ecmwf-ifs-025-00z-aws-open-data,5.484,0,0,1.06,18,0,false,"ECMWF IFS 0.25 degree open data on AWS, 2t surface field"
2025-03-22,2025-03-25,3,selloff,ecmwf-ifs-025-00z-aws-open-data,8.377,0,0,1.06,18,0,false,"ECMWF IFS 0.25 degree open data on AWS, 2t surface field"
2025-03-22,2025-03-29,7,rumor,ecmwf-ifs-025-00z-aws-open-data,13.078,0,0,1.06,18,0,false,"ECMWF IFS 0.25 degree open data on AWS, 2t surface field"
2025-03-22,2025-03-30,8,rumor,ecmwf-ifs-025-00z-aws-open-data,12.573,0.066,0,1.06,18,0,false,"ECMWF IFS 0.25 degree open data on AWS, 2t surface field"
2025-03-22,2025-03-31,9,rumor,ecmwf-ifs-025-00z-aws-open-data,12.551,0,0,1.06,18,0,false,"ECMWF IFS 0.25 degree open data on AWS, 2t surface field"
2025-03-23,2025-03-24,1,selloff,ecmwf-ifs-025-00z-aws-open-data,5.128,0,0,1.06,18,0,false,"ECMWF IFS 0.25 degree open data on AWS, 2t surface field"
2025-03-23,2025-03-25,2,selloff,ecmwf-ifs-025-00z-aws-open-data,7.509,0,0,1.06,18,0,false,"ECMWF IFS 0.25 degree open data on AWS, 2t surface field"
2025-03-23,2025-03-26,3,selloff,ecmwf-ifs-025-00z-aws-open-data,7.73,0,0,1.06,18,0,false,"ECMWF IFS 0.25 degree open data on AWS, 2t surface field"
2025-03-23,2025-03-30,7,rumor,ecmwf-ifs-025-00z-aws-open-data,15.68,0,0,1.06,18,0,false,"ECMWF IFS 0.25 degree open data on AWS, 2t surface field"
2025-03-23,2025-03-31,8,rumor,ecmwf-ifs-025-00z-aws-open-data,9.641,0.066,0,1.06,18,0,false,"ECMWF IFS 0.25 degree open data on AWS, 2t surface field"
2025-03-24,2025-03-25,1,selloff,ecmwf-ifs-025-00z-aws-open-data,8.151,0,0,1.06,18,0,false,"ECMWF IFS 0.25 degree open data on AWS, 2t surface field"
2025-03-24,2025-03-26,2,selloff,ecmwf-ifs-025-00z-aws-open-data,8.281,0,0,1.06,18,0,false,"ECMWF IFS 0.25 degree open data on AWS, 2t surface field"
2025-03-24,2025-03-27,3,selloff,ecmwf-ifs-025-00z-aws-open-data,1.557,0,0,1.06,18,0,false,"ECMWF IFS 0.25 degree open data on AWS, 2t surface field"
2025-03-24,2025-03-31,7,rumor,ecmwf-ifs-025-00z-aws-open-data,9.206,0,0,1.06,18,0,false,"ECMWF IFS 0.25 degree open data on AWS, 2t surface field"
2025-03-25,2025-03-26,1,selloff,ecmwf-ifs-025-00z-aws-open-data,8.04,0,0,1.06,18,0,false,"ECMWF IFS 0.25 degree open data on AWS, 2t surface field"
2025-03-25,2025-03-27,2,selloff,ecmwf-ifs-025-00z-aws-open-data,2.794,0,0,1.06,18,0,false,"ECMWF IFS 0.25 degree open data on AWS, 2t surface field"
2025-03-25,2025-03-28,3,selloff,ecmwf-ifs-025-00z-aws-open-data,6.514,0,0,1.06,18,0,false,"ECMWF IFS 0.25 degree open data on AWS, 2t surface field"
2025-03-26,2025-03-27,1,selloff,ecmwf-ifs-025-00z-aws-open-data,3.405,0,0,1.06,18,0,false,"ECMWF IFS 0.25 degree open data on AWS, 2t surface field"
2025-03-26,2025-03-28,2,selloff,ecmwf-ifs-025-00z-aws-open-data,7.555,0,0,1.06,18,0,false,"ECMWF IFS 0.25 degree open data on AWS, 2t surface field"
2025-03-26,2025-03-29,3,selloff,ecmwf-ifs-025-00z-aws-open-data,14.401,0,0,1.06,18,0,false,"ECMWF IFS 0.25 degree open data on AWS, 2t surface field"
2025-03-27,2025-03-28,1,selloff,ecmwf-ifs-025-00z-aws-open-data,7.75,0,0,1.06,18,0,false,"ECMWF IFS 0.25 degree open data on AWS, 2t surface field"
2025-03-27,2025-03-29,2,selloff,ecmwf-ifs-025-00z-aws-open-data,14.876,0,0,1.06,18,0,false,"ECMWF IFS 0.25 degree open data on AWS, 2t surface field"
2025-03-27,2025-03-30,3,selloff,ecmwf-ifs-025-00z-aws-open-data,14.671,0,0,1.06,18,0,false,"ECMWF IFS 0.25 degree open data on AWS, 2t surface field"
2025-03-28,2025-03-29,1,selloff,ecmwf-ifs-025-00z-aws-open-data,15.651,0,0,1.06,18,0,false,"ECMWF IFS 0.25 degree open data on AWS, 2t surface field"
2025-03-28,2025-03-30,2,selloff,ecmwf-ifs-025-00z-aws-open-data,14.869,0,0,1.06,18,0,false,"ECMWF IFS 0.25 degree open data on AWS, 2t surface field"
2025-03-28,2025-03-31,3,selloff,ecmwf-ifs-025-00z-aws-open-data,12.763,0,0,1.06,18,0,false,"ECMWF IFS 0.25 degree open data on AWS, 2t surface field"
2025-03-29,2025-03-30,1,selloff,ecmwf-ifs-025-00z-aws-open-data,13.807,0,0,1.06,18,0,false,"ECMWF IFS 0.25 degree open data on AWS, 2t surface field"
2025-03-29,2025-03-31,2,selloff,ecmwf-ifs-025-00z-aws-open-data,12.78,0,0,1.06,18,0,false,"ECMWF IFS 0.25 degree open data on AWS, 2t surface field"
2025-03-30,2025-03-31,1,selloff,ecmwf-ifs-025-00z-aws-open-data,12.913,0,0,1.06,18,0,false,"ECMWF IFS 0.25 degree open data on AWS, 2t surface field"
2025-10-22,2025-11-01,10,rumor,ecmwf-ifs-025-00z-aws-open-data,0.487,0,0,1.06,18,0,false,"ECMWF IFS 0.25 degree open data on AWS, 2t surface field"
2025-10-23,2025-11-01,9,rumor,ecmwf-ifs-025-00z-aws-open-data,-1.901,0,0,1.06,18,0,false,"ECMWF IFS 0.25 degree open data on AWS, 2t surface field"
2025-10-23,2025-11-02,10,rumor,ecmwf-ifs-025-00z-aws-open-data,-0.996,0,0,1.06,18,0,false,"ECMWF IFS 0.25 degree open data on AWS, 2t surface field"
2025-10-24,2025-11-01,8,rumor,ecmwf-ifs-025-00z-aws-open-data,-1.447,0,0,1.06,18,0,false,"ECMWF IFS 0.25 degree open data on AWS, 2t surface field"
2025-10-24,2025-11-02,9,rumor,ecmwf-ifs-025-00z-aws-open-data,-0.062,0,0,1.06,18,0,false,"ECMWF IFS 0.25 degree open data on AWS, 2t surface field"
2025-10-24,2025-11-03,10,rumor,ecmwf-ifs-025-00z-aws-open-data,2.523,0,0,1.06,18,0,false,"ECMWF IFS 0.25 degree open data on AWS, 2t surface field"
2025-10-25,2025-11-01,7,rumor,ecmwf-ifs-025-00z-aws-open-data,-1.664,0.113,0,1.06,18,0,false,"ECMWF IFS 0.25 degree open data on AWS, 2t surface field"
2025-10-25,2025-11-02,8,rumor,ecmwf-ifs-025-00z-aws-open-data,-0.96,0,0,1.06,18,0,false,"ECMWF IFS 0.25 degree open data on AWS, 2t surface field"
2025-10-25,2025-11-03,9,rumor,ecmwf-ifs-025-00z-aws-open-data,0.962,0,0,1.06,18,0,false,"ECMWF IFS 0.25 degree open data on AWS, 2t surface field"
2025-10-25,2025-11-04,10,rumor,ecmwf-ifs-025-00z-aws-open-data,4.698,0,0,1.06,18,0,false,"ECMWF IFS 0.25 degree open data on AWS, 2t surface field"
2025-10-26,2025-11-02,7,rumor,ecmwf-ifs-025-00z-aws-open-data,0.737,0,0,1.06,18,0,false,"ECMWF IFS 0.25 degree open data on AWS, 2t surface field"
2025-10-26,2025-11-03,8,rumor,ecmwf-ifs-025-00z-aws-open-data,1.926,0,0,1.06,18,0,false,"ECMWF IFS 0.25 degree open data on AWS, 2t surface field"
2025-10-26,2025-11-04,9,rumor,ecmwf-ifs-025-00z-aws-open-data,5.019,0,0,1.06,18,0,false,"ECMWF IFS 0.25 degree open data on AWS, 2t surface field"
2025-10-26,2025-11-05,10,rumor,ecmwf-ifs-025-00z-aws-open-data,-0.375,0,0,1.06,18,0,false,"ECMWF IFS 0.25 degree open data on AWS, 2t surface field"
2025-10-27,2025-11-03,7,rumor,ecmwf-ifs-025-00z-aws-open-data,1.049,0,0,1.06,18,0,false,"ECMWF IFS 0.25 degree open data on AWS, 2t surface field"
2025-10-27,2025-11-04,8,rumor,ecmwf-ifs-025-00z-aws-open-data,0.723,0,0,1.06,18,0,false,"ECMWF IFS 0.25 degree open data on AWS, 2t surface field"
2025-10-27,2025-11-05,9,rumor,ecmwf-ifs-025-00z-aws-open-data,-3.04,0,0,1.06,18,0,false,"ECMWF IFS 0.25 degree open data on AWS, 2t surface field"
2025-10-27,2025-11-06,10,rumor,ecmwf-ifs-025-00z-aws-open-data,-2.819,0.255,0,1.06,18,0,false,"ECMWF IFS 0.25 degree open data on AWS, 2t surface field"
2025-10-28,2025-11-04,7,rumor,ecmwf-ifs-025-00z-aws-open-data,4.923,0,0,1.06,18,0,false,"ECMWF IFS 0.25 degree open data on AWS, 2t surface field"
2025-10-28,2025-11-05,8,rumor,ecmwf-ifs-025-00z-aws-open-data,3.3,0,0,1.06,18,0,false,"ECMWF IFS 0.25 degree open data on AWS, 2t surface field"
2025-10-28,2025-11-06,9,rumor,ecmwf-ifs-025-00z-aws-open-data,2.9,0,0,1.06,18,0,false,"ECMWF IFS 0.25 degree open data on AWS, 2t surface field"
2025-10-28,2025-11-07,10,rumor,ecmwf-ifs-025-00z-aws-open-data,7.497,0,0,1.06,18,0,false,"ECMWF IFS 0.25 degree open data on AWS, 2t surface field"
2025-10-29,2025-11-01,3,selloff,ecmwf-ifs-025-00z-aws-open-data,0.185,0,0,1.06,18,0,false,"ECMWF IFS 0.25 degree open data on AWS, 2t surface field"
2025-10-29,2025-11-05,7,rumor,ecmwf-ifs-025-00z-aws-open-data,4.191,0,0,1.06,18,0,false,"ECMWF IFS 0.25 degree open data on AWS, 2t surface field"
2025-10-29,2025-11-06,8,rumor,ecmwf-ifs-025-00z-aws-open-data,4.278,0,0,1.06,18,0,false,"ECMWF IFS 0.25 degree open data on AWS, 2t surface field"
2025-10-29,2025-11-07,9,rumor,ecmwf-ifs-025-00z-aws-open-data,5.002,0,0,1.06,18,0,false,"ECMWF IFS 0.25 degree open data on AWS, 2t surface field"
2025-10-29,2025-11-08,10,rumor,ecmwf-ifs-025-00z-aws-open-data,5.356,0,0,1.06,18,0,false,"ECMWF IFS 0.25 degree open data on AWS, 2t surface field"
2025-10-30,2025-11-01,2,selloff,ecmwf-ifs-025-00z-aws-open-data,-0.247,0,0,1.06,18,0,false,"ECMWF IFS 0.25 degree open data on AWS, 2t surface field"
2025-10-30,2025-11-02,3,selloff,ecmwf-ifs-025-00z-aws-open-data,-1.089,0,0,1.06,18,0,false,"ECMWF IFS 0.25 degree open data on AWS, 2t surface field"
2025-10-30,2025-11-06,7,rumor,ecmwf-ifs-025-00z-aws-open-data,6.338,0,0,1.06,18,0,false,"ECMWF IFS 0.25 degree open data on AWS, 2t surface field"
2025-10-30,2025-11-07,8,rumor,ecmwf-ifs-025-00z-aws-open-data,4.178,0,0,1.06,18,0,false,"ECMWF IFS 0.25 degree open data on AWS, 2t surface field"
2025-10-30,2025-11-08,9,rumor,ecmwf-ifs-025-00z-aws-open-data,5.2,0,0,1.06,18,0,false,"ECMWF IFS 0.25 degree open data on AWS, 2t surface field"
2025-10-30,2025-11-09,10,rumor,ecmwf-ifs-025-00z-aws-open-data,10.22,0,0,1.06,18,0,false,"ECMWF IFS 0.25 degree open data on AWS, 2t surface field"
2025-10-31,2025-11-01,1,selloff,ecmwf-ifs-025-00z-aws-open-data,-0.208,0,0,1.06,18,0,false,"ECMWF IFS 0.25 degree open data on AWS, 2t surface field"
2025-10-31,2025-11-02,2,selloff,ecmwf-ifs-025-00z-aws-open-data,-1.036,0,0,1.06,18,0,false,"ECMWF IFS 0.25 degree open data on AWS, 2t surface field"
2025-10-31,2025-11-03,3,selloff,ecmwf-ifs-025-00z-aws-open-data,0.582,0,0,1.06,18,0,false,"ECMWF IFS 0.25 degree open data on AWS, 2t surface field"
2025-10-31,2025-11-07,7,rumor,ecmwf-ifs-025-00z-aws-open-data,3.111,0,0,1.06,18,0,false,"ECMWF IFS 0.25 degree open data on AWS, 2t surface field"
2025-10-31,2025-11-08,8,rumor,ecmwf-ifs-025-00z-aws-open-data,4.492,0,0,1.06,18,0,false,"ECMWF IFS 0.25 degree open data on AWS, 2t surface field"
2025-10-31,2025-11-09,9,rumor,ecmwf-ifs-025-00z-aws-open-data,8.001,0,0,1.06,18,0,false,"ECMWF IFS 0.25 degree open data on AWS, 2t surface field"
2025-10-31,2025-11-10,10,rumor,ecmwf-ifs-025-00z-aws-open-data,6.741,0,0,1.06,18,0,false,"ECMWF IFS 0.25 degree open data on AWS, 2t surface field"
2025-11-01,2025-11-02,1,selloff,ecmwf-ifs-025-00z-aws-open-data,-1.118,0,0,1.06,18,0,false,"ECMWF IFS 0.25 degree open data on AWS, 2t surface field"
2025-11-01,2025-11-03,2,selloff,ecmwf-ifs-025-00z-aws-open-data,0.758,0.038,0,1.06,18,0,false,"ECMWF IFS 0.25 degree open data on AWS, 2t surface field"
2025-11-01,2025-11-04,3,selloff,ecmwf-ifs-025-00z-aws-open-data,4.03,0,0,1.06,18,0,false,"ECMWF IFS 0.25 degree open data on AWS, 2t surface field"
2025-11-01,2025-11-08,7,rumor,ecmwf-ifs-025-00z-aws-open-data,9.544,0,0,1.06,18,0,false,"ECMWF IFS 0.25 degree open data on AWS, 2t surface field"
2025-11-01,2025-11-09,8,rumor,ecmwf-ifs-025-00z-aws-open-data,12.754,0,0,1.06,18,0,false,"ECMWF IFS 0.25 degree open data on AWS, 2t surface field"
2025-11-01,2025-11-10,9,rumor,ecmwf-ifs-025-00z-aws-open-data,7.963,0,0,1.06,18,0,false,"ECMWF IFS 0.25 degree open data on AWS, 2t surface field"
2025-11-01,2025-11-11,10,rumor,ecmwf-ifs-025-00z-aws-open-data,1.632,0,0,1.06,18,0,false,"ECMWF IFS 0.25 degree open data on AWS, 2t surface field"
2025-11-02,2025-11-03,1,selloff,ecmwf-ifs-025-00z-aws-open-data,1.174,0,0,1.06,18,0,false,"ECMWF IFS 0.25 degree open data on AWS, 2t surface field"
2025-11-02,2025-11-04,2,selloff,ecmwf-ifs-025-00z-aws-open-data,4.591,0,0,1.06,18,0,false,"ECMWF IFS 0.25 degree open data on AWS, 2t surface field"
2025-11-02,2025-11-05,3,selloff,ecmwf-ifs-025-00z-aws-open-data,4.522,0,0,1.06,18,0,false,"ECMWF IFS 0.25 degree open data on AWS, 2t surface field"
2025-11-02,2025-11-09,7,rumor,ecmwf-ifs-025-00z-aws-open-data,11.78,0,0,1.06,18,0,false,"ECMWF IFS 0.25 degree open data on AWS, 2t surface field"
2025-11-02,2025-11-10,8,rumor,ecmwf-ifs-025-00z-aws-open-data,3.563,0,0,1.06,18,0,false,"ECMWF IFS 0.25 degree open data on AWS, 2t surface field"
2025-11-02,2025-11-11,9,rumor,ecmwf-ifs-025-00z-aws-open-data,-5.55,0.274,0,1.06,18,0,false,"ECMWF IFS 0.25 degree open data on AWS, 2t surface field"
2025-11-02,2025-11-12,10,rumor,ecmwf-ifs-025-00z-aws-open-data,-0.145,0,0,1.06,18,0,false,"ECMWF IFS 0.25 degree open data on AWS, 2t surface field"
2025-11-03,2025-11-04,1,selloff,ecmwf-ifs-025-00z-aws-open-data,4.513,0,0,1.06,18,0,false,"ECMWF IFS 0.25 degree open data on AWS, 2t surface field"
2025-11-03,2025-11-05,2,selloff,ecmwf-ifs-025-00z-aws-open-data,4.433,0,0,1.06,18,0,false,"ECMWF IFS 0.25 degree open data on AWS, 2t surface field"
2025-11-03,2025-11-06,3,selloff,ecmwf-ifs-025-00z-aws-open-data,7.536,0,0,1.06,18,0,false,"ECMWF IFS 0.25 degree open data on AWS, 2t surface field"
2025-11-03,2025-11-10,7,rumor,ecmwf-ifs-025-00z-aws-open-data,2.208,0,0,1.06,18,0,false,"ECMWF IFS 0.25 degree open data on AWS, 2t surface field"
2025-11-03,2025-11-11,8,rumor,ecmwf-ifs-025-00z-aws-open-data,-6.107,0.368,0,1.06,18,0,false,"ECMWF IFS 0.25 degree open data on AWS, 2t surface field"
2025-11-03,2025-11-12,9,rumor,ecmwf-ifs-025-00z-aws-open-data,-4.424,0.377,0,1.06,18,0,false,"ECMWF IFS 0.25 degree open data on AWS, 2t surface field"
2025-11-03,2025-11-13,10,rumor,ecmwf-ifs-025-00z-aws-open-data,5.641,0,0,1.06,18,0,false,"ECMWF IFS 0.25 degree open data on AWS, 2t surface field"
2025-11-04,2025-11-05,1,selloff,ecmwf-ifs-025-00z-aws-open-data,4.819,0,0,1.06,18,0,false,"ECMWF IFS 0.25 degree open data on AWS, 2t surface field"
2025-11-04,2025-11-06,2,selloff,ecmwf-ifs-025-00z-aws-open-data,7.938,0,0,1.06,18,0,false,"ECMWF IFS 0.25 degree open data on AWS, 2t surface field"
2025-11-04,2025-11-07,3,selloff,ecmwf-ifs-025-00z-aws-open-data,3.747,0,0,1.06,18,0,false,"ECMWF IFS 0.25 degree open data on AWS, 2t surface field"
2025-11-04,2025-11-11,7,rumor,ecmwf-ifs-025-00z-aws-open-data,-7.977,0.425,0,1.06,18,0,false,"ECMWF IFS 0.25 degree open data on AWS, 2t surface field"
2025-11-04,2025-11-12,8,rumor,ecmwf-ifs-025-00z-aws-open-data,0.924,0.104,0,1.06,18,0,false,"ECMWF IFS 0.25 degree open data on AWS, 2t surface field"
2025-11-04,2025-11-13,9,rumor,ecmwf-ifs-025-00z-aws-open-data,7.108,0,0,1.06,18,0,false,"ECMWF IFS 0.25 degree open data on AWS, 2t surface field"
2025-11-04,2025-11-14,10,rumor,ecmwf-ifs-025-00z-aws-open-data,6.629,0,0,1.06,18,0,false,"ECMWF IFS 0.25 degree open data on AWS, 2t surface field"
2025-11-05,2025-11-06,1,selloff,ecmwf-ifs-025-00z-aws-open-data,8.353,0,0,1.06,18,0,false,"ECMWF IFS 0.25 degree open data on AWS, 2t surface field"
2025-11-05,2025-11-07,2,selloff,ecmwf-ifs-025-00z-aws-open-data,4.676,0,0,1.06,18,0,false,"ECMWF IFS 0.25 degree open data on AWS, 2t surface field"
2025-11-05,2025-11-08,3,selloff,ecmwf-ifs-025-00z-aws-open-data,10.291,0,0,1.06,18,0,false,"ECMWF IFS 0.25 degree open data on AWS, 2t surface field"
2025-11-05,2025-11-12,7,rumor,ecmwf-ifs-025-00z-aws-open-data,-3.6,0.255,0,1.06,18,0,false,"ECMWF IFS 0.25 degree open data on AWS, 2t surface field"
2025-11-05,2025-11-13,8,rumor,ecmwf-ifs-025-00z-aws-open-data,7.116,0,0,1.06,18,0,false,"ECMWF IFS 0.25 degree open data on AWS, 2t surface field"
2025-11-05,2025-11-14,9,rumor,ecmwf-ifs-025-00z-aws-open-data,4.888,0,0,1.06,18,0,false,"ECMWF IFS 0.25 degree open data on AWS, 2t surface field"
2025-11-05,2025-11-15,10,rumor,ecmwf-ifs-025-00z-aws-open-data,4.361,0.104,0,1.06,18,0,false,"ECMWF IFS 0.25 degree open data on AWS, 2t surface field"
2025-11-06,2025-11-07,1,selloff,ecmwf-ifs-025-00z-aws-open-data,5.074,0,0,1.06,18,0,false,"ECMWF IFS 0.25 degree open data on AWS, 2t surface field"
2025-11-06,2025-11-08,2,selloff,ecmwf-ifs-025-00z-aws-open-data,10.581,0,0,1.06,18,0,false,"ECMWF IFS 0.25 degree open data on AWS, 2t surface field"
2025-11-06,2025-11-09,3,selloff,ecmwf-ifs-025-00z-aws-open-data,6.381,0,0,1.06,18,0,false,"ECMWF IFS 0.25 degree open data on AWS, 2t surface field"
2025-11-06,2025-11-13,7,rumor,ecmwf-ifs-025-00z-aws-open-data,8.086,0,0,1.06,18,0,false,"ECMWF IFS 0.25 degree open data on AWS, 2t surface field"
2025-11-06,2025-11-14,8,rumor,ecmwf-ifs-025-00z-aws-open-data,5.314,0,0,1.06,18,0,false,"ECMWF IFS 0.25 degree open data on AWS, 2t surface field"
2025-11-06,2025-11-15,9,rumor,ecmwf-ifs-025-00z-aws-open-data,2.355,0,0,1.06,18,0,false,"ECMWF IFS 0.25 degree open data on AWS, 2t surface field"
2025-11-06,2025-11-16,10,rumor,ecmwf-ifs-025-00z-aws-open-data,10.974,0,0,1.06,18,0,false,"ECMWF IFS 0.25 degree open data on AWS, 2t surface field"
2025-11-07,2025-11-08,1,selloff,ecmwf-ifs-025-00z-aws-open-data,11.049,0,0,1.06,18,0,false,"ECMWF IFS 0.25 degree open data on AWS, 2t surface field"
2025-11-07,2025-11-09,2,selloff,ecmwf-ifs-025-00z-aws-open-data,6.166,0,0,1.06,18,0,false,"ECMWF IFS 0.25 degree open data on AWS, 2t surface field"
2025-11-07,2025-11-10,3,selloff,ecmwf-ifs-025-00z-aws-open-data,-0.439,0.217,0,1.06,18,0,false,"ECMWF IFS 0.25 degree open data on AWS, 2t surface field"
2025-11-07,2025-11-14,7,rumor,ecmwf-ifs-025-00z-aws-open-data,5.04,0,0,1.06,18,0,false,"ECMWF IFS 0.25 degree open data on AWS, 2t surface field"
2025-11-07,2025-11-15,8,rumor,ecmwf-ifs-025-00z-aws-open-data,7.74,0,0,1.06,18,0,false,"ECMWF IFS 0.25 degree open data on AWS, 2t surface field"
2025-11-07,2025-11-16,9,rumor,ecmwf-ifs-025-00z-aws-open-data,10.28,0,0,1.06,18,0,false,"ECMWF IFS 0.25 degree open data on AWS, 2t surface field"
2025-11-07,2025-11-17,10,rumor,ecmwf-ifs-025-00z-aws-open-data,10.637,0,0,1.06,18,0,false,"ECMWF IFS 0.25 degree open data on AWS, 2t surface field"
2025-11-08,2025-11-09,1,selloff,ecmwf-ifs-025-00z-aws-open-data,6.866,0,0,1.06,18,0,false,"ECMWF IFS 0.25 degree open data on AWS, 2t surface field"
2025-11-08,2025-11-10,2,selloff,ecmwf-ifs-025-00z-aws-open-data,-0.461,0.255,0,1.06,18,0,false,"ECMWF IFS 0.25 degree open data on AWS, 2t surface field"
2025-11-08,2025-11-11,3,selloff,ecmwf-ifs-025-00z-aws-open-data,-7.259,0.472,1,1.06,18,0,false,"ECMWF IFS 0.25 degree open data on AWS, 2t surface field"
2025-11-08,2025-11-15,7,rumor,ecmwf-ifs-025-00z-aws-open-data,6.519,0,0,1.06,18,0,false,"ECMWF IFS 0.25 degree open data on AWS, 2t surface field"
2025-11-08,2025-11-16,8,rumor,ecmwf-ifs-025-00z-aws-open-data,11.701,0,0,1.06,18,0,false,"ECMWF IFS 0.25 degree open data on AWS, 2t surface field"
2025-11-08,2025-11-17,9,rumor,ecmwf-ifs-025-00z-aws-open-data,14.232,0,0,1.06,18,0,false,"ECMWF IFS 0.25 degree open data on AWS, 2t surface field"
2025-11-08,2025-11-18,10,rumor,ecmwf-ifs-025-00z-aws-open-data,12.394,0,0,1.06,18,0,false,"ECMWF IFS 0.25 degree open data on AWS, 2t surface field"
2025-11-09,2025-11-10,1,selloff,ecmwf-ifs-025-00z-aws-open-data,-1.317,0.358,2,1.06,18,0,false,"ECMWF IFS 0.25 degree open data on AWS, 2t surface field"
2025-11-09,2025-11-11,2,selloff,ecmwf-ifs-025-00z-aws-open-data,-8.318,0.604,4,1.06,18,0,true,"ECMWF IFS 0.25 degree open data on AWS, 2t surface field"
2025-11-09,2025-11-12,3,selloff,ecmwf-ifs-025-00z-aws-open-data,-2.248,0.283,0,1.06,18,0,false,"ECMWF IFS 0.25 degree open data on AWS, 2t surface field"
2025-11-09,2025-11-16,7,rumor,ecmwf-ifs-025-00z-aws-open-data,8.632,0.104,0,1.06,18,0,false,"ECMWF IFS 0.25 degree open data on AWS, 2t surface field"
2025-11-09,2025-11-17,8,rumor,ecmwf-ifs-025-00z-aws-open-data,11.884,0,0,1.06,18,0,false,"ECMWF IFS 0.25 degree open data on AWS, 2t surface field"
2025-11-09,2025-11-18,9,rumor,ecmwf-ifs-025-00z-aws-open-data,8.379,0,0,1.06,18,0,false,"ECMWF IFS 0.25 degree open data on AWS, 2t surface field"
2025-11-09,2025-11-19,10,rumor,ecmwf-ifs-025-00z-aws-open-data,4.968,0,0,1.06,18,0,false,"ECMWF IFS 0.25 degree open data on AWS, 2t surface field"
2025-11-10,2025-11-11,1,selloff,ecmwf-ifs-025-00z-aws-open-data,-9.827,0.783,6,1.06,18,0,true,"ECMWF IFS 0.25 degree open data on AWS, 2t surface field"
2025-11-10,2025-11-12,2,selloff,ecmwf-ifs-025-00z-aws-open-data,-3.158,0.368,0,1.06,18,0,false,"ECMWF IFS 0.25 degree open data on AWS, 2t surface field"
2025-11-10,2025-11-13,3,selloff,ecmwf-ifs-025-00z-aws-open-data,4.62,0,0,1.06,18,0,false,"ECMWF IFS 0.25 degree open data on AWS, 2t surface field"
2025-11-10,2025-11-17,7,rumor,ecmwf-ifs-025-00z-aws-open-data,9.44,0,0,1.06,18,0,false,"ECMWF IFS 0.25 degree open data on AWS, 2t surface field"
2025-11-10,2025-11-18,8,rumor,ecmwf-ifs-025-00z-aws-open-data,3.35,0,0,1.06,18,0,false,"ECMWF IFS 0.25 degree open data on AWS, 2t surface field"
2025-11-10,2025-11-19,9,rumor,ecmwf-ifs-025-00z-aws-open-data,1.512,0,0,1.06,18,0,false,"ECMWF IFS 0.25 degree open data on AWS, 2t surface field"
2025-11-10,2025-11-20,10,rumor,ecmwf-ifs-025-00z-aws-open-data,4.046,0,0,1.06,18,0,false,"ECMWF IFS 0.25 degree open data on AWS, 2t surface field"
2025-11-11,2025-11-12,1,selloff,ecmwf-ifs-025-00z-aws-open-data,-2.786,0.368,0,1.06,18,0,false,"ECMWF IFS 0.25 degree open data on AWS, 2t surface field"
2025-11-11,2025-11-13,2,selloff,ecmwf-ifs-025-00z-aws-open-data,4.607,0,0,1.06,18,0,false,"ECMWF IFS 0.25 degree open data on AWS, 2t surface field"
2025-11-11,2025-11-14,3,selloff,ecmwf-ifs-025-00z-aws-open-data,4.69,0,0,1.06,18,0,false,"ECMWF IFS 0.25 degree open data on AWS, 2t surface field"
2025-11-11,2025-11-18,7,rumor,ecmwf-ifs-025-00z-aws-open-data,1.291,0,0,1.06,18,0,false,"ECMWF IFS 0.25 degree open data on AWS, 2t surface field"
2025-11-11,2025-11-19,8,rumor,ecmwf-ifs-025-00z-aws-open-data,3.746,0.104,0,1.06,18,0,false,"ECMWF IFS 0.25 degree open data on AWS, 2t surface field"
2025-11-11,2025-11-20,9,rumor,ecmwf-ifs-025-00z-aws-open-data,8.131,0,0,1.06,18,0,false,"ECMWF IFS 0.25 degree open data on AWS, 2t surface field"
2025-11-11,2025-11-21,10,rumor,ecmwf-ifs-025-00z-aws-open-data,8.766,0,0,1.06,18,0,false,"ECMWF IFS 0.25 degree open data on AWS, 2t surface field"
2025-11-12,2025-11-13,1,selloff,ecmwf-ifs-025-00z-aws-open-data,5.346,0,0,1.06,18,0,false,"ECMWF IFS 0.25 degree open data on AWS, 2t surface field"
2025-11-12,2025-11-14,2,selloff,ecmwf-ifs-025-00z-aws-open-data,4.833,0,0,1.06,18,0,false,"ECMWF IFS 0.25 degree open data on AWS, 2t surface field"
2025-11-12,2025-11-15,3,selloff,ecmwf-ifs-025-00z-aws-open-data,7.766,0,0,1.06,18,0,false,"ECMWF IFS 0.25 degree open data on AWS, 2t surface field"
2025-11-12,2025-11-19,7,rumor,ecmwf-ifs-025-00z-aws-open-data,12.197,0,0,1.06,18,0,false,"ECMWF IFS 0.25 degree open data on AWS, 2t surface field"
2025-11-12,2025-11-20,8,rumor,ecmwf-ifs-025-00z-aws-open-data,12.801,0,0,1.06,18,0,false,"ECMWF IFS 0.25 degree open data on AWS, 2t surface field"
2025-11-12,2025-11-21,9,rumor,ecmwf-ifs-025-00z-aws-open-data,5.119,0,0,1.06,18,0,false,"ECMWF IFS 0.25 degree open data on AWS, 2t surface field"
2025-11-12,2025-11-22,10,rumor,ecmwf-ifs-025-00z-aws-open-data,-0.21,0,0,1.06,18,0,false,"ECMWF IFS 0.25 degree open data on AWS, 2t surface field"
2025-11-13,2025-11-14,1,selloff,ecmwf-ifs-025-00z-aws-open-data,5.494,0,0,1.06,18,0,false,"ECMWF IFS 0.25 degree open data on AWS, 2t surface field"
2025-11-13,2025-11-15,2,selloff,ecmwf-ifs-025-00z-aws-open-data,9.443,0.104,0,1.06,18,0,false,"ECMWF IFS 0.25 degree open data on AWS, 2t surface field"
2025-11-13,2025-11-16,3,selloff,ecmwf-ifs-025-00z-aws-open-data,11.713,0,0,1.06,18,0,false,"ECMWF IFS 0.25 degree open data on AWS, 2t surface field"
2025-11-13,2025-11-20,7,rumor,ecmwf-ifs-025-00z-aws-open-data,7.769,0,0,1.06,18,0,false,"ECMWF IFS 0.25 degree open data on AWS, 2t surface field"
2025-11-13,2025-11-21,8,rumor,ecmwf-ifs-025-00z-aws-open-data,13.52,0,0,1.06,18,0,false,"ECMWF IFS 0.25 degree open data on AWS, 2t surface field"
2025-11-13,2025-11-22,9,rumor,ecmwf-ifs-025-00z-aws-open-data,15.352,0,0,1.06,18,0,false,"ECMWF IFS 0.25 degree open data on AWS, 2t surface field"
2025-11-13,2025-11-23,10,rumor,ecmwf-ifs-025-00z-aws-open-data,11.338,0,0,1.06,18,0,false,"ECMWF IFS 0.25 degree open data on AWS, 2t surface field"
2025-11-14,2025-11-15,1,selloff,ecmwf-ifs-025-00z-aws-open-data,10.126,0,0,1.06,18,0,false,"ECMWF IFS 0.25 degree open data on AWS, 2t surface field"
2025-11-14,2025-11-16,2,selloff,ecmwf-ifs-025-00z-aws-open-data,13.388,0,0,1.06,18,0,false,"ECMWF IFS 0.25 degree open data on AWS, 2t surface field"
2025-11-14,2025-11-17,3,selloff,ecmwf-ifs-025-00z-aws-open-data,6.006,0,0,1.06,18,0,false,"ECMWF IFS 0.25 degree open data on AWS, 2t surface field"
2025-11-14,2025-11-21,7,rumor,ecmwf-ifs-025-00z-aws-open-data,11.845,0,0,1.06,18,0,false,"ECMWF IFS 0.25 degree open data on AWS, 2t surface field"
2025-11-14,2025-11-22,8,rumor,ecmwf-ifs-025-00z-aws-open-data,14.421,0,0,1.06,18,0,false,"ECMWF IFS 0.25 degree open data on AWS, 2t surface field"
2025-11-14,2025-11-23,9,rumor,ecmwf-ifs-025-00z-aws-open-data,11.795,0,0,1.06,18,0,false,"ECMWF IFS 0.25 degree open data on AWS, 2t surface field"
2025-11-14,2025-11-24,10,rumor,ecmwf-ifs-025-00z-aws-open-data,11.302,0,0,1.06,18,0,false,"ECMWF IFS 0.25 degree open data on AWS, 2t surface field"
2025-11-15,2025-11-16,1,selloff,ecmwf-ifs-025-00z-aws-open-data,14.213,0,0,1.06,18,0,false,"ECMWF IFS 0.25 degree open data on AWS, 2t surface field"
2025-11-15,2025-11-17,2,selloff,ecmwf-ifs-025-00z-aws-open-data,5.229,0,0,1.06,18,0,false,"ECMWF IFS 0.25 degree open data on AWS, 2t surface field"
2025-11-15,2025-11-18,3,selloff,ecmwf-ifs-025-00z-aws-open-data,3.906,0.104,0,1.06,18,0,false,"ECMWF IFS 0.25 degree open data on AWS, 2t surface field"
2025-11-15,2025-11-22,7,rumor,ecmwf-ifs-025-00z-aws-open-data,14.898,0,0,1.06,18,0,false,"ECMWF IFS 0.25 degree open data on AWS, 2t surface field"
2025-11-15,2025-11-23,8,rumor,ecmwf-ifs-025-00z-aws-open-data,12.638,0,0,1.06,18,0,false,"ECMWF IFS 0.25 degree open data on AWS, 2t surface field"
2025-11-15,2025-11-24,9,rumor,ecmwf-ifs-025-00z-aws-open-data,10.85,0,0,1.06,18,0,false,"ECMWF IFS 0.25 degree open data on AWS, 2t surface field"
2025-11-15,2025-11-25,10,rumor,ecmwf-ifs-025-00z-aws-open-data,12.772,0,0,1.06,18,0,false,"ECMWF IFS 0.25 degree open data on AWS, 2t surface field"
2025-11-16,2025-11-17,1,selloff,ecmwf-ifs-025-00z-aws-open-data,5.489,0,0,1.06,18,0,false,"ECMWF IFS 0.25 degree open data on AWS, 2t surface field"
2025-11-16,2025-11-18,2,selloff,ecmwf-ifs-025-00z-aws-open-data,3.757,0.104,0,1.06,18,0,false,"ECMWF IFS 0.25 degree open data on AWS, 2t surface field"
2025-11-16,2025-11-19,3,selloff,ecmwf-ifs-025-00z-aws-open-data,6.135,0.104,0,1.06,18,0,false,"ECMWF IFS 0.25 degree open data on AWS, 2t surface field"
2025-11-16,2025-11-23,7,rumor,ecmwf-ifs-025-00z-aws-open-data,9.95,0,0,1.06,18,0,false,"ECMWF IFS 0.25 degree open data on AWS, 2t surface field"
2025-11-16,2025-11-24,8,rumor,ecmwf-ifs-025-00z-aws-open-data,11.11,0,0,1.06,18,0,false,"ECMWF IFS 0.25 degree open data on AWS, 2t surface field"
2025-11-16,2025-11-25,9,rumor,ecmwf-ifs-025-00z-aws-open-data,12.198,0,0,1.06,18,0,false,"ECMWF IFS 0.25 degree open data on AWS, 2t surface field"
2025-11-16,2025-11-26,10,rumor,ecmwf-ifs-025-00z-aws-open-data,10.56,0,0,1.06,18,0,false,"ECMWF IFS 0.25 degree open data on AWS, 2t surface field"
2025-11-17,2025-11-18,1,selloff,ecmwf-ifs-025-00z-aws-open-data,4.223,0,0,1.06,18,0,false,"ECMWF IFS 0.25 degree open data on AWS, 2t surface field"
2025-11-17,2025-11-19,2,selloff,ecmwf-ifs-025-00z-aws-open-data,6.393,0.104,0,1.06,18,0,false,"ECMWF IFS 0.25 degree open data on AWS, 2t surface field"
2025-11-17,2025-11-20,3,selloff,ecmwf-ifs-025-00z-aws-open-data,6.879,0,0,1.06,18,0,false,"ECMWF IFS 0.25 degree open data on AWS, 2t surface field"
2025-11-17,2025-11-24,7,rumor,ecmwf-ifs-025-00z-aws-open-data,7.882,0,0,1.06,18,0,false,"ECMWF IFS 0.25 degree open data on AWS, 2t surface field"
2025-11-17,2025-11-25,8,rumor,ecmwf-ifs-025-00z-aws-open-data,11.569,0,0,1.06,18,0,false,"ECMWF IFS 0.25 degree open data on AWS, 2t surface field"
2025-11-17,2025-11-26,9,rumor,ecmwf-ifs-025-00z-aws-open-data,8.791,0,0,1.06,18,0,false,"ECMWF IFS 0.25 degree open data on AWS, 2t surface field"
2025-11-17,2025-11-27,10,rumor,ecmwf-ifs-025-00z-aws-open-data,7.144,0,0,1.06,18,0,false,"ECMWF IFS 0.25 degree open data on AWS, 2t surface field"
2025-11-18,2025-11-19,1,selloff,ecmwf-ifs-025-00z-aws-open-data,6.165,0,0,1.06,18,0,false,"ECMWF IFS 0.25 degree open data on AWS, 2t surface field"
2025-11-18,2025-11-20,2,selloff,ecmwf-ifs-025-00z-aws-open-data,6.935,0,0,1.06,18,0,false,"ECMWF IFS 0.25 degree open data on AWS, 2t surface field"
2025-11-18,2025-11-21,3,selloff,ecmwf-ifs-025-00z-aws-open-data,8.397,0,0,1.06,18,0,false,"ECMWF IFS 0.25 degree open data on AWS, 2t surface field"
2025-11-18,2025-11-25,7,rumor,ecmwf-ifs-025-00z-aws-open-data,10.72,0,0,1.06,18,0,false,"ECMWF IFS 0.25 degree open data on AWS, 2t surface field"
2025-11-18,2025-11-26,8,rumor,ecmwf-ifs-025-00z-aws-open-data,7.089,0,0,1.06,18,0,false,"ECMWF IFS 0.25 degree open data on AWS, 2t surface field"
2025-11-18,2025-11-27,9,rumor,ecmwf-ifs-025-00z-aws-open-data,5.793,0,0,1.06,18,0,false,"ECMWF IFS 0.25 degree open data on AWS, 2t surface field"
2025-11-18,2025-11-28,10,rumor,ecmwf-ifs-025-00z-aws-open-data,-1.686,0,0,1.06,18,0,false,"ECMWF IFS 0.25 degree open data on AWS, 2t surface field"
2025-11-19,2025-11-20,1,selloff,ecmwf-ifs-025-00z-aws-open-data,6.726,0,0,1.06,18,0,false,"ECMWF IFS 0.25 degree open data on AWS, 2t surface field"
2025-11-19,2025-11-21,2,selloff,ecmwf-ifs-025-00z-aws-open-data,7.622,0,0,1.06,18,0,false,"ECMWF IFS 0.25 degree open data on AWS, 2t surface field"
2025-11-19,2025-11-22,3,selloff,ecmwf-ifs-025-00z-aws-open-data,9.946,0,0,1.06,18,0,false,"ECMWF IFS 0.25 degree open data on AWS, 2t surface field"
2025-11-19,2025-11-26,7,rumor,ecmwf-ifs-025-00z-aws-open-data,10.355,0,0,1.06,18,0,false,"ECMWF IFS 0.25 degree open data on AWS, 2t surface field"
2025-11-19,2025-11-27,8,rumor,ecmwf-ifs-025-00z-aws-open-data,8.546,0,0,1.06,18,0,false,"ECMWF IFS 0.25 degree open data on AWS, 2t surface field"
2025-11-19,2025-11-28,9,rumor,ecmwf-ifs-025-00z-aws-open-data,0.369,0.085,0,1.06,18,0,false,"ECMWF IFS 0.25 degree open data on AWS, 2t surface field"
2025-11-19,2025-11-29,10,rumor,ecmwf-ifs-025-00z-aws-open-data,-7.937,0.632,0,1.06,18,0,false,"ECMWF IFS 0.25 degree open data on AWS, 2t surface field"
2025-11-20,2025-11-21,1,selloff,ecmwf-ifs-025-00z-aws-open-data,7.751,0.104,0,1.06,18,0,false,"ECMWF IFS 0.25 degree open data on AWS, 2t surface field"
2025-11-20,2025-11-22,2,selloff,ecmwf-ifs-025-00z-aws-open-data,9.884,0,0,1.06,18,0,false,"ECMWF IFS 0.25 degree open data on AWS, 2t surface field"
2025-11-20,2025-11-23,3,selloff,ecmwf-ifs-025-00z-aws-open-data,5.907,0,0,1.06,18,0,false,"ECMWF IFS 0.25 degree open data on AWS, 2t surface field"
2025-11-20,2025-11-27,7,rumor,ecmwf-ifs-025-00z-aws-open-data,6.973,0,0,1.06,18,0,false,"ECMWF IFS 0.25 degree open data on AWS, 2t surface field"
2025-11-20,2025-11-28,8,rumor,ecmwf-ifs-025-00z-aws-open-data,2.834,0,0,1.06,18,0,false,"ECMWF IFS 0.25 degree open data on AWS, 2t surface field"
2025-11-20,2025-11-29,9,rumor,ecmwf-ifs-025-00z-aws-open-data,-0.016,0,0,1.06,18,0,false,"ECMWF IFS 0.25 degree open data on AWS, 2t surface field"
2025-11-20,2025-11-30,10,rumor,ecmwf-ifs-025-00z-aws-open-data,-5.631,0.377,0,1.06,18,0,false,"ECMWF IFS 0.25 degree open data on AWS, 2t surface field"
2025-11-21,2025-11-22,1,selloff,ecmwf-ifs-025-00z-aws-open-data,9.548,0,0,1.06,18,0,false,"ECMWF IFS 0.25 degree open data on AWS, 2t surface field"
2025-11-21,2025-11-23,2,selloff,ecmwf-ifs-025-00z-aws-open-data,7.725,0,0,1.06,18,0,false,"ECMWF IFS 0.25 degree open data on AWS, 2t surface field"
2025-11-21,2025-11-24,3,selloff,ecmwf-ifs-025-00z-aws-open-data,6.959,0,0,1.06,18,0,false,"ECMWF IFS 0.25 degree open data on AWS, 2t surface field"
2025-11-21,2025-11-28,7,rumor,ecmwf-ifs-025-00z-aws-open-data,-0.365,0,0,1.06,18,0,false,"ECMWF IFS 0.25 degree open data on AWS, 2t surface field"
2025-11-21,2025-11-29,8,rumor,ecmwf-ifs-025-00z-aws-open-data,-0.537,0.104,0,1.06,18,0,false,"ECMWF IFS 0.25 degree open data on AWS, 2t surface field"
2025-11-21,2025-11-30,9,rumor,ecmwf-ifs-025-00z-aws-open-data,1.505,0.104,0,1.06,18,0,false,"ECMWF IFS 0.25 degree open data on AWS, 2t surface field"
2025-11-21,2025-12-01,10,rumor,ecmwf-ifs-025-00z-aws-open-data,-0.027,0.17,0,1.06,18,0,false,"ECMWF IFS 0.25 degree open data on AWS, 2t surface field"
2025-11-22,2025-11-23,1,selloff,ecmwf-ifs-025-00z-aws-open-data,7.963,0,0,1.06,18,0,false,"ECMWF IFS 0.25 degree open data on AWS, 2t surface field"
2025-11-22,2025-11-24,2,selloff,ecmwf-ifs-025-00z-aws-open-data,7.699,0,0,1.06,18,0,false,"ECMWF IFS 0.25 degree open data on AWS, 2t surface field"
2025-11-22,2025-11-25,3,selloff,ecmwf-ifs-025-00z-aws-open-data,9.158,0,0,1.06,18,0,false,"ECMWF IFS 0.25 degree open data on AWS, 2t surface field"
2025-11-22,2025-11-29,7,rumor,ecmwf-ifs-025-00z-aws-open-data,-7.362,0.5,0,1.06,18,0,false,"ECMWF IFS 0.25 degree open data on AWS, 2t surface field"
2025-11-22,2025-11-30,8,rumor,ecmwf-ifs-025-00z-aws-open-data,-3.348,0.358,0,1.06,18,0,false,"ECMWF IFS 0.25 degree open data on AWS, 2t surface field"
2025-11-22,2025-12-01,9,rumor,ecmwf-ifs-025-00z-aws-open-data,4.555,0.16,0,1.06,18,0,false,"ECMWF IFS 0.25 degree open data on AWS, 2t surface field"
2025-11-22,2025-12-02,10,rumor,ecmwf-ifs-025-00z-aws-open-data,13.894,0.066,0,1.06,18,0,false,"ECMWF IFS 0.25 degree open data on AWS, 2t surface field"
2025-11-23,2025-11-24,1,selloff,ecmwf-ifs-025-00z-aws-open-data,7.719,0,0,1.06,18,0,false,"ECMWF IFS 0.25 degree open data on AWS, 2t surface field"
2025-11-23,2025-11-25,2,selloff,ecmwf-ifs-025-00z-aws-open-data,8.858,0,0,1.06,18,0,false,"ECMWF IFS 0.25 degree open data on AWS, 2t surface field"
2025-11-23,2025-11-26,3,selloff,ecmwf-ifs-025-00z-aws-open-data,11.778,0,0,1.06,18,0,false,"ECMWF IFS 0.25 degree open data on AWS, 2t surface field"
2025-11-23,2025-11-30,7,rumor,ecmwf-ifs-025-00z-aws-open-data,-1.995,0.104,0,1.06,18,0,false,"ECMWF IFS 0.25 degree open data on AWS, 2t surface field"
2025-11-23,2025-12-01,8,rumor,ecmwf-ifs-025-00z-aws-open-data,4.873,0.104,0,1.06,18,0,false,"ECMWF IFS 0.25 degree open data on AWS, 2t surface field"
2025-11-23,2025-12-02,9,rumor,ecmwf-ifs-025-00z-aws-open-data,7.859,0.085,1,1.06,18,0,false,"ECMWF IFS 0.25 degree open data on AWS, 2t surface field"
2025-11-23,2025-12-03,10,rumor,ecmwf-ifs-025-00z-aws-open-data,5.741,0.085,0,1.06,18,0,false,"ECMWF IFS 0.25 degree open data on AWS, 2t surface field"
2025-11-24,2025-11-25,1,selloff,ecmwf-ifs-025-00z-aws-open-data,8.928,0,0,1.06,18,0,false,"ECMWF IFS 0.25 degree open data on AWS, 2t surface field"
2025-11-24,2025-11-26,2,selloff,ecmwf-ifs-025-00z-aws-open-data,11.77,0,0,1.06,18,0,false,"ECMWF IFS 0.25 degree open data on AWS, 2t surface field"
2025-11-24,2025-11-27,3,selloff,ecmwf-ifs-025-00z-aws-open-data,5.141,0,0,1.06,18,0,false,"ECMWF IFS 0.25 degree open data on AWS, 2t surface field"
2025-11-24,2025-12-01,7,rumor,ecmwf-ifs-025-00z-aws-open-data,-1.279,0.283,0,1.06,18,0,false,"ECMWF IFS 0.25 degree open data on AWS, 2t surface field"
2025-11-24,2025-12-02,8,rumor,ecmwf-ifs-025-00z-aws-open-data,-6.931,0.368,3,1.06,18,0,false,"ECMWF IFS 0.25 degree open data on AWS, 2t surface field"
2025-11-24,2025-12-03,9,rumor,ecmwf-ifs-025-00z-aws-open-data,-3.708,0.226,0,1.06,18,0,false,"ECMWF IFS 0.25 degree open data on AWS, 2t surface field"
2025-11-24,2025-12-04,10,rumor,ecmwf-ifs-025-00z-aws-open-data,-1.086,0.066,1,1.06,18,0,false,"ECMWF IFS 0.25 degree open data on AWS, 2t surface field"
2025-11-25,2025-11-26,1,selloff,ecmwf-ifs-025-00z-aws-open-data,11.846,0,0,1.06,18,0,false,"ECMWF IFS 0.25 degree open data on AWS, 2t surface field"
2025-11-25,2025-11-27,2,selloff,ecmwf-ifs-025-00z-aws-open-data,4.951,0,0,1.06,18,0,false,"ECMWF IFS 0.25 degree open data on AWS, 2t surface field"
2025-11-25,2025-11-28,3,selloff,ecmwf-ifs-025-00z-aws-open-data,-4.799,0.302,0,1.06,18,0,false,"ECMWF IFS 0.25 degree open data on AWS, 2t surface field"
2025-11-25,2025-12-02,7,rumor,ecmwf-ifs-025-00z-aws-open-data,-7.655,0.425,2,1.06,18,0,false,"ECMWF IFS 0.25 degree open data on AWS, 2t surface field"
2025-11-25,2025-12-03,8,rumor,ecmwf-ifs-025-00z-aws-open-data,-10.435,0.755,3,1.06,18,0,true,"ECMWF IFS 0.25 degree open data on AWS, 2t surface field"
2025-11-25,2025-12-04,9,rumor,ecmwf-ifs-025-00z-aws-open-data,-5.929,0.292,1,1.06,18,0,false,"ECMWF IFS 0.25 degree open data on AWS, 2t surface field"
2025-11-25,2025-12-05,10,rumor,ecmwf-ifs-025-00z-aws-open-data,-6.82,0.519,3,1.06,18,0,false,"ECMWF IFS 0.25 degree open data on AWS, 2t surface field"
2025-11-26,2025-11-27,1,selloff,ecmwf-ifs-025-00z-aws-open-data,4.482,0,0,1.06,18,0,false,"ECMWF IFS 0.25 degree open data on AWS, 2t surface field"
2025-11-26,2025-11-28,2,selloff,ecmwf-ifs-025-00z-aws-open-data,-4.961,0.255,0,1.06,18,0,false,"ECMWF IFS 0.25 degree open data on AWS, 2t surface field"
2025-11-26,2025-11-29,3,selloff,ecmwf-ifs-025-00z-aws-open-data,-6.977,0.5,0,1.06,18,0,false,"ECMWF IFS 0.25 degree open data on AWS, 2t surface field"
2025-11-26,2025-12-03,7,rumor,ecmwf-ifs-025-00z-aws-open-data,-6.834,0.415,1,1.06,18,0,false,"ECMWF IFS 0.25 degree open data on AWS, 2t surface field"
2025-11-26,2025-12-04,8,rumor,ecmwf-ifs-025-00z-aws-open-data,-6.937,0.396,1,1.06,18,0,false,"ECMWF IFS 0.25 degree open data on AWS, 2t surface field"
2025-11-26,2025-12-05,9,rumor,ecmwf-ifs-025-00z-aws-open-data,-6.969,0.453,2,1.06,18,0,false,"ECMWF IFS 0.25 degree open data on AWS, 2t surface field"
2025-11-26,2025-12-06,10,rumor,ecmwf-ifs-025-00z-aws-open-data,-1.299,0.283,2,1.06,18,0,false,"ECMWF IFS 0.25 degree open data on AWS, 2t surface field"
2025-11-27,2025-11-28,1,selloff,ecmwf-ifs-025-00z-aws-open-data,-5.081,0.085,0,1.06,18,0,false,"ECMWF IFS 0.25 degree open data on AWS, 2t surface field"
2025-11-27,2025-11-29,2,selloff,ecmwf-ifs-025-00z-aws-open-data,-6.848,0.5,0,1.06,18,0,false,"ECMWF IFS 0.25 degree open data on AWS, 2t surface field"
2025-11-27,2025-11-30,3,selloff,ecmwf-ifs-025-00z-aws-open-data,-5.044,0.311,0,1.06,18,0,false,"ECMWF IFS 0.25 degree open data on AWS, 2t surface field"
2025-11-27,2025-12-04,7,rumor,ecmwf-ifs-025-00z-aws-open-data,-5.957,0.311,0,1.06,18,0,false,"ECMWF IFS 0.25 degree open data on AWS, 2t surface field"
2025-11-27,2025-12-05,8,rumor,ecmwf-ifs-025-00z-aws-open-data,-4.043,0.292,0,1.06,18,0,false,"ECMWF IFS 0.25 degree open data on AWS, 2t surface field"
2025-11-27,2025-12-06,9,rumor,ecmwf-ifs-025-00z-aws-open-data,7.695,0,0,1.06,18,0,false,"ECMWF IFS 0.25 degree open data on AWS, 2t surface field"
2025-11-27,2025-12-07,10,rumor,ecmwf-ifs-025-00z-aws-open-data,6.345,0.16,0,1.06,18,0,false,"ECMWF IFS 0.25 degree open data on AWS, 2t surface field"
2025-11-28,2025-11-29,1,selloff,ecmwf-ifs-025-00z-aws-open-data,-6.778,0.396,0,1.06,18,0,false,"ECMWF IFS 0.25 degree open data on AWS, 2t surface field"
2025-11-28,2025-11-30,2,selloff,ecmwf-ifs-025-00z-aws-open-data,-4.722,0.396,0,1.06,18,0,false,"ECMWF IFS 0.25 degree open data on AWS, 2t surface field"
2025-11-28,2025-12-01,3,selloff,ecmwf-ifs-025-00z-aws-open-data,-3.093,0.283,0,1.06,18,0,false,"ECMWF IFS 0.25 degree open data on AWS, 2t surface field"
2025-11-28,2025-12-05,7,rumor,ecmwf-ifs-025-00z-aws-open-data,-9.749,0.679,5,1.06,18,0,true,"ECMWF IFS 0.25 degree open data on AWS, 2t surface field"
2025-11-28,2025-12-06,8,rumor,ecmwf-ifs-025-00z-aws-open-data,-1.687,0.283,2,1.06,18,0,false,"ECMWF IFS 0.25 degree open data on AWS, 2t surface field"
2025-11-28,2025-12-07,9,rumor,ecmwf-ifs-025-00z-aws-open-data,-9.593,0.604,4,1.06,18,0,true,"ECMWF IFS 0.25 degree open data on AWS, 2t surface field"
2025-11-28,2025-12-08,10,rumor,ecmwf-ifs-025-00z-aws-open-data,-6.17,0.368,3,1.06,18,0,false,"ECMWF IFS 0.25 degree open data on AWS, 2t surface field"
2025-11-29,2025-11-30,1,selloff,ecmwf-ifs-025-00z-aws-open-data,-4.629,0.33,0,1.06,18,0,false,"ECMWF IFS 0.25 degree open data on AWS, 2t surface field"
2025-11-29,2025-12-01,2,selloff,ecmwf-ifs-025-00z-aws-open-data,-3.619,0.236,0,1.06,18,0,false,"ECMWF IFS 0.25 degree open data on AWS, 2t surface field"
2025-11-29,2025-12-02,3,selloff,ecmwf-ifs-025-00z-aws-open-data,-7.09,0.387,0,1.06,18,0,false,"ECMWF IFS 0.25 degree open data on AWS, 2t surface field"
2025-11-29,2025-12-06,7,rumor,ecmwf-ifs-025-00z-aws-open-data,1.649,0.151,0,1.06,18,0,false,"ECMWF IFS 0.25 degree open data on AWS, 2t surface field"
2025-11-29,2025-12-07,8,rumor,ecmwf-ifs-025-00z-aws-open-data,-3.58,0.358,3,1.06,18,0,false,"ECMWF IFS 0.25 degree open data on AWS, 2t surface field"
2025-11-29,2025-12-08,9,rumor,ecmwf-ifs-025-00z-aws-open-data,-1.815,0.236,2,1.06,18,0,false,"ECMWF IFS 0.25 degree open data on AWS, 2t surface field"
2025-11-29,2025-12-09,10,rumor,ecmwf-ifs-025-00z-aws-open-data,-12.451,0.67,3,1.06,18,0,true,"ECMWF IFS 0.25 degree open data on AWS, 2t surface field"
2025-11-30,2025-12-01,1,selloff,ecmwf-ifs-025-00z-aws-open-data,-3.781,0.283,0,1.06,18,0,false,"ECMWF IFS 0.25 degree open data on AWS, 2t surface field"
2025-11-30,2025-12-02,2,selloff,ecmwf-ifs-025-00z-aws-open-data,-7.149,0.321,0,1.06,18,0,false,"ECMWF IFS 0.25 degree open data on AWS, 2t surface field"
2025-11-30,2025-12-03,3,selloff,ecmwf-ifs-025-00z-aws-open-data,-7.962,0.434,2,1.06,18,0,false,"ECMWF IFS 0.25 degree open data on AWS, 2t surface field"
2025-11-30,2025-12-07,7,rumor,ecmwf-ifs-025-00z-aws-open-data,-2.518,0.198,1,1.06,18,0,false,"ECMWF IFS 0.25 degree open data on AWS, 2t surface field"
2025-11-30,2025-12-08,8,rumor,ecmwf-ifs-025-00z-aws-open-data,-7.216,0.396,3,1.06,18,0,false,"ECMWF IFS 0.25 degree open data on AWS, 2t surface field"
2025-11-30,2025-12-09,9,rumor,ecmwf-ifs-025-00z-aws-open-data,-8.877,0.5,2,1.06,18,0,false,"ECMWF IFS 0.25 degree open data on AWS, 2t surface field"
2025-11-30,2025-12-10,10,rumor,ecmwf-ifs-025-00z-aws-open-data,-4.861,0.302,2,1.06,18,0,false,"ECMWF IFS 0.25 degree open data on AWS, 2t surface field"
2025-12-01,2025-12-02,1,selloff,ecmwf-ifs-025-00z-aws-open-data,-7.044,0.311,0,1.06,18,0,false,"ECMWF IFS 0.25 degree open data on AWS, 2t surface field"
2025-12-01,2025-12-03,2,selloff,ecmwf-ifs-025-00z-aws-open-data,-7.422,0.368,2,1.06,18,0,false,"ECMWF IFS 0.25 degree open data on AWS, 2t surface field"
2025-12-01,2025-12-04,3,selloff,ecmwf-ifs-025-00z-aws-open-data,-5.971,0.311,1,1.06,18,0,false,"ECMWF IFS 0.25 degree open data on AWS, 2t surface field"
2025-12-01,2025-12-08,7,rumor,ecmwf-ifs-025-00z-aws-open-data,-7.859,0.491,4,1.06,18,0,false,"ECMWF IFS 0.25 degree open data on AWS, 2t surface field"
2025-12-01,2025-12-09,8,rumor,ecmwf-ifs-025-00z-aws-open-data,-9.922,0.613,5,1.06,18,0,true,"ECMWF IFS 0.25 degree open data on AWS, 2t surface field"
2025-12-01,2025-12-10,9,rumor,ecmwf-ifs-025-00z-aws-open-data,-8.138,0.575,4,1.06,18,0,true,"ECMWF IFS 0.25 degree open data on AWS, 2t surface field"
2025-12-01,2025-12-11,10,rumor,ecmwf-ifs-025-00z-aws-open-data,-1.69,0.283,2,1.06,18,0,false,"ECMWF IFS 0.25 degree open data on AWS, 2t surface field"
2025-12-02,2025-12-03,1,selloff,ecmwf-ifs-025-00z-aws-open-data,-6.761,0.358,2,1.06,18,0,false,"ECMWF IFS 0.25 degree open data on AWS, 2t surface field"
2025-12-02,2025-12-04,2,selloff,ecmwf-ifs-025-00z-aws-open-data,-5.927,0.255,1,1.06,18,0,false,"ECMWF IFS 0.25 degree open data on AWS, 2t surface field"
2025-12-02,2025-12-05,3,selloff,ecmwf-ifs-025-00z-aws-open-data,-10.764,0.67,5,1.06,18,0,true,"ECMWF IFS 0.25 degree open data on AWS, 2t surface field"
2025-12-02,2025-12-09,7,rumor,ecmwf-ifs-025-00z-aws-open-data,-6.995,0.519,1,1.06,18,0,false,"ECMWF IFS 0.25 degree open data on AWS, 2t surface field"
2025-12-02,2025-12-10,8,rumor,ecmwf-ifs-025-00z-aws-open-data,-1.841,0.104,0,1.06,18,0,false,"ECMWF IFS 0.25 degree open data on AWS, 2t surface field"
2025-12-02,2025-12-11,9,rumor,ecmwf-ifs-025-00z-aws-open-data,3.315,0,0,1.06,18,0,false,"ECMWF IFS 0.25 degree open data on AWS, 2t surface field"
2025-12-02,2025-12-12,10,rumor,ecmwf-ifs-025-00z-aws-open-data,2.898,0,0,1.06,18,0,false,"ECMWF IFS 0.25 degree open data on AWS, 2t surface field"
2025-12-03,2025-12-04,1,selloff,ecmwf-ifs-025-00z-aws-open-data,-6.954,0.396,1,1.06,18,0,false,"ECMWF IFS 0.25 degree open data on AWS, 2t surface field"
2025-12-03,2025-12-05,2,selloff,ecmwf-ifs-025-00z-aws-open-data,-10.785,0.67,5,1.06,18,0,true,"ECMWF IFS 0.25 degree open data on AWS, 2t surface field"
2025-12-03,2025-12-06,3,selloff,ecmwf-ifs-025-00z-aws-open-data,-6.813,0.651,2,1.06,18,0,false,"ECMWF IFS 0.25 degree open data on AWS, 2t surface field"
2025-12-03,2025-12-10,7,rumor,ecmwf-ifs-025-00z-aws-open-data,-0.091,0.217,1,1.06,18,0,false,"ECMWF IFS 0.25 degree open data on AWS, 2t surface field"
2025-12-03,2025-12-11,8,rumor,ecmwf-ifs-025-00z-aws-open-data,8.507,0,0,1.06,18,0,false,"ECMWF IFS 0.25 degree open data on AWS, 2t surface field"
2025-12-03,2025-12-12,9,rumor,ecmwf-ifs-025-00z-aws-open-data,-3.354,0.264,3,1.06,18,0,false,"ECMWF IFS 0.25 degree open data on AWS, 2t surface field"
2025-12-03,2025-12-13,10,rumor,ecmwf-ifs-025-00z-aws-open-data,-11.454,0.755,5,1.06,18,0,true,"ECMWF IFS 0.25 degree open data on AWS, 2t surface field"
2025-12-04,2025-12-05,1,selloff,ecmwf-ifs-025-00z-aws-open-data,-10.833,0.604,4,1.06,18,0,true,"ECMWF IFS 0.25 degree open data on AWS, 2t surface field"
2025-12-04,2025-12-06,2,selloff,ecmwf-ifs-025-00z-aws-open-data,-4.536,0.472,0,1.06,18,0,false,"ECMWF IFS 0.25 degree open data on AWS, 2t surface field"
2025-12-04,2025-12-07,3,selloff,ecmwf-ifs-025-00z-aws-open-data,0.143,0,0,1.06,18,0,false,"ECMWF IFS 0.25 degree open data on AWS, 2t surface field"
2025-12-04,2025-12-11,7,rumor,ecmwf-ifs-025-00z-aws-open-data,0.953,0.151,1,1.06,18,0,false,"ECMWF IFS 0.25 degree open data on AWS, 2t surface field"
2025-12-04,2025-12-12,8,rumor,ecmwf-ifs-025-00z-aws-open-data,-6.105,0.387,1,1.06,18,0,false,"ECMWF IFS 0.25 degree open data on AWS, 2t surface field"
2025-12-04,2025-12-13,9,rumor,ecmwf-ifs-025-00z-aws-open-data,-2.236,0.255,2,1.06,18,0,false,"ECMWF IFS 0.25 degree open data on AWS, 2t surface field"
2025-12-04,2025-12-14,10,rumor,ecmwf-ifs-025-00z-aws-open-data,-1.032,0.453,1,1.06,18,0,false,"ECMWF IFS 0.25 degree open data on AWS, 2t surface field"
2025-12-05,2025-12-06,1,selloff,ecmwf-ifs-025-00z-aws-open-data,-4.475,0.358,0,1.06,18,0,false,"ECMWF IFS 0.25 degree open data on AWS, 2t surface field"
2025-12-05,2025-12-07,2,selloff,ecmwf-ifs-025-00z-aws-open-data,-1.233,0.085,1,1.06,18,0,false,"ECMWF IFS 0.25 degree open data on AWS, 2t surface field"
2025-12-05,2025-12-08,3,selloff,ecmwf-ifs-025-00z-aws-open-data,-2.96,0.189,2,1.06,18,0,false,"ECMWF IFS 0.25 degree open data on AWS, 2t surface field"
2025-12-05,2025-12-12,7,rumor,ecmwf-ifs-025-00z-aws-open-data,-4.426,0.292,1,1.06,18,0,false,"ECMWF IFS 0.25 degree open data on AWS, 2t surface field"
2025-12-05,2025-12-13,8,rumor,ecmwf-ifs-025-00z-aws-open-data,-4.567,0.321,0,1.06,18,0,false,"ECMWF IFS 0.25 degree open data on AWS, 2t surface field"
2025-12-05,2025-12-14,9,rumor,ecmwf-ifs-025-00z-aws-open-data,-11.999,0.811,5,1.06,18,0,true,"ECMWF IFS 0.25 degree open data on AWS, 2t surface field"
2025-12-05,2025-12-15,10,rumor,ecmwf-ifs-025-00z-aws-open-data,-12.326,0.755,7,1.06,18,0,true,"ECMWF IFS 0.25 degree open data on AWS, 2t surface field"
2025-12-06,2025-12-07,1,selloff,ecmwf-ifs-025-00z-aws-open-data,-1.184,0,0,1.06,18,0,false,"ECMWF IFS 0.25 degree open data on AWS, 2t surface field"
2025-12-06,2025-12-08,2,selloff,ecmwf-ifs-025-00z-aws-open-data,-2.947,0.151,2,1.06,18,0,false,"ECMWF IFS 0.25 degree open data on AWS, 2t surface field"
2025-12-06,2025-12-09,3,selloff,ecmwf-ifs-025-00z-aws-open-data,-9.394,0.651,2,1.06,18,0,true,"ECMWF IFS 0.25 degree open data on AWS, 2t surface field"
2025-12-06,2025-12-13,7,rumor,ecmwf-ifs-025-00z-aws-open-data,-5.594,0.311,2,1.06,18,0,false,"ECMWF IFS 0.25 degree open data on AWS, 2t surface field"
2025-12-06,2025-12-14,8,rumor,ecmwf-ifs-025-00z-aws-open-data,-12.476,0.764,8,1.06,18,0,true,"ECMWF IFS 0.25 degree open data on AWS, 2t surface field"
2025-12-06,2025-12-15,9,rumor,ecmwf-ifs-025-00z-aws-open-data,-15.409,0.906,12,1.06,18,0,true,"ECMWF IFS 0.25 degree open data on AWS, 2t surface field"
2025-12-06,2025-12-16,10,rumor,ecmwf-ifs-025-00z-aws-open-data,-10.282,0.755,4,1.06,18,0,true,"ECMWF IFS 0.25 degree open data on AWS, 2t surface field"
2025-12-07,2025-12-08,1,selloff,ecmwf-ifs-025-00z-aws-open-data,-2.587,0.151,1,1.06,18,0,false,"ECMWF IFS 0.25 degree open data on AWS, 2t surface field"
2025-12-07,2025-12-09,2,selloff,ecmwf-ifs-025-00z-aws-open-data,-8.889,0.604,2,1.06,18,0,true,"ECMWF IFS 0.25 degree open data on AWS, 2t surface field"
2025-12-07,2025-12-10,3,selloff,ecmwf-ifs-025-00z-aws-open-data,1.648,0.16,0,1.06,18,0,false,"ECMWF IFS 0.25 degree open data on AWS, 2t surface field"
2025-12-07,2025-12-14,7,rumor,ecmwf-ifs-025-00z-aws-open-data,-15.19,0.849,8,1.06,18,0,true,"ECMWF IFS 0.25 degree open data on AWS, 2t surface field"
2025-12-07,2025-12-15,8,rumor,ecmwf-ifs-025-00z-aws-open-data,-14.359,0.906,7,1.06,18,0,true,"ECMWF IFS 0.25 degree open data on AWS, 2t surface field"
2025-12-07,2025-12-16,9,rumor,ecmwf-ifs-025-00z-aws-open-data,-10.126,0.783,6,1.06,18,0,true,"ECMWF IFS 0.25 degree open data on AWS, 2t surface field"
2025-12-07,2025-12-17,10,rumor,ecmwf-ifs-025-00z-aws-open-data,-0.333,0.189,0,1.06,18,0,false,"ECMWF IFS 0.25 degree open data on AWS, 2t surface field"
2025-12-08,2025-12-09,1,selloff,ecmwf-ifs-025-00z-aws-open-data,-8.982,0.557,2,1.06,18,0,true,"ECMWF IFS 0.25 degree open data on AWS, 2t surface field"
2025-12-08,2025-12-10,2,selloff,ecmwf-ifs-025-00z-aws-open-data,0.681,0.368,0,1.06,18,0,false,"ECMWF IFS 0.25 degree open data on AWS, 2t surface field"
2025-12-08,2025-12-11,3,selloff,ecmwf-ifs-025-00z-aws-open-data,3.131,0,0,1.06,18,0,false,"ECMWF IFS 0.25 degree open data on AWS, 2t surface field"
2025-12-08,2025-12-15,7,rumor,ecmwf-ifs-025-00z-aws-open-data,-2.399,0.255,3,1.06,18,0,false,"ECMWF IFS 0.25 degree open data on AWS, 2t surface field"
2025-12-08,2025-12-16,8,rumor,ecmwf-ifs-025-00z-aws-open-data,-0.314,0.283,0,1.06,18,0,false,"ECMWF IFS 0.25 degree open data on AWS, 2t surface field"
2025-12-08,2025-12-17,9,rumor,ecmwf-ifs-025-00z-aws-open-data,2.127,0,0,1.06,18,0,false,"ECMWF IFS 0.25 degree open data on AWS, 2t surface field"
2025-12-08,2025-12-18,10,rumor,ecmwf-ifs-025-00z-aws-open-data,1.527,0.189,0,1.06,18,0,false,"ECMWF IFS 0.25 degree open data on AWS, 2t surface field"
2025-12-09,2025-12-10,1,selloff,ecmwf-ifs-025-00z-aws-open-data,0.46,0.226,0,1.06,18,0,false,"ECMWF IFS 0.25 degree open data on AWS, 2t surface field"
2025-12-09,2025-12-11,2,selloff,ecmwf-ifs-025-00z-aws-open-data,1.769,0,0,1.06,18,0,false,"ECMWF IFS 0.25 degree open data on AWS, 2t surface field"
2025-12-09,2025-12-12,3,selloff,ecmwf-ifs-025-00z-aws-open-data,-5.237,0.321,1,1.06,18,0,false,"ECMWF IFS 0.25 degree open data on AWS, 2t surface field"
2025-12-09,2025-12-16,7,rumor,ecmwf-ifs-025-00z-aws-open-data,-14.89,0.821,10,1.06,18,0,true,"ECMWF IFS 0.25 degree open data on AWS, 2t surface field"
2025-12-09,2025-12-17,8,rumor,ecmwf-ifs-025-00z-aws-open-data,-9.685,0.604,7,1.06,18,0,true,"ECMWF IFS 0.25 degree open data on AWS, 2t surface field"
2025-12-09,2025-12-18,9,rumor,ecmwf-ifs-025-00z-aws-open-data,0.307,0.16,0,1.06,18,0,false,"ECMWF IFS 0.25 degree open data on AWS, 2t surface field"
2025-12-09,2025-12-19,10,rumor,ecmwf-ifs-025-00z-aws-open-data,5.017,0,0,1.06,18,0,false,"ECMWF IFS 0.25 degree open data on AWS, 2t surface field"
2025-12-10,2025-12-11,1,selloff,ecmwf-ifs-025-00z-aws-open-data,2.019,0.085,0,1.06,18,0,false,"ECMWF IFS 0.25 degree open data on AWS, 2t surface field"
2025-12-10,2025-12-12,2,selloff,ecmwf-ifs-025-00z-aws-open-data,-5.433,0.377,1,1.06,18,0,false,"ECMWF IFS 0.25 degree open data on AWS, 2t surface field"
2025-12-10,2025-12-13,3,selloff,ecmwf-ifs-025-00z-aws-open-data,-3.914,0.311,1,1.06,18,0,false,"ECMWF IFS 0.25 degree open data on AWS, 2t surface field"
2025-12-10,2025-12-17,7,rumor,ecmwf-ifs-025-00z-aws-open-data,3.696,0,0,1.06,18,0,false,"ECMWF IFS 0.25 degree open data on AWS, 2t surface field"
2025-12-10,2025-12-18,8,rumor,ecmwf-ifs-025-00z-aws-open-data,9.31,0,0,1.06,18,0,false,"ECMWF IFS 0.25 degree open data on AWS, 2t surface field"
2025-12-10,2025-12-19,9,rumor,ecmwf-ifs-025-00z-aws-open-data,15.637,0,0,1.06,18,0,false,"ECMWF IFS 0.25 degree open data on AWS, 2t surface field"
2025-12-10,2025-12-20,10,rumor,ecmwf-ifs-025-00z-aws-open-data,5.717,0,0,1.06,18,0,false,"ECMWF IFS 0.25 degree open data on AWS, 2t surface field"
2025-12-11,2025-12-12,1,selloff,ecmwf-ifs-025-00z-aws-open-data,-4.645,0.302,1,1.06,18,0,false,"ECMWF IFS 0.25 degree open data on AWS, 2t surface field"
2025-12-11,2025-12-13,2,selloff,ecmwf-ifs-025-00z-aws-open-data,-3.792,0.255,1,1.06,18,0,false,"ECMWF IFS 0.25 degree open data on AWS, 2t surface field"
2025-12-11,2025-12-14,3,selloff,ecmwf-ifs-025-00z-aws-open-data,-7.226,0.387,7,1.06,18,0,false,"ECMWF IFS 0.25 degree open data on AWS, 2t surface field"
2025-12-11,2025-12-18,7,rumor,ecmwf-ifs-025-00z-aws-open-data,8.754,0,0,1.06,18,0,false,"ECMWF IFS 0.25 degree open data on AWS, 2t surface field"
2025-12-11,2025-12-19,8,rumor,ecmwf-ifs-025-00z-aws-open-data,13.402,0,0,1.06,18,0,false,"ECMWF IFS 0.25 degree open data on AWS, 2t surface field"
2025-12-11,2025-12-20,9,rumor,ecmwf-ifs-025-00z-aws-open-data,9.996,0,0,1.06,18,0,false,"ECMWF IFS 0.25 degree open data on AWS, 2t surface field"
2025-12-11,2025-12-21,10,rumor,ecmwf-ifs-025-00z-aws-open-data,15.796,0,0,1.06,18,0,false,"ECMWF IFS 0.25 degree open data on AWS, 2t surface field"
2025-12-12,2025-12-13,1,selloff,ecmwf-ifs-025-00z-aws-open-data,-4.061,0.292,1,1.06,18,0,false,"ECMWF IFS 0.25 degree open data on AWS, 2t surface field"
2025-12-12,2025-12-14,2,selloff,ecmwf-ifs-025-00z-aws-open-data,-5.941,0.387,4,1.06,18,0,false,"ECMWF IFS 0.25 degree open data on AWS, 2t surface field"
2025-12-12,2025-12-15,3,selloff,ecmwf-ifs-025-00z-aws-open-data,-17.884,0.849,12,1.06,18,0,true,"ECMWF IFS 0.25 degree open data on AWS, 2t surface field"
2025-12-12,2025-12-19,7,rumor,ecmwf-ifs-025-00z-aws-open-data,8.249,0.151,1,1.06,18,0,false,"ECMWF IFS 0.25 degree open data on AWS, 2t surface field"
2025-12-12,2025-12-20,8,rumor,ecmwf-ifs-025-00z-aws-open-data,-3.887,0.208,0,1.06,18,0,false,"ECMWF IFS 0.25 degree open data on AWS, 2t surface field"
2025-12-12,2025-12-21,9,rumor,ecmwf-ifs-025-00z-aws-open-data,6.848,0,0,1.06,18,0,false,"ECMWF IFS 0.25 degree open data on AWS, 2t surface field"
2025-12-12,2025-12-22,10,rumor,ecmwf-ifs-025-00z-aws-open-data,5.858,0,0,1.06,18,0,false,"ECMWF IFS 0.25 degree open data on AWS, 2t surface field"
2025-12-13,2025-12-14,1,selloff,ecmwf-ifs-025-00z-aws-open-data,-5.547,0.387,4,1.06,18,0,false,"ECMWF IFS 0.25 degree open data on AWS, 2t surface field"
2025-12-13,2025-12-15,2,selloff,ecmwf-ifs-025-00z-aws-open-data,-18.372,0.906,13,1.06,18,0,true,"ECMWF IFS 0.25 degree open data on AWS, 2t surface field"
2025-12-13,2025-12-16,3,selloff,ecmwf-ifs-025-00z-aws-open-data,-9.289,0.755,1,1.06,18,0,true,"ECMWF IFS 0.25 degree open data on AWS, 2t surface field"
2025-12-13,2025-12-20,7,rumor,ecmwf-ifs-025-00z-aws-open-data,-2.145,0.085,0,1.06,18,0,false,"ECMWF IFS 0.25 degree open data on AWS, 2t surface field"
2025-12-13,2025-12-21,8,rumor,ecmwf-ifs-025-00z-aws-open-data,5.819,0.066,1,1.06,18,0,false,"ECMWF IFS 0.25 degree open data on AWS, 2t surface field"
2025-12-13,2025-12-22,9,rumor,ecmwf-ifs-025-00z-aws-open-data,-2.514,0.358,1,1.06,18,0,false,"ECMWF IFS 0.25 degree open data on AWS, 2t surface field"
2025-12-13,2025-12-23,10,rumor,ecmwf-ifs-025-00z-aws-open-data,1.178,0.283,0,1.06,18,0,false,"ECMWF IFS 0.25 degree open data on AWS, 2t surface field"
2025-12-14,2025-12-15,1,selloff,ecmwf-ifs-025-00z-aws-open-data,-18.158,0.849,13,1.06,18,0,true,"ECMWF IFS 0.25 degree open data on AWS, 2t surface field"
2025-12-14,2025-12-16,2,selloff,ecmwf-ifs-025-00z-aws-open-data,-9.968,0.755,2,1.06,18,0,true,"ECMWF IFS 0.25 degree open data on AWS, 2t surface field"
2025-12-14,2025-12-17,3,selloff,ecmwf-ifs-025-00z-aws-open-data,-0.409,0.226,1,1.06,18,0,false,"ECMWF IFS 0.25 degree open data on AWS, 2t surface field"
2025-12-14,2025-12-21,7,rumor,ecmwf-ifs-025-00z-aws-open-data,4.063,0,0,1.06,18,0,false,"ECMWF IFS 0.25 degree open data on AWS, 2t surface field"
2025-12-14,2025-12-22,8,rumor,ecmwf-ifs-025-00z-aws-open-data,5.306,0.066,0,1.06,18,0,false,"ECMWF IFS 0.25 degree open data on AWS, 2t surface field"
2025-12-14,2025-12-23,9,rumor,ecmwf-ifs-025-00z-aws-open-data,7.306,0.16,0,1.06,18,0,false,"ECMWF IFS 0.25 degree open data on AWS, 2t surface field"
2025-12-14,2025-12-24,10,rumor,ecmwf-ifs-025-00z-aws-open-data,16.561,0,0,1.06,18,0,false,"ECMWF IFS 0.25 degree open data on AWS, 2t surface field"
2025-12-15,2025-12-16,1,selloff,ecmwf-ifs-025-00z-aws-open-data,-10.639,0.755,6,1.06,18,0,true,"ECMWF IFS 0.25 degree open data on AWS, 2t surface field"
2025-12-15,2025-12-17,2,selloff,ecmwf-ifs-025-00z-aws-open-data,-0.973,0.226,2,1.06,18,0,false,"ECMWF IFS 0.25 degree open data on AWS, 2t surface field"
2025-12-15,2025-12-18,3,selloff,ecmwf-ifs-025-00z-aws-open-data,6.64,0,0,1.06,18,0,false,"ECMWF IFS 0.25 degree open data on AWS, 2t surface field"
2025-12-15,2025-12-22,7,rumor,ecmwf-ifs-025-00z-aws-open-data,3.224,0,0,1.06,18,0,false,"ECMWF IFS 0.25 degree open data on AWS, 2t surface field"
2025-12-15,2025-12-23,8,rumor,ecmwf-ifs-025-00z-aws-open-data,3.239,0.16,0,1.06,18,0,false,"ECMWF IFS 0.25 degree open data on AWS, 2t surface field"
2025-12-15,2025-12-24,9,rumor,ecmwf-ifs-025-00z-aws-open-data,10.74,0,0,1.06,18,0,false,"ECMWF IFS 0.25 degree open data on AWS, 2t surface field"
2025-12-15,2025-12-25,10,rumor,ecmwf-ifs-025-00z-aws-open-data,16.393,0,0,1.06,18,0,false,"ECMWF IFS 0.25 degree open data on AWS, 2t surface field"
2025-12-16,2025-12-17,1,selloff,ecmwf-ifs-025-00z-aws-open-data,-0.672,0.226,2,1.06,18,0,false,"ECMWF IFS 0.25 degree open data on AWS, 2t surface field"
2025-12-16,2025-12-18,2,selloff,ecmwf-ifs-025-00z-aws-open-data,7.046,0,0,1.06,18,0,false,"ECMWF IFS 0.25 degree open data on AWS, 2t surface field"
2025-12-16,2025-12-19,3,selloff,ecmwf-ifs-025-00z-aws-open-data,8.865,0.066,0,1.06,18,0,false,"ECMWF IFS 0.25 degree open data on AWS, 2t surface field"
2025-12-16,2025-12-23,7,rumor,ecmwf-ifs-025-00z-aws-open-data,1.648,0.16,0,1.06,18,0,false,"ECMWF IFS 0.25 degree open data on AWS, 2t surface field"
2025-12-16,2025-12-24,8,rumor,ecmwf-ifs-025-00z-aws-open-data,9.313,0,0,1.06,18,0,false,"ECMWF IFS 0.25 degree open data on AWS, 2t surface field"
2025-12-16,2025-12-25,9,rumor,ecmwf-ifs-025-00z-aws-open-data,10.272,0.16,0,1.06,18,0,false,"ECMWF IFS 0.25 degree open data on AWS, 2t surface field"
2025-12-16,2025-12-26,10,rumor,ecmwf-ifs-025-00z-aws-open-data,22.03,0,0,1.06,18,0,false,"ECMWF IFS 0.25 degree open data on AWS, 2t surface field"
2025-12-17,2025-12-18,1,selloff,ecmwf-ifs-025-00z-aws-open-data,7.132,0,0,1.06,18,0,false,"ECMWF IFS 0.25 degree open data on AWS, 2t surface field"
2025-12-17,2025-12-19,2,selloff,ecmwf-ifs-025-00z-aws-open-data,9.569,0.066,0,1.06,18,0,false,"ECMWF IFS 0.25 degree open data on AWS, 2t surface field"
2025-12-17,2025-12-20,3,selloff,ecmwf-ifs-025-00z-aws-open-data,-0.499,0,0,1.06,18,0,false,"ECMWF IFS 0.25 degree open data on AWS, 2t surface field"
2025-12-17,2025-12-24,7,rumor,ecmwf-ifs-025-00z-aws-open-data,11.919,0,0,1.06,18,0,false,"ECMWF IFS 0.25 degree open data on AWS, 2t surface field"
2025-12-17,2025-12-25,8,rumor,ecmwf-ifs-025-00z-aws-open-data,9.511,0.16,0,1.06,18,0,false,"ECMWF IFS 0.25 degree open data on AWS, 2t surface field"
2025-12-17,2025-12-26,9,rumor,ecmwf-ifs-025-00z-aws-open-data,16.169,0,0,1.06,18,0,false,"ECMWF IFS 0.25 degree open data on AWS, 2t surface field"
2025-12-17,2025-12-27,10,rumor,ecmwf-ifs-025-00z-aws-open-data,20.042,0,0,1.06,18,0,false,"ECMWF IFS 0.25 degree open data on AWS, 2t surface field"
2025-12-18,2025-12-19,1,selloff,ecmwf-ifs-025-00z-aws-open-data,10.616,0.066,0,1.06,18,0,false,"ECMWF IFS 0.25 degree open data on AWS, 2t surface field"
2025-12-18,2025-12-20,2,selloff,ecmwf-ifs-025-00z-aws-open-data,-0.348,0,0,1.06,18,0,false,"ECMWF IFS 0.25 degree open data on AWS, 2t surface field"
2025-12-18,2025-12-21,3,selloff,ecmwf-ifs-025-00z-aws-open-data,5,0.066,0,1.06,18,0,false,"ECMWF IFS 0.25 degree open data on AWS, 2t surface field"
2025-12-18,2025-12-25,7,rumor,ecmwf-ifs-025-00z-aws-open-data,10.803,0,0,1.06,18,0,false,"ECMWF IFS 0.25 degree open data on AWS, 2t surface field"
2025-12-18,2025-12-26,8,rumor,ecmwf-ifs-025-00z-aws-open-data,11.511,0.16,0,1.06,18,0,false,"ECMWF IFS 0.25 degree open data on AWS, 2t surface field"
2025-12-18,2025-12-27,9,rumor,ecmwf-ifs-025-00z-aws-open-data,11.529,0,0,1.06,18,0,false,"ECMWF IFS 0.25 degree open data on AWS, 2t surface field"
2025-12-18,2025-12-28,10,rumor,ecmwf-ifs-025-00z-aws-open-data,5.352,0.16,1,1.06,18,0,false,"ECMWF IFS 0.25 degree open data on AWS, 2t surface field"
2025-12-19,2025-12-20,1,selloff,ecmwf-ifs-025-00z-aws-open-data,-0.752,0.085,0,1.06,18,0,false,"ECMWF IFS 0.25 degree open data on AWS, 2t surface field"
2025-12-19,2025-12-21,2,selloff,ecmwf-ifs-025-00z-aws-open-data,4.439,0.066,1,1.06,18,0,false,"ECMWF IFS 0.25 degree open data on AWS, 2t surface field"
2025-12-19,2025-12-22,3,selloff,ecmwf-ifs-025-00z-aws-open-data,-0.338,0.189,0,1.06,18,0,false,"ECMWF IFS 0.25 degree open data on AWS, 2t surface field"
2025-12-19,2025-12-26,7,rumor,ecmwf-ifs-025-00z-aws-open-data,21.469,0,0,1.06,18,0,false,"ECMWF IFS 0.25 degree open data on AWS, 2t surface field"
2025-12-19,2025-12-27,8,rumor,ecmwf-ifs-025-00z-aws-open-data,19.212,0,0,1.06,18,0,false,"ECMWF IFS 0.25 degree open data on AWS, 2t surface field"
2025-12-19,2025-12-28,9,rumor,ecmwf-ifs-025-00z-aws-open-data,19.253,0,0,1.06,18,0,false,"ECMWF IFS 0.25 degree open data on AWS, 2t surface field"
2025-12-19,2025-12-29,10,rumor,ecmwf-ifs-025-00z-aws-open-data,4.063,0,0,1.06,18,0,false,"ECMWF IFS 0.25 degree open data on AWS, 2t surface field"
2025-12-20,2025-12-21,1,selloff,ecmwf-ifs-025-00z-aws-open-data,3.736,0.066,0,1.06,18,0,false,"ECMWF IFS 0.25 degree open data on AWS, 2t surface field"
2025-12-20,2025-12-22,2,selloff,ecmwf-ifs-025-00z-aws-open-data,0.623,0.104,0,1.06,18,0,false,"ECMWF IFS 0.25 degree open data on AWS, 2t surface field"
2025-12-20,2025-12-23,3,selloff,ecmwf-ifs-025-00z-aws-open-data,5.509,0.104,0,1.06,18,0,false,"ECMWF IFS 0.25 degree open data on AWS, 2t surface field"
2025-12-20,2025-12-27,7,rumor,ecmwf-ifs-025-00z-aws-open-data,22.012,0,0,1.06,18,0,false,"ECMWF IFS 0.25 degree open data on AWS, 2t surface field"
2025-12-20,2025-12-28,8,rumor,ecmwf-ifs-025-00z-aws-open-data,16.746,0,0,1.06,18,0,false,"ECMWF IFS 0.25 degree open data on AWS, 2t surface field"
2025-12-20,2025-12-29,9,rumor,ecmwf-ifs-025-00z-aws-open-data,-0.669,0.16,0,1.06,18,0,false,"ECMWF IFS 0.25 degree open data on AWS, 2t surface field"
2025-12-20,2025-12-30,10,rumor,ecmwf-ifs-025-00z-aws-open-data,4.602,0.104,0,1.06,18,0,false,"ECMWF IFS 0.25 degree open data on AWS, 2t surface field"
2025-12-21,2025-12-22,1,selloff,ecmwf-ifs-025-00z-aws-open-data,0.746,0.104,0,1.06,18,0,false,"ECMWF IFS 0.25 degree open data on AWS, 2t surface field"
2025-12-21,2025-12-23,2,selloff,ecmwf-ifs-025-00z-aws-open-data,5.652,0,0,1.06,18,0,false,"ECMWF IFS 0.25 degree open data on AWS, 2t surface field"
2025-12-21,2025-12-24,3,selloff,ecmwf-ifs-025-00z-aws-open-data,12.386,0,0,1.06,18,0,false,"ECMWF IFS 0.25 degree open data on AWS, 2t surface field"
2025-12-21,2025-12-28,7,rumor,ecmwf-ifs-025-00z-aws-open-data,13.878,0,0,1.06,18,0,false,"ECMWF IFS 0.25 degree open data on AWS, 2t surface field"
2025-12-21,2025-12-29,8,rumor,ecmwf-ifs-025-00z-aws-open-data,1.515,0.208,1,1.06,18,0,false,"ECMWF IFS 0.25 degree open data on AWS, 2t surface field"
2025-12-21,2025-12-30,9,rumor,ecmwf-ifs-025-00z-aws-open-data,-7.126,0.415,0,1.06,18,0,false,"ECMWF IFS 0.25 degree open data on AWS, 2t surface field"
2025-12-21,2025-12-31,10,rumor,ecmwf-ifs-025-00z-aws-open-data,-2.923,0.17,0,1.06,18,0,false,"ECMWF IFS 0.25 degree open data on AWS, 2t surface field"
2025-12-22,2025-12-23,1,selloff,ecmwf-ifs-025-00z-aws-open-data,5.859,0.104,0,1.06,18,0,false,"ECMWF IFS 0.25 degree open data on AWS, 2t surface field"
2025-12-22,2025-12-24,2,selloff,ecmwf-ifs-025-00z-aws-open-data,12.624,0,0,1.06,18,0,false,"ECMWF IFS 0.25 degree open data on AWS, 2t surface field"
2025-12-22,2025-12-25,3,selloff,ecmwf-ifs-025-00z-aws-open-data,13.225,0,0,1.06,18,0,false,"ECMWF IFS 0.25 degree open data on AWS, 2t surface field"
2025-12-22,2025-12-29,7,rumor,ecmwf-ifs-025-00z-aws-open-data,4.443,0.151,1,1.06,18,0,false,"ECMWF IFS 0.25 degree open data on AWS, 2t surface field"
2025-12-22,2025-12-30,8,rumor,ecmwf-ifs-025-00z-aws-open-data,-7.221,0.519,1,1.06,18,0,false,"ECMWF IFS 0.25 degree open data on AWS, 2t surface field"
2025-12-22,2025-12-31,9,rumor,ecmwf-ifs-025-00z-aws-open-data,-2.819,0.406,0,1.06,18,0,false,"ECMWF IFS 0.25 degree open data on AWS, 2t surface field"
2025-12-22,2026-01-01,10,rumor,ecmwf-ifs-025-00z-aws-open-data,5.47,0.189,0,1.06,18,0,false,"ECMWF IFS 0.25 degree open data on AWS, 2t surface field"
2025-12-23,2025-12-24,1,selloff,ecmwf-ifs-025-00z-aws-open-data,12.691,0,0,1.06,18,0,false,"ECMWF IFS 0.25 degree open data on AWS, 2t surface field"
2025-12-23,2025-12-25,2,selloff,ecmwf-ifs-025-00z-aws-open-data,13.248,0,0,1.06,18,0,false,"ECMWF IFS 0.25 degree open data on AWS, 2t surface field"
2025-12-23,2025-12-26,3,selloff,ecmwf-ifs-025-00z-aws-open-data,14.201,0,0,1.06,18,0,false,"ECMWF IFS 0.25 degree open data on AWS, 2t surface field"
2025-12-23,2025-12-30,7,rumor,ecmwf-ifs-025-00z-aws-open-data,-7.133,0.472,0,1.06,18,0,false,"ECMWF IFS 0.25 degree open data on AWS, 2t surface field"
2025-12-23,2025-12-31,8,rumor,ecmwf-ifs-025-00z-aws-open-data,-3.49,0.368,0,1.06,18,0,false,"ECMWF IFS 0.25 degree open data on AWS, 2t surface field"
2025-12-23,2026-01-01,9,rumor,ecmwf-ifs-025-00z-aws-open-data,3.881,0.066,0,1.06,18,0,false,"ECMWF IFS 0.25 degree open data on AWS, 2t surface field"
2025-12-23,2026-01-02,10,rumor,ecmwf-ifs-025-00z-aws-open-data,-14.405,0.811,12,1.06,18,0,true,"ECMWF IFS 0.25 degree open data on AWS, 2t surface field"
2025-12-24,2025-12-25,1,selloff,ecmwf-ifs-025-00z-aws-open-data,13.217,0,0,1.06,18,0,false,"ECMWF IFS 0.25 degree open data on AWS, 2t surface field"
2025-12-24,2025-12-26,2,selloff,ecmwf-ifs-025-00z-aws-open-data,14.537,0,0,1.06,18,0,false,"ECMWF IFS 0.25 degree open data on AWS, 2t surface field"
2025-12-24,2025-12-27,3,selloff,ecmwf-ifs-025-00z-aws-open-data,10.912,0.16,0,1.06,18,0,false,"ECMWF IFS 0.25 degree open data on AWS, 2t surface field"
2025-12-24,2025-12-31,7,rumor,ecmwf-ifs-025-00z-aws-open-data,-3.387,0.16,0,1.06,18,0,false,"ECMWF IFS 0.25 degree open data on AWS, 2t surface field"
2025-12-24,2026-01-01,8,rumor,ecmwf-ifs-025-00z-aws-open-data,1.665,0.066,0,1.06,18,0,false,"ECMWF IFS 0.25 degree open data on AWS, 2t surface field"
2025-12-24,2026-01-02,9,rumor,ecmwf-ifs-025-00z-aws-open-data,-13.805,0.764,8,1.06,18,0,true,"ECMWF IFS 0.25 degree open data on AWS, 2t surface field"
2025-12-24,2026-01-03,10,rumor,ecmwf-ifs-025-00z-aws-open-data,-9.929,0.717,4,1.06,18,0,true,"ECMWF IFS 0.25 degree open data on AWS, 2t surface field"
2025-12-25,2025-12-26,1,selloff,ecmwf-ifs-025-00z-aws-open-data,14.712,0,0,1.06,18,0,false,"ECMWF IFS 0.25 degree open data on AWS, 2t surface field"
2025-12-25,2025-12-27,2,selloff,ecmwf-ifs-025-00z-aws-open-data,10.942,0.104,0,1.06,18,0,false,"ECMWF IFS 0.25 degree open data on AWS, 2t surface field"
2025-12-25,2025-12-28,3,selloff,ecmwf-ifs-025-00z-aws-open-data,10.314,0.16,1,1.06,18,0,false,"ECMWF IFS 0.25 degree open data on AWS, 2t surface field"
2025-12-25,2026-01-01,7,rumor,ecmwf-ifs-025-00z-aws-open-data,4.653,0,0,1.06,18,0,false,"ECMWF IFS 0.25 degree open data on AWS, 2t surface field"
2025-12-25,2026-01-02,8,rumor,ecmwf-ifs-025-00z-aws-open-data,9.522,0,0,1.06,18,0,false,"ECMWF IFS 0.25 degree open data on AWS, 2t surface field"
2025-12-25,2026-01-03,9,rumor,ecmwf-ifs-025-00z-aws-open-data,10.39,0,0,1.06,18,0,false,"ECMWF IFS 0.25 degree open data on AWS, 2t surface field"
2025-12-25,2026-01-04,10,rumor,ecmwf-ifs-025-00z-aws-open-data,20.006,0,0,1.06,18,0,false,"ECMWF IFS 0.25 degree open data on AWS, 2t surface field"
2025-12-26,2025-12-27,1,selloff,ecmwf-ifs-025-00z-aws-open-data,11.191,0.104,0,1.06,18,0,false,"ECMWF IFS 0.25 degree open data on AWS, 2t surface field"
2025-12-26,2025-12-28,2,selloff,ecmwf-ifs-025-00z-aws-open-data,10.91,0.16,1,1.06,18,0,false,"ECMWF IFS 0.25 degree open data on AWS, 2t surface field"
2025-12-26,2025-12-29,3,selloff,ecmwf-ifs-025-00z-aws-open-data,12.134,0,0,1.06,18,0,false,"ECMWF IFS 0.25 degree open data on AWS, 2t surface field"
2025-12-26,2026-01-02,7,rumor,ecmwf-ifs-025-00z-aws-open-data,-3.458,0.358,1,1.06,18,0,false,"ECMWF IFS 0.25 degree open data on AWS, 2t surface field"
2025-12-26,2026-01-03,8,rumor,ecmwf-ifs-025-00z-aws-open-data,0.348,0.255,0,1.06,18,0,false,"ECMWF IFS 0.25 degree open data on AWS, 2t surface field"
2025-12-26,2026-01-04,9,rumor,ecmwf-ifs-025-00z-aws-open-data,8.169,0.104,0,1.06,18,0,false,"ECMWF IFS 0.25 degree open data on AWS, 2t surface field"
2025-12-26,2026-01-05,10,rumor,ecmwf-ifs-025-00z-aws-open-data,9.094,0,0,1.06,18,0,false,"ECMWF IFS 0.25 degree open data on AWS, 2t surface field"
2025-12-27,2025-12-28,1,selloff,ecmwf-ifs-025-00z-aws-open-data,10.729,0.16,1,1.06,18,0,false,"ECMWF IFS 0.25 degree open data on AWS, 2t surface field"
2025-12-27,2025-12-29,2,selloff,ecmwf-ifs-025-00z-aws-open-data,12.397,0,0,1.06,18,0,false,"ECMWF IFS 0.25 degree open data on AWS, 2t surface field"
2025-12-27,2025-12-30,3,selloff,ecmwf-ifs-025-00z-aws-open-data,-2.534,0.274,0,1.06,18,0,false,"ECMWF IFS 0.25 degree open data on AWS, 2t surface field"
2025-12-27,2026-01-03,7,rumor,ecmwf-ifs-025-00z-aws-open-data,-2.343,0.472,2,1.06,18,0,false,"ECMWF IFS 0.25 degree open data on AWS, 2t surface field"
2025-12-27,2026-01-04,8,rumor,ecmwf-ifs-025-00z-aws-open-data,7.063,0,0,1.06,18,0,false,"ECMWF IFS 0.25 degree open data on AWS, 2t surface field"
2025-12-27,2026-01-05,9,rumor,ecmwf-ifs-025-00z-aws-open-data,10.718,0,0,1.06,18,0,false,"ECMWF IFS 0.25 degree open data on AWS, 2t surface field"
2025-12-27,2026-01-06,10,rumor,ecmwf-ifs-025-00z-aws-open-data,3.981,0,0,1.06,18,0,false,"ECMWF IFS 0.25 degree open data on AWS, 2t surface field"
2025-12-28,2025-12-29,1,selloff,ecmwf-ifs-025-00z-aws-open-data,11.811,0,0,1.06,18,0,false,"ECMWF IFS 0.25 degree open data on AWS, 2t surface field"
2025-12-28,2025-12-30,2,selloff,ecmwf-ifs-025-00z-aws-open-data,-3.433,0.274,0,1.06,18,0,false,"ECMWF IFS 0.25 degree open data on AWS, 2t surface field"
2025-12-28,2025-12-31,3,selloff,ecmwf-ifs-025-00z-aws-open-data,-3.184,0.066,0,1.06,18,0,false,"ECMWF IFS 0.25 degree open data on AWS, 2t surface field"
2025-12-28,2026-01-04,7,rumor,ecmwf-ifs-025-00z-aws-open-data,2.56,0.104,0,1.06,18,0,false,"ECMWF IFS 0.25 degree open data on AWS, 2t surface field"
2025-12-28,2026-01-05,8,rumor,ecmwf-ifs-025-00z-aws-open-data,7.44,0,0,1.06,18,0,false,"ECMWF IFS 0.25 degree open data on AWS, 2t surface field"
2025-12-28,2026-01-06,9,rumor,ecmwf-ifs-025-00z-aws-open-data,3.687,0.085,0,1.06,18,0,false,"ECMWF IFS 0.25 degree open data on AWS, 2t surface field"
2025-12-28,2026-01-07,10,rumor,ecmwf-ifs-025-00z-aws-open-data,-9.11,0.726,3,1.06,18,0,true,"ECMWF IFS 0.25 degree open data on AWS, 2t surface field"
2025-12-29,2025-12-30,1,selloff,ecmwf-ifs-025-00z-aws-open-data,-4.375,0.255,1,1.06,18,0,false,"ECMWF IFS 0.25 degree open data on AWS, 2t surface field"
2025-12-29,2025-12-31,2,selloff,ecmwf-ifs-025-00z-aws-open-data,-3.4,0.151,0,1.06,18,0,false,"ECMWF IFS 0.25 degree open data on AWS, 2t surface field"
2025-12-29,2026-01-01,3,selloff,ecmwf-ifs-025-00z-aws-open-data,0.276,0,0,1.06,18,0,false,"ECMWF IFS 0.25 degree open data on AWS, 2t surface field"
2025-12-29,2026-01-05,7,rumor,ecmwf-ifs-025-00z-aws-open-data,6.737,0.104,0,1.06,18,0,false,"ECMWF IFS 0.25 degree open data on AWS, 2t surface field"
2025-12-29,2026-01-06,8,rumor,ecmwf-ifs-025-00z-aws-open-data,8.869,0,0,1.06,18,0,false,"ECMWF IFS 0.25 degree open data on AWS, 2t surface field"
2025-12-29,2026-01-07,9,rumor,ecmwf-ifs-025-00z-aws-open-data,2.206,0.104,0,1.06,18,0,false,"ECMWF IFS 0.25 degree open data on AWS, 2t surface field"
2025-12-29,2026-01-08,10,rumor,ecmwf-ifs-025-00z-aws-open-data,4.014,0.17,0,1.06,18,0,false,"ECMWF IFS 0.25 degree open data on AWS, 2t surface field"
2025-12-30,2025-12-31,1,selloff,ecmwf-ifs-025-00z-aws-open-data,-4.037,0.236,0,1.06,18,0,false,"ECMWF IFS 0.25 degree open data on AWS, 2t surface field"
2025-12-30,2026-01-01,2,selloff,ecmwf-ifs-025-00z-aws-open-data,-0.101,0,0,1.06,18,0,false,"ECMWF IFS 0.25 degree open data on AWS, 2t surface field"
2025-12-30,2026-01-02,3,selloff,ecmwf-ifs-025-00z-aws-open-data,-3.082,0.415,2,1.06,18,0,false,"ECMWF IFS 0.25 degree open data on AWS, 2t surface field"
2025-12-30,2026-01-06,7,rumor,ecmwf-ifs-025-00z-aws-open-data,10.562,0,0,1.06,18,0,false,"ECMWF IFS 0.25 degree open data on AWS, 2t surface field"
2025-12-30,2026-01-07,8,rumor,ecmwf-ifs-025-00z-aws-open-data,5.412,0,0,1.06,18,0,false,"ECMWF IFS 0.25 degree open data on AWS, 2t surface field"
2025-12-30,2026-01-08,9,rumor,ecmwf-ifs-025-00z-aws-open-data,2.42,0.104,0,1.06,18,0,false,"ECMWF IFS 0.25 degree open data on AWS, 2t surface field"
2025-12-30,2026-01-09,10,rumor,ecmwf-ifs-025-00z-aws-open-data,7.478,0,0,1.06,18,0,false,"ECMWF IFS 0.25 degree open data on AWS, 2t surface field"
2025-12-31,2026-01-01,1,selloff,ecmwf-ifs-025-00z-aws-open-data,1.528,0.104,0,1.06,18,0,false,"ECMWF IFS 0.25 degree open data on AWS, 2t surface field"
2025-12-31,2026-01-02,2,selloff,ecmwf-ifs-025-00z-aws-open-data,-3.029,0.415,1,1.06,18,0,false,"ECMWF IFS 0.25 degree open data on AWS, 2t surface field"
2025-12-31,2026-01-03,3,selloff,ecmwf-ifs-025-00z-aws-open-data,0.794,0.311,0,1.06,18,0,false,"ECMWF IFS 0.25 degree open data on AWS, 2t surface field"
2025-12-31,2026-01-07,7,rumor,ecmwf-ifs-025-00z-aws-open-data,14.517,0,0,1.06,18,0,false,"ECMWF IFS 0.25 degree open data on AWS, 2t surface field"
2025-12-31,2026-01-08,8,rumor,ecmwf-ifs-025-00z-aws-open-data,15.843,0,0,1.06,18,0,false,"ECMWF IFS 0.25 degree open data on AWS, 2t surface field"
2025-12-31,2026-01-09,9,rumor,ecmwf-ifs-025-00z-aws-open-data,12.126,0,0,1.06,18,0,false,"ECMWF IFS 0.25 degree open data on AWS, 2t surface field"
2025-12-31,2026-01-10,10,rumor,ecmwf-ifs-025-00z-aws-open-data,14.037,0,0,1.06,18,0,false,"ECMWF IFS 0.25 degree open data on AWS, 2t surface field"
2026-01-01,2026-01-02,1,selloff,ecmwf-ifs-025-00z-aws-open-data,-2.089,0.415,1,1.06,18,0,false,"ECMWF IFS 0.25 degree open data on AWS, 2t surface field"
2026-01-01,2026-01-03,2,selloff,ecmwf-ifs-025-00z-aws-open-data,-0.601,0.311,1,1.06,18,0,false,"ECMWF IFS 0.25 degree open data on AWS, 2t surface field"
2026-01-01,2026-01-04,3,selloff,ecmwf-ifs-025-00z-aws-open-data,-0.642,0.189,0,1.06,18,0,false,"ECMWF IFS 0.25 degree open data on AWS, 2t surface field"
2026-01-01,2026-01-08,7,rumor,ecmwf-ifs-025-00z-aws-open-data,15.86,0,0,1.06,18,0,false,"ECMWF IFS 0.25 degree open data on AWS, 2t surface field"
2026-01-01,2026-01-09,8,rumor,ecmwf-ifs-025-00z-aws-open-data,16.773,0,0,1.06,18,0,false,"ECMWF IFS 0.25 degree open data on AWS, 2t surface field"
2026-01-01,2026-01-10,9,rumor,ecmwf-ifs-025-00z-aws-open-data,16.431,0,0,1.06,18,0,false,"ECMWF IFS 0.25 degree open data on AWS, 2t surface field"
2026-01-01,2026-01-11,10,rumor,ecmwf-ifs-025-00z-aws-open-data,10.725,0,0,1.06,18,0,false,"ECMWF IFS 0.25 degree open data on AWS, 2t surface field"
2026-01-02,2026-01-03,1,selloff,ecmwf-ifs-025-00z-aws-open-data,0.348,0.255,0,1.06,18,0,false,"ECMWF IFS 0.25 degree open data on AWS, 2t surface field"
2026-01-02,2026-01-04,2,selloff,ecmwf-ifs-025-00z-aws-open-data,-0.238,0.189,0,1.06,18,0,false,"ECMWF IFS 0.25 degree open data on AWS, 2t surface field"
2026-01-02,2026-01-05,3,selloff,ecmwf-ifs-025-00z-aws-open-data,2.4,0,0,1.06,18,0,false,"ECMWF IFS 0.25 degree open data on AWS, 2t surface field"
2026-01-02,2026-01-09,7,rumor,ecmwf-ifs-025-00z-aws-open-data,16.396,0,0,1.06,18,0,false,"ECMWF IFS 0.25 degree open data on AWS, 2t surface field"
2026-01-02,2026-01-10,8,rumor,ecmwf-ifs-025-00z-aws-open-data,17.85,0,0,1.06,18,0,false,"ECMWF IFS 0.25 degree open data on AWS, 2t surface field"
2026-01-02,2026-01-11,9,rumor,ecmwf-ifs-025-00z-aws-open-data,11.692,0,0,1.06,18,0,false,"ECMWF IFS 0.25 degree open data on AWS, 2t surface field"
2026-01-02,2026-01-12,10,rumor,ecmwf-ifs-025-00z-aws-open-data,-2.293,0,0,1.06,18,0,false,"ECMWF IFS 0.25 degree open data on AWS, 2t surface field"
2026-01-03,2026-01-04,1,selloff,ecmwf-ifs-025-00z-aws-open-data,-0.318,0.104,0,1.06,18,0,false,"ECMWF IFS 0.25 degree open data on AWS, 2t surface field"
2026-01-03,2026-01-05,2,selloff,ecmwf-ifs-025-00z-aws-open-data,3.538,0,0,1.06,18,0,false,"ECMWF IFS 0.25 degree open data on AWS, 2t surface field"
2026-01-03,2026-01-06,3,selloff,ecmwf-ifs-025-00z-aws-open-data,8.023,0,0,1.06,18,0,false,"ECMWF IFS 0.25 degree open data on AWS, 2t surface field"
2026-01-03,2026-01-10,7,rumor,ecmwf-ifs-025-00z-aws-open-data,19.951,0,0,1.06,18,0,false,"ECMWF IFS 0.25 degree open data on AWS, 2t surface field"
2026-01-03,2026-01-11,8,rumor,ecmwf-ifs-025-00z-aws-open-data,14.229,0,0,1.06,18,0,false,"ECMWF IFS 0.25 degree open data on AWS, 2t surface field"
2026-01-03,2026-01-12,9,rumor,ecmwf-ifs-025-00z-aws-open-data,0.491,0,0,1.06,18,0,false,"ECMWF IFS 0.25 degree open data on AWS, 2t surface field"
2026-01-03,2026-01-13,10,rumor,ecmwf-ifs-025-00z-aws-open-data,1.949,0,0,1.06,18,0,false,"ECMWF IFS 0.25 degree open data on AWS, 2t surface field"
2026-01-04,2026-01-05,1,selloff,ecmwf-ifs-025-00z-aws-open-data,4.255,0,0,1.06,18,0,false,"ECMWF IFS 0.25 degree open data on AWS, 2t surface field"
2026-01-04,2026-01-06,2,selloff,ecmwf-ifs-025-00z-aws-open-data,9.927,0,0,1.06,18,0,false,"ECMWF IFS 0.25 degree open data on AWS, 2t surface field"
2026-01-04,2026-01-07,3,selloff,ecmwf-ifs-025-00z-aws-open-data,16.146,0,0,1.06,18,0,false,"ECMWF IFS 0.25 degree open data on AWS, 2t surface field"
2026-01-04,2026-01-11,7,rumor,ecmwf-ifs-025-00z-aws-open-data,11.548,0,0,1.06,18,0,false,"ECMWF IFS 0.25 degree open data on AWS, 2t surface field"
2026-01-04,2026-01-12,8,rumor,ecmwf-ifs-025-00z-aws-open-data,0.37,0,0,1.06,18,0,false,"ECMWF IFS 0.25 degree open data on AWS, 2t surface field"
2026-01-04,2026-01-13,9,rumor,ecmwf-ifs-025-00z-aws-open-data,3.325,0,0,1.06,18,0,false,"ECMWF IFS 0.25 degree open data on AWS, 2t surface field"
2026-01-04,2026-01-14,10,rumor,ecmwf-ifs-025-00z-aws-open-data,6.273,0,0,1.06,18,0,false,"ECMWF IFS 0.25 degree open data on AWS, 2t surface field"
2026-01-05,2026-01-06,1,selloff,ecmwf-ifs-025-00z-aws-open-data,10.3,0,0,1.06,18,0,false,"ECMWF IFS 0.25 degree open data on AWS, 2t surface field"
2026-01-05,2026-01-07,2,selloff,ecmwf-ifs-025-00z-aws-open-data,16.013,0,0,1.06,18,0,false,"ECMWF IFS 0.25 degree open data on AWS, 2t surface field"
2026-01-05,2026-01-08,3,selloff,ecmwf-ifs-025-00z-aws-open-data,14.907,0,0,1.06,18,0,false,"ECMWF IFS 0.25 degree open data on AWS, 2t surface field"
2026-01-05,2026-01-12,7,rumor,ecmwf-ifs-025-00z-aws-open-data,-0.318,0.113,0,1.06,18,0,false,"ECMWF IFS 0.25 degree open data on AWS, 2t surface field"
2026-01-05,2026-01-13,8,rumor,ecmwf-ifs-025-00z-aws-open-data,6.672,0,0,1.06,18,0,false,"ECMWF IFS 0.25 degree open data on AWS, 2t surface field"
2026-01-05,2026-01-14,9,rumor,ecmwf-ifs-025-00z-aws-open-data,8.339,0,0,1.06,18,0,false,"ECMWF IFS 0.25 degree open data on AWS, 2t surface field"
2026-01-05,2026-01-15,10,rumor,ecmwf-ifs-025-00z-aws-open-data,5.317,0,0,1.06,18,0,false,"ECMWF IFS 0.25 degree open data on AWS, 2t surface field"
2026-01-06,2026-01-07,1,selloff,ecmwf-ifs-025-00z-aws-open-data,15.848,0,0,1.06,18,0,false,"ECMWF IFS 0.25 degree open data on AWS, 2t surface field"
2026-01-06,2026-01-08,2,selloff,ecmwf-ifs-025-00z-aws-open-data,15.062,0,0,1.06,18,0,false,"ECMWF IFS 0.25 degree open data on AWS, 2t surface field"
2026-01-06,2026-01-09,3,selloff,ecmwf-ifs-025-00z-aws-open-data,17.706,0,0,1.06,18,0,false,"ECMWF IFS 0.25 degree open data on AWS, 2t surface field"
2026-01-06,2026-01-13,7,rumor,ecmwf-ifs-025-00z-aws-open-data,7.852,0,0,1.06,18,0,false,"ECMWF IFS 0.25 degree open data on AWS, 2t surface field"
2026-01-06,2026-01-14,8,rumor,ecmwf-ifs-025-00z-aws-open-data,10.004,0,0,1.06,18,0,false,"ECMWF IFS 0.25 degree open data on AWS, 2t surface field"
2026-01-06,2026-01-15,9,rumor,ecmwf-ifs-025-00z-aws-open-data,8.473,0,0,1.06,18,0,false,"ECMWF IFS 0.25 degree open data on AWS, 2t surface field"
2026-01-06,2026-01-16,10,rumor,ecmwf-ifs-025-00z-aws-open-data,7.761,0,0,1.06,18,0,false,"ECMWF IFS 0.25 degree open data on AWS, 2t surface field"
2026-01-07,2026-01-08,1,selloff,ecmwf-ifs-025-00z-aws-open-data,15.637,0,0,1.06,18,0,false,"ECMWF IFS 0.25 degree open data on AWS, 2t surface field"
2026-01-07,2026-01-09,2,selloff,ecmwf-ifs-025-00z-aws-open-data,18.574,0,0,1.06,18,0,false,"ECMWF IFS 0.25 degree open data on AWS, 2t surface field"
2026-01-07,2026-01-10,3,selloff,ecmwf-ifs-025-00z-aws-open-data,17.125,0,0,1.06,18,0,false,"ECMWF IFS 0.25 degree open data on AWS, 2t surface field"
2026-01-07,2026-01-14,7,rumor,ecmwf-ifs-025-00z-aws-open-data,11.285,0,0,1.06,18,0,false,"ECMWF IFS 0.25 degree open data on AWS, 2t surface field"
2026-01-07,2026-01-15,8,rumor,ecmwf-ifs-025-00z-aws-open-data,9.849,0,0,1.06,18,0,false,"ECMWF IFS 0.25 degree open data on AWS, 2t surface field"
2026-01-07,2026-01-16,9,rumor,ecmwf-ifs-025-00z-aws-open-data,2.308,0,0,1.06,18,0,false,"ECMWF IFS 0.25 degree open data on AWS, 2t surface field"
2026-01-07,2026-01-17,10,rumor,ecmwf-ifs-025-00z-aws-open-data,2.972,0.151,0,1.06,18,0,false,"ECMWF IFS 0.25 degree open data on AWS, 2t surface field"
2026-01-08,2026-01-09,1,selloff,ecmwf-ifs-025-00z-aws-open-data,19.062,0,0,1.06,18,0,false,"ECMWF IFS 0.25 degree open data on AWS, 2t surface field"
2026-01-08,2026-01-10,2,selloff,ecmwf-ifs-025-00z-aws-open-data,16.5,0,0,1.06,18,0,false,"ECMWF IFS 0.25 degree open data on AWS, 2t surface field"
2026-01-08,2026-01-11,3,selloff,ecmwf-ifs-025-00z-aws-open-data,9.297,0,0,1.06,18,0,false,"ECMWF IFS 0.25 degree open data on AWS, 2t surface field"
2026-01-08,2026-01-15,7,rumor,ecmwf-ifs-025-00z-aws-open-data,8.871,0,0,1.06,18,0,false,"ECMWF IFS 0.25 degree open data on AWS, 2t surface field"
2026-01-08,2026-01-16,8,rumor,ecmwf-ifs-025-00z-aws-open-data,4.588,0,0,1.06,18,0,false,"ECMWF IFS 0.25 degree open data on AWS, 2t surface field"
2026-01-08,2026-01-17,9,rumor,ecmwf-ifs-025-00z-aws-open-data,4.437,0,0,1.06,18,0,false,"ECMWF IFS 0.25 degree open data on AWS, 2t surface field"
2026-01-08,2026-01-18,10,rumor,ecmwf-ifs-025-00z-aws-open-data,4.353,0,0,1.06,18,0,false,"ECMWF IFS 0.25 degree open data on AWS, 2t surface field"
2026-01-09,2026-01-10,1,selloff,ecmwf-ifs-025-00z-aws-open-data,16.971,0,0,1.06,18,0,false,"ECMWF IFS 0.25 degree open data on AWS, 2t surface field"
2026-01-09,2026-01-11,2,selloff,ecmwf-ifs-025-00z-aws-open-data,7.889,0,0,1.06,18,0,false,"ECMWF IFS 0.25 degree open data on AWS, 2t surface field"
2026-01-09,2026-01-12,3,selloff,ecmwf-ifs-025-00z-aws-open-data,-0.989,0,0,1.06,18,0,false,"ECMWF IFS 0.25 degree open data on AWS, 2t surface field"
2026-01-09,2026-01-16,7,rumor,ecmwf-ifs-025-00z-aws-open-data,2.131,0,0,1.06,18,0,false,"ECMWF IFS 0.25 degree open data on AWS, 2t surface field"
2026-01-09,2026-01-17,8,rumor,ecmwf-ifs-025-00z-aws-open-data,-0.646,0.104,0,1.06,18,0,false,"ECMWF IFS 0.25 degree open data on AWS, 2t surface field"
2026-01-09,2026-01-18,9,rumor,ecmwf-ifs-025-00z-aws-open-data,2.039,0,0,1.06,18,0,false,"ECMWF IFS 0.25 degree open data on AWS, 2t surface field"
2026-01-09,2026-01-19,10,rumor,ecmwf-ifs-025-00z-aws-open-data,-0.316,0.085,0,1.06,18,0,false,"ECMWF IFS 0.25 degree open data on AWS, 2t surface field"
2026-01-10,2026-01-11,1,selloff,ecmwf-ifs-025-00z-aws-open-data,9.36,0,0,1.06,18,0,false,"ECMWF IFS 0.25 degree open data on AWS, 2t surface field"
2026-01-10,2026-01-12,2,selloff,ecmwf-ifs-025-00z-aws-open-data,-0.836,0.047,0,1.06,18,0,false,"ECMWF IFS 0.25 degree open data on AWS, 2t surface field"
2026-01-10,2026-01-13,3,selloff,ecmwf-ifs-025-00z-aws-open-data,5.326,0,0,1.06,18,0,false,"ECMWF IFS 0.25 degree open data on AWS, 2t surface field"
2026-01-10,2026-01-17,7,rumor,ecmwf-ifs-025-00z-aws-open-data,4.491,0,0,1.06,18,0,false,"ECMWF IFS 0.25 degree open data on AWS, 2t surface field"
2026-01-10,2026-01-18,8,rumor,ecmwf-ifs-025-00z-aws-open-data,3.002,0,0,1.06,18,0,false,"ECMWF IFS 0.25 degree open data on AWS, 2t surface field"
2026-01-10,2026-01-19,9,rumor,ecmwf-ifs-025-00z-aws-open-data,4.549,0,0,1.06,18,0,false,"ECMWF IFS 0.25 degree open data on AWS, 2t surface field"
2026-01-10,2026-01-20,10,rumor,ecmwf-ifs-025-00z-aws-open-data,9.941,0,0,1.06,18,0,false,"ECMWF IFS 0.25 degree open data on AWS, 2t surface field"
2026-01-11,2026-01-12,1,selloff,ecmwf-ifs-025-00z-aws-open-data,-0.691,0.047,0,1.06,18,0,false,"ECMWF IFS 0.25 degree open data on AWS, 2t surface field"
2026-01-11,2026-01-13,2,selloff,ecmwf-ifs-025-00z-aws-open-data,5.94,0,0,1.06,18,0,false,"ECMWF IFS 0.25 degree open data on AWS, 2t surface field"
2026-01-11,2026-01-14,3,selloff,ecmwf-ifs-025-00z-aws-open-data,13.356,0,0,1.06,18,0,false,"ECMWF IFS 0.25 degree open data on AWS, 2t surface field"
2026-01-11,2026-01-18,7,rumor,ecmwf-ifs-025-00z-aws-open-data,-3.382,0.057,0,1.06,18,0,false,"ECMWF IFS 0.25 degree open data on AWS, 2t surface field"
2026-01-11,2026-01-19,8,rumor,ecmwf-ifs-025-00z-aws-open-data,1.691,0.113,0,1.06,18,0,false,"ECMWF IFS 0.25 degree open data on AWS, 2t surface field"
2026-01-11,2026-01-20,9,rumor,ecmwf-ifs-025-00z-aws-open-data,1.138,0.085,0,1.06,18,0,false,"ECMWF IFS 0.25 degree open data on AWS, 2t surface field"
2026-01-11,2026-01-21,10,rumor,ecmwf-ifs-025-00z-aws-open-data,-0.54,0.113,0,1.06,18,0,false,"ECMWF IFS 0.25 degree open data on AWS, 2t surface field"
2026-01-12,2026-01-13,1,selloff,ecmwf-ifs-025-00z-aws-open-data,5.234,0,0,1.06,18,0,false,"ECMWF IFS 0.25 degree open data on AWS, 2t surface field"
2026-01-12,2026-01-14,2,selloff,ecmwf-ifs-025-00z-aws-open-data,12.887,0,0,1.06,18,0,false,"ECMWF IFS 0.25 degree open data on AWS, 2t surface field"
2026-01-12,2026-01-15,3,selloff,ecmwf-ifs-025-00z-aws-open-data,6.413,0,0,1.06,18,0,false,"ECMWF IFS 0.25 degree open data on AWS, 2t surface field"
2026-01-12,2026-01-19,7,rumor,ecmwf-ifs-025-00z-aws-open-data,-1.222,0.085,0,1.06,18,0,false,"ECMWF IFS 0.25 degree open data on AWS, 2t surface field"
2026-01-12,2026-01-20,8,rumor,ecmwf-ifs-025-00z-aws-open-data,-1.309,0.198,1,1.06,18,0,false,"ECMWF IFS 0.25 degree open data on AWS, 2t surface field"
2026-01-12,2026-01-21,9,rumor,ecmwf-ifs-025-00z-aws-open-data,-4.317,0.283,2,1.06,18,0,false,"ECMWF IFS 0.25 degree open data on AWS, 2t surface field"
2026-01-12,2026-01-22,10,rumor,ecmwf-ifs-025-00z-aws-open-data,-5.615,0.406,3,1.06,18,0,false,"ECMWF IFS 0.25 degree open data on AWS, 2t surface field"
2026-01-13,2026-01-14,1,selloff,ecmwf-ifs-025-00z-aws-open-data,13.289,0,0,1.06,18,0,false,"ECMWF IFS 0.25 degree open data on AWS, 2t surface field"
2026-01-13,2026-01-15,2,selloff,ecmwf-ifs-025-00z-aws-open-data,5.364,0,0,1.06,18,0,false,"ECMWF IFS 0.25 degree open data on AWS, 2t surface field"
2026-01-13,2026-01-16,3,selloff,ecmwf-ifs-025-00z-aws-open-data,-2.821,0.283,0,1.06,18,0,false,"ECMWF IFS 0.25 degree open data on AWS, 2t surface field"
2026-01-13,2026-01-20,7,rumor,ecmwf-ifs-025-00z-aws-open-data,-7.195,0.434,4,1.06,18,0,false,"ECMWF IFS 0.25 degree open data on AWS, 2t surface field"
2026-01-13,2026-01-21,8,rumor,ecmwf-ifs-025-00z-aws-open-data,-6.206,0.575,1,1.06,18,0,false,"ECMWF IFS 0.25 degree open data on AWS, 2t surface field"
2026-01-13,2026-01-22,9,rumor,ecmwf-ifs-025-00z-aws-open-data,-1.068,0.142,1,1.06,18,0,false,"ECMWF IFS 0.25 degree open data on AWS, 2t surface field"
2026-01-13,2026-01-23,10,rumor,ecmwf-ifs-025-00z-aws-open-data,0.238,0.151,2,1.06,18,0,false,"ECMWF IFS 0.25 degree open data on AWS, 2t surface field"
2026-01-14,2026-01-15,1,selloff,ecmwf-ifs-025-00z-aws-open-data,5.516,0,0,1.06,18,0,false,"ECMWF IFS 0.25 degree open data on AWS, 2t surface field"
2026-01-14,2026-01-16,2,selloff,ecmwf-ifs-025-00z-aws-open-data,-2.161,0.255,0,1.06,18,0,false,"ECMWF IFS 0.25 degree open data on AWS, 2t surface field"
2026-01-14,2026-01-17,3,selloff,ecmwf-ifs-025-00z-aws-open-data,4.699,0,0,1.06,18,0,false,"ECMWF IFS 0.25 degree open data on AWS, 2t surface field"
2026-01-14,2026-01-21,7,rumor,ecmwf-ifs-025-00z-aws-open-data,-10.763,0.764,5,1.06,18,0,true,"ECMWF IFS 0.25 degree open data on AWS, 2t surface field"
2026-01-14,2026-01-22,8,rumor,ecmwf-ifs-025-00z-aws-open-data,-2.287,0.142,0,1.06,18,0,false,"ECMWF IFS 0.25 degree open data on AWS, 2t surface field"
2026-01-14,2026-01-23,9,rumor,ecmwf-ifs-025-00z-aws-open-data,4.354,0,0,1.06,18,0,false,"ECMWF IFS 0.25 degree open data on AWS, 2t surface field"
2026-01-14,2026-01-24,10,rumor,ecmwf-ifs-025-00z-aws-open-data,7.395,0.066,0,1.06,18,0,false,"ECMWF IFS 0.25 degree open data on AWS, 2t surface field"
2026-01-15,2026-01-16,1,selloff,ecmwf-ifs-025-00z-aws-open-data,-2.658,0.255,0,1.06,18,0,false,"ECMWF IFS 0.25 degree open data on AWS, 2t surface field"
2026-01-15,2026-01-17,2,selloff,ecmwf-ifs-025-00z-aws-open-data,4.924,0,0,1.06,18,0,false,"ECMWF IFS 0.25 degree open data on AWS, 2t surface field"
2026-01-15,2026-01-18,3,selloff,ecmwf-ifs-025-00z-aws-open-data,-0.179,0.104,0,1.06,18,0,false,"ECMWF IFS 0.25 degree open data on AWS, 2t surface field"
2026-01-15,2026-01-22,7,rumor,ecmwf-ifs-025-00z-aws-open-data,0.488,0,0,1.06,18,0,false,"ECMWF IFS 0.25 degree open data on AWS, 2t surface field"
2026-01-15,2026-01-23,8,rumor,ecmwf-ifs-025-00z-aws-open-data,0.243,0.208,0,1.06,18,0,false,"ECMWF IFS 0.25 degree open data on AWS, 2t surface field"
2026-01-15,2026-01-24,9,rumor,ecmwf-ifs-025-00z-aws-open-data,5.611,0,0,1.06,18,0,false,"ECMWF IFS 0.25 degree open data on AWS, 2t surface field"
2026-01-15,2026-01-25,10,rumor,ecmwf-ifs-025-00z-aws-open-data,-2.115,0.34,3,1.06,18,0,false,"ECMWF IFS 0.25 degree open data on AWS, 2t surface field"
2026-01-16,2026-01-17,1,selloff,ecmwf-ifs-025-00z-aws-open-data,4.262,0,0,1.06,18,0,false,"ECMWF IFS 0.25 degree open data on AWS, 2t surface field"
2026-01-16,2026-01-18,2,selloff,ecmwf-ifs-025-00z-aws-open-data,0.003,0.038,0,1.06,18,0,false,"ECMWF IFS 0.25 degree open data on AWS, 2t surface field"
2026-01-16,2026-01-19,3,selloff,ecmwf-ifs-025-00z-aws-open-data,-2.252,0.066,0,1.06,18,0,false,"ECMWF IFS 0.25 degree open data on AWS, 2t surface field"
2026-01-16,2026-01-23,7,rumor,ecmwf-ifs-025-00z-aws-open-data,-5.596,0.358,1,1.06,18,0,false,"ECMWF IFS 0.25 degree open data on AWS, 2t surface field"
2026-01-16,2026-01-24,8,rumor,ecmwf-ifs-025-00z-aws-open-data,-3.737,0.264,2,1.06,18,0,false,"ECMWF IFS 0.25 degree open data on AWS, 2t surface field"
2026-01-16,2026-01-25,9,rumor,ecmwf-ifs-025-00z-aws-open-data,2.281,0.151,2,1.06,18,0,false,"ECMWF IFS 0.25 degree open data on AWS, 2t surface field"
2026-01-16,2026-01-26,10,rumor,ecmwf-ifs-025-00z-aws-open-data,-5.353,0.387,6,1.06,18,0,false,"ECMWF IFS 0.25 degree open data on AWS, 2t surface field"
2026-01-17,2026-01-18,1,selloff,ecmwf-ifs-025-00z-aws-open-data,-0.615,0.038,0,1.06,18,0,false,"ECMWF IFS 0.25 degree open data on AWS, 2t surface field"
2026-01-17,2026-01-19,2,selloff,ecmwf-ifs-025-00z-aws-open-data,-2.053,0.17,0,1.06,18,0,false,"ECMWF IFS 0.25 degree open data on AWS, 2t surface field"
2026-01-17,2026-01-20,3,selloff,ecmwf-ifs-025-00z-aws-open-data,-6.983,0.519,1,1.06,18,0,false,"ECMWF IFS 0.25 degree open data on AWS, 2t surface field"
2026-01-17,2026-01-24,7,rumor,ecmwf-ifs-025-00z-aws-open-data,-2.485,0.255,2,1.06,18,0,false,"ECMWF IFS 0.25 degree open data on AWS, 2t surface field"
2026-01-17,2026-01-25,8,rumor,ecmwf-ifs-025-00z-aws-open-data,-6.99,0.604,7,1.06,18,0,false,"ECMWF IFS 0.25 degree open data on AWS, 2t surface field"
2026-01-17,2026-01-26,9,rumor,ecmwf-ifs-025-00z-aws-open-data,-5.077,0.585,3,1.06,18,0,false,"ECMWF IFS 0.25 degree open data on AWS, 2t surface field"
2026-01-17,2026-01-27,10,rumor,ecmwf-ifs-025-00z-aws-open-data,-1.267,0.264,1,1.06,18,0,false,"ECMWF IFS 0.25 degree open data on AWS, 2t surface field"
2026-01-18,2026-01-19,1,selloff,ecmwf-ifs-025-00z-aws-open-data,-2.151,0.047,0,1.06,18,0,false,"ECMWF IFS 0.25 degree open data on AWS, 2t surface field"
2026-01-18,2026-01-20,2,selloff,ecmwf-ifs-025-00z-aws-open-data,-8.464,0.575,2,1.06,18,0,true,"ECMWF IFS 0.25 degree open data on AWS, 2t surface field"
2026-01-18,2026-01-21,3,selloff,ecmwf-ifs-025-00z-aws-open-data,-7.167,0.453,3,1.06,18,0,false,"ECMWF IFS 0.25 degree open data on AWS, 2t surface field"
2026-01-18,2026-01-25,7,rumor,ecmwf-ifs-025-00z-aws-open-data,-15.112,0.708,11,1.06,18,0,true,"ECMWF IFS 0.25 degree open data on AWS, 2t surface field"
2026-01-18,2026-01-26,8,rumor,ecmwf-ifs-025-00z-aws-open-data,-5.795,0.538,5,1.06,18,0,false,"ECMWF IFS 0.25 degree open data on AWS, 2t surface field"
2026-01-18,2026-01-27,9,rumor,ecmwf-ifs-025-00z-aws-open-data,-4.86,0.547,2,1.06,18,0,false,"ECMWF IFS 0.25 degree open data on AWS, 2t surface field"
2026-01-18,2026-01-28,10,rumor,ecmwf-ifs-025-00z-aws-open-data,-16.503,0.802,10,1.06,18,0,true,"ECMWF IFS 0.25 degree open data on AWS, 2t surface field"
2026-01-19,2026-01-20,1,selloff,ecmwf-ifs-025-00z-aws-open-data,-8.124,0.538,3,1.06,18,0,false,"ECMWF IFS 0.25 degree open data on AWS, 2t surface field"
2026-01-19,2026-01-21,2,selloff,ecmwf-ifs-025-00z-aws-open-data,-6.29,0.415,2,1.06,18,0,false,"ECMWF IFS 0.25 degree open data on AWS, 2t surface field"
2026-01-19,2026-01-22,3,selloff,ecmwf-ifs-025-00z-aws-open-data,3.365,0.085,0,1.06,18,0,false,"ECMWF IFS 0.25 degree open data on AWS, 2t surface field"
2026-01-19,2026-01-26,7,rumor,ecmwf-ifs-025-00z-aws-open-data,-20.758,0.934,15,1.06,18,0,true,"ECMWF IFS 0.25 degree open data on AWS, 2t surface field"
2026-01-19,2026-01-27,8,rumor,ecmwf-ifs-025-00z-aws-open-data,-14.767,0.802,8,1.06,18,0,true,"ECMWF IFS 0.25 degree open data on AWS, 2t surface field"
2026-01-19,2026-01-28,9,rumor,ecmwf-ifs-025-00z-aws-open-data,-20.754,0.953,15,1.06,18,0,true,"ECMWF IFS 0.25 degree open data on AWS, 2t surface field"
2026-01-19,2026-01-29,10,rumor,ecmwf-ifs-025-00z-aws-open-data,-17.579,0.896,13,1.06,18,0,true,"ECMWF IFS 0.25 degree open data on AWS, 2t surface field"
2026-01-20,2026-01-21,1,selloff,ecmwf-ifs-025-00z-aws-open-data,-5.364,0.264,1,1.06,18,0,false,"ECMWF IFS 0.25 degree open data on AWS, 2t surface field"
2026-01-20,2026-01-22,2,selloff,ecmwf-ifs-025-00z-aws-open-data,4.482,0.085,0,1.06,18,0,false,"ECMWF IFS 0.25 degree open data on AWS, 2t surface field"
2026-01-20,2026-01-23,3,selloff,ecmwf-ifs-025-00z-aws-open-data,0.585,0.151,1,1.06,18,0,false,"ECMWF IFS 0.25 degree open data on AWS, 2t surface field"
2026-01-20,2026-01-27,7,rumor,ecmwf-ifs-025-00z-aws-open-data,-13.823,0.858,9,1.06,18,0,true,"ECMWF IFS 0.25 degree open data on AWS, 2t surface field"
2026-01-20,2026-01-28,8,rumor,ecmwf-ifs-025-00z-aws-open-data,-13.566,0.84,10,1.06,18,0,true,"ECMWF IFS 0.25 degree open data on AWS, 2t surface field"
2026-01-20,2026-01-29,9,rumor,ecmwf-ifs-025-00z-aws-open-data,-3.375,0.17,0,1.06,18,0,false,"ECMWF IFS 0.25 degree open data on AWS, 2t surface field"
2026-01-20,2026-01-30,10,rumor,ecmwf-ifs-025-00z-aws-open-data,-18.469,0.849,14,1.06,18,0,true,"ECMWF IFS 0.25 degree open data on AWS, 2t surface field"
2026-01-21,2026-01-22,1,selloff,ecmwf-ifs-025-00z-aws-open-data,5.994,0,0,1.06,18,0,false,"ECMWF IFS 0.25 degree open data on AWS, 2t surface field"
2026-01-21,2026-01-23,2,selloff,ecmwf-ifs-025-00z-aws-open-data,0.815,0.255,1,1.06,18,0,false,"ECMWF IFS 0.25 degree open data on AWS, 2t surface field"
2026-01-21,2026-01-24,3,selloff,ecmwf-ifs-025-00z-aws-open-data,-13.274,0.604,7,1.06,18,0,true,"ECMWF IFS 0.25 degree open data on AWS, 2t surface field"
2026-01-21,2026-01-28,7,rumor,ecmwf-ifs-025-00z-aws-open-data,-14.158,0.689,8,1.06,18,0,true,"ECMWF IFS 0.25 degree open data on AWS, 2t surface field"
2026-01-21,2026-01-29,8,rumor,ecmwf-ifs-025-00z-aws-open-data,-13.775,0.585,9,1.06,18,0,true,"ECMWF IFS 0.25 degree open data on AWS, 2t surface field"
2026-01-21,2026-01-30,9,rumor,ecmwf-ifs-025-00z-aws-open-data,-18.971,0.934,12,1.06,18,0,true,"ECMWF IFS 0.25 degree open data on AWS, 2t surface field"
2026-01-21,2026-01-31,10,rumor,ecmwf-ifs-025-00z-aws-open-data,-15.819,0.755,13,1.06,18,0,true,"ECMWF IFS 0.25 degree open data on AWS, 2t surface field"
2026-01-22,2026-01-23,1,selloff,ecmwf-ifs-025-00z-aws-open-data,0.039,0.208,1,1.06,18,0,false,"ECMWF IFS 0.25 degree open data on AWS, 2t surface field"
2026-01-22,2026-01-24,2,selloff,ecmwf-ifs-025-00z-aws-open-data,-13.748,0.67,7,1.06,18,0,true,"ECMWF IFS 0.25 degree open data on AWS, 2t surface field"
2026-01-22,2026-01-25,3,selloff,ecmwf-ifs-025-00z-aws-open-data,-13.739,0.84,10,1.06,18,0,true,"ECMWF IFS 0.25 degree open data on AWS, 2t surface field"
2026-01-22,2026-01-29,7,rumor,ecmwf-ifs-025-00z-aws-open-data,-14.46,0.755,8,1.06,18,0,true,"ECMWF IFS 0.25 degree open data on AWS, 2t surface field"
2026-01-22,2026-01-30,8,rumor,ecmwf-ifs-025-00z-aws-open-data,-16.454,0.802,10,1.06,18,0,true,"ECMWF IFS 0.25 degree open data on AWS, 2t surface field"
2026-01-22,2026-01-31,9,rumor,ecmwf-ifs-025-00z-aws-open-data,-17.252,0.858,12,1.06,18,0,true,"ECMWF IFS 0.25 degree open data on AWS, 2t surface field"
2026-01-22,2026-02-01,10,rumor,ecmwf-ifs-025-00z-aws-open-data,-20.885,1,16,1.06,18,0,true,"ECMWF IFS 0.25 degree open data on AWS, 2t surface field"
2026-01-23,2026-01-24,1,selloff,ecmwf-ifs-025-00z-aws-open-data,-12.67,0.585,7,1.06,18,0,true,"ECMWF IFS 0.25 degree open data on AWS, 2t surface field"
2026-01-23,2026-01-25,2,selloff,ecmwf-ifs-025-00z-aws-open-data,-15.227,0.887,10,1.06,18,0,true,"ECMWF IFS 0.25 degree open data on AWS, 2t surface field"
2026-01-23,2026-01-26,3,selloff,ecmwf-ifs-025-00z-aws-open-data,-12.123,0.623,9,1.06,18,0,true,"ECMWF IFS 0.25 degree open data on AWS, 2t surface field"
2026-01-23,2026-01-30,7,rumor,ecmwf-ifs-025-00z-aws-open-data,-18.798,0.906,16,1.06,18,0,true,"ECMWF IFS 0.25 degree open data on AWS, 2t surface field"
2026-01-23,2026-01-31,8,rumor,ecmwf-ifs-025-00z-aws-open-data,-20.465,1,17,1.06,18,0,true,"ECMWF IFS 0.25 degree open data on AWS, 2t surface field"
2026-01-23,2026-02-01,9,rumor,ecmwf-ifs-025-00z-aws-open-data,-10.44,0.528,4,1.06,18,0,false,"ECMWF IFS 0.25 degree open data on AWS, 2t surface field"
2026-01-23,2026-02-02,10,rumor,ecmwf-ifs-025-00z-aws-open-data,-4.678,0.16,0,1.06,18,0,false,"ECMWF IFS 0.25 degree open data on AWS, 2t surface field"
2026-01-24,2026-01-25,1,selloff,ecmwf-ifs-025-00z-aws-open-data,-14.758,0.887,10,1.06,18,0,true,"ECMWF IFS 0.25 degree open data on AWS, 2t surface field"
2026-01-24,2026-01-26,2,selloff,ecmwf-ifs-025-00z-aws-open-data,-11.371,0.566,9,1.06,18,0,true,"ECMWF IFS 0.25 degree open data on AWS, 2t surface field"
2026-01-24,2026-01-27,3,selloff,ecmwf-ifs-025-00z-aws-open-data,-19.08,0.877,13,1.06,18,0,true,"ECMWF IFS 0.25 degree open data on AWS, 2t surface field"
2026-01-24,2026-01-31,7,rumor,ecmwf-ifs-025-00z-aws-open-data,-17.009,0.943,13,1.06,18,0,true,"ECMWF IFS 0.25 degree open data on AWS, 2t surface field"
2026-01-24,2026-02-01,8,rumor,ecmwf-ifs-025-00z-aws-open-data,-16.234,0.877,13,1.06,18,0,true,"ECMWF IFS 0.25 degree open data on AWS, 2t surface field"
2026-01-24,2026-02-02,9,rumor,ecmwf-ifs-025-00z-aws-open-data,-11.855,0.745,6,1.06,18,0,true,"ECMWF IFS 0.25 degree open data on AWS, 2t surface field"
2026-01-24,2026-02-03,10,rumor,ecmwf-ifs-025-00z-aws-open-data,-4.303,0.462,2,1.06,18,0,false,"ECMWF IFS 0.25 degree open data on AWS, 2t surface field"
2026-01-25,2026-01-26,1,selloff,ecmwf-ifs-025-00z-aws-open-data,-10.4,0.462,9,1.06,18,0,false,"ECMWF IFS 0.25 degree open data on AWS, 2t surface field"
2026-01-25,2026-01-27,2,selloff,ecmwf-ifs-025-00z-aws-open-data,-17.355,0.877,12,1.06,18,0,true,"ECMWF IFS 0.25 degree open data on AWS, 2t surface field"
2026-01-25,2026-01-28,3,selloff,ecmwf-ifs-025-00z-aws-open-data,-15.611,0.915,8,1.06,18,0,true,"ECMWF IFS 0.25 degree open data on AWS, 2t surface field"
2026-01-25,2026-02-01,7,rumor,ecmwf-ifs-025-00z-aws-open-data,-19.53,0.934,16,1.06,18,0,true,"ECMWF IFS 0.25 degree open data on AWS, 2t surface field"
2026-01-25,2026-02-02,8,rumor,ecmwf-ifs-025-00z-aws-open-data,-14.904,0.934,12,1.06,18,0,true,"ECMWF IFS 0.25 degree open data on AWS, 2t surface field"
2026-01-25,2026-02-03,9,rumor,ecmwf-ifs-025-00z-aws-open-data,-6.934,0.613,2,1.06,18,0,false,"ECMWF IFS 0.25 degree open data on AWS, 2t surface field"
2026-01-25,2026-02-04,10,rumor,ecmwf-ifs-025-00z-aws-open-data,-1.838,0.16,1,1.06,18,0,false,"ECMWF IFS 0.25 degree open data on AWS, 2t surface field"
2026-01-26,2026-01-27,1,selloff,ecmwf-ifs-025-00z-aws-open-data,-17.078,0.877,11,1.06,18,0,true,"ECMWF IFS 0.25 degree open data on AWS, 2t surface field"
2026-01-26,2026-01-28,2,selloff,ecmwf-ifs-025-00z-aws-open-data,-15.611,0.868,9,1.06,18,0,true,"ECMWF IFS 0.25 degree open data on AWS, 2t surface field"
2026-01-26,2026-01-29,3,selloff,ecmwf-ifs-025-00z-aws-open-data,-15.727,0.868,10,1.06,18,0,true,"ECMWF IFS 0.25 degree open data on AWS, 2t surface field"
2026-01-26,2026-02-02,7,rumor,ecmwf-ifs-025-00z-aws-open-data,-10.484,0.689,7,1.06,18,0,true,"ECMWF IFS 0.25 degree open data on AWS, 2t surface field"
2026-01-26,2026-02-03,8,rumor,ecmwf-ifs-025-00z-aws-open-data,-6.695,0.462,3,1.06,18,0,false,"ECMWF IFS 0.25 degree open data on AWS, 2t surface field"
2026-01-26,2026-02-04,9,rumor,ecmwf-ifs-025-00z-aws-open-data,-3.912,0.311,0,1.06,18,0,false,"ECMWF IFS 0.25 degree open data on AWS, 2t surface field"
2026-01-26,2026-02-05,10,rumor,ecmwf-ifs-025-00z-aws-open-data,-4.85,0.264,3,1.06,18,0,false,"ECMWF IFS 0.25 degree open data on AWS, 2t surface field"
2026-01-27,2026-01-28,1,selloff,ecmwf-ifs-025-00z-aws-open-data,-14.36,0.953,6,1.06,18,0,true,"ECMWF IFS 0.25 degree open data on AWS, 2t surface field"
2026-01-27,2026-01-29,2,selloff,ecmwf-ifs-025-00z-aws-open-data,-15.012,0.84,8,1.06,18,0,true,"ECMWF IFS 0.25 degree open data on AWS, 2t surface field"
2026-01-27,2026-01-30,3,selloff,ecmwf-ifs-025-00z-aws-open-data,-14.278,0.84,7,1.06,18,0,true,"ECMWF IFS 0.25 degree open data on AWS, 2t surface field"
2026-01-27,2026-02-03,7,rumor,ecmwf-ifs-025-00z-aws-open-data,-5.249,0.311,2,1.06,18,0,false,"ECMWF IFS 0.25 degree open data on AWS, 2t surface field"
2026-01-27,2026-02-04,8,rumor,ecmwf-ifs-025-00z-aws-open-data,-6.084,0.557,1,1.06,18,0,false,"ECMWF IFS 0.25 degree open data on AWS, 2t surface field"
2026-01-27,2026-02-05,9,rumor,ecmwf-ifs-025-00z-aws-open-data,-7.839,0.519,5,1.06,18,0,false,"ECMWF IFS 0.25 degree open data on AWS, 2t surface field"
2026-01-27,2026-02-06,10,rumor,ecmwf-ifs-025-00z-aws-open-data,1.48,0.113,0,1.06,18,0,false,"ECMWF IFS 0.25 degree open data on AWS, 2t surface field"
2026-01-28,2026-01-29,1,selloff,ecmwf-ifs-025-00z-aws-open-data,-14.452,0.755,8,1.06,18,0,true,"ECMWF IFS 0.25 degree open data on AWS, 2t surface field"
2026-01-28,2026-01-30,2,selloff,ecmwf-ifs-025-00z-aws-open-data,-13.545,0.802,9,1.06,18,0,true,"ECMWF IFS 0.25 degree open data on AWS, 2t surface field"
2026-01-28,2026-01-31,3,selloff,ecmwf-ifs-025-00z-aws-open-data,-16.772,0.792,13,1.06,18,0,true,"ECMWF IFS 0.25 degree open data on AWS, 2t surface field"
2026-01-28,2026-02-04,7,rumor,ecmwf-ifs-025-00z-aws-open-data,-7.204,0.585,1,1.06,18,0,false,"ECMWF IFS 0.25 degree open data on AWS, 2t surface field"
2026-01-28,2026-02-05,8,rumor,ecmwf-ifs-025-00z-aws-open-data,-7.767,0.406,4,1.06,18,0,false,"ECMWF IFS 0.25 degree open data on AWS, 2t surface field"
2026-01-28,2026-02-06,9,rumor,ecmwf-ifs-025-00z-aws-open-data,-3.957,0.151,1,1.06,18,0,false,"ECMWF IFS 0.25 degree open data on AWS, 2t surface field"
2026-01-28,2026-02-07,10,rumor,ecmwf-ifs-025-00z-aws-open-data,0.947,0.245,0,1.06,18,0,false,"ECMWF IFS 0.25 degree open data on AWS, 2t surface field"
2026-01-29,2026-01-30,1,selloff,ecmwf-ifs-025-00z-aws-open-data,-12.412,0.755,6,1.06,18,0,true,"ECMWF IFS 0.25 degree open data on AWS, 2t surface field"
2026-01-29,2026-01-31,2,selloff,ecmwf-ifs-025-00z-aws-open-data,-16.426,0.792,12,1.06,18,0,true,"ECMWF IFS 0.25 degree open data on AWS, 2t surface field"
2026-01-29,2026-02-01,3,selloff,ecmwf-ifs-025-00z-aws-open-data,-17.975,0.934,14,1.06,18,0,true,"ECMWF IFS 0.25 degree open data on AWS, 2t surface field"
2026-01-29,2026-02-05,7,rumor,ecmwf-ifs-025-00z-aws-open-data,-4.481,0.368,1,1.06,18,0,false,"ECMWF IFS 0.25 degree open data on AWS, 2t surface field"
2026-01-29,2026-02-06,8,rumor,ecmwf-ifs-025-00z-aws-open-data,-6.025,0.434,2,1.06,18,0,false,"ECMWF IFS 0.25 degree open data on AWS, 2t surface field"
2026-01-29,2026-02-07,9,rumor,ecmwf-ifs-025-00z-aws-open-data,-1.17,0.311,1,1.06,18,0,false,"ECMWF IFS 0.25 degree open data on AWS, 2t surface field"
2026-01-29,2026-02-08,10,rumor,ecmwf-ifs-025-00z-aws-open-data,-4.585,0.321,3,1.06,18,0,false,"ECMWF IFS 0.25 degree open data on AWS, 2t surface field"
2026-01-30,2026-01-31,1,selloff,ecmwf-ifs-025-00z-aws-open-data,-14.919,0.792,9,1.06,18,0,true,"ECMWF IFS 0.25 degree open data on AWS, 2t surface field"
2026-01-30,2026-02-01,2,selloff,ecmwf-ifs-025-00z-aws-open-data,-17.531,0.934,14,1.06,18,0,true,"ECMWF IFS 0.25 degree open data on AWS, 2t surface field"
2026-01-30,2026-02-02,3,selloff,ecmwf-ifs-025-00z-aws-open-data,-10.014,0.613,7,1.06,18,0,true,"ECMWF IFS 0.25 degree open data on AWS, 2t surface field"
2026-01-30,2026-02-06,7,rumor,ecmwf-ifs-025-00z-aws-open-data,-6.49,0.528,3,1.06,18,0,false,"ECMWF IFS 0.25 degree open data on AWS, 2t surface field"
2026-01-30,2026-02-07,8,rumor,ecmwf-ifs-025-00z-aws-open-data,-2.314,0.368,3,1.06,18,0,false,"ECMWF IFS 0.25 degree open data on AWS, 2t surface field"
2026-01-30,2026-02-08,9,rumor,ecmwf-ifs-025-00z-aws-open-data,-14.031,0.745,11,1.06,18,0,true,"ECMWF IFS 0.25 degree open data on AWS, 2t surface field"
2026-01-30,2026-02-09,10,rumor,ecmwf-ifs-025-00z-aws-open-data,-6.648,0.538,5,1.06,18,0,false,"ECMWF IFS 0.25 degree open data on AWS, 2t surface field"
2026-01-31,2026-02-01,1,selloff,ecmwf-ifs-025-00z-aws-open-data,-16.52,0.849,14,1.06,18,0,true,"ECMWF IFS 0.25 degree open data on AWS, 2t surface field"
2026-01-31,2026-02-02,2,selloff,ecmwf-ifs-025-00z-aws-open-data,-9.275,0.566,6,1.06,18,0,true,"ECMWF IFS 0.25 degree open data on AWS, 2t surface field"
2026-01-31,2026-02-03,3,selloff,ecmwf-ifs-025-00z-aws-open-data,-5.265,0.311,2,1.06,18,0,false,"ECMWF IFS 0.25 degree open data on AWS, 2t surface field"
2026-01-31,2026-02-07,7,rumor,ecmwf-ifs-025-00z-aws-open-data,-0.724,0.217,2,1.06,18,0,false,"ECMWF IFS 0.25 degree open data on AWS, 2t surface field"
2026-01-31,2026-02-08,8,rumor,ecmwf-ifs-025-00z-aws-open-data,-9.173,0.557,6,1.06,18,0,true,"ECMWF IFS 0.25 degree open data on AWS, 2t surface field"
2026-01-31,2026-02-09,9,rumor,ecmwf-ifs-025-00z-aws-open-data,-4.29,0.472,5,1.06,18,0,false,"ECMWF IFS 0.25 degree open data on AWS, 2t surface field"
2026-01-31,2026-02-10,10,rumor,ecmwf-ifs-025-00z-aws-open-data,6.409,0.283,2,1.06,18,0,false,"ECMWF IFS 0.25 degree open data on AWS, 2t surface field"
2026-02-01,2026-02-02,1,selloff,ecmwf-ifs-025-00z-aws-open-data,-10.056,0.566,7,1.06,18,0,true,"ECMWF IFS 0.25 degree open data on AWS, 2t surface field"
2026-02-01,2026-02-03,2,selloff,ecmwf-ifs-025-00z-aws-open-data,-5.863,0.311,3,1.06,18,0,false,"ECMWF IFS 0.25 degree open data on AWS, 2t surface field"
2026-02-01,2026-02-04,3,selloff,ecmwf-ifs-025-00z-aws-open-data,-5.2,0.368,1,1.06,18,0,false,"ECMWF IFS 0.25 degree open data on AWS, 2t surface field"
2026-02-01,2026-02-08,7,rumor,ecmwf-ifs-025-00z-aws-open-data,-11.955,0.651,8,1.06,18,0,true,"ECMWF IFS 0.25 degree open data on AWS, 2t surface field"
2026-02-01,2026-02-09,8,rumor,ecmwf-ifs-025-00z-aws-open-data,-2.631,0.377,4,1.06,18,0,false,"ECMWF IFS 0.25 degree open data on AWS, 2t surface field"
2026-02-01,2026-02-10,9,rumor,ecmwf-ifs-025-00z-aws-open-data,3.31,0.217,3,1.06,18,0,false,"ECMWF IFS 0.25 degree open data on AWS, 2t surface field"
2026-02-01,2026-02-11,10,rumor,ecmwf-ifs-025-00z-aws-open-data,11.267,0,0,1.06,18,0,false,"ECMWF IFS 0.25 degree open data on AWS, 2t surface field"
2026-02-02,2026-02-03,1,selloff,ecmwf-ifs-025-00z-aws-open-data,-4.753,0.311,3,1.06,18,0,false,"ECMWF IFS 0.25 degree open data on AWS, 2t surface field"
2026-02-02,2026-02-04,2,selloff,ecmwf-ifs-025-00z-aws-open-data,-3.272,0.302,1,1.06,18,0,false,"ECMWF IFS 0.25 degree open data on AWS, 2t surface field"
2026-02-02,2026-02-05,3,selloff,ecmwf-ifs-025-00z-aws-open-data,-6.227,0.443,0,1.06,18,0,false,"ECMWF IFS 0.25 degree open data on AWS, 2t surface field"
2026-02-02,2026-02-09,7,rumor,ecmwf-ifs-025-00z-aws-open-data,-0.467,0.283,4,1.06,18,0,false,"ECMWF IFS 0.25 degree open data on AWS, 2t surface field"
2026-02-02,2026-02-10,8,rumor,ecmwf-ifs-025-00z-aws-open-data,6.771,0.217,1,1.06,18,0,false,"ECMWF IFS 0.25 degree open data on AWS, 2t surface field"
2026-02-02,2026-02-11,9,rumor,ecmwf-ifs-025-00z-aws-open-data,12.881,0,0,1.06,18,0,false,"ECMWF IFS 0.25 degree open data on AWS, 2t surface field"
2026-02-02,2026-02-12,10,rumor,ecmwf-ifs-025-00z-aws-open-data,12.315,0,0,1.06,18,0,false,"ECMWF IFS 0.25 degree open data on AWS, 2t surface field"
2026-02-03,2026-02-04,1,selloff,ecmwf-ifs-025-00z-aws-open-data,-2.414,0.16,0,1.06,18,0,false,"ECMWF IFS 0.25 degree open data on AWS, 2t surface field"
2026-02-03,2026-02-05,2,selloff,ecmwf-ifs-025-00z-aws-open-data,-6.359,0.5,1,1.06,18,0,false,"ECMWF IFS 0.25 degree open data on AWS, 2t surface field"
2026-02-03,2026-02-06,3,selloff,ecmwf-ifs-025-00z-aws-open-data,-4.88,0.358,4,1.06,18,0,false,"ECMWF IFS 0.25 degree open data on AWS, 2t surface field"
2026-02-03,2026-02-10,7,rumor,ecmwf-ifs-025-00z-aws-open-data,-1.905,0.462,0,1.06,18,0,false,"ECMWF IFS 0.25 degree open data on AWS, 2t surface field"
2026-02-03,2026-02-11,8,rumor,ecmwf-ifs-025-00z-aws-open-data,7.844,0,0,1.06,18,0,false,"ECMWF IFS 0.25 degree open data on AWS, 2t surface field"
2026-02-03,2026-02-12,9,rumor,ecmwf-ifs-025-00z-aws-open-data,16.945,0,0,1.06,18,0,false,"ECMWF IFS 0.25 degree open data on AWS, 2t surface field"
2026-02-03,2026-02-13,10,rumor,ecmwf-ifs-025-00z-aws-open-data,17.444,0,0,1.06,18,0,false,"ECMWF IFS 0.25 degree open data on AWS, 2t surface field"
2026-02-04,2026-02-05,1,selloff,ecmwf-ifs-025-00z-aws-open-data,-5.535,0.453,2,1.06,18,0,false,"ECMWF IFS 0.25 degree open data on AWS, 2t surface field"
2026-02-04,2026-02-06,2,selloff,ecmwf-ifs-025-00z-aws-open-data,-4.938,0.491,3,1.06,18,0,false,"ECMWF IFS 0.25 degree open data on AWS, 2t surface field"
2026-02-04,2026-02-07,3,selloff,ecmwf-ifs-025-00z-aws-open-data,0.666,0.226,1,1.06,18,0,false,"ECMWF IFS 0.25 degree open data on AWS, 2t surface field"
2026-02-04,2026-02-11,7,rumor,ecmwf-ifs-025-00z-aws-open-data,7.813,0.217,0,1.06,18,0,false,"ECMWF IFS 0.25 degree open data on AWS, 2t surface field"
2026-02-04,2026-02-12,8,rumor,ecmwf-ifs-025-00z-aws-open-data,8.58,0.104,1,1.06,18,0,false,"ECMWF IFS 0.25 degree open data on AWS, 2t surface field"
2026-02-04,2026-02-13,9,rumor,ecmwf-ifs-025-00z-aws-open-data,8.34,0.104,0,1.06,18,0,false,"ECMWF IFS 0.25 degree open data on AWS, 2t surface field"
2026-02-04,2026-02-14,10,rumor,ecmwf-ifs-025-00z-aws-open-data,9.209,0,0,1.06,18,0,false,"ECMWF IFS 0.25 degree open data on AWS, 2t surface field"
2026-02-05,2026-02-06,1,selloff,ecmwf-ifs-025-00z-aws-open-data,-4.594,0.274,3,1.06,18,0,false,"ECMWF IFS 0.25 degree open data on AWS, 2t surface field"
2026-02-05,2026-02-07,2,selloff,ecmwf-ifs-025-00z-aws-open-data,-0.152,0.17,1,1.06,18,0,false,"ECMWF IFS 0.25 degree open data on AWS, 2t surface field"
2026-02-05,2026-02-08,3,selloff,ecmwf-ifs-025-00z-aws-open-data,-11,0.66,7,1.06,18,0,true,"ECMWF IFS 0.25 degree open data on AWS, 2t surface field"
2026-02-05,2026-02-12,7,rumor,ecmwf-ifs-025-00z-aws-open-data,9.746,0,0,1.06,18,0,false,"ECMWF IFS 0.25 degree open data on AWS, 2t surface field"
2026-02-05,2026-02-13,8,rumor,ecmwf-ifs-025-00z-aws-open-data,11.133,0,0,1.06,18,0,false,"ECMWF IFS 0.25 degree open data on AWS, 2t surface field"
2026-02-05,2026-02-14,9,rumor,ecmwf-ifs-025-00z-aws-open-data,7.776,0,0,1.06,18,0,false,"ECMWF IFS 0.25 degree open data on AWS, 2t surface field"
2026-02-05,2026-02-15,10,rumor,ecmwf-ifs-025-00z-aws-open-data,5.937,0,0,1.06,18,0,false,"ECMWF IFS 0.25 degree open data on AWS, 2t surface field"
2026-02-06,2026-02-07,1,selloff,ecmwf-ifs-025-00z-aws-open-data,1.388,0.104,0,1.06,18,0,false,"ECMWF IFS 0.25 degree open data on AWS, 2t surface field"
2026-02-06,2026-02-08,2,selloff,ecmwf-ifs-025-00z-aws-open-data,-9.797,0.66,4,1.06,18,0,true,"ECMWF IFS 0.25 degree open data on AWS, 2t surface field"
2026-02-06,2026-02-09,3,selloff,ecmwf-ifs-025-00z-aws-open-data,-4.61,0.472,4,1.06,18,0,false,"ECMWF IFS 0.25 degree open data on AWS, 2t surface field"
2026-02-06,2026-02-13,7,rumor,ecmwf-ifs-025-00z-aws-open-data,7.44,0.104,0,1.06,18,0,false,"ECMWF IFS 0.25 degree open data on AWS, 2t surface field"
2026-02-06,2026-02-14,8,rumor,ecmwf-ifs-025-00z-aws-open-data,1.111,0.104,0,1.06,18,0,false,"ECMWF IFS 0.25 degree open data on AWS, 2t surface field"
2026-02-06,2026-02-15,9,rumor,ecmwf-ifs-025-00z-aws-open-data,1.135,0.208,0,1.06,18,0,false,"ECMWF IFS 0.25 degree open data on AWS, 2t surface field"
2026-02-06,2026-02-16,10,rumor,ecmwf-ifs-025-00z-aws-open-data,7.559,0,0,1.06,18,0,false,"ECMWF IFS 0.25 degree open data on AWS, 2t surface field"
2026-02-07,2026-02-08,1,selloff,ecmwf-ifs-025-00z-aws-open-data,-9.498,0.651,5,1.06,18,0,true,"ECMWF IFS 0.25 degree open data on AWS, 2t surface field"
2026-02-07,2026-02-09,2,selloff,ecmwf-ifs-025-00z-aws-open-data,-4.75,0.472,3,1.06,18,0,false,"ECMWF IFS 0.25 degree open data on AWS, 2t surface field"
2026-02-07,2026-02-10,3,selloff,ecmwf-ifs-025-00z-aws-open-data,1.298,0.387,2,1.06,18,0,false,"ECMWF IFS 0.25 degree open data on AWS, 2t surface field"
2026-02-07,2026-02-14,7,rumor,ecmwf-ifs-025-00z-aws-open-data,0.743,0,0,1.06,18,0,false,"ECMWF IFS 0.25 degree open data on AWS, 2t surface field"
2026-02-07,2026-02-15,8,rumor,ecmwf-ifs-025-00z-aws-open-data,-1.454,0.066,0,1.06,18,0,false,"ECMWF IFS 0.25 degree open data on AWS, 2t surface field"
2026-02-07,2026-02-16,9,rumor,ecmwf-ifs-025-00z-aws-open-data,1.03,0.104,0,1.06,18,0,false,"ECMWF IFS 0.25 degree open data on AWS, 2t surface field"
2026-02-07,2026-02-17,10,rumor,ecmwf-ifs-025-00z-aws-open-data,7.876,0,0,1.06,18,0,false,"ECMWF IFS 0.25 degree open data on AWS, 2t surface field"
2026-02-08,2026-02-09,1,selloff,ecmwf-ifs-025-00z-aws-open-data,-4.31,0.472,4,1.06,18,0,false,"ECMWF IFS 0.25 degree open data on AWS, 2t surface field"
2026-02-08,2026-02-10,2,selloff,ecmwf-ifs-025-00z-aws-open-data,3.276,0.226,0,1.06,18,0,false,"ECMWF IFS 0.25 degree open data on AWS, 2t surface field"
2026-02-08,2026-02-11,3,selloff,ecmwf-ifs-025-00z-aws-open-data,9.783,0,0,1.06,18,0,false,"ECMWF IFS 0.25 degree open data on AWS, 2t surface field"
2026-02-08,2026-02-15,7,rumor,ecmwf-ifs-025-00z-aws-open-data,1.008,0.151,0,1.06,18,0,false,"ECMWF IFS 0.25 degree open data on AWS, 2t surface field"
2026-02-08,2026-02-16,8,rumor,ecmwf-ifs-025-00z-aws-open-data,6.262,0.047,0,1.06,18,0,false,"ECMWF IFS 0.25 degree open data on AWS, 2t surface field"
2026-02-08,2026-02-17,9,rumor,ecmwf-ifs-025-00z-aws-open-data,9.37,0,0,1.06,18,0,false,"ECMWF IFS 0.25 degree open data on AWS, 2t surface field"
2026-02-08,2026-02-18,10,rumor,ecmwf-ifs-025-00z-aws-open-data,11.761,0,0,1.06,18,0,false,"ECMWF IFS 0.25 degree open data on AWS, 2t surface field"
2026-02-09,2026-02-10,1,selloff,ecmwf-ifs-025-00z-aws-open-data,3.277,0.226,1,1.06,18,0,false,"ECMWF IFS 0.25 degree open data on AWS, 2t surface field"
2026-02-09,2026-02-11,2,selloff,ecmwf-ifs-025-00z-aws-open-data,10.945,0,0,1.06,18,0,false,"ECMWF IFS 0.25 degree open data on AWS, 2t surface field"
2026-02-09,2026-02-12,3,selloff,ecmwf-ifs-025-00z-aws-open-data,6.402,0,0,1.06,18,0,false,"ECMWF IFS 0.25 degree open data on AWS, 2t surface field"
2026-02-09,2026-02-16,7,rumor,ecmwf-ifs-025-00z-aws-open-data,10.835,0,0,1.06,18,0,false,"ECMWF IFS 0.25 degree open data on AWS, 2t surface field"
2026-02-09,2026-02-17,8,rumor,ecmwf-ifs-025-00z-aws-open-data,11.892,0,0,1.06,18,0,false,"ECMWF IFS 0.25 degree open data on AWS, 2t surface field"
2026-02-09,2026-02-18,9,rumor,ecmwf-ifs-025-00z-aws-open-data,15.407,0,0,1.06,18,0,false,"ECMWF IFS 0.25 degree open data on AWS, 2t surface field"
2026-02-09,2026-02-19,10,rumor,ecmwf-ifs-025-00z-aws-open-data,17.494,0,0,1.06,18,0,false,"ECMWF IFS 0.25 degree open data on AWS, 2t surface field"
2026-02-10,2026-02-11,1,selloff,ecmwf-ifs-025-00z-aws-open-data,10.854,0,0,1.06,18,0,false,"ECMWF IFS 0.25 degree open data on AWS, 2t surface field"
2026-02-10,2026-02-12,2,selloff,ecmwf-ifs-025-00z-aws-open-data,6.933,0,0,1.06,18,0,false,"ECMWF IFS 0.25 degree open data on AWS, 2t surface field"
2026-02-10,2026-02-13,3,selloff,ecmwf-ifs-025-00z-aws-open-data,4.912,0.104,0,1.06,18,0,false,"ECMWF IFS 0.25 degree open data on AWS, 2t surface field"
2026-02-10,2026-02-17,7,rumor,ecmwf-ifs-025-00z-aws-open-data,9.892,0,0,1.06,18,0,false,"ECMWF IFS 0.25 degree open data on AWS, 2t surface field"
2026-02-10,2026-02-18,8,rumor,ecmwf-ifs-025-00z-aws-open-data,11.402,0,0,1.06,18,0,false,"ECMWF IFS 0.25 degree open data on AWS, 2t surface field"
2026-02-10,2026-02-19,9,rumor,ecmwf-ifs-025-00z-aws-open-data,9.506,0,0,1.06,18,0,false,"ECMWF IFS 0.25 degree open data on AWS, 2t surface field"
2026-02-10,2026-02-20,10,rumor,ecmwf-ifs-025-00z-aws-open-data,3.197,0.217,2,1.06,18,0,false,"ECMWF IFS 0.25 degree open data on AWS, 2t surface field"
2026-02-11,2026-02-12,1,selloff,ecmwf-ifs-025-00z-aws-open-data,7.076,0,0,1.06,18,0,false,"ECMWF IFS 0.25 degree open data on AWS, 2t surface field"
2026-02-11,2026-02-13,2,selloff,ecmwf-ifs-025-00z-aws-open-data,5.223,0,0,1.06,18,0,false,"ECMWF IFS 0.25 degree open data on AWS, 2t surface field"
2026-02-11,2026-02-14,3,selloff,ecmwf-ifs-025-00z-aws-open-data,6.422,0.104,0,1.06,18,0,false,"ECMWF IFS 0.25 degree open data on AWS, 2t surface field"
2026-02-11,2026-02-18,7,rumor,ecmwf-ifs-025-00z-aws-open-data,14.29,0,0,1.06,18,0,false,"ECMWF IFS 0.25 degree open data on AWS, 2t surface field"
2026-02-11,2026-02-19,8,rumor,ecmwf-ifs-025-00z-aws-open-data,17.293,0,0,1.06,18,0,false,"ECMWF IFS 0.25 degree open data on AWS, 2t surface field"
2026-02-11,2026-02-20,9,rumor,ecmwf-ifs-025-00z-aws-open-data,12.178,0,0,1.06,18,0,false,"ECMWF IFS 0.25 degree open data on AWS, 2t surface field"
2026-02-11,2026-02-21,10,rumor,ecmwf-ifs-025-00z-aws-open-data,4.659,0.16,0,1.06,18,0,false,"ECMWF IFS 0.25 degree open data on AWS, 2t surface field"
2026-02-12,2026-02-13,1,selloff,ecmwf-ifs-025-00z-aws-open-data,5.75,0,0,1.06,18,0,false,"ECMWF IFS 0.25 degree open data on AWS, 2t surface field"
2026-02-12,2026-02-14,2,selloff,ecmwf-ifs-025-00z-aws-open-data,5.854,0.104,0,1.06,18,0,false,"ECMWF IFS 0.25 degree open data on AWS, 2t surface field"
2026-02-12,2026-02-15,3,selloff,ecmwf-ifs-025-00z-aws-open-data,9.003,0,0,1.06,18,0,false,"ECMWF IFS 0.25 degree open data on AWS, 2t surface field"
2026-02-12,2026-02-19,7,rumor,ecmwf-ifs-025-00z-aws-open-data,17.567,0,0,1.06,18,0,false,"ECMWF IFS 0.25 degree open data on AWS, 2t surface field"
2026-02-12,2026-02-20,8,rumor,ecmwf-ifs-025-00z-aws-open-data,13.289,0,0,1.06,18,0,false,"ECMWF IFS 0.25 degree open data on AWS, 2t surface field"
2026-02-12,2026-02-21,9,rumor,ecmwf-ifs-025-00z-aws-open-data,3.87,0.16,0,1.06,18,0,false,"ECMWF IFS 0.25 degree open data on AWS, 2t surface field"
2026-02-12,2026-02-22,10,rumor,ecmwf-ifs-025-00z-aws-open-data,7.699,0,0,1.06,18,0,false,"ECMWF IFS 0.25 degree open data on AWS, 2t surface field"
2026-02-13,2026-02-14,1,selloff,ecmwf-ifs-025-00z-aws-open-data,6.245,0.17,0,1.06,18,0,false,"ECMWF IFS 0.25 degree open data on AWS, 2t surface field"
2026-02-13,2026-02-15,2,selloff,ecmwf-ifs-025-00z-aws-open-data,8.742,0,0,1.06,18,0,false,"ECMWF IFS 0.25 degree open data on AWS, 2t surface field"
2026-02-13,2026-02-16,3,selloff,ecmwf-ifs-025-00z-aws-open-data,9.09,0.057,0,1.06,18,0,false,"ECMWF IFS 0.25 degree open data on AWS, 2t surface field"
2026-02-13,2026-02-20,7,rumor,ecmwf-ifs-025-00z-aws-open-data,11.53,0,0,1.06,18,0,false,"ECMWF IFS 0.25 degree open data on AWS, 2t surface field"
2026-02-13,2026-02-21,8,rumor,ecmwf-ifs-025-00z-aws-open-data,10.077,0,0,1.06,18,0,false,"ECMWF IFS 0.25 degree open data on AWS, 2t surface field"
2026-02-13,2026-02-22,9,rumor,ecmwf-ifs-025-00z-aws-open-data,6.597,0,0,1.06,18,0,false,"ECMWF IFS 0.25 degree open data on AWS, 2t surface field"
2026-02-13,2026-02-23,10,rumor,ecmwf-ifs-025-00z-aws-open-data,6.066,0,0,1.06,18,0,false,"ECMWF IFS 0.25 degree open data on AWS, 2t surface field"
2026-02-14,2026-02-15,1,selloff,ecmwf-ifs-025-00z-aws-open-data,9.617,0,0,1.06,18,0,false,"ECMWF IFS 0.25 degree open data on AWS, 2t surface field"
2026-02-14,2026-02-16,2,selloff,ecmwf-ifs-025-00z-aws-open-data,9.31,0.057,0,1.06,18,0,false,"ECMWF IFS 0.25 degree open data on AWS, 2t surface field"
2026-02-14,2026-02-17,3,selloff,ecmwf-ifs-025-00z-aws-open-data,11.409,0,0,1.06,18,0,false,"ECMWF IFS 0.25 degree open data on AWS, 2t surface field"
2026-02-14,2026-02-21,7,rumor,ecmwf-ifs-025-00z-aws-open-data,7.598,0,0,1.06,18,0,false,"ECMWF IFS 0.25 degree open data on AWS, 2t surface field"
2026-02-14,2026-02-22,8,rumor,ecmwf-ifs-025-00z-aws-open-data,-0.421,0.085,0,1.06,18,0,false,"ECMWF IFS 0.25 degree open data on AWS, 2t surface field"
2026-02-14,2026-02-23,9,rumor,ecmwf-ifs-025-00z-aws-open-data,-3.492,0,0,1.06,18,0,false,"ECMWF IFS 0.25 degree open data on AWS, 2t surface field"
2026-02-14,2026-02-24,10,rumor,ecmwf-ifs-025-00z-aws-open-data,-5.489,0.264,0,1.06,18,0,false,"ECMWF IFS 0.25 degree open data on AWS, 2t surface field"
2026-02-15,2026-02-16,1,selloff,ecmwf-ifs-025-00z-aws-open-data,9.122,0.057,0,1.06,18,0,false,"ECMWF IFS 0.25 degree open data on AWS, 2t surface field"
2026-02-15,2026-02-17,2,selloff,ecmwf-ifs-025-00z-aws-open-data,11.45,0,0,1.06,18,0,false,"ECMWF IFS 0.25 degree open data on AWS, 2t surface field"
2026-02-15,2026-02-18,3,selloff,ecmwf-ifs-025-00z-aws-open-data,14.519,0,0,1.06,18,0,false,"ECMWF IFS 0.25 degree open data on AWS, 2t surface field"
2026-02-15,2026-02-22,7,rumor,ecmwf-ifs-025-00z-aws-open-data,6.907,0,0,1.06,18,0,false,"ECMWF IFS 0.25 degree open data on AWS, 2t surface field"
2026-02-15,2026-02-23,8,rumor,ecmwf-ifs-025-00z-aws-open-data,0.409,0,0,1.06,18,0,false,"ECMWF IFS 0.25 degree open data on AWS, 2t surface field"
2026-02-15,2026-02-24,9,rumor,ecmwf-ifs-025-00z-aws-open-data,-1.343,0,0,1.06,18,0,false,"ECMWF IFS 0.25 degree open data on AWS, 2t surface field"
2026-02-15,2026-02-25,10,rumor,ecmwf-ifs-025-00z-aws-open-data,-1.031,0.198,0,1.06,18,0,false,"ECMWF IFS 0.25 degree open data on AWS, 2t surface field"
2026-02-16,2026-02-17,1,selloff,ecmwf-ifs-025-00z-aws-open-data,11.332,0,0,1.06,18,0,false,"ECMWF IFS 0.25 degree open data on AWS, 2t surface field"
2026-02-16,2026-02-18,2,selloff,ecmwf-ifs-025-00z-aws-open-data,14.478,0,0,1.06,18,0,false,"ECMWF IFS 0.25 degree open data on AWS, 2t surface field"
2026-02-16,2026-02-19,3,selloff,ecmwf-ifs-025-00z-aws-open-data,16.82,0,0,1.06,18,0,false,"ECMWF IFS 0.25 degree open data on AWS, 2t surface field"
2026-02-16,2026-02-23,7,rumor,ecmwf-ifs-025-00z-aws-open-data,2.625,0.104,0,1.06,18,0,false,"ECMWF IFS 0.25 degree open data on AWS, 2t surface field"
2026-02-16,2026-02-24,8,rumor,ecmwf-ifs-025-00z-aws-open-data,0.656,0.057,0,1.06,18,0,false,"ECMWF IFS 0.25 degree open data on AWS, 2t surface field"
2026-02-16,2026-02-25,9,rumor,ecmwf-ifs-025-00z-aws-open-data,3.575,0,0,1.06,18,0,false,"ECMWF IFS 0.25 degree open data on AWS, 2t surface field"
2026-02-16,2026-02-26,10,rumor,ecmwf-ifs-025-00z-aws-open-data,13.071,0,0,1.06,18,0,false,"ECMWF IFS 0.25 degree open data on AWS, 2t surface field"
2026-02-17,2026-02-18,1,selloff,ecmwf-ifs-025-00z-aws-open-data,14.054,0,0,1.06,18,0,false,"ECMWF IFS 0.25 degree open data on AWS, 2t surface field"
2026-02-17,2026-02-19,2,selloff,ecmwf-ifs-025-00z-aws-open-data,15.568,0,0,1.06,18,0,false,"ECMWF IFS 0.25 degree open data on AWS, 2t surface field"
2026-02-17,2026-02-20,3,selloff,ecmwf-ifs-025-00z-aws-open-data,11.991,0,0,1.06,18,0,false,"ECMWF IFS 0.25 degree open data on AWS, 2t surface field"
2026-02-17,2026-02-24,7,rumor,ecmwf-ifs-025-00z-aws-open-data,-5.494,0.236,0,1.06,18,0,false,"ECMWF IFS 0.25 degree open data on AWS, 2t surface field"
2026-02-17,2026-02-25,8,rumor,ecmwf-ifs-025-00z-aws-open-data,-2.302,0.264,1,1.06,18,0,false,"ECMWF IFS 0.25 degree open data on AWS, 2t surface field"
2026-02-17,2026-02-26,9,rumor,ecmwf-ifs-025-00z-aws-open-data,8.692,0.057,0,1.06,18,0,false,"ECMWF IFS 0.25 degree open data on AWS, 2t surface field"
2026-02-17,2026-02-27,10,rumor,ecmwf-ifs-025-00z-aws-open-data,7.767,0.066,0,1.06,18,0,false,"ECMWF IFS 0.25 degree open data on AWS, 2t surface field"
2026-02-18,2026-02-19,1,selloff,ecmwf-ifs-025-00z-aws-open-data,15.393,0,0,1.06,18,0,false,"ECMWF IFS 0.25 degree open data on AWS, 2t surface field"
2026-02-18,2026-02-20,2,selloff,ecmwf-ifs-025-00z-aws-open-data,12.208,0,0,1.06,18,0,false,"ECMWF IFS 0.25 degree open data on AWS, 2t surface field"
2026-02-18,2026-02-21,3,selloff,ecmwf-ifs-025-00z-aws-open-data,6.543,0,0,1.06,18,0,false,"ECMWF IFS 0.25 degree open data on AWS, 2t surface field"
2026-02-18,2026-02-25,7,rumor,ecmwf-ifs-025-00z-aws-open-data,0.222,0.066,0,1.06,18,0,false,"ECMWF IFS 0.25 degree open data on AWS, 2t surface field"
2026-02-18,2026-02-26,8,rumor,ecmwf-ifs-025-00z-aws-open-data,6.747,0,0,1.06,18,0,false,"ECMWF IFS 0.25 degree open data on AWS, 2t surface field"
2026-02-18,2026-02-27,9,rumor,ecmwf-ifs-025-00z-aws-open-data,11.501,0,0,1.06,18,0,false,"ECMWF IFS 0.25 degree open data on AWS, 2t surface field"
2026-02-18,2026-02-28,10,rumor,ecmwf-ifs-025-00z-aws-open-data,14.325,0,0,1.06,18,0,false,"ECMWF IFS 0.25 degree open data on AWS, 2t surface field"
2026-02-19,2026-02-20,1,selloff,ecmwf-ifs-025-00z-aws-open-data,11.772,0,0,1.06,18,0,false,"ECMWF IFS 0.25 degree open data on AWS, 2t surface field"
2026-02-19,2026-02-21,2,selloff,ecmwf-ifs-025-00z-aws-open-data,6.374,0,0,1.06,18,0,false,"ECMWF IFS 0.25 degree open data on AWS, 2t surface field"
2026-02-19,2026-02-22,3,selloff,ecmwf-ifs-025-00z-aws-open-data,3.045,0,0,1.06,18,0,false,"ECMWF IFS 0.25 degree open data on AWS, 2t surface field"
2026-02-19,2026-02-26,7,rumor,ecmwf-ifs-025-00z-aws-open-data,10.289,0,0,1.06,18,0,false,"ECMWF IFS 0.25 degree open data on AWS, 2t surface field"
2026-02-19,2026-02-27,8,rumor,ecmwf-ifs-025-00z-aws-open-data,10.461,0,0,1.06,18,0,false,"ECMWF IFS 0.25 degree open data on AWS, 2t surface field"
2026-02-19,2026-02-28,9,rumor,ecmwf-ifs-025-00z-aws-open-data,11.387,0,0,1.06,18,0,false,"ECMWF IFS 0.25 degree open data on AWS, 2t surface field"
2026-02-19,2026-03-01,10,rumor,ecmwf-ifs-025-00z-aws-open-data,14,0,0,1.06,18,0,false,"ECMWF IFS 0.25 degree open data on AWS, 2t surface field"
2026-02-20,2026-02-21,1,selloff,ecmwf-ifs-025-00z-aws-open-data,6.214,0,0,1.06,18,0,false,"ECMWF IFS 0.25 degree open data on AWS, 2t surface field"
2026-02-20,2026-02-22,2,selloff,ecmwf-ifs-025-00z-aws-open-data,3.049,0,0,1.06,18,0,false,"ECMWF IFS 0.25 degree open data on AWS, 2t surface field"
2026-02-20,2026-02-23,3,selloff,ecmwf-ifs-025-00z-aws-open-data,-4.275,0.311,0,1.06,18,0,false,"ECMWF IFS 0.25 degree open data on AWS, 2t surface field"
2026-02-20,2026-02-27,7,rumor,ecmwf-ifs-025-00z-aws-open-data,6.732,0,0,1.06,18,0,false,"ECMWF IFS 0.25 degree open data on AWS, 2t surface field"
2026-02-20,2026-02-28,8,rumor,ecmwf-ifs-025-00z-aws-open-data,6.796,0,0,1.06,18,0,false,"ECMWF IFS 0.25 degree open data on AWS, 2t surface field"
2026-02-20,2026-03-01,9,rumor,ecmwf-ifs-025-00z-aws-open-data,9.289,0,0,1.06,18,0,false,"ECMWF IFS 0.25 degree open data on AWS, 2t surface field"
2026-02-20,2026-03-02,10,rumor,ecmwf-ifs-025-00z-aws-open-data,2.999,0,0,1.06,18,0,false,"ECMWF IFS 0.25 degree open data on AWS, 2t surface field"
2026-02-21,2026-02-22,1,selloff,ecmwf-ifs-025-00z-aws-open-data,1.858,0.057,0,1.06,18,0,false,"ECMWF IFS 0.25 degree open data on AWS, 2t surface field"
2026-02-21,2026-02-23,2,selloff,ecmwf-ifs-025-00z-aws-open-data,-4.827,0.349,0,1.06,18,0,false,"ECMWF IFS 0.25 degree open data on AWS, 2t surface field"
2026-02-21,2026-02-24,3,selloff,ecmwf-ifs-025-00z-aws-open-data,-6.978,0.349,3,1.06,18,0,false,"ECMWF IFS 0.25 degree open data on AWS, 2t surface field"
2026-02-21,2026-02-28,7,rumor,ecmwf-ifs-025-00z-aws-open-data,10.511,0,0,1.06,18,0,false,"ECMWF IFS 0.25 degree open data on AWS, 2t surface field"
2026-02-21,2026-03-01,8,rumor,ecmwf-ifs-025-00z-aws-open-data,5.493,0.198,1,1.06,18,0,false,"ECMWF IFS 0.25 degree open data on AWS, 2t surface field"
2026-02-21,2026-03-02,9,rumor,ecmwf-ifs-025-00z-aws-open-data,-1.66,0.255,1,1.06,18,0,false,"ECMWF IFS 0.25 degree open data on AWS, 2t surface field"
2026-02-21,2026-03-03,10,rumor,ecmwf-ifs-025-00z-aws-open-data,-7.637,0.528,3,1.06,18,0,false,"ECMWF IFS 0.25 degree open data on AWS, 2t surface field"
2026-02-22,2026-02-23,1,selloff,ecmwf-ifs-025-00z-aws-open-data,-5.51,0.349,0,1.06,18,0,false,"ECMWF IFS 0.25 degree open data on AWS, 2t surface field"
2026-02-22,2026-02-24,2,selloff,ecmwf-ifs-025-00z-aws-open-data,-7.493,0.406,2,1.06,18,0,false,"ECMWF IFS 0.25 degree open data on AWS, 2t surface field"
2026-02-22,2026-02-25,3,selloff,ecmwf-ifs-025-00z-aws-open-data,-1.831,0.283,3,1.06,18,0,false,"ECMWF IFS 0.25 degree open data on AWS, 2t surface field"
2026-02-22,2026-03-01,7,rumor,ecmwf-ifs-025-00z-aws-open-data,6.821,0.066,1,1.06,18,0,false,"ECMWF IFS 0.25 degree open data on AWS, 2t surface field"
2026-02-22,2026-03-02,8,rumor,ecmwf-ifs-025-00z-aws-open-data,1.153,0.255,2,1.06,18,0,false,"ECMWF IFS 0.25 degree open data on AWS, 2t surface field"
2026-02-22,2026-03-03,9,rumor,ecmwf-ifs-025-00z-aws-open-data,-5.937,0.434,2,1.06,18,0,false,"ECMWF IFS 0.25 degree open data on AWS, 2t surface field"
2026-02-22,2026-03-04,10,rumor,ecmwf-ifs-025-00z-aws-open-data,-2.538,0.283,2,1.06,18,0,false,"ECMWF IFS 0.25 degree open data on AWS, 2t surface field"
2026-02-23,2026-02-24,1,selloff,ecmwf-ifs-025-00z-aws-open-data,-7.165,0.311,3,1.06,18,0,false,"ECMWF IFS 0.25 degree open data on AWS, 2t surface field"
2026-02-23,2026-02-25,2,selloff,ecmwf-ifs-025-00z-aws-open-data,-1.035,0.283,2,1.06,18,0,false,"ECMWF IFS 0.25 degree open data on AWS, 2t surface field"
2026-02-23,2026-02-26,3,selloff,ecmwf-ifs-025-00z-aws-open-data,7.288,0.066,0,1.06,18,0,false,"ECMWF IFS 0.25 degree open data on AWS, 2t surface field"
2026-02-23,2026-03-02,7,rumor,ecmwf-ifs-025-00z-aws-open-data,5.41,0.104,0,1.06,18,0,false,"ECMWF IFS 0.25 degree open data on AWS, 2t surface field"
2026-02-23,2026-03-03,8,rumor,ecmwf-ifs-025-00z-aws-open-data,6.937,0,0,1.06,18,0,false,"ECMWF IFS 0.25 degree open data on AWS, 2t surface field"
2026-02-23,2026-03-04,9,rumor,ecmwf-ifs-025-00z-aws-open-data,1.868,0.16,0,1.06,18,0,false,"ECMWF IFS 0.25 degree open data on AWS, 2t surface field"
2026-02-23,2026-03-05,10,rumor,ecmwf-ifs-025-00z-aws-open-data,5.748,0.066,1,1.06,18,0,false,"ECMWF IFS 0.25 degree open data on AWS, 2t surface field"
2026-02-24,2026-02-25,1,selloff,ecmwf-ifs-025-00z-aws-open-data,-0.856,0.283,2,1.06,18,0,false,"ECMWF IFS 0.25 degree open data on AWS, 2t surface field"
2026-02-24,2026-02-26,2,selloff,ecmwf-ifs-025-00z-aws-open-data,7.318,0,0,1.06,18,0,false,"ECMWF IFS 0.25 degree open data on AWS, 2t surface field"
2026-02-24,2026-02-27,3,selloff,ecmwf-ifs-025-00z-aws-open-data,6.928,0,0,1.06,18,0,false,"ECMWF IFS 0.25 degree open data on AWS, 2t surface field"
2026-02-24,2026-03-03,7,rumor,ecmwf-ifs-025-00z-aws-open-data,2.479,0.283,2,1.06,18,0,false,"ECMWF IFS 0.25 degree open data on AWS, 2t surface field"
2026-02-24,2026-03-04,8,rumor,ecmwf-ifs-025-00z-aws-open-data,8.328,0,0,1.06,18,0,false,"ECMWF IFS 0.25 degree open data on AWS, 2t surface field"
2026-02-24,2026-03-05,9,rumor,ecmwf-ifs-025-00z-aws-open-data,8.416,0.066,0,1.06,18,0,false,"ECMWF IFS 0.25 degree open data on AWS, 2t surface field"
2026-02-24,2026-03-06,10,rumor,ecmwf-ifs-025-00z-aws-open-data,-12.545,0.519,8,1.06,18,0,false,"ECMWF IFS 0.25 degree open data on AWS, 2t surface field"
2026-02-25,2026-02-26,1,selloff,ecmwf-ifs-025-00z-aws-open-data,6.891,0,0,1.06,18,0,false,"ECMWF IFS 0.25 degree open data on AWS, 2t surface field"
2026-02-25,2026-02-27,2,selloff,ecmwf-ifs-025-00z-aws-open-data,6.365,0.104,0,1.06,18,0,false,"ECMWF IFS 0.25 degree open data on AWS, 2t surface field"
2026-02-25,2026-02-28,3,selloff,ecmwf-ifs-025-00z-aws-open-data,9.692,0.104,0,1.06,18,0,false,"ECMWF IFS 0.25 degree open data on AWS, 2t surface field"
2026-02-25,2026-03-04,7,rumor,ecmwf-ifs-025-00z-aws-open-data,6.304,0,0,1.06,18,0,false,"ECMWF IFS 0.25 degree open data on AWS, 2t surface field"
2026-02-25,2026-03-05,8,rumor,ecmwf-ifs-025-00z-aws-open-data,5.698,0,0,1.06,18,0,false,"ECMWF IFS 0.25 degree open data on AWS, 2t surface field"
2026-02-25,2026-03-06,9,rumor,ecmwf-ifs-025-00z-aws-open-data,12.473,0,0,1.06,18,0,false,"ECMWF IFS 0.25 degree open data on AWS, 2t surface field"
2026-02-25,2026-03-07,10,rumor,ecmwf-ifs-025-00z-aws-open-data,14.654,0,0,1.06,18,0,false,"ECMWF IFS 0.25 degree open data on AWS, 2t surface field"
2026-02-26,2026-02-27,1,selloff,ecmwf-ifs-025-00z-aws-open-data,8.148,0,0,1.06,18,0,false,"ECMWF IFS 0.25 degree open data on AWS, 2t surface field"
2026-02-26,2026-02-28,2,selloff,ecmwf-ifs-025-00z-aws-open-data,10.69,0.104,0,1.06,18,0,false,"ECMWF IFS 0.25 degree open data on AWS, 2t surface field"
2026-02-26,2026-03-01,3,selloff,ecmwf-ifs-025-00z-aws-open-data,6.665,0,0,1.06,18,0,false,"ECMWF IFS 0.25 degree open data on AWS, 2t surface field"
2026-02-26,2026-03-05,7,rumor,ecmwf-ifs-025-00z-aws-open-data,11.197,0,0,1.06,18,0,false,"ECMWF IFS 0.25 degree open data on AWS, 2t surface field"
2026-02-26,2026-03-06,8,rumor,ecmwf-ifs-025-00z-aws-open-data,18.403,0,0,1.06,18,0,false,"ECMWF IFS 0.25 degree open data on AWS, 2t surface field"
2026-02-26,2026-03-07,9,rumor,ecmwf-ifs-025-00z-aws-open-data,19.917,0,0,1.06,18,0,false,"ECMWF IFS 0.25 degree open data on AWS, 2t surface field"
2026-02-26,2026-03-08,10,rumor,ecmwf-ifs-025-00z-aws-open-data,20.528,0,0,1.06,18,0,false,"ECMWF IFS 0.25 degree open data on AWS, 2t surface field"
2026-02-27,2026-02-28,1,selloff,ecmwf-ifs-025-00z-aws-open-data,10.933,0.104,0,1.06,18,0,false,"ECMWF IFS 0.25 degree open data on AWS, 2t surface field"
2026-02-27,2026-03-01,2,selloff,ecmwf-ifs-025-00z-aws-open-data,7.386,0,0,1.06,18,0,false,"ECMWF IFS 0.25 degree open data on AWS, 2t surface field"
2026-02-27,2026-03-02,3,selloff,ecmwf-ifs-025-00z-aws-open-data,2.5,0.104,0,1.06,18,0,false,"ECMWF IFS 0.25 degree open data on AWS, 2t surface field"
2026-02-27,2026-03-06,7,rumor,ecmwf-ifs-025-00z-aws-open-data,13.512,0,0,1.06,18,0,false,"ECMWF IFS 0.25 degree open data on AWS, 2t surface field"
2026-02-27,2026-03-07,8,rumor,ecmwf-ifs-025-00z-aws-open-data,13.651,0,0,1.06,18,0,false,"ECMWF IFS 0.25 degree open data on AWS, 2t surface field"
2026-02-27,2026-03-08,9,rumor,ecmwf-ifs-025-00z-aws-open-data,15.304,0,0,1.06,18,0,false,"ECMWF IFS 0.25 degree open data on AWS, 2t surface field"
2026-02-27,2026-03-09,10,rumor,ecmwf-ifs-025-00z-aws-open-data,17.832,0,0,1.06,18,0,false,"ECMWF IFS 0.25 degree open data on AWS, 2t surface field"
2026-02-28,2026-03-01,1,selloff,ecmwf-ifs-025-00z-aws-open-data,6.435,0,0,1.06,18,0,false,"ECMWF IFS 0.25 degree open data on AWS, 2t surface field"
2026-02-28,2026-03-02,2,selloff,ecmwf-ifs-025-00z-aws-open-data,0.737,0.217,1,1.06,18,0,false,"ECMWF IFS 0.25 degree open data on AWS, 2t surface field"
2026-02-28,2026-03-03,3,selloff,ecmwf-ifs-025-00z-aws-open-data,2.283,0.217,3,1.06,18,0,false,"ECMWF IFS 0.25 degree open data on AWS, 2t surface field"
2026-02-28,2026-03-07,7,rumor,ecmwf-ifs-025-00z-aws-open-data,17.039,0,0,1.06,18,0,false,"ECMWF IFS 0.25 degree open data on AWS, 2t surface field"
2026-02-28,2026-03-08,8,rumor,ecmwf-ifs-025-00z-aws-open-data,15.209,0,0,1.06,18,0,false,"ECMWF IFS 0.25 degree open data on AWS, 2t surface field"
2026-02-28,2026-03-09,9,rumor,ecmwf-ifs-025-00z-aws-open-data,20.167,0,0,1.06,18,0,false,"ECMWF IFS 0.25 degree open data on AWS, 2t surface field"
2026-02-28,2026-03-10,10,rumor,ecmwf-ifs-025-00z-aws-open-data,24.874,0,0,1.06,18,0,false,"ECMWF IFS 0.25 degree open data on AWS, 2t surface field"
2026-03-01,2026-03-02,1,selloff,ecmwf-ifs-025-00z-aws-open-data,2.293,0.16,0,1.06,18,0,false,"ECMWF IFS 0.25 degree open data on AWS, 2t surface field"
2026-03-01,2026-03-03,2,selloff,ecmwf-ifs-025-00z-aws-open-data,3.124,0.217,2,1.06,18,0,false,"ECMWF IFS 0.25 degree open data on AWS, 2t surface field"
2026-03-01,2026-03-04,3,selloff,ecmwf-ifs-025-00z-aws-open-data,12.872,0,0,1.06,18,0,false,"ECMWF IFS 0.25 degree open data on AWS, 2t surface field"
2026-03-01,2026-03-08,7,rumor,ecmwf-ifs-025-00z-aws-open-data,15.835,0,0,1.06,18,0,false,"ECMWF IFS 0.25 degree open data on AWS, 2t surface field"
2026-03-01,2026-03-09,8,rumor,ecmwf-ifs-025-00z-aws-open-data,16.609,0,0,1.06,18,0,false,"ECMWF IFS 0.25 degree open data on AWS, 2t surface field"
2026-03-01,2026-03-10,9,rumor,ecmwf-ifs-025-00z-aws-open-data,23.318,0,0,1.06,18,0,false,"ECMWF IFS 0.25 degree open data on AWS, 2t surface field"
2026-03-01,2026-03-11,10,rumor,ecmwf-ifs-025-00z-aws-open-data,24.594,0,0,1.06,18,0,false,"ECMWF IFS 0.25 degree open data on AWS, 2t surface field"
2026-03-02,2026-03-03,1,selloff,ecmwf-ifs-025-00z-aws-open-data,3.78,0.16,2,1.06,18,0,false,"ECMWF IFS 0.25 degree open data on AWS, 2t surface field"
2026-03-02,2026-03-04,2,selloff,ecmwf-ifs-025-00z-aws-open-data,12.602,0,0,1.06,18,0,false,"ECMWF IFS 0.25 degree open data on AWS, 2t surface field"
2026-03-02,2026-03-05,3,selloff,ecmwf-ifs-025-00z-aws-open-data,14.999,0,0,1.06,18,0,false,"ECMWF IFS 0.25 degree open data on AWS, 2t surface field"
2026-03-02,2026-03-09,7,rumor,ecmwf-ifs-025-00z-aws-open-data,21.089,0,0,1.06,18,0,false,"ECMWF IFS 0.25 degree open data on AWS, 2t surface field"
2026-03-02,2026-03-10,8,rumor,ecmwf-ifs-025-00z-aws-open-data,18.457,0,0,1.06,18,0,false,"ECMWF IFS 0.25 degree open data on AWS, 2t surface field"
2026-03-02,2026-03-11,9,rumor,ecmwf-ifs-025-00z-aws-open-data,19.804,0,0,1.06,18,0,false,"ECMWF IFS 0.25 degree open data on AWS, 2t surface field"
2026-03-02,2026-03-12,10,rumor,ecmwf-ifs-025-00z-aws-open-data,13.333,0,0,1.06,18,0,false,"ECMWF IFS 0.25 degree open data on AWS, 2t surface field"
2026-03-03,2026-03-04,1,selloff,ecmwf-ifs-025-00z-aws-open-data,11.706,0,0,1.06,18,0,false,"ECMWF IFS 0.25 degree open data on AWS, 2t surface field"
2026-03-03,2026-03-05,2,selloff,ecmwf-ifs-025-00z-aws-open-data,13.719,0,0,1.06,18,0,false,"ECMWF IFS 0.25 degree open data on AWS, 2t surface field"
2026-03-03,2026-03-06,3,selloff,ecmwf-ifs-025-00z-aws-open-data,15.116,0,0,1.06,18,0,false,"ECMWF IFS 0.25 degree open data on AWS, 2t surface field"
2026-03-03,2026-03-10,7,rumor,ecmwf-ifs-025-00z-aws-open-data,17.27,0,0,1.06,18,0,false,"ECMWF IFS 0.25 degree open data on AWS, 2t surface field"
2026-03-03,2026-03-11,8,rumor,ecmwf-ifs-025-00z-aws-open-data,22.537,0,0,1.06,18,0,false,"ECMWF IFS 0.25 degree open data on AWS, 2t surface field"
2026-03-03,2026-03-12,9,rumor,ecmwf-ifs-025-00z-aws-open-data,19.814,0.038,0,1.06,18,0,false,"ECMWF IFS 0.25 degree open data on AWS, 2t surface field"
2026-03-03,2026-03-13,10,rumor,ecmwf-ifs-025-00z-aws-open-data,5.052,0.198,0,1.06,18,0,false,"ECMWF IFS 0.25 degree open data on AWS, 2t surface field"
2026-03-04,2026-03-05,1,selloff,ecmwf-ifs-025-00z-aws-open-data,13.164,0,0,1.06,18,0,false,"ECMWF IFS 0.25 degree open data on AWS, 2t surface field"
2026-03-04,2026-03-06,2,selloff,ecmwf-ifs-025-00z-aws-open-data,14.178,0,0,1.06,18,0,false,"ECMWF IFS 0.25 degree open data on AWS, 2t surface field"
2026-03-04,2026-03-07,3,selloff,ecmwf-ifs-025-00z-aws-open-data,17.444,0,0,1.06,18,0,false,"ECMWF IFS 0.25 degree open data on AWS, 2t surface field"
2026-03-04,2026-03-11,7,rumor,ecmwf-ifs-025-00z-aws-open-data,23.774,0,0,1.06,18,0,false,"ECMWF IFS 0.25 degree open data on AWS, 2t surface field"
2026-03-04,2026-03-12,8,rumor,ecmwf-ifs-025-00z-aws-open-data,16.29,0,0,1.06,18,0,false,"ECMWF IFS 0.25 degree open data on AWS, 2t surface field"
2026-03-04,2026-03-13,9,rumor,ecmwf-ifs-025-00z-aws-open-data,2.356,0,0,1.06,18,0,false,"ECMWF IFS 0.25 degree open data on AWS, 2t surface field"
2026-03-04,2026-03-14,10,rumor,ecmwf-ifs-025-00z-aws-open-data,7.718,0.066,0,1.06,18,0,false,"ECMWF IFS 0.25 degree open data on AWS, 2t surface field"
2026-03-05,2026-03-06,1,selloff,ecmwf-ifs-025-00z-aws-open-data,14.309,0,0,1.06,18,0,false,"ECMWF IFS 0.25 degree open data on AWS, 2t surface field"
2026-03-05,2026-03-07,2,selloff,ecmwf-ifs-025-00z-aws-open-data,18.211,0,0,1.06,18,0,false,"ECMWF IFS 0.25 degree open data on AWS, 2t surface field"
2026-03-05,2026-03-08,3,selloff,ecmwf-ifs-025-00z-aws-open-data,15.307,0,0,1.06,18,0,false,"ECMWF IFS 0.25 degree open data on AWS, 2t surface field"
2026-03-05,2026-03-12,7,rumor,ecmwf-ifs-025-00z-aws-open-data,16.821,0,0,1.06,18,0,false,"ECMWF IFS 0.25 degree open data on AWS, 2t surface field"
2026-03-05,2026-03-13,8,rumor,ecmwf-ifs-025-00z-aws-open-data,1.427,0,0,1.06,18,0,false,"ECMWF IFS 0.25 degree open data on AWS, 2t surface field"
2026-03-05,2026-03-14,9,rumor,ecmwf-ifs-025-00z-aws-open-data,4.76,0,0,1.06,18,0,false,"ECMWF IFS 0.25 degree open data on AWS, 2t surface field"
2026-03-05,2026-03-15,10,rumor,ecmwf-ifs-025-00z-aws-open-data,10.449,0,0,1.06,18,0,false,"ECMWF IFS 0.25 degree open data on AWS, 2t surface field"
2026-03-06,2026-03-07,1,selloff,ecmwf-ifs-025-00z-aws-open-data,18.61,0,0,1.06,18,0,false,"ECMWF IFS 0.25 degree open data on AWS, 2t surface field"
2026-03-06,2026-03-08,2,selloff,ecmwf-ifs-025-00z-aws-open-data,15.61,0,0,1.06,18,0,false,"ECMWF IFS 0.25 degree open data on AWS, 2t surface field"
2026-03-06,2026-03-09,3,selloff,ecmwf-ifs-025-00z-aws-open-data,18.341,0,0,1.06,18,0,false,"ECMWF IFS 0.25 degree open data on AWS, 2t surface field"
2026-03-06,2026-03-13,7,rumor,ecmwf-ifs-025-00z-aws-open-data,6.856,0,0,1.06,18,0,false,"ECMWF IFS 0.25 degree open data on AWS, 2t surface field"
2026-03-06,2026-03-14,8,rumor,ecmwf-ifs-025-00z-aws-open-data,10.349,0,0,1.06,18,0,false,"ECMWF IFS 0.25 degree open data on AWS, 2t surface field"
2026-03-06,2026-03-15,9,rumor,ecmwf-ifs-025-00z-aws-open-data,7.753,0,0,1.06,18,0,false,"ECMWF IFS 0.25 degree open data on AWS, 2t surface field"
2026-03-06,2026-03-16,10,rumor,ecmwf-ifs-025-00z-aws-open-data,2.251,0,0,1.06,18,0,false,"ECMWF IFS 0.25 degree open data on AWS, 2t surface field"
2026-03-07,2026-03-08,1,selloff,ecmwf-ifs-025-00z-aws-open-data,15.253,0,0,1.06,18,0,false,"ECMWF IFS 0.25 degree open data on AWS, 2t surface field"
2026-03-07,2026-03-09,2,selloff,ecmwf-ifs-025-00z-aws-open-data,17.731,0,0,1.06,18,0,false,"ECMWF IFS 0.25 degree open data on AWS, 2t surface field"
2026-03-07,2026-03-10,3,selloff,ecmwf-ifs-025-00z-aws-open-data,20.821,0,0,1.06,18,0,false,"ECMWF IFS 0.25 degree open data on AWS, 2t surface field"
2026-03-07,2026-03-14,7,rumor,ecmwf-ifs-025-00z-aws-open-data,9.913,0,0,1.06,18,0,false,"ECMWF IFS 0.25 degree open data on AWS, 2t surface field"
2026-03-07,2026-03-15,8,rumor,ecmwf-ifs-025-00z-aws-open-data,6.251,0,0,1.06,18,0,false,"ECMWF IFS 0.25 degree open data on AWS, 2t surface field"
2026-03-07,2026-03-16,9,rumor,ecmwf-ifs-025-00z-aws-open-data,10.859,0,0,1.06,18,0,false,"ECMWF IFS 0.25 degree open data on AWS, 2t surface field"
2026-03-07,2026-03-17,10,rumor,ecmwf-ifs-025-00z-aws-open-data,1.406,0,0,1.06,18,0,false,"ECMWF IFS 0.25 degree open data on AWS, 2t surface field"
2026-03-08,2026-03-09,1,selloff,ecmwf-ifs-025-00z-aws-open-data,17.043,0,0,1.06,18,0,false,"ECMWF IFS 0.25 degree open data on AWS, 2t surface field"
2026-03-08,2026-03-10,2,selloff,ecmwf-ifs-025-00z-aws-open-data,20.548,0,0,1.06,18,0,false,"ECMWF IFS 0.25 degree open data on AWS, 2t surface field"
2026-03-08,2026-03-11,3,selloff,ecmwf-ifs-025-00z-aws-open-data,19.966,0,0,1.06,18,0,false,"ECMWF IFS 0.25 degree open data on AWS, 2t surface field"
2026-03-08,2026-03-15,7,rumor,ecmwf-ifs-025-00z-aws-open-data,4.747,0,0,1.06,18,0,false,"ECMWF IFS 0.25 degree open data on AWS, 2t surface field"
2026-03-08,2026-03-16,8,rumor,ecmwf-ifs-025-00z-aws-open-data,7.261,0,0,1.06,18,0,false,"ECMWF IFS 0.25 degree open data on AWS, 2t surface field"
2026-03-08,2026-03-17,9,rumor,ecmwf-ifs-025-00z-aws-open-data,-2.579,0.245,2,1.06,18,0,false,"ECMWF IFS 0.25 degree open data on AWS, 2t surface field"
2026-03-08,2026-03-18,10,rumor,ecmwf-ifs-025-00z-aws-open-data,-1.174,0.217,0,1.06,18,0,false,"ECMWF IFS 0.25 degree open data on AWS, 2t surface field"
2026-03-09,2026-03-10,1,selloff,ecmwf-ifs-025-00z-aws-open-data,20.734,0,0,1.06,18,0,false,"ECMWF IFS 0.25 degree open data on AWS, 2t surface field"
2026-03-09,2026-03-11,2,selloff,ecmwf-ifs-025-00z-aws-open-data,21.072,0,0,1.06,18,0,false,"ECMWF IFS 0.25 degree open data on AWS, 2t surface field"
2026-03-09,2026-03-12,3,selloff,ecmwf-ifs-025-00z-aws-open-data,17.041,0,0,1.06,18,0,false,"ECMWF IFS 0.25 degree open data on AWS, 2t surface field"
2026-03-09,2026-03-16,7,rumor,ecmwf-ifs-025-00z-aws-open-data,9.607,0.066,0,1.06,18,0,false,"ECMWF IFS 0.25 degree open data on AWS, 2t surface field"
2026-03-09,2026-03-17,8,rumor,ecmwf-ifs-025-00z-aws-open-data,-6.585,0.491,3,1.06,18,0,false,"ECMWF IFS 0.25 degree open data on AWS, 2t surface field"
2026-03-09,2026-03-18,9,rumor,ecmwf-ifs-025-00z-aws-open-data,-10.553,0.651,6,1.06,18,0,true,"ECMWF IFS 0.25 degree open data on AWS, 2t surface field"
2026-03-09,2026-03-19,10,rumor,ecmwf-ifs-025-00z-aws-open-data,-3.737,0.377,0,1.06,18,0,false,"ECMWF IFS 0.25 degree open data on AWS, 2t surface field"
2026-03-10,2026-03-11,1,selloff,ecmwf-ifs-025-00z-aws-open-data,20.409,0,0,1.06,18,0,false,"ECMWF IFS 0.25 degree open data on AWS, 2t surface field"
2026-03-10,2026-03-12,2,selloff,ecmwf-ifs-025-00z-aws-open-data,16.385,0,0,1.06,18,0,false,"ECMWF IFS 0.25 degree open data on AWS, 2t surface field"
2026-03-10,2026-03-13,3,selloff,ecmwf-ifs-025-00z-aws-open-data,3.857,0,0,1.06,18,0,false,"ECMWF IFS 0.25 degree open data on AWS, 2t surface field"
2026-03-10,2026-03-17,7,rumor,ecmwf-ifs-025-00z-aws-open-data,-4.183,0.396,1,1.06,18,0,false,"ECMWF IFS 0.25 degree open data on AWS, 2t surface field"
2026-03-10,2026-03-18,8,rumor,ecmwf-ifs-025-00z-aws-open-data,-6.234,0.189,1,1.06,18,0,false,"ECMWF IFS 0.25 degree open data on AWS, 2t surface field"
2026-03-10,2026-03-19,9,rumor,ecmwf-ifs-025-00z-aws-open-data,0.355,0,0,1.06,18,0,false,"ECMWF IFS 0.25 degree open data on AWS, 2t surface field"
2026-03-10,2026-03-20,10,rumor,ecmwf-ifs-025-00z-aws-open-data,10.484,0,0,1.06,18,0,false,"ECMWF IFS 0.25 degree open data on AWS, 2t surface field"
2026-03-11,2026-03-12,1,selloff,ecmwf-ifs-025-00z-aws-open-data,15.675,0,0,1.06,18,0,false,"ECMWF IFS 0.25 degree open data on AWS, 2t surface field"
2026-03-11,2026-03-13,2,selloff,ecmwf-ifs-025-00z-aws-open-data,2.114,0.038,0,1.06,18,0,false,"ECMWF IFS 0.25 degree open data on AWS, 2t surface field"
2026-03-11,2026-03-14,3,selloff,ecmwf-ifs-025-00z-aws-open-data,5.181,0,0,1.06,18,0,false,"ECMWF IFS 0.25 degree open data on AWS, 2t surface field"
2026-03-11,2026-03-18,7,rumor,ecmwf-ifs-025-00z-aws-open-data,-9.004,0.453,1,1.06,18,0,false,"ECMWF IFS 0.25 degree open data on AWS, 2t surface field"
2026-03-11,2026-03-19,8,rumor,ecmwf-ifs-025-00z-aws-open-data,-2.457,0.208,0,1.06,18,0,false,"ECMWF IFS 0.25 degree open data on AWS, 2t surface field"
2026-03-11,2026-03-20,9,rumor,ecmwf-ifs-025-00z-aws-open-data,6.256,0,0,1.06,18,0,false,"ECMWF IFS 0.25 degree open data on AWS, 2t surface field"
2026-03-11,2026-03-21,10,rumor,ecmwf-ifs-025-00z-aws-open-data,6.412,0,0,1.06,18,0,false,"ECMWF IFS 0.25 degree open data on AWS, 2t surface field"
2026-03-12,2026-03-13,1,selloff,ecmwf-ifs-025-00z-aws-open-data,1.514,0.038,0,1.06,18,0,false,"ECMWF IFS 0.25 degree open data on AWS, 2t surface field"
2026-03-12,2026-03-14,2,selloff,ecmwf-ifs-025-00z-aws-open-data,5.736,0,0,1.06,18,0,false,"ECMWF IFS 0.25 degree open data on AWS, 2t surface field"
2026-03-12,2026-03-15,3,selloff,ecmwf-ifs-025-00z-aws-open-data,6.085,0,0,1.06,18,0,false,"ECMWF IFS 0.25 degree open data on AWS, 2t surface field"
2026-03-12,2026-03-19,7,rumor,ecmwf-ifs-025-00z-aws-open-data,-1.539,0.038,0,1.06,18,0,false,"ECMWF IFS 0.25 degree open data on AWS, 2t surface field"
2026-03-12,2026-03-20,8,rumor,ecmwf-ifs-025-00z-aws-open-data,10.191,0,0,1.06,18,0,false,"ECMWF IFS 0.25 degree open data on AWS, 2t surface field"
2026-03-12,2026-03-21,9,rumor,ecmwf-ifs-025-00z-aws-open-data,19.802,0,0,1.06,18,0,false,"ECMWF IFS 0.25 degree open data on AWS, 2t surface field"
2026-03-12,2026-03-22,10,rumor,ecmwf-ifs-025-00z-aws-open-data,7.932,0,0,1.06,18,0,false,"ECMWF IFS 0.25 degree open data on AWS, 2t surface field"
2026-03-13,2026-03-14,1,selloff,ecmwf-ifs-025-00z-aws-open-data,5.141,0,0,1.06,18,0,false,"ECMWF IFS 0.25 degree open data on AWS, 2t surface field"
2026-03-13,2026-03-15,2,selloff,ecmwf-ifs-025-00z-aws-open-data,5.733,0,0,1.06,18,0,false,"ECMWF IFS 0.25 degree open data on AWS, 2t surface field"
2026-03-13,2026-03-16,3,selloff,ecmwf-ifs-025-00z-aws-open-data,10.898,0.038,0,1.06,18,0,false,"ECMWF IFS 0.25 degree open data on AWS, 2t surface field"
2026-03-13,2026-03-20,7,rumor,ecmwf-ifs-025-00z-aws-open-data,9.524,0,0,1.06,18,0,false,"ECMWF IFS 0.25 degree open data on AWS, 2t surface field"
2026-03-13,2026-03-21,8,rumor,ecmwf-ifs-025-00z-aws-open-data,13.784,0,0,1.06,18,0,false,"ECMWF IFS 0.25 degree open data on AWS, 2t surface field"
2026-03-13,2026-03-22,9,rumor,ecmwf-ifs-025-00z-aws-open-data,15.488,0,0,1.06,18,0,false,"ECMWF IFS 0.25 degree open data on AWS, 2t surface field"
2026-03-13,2026-03-23,10,rumor,ecmwf-ifs-025-00z-aws-open-data,-0.787,0,0,1.06,18,0,false,"ECMWF IFS 0.25 degree open data on AWS, 2t surface field"
2026-03-14,2026-03-15,1,selloff,ecmwf-ifs-025-00z-aws-open-data,6.069,0,0,1.06,18,0,false,"ECMWF IFS 0.25 degree open data on AWS, 2t surface field"
2026-03-14,2026-03-16,2,selloff,ecmwf-ifs-025-00z-aws-open-data,10.91,0.038,0,1.06,18,0,false,"ECMWF IFS 0.25 degree open data on AWS, 2t surface field"
2026-03-14,2026-03-17,3,selloff,ecmwf-ifs-025-00z-aws-open-data,-3.941,0.585,7,1.06,18,0,false,"ECMWF IFS 0.25 degree open data on AWS, 2t surface field"
2026-03-14,2026-03-21,7,rumor,ecmwf-ifs-025-00z-aws-open-data,16.662,0,0,1.06,18,0,false,"ECMWF IFS 0.25 degree open data on AWS, 2t surface field"
2026-03-14,2026-03-22,8,rumor,ecmwf-ifs-025-00z-aws-open-data,17.111,0,0,1.06,18,0,false,"ECMWF IFS 0.25 degree open data on AWS, 2t surface field"
2026-03-14,2026-03-23,9,rumor,ecmwf-ifs-025-00z-aws-open-data,1.318,0,0,1.06,18,0,false,"ECMWF IFS 0.25 degree open data on AWS, 2t surface field"
2026-03-14,2026-03-24,10,rumor,ecmwf-ifs-025-00z-aws-open-data,-3.675,0.264,0,1.06,18,0,false,"ECMWF IFS 0.25 degree open data on AWS, 2t surface field"
2026-03-15,2026-03-16,1,selloff,ecmwf-ifs-025-00z-aws-open-data,11.144,0.038,0,1.06,18,0,false,"ECMWF IFS 0.25 degree open data on AWS, 2t surface field"
2026-03-15,2026-03-17,2,selloff,ecmwf-ifs-025-00z-aws-open-data,-3.168,0.528,8,1.06,18,0,false,"ECMWF IFS 0.25 degree open data on AWS, 2t surface field"
2026-03-15,2026-03-18,3,selloff,ecmwf-ifs-025-00z-aws-open-data,-11.277,0.698,6,1.06,18,0,true,"ECMWF IFS 0.25 degree open data on AWS, 2t surface field"
2026-03-15,2026-03-22,7,rumor,ecmwf-ifs-025-00z-aws-open-data,15.939,0,0,1.06,18,0,false,"ECMWF IFS 0.25 degree open data on AWS, 2t surface field"
2026-03-15,2026-03-23,8,rumor,ecmwf-ifs-025-00z-aws-open-data,3.162,0.132,0,1.06,18,0,false,"ECMWF IFS 0.25 degree open data on AWS, 2t surface field"
2026-03-15,2026-03-24,9,rumor,ecmwf-ifs-025-00z-aws-open-data,-1.878,0.179,0,1.06,18,0,false,"ECMWF IFS 0.25 degree open data on AWS, 2t surface field"
2026-03-15,2026-03-25,10,rumor,ecmwf-ifs-025-00z-aws-open-data,-3.214,0.236,1,1.06,18,0,false,"ECMWF IFS 0.25 degree open data on AWS, 2t surface field"
2026-03-16,2026-03-17,1,selloff,ecmwf-ifs-025-00z-aws-open-data,-3.519,0.528,8,1.06,18,0,false,"ECMWF IFS 0.25 degree open data on AWS, 2t surface field"
2026-03-16,2026-03-18,2,selloff,ecmwf-ifs-025-00z-aws-open-data,-10.984,0.698,6,1.06,18,0,true,"ECMWF IFS 0.25 degree open data on AWS, 2t surface field"
2026-03-16,2026-03-19,3,selloff,ecmwf-ifs-025-00z-aws-open-data,-2.093,0.321,0,1.06,18,0,false,"ECMWF IFS 0.25 degree open data on AWS, 2t surface field"
2026-03-16,2026-03-23,7,rumor,ecmwf-ifs-025-00z-aws-open-data,11.836,0,0,1.06,18,0,false,"ECMWF IFS 0.25 degree open data on AWS, 2t surface field"
2026-03-16,2026-03-24,8,rumor,ecmwf-ifs-025-00z-aws-open-data,5.774,0,0,1.06,18,0,false,"ECMWF IFS 0.25 degree open data on AWS, 2t surface field"
2026-03-16,2026-03-25,9,rumor,ecmwf-ifs-025-00z-aws-open-data,5.265,0,0,1.06,18,0,false,"ECMWF IFS 0.25 degree open data on AWS, 2t surface field"
2026-03-16,2026-03-26,10,rumor,ecmwf-ifs-025-00z-aws-open-data,13.213,0,0,1.06,18,0,false,"ECMWF IFS 0.25 degree open data on AWS, 2t surface field"
2026-03-17,2026-03-18,1,selloff,ecmwf-ifs-025-00z-aws-open-data,-11.106,0.698,7,1.06,18,0,true,"ECMWF IFS 0.25 degree open data on AWS, 2t surface field"
2026-03-17,2026-03-19,2,selloff,ecmwf-ifs-025-00z-aws-open-data,-2.821,0.321,0,1.06,18,0,false,"ECMWF IFS 0.25 degree open data on AWS, 2t surface field"
2026-03-17,2026-03-20,3,selloff,ecmwf-ifs-025-00z-aws-open-data,5.076,0,0,1.06,18,0,false,"ECMWF IFS 0.25 degree open data on AWS, 2t surface field"
2026-03-17,2026-03-24,7,rumor,ecmwf-ifs-025-00z-aws-open-data,-4.239,0.387,0,1.06,18,0,false,"ECMWF IFS 0.25 degree open data on AWS, 2t surface field"
2026-03-17,2026-03-25,8,rumor,ecmwf-ifs-025-00z-aws-open-data,0.224,0.16,0,1.06,18,0,false,"ECMWF IFS 0.25 degree open data on AWS, 2t surface field"
2026-03-17,2026-03-26,9,rumor,ecmwf-ifs-025-00z-aws-open-data,11.431,0,0,1.06,18,0,false,"ECMWF IFS 0.25 degree open data on AWS, 2t surface field"
2026-03-17,2026-03-27,10,rumor,ecmwf-ifs-025-00z-aws-open-data,12.37,0,0,1.06,18,0,false,"ECMWF IFS 0.25 degree open data on AWS, 2t surface field"
2026-03-18,2026-03-19,1,selloff,ecmwf-ifs-025-00z-aws-open-data,-2.004,0.321,0,1.06,18,0,false,"ECMWF IFS 0.25 degree open data on AWS, 2t surface field"
2026-03-18,2026-03-20,2,selloff,ecmwf-ifs-025-00z-aws-open-data,4.945,0,0,1.06,18,0,false,"ECMWF IFS 0.25 degree open data on AWS, 2t surface field"
2026-03-18,2026-03-21,3,selloff,ecmwf-ifs-025-00z-aws-open-data,14.763,0,0,1.06,18,0,false,"ECMWF IFS 0.25 degree open data on AWS, 2t surface field"
2026-03-18,2026-03-25,7,rumor,ecmwf-ifs-025-00z-aws-open-data,6.763,0,0,1.06,18,0,false,"ECMWF IFS 0.25 degree open data on AWS, 2t surface field"
2026-03-18,2026-03-26,8,rumor,ecmwf-ifs-025-00z-aws-open-data,6.248,0,0,1.06,18,0,false,"ECMWF IFS 0.25 degree open data on AWS, 2t surface field"
2026-03-18,2026-03-27,9,rumor,ecmwf-ifs-025-00z-aws-open-data,8.249,0.217,1,1.06,18,0,false,"ECMWF IFS 0.25 degree open data on AWS, 2t surface field"
2026-03-18,2026-03-28,10,rumor,ecmwf-ifs-025-00z-aws-open-data,12.097,0,0,1.06,18,0,false,"ECMWF IFS 0.25 degree open data on AWS, 2t surface field"
2026-03-19,2026-03-20,1,selloff,ecmwf-ifs-025-00z-aws-open-data,6.577,0,0,1.06,18,0,false,"ECMWF IFS 0.25 degree open data on AWS, 2t surface field"
2026-03-19,2026-03-21,2,selloff,ecmwf-ifs-025-00z-aws-open-data,15.492,0,0,1.06,18,0,false,"ECMWF IFS 0.25 degree open data on AWS, 2t surface field"
2026-03-19,2026-03-22,3,selloff,ecmwf-ifs-025-00z-aws-open-data,17.895,0,0,1.06,18,0,false,"ECMWF IFS 0.25 degree open data on AWS, 2t surface field"
2026-03-19,2026-03-26,7,rumor,ecmwf-ifs-025-00z-aws-open-data,12.787,0,0,1.06,18,0,false,"ECMWF IFS 0.25 degree open data on AWS, 2t surface field"
2026-03-19,2026-03-27,8,rumor,ecmwf-ifs-025-00z-aws-open-data,18.172,0,0,1.06,18,0,false,"ECMWF IFS 0.25 degree open data on AWS, 2t surface field"
2026-03-19,2026-03-28,9,rumor,ecmwf-ifs-025-00z-aws-open-data,3.963,0,0,1.06,18,0,false,"ECMWF IFS 0.25 degree open data on AWS, 2t surface field"
2026-03-19,2026-03-29,10,rumor,ecmwf-ifs-025-00z-aws-open-data,5.738,0,0,1.06,18,0,false,"ECMWF IFS 0.25 degree open data on AWS, 2t surface field"
2026-03-20,2026-03-21,1,selloff,ecmwf-ifs-025-00z-aws-open-data,15.645,0,0,1.06,18,0,false,"ECMWF IFS 0.25 degree open data on AWS, 2t surface field"
2026-03-20,2026-03-22,2,selloff,ecmwf-ifs-025-00z-aws-open-data,17.779,0,0,1.06,18,0,false,"ECMWF IFS 0.25 degree open data on AWS, 2t surface field"
2026-03-20,2026-03-23,3,selloff,ecmwf-ifs-025-00z-aws-open-data,16.792,0,0,1.06,18,0,false,"ECMWF IFS 0.25 degree open data on AWS, 2t surface field"
2026-03-20,2026-03-27,7,rumor,ecmwf-ifs-025-00z-aws-open-data,6.554,0.104,0,1.06,18,0,false,"ECMWF IFS 0.25 degree open data on AWS, 2t surface field"
2026-03-20,2026-03-28,8,rumor,ecmwf-ifs-025-00z-aws-open-data,-1.44,0.236,0,1.06,18,0,false,"ECMWF IFS 0.25 degree open data on AWS, 2t surface field"
2026-03-20,2026-03-29,9,rumor,ecmwf-ifs-025-00z-aws-open-data,-4.095,0.217,0,1.06,18,0,false,"ECMWF IFS 0.25 degree open data on AWS, 2t surface field"
2026-03-20,2026-03-30,10,rumor,ecmwf-ifs-025-00z-aws-open-data,4.01,0,0,1.06,18,0,false,"ECMWF IFS 0.25 degree open data on AWS, 2t surface field"
2026-03-21,2026-03-22,1,selloff,ecmwf-ifs-025-00z-aws-open-data,17.802,0,0,1.06,18,0,false,"ECMWF IFS 0.25 degree open data on AWS, 2t surface field"
2026-03-21,2026-03-23,2,selloff,ecmwf-ifs-025-00z-aws-open-data,15.176,0,0,1.06,18,0,false,"ECMWF IFS 0.25 degree open data on AWS, 2t surface field"
2026-03-21,2026-03-24,3,selloff,ecmwf-ifs-025-00z-aws-open-data,2.9,0,0,1.06,18,0,false,"ECMWF IFS 0.25 degree open data on AWS, 2t surface field"
2026-03-21,2026-03-28,7,rumor,ecmwf-ifs-025-00z-aws-open-data,9.778,0,0,1.06,18,0,false,"ECMWF IFS 0.25 degree open data on AWS, 2t surface field"
2026-03-21,2026-03-29,8,rumor,ecmwf-ifs-025-00z-aws-open-data,5.507,0.057,0,1.06,18,0,false,"ECMWF IFS 0.25 degree open data on AWS, 2t surface field"
2026-03-21,2026-03-30,9,rumor,ecmwf-ifs-025-00z-aws-open-data,8.875,0,0,1.06,18,0,false,"ECMWF IFS 0.25 degree open data on AWS, 2t surface field"
2026-03-21,2026-03-31,10,rumor,ecmwf-ifs-025-00z-aws-open-data,13.647,0,0,1.06,18,0,false,"ECMWF IFS 0.25 degree open data on AWS, 2t surface field"
2026-03-22,2026-03-23,1,selloff,ecmwf-ifs-025-00z-aws-open-data,14.739,0,0,1.06,18,0,false,"ECMWF IFS 0.25 degree open data on AWS, 2t surface field"
2026-03-22,2026-03-24,2,selloff,ecmwf-ifs-025-00z-aws-open-data,2.827,0,0,1.06,18,0,false,"ECMWF IFS 0.25 degree open data on AWS, 2t surface field"
2026-03-22,2026-03-25,3,selloff,ecmwf-ifs-025-00z-aws-open-data,5.729,0,0,1.06,18,0,false,"ECMWF IFS 0.25 degree open data on AWS, 2t surface field"
2026-03-22,2026-03-29,7,rumor,ecmwf-ifs-025-00z-aws-open-data,1.705,0.057,0,1.06,18,0,false,"ECMWF IFS 0.25 degree open data on AWS, 2t surface field"
2026-03-22,2026-03-30,8,rumor,ecmwf-ifs-025-00z-aws-open-data,9.787,0,0,1.06,18,0,false,"ECMWF IFS 0.25 degree open data on AWS, 2t surface field"
2026-03-22,2026-03-31,9,rumor,ecmwf-ifs-025-00z-aws-open-data,7.284,0.057,0,1.06,18,0,false,"ECMWF IFS 0.25 degree open data on AWS, 2t surface field"
2026-03-23,2026-03-24,1,selloff,ecmwf-ifs-025-00z-aws-open-data,2.296,0,0,1.06,18,0,false,"ECMWF IFS 0.25 degree open data on AWS, 2t surface field"
2026-03-23,2026-03-25,2,selloff,ecmwf-ifs-025-00z-aws-open-data,4.468,0,0,1.06,18,0,false,"ECMWF IFS 0.25 degree open data on AWS, 2t surface field"
2026-03-23,2026-03-26,3,selloff,ecmwf-ifs-025-00z-aws-open-data,14.124,0,0,1.06,18,0,false,"ECMWF IFS 0.25 degree open data on AWS, 2t surface field"
2026-03-23,2026-03-30,7,rumor,ecmwf-ifs-025-00z-aws-open-data,6.861,0,0,1.06,18,0,false,"ECMWF IFS 0.25 degree open data on AWS, 2t surface field"
2026-03-23,2026-03-31,8,rumor,ecmwf-ifs-025-00z-aws-open-data,11.466,0,0,1.06,18,0,false,"ECMWF IFS 0.25 degree open data on AWS, 2t surface field"
2026-03-24,2026-03-25,1,selloff,ecmwf-ifs-025-00z-aws-open-data,4.477,0,0,1.06,18,0,false,"ECMWF IFS 0.25 degree open data on AWS, 2t surface field"
2026-03-24,2026-03-26,2,selloff,ecmwf-ifs-025-00z-aws-open-data,13.395,0,0,1.06,18,0,false,"ECMWF IFS 0.25 degree open data on AWS, 2t surface field"
2026-03-24,2026-03-27,3,selloff,ecmwf-ifs-025-00z-aws-open-data,18.596,0,0,1.06,18,0,false,"ECMWF IFS 0.25 degree open data on AWS, 2t surface field"
2026-03-24,2026-03-31,7,rumor,ecmwf-ifs-025-00z-aws-open-data,9.917,0,0,1.06,18,0,false,"ECMWF IFS 0.25 degree open data on AWS, 2t surface field"
2026-03-25,2026-03-26,1,selloff,ecmwf-ifs-025-00z-aws-open-data,13.382,0,0,1.06,18,0,false,"ECMWF IFS 0.25 degree open data on AWS, 2t surface field"
2026-03-25,2026-03-27,2,selloff,ecmwf-ifs-025-00z-aws-open-data,17.559,0,0,1.06,18,0,false,"ECMWF IFS 0.25 degree open data on AWS, 2t surface field"
2026-03-25,2026-03-28,3,selloff,ecmwf-ifs-025-00z-aws-open-data,2.199,0,0,1.06,18,0,false,"ECMWF IFS 0.25 degree open data on AWS, 2t surface field"
2026-03-26,2026-03-27,1,selloff,ecmwf-ifs-025-00z-aws-open-data,17.776,0,0,1.06,18,0,false,"ECMWF IFS 0.25 degree open data on AWS, 2t surface field"
2026-03-26,2026-03-28,2,selloff,ecmwf-ifs-025-00z-aws-open-data,1.318,0,0,1.06,18,0,false,"ECMWF IFS 0.25 degree open data on AWS, 2t surface field"
2026-03-26,2026-03-29,3,selloff,ecmwf-ifs-025-00z-aws-open-data,-0.351,0.255,0,1.06,18,0,false,"ECMWF IFS 0.25 degree open data on AWS, 2t surface field"
2026-03-27,2026-03-28,1,selloff,ecmwf-ifs-025-00z-aws-open-data,1.019,0.085,0,1.06,18,0,false,"ECMWF IFS 0.25 degree open data on AWS, 2t surface field"
2026-03-27,2026-03-29,2,selloff,ecmwf-ifs-025-00z-aws-open-data,-0.676,0.151,0,1.06,18,0,false,"ECMWF IFS 0.25 degree open data on AWS, 2t surface field"
2026-03-27,2026-03-30,3,selloff,ecmwf-ifs-025-00z-aws-open-data,10.403,0,0,1.06,18,0,false,"ECMWF IFS 0.25 degree open data on AWS, 2t surface field"
2026-03-28,2026-03-29,1,selloff,ecmwf-ifs-025-00z-aws-open-data,-0.512,0.057,0,1.06,18,0,false,"ECMWF IFS 0.25 degree open data on AWS, 2t surface field"
2026-03-28,2026-03-30,2,selloff,ecmwf-ifs-025-00z-aws-open-data,9.533,0,0,1.06,18,0,false,"ECMWF IFS 0.25 degree open data on AWS, 2t surface field"
2026-03-28,2026-03-31,3,selloff,ecmwf-ifs-025-00z-aws-open-data,20.374,0,0,1.06,18,0,false,"ECMWF IFS 0.25 degree open data on AWS, 2t surface field"
2026-03-29,2026-03-30,1,selloff,ecmwf-ifs-025-00z-aws-open-data,9.73,0,0,1.06,18,0,false,"ECMWF IFS 0.25 degree open data on AWS, 2t surface field"
2026-03-29,2026-03-31,2,selloff,ecmwf-ifs-025-00z-aws-open-data,19.924,0,0,1.06,18,0,false,"ECMWF IFS 0.25 degree open data on AWS, 2t surface field"
2026-03-30,2026-03-31,1,selloff,ecmwf-ifs-025-00z-aws-open-data,19.744,0,0,1.06,18,0,false,"ECMWF IFS 0.25 degree open data on AWS, 2t surface field"
