issueDate,targetDate,leadDays,windowId,modelId,weightedAnomalyF,coveragePct,extremeCount,sampledWeight,locationCount,sampledValidHoursUtc,qualifies,source
2021-05-16,2021-05-23,7,rumor,ncep-gefs-mean-00z-noaa-aws,12.084,0,0,1.06,18,0,false,"NOAA GEFS 0.25 degree ensemble mean forecast archive on AWS, TMP 2 m above ground"
2021-05-06,2021-05-13,7,rumor,ncep-gefs-mean-00z-noaa-aws,0.836,0,0,1.06,18,0,false,"NOAA GEFS 0.25 degree ensemble mean forecast archive on AWS, TMP 2 m above ground"
2021-05-19,2021-05-26,7,rumor,ncep-gefs-mean-00z-noaa-aws,10.874,0,0,1.06,18,0,false,"NOAA GEFS 0.25 degree ensemble mean forecast archive on AWS, TMP 2 m above ground"
2021-05-26,2021-06-02,7,rumor,ncep-gefs-mean-00z-noaa-aws,3.374,0,0,1.06,18,0,false,"NOAA GEFS 0.25 degree ensemble mean forecast archive on AWS, TMP 2 m above ground"
2021-05-28,2021-06-04,7,rumor,ncep-gefs-mean-00z-noaa-aws,6.093,0,0,1.06,18,0,false,"NOAA GEFS 0.25 degree ensemble mean forecast archive on AWS, TMP 2 m above ground"
2021-05-05,2021-05-12,7,rumor,ncep-gefs-mean-00z-noaa-aws,-0.371,0.047,0,1.06,18,0,false,"NOAA GEFS 0.25 degree ensemble mean forecast archive on AWS, TMP 2 m above ground"
2021-05-11,2021-05-18,7,rumor,ncep-gefs-mean-00z-noaa-aws,5.265,0,0,1.06,18,0,false,"NOAA GEFS 0.25 degree ensemble mean forecast archive on AWS, TMP 2 m above ground"
2021-05-09,2021-05-16,7,rumor,ncep-gefs-mean-00z-noaa-aws,4.145,0,0,1.06,18,0,false,"NOAA GEFS 0.25 degree ensemble mean forecast archive on AWS, TMP 2 m above ground"
2021-05-17,2021-05-24,7,rumor,ncep-gefs-mean-00z-noaa-aws,12.549,0,0,1.06,18,0,false,"NOAA GEFS 0.25 degree ensemble mean forecast archive on AWS, TMP 2 m above ground"
2021-05-25,2021-06-01,7,rumor,ncep-gefs-mean-00z-noaa-aws,2.527,0,0,1.06,18,0,false,"NOAA GEFS 0.25 degree ensemble mean forecast archive on AWS, TMP 2 m above ground"
2021-05-31,2021-06-07,7,rumor,ncep-gefs-mean-00z-noaa-aws,10.996,0,0,1.06,18,0,false,"NOAA GEFS 0.25 degree ensemble mean forecast archive on AWS, TMP 2 m above ground"
2021-05-10,2021-05-17,7,rumor,ncep-gefs-mean-00z-noaa-aws,4.7,0,0,1.06,18,0,false,"NOAA GEFS 0.25 degree ensemble mean forecast archive on AWS, TMP 2 m above ground"
2021-05-01,2021-05-08,7,rumor,ncep-gefs-mean-00z-noaa-aws,-0.802,0,0,1.06,18,0,false,"NOAA GEFS 0.25 degree ensemble mean forecast archive on AWS, TMP 2 m above ground"
2021-05-18,2021-05-25,7,rumor,ncep-gefs-mean-00z-noaa-aws,11.638,0,0,1.06,18,0,false,"NOAA GEFS 0.25 degree ensemble mean forecast archive on AWS, TMP 2 m above ground"
2021-05-08,2021-05-15,7,rumor,ncep-gefs-mean-00z-noaa-aws,0.503,0,0,1.06,18,0,false,"NOAA GEFS 0.25 degree ensemble mean forecast archive on AWS, TMP 2 m above ground"
2021-05-13,2021-05-20,7,rumor,ncep-gefs-mean-00z-noaa-aws,6.832,0,0,1.06,18,0,false,"NOAA GEFS 0.25 degree ensemble mean forecast archive on AWS, TMP 2 m above ground"
2021-05-23,2021-05-30,7,rumor,ncep-gefs-mean-00z-noaa-aws,1.426,0,0,1.06,18,0,false,"NOAA GEFS 0.25 degree ensemble mean forecast archive on AWS, TMP 2 m above ground"
2021-05-22,2021-05-29,7,rumor,ncep-gefs-mean-00z-noaa-aws,1.734,0,0,1.06,18,0,false,"NOAA GEFS 0.25 degree ensemble mean forecast archive on AWS, TMP 2 m above ground"
2021-05-14,2021-05-21,7,rumor,ncep-gefs-mean-00z-noaa-aws,8.441,0,0,1.06,18,0,false,"NOAA GEFS 0.25 degree ensemble mean forecast archive on AWS, TMP 2 m above ground"
2021-05-07,2021-05-14,7,rumor,ncep-gefs-mean-00z-noaa-aws,1.681,0,0,1.06,18,0,false,"NOAA GEFS 0.25 degree ensemble mean forecast archive on AWS, TMP 2 m above ground"
2021-05-30,2021-06-06,7,rumor,ncep-gefs-mean-00z-noaa-aws,11.141,0,0,1.06,18,0,false,"NOAA GEFS 0.25 degree ensemble mean forecast archive on AWS, TMP 2 m above ground"
2021-05-02,2021-05-09,7,rumor,ncep-gefs-mean-00z-noaa-aws,-1.076,0,0,1.06,18,0,false,"NOAA GEFS 0.25 degree ensemble mean forecast archive on AWS, TMP 2 m above ground"
2021-05-12,2021-05-19,7,rumor,ncep-gefs-mean-00z-noaa-aws,5.265,0,0,1.06,18,0,false,"NOAA GEFS 0.25 degree ensemble mean forecast archive on AWS, TMP 2 m above ground"
2021-05-24,2021-05-31,7,rumor,ncep-gefs-mean-00z-noaa-aws,1.89,0,0,1.06,18,0,false,"NOAA GEFS 0.25 degree ensemble mean forecast archive on AWS, TMP 2 m above ground"
2021-06-01,2021-06-08,7,rumor,ncep-gefs-mean-00z-noaa-aws,11.952,0,0,1.06,18,0,false,"NOAA GEFS 0.25 degree ensemble mean forecast archive on AWS, TMP 2 m above ground"
2021-05-15,2021-05-22,7,rumor,ncep-gefs-mean-00z-noaa-aws,11.681,0,0,1.06,18,0,false,"NOAA GEFS 0.25 degree ensemble mean forecast archive on AWS, TMP 2 m above ground"
2021-05-21,2021-05-28,7,rumor,ncep-gefs-mean-00z-noaa-aws,6.999,0,0,1.06,18,0,false,"NOAA GEFS 0.25 degree ensemble mean forecast archive on AWS, TMP 2 m above ground"
2021-05-27,2021-06-03,7,rumor,ncep-gefs-mean-00z-noaa-aws,4.647,0,0,1.06,18,0,false,"NOAA GEFS 0.25 degree ensemble mean forecast archive on AWS, TMP 2 m above ground"
2021-05-03,2021-05-10,7,rumor,ncep-gefs-mean-00z-noaa-aws,2.819,0,0,1.06,18,0,false,"NOAA GEFS 0.25 degree ensemble mean forecast archive on AWS, TMP 2 m above ground"
2021-05-29,2021-06-05,7,rumor,ncep-gefs-mean-00z-noaa-aws,8.076,0,0,1.06,18,0,false,"NOAA GEFS 0.25 degree ensemble mean forecast archive on AWS, TMP 2 m above ground"
2021-05-04,2021-05-11,7,rumor,ncep-gefs-mean-00z-noaa-aws,0.647,0,0,1.06,18,0,false,"NOAA GEFS 0.25 degree ensemble mean forecast archive on AWS, TMP 2 m above ground"
2021-05-20,2021-05-27,7,rumor,ncep-gefs-mean-00z-noaa-aws,8.543,0,0,1.06,18,0,false,"NOAA GEFS 0.25 degree ensemble mean forecast archive on AWS, TMP 2 m above ground"
2021-06-05,2021-06-12,7,rumor,ncep-gefs-mean-00z-noaa-aws,7.699,0,0,1.06,18,0,false,"NOAA GEFS 0.25 degree ensemble mean forecast archive on AWS, TMP 2 m above ground"
2021-06-28,2021-07-05,7,rumor,ncep-gefs-mean-00z-noaa-aws,3.079,0,0,1.06,18,0,false,"NOAA GEFS 0.25 degree ensemble mean forecast archive on AWS, TMP 2 m above ground"
2021-06-16,2021-06-23,7,rumor,ncep-gefs-mean-00z-noaa-aws,2.524,0,0,1.06,18,0,false,"NOAA GEFS 0.25 degree ensemble mean forecast archive on AWS, TMP 2 m above ground"
2021-06-08,2021-06-15,7,rumor,ncep-gefs-mean-00z-noaa-aws,8.034,0,0,1.06,18,0,false,"NOAA GEFS 0.25 degree ensemble mean forecast archive on AWS, TMP 2 m above ground"
2021-06-10,2021-06-17,7,rumor,ncep-gefs-mean-00z-noaa-aws,4.191,0,0,1.06,18,0,false,"NOAA GEFS 0.25 degree ensemble mean forecast archive on AWS, TMP 2 m above ground"
2021-06-26,2021-07-03,7,rumor,ncep-gefs-mean-00z-noaa-aws,2.301,0,0,1.06,18,0,false,"NOAA GEFS 0.25 degree ensemble mean forecast archive on AWS, TMP 2 m above ground"
2021-06-22,2021-06-29,7,rumor,ncep-gefs-mean-00z-noaa-aws,4.9,0,0,1.06,18,0,false,"NOAA GEFS 0.25 degree ensemble mean forecast archive on AWS, TMP 2 m above ground"
2021-06-23,2021-06-30,7,rumor,ncep-gefs-mean-00z-noaa-aws,5.146,0,0,1.06,18,0,false,"NOAA GEFS 0.25 degree ensemble mean forecast archive on AWS, TMP 2 m above ground"
2021-06-20,2021-06-27,7,rumor,ncep-gefs-mean-00z-noaa-aws,3.242,0,0,1.06,18,0,false,"NOAA GEFS 0.25 degree ensemble mean forecast archive on AWS, TMP 2 m above ground"
2021-07-03,2021-07-10,7,rumor,ncep-gefs-mean-00z-noaa-aws,2.229,0,0,1.06,18,0,false,"NOAA GEFS 0.25 degree ensemble mean forecast archive on AWS, TMP 2 m above ground"
2021-06-14,2021-06-21,7,rumor,ncep-gefs-mean-00z-noaa-aws,3.595,0,0,1.06,18,0,false,"NOAA GEFS 0.25 degree ensemble mean forecast archive on AWS, TMP 2 m above ground"
2021-06-12,2021-06-19,7,rumor,ncep-gefs-mean-00z-noaa-aws,6.068,0,0,1.06,18,0,false,"NOAA GEFS 0.25 degree ensemble mean forecast archive on AWS, TMP 2 m above ground"
2021-06-30,2021-07-07,7,rumor,ncep-gefs-mean-00z-noaa-aws,6.703,0,0,1.06,18,0,false,"NOAA GEFS 0.25 degree ensemble mean forecast archive on AWS, TMP 2 m above ground"
2021-06-11,2021-06-18,7,rumor,ncep-gefs-mean-00z-noaa-aws,5.682,0,0,1.06,18,0,false,"NOAA GEFS 0.25 degree ensemble mean forecast archive on AWS, TMP 2 m above ground"
2021-06-18,2021-06-25,7,rumor,ncep-gefs-mean-00z-noaa-aws,3.314,0,0,1.06,18,0,false,"NOAA GEFS 0.25 degree ensemble mean forecast archive on AWS, TMP 2 m above ground"
2021-06-24,2021-07-01,7,rumor,ncep-gefs-mean-00z-noaa-aws,6.621,0,0,1.06,18,0,false,"NOAA GEFS 0.25 degree ensemble mean forecast archive on AWS, TMP 2 m above ground"
2021-06-06,2021-06-13,7,rumor,ncep-gefs-mean-00z-noaa-aws,8.655,0,0,1.06,18,0,false,"NOAA GEFS 0.25 degree ensemble mean forecast archive on AWS, TMP 2 m above ground"
2021-06-03,2021-06-10,7,rumor,ncep-gefs-mean-00z-noaa-aws,11.219,0,0,1.06,18,0,false,"NOAA GEFS 0.25 degree ensemble mean forecast archive on AWS, TMP 2 m above ground"
2021-06-27,2021-07-04,7,rumor,ncep-gefs-mean-00z-noaa-aws,0.43,0,0,1.06,18,0,false,"NOAA GEFS 0.25 degree ensemble mean forecast archive on AWS, TMP 2 m above ground"
2021-06-15,2021-06-22,7,rumor,ncep-gefs-mean-00z-noaa-aws,4.523,0,0,1.06,18,0,false,"NOAA GEFS 0.25 degree ensemble mean forecast archive on AWS, TMP 2 m above ground"
2021-06-07,2021-06-14,7,rumor,ncep-gefs-mean-00z-noaa-aws,7.276,0,0,1.06,18,0,false,"NOAA GEFS 0.25 degree ensemble mean forecast archive on AWS, TMP 2 m above ground"
2021-06-25,2021-07-02,7,rumor,ncep-gefs-mean-00z-noaa-aws,4.902,0,0,1.06,18,0,false,"NOAA GEFS 0.25 degree ensemble mean forecast archive on AWS, TMP 2 m above ground"
2021-07-01,2021-07-08,7,rumor,ncep-gefs-mean-00z-noaa-aws,4.629,0,0,1.06,18,0,false,"NOAA GEFS 0.25 degree ensemble mean forecast archive on AWS, TMP 2 m above ground"
2021-06-04,2021-06-11,7,rumor,ncep-gefs-mean-00z-noaa-aws,9.162,0,0,1.06,18,0,false,"NOAA GEFS 0.25 degree ensemble mean forecast archive on AWS, TMP 2 m above ground"
2021-06-19,2021-06-26,7,rumor,ncep-gefs-mean-00z-noaa-aws,4.643,0,0,1.06,18,0,false,"NOAA GEFS 0.25 degree ensemble mean forecast archive on AWS, TMP 2 m above ground"
2021-06-21,2021-06-28,7,rumor,ncep-gefs-mean-00z-noaa-aws,3.631,0,0,1.06,18,0,false,"NOAA GEFS 0.25 degree ensemble mean forecast archive on AWS, TMP 2 m above ground"
2021-06-17,2021-06-24,7,rumor,ncep-gefs-mean-00z-noaa-aws,0.909,0,0,1.06,18,0,false,"NOAA GEFS 0.25 degree ensemble mean forecast archive on AWS, TMP 2 m above ground"
2021-06-29,2021-07-06,7,rumor,ncep-gefs-mean-00z-noaa-aws,4.256,0,0,1.06,18,0,false,"NOAA GEFS 0.25 degree ensemble mean forecast archive on AWS, TMP 2 m above ground"
2021-06-09,2021-06-16,7,rumor,ncep-gefs-mean-00z-noaa-aws,5.906,0,0,1.06,18,0,false,"NOAA GEFS 0.25 degree ensemble mean forecast archive on AWS, TMP 2 m above ground"
2021-06-02,2021-06-09,7,rumor,ncep-gefs-mean-00z-noaa-aws,12.294,0,0,1.06,18,0,false,"NOAA GEFS 0.25 degree ensemble mean forecast archive on AWS, TMP 2 m above ground"
2021-06-13,2021-06-20,7,rumor,ncep-gefs-mean-00z-noaa-aws,4.497,0,0,1.06,18,0,false,"NOAA GEFS 0.25 degree ensemble mean forecast archive on AWS, TMP 2 m above ground"
2021-07-02,2021-07-09,7,rumor,ncep-gefs-mean-00z-noaa-aws,1.071,0,0,1.06,18,0,false,"NOAA GEFS 0.25 degree ensemble mean forecast archive on AWS, TMP 2 m above ground"
2021-07-06,2021-07-13,7,rumor,ncep-gefs-mean-00z-noaa-aws,4.055,0,0,1.06,18,0,false,"NOAA GEFS 0.25 degree ensemble mean forecast archive on AWS, TMP 2 m above ground"
2021-07-12,2021-07-19,7,rumor,ncep-gefs-mean-00z-noaa-aws,3.354,0,0,1.06,18,0,false,"NOAA GEFS 0.25 degree ensemble mean forecast archive on AWS, TMP 2 m above ground"
2021-07-27,2021-08-03,7,rumor,ncep-gefs-mean-00z-noaa-aws,-0.082,0,0,1.06,18,0,false,"NOAA GEFS 0.25 degree ensemble mean forecast archive on AWS, TMP 2 m above ground"
2021-08-02,2021-08-09,7,rumor,ncep-gefs-mean-00z-noaa-aws,9,0,0,1.06,18,0,false,"NOAA GEFS 0.25 degree ensemble mean forecast archive on AWS, TMP 2 m above ground"
2021-07-07,2021-07-14,7,rumor,ncep-gefs-mean-00z-noaa-aws,5.351,0,0,1.06,18,0,false,"NOAA GEFS 0.25 degree ensemble mean forecast archive on AWS, TMP 2 m above ground"
2021-07-21,2021-07-28,7,rumor,ncep-gefs-mean-00z-noaa-aws,6.533,0,0,1.06,18,0,false,"NOAA GEFS 0.25 degree ensemble mean forecast archive on AWS, TMP 2 m above ground"
2021-08-04,2021-08-11,7,rumor,ncep-gefs-mean-00z-noaa-aws,11.549,0,0,1.06,18,0,false,"NOAA GEFS 0.25 degree ensemble mean forecast archive on AWS, TMP 2 m above ground"
2021-07-15,2021-07-22,7,rumor,ncep-gefs-mean-00z-noaa-aws,4.405,0,0,1.06,18,0,false,"NOAA GEFS 0.25 degree ensemble mean forecast archive on AWS, TMP 2 m above ground"
2021-08-03,2021-08-10,7,rumor,ncep-gefs-mean-00z-noaa-aws,9.996,0,0,1.06,18,0,false,"NOAA GEFS 0.25 degree ensemble mean forecast archive on AWS, TMP 2 m above ground"
2021-07-26,2021-08-02,7,rumor,ncep-gefs-mean-00z-noaa-aws,4.043,0,0,1.06,18,0,false,"NOAA GEFS 0.25 degree ensemble mean forecast archive on AWS, TMP 2 m above ground"
2021-07-11,2021-07-18,7,rumor,ncep-gefs-mean-00z-noaa-aws,6.607,0,0,1.06,18,0,false,"NOAA GEFS 0.25 degree ensemble mean forecast archive on AWS, TMP 2 m above ground"
2021-07-20,2021-07-27,7,rumor,ncep-gefs-mean-00z-noaa-aws,8.859,0,0,1.06,18,0,false,"NOAA GEFS 0.25 degree ensemble mean forecast archive on AWS, TMP 2 m above ground"
2021-07-14,2021-07-21,7,rumor,ncep-gefs-mean-00z-noaa-aws,3.294,0,0,1.06,18,0,false,"NOAA GEFS 0.25 degree ensemble mean forecast archive on AWS, TMP 2 m above ground"
2021-07-29,2021-08-05,7,rumor,ncep-gefs-mean-00z-noaa-aws,1.772,0,0,1.06,18,0,false,"NOAA GEFS 0.25 degree ensemble mean forecast archive on AWS, TMP 2 m above ground"
2021-07-31,2021-08-07,7,rumor,ncep-gefs-mean-00z-noaa-aws,4.3,0,0,1.06,18,0,false,"NOAA GEFS 0.25 degree ensemble mean forecast archive on AWS, TMP 2 m above ground"
2021-07-13,2021-07-20,7,rumor,ncep-gefs-mean-00z-noaa-aws,2.514,0,0,1.06,18,0,false,"NOAA GEFS 0.25 degree ensemble mean forecast archive on AWS, TMP 2 m above ground"
2021-07-25,2021-08-01,7,rumor,ncep-gefs-mean-00z-noaa-aws,3.959,0,0,1.06,18,0,false,"NOAA GEFS 0.25 degree ensemble mean forecast archive on AWS, TMP 2 m above ground"
2021-07-22,2021-07-29,7,rumor,ncep-gefs-mean-00z-noaa-aws,8.074,0,0,1.06,18,0,false,"NOAA GEFS 0.25 degree ensemble mean forecast archive on AWS, TMP 2 m above ground"
2021-07-19,2021-07-26,7,rumor,ncep-gefs-mean-00z-noaa-aws,7.698,0,0,1.06,18,0,false,"NOAA GEFS 0.25 degree ensemble mean forecast archive on AWS, TMP 2 m above ground"
2021-07-23,2021-07-30,7,rumor,ncep-gefs-mean-00z-noaa-aws,6.924,0,0,1.06,18,0,false,"NOAA GEFS 0.25 degree ensemble mean forecast archive on AWS, TMP 2 m above ground"
2021-07-10,2021-07-17,7,rumor,ncep-gefs-mean-00z-noaa-aws,5.752,0,0,1.06,18,0,false,"NOAA GEFS 0.25 degree ensemble mean forecast archive on AWS, TMP 2 m above ground"
2021-07-16,2021-07-23,7,rumor,ncep-gefs-mean-00z-noaa-aws,6.022,0,0,1.06,18,0,false,"NOAA GEFS 0.25 degree ensemble mean forecast archive on AWS, TMP 2 m above ground"
2021-07-05,2021-07-12,7,rumor,ncep-gefs-mean-00z-noaa-aws,3.73,0,0,1.06,18,0,false,"NOAA GEFS 0.25 degree ensemble mean forecast archive on AWS, TMP 2 m above ground"
2021-08-01,2021-08-08,7,rumor,ncep-gefs-mean-00z-noaa-aws,7.81,0,0,1.06,18,0,false,"NOAA GEFS 0.25 degree ensemble mean forecast archive on AWS, TMP 2 m above ground"
2021-07-09,2021-07-16,7,rumor,ncep-gefs-mean-00z-noaa-aws,6.82,0,0,1.06,18,0,false,"NOAA GEFS 0.25 degree ensemble mean forecast archive on AWS, TMP 2 m above ground"
2021-07-04,2021-07-11,7,rumor,ncep-gefs-mean-00z-noaa-aws,3.949,0,0,1.06,18,0,false,"NOAA GEFS 0.25 degree ensemble mean forecast archive on AWS, TMP 2 m above ground"
2021-07-24,2021-07-31,7,rumor,ncep-gefs-mean-00z-noaa-aws,4.582,0,0,1.06,18,0,false,"NOAA GEFS 0.25 degree ensemble mean forecast archive on AWS, TMP 2 m above ground"
2021-07-17,2021-07-24,7,rumor,ncep-gefs-mean-00z-noaa-aws,5.869,0,0,1.06,18,0,false,"NOAA GEFS 0.25 degree ensemble mean forecast archive on AWS, TMP 2 m above ground"
2021-07-08,2021-07-15,7,rumor,ncep-gefs-mean-00z-noaa-aws,7.024,0,0,1.06,18,0,false,"NOAA GEFS 0.25 degree ensemble mean forecast archive on AWS, TMP 2 m above ground"
2021-07-18,2021-07-25,7,rumor,ncep-gefs-mean-00z-noaa-aws,7.023,0,0,1.06,18,0,false,"NOAA GEFS 0.25 degree ensemble mean forecast archive on AWS, TMP 2 m above ground"
2021-07-28,2021-08-04,7,rumor,ncep-gefs-mean-00z-noaa-aws,-0.511,0,0,1.06,18,0,false,"NOAA GEFS 0.25 degree ensemble mean forecast archive on AWS, TMP 2 m above ground"
2021-07-30,2021-08-06,7,rumor,ncep-gefs-mean-00z-noaa-aws,2.434,0,0,1.06,18,0,false,"NOAA GEFS 0.25 degree ensemble mean forecast archive on AWS, TMP 2 m above ground"
2021-08-07,2021-08-14,7,rumor,ncep-gefs-mean-00z-noaa-aws,9.076,0,0,1.06,18,0,false,"NOAA GEFS 0.25 degree ensemble mean forecast archive on AWS, TMP 2 m above ground"
2021-08-31,2021-09-07,7,rumor,ncep-gefs-mean-00z-noaa-aws,4.312,0,0,1.06,18,0,false,"NOAA GEFS 0.25 degree ensemble mean forecast archive on AWS, TMP 2 m above ground"
2021-08-18,2021-08-25,7,rumor,ncep-gefs-mean-00z-noaa-aws,9.773,0,0,1.06,18,0,false,"NOAA GEFS 0.25 degree ensemble mean forecast archive on AWS, TMP 2 m above ground"
2021-09-01,2021-09-08,7,rumor,ncep-gefs-mean-00z-noaa-aws,5.909,0,0,1.06,18,0,false,"NOAA GEFS 0.25 degree ensemble mean forecast archive on AWS, TMP 2 m above ground"
2021-08-28,2021-09-04,7,rumor,ncep-gefs-mean-00z-noaa-aws,3.503,0,0,1.06,18,0,false,"NOAA GEFS 0.25 degree ensemble mean forecast archive on AWS, TMP 2 m above ground"
2021-09-02,2021-09-09,7,rumor,ncep-gefs-mean-00z-noaa-aws,6.628,0,0,1.06,18,0,false,"NOAA GEFS 0.25 degree ensemble mean forecast archive on AWS, TMP 2 m above ground"
2021-08-30,2021-09-06,7,rumor,ncep-gefs-mean-00z-noaa-aws,5.313,0,0,1.06,18,0,false,"NOAA GEFS 0.25 degree ensemble mean forecast archive on AWS, TMP 2 m above ground"
2021-08-06,2021-08-13,7,rumor,ncep-gefs-mean-00z-noaa-aws,9.681,0,0,1.06,18,0,false,"NOAA GEFS 0.25 degree ensemble mean forecast archive on AWS, TMP 2 m above ground"
2021-09-03,2021-09-10,7,rumor,ncep-gefs-mean-00z-noaa-aws,3.757,0,0,1.06,18,0,false,"NOAA GEFS 0.25 degree ensemble mean forecast archive on AWS, TMP 2 m above ground"
2021-08-26,2021-09-02,7,rumor,ncep-gefs-mean-00z-noaa-aws,4.833,0,0,1.06,18,0,false,"NOAA GEFS 0.25 degree ensemble mean forecast archive on AWS, TMP 2 m above ground"
2021-08-16,2021-08-23,7,rumor,ncep-gefs-mean-00z-noaa-aws,7.715,0,0,1.06,18,0,false,"NOAA GEFS 0.25 degree ensemble mean forecast archive on AWS, TMP 2 m above ground"
2021-08-13,2021-08-20,7,rumor,ncep-gefs-mean-00z-noaa-aws,7.076,0,0,1.06,18,0,false,"NOAA GEFS 0.25 degree ensemble mean forecast archive on AWS, TMP 2 m above ground"
2021-08-29,2021-09-05,7,rumor,ncep-gefs-mean-00z-noaa-aws,5.316,0,0,1.06,18,0,false,"NOAA GEFS 0.25 degree ensemble mean forecast archive on AWS, TMP 2 m above ground"
2021-09-04,2021-09-11,7,rumor,ncep-gefs-mean-00z-noaa-aws,4.15,0,0,1.06,18,0,false,"NOAA GEFS 0.25 degree ensemble mean forecast archive on AWS, TMP 2 m above ground"
2021-08-10,2021-08-17,7,rumor,ncep-gefs-mean-00z-noaa-aws,5.337,0,0,1.06,18,0,false,"NOAA GEFS 0.25 degree ensemble mean forecast archive on AWS, TMP 2 m above ground"
2021-08-12,2021-08-19,7,rumor,ncep-gefs-mean-00z-noaa-aws,6.446,0,0,1.06,18,0,false,"NOAA GEFS 0.25 degree ensemble mean forecast archive on AWS, TMP 2 m above ground"
2021-08-05,2021-08-12,7,rumor,ncep-gefs-mean-00z-noaa-aws,10.645,0,0,1.06,18,0,false,"NOAA GEFS 0.25 degree ensemble mean forecast archive on AWS, TMP 2 m above ground"
2021-08-14,2021-08-21,7,rumor,ncep-gefs-mean-00z-noaa-aws,7.677,0,0,1.06,18,0,false,"NOAA GEFS 0.25 degree ensemble mean forecast archive on AWS, TMP 2 m above ground"
2021-08-24,2021-08-31,7,rumor,ncep-gefs-mean-00z-noaa-aws,7.168,0,0,1.06,18,0,false,"NOAA GEFS 0.25 degree ensemble mean forecast archive on AWS, TMP 2 m above ground"
2021-08-27,2021-09-03,7,rumor,ncep-gefs-mean-00z-noaa-aws,2.324,0,0,1.06,18,0,false,"NOAA GEFS 0.25 degree ensemble mean forecast archive on AWS, TMP 2 m above ground"
2021-08-09,2021-08-16,7,rumor,ncep-gefs-mean-00z-noaa-aws,5.094,0,0,1.06,18,0,false,"NOAA GEFS 0.25 degree ensemble mean forecast archive on AWS, TMP 2 m above ground"
2021-08-22,2021-08-29,7,rumor,ncep-gefs-mean-00z-noaa-aws,7.774,0,0,1.06,18,0,false,"NOAA GEFS 0.25 degree ensemble mean forecast archive on AWS, TMP 2 m above ground"
2021-08-17,2021-08-24,7,rumor,ncep-gefs-mean-00z-noaa-aws,8.747,0,0,1.06,18,0,false,"NOAA GEFS 0.25 degree ensemble mean forecast archive on AWS, TMP 2 m above ground"
2021-08-11,2021-08-18,7,rumor,ncep-gefs-mean-00z-noaa-aws,4.335,0,0,1.06,18,0,false,"NOAA GEFS 0.25 degree ensemble mean forecast archive on AWS, TMP 2 m above ground"
2021-08-08,2021-08-15,7,rumor,ncep-gefs-mean-00z-noaa-aws,8.422,0,0,1.06,18,0,false,"NOAA GEFS 0.25 degree ensemble mean forecast archive on AWS, TMP 2 m above ground"
2021-08-20,2021-08-27,7,rumor,ncep-gefs-mean-00z-noaa-aws,7.512,0,0,1.06,18,0,false,"NOAA GEFS 0.25 degree ensemble mean forecast archive on AWS, TMP 2 m above ground"
2021-08-25,2021-09-01,7,rumor,ncep-gefs-mean-00z-noaa-aws,7.396,0,0,1.06,18,0,false,"NOAA GEFS 0.25 degree ensemble mean forecast archive on AWS, TMP 2 m above ground"
2021-08-21,2021-08-28,7,rumor,ncep-gefs-mean-00z-noaa-aws,6.082,0,0,1.06,18,0,false,"NOAA GEFS 0.25 degree ensemble mean forecast archive on AWS, TMP 2 m above ground"
2021-09-05,2021-09-12,7,rumor,ncep-gefs-mean-00z-noaa-aws,7.059,0,0,1.06,18,0,false,"NOAA GEFS 0.25 degree ensemble mean forecast archive on AWS, TMP 2 m above ground"
2021-08-23,2021-08-30,7,rumor,ncep-gefs-mean-00z-noaa-aws,8.377,0,0,1.06,18,0,false,"NOAA GEFS 0.25 degree ensemble mean forecast archive on AWS, TMP 2 m above ground"
2021-08-19,2021-08-26,7,rumor,ncep-gefs-mean-00z-noaa-aws,7.818,0,0,1.06,18,0,false,"NOAA GEFS 0.25 degree ensemble mean forecast archive on AWS, TMP 2 m above ground"
2021-08-15,2021-08-22,7,rumor,ncep-gefs-mean-00z-noaa-aws,7.802,0,0,1.06,18,0,false,"NOAA GEFS 0.25 degree ensemble mean forecast archive on AWS, TMP 2 m above ground"
2022-04-30,2022-05-07,7,rumor,ncep-gefs-mean-00z-noaa-aws,-1.074,0.094,0,1.06,18,0,false,"NOAA GEFS 0.25 degree ensemble mean forecast archive on AWS, TMP 2 m above ground"
2022-04-28,2022-05-05,7,rumor,ncep-gefs-mean-00z-noaa-aws,7.177,0,0,1.06,18,0,false,"NOAA GEFS 0.25 degree ensemble mean forecast archive on AWS, TMP 2 m above ground"
2021-09-14,2021-09-21,7,rumor,ncep-gefs-mean-00z-noaa-aws,11.771,0,0,1.06,18,0,false,"NOAA GEFS 0.25 degree ensemble mean forecast archive on AWS, TMP 2 m above ground"
2021-09-20,2021-09-27,7,rumor,ncep-gefs-mean-00z-noaa-aws,4.392,0,0,1.06,18,0,false,"NOAA GEFS 0.25 degree ensemble mean forecast archive on AWS, TMP 2 m above ground"
2021-09-07,2021-09-14,7,rumor,ncep-gefs-mean-00z-noaa-aws,7.045,0,0,1.06,18,0,false,"NOAA GEFS 0.25 degree ensemble mean forecast archive on AWS, TMP 2 m above ground"
2022-05-05,2022-05-12,7,rumor,ncep-gefs-mean-00z-noaa-aws,13.43,0,0,1.06,18,0,false,"NOAA GEFS 0.25 degree ensemble mean forecast archive on AWS, TMP 2 m above ground"
2022-05-01,2022-05-08,7,rumor,ncep-gefs-mean-00z-noaa-aws,1.241,0,0,1.06,18,0,false,"NOAA GEFS 0.25 degree ensemble mean forecast archive on AWS, TMP 2 m above ground"
2022-04-24,2022-05-01,7,rumor,ncep-gefs-mean-00z-noaa-aws,4.058,0,0,1.06,18,0,false,"NOAA GEFS 0.25 degree ensemble mean forecast archive on AWS, TMP 2 m above ground"
2021-09-19,2021-09-26,7,rumor,ncep-gefs-mean-00z-noaa-aws,3.836,0,0,1.06,18,0,false,"NOAA GEFS 0.25 degree ensemble mean forecast archive on AWS, TMP 2 m above ground"
2022-04-29,2022-05-06,7,rumor,ncep-gefs-mean-00z-noaa-aws,2.919,0,0,1.06,18,0,false,"NOAA GEFS 0.25 degree ensemble mean forecast archive on AWS, TMP 2 m above ground"
2022-05-07,2022-05-14,7,rumor,ncep-gefs-mean-00z-noaa-aws,13.559,0,0,1.06,18,0,false,"NOAA GEFS 0.25 degree ensemble mean forecast archive on AWS, TMP 2 m above ground"
2021-09-08,2021-09-15,7,rumor,ncep-gefs-mean-00z-noaa-aws,9.597,0,0,1.06,18,0,false,"NOAA GEFS 0.25 degree ensemble mean forecast archive on AWS, TMP 2 m above ground"
2021-09-16,2021-09-23,7,rumor,ncep-gefs-mean-00z-noaa-aws,5.299,0,0,1.06,18,0,false,"NOAA GEFS 0.25 degree ensemble mean forecast archive on AWS, TMP 2 m above ground"
2022-05-06,2022-05-13,7,rumor,ncep-gefs-mean-00z-noaa-aws,13.153,0,0,1.06,18,0,false,"NOAA GEFS 0.25 degree ensemble mean forecast archive on AWS, TMP 2 m above ground"
2021-09-22,2021-09-29,7,rumor,ncep-gefs-mean-00z-noaa-aws,9.218,0,0,1.06,18,0,false,"NOAA GEFS 0.25 degree ensemble mean forecast archive on AWS, TMP 2 m above ground"
2021-09-06,2021-09-13,7,rumor,ncep-gefs-mean-00z-noaa-aws,7.548,0,0,1.06,18,0,false,"NOAA GEFS 0.25 degree ensemble mean forecast archive on AWS, TMP 2 m above ground"
2021-09-18,2021-09-25,7,rumor,ncep-gefs-mean-00z-noaa-aws,1.207,0,0,1.06,18,0,false,"NOAA GEFS 0.25 degree ensemble mean forecast archive on AWS, TMP 2 m above ground"
2021-09-12,2021-09-19,7,rumor,ncep-gefs-mean-00z-noaa-aws,11.537,0,0,1.06,18,0,false,"NOAA GEFS 0.25 degree ensemble mean forecast archive on AWS, TMP 2 m above ground"
2021-09-23,2021-09-30,7,rumor,ncep-gefs-mean-00z-noaa-aws,11.143,0,0,1.06,18,0,false,"NOAA GEFS 0.25 degree ensemble mean forecast archive on AWS, TMP 2 m above ground"
2022-05-03,2022-05-10,7,rumor,ncep-gefs-mean-00z-noaa-aws,8.061,0,0,1.06,18,0,false,"NOAA GEFS 0.25 degree ensemble mean forecast archive on AWS, TMP 2 m above ground"
2021-09-10,2021-09-17,7,rumor,ncep-gefs-mean-00z-noaa-aws,7.633,0,0,1.06,18,0,false,"NOAA GEFS 0.25 degree ensemble mean forecast archive on AWS, TMP 2 m above ground"
2022-04-26,2022-05-03,7,rumor,ncep-gefs-mean-00z-noaa-aws,6.294,0,0,1.06,18,0,false,"NOAA GEFS 0.25 degree ensemble mean forecast archive on AWS, TMP 2 m above ground"
2022-04-27,2022-05-04,7,rumor,ncep-gefs-mean-00z-noaa-aws,6.193,0,0,1.06,18,0,false,"NOAA GEFS 0.25 degree ensemble mean forecast archive on AWS, TMP 2 m above ground"
2021-09-11,2021-09-18,7,rumor,ncep-gefs-mean-00z-noaa-aws,9.807,0,0,1.06,18,0,false,"NOAA GEFS 0.25 degree ensemble mean forecast archive on AWS, TMP 2 m above ground"
2022-05-02,2022-05-09,7,rumor,ncep-gefs-mean-00z-noaa-aws,3.418,0,0,1.06,18,0,false,"NOAA GEFS 0.25 degree ensemble mean forecast archive on AWS, TMP 2 m above ground"
2021-09-13,2021-09-20,7,rumor,ncep-gefs-mean-00z-noaa-aws,13.191,0,0,1.06,18,0,false,"NOAA GEFS 0.25 degree ensemble mean forecast archive on AWS, TMP 2 m above ground"
2021-09-17,2021-09-24,7,rumor,ncep-gefs-mean-00z-noaa-aws,2.273,0,0,1.06,18,0,false,"NOAA GEFS 0.25 degree ensemble mean forecast archive on AWS, TMP 2 m above ground"
2022-05-04,2022-05-11,7,rumor,ncep-gefs-mean-00z-noaa-aws,13.05,0,0,1.06,18,0,false,"NOAA GEFS 0.25 degree ensemble mean forecast archive on AWS, TMP 2 m above ground"
2021-09-21,2021-09-28,7,rumor,ncep-gefs-mean-00z-noaa-aws,7.262,0,0,1.06,18,0,false,"NOAA GEFS 0.25 degree ensemble mean forecast archive on AWS, TMP 2 m above ground"
2022-04-25,2022-05-02,7,rumor,ncep-gefs-mean-00z-noaa-aws,3.824,0,0,1.06,18,0,false,"NOAA GEFS 0.25 degree ensemble mean forecast archive on AWS, TMP 2 m above ground"
2021-09-09,2021-09-16,7,rumor,ncep-gefs-mean-00z-noaa-aws,6.624,0,0,1.06,18,0,false,"NOAA GEFS 0.25 degree ensemble mean forecast archive on AWS, TMP 2 m above ground"
2021-09-15,2021-09-22,7,rumor,ncep-gefs-mean-00z-noaa-aws,9.078,0,0,1.06,18,0,false,"NOAA GEFS 0.25 degree ensemble mean forecast archive on AWS, TMP 2 m above ground"
2022-06-01,2022-06-08,7,rumor,ncep-gefs-mean-00z-noaa-aws,5.686,0,0,1.06,18,0,false,"NOAA GEFS 0.25 degree ensemble mean forecast archive on AWS, TMP 2 m above ground"
2022-05-24,2022-05-31,7,rumor,ncep-gefs-mean-00z-noaa-aws,10.898,0,0,1.06,18,0,false,"NOAA GEFS 0.25 degree ensemble mean forecast archive on AWS, TMP 2 m above ground"
2022-06-03,2022-06-10,7,rumor,ncep-gefs-mean-00z-noaa-aws,5.149,0,0,1.06,18,0,false,"NOAA GEFS 0.25 degree ensemble mean forecast archive on AWS, TMP 2 m above ground"
2022-05-17,2022-05-24,7,rumor,ncep-gefs-mean-00z-noaa-aws,1.996,0,0,1.06,18,0,false,"NOAA GEFS 0.25 degree ensemble mean forecast archive on AWS, TMP 2 m above ground"
2022-05-21,2022-05-28,7,rumor,ncep-gefs-mean-00z-noaa-aws,5.15,0,0,1.06,18,0,false,"NOAA GEFS 0.25 degree ensemble mean forecast archive on AWS, TMP 2 m above ground"
2022-06-07,2022-06-14,7,rumor,ncep-gefs-mean-00z-noaa-aws,7.646,0,0,1.06,18,0,false,"NOAA GEFS 0.25 degree ensemble mean forecast archive on AWS, TMP 2 m above ground"
2022-06-04,2022-06-11,7,rumor,ncep-gefs-mean-00z-noaa-aws,4.68,0,0,1.06,18,0,false,"NOAA GEFS 0.25 degree ensemble mean forecast archive on AWS, TMP 2 m above ground"
2022-05-16,2022-05-23,7,rumor,ncep-gefs-mean-00z-noaa-aws,4.419,0,0,1.06,18,0,false,"NOAA GEFS 0.25 degree ensemble mean forecast archive on AWS, TMP 2 m above ground"
2022-05-12,2022-05-19,7,rumor,ncep-gefs-mean-00z-noaa-aws,8.176,0,0,1.06,18,0,false,"NOAA GEFS 0.25 degree ensemble mean forecast archive on AWS, TMP 2 m above ground"
2022-05-25,2022-06-01,7,rumor,ncep-gefs-mean-00z-noaa-aws,13.779,0,0,1.06,18,0,false,"NOAA GEFS 0.25 degree ensemble mean forecast archive on AWS, TMP 2 m above ground"
2022-06-02,2022-06-09,7,rumor,ncep-gefs-mean-00z-noaa-aws,5.317,0,0,1.06,18,0,false,"NOAA GEFS 0.25 degree ensemble mean forecast archive on AWS, TMP 2 m above ground"
2022-05-14,2022-05-21,7,rumor,ncep-gefs-mean-00z-noaa-aws,14.581,0,0,1.06,18,0,false,"NOAA GEFS 0.25 degree ensemble mean forecast archive on AWS, TMP 2 m above ground"
2022-05-09,2022-05-16,7,rumor,ncep-gefs-mean-00z-noaa-aws,11.318,0,0,1.06,18,0,false,"NOAA GEFS 0.25 degree ensemble mean forecast archive on AWS, TMP 2 m above ground"
2022-05-20,2022-05-27,7,rumor,ncep-gefs-mean-00z-noaa-aws,5.358,0,0,1.06,18,0,false,"NOAA GEFS 0.25 degree ensemble mean forecast archive on AWS, TMP 2 m above ground"
2022-05-15,2022-05-22,7,rumor,ncep-gefs-mean-00z-noaa-aws,10.617,0,0,1.06,18,0,false,"NOAA GEFS 0.25 degree ensemble mean forecast archive on AWS, TMP 2 m above ground"
2022-05-28,2022-06-04,7,rumor,ncep-gefs-mean-00z-noaa-aws,5.924,0,0,1.06,18,0,false,"NOAA GEFS 0.25 degree ensemble mean forecast archive on AWS, TMP 2 m above ground"
2022-06-08,2022-06-15,7,rumor,ncep-gefs-mean-00z-noaa-aws,12.775,0,0,1.06,18,0,false,"NOAA GEFS 0.25 degree ensemble mean forecast archive on AWS, TMP 2 m above ground"
2022-06-06,2022-06-13,7,rumor,ncep-gefs-mean-00z-noaa-aws,2.327,0,0,1.06,18,0,false,"NOAA GEFS 0.25 degree ensemble mean forecast archive on AWS, TMP 2 m above ground"
2022-05-27,2022-06-03,7,rumor,ncep-gefs-mean-00z-noaa-aws,5.414,0,0,1.06,18,0,false,"NOAA GEFS 0.25 degree ensemble mean forecast archive on AWS, TMP 2 m above ground"
2022-05-22,2022-05-29,7,rumor,ncep-gefs-mean-00z-noaa-aws,7.889,0,0,1.06,18,0,false,"NOAA GEFS 0.25 degree ensemble mean forecast archive on AWS, TMP 2 m above ground"
2022-05-08,2022-05-15,7,rumor,ncep-gefs-mean-00z-noaa-aws,12.167,0,0,1.06,18,0,false,"NOAA GEFS 0.25 degree ensemble mean forecast archive on AWS, TMP 2 m above ground"
2022-05-11,2022-05-18,7,rumor,ncep-gefs-mean-00z-noaa-aws,10.295,0,0,1.06,18,0,false,"NOAA GEFS 0.25 degree ensemble mean forecast archive on AWS, TMP 2 m above ground"
2022-05-10,2022-05-17,7,rumor,ncep-gefs-mean-00z-noaa-aws,10.932,0,0,1.06,18,0,false,"NOAA GEFS 0.25 degree ensemble mean forecast archive on AWS, TMP 2 m above ground"
2022-05-30,2022-06-06,7,rumor,ncep-gefs-mean-00z-noaa-aws,4.136,0,0,1.06,18,0,false,"NOAA GEFS 0.25 degree ensemble mean forecast archive on AWS, TMP 2 m above ground"
2022-06-05,2022-06-12,7,rumor,ncep-gefs-mean-00z-noaa-aws,4.657,0,0,1.06,18,0,false,"NOAA GEFS 0.25 degree ensemble mean forecast archive on AWS, TMP 2 m above ground"
2022-05-31,2022-06-07,7,rumor,ncep-gefs-mean-00z-noaa-aws,6.041,0,0,1.06,18,0,false,"NOAA GEFS 0.25 degree ensemble mean forecast archive on AWS, TMP 2 m above ground"
2022-05-23,2022-05-30,7,rumor,ncep-gefs-mean-00z-noaa-aws,8.323,0,0,1.06,18,0,false,"NOAA GEFS 0.25 degree ensemble mean forecast archive on AWS, TMP 2 m above ground"
2022-05-18,2022-05-25,7,rumor,ncep-gefs-mean-00z-noaa-aws,3.572,0,0,1.06,18,0,false,"NOAA GEFS 0.25 degree ensemble mean forecast archive on AWS, TMP 2 m above ground"
2022-05-29,2022-06-05,7,rumor,ncep-gefs-mean-00z-noaa-aws,4.413,0,0,1.06,18,0,false,"NOAA GEFS 0.25 degree ensemble mean forecast archive on AWS, TMP 2 m above ground"
2022-05-26,2022-06-02,7,rumor,ncep-gefs-mean-00z-noaa-aws,12.409,0,0,1.06,18,0,false,"NOAA GEFS 0.25 degree ensemble mean forecast archive on AWS, TMP 2 m above ground"
2022-05-19,2022-05-26,7,rumor,ncep-gefs-mean-00z-noaa-aws,5.209,0,0,1.06,18,0,false,"NOAA GEFS 0.25 degree ensemble mean forecast archive on AWS, TMP 2 m above ground"
2022-05-13,2022-05-20,7,rumor,ncep-gefs-mean-00z-noaa-aws,10.216,0,0,1.06,18,0,false,"NOAA GEFS 0.25 degree ensemble mean forecast archive on AWS, TMP 2 m above ground"
2022-06-16,2022-06-23,7,rumor,ncep-gefs-mean-00z-noaa-aws,10.688,0,0,1.06,18,0,false,"NOAA GEFS 0.25 degree ensemble mean forecast archive on AWS, TMP 2 m above ground"
2022-06-15,2022-06-22,7,rumor,ncep-gefs-mean-00z-noaa-aws,10.44,0,0,1.06,18,0,false,"NOAA GEFS 0.25 degree ensemble mean forecast archive on AWS, TMP 2 m above ground"
2022-06-19,2022-06-26,7,rumor,ncep-gefs-mean-00z-noaa-aws,8.674,0,0,1.06,18,0,false,"NOAA GEFS 0.25 degree ensemble mean forecast archive on AWS, TMP 2 m above ground"
2022-07-01,2022-07-08,7,rumor,ncep-gefs-mean-00z-noaa-aws,6.322,0,0,1.06,18,0,false,"NOAA GEFS 0.25 degree ensemble mean forecast archive on AWS, TMP 2 m above ground"
2022-06-25,2022-07-02,7,rumor,ncep-gefs-mean-00z-noaa-aws,7.416,0,0,1.06,18,0,false,"NOAA GEFS 0.25 degree ensemble mean forecast archive on AWS, TMP 2 m above ground"
2022-06-11,2022-06-18,7,rumor,ncep-gefs-mean-00z-noaa-aws,9.537,0,0,1.06,18,0,false,"NOAA GEFS 0.25 degree ensemble mean forecast archive on AWS, TMP 2 m above ground"
2022-06-21,2022-06-28,7,rumor,ncep-gefs-mean-00z-noaa-aws,2.675,0,0,1.06,18,0,false,"NOAA GEFS 0.25 degree ensemble mean forecast archive on AWS, TMP 2 m above ground"
2022-06-23,2022-06-30,7,rumor,ncep-gefs-mean-00z-noaa-aws,4.872,0,0,1.06,18,0,false,"NOAA GEFS 0.25 degree ensemble mean forecast archive on AWS, TMP 2 m above ground"
2022-06-09,2022-06-16,7,rumor,ncep-gefs-mean-00z-noaa-aws,10.732,0,0,1.06,18,0,false,"NOAA GEFS 0.25 degree ensemble mean forecast archive on AWS, TMP 2 m above ground"
2022-06-26,2022-07-03,7,rumor,ncep-gefs-mean-00z-noaa-aws,7.261,0,0,1.06,18,0,false,"NOAA GEFS 0.25 degree ensemble mean forecast archive on AWS, TMP 2 m above ground"
2022-07-03,2022-07-10,7,rumor,ncep-gefs-mean-00z-noaa-aws,6.547,0,0,1.06,18,0,false,"NOAA GEFS 0.25 degree ensemble mean forecast archive on AWS, TMP 2 m above ground"
2022-06-13,2022-06-20,7,rumor,ncep-gefs-mean-00z-noaa-aws,7.296,0,0,1.06,18,0,false,"NOAA GEFS 0.25 degree ensemble mean forecast archive on AWS, TMP 2 m above ground"
2022-06-20,2022-06-27,7,rumor,ncep-gefs-mean-00z-noaa-aws,5.735,0,0,1.06,18,0,false,"NOAA GEFS 0.25 degree ensemble mean forecast archive on AWS, TMP 2 m above ground"
2022-07-10,2022-07-17,7,rumor,ncep-gefs-mean-00z-noaa-aws,6.02,0,0,1.06,18,0,false,"NOAA GEFS 0.25 degree ensemble mean forecast archive on AWS, TMP 2 m above ground"
2022-06-17,2022-06-24,7,rumor,ncep-gefs-mean-00z-noaa-aws,9.6,0,0,1.06,18,0,false,"NOAA GEFS 0.25 degree ensemble mean forecast archive on AWS, TMP 2 m above ground"
2022-06-14,2022-06-21,7,rumor,ncep-gefs-mean-00z-noaa-aws,8.778,0,0,1.06,18,0,false,"NOAA GEFS 0.25 degree ensemble mean forecast archive on AWS, TMP 2 m above ground"
2022-07-07,2022-07-14,7,rumor,ncep-gefs-mean-00z-noaa-aws,7.433,0,0,1.06,18,0,false,"NOAA GEFS 0.25 degree ensemble mean forecast archive on AWS, TMP 2 m above ground"
2022-06-24,2022-07-01,7,rumor,ncep-gefs-mean-00z-noaa-aws,8.537,0,0,1.06,18,0,false,"NOAA GEFS 0.25 degree ensemble mean forecast archive on AWS, TMP 2 m above ground"
2022-07-02,2022-07-09,7,rumor,ncep-gefs-mean-00z-noaa-aws,6.909,0,0,1.06,18,0,false,"NOAA GEFS 0.25 degree ensemble mean forecast archive on AWS, TMP 2 m above ground"
2022-06-28,2022-07-05,7,rumor,ncep-gefs-mean-00z-noaa-aws,6.961,0,0,1.06,18,0,false,"NOAA GEFS 0.25 degree ensemble mean forecast archive on AWS, TMP 2 m above ground"
2022-06-12,2022-06-19,7,rumor,ncep-gefs-mean-00z-noaa-aws,7.268,0,0,1.06,18,0,false,"NOAA GEFS 0.25 degree ensemble mean forecast archive on AWS, TMP 2 m above ground"
2022-07-09,2022-07-16,7,rumor,ncep-gefs-mean-00z-noaa-aws,6.755,0,0,1.06,18,0,false,"NOAA GEFS 0.25 degree ensemble mean forecast archive on AWS, TMP 2 m above ground"
2022-07-05,2022-07-12,7,rumor,ncep-gefs-mean-00z-noaa-aws,7.459,0,0,1.06,18,0,false,"NOAA GEFS 0.25 degree ensemble mean forecast archive on AWS, TMP 2 m above ground"
2022-06-18,2022-06-25,7,rumor,ncep-gefs-mean-00z-noaa-aws,9.219,0,0,1.06,18,0,false,"NOAA GEFS 0.25 degree ensemble mean forecast archive on AWS, TMP 2 m above ground"
2022-07-04,2022-07-11,7,rumor,ncep-gefs-mean-00z-noaa-aws,7.077,0,0,1.06,18,0,false,"NOAA GEFS 0.25 degree ensemble mean forecast archive on AWS, TMP 2 m above ground"
2022-07-08,2022-07-15,7,rumor,ncep-gefs-mean-00z-noaa-aws,5.394,0,0,1.06,18,0,false,"NOAA GEFS 0.25 degree ensemble mean forecast archive on AWS, TMP 2 m above ground"
2022-06-10,2022-06-17,7,rumor,ncep-gefs-mean-00z-noaa-aws,10.63,0,0,1.06,18,0,false,"NOAA GEFS 0.25 degree ensemble mean forecast archive on AWS, TMP 2 m above ground"
2022-06-29,2022-07-06,7,rumor,ncep-gefs-mean-00z-noaa-aws,8.909,0,0,1.06,18,0,false,"NOAA GEFS 0.25 degree ensemble mean forecast archive on AWS, TMP 2 m above ground"
2022-07-06,2022-07-13,7,rumor,ncep-gefs-mean-00z-noaa-aws,7.886,0,0,1.06,18,0,false,"NOAA GEFS 0.25 degree ensemble mean forecast archive on AWS, TMP 2 m above ground"
2022-06-22,2022-06-29,7,rumor,ncep-gefs-mean-00z-noaa-aws,1.334,0,0,1.06,18,0,false,"NOAA GEFS 0.25 degree ensemble mean forecast archive on AWS, TMP 2 m above ground"
2022-06-27,2022-07-04,7,rumor,ncep-gefs-mean-00z-noaa-aws,5.888,0,0,1.06,18,0,false,"NOAA GEFS 0.25 degree ensemble mean forecast archive on AWS, TMP 2 m above ground"
2022-06-30,2022-07-07,7,rumor,ncep-gefs-mean-00z-noaa-aws,6.94,0,0,1.06,18,0,false,"NOAA GEFS 0.25 degree ensemble mean forecast archive on AWS, TMP 2 m above ground"
2022-07-13,2022-07-20,7,rumor,ncep-gefs-mean-00z-noaa-aws,8.669,0,0,1.06,18,0,false,"NOAA GEFS 0.25 degree ensemble mean forecast archive on AWS, TMP 2 m above ground"
2022-07-18,2022-07-25,7,rumor,ncep-gefs-mean-00z-noaa-aws,11.623,0,0,1.06,18,0,false,"NOAA GEFS 0.25 degree ensemble mean forecast archive on AWS, TMP 2 m above ground"
2022-07-24,2022-07-31,7,rumor,ncep-gefs-mean-00z-noaa-aws,4.428,0,0,1.06,18,0,false,"NOAA GEFS 0.25 degree ensemble mean forecast archive on AWS, TMP 2 m above ground"
2022-07-21,2022-07-28,7,rumor,ncep-gefs-mean-00z-noaa-aws,7.168,0,0,1.06,18,0,false,"NOAA GEFS 0.25 degree ensemble mean forecast archive on AWS, TMP 2 m above ground"
2022-07-20,2022-07-27,7,rumor,ncep-gefs-mean-00z-noaa-aws,8.885,0,0,1.06,18,0,false,"NOAA GEFS 0.25 degree ensemble mean forecast archive on AWS, TMP 2 m above ground"
2022-07-25,2022-08-01,7,rumor,ncep-gefs-mean-00z-noaa-aws,4.889,0,0,1.06,18,0,false,"NOAA GEFS 0.25 degree ensemble mean forecast archive on AWS, TMP 2 m above ground"
2022-07-16,2022-07-23,7,rumor,ncep-gefs-mean-00z-noaa-aws,11.305,0,0,1.06,18,0,false,"NOAA GEFS 0.25 degree ensemble mean forecast archive on AWS, TMP 2 m above ground"
2022-07-11,2022-07-18,7,rumor,ncep-gefs-mean-00z-noaa-aws,4.751,0,0,1.06,18,0,false,"NOAA GEFS 0.25 degree ensemble mean forecast archive on AWS, TMP 2 m above ground"
2022-08-10,2022-08-17,7,rumor,ncep-gefs-mean-00z-noaa-aws,2.425,0,0,1.06,18,0,false,"NOAA GEFS 0.25 degree ensemble mean forecast archive on AWS, TMP 2 m above ground"
2022-08-08,2022-08-15,7,rumor,ncep-gefs-mean-00z-noaa-aws,6.001,0,0,1.06,18,0,false,"NOAA GEFS 0.25 degree ensemble mean forecast archive on AWS, TMP 2 m above ground"
2022-07-19,2022-07-26,7,rumor,ncep-gefs-mean-00z-noaa-aws,10.296,0,0,1.06,18,0,false,"NOAA GEFS 0.25 degree ensemble mean forecast archive on AWS, TMP 2 m above ground"
2022-07-22,2022-07-29,7,rumor,ncep-gefs-mean-00z-noaa-aws,7.605,0,0,1.06,18,0,false,"NOAA GEFS 0.25 degree ensemble mean forecast archive on AWS, TMP 2 m above ground"
2022-07-28,2022-08-04,7,rumor,ncep-gefs-mean-00z-noaa-aws,12.104,0,0,1.06,18,0,false,"NOAA GEFS 0.25 degree ensemble mean forecast archive on AWS, TMP 2 m above ground"
2022-07-31,2022-08-07,7,rumor,ncep-gefs-mean-00z-noaa-aws,9.349,0,0,1.06,18,0,false,"NOAA GEFS 0.25 degree ensemble mean forecast archive on AWS, TMP 2 m above ground"
2022-08-03,2022-08-10,7,rumor,ncep-gefs-mean-00z-noaa-aws,8.617,0,0,1.06,18,0,false,"NOAA GEFS 0.25 degree ensemble mean forecast archive on AWS, TMP 2 m above ground"
2022-07-26,2022-08-02,7,rumor,ncep-gefs-mean-00z-noaa-aws,7.97,0,0,1.06,18,0,false,"NOAA GEFS 0.25 degree ensemble mean forecast archive on AWS, TMP 2 m above ground"
2022-07-27,2022-08-03,7,rumor,ncep-gefs-mean-00z-noaa-aws,9.261,0,0,1.06,18,0,false,"NOAA GEFS 0.25 degree ensemble mean forecast archive on AWS, TMP 2 m above ground"
2022-08-05,2022-08-12,7,rumor,ncep-gefs-mean-00z-noaa-aws,7.699,0,0,1.06,18,0,false,"NOAA GEFS 0.25 degree ensemble mean forecast archive on AWS, TMP 2 m above ground"
2022-07-15,2022-07-22,7,rumor,ncep-gefs-mean-00z-noaa-aws,9.238,0,0,1.06,18,0,false,"NOAA GEFS 0.25 degree ensemble mean forecast archive on AWS, TMP 2 m above ground"
2022-08-06,2022-08-13,7,rumor,ncep-gefs-mean-00z-noaa-aws,4.716,0,0,1.06,18,0,false,"NOAA GEFS 0.25 degree ensemble mean forecast archive on AWS, TMP 2 m above ground"
2022-07-12,2022-07-19,7,rumor,ncep-gefs-mean-00z-noaa-aws,6.387,0,0,1.06,18,0,false,"NOAA GEFS 0.25 degree ensemble mean forecast archive on AWS, TMP 2 m above ground"
2022-07-17,2022-07-24,7,rumor,ncep-gefs-mean-00z-noaa-aws,13.312,0,0,1.06,18,0,false,"NOAA GEFS 0.25 degree ensemble mean forecast archive on AWS, TMP 2 m above ground"
2022-07-29,2022-08-05,7,rumor,ncep-gefs-mean-00z-noaa-aws,13.621,0,0,1.06,18,0,false,"NOAA GEFS 0.25 degree ensemble mean forecast archive on AWS, TMP 2 m above ground"
2022-08-01,2022-08-08,7,rumor,ncep-gefs-mean-00z-noaa-aws,10.87,0,0,1.06,18,0,false,"NOAA GEFS 0.25 degree ensemble mean forecast archive on AWS, TMP 2 m above ground"
2022-07-30,2022-08-06,7,rumor,ncep-gefs-mean-00z-noaa-aws,10.114,0,0,1.06,18,0,false,"NOAA GEFS 0.25 degree ensemble mean forecast archive on AWS, TMP 2 m above ground"
2022-07-14,2022-07-21,7,rumor,ncep-gefs-mean-00z-noaa-aws,10.1,0,0,1.06,18,0,false,"NOAA GEFS 0.25 degree ensemble mean forecast archive on AWS, TMP 2 m above ground"
2022-08-07,2022-08-14,7,rumor,ncep-gefs-mean-00z-noaa-aws,6.139,0,0,1.06,18,0,false,"NOAA GEFS 0.25 degree ensemble mean forecast archive on AWS, TMP 2 m above ground"
2022-07-23,2022-07-30,7,rumor,ncep-gefs-mean-00z-noaa-aws,5.671,0,0,1.06,18,0,false,"NOAA GEFS 0.25 degree ensemble mean forecast archive on AWS, TMP 2 m above ground"
2022-08-02,2022-08-09,7,rumor,ncep-gefs-mean-00z-noaa-aws,7.986,0,0,1.06,18,0,false,"NOAA GEFS 0.25 degree ensemble mean forecast archive on AWS, TMP 2 m above ground"
2022-08-04,2022-08-11,7,rumor,ncep-gefs-mean-00z-noaa-aws,7.018,0,0,1.06,18,0,false,"NOAA GEFS 0.25 degree ensemble mean forecast archive on AWS, TMP 2 m above ground"
2022-08-21,2022-08-28,7,rumor,ncep-gefs-mean-00z-noaa-aws,6.169,0,0,1.06,18,0,false,"NOAA GEFS 0.25 degree ensemble mean forecast archive on AWS, TMP 2 m above ground"
2022-09-09,2022-09-16,7,rumor,ncep-gefs-mean-00z-noaa-aws,8.341,0,0,1.06,18,0,false,"NOAA GEFS 0.25 degree ensemble mean forecast archive on AWS, TMP 2 m above ground"
2022-08-18,2022-08-25,7,rumor,ncep-gefs-mean-00z-noaa-aws,5.219,0,0,1.06,18,0,false,"NOAA GEFS 0.25 degree ensemble mean forecast archive on AWS, TMP 2 m above ground"
2022-08-27,2022-09-03,7,rumor,ncep-gefs-mean-00z-noaa-aws,3.333,0,0,1.06,18,0,false,"NOAA GEFS 0.25 degree ensemble mean forecast archive on AWS, TMP 2 m above ground"
2022-09-06,2022-09-13,7,rumor,ncep-gefs-mean-00z-noaa-aws,2.635,0,0,1.06,18,0,false,"NOAA GEFS 0.25 degree ensemble mean forecast archive on AWS, TMP 2 m above ground"
2022-08-15,2022-08-22,7,rumor,ncep-gefs-mean-00z-noaa-aws,4.444,0,0,1.06,18,0,false,"NOAA GEFS 0.25 degree ensemble mean forecast archive on AWS, TMP 2 m above ground"
2022-08-30,2022-09-06,7,rumor,ncep-gefs-mean-00z-noaa-aws,6.391,0,0,1.06,18,0,false,"NOAA GEFS 0.25 degree ensemble mean forecast archive on AWS, TMP 2 m above ground"
2022-08-22,2022-08-29,7,rumor,ncep-gefs-mean-00z-noaa-aws,7.838,0,0,1.06,18,0,false,"NOAA GEFS 0.25 degree ensemble mean forecast archive on AWS, TMP 2 m above ground"
2022-08-31,2022-09-07,7,rumor,ncep-gefs-mean-00z-noaa-aws,8.573,0,0,1.06,18,0,false,"NOAA GEFS 0.25 degree ensemble mean forecast archive on AWS, TMP 2 m above ground"
2022-08-20,2022-08-27,7,rumor,ncep-gefs-mean-00z-noaa-aws,4.729,0,0,1.06,18,0,false,"NOAA GEFS 0.25 degree ensemble mean forecast archive on AWS, TMP 2 m above ground"
2022-08-25,2022-09-01,7,rumor,ncep-gefs-mean-00z-noaa-aws,7.551,0,0,1.06,18,0,false,"NOAA GEFS 0.25 degree ensemble mean forecast archive on AWS, TMP 2 m above ground"
2022-09-07,2022-09-14,7,rumor,ncep-gefs-mean-00z-noaa-aws,4.097,0,0,1.06,18,0,false,"NOAA GEFS 0.25 degree ensemble mean forecast archive on AWS, TMP 2 m above ground"
2022-08-13,2022-08-20,7,rumor,ncep-gefs-mean-00z-noaa-aws,5.906,0,0,1.06,18,0,false,"NOAA GEFS 0.25 degree ensemble mean forecast archive on AWS, TMP 2 m above ground"
2022-08-28,2022-09-04,7,rumor,ncep-gefs-mean-00z-noaa-aws,6.242,0,0,1.06,18,0,false,"NOAA GEFS 0.25 degree ensemble mean forecast archive on AWS, TMP 2 m above ground"
2022-08-24,2022-08-31,7,rumor,ncep-gefs-mean-00z-noaa-aws,9.642,0,0,1.06,18,0,false,"NOAA GEFS 0.25 degree ensemble mean forecast archive on AWS, TMP 2 m above ground"
2022-08-11,2022-08-18,7,rumor,ncep-gefs-mean-00z-noaa-aws,2.032,0,0,1.06,18,0,false,"NOAA GEFS 0.25 degree ensemble mean forecast archive on AWS, TMP 2 m above ground"
2022-09-01,2022-09-08,7,rumor,ncep-gefs-mean-00z-noaa-aws,8.404,0,0,1.06,18,0,false,"NOAA GEFS 0.25 degree ensemble mean forecast archive on AWS, TMP 2 m above ground"
2022-08-26,2022-09-02,7,rumor,ncep-gefs-mean-00z-noaa-aws,2.867,0,0,1.06,18,0,false,"NOAA GEFS 0.25 degree ensemble mean forecast archive on AWS, TMP 2 m above ground"
2022-09-04,2022-09-11,7,rumor,ncep-gefs-mean-00z-noaa-aws,7.964,0,0,1.06,18,0,false,"NOAA GEFS 0.25 degree ensemble mean forecast archive on AWS, TMP 2 m above ground"
2022-09-02,2022-09-09,7,rumor,ncep-gefs-mean-00z-noaa-aws,8.619,0,0,1.06,18,0,false,"NOAA GEFS 0.25 degree ensemble mean forecast archive on AWS, TMP 2 m above ground"
2022-09-05,2022-09-12,7,rumor,ncep-gefs-mean-00z-noaa-aws,4.454,0,0,1.06,18,0,false,"NOAA GEFS 0.25 degree ensemble mean forecast archive on AWS, TMP 2 m above ground"
2022-09-18,2022-09-25,7,rumor,ncep-gefs-mean-00z-noaa-aws,4.85,0,0,1.06,18,0,false,"NOAA GEFS 0.25 degree ensemble mean forecast archive on AWS, TMP 2 m above ground"
2022-08-16,2022-08-23,7,rumor,ncep-gefs-mean-00z-noaa-aws,6.291,0,0,1.06,18,0,false,"NOAA GEFS 0.25 degree ensemble mean forecast archive on AWS, TMP 2 m above ground"
2022-08-23,2022-08-30,7,rumor,ncep-gefs-mean-00z-noaa-aws,8.372,0,0,1.06,18,0,false,"NOAA GEFS 0.25 degree ensemble mean forecast archive on AWS, TMP 2 m above ground"
2022-08-17,2022-08-24,7,rumor,ncep-gefs-mean-00z-noaa-aws,5.188,0,0,1.06,18,0,false,"NOAA GEFS 0.25 degree ensemble mean forecast archive on AWS, TMP 2 m above ground"
2022-08-19,2022-08-26,7,rumor,ncep-gefs-mean-00z-noaa-aws,5.441,0,0,1.06,18,0,false,"NOAA GEFS 0.25 degree ensemble mean forecast archive on AWS, TMP 2 m above ground"
2022-09-11,2022-09-18,7,rumor,ncep-gefs-mean-00z-noaa-aws,8.322,0,0,1.06,18,0,false,"NOAA GEFS 0.25 degree ensemble mean forecast archive on AWS, TMP 2 m above ground"
2022-09-13,2022-09-20,7,rumor,ncep-gefs-mean-00z-noaa-aws,12.815,0,0,1.06,18,0,false,"NOAA GEFS 0.25 degree ensemble mean forecast archive on AWS, TMP 2 m above ground"
2022-09-08,2022-09-15,7,rumor,ncep-gefs-mean-00z-noaa-aws,7.582,0,0,1.06,18,0,false,"NOAA GEFS 0.25 degree ensemble mean forecast archive on AWS, TMP 2 m above ground"
2022-08-29,2022-09-05,7,rumor,ncep-gefs-mean-00z-noaa-aws,7.343,0,0,1.06,18,0,false,"NOAA GEFS 0.25 degree ensemble mean forecast archive on AWS, TMP 2 m above ground"
2022-09-15,2022-09-22,7,rumor,ncep-gefs-mean-00z-noaa-aws,12.676,0,0,1.06,18,0,false,"NOAA GEFS 0.25 degree ensemble mean forecast archive on AWS, TMP 2 m above ground"
2022-08-12,2022-08-19,7,rumor,ncep-gefs-mean-00z-noaa-aws,3.116,0,0,1.06,18,0,false,"NOAA GEFS 0.25 degree ensemble mean forecast archive on AWS, TMP 2 m above ground"
2022-08-14,2022-08-21,7,rumor,ncep-gefs-mean-00z-noaa-aws,4.077,0,0,1.06,18,0,false,"NOAA GEFS 0.25 degree ensemble mean forecast archive on AWS, TMP 2 m above ground"
2022-08-09,2022-08-16,7,rumor,ncep-gefs-mean-00z-noaa-aws,4.824,0,0,1.06,18,0,false,"NOAA GEFS 0.25 degree ensemble mean forecast archive on AWS, TMP 2 m above ground"
2022-09-14,2022-09-21,7,rumor,ncep-gefs-mean-00z-noaa-aws,12.58,0,0,1.06,18,0,false,"NOAA GEFS 0.25 degree ensemble mean forecast archive on AWS, TMP 2 m above ground"
2022-09-03,2022-09-10,7,rumor,ncep-gefs-mean-00z-noaa-aws,8.433,0,0,1.06,18,0,false,"NOAA GEFS 0.25 degree ensemble mean forecast archive on AWS, TMP 2 m above ground"
2022-09-12,2022-09-19,7,rumor,ncep-gefs-mean-00z-noaa-aws,11.235,0,0,1.06,18,0,false,"NOAA GEFS 0.25 degree ensemble mean forecast archive on AWS, TMP 2 m above ground"
2023-04-29,2023-05-06,7,rumor,ncep-gefs-mean-00z-noaa-aws,1.666,0,0,1.06,18,0,false,"NOAA GEFS 0.25 degree ensemble mean forecast archive on AWS, TMP 2 m above ground"
2022-09-16,2022-09-23,7,rumor,ncep-gefs-mean-00z-noaa-aws,12.321,0,0,1.06,18,0,false,"NOAA GEFS 0.25 degree ensemble mean forecast archive on AWS, TMP 2 m above ground"
2022-09-10,2022-09-17,7,rumor,ncep-gefs-mean-00z-noaa-aws,7.675,0,0,1.06,18,0,false,"NOAA GEFS 0.25 degree ensemble mean forecast archive on AWS, TMP 2 m above ground"
2023-05-04,2023-05-11,7,rumor,ncep-gefs-mean-00z-noaa-aws,8.613,0,0,1.06,18,0,false,"NOAA GEFS 0.25 degree ensemble mean forecast archive on AWS, TMP 2 m above ground"
2022-09-19,2022-09-26,7,rumor,ncep-gefs-mean-00z-noaa-aws,5.688,0,0,1.06,18,0,false,"NOAA GEFS 0.25 degree ensemble mean forecast archive on AWS, TMP 2 m above ground"
2022-09-17,2022-09-24,7,rumor,ncep-gefs-mean-00z-noaa-aws,4.153,0,0,1.06,18,0,false,"NOAA GEFS 0.25 degree ensemble mean forecast archive on AWS, TMP 2 m above ground"
2023-04-27,2023-05-04,7,rumor,ncep-gefs-mean-00z-noaa-aws,-0.898,0,0,1.06,18,0,false,"NOAA GEFS 0.25 degree ensemble mean forecast archive on AWS, TMP 2 m above ground"
2022-09-23,2022-09-30,7,rumor,ncep-gefs-mean-00z-noaa-aws,0.935,0,0,1.06,18,0,false,"NOAA GEFS 0.25 degree ensemble mean forecast archive on AWS, TMP 2 m above ground"
2023-04-28,2023-05-05,7,rumor,ncep-gefs-mean-00z-noaa-aws,2.905,0,0,1.06,18,0,false,"NOAA GEFS 0.25 degree ensemble mean forecast archive on AWS, TMP 2 m above ground"
2023-05-01,2023-05-08,7,rumor,ncep-gefs-mean-00z-noaa-aws,6.169,0,0,1.06,18,0,false,"NOAA GEFS 0.25 degree ensemble mean forecast archive on AWS, TMP 2 m above ground"
2023-05-14,2023-05-21,7,rumor,ncep-gefs-mean-00z-noaa-aws,2.02,0,0,1.06,18,0,false,"NOAA GEFS 0.25 degree ensemble mean forecast archive on AWS, TMP 2 m above ground"
2023-05-03,2023-05-10,7,rumor,ncep-gefs-mean-00z-noaa-aws,8.669,0,0,1.06,18,0,false,"NOAA GEFS 0.25 degree ensemble mean forecast archive on AWS, TMP 2 m above ground"
2023-05-12,2023-05-19,7,rumor,ncep-gefs-mean-00z-noaa-aws,5.293,0,0,1.06,18,0,false,"NOAA GEFS 0.25 degree ensemble mean forecast archive on AWS, TMP 2 m above ground"
2022-09-21,2022-09-28,7,rumor,ncep-gefs-mean-00z-noaa-aws,2.584,0,0,1.06,18,0,false,"NOAA GEFS 0.25 degree ensemble mean forecast archive on AWS, TMP 2 m above ground"
2023-04-25,2023-05-02,7,rumor,ncep-gefs-mean-00z-noaa-aws,-3.754,0.245,0,1.06,18,0,false,"NOAA GEFS 0.25 degree ensemble mean forecast archive on AWS, TMP 2 m above ground"
2023-05-06,2023-05-13,7,rumor,ncep-gefs-mean-00z-noaa-aws,11.823,0,0,1.06,18,0,false,"NOAA GEFS 0.25 degree ensemble mean forecast archive on AWS, TMP 2 m above ground"
2022-09-22,2022-09-29,7,rumor,ncep-gefs-mean-00z-noaa-aws,3.244,0,0,1.06,18,0,false,"NOAA GEFS 0.25 degree ensemble mean forecast archive on AWS, TMP 2 m above ground"
2023-05-02,2023-05-09,7,rumor,ncep-gefs-mean-00z-noaa-aws,7.697,0,0,1.06,18,0,false,"NOAA GEFS 0.25 degree ensemble mean forecast archive on AWS, TMP 2 m above ground"
2022-09-20,2022-09-27,7,rumor,ncep-gefs-mean-00z-noaa-aws,2.067,0,0,1.06,18,0,false,"NOAA GEFS 0.25 degree ensemble mean forecast archive on AWS, TMP 2 m above ground"
2023-05-11,2023-05-18,7,rumor,ncep-gefs-mean-00z-noaa-aws,4.54,0,0,1.06,18,0,false,"NOAA GEFS 0.25 degree ensemble mean forecast archive on AWS, TMP 2 m above ground"
2023-05-15,2023-05-22,7,rumor,ncep-gefs-mean-00z-noaa-aws,3.404,0,0,1.06,18,0,false,"NOAA GEFS 0.25 degree ensemble mean forecast archive on AWS, TMP 2 m above ground"
2023-05-13,2023-05-20,7,rumor,ncep-gefs-mean-00z-noaa-aws,4.166,0,0,1.06,18,0,false,"NOAA GEFS 0.25 degree ensemble mean forecast archive on AWS, TMP 2 m above ground"
2023-04-30,2023-05-07,7,rumor,ncep-gefs-mean-00z-noaa-aws,3.295,0,0,1.06,18,0,false,"NOAA GEFS 0.25 degree ensemble mean forecast archive on AWS, TMP 2 m above ground"
2023-05-07,2023-05-14,7,rumor,ncep-gefs-mean-00z-noaa-aws,12.616,0,0,1.06,18,0,false,"NOAA GEFS 0.25 degree ensemble mean forecast archive on AWS, TMP 2 m above ground"
2023-05-10,2023-05-17,7,rumor,ncep-gefs-mean-00z-noaa-aws,5.897,0,0,1.06,18,0,false,"NOAA GEFS 0.25 degree ensemble mean forecast archive on AWS, TMP 2 m above ground"
2023-05-05,2023-05-12,7,rumor,ncep-gefs-mean-00z-noaa-aws,6.787,0,0,1.06,18,0,false,"NOAA GEFS 0.25 degree ensemble mean forecast archive on AWS, TMP 2 m above ground"
2023-04-26,2023-05-03,7,rumor,ncep-gefs-mean-00z-noaa-aws,-1.607,0,0,1.06,18,0,false,"NOAA GEFS 0.25 degree ensemble mean forecast archive on AWS, TMP 2 m above ground"
2023-05-09,2023-05-16,7,rumor,ncep-gefs-mean-00z-noaa-aws,4.6,0,0,1.06,18,0,false,"NOAA GEFS 0.25 degree ensemble mean forecast archive on AWS, TMP 2 m above ground"
2023-05-16,2023-05-23,7,rumor,ncep-gefs-mean-00z-noaa-aws,3.938,0,0,1.06,18,0,false,"NOAA GEFS 0.25 degree ensemble mean forecast archive on AWS, TMP 2 m above ground"
2023-04-24,2023-05-01,7,rumor,ncep-gefs-mean-00z-noaa-aws,-3.261,0.179,0,1.06,18,0,false,"NOAA GEFS 0.25 degree ensemble mean forecast archive on AWS, TMP 2 m above ground"
2023-05-08,2023-05-15,7,rumor,ncep-gefs-mean-00z-noaa-aws,7.604,0,0,1.06,18,0,false,"NOAA GEFS 0.25 degree ensemble mean forecast archive on AWS, TMP 2 m above ground"
2023-05-28,2023-06-04,7,rumor,ncep-gefs-mean-00z-noaa-aws,8.423,0,0,1.06,18,0,false,"NOAA GEFS 0.25 degree ensemble mean forecast archive on AWS, TMP 2 m above ground"
2023-06-05,2023-06-12,7,rumor,ncep-gefs-mean-00z-noaa-aws,3.084,0,0,1.06,18,0,false,"NOAA GEFS 0.25 degree ensemble mean forecast archive on AWS, TMP 2 m above ground"
2023-06-12,2023-06-19,7,rumor,ncep-gefs-mean-00z-noaa-aws,4.864,0,0,1.06,18,0,false,"NOAA GEFS 0.25 degree ensemble mean forecast archive on AWS, TMP 2 m above ground"
2023-06-07,2023-06-14,7,rumor,ncep-gefs-mean-00z-noaa-aws,5.057,0,0,1.06,18,0,false,"NOAA GEFS 0.25 degree ensemble mean forecast archive on AWS, TMP 2 m above ground"
2023-05-22,2023-05-29,7,rumor,ncep-gefs-mean-00z-noaa-aws,2.466,0.047,0,1.06,18,0,false,"NOAA GEFS 0.25 degree ensemble mean forecast archive on AWS, TMP 2 m above ground"
2023-06-02,2023-06-09,7,rumor,ncep-gefs-mean-00z-noaa-aws,0.991,0,0,1.06,18,0,false,"NOAA GEFS 0.25 degree ensemble mean forecast archive on AWS, TMP 2 m above ground"
2023-06-04,2023-06-11,7,rumor,ncep-gefs-mean-00z-noaa-aws,4.326,0,0,1.06,18,0,false,"NOAA GEFS 0.25 degree ensemble mean forecast archive on AWS, TMP 2 m above ground"
2023-05-24,2023-05-31,7,rumor,ncep-gefs-mean-00z-noaa-aws,6.77,0,0,1.06,18,0,false,"NOAA GEFS 0.25 degree ensemble mean forecast archive on AWS, TMP 2 m above ground"
2023-06-03,2023-06-10,7,rumor,ncep-gefs-mean-00z-noaa-aws,2.938,0,0,1.06,18,0,false,"NOAA GEFS 0.25 degree ensemble mean forecast archive on AWS, TMP 2 m above ground"
2023-05-29,2023-06-05,7,rumor,ncep-gefs-mean-00z-noaa-aws,6.918,0,0,1.06,18,0,false,"NOAA GEFS 0.25 degree ensemble mean forecast archive on AWS, TMP 2 m above ground"
2023-06-08,2023-06-15,7,rumor,ncep-gefs-mean-00z-noaa-aws,6.779,0,0,1.06,18,0,false,"NOAA GEFS 0.25 degree ensemble mean forecast archive on AWS, TMP 2 m above ground"
2023-05-25,2023-06-01,7,rumor,ncep-gefs-mean-00z-noaa-aws,8.695,0,0,1.06,18,0,false,"NOAA GEFS 0.25 degree ensemble mean forecast archive on AWS, TMP 2 m above ground"
2023-05-26,2023-06-02,7,rumor,ncep-gefs-mean-00z-noaa-aws,9.784,0,0,1.06,18,0,false,"NOAA GEFS 0.25 degree ensemble mean forecast archive on AWS, TMP 2 m above ground"
2023-05-23,2023-05-30,7,rumor,ncep-gefs-mean-00z-noaa-aws,4.216,0,0,1.06,18,0,false,"NOAA GEFS 0.25 degree ensemble mean forecast archive on AWS, TMP 2 m above ground"
2023-05-17,2023-05-24,7,rumor,ncep-gefs-mean-00z-noaa-aws,4.978,0,0,1.06,18,0,false,"NOAA GEFS 0.25 degree ensemble mean forecast archive on AWS, TMP 2 m above ground"
2023-05-31,2023-06-07,7,rumor,ncep-gefs-mean-00z-noaa-aws,3.551,0,0,1.06,18,0,false,"NOAA GEFS 0.25 degree ensemble mean forecast archive on AWS, TMP 2 m above ground"
2023-06-11,2023-06-18,7,rumor,ncep-gefs-mean-00z-noaa-aws,5.648,0,0,1.06,18,0,false,"NOAA GEFS 0.25 degree ensemble mean forecast archive on AWS, TMP 2 m above ground"
2023-06-10,2023-06-17,7,rumor,ncep-gefs-mean-00z-noaa-aws,6.306,0,0,1.06,18,0,false,"NOAA GEFS 0.25 degree ensemble mean forecast archive on AWS, TMP 2 m above ground"
2023-06-01,2023-06-08,7,rumor,ncep-gefs-mean-00z-noaa-aws,2.998,0,0,1.06,18,0,false,"NOAA GEFS 0.25 degree ensemble mean forecast archive on AWS, TMP 2 m above ground"
2023-05-27,2023-06-03,7,rumor,ncep-gefs-mean-00z-noaa-aws,9.48,0,0,1.06,18,0,false,"NOAA GEFS 0.25 degree ensemble mean forecast archive on AWS, TMP 2 m above ground"
2023-06-13,2023-06-20,7,rumor,ncep-gefs-mean-00z-noaa-aws,4.318,0,0,1.06,18,0,false,"NOAA GEFS 0.25 degree ensemble mean forecast archive on AWS, TMP 2 m above ground"
2023-05-30,2023-06-06,7,rumor,ncep-gefs-mean-00z-noaa-aws,7.854,0,0,1.06,18,0,false,"NOAA GEFS 0.25 degree ensemble mean forecast archive on AWS, TMP 2 m above ground"
2023-06-09,2023-06-16,7,rumor,ncep-gefs-mean-00z-noaa-aws,5.187,0,0,1.06,18,0,false,"NOAA GEFS 0.25 degree ensemble mean forecast archive on AWS, TMP 2 m above ground"
2023-05-20,2023-05-27,7,rumor,ncep-gefs-mean-00z-noaa-aws,0.781,0,0,1.06,18,0,false,"NOAA GEFS 0.25 degree ensemble mean forecast archive on AWS, TMP 2 m above ground"
2023-05-18,2023-05-25,7,rumor,ncep-gefs-mean-00z-noaa-aws,6.199,0,0,1.06,18,0,false,"NOAA GEFS 0.25 degree ensemble mean forecast archive on AWS, TMP 2 m above ground"
2023-06-06,2023-06-13,7,rumor,ncep-gefs-mean-00z-noaa-aws,2.548,0,0,1.06,18,0,false,"NOAA GEFS 0.25 degree ensemble mean forecast archive on AWS, TMP 2 m above ground"
2023-05-21,2023-05-28,7,rumor,ncep-gefs-mean-00z-noaa-aws,2.734,0.047,0,1.06,18,0,false,"NOAA GEFS 0.25 degree ensemble mean forecast archive on AWS, TMP 2 m above ground"
2023-05-19,2023-05-26,7,rumor,ncep-gefs-mean-00z-noaa-aws,2.949,0,0,1.06,18,0,false,"NOAA GEFS 0.25 degree ensemble mean forecast archive on AWS, TMP 2 m above ground"
2023-06-15,2023-06-22,7,rumor,ncep-gefs-mean-00z-noaa-aws,4.861,0,0,1.06,18,0,false,"NOAA GEFS 0.25 degree ensemble mean forecast archive on AWS, TMP 2 m above ground"
2023-06-21,2023-06-28,7,rumor,ncep-gefs-mean-00z-noaa-aws,5.205,0,0,1.06,18,0,false,"NOAA GEFS 0.25 degree ensemble mean forecast archive on AWS, TMP 2 m above ground"
2023-07-04,2023-07-11,7,rumor,ncep-gefs-mean-00z-noaa-aws,7.269,0,0,1.06,18,0,false,"NOAA GEFS 0.25 degree ensemble mean forecast archive on AWS, TMP 2 m above ground"
2023-06-16,2023-06-23,7,rumor,ncep-gefs-mean-00z-noaa-aws,6.258,0,0,1.06,18,0,false,"NOAA GEFS 0.25 degree ensemble mean forecast archive on AWS, TMP 2 m above ground"
2023-07-07,2023-07-14,7,rumor,ncep-gefs-mean-00z-noaa-aws,6.528,0,0,1.06,18,0,false,"NOAA GEFS 0.25 degree ensemble mean forecast archive on AWS, TMP 2 m above ground"
2023-07-05,2023-07-12,7,rumor,ncep-gefs-mean-00z-noaa-aws,5.854,0,0,1.06,18,0,false,"NOAA GEFS 0.25 degree ensemble mean forecast archive on AWS, TMP 2 m above ground"
2023-06-14,2023-06-21,7,rumor,ncep-gefs-mean-00z-noaa-aws,4.838,0,0,1.06,18,0,false,"NOAA GEFS 0.25 degree ensemble mean forecast archive on AWS, TMP 2 m above ground"
2023-07-01,2023-07-08,7,rumor,ncep-gefs-mean-00z-noaa-aws,3.586,0,0,1.06,18,0,false,"NOAA GEFS 0.25 degree ensemble mean forecast archive on AWS, TMP 2 m above ground"
2023-07-08,2023-07-15,7,rumor,ncep-gefs-mean-00z-noaa-aws,6.041,0,0,1.06,18,0,false,"NOAA GEFS 0.25 degree ensemble mean forecast archive on AWS, TMP 2 m above ground"
2023-07-13,2023-07-20,7,rumor,ncep-gefs-mean-00z-noaa-aws,8.654,0,0,1.06,18,0,false,"NOAA GEFS 0.25 degree ensemble mean forecast archive on AWS, TMP 2 m above ground"
2023-07-09,2023-07-16,7,rumor,ncep-gefs-mean-00z-noaa-aws,6.018,0,0,1.06,18,0,false,"NOAA GEFS 0.25 degree ensemble mean forecast archive on AWS, TMP 2 m above ground"
2023-06-22,2023-06-29,7,rumor,ncep-gefs-mean-00z-noaa-aws,5.401,0,0,1.06,18,0,false,"NOAA GEFS 0.25 degree ensemble mean forecast archive on AWS, TMP 2 m above ground"
2023-07-12,2023-07-19,7,rumor,ncep-gefs-mean-00z-noaa-aws,7.081,0,0,1.06,18,0,false,"NOAA GEFS 0.25 degree ensemble mean forecast archive on AWS, TMP 2 m above ground"
2023-06-27,2023-07-04,7,rumor,ncep-gefs-mean-00z-noaa-aws,8.002,0,0,1.06,18,0,false,"NOAA GEFS 0.25 degree ensemble mean forecast archive on AWS, TMP 2 m above ground"
2023-06-30,2023-07-07,7,rumor,ncep-gefs-mean-00z-noaa-aws,6.209,0,0,1.06,18,0,false,"NOAA GEFS 0.25 degree ensemble mean forecast archive on AWS, TMP 2 m above ground"
2023-06-18,2023-06-25,7,rumor,ncep-gefs-mean-00z-noaa-aws,7.306,0,0,1.06,18,0,false,"NOAA GEFS 0.25 degree ensemble mean forecast archive on AWS, TMP 2 m above ground"
2023-07-11,2023-07-18,7,rumor,ncep-gefs-mean-00z-noaa-aws,6.265,0,0,1.06,18,0,false,"NOAA GEFS 0.25 degree ensemble mean forecast archive on AWS, TMP 2 m above ground"
2023-07-02,2023-07-09,7,rumor,ncep-gefs-mean-00z-noaa-aws,5.104,0,0,1.06,18,0,false,"NOAA GEFS 0.25 degree ensemble mean forecast archive on AWS, TMP 2 m above ground"
2023-06-28,2023-07-05,7,rumor,ncep-gefs-mean-00z-noaa-aws,8.609,0,0,1.06,18,0,false,"NOAA GEFS 0.25 degree ensemble mean forecast archive on AWS, TMP 2 m above ground"
2023-06-29,2023-07-06,7,rumor,ncep-gefs-mean-00z-noaa-aws,8.556,0,0,1.06,18,0,false,"NOAA GEFS 0.25 degree ensemble mean forecast archive on AWS, TMP 2 m above ground"
2023-07-14,2023-07-21,7,rumor,ncep-gefs-mean-00z-noaa-aws,7.699,0,0,1.06,18,0,false,"NOAA GEFS 0.25 degree ensemble mean forecast archive on AWS, TMP 2 m above ground"
2023-06-24,2023-07-01,7,rumor,ncep-gefs-mean-00z-noaa-aws,6.725,0,0,1.06,18,0,false,"NOAA GEFS 0.25 degree ensemble mean forecast archive on AWS, TMP 2 m above ground"
2023-06-20,2023-06-27,7,rumor,ncep-gefs-mean-00z-noaa-aws,7.511,0,0,1.06,18,0,false,"NOAA GEFS 0.25 degree ensemble mean forecast archive on AWS, TMP 2 m above ground"
2023-06-19,2023-06-26,7,rumor,ncep-gefs-mean-00z-noaa-aws,8.525,0,0,1.06,18,0,false,"NOAA GEFS 0.25 degree ensemble mean forecast archive on AWS, TMP 2 m above ground"
2023-07-15,2023-07-22,7,rumor,ncep-gefs-mean-00z-noaa-aws,4.914,0,0,1.06,18,0,false,"NOAA GEFS 0.25 degree ensemble mean forecast archive on AWS, TMP 2 m above ground"
2023-06-25,2023-07-02,7,rumor,ncep-gefs-mean-00z-noaa-aws,6.696,0,0,1.06,18,0,false,"NOAA GEFS 0.25 degree ensemble mean forecast archive on AWS, TMP 2 m above ground"
2023-06-26,2023-07-03,7,rumor,ncep-gefs-mean-00z-noaa-aws,6.478,0,0,1.06,18,0,false,"NOAA GEFS 0.25 degree ensemble mean forecast archive on AWS, TMP 2 m above ground"
2023-07-10,2023-07-17,7,rumor,ncep-gefs-mean-00z-noaa-aws,4.815,0,0,1.06,18,0,false,"NOAA GEFS 0.25 degree ensemble mean forecast archive on AWS, TMP 2 m above ground"
2023-07-03,2023-07-10,7,rumor,ncep-gefs-mean-00z-noaa-aws,6.088,0,0,1.06,18,0,false,"NOAA GEFS 0.25 degree ensemble mean forecast archive on AWS, TMP 2 m above ground"
2023-06-23,2023-06-30,7,rumor,ncep-gefs-mean-00z-noaa-aws,5.361,0,0,1.06,18,0,false,"NOAA GEFS 0.25 degree ensemble mean forecast archive on AWS, TMP 2 m above ground"
2023-07-06,2023-07-13,7,rumor,ncep-gefs-mean-00z-noaa-aws,6.898,0,0,1.06,18,0,false,"NOAA GEFS 0.25 degree ensemble mean forecast archive on AWS, TMP 2 m above ground"
2023-06-17,2023-06-24,7,rumor,ncep-gefs-mean-00z-noaa-aws,6.671,0,0,1.06,18,0,false,"NOAA GEFS 0.25 degree ensemble mean forecast archive on AWS, TMP 2 m above ground"
2023-07-27,2023-08-03,7,rumor,ncep-gefs-mean-00z-noaa-aws,8.289,0,0,1.06,18,0,false,"NOAA GEFS 0.25 degree ensemble mean forecast archive on AWS, TMP 2 m above ground"
2023-07-31,2023-08-07,7,rumor,ncep-gefs-mean-00z-noaa-aws,6.554,0,0,1.06,18,0,false,"NOAA GEFS 0.25 degree ensemble mean forecast archive on AWS, TMP 2 m above ground"
2023-08-10,2023-08-17,7,rumor,ncep-gefs-mean-00z-noaa-aws,7.713,0,0,1.06,18,0,false,"NOAA GEFS 0.25 degree ensemble mean forecast archive on AWS, TMP 2 m above ground"
2023-07-30,2023-08-06,7,rumor,ncep-gefs-mean-00z-noaa-aws,7.547,0,0,1.06,18,0,false,"NOAA GEFS 0.25 degree ensemble mean forecast archive on AWS, TMP 2 m above ground"
2023-08-13,2023-08-20,7,rumor,ncep-gefs-mean-00z-noaa-aws,12.067,0,0,1.06,18,0,false,"NOAA GEFS 0.25 degree ensemble mean forecast archive on AWS, TMP 2 m above ground"
2023-08-08,2023-08-15,7,rumor,ncep-gefs-mean-00z-noaa-aws,8.415,0,0,1.06,18,0,false,"NOAA GEFS 0.25 degree ensemble mean forecast archive on AWS, TMP 2 m above ground"
2023-07-18,2023-07-25,7,rumor,ncep-gefs-mean-00z-noaa-aws,7.982,0,0,1.06,18,0,false,"NOAA GEFS 0.25 degree ensemble mean forecast archive on AWS, TMP 2 m above ground"
2023-08-15,2023-08-22,7,rumor,ncep-gefs-mean-00z-noaa-aws,12.918,0,0,1.06,18,0,false,"NOAA GEFS 0.25 degree ensemble mean forecast archive on AWS, TMP 2 m above ground"
2023-08-01,2023-08-08,7,rumor,ncep-gefs-mean-00z-noaa-aws,6.7,0,0,1.06,18,0,false,"NOAA GEFS 0.25 degree ensemble mean forecast archive on AWS, TMP 2 m above ground"
2023-08-09,2023-08-16,7,rumor,ncep-gefs-mean-00z-noaa-aws,5.83,0,0,1.06,18,0,false,"NOAA GEFS 0.25 degree ensemble mean forecast archive on AWS, TMP 2 m above ground"
2023-08-02,2023-08-09,7,rumor,ncep-gefs-mean-00z-noaa-aws,5.312,0,0,1.06,18,0,false,"NOAA GEFS 0.25 degree ensemble mean forecast archive on AWS, TMP 2 m above ground"
2023-08-07,2023-08-14,7,rumor,ncep-gefs-mean-00z-noaa-aws,7.034,0,0,1.06,18,0,false,"NOAA GEFS 0.25 degree ensemble mean forecast archive on AWS, TMP 2 m above ground"
2023-07-19,2023-07-26,7,rumor,ncep-gefs-mean-00z-noaa-aws,8.671,0,0,1.06,18,0,false,"NOAA GEFS 0.25 degree ensemble mean forecast archive on AWS, TMP 2 m above ground"
2023-07-28,2023-08-04,7,rumor,ncep-gefs-mean-00z-noaa-aws,8.122,0,0,1.06,18,0,false,"NOAA GEFS 0.25 degree ensemble mean forecast archive on AWS, TMP 2 m above ground"
2023-07-24,2023-07-31,7,rumor,ncep-gefs-mean-00z-noaa-aws,8.09,0,0,1.06,18,0,false,"NOAA GEFS 0.25 degree ensemble mean forecast archive on AWS, TMP 2 m above ground"
2023-07-20,2023-07-27,7,rumor,ncep-gefs-mean-00z-noaa-aws,10.958,0,0,1.06,18,0,false,"NOAA GEFS 0.25 degree ensemble mean forecast archive on AWS, TMP 2 m above ground"
2023-07-25,2023-08-01,7,rumor,ncep-gefs-mean-00z-noaa-aws,7.122,0,0,1.06,18,0,false,"NOAA GEFS 0.25 degree ensemble mean forecast archive on AWS, TMP 2 m above ground"
2023-08-04,2023-08-11,7,rumor,ncep-gefs-mean-00z-noaa-aws,7.791,0,0,1.06,18,0,false,"NOAA GEFS 0.25 degree ensemble mean forecast archive on AWS, TMP 2 m above ground"
2023-07-21,2023-07-28,7,rumor,ncep-gefs-mean-00z-noaa-aws,12.262,0,0,1.06,18,0,false,"NOAA GEFS 0.25 degree ensemble mean forecast archive on AWS, TMP 2 m above ground"
2023-08-05,2023-08-12,7,rumor,ncep-gefs-mean-00z-noaa-aws,8.06,0,0,1.06,18,0,false,"NOAA GEFS 0.25 degree ensemble mean forecast archive on AWS, TMP 2 m above ground"
2023-08-12,2023-08-19,7,rumor,ncep-gefs-mean-00z-noaa-aws,9.881,0,0,1.06,18,0,false,"NOAA GEFS 0.25 degree ensemble mean forecast archive on AWS, TMP 2 m above ground"
2023-08-06,2023-08-13,7,rumor,ncep-gefs-mean-00z-noaa-aws,8.355,0,0,1.06,18,0,false,"NOAA GEFS 0.25 degree ensemble mean forecast archive on AWS, TMP 2 m above ground"
2023-08-03,2023-08-10,7,rumor,ncep-gefs-mean-00z-noaa-aws,6.804,0,0,1.06,18,0,false,"NOAA GEFS 0.25 degree ensemble mean forecast archive on AWS, TMP 2 m above ground"
2023-08-11,2023-08-18,7,rumor,ncep-gefs-mean-00z-noaa-aws,9.146,0,0,1.06,18,0,false,"NOAA GEFS 0.25 degree ensemble mean forecast archive on AWS, TMP 2 m above ground"
2023-07-26,2023-08-02,7,rumor,ncep-gefs-mean-00z-noaa-aws,8.607,0,0,1.06,18,0,false,"NOAA GEFS 0.25 degree ensemble mean forecast archive on AWS, TMP 2 m above ground"
2023-07-29,2023-08-05,7,rumor,ncep-gefs-mean-00z-noaa-aws,6.676,0,0,1.06,18,0,false,"NOAA GEFS 0.25 degree ensemble mean forecast archive on AWS, TMP 2 m above ground"
2023-07-17,2023-07-24,7,rumor,ncep-gefs-mean-00z-noaa-aws,4.949,0,0,1.06,18,0,false,"NOAA GEFS 0.25 degree ensemble mean forecast archive on AWS, TMP 2 m above ground"
2023-07-22,2023-07-29,7,rumor,ncep-gefs-mean-00z-noaa-aws,12.278,0,0,1.06,18,0,false,"NOAA GEFS 0.25 degree ensemble mean forecast archive on AWS, TMP 2 m above ground"
2023-08-16,2023-08-23,7,rumor,ncep-gefs-mean-00z-noaa-aws,10.723,0,0,1.06,18,0,false,"NOAA GEFS 0.25 degree ensemble mean forecast archive on AWS, TMP 2 m above ground"
2023-08-14,2023-08-21,7,rumor,ncep-gefs-mean-00z-noaa-aws,13.072,0,0,1.06,18,0,false,"NOAA GEFS 0.25 degree ensemble mean forecast archive on AWS, TMP 2 m above ground"
2023-07-23,2023-07-30,7,rumor,ncep-gefs-mean-00z-noaa-aws,9.982,0,0,1.06,18,0,false,"NOAA GEFS 0.25 degree ensemble mean forecast archive on AWS, TMP 2 m above ground"
2023-07-16,2023-07-23,7,rumor,ncep-gefs-mean-00z-noaa-aws,4.909,0,0,1.06,18,0,false,"NOAA GEFS 0.25 degree ensemble mean forecast archive on AWS, TMP 2 m above ground"
2023-09-10,2023-09-17,7,rumor,ncep-gefs-mean-00z-noaa-aws,4.586,0,0,1.06,18,0,false,"NOAA GEFS 0.25 degree ensemble mean forecast archive on AWS, TMP 2 m above ground"
2023-09-03,2023-09-10,7,rumor,ncep-gefs-mean-00z-noaa-aws,8.581,0,0,1.06,18,0,false,"NOAA GEFS 0.25 degree ensemble mean forecast archive on AWS, TMP 2 m above ground"
2023-08-17,2023-08-24,7,rumor,ncep-gefs-mean-00z-noaa-aws,9.61,0,0,1.06,18,0,false,"NOAA GEFS 0.25 degree ensemble mean forecast archive on AWS, TMP 2 m above ground"
2023-09-06,2023-09-13,7,rumor,ncep-gefs-mean-00z-noaa-aws,4.333,0,0,1.06,18,0,false,"NOAA GEFS 0.25 degree ensemble mean forecast archive on AWS, TMP 2 m above ground"
2023-08-27,2023-09-03,7,rumor,ncep-gefs-mean-00z-noaa-aws,10.616,0,0,1.06,18,0,false,"NOAA GEFS 0.25 degree ensemble mean forecast archive on AWS, TMP 2 m above ground"
2023-08-21,2023-08-28,7,rumor,ncep-gefs-mean-00z-noaa-aws,0.701,0,0,1.06,18,0,false,"NOAA GEFS 0.25 degree ensemble mean forecast archive on AWS, TMP 2 m above ground"
2023-09-02,2023-09-09,7,rumor,ncep-gefs-mean-00z-noaa-aws,9.145,0,0,1.06,18,0,false,"NOAA GEFS 0.25 degree ensemble mean forecast archive on AWS, TMP 2 m above ground"
2023-08-22,2023-08-29,7,rumor,ncep-gefs-mean-00z-noaa-aws,3.202,0,0,1.06,18,0,false,"NOAA GEFS 0.25 degree ensemble mean forecast archive on AWS, TMP 2 m above ground"
2023-08-23,2023-08-30,7,rumor,ncep-gefs-mean-00z-noaa-aws,4.83,0,0,1.06,18,0,false,"NOAA GEFS 0.25 degree ensemble mean forecast archive on AWS, TMP 2 m above ground"
2023-08-28,2023-09-04,7,rumor,ncep-gefs-mean-00z-noaa-aws,13.505,0,0,1.06,18,0,false,"NOAA GEFS 0.25 degree ensemble mean forecast archive on AWS, TMP 2 m above ground"
2023-08-24,2023-08-31,7,rumor,ncep-gefs-mean-00z-noaa-aws,4.77,0,0,1.06,18,0,false,"NOAA GEFS 0.25 degree ensemble mean forecast archive on AWS, TMP 2 m above ground"
2023-09-12,2023-09-19,7,rumor,ncep-gefs-mean-00z-noaa-aws,7.603,0,0,1.06,18,0,false,"NOAA GEFS 0.25 degree ensemble mean forecast archive on AWS, TMP 2 m above ground"
2023-09-14,2023-09-21,7,rumor,ncep-gefs-mean-00z-noaa-aws,8.834,0,0,1.06,18,0,false,"NOAA GEFS 0.25 degree ensemble mean forecast archive on AWS, TMP 2 m above ground"
2023-09-13,2023-09-20,7,rumor,ncep-gefs-mean-00z-noaa-aws,7.712,0,0,1.06,18,0,false,"NOAA GEFS 0.25 degree ensemble mean forecast archive on AWS, TMP 2 m above ground"
2023-08-25,2023-09-01,7,rumor,ncep-gefs-mean-00z-noaa-aws,2.752,0,0,1.06,18,0,false,"NOAA GEFS 0.25 degree ensemble mean forecast archive on AWS, TMP 2 m above ground"
2023-09-11,2023-09-18,7,rumor,ncep-gefs-mean-00z-noaa-aws,5.852,0,0,1.06,18,0,false,"NOAA GEFS 0.25 degree ensemble mean forecast archive on AWS, TMP 2 m above ground"
2023-08-26,2023-09-02,7,rumor,ncep-gefs-mean-00z-noaa-aws,5.399,0,0,1.06,18,0,false,"NOAA GEFS 0.25 degree ensemble mean forecast archive on AWS, TMP 2 m above ground"
2023-08-18,2023-08-25,7,rumor,ncep-gefs-mean-00z-noaa-aws,11.059,0,0,1.06,18,0,false,"NOAA GEFS 0.25 degree ensemble mean forecast archive on AWS, TMP 2 m above ground"
2023-08-30,2023-09-06,7,rumor,ncep-gefs-mean-00z-noaa-aws,15.544,0,0,1.06,18,0,false,"NOAA GEFS 0.25 degree ensemble mean forecast archive on AWS, TMP 2 m above ground"
2023-08-29,2023-09-05,7,rumor,ncep-gefs-mean-00z-noaa-aws,15.134,0,0,1.06,18,0,false,"NOAA GEFS 0.25 degree ensemble mean forecast archive on AWS, TMP 2 m above ground"
2023-08-31,2023-09-07,7,rumor,ncep-gefs-mean-00z-noaa-aws,13.341,0,0,1.06,18,0,false,"NOAA GEFS 0.25 degree ensemble mean forecast archive on AWS, TMP 2 m above ground"
2023-09-07,2023-09-14,7,rumor,ncep-gefs-mean-00z-noaa-aws,1.815,0,0,1.06,18,0,false,"NOAA GEFS 0.25 degree ensemble mean forecast archive on AWS, TMP 2 m above ground"
2023-09-05,2023-09-12,7,rumor,ncep-gefs-mean-00z-noaa-aws,6.232,0,0,1.06,18,0,false,"NOAA GEFS 0.25 degree ensemble mean forecast archive on AWS, TMP 2 m above ground"
2023-09-01,2023-09-08,7,rumor,ncep-gefs-mean-00z-noaa-aws,11.57,0,0,1.06,18,0,false,"NOAA GEFS 0.25 degree ensemble mean forecast archive on AWS, TMP 2 m above ground"
2023-09-16,2023-09-23,7,rumor,ncep-gefs-mean-00z-noaa-aws,7.697,0,0,1.06,18,0,false,"NOAA GEFS 0.25 degree ensemble mean forecast archive on AWS, TMP 2 m above ground"
2023-09-17,2023-09-24,7,rumor,ncep-gefs-mean-00z-noaa-aws,8.75,0,0,1.06,18,0,false,"NOAA GEFS 0.25 degree ensemble mean forecast archive on AWS, TMP 2 m above ground"
2023-08-20,2023-08-27,7,rumor,ncep-gefs-mean-00z-noaa-aws,4.999,0,0,1.06,18,0,false,"NOAA GEFS 0.25 degree ensemble mean forecast archive on AWS, TMP 2 m above ground"
2023-09-09,2023-09-16,7,rumor,ncep-gefs-mean-00z-noaa-aws,3.882,0,0,1.06,18,0,false,"NOAA GEFS 0.25 degree ensemble mean forecast archive on AWS, TMP 2 m above ground"
2023-09-08,2023-09-15,7,rumor,ncep-gefs-mean-00z-noaa-aws,2.183,0,0,1.06,18,0,false,"NOAA GEFS 0.25 degree ensemble mean forecast archive on AWS, TMP 2 m above ground"
2023-08-19,2023-08-26,7,rumor,ncep-gefs-mean-00z-noaa-aws,9.069,0,0,1.06,18,0,false,"NOAA GEFS 0.25 degree ensemble mean forecast archive on AWS, TMP 2 m above ground"
2023-09-04,2023-09-11,7,rumor,ncep-gefs-mean-00z-noaa-aws,8.633,0,0,1.06,18,0,false,"NOAA GEFS 0.25 degree ensemble mean forecast archive on AWS, TMP 2 m above ground"
2023-09-15,2023-09-22,7,rumor,ncep-gefs-mean-00z-noaa-aws,8.367,0,0,1.06,18,0,false,"NOAA GEFS 0.25 degree ensemble mean forecast archive on AWS, TMP 2 m above ground"
2024-05-10,2024-05-17,7,rumor,ncep-gefs-mean-00z-noaa-aws,6.004,0,0,1.06,18,0,false,"NOAA GEFS 0.25 degree ensemble mean forecast archive on AWS, TMP 2 m above ground"
2024-05-12,2024-05-19,7,rumor,ncep-gefs-mean-00z-noaa-aws,8.918,0,0,1.06,18,0,false,"NOAA GEFS 0.25 degree ensemble mean forecast archive on AWS, TMP 2 m above ground"
2024-05-01,2024-05-08,7,rumor,ncep-gefs-mean-00z-noaa-aws,13.148,0,0,1.06,18,0,false,"NOAA GEFS 0.25 degree ensemble mean forecast archive on AWS, TMP 2 m above ground"
2024-05-05,2024-05-12,7,rumor,ncep-gefs-mean-00z-noaa-aws,0.395,0,0,1.06,18,0,false,"NOAA GEFS 0.25 degree ensemble mean forecast archive on AWS, TMP 2 m above ground"
2024-05-06,2024-05-13,7,rumor,ncep-gefs-mean-00z-noaa-aws,4.823,0,0,1.06,18,0,false,"NOAA GEFS 0.25 degree ensemble mean forecast archive on AWS, TMP 2 m above ground"
2024-05-19,2024-05-26,7,rumor,ncep-gefs-mean-00z-noaa-aws,7.692,0,0,1.06,18,0,false,"NOAA GEFS 0.25 degree ensemble mean forecast archive on AWS, TMP 2 m above ground"
2024-05-04,2024-05-11,7,rumor,ncep-gefs-mean-00z-noaa-aws,2.277,0,0,1.06,18,0,false,"NOAA GEFS 0.25 degree ensemble mean forecast archive on AWS, TMP 2 m above ground"
2024-04-24,2024-05-01,7,rumor,ncep-gefs-mean-00z-noaa-aws,11.346,0,0,1.06,18,0,false,"NOAA GEFS 0.25 degree ensemble mean forecast archive on AWS, TMP 2 m above ground"
2024-05-16,2024-05-23,7,rumor,ncep-gefs-mean-00z-noaa-aws,7.314,0,0,1.06,18,0,false,"NOAA GEFS 0.25 degree ensemble mean forecast archive on AWS, TMP 2 m above ground"
2024-05-14,2024-05-21,7,rumor,ncep-gefs-mean-00z-noaa-aws,10.349,0,0,1.06,18,0,false,"NOAA GEFS 0.25 degree ensemble mean forecast archive on AWS, TMP 2 m above ground"
2024-05-03,2024-05-10,7,rumor,ncep-gefs-mean-00z-noaa-aws,10.992,0,0,1.06,18,0,false,"NOAA GEFS 0.25 degree ensemble mean forecast archive on AWS, TMP 2 m above ground"
2024-04-27,2024-05-04,7,rumor,ncep-gefs-mean-00z-noaa-aws,8.909,0,0,1.06,18,0,false,"NOAA GEFS 0.25 degree ensemble mean forecast archive on AWS, TMP 2 m above ground"
2024-04-29,2024-05-06,7,rumor,ncep-gefs-mean-00z-noaa-aws,7.008,0,0,1.06,18,0,false,"NOAA GEFS 0.25 degree ensemble mean forecast archive on AWS, TMP 2 m above ground"
2024-05-08,2024-05-15,7,rumor,ncep-gefs-mean-00z-noaa-aws,7.452,0,0,1.06,18,0,false,"NOAA GEFS 0.25 degree ensemble mean forecast archive on AWS, TMP 2 m above ground"
2024-05-13,2024-05-20,7,rumor,ncep-gefs-mean-00z-noaa-aws,11.313,0,0,1.06,18,0,false,"NOAA GEFS 0.25 degree ensemble mean forecast archive on AWS, TMP 2 m above ground"
2024-05-11,2024-05-18,7,rumor,ncep-gefs-mean-00z-noaa-aws,5.789,0,0,1.06,18,0,false,"NOAA GEFS 0.25 degree ensemble mean forecast archive on AWS, TMP 2 m above ground"
2024-04-30,2024-05-07,7,rumor,ncep-gefs-mean-00z-noaa-aws,10.913,0,0,1.06,18,0,false,"NOAA GEFS 0.25 degree ensemble mean forecast archive on AWS, TMP 2 m above ground"
2024-05-02,2024-05-09,7,rumor,ncep-gefs-mean-00z-noaa-aws,13.898,0,0,1.06,18,0,false,"NOAA GEFS 0.25 degree ensemble mean forecast archive on AWS, TMP 2 m above ground"
2024-04-25,2024-05-02,7,rumor,ncep-gefs-mean-00z-noaa-aws,13.258,0,0,1.06,18,0,false,"NOAA GEFS 0.25 degree ensemble mean forecast archive on AWS, TMP 2 m above ground"
2023-09-19,2023-09-26,7,rumor,ncep-gefs-mean-00z-noaa-aws,6.551,0,0,1.06,18,0,false,"NOAA GEFS 0.25 degree ensemble mean forecast archive on AWS, TMP 2 m above ground"
2024-05-07,2024-05-14,7,rumor,ncep-gefs-mean-00z-noaa-aws,7.739,0,0,1.06,18,0,false,"NOAA GEFS 0.25 degree ensemble mean forecast archive on AWS, TMP 2 m above ground"
2024-04-26,2024-05-03,7,rumor,ncep-gefs-mean-00z-noaa-aws,11.213,0,0,1.06,18,0,false,"NOAA GEFS 0.25 degree ensemble mean forecast archive on AWS, TMP 2 m above ground"
2024-05-15,2024-05-22,7,rumor,ncep-gefs-mean-00z-noaa-aws,8.829,0,0,1.06,18,0,false,"NOAA GEFS 0.25 degree ensemble mean forecast archive on AWS, TMP 2 m above ground"
2024-05-18,2024-05-25,7,rumor,ncep-gefs-mean-00z-noaa-aws,6.216,0,0,1.06,18,0,false,"NOAA GEFS 0.25 degree ensemble mean forecast archive on AWS, TMP 2 m above ground"
2024-05-09,2024-05-16,7,rumor,ncep-gefs-mean-00z-noaa-aws,7.017,0,0,1.06,18,0,false,"NOAA GEFS 0.25 degree ensemble mean forecast archive on AWS, TMP 2 m above ground"
2023-09-18,2023-09-25,7,rumor,ncep-gefs-mean-00z-noaa-aws,6.676,0,0,1.06,18,0,false,"NOAA GEFS 0.25 degree ensemble mean forecast archive on AWS, TMP 2 m above ground"
2023-09-23,2023-09-30,7,rumor,ncep-gefs-mean-00z-noaa-aws,8.468,0,0,1.06,18,0,false,"NOAA GEFS 0.25 degree ensemble mean forecast archive on AWS, TMP 2 m above ground"
2023-09-20,2023-09-27,7,rumor,ncep-gefs-mean-00z-noaa-aws,4.157,0,0,1.06,18,0,false,"NOAA GEFS 0.25 degree ensemble mean forecast archive on AWS, TMP 2 m above ground"
2024-05-17,2024-05-24,7,rumor,ncep-gefs-mean-00z-noaa-aws,8.717,0,0,1.06,18,0,false,"NOAA GEFS 0.25 degree ensemble mean forecast archive on AWS, TMP 2 m above ground"
2023-09-21,2023-09-28,7,rumor,ncep-gefs-mean-00z-noaa-aws,4.902,0,0,1.06,18,0,false,"NOAA GEFS 0.25 degree ensemble mean forecast archive on AWS, TMP 2 m above ground"
2024-04-28,2024-05-05,7,rumor,ncep-gefs-mean-00z-noaa-aws,6.758,0,0,1.06,18,0,false,"NOAA GEFS 0.25 degree ensemble mean forecast archive on AWS, TMP 2 m above ground"
2023-09-22,2023-09-29,7,rumor,ncep-gefs-mean-00z-noaa-aws,7.346,0,0,1.06,18,0,false,"NOAA GEFS 0.25 degree ensemble mean forecast archive on AWS, TMP 2 m above ground"
2024-06-02,2024-06-09,7,rumor,ncep-gefs-mean-00z-noaa-aws,2.073,0,0,1.06,18,0,false,"NOAA GEFS 0.25 degree ensemble mean forecast archive on AWS, TMP 2 m above ground"
2024-06-01,2024-06-08,7,rumor,ncep-gefs-mean-00z-noaa-aws,1.689,0,0,1.06,18,0,false,"NOAA GEFS 0.25 degree ensemble mean forecast archive on AWS, TMP 2 m above ground"
2024-06-05,2024-06-12,7,rumor,ncep-gefs-mean-00z-noaa-aws,2.202,0,0,1.06,18,0,false,"NOAA GEFS 0.25 degree ensemble mean forecast archive on AWS, TMP 2 m above ground"
2024-05-26,2024-06-02,7,rumor,ncep-gefs-mean-00z-noaa-aws,5.196,0,0,1.06,18,0,false,"NOAA GEFS 0.25 degree ensemble mean forecast archive on AWS, TMP 2 m above ground"
2024-05-31,2024-06-07,7,rumor,ncep-gefs-mean-00z-noaa-aws,7.129,0,0,1.06,18,0,false,"NOAA GEFS 0.25 degree ensemble mean forecast archive on AWS, TMP 2 m above ground"
2024-06-12,2024-06-19,7,rumor,ncep-gefs-mean-00z-noaa-aws,10.415,0,0,1.06,18,0,false,"NOAA GEFS 0.25 degree ensemble mean forecast archive on AWS, TMP 2 m above ground"
2024-05-29,2024-06-05,7,rumor,ncep-gefs-mean-00z-noaa-aws,10.335,0,0,1.06,18,0,false,"NOAA GEFS 0.25 degree ensemble mean forecast archive on AWS, TMP 2 m above ground"
2024-06-18,2024-06-25,7,rumor,ncep-gefs-mean-00z-noaa-aws,8.35,0,0,1.06,18,0,false,"NOAA GEFS 0.25 degree ensemble mean forecast archive on AWS, TMP 2 m above ground"
2024-05-23,2024-05-30,7,rumor,ncep-gefs-mean-00z-noaa-aws,2.523,0,0,1.06,18,0,false,"NOAA GEFS 0.25 degree ensemble mean forecast archive on AWS, TMP 2 m above ground"
2024-06-04,2024-06-11,7,rumor,ncep-gefs-mean-00z-noaa-aws,1.297,0,0,1.06,18,0,false,"NOAA GEFS 0.25 degree ensemble mean forecast archive on AWS, TMP 2 m above ground"
2024-06-09,2024-06-16,7,rumor,ncep-gefs-mean-00z-noaa-aws,8.069,0,0,1.06,18,0,false,"NOAA GEFS 0.25 degree ensemble mean forecast archive on AWS, TMP 2 m above ground"
2024-06-03,2024-06-10,7,rumor,ncep-gefs-mean-00z-noaa-aws,1.773,0,0,1.06,18,0,false,"NOAA GEFS 0.25 degree ensemble mean forecast archive on AWS, TMP 2 m above ground"
2024-06-11,2024-06-18,7,rumor,ncep-gefs-mean-00z-noaa-aws,9.319,0,0,1.06,18,0,false,"NOAA GEFS 0.25 degree ensemble mean forecast archive on AWS, TMP 2 m above ground"
2024-06-17,2024-06-24,7,rumor,ncep-gefs-mean-00z-noaa-aws,9.364,0,0,1.06,18,0,false,"NOAA GEFS 0.25 degree ensemble mean forecast archive on AWS, TMP 2 m above ground"
2024-05-21,2024-05-28,7,rumor,ncep-gefs-mean-00z-noaa-aws,6.175,0,0,1.06,18,0,false,"NOAA GEFS 0.25 degree ensemble mean forecast archive on AWS, TMP 2 m above ground"
2024-05-20,2024-05-27,7,rumor,ncep-gefs-mean-00z-noaa-aws,7.818,0,0,1.06,18,0,false,"NOAA GEFS 0.25 degree ensemble mean forecast archive on AWS, TMP 2 m above ground"
2024-06-15,2024-06-22,7,rumor,ncep-gefs-mean-00z-noaa-aws,9.712,0,0,1.06,18,0,false,"NOAA GEFS 0.25 degree ensemble mean forecast archive on AWS, TMP 2 m above ground"
2024-05-22,2024-05-29,7,rumor,ncep-gefs-mean-00z-noaa-aws,3.179,0,0,1.06,18,0,false,"NOAA GEFS 0.25 degree ensemble mean forecast archive on AWS, TMP 2 m above ground"
2024-05-30,2024-06-06,7,rumor,ncep-gefs-mean-00z-noaa-aws,9.149,0,0,1.06,18,0,false,"NOAA GEFS 0.25 degree ensemble mean forecast archive on AWS, TMP 2 m above ground"
2024-06-19,2024-06-26,7,rumor,ncep-gefs-mean-00z-noaa-aws,10.303,0,0,1.06,18,0,false,"NOAA GEFS 0.25 degree ensemble mean forecast archive on AWS, TMP 2 m above ground"
2024-06-14,2024-06-21,7,rumor,ncep-gefs-mean-00z-noaa-aws,10.279,0,0,1.06,18,0,false,"NOAA GEFS 0.25 degree ensemble mean forecast archive on AWS, TMP 2 m above ground"
2024-05-27,2024-06-03,7,rumor,ncep-gefs-mean-00z-noaa-aws,5.704,0,0,1.06,18,0,false,"NOAA GEFS 0.25 degree ensemble mean forecast archive on AWS, TMP 2 m above ground"
2024-05-25,2024-06-01,7,rumor,ncep-gefs-mean-00z-noaa-aws,4.006,0,0,1.06,18,0,false,"NOAA GEFS 0.25 degree ensemble mean forecast archive on AWS, TMP 2 m above ground"
2024-06-20,2024-06-27,7,rumor,ncep-gefs-mean-00z-noaa-aws,9.8,0,0,1.06,18,0,false,"NOAA GEFS 0.25 degree ensemble mean forecast archive on AWS, TMP 2 m above ground"
2024-06-06,2024-06-13,7,rumor,ncep-gefs-mean-00z-noaa-aws,3.568,0,0,1.06,18,0,false,"NOAA GEFS 0.25 degree ensemble mean forecast archive on AWS, TMP 2 m above ground"
2024-06-16,2024-06-23,7,rumor,ncep-gefs-mean-00z-noaa-aws,10.522,0,0,1.06,18,0,false,"NOAA GEFS 0.25 degree ensemble mean forecast archive on AWS, TMP 2 m above ground"
2024-06-13,2024-06-20,7,rumor,ncep-gefs-mean-00z-noaa-aws,9.138,0,0,1.06,18,0,false,"NOAA GEFS 0.25 degree ensemble mean forecast archive on AWS, TMP 2 m above ground"
2024-06-07,2024-06-14,7,rumor,ncep-gefs-mean-00z-noaa-aws,8.25,0,0,1.06,18,0,false,"NOAA GEFS 0.25 degree ensemble mean forecast archive on AWS, TMP 2 m above ground"
2024-06-10,2024-06-17,7,rumor,ncep-gefs-mean-00z-noaa-aws,8.886,0,0,1.06,18,0,false,"NOAA GEFS 0.25 degree ensemble mean forecast archive on AWS, TMP 2 m above ground"
2024-05-28,2024-06-04,7,rumor,ncep-gefs-mean-00z-noaa-aws,9.243,0,0,1.06,18,0,false,"NOAA GEFS 0.25 degree ensemble mean forecast archive on AWS, TMP 2 m above ground"
2024-05-24,2024-05-31,7,rumor,ncep-gefs-mean-00z-noaa-aws,1.935,0,0,1.06,18,0,false,"NOAA GEFS 0.25 degree ensemble mean forecast archive on AWS, TMP 2 m above ground"
2024-07-02,2024-07-09,7,rumor,ncep-gefs-mean-00z-noaa-aws,6.605,0,0,1.06,18,0,false,"NOAA GEFS 0.25 degree ensemble mean forecast archive on AWS, TMP 2 m above ground"
2024-06-27,2024-07-04,7,rumor,ncep-gefs-mean-00z-noaa-aws,8.355,0,0,1.06,18,0,false,"NOAA GEFS 0.25 degree ensemble mean forecast archive on AWS, TMP 2 m above ground"
2024-07-19,2024-07-26,7,rumor,ncep-gefs-mean-00z-noaa-aws,4.086,0,0,1.06,18,0,false,"NOAA GEFS 0.25 degree ensemble mean forecast archive on AWS, TMP 2 m above ground"
2024-07-16,2024-07-23,7,rumor,ncep-gefs-mean-00z-noaa-aws,3.516,0,0,1.06,18,0,false,"NOAA GEFS 0.25 degree ensemble mean forecast archive on AWS, TMP 2 m above ground"
2024-06-29,2024-07-06,7,rumor,ncep-gefs-mean-00z-noaa-aws,8.006,0,0,1.06,18,0,false,"NOAA GEFS 0.25 degree ensemble mean forecast archive on AWS, TMP 2 m above ground"
2024-07-20,2024-07-27,7,rumor,ncep-gefs-mean-00z-noaa-aws,5.224,0,0,1.06,18,0,false,"NOAA GEFS 0.25 degree ensemble mean forecast archive on AWS, TMP 2 m above ground"
2024-06-25,2024-07-02,7,rumor,ncep-gefs-mean-00z-noaa-aws,3.981,0,0,1.06,18,0,false,"NOAA GEFS 0.25 degree ensemble mean forecast archive on AWS, TMP 2 m above ground"
2024-07-13,2024-07-20,7,rumor,ncep-gefs-mean-00z-noaa-aws,0.839,0,0,1.06,18,0,false,"NOAA GEFS 0.25 degree ensemble mean forecast archive on AWS, TMP 2 m above ground"
2024-06-30,2024-07-07,7,rumor,ncep-gefs-mean-00z-noaa-aws,6.849,0,0,1.06,18,0,false,"NOAA GEFS 0.25 degree ensemble mean forecast archive on AWS, TMP 2 m above ground"
2024-07-03,2024-07-10,7,rumor,ncep-gefs-mean-00z-noaa-aws,6.488,0,0,1.06,18,0,false,"NOAA GEFS 0.25 degree ensemble mean forecast archive on AWS, TMP 2 m above ground"
2024-06-21,2024-06-28,7,rumor,ncep-gefs-mean-00z-noaa-aws,4.874,0,0,1.06,18,0,false,"NOAA GEFS 0.25 degree ensemble mean forecast archive on AWS, TMP 2 m above ground"
2024-07-15,2024-07-22,7,rumor,ncep-gefs-mean-00z-noaa-aws,2.756,0,0,1.06,18,0,false,"NOAA GEFS 0.25 degree ensemble mean forecast archive on AWS, TMP 2 m above ground"
2024-07-04,2024-07-11,7,rumor,ncep-gefs-mean-00z-noaa-aws,5.851,0,0,1.06,18,0,false,"NOAA GEFS 0.25 degree ensemble mean forecast archive on AWS, TMP 2 m above ground"
2024-06-24,2024-07-01,7,rumor,ncep-gefs-mean-00z-noaa-aws,6.241,0,0,1.06,18,0,false,"NOAA GEFS 0.25 degree ensemble mean forecast archive on AWS, TMP 2 m above ground"
2024-06-26,2024-07-03,7,rumor,ncep-gefs-mean-00z-noaa-aws,7.422,0,0,1.06,18,0,false,"NOAA GEFS 0.25 degree ensemble mean forecast archive on AWS, TMP 2 m above ground"
2024-07-01,2024-07-08,7,rumor,ncep-gefs-mean-00z-noaa-aws,8.113,0,0,1.06,18,0,false,"NOAA GEFS 0.25 degree ensemble mean forecast archive on AWS, TMP 2 m above ground"
2024-06-22,2024-06-29,7,rumor,ncep-gefs-mean-00z-noaa-aws,7.297,0,0,1.06,18,0,false,"NOAA GEFS 0.25 degree ensemble mean forecast archive on AWS, TMP 2 m above ground"
2024-07-12,2024-07-19,7,rumor,ncep-gefs-mean-00z-noaa-aws,2.22,0,0,1.06,18,0,false,"NOAA GEFS 0.25 degree ensemble mean forecast archive on AWS, TMP 2 m above ground"
2024-07-22,2024-07-29,7,rumor,ncep-gefs-mean-00z-noaa-aws,6.608,0,0,1.06,18,0,false,"NOAA GEFS 0.25 degree ensemble mean forecast archive on AWS, TMP 2 m above ground"
2024-07-14,2024-07-21,7,rumor,ncep-gefs-mean-00z-noaa-aws,1.861,0,0,1.06,18,0,false,"NOAA GEFS 0.25 degree ensemble mean forecast archive on AWS, TMP 2 m above ground"
2024-07-21,2024-07-28,7,rumor,ncep-gefs-mean-00z-noaa-aws,5.453,0,0,1.06,18,0,false,"NOAA GEFS 0.25 degree ensemble mean forecast archive on AWS, TMP 2 m above ground"
2024-07-05,2024-07-12,7,rumor,ncep-gefs-mean-00z-noaa-aws,6.087,0,0,1.06,18,0,false,"NOAA GEFS 0.25 degree ensemble mean forecast archive on AWS, TMP 2 m above ground"
2024-07-06,2024-07-13,7,rumor,ncep-gefs-mean-00z-noaa-aws,7.12,0,0,1.06,18,0,false,"NOAA GEFS 0.25 degree ensemble mean forecast archive on AWS, TMP 2 m above ground"
2024-07-10,2024-07-17,7,rumor,ncep-gefs-mean-00z-noaa-aws,9.201,0,0,1.06,18,0,false,"NOAA GEFS 0.25 degree ensemble mean forecast archive on AWS, TMP 2 m above ground"
2024-07-11,2024-07-18,7,rumor,ncep-gefs-mean-00z-noaa-aws,6.17,0,0,1.06,18,0,false,"NOAA GEFS 0.25 degree ensemble mean forecast archive on AWS, TMP 2 m above ground"
2024-07-07,2024-07-14,7,rumor,ncep-gefs-mean-00z-noaa-aws,9.257,0,0,1.06,18,0,false,"NOAA GEFS 0.25 degree ensemble mean forecast archive on AWS, TMP 2 m above ground"
2024-06-08,2024-06-15,7,rumor,ncep-gefs-mean-00z-noaa-aws,10.444,0,0,1.06,18,0,false,"NOAA GEFS 0.25 degree ensemble mean forecast archive on AWS, TMP 2 m above ground"
2024-07-08,2024-07-15,7,rumor,ncep-gefs-mean-00z-noaa-aws,11.001,0,0,1.06,18,0,false,"NOAA GEFS 0.25 degree ensemble mean forecast archive on AWS, TMP 2 m above ground"
2024-06-23,2024-06-30,7,rumor,ncep-gefs-mean-00z-noaa-aws,8.132,0,0,1.06,18,0,false,"NOAA GEFS 0.25 degree ensemble mean forecast archive on AWS, TMP 2 m above ground"
2024-06-28,2024-07-05,7,rumor,ncep-gefs-mean-00z-noaa-aws,9.635,0,0,1.06,18,0,false,"NOAA GEFS 0.25 degree ensemble mean forecast archive on AWS, TMP 2 m above ground"
2024-07-18,2024-07-25,7,rumor,ncep-gefs-mean-00z-noaa-aws,4.331,0,0,1.06,18,0,false,"NOAA GEFS 0.25 degree ensemble mean forecast archive on AWS, TMP 2 m above ground"
2024-07-09,2024-07-16,7,rumor,ncep-gefs-mean-00z-noaa-aws,11.585,0,0,1.06,18,0,false,"NOAA GEFS 0.25 degree ensemble mean forecast archive on AWS, TMP 2 m above ground"
2024-07-29,2024-08-05,7,rumor,ncep-gefs-mean-00z-noaa-aws,8.854,0,0,1.06,18,0,false,"NOAA GEFS 0.25 degree ensemble mean forecast archive on AWS, TMP 2 m above ground"
2024-08-20,2024-08-27,7,rumor,ncep-gefs-mean-00z-noaa-aws,8.789,0,0,1.06,18,0,false,"NOAA GEFS 0.25 degree ensemble mean forecast archive on AWS, TMP 2 m above ground"
2024-07-23,2024-07-30,7,rumor,ncep-gefs-mean-00z-noaa-aws,8.084,0,0,1.06,18,0,false,"NOAA GEFS 0.25 degree ensemble mean forecast archive on AWS, TMP 2 m above ground"
2024-07-24,2024-07-31,7,rumor,ncep-gefs-mean-00z-noaa-aws,8.329,0,0,1.06,18,0,false,"NOAA GEFS 0.25 degree ensemble mean forecast archive on AWS, TMP 2 m above ground"
2024-08-12,2024-08-19,7,rumor,ncep-gefs-mean-00z-noaa-aws,4.963,0,0,1.06,18,0,false,"NOAA GEFS 0.25 degree ensemble mean forecast archive on AWS, TMP 2 m above ground"
2024-08-01,2024-08-08,7,rumor,ncep-gefs-mean-00z-noaa-aws,5.283,0,0,1.06,18,0,false,"NOAA GEFS 0.25 degree ensemble mean forecast archive on AWS, TMP 2 m above ground"
2024-08-08,2024-08-15,7,rumor,ncep-gefs-mean-00z-noaa-aws,4.376,0,0,1.06,18,0,false,"NOAA GEFS 0.25 degree ensemble mean forecast archive on AWS, TMP 2 m above ground"
2024-08-14,2024-08-21,7,rumor,ncep-gefs-mean-00z-noaa-aws,6.071,0,0,1.06,18,0,false,"NOAA GEFS 0.25 degree ensemble mean forecast archive on AWS, TMP 2 m above ground"
2024-07-26,2024-08-02,7,rumor,ncep-gefs-mean-00z-noaa-aws,9.988,0,0,1.06,18,0,false,"NOAA GEFS 0.25 degree ensemble mean forecast archive on AWS, TMP 2 m above ground"
2024-07-31,2024-08-07,7,rumor,ncep-gefs-mean-00z-noaa-aws,7.839,0,0,1.06,18,0,false,"NOAA GEFS 0.25 degree ensemble mean forecast archive on AWS, TMP 2 m above ground"
2024-07-27,2024-08-03,7,rumor,ncep-gefs-mean-00z-noaa-aws,9.901,0,0,1.06,18,0,false,"NOAA GEFS 0.25 degree ensemble mean forecast archive on AWS, TMP 2 m above ground"
2024-08-18,2024-08-25,7,rumor,ncep-gefs-mean-00z-noaa-aws,7.002,0,0,1.06,18,0,false,"NOAA GEFS 0.25 degree ensemble mean forecast archive on AWS, TMP 2 m above ground"
2024-08-13,2024-08-20,7,rumor,ncep-gefs-mean-00z-noaa-aws,6.293,0,0,1.06,18,0,false,"NOAA GEFS 0.25 degree ensemble mean forecast archive on AWS, TMP 2 m above ground"
2024-07-28,2024-08-04,7,rumor,ncep-gefs-mean-00z-noaa-aws,9.912,0,0,1.06,18,0,false,"NOAA GEFS 0.25 degree ensemble mean forecast archive on AWS, TMP 2 m above ground"
2024-08-10,2024-08-17,7,rumor,ncep-gefs-mean-00z-noaa-aws,4.563,0,0,1.06,18,0,false,"NOAA GEFS 0.25 degree ensemble mean forecast archive on AWS, TMP 2 m above ground"
2024-08-16,2024-08-23,7,rumor,ncep-gefs-mean-00z-noaa-aws,2.825,0,0,1.06,18,0,false,"NOAA GEFS 0.25 degree ensemble mean forecast archive on AWS, TMP 2 m above ground"
2024-08-09,2024-08-16,7,rumor,ncep-gefs-mean-00z-noaa-aws,4.957,0,0,1.06,18,0,false,"NOAA GEFS 0.25 degree ensemble mean forecast archive on AWS, TMP 2 m above ground"
2024-08-17,2024-08-24,7,rumor,ncep-gefs-mean-00z-noaa-aws,4.964,0,0,1.06,18,0,false,"NOAA GEFS 0.25 degree ensemble mean forecast archive on AWS, TMP 2 m above ground"
2024-08-03,2024-08-10,7,rumor,ncep-gefs-mean-00z-noaa-aws,1.404,0,0,1.06,18,0,false,"NOAA GEFS 0.25 degree ensemble mean forecast archive on AWS, TMP 2 m above ground"
2024-07-30,2024-08-06,7,rumor,ncep-gefs-mean-00z-noaa-aws,7.721,0,0,1.06,18,0,false,"NOAA GEFS 0.25 degree ensemble mean forecast archive on AWS, TMP 2 m above ground"
2024-08-15,2024-08-22,7,rumor,ncep-gefs-mean-00z-noaa-aws,3.021,0,0,1.06,18,0,false,"NOAA GEFS 0.25 degree ensemble mean forecast archive on AWS, TMP 2 m above ground"
2024-07-25,2024-08-01,7,rumor,ncep-gefs-mean-00z-noaa-aws,8.788,0,0,1.06,18,0,false,"NOAA GEFS 0.25 degree ensemble mean forecast archive on AWS, TMP 2 m above ground"
2024-08-04,2024-08-11,7,rumor,ncep-gefs-mean-00z-noaa-aws,1.112,0,0,1.06,18,0,false,"NOAA GEFS 0.25 degree ensemble mean forecast archive on AWS, TMP 2 m above ground"
2024-08-21,2024-08-28,7,rumor,ncep-gefs-mean-00z-noaa-aws,9.164,0,0,1.06,18,0,false,"NOAA GEFS 0.25 degree ensemble mean forecast archive on AWS, TMP 2 m above ground"
2024-08-02,2024-08-09,7,rumor,ncep-gefs-mean-00z-noaa-aws,2.897,0,0,1.06,18,0,false,"NOAA GEFS 0.25 degree ensemble mean forecast archive on AWS, TMP 2 m above ground"
2024-08-07,2024-08-14,7,rumor,ncep-gefs-mean-00z-noaa-aws,5.016,0,0,1.06,18,0,false,"NOAA GEFS 0.25 degree ensemble mean forecast archive on AWS, TMP 2 m above ground"
2024-08-19,2024-08-26,7,rumor,ncep-gefs-mean-00z-noaa-aws,9.204,0,0,1.06,18,0,false,"NOAA GEFS 0.25 degree ensemble mean forecast archive on AWS, TMP 2 m above ground"
2024-08-11,2024-08-18,7,rumor,ncep-gefs-mean-00z-noaa-aws,4.59,0,0,1.06,18,0,false,"NOAA GEFS 0.25 degree ensemble mean forecast archive on AWS, TMP 2 m above ground"
2024-07-17,2024-07-24,7,rumor,ncep-gefs-mean-00z-noaa-aws,4.155,0,0,1.06,18,0,false,"NOAA GEFS 0.25 degree ensemble mean forecast archive on AWS, TMP 2 m above ground"
2024-08-05,2024-08-12,7,rumor,ncep-gefs-mean-00z-noaa-aws,1.582,0,0,1.06,18,0,false,"NOAA GEFS 0.25 degree ensemble mean forecast archive on AWS, TMP 2 m above ground"
2024-08-06,2024-08-13,7,rumor,ncep-gefs-mean-00z-noaa-aws,3.296,0,0,1.06,18,0,false,"NOAA GEFS 0.25 degree ensemble mean forecast archive on AWS, TMP 2 m above ground"
2024-09-08,2024-09-15,7,rumor,ncep-gefs-mean-00z-noaa-aws,7.598,0,0,1.06,18,0,false,"NOAA GEFS 0.25 degree ensemble mean forecast archive on AWS, TMP 2 m above ground"
2024-08-29,2024-09-05,7,rumor,ncep-gefs-mean-00z-noaa-aws,3.257,0,0,1.06,18,0,false,"NOAA GEFS 0.25 degree ensemble mean forecast archive on AWS, TMP 2 m above ground"
2024-08-27,2024-09-03,7,rumor,ncep-gefs-mean-00z-noaa-aws,1.641,0,0,1.06,18,0,false,"NOAA GEFS 0.25 degree ensemble mean forecast archive on AWS, TMP 2 m above ground"
2024-08-26,2024-09-02,7,rumor,ncep-gefs-mean-00z-noaa-aws,6.961,0,0,1.06,18,0,false,"NOAA GEFS 0.25 degree ensemble mean forecast archive on AWS, TMP 2 m above ground"
2024-09-09,2024-09-16,7,rumor,ncep-gefs-mean-00z-noaa-aws,6.962,0,0,1.06,18,0,false,"NOAA GEFS 0.25 degree ensemble mean forecast archive on AWS, TMP 2 m above ground"
2024-08-24,2024-08-31,7,rumor,ncep-gefs-mean-00z-noaa-aws,7.468,0,0,1.06,18,0,false,"NOAA GEFS 0.25 degree ensemble mean forecast archive on AWS, TMP 2 m above ground"
2024-08-22,2024-08-29,7,rumor,ncep-gefs-mean-00z-noaa-aws,8.018,0,0,1.06,18,0,false,"NOAA GEFS 0.25 degree ensemble mean forecast archive on AWS, TMP 2 m above ground"
2024-09-01,2024-09-08,7,rumor,ncep-gefs-mean-00z-noaa-aws,-0.883,0,0,1.06,18,0,false,"NOAA GEFS 0.25 degree ensemble mean forecast archive on AWS, TMP 2 m above ground"
2024-09-04,2024-09-11,7,rumor,ncep-gefs-mean-00z-noaa-aws,6.954,0,0,1.06,18,0,false,"NOAA GEFS 0.25 degree ensemble mean forecast archive on AWS, TMP 2 m above ground"
2024-08-23,2024-08-30,7,rumor,ncep-gefs-mean-00z-noaa-aws,8.027,0,0,1.06,18,0,false,"NOAA GEFS 0.25 degree ensemble mean forecast archive on AWS, TMP 2 m above ground"
2024-09-15,2024-09-22,7,rumor,ncep-gefs-mean-00z-noaa-aws,6.615,0,0,1.06,18,0,false,"NOAA GEFS 0.25 degree ensemble mean forecast archive on AWS, TMP 2 m above ground"
2024-09-02,2024-09-09,7,rumor,ncep-gefs-mean-00z-noaa-aws,-1.42,0.047,0,1.06,18,0,false,"NOAA GEFS 0.25 degree ensemble mean forecast archive on AWS, TMP 2 m above ground"
2024-08-28,2024-09-04,7,rumor,ncep-gefs-mean-00z-noaa-aws,-0.259,0,0,1.06,18,0,false,"NOAA GEFS 0.25 degree ensemble mean forecast archive on AWS, TMP 2 m above ground"
2024-09-07,2024-09-14,7,rumor,ncep-gefs-mean-00z-noaa-aws,8.57,0,0,1.06,18,0,false,"NOAA GEFS 0.25 degree ensemble mean forecast archive on AWS, TMP 2 m above ground"
2024-09-05,2024-09-12,7,rumor,ncep-gefs-mean-00z-noaa-aws,8.929,0,0,1.06,18,0,false,"NOAA GEFS 0.25 degree ensemble mean forecast archive on AWS, TMP 2 m above ground"
2024-09-22,2024-09-29,7,rumor,ncep-gefs-mean-00z-noaa-aws,8.865,0,0,1.06,18,0,false,"NOAA GEFS 0.25 degree ensemble mean forecast archive on AWS, TMP 2 m above ground"
2024-09-03,2024-09-10,7,rumor,ncep-gefs-mean-00z-noaa-aws,1.653,0,0,1.06,18,0,false,"NOAA GEFS 0.25 degree ensemble mean forecast archive on AWS, TMP 2 m above ground"
2024-09-10,2024-09-17,7,rumor,ncep-gefs-mean-00z-noaa-aws,6.799,0,0,1.06,18,0,false,"NOAA GEFS 0.25 degree ensemble mean forecast archive on AWS, TMP 2 m above ground"
2024-09-13,2024-09-20,7,rumor,ncep-gefs-mean-00z-noaa-aws,9.884,0,0,1.06,18,0,false,"NOAA GEFS 0.25 degree ensemble mean forecast archive on AWS, TMP 2 m above ground"
2024-09-18,2024-09-25,7,rumor,ncep-gefs-mean-00z-noaa-aws,6.645,0,0,1.06,18,0,false,"NOAA GEFS 0.25 degree ensemble mean forecast archive on AWS, TMP 2 m above ground"
2024-09-17,2024-09-24,7,rumor,ncep-gefs-mean-00z-noaa-aws,7.386,0,0,1.06,18,0,false,"NOAA GEFS 0.25 degree ensemble mean forecast archive on AWS, TMP 2 m above ground"
2024-08-30,2024-09-06,7,rumor,ncep-gefs-mean-00z-noaa-aws,2.83,0,0,1.06,18,0,false,"NOAA GEFS 0.25 degree ensemble mean forecast archive on AWS, TMP 2 m above ground"
2024-09-16,2024-09-23,7,rumor,ncep-gefs-mean-00z-noaa-aws,7.438,0,0,1.06,18,0,false,"NOAA GEFS 0.25 degree ensemble mean forecast archive on AWS, TMP 2 m above ground"
2024-09-19,2024-09-26,7,rumor,ncep-gefs-mean-00z-noaa-aws,5.473,0,0,1.06,18,0,false,"NOAA GEFS 0.25 degree ensemble mean forecast archive on AWS, TMP 2 m above ground"
2024-09-14,2024-09-21,7,rumor,ncep-gefs-mean-00z-noaa-aws,8.55,0,0,1.06,18,0,false,"NOAA GEFS 0.25 degree ensemble mean forecast archive on AWS, TMP 2 m above ground"
2024-09-11,2024-09-18,7,rumor,ncep-gefs-mean-00z-noaa-aws,8.114,0,0,1.06,18,0,false,"NOAA GEFS 0.25 degree ensemble mean forecast archive on AWS, TMP 2 m above ground"
2024-08-31,2024-09-07,7,rumor,ncep-gefs-mean-00z-noaa-aws,-1.025,0,0,1.06,18,0,false,"NOAA GEFS 0.25 degree ensemble mean forecast archive on AWS, TMP 2 m above ground"
2024-09-06,2024-09-13,7,rumor,ncep-gefs-mean-00z-noaa-aws,7.544,0,0,1.06,18,0,false,"NOAA GEFS 0.25 degree ensemble mean forecast archive on AWS, TMP 2 m above ground"
2024-09-12,2024-09-19,7,rumor,ncep-gefs-mean-00z-noaa-aws,9.708,0,0,1.06,18,0,false,"NOAA GEFS 0.25 degree ensemble mean forecast archive on AWS, TMP 2 m above ground"
2024-09-20,2024-09-27,7,rumor,ncep-gefs-mean-00z-noaa-aws,6.179,0,0,1.06,18,0,false,"NOAA GEFS 0.25 degree ensemble mean forecast archive on AWS, TMP 2 m above ground"
2024-09-21,2024-09-28,7,rumor,ncep-gefs-mean-00z-noaa-aws,7.601,0,0,1.06,18,0,false,"NOAA GEFS 0.25 degree ensemble mean forecast archive on AWS, TMP 2 m above ground"
2024-08-25,2024-09-01,7,rumor,ncep-gefs-mean-00z-noaa-aws,9.479,0,0,1.06,18,0,false,"NOAA GEFS 0.25 degree ensemble mean forecast archive on AWS, TMP 2 m above ground"
2025-04-28,2025-05-05,7,rumor,ncep-gefs-mean-00z-noaa-aws,5.828,0,0,1.06,18,0,false,"NOAA GEFS 0.25 degree ensemble mean forecast archive on AWS, TMP 2 m above ground"
2025-05-06,2025-05-13,7,rumor,ncep-gefs-mean-00z-noaa-aws,10.091,0,0,1.06,18,0,false,"NOAA GEFS 0.25 degree ensemble mean forecast archive on AWS, TMP 2 m above ground"
2025-04-27,2025-05-04,7,rumor,ncep-gefs-mean-00z-noaa-aws,1.197,0,0,1.06,18,0,false,"NOAA GEFS 0.25 degree ensemble mean forecast archive on AWS, TMP 2 m above ground"
2025-04-25,2025-05-02,7,rumor,ncep-gefs-mean-00z-noaa-aws,7.727,0,0,1.06,18,0,false,"NOAA GEFS 0.25 degree ensemble mean forecast archive on AWS, TMP 2 m above ground"
2025-05-05,2025-05-12,7,rumor,ncep-gefs-mean-00z-noaa-aws,7.76,0,0,1.06,18,0,false,"NOAA GEFS 0.25 degree ensemble mean forecast archive on AWS, TMP 2 m above ground"
2025-04-29,2025-05-06,7,rumor,ncep-gefs-mean-00z-noaa-aws,6.886,0,0,1.06,18,0,false,"NOAA GEFS 0.25 degree ensemble mean forecast archive on AWS, TMP 2 m above ground"
2025-05-07,2025-05-14,7,rumor,ncep-gefs-mean-00z-noaa-aws,9.151,0,0,1.06,18,0,false,"NOAA GEFS 0.25 degree ensemble mean forecast archive on AWS, TMP 2 m above ground"
2025-05-02,2025-05-09,7,rumor,ncep-gefs-mean-00z-noaa-aws,1.712,0,0,1.06,18,0,false,"NOAA GEFS 0.25 degree ensemble mean forecast archive on AWS, TMP 2 m above ground"
2025-05-18,2025-05-25,7,rumor,ncep-gefs-mean-00z-noaa-aws,-0.889,0,0,1.06,18,0,false,"NOAA GEFS 0.25 degree ensemble mean forecast archive on AWS, TMP 2 m above ground"
2025-05-01,2025-05-08,7,rumor,ncep-gefs-mean-00z-noaa-aws,5.501,0,0,1.06,18,0,false,"NOAA GEFS 0.25 degree ensemble mean forecast archive on AWS, TMP 2 m above ground"
2025-05-04,2025-05-11,7,rumor,ncep-gefs-mean-00z-noaa-aws,4.286,0,0,1.06,18,0,false,"NOAA GEFS 0.25 degree ensemble mean forecast archive on AWS, TMP 2 m above ground"
2025-05-16,2025-05-23,7,rumor,ncep-gefs-mean-00z-noaa-aws,-4.64,0.198,0,1.06,18,0,false,"NOAA GEFS 0.25 degree ensemble mean forecast archive on AWS, TMP 2 m above ground"
2024-09-23,2024-09-30,7,rumor,ncep-gefs-mean-00z-noaa-aws,9.681,0,0,1.06,18,0,false,"NOAA GEFS 0.25 degree ensemble mean forecast archive on AWS, TMP 2 m above ground"
2025-05-20,2025-05-27,7,rumor,ncep-gefs-mean-00z-noaa-aws,-0.548,0,0,1.06,18,0,false,"NOAA GEFS 0.25 degree ensemble mean forecast archive on AWS, TMP 2 m above ground"
2025-05-08,2025-05-15,7,rumor,ncep-gefs-mean-00z-noaa-aws,11.627,0,0,1.06,18,0,false,"NOAA GEFS 0.25 degree ensemble mean forecast archive on AWS, TMP 2 m above ground"
2025-04-26,2025-05-03,7,rumor,ncep-gefs-mean-00z-noaa-aws,7.322,0,0,1.06,18,0,false,"NOAA GEFS 0.25 degree ensemble mean forecast archive on AWS, TMP 2 m above ground"
2025-05-14,2025-05-21,7,rumor,ncep-gefs-mean-00z-noaa-aws,5.646,0,0,1.06,18,0,false,"NOAA GEFS 0.25 degree ensemble mean forecast archive on AWS, TMP 2 m above ground"
2025-05-19,2025-05-26,7,rumor,ncep-gefs-mean-00z-noaa-aws,0.95,0,0,1.06,18,0,false,"NOAA GEFS 0.25 degree ensemble mean forecast archive on AWS, TMP 2 m above ground"
2025-05-17,2025-05-24,7,rumor,ncep-gefs-mean-00z-noaa-aws,-1.203,0,0,1.06,18,0,false,"NOAA GEFS 0.25 degree ensemble mean forecast archive on AWS, TMP 2 m above ground"
2025-05-09,2025-05-16,7,rumor,ncep-gefs-mean-00z-noaa-aws,15.269,0,0,1.06,18,0,false,"NOAA GEFS 0.25 degree ensemble mean forecast archive on AWS, TMP 2 m above ground"
2025-05-24,2025-05-31,7,rumor,ncep-gefs-mean-00z-noaa-aws,4.452,0,0,1.06,18,0,false,"NOAA GEFS 0.25 degree ensemble mean forecast archive on AWS, TMP 2 m above ground"
2025-05-12,2025-05-19,7,rumor,ncep-gefs-mean-00z-noaa-aws,6.147,0,0,1.06,18,0,false,"NOAA GEFS 0.25 degree ensemble mean forecast archive on AWS, TMP 2 m above ground"
2025-05-21,2025-05-28,7,rumor,ncep-gefs-mean-00z-noaa-aws,-1.219,0,0,1.06,18,0,false,"NOAA GEFS 0.25 degree ensemble mean forecast archive on AWS, TMP 2 m above ground"
2025-05-11,2025-05-18,7,rumor,ncep-gefs-mean-00z-noaa-aws,8.586,0,0,1.06,18,0,false,"NOAA GEFS 0.25 degree ensemble mean forecast archive on AWS, TMP 2 m above ground"
2025-05-10,2025-05-17,7,rumor,ncep-gefs-mean-00z-noaa-aws,14.152,0,0,1.06,18,0,false,"NOAA GEFS 0.25 degree ensemble mean forecast archive on AWS, TMP 2 m above ground"
2025-05-22,2025-05-29,7,rumor,ncep-gefs-mean-00z-noaa-aws,0.633,0,0,1.06,18,0,false,"NOAA GEFS 0.25 degree ensemble mean forecast archive on AWS, TMP 2 m above ground"
2025-05-15,2025-05-22,7,rumor,ncep-gefs-mean-00z-noaa-aws,0.765,0,0,1.06,18,0,false,"NOAA GEFS 0.25 degree ensemble mean forecast archive on AWS, TMP 2 m above ground"
2025-05-03,2025-05-10,7,rumor,ncep-gefs-mean-00z-noaa-aws,1.136,0,0,1.06,18,0,false,"NOAA GEFS 0.25 degree ensemble mean forecast archive on AWS, TMP 2 m above ground"
2025-04-30,2025-05-07,7,rumor,ncep-gefs-mean-00z-noaa-aws,10.1,0,0,1.06,18,0,false,"NOAA GEFS 0.25 degree ensemble mean forecast archive on AWS, TMP 2 m above ground"
2025-05-13,2025-05-20,7,rumor,ncep-gefs-mean-00z-noaa-aws,5.601,0,0,1.06,18,0,false,"NOAA GEFS 0.25 degree ensemble mean forecast archive on AWS, TMP 2 m above ground"
2025-05-23,2025-05-30,7,rumor,ncep-gefs-mean-00z-noaa-aws,1.889,0,0,1.06,18,0,false,"NOAA GEFS 0.25 degree ensemble mean forecast archive on AWS, TMP 2 m above ground"
2025-05-26,2025-06-02,7,rumor,ncep-gefs-mean-00z-noaa-aws,3.61,0,0,1.06,18,0,false,"NOAA GEFS 0.25 degree ensemble mean forecast archive on AWS, TMP 2 m above ground"
2025-06-01,2025-06-08,7,rumor,ncep-gefs-mean-00z-noaa-aws,6.112,0,0,1.06,18,0,false,"NOAA GEFS 0.25 degree ensemble mean forecast archive on AWS, TMP 2 m above ground"
2025-05-29,2025-06-05,7,rumor,ncep-gefs-mean-00z-noaa-aws,9.534,0,0,1.06,18,0,false,"NOAA GEFS 0.25 degree ensemble mean forecast archive on AWS, TMP 2 m above ground"
2025-06-22,2025-06-29,7,rumor,ncep-gefs-mean-00z-noaa-aws,10.806,0,0,1.06,18,0,false,"NOAA GEFS 0.25 degree ensemble mean forecast archive on AWS, TMP 2 m above ground"
2025-06-05,2025-06-12,7,rumor,ncep-gefs-mean-00z-noaa-aws,6.625,0,0,1.06,18,0,false,"NOAA GEFS 0.25 degree ensemble mean forecast archive on AWS, TMP 2 m above ground"
2025-06-18,2025-06-25,7,rumor,ncep-gefs-mean-00z-noaa-aws,12.479,0,0,1.06,18,0,false,"NOAA GEFS 0.25 degree ensemble mean forecast archive on AWS, TMP 2 m above ground"
2025-06-15,2025-06-22,7,rumor,ncep-gefs-mean-00z-noaa-aws,10.412,0,0,1.06,18,0,false,"NOAA GEFS 0.25 degree ensemble mean forecast archive on AWS, TMP 2 m above ground"
2025-06-04,2025-06-11,7,rumor,ncep-gefs-mean-00z-noaa-aws,4.167,0,0,1.06,18,0,false,"NOAA GEFS 0.25 degree ensemble mean forecast archive on AWS, TMP 2 m above ground"
2025-06-11,2025-06-18,7,rumor,ncep-gefs-mean-00z-noaa-aws,5.952,0,0,1.06,18,0,false,"NOAA GEFS 0.25 degree ensemble mean forecast archive on AWS, TMP 2 m above ground"
2025-06-10,2025-06-17,7,rumor,ncep-gefs-mean-00z-noaa-aws,6.678,0,0,1.06,18,0,false,"NOAA GEFS 0.25 degree ensemble mean forecast archive on AWS, TMP 2 m above ground"
2025-06-23,2025-06-30,7,rumor,ncep-gefs-mean-00z-noaa-aws,10.136,0,0,1.06,18,0,false,"NOAA GEFS 0.25 degree ensemble mean forecast archive on AWS, TMP 2 m above ground"
2025-06-13,2025-06-20,7,rumor,ncep-gefs-mean-00z-noaa-aws,9.711,0,0,1.06,18,0,false,"NOAA GEFS 0.25 degree ensemble mean forecast archive on AWS, TMP 2 m above ground"
2025-05-25,2025-06-01,7,rumor,ncep-gefs-mean-00z-noaa-aws,3.655,0,0,1.06,18,0,false,"NOAA GEFS 0.25 degree ensemble mean forecast archive on AWS, TMP 2 m above ground"
2025-06-07,2025-06-14,7,rumor,ncep-gefs-mean-00z-noaa-aws,9.084,0,0,1.06,18,0,false,"NOAA GEFS 0.25 degree ensemble mean forecast archive on AWS, TMP 2 m above ground"
2025-06-02,2025-06-09,7,rumor,ncep-gefs-mean-00z-noaa-aws,5.371,0,0,1.06,18,0,false,"NOAA GEFS 0.25 degree ensemble mean forecast archive on AWS, TMP 2 m above ground"
2025-06-08,2025-06-15,7,rumor,ncep-gefs-mean-00z-noaa-aws,6,0,0,1.06,18,0,false,"NOAA GEFS 0.25 degree ensemble mean forecast archive on AWS, TMP 2 m above ground"
2025-06-24,2025-07-01,7,rumor,ncep-gefs-mean-00z-noaa-aws,10.376,0,0,1.06,18,0,false,"NOAA GEFS 0.25 degree ensemble mean forecast archive on AWS, TMP 2 m above ground"
2025-06-06,2025-06-13,7,rumor,ncep-gefs-mean-00z-noaa-aws,8.377,0,0,1.06,18,0,false,"NOAA GEFS 0.25 degree ensemble mean forecast archive on AWS, TMP 2 m above ground"
2025-06-16,2025-06-23,7,rumor,ncep-gefs-mean-00z-noaa-aws,12.692,0,0,1.06,18,0,false,"NOAA GEFS 0.25 degree ensemble mean forecast archive on AWS, TMP 2 m above ground"
2025-05-31,2025-06-07,7,rumor,ncep-gefs-mean-00z-noaa-aws,7.265,0,0,1.06,18,0,false,"NOAA GEFS 0.25 degree ensemble mean forecast archive on AWS, TMP 2 m above ground"
2025-06-12,2025-06-19,7,rumor,ncep-gefs-mean-00z-noaa-aws,9.392,0,0,1.06,18,0,false,"NOAA GEFS 0.25 degree ensemble mean forecast archive on AWS, TMP 2 m above ground"
2025-06-17,2025-06-24,7,rumor,ncep-gefs-mean-00z-noaa-aws,13.13,0,0,1.06,18,0,false,"NOAA GEFS 0.25 degree ensemble mean forecast archive on AWS, TMP 2 m above ground"
2025-06-03,2025-06-10,7,rumor,ncep-gefs-mean-00z-noaa-aws,3.559,0,0,1.06,18,0,false,"NOAA GEFS 0.25 degree ensemble mean forecast archive on AWS, TMP 2 m above ground"
2025-06-09,2025-06-16,7,rumor,ncep-gefs-mean-00z-noaa-aws,6.772,0,0,1.06,18,0,false,"NOAA GEFS 0.25 degree ensemble mean forecast archive on AWS, TMP 2 m above ground"
2025-04-24,2025-05-01,7,rumor,ncep-gefs-mean-00z-noaa-aws,7.843,0,0,1.06,18,0,false,"NOAA GEFS 0.25 degree ensemble mean forecast archive on AWS, TMP 2 m above ground"
2025-06-19,2025-06-26,7,rumor,ncep-gefs-mean-00z-noaa-aws,9.517,0,0,1.06,18,0,false,"NOAA GEFS 0.25 degree ensemble mean forecast archive on AWS, TMP 2 m above ground"
2025-06-21,2025-06-28,7,rumor,ncep-gefs-mean-00z-noaa-aws,8.992,0,0,1.06,18,0,false,"NOAA GEFS 0.25 degree ensemble mean forecast archive on AWS, TMP 2 m above ground"
2025-06-20,2025-06-27,7,rumor,ncep-gefs-mean-00z-noaa-aws,9.559,0,0,1.06,18,0,false,"NOAA GEFS 0.25 degree ensemble mean forecast archive on AWS, TMP 2 m above ground"
2025-05-30,2025-06-06,7,rumor,ncep-gefs-mean-00z-noaa-aws,9.255,0,0,1.06,18,0,false,"NOAA GEFS 0.25 degree ensemble mean forecast archive on AWS, TMP 2 m above ground"
2025-05-27,2025-06-03,7,rumor,ncep-gefs-mean-00z-noaa-aws,7.559,0,0,1.06,18,0,false,"NOAA GEFS 0.25 degree ensemble mean forecast archive on AWS, TMP 2 m above ground"
2025-06-14,2025-06-21,7,rumor,ncep-gefs-mean-00z-noaa-aws,7.294,0,0,1.06,18,0,false,"NOAA GEFS 0.25 degree ensemble mean forecast archive on AWS, TMP 2 m above ground"
2025-05-28,2025-06-04,7,rumor,ncep-gefs-mean-00z-noaa-aws,8.372,0,0,1.06,18,0,false,"NOAA GEFS 0.25 degree ensemble mean forecast archive on AWS, TMP 2 m above ground"
2025-07-01,2025-07-08,7,rumor,ncep-gefs-mean-00z-noaa-aws,8.047,0,0,1.06,18,0,false,"NOAA GEFS 0.25 degree ensemble mean forecast archive on AWS, TMP 2 m above ground"
2025-06-25,2025-07-02,7,rumor,ncep-gefs-mean-00z-noaa-aws,9.03,0,0,1.06,18,0,false,"NOAA GEFS 0.25 degree ensemble mean forecast archive on AWS, TMP 2 m above ground"
2025-07-03,2025-07-10,7,rumor,ncep-gefs-mean-00z-noaa-aws,7.23,0,0,1.06,18,0,false,"NOAA GEFS 0.25 degree ensemble mean forecast archive on AWS, TMP 2 m above ground"
2025-06-29,2025-07-06,7,rumor,ncep-gefs-mean-00z-noaa-aws,8.593,0,0,1.06,18,0,false,"NOAA GEFS 0.25 degree ensemble mean forecast archive on AWS, TMP 2 m above ground"
2025-07-04,2025-07-11,7,rumor,ncep-gefs-mean-00z-noaa-aws,6.732,0,0,1.06,18,0,false,"NOAA GEFS 0.25 degree ensemble mean forecast archive on AWS, TMP 2 m above ground"
2025-07-05,2025-07-12,7,rumor,ncep-gefs-mean-00z-noaa-aws,8.386,0,0,1.06,18,0,false,"NOAA GEFS 0.25 degree ensemble mean forecast archive on AWS, TMP 2 m above ground"
2025-06-26,2025-07-03,7,rumor,ncep-gefs-mean-00z-noaa-aws,7.656,0,0,1.06,18,0,false,"NOAA GEFS 0.25 degree ensemble mean forecast archive on AWS, TMP 2 m above ground"
2025-07-22,2025-07-29,7,rumor,ncep-gefs-mean-00z-noaa-aws,10.21,0,0,1.06,18,0,false,"NOAA GEFS 0.25 degree ensemble mean forecast archive on AWS, TMP 2 m above ground"
2025-07-20,2025-07-27,7,rumor,ncep-gefs-mean-00z-noaa-aws,8.781,0,0,1.06,18,0,false,"NOAA GEFS 0.25 degree ensemble mean forecast archive on AWS, TMP 2 m above ground"
2025-07-02,2025-07-09,7,rumor,ncep-gefs-mean-00z-noaa-aws,6.776,0,0,1.06,18,0,false,"NOAA GEFS 0.25 degree ensemble mean forecast archive on AWS, TMP 2 m above ground"
2025-06-30,2025-07-07,7,rumor,ncep-gefs-mean-00z-noaa-aws,8.717,0,0,1.06,18,0,false,"NOAA GEFS 0.25 degree ensemble mean forecast archive on AWS, TMP 2 m above ground"
2025-07-13,2025-07-20,7,rumor,ncep-gefs-mean-00z-noaa-aws,5.38,0,0,1.06,18,0,false,"NOAA GEFS 0.25 degree ensemble mean forecast archive on AWS, TMP 2 m above ground"
2025-07-11,2025-07-18,7,rumor,ncep-gefs-mean-00z-noaa-aws,5.128,0,0,1.06,18,0,false,"NOAA GEFS 0.25 degree ensemble mean forecast archive on AWS, TMP 2 m above ground"
2025-06-28,2025-07-05,7,rumor,ncep-gefs-mean-00z-noaa-aws,7.631,0,0,1.06,18,0,false,"NOAA GEFS 0.25 degree ensemble mean forecast archive on AWS, TMP 2 m above ground"
2025-07-15,2025-07-22,7,rumor,ncep-gefs-mean-00z-noaa-aws,6.297,0,0,1.06,18,0,false,"NOAA GEFS 0.25 degree ensemble mean forecast archive on AWS, TMP 2 m above ground"
2025-07-12,2025-07-19,7,rumor,ncep-gefs-mean-00z-noaa-aws,4.801,0,0,1.06,18,0,false,"NOAA GEFS 0.25 degree ensemble mean forecast archive on AWS, TMP 2 m above ground"
2025-07-14,2025-07-21,7,rumor,ncep-gefs-mean-00z-noaa-aws,6.201,0,0,1.06,18,0,false,"NOAA GEFS 0.25 degree ensemble mean forecast archive on AWS, TMP 2 m above ground"
2025-07-19,2025-07-26,7,rumor,ncep-gefs-mean-00z-noaa-aws,9.393,0,0,1.06,18,0,false,"NOAA GEFS 0.25 degree ensemble mean forecast archive on AWS, TMP 2 m above ground"
2025-07-21,2025-07-28,7,rumor,ncep-gefs-mean-00z-noaa-aws,8.772,0,0,1.06,18,0,false,"NOAA GEFS 0.25 degree ensemble mean forecast archive on AWS, TMP 2 m above ground"
2025-07-08,2025-07-15,7,rumor,ncep-gefs-mean-00z-noaa-aws,8.515,0,0,1.06,18,0,false,"NOAA GEFS 0.25 degree ensemble mean forecast archive on AWS, TMP 2 m above ground"
2025-07-17,2025-07-24,7,rumor,ncep-gefs-mean-00z-noaa-aws,10.349,0,0,1.06,18,0,false,"NOAA GEFS 0.25 degree ensemble mean forecast archive on AWS, TMP 2 m above ground"
2025-07-25,2025-08-01,7,rumor,ncep-gefs-mean-00z-noaa-aws,3.035,0,0,1.06,18,0,false,"NOAA GEFS 0.25 degree ensemble mean forecast archive on AWS, TMP 2 m above ground"
2025-07-09,2025-07-16,7,rumor,ncep-gefs-mean-00z-noaa-aws,8.212,0,0,1.06,18,0,false,"NOAA GEFS 0.25 degree ensemble mean forecast archive on AWS, TMP 2 m above ground"
2025-07-10,2025-07-17,7,rumor,ncep-gefs-mean-00z-noaa-aws,5.825,0,0,1.06,18,0,false,"NOAA GEFS 0.25 degree ensemble mean forecast archive on AWS, TMP 2 m above ground"
2025-07-06,2025-07-13,7,rumor,ncep-gefs-mean-00z-noaa-aws,6.594,0,0,1.06,18,0,false,"NOAA GEFS 0.25 degree ensemble mean forecast archive on AWS, TMP 2 m above ground"
2025-07-16,2025-07-23,7,rumor,ncep-gefs-mean-00z-noaa-aws,9.077,0,0,1.06,18,0,false,"NOAA GEFS 0.25 degree ensemble mean forecast archive on AWS, TMP 2 m above ground"
2025-07-23,2025-07-30,7,rumor,ncep-gefs-mean-00z-noaa-aws,11.497,0,0,1.06,18,0,false,"NOAA GEFS 0.25 degree ensemble mean forecast archive on AWS, TMP 2 m above ground"
2025-07-18,2025-07-25,7,rumor,ncep-gefs-mean-00z-noaa-aws,11.01,0,0,1.06,18,0,false,"NOAA GEFS 0.25 degree ensemble mean forecast archive on AWS, TMP 2 m above ground"
2025-07-26,2025-08-02,7,rumor,ncep-gefs-mean-00z-noaa-aws,0.005,0,0,1.06,18,0,false,"NOAA GEFS 0.25 degree ensemble mean forecast archive on AWS, TMP 2 m above ground"
2025-07-07,2025-07-14,7,rumor,ncep-gefs-mean-00z-noaa-aws,6.281,0,0,1.06,18,0,false,"NOAA GEFS 0.25 degree ensemble mean forecast archive on AWS, TMP 2 m above ground"
2025-07-24,2025-07-31,7,rumor,ncep-gefs-mean-00z-noaa-aws,8.264,0,0,1.06,18,0,false,"NOAA GEFS 0.25 degree ensemble mean forecast archive on AWS, TMP 2 m above ground"
2025-08-18,2025-08-25,7,rumor,ncep-gefs-mean-00z-noaa-aws,2.164,0,0,1.06,18,0,false,"NOAA GEFS 0.25 degree ensemble mean forecast archive on AWS, TMP 2 m above ground"
2025-08-23,2025-08-30,7,rumor,ncep-gefs-mean-00z-noaa-aws,0.922,0,0,1.06,18,0,false,"NOAA GEFS 0.25 degree ensemble mean forecast archive on AWS, TMP 2 m above ground"
2025-08-10,2025-08-17,7,rumor,ncep-gefs-mean-00z-noaa-aws,9.098,0,0,1.06,18,0,false,"NOAA GEFS 0.25 degree ensemble mean forecast archive on AWS, TMP 2 m above ground"
2025-08-24,2025-08-31,7,rumor,ncep-gefs-mean-00z-noaa-aws,2.073,0,0,1.06,18,0,false,"NOAA GEFS 0.25 degree ensemble mean forecast archive on AWS, TMP 2 m above ground"
2025-08-25,2025-09-01,7,rumor,ncep-gefs-mean-00z-noaa-aws,0.816,0,0,1.06,18,0,false,"NOAA GEFS 0.25 degree ensemble mean forecast archive on AWS, TMP 2 m above ground"
2025-08-14,2025-08-21,7,rumor,ncep-gefs-mean-00z-noaa-aws,5.025,0,0,1.06,18,0,false,"NOAA GEFS 0.25 degree ensemble mean forecast archive on AWS, TMP 2 m above ground"
2025-08-13,2025-08-20,7,rumor,ncep-gefs-mean-00z-noaa-aws,6.788,0,0,1.06,18,0,false,"NOAA GEFS 0.25 degree ensemble mean forecast archive on AWS, TMP 2 m above ground"
2025-08-09,2025-08-16,7,rumor,ncep-gefs-mean-00z-noaa-aws,9.7,0,0,1.06,18,0,false,"NOAA GEFS 0.25 degree ensemble mean forecast archive on AWS, TMP 2 m above ground"
2025-07-30,2025-08-06,7,rumor,ncep-gefs-mean-00z-noaa-aws,4.983,0,0,1.06,18,0,false,"NOAA GEFS 0.25 degree ensemble mean forecast archive on AWS, TMP 2 m above ground"
2025-08-11,2025-08-18,7,rumor,ncep-gefs-mean-00z-noaa-aws,10.489,0,0,1.06,18,0,false,"NOAA GEFS 0.25 degree ensemble mean forecast archive on AWS, TMP 2 m above ground"
2025-08-15,2025-08-22,7,rumor,ncep-gefs-mean-00z-noaa-aws,5.226,0,0,1.06,18,0,false,"NOAA GEFS 0.25 degree ensemble mean forecast archive on AWS, TMP 2 m above ground"
2025-08-12,2025-08-19,7,rumor,ncep-gefs-mean-00z-noaa-aws,7.893,0,0,1.06,18,0,false,"NOAA GEFS 0.25 degree ensemble mean forecast archive on AWS, TMP 2 m above ground"
2025-07-31,2025-08-07,7,rumor,ncep-gefs-mean-00z-noaa-aws,6.42,0,0,1.06,18,0,false,"NOAA GEFS 0.25 degree ensemble mean forecast archive on AWS, TMP 2 m above ground"
2025-08-07,2025-08-14,7,rumor,ncep-gefs-mean-00z-noaa-aws,10.435,0,0,1.06,18,0,false,"NOAA GEFS 0.25 degree ensemble mean forecast archive on AWS, TMP 2 m above ground"
2025-08-03,2025-08-10,7,rumor,ncep-gefs-mean-00z-noaa-aws,7.057,0,0,1.06,18,0,false,"NOAA GEFS 0.25 degree ensemble mean forecast archive on AWS, TMP 2 m above ground"
2025-08-04,2025-08-11,7,rumor,ncep-gefs-mean-00z-noaa-aws,7.625,0,0,1.06,18,0,false,"NOAA GEFS 0.25 degree ensemble mean forecast archive on AWS, TMP 2 m above ground"
2025-08-08,2025-08-15,7,rumor,ncep-gefs-mean-00z-noaa-aws,9.898,0,0,1.06,18,0,false,"NOAA GEFS 0.25 degree ensemble mean forecast archive on AWS, TMP 2 m above ground"
2025-08-01,2025-08-08,7,rumor,ncep-gefs-mean-00z-noaa-aws,5.322,0,0,1.06,18,0,false,"NOAA GEFS 0.25 degree ensemble mean forecast archive on AWS, TMP 2 m above ground"
2025-08-06,2025-08-13,7,rumor,ncep-gefs-mean-00z-noaa-aws,7.935,0,0,1.06,18,0,false,"NOAA GEFS 0.25 degree ensemble mean forecast archive on AWS, TMP 2 m above ground"
2025-08-22,2025-08-29,7,rumor,ncep-gefs-mean-00z-noaa-aws,-0.461,0.038,0,1.06,18,0,false,"NOAA GEFS 0.25 degree ensemble mean forecast archive on AWS, TMP 2 m above ground"
2025-08-16,2025-08-23,7,rumor,ncep-gefs-mean-00z-noaa-aws,6.046,0,0,1.06,18,0,false,"NOAA GEFS 0.25 degree ensemble mean forecast archive on AWS, TMP 2 m above ground"
2025-07-27,2025-08-03,7,rumor,ncep-gefs-mean-00z-noaa-aws,0.169,0,0,1.06,18,0,false,"NOAA GEFS 0.25 degree ensemble mean forecast archive on AWS, TMP 2 m above ground"
2025-08-26,2025-09-02,7,rumor,ncep-gefs-mean-00z-noaa-aws,1.301,0,0,1.06,18,0,false,"NOAA GEFS 0.25 degree ensemble mean forecast archive on AWS, TMP 2 m above ground"
2025-08-17,2025-08-24,7,rumor,ncep-gefs-mean-00z-noaa-aws,5.981,0,0,1.06,18,0,false,"NOAA GEFS 0.25 degree ensemble mean forecast archive on AWS, TMP 2 m above ground"
2025-08-02,2025-08-09,7,rumor,ncep-gefs-mean-00z-noaa-aws,5.257,0,0,1.06,18,0,false,"NOAA GEFS 0.25 degree ensemble mean forecast archive on AWS, TMP 2 m above ground"
2025-07-28,2025-08-04,7,rumor,ncep-gefs-mean-00z-noaa-aws,0.204,0,0,1.06,18,0,false,"NOAA GEFS 0.25 degree ensemble mean forecast archive on AWS, TMP 2 m above ground"
2025-08-20,2025-08-27,7,rumor,ncep-gefs-mean-00z-noaa-aws,-3.093,0.132,0,1.06,18,0,false,"NOAA GEFS 0.25 degree ensemble mean forecast archive on AWS, TMP 2 m above ground"
2025-06-27,2025-07-04,7,rumor,ncep-gefs-mean-00z-noaa-aws,7.26,0,0,1.06,18,0,false,"NOAA GEFS 0.25 degree ensemble mean forecast archive on AWS, TMP 2 m above ground"
2025-08-21,2025-08-28,7,rumor,ncep-gefs-mean-00z-noaa-aws,-3.278,0.179,0,1.06,18,0,false,"NOAA GEFS 0.25 degree ensemble mean forecast archive on AWS, TMP 2 m above ground"
2025-08-19,2025-08-26,7,rumor,ncep-gefs-mean-00z-noaa-aws,-0.963,0.047,0,1.06,18,0,false,"NOAA GEFS 0.25 degree ensemble mean forecast archive on AWS, TMP 2 m above ground"
2025-08-05,2025-08-12,7,rumor,ncep-gefs-mean-00z-noaa-aws,8.135,0,0,1.06,18,0,false,"NOAA GEFS 0.25 degree ensemble mean forecast archive on AWS, TMP 2 m above ground"
2025-07-29,2025-08-05,7,rumor,ncep-gefs-mean-00z-noaa-aws,4.497,0,0,1.06,18,0,false,"NOAA GEFS 0.25 degree ensemble mean forecast archive on AWS, TMP 2 m above ground"
2025-08-27,2025-09-03,7,rumor,ncep-gefs-mean-00z-noaa-aws,0.298,0,0,1.06,18,0,false,"NOAA GEFS 0.25 degree ensemble mean forecast archive on AWS, TMP 2 m above ground"
2025-09-07,2025-09-14,7,rumor,ncep-gefs-mean-00z-noaa-aws,6.81,0,0,1.06,18,0,false,"NOAA GEFS 0.25 degree ensemble mean forecast archive on AWS, TMP 2 m above ground"
2025-09-05,2025-09-12,7,rumor,ncep-gefs-mean-00z-noaa-aws,4.678,0,0,1.06,18,0,false,"NOAA GEFS 0.25 degree ensemble mean forecast archive on AWS, TMP 2 m above ground"
2025-09-11,2025-09-18,7,rumor,ncep-gefs-mean-00z-noaa-aws,10.947,0,0,1.06,18,0,false,"NOAA GEFS 0.25 degree ensemble mean forecast archive on AWS, TMP 2 m above ground"
2025-08-28,2025-09-04,7,rumor,ncep-gefs-mean-00z-noaa-aws,1.015,0,0,1.06,18,0,false,"NOAA GEFS 0.25 degree ensemble mean forecast archive on AWS, TMP 2 m above ground"
2025-09-12,2025-09-19,7,rumor,ncep-gefs-mean-00z-noaa-aws,9.572,0,0,1.06,18,0,false,"NOAA GEFS 0.25 degree ensemble mean forecast archive on AWS, TMP 2 m above ground"
2025-09-01,2025-09-08,7,rumor,ncep-gefs-mean-00z-noaa-aws,-0.441,0.047,0,1.06,18,0,false,"NOAA GEFS 0.25 degree ensemble mean forecast archive on AWS, TMP 2 m above ground"
2025-09-02,2025-09-09,7,rumor,ncep-gefs-mean-00z-noaa-aws,0.624,0,0,1.06,18,0,false,"NOAA GEFS 0.25 degree ensemble mean forecast archive on AWS, TMP 2 m above ground"
2025-09-08,2025-09-15,7,rumor,ncep-gefs-mean-00z-noaa-aws,9.13,0,0,1.06,18,0,false,"NOAA GEFS 0.25 degree ensemble mean forecast archive on AWS, TMP 2 m above ground"
2025-09-03,2025-09-10,7,rumor,ncep-gefs-mean-00z-noaa-aws,0.804,0,0,1.06,18,0,false,"NOAA GEFS 0.25 degree ensemble mean forecast archive on AWS, TMP 2 m above ground"
2025-09-14,2025-09-21,7,rumor,ncep-gefs-mean-00z-noaa-aws,5.633,0,0,1.06,18,0,false,"NOAA GEFS 0.25 degree ensemble mean forecast archive on AWS, TMP 2 m above ground"
2025-09-10,2025-09-17,7,rumor,ncep-gefs-mean-00z-noaa-aws,10.373,0,0,1.06,18,0,false,"NOAA GEFS 0.25 degree ensemble mean forecast archive on AWS, TMP 2 m above ground"
2025-08-30,2025-09-06,7,rumor,ncep-gefs-mean-00z-noaa-aws,-0.765,0.047,0,1.06,18,0,false,"NOAA GEFS 0.25 degree ensemble mean forecast archive on AWS, TMP 2 m above ground"
2025-08-29,2025-09-05,7,rumor,ncep-gefs-mean-00z-noaa-aws,-0.967,0,0,1.06,18,0,false,"NOAA GEFS 0.25 degree ensemble mean forecast archive on AWS, TMP 2 m above ground"
2025-09-09,2025-09-16,7,rumor,ncep-gefs-mean-00z-noaa-aws,8.99,0,0,1.06,18,0,false,"NOAA GEFS 0.25 degree ensemble mean forecast archive on AWS, TMP 2 m above ground"
2025-08-31,2025-09-07,7,rumor,ncep-gefs-mean-00z-noaa-aws,1.232,0,0,1.06,18,0,false,"NOAA GEFS 0.25 degree ensemble mean forecast archive on AWS, TMP 2 m above ground"
2025-09-21,2025-09-28,7,rumor,ncep-gefs-mean-00z-noaa-aws,7.824,0,0,1.06,18,0,false,"NOAA GEFS 0.25 degree ensemble mean forecast archive on AWS, TMP 2 m above ground"
2025-09-06,2025-09-13,7,rumor,ncep-gefs-mean-00z-noaa-aws,4.452,0,0,1.06,18,0,false,"NOAA GEFS 0.25 degree ensemble mean forecast archive on AWS, TMP 2 m above ground"
2025-09-19,2025-09-26,7,rumor,ncep-gefs-mean-00z-noaa-aws,6.243,0,0,1.06,18,0,false,"NOAA GEFS 0.25 degree ensemble mean forecast archive on AWS, TMP 2 m above ground"
2025-09-18,2025-09-25,7,rumor,ncep-gefs-mean-00z-noaa-aws,9.146,0,0,1.06,18,0,false,"NOAA GEFS 0.25 degree ensemble mean forecast archive on AWS, TMP 2 m above ground"
2025-09-20,2025-09-27,7,rumor,ncep-gefs-mean-00z-noaa-aws,6.404,0,0,1.06,18,0,false,"NOAA GEFS 0.25 degree ensemble mean forecast archive on AWS, TMP 2 m above ground"
2025-09-13,2025-09-20,7,rumor,ncep-gefs-mean-00z-noaa-aws,9.355,0,0,1.06,18,0,false,"NOAA GEFS 0.25 degree ensemble mean forecast archive on AWS, TMP 2 m above ground"
2025-09-15,2025-09-22,7,rumor,ncep-gefs-mean-00z-noaa-aws,5.976,0,0,1.06,18,0,false,"NOAA GEFS 0.25 degree ensemble mean forecast archive on AWS, TMP 2 m above ground"
2025-09-04,2025-09-11,7,rumor,ncep-gefs-mean-00z-noaa-aws,4.731,0,0,1.06,18,0,false,"NOAA GEFS 0.25 degree ensemble mean forecast archive on AWS, TMP 2 m above ground"
2025-09-17,2025-09-24,7,rumor,ncep-gefs-mean-00z-noaa-aws,10.502,0,0,1.06,18,0,false,"NOAA GEFS 0.25 degree ensemble mean forecast archive on AWS, TMP 2 m above ground"
2025-09-22,2025-09-29,7,rumor,ncep-gefs-mean-00z-noaa-aws,10.978,0,0,1.06,18,0,false,"NOAA GEFS 0.25 degree ensemble mean forecast archive on AWS, TMP 2 m above ground"
2025-09-16,2025-09-23,7,rumor,ncep-gefs-mean-00z-noaa-aws,9.604,0,0,1.06,18,0,false,"NOAA GEFS 0.25 degree ensemble mean forecast archive on AWS, TMP 2 m above ground"
2025-09-23,2025-09-30,7,rumor,ncep-gefs-mean-00z-noaa-aws,10.41,0,0,1.06,18,0,false,"NOAA GEFS 0.25 degree ensemble mean forecast archive on AWS, TMP 2 m above ground"
