date,locationId,region,weight,tempMeanC,tempMeanF,normalMeanC,normalMeanF,anomalyF,source
2025-11-01,minneapolis,Upper Midwest,0.07,4.32,39.78,3.42,38.16,1.62,NASA POWER daily T2M
2025-11-02,minneapolis,Upper Midwest,0.07,6.28,43.3,3.01,37.43,5.88,NASA POWER daily T2M
2025-11-03,minneapolis,Upper Midwest,0.07,6.11,43,3,37.4,5.6,NASA POWER daily T2M
2025-11-04,minneapolis,Upper Midwest,0.07,6.92,44.46,2.81,37.06,7.4,NASA POWER daily T2M
2025-11-05,minneapolis,Upper Midwest,0.07,6.38,43.48,3.02,37.43,6.06,NASA POWER daily T2M
2025-11-06,minneapolis,Upper Midwest,0.07,5.46,41.83,2.51,36.51,5.31,NASA POWER daily T2M
2025-11-07,minneapolis,Upper Midwest,0.07,3.99,39.18,1.8,35.24,3.94,NASA POWER daily T2M
2025-11-08,minneapolis,Upper Midwest,0.07,-1.16,29.91,1.93,35.47,-5.56,NASA POWER daily T2M
2025-11-09,minneapolis,Upper Midwest,0.07,-3.63,25.47,2.33,36.19,-10.72,NASA POWER daily T2M
2025-11-10,minneapolis,Upper Midwest,0.07,-1.83,28.71,0.99,33.77,-5.07,NASA POWER daily T2M
2025-11-11,minneapolis,Upper Midwest,0.07,2.45,36.41,-0.66,30.82,5.59,NASA POWER daily T2M
2025-11-12,minneapolis,Upper Midwest,0.07,2.91,37.24,-0.62,30.89,6.35,NASA POWER daily T2M
2025-11-13,minneapolis,Upper Midwest,0.07,4.4,39.92,0.31,32.57,7.35,NASA POWER daily T2M
2025-11-14,minneapolis,Upper Midwest,0.07,9.63,49.33,0.15,32.27,17.06,NASA POWER daily T2M
2025-11-15,minneapolis,Upper Midwest,0.07,7.45,45.41,-0.05,31.92,13.49,NASA POWER daily T2M
2025-11-16,minneapolis,Upper Midwest,0.07,0.46,32.83,-0.37,31.33,1.5,NASA POWER daily T2M
2025-11-17,minneapolis,Upper Midwest,0.07,0.44,32.79,-0.18,31.67,1.12,NASA POWER daily T2M
2025-11-18,minneapolis,Upper Midwest,0.07,1.88,35.38,0.06,32.12,3.27,NASA POWER daily T2M
2025-11-19,minneapolis,Upper Midwest,0.07,3.32,37.98,-0.55,31.01,6.97,NASA POWER daily T2M
2025-11-20,minneapolis,Upper Midwest,0.07,4.46,40.03,-1.4,29.47,10.55,NASA POWER daily T2M
2025-11-21,minneapolis,Upper Midwest,0.07,0.6,33.08,-1.69,28.96,4.12,NASA POWER daily T2M
2025-11-22,minneapolis,Upper Midwest,0.07,3.21,37.78,-1.47,29.36,8.42,NASA POWER daily T2M
2025-11-23,minneapolis,Upper Midwest,0.07,3.51,38.32,-1.86,28.66,9.66,NASA POWER daily T2M
2025-11-24,minneapolis,Upper Midwest,0.07,4.37,39.87,-2.1,28.21,11.65,NASA POWER daily T2M
2025-11-25,minneapolis,Upper Midwest,0.07,4.81,40.66,-2.86,26.85,13.81,NASA POWER daily T2M
2025-11-26,minneapolis,Upper Midwest,0.07,-3.38,25.92,-3.54,25.63,0.29,NASA POWER daily T2M
2025-11-27,minneapolis,Upper Midwest,0.07,-5.21,22.62,-3.71,25.32,-2.7,NASA POWER daily T2M
2025-11-28,minneapolis,Upper Midwest,0.07,-5.7,21.74,-2.78,27,-5.26,NASA POWER daily T2M
2025-11-29,minneapolis,Upper Midwest,0.07,-5.65,21.83,-2.88,26.82,-4.99,NASA POWER daily T2M
2025-11-30,minneapolis,Upper Midwest,0.07,-7.36,18.75,-3.69,25.36,-6.61,NASA POWER daily T2M
2025-12-01,minneapolis,Upper Midwest,0.07,-10.54,13.03,-4.29,24.28,-11.25,NASA POWER daily T2M
2025-12-02,minneapolis,Upper Midwest,0.07,-8.8,16.16,-4.91,23.17,-7.01,NASA POWER daily T2M
2025-12-03,minneapolis,Upper Midwest,0.07,-11.07,12.07,-4.26,24.33,-12.26,NASA POWER daily T2M
2025-12-04,minneapolis,Upper Midwest,0.07,-14.54,5.83,-4.85,23.27,-17.44,NASA POWER daily T2M
2025-12-05,minneapolis,Upper Midwest,0.07,-7.37,18.73,-6.17,20.89,-2.16,NASA POWER daily T2M
2025-12-06,minneapolis,Upper Midwest,0.07,-9.57,14.77,-7.32,18.83,-4.06,NASA POWER daily T2M
2025-12-07,minneapolis,Upper Midwest,0.07,-16.43,2.43,-7.2,19.05,-16.62,NASA POWER daily T2M
2025-12-08,minneapolis,Upper Midwest,0.07,-10.51,13.08,-6.35,20.58,-7.49,NASA POWER daily T2M
2025-12-09,minneapolis,Upper Midwest,0.07,-5.07,22.87,-6.64,20.05,2.82,NASA POWER daily T2M
2025-12-10,minneapolis,Upper Midwest,0.07,-9.21,15.42,-7.43,18.62,-3.2,NASA POWER daily T2M
2025-12-11,minneapolis,Upper Midwest,0.07,-13.37,7.93,-7.98,17.64,-9.71,NASA POWER daily T2M
2025-12-12,minneapolis,Upper Midwest,0.07,-14.92,5.14,-6.61,20.1,-14.96,NASA POWER daily T2M
2025-12-13,minneapolis,Upper Midwest,0.07,-20.8,-5.44,-6.18,20.87,-26.31,NASA POWER daily T2M
2025-12-14,minneapolis,Upper Midwest,0.07,-21.02,-5.84,-6.26,20.73,-26.56,NASA POWER daily T2M
2025-12-15,minneapolis,Upper Midwest,0.07,-9.84,14.29,-7.46,18.56,-4.28,NASA POWER daily T2M
2025-12-16,minneapolis,Upper Midwest,0.07,-3.02,26.56,-7.29,18.87,7.69,NASA POWER daily T2M
2025-12-17,minneapolis,Upper Midwest,0.07,-3.85,25.07,-8.22,17.2,7.87,NASA POWER daily T2M
2025-12-18,minneapolis,Upper Midwest,0.07,-4.8,23.36,-8.33,17,6.36,NASA POWER daily T2M
2025-12-19,minneapolis,Upper Midwest,0.07,-15.38,4.32,-8.35,16.98,-12.66,NASA POWER daily T2M
2025-12-20,minneapolis,Upper Midwest,0.07,-10.96,12.27,-7.66,18.21,-5.93,NASA POWER daily T2M
2025-12-21,minneapolis,Upper Midwest,0.07,-10.28,13.5,-7.68,18.18,-4.68,NASA POWER daily T2M
2025-12-22,minneapolis,Upper Midwest,0.07,-1.13,29.97,-7.88,17.82,12.14,NASA POWER daily T2M
2025-12-23,minneapolis,Upper Midwest,0.07,-4.55,23.81,-9.01,15.78,8.03,NASA POWER daily T2M
2025-12-24,minneapolis,Upper Midwest,0.07,-5.02,22.96,-10.1,13.82,9.15,NASA POWER daily T2M
2025-12-25,minneapolis,Upper Midwest,0.07,-3.05,26.51,-9.83,14.31,12.2,NASA POWER daily T2M
2025-12-26,minneapolis,Upper Midwest,0.07,-1.15,29.93,-9.06,15.7,14.23,NASA POWER daily T2M
2025-12-27,minneapolis,Upper Midwest,0.07,-0.3,31.46,-8.61,16.49,14.97,NASA POWER daily T2M
2025-12-28,minneapolis,Upper Midwest,0.07,-5.26,22.53,-7.89,17.79,4.74,NASA POWER daily T2M
2025-12-29,minneapolis,Upper Midwest,0.07,-15.16,4.71,-8.98,15.84,-11.12,NASA POWER daily T2M
2025-12-30,minneapolis,Upper Midwest,0.07,-9.6,14.72,-8.79,16.19,-1.47,NASA POWER daily T2M
2025-12-31,minneapolis,Upper Midwest,0.07,-11.54,11.23,-11.03,12.14,-0.91,NASA POWER daily T2M
2026-01-01,minneapolis,Upper Midwest,0.07,-16.58,2.16,-11.21,11.82,-9.66,NASA POWER daily T2M
2026-01-02,minneapolis,Upper Midwest,0.07,-17.12,1.18,-10.7,12.74,-11.56,NASA POWER daily T2M
2026-01-03,minneapolis,Upper Midwest,0.07,-10.81,12.54,-10.13,13.77,-1.22,NASA POWER daily T2M
2026-01-04,minneapolis,Upper Midwest,0.07,-8.64,16.45,-11.81,10.74,5.71,NASA POWER daily T2M
2026-01-05,minneapolis,Upper Midwest,0.07,-3.7,25.34,-12.16,10.11,15.23,NASA POWER daily T2M
2026-01-06,minneapolis,Upper Midwest,0.07,-2.27,27.91,-12.12,10.19,17.72,NASA POWER daily T2M
2026-01-07,minneapolis,Upper Midwest,0.07,-2.99,26.62,-11.88,10.61,16.01,NASA POWER daily T2M
2026-01-08,minneapolis,Upper Midwest,0.07,-1.67,28.99,-10.11,13.8,15.19,NASA POWER daily T2M
2026-01-09,minneapolis,Upper Midwest,0.07,-4.78,23.4,-10.64,12.85,10.54,NASA POWER daily T2M
2026-01-10,minneapolis,Upper Midwest,0.07,-8.63,16.47,-9.73,14.49,1.98,NASA POWER daily T2M
2026-01-11,minneapolis,Upper Midwest,0.07,-10.55,13.01,-9.91,14.17,-1.16,NASA POWER daily T2M
2026-01-12,minneapolis,Upper Midwest,0.07,-1.89,28.6,-10.79,12.58,16.01,NASA POWER daily T2M
2026-01-13,minneapolis,Upper Midwest,0.07,0.44,32.79,-12.48,9.54,23.25,NASA POWER daily T2M
2026-01-14,minneapolis,Upper Midwest,0.07,-13.69,7.36,-12.17,10.1,-2.74,NASA POWER daily T2M
2026-01-15,minneapolis,Upper Midwest,0.07,-9.6,14.72,-12.78,8.99,5.73,NASA POWER daily T2M
2026-01-16,minneapolis,Upper Midwest,0.07,-7.48,18.54,-11.59,11.13,7.4,NASA POWER daily T2M
2026-01-17,minneapolis,Upper Midwest,0.07,-14.27,6.31,-12.33,9.81,-3.49,NASA POWER daily T2M
2026-01-18,minneapolis,Upper Midwest,0.07,-16.76,1.83,-12.93,8.72,-6.89,NASA POWER daily T2M
2026-01-19,minneapolis,Upper Midwest,0.07,-21.43,-6.57,-13.07,8.48,-15.05,NASA POWER daily T2M
2026-01-20,minneapolis,Upper Midwest,0.07,-17.21,1.02,-12.95,8.69,-7.67,NASA POWER daily T2M
2026-01-21,minneapolis,Upper Midwest,0.07,-11.51,11.28,-10.89,12.39,-1.11,NASA POWER daily T2M
2026-01-22,minneapolis,Upper Midwest,0.07,-19.99,-3.98,-9.49,14.93,-18.91,NASA POWER daily T2M
2026-01-23,minneapolis,Upper Midwest,0.07,-29.24,-20.63,-11.03,12.15,-32.78,NASA POWER daily T2M
2026-01-24,minneapolis,Upper Midwest,0.07,-24.73,-12.51,-11.42,11.43,-23.95,NASA POWER daily T2M
2026-01-25,minneapolis,Upper Midwest,0.07,-22.3,-8.14,-11.49,11.31,-19.45,NASA POWER daily T2M
2026-01-26,minneapolis,Upper Midwest,0.07,-19.45,-3.01,-9.94,14.1,-17.11,NASA POWER daily T2M
2026-01-27,minneapolis,Upper Midwest,0.07,-16.96,1.47,-10.2,13.64,-12.17,NASA POWER daily T2M
2026-01-28,minneapolis,Upper Midwest,0.07,-20.22,-4.4,-10.59,12.93,-17.33,NASA POWER daily T2M
2026-01-29,minneapolis,Upper Midwest,0.07,-21.52,-6.74,-11.71,10.91,-17.65,NASA POWER daily T2M
2026-01-30,minneapolis,Upper Midwest,0.07,-18.88,-1.98,-11.51,11.28,-13.27,NASA POWER daily T2M
2026-01-31,minneapolis,Upper Midwest,0.07,-16.13,2.97,-9.26,15.34,-12.37,NASA POWER daily T2M
2026-02-01,minneapolis,Upper Midwest,0.07,-8.56,16.59,-10.06,13.88,2.71,NASA POWER daily T2M
2026-02-02,minneapolis,Upper Midwest,0.07,-12.08,10.26,-9.92,14.14,-3.88,NASA POWER daily T2M
2026-02-03,minneapolis,Upper Midwest,0.07,-15.22,4.6,-10.04,13.92,-9.32,NASA POWER daily T2M
2026-02-04,minneapolis,Upper Midwest,0.07,-10.03,13.95,-11.12,11.98,1.96,NASA POWER daily T2M
2026-02-05,minneapolis,Upper Midwest,0.07,-3.37,25.93,-9.61,14.71,11.23,NASA POWER daily T2M
2026-02-06,minneapolis,Upper Midwest,0.07,-5.56,21.99,-8.65,16.43,5.57,NASA POWER daily T2M
2026-02-07,minneapolis,Upper Midwest,0.07,-11.7,10.94,-9.03,15.74,-4.8,NASA POWER daily T2M
2026-02-08,minneapolis,Upper Midwest,0.07,-5.54,22.03,-10.26,13.53,8.5,NASA POWER daily T2M
2026-02-09,minneapolis,Upper Midwest,0.07,-2.15,28.13,-9.5,14.89,13.24,NASA POWER daily T2M
2026-02-10,minneapolis,Upper Midwest,0.07,-3.7,25.34,-10.09,13.84,11.5,NASA POWER daily T2M
2026-02-11,minneapolis,Upper Midwest,0.07,-6.82,19.72,-10.07,13.88,5.84,NASA POWER daily T2M
2026-02-12,minneapolis,Upper Midwest,0.07,-2,28.4,-9.8,14.35,14.05,NASA POWER daily T2M
2026-02-13,minneapolis,Upper Midwest,0.07,1.12,34.02,-8.61,16.51,17.51,NASA POWER daily T2M
2026-02-14,minneapolis,Upper Midwest,0.07,2.11,35.8,-8.71,16.33,19.47,NASA POWER daily T2M
2026-02-15,minneapolis,Upper Midwest,0.07,2.7,36.86,-9.62,14.68,22.18,NASA POWER daily T2M
2026-02-16,minneapolis,Upper Midwest,0.07,3.05,37.49,-9.01,15.79,21.7,NASA POWER daily T2M
2026-02-17,minneapolis,Upper Midwest,0.07,3.27,37.89,-7.22,19,18.88,NASA POWER daily T2M
2026-02-18,minneapolis,Upper Midwest,0.07,1.58,34.84,-6.93,19.52,15.33,NASA POWER daily T2M
2026-02-19,minneapolis,Upper Midwest,0.07,-1.21,29.82,-7.31,18.85,10.98,NASA POWER daily T2M
2026-02-20,minneapolis,Upper Midwest,0.07,-4.56,23.79,-5.87,21.44,2.35,NASA POWER daily T2M
2026-02-21,minneapolis,Upper Midwest,0.07,-8.39,16.9,-6.82,19.72,-2.83,NASA POWER daily T2M
2026-02-22,minneapolis,Upper Midwest,0.07,-11.32,11.62,-6.29,20.67,-9.05,NASA POWER daily T2M
2026-02-23,minneapolis,Upper Midwest,0.07,-10.72,12.7,-6.17,20.89,-8.19,NASA POWER daily T2M
2026-02-24,minneapolis,Upper Midwest,0.07,-4.68,23.58,-6.48,20.34,3.23,NASA POWER daily T2M
2026-02-25,minneapolis,Upper Midwest,0.07,-9,15.8,-6.96,19.48,-3.68,NASA POWER daily T2M
2026-02-26,minneapolis,Upper Midwest,0.07,-2.51,27.48,-6.89,19.6,7.88,NASA POWER daily T2M
2026-02-27,minneapolis,Upper Midwest,0.07,0.63,33.13,-6.71,19.92,13.21,NASA POWER daily T2M
2026-02-28,minneapolis,Upper Midwest,0.07,-8.06,17.49,-6.02,21.17,-3.67,NASA POWER daily T2M
2026-03-01,minneapolis,Upper Midwest,0.07,-7.52,18.46,-5.25,22.54,-4.08,NASA POWER daily T2M
2026-03-02,minneapolis,Upper Midwest,0.07,-1.87,28.63,-6.81,19.74,8.9,NASA POWER daily T2M
2026-03-03,minneapolis,Upper Midwest,0.07,3.48,38.26,-6.06,21.09,17.18,NASA POWER daily T2M
2026-03-04,minneapolis,Upper Midwest,0.07,3.74,38.73,-4.65,23.63,15.1,NASA POWER daily T2M
2026-03-05,minneapolis,Upper Midwest,0.07,5.31,41.56,-3.98,24.84,16.71,NASA POWER daily T2M
2026-03-06,minneapolis,Upper Midwest,0.07,6.12,43.02,-3.61,25.5,17.51,NASA POWER daily T2M
2026-03-07,minneapolis,Upper Midwest,0.07,-0.17,31.69,-3.6,25.52,6.18,NASA POWER daily T2M
2026-03-08,minneapolis,Upper Midwest,0.07,7.16,44.89,-2.93,26.72,18.17,NASA POWER daily T2M
2026-03-09,minneapolis,Upper Midwest,0.07,7.19,44.94,-3.48,25.73,19.21,NASA POWER daily T2M
2026-03-10,minneapolis,Upper Midwest,0.07,0.11,32.2,-2.68,27.18,5.02,NASA POWER daily T2M
2026-03-11,minneapolis,Upper Midwest,0.07,-0.03,31.95,-2.3,27.86,4.09,NASA POWER daily T2M
2026-03-12,minneapolis,Upper Midwest,0.07,-0.64,30.85,-1.78,28.8,2.05,NASA POWER daily T2M
2026-03-13,minneapolis,Upper Midwest,0.07,-1.05,30.11,-0.67,30.8,-0.69,NASA POWER daily T2M
2026-03-14,minneapolis,Upper Midwest,0.07,-1.86,28.65,-0.18,31.67,-3.02,NASA POWER daily T2M
2026-03-15,minneapolis,Upper Midwest,0.07,-3.62,25.48,-0.24,31.56,-6.08,NASA POWER daily T2M
2026-03-16,minneapolis,Upper Midwest,0.07,-11.21,11.82,0.29,32.52,-20.7,NASA POWER daily T2M
2026-03-17,minneapolis,Upper Midwest,0.07,-12.85,8.87,0.63,33.14,-24.27,NASA POWER daily T2M
2026-03-18,minneapolis,Upper Midwest,0.07,-2.31,27.84,0.59,33.06,-5.22,NASA POWER daily T2M
2026-03-19,minneapolis,Upper Midwest,0.07,3.65,38.57,1.37,34.46,4.11,NASA POWER daily T2M
2026-03-20,minneapolis,Upper Midwest,0.07,8.52,47.34,0.81,33.46,13.88,NASA POWER daily T2M
2026-03-21,minneapolis,Upper Midwest,0.07,12.78,55,0.84,33.51,21.5,NASA POWER daily T2M
2026-03-22,minneapolis,Upper Midwest,0.07,1.92,35.46,1.55,34.79,0.66,NASA POWER daily T2M
2026-03-23,minneapolis,Upper Midwest,0.07,1.54,34.77,1.99,35.58,-0.81,NASA POWER daily T2M
2026-03-24,minneapolis,Upper Midwest,0.07,4.59,40.26,2.08,35.74,4.52,NASA POWER daily T2M
2026-03-25,minneapolis,Upper Midwest,0.07,11.29,52.32,1.09,33.97,18.36,NASA POWER daily T2M
2026-03-26,minneapolis,Upper Midwest,0.07,5.54,41.97,1.94,35.5,6.48,NASA POWER daily T2M
2026-03-27,minneapolis,Upper Midwest,0.07,-2.33,27.81,3.34,38,-10.2,NASA POWER daily T2M
2026-03-28,minneapolis,Upper Midwest,0.07,2.67,36.81,3.11,37.59,-0.79,NASA POWER daily T2M
2026-03-29,minneapolis,Upper Midwest,0.07,9.64,49.35,3.69,38.65,10.7,NASA POWER daily T2M
2026-03-30,minneapolis,Upper Midwest,0.07,11.51,52.72,4.15,39.47,13.25,NASA POWER daily T2M
2026-03-31,minneapolis,Upper Midwest,0.07,3.93,39.07,3.67,38.6,0.47,NASA POWER daily T2M
2025-11-01,chicago,Great Lakes,0.09,8.09,46.56,8.44,47.19,-0.63,NASA POWER daily T2M
2025-11-02,chicago,Great Lakes,0.09,9.7,49.46,7.82,46.07,3.39,NASA POWER daily T2M
2025-11-03,chicago,Great Lakes,0.09,9.94,49.89,7.67,45.8,4.09,NASA POWER daily T2M
2025-11-04,chicago,Great Lakes,0.09,11.32,52.38,8.26,46.86,5.51,NASA POWER daily T2M
2025-11-05,chicago,Great Lakes,0.09,11.24,52.23,7.96,46.34,5.9,NASA POWER daily T2M
2025-11-06,chicago,Great Lakes,0.09,10.49,50.88,7.44,45.4,5.49,NASA POWER daily T2M
2025-11-07,chicago,Great Lakes,0.09,12.13,53.83,6.87,44.37,9.47,NASA POWER daily T2M
2025-11-08,chicago,Great Lakes,0.09,7.86,46.15,6.9,44.42,1.73,NASA POWER daily T2M
2025-11-09,chicago,Great Lakes,0.09,3.13,37.63,7.27,45.09,-7.46,NASA POWER daily T2M
2025-11-10,chicago,Great Lakes,0.09,2.42,36.36,7.13,44.83,-8.47,NASA POWER daily T2M
2025-11-11,chicago,Great Lakes,0.09,3.22,37.8,5.79,42.43,-4.63,NASA POWER daily T2M
2025-11-12,chicago,Great Lakes,0.09,7.54,45.57,5.16,41.28,4.29,NASA POWER daily T2M
2025-11-13,chicago,Great Lakes,0.09,7.39,45.3,5.19,41.34,3.96,NASA POWER daily T2M
2025-11-14,chicago,Great Lakes,0.09,10.49,50.88,5.62,42.11,8.77,NASA POWER daily T2M
2025-11-15,chicago,Great Lakes,0.09,13.22,55.8,5.38,41.68,14.11,NASA POWER daily T2M
2025-11-16,chicago,Great Lakes,0.09,6.57,43.83,4.95,40.9,2.92,NASA POWER daily T2M
2025-11-17,chicago,Great Lakes,0.09,6.12,43.02,4.97,40.95,2.06,NASA POWER daily T2M
2025-11-18,chicago,Great Lakes,0.09,6.3,43.34,5.54,41.97,1.37,NASA POWER daily T2M
2025-11-19,chicago,Great Lakes,0.09,6.9,44.42,5.22,41.4,3.02,NASA POWER daily T2M
2025-11-20,chicago,Great Lakes,0.09,7.86,46.15,4.76,40.57,5.57,NASA POWER daily T2M
2025-11-21,chicago,Great Lakes,0.09,7.59,45.66,4.46,40.03,5.63,NASA POWER daily T2M
2025-11-22,chicago,Great Lakes,0.09,7.47,45.45,4.24,39.64,5.81,NASA POWER daily T2M
2025-11-23,chicago,Great Lakes,0.09,7.74,45.93,4.02,39.24,6.69,NASA POWER daily T2M
2025-11-24,chicago,Great Lakes,0.09,7.06,44.71,3.29,37.91,6.79,NASA POWER daily T2M
2025-11-25,chicago,Great Lakes,0.09,8.63,47.53,3.71,38.67,8.86,NASA POWER daily T2M
2025-11-26,chicago,Great Lakes,0.09,2.3,36.14,3.55,38.39,-2.25,NASA POWER daily T2M
2025-11-27,chicago,Great Lakes,0.09,0.23,32.41,3.11,37.59,-5.18,NASA POWER daily T2M
2025-11-28,chicago,Great Lakes,0.09,-0.51,31.08,3.44,38.19,-7.11,NASA POWER daily T2M
2025-11-29,chicago,Great Lakes,0.09,0.67,33.21,3.8,38.83,-5.63,NASA POWER daily T2M
2025-11-30,chicago,Great Lakes,0.09,0.62,33.12,3.26,37.86,-4.74,NASA POWER daily T2M
2025-12-01,chicago,Great Lakes,0.09,-0.32,31.42,2.35,36.23,-4.8,NASA POWER daily T2M
2025-12-02,chicago,Great Lakes,0.09,-3.52,25.66,2.7,36.86,-11.2,NASA POWER daily T2M
2025-12-03,chicago,Great Lakes,0.09,-1.58,29.16,2.66,36.79,-7.64,NASA POWER daily T2M
2025-12-04,chicago,Great Lakes,0.09,-5.06,22.89,2.61,36.7,-13.81,NASA POWER daily T2M
2025-12-05,chicago,Great Lakes,0.09,-3.18,26.28,1,33.81,-7.53,NASA POWER daily T2M
2025-12-06,chicago,Great Lakes,0.09,-0.3,31.46,0.54,32.96,-1.5,NASA POWER daily T2M
2025-12-07,chicago,Great Lakes,0.09,-0.42,31.24,-0.02,31.96,-0.71,NASA POWER daily T2M
2025-12-08,chicago,Great Lakes,0.09,-2.92,26.74,0.45,32.81,-6.06,NASA POWER daily T2M
2025-12-09,chicago,Great Lakes,0.09,0.27,32.49,0.74,33.33,-0.85,NASA POWER daily T2M
2025-12-10,chicago,Great Lakes,0.09,0.78,33.4,0.26,32.48,0.93,NASA POWER daily T2M
2025-12-11,chicago,Great Lakes,0.09,-2.93,26.73,0.1,32.17,-5.45,NASA POWER daily T2M
2025-12-12,chicago,Great Lakes,0.09,-1.09,30.04,0.49,32.87,-2.84,NASA POWER daily T2M
2025-12-13,chicago,Great Lakes,0.09,-9.04,15.73,0.96,33.73,-18.01,NASA POWER daily T2M
2025-12-14,chicago,Great Lakes,0.09,-10.99,12.22,1.22,34.19,-21.98,NASA POWER daily T2M
2025-12-15,chicago,Great Lakes,0.09,-6.75,19.85,0.3,32.54,-12.69,NASA POWER daily T2M
2025-12-16,chicago,Great Lakes,0.09,0.17,32.31,0.36,32.65,-0.35,NASA POWER daily T2M
2025-12-17,chicago,Great Lakes,0.09,2.69,36.84,-0.41,31.27,5.57,NASA POWER daily T2M
2025-12-18,chicago,Great Lakes,0.09,3.72,38.7,-0.86,30.46,8.24,NASA POWER daily T2M
2025-12-19,chicago,Great Lakes,0.09,-5.93,21.33,-0.58,30.95,-9.62,NASA POWER daily T2M
2025-12-20,chicago,Great Lakes,0.09,1.15,34.07,-0.62,30.89,3.18,NASA POWER daily T2M
2025-12-21,chicago,Great Lakes,0.09,-2.4,27.68,-0.45,31.19,-3.51,NASA POWER daily T2M
2025-12-22,chicago,Great Lakes,0.09,2.34,36.21,-0.39,31.29,4.92,NASA POWER daily T2M
2025-12-23,chicago,Great Lakes,0.09,3.71,38.68,-0.34,31.39,7.28,NASA POWER daily T2M
2025-12-24,chicago,Great Lakes,0.09,3.88,38.98,-1.93,28.53,10.45,NASA POWER daily T2M
2025-12-25,chicago,Great Lakes,0.09,3.78,38.8,-1.58,29.15,9.65,NASA POWER daily T2M
2025-12-26,chicago,Great Lakes,0.09,4.22,39.6,-0.99,30.22,9.38,NASA POWER daily T2M
2025-12-27,chicago,Great Lakes,0.09,3.69,38.64,-0.31,31.45,7.2,NASA POWER daily T2M
2025-12-28,chicago,Great Lakes,0.09,6.03,42.85,-0.24,31.57,11.29,NASA POWER daily T2M
2025-12-29,chicago,Great Lakes,0.09,-4.02,24.76,-0.29,31.47,-6.71,NASA POWER daily T2M
2025-12-30,chicago,Great Lakes,0.09,-5.16,22.71,-0.86,30.46,-7.75,NASA POWER daily T2M
2025-12-31,chicago,Great Lakes,0.09,-0.64,30.85,-1.2,29.84,1,NASA POWER daily T2M
2026-01-01,chicago,Great Lakes,0.09,-6.15,20.93,-1.97,28.45,-7.52,NASA POWER daily T2M
2026-01-02,chicago,Great Lakes,0.09,-4.38,24.12,-1.5,29.3,-5.18,NASA POWER daily T2M
2026-01-03,chicago,Great Lakes,0.09,-2.67,27.19,-1.37,29.54,-2.35,NASA POWER daily T2M
2026-01-04,chicago,Great Lakes,0.09,-0.72,30.7,-1.65,29.03,1.68,NASA POWER daily T2M
2026-01-05,chicago,Great Lakes,0.09,2.36,36.25,-2.5,27.5,8.75,NASA POWER daily T2M
2026-01-06,chicago,Great Lakes,0.09,3.43,38.17,-2.75,27.06,11.12,NASA POWER daily T2M
2026-01-07,chicago,Great Lakes,0.09,2.9,37.22,-2.89,26.8,10.42,NASA POWER daily T2M
2026-01-08,chicago,Great Lakes,0.09,6.49,43.68,-2.1,28.21,15.47,NASA POWER daily T2M
2026-01-09,chicago,Great Lakes,0.09,5.74,42.33,-1.99,28.41,13.92,NASA POWER daily T2M
2026-01-10,chicago,Great Lakes,0.09,1.09,33.96,-1.87,28.64,5.33,NASA POWER daily T2M
2026-01-11,chicago,Great Lakes,0.09,-1.23,29.79,-1.13,29.97,-0.18,NASA POWER daily T2M
2026-01-12,chicago,Great Lakes,0.09,1.11,34,-0.83,30.51,3.49,NASA POWER daily T2M
2026-01-13,chicago,Great Lakes,0.09,3.15,37.67,-2.85,26.87,10.8,NASA POWER daily T2M
2026-01-14,chicago,Great Lakes,0.09,-2.7,27.14,-3.35,25.97,1.17,NASA POWER daily T2M
2026-01-15,chicago,Great Lakes,0.09,-4.48,23.94,-3.6,25.52,-1.58,NASA POWER daily T2M
2026-01-16,chicago,Great Lakes,0.09,-0.34,31.39,-3.34,25.99,5.4,NASA POWER daily T2M
2026-01-17,chicago,Great Lakes,0.09,-6.46,20.37,-3.84,25.1,-4.72,NASA POWER daily T2M
2026-01-18,chicago,Great Lakes,0.09,-7.26,18.93,-4.63,23.67,-4.74,NASA POWER daily T2M
2026-01-19,chicago,Great Lakes,0.09,-11.69,10.96,-4.08,24.66,-13.7,NASA POWER daily T2M
2026-01-20,chicago,Great Lakes,0.09,-7.86,17.85,-3.64,25.44,-7.59,NASA POWER daily T2M
2026-01-21,chicago,Great Lakes,0.09,-1.84,28.69,-3.5,25.71,2.98,NASA POWER daily T2M
2026-01-22,chicago,Great Lakes,0.09,-6.14,20.95,-2.62,27.28,-6.34,NASA POWER daily T2M
2026-01-23,chicago,Great Lakes,0.09,-15.59,3.94,-2.48,27.54,-23.61,NASA POWER daily T2M
2026-01-24,chicago,Great Lakes,0.09,-12.02,10.36,-3.67,25.4,-15.04,NASA POWER daily T2M
2026-01-25,chicago,Great Lakes,0.09,-7.46,18.57,-3.52,25.66,-7.08,NASA POWER daily T2M
2026-01-26,chicago,Great Lakes,0.09,-11.12,11.98,-2.94,26.7,-14.72,NASA POWER daily T2M
2026-01-27,chicago,Great Lakes,0.09,-9.51,14.88,-2.88,26.82,-11.94,NASA POWER daily T2M
2026-01-28,chicago,Great Lakes,0.09,-9.86,14.25,-2.68,27.17,-12.92,NASA POWER daily T2M
2026-01-29,chicago,Great Lakes,0.09,-8.83,16.11,-2.61,27.3,-11.19,NASA POWER daily T2M
2026-01-30,chicago,Great Lakes,0.09,-6.58,20.16,-3.84,25.09,-4.93,NASA POWER daily T2M
2026-01-31,chicago,Great Lakes,0.09,-3.55,25.61,-2.95,26.69,-1.08,NASA POWER daily T2M
2026-02-01,chicago,Great Lakes,0.09,-4.11,24.6,-2.47,27.56,-2.95,NASA POWER daily T2M
2026-02-02,chicago,Great Lakes,0.09,-3.2,26.24,-2.96,26.67,-0.43,NASA POWER daily T2M
2026-02-03,chicago,Great Lakes,0.09,-3.2,26.24,-2.67,27.2,-0.96,NASA POWER daily T2M
2026-02-04,chicago,Great Lakes,0.09,-3.09,26.44,-2.97,26.66,-0.22,NASA POWER daily T2M
2026-02-05,chicago,Great Lakes,0.09,-3.15,26.33,-3.25,26.14,0.19,NASA POWER daily T2M
2026-02-06,chicago,Great Lakes,0.09,-0.69,30.76,-2.26,27.94,2.82,NASA POWER daily T2M
2026-02-07,chicago,Great Lakes,0.09,-5.07,22.87,-1.8,28.75,-5.88,NASA POWER daily T2M
2026-02-08,chicago,Great Lakes,0.09,-2.95,26.69,-2.82,26.92,-0.23,NASA POWER daily T2M
2026-02-09,chicago,Great Lakes,0.09,-1.25,29.75,-2.57,27.38,2.37,NASA POWER daily T2M
2026-02-10,chicago,Great Lakes,0.09,1.6,34.88,-2.83,26.9,7.98,NASA POWER daily T2M
2026-02-11,chicago,Great Lakes,0.09,-0.21,31.62,-3.17,26.3,5.33,NASA POWER daily T2M
2026-02-12,chicago,Great Lakes,0.09,0.02,32.04,-3.36,25.95,6.08,NASA POWER daily T2M
2026-02-13,chicago,Great Lakes,0.09,1.2,34.16,-3.05,26.51,7.65,NASA POWER daily T2M
2026-02-14,chicago,Great Lakes,0.09,2,35.6,-1.84,28.69,6.91,NASA POWER daily T2M
2026-02-15,chicago,Great Lakes,0.09,4.96,40.93,-2.61,27.3,13.62,NASA POWER daily T2M
2026-02-16,chicago,Great Lakes,0.09,5.69,42.24,-2.47,27.55,14.69,NASA POWER daily T2M
2026-02-17,chicago,Great Lakes,0.09,4.79,40.62,-1.58,29.15,11.47,NASA POWER daily T2M
2026-02-18,chicago,Great Lakes,0.09,7.32,45.18,-1.47,29.36,15.82,NASA POWER daily T2M
2026-02-19,chicago,Great Lakes,0.09,5.44,41.79,-0.87,30.43,11.37,NASA POWER daily T2M
2026-02-20,chicago,Great Lakes,0.09,0.89,33.6,0.01,32.02,1.58,NASA POWER daily T2M
2026-02-21,chicago,Great Lakes,0.09,-1.47,29.35,-0.4,31.28,-1.92,NASA POWER daily T2M
2026-02-22,chicago,Great Lakes,0.09,-3.36,25.95,-0.52,31.07,-5.11,NASA POWER daily T2M
2026-02-23,chicago,Great Lakes,0.09,-3.8,25.16,-0.79,30.57,-5.41,NASA POWER daily T2M
2026-02-24,chicago,Great Lakes,0.09,-1.16,29.91,-0.69,30.77,-0.85,NASA POWER daily T2M
2026-02-25,chicago,Great Lakes,0.09,-0.98,30.24,-1.13,29.96,0.27,NASA POWER daily T2M
2026-02-26,chicago,Great Lakes,0.09,0.14,32.25,-0.95,30.29,1.97,NASA POWER daily T2M
2026-02-27,chicago,Great Lakes,0.09,4.22,39.6,-1.14,29.95,9.65,NASA POWER daily T2M
2026-02-28,chicago,Great Lakes,0.09,0.25,32.45,-0.86,30.46,1.99,NASA POWER daily T2M
2026-03-01,chicago,Great Lakes,0.09,-1.58,29.16,-0.01,31.98,-2.82,NASA POWER daily T2M
2026-03-02,chicago,Great Lakes,0.09,0.3,32.54,-1.13,29.97,2.57,NASA POWER daily T2M
2026-03-03,chicago,Great Lakes,0.09,1.11,34,-1.59,29.14,4.86,NASA POWER daily T2M
2026-03-04,chicago,Great Lakes,0.09,2.31,36.16,-0.95,30.29,5.87,NASA POWER daily T2M
2026-03-05,chicago,Great Lakes,0.09,3.25,37.85,0.2,32.36,5.49,NASA POWER daily T2M
2026-03-06,chicago,Great Lakes,0.09,9.18,48.52,0.64,33.15,15.38,NASA POWER daily T2M
2026-03-07,chicago,Great Lakes,0.09,7.98,46.36,1.19,34.14,12.23,NASA POWER daily T2M
2026-03-08,chicago,Great Lakes,0.09,5.6,42.08,1.14,34.05,8.03,NASA POWER daily T2M
2026-03-09,chicago,Great Lakes,0.09,9.07,48.33,0.96,33.73,14.6,NASA POWER daily T2M
2026-03-10,chicago,Great Lakes,0.09,6.93,44.47,0.9,33.63,10.85,NASA POWER daily T2M
2026-03-11,chicago,Great Lakes,0.09,3.85,38.93,0.77,33.38,5.55,NASA POWER daily T2M
2026-03-12,chicago,Great Lakes,0.09,2.38,36.28,1.13,34.03,2.26,NASA POWER daily T2M
2026-03-13,chicago,Great Lakes,0.09,3.42,38.16,2.07,35.73,2.42,NASA POWER daily T2M
2026-03-14,chicago,Great Lakes,0.09,1.29,34.32,2.32,36.18,-1.86,NASA POWER daily T2M
2026-03-15,chicago,Great Lakes,0.09,5.32,41.58,1.92,35.45,6.12,NASA POWER daily T2M
2026-03-16,chicago,Great Lakes,0.09,-3.35,25.97,1.9,35.42,-9.45,NASA POWER daily T2M
2026-03-17,chicago,Great Lakes,0.09,-5,23,2.29,36.11,-13.11,NASA POWER daily T2M
2026-03-18,chicago,Great Lakes,0.09,0.96,33.73,2.69,36.84,-3.11,NASA POWER daily T2M
2026-03-19,chicago,Great Lakes,0.09,4.31,39.76,3,37.41,2.35,NASA POWER daily T2M
2026-03-20,chicago,Great Lakes,0.09,6.55,43.79,2.91,37.24,6.56,NASA POWER daily T2M
2026-03-21,chicago,Great Lakes,0.09,8.93,48.07,2.74,36.94,11.14,NASA POWER daily T2M
2026-03-22,chicago,Great Lakes,0.09,3.86,38.95,2.92,37.25,1.69,NASA POWER daily T2M
2026-03-23,chicago,Great Lakes,0.09,1.02,33.84,3.16,37.7,-3.86,NASA POWER daily T2M
2026-03-24,chicago,Great Lakes,0.09,2.68,36.82,3.53,38.36,-1.54,NASA POWER daily T2M
2026-03-25,chicago,Great Lakes,0.09,7.19,44.94,3.13,37.63,7.31,NASA POWER daily T2M
2026-03-26,chicago,Great Lakes,0.09,6.25,43.25,3.51,38.32,4.93,NASA POWER daily T2M
2026-03-27,chicago,Great Lakes,0.09,2.07,35.73,4.13,39.44,-3.71,NASA POWER daily T2M
2026-03-28,chicago,Great Lakes,0.09,2.47,36.45,4.07,39.33,-2.89,NASA POWER daily T2M
2026-03-29,chicago,Great Lakes,0.09,6.83,44.29,3.69,38.64,5.66,NASA POWER daily T2M
2026-03-30,chicago,Great Lakes,0.09,11.8,53.24,4.56,40.21,13.03,NASA POWER daily T2M
2026-03-31,chicago,Great Lakes,0.09,10.42,50.76,5.1,41.18,9.58,NASA POWER daily T2M
2025-11-01,detroit,Great Lakes,0.06,6.27,43.29,6.73,44.12,-0.83,NASA POWER daily T2M
2025-11-02,detroit,Great Lakes,0.06,6.77,44.19,6.42,43.56,0.63,NASA POWER daily T2M
2025-11-03,detroit,Great Lakes,0.06,7.95,46.31,5.57,42.02,4.29,NASA POWER daily T2M
2025-11-04,detroit,Great Lakes,0.06,8.17,46.71,6.27,43.29,3.42,NASA POWER daily T2M
2025-11-05,detroit,Great Lakes,0.06,8.12,46.62,6.46,43.62,2.99,NASA POWER daily T2M
2025-11-06,detroit,Great Lakes,0.06,5.51,41.92,6.04,42.86,-0.95,NASA POWER daily T2M
2025-11-07,detroit,Great Lakes,0.06,8.89,48,5.18,41.33,6.67,NASA POWER daily T2M
2025-11-08,detroit,Great Lakes,0.06,3.5,38.3,4.95,40.91,-2.61,NASA POWER daily T2M
2025-11-09,detroit,Great Lakes,0.06,1.17,34.11,5.77,42.39,-8.28,NASA POWER daily T2M
2025-11-10,detroit,Great Lakes,0.06,-2.41,27.66,5.62,42.11,-14.45,NASA POWER daily T2M
2025-11-11,detroit,Great Lakes,0.06,-0.2,31.64,4.21,39.57,-7.93,NASA POWER daily T2M
2025-11-12,detroit,Great Lakes,0.06,3.84,38.91,3.43,38.17,0.74,NASA POWER daily T2M
2025-11-13,detroit,Great Lakes,0.06,2.98,37.36,3.52,38.34,-0.98,NASA POWER daily T2M
2025-11-14,detroit,Great Lakes,0.06,5.87,42.57,3.89,39,3.57,NASA POWER daily T2M
2025-11-15,detroit,Great Lakes,0.06,10.7,51.26,3.78,38.8,12.46,NASA POWER daily T2M
2025-11-16,detroit,Great Lakes,0.06,3.54,38.37,2.82,37.08,1.29,NASA POWER daily T2M
2025-11-17,detroit,Great Lakes,0.06,1.51,34.72,2.78,37.01,-2.29,NASA POWER daily T2M
2025-11-18,detroit,Great Lakes,0.06,1.58,34.84,3.55,38.39,-3.55,NASA POWER daily T2M
2025-11-19,detroit,Great Lakes,0.06,2.08,35.74,3.64,38.56,-2.81,NASA POWER daily T2M
2025-11-20,detroit,Great Lakes,0.06,5.05,41.09,3.27,37.88,3.21,NASA POWER daily T2M
2025-11-21,detroit,Great Lakes,0.06,6.39,43.5,2.91,37.23,6.27,NASA POWER daily T2M
2025-11-22,detroit,Great Lakes,0.06,2.7,36.86,2,35.59,1.27,NASA POWER daily T2M
2025-11-23,detroit,Great Lakes,0.06,4.19,39.54,2.03,35.66,3.88,NASA POWER daily T2M
2025-11-24,detroit,Great Lakes,0.06,3.82,38.88,1.36,34.45,4.43,NASA POWER daily T2M
2025-11-25,detroit,Great Lakes,0.06,6.61,43.9,1.98,35.56,8.33,NASA POWER daily T2M
2025-11-26,detroit,Great Lakes,0.06,3.38,38.08,2.08,35.74,2.34,NASA POWER daily T2M
2025-11-27,detroit,Great Lakes,0.06,-0.57,30.97,1.81,35.27,-4.29,NASA POWER daily T2M
2025-11-28,detroit,Great Lakes,0.06,-2.08,28.26,1.43,34.58,-6.32,NASA POWER daily T2M
2025-11-29,detroit,Great Lakes,0.06,-1.7,28.94,1.98,35.56,-6.62,NASA POWER daily T2M
2025-11-30,detroit,Great Lakes,0.06,-0.88,30.42,2.21,35.98,-5.57,NASA POWER daily T2M
2025-12-01,detroit,Great Lakes,0.06,-3.53,25.65,0.68,33.23,-7.58,NASA POWER daily T2M
2025-12-02,detroit,Great Lakes,0.06,-2.5,27.5,0.63,33.14,-5.64,NASA POWER daily T2M
2025-12-03,detroit,Great Lakes,0.06,-3.66,25.41,0.9,33.62,-8.21,NASA POWER daily T2M
2025-12-04,detroit,Great Lakes,0.06,-7.51,18.48,1.26,34.26,-15.78,NASA POWER daily T2M
2025-12-05,detroit,Great Lakes,0.06,-6.31,20.64,0.05,32.1,-11.46,NASA POWER daily T2M
2025-12-06,detroit,Great Lakes,0.06,-2.37,27.73,-1.02,30.17,-2.44,NASA POWER daily T2M
2025-12-07,detroit,Great Lakes,0.06,-4.58,23.76,-1.88,28.62,-4.86,NASA POWER daily T2M
2025-12-08,detroit,Great Lakes,0.06,-7.4,18.68,-1.54,29.23,-10.55,NASA POWER daily T2M
2025-12-09,detroit,Great Lakes,0.06,-2.7,27.14,-0.91,30.37,-3.23,NASA POWER daily T2M
2025-12-10,detroit,Great Lakes,0.06,-1.55,29.21,-1.4,29.49,-0.28,NASA POWER daily T2M
2025-12-11,detroit,Great Lakes,0.06,-6.65,20.03,-2.12,28.18,-8.15,NASA POWER daily T2M
2025-12-12,detroit,Great Lakes,0.06,-6.03,21.15,-1.75,28.84,-7.69,NASA POWER daily T2M
2025-12-13,detroit,Great Lakes,0.06,-7.84,17.89,-1.49,29.32,-11.44,NASA POWER daily T2M
2025-12-14,detroit,Great Lakes,0.06,-11.95,10.49,-1.08,30.06,-19.57,NASA POWER daily T2M
2025-12-15,detroit,Great Lakes,0.06,-9.36,15.15,-1.27,29.71,-14.56,NASA POWER daily T2M
2025-12-16,detroit,Great Lakes,0.06,-3.96,24.87,-1.66,29.01,-4.13,NASA POWER daily T2M
2025-12-17,detroit,Great Lakes,0.06,0.56,33.01,-2.1,28.22,4.79,NASA POWER daily T2M
2025-12-18,detroit,Great Lakes,0.06,4.2,39.56,-2.9,26.79,12.77,NASA POWER daily T2M
2025-12-19,detroit,Great Lakes,0.06,-4.53,23.85,-3.03,26.55,-2.7,NASA POWER daily T2M
2025-12-20,detroit,Great Lakes,0.06,-1.41,29.46,-3.07,26.48,2.98,NASA POWER daily T2M
2025-12-21,detroit,Great Lakes,0.06,-6.22,20.8,-2.25,27.94,-7.14,NASA POWER daily T2M
2025-12-22,detroit,Great Lakes,0.06,-2.29,27.88,-1.87,28.64,-0.76,NASA POWER daily T2M
2025-12-23,detroit,Great Lakes,0.06,2,35.6,-1.98,28.43,7.17,NASA POWER daily T2M
2025-12-24,detroit,Great Lakes,0.06,-0.47,31.15,-3.1,26.42,4.74,NASA POWER daily T2M
2025-12-25,detroit,Great Lakes,0.06,-0.52,31.06,-3.53,25.65,5.42,NASA POWER daily T2M
2025-12-26,detroit,Great Lakes,0.06,-0.83,30.51,-3.29,26.07,4.43,NASA POWER daily T2M
2025-12-27,detroit,Great Lakes,0.06,-1.8,28.76,-2.8,26.96,1.8,NASA POWER daily T2M
2025-12-28,detroit,Great Lakes,0.06,4.21,39.58,-2.71,27.13,12.45,NASA POWER daily T2M
2025-12-29,detroit,Great Lakes,0.06,-3.82,25.12,-2.26,27.94,-2.81,NASA POWER daily T2M
2025-12-30,detroit,Great Lakes,0.06,-5.53,22.05,-2.98,26.63,-4.59,NASA POWER daily T2M
2025-12-31,detroit,Great Lakes,0.06,-5.32,22.42,-2.59,27.34,-4.92,NASA POWER daily T2M
2026-01-01,detroit,Great Lakes,0.06,-8.8,16.16,-3.79,25.18,-9.02,NASA POWER daily T2M
2026-01-02,detroit,Great Lakes,0.06,-8.72,16.3,-3.76,25.24,-8.94,NASA POWER daily T2M
2026-01-03,detroit,Great Lakes,0.06,-8.51,16.68,-3.72,25.3,-8.62,NASA POWER daily T2M
2026-01-04,detroit,Great Lakes,0.06,-5.41,22.26,-3.31,26.03,-3.77,NASA POWER daily T2M
2026-01-05,detroit,Great Lakes,0.06,-0.68,30.78,-4.3,24.25,6.52,NASA POWER daily T2M
2026-01-06,detroit,Great Lakes,0.06,0.58,33.04,-4.48,23.94,9.1,NASA POWER daily T2M
2026-01-07,detroit,Great Lakes,0.06,0.85,33.53,-4.85,23.28,10.25,NASA POWER daily T2M
2026-01-08,detroit,Great Lakes,0.06,2.96,37.33,-4.38,24.12,13.21,NASA POWER daily T2M
2026-01-09,detroit,Great Lakes,0.06,4.91,40.84,-4.34,24.19,16.64,NASA POWER daily T2M
2026-01-10,detroit,Great Lakes,0.06,-0.21,31.62,-4.27,24.32,7.31,NASA POWER daily T2M
2026-01-11,detroit,Great Lakes,0.06,-2.64,27.25,-2.66,27.22,0.03,NASA POWER daily T2M
2026-01-12,detroit,Great Lakes,0.06,-1.09,30.04,-2.83,26.91,3.13,NASA POWER daily T2M
2026-01-13,detroit,Great Lakes,0.06,0.8,33.44,-4.26,24.33,9.11,NASA POWER daily T2M
2026-01-14,detroit,Great Lakes,0.06,-2.53,27.45,-5.61,21.91,5.54,NASA POWER daily T2M
2026-01-15,detroit,Great Lakes,0.06,-9.79,14.38,-5.59,21.93,-7.55,NASA POWER daily T2M
2026-01-16,detroit,Great Lakes,0.06,-4.69,23.56,-6.02,21.16,2.4,NASA POWER daily T2M
2026-01-17,detroit,Great Lakes,0.06,-5.08,22.86,-5.53,22.04,0.81,NASA POWER daily T2M
2026-01-18,detroit,Great Lakes,0.06,-8.93,15.93,-5.86,21.46,-5.53,NASA POWER daily T2M
2026-01-19,detroit,Great Lakes,0.06,-9.72,14.5,-6.37,20.54,-6.04,NASA POWER daily T2M
2026-01-20,detroit,Great Lakes,0.06,-11.67,10.99,-7.27,18.91,-7.91,NASA POWER daily T2M
2026-01-21,detroit,Great Lakes,0.06,-4.35,24.17,-6.84,19.69,4.48,NASA POWER daily T2M
2026-01-22,detroit,Great Lakes,0.06,-6.16,20.91,-5.13,22.76,-1.85,NASA POWER daily T2M
2026-01-23,detroit,Great Lakes,0.06,-15.68,3.78,-3.98,24.83,-21.06,NASA POWER daily T2M
2026-01-24,detroit,Great Lakes,0.06,-16.7,1.94,-5.19,22.66,-20.72,NASA POWER daily T2M
2026-01-25,detroit,Great Lakes,0.06,-10.21,13.62,-5.97,21.26,-7.64,NASA POWER daily T2M
2026-01-26,detroit,Great Lakes,0.06,-10.72,12.7,-5.44,22.21,-9.51,NASA POWER daily T2M
2026-01-27,detroit,Great Lakes,0.06,-12.55,9.41,-4.86,23.25,-13.84,NASA POWER daily T2M
2026-01-28,detroit,Great Lakes,0.06,-11.9,10.58,-4.65,23.62,-13.04,NASA POWER daily T2M
2026-01-29,detroit,Great Lakes,0.06,-12.82,8.92,-5.09,22.83,-13.91,NASA POWER daily T2M
2026-01-30,detroit,Great Lakes,0.06,-13.63,7.47,-5.88,21.41,-13.95,NASA POWER daily T2M
2026-01-31,detroit,Great Lakes,0.06,-10.83,12.51,-4.98,23.03,-10.53,NASA POWER daily T2M
2026-02-01,detroit,Great Lakes,0.06,-10.57,12.97,-4.52,23.87,-10.89,NASA POWER daily T2M
2026-02-02,detroit,Great Lakes,0.06,-8.73,16.29,-4.94,23.11,-6.83,NASA POWER daily T2M
2026-02-03,detroit,Great Lakes,0.06,-7.82,17.92,-4.2,24.44,-6.52,NASA POWER daily T2M
2026-02-04,detroit,Great Lakes,0.06,-10.97,12.25,-4.64,23.66,-11.4,NASA POWER daily T2M
2026-02-05,detroit,Great Lakes,0.06,-8.94,15.91,-5.52,22.07,-6.16,NASA POWER daily T2M
2026-02-06,detroit,Great Lakes,0.06,-5.96,21.27,-4.55,23.81,-2.53,NASA POWER daily T2M
2026-02-07,detroit,Great Lakes,0.06,-11.85,10.67,-3.75,25.24,-14.57,NASA POWER daily T2M
2026-02-08,detroit,Great Lakes,0.06,-12.69,9.16,-4.89,23.2,-14.04,NASA POWER daily T2M
2026-02-09,detroit,Great Lakes,0.06,-8.17,17.29,-4.37,24.14,-6.84,NASA POWER daily T2M
2026-02-10,detroit,Great Lakes,0.06,-1.24,29.77,-4.56,23.79,5.97,NASA POWER daily T2M
2026-02-11,detroit,Great Lakes,0.06,-3.04,26.53,-5.05,22.92,3.61,NASA POWER daily T2M
2026-02-12,detroit,Great Lakes,0.06,-5.39,22.3,-5.52,22.06,0.23,NASA POWER daily T2M
2026-02-13,detroit,Great Lakes,0.06,-3.1,26.42,-5.47,22.15,4.27,NASA POWER daily T2M
2026-02-14,detroit,Great Lakes,0.06,0.16,32.29,-4.03,24.75,7.54,NASA POWER daily T2M
2026-02-15,detroit,Great Lakes,0.06,2.44,36.39,-4.56,23.79,12.6,NASA POWER daily T2M
2026-02-16,detroit,Great Lakes,0.06,3.52,38.34,-4.53,23.84,14.49,NASA POWER daily T2M
2026-02-17,detroit,Great Lakes,0.06,3.95,39.11,-3.91,24.96,14.15,NASA POWER daily T2M
2026-02-18,detroit,Great Lakes,0.06,6.53,43.75,-3.08,26.45,17.31,NASA POWER daily T2M
2026-02-19,detroit,Great Lakes,0.06,3.1,37.58,-2.3,27.87,9.71,NASA POWER daily T2M
2026-02-20,detroit,Great Lakes,0.06,2.06,35.71,-1.28,29.69,6.02,NASA POWER daily T2M
2026-02-21,detroit,Great Lakes,0.06,-0.23,31.59,-1.54,29.23,2.36,NASA POWER daily T2M
2026-02-22,detroit,Great Lakes,0.06,-1.4,29.48,-2.05,28.32,1.16,NASA POWER daily T2M
2026-02-23,detroit,Great Lakes,0.06,-4.28,24.3,-2.49,27.52,-3.22,NASA POWER daily T2M
2026-02-24,detroit,Great Lakes,0.06,-3.81,25.14,-2.24,27.97,-2.83,NASA POWER daily T2M
2026-02-25,detroit,Great Lakes,0.06,-2.2,28.04,-2.37,27.73,0.31,NASA POWER daily T2M
2026-02-26,detroit,Great Lakes,0.06,-4.87,23.23,-3.12,26.39,-3.16,NASA POWER daily T2M
2026-02-27,detroit,Great Lakes,0.06,2.91,37.24,-2.83,26.9,10.34,NASA POWER daily T2M
2026-02-28,detroit,Great Lakes,0.06,0.53,32.95,-2.5,27.51,5.45,NASA POWER daily T2M
2026-03-01,detroit,Great Lakes,0.06,-5.03,22.95,-1.16,29.92,-6.97,NASA POWER daily T2M
2026-03-02,detroit,Great Lakes,0.06,-3.73,25.29,-1.93,28.53,-3.24,NASA POWER daily T2M
2026-03-03,detroit,Great Lakes,0.06,0.26,32.47,-3.29,26.08,6.39,NASA POWER daily T2M
2026-03-04,detroit,Great Lakes,0.06,1.63,34.93,-2.58,27.36,7.57,NASA POWER daily T2M
2026-03-05,detroit,Great Lakes,0.06,2.61,36.7,-1.66,29.01,7.68,NASA POWER daily T2M
2026-03-06,detroit,Great Lakes,0.06,7.27,45.09,-0.99,30.23,14.86,NASA POWER daily T2M
2026-03-07,detroit,Great Lakes,0.06,12.51,54.52,0,32,22.51,NASA POWER daily T2M
2026-03-08,detroit,Great Lakes,0.06,6.53,43.75,0.26,32.46,11.29,NASA POWER daily T2M
2026-03-09,detroit,Great Lakes,0.06,10.55,50.99,0.19,32.34,18.65,NASA POWER daily T2M
2026-03-10,detroit,Great Lakes,0.06,13.02,55.44,-0.26,31.53,23.91,NASA POWER daily T2M
2026-03-11,detroit,Great Lakes,0.06,9.37,48.87,-0.27,31.51,17.36,NASA POWER daily T2M
2026-03-12,detroit,Great Lakes,0.06,-0.39,31.3,0,32.01,-0.71,NASA POWER daily T2M
2026-03-13,detroit,Great Lakes,0.06,1.77,35.19,0.64,33.16,2.03,NASA POWER daily T2M
2026-03-14,detroit,Great Lakes,0.06,-0.65,30.83,1.74,35.13,-4.3,NASA POWER daily T2M
2026-03-15,detroit,Great Lakes,0.06,8.3,46.94,1.34,34.42,12.52,NASA POWER daily T2M
2026-03-16,detroit,Great Lakes,0.06,1.27,34.29,0.84,33.51,0.77,NASA POWER daily T2M
2026-03-17,detroit,Great Lakes,0.06,-5.59,21.94,1.44,34.59,-12.65,NASA POWER daily T2M
2026-03-18,detroit,Great Lakes,0.06,-2.37,27.73,1.84,35.31,-7.58,NASA POWER daily T2M
2026-03-19,detroit,Great Lakes,0.06,2.56,36.61,1.94,35.5,1.11,NASA POWER daily T2M
2026-03-20,detroit,Great Lakes,0.06,6.85,44.33,2.32,36.17,8.16,NASA POWER daily T2M
2026-03-21,detroit,Great Lakes,0.06,2.35,36.23,2.08,35.75,0.48,NASA POWER daily T2M
2026-03-22,detroit,Great Lakes,0.06,5.18,41.32,1.89,35.4,5.93,NASA POWER daily T2M
2026-03-23,detroit,Great Lakes,0.06,0.02,32.04,1.73,35.12,-3.08,NASA POWER daily T2M
2026-03-24,detroit,Great Lakes,0.06,1.05,33.89,2.86,37.14,-3.25,NASA POWER daily T2M
2026-03-25,detroit,Great Lakes,0.06,6.29,43.32,2.82,37.08,6.24,NASA POWER daily T2M
2026-03-26,detroit,Great Lakes,0.06,8.96,48.13,2.94,37.29,10.84,NASA POWER daily T2M
2026-03-27,detroit,Great Lakes,0.06,-0.52,31.06,4.45,40,-8.94,NASA POWER daily T2M
2026-03-28,detroit,Great Lakes,0.06,0.34,32.61,4.76,40.57,-7.96,NASA POWER daily T2M
2026-03-29,detroit,Great Lakes,0.06,5.15,41.27,4.11,39.39,1.88,NASA POWER daily T2M
2026-03-30,detroit,Great Lakes,0.06,13.58,56.44,4.27,39.69,16.76,NASA POWER daily T2M
2026-03-31,detroit,Great Lakes,0.06,15.51,59.92,5.03,41.06,18.86,NASA POWER daily T2M
2025-11-01,cleveland,Great Lakes,0.05,9.34,48.81,8.97,48.14,0.67,NASA POWER daily T2M
2025-11-02,cleveland,Great Lakes,0.05,9.83,49.69,8.62,47.51,2.18,NASA POWER daily T2M
2025-11-03,cleveland,Great Lakes,0.05,10.01,50.02,7.99,46.38,3.64,NASA POWER daily T2M
2025-11-04,cleveland,Great Lakes,0.05,10.23,50.41,8.16,46.7,3.72,NASA POWER daily T2M
2025-11-05,cleveland,Great Lakes,0.05,10.49,50.88,8.58,47.44,3.44,NASA POWER daily T2M
2025-11-06,cleveland,Great Lakes,0.05,8.24,46.83,8.13,46.63,0.2,NASA POWER daily T2M
2025-11-07,cleveland,Great Lakes,0.05,9.95,49.91,7.48,45.46,4.45,NASA POWER daily T2M
2025-11-08,cleveland,Great Lakes,0.05,8.13,46.63,7.19,44.94,1.7,NASA POWER daily T2M
2025-11-09,cleveland,Great Lakes,0.05,5.42,41.76,7.55,45.59,-3.84,NASA POWER daily T2M
2025-11-10,cleveland,Great Lakes,0.05,1.44,34.59,7.65,45.76,-11.17,NASA POWER daily T2M
2025-11-11,cleveland,Great Lakes,0.05,2.28,36.1,6.84,44.31,-8.21,NASA POWER daily T2M
2025-11-12,cleveland,Great Lakes,0.05,6.29,43.32,6,42.79,0.53,NASA POWER daily T2M
2025-11-13,cleveland,Great Lakes,0.05,6.77,44.19,5.73,42.31,1.88,NASA POWER daily T2M
2025-11-14,cleveland,Great Lakes,0.05,8.25,46.85,6.24,43.23,3.62,NASA POWER daily T2M
2025-11-15,cleveland,Great Lakes,0.05,12.12,53.82,6.1,42.97,10.84,NASA POWER daily T2M
2025-11-16,cleveland,Great Lakes,0.05,6.61,43.9,5.57,42.03,1.87,NASA POWER daily T2M
2025-11-17,cleveland,Great Lakes,0.05,4.52,40.14,5.1,41.19,-1.05,NASA POWER daily T2M
2025-11-18,cleveland,Great Lakes,0.05,4.55,40.19,5.44,41.79,-1.6,NASA POWER daily T2M
2025-11-19,cleveland,Great Lakes,0.05,5.38,41.68,5.72,42.3,-0.61,NASA POWER daily T2M
2025-11-20,cleveland,Great Lakes,0.05,6.19,43.14,5.39,41.71,1.44,NASA POWER daily T2M
2025-11-21,cleveland,Great Lakes,0.05,7.71,45.88,5.38,41.68,4.2,NASA POWER daily T2M
2025-11-22,cleveland,Great Lakes,0.05,5.67,42.21,4.62,40.31,1.9,NASA POWER daily T2M
2025-11-23,cleveland,Great Lakes,0.05,6.44,43.59,4.4,39.92,3.67,NASA POWER daily T2M
2025-11-24,cleveland,Great Lakes,0.05,6.29,43.32,4.04,39.27,4.05,NASA POWER daily T2M
2025-11-25,cleveland,Great Lakes,0.05,9.15,48.47,4.28,39.71,8.76,NASA POWER daily T2M
2025-11-26,cleveland,Great Lakes,0.05,5.92,42.66,4.48,40.06,2.59,NASA POWER daily T2M
2025-11-27,cleveland,Great Lakes,0.05,1.09,33.96,4.23,39.61,-5.65,NASA POWER daily T2M
2025-11-28,cleveland,Great Lakes,0.05,0.54,32.97,3.74,38.73,-5.76,NASA POWER daily T2M
2025-11-29,cleveland,Great Lakes,0.05,0.67,33.21,4.39,39.91,-6.7,NASA POWER daily T2M
2025-11-30,cleveland,Great Lakes,0.05,1.6,34.88,4.62,40.31,-5.43,NASA POWER daily T2M
2025-12-01,cleveland,Great Lakes,0.05,-0.27,31.51,3.22,37.79,-6.28,NASA POWER daily T2M
2025-12-02,cleveland,Great Lakes,0.05,-0.35,31.37,2.84,37.11,-5.74,NASA POWER daily T2M
2025-12-03,cleveland,Great Lakes,0.05,-0.57,30.97,3.11,37.6,-6.63,NASA POWER daily T2M
2025-12-04,cleveland,Great Lakes,0.05,-2.44,27.61,3.2,37.76,-10.15,NASA POWER daily T2M
2025-12-05,cleveland,Great Lakes,0.05,-3.56,25.59,2.48,36.47,-10.87,NASA POWER daily T2M
2025-12-06,cleveland,Great Lakes,0.05,-0.07,31.87,1.51,34.72,-2.85,NASA POWER daily T2M
2025-12-07,cleveland,Great Lakes,0.05,0.05,32.09,1.04,33.87,-1.78,NASA POWER daily T2M
2025-12-08,cleveland,Great Lakes,0.05,-3.06,26.49,1.06,33.91,-7.41,NASA POWER daily T2M
2025-12-09,cleveland,Great Lakes,0.05,-1.73,28.89,1.54,34.77,-5.89,NASA POWER daily T2M
2025-12-10,cleveland,Great Lakes,0.05,1.64,34.95,1.28,34.3,0.66,NASA POWER daily T2M
2025-12-11,cleveland,Great Lakes,0.05,-2.18,28.08,0.78,33.41,-5.34,NASA POWER daily T2M
2025-12-12,cleveland,Great Lakes,0.05,-1.97,28.45,1.01,33.83,-5.37,NASA POWER daily T2M
2025-12-13,cleveland,Great Lakes,0.05,-2.07,28.27,1.14,34.05,-5.78,NASA POWER daily T2M
2025-12-14,cleveland,Great Lakes,0.05,-6.89,19.6,1.69,35.04,-15.44,NASA POWER daily T2M
2025-12-15,cleveland,Great Lakes,0.05,-5.68,21.78,1.28,34.3,-12.52,NASA POWER daily T2M
2025-12-16,cleveland,Great Lakes,0.05,-2.52,27.46,1,33.8,-6.34,NASA POWER daily T2M
2025-12-17,cleveland,Great Lakes,0.05,2.55,36.59,0.66,33.18,3.41,NASA POWER daily T2M
2025-12-18,cleveland,Great Lakes,0.05,5.09,41.16,-0.2,31.64,9.53,NASA POWER daily T2M
2025-12-19,cleveland,Great Lakes,0.05,-2.02,28.36,-0.12,31.79,-3.42,NASA POWER daily T2M
2025-12-20,cleveland,Great Lakes,0.05,-0.24,31.57,-0.38,31.31,0.25,NASA POWER daily T2M
2025-12-21,cleveland,Great Lakes,0.05,-1.99,28.42,0.36,32.65,-4.23,NASA POWER daily T2M
2025-12-22,cleveland,Great Lakes,0.05,-0.59,30.94,0.64,33.15,-2.21,NASA POWER daily T2M
2025-12-23,cleveland,Great Lakes,0.05,3.49,38.28,0.62,33.12,5.16,NASA POWER daily T2M
2025-12-24,cleveland,Great Lakes,0.05,1.54,34.77,-0.42,31.25,3.52,NASA POWER daily T2M
2025-12-25,cleveland,Great Lakes,0.05,1.33,34.39,-1.25,29.75,4.65,NASA POWER daily T2M
2025-12-26,cleveland,Great Lakes,0.05,1.53,34.75,-0.87,30.44,4.31,NASA POWER daily T2M
2025-12-27,cleveland,Great Lakes,0.05,0.27,32.49,-0.34,31.38,1.11,NASA POWER daily T2M
2025-12-28,cleveland,Great Lakes,0.05,5.9,42.62,-0.16,31.72,10.9,NASA POWER daily T2M
2025-12-29,cleveland,Great Lakes,0.05,-1.47,29.35,0.05,32.09,-2.74,NASA POWER daily T2M
2025-12-30,cleveland,Great Lakes,0.05,-3.53,25.65,-0.63,30.87,-5.22,NASA POWER daily T2M
2025-12-31,cleveland,Great Lakes,0.05,-2.79,26.98,-0.09,31.83,-4.85,NASA POWER daily T2M
2026-01-01,cleveland,Great Lakes,0.05,-6.24,20.77,-0.94,30.3,-9.53,NASA POWER daily T2M
2026-01-02,cleveland,Great Lakes,0.05,-4.78,23.4,-0.94,30.32,-6.92,NASA POWER daily T2M
2026-01-03,cleveland,Great Lakes,0.05,-5.12,22.78,-0.91,30.36,-7.58,NASA POWER daily T2M
2026-01-04,cleveland,Great Lakes,0.05,-2.93,26.73,-0.96,30.28,-3.55,NASA POWER daily T2M
2026-01-05,cleveland,Great Lakes,0.05,0.34,32.61,-1.91,28.56,4.05,NASA POWER daily T2M
2026-01-06,cleveland,Great Lakes,0.05,3.08,37.54,-2.17,28.09,9.45,NASA POWER daily T2M
2026-01-07,cleveland,Great Lakes,0.05,2.36,36.25,-2.5,27.49,8.76,NASA POWER daily T2M
2026-01-08,cleveland,Great Lakes,0.05,4.05,39.29,-2.26,27.92,11.37,NASA POWER daily T2M
2026-01-09,cleveland,Great Lakes,0.05,6.91,44.44,-1.85,28.67,15.76,NASA POWER daily T2M
2026-01-10,cleveland,Great Lakes,0.05,1.88,35.38,-2.14,28.15,7.24,NASA POWER daily T2M
2026-01-11,cleveland,Great Lakes,0.05,-1,30.2,-0.95,30.29,-0.09,NASA POWER daily T2M
2026-01-12,cleveland,Great Lakes,0.05,-0.64,30.85,-0.19,31.66,-0.81,NASA POWER daily T2M
2026-01-13,cleveland,Great Lakes,0.05,1.85,35.33,-1.49,29.32,6.01,NASA POWER daily T2M
2026-01-14,cleveland,Great Lakes,0.05,0.35,32.63,-3.13,26.37,6.26,NASA POWER daily T2M
2026-01-15,cleveland,Great Lakes,0.05,-6.72,19.9,-3.17,26.3,-6.39,NASA POWER daily T2M
2026-01-16,cleveland,Great Lakes,0.05,-3.14,26.35,-3.54,25.62,0.73,NASA POWER daily T2M
2026-01-17,cleveland,Great Lakes,0.05,-1.37,29.53,-2.97,26.65,2.89,NASA POWER daily T2M
2026-01-18,cleveland,Great Lakes,0.05,-7.25,18.95,-3.65,25.43,-6.48,NASA POWER daily T2M
2026-01-19,cleveland,Great Lakes,0.05,-7.53,18.45,-3.75,25.26,-6.81,NASA POWER daily T2M
2026-01-20,cleveland,Great Lakes,0.05,-9.97,14.05,-4.14,24.55,-10.49,NASA POWER daily T2M
2026-01-21,cleveland,Great Lakes,0.05,-3.21,26.22,-4.48,23.94,2.28,NASA POWER daily T2M
2026-01-22,cleveland,Great Lakes,0.05,-2.85,26.87,-3.16,26.31,0.56,NASA POWER daily T2M
2026-01-23,cleveland,Great Lakes,0.05,-10.54,13.03,-2.18,28.07,-15.04,NASA POWER daily T2M
2026-01-24,cleveland,Great Lakes,0.05,-12.17,10.09,-3.1,26.42,-16.32,NASA POWER daily T2M
2026-01-25,cleveland,Great Lakes,0.05,-7.83,17.91,-3.84,25.08,-7.18,NASA POWER daily T2M
2026-01-26,cleveland,Great Lakes,0.05,-8.21,17.22,-3.57,25.57,-8.34,NASA POWER daily T2M
2026-01-27,cleveland,Great Lakes,0.05,-10.01,13.98,-2.9,26.78,-12.8,NASA POWER daily T2M
2026-01-28,cleveland,Great Lakes,0.05,-10.13,13.77,-2.8,26.97,-13.2,NASA POWER daily T2M
2026-01-29,cleveland,Great Lakes,0.05,-9.33,15.21,-2.98,26.64,-11.43,NASA POWER daily T2M
2026-01-30,cleveland,Great Lakes,0.05,-10.76,12.63,-3.89,24.99,-12.36,NASA POWER daily T2M
2026-01-31,cleveland,Great Lakes,0.05,-9.62,14.68,-3.51,25.69,-11,NASA POWER daily T2M
2026-02-01,cleveland,Great Lakes,0.05,-7.29,18.88,-2.6,27.32,-8.44,NASA POWER daily T2M
2026-02-02,cleveland,Great Lakes,0.05,-6.61,20.1,-3,26.59,-6.49,NASA POWER daily T2M
2026-02-03,cleveland,Great Lakes,0.05,-3.87,25.03,-2.66,27.2,-2.17,NASA POWER daily T2M
2026-02-04,cleveland,Great Lakes,0.05,-7.2,19.04,-2.48,27.54,-8.5,NASA POWER daily T2M
2026-02-05,cleveland,Great Lakes,0.05,-7.64,18.25,-3.67,25.4,-7.15,NASA POWER daily T2M
2026-02-06,cleveland,Great Lakes,0.05,-4.79,23.38,-3.01,26.58,-3.2,NASA POWER daily T2M
2026-02-07,cleveland,Great Lakes,0.05,-9.65,14.63,-2.13,28.16,-13.53,NASA POWER daily T2M
2026-02-08,cleveland,Great Lakes,0.05,-10.09,13.84,-3.04,26.53,-12.69,NASA POWER daily T2M
2026-02-09,cleveland,Great Lakes,0.05,-7.1,19.22,-2.94,26.7,-7.48,NASA POWER daily T2M
2026-02-10,cleveland,Great Lakes,0.05,0.64,33.15,-2.81,26.93,6.22,NASA POWER daily T2M
2026-02-11,cleveland,Great Lakes,0.05,-0.65,30.83,-3.08,26.45,4.38,NASA POWER daily T2M
2026-02-12,cleveland,Great Lakes,0.05,-3.02,26.56,-3.43,25.82,0.74,NASA POWER daily T2M
2026-02-13,cleveland,Great Lakes,0.05,-1.73,28.89,-3.83,25.11,3.77,NASA POWER daily T2M
2026-02-14,cleveland,Great Lakes,0.05,2.14,35.85,-2.36,27.76,8.1,NASA POWER daily T2M
2026-02-15,cleveland,Great Lakes,0.05,2.96,37.33,-2.51,27.48,9.85,NASA POWER daily T2M
2026-02-16,cleveland,Great Lakes,0.05,2.84,37.11,-2.65,27.23,9.88,NASA POWER daily T2M
2026-02-17,cleveland,Great Lakes,0.05,5.01,41.02,-2.34,27.78,13.23,NASA POWER daily T2M
2026-02-18,cleveland,Great Lakes,0.05,6.97,44.55,-1.63,29.06,15.48,NASA POWER daily T2M
2026-02-19,cleveland,Great Lakes,0.05,5.76,42.37,-1.14,29.94,12.43,NASA POWER daily T2M
2026-02-20,cleveland,Great Lakes,0.05,3.56,38.41,-0.43,31.22,7.19,NASA POWER daily T2M
2026-02-21,cleveland,Great Lakes,0.05,-0.25,31.55,-0.22,31.6,-0.05,NASA POWER daily T2M
2026-02-22,cleveland,Great Lakes,0.05,-1.18,29.88,-0.79,30.58,-0.7,NASA POWER daily T2M
2026-02-23,cleveland,Great Lakes,0.05,-2.35,27.77,-1.03,30.14,-2.37,NASA POWER daily T2M
2026-02-24,cleveland,Great Lakes,0.05,-2.58,27.36,-1,30.2,-2.85,NASA POWER daily T2M
2026-02-25,cleveland,Great Lakes,0.05,0.83,33.49,-0.96,30.28,3.22,NASA POWER daily T2M
2026-02-26,cleveland,Great Lakes,0.05,-3.12,26.38,-1.73,28.88,-2.5,NASA POWER daily T2M
2026-02-27,cleveland,Great Lakes,0.05,2.88,37.18,-1.2,29.84,7.34,NASA POWER daily T2M
2026-02-28,cleveland,Great Lakes,0.05,2.4,36.32,-1.59,29.14,7.18,NASA POWER daily T2M
2026-03-01,cleveland,Great Lakes,0.05,-3.64,25.45,0.04,32.07,-6.62,NASA POWER daily T2M
2026-03-02,cleveland,Great Lakes,0.05,-1.96,28.47,-0.66,30.82,-2.35,NASA POWER daily T2M
2026-03-03,cleveland,Great Lakes,0.05,1.51,34.72,-2.16,28.11,6.6,NASA POWER daily T2M
2026-03-04,cleveland,Great Lakes,0.05,2.87,37.17,-1.67,29,8.17,NASA POWER daily T2M
2026-03-05,cleveland,Great Lakes,0.05,4.8,40.64,-0.7,30.74,9.9,NASA POWER daily T2M
2026-03-06,cleveland,Great Lakes,0.05,8.61,47.5,-0.12,31.78,15.72,NASA POWER daily T2M
2026-03-07,cleveland,Great Lakes,0.05,12.29,54.12,0.65,33.17,20.95,NASA POWER daily T2M
2026-03-08,cleveland,Great Lakes,0.05,5.91,42.64,0.65,33.17,9.47,NASA POWER daily T2M
2026-03-09,cleveland,Great Lakes,0.05,8.07,46.53,0.74,33.33,13.2,NASA POWER daily T2M
2026-03-10,cleveland,Great Lakes,0.05,12.44,54.39,0.41,32.74,21.65,NASA POWER daily T2M
2026-03-11,cleveland,Great Lakes,0.05,10.25,50.45,0.07,32.12,18.33,NASA POWER daily T2M
2026-03-12,cleveland,Great Lakes,0.05,1.15,34.07,0.4,32.72,1.35,NASA POWER daily T2M
2026-03-13,cleveland,Great Lakes,0.05,3.76,38.77,1.09,33.97,4.8,NASA POWER daily T2M
2026-03-14,cleveland,Great Lakes,0.05,0.57,33.03,1.98,35.56,-2.53,NASA POWER daily T2M
2026-03-15,cleveland,Great Lakes,0.05,8.33,46.99,1.55,34.79,12.21,NASA POWER daily T2M
2026-03-16,cleveland,Great Lakes,0.05,3.43,38.17,1.04,33.87,4.31,NASA POWER daily T2M
2026-03-17,cleveland,Great Lakes,0.05,-3.83,25.11,1.47,34.65,-9.54,NASA POWER daily T2M
2026-03-18,cleveland,Great Lakes,0.05,-1.08,30.06,1.93,35.47,-5.41,NASA POWER daily T2M
2026-03-19,cleveland,Great Lakes,0.05,3.22,37.8,2.23,36.02,1.78,NASA POWER daily T2M
2026-03-20,cleveland,Great Lakes,0.05,6.71,44.08,2.7,36.86,7.21,NASA POWER daily T2M
2026-03-21,cleveland,Great Lakes,0.05,4.3,39.74,2.19,35.94,3.8,NASA POWER daily T2M
2026-03-22,cleveland,Great Lakes,0.05,6.75,44.15,1.76,35.17,8.98,NASA POWER daily T2M
2026-03-23,cleveland,Great Lakes,0.05,0.85,33.53,2.04,35.67,-2.14,NASA POWER daily T2M
2026-03-24,cleveland,Great Lakes,0.05,0.9,33.62,3.03,37.46,-3.84,NASA POWER daily T2M
2026-03-25,cleveland,Great Lakes,0.05,6.03,42.85,3.08,37.54,5.31,NASA POWER daily T2M
2026-03-26,cleveland,Great Lakes,0.05,10.39,50.7,2.81,37.07,13.64,NASA POWER daily T2M
2026-03-27,cleveland,Great Lakes,0.05,0.53,32.95,4.1,39.37,-6.42,NASA POWER daily T2M
2026-03-28,cleveland,Great Lakes,0.05,0.52,32.94,4.6,40.28,-7.34,NASA POWER daily T2M
2026-03-29,cleveland,Great Lakes,0.05,5.89,42.6,4.06,39.3,3.3,NASA POWER daily T2M
2026-03-30,cleveland,Great Lakes,0.05,11.53,52.75,4.09,39.36,13.39,NASA POWER daily T2M
2026-03-31,cleveland,Great Lakes,0.05,14.09,57.36,5.01,41.03,16.34,NASA POWER daily T2M
2025-11-01,indianapolis,Ohio Valley,0.05,6.67,44.01,8.03,46.46,-2.45,NASA POWER daily T2M
2025-11-02,indianapolis,Ohio Valley,0.05,6.84,44.31,7.64,45.76,-1.44,NASA POWER daily T2M
2025-11-03,indianapolis,Ohio Valley,0.05,7.22,45,6.67,44,1,NASA POWER daily T2M
2025-11-04,indianapolis,Ohio Valley,0.05,8.75,47.75,7.18,44.93,2.82,NASA POWER daily T2M
2025-11-05,indianapolis,Ohio Valley,0.05,11.69,53.04,7.43,45.38,7.67,NASA POWER daily T2M
2025-11-06,indianapolis,Ohio Valley,0.05,8.75,47.75,6.79,44.23,3.52,NASA POWER daily T2M
2025-11-07,indianapolis,Ohio Valley,0.05,12.61,54.7,5.78,42.4,12.29,NASA POWER daily T2M
2025-11-08,indianapolis,Ohio Valley,0.05,7.88,46.18,5.91,42.65,3.54,NASA POWER daily T2M
2025-11-09,indianapolis,Ohio Valley,0.05,2.11,35.8,6.59,43.86,-8.06,NASA POWER daily T2M
2025-11-10,indianapolis,Ohio Valley,0.05,-2.15,28.13,6.51,43.72,-15.59,NASA POWER daily T2M
2025-11-11,indianapolis,Ohio Valley,0.05,-0.52,31.06,4.87,40.77,-9.7,NASA POWER daily T2M
2025-11-12,indianapolis,Ohio Valley,0.05,5.61,42.1,4.11,39.41,2.69,NASA POWER daily T2M
2025-11-13,indianapolis,Ohio Valley,0.05,6.42,43.56,4.09,39.35,4.2,NASA POWER daily T2M
2025-11-14,indianapolis,Ohio Valley,0.05,11.44,52.59,4.63,40.33,12.26,NASA POWER daily T2M
2025-11-15,indianapolis,Ohio Valley,0.05,15.39,59.7,4.32,39.77,19.93,NASA POWER daily T2M
2025-11-16,indianapolis,Ohio Valley,0.05,5.77,42.39,3.6,38.49,3.9,NASA POWER daily T2M
2025-11-17,indianapolis,Ohio Valley,0.05,4.76,40.57,3.75,38.76,1.81,NASA POWER daily T2M
2025-11-18,indianapolis,Ohio Valley,0.05,4.33,39.79,4.79,40.62,-0.82,NASA POWER daily T2M
2025-11-19,indianapolis,Ohio Valley,0.05,5.09,41.16,4.66,40.39,0.77,NASA POWER daily T2M
2025-11-20,indianapolis,Ohio Valley,0.05,6.46,43.63,4.08,39.35,4.28,NASA POWER daily T2M
2025-11-21,indianapolis,Ohio Valley,0.05,8.17,46.71,4.11,39.4,7.3,NASA POWER daily T2M
2025-11-22,indianapolis,Ohio Valley,0.05,6.02,42.84,3.56,38.42,4.42,NASA POWER daily T2M
2025-11-23,indianapolis,Ohio Valley,0.05,6.56,43.81,3.19,37.74,6.06,NASA POWER daily T2M
2025-11-24,indianapolis,Ohio Valley,0.05,4.81,40.66,2.44,36.4,4.26,NASA POWER daily T2M
2025-11-25,indianapolis,Ohio Valley,0.05,10.03,50.05,3.11,37.59,12.46,NASA POWER daily T2M
2025-11-26,indianapolis,Ohio Valley,0.05,2.66,36.79,3.05,37.49,-0.71,NASA POWER daily T2M
2025-11-27,indianapolis,Ohio Valley,0.05,-1.74,28.87,2.62,36.71,-7.84,NASA POWER daily T2M
2025-11-28,indianapolis,Ohio Valley,0.05,-3.21,26.22,2.55,36.59,-10.36,NASA POWER daily T2M
2025-11-29,indianapolis,Ohio Valley,0.05,-1.63,29.07,3.36,38.05,-8.98,NASA POWER daily T2M
2025-11-30,indianapolis,Ohio Valley,0.05,-2.89,26.8,3.1,37.57,-10.77,NASA POWER daily T2M
2025-12-01,indianapolis,Ohio Valley,0.05,-2.84,26.89,1.13,34.03,-7.14,NASA POWER daily T2M
2025-12-02,indianapolis,Ohio Valley,0.05,-5.13,22.77,1.64,34.95,-12.18,NASA POWER daily T2M
2025-12-03,indianapolis,Ohio Valley,0.05,-4.19,24.46,1.97,35.54,-11.08,NASA POWER daily T2M
2025-12-04,indianapolis,Ohio Valley,0.05,-6.01,21.18,1.85,35.34,-14.15,NASA POWER daily T2M
2025-12-05,indianapolis,Ohio Valley,0.05,-6.56,20.19,0.17,32.3,-12.11,NASA POWER daily T2M
2025-12-06,indianapolis,Ohio Valley,0.05,-1.34,29.59,-0.34,31.39,-1.8,NASA POWER daily T2M
2025-12-07,indianapolis,Ohio Valley,0.05,-1.41,29.46,-1.27,29.72,-0.26,NASA POWER daily T2M
2025-12-08,indianapolis,Ohio Valley,0.05,-6.93,19.53,-0.77,30.61,-11.08,NASA POWER daily T2M
2025-12-09,indianapolis,Ohio Valley,0.05,-0.51,31.08,-0.25,31.55,-0.47,NASA POWER daily T2M
2025-12-10,indianapolis,Ohio Valley,0.05,0.62,33.12,-0.88,30.41,2.7,NASA POWER daily T2M
2025-12-11,indianapolis,Ohio Valley,0.05,-2.2,28.04,-0.45,31.19,-3.15,NASA POWER daily T2M
2025-12-12,indianapolis,Ohio Valley,0.05,-1.77,28.81,-0.45,31.18,-2.37,NASA POWER daily T2M
2025-12-13,indianapolis,Ohio Valley,0.05,-7.39,18.7,0.05,32.09,-13.39,NASA POWER daily T2M
2025-12-14,indianapolis,Ohio Valley,0.05,-16.5,2.3,0.12,32.22,-29.92,NASA POWER daily T2M
2025-12-15,indianapolis,Ohio Valley,0.05,-10.28,13.5,-0.7,30.74,-17.24,NASA POWER daily T2M
2025-12-16,indianapolis,Ohio Valley,0.05,-2.71,27.12,-0.54,31.02,-3.9,NASA POWER daily T2M
2025-12-17,indianapolis,Ohio Valley,0.05,2.21,35.98,-1.42,29.44,6.54,NASA POWER daily T2M
2025-12-18,indianapolis,Ohio Valley,0.05,5.56,42.01,-1.94,28.5,13.51,NASA POWER daily T2M
2025-12-19,indianapolis,Ohio Valley,0.05,-5,23,-2.07,28.27,-5.27,NASA POWER daily T2M
2025-12-20,indianapolis,Ohio Valley,0.05,0.67,33.21,-1.74,28.87,4.34,NASA POWER daily T2M
2025-12-21,indianapolis,Ohio Valley,0.05,-1.87,28.63,-1.11,29.99,-1.36,NASA POWER daily T2M
2025-12-22,indianapolis,Ohio Valley,0.05,1.15,34.07,-0.91,30.37,3.7,NASA POWER daily T2M
2025-12-23,indianapolis,Ohio Valley,0.05,5.73,42.31,-0.87,30.43,11.88,NASA POWER daily T2M
2025-12-24,indianapolis,Ohio Valley,0.05,4.38,39.88,-3.21,26.22,13.67,NASA POWER daily T2M
2025-12-25,indianapolis,Ohio Valley,0.05,7.17,44.91,-3.37,25.94,18.97,NASA POWER daily T2M
2025-12-26,indianapolis,Ohio Valley,0.05,10.57,51.03,-2.24,27.96,23.07,NASA POWER daily T2M
2025-12-27,indianapolis,Ohio Valley,0.05,7.22,45,-1.61,29.11,15.89,NASA POWER daily T2M
2025-12-28,indianapolis,Ohio Valley,0.05,13.12,55.62,-1.13,29.97,25.65,NASA POWER daily T2M
2025-12-29,indianapolis,Ohio Valley,0.05,-6.01,21.18,-1.21,29.83,-8.65,NASA POWER daily T2M
2025-12-30,indianapolis,Ohio Valley,0.05,-5.65,21.83,-1.16,29.91,-8.08,NASA POWER daily T2M
2025-12-31,indianapolis,Ohio Valley,0.05,-0.96,30.27,-0.99,30.22,0.05,NASA POWER daily T2M
2026-01-01,indianapolis,Ohio Valley,0.05,-3.94,24.91,-2.66,27.21,-2.3,NASA POWER daily T2M
2026-01-02,indianapolis,Ohio Valley,0.05,-5.05,22.91,-1.95,28.49,-5.58,NASA POWER daily T2M
2026-01-03,indianapolis,Ohio Valley,0.05,-3.47,25.75,-1.94,28.51,-2.76,NASA POWER daily T2M
2026-01-04,indianapolis,Ohio Valley,0.05,-1.85,28.67,-2.86,26.85,1.82,NASA POWER daily T2M
2026-01-05,indianapolis,Ohio Valley,0.05,2.08,35.74,-3.58,25.55,10.19,NASA POWER daily T2M
2026-01-06,indianapolis,Ohio Valley,0.05,5.36,41.65,-3.66,25.41,16.24,NASA POWER daily T2M
2026-01-07,indianapolis,Ohio Valley,0.05,3.99,39.18,-4.18,24.48,14.7,NASA POWER daily T2M
2026-01-08,indianapolis,Ohio Valley,0.05,7.69,45.84,-3.53,25.65,20.19,NASA POWER daily T2M
2026-01-09,indianapolis,Ohio Valley,0.05,8.83,47.89,-3.3,26.05,21.84,NASA POWER daily T2M
2026-01-10,indianapolis,Ohio Valley,0.05,1.79,35.22,-2.92,26.75,8.47,NASA POWER daily T2M
2026-01-11,indianapolis,Ohio Valley,0.05,-3.32,26.02,-1.14,29.94,-3.92,NASA POWER daily T2M
2026-01-12,indianapolis,Ohio Valley,0.05,-0.92,30.34,-0.55,31.01,-0.67,NASA POWER daily T2M
2026-01-13,indianapolis,Ohio Valley,0.05,2.54,36.57,-2.8,26.96,9.61,NASA POWER daily T2M
2026-01-14,indianapolis,Ohio Valley,0.05,-1.55,29.21,-4.06,24.69,4.52,NASA POWER daily T2M
2026-01-15,indianapolis,Ohio Valley,0.05,-5.84,21.49,-4.42,24.05,-2.56,NASA POWER daily T2M
2026-01-16,indianapolis,Ohio Valley,0.05,-1.55,29.21,-4.14,24.54,4.67,NASA POWER daily T2M
2026-01-17,indianapolis,Ohio Valley,0.05,-5.86,21.45,-3.7,25.34,-3.89,NASA POWER daily T2M
2026-01-18,indianapolis,Ohio Valley,0.05,-8.31,17.04,-4.99,23.01,-5.97,NASA POWER daily T2M
2026-01-19,indianapolis,Ohio Valley,0.05,-11.12,11.98,-4.86,23.24,-11.26,NASA POWER daily T2M
2026-01-20,indianapolis,Ohio Valley,0.05,-8.36,16.95,-4.11,24.6,-7.65,NASA POWER daily T2M
2026-01-21,indianapolis,Ohio Valley,0.05,-0.14,31.75,-4.15,24.52,7.22,NASA POWER daily T2M
2026-01-22,indianapolis,Ohio Valley,0.05,-4.17,24.49,-2.65,27.23,-2.74,NASA POWER daily T2M
2026-01-23,indianapolis,Ohio Valley,0.05,-14.14,6.55,-2.63,27.27,-20.73,NASA POWER daily T2M
2026-01-24,indianapolis,Ohio Valley,0.05,-13.48,7.74,-4.26,24.34,-16.6,NASA POWER daily T2M
2026-01-25,indianapolis,Ohio Valley,0.05,-11.49,11.32,-4.24,24.36,-13.05,NASA POWER daily T2M
2026-01-26,indianapolis,Ohio Valley,0.05,-15.74,3.67,-3.22,26.21,-22.54,NASA POWER daily T2M
2026-01-27,indianapolis,Ohio Valley,0.05,-12.82,8.92,-3.28,26.09,-17.16,NASA POWER daily T2M
2026-01-28,indianapolis,Ohio Valley,0.05,-14.9,5.18,-3.22,26.2,-21.02,NASA POWER daily T2M
2026-01-29,indianapolis,Ohio Valley,0.05,-13.4,7.88,-2.68,27.17,-19.29,NASA POWER daily T2M
2026-01-30,indianapolis,Ohio Valley,0.05,-12.25,9.95,-4.22,24.4,-14.45,NASA POWER daily T2M
2026-01-31,indianapolis,Ohio Valley,0.05,-11.53,11.25,-3.17,26.29,-15.05,NASA POWER daily T2M
2026-02-01,indianapolis,Ohio Valley,0.05,-10.31,13.44,-2.4,27.68,-14.24,NASA POWER daily T2M
2026-02-02,indianapolis,Ohio Valley,0.05,-5.19,22.66,-2.65,27.24,-4.58,NASA POWER daily T2M
2026-02-03,indianapolis,Ohio Valley,0.05,-4.52,23.86,-2.35,27.76,-3.9,NASA POWER daily T2M
2026-02-04,indianapolis,Ohio Valley,0.05,-9.28,15.3,-2.89,26.81,-11.51,NASA POWER daily T2M
2026-02-05,indianapolis,Ohio Valley,0.05,-8.11,17.4,-3.27,26.11,-8.71,NASA POWER daily T2M
2026-02-06,indianapolis,Ohio Valley,0.05,-3.04,26.53,-2.19,28.06,-1.53,NASA POWER daily T2M
2026-02-07,indianapolis,Ohio Valley,0.05,-7.31,18.84,-1.48,29.33,-10.48,NASA POWER daily T2M
2026-02-08,indianapolis,Ohio Valley,0.05,-5.54,22.03,-2.57,27.37,-5.34,NASA POWER daily T2M
2026-02-09,indianapolis,Ohio Valley,0.05,-2.42,27.64,-2.24,27.97,-0.33,NASA POWER daily T2M
2026-02-10,indianapolis,Ohio Valley,0.05,2.86,37.15,-2.29,27.87,9.28,NASA POWER daily T2M
2026-02-11,indianapolis,Ohio Valley,0.05,-0.41,31.26,-2.3,27.86,3.4,NASA POWER daily T2M
2026-02-12,indianapolis,Ohio Valley,0.05,0.61,33.1,-3.05,26.51,6.59,NASA POWER daily T2M
2026-02-13,indianapolis,Ohio Valley,0.05,2.51,36.52,-2.96,26.67,9.85,NASA POWER daily T2M
2026-02-14,indianapolis,Ohio Valley,0.05,2.03,35.65,-1.76,28.83,6.82,NASA POWER daily T2M
2026-02-15,indianapolis,Ohio Valley,0.05,5.82,42.48,-1.55,29.2,13.27,NASA POWER daily T2M
2026-02-16,indianapolis,Ohio Valley,0.05,5.57,42.03,-1.85,28.66,13.36,NASA POWER daily T2M
2026-02-17,indianapolis,Ohio Valley,0.05,6.59,43.86,-1.01,30.18,13.68,NASA POWER daily T2M
2026-02-18,indianapolis,Ohio Valley,0.05,12.13,53.83,-0.67,30.8,23.04,NASA POWER daily T2M
2026-02-19,indianapolis,Ohio Valley,0.05,11.1,51.98,0.04,32.07,19.91,NASA POWER daily T2M
2026-02-20,indianapolis,Ohio Valley,0.05,1.91,35.44,1.69,35.04,0.4,NASA POWER daily T2M
2026-02-21,indianapolis,Ohio Valley,0.05,-2.45,27.59,1.13,34.04,-6.45,NASA POWER daily T2M
2026-02-22,indianapolis,Ohio Valley,0.05,-3.71,25.32,0.92,33.66,-8.34,NASA POWER daily T2M
2026-02-23,indianapolis,Ohio Valley,0.05,-4.98,23.04,0.94,33.68,-10.65,NASA POWER daily T2M
2026-02-24,indianapolis,Ohio Valley,0.05,-2.64,27.25,0.62,33.11,-5.86,NASA POWER daily T2M
2026-02-25,indianapolis,Ohio Valley,0.05,2.4,36.32,0.05,32.09,4.23,NASA POWER daily T2M
2026-02-26,indianapolis,Ohio Valley,0.05,2.68,36.82,0.02,32.04,4.79,NASA POWER daily T2M
2026-02-27,indianapolis,Ohio Valley,0.05,6.55,43.79,0.37,32.66,11.13,NASA POWER daily T2M
2026-02-28,indianapolis,Ohio Valley,0.05,4.97,40.95,0.43,32.78,8.17,NASA POWER daily T2M
2026-03-01,indianapolis,Ohio Valley,0.05,-0.38,31.32,2.15,35.87,-4.55,NASA POWER daily T2M
2026-03-02,indianapolis,Ohio Valley,0.05,1.35,34.43,0.78,33.41,1.02,NASA POWER daily T2M
2026-03-03,indianapolis,Ohio Valley,0.05,4.47,40.05,-0.61,30.89,9.15,NASA POWER daily T2M
2026-03-04,indianapolis,Ohio Valley,0.05,8.69,47.64,0.49,32.89,14.75,NASA POWER daily T2M
2026-03-05,indianapolis,Ohio Valley,0.05,13.31,55.96,1.88,35.38,20.58,NASA POWER daily T2M
2026-03-06,indianapolis,Ohio Valley,0.05,17.27,63.09,2.18,35.92,27.17,NASA POWER daily T2M
2026-03-07,indianapolis,Ohio Valley,0.05,14.82,58.68,3.21,37.78,20.9,NASA POWER daily T2M
2026-03-08,indianapolis,Ohio Valley,0.05,6.3,43.34,3.39,38.1,5.24,NASA POWER daily T2M
2026-03-09,indianapolis,Ohio Valley,0.05,12.87,55.17,3.07,37.53,17.63,NASA POWER daily T2M
2026-03-10,indianapolis,Ohio Valley,0.05,19.02,66.24,2.47,36.45,29.78,NASA POWER daily T2M
2026-03-11,indianapolis,Ohio Valley,0.05,12.27,54.09,2.28,36.1,17.99,NASA POWER daily T2M
2026-03-12,indianapolis,Ohio Valley,0.05,3.44,38.19,2.76,36.96,1.23,NASA POWER daily T2M
2026-03-13,indianapolis,Ohio Valley,0.05,6.62,43.92,3.68,38.62,5.3,NASA POWER daily T2M
2026-03-14,indianapolis,Ohio Valley,0.05,3.58,38.44,4.11,39.41,-0.96,NASA POWER daily T2M
2026-03-15,indianapolis,Ohio Valley,0.05,12.54,54.57,4.02,39.23,15.34,NASA POWER daily T2M
2026-03-16,indianapolis,Ohio Valley,0.05,-2.57,27.37,3.7,38.65,-11.28,NASA POWER daily T2M
2026-03-17,indianapolis,Ohio Valley,0.05,-5.27,22.51,4.44,40,-17.49,NASA POWER daily T2M
2026-03-18,indianapolis,Ohio Valley,0.05,1.11,34,4.81,40.65,-6.65,NASA POWER daily T2M
2026-03-19,indianapolis,Ohio Valley,0.05,9.39,48.9,5,41.01,7.89,NASA POWER daily T2M
2026-03-20,indianapolis,Ohio Valley,0.05,13.72,56.7,5.39,41.7,15,NASA POWER daily T2M
2026-03-21,indianapolis,Ohio Valley,0.05,13.68,56.62,5.2,41.36,15.27,NASA POWER daily T2M
2026-03-22,indianapolis,Ohio Valley,0.05,15.47,59.85,4.7,40.46,19.39,NASA POWER daily T2M
2026-03-23,indianapolis,Ohio Valley,0.05,3.11,37.6,5.75,42.36,-4.76,NASA POWER daily T2M
2026-03-24,indianapolis,Ohio Valley,0.05,4.49,40.08,6.31,43.35,-3.27,NASA POWER daily T2M
2026-03-25,indianapolis,Ohio Valley,0.05,11.08,51.94,5.94,42.69,9.25,NASA POWER daily T2M
2026-03-26,indianapolis,Ohio Valley,0.05,18.54,65.37,5.76,42.36,23.01,NASA POWER daily T2M
2026-03-27,indianapolis,Ohio Valley,0.05,3.88,38.98,7.07,44.73,-5.75,NASA POWER daily T2M
2026-03-28,indianapolis,Ohio Valley,0.05,2.85,37.13,7.67,45.81,-8.68,NASA POWER daily T2M
2026-03-29,indianapolis,Ohio Valley,0.05,9.76,49.57,6.73,44.11,5.46,NASA POWER daily T2M
2026-03-30,indianapolis,Ohio Valley,0.05,17.36,63.25,7.57,45.63,17.62,NASA POWER daily T2M
2026-03-31,indianapolis,Ohio Valley,0.05,19.29,66.72,8.05,46.49,20.23,NASA POWER daily T2M
2025-11-01,st-louis,Midwest,0.05,7.92,46.26,10,50,-3.75,NASA POWER daily T2M
2025-11-02,st-louis,Midwest,0.05,5.96,42.73,9.02,48.24,-5.51,NASA POWER daily T2M
2025-11-03,st-louis,Midwest,0.05,9.76,49.57,8.63,47.54,2.03,NASA POWER daily T2M
2025-11-04,st-louis,Midwest,0.05,12.92,55.26,9.12,48.42,6.83,NASA POWER daily T2M
2025-11-05,st-louis,Midwest,0.05,13.21,55.78,8.99,48.19,7.59,NASA POWER daily T2M
2025-11-06,st-louis,Midwest,0.05,10.45,50.81,8.26,46.86,3.95,NASA POWER daily T2M
2025-11-07,st-louis,Midwest,0.05,15.86,60.55,7.32,45.18,15.37,NASA POWER daily T2M
2025-11-08,st-louis,Midwest,0.05,11.78,53.2,7.75,45.94,7.26,NASA POWER daily T2M
2025-11-09,st-louis,Midwest,0.05,2.41,36.34,8.3,46.95,-10.61,NASA POWER daily T2M
2025-11-10,st-louis,Midwest,0.05,-1.33,29.61,8.22,46.8,-17.19,NASA POWER daily T2M
2025-11-11,st-louis,Midwest,0.05,3.4,38.12,6.61,43.91,-5.79,NASA POWER daily T2M
2025-11-12,st-louis,Midwest,0.05,9.91,49.84,5.59,42.06,7.78,NASA POWER daily T2M
2025-11-13,st-louis,Midwest,0.05,9.85,49.73,5.76,42.36,7.37,NASA POWER daily T2M
2025-11-14,st-louis,Midwest,0.05,16.1,60.98,6.5,43.7,17.28,NASA POWER daily T2M
2025-11-15,st-louis,Midwest,0.05,17.72,63.9,6.16,43.09,20.8,NASA POWER daily T2M
2025-11-16,st-louis,Midwest,0.05,9.32,48.78,5.93,42.68,6.1,NASA POWER daily T2M
2025-11-17,st-louis,Midwest,0.05,9.24,48.63,6.47,43.65,4.99,NASA POWER daily T2M
2025-11-18,st-louis,Midwest,0.05,13.7,56.66,6.7,44.06,12.6,NASA POWER daily T2M
2025-11-19,st-louis,Midwest,0.05,9,48.2,6.69,44.03,4.17,NASA POWER daily T2M
2025-11-20,st-louis,Midwest,0.05,10.13,50.23,6.04,42.87,7.36,NASA POWER daily T2M
2025-11-21,st-louis,Midwest,0.05,12.8,55.04,5.79,42.42,12.62,NASA POWER daily T2M
2025-11-22,st-louis,Midwest,0.05,9.06,48.31,5.61,42.09,6.22,NASA POWER daily T2M
2025-11-23,st-louis,Midwest,0.05,7.91,46.24,5.19,41.34,4.9,NASA POWER daily T2M
2025-11-24,st-louis,Midwest,0.05,8.11,46.6,4.49,40.07,6.52,NASA POWER daily T2M
2025-11-25,st-louis,Midwest,0.05,11.63,52.93,4.52,40.14,12.79,NASA POWER daily T2M
2025-11-26,st-louis,Midwest,0.05,4.05,39.29,4.49,40.08,-0.79,NASA POWER daily T2M
2025-11-27,st-louis,Midwest,0.05,-0.08,31.86,3.97,39.14,-7.28,NASA POWER daily T2M
2025-11-28,st-louis,Midwest,0.05,-1.36,29.55,4.01,39.23,-9.67,NASA POWER daily T2M
2025-11-29,st-louis,Midwest,0.05,0.84,33.51,4.73,40.52,-7.01,NASA POWER daily T2M
2025-11-30,st-louis,Midwest,0.05,-3.68,25.38,3.63,38.53,-13.16,NASA POWER daily T2M
2025-12-01,st-louis,Midwest,0.05,-3.42,25.84,2.66,36.79,-10.94,NASA POWER daily T2M
2025-12-02,st-louis,Midwest,0.05,-4.98,23.04,3.63,38.53,-15.5,NASA POWER daily T2M
2025-12-03,st-louis,Midwest,0.05,-1.95,28.49,3.7,38.65,-10.16,NASA POWER daily T2M
2025-12-04,st-louis,Midwest,0.05,-5.84,21.49,3.55,38.39,-16.9,NASA POWER daily T2M
2025-12-05,st-louis,Midwest,0.05,-2.66,27.21,1.99,35.58,-8.37,NASA POWER daily T2M
2025-12-06,st-louis,Midwest,0.05,2.18,35.92,1.51,34.71,1.21,NASA POWER daily T2M
2025-12-07,st-louis,Midwest,0.05,0.64,33.15,0.67,33.2,-0.05,NASA POWER daily T2M
2025-12-08,st-louis,Midwest,0.05,-3.11,26.4,0.93,33.67,-7.27,NASA POWER daily T2M
2025-12-09,st-louis,Midwest,0.05,3.73,38.71,1.21,34.18,4.54,NASA POWER daily T2M
2025-12-10,st-louis,Midwest,0.05,2.52,36.54,0.56,33.01,3.53,NASA POWER daily T2M
2025-12-11,st-louis,Midwest,0.05,-1,30.2,1.12,34.02,-3.82,NASA POWER daily T2M
2025-12-12,st-louis,Midwest,0.05,0.05,32.09,1.55,34.78,-2.69,NASA POWER daily T2M
2025-12-13,st-louis,Midwest,0.05,-4.36,24.15,1.84,35.3,-11.15,NASA POWER daily T2M
2025-12-14,st-louis,Midwest,0.05,-10.36,13.35,1.85,35.32,-21.97,NASA POWER daily T2M
2025-12-15,st-louis,Midwest,0.05,-4.61,23.7,1.28,34.31,-10.61,NASA POWER daily T2M
2025-12-16,st-louis,Midwest,0.05,1.97,35.55,1.26,34.27,1.27,NASA POWER daily T2M
2025-12-17,st-louis,Midwest,0.05,5.37,41.67,0.74,33.33,8.34,NASA POWER daily T2M
2025-12-18,st-louis,Midwest,0.05,7.06,44.71,0.39,32.7,12.01,NASA POWER daily T2M
2025-12-19,st-louis,Midwest,0.05,-1.77,28.81,0.19,32.35,-3.53,NASA POWER daily T2M
2025-12-20,st-louis,Midwest,0.05,3.12,37.62,0.49,32.89,4.73,NASA POWER daily T2M
2025-12-21,st-louis,Midwest,0.05,0.11,32.2,0.97,33.75,-1.55,NASA POWER daily T2M
2025-12-22,st-louis,Midwest,0.05,4.54,40.17,0.93,33.67,6.5,NASA POWER daily T2M
2025-12-23,st-louis,Midwest,0.05,11.15,52.07,0.44,32.8,19.27,NASA POWER daily T2M
2025-12-24,st-louis,Midwest,0.05,11.24,52.23,-1.56,29.19,23.04,NASA POWER daily T2M
2025-12-25,st-louis,Midwest,0.05,15.1,59.18,-1.43,29.42,29.76,NASA POWER daily T2M
2025-12-26,st-louis,Midwest,0.05,13.62,56.52,0.18,32.32,24.2,NASA POWER daily T2M
2025-12-27,st-louis,Midwest,0.05,11.02,51.84,0.28,32.51,19.33,NASA POWER daily T2M
2025-12-28,st-louis,Midwest,0.05,12.36,54.25,0.3,32.54,21.71,NASA POWER daily T2M
2025-12-29,st-louis,Midwest,0.05,-5.88,21.42,0.19,32.35,-10.93,NASA POWER daily T2M
2025-12-30,st-louis,Midwest,0.05,-3.28,26.1,0.64,33.16,-7.06,NASA POWER daily T2M
2025-12-31,st-louis,Midwest,0.05,-0.04,31.93,0.08,32.15,-0.22,NASA POWER daily T2M
2026-01-01,st-louis,Midwest,0.05,0.34,32.61,-1.16,29.91,2.7,NASA POWER daily T2M
2026-01-02,st-louis,Midwest,0.05,-0.85,30.47,-0.17,31.7,-1.23,NASA POWER daily T2M
2026-01-03,st-louis,Midwest,0.05,-0.76,30.63,-0.5,31.11,-0.48,NASA POWER daily T2M
2026-01-04,st-louis,Midwest,0.05,0.68,33.22,-1.45,29.38,3.84,NASA POWER daily T2M
2026-01-05,st-louis,Midwest,0.05,5.55,41.99,-1.72,28.91,13.08,NASA POWER daily T2M
2026-01-06,st-louis,Midwest,0.05,9.77,49.59,-1.94,28.51,21.07,NASA POWER daily T2M
2026-01-07,st-louis,Midwest,0.05,7.35,45.23,-2.01,28.38,16.85,NASA POWER daily T2M
2026-01-08,st-louis,Midwest,0.05,13.01,55.42,-1.45,29.39,26.02,NASA POWER daily T2M
2026-01-09,st-louis,Midwest,0.05,9.31,48.76,-1.45,29.4,19.36,NASA POWER daily T2M
2026-01-10,st-louis,Midwest,0.05,4.08,39.34,-0.86,30.45,8.89,NASA POWER daily T2M
2026-01-11,st-louis,Midwest,0.05,-1.32,29.62,0.6,33.09,-3.46,NASA POWER daily T2M
2026-01-12,st-louis,Midwest,0.05,2.96,37.33,0.39,32.7,4.63,NASA POWER daily T2M
2026-01-13,st-louis,Midwest,0.05,8.14,46.65,-2.14,28.15,18.5,NASA POWER daily T2M
2026-01-14,st-louis,Midwest,0.05,1.69,35.04,-2.49,27.52,7.52,NASA POWER daily T2M
2026-01-15,st-louis,Midwest,0.05,-4.05,24.71,-2.77,27.02,-2.31,NASA POWER daily T2M
2026-01-16,st-louis,Midwest,0.05,1.57,34.83,-2.22,28,6.83,NASA POWER daily T2M
2026-01-17,st-louis,Midwest,0.05,-5.37,22.33,-2.08,28.25,-5.91,NASA POWER daily T2M
2026-01-18,st-louis,Midwest,0.05,-4.79,23.38,-2.63,27.26,-3.88,NASA POWER daily T2M
2026-01-19,st-louis,Midwest,0.05,-8.13,17.37,-2.32,27.82,-10.45,NASA POWER daily T2M
2026-01-20,st-louis,Midwest,0.05,-4.54,23.83,-1.81,28.75,-4.92,NASA POWER daily T2M
2026-01-21,st-louis,Midwest,0.05,1.89,35.4,-1.46,29.37,6.03,NASA POWER daily T2M
2026-01-22,st-louis,Midwest,0.05,-1.09,30.04,-0.56,30.99,-0.95,NASA POWER daily T2M
2026-01-23,st-louis,Midwest,0.05,-11.57,11.17,-1.28,29.69,-18.51,NASA POWER daily T2M
2026-01-24,st-louis,Midwest,0.05,-12.57,9.37,-2.25,27.95,-18.57,NASA POWER daily T2M
2026-01-25,st-louis,Midwest,0.05,-10.97,12.25,-1.64,29.06,-16.8,NASA POWER daily T2M
2026-01-26,st-louis,Midwest,0.05,-14.04,6.73,-0.91,30.37,-23.64,NASA POWER daily T2M
2026-01-27,st-louis,Midwest,0.05,-8.16,17.31,-0.49,31.12,-13.81,NASA POWER daily T2M
2026-01-28,st-louis,Midwest,0.05,-6.83,19.71,-0.6,30.93,-11.22,NASA POWER daily T2M
2026-01-29,st-louis,Midwest,0.05,-6.38,20.52,-0.88,30.42,-9.9,NASA POWER daily T2M
2026-01-30,st-louis,Midwest,0.05,-10.07,13.87,-2.01,28.37,-14.5,NASA POWER daily T2M
2026-01-31,st-louis,Midwest,0.05,-10.64,12.85,-0.36,31.35,-18.5,NASA POWER daily T2M
2026-02-01,st-louis,Midwest,0.05,-7.84,17.89,0.16,32.28,-14.4,NASA POWER daily T2M
2026-02-02,st-louis,Midwest,0.05,-1.82,28.72,-0.23,31.59,-2.86,NASA POWER daily T2M
2026-02-03,st-louis,Midwest,0.05,-0.66,30.81,-0.17,31.69,-0.88,NASA POWER daily T2M
2026-02-04,st-louis,Midwest,0.05,-3.74,25.27,-0.54,31.03,-5.76,NASA POWER daily T2M
2026-02-05,st-louis,Midwest,0.05,-3.07,26.47,-1.02,30.17,-3.7,NASA POWER daily T2M
2026-02-06,st-louis,Midwest,0.05,2.34,36.21,0.44,32.8,3.41,NASA POWER daily T2M
2026-02-07,st-louis,Midwest,0.05,-0.74,30.67,0.7,33.26,-2.59,NASA POWER daily T2M
2026-02-08,st-louis,Midwest,0.05,-0.13,31.77,-0.31,31.45,0.32,NASA POWER daily T2M
2026-02-09,st-louis,Midwest,0.05,2.19,35.94,0.2,32.36,3.58,NASA POWER daily T2M
2026-02-10,st-louis,Midwest,0.05,8.64,47.55,0.08,32.15,15.41,NASA POWER daily T2M
2026-02-11,st-louis,Midwest,0.05,2.95,37.31,0.18,32.32,4.99,NASA POWER daily T2M
2026-02-12,st-louis,Midwest,0.05,4.51,40.12,-0.72,30.7,9.42,NASA POWER daily T2M
2026-02-13,st-louis,Midwest,0.05,5.35,41.63,-0.16,31.71,9.92,NASA POWER daily T2M
2026-02-14,st-louis,Midwest,0.05,6.08,42.94,0.85,33.53,9.41,NASA POWER daily T2M
2026-02-15,st-louis,Midwest,0.05,7.84,46.11,0.46,32.83,13.29,NASA POWER daily T2M
2026-02-16,st-louis,Midwest,0.05,7.38,45.28,0.36,32.64,12.64,NASA POWER daily T2M
2026-02-17,st-louis,Midwest,0.05,8.57,47.43,1.33,34.39,13.04,NASA POWER daily T2M
2026-02-18,st-louis,Midwest,0.05,14.79,58.62,1.82,35.28,23.34,NASA POWER daily T2M
2026-02-19,st-louis,Midwest,0.05,13.56,56.41,2.53,36.56,19.85,NASA POWER daily T2M
2026-02-20,st-louis,Midwest,0.05,1.99,35.58,4.35,39.83,-4.25,NASA POWER daily T2M
2026-02-21,st-louis,Midwest,0.05,-0.05,31.91,3.06,37.51,-5.6,NASA POWER daily T2M
2026-02-22,st-louis,Midwest,0.05,-3.63,25.47,2.61,36.7,-11.23,NASA POWER daily T2M
2026-02-23,st-louis,Midwest,0.05,-3.92,24.94,2.77,36.99,-12.05,NASA POWER daily T2M
2026-02-24,st-louis,Midwest,0.05,1.1,33.98,2.79,37.02,-3.04,NASA POWER daily T2M
2026-02-25,st-louis,Midwest,0.05,4.93,40.87,2.11,35.81,5.07,NASA POWER daily T2M
2026-02-26,st-louis,Midwest,0.05,7.65,45.77,2.36,36.25,9.52,NASA POWER daily T2M
2026-02-27,st-louis,Midwest,0.05,11.06,51.91,2.65,36.77,15.13,NASA POWER daily T2M
2026-02-28,st-louis,Midwest,0.05,9.98,49.96,3.23,37.81,12.16,NASA POWER daily T2M
2026-03-01,st-louis,Midwest,0.05,2.42,36.36,4.57,40.23,-3.88,NASA POWER daily T2M
2026-03-02,st-louis,Midwest,0.05,3.26,37.87,2.84,37.12,0.75,NASA POWER daily T2M
2026-03-03,st-louis,Midwest,0.05,7.92,46.26,1.52,34.73,11.53,NASA POWER daily T2M
2026-03-04,st-louis,Midwest,0.05,12.42,54.36,3.18,37.72,16.64,NASA POWER daily T2M
2026-03-05,st-louis,Midwest,0.05,14.59,58.26,4.22,39.6,18.67,NASA POWER daily T2M
2026-03-06,st-louis,Midwest,0.05,19.54,67.17,4.68,40.43,26.74,NASA POWER daily T2M
2026-03-07,st-louis,Midwest,0.05,13.82,56.88,5.61,42.1,14.78,NASA POWER daily T2M
2026-03-08,st-louis,Midwest,0.05,8.94,48.09,5.59,42.06,6.03,NASA POWER daily T2M
2026-03-09,st-louis,Midwest,0.05,15.67,60.21,5.35,41.62,18.58,NASA POWER daily T2M
2026-03-10,st-louis,Midwest,0.05,20.65,69.17,4.68,40.42,28.75,NASA POWER daily T2M
2026-03-11,st-louis,Midwest,0.05,12.08,53.74,4.93,40.87,12.88,NASA POWER daily T2M
2026-03-12,st-louis,Midwest,0.05,5.97,42.75,6.18,43.12,-0.38,NASA POWER daily T2M
2026-03-13,st-louis,Midwest,0.05,9.06,48.31,6.58,43.84,4.47,NASA POWER daily T2M
2026-03-14,st-louis,Midwest,0.05,9.86,49.75,6.74,44.13,5.62,NASA POWER daily T2M
2026-03-15,st-louis,Midwest,0.05,11.58,52.84,7.05,44.68,8.16,NASA POWER daily T2M
2026-03-16,st-louis,Midwest,0.05,-3.35,25.97,6.74,44.13,-18.16,NASA POWER daily T2M
2026-03-17,st-louis,Midwest,0.05,-3.22,26.2,7.87,46.16,-19.96,NASA POWER daily T2M
2026-03-18,st-louis,Midwest,0.05,8.72,47.7,7.76,45.98,1.72,NASA POWER daily T2M
2026-03-19,st-louis,Midwest,0.05,14.58,58.24,7.57,45.63,12.61,NASA POWER daily T2M
2026-03-20,st-louis,Midwest,0.05,18.45,65.21,8.06,46.51,18.7,NASA POWER daily T2M
2026-03-21,st-louis,Midwest,0.05,19.62,67.32,7.94,46.29,21.03,NASA POWER daily T2M
2026-03-22,st-louis,Midwest,0.05,18.78,65.8,7.39,45.31,20.49,NASA POWER daily T2M
2026-03-23,st-louis,Midwest,0.05,6.18,43.12,8.27,46.89,-3.77,NASA POWER daily T2M
2026-03-24,st-louis,Midwest,0.05,9.36,48.85,8.71,47.67,1.18,NASA POWER daily T2M
2026-03-25,st-louis,Midwest,0.05,16.07,60.93,8.02,46.44,14.49,NASA POWER daily T2M
2026-03-26,st-louis,Midwest,0.05,22.23,72.01,8.26,46.87,25.14,NASA POWER daily T2M
2026-03-27,st-louis,Midwest,0.05,6.57,43.83,9.44,48.99,-5.17,NASA POWER daily T2M
2026-03-28,st-louis,Midwest,0.05,5.86,42.55,9.37,48.87,-6.33,NASA POWER daily T2M
2026-03-29,st-louis,Midwest,0.05,12.67,54.81,9.52,49.14,5.67,NASA POWER daily T2M
2026-03-30,st-louis,Midwest,0.05,19.57,67.23,10.3,50.54,16.69,NASA POWER daily T2M
2026-03-31,st-louis,Midwest,0.05,20.55,68.99,10.41,50.73,18.26,NASA POWER daily T2M
2025-11-01,kansas-city,Central Plains,0.04,5.16,41.29,9.15,48.46,-7.17,NASA POWER daily T2M
2025-11-02,kansas-city,Central Plains,0.04,6.95,44.51,8.03,46.45,-1.94,NASA POWER daily T2M
2025-11-03,kansas-city,Central Plains,0.04,9.9,49.82,8.1,46.59,3.23,NASA POWER daily T2M
2025-11-04,kansas-city,Central Plains,0.04,14.53,58.15,8.03,46.45,11.7,NASA POWER daily T2M
2025-11-05,kansas-city,Central Plains,0.04,11.6,52.88,8.19,46.74,6.14,NASA POWER daily T2M
2025-11-06,kansas-city,Central Plains,0.04,13.09,55.56,7.41,45.34,10.22,NASA POWER daily T2M
2025-11-07,kansas-city,Central Plains,0.04,13.78,56.8,6.85,44.32,12.48,NASA POWER daily T2M
2025-11-08,kansas-city,Central Plains,0.04,8.94,48.09,7.22,45,3.09,NASA POWER daily T2M
2025-11-09,kansas-city,Central Plains,0.04,0.1,32.18,7.88,46.19,-14.01,NASA POWER daily T2M
2025-11-10,kansas-city,Central Plains,0.04,-1.88,28.62,6.85,44.33,-15.71,NASA POWER daily T2M
2025-11-11,kansas-city,Central Plains,0.04,5.32,41.58,5.37,41.66,-0.08,NASA POWER daily T2M
2025-11-12,kansas-city,Central Plains,0.04,11.4,52.52,5.14,41.25,11.27,NASA POWER daily T2M
2025-11-13,kansas-city,Central Plains,0.04,13.12,55.62,5.17,41.3,14.31,NASA POWER daily T2M
2025-11-14,kansas-city,Central Plains,0.04,16.49,61.68,6.04,42.86,18.82,NASA POWER daily T2M
2025-11-15,kansas-city,Central Plains,0.04,15.78,60.4,5.53,41.95,18.45,NASA POWER daily T2M
2025-11-16,kansas-city,Central Plains,0.04,9.49,49.08,5.72,42.3,6.78,NASA POWER daily T2M
2025-11-17,kansas-city,Central Plains,0.04,11.77,53.19,6.35,43.43,9.76,NASA POWER daily T2M
2025-11-18,kansas-city,Central Plains,0.04,13.02,55.44,5.86,42.56,12.88,NASA POWER daily T2M
2025-11-19,kansas-city,Central Plains,0.04,8.52,47.34,5.93,42.67,4.67,NASA POWER daily T2M
2025-11-20,kansas-city,Central Plains,0.04,9.85,49.73,5.23,41.41,8.32,NASA POWER daily T2M
2025-11-21,kansas-city,Central Plains,0.04,9.34,48.81,4.86,40.75,8.06,NASA POWER daily T2M
2025-11-22,kansas-city,Central Plains,0.04,7.91,46.24,4.59,40.27,5.97,NASA POWER daily T2M
2025-11-23,kansas-city,Central Plains,0.04,8.32,46.98,4.3,39.73,7.24,NASA POWER daily T2M
2025-11-24,kansas-city,Central Plains,0.04,9.95,49.91,3.66,38.58,11.33,NASA POWER daily T2M
2025-11-25,kansas-city,Central Plains,0.04,8.74,47.73,3.31,37.96,9.77,NASA POWER daily T2M
2025-11-26,kansas-city,Central Plains,0.04,1.99,35.58,3.77,38.78,-3.2,NASA POWER daily T2M
2025-11-27,kansas-city,Central Plains,0.04,0.31,32.56,2.79,37.02,-4.46,NASA POWER daily T2M
2025-11-28,kansas-city,Central Plains,0.04,-1.51,29.28,3.58,38.44,-9.16,NASA POWER daily T2M
2025-11-29,kansas-city,Central Plains,0.04,0.64,33.15,3.54,38.37,-5.22,NASA POWER daily T2M
2025-11-30,kansas-city,Central Plains,0.04,-4.92,23.14,1.84,35.31,-12.16,NASA POWER daily T2M
2025-12-01,kansas-city,Central Plains,0.04,-4.36,24.15,1.96,35.52,-11.37,NASA POWER daily T2M
2025-12-02,kansas-city,Central Plains,0.04,-2.93,26.73,2.82,37.07,-10.35,NASA POWER daily T2M
2025-12-03,kansas-city,Central Plains,0.04,-1.33,29.61,2.79,37.03,-7.42,NASA POWER daily T2M
2025-12-04,kansas-city,Central Plains,0.04,-6.41,20.46,2.17,35.91,-15.45,NASA POWER daily T2M
2025-12-05,kansas-city,Central Plains,0.04,-0.9,30.38,0.77,33.38,-3,NASA POWER daily T2M
2025-12-06,kansas-city,Central Plains,0.04,0.67,33.21,0.23,32.41,0.79,NASA POWER daily T2M
2025-12-07,kansas-city,Central Plains,0.04,-1.36,29.55,-0.28,31.49,-1.94,NASA POWER daily T2M
2025-12-08,kansas-city,Central Plains,0.04,-2.18,28.08,0.39,32.7,-4.62,NASA POWER daily T2M
2025-12-09,kansas-city,Central Plains,0.04,3.9,39.02,-0.47,31.16,7.86,NASA POWER daily T2M
2025-12-10,kansas-city,Central Plains,0.04,2.16,35.89,-0.33,31.4,4.49,NASA POWER daily T2M
2025-12-11,kansas-city,Central Plains,0.04,1.76,35.17,0.37,32.66,2.5,NASA POWER daily T2M
2025-12-12,kansas-city,Central Plains,0.04,-0.49,31.12,0.89,33.6,-2.48,NASA POWER daily T2M
2025-12-13,kansas-city,Central Plains,0.04,-5.05,22.91,1.33,34.39,-11.48,NASA POWER daily T2M
2025-12-14,kansas-city,Central Plains,0.04,-7.82,17.92,0.75,33.35,-15.43,NASA POWER daily T2M
2025-12-15,kansas-city,Central Plains,0.04,-1.56,29.19,0.02,32.04,-2.85,NASA POWER daily T2M
2025-12-16,kansas-city,Central Plains,0.04,1.86,35.35,-0.19,31.65,3.7,NASA POWER daily T2M
2025-12-17,kansas-city,Central Plains,0.04,4.71,40.48,-0.59,30.94,9.53,NASA POWER daily T2M
2025-12-18,kansas-city,Central Plains,0.04,4.37,39.87,-0.22,31.61,8.26,NASA POWER daily T2M
2025-12-19,kansas-city,Central Plains,0.04,-0.99,30.22,-0.64,30.84,-0.62,NASA POWER daily T2M
2025-12-20,kansas-city,Central Plains,0.04,2.68,36.82,-0.57,30.98,5.84,NASA POWER daily T2M
2025-12-21,kansas-city,Central Plains,0.04,1.96,35.53,-0.63,30.88,4.65,NASA POWER daily T2M
2025-12-22,kansas-city,Central Plains,0.04,6.56,43.81,-1.17,29.9,13.91,NASA POWER daily T2M
2025-12-23,kansas-city,Central Plains,0.04,8.92,48.06,-1.91,28.57,19.49,NASA POWER daily T2M
2025-12-24,kansas-city,Central Plains,0.04,11.08,51.94,-3.01,26.58,25.36,NASA POWER daily T2M
2025-12-25,kansas-city,Central Plains,0.04,11.01,51.82,-1.78,28.8,23.02,NASA POWER daily T2M
2025-12-26,kansas-city,Central Plains,0.04,10.61,51.1,-0.77,30.61,20.49,NASA POWER daily T2M
2025-12-27,kansas-city,Central Plains,0.04,11.33,52.39,-0.63,30.87,21.53,NASA POWER daily T2M
2025-12-28,kansas-city,Central Plains,0.04,4.29,39.72,-0.49,31.12,8.6,NASA POWER daily T2M
2025-12-29,kansas-city,Central Plains,0.04,-6.2,20.84,-1.11,30,-9.16,NASA POWER daily T2M
2025-12-30,kansas-city,Central Plains,0.04,-1.07,30.07,-0.26,31.52,-1.45,NASA POWER daily T2M
2025-12-31,kansas-city,Central Plains,0.04,2.28,36.1,-2.19,28.06,8.04,NASA POWER daily T2M
2026-01-01,kansas-city,Central Plains,0.04,0.13,32.23,-2.58,27.36,4.87,NASA POWER daily T2M
2026-01-02,kansas-city,Central Plains,0.04,-1.34,29.59,-2.22,28,1.59,NASA POWER daily T2M
2026-01-03,kansas-city,Central Plains,0.04,0.11,32.2,-1.87,28.64,3.56,NASA POWER daily T2M
2026-01-04,kansas-city,Central Plains,0.04,1.77,35.19,-3.38,25.92,9.27,NASA POWER daily T2M
2026-01-05,kansas-city,Central Plains,0.04,6.34,43.41,-2.72,27.11,16.3,NASA POWER daily T2M
2026-01-06,kansas-city,Central Plains,0.04,6.57,43.83,-3.1,26.42,17.4,NASA POWER daily T2M
2026-01-07,kansas-city,Central Plains,0.04,7.73,45.91,-2.9,26.78,19.13,NASA POWER daily T2M
2026-01-08,kansas-city,Central Plains,0.04,11.47,52.65,-2.05,28.31,24.34,NASA POWER daily T2M
2026-01-09,kansas-city,Central Plains,0.04,4.53,40.15,-2.3,27.87,12.29,NASA POWER daily T2M
2026-01-10,kansas-city,Central Plains,0.04,1.91,35.44,-1.98,28.43,7.01,NASA POWER daily T2M
2026-01-11,kansas-city,Central Plains,0.04,-2.21,28.02,-1.12,29.98,-1.96,NASA POWER daily T2M
2026-01-12,kansas-city,Central Plains,0.04,2.84,37.11,-2.55,27.41,9.7,NASA POWER daily T2M
2026-01-13,kansas-city,Central Plains,0.04,6.65,43.97,-3.72,25.3,18.67,NASA POWER daily T2M
2026-01-14,kansas-city,Central Plains,0.04,0.75,33.35,-2.63,27.26,6.09,NASA POWER daily T2M
2026-01-15,kansas-city,Central Plains,0.04,-2.4,27.68,-3.34,26,1.68,NASA POWER daily T2M
2026-01-16,kansas-city,Central Plains,0.04,0.74,33.33,-2.9,26.78,6.55,NASA POWER daily T2M
2026-01-17,kansas-city,Central Plains,0.04,-8.03,17.55,-3.07,26.47,-8.92,NASA POWER daily T2M
2026-01-18,kansas-city,Central Plains,0.04,-4.12,24.58,-3.14,26.35,-1.77,NASA POWER daily T2M
2026-01-19,kansas-city,Central Plains,0.04,-8.32,17.02,-2.73,27.09,-10.07,NASA POWER daily T2M
2026-01-20,kansas-city,Central Plains,0.04,-2.39,27.7,-2.48,27.54,0.15,NASA POWER daily T2M
2026-01-21,kansas-city,Central Plains,0.04,0.59,33.06,-1.84,28.69,4.37,NASA POWER daily T2M
2026-01-22,kansas-city,Central Plains,0.04,-1.1,30.02,-1.51,29.28,0.74,NASA POWER daily T2M
2026-01-23,kansas-city,Central Plains,0.04,-12.13,10.17,-2.45,27.6,-17.43,NASA POWER daily T2M
2026-01-24,kansas-city,Central Plains,0.04,-14.48,5.94,-2.27,27.92,-21.98,NASA POWER daily T2M
2026-01-25,kansas-city,Central Plains,0.04,-12.35,9.77,-1.5,29.29,-19.52,NASA POWER daily T2M
2026-01-26,kansas-city,Central Plains,0.04,-11.83,10.71,-0.81,30.55,-19.84,NASA POWER daily T2M
2026-01-27,kansas-city,Central Plains,0.04,-6.67,19.99,-0.99,30.21,-10.22,NASA POWER daily T2M
2026-01-28,kansas-city,Central Plains,0.04,-4.89,23.2,-0.75,30.65,-7.45,NASA POWER daily T2M
2026-01-29,kansas-city,Central Plains,0.04,-5.87,21.43,-2.2,28.03,-6.6,NASA POWER daily T2M
2026-01-30,kansas-city,Central Plains,0.04,-9.39,15.1,-2.71,27.13,-12.03,NASA POWER daily T2M
2026-01-31,kansas-city,Central Plains,0.04,-11.22,11.8,-0.94,30.3,-18.5,NASA POWER daily T2M
2026-02-01,kansas-city,Central Plains,0.04,-3.9,24.98,-0.79,30.58,-5.6,NASA POWER daily T2M
2026-02-02,kansas-city,Central Plains,0.04,0.05,32.09,-1.18,29.87,2.22,NASA POWER daily T2M
2026-02-03,kansas-city,Central Plains,0.04,-0.55,31.01,-0.83,30.51,0.5,NASA POWER daily T2M
2026-02-04,kansas-city,Central Plains,0.04,-0.53,31.05,-2.15,28.13,2.92,NASA POWER daily T2M
2026-02-05,kansas-city,Central Plains,0.04,2.64,36.75,-1.51,29.28,7.47,NASA POWER daily T2M
2026-02-06,kansas-city,Central Plains,0.04,4.15,39.47,-0.22,31.61,7.86,NASA POWER daily T2M
2026-02-07,kansas-city,Central Plains,0.04,1.26,34.27,-1,30.21,4.06,NASA POWER daily T2M
2026-02-08,kansas-city,Central Plains,0.04,5.36,41.65,-1.53,29.24,12.41,NASA POWER daily T2M
2026-02-09,kansas-city,Central Plains,0.04,8.83,47.89,-1.06,30.1,17.79,NASA POWER daily T2M
2026-02-10,kansas-city,Central Plains,0.04,6.6,43.88,-0.46,31.17,12.71,NASA POWER daily T2M
2026-02-11,kansas-city,Central Plains,0.04,2.67,36.81,-1.12,29.99,6.82,NASA POWER daily T2M
2026-02-12,kansas-city,Central Plains,0.04,4.71,40.48,-1.49,29.32,11.15,NASA POWER daily T2M
2026-02-13,kansas-city,Central Plains,0.04,7.09,44.76,-0.07,31.87,12.9,NASA POWER daily T2M
2026-02-14,kansas-city,Central Plains,0.04,8.51,47.32,0.76,33.37,13.95,NASA POWER daily T2M
2026-02-15,kansas-city,Central Plains,0.04,8.31,46.96,-0.26,31.54,15.42,NASA POWER daily T2M
2026-02-16,kansas-city,Central Plains,0.04,10.91,51.64,-0.59,30.95,20.69,NASA POWER daily T2M
2026-02-17,kansas-city,Central Plains,0.04,12.86,55.15,1.58,34.84,20.31,NASA POWER daily T2M
2026-02-18,kansas-city,Central Plains,0.04,11.26,52.27,1.77,35.19,17.07,NASA POWER daily T2M
2026-02-19,kansas-city,Central Plains,0.04,8.06,46.51,2.63,36.73,9.78,NASA POWER daily T2M
2026-02-20,kansas-city,Central Plains,0.04,-2.29,27.88,3.23,37.81,-9.93,NASA POWER daily T2M
2026-02-21,kansas-city,Central Plains,0.04,-1.31,29.64,1.7,35.06,-5.42,NASA POWER daily T2M
2026-02-22,kansas-city,Central Plains,0.04,-4.03,24.75,1.81,35.26,-10.51,NASA POWER daily T2M
2026-02-23,kansas-city,Central Plains,0.04,-4.73,23.49,2.09,35.77,-12.28,NASA POWER daily T2M
2026-02-24,kansas-city,Central Plains,0.04,3.88,38.98,1.36,34.45,4.53,NASA POWER daily T2M
2026-02-25,kansas-city,Central Plains,0.04,6.43,43.57,0.97,33.75,9.82,NASA POWER daily T2M
2026-02-26,kansas-city,Central Plains,0.04,7.68,45.82,1.29,34.33,11.5,NASA POWER daily T2M
2026-02-27,kansas-city,Central Plains,0.04,10.85,51.53,0.94,33.7,17.84,NASA POWER daily T2M
2026-02-28,kansas-city,Central Plains,0.04,8.98,48.16,2.38,36.29,11.88,NASA POWER daily T2M
2026-03-01,kansas-city,Central Plains,0.04,-1,30.2,2.82,37.07,-6.87,NASA POWER daily T2M
2026-03-02,kansas-city,Central Plains,0.04,0.18,32.32,1.13,34.04,-1.71,NASA POWER daily T2M
2026-03-03,kansas-city,Central Plains,0.04,4.54,40.17,1.06,33.9,6.27,NASA POWER daily T2M
2026-03-04,kansas-city,Central Plains,0.04,6.85,44.33,3.26,37.86,6.47,NASA POWER daily T2M
2026-03-05,kansas-city,Central Plains,0.04,9.89,49.8,4.2,39.56,10.24,NASA POWER daily T2M
2026-03-06,kansas-city,Central Plains,0.04,18.66,65.59,4.65,40.36,25.23,NASA POWER daily T2M
2026-03-07,kansas-city,Central Plains,0.04,6.13,43.03,5.07,41.13,1.9,NASA POWER daily T2M
2026-03-08,kansas-city,Central Plains,0.04,9.34,48.81,4.98,40.97,7.84,NASA POWER daily T2M
2026-03-09,kansas-city,Central Plains,0.04,15.07,59.13,4.11,39.4,19.72,NASA POWER daily T2M
2026-03-10,kansas-city,Central Plains,0.04,19.34,66.81,3.72,38.69,28.12,NASA POWER daily T2M
2026-03-11,kansas-city,Central Plains,0.04,6.68,44.02,4.7,40.46,3.56,NASA POWER daily T2M
2026-03-12,kansas-city,Central Plains,0.04,6.91,44.44,6.1,42.98,1.46,NASA POWER daily T2M
2026-03-13,kansas-city,Central Plains,0.04,8.45,47.21,6.07,42.92,4.29,NASA POWER daily T2M
2026-03-14,kansas-city,Central Plains,0.04,11.53,52.75,6.49,43.68,9.08,NASA POWER daily T2M
2026-03-15,kansas-city,Central Plains,0.04,6.46,43.63,6.67,44,-0.37,NASA POWER daily T2M
2026-03-16,kansas-city,Central Plains,0.04,-6.26,20.73,6.89,44.41,-23.67,NASA POWER daily T2M
2026-03-17,kansas-city,Central Plains,0.04,-2.37,27.73,7.61,45.7,-17.97,NASA POWER daily T2M
2026-03-18,kansas-city,Central Plains,0.04,9.76,49.57,7.2,44.97,4.6,NASA POWER daily T2M
2026-03-19,kansas-city,Central Plains,0.04,16.45,61.61,6.99,44.59,17.02,NASA POWER daily T2M
2026-03-20,kansas-city,Central Plains,0.04,19.23,66.61,7.56,45.61,21,NASA POWER daily T2M
2026-03-21,kansas-city,Central Plains,0.04,20.79,69.42,7.37,45.26,24.16,NASA POWER daily T2M
2026-03-22,kansas-city,Central Plains,0.04,14.26,57.67,7.76,45.97,11.7,NASA POWER daily T2M
2026-03-23,kansas-city,Central Plains,0.04,4.6,40.28,8.84,47.92,-7.63,NASA POWER daily T2M
2026-03-24,kansas-city,Central Plains,0.04,10.58,51.04,8.25,46.84,4.2,NASA POWER daily T2M
2026-03-25,kansas-city,Central Plains,0.04,18.22,64.8,7.31,45.17,19.63,NASA POWER daily T2M
2026-03-26,kansas-city,Central Plains,0.04,20.7,69.26,8.64,47.54,21.72,NASA POWER daily T2M
2026-03-27,kansas-city,Central Plains,0.04,8.18,46.72,8.58,47.45,-0.72,NASA POWER daily T2M
2026-03-28,kansas-city,Central Plains,0.04,6.8,44.24,8.56,47.41,-3.17,NASA POWER daily T2M
2026-03-29,kansas-city,Central Plains,0.04,14.1,57.38,9.22,48.59,8.79,NASA POWER daily T2M
2026-03-30,kansas-city,Central Plains,0.04,20.6,69.08,9.82,49.68,19.4,NASA POWER daily T2M
2026-03-31,kansas-city,Central Plains,0.04,20,68,9.65,49.36,18.64,NASA POWER daily T2M
2025-11-01,nashville,Mid-South,0.05,9.66,49.39,12.43,54.37,-4.98,NASA POWER daily T2M
2025-11-02,nashville,Mid-South,0.05,6.42,43.56,11.4,52.52,-8.97,NASA POWER daily T2M
2025-11-03,nashville,Mid-South,0.05,8.34,47.01,10.68,51.22,-4.2,NASA POWER daily T2M
2025-11-04,nashville,Mid-South,0.05,11.77,53.19,10.49,50.88,2.3,NASA POWER daily T2M
2025-11-05,nashville,Mid-South,0.05,13.11,55.6,11.13,52.04,3.56,NASA POWER daily T2M
2025-11-06,nashville,Mid-South,0.05,12.79,55.02,10.56,51.02,4.01,NASA POWER daily T2M
2025-11-07,nashville,Mid-South,0.05,15.1,59.18,10.1,50.18,9,NASA POWER daily T2M
2025-11-08,nashville,Mid-South,0.05,15.57,60.03,9.5,49.1,10.92,NASA POWER daily T2M
2025-11-09,nashville,Mid-South,0.05,6.79,44.22,10.01,50.03,-5.8,NASA POWER daily T2M
2025-11-10,nashville,Mid-South,0.05,-1.42,29.44,9.57,49.23,-19.79,NASA POWER daily T2M
2025-11-11,nashville,Mid-South,0.05,2.24,36.03,9.19,48.55,-12.51,NASA POWER daily T2M
2025-11-12,nashville,Mid-South,0.05,8.49,47.28,7.82,46.08,1.21,NASA POWER daily T2M
2025-11-13,nashville,Mid-South,0.05,10.48,50.86,7.74,45.93,4.93,NASA POWER daily T2M
2025-11-14,nashville,Mid-South,0.05,12.76,54.97,8.22,46.8,8.17,NASA POWER daily T2M
2025-11-15,nashville,Mid-South,0.05,16.79,62.22,7.83,46.09,16.14,NASA POWER daily T2M
2025-11-16,nashville,Mid-South,0.05,12.41,54.34,7.81,46.06,8.28,NASA POWER daily T2M
2025-11-17,nashville,Mid-South,0.05,7.99,46.38,7.77,45.98,0.4,NASA POWER daily T2M
2025-11-18,nashville,Mid-South,0.05,15.17,59.31,8.17,46.7,12.6,NASA POWER daily T2M
2025-11-19,nashville,Mid-South,0.05,17.26,63.07,8.33,46.99,16.08,NASA POWER daily T2M
2025-11-20,nashville,Mid-South,0.05,14.5,58.1,8.17,46.71,11.39,NASA POWER daily T2M
2025-11-21,nashville,Mid-South,0.05,17.66,63.79,8.47,47.25,16.54,NASA POWER daily T2M
2025-11-22,nashville,Mid-South,0.05,15.96,60.73,7.57,45.63,15.1,NASA POWER daily T2M
2025-11-23,nashville,Mid-South,0.05,10.96,51.73,7.48,45.47,6.26,NASA POWER daily T2M
2025-11-24,nashville,Mid-South,0.05,12.09,53.76,7.01,44.62,9.15,NASA POWER daily T2M
2025-11-25,nashville,Mid-South,0.05,15.12,59.22,7.2,44.95,14.26,NASA POWER daily T2M
2025-11-26,nashville,Mid-South,0.05,7.76,45.97,6.57,43.83,2.14,NASA POWER daily T2M
2025-11-27,nashville,Mid-South,0.05,2.86,37.15,6.36,43.44,-6.3,NASA POWER daily T2M
2025-11-28,nashville,Mid-South,0.05,0.1,32.18,6.18,43.13,-10.95,NASA POWER daily T2M
2025-11-29,nashville,Mid-South,0.05,3.33,37.99,7.31,45.15,-7.16,NASA POWER daily T2M
2025-11-30,nashville,Mid-South,0.05,3.27,37.89,7.37,45.26,-7.38,NASA POWER daily T2M
2025-12-01,nashville,Mid-South,0.05,0.62,33.12,5.25,41.45,-8.33,NASA POWER daily T2M
2025-12-02,nashville,Mid-South,0.05,-1.14,29.95,5.75,42.35,-12.4,NASA POWER daily T2M
2025-12-03,nashville,Mid-South,0.05,-0.93,30.33,5.9,42.61,-12.29,NASA POWER daily T2M
2025-12-04,nashville,Mid-South,0.05,-0.16,31.71,6.09,42.97,-11.26,NASA POWER daily T2M
2025-12-05,nashville,Mid-South,0.05,0.44,32.79,4.99,40.99,-8.2,NASA POWER daily T2M
2025-12-06,nashville,Mid-South,0.05,1.04,33.87,4.1,39.38,-5.5,NASA POWER daily T2M
2025-12-07,nashville,Mid-South,0.05,2.75,36.95,3.56,38.4,-1.45,NASA POWER daily T2M
2025-12-08,nashville,Mid-South,0.05,1.5,34.7,4.26,39.67,-4.97,NASA POWER daily T2M
2025-12-09,nashville,Mid-South,0.05,1.86,35.35,4.89,40.81,-5.46,NASA POWER daily T2M
2025-12-10,nashville,Mid-South,0.05,4.47,40.05,3.87,38.96,1.08,NASA POWER daily T2M
2025-12-11,nashville,Mid-South,0.05,1.04,33.87,3.71,38.67,-4.8,NASA POWER daily T2M
2025-12-12,nashville,Mid-South,0.05,4.69,40.44,4.07,39.32,1.12,NASA POWER daily T2M
2025-12-13,nashville,Mid-South,0.05,3.78,38.8,4.75,40.54,-1.74,NASA POWER daily T2M
2025-12-14,nashville,Mid-South,0.05,-7.11,19.2,4.55,40.19,-20.99,NASA POWER daily T2M
2025-12-15,nashville,Mid-South,0.05,-3.52,25.66,4.5,40.1,-14.44,NASA POWER daily T2M
2025-12-16,nashville,Mid-South,0.05,1.25,34.25,5.22,41.4,-7.15,NASA POWER daily T2M
2025-12-17,nashville,Mid-South,0.05,3.34,38.01,4.11,39.39,-1.38,NASA POWER daily T2M
2025-12-18,nashville,Mid-South,0.05,8.69,47.64,2.95,37.31,10.33,NASA POWER daily T2M
2025-12-19,nashville,Mid-South,0.05,1.44,34.59,3.13,37.64,-3.05,NASA POWER daily T2M
2025-12-20,nashville,Mid-South,0.05,4.58,40.24,3.21,37.78,2.47,NASA POWER daily T2M
2025-12-21,nashville,Mid-South,0.05,6.06,42.91,4.53,40.15,2.75,NASA POWER daily T2M
2025-12-22,nashville,Mid-South,0.05,7.05,44.69,4.59,40.26,4.43,NASA POWER daily T2M
2025-12-23,nashville,Mid-South,0.05,14.6,58.28,4.16,39.49,18.79,NASA POWER daily T2M
2025-12-24,nashville,Mid-South,0.05,16.86,62.35,2.54,36.58,25.77,NASA POWER daily T2M
2025-12-25,nashville,Mid-South,0.05,16.53,61.75,1.31,34.36,27.39,NASA POWER daily T2M
2025-12-26,nashville,Mid-South,0.05,16.62,61.92,2.59,36.66,25.25,NASA POWER daily T2M
2025-12-27,nashville,Mid-South,0.05,16.93,62.47,3.89,39.01,23.47,NASA POWER daily T2M
2025-12-28,nashville,Mid-South,0.05,18.13,64.63,4.13,39.44,25.19,NASA POWER daily T2M
2025-12-29,nashville,Mid-South,0.05,-0.62,30.88,3.45,38.22,-7.33,NASA POWER daily T2M
2025-12-30,nashville,Mid-South,0.05,-3.03,26.55,3.45,38.22,-11.67,NASA POWER daily T2M
2025-12-31,nashville,Mid-South,0.05,0.65,33.17,3.84,38.91,-5.74,NASA POWER daily T2M
2026-01-01,nashville,Mid-South,0.05,4.92,40.86,2.89,37.2,3.65,NASA POWER daily T2M
2026-01-02,nashville,Mid-South,0.05,6.06,42.91,3.3,37.94,4.97,NASA POWER daily T2M
2026-01-03,nashville,Mid-South,0.05,2.77,36.99,3.61,38.51,-1.52,NASA POWER daily T2M
2026-01-04,nashville,Mid-South,0.05,2.35,36.23,3.12,37.62,-1.39,NASA POWER daily T2M
2026-01-05,nashville,Mid-South,0.05,7.36,45.25,1.93,35.48,9.77,NASA POWER daily T2M
2026-01-06,nashville,Mid-South,0.05,11.71,53.08,1.81,35.26,17.82,NASA POWER daily T2M
2026-01-07,nashville,Mid-South,0.05,11.48,52.66,1.54,34.78,17.89,NASA POWER daily T2M
2026-01-08,nashville,Mid-South,0.05,14.24,57.63,2.07,35.73,21.9,NASA POWER daily T2M
2026-01-09,nashville,Mid-South,0.05,15.96,60.73,2.67,36.81,23.92,NASA POWER daily T2M
2026-01-10,nashville,Mid-South,0.05,9.72,49.5,3.47,38.24,11.25,NASA POWER daily T2M
2026-01-11,nashville,Mid-South,0.05,-0.04,31.93,4.34,39.82,-7.89,NASA POWER daily T2M
2026-01-12,nashville,Mid-South,0.05,0.78,33.4,4.27,39.69,-6.28,NASA POWER daily T2M
2026-01-13,nashville,Mid-South,0.05,5.67,42.21,3.47,38.25,3.96,NASA POWER daily T2M
2026-01-14,nashville,Mid-South,0.05,3.5,38.3,1.85,35.32,2.98,NASA POWER daily T2M
2026-01-15,nashville,Mid-South,0.05,-4,24.8,1.51,34.71,-9.91,NASA POWER daily T2M
2026-01-16,nashville,Mid-South,0.05,1.95,35.51,1.17,34.11,1.4,NASA POWER daily T2M
2026-01-17,nashville,Mid-South,0.05,0.13,32.23,1.66,35,-2.76,NASA POWER daily T2M
2026-01-18,nashville,Mid-South,0.05,-3.97,24.85,0.69,33.24,-8.39,NASA POWER daily T2M
2026-01-19,nashville,Mid-South,0.05,-2.27,27.91,0.57,33.03,-5.12,NASA POWER daily T2M
2026-01-20,nashville,Mid-South,0.05,-3.01,26.58,1.58,34.84,-8.26,NASA POWER daily T2M
2026-01-21,nashville,Mid-South,0.05,2.76,36.97,1.58,34.84,2.13,NASA POWER daily T2M
2026-01-22,nashville,Mid-South,0.05,1.41,34.54,2.43,36.38,-1.84,NASA POWER daily T2M
2026-01-23,nashville,Mid-South,0.05,-1.61,29.1,2.27,36.08,-6.98,NASA POWER daily T2M
2026-01-24,nashville,Mid-South,0.05,-5.6,21.92,1,33.8,-11.88,NASA POWER daily T2M
2026-01-25,nashville,Mid-South,0.05,-4.89,23.2,1.38,34.49,-11.29,NASA POWER daily T2M
2026-01-26,nashville,Mid-South,0.05,-14.11,6.6,2.37,36.26,-29.66,NASA POWER daily T2M
2026-01-27,nashville,Mid-South,0.05,-9.12,15.58,2.59,36.66,-21.08,NASA POWER daily T2M
2026-01-28,nashville,Mid-South,0.05,-6,21.2,3.01,37.41,-16.21,NASA POWER daily T2M
2026-01-29,nashville,Mid-South,0.05,-4.86,23.25,3.23,37.81,-14.56,NASA POWER daily T2M
2026-01-30,nashville,Mid-South,0.05,-5.03,22.95,2.18,35.93,-12.99,NASA POWER daily T2M
2026-01-31,nashville,Mid-South,0.05,-9.06,15.69,2.55,36.58,-20.89,NASA POWER daily T2M
2026-02-01,nashville,Mid-South,0.05,-7.28,18.9,3.58,38.44,-19.54,NASA POWER daily T2M
2026-02-02,nashville,Mid-South,0.05,-1.47,29.35,2.98,37.37,-8.01,NASA POWER daily T2M
2026-02-03,nashville,Mid-South,0.05,1.93,35.47,3.23,37.81,-2.33,NASA POWER daily T2M
2026-02-04,nashville,Mid-South,0.05,-0.79,30.58,2.78,37.01,-6.43,NASA POWER daily T2M
2026-02-05,nashville,Mid-South,0.05,-3.53,25.65,2.47,36.45,-10.81,NASA POWER daily T2M
2026-02-06,nashville,Mid-South,0.05,2.31,36.16,3.69,38.64,-2.48,NASA POWER daily T2M
2026-02-07,nashville,Mid-South,0.05,-0.62,30.88,3.71,38.68,-7.8,NASA POWER daily T2M
2026-02-08,nashville,Mid-South,0.05,0.83,33.49,3.46,38.23,-4.74,NASA POWER daily T2M
2026-02-09,nashville,Mid-South,0.05,8.51,47.32,3.12,37.62,9.7,NASA POWER daily T2M
2026-02-10,nashville,Mid-South,0.05,12.6,54.68,3.57,38.43,16.25,NASA POWER daily T2M
2026-02-11,nashville,Mid-South,0.05,7.87,46.17,3.58,38.44,7.72,NASA POWER daily T2M
2026-02-12,nashville,Mid-South,0.05,3.44,38.19,3.03,37.46,0.74,NASA POWER daily T2M
2026-02-13,nashville,Mid-South,0.05,5.37,41.67,2.84,37.11,4.56,NASA POWER daily T2M
2026-02-14,nashville,Mid-South,0.05,7.98,46.36,3.92,39.06,7.3,NASA POWER daily T2M
2026-02-15,nashville,Mid-South,0.05,8.92,48.06,4.34,39.81,8.25,NASA POWER daily T2M
2026-02-16,nashville,Mid-South,0.05,8.97,48.15,3.71,38.68,9.46,NASA POWER daily T2M
2026-02-17,nashville,Mid-South,0.05,11.84,53.31,3.5,38.3,15.01,NASA POWER daily T2M
2026-02-18,nashville,Mid-South,0.05,14.85,58.73,4.76,40.57,18.16,NASA POWER daily T2M
2026-02-19,nashville,Mid-South,0.05,18.09,64.56,5.17,41.3,23.26,NASA POWER daily T2M
2026-02-20,nashville,Mid-South,0.05,12.07,53.73,7.01,44.62,9.11,NASA POWER daily T2M
2026-02-21,nashville,Mid-South,0.05,7.33,45.19,7.77,45.99,-0.8,NASA POWER daily T2M
2026-02-22,nashville,Mid-South,0.05,-0.94,30.31,6.69,44.03,-13.73,NASA POWER daily T2M
2026-02-23,nashville,Mid-South,0.05,-3.82,25.12,6.76,44.17,-19.04,NASA POWER daily T2M
2026-02-24,nashville,Mid-South,0.05,0.28,32.5,6.4,43.51,-11.01,NASA POWER daily T2M
2026-02-25,nashville,Mid-South,0.05,8.96,48.13,5.7,42.27,5.86,NASA POWER daily T2M
2026-02-26,nashville,Mid-South,0.05,10.42,50.76,5,41.01,9.75,NASA POWER daily T2M
2026-02-27,nashville,Mid-South,0.05,9.64,49.35,5.89,42.6,6.75,NASA POWER daily T2M
2026-02-28,nashville,Mid-South,0.05,11.99,53.58,6.36,43.44,10.14,NASA POWER daily T2M
2026-03-01,nashville,Mid-South,0.05,11.66,52.99,7.4,45.31,7.67,NASA POWER daily T2M
2026-03-02,nashville,Mid-South,0.05,12.58,54.64,6.68,44.03,10.62,NASA POWER daily T2M
2026-03-03,nashville,Mid-South,0.05,15.52,59.94,4.7,40.46,19.48,NASA POWER daily T2M
2026-03-04,nashville,Mid-South,0.05,18.25,64.85,5.7,42.27,22.58,NASA POWER daily T2M
2026-03-05,nashville,Mid-South,0.05,18.98,66.16,6.98,44.56,21.61,NASA POWER daily T2M
2026-03-06,nashville,Mid-South,0.05,19.95,67.91,7.15,44.88,23.03,NASA POWER daily T2M
2026-03-07,nashville,Mid-South,0.05,19.39,66.9,7.15,44.86,22.04,NASA POWER daily T2M
2026-03-08,nashville,Mid-South,0.05,13.92,57.06,7.62,45.72,11.34,NASA POWER daily T2M
2026-03-09,nashville,Mid-South,0.05,15.18,59.32,7.96,46.33,12.99,NASA POWER daily T2M
2026-03-10,nashville,Mid-South,0.05,20.21,68.38,7.56,45.6,22.78,NASA POWER daily T2M
2026-03-11,nashville,Mid-South,0.05,17.88,64.18,7.06,44.7,19.48,NASA POWER daily T2M
2026-03-12,nashville,Mid-South,0.05,6.76,44.17,8.18,46.72,-2.56,NASA POWER daily T2M
2026-03-13,nashville,Mid-South,0.05,9.51,49.12,8.64,47.56,1.56,NASA POWER daily T2M
2026-03-14,nashville,Mid-South,0.05,13.57,56.43,8.77,47.79,8.64,NASA POWER daily T2M
2026-03-15,nashville,Mid-South,0.05,16.53,61.75,9.22,48.59,13.16,NASA POWER daily T2M
2026-03-16,nashville,Mid-South,0.05,0.17,32.31,9.24,48.63,-16.32,NASA POWER daily T2M
2026-03-17,nashville,Mid-South,0.05,-1.36,29.55,9.68,49.43,-19.88,NASA POWER daily T2M
2026-03-18,nashville,Mid-South,0.05,5.84,42.51,10.53,50.96,-8.45,NASA POWER daily T2M
2026-03-19,nashville,Mid-South,0.05,12.21,53.98,10.34,50.62,3.36,NASA POWER daily T2M
2026-03-20,nashville,Mid-South,0.05,16.33,61.39,9.99,49.97,11.42,NASA POWER daily T2M
2026-03-21,nashville,Mid-South,0.05,19.78,67.6,9.4,48.93,18.68,NASA POWER daily T2M
2026-03-22,nashville,Mid-South,0.05,20.81,69.46,9.38,48.88,20.58,NASA POWER daily T2M
2026-03-23,nashville,Mid-South,0.05,10.53,50.95,10.46,50.82,0.13,NASA POWER daily T2M
2026-03-24,nashville,Mid-South,0.05,11.23,52.21,10.92,51.66,0.56,NASA POWER daily T2M
2026-03-25,nashville,Mid-South,0.05,15.66,60.19,10.83,51.5,8.69,NASA POWER daily T2M
2026-03-26,nashville,Mid-South,0.05,20.15,68.27,10.58,51.04,17.23,NASA POWER daily T2M
2026-03-27,nashville,Mid-South,0.05,14.26,57.67,11.54,52.76,4.9,NASA POWER daily T2M
2026-03-28,nashville,Mid-South,0.05,7.56,45.61,11.99,53.58,-7.97,NASA POWER daily T2M
2026-03-29,nashville,Mid-South,0.05,12.42,54.36,11.4,52.52,1.83,NASA POWER daily T2M
2026-03-30,nashville,Mid-South,0.05,17.56,63.61,11.55,52.78,10.83,NASA POWER daily T2M
2026-03-31,nashville,Mid-South,0.05,20.16,68.29,11.33,52.39,15.9,NASA POWER daily T2M
2025-11-01,memphis,Mid-South,0.04,10.91,51.64,13.62,56.52,-4.88,NASA POWER daily T2M
2025-11-02,memphis,Mid-South,0.04,8.19,46.74,12.61,54.7,-7.96,NASA POWER daily T2M
2025-11-03,memphis,Mid-South,0.04,10.07,50.13,12.37,54.27,-4.14,NASA POWER daily T2M
2025-11-04,memphis,Mid-South,0.04,12.83,55.09,12.1,53.78,1.31,NASA POWER daily T2M
2025-11-05,memphis,Mid-South,0.04,14.55,58.19,12.72,54.89,3.3,NASA POWER daily T2M
2025-11-06,memphis,Mid-South,0.04,15.34,59.61,12.06,53.71,5.91,NASA POWER daily T2M
2025-11-07,memphis,Mid-South,0.04,17.07,62.73,11.12,52.01,10.71,NASA POWER daily T2M
2025-11-08,memphis,Mid-South,0.04,17.03,62.65,10.8,51.45,11.21,NASA POWER daily T2M
2025-11-09,memphis,Mid-South,0.04,7.62,45.72,11.41,52.55,-6.83,NASA POWER daily T2M
2025-11-10,memphis,Mid-South,0.04,0,32,11.65,52.97,-20.97,NASA POWER daily T2M
2025-11-11,memphis,Mid-South,0.04,4.62,40.32,11.02,51.83,-11.51,NASA POWER daily T2M
2025-11-12,memphis,Mid-South,0.04,11.41,52.54,9.36,48.84,3.7,NASA POWER daily T2M
2025-11-13,memphis,Mid-South,0.04,14.19,57.54,9.34,48.8,8.74,NASA POWER daily T2M
2025-11-14,memphis,Mid-South,0.04,16.18,61.12,10.12,50.22,10.91,NASA POWER daily T2M
2025-11-15,memphis,Mid-South,0.04,18.78,65.8,9.79,49.62,16.18,NASA POWER daily T2M
2025-11-16,memphis,Mid-South,0.04,15.35,59.63,9.42,48.95,10.68,NASA POWER daily T2M
2025-11-17,memphis,Mid-South,0.04,13.12,55.62,9.73,49.51,6.11,NASA POWER daily T2M
2025-11-18,memphis,Mid-South,0.04,18.95,66.11,9.81,49.65,16.46,NASA POWER daily T2M
2025-11-19,memphis,Mid-South,0.04,19.52,67.14,9.86,49.74,17.39,NASA POWER daily T2M
2025-11-20,memphis,Mid-South,0.04,17.94,64.29,9.74,49.54,14.75,NASA POWER daily T2M
2025-11-21,memphis,Mid-South,0.04,19.11,66.4,9.93,49.88,16.52,NASA POWER daily T2M
2025-11-22,memphis,Mid-South,0.04,16.03,60.85,9.21,48.57,12.28,NASA POWER daily T2M
2025-11-23,memphis,Mid-South,0.04,11.38,52.48,9.26,48.66,3.82,NASA POWER daily T2M
2025-11-24,memphis,Mid-South,0.04,11.12,52.02,8.45,47.21,4.81,NASA POWER daily T2M
2025-11-25,memphis,Mid-South,0.04,15.77,60.39,7.9,46.21,14.17,NASA POWER daily T2M
2025-11-26,memphis,Mid-South,0.04,7.8,46.04,8.05,46.48,-0.44,NASA POWER daily T2M
2025-11-27,memphis,Mid-South,0.04,4.87,40.77,7.94,46.29,-5.52,NASA POWER daily T2M
2025-11-28,memphis,Mid-South,0.04,5,41,7.38,45.28,-4.28,NASA POWER daily T2M
2025-11-29,memphis,Mid-South,0.04,6.38,43.48,8.7,47.66,-4.18,NASA POWER daily T2M
2025-11-30,memphis,Mid-South,0.04,2.95,37.31,8.25,46.86,-9.55,NASA POWER daily T2M
2025-12-01,memphis,Mid-South,0.04,0.1,32.18,6.31,43.35,-11.17,NASA POWER daily T2M
2025-12-02,memphis,Mid-South,0.04,-1.34,29.59,7.21,44.97,-15.38,NASA POWER daily T2M
2025-12-03,memphis,Mid-South,0.04,-0.47,31.15,7.89,46.21,-15.05,NASA POWER daily T2M
2025-12-04,memphis,Mid-South,0.04,0.37,32.67,7.54,45.57,-12.9,NASA POWER daily T2M
2025-12-05,memphis,Mid-South,0.04,0.32,32.58,5.89,42.61,-10.03,NASA POWER daily T2M
2025-12-06,memphis,Mid-South,0.04,2.57,36.63,5.58,42.04,-5.42,NASA POWER daily T2M
2025-12-07,memphis,Mid-South,0.04,5.07,41.13,5.1,41.17,-0.05,NASA POWER daily T2M
2025-12-08,memphis,Mid-South,0.04,1.76,35.17,5.6,42.08,-6.91,NASA POWER daily T2M
2025-12-09,memphis,Mid-South,0.04,2.15,35.87,6.04,42.88,-7.01,NASA POWER daily T2M
2025-12-10,memphis,Mid-South,0.04,5.56,42.01,4.52,40.13,1.88,NASA POWER daily T2M
2025-12-11,memphis,Mid-South,0.04,4.47,40.05,5.2,41.36,-1.31,NASA POWER daily T2M
2025-12-12,memphis,Mid-South,0.04,6.96,44.53,5.64,42.16,2.37,NASA POWER daily T2M
2025-12-13,memphis,Mid-South,0.04,5.14,41.25,5.92,42.65,-1.4,NASA POWER daily T2M
2025-12-14,memphis,Mid-South,0.04,-5.5,22.1,5.8,42.43,-20.33,NASA POWER daily T2M
2025-12-15,memphis,Mid-South,0.04,-2.58,27.36,5.86,42.55,-15.2,NASA POWER daily T2M
2025-12-16,memphis,Mid-South,0.04,2.62,36.72,5.74,42.33,-5.61,NASA POWER daily T2M
2025-12-17,memphis,Mid-South,0.04,7.38,45.28,5.25,41.46,3.83,NASA POWER daily T2M
2025-12-18,memphis,Mid-South,0.04,11.36,52.45,4.84,40.71,11.74,NASA POWER daily T2M
2025-12-19,memphis,Mid-South,0.04,2.82,37.08,4.61,40.3,-3.22,NASA POWER daily T2M
2025-12-20,memphis,Mid-South,0.04,8.66,47.59,5.12,41.22,6.36,NASA POWER daily T2M
2025-12-21,memphis,Mid-South,0.04,8.71,47.68,6.37,43.46,4.22,NASA POWER daily T2M
2025-12-22,memphis,Mid-South,0.04,10.77,51.39,5.98,42.77,8.62,NASA POWER daily T2M
2025-12-23,memphis,Mid-South,0.04,17.85,64.13,5.01,41.02,23.11,NASA POWER daily T2M
2025-12-24,memphis,Mid-South,0.04,17.55,63.59,3.28,37.9,25.69,NASA POWER daily T2M
2025-12-25,memphis,Mid-South,0.04,16.97,62.55,2.27,36.09,26.46,NASA POWER daily T2M
2025-12-26,memphis,Mid-South,0.04,18.07,64.53,3.88,38.98,25.54,NASA POWER daily T2M
2025-12-27,memphis,Mid-South,0.04,18.28,64.9,5.51,41.91,22.99,NASA POWER daily T2M
2025-12-28,memphis,Mid-South,0.04,17.85,64.13,5.37,41.66,22.47,NASA POWER daily T2M
2025-12-29,memphis,Mid-South,0.04,-0.38,31.32,4.71,40.47,-9.15,NASA POWER daily T2M
2025-12-30,memphis,Mid-South,0.04,-1.64,29.05,5.14,41.25,-12.21,NASA POWER daily T2M
2025-12-31,memphis,Mid-South,0.04,3.28,37.9,5.16,41.29,-3.39,NASA POWER daily T2M
2026-01-01,memphis,Mid-South,0.04,7.83,46.09,3.88,38.99,7.1,NASA POWER daily T2M
2026-01-02,memphis,Mid-South,0.04,9,48.2,4.18,39.52,8.68,NASA POWER daily T2M
2026-01-03,memphis,Mid-South,0.04,4.87,40.77,4.87,40.76,0,NASA POWER daily T2M
2026-01-04,memphis,Mid-South,0.04,4.91,40.84,3.84,38.92,1.92,NASA POWER daily T2M
2026-01-05,memphis,Mid-South,0.04,8.91,48.04,3.03,37.45,10.59,NASA POWER daily T2M
2026-01-06,memphis,Mid-South,0.04,13.68,56.62,3.15,37.67,18.95,NASA POWER daily T2M
2026-01-07,memphis,Mid-South,0.04,12.84,55.11,2.6,36.69,18.42,NASA POWER daily T2M
2026-01-08,memphis,Mid-South,0.04,16.76,62.17,3.38,38.09,24.08,NASA POWER daily T2M
2026-01-09,memphis,Mid-South,0.04,15.54,59.97,3.62,38.51,21.46,NASA POWER daily T2M
2026-01-10,memphis,Mid-South,0.04,9.36,48.85,4.86,40.74,8.11,NASA POWER daily T2M
2026-01-11,memphis,Mid-South,0.04,2.3,36.14,5.17,41.3,-5.16,NASA POWER daily T2M
2026-01-12,memphis,Mid-South,0.04,2.47,36.45,5.81,42.45,-6.01,NASA POWER daily T2M
2026-01-13,memphis,Mid-South,0.04,6.93,44.47,4.19,39.54,4.93,NASA POWER daily T2M
2026-01-14,memphis,Mid-South,0.04,6.74,44.13,3.22,37.8,6.34,NASA POWER daily T2M
2026-01-15,memphis,Mid-South,0.04,-1.19,29.86,2.78,37,-7.14,NASA POWER daily T2M
2026-01-16,memphis,Mid-South,0.04,3.43,38.17,2.82,37.08,1.1,NASA POWER daily T2M
2026-01-17,memphis,Mid-South,0.04,-0.51,31.08,3.46,38.24,-7.16,NASA POWER daily T2M
2026-01-18,memphis,Mid-South,0.04,-3.58,25.56,2.77,36.99,-11.43,NASA POWER daily T2M
2026-01-19,memphis,Mid-South,0.04,-0.83,30.51,2.5,36.5,-6,NASA POWER daily T2M
2026-01-20,memphis,Mid-South,0.04,-0.49,31.12,3.71,38.68,-7.56,NASA POWER daily T2M
2026-01-21,memphis,Mid-South,0.04,3.92,39.06,3.61,38.51,0.55,NASA POWER daily T2M
2026-01-22,memphis,Mid-South,0.04,4.13,39.43,4.1,39.38,0.05,NASA POWER daily T2M
2026-01-23,memphis,Mid-South,0.04,-0.4,31.28,3.69,38.65,-7.37,NASA POWER daily T2M
2026-01-24,memphis,Mid-South,0.04,-5.46,22.17,2.78,37,-14.83,NASA POWER daily T2M
2026-01-25,memphis,Mid-South,0.04,-7.28,18.9,3.7,38.66,-19.76,NASA POWER daily T2M
2026-01-26,memphis,Mid-South,0.04,-10.84,12.49,4.36,39.86,-27.37,NASA POWER daily T2M
2026-01-27,memphis,Mid-South,0.04,-6.33,20.61,4.75,40.55,-19.95,NASA POWER daily T2M
2026-01-28,memphis,Mid-South,0.04,-2.05,28.31,4.71,40.48,-12.17,NASA POWER daily T2M
2026-01-29,memphis,Mid-South,0.04,-0.68,30.78,5.18,41.32,-10.54,NASA POWER daily T2M
2026-01-30,memphis,Mid-South,0.04,-3.75,25.25,3.55,38.39,-13.14,NASA POWER daily T2M
2026-01-31,memphis,Mid-South,0.04,-7.07,19.27,4.44,39.98,-20.71,NASA POWER daily T2M
2026-02-01,memphis,Mid-South,0.04,-5.15,22.73,5.42,41.75,-19.02,NASA POWER daily T2M
2026-02-02,memphis,Mid-South,0.04,0.79,33.42,4.71,40.47,-7.05,NASA POWER daily T2M
2026-02-03,memphis,Mid-South,0.04,3.72,38.7,4.71,40.48,-1.79,NASA POWER daily T2M
2026-02-04,memphis,Mid-South,0.04,-0.22,31.6,5.05,41.09,-9.48,NASA POWER daily T2M
2026-02-05,memphis,Mid-South,0.04,-0.3,31.46,4.06,39.31,-7.85,NASA POWER daily T2M
2026-02-06,memphis,Mid-South,0.04,6.51,43.72,5.15,41.27,2.45,NASA POWER daily T2M
2026-02-07,memphis,Mid-South,0.04,3.57,38.43,5.48,41.86,-3.43,NASA POWER daily T2M
2026-02-08,memphis,Mid-South,0.04,6.16,43.09,5.22,41.4,1.69,NASA POWER daily T2M
2026-02-09,memphis,Mid-South,0.04,12.03,53.65,4.51,40.11,13.54,NASA POWER daily T2M
2026-02-10,memphis,Mid-South,0.04,15.59,60.06,5.25,41.45,18.61,NASA POWER daily T2M
2026-02-11,memphis,Mid-South,0.04,10.11,50.2,4.89,40.8,9.39,NASA POWER daily T2M
2026-02-12,memphis,Mid-South,0.04,7.37,45.27,4.19,39.54,5.72,NASA POWER daily T2M
2026-02-13,memphis,Mid-South,0.04,10.14,50.25,4.58,40.25,10,NASA POWER daily T2M
2026-02-14,memphis,Mid-South,0.04,12.74,54.93,5.95,42.71,12.22,NASA POWER daily T2M
2026-02-15,memphis,Mid-South,0.04,10.62,51.12,6.44,43.59,7.53,NASA POWER daily T2M
2026-02-16,memphis,Mid-South,0.04,9.11,48.4,5.26,41.47,6.92,NASA POWER daily T2M
2026-02-17,memphis,Mid-South,0.04,11.81,53.26,5.6,42.08,11.18,NASA POWER daily T2M
2026-02-18,memphis,Mid-South,0.04,16.42,61.56,6.99,44.58,16.98,NASA POWER daily T2M
2026-02-19,memphis,Mid-South,0.04,19.37,66.87,7.57,45.63,21.23,NASA POWER daily T2M
2026-02-20,memphis,Mid-South,0.04,10.42,50.76,9.29,48.73,2.03,NASA POWER daily T2M
2026-02-21,memphis,Mid-South,0.04,8.12,46.62,9.2,48.55,-1.94,NASA POWER daily T2M
2026-02-22,memphis,Mid-South,0.04,2.06,35.71,7.5,45.5,-9.8,NASA POWER daily T2M
2026-02-23,memphis,Mid-South,0.04,-1.97,28.45,7.95,46.31,-17.86,NASA POWER daily T2M
2026-02-24,memphis,Mid-South,0.04,3.08,37.54,7.81,46.05,-8.51,NASA POWER daily T2M
2026-02-25,memphis,Mid-South,0.04,12.51,54.52,7.12,44.81,9.7,NASA POWER daily T2M
2026-02-26,memphis,Mid-South,0.04,16.23,61.21,6.55,43.79,17.43,NASA POWER daily T2M
2026-02-27,memphis,Mid-South,0.04,14,57.2,7.58,45.65,11.55,NASA POWER daily T2M
2026-02-28,memphis,Mid-South,0.04,14.14,57.45,8.17,46.7,10.75,NASA POWER daily T2M
2026-03-01,memphis,Mid-South,0.04,14.37,57.87,9.16,48.49,9.38,NASA POWER daily T2M
2026-03-02,memphis,Mid-South,0.04,15.4,59.72,8.04,46.48,13.24,NASA POWER daily T2M
2026-03-03,memphis,Mid-South,0.04,17.33,63.19,6.14,43.05,20.14,NASA POWER daily T2M
2026-03-04,memphis,Mid-South,0.04,20.57,69.03,7.15,44.87,24.16,NASA POWER daily T2M
2026-03-05,memphis,Mid-South,0.04,20.73,69.31,8.98,48.16,21.15,NASA POWER daily T2M
2026-03-06,memphis,Mid-South,0.04,21.34,70.41,9.09,48.36,22.05,NASA POWER daily T2M
2026-03-07,memphis,Mid-South,0.04,20.31,68.56,9.05,48.29,20.27,NASA POWER daily T2M
2026-03-08,memphis,Mid-South,0.04,13.4,56.12,9.85,49.72,6.4,NASA POWER daily T2M
2026-03-09,memphis,Mid-South,0.04,17.92,64.26,9.9,49.81,14.44,NASA POWER daily T2M
2026-03-10,memphis,Mid-South,0.04,21.73,71.11,9.07,48.33,22.78,NASA POWER daily T2M
2026-03-11,memphis,Mid-South,0.04,18.13,64.63,9,48.2,16.43,NASA POWER daily T2M
2026-03-12,memphis,Mid-South,0.04,7.96,46.33,10.23,50.42,-4.09,NASA POWER daily T2M
2026-03-13,memphis,Mid-South,0.04,11.23,52.21,10.53,50.95,1.27,NASA POWER daily T2M
2026-03-14,memphis,Mid-South,0.04,15.21,59.38,10.51,50.92,8.45,NASA POWER daily T2M
2026-03-15,memphis,Mid-South,0.04,15.78,60.4,10.71,51.28,9.12,NASA POWER daily T2M
2026-03-16,memphis,Mid-South,0.04,1.71,35.08,10.72,51.3,-16.23,NASA POWER daily T2M
2026-03-17,memphis,Mid-South,0.04,1.42,34.56,11.82,53.28,-18.73,NASA POWER daily T2M
2026-03-18,memphis,Mid-South,0.04,9.5,49.1,12.72,54.91,-5.8,NASA POWER daily T2M
2026-03-19,memphis,Mid-South,0.04,14.06,57.31,12.16,53.89,3.42,NASA POWER daily T2M
2026-03-20,memphis,Mid-South,0.04,18.13,64.63,11.58,52.85,11.79,NASA POWER daily T2M
2026-03-21,memphis,Mid-South,0.04,20.21,68.38,10.84,51.51,16.87,NASA POWER daily T2M
2026-03-22,memphis,Mid-South,0.04,21.25,70.25,11.32,52.38,17.87,NASA POWER daily T2M
2026-03-23,memphis,Mid-South,0.04,11.78,53.2,12.2,53.96,-0.75,NASA POWER daily T2M
2026-03-24,memphis,Mid-South,0.04,12.58,54.64,12.9,55.22,-0.58,NASA POWER daily T2M
2026-03-25,memphis,Mid-South,0.04,18.31,64.96,12.4,54.32,10.64,NASA POWER daily T2M
2026-03-26,memphis,Mid-South,0.04,20.67,69.21,12.2,53.97,15.24,NASA POWER daily T2M
2026-03-27,memphis,Mid-South,0.04,14.32,57.78,13.1,55.57,2.2,NASA POWER daily T2M
2026-03-28,memphis,Mid-South,0.04,9.52,49.14,13.47,56.24,-7.11,NASA POWER daily T2M
2026-03-29,memphis,Mid-South,0.04,14.79,58.62,13.23,55.81,2.81,NASA POWER daily T2M
2026-03-30,memphis,Mid-South,0.04,19.9,67.82,13.12,55.62,12.2,NASA POWER daily T2M
2026-03-31,memphis,Mid-South,0.04,21.98,71.56,13.03,55.45,16.11,NASA POWER daily T2M
2025-11-01,atlanta,Southeast,0.07,10.53,50.95,14.53,58.15,-7.2,NASA POWER daily T2M
2025-11-02,atlanta,Southeast,0.07,11.22,52.2,13.24,55.84,-3.64,NASA POWER daily T2M
2025-11-03,atlanta,Southeast,0.07,10.21,50.38,12.77,54.98,-4.6,NASA POWER daily T2M
2025-11-04,atlanta,Southeast,0.07,12.12,53.82,12.61,54.7,-0.88,NASA POWER daily T2M
2025-11-05,atlanta,Southeast,0.07,13.83,56.89,12.76,54.96,1.93,NASA POWER daily T2M
2025-11-06,atlanta,Southeast,0.07,15.51,59.92,12.51,54.52,5.39,NASA POWER daily T2M
2025-11-07,atlanta,Southeast,0.07,15.25,59.45,12.59,54.66,4.79,NASA POWER daily T2M
2025-11-08,atlanta,Southeast,0.07,19.18,66.52,11.4,52.53,14,NASA POWER daily T2M
2025-11-09,atlanta,Southeast,0.07,14.9,58.82,11.58,52.84,5.98,NASA POWER daily T2M
2025-11-10,atlanta,Southeast,0.07,2.38,36.28,11.47,52.65,-16.37,NASA POWER daily T2M
2025-11-11,atlanta,Southeast,0.07,2.47,36.45,10.95,51.72,-15.27,NASA POWER daily T2M
2025-11-12,atlanta,Southeast,0.07,8.72,47.7,10.64,51.16,-3.46,NASA POWER daily T2M
2025-11-13,atlanta,Southeast,0.07,11.7,53.06,9.75,49.56,3.5,NASA POWER daily T2M
2025-11-14,atlanta,Southeast,0.07,12.8,55.04,10.2,50.35,4.69,NASA POWER daily T2M
2025-11-15,atlanta,Southeast,0.07,13.81,56.86,10.18,50.32,6.53,NASA POWER daily T2M
2025-11-16,atlanta,Southeast,0.07,15.07,59.13,10.04,50.07,9.05,NASA POWER daily T2M
2025-11-17,atlanta,Southeast,0.07,10.47,50.85,9.9,49.82,1.03,NASA POWER daily T2M
2025-11-18,atlanta,Southeast,0.07,13.21,55.78,9.73,49.52,6.26,NASA POWER daily T2M
2025-11-19,atlanta,Southeast,0.07,18.44,65.19,9.65,49.36,15.83,NASA POWER daily T2M
2025-11-20,atlanta,Southeast,0.07,18.56,65.41,10.19,50.34,15.07,NASA POWER daily T2M
2025-11-21,atlanta,Southeast,0.07,18.36,65.05,10.55,51,14.05,NASA POWER daily T2M
2025-11-22,atlanta,Southeast,0.07,19.53,67.15,10,50,17.15,NASA POWER daily T2M
2025-11-23,atlanta,Southeast,0.07,15.64,60.15,9.51,49.11,11.04,NASA POWER daily T2M
2025-11-24,atlanta,Southeast,0.07,15.03,59.05,9.48,49.07,9.98,NASA POWER daily T2M
2025-11-25,atlanta,Southeast,0.07,16.71,62.08,9.38,48.89,13.19,NASA POWER daily T2M
2025-11-26,atlanta,Southeast,0.07,14.05,57.29,8.91,48.04,9.25,NASA POWER daily T2M
2025-11-27,atlanta,Southeast,0.07,4.94,40.89,8.44,47.2,-6.31,NASA POWER daily T2M
2025-11-28,atlanta,Southeast,0.07,2.41,36.34,8.89,48,-11.67,NASA POWER daily T2M
2025-11-29,atlanta,Southeast,0.07,3.91,39.04,9.4,48.91,-9.88,NASA POWER daily T2M
2025-11-30,atlanta,Southeast,0.07,5.79,42.42,9.78,49.61,-7.19,NASA POWER daily T2M
2025-12-01,atlanta,Southeast,0.07,6.81,44.26,8.28,46.91,-2.65,NASA POWER daily T2M
2025-12-02,atlanta,Southeast,0.07,5.6,42.08,8.32,46.98,-4.9,NASA POWER daily T2M
2025-12-03,atlanta,Southeast,0.07,3.27,37.89,8.19,46.75,-8.86,NASA POWER daily T2M
2025-12-04,atlanta,Southeast,0.07,4.38,39.88,8.51,47.31,-7.43,NASA POWER daily T2M
2025-12-05,atlanta,Southeast,0.07,6.8,44.24,8.04,46.47,-2.23,NASA POWER daily T2M
2025-12-06,atlanta,Southeast,0.07,5.68,42.22,7.35,45.22,-3,NASA POWER daily T2M
2025-12-07,atlanta,Southeast,0.07,4.03,39.25,6.89,44.41,-5.16,NASA POWER daily T2M
2025-12-08,atlanta,Southeast,0.07,5.09,41.16,6.48,43.67,-2.51,NASA POWER daily T2M
2025-12-09,atlanta,Southeast,0.07,3.01,37.42,7.33,45.2,-7.78,NASA POWER daily T2M
2025-12-10,atlanta,Southeast,0.07,6.15,43.07,7.18,44.93,-1.86,NASA POWER daily T2M
2025-12-11,atlanta,Southeast,0.07,4.14,39.45,6,42.81,-3.36,NASA POWER daily T2M
2025-12-12,atlanta,Southeast,0.07,6.55,43.79,6.43,43.57,0.22,NASA POWER daily T2M
2025-12-13,atlanta,Southeast,0.07,11.03,51.85,7.27,45.09,6.76,NASA POWER daily T2M
2025-12-14,atlanta,Southeast,0.07,2.85,37.13,7.12,44.82,-7.69,NASA POWER daily T2M
2025-12-15,atlanta,Southeast,0.07,-1.97,28.45,6.5,43.69,-15.24,NASA POWER daily T2M
2025-12-16,atlanta,Southeast,0.07,2.64,36.75,7.63,45.74,-8.99,NASA POWER daily T2M
2025-12-17,atlanta,Southeast,0.07,7.36,45.25,7.09,44.76,0.49,NASA POWER daily T2M
2025-12-18,atlanta,Southeast,0.07,11.43,52.57,6.13,43.04,9.53,NASA POWER daily T2M
2025-12-19,atlanta,Southeast,0.07,7.27,45.09,5.81,42.45,2.63,NASA POWER daily T2M
2025-12-20,atlanta,Southeast,0.07,5.58,42.04,5.92,42.66,-0.62,NASA POWER daily T2M
2025-12-21,atlanta,Southeast,0.07,8.24,46.83,6.31,43.35,3.48,NASA POWER daily T2M
2025-12-22,atlanta,Southeast,0.07,8.63,47.53,7.06,44.71,2.82,NASA POWER daily T2M
2025-12-23,atlanta,Southeast,0.07,11.73,53.11,6.78,44.2,8.92,NASA POWER daily T2M
2025-12-24,atlanta,Southeast,0.07,16.22,61.2,6.25,43.25,17.95,NASA POWER daily T2M
2025-12-25,atlanta,Southeast,0.07,15.87,60.57,4.72,40.5,20.06,NASA POWER daily T2M
2025-12-26,atlanta,Southeast,0.07,15.65,60.17,4.34,39.81,20.36,NASA POWER daily T2M
2025-12-27,atlanta,Southeast,0.07,17.58,63.64,5.38,41.69,21.96,NASA POWER daily T2M
2025-12-28,atlanta,Southeast,0.07,16.43,61.57,6.62,43.91,17.66,NASA POWER daily T2M
2025-12-29,atlanta,Southeast,0.07,8.19,46.74,7.28,45.1,1.64,NASA POWER daily T2M
2025-12-30,atlanta,Southeast,0.07,-0.09,31.84,6.12,43.01,-11.17,NASA POWER daily T2M
2025-12-31,atlanta,Southeast,0.07,1.68,35.02,6.64,43.96,-8.93,NASA POWER daily T2M
2026-01-01,atlanta,Southeast,0.07,5.56,42.01,6.62,43.92,-1.92,NASA POWER daily T2M
2026-01-02,atlanta,Southeast,0.07,9.17,48.51,6.33,43.39,5.12,NASA POWER daily T2M
2026-01-03,atlanta,Southeast,0.07,10.54,50.97,5.64,42.14,8.83,NASA POWER daily T2M
2026-01-04,atlanta,Southeast,0.07,9.89,49.8,5.68,42.22,7.58,NASA POWER daily T2M
2026-01-05,atlanta,Southeast,0.07,9.86,49.75,5.3,41.54,8.21,NASA POWER daily T2M
2026-01-06,atlanta,Southeast,0.07,12.48,54.46,5.43,41.77,12.7,NASA POWER daily T2M
2026-01-07,atlanta,Southeast,0.07,15.96,60.73,5.21,41.37,19.36,NASA POWER daily T2M
2026-01-08,atlanta,Southeast,0.07,13.9,57.02,4.43,39.97,17.05,NASA POWER daily T2M
2026-01-09,atlanta,Southeast,0.07,16.33,61.39,5.31,41.56,19.84,NASA POWER daily T2M
2026-01-10,atlanta,Southeast,0.07,17.68,63.82,5.44,41.8,22.02,NASA POWER daily T2M
2026-01-11,atlanta,Southeast,0.07,5.38,41.68,6.35,43.43,-1.74,NASA POWER daily T2M
2026-01-12,atlanta,Southeast,0.07,2.86,37.15,6.39,43.51,-6.36,NASA POWER daily T2M
2026-01-13,atlanta,Southeast,0.07,4.98,40.96,6.99,44.58,-3.61,NASA POWER daily T2M
2026-01-14,atlanta,Southeast,0.07,6.4,43.52,6.09,42.96,0.56,NASA POWER daily T2M
2026-01-15,atlanta,Southeast,0.07,-1.83,28.71,5.46,41.84,-13.13,NASA POWER daily T2M
2026-01-16,atlanta,Southeast,0.07,1.86,35.35,4.79,40.61,-5.27,NASA POWER daily T2M
2026-01-17,atlanta,Southeast,0.07,7.04,44.67,4.71,40.48,4.2,NASA POWER daily T2M
2026-01-18,atlanta,Southeast,0.07,0.39,32.7,4.85,40.72,-8.02,NASA POWER daily T2M
2026-01-19,atlanta,Southeast,0.07,0.1,32.18,4.31,39.76,-7.58,NASA POWER daily T2M
2026-01-20,atlanta,Southeast,0.07,-0.03,31.95,3.94,39.08,-7.14,NASA POWER daily T2M
2026-01-21,atlanta,Southeast,0.07,3,37.4,5.15,41.27,-3.87,NASA POWER daily T2M
2026-01-22,atlanta,Southeast,0.07,6.58,43.84,5.08,41.14,2.7,NASA POWER daily T2M
2026-01-23,atlanta,Southeast,0.07,7.23,45.01,5.63,42.14,2.88,NASA POWER daily T2M
2026-01-24,atlanta,Southeast,0.07,5.02,41.04,5.05,41.09,-0.06,NASA POWER daily T2M
2026-01-25,atlanta,Southeast,0.07,4.64,40.35,4.09,39.37,0.98,NASA POWER daily T2M
2026-01-26,atlanta,Southeast,0.07,-2.95,26.69,4.87,40.77,-14.08,NASA POWER daily T2M
2026-01-27,atlanta,Southeast,0.07,-2.71,27.12,5.19,41.34,-14.22,NASA POWER daily T2M
2026-01-28,atlanta,Southeast,0.07,0.58,33.04,5.99,42.78,-9.73,NASA POWER daily T2M
2026-01-29,atlanta,Southeast,0.07,1.02,33.84,6,42.79,-8.96,NASA POWER daily T2M
2026-01-30,atlanta,Southeast,0.07,3.51,38.32,5.77,42.39,-4.07,NASA POWER daily T2M
2026-01-31,atlanta,Southeast,0.07,-4.42,24.04,4.67,40.41,-16.37,NASA POWER daily T2M
2026-02-01,atlanta,Southeast,0.07,-3.57,25.57,5.55,41.98,-16.41,NASA POWER daily T2M
2026-02-02,atlanta,Southeast,0.07,0.03,32.05,5.97,42.75,-10.69,NASA POWER daily T2M
2026-02-03,atlanta,Southeast,0.07,4.29,39.72,6.34,43.4,-3.68,NASA POWER daily T2M
2026-02-04,atlanta,Southeast,0.07,6.86,44.35,5.53,41.96,2.39,NASA POWER daily T2M
2026-02-05,atlanta,Southeast,0.07,1.1,33.98,5.62,42.12,-8.14,NASA POWER daily T2M
2026-02-06,atlanta,Southeast,0.07,5.5,41.9,6.39,43.51,-1.61,NASA POWER daily T2M
2026-02-07,atlanta,Southeast,0.07,3.99,39.18,6.4,43.52,-4.34,NASA POWER daily T2M
2026-02-08,atlanta,Southeast,0.07,5.2,41.36,6.31,43.35,-1.99,NASA POWER daily T2M
2026-02-09,atlanta,Southeast,0.07,9.35,48.83,6.73,44.11,4.72,NASA POWER daily T2M
2026-02-10,atlanta,Southeast,0.07,12.41,54.34,6.63,43.94,10.4,NASA POWER daily T2M
2026-02-11,atlanta,Southeast,0.07,12.81,55.06,7.45,45.41,9.65,NASA POWER daily T2M
2026-02-12,atlanta,Southeast,0.07,7.77,45.99,6.59,43.86,2.12,NASA POWER daily T2M
2026-02-13,atlanta,Southeast,0.07,7.77,45.99,5.56,42.01,3.98,NASA POWER daily T2M
2026-02-14,atlanta,Southeast,0.07,7.21,44.98,6.65,43.97,1.01,NASA POWER daily T2M
2026-02-15,atlanta,Southeast,0.07,11.4,52.52,7.27,45.09,7.43,NASA POWER daily T2M
2026-02-16,atlanta,Southeast,0.07,11.3,52.34,8.02,46.43,5.91,NASA POWER daily T2M
2026-02-17,atlanta,Southeast,0.07,10.61,51.1,6.97,44.55,6.55,NASA POWER daily T2M
2026-02-18,atlanta,Southeast,0.07,13.94,57.09,7.32,45.18,11.91,NASA POWER daily T2M
2026-02-19,atlanta,Southeast,0.07,18.24,64.83,8.14,46.65,18.18,NASA POWER daily T2M
2026-02-20,atlanta,Southeast,0.07,19.72,67.5,9.01,48.22,19.28,NASA POWER daily T2M
2026-02-21,atlanta,Southeast,0.07,16.05,60.89,10.66,51.18,9.71,NASA POWER daily T2M
2026-02-22,atlanta,Southeast,0.07,5.48,41.86,10.86,51.54,-9.68,NASA POWER daily T2M
2026-02-23,atlanta,Southeast,0.07,-0.49,31.12,9.77,49.59,-18.47,NASA POWER daily T2M
2026-02-24,atlanta,Southeast,0.07,1.99,35.58,9.39,48.91,-13.33,NASA POWER daily T2M
2026-02-25,atlanta,Southeast,0.07,9.48,49.06,9.01,48.21,0.85,NASA POWER daily T2M
2026-02-26,atlanta,Southeast,0.07,14.82,58.68,8.09,46.56,12.12,NASA POWER daily T2M
2026-02-27,atlanta,Southeast,0.07,15.32,59.58,7.76,45.96,13.61,NASA POWER daily T2M
2026-02-28,atlanta,Southeast,0.07,13.87,56.97,9.12,48.42,8.55,NASA POWER daily T2M
2026-03-01,atlanta,Southeast,0.07,15.28,59.5,10.31,50.56,8.94,NASA POWER daily T2M
2026-03-02,atlanta,Southeast,0.07,15.05,59.09,9.87,49.76,9.33,NASA POWER daily T2M
2026-03-03,atlanta,Southeast,0.07,12.28,54.1,8.84,47.92,6.19,NASA POWER daily T2M
2026-03-04,atlanta,Southeast,0.07,14.61,58.3,8.13,46.63,11.66,NASA POWER daily T2M
2026-03-05,atlanta,Southeast,0.07,17.9,64.22,8.98,48.17,16.05,NASA POWER daily T2M
2026-03-06,atlanta,Southeast,0.07,19.83,67.69,9.56,49.21,18.49,NASA POWER daily T2M
2026-03-07,atlanta,Southeast,0.07,19.8,67.64,10.04,50.07,17.57,NASA POWER daily T2M
2026-03-08,atlanta,Southeast,0.07,18.3,64.94,9.88,49.78,15.16,NASA POWER daily T2M
2026-03-09,atlanta,Southeast,0.07,18.95,66.11,10.62,51.11,15,NASA POWER daily T2M
2026-03-10,atlanta,Southeast,0.07,20.62,69.12,10.43,50.77,18.34,NASA POWER daily T2M
2026-03-11,atlanta,Southeast,0.07,20.9,69.62,10.41,50.73,18.89,NASA POWER daily T2M
2026-03-12,atlanta,Southeast,0.07,11.15,52.07,10.7,51.25,0.82,NASA POWER daily T2M
2026-03-13,atlanta,Southeast,0.07,9.66,49.39,10.85,51.53,-2.14,NASA POWER daily T2M
2026-03-14,atlanta,Southeast,0.07,14.91,58.84,11.07,51.93,6.91,NASA POWER daily T2M
2026-03-15,atlanta,Southeast,0.07,16.19,61.14,11.39,52.5,8.64,NASA POWER daily T2M
2026-03-16,atlanta,Southeast,0.07,8.11,46.6,11.4,52.52,-5.92,NASA POWER daily T2M
2026-03-17,atlanta,Southeast,0.07,2.26,36.07,11.7,53.06,-16.99,NASA POWER daily T2M
2026-03-18,atlanta,Southeast,0.07,5.37,41.67,12.66,54.79,-13.13,NASA POWER daily T2M
2026-03-19,atlanta,Southeast,0.07,10.74,51.33,12.94,55.29,-3.95,NASA POWER daily T2M
2026-03-20,atlanta,Southeast,0.07,15.13,59.23,12.35,54.23,5,NASA POWER daily T2M
2026-03-21,atlanta,Southeast,0.07,17.92,64.26,11.64,52.96,11.3,NASA POWER daily T2M
2026-03-22,atlanta,Southeast,0.07,19.17,66.51,11.4,52.53,13.98,NASA POWER daily T2M
2026-03-23,atlanta,Southeast,0.07,17.76,63.97,12.28,54.1,9.87,NASA POWER daily T2M
2026-03-24,atlanta,Southeast,0.07,12.3,54.14,13.07,55.52,-1.38,NASA POWER daily T2M
2026-03-25,atlanta,Southeast,0.07,13.49,56.28,12.9,55.22,1.07,NASA POWER daily T2M
2026-03-26,atlanta,Southeast,0.07,17.69,63.84,12.99,55.37,8.47,NASA POWER daily T2M
2026-03-27,atlanta,Southeast,0.07,19.95,67.91,13.12,55.62,12.29,NASA POWER daily T2M
2026-03-28,atlanta,Southeast,0.07,12.86,55.15,13.43,56.17,-1.02,NASA POWER daily T2M
2026-03-29,atlanta,Southeast,0.07,11.22,52.2,13.99,57.18,-4.98,NASA POWER daily T2M
2026-03-30,atlanta,Southeast,0.07,17.21,62.98,13.62,56.52,6.46,NASA POWER daily T2M
2026-03-31,atlanta,Southeast,0.07,19.97,67.95,13.3,55.93,12.01,NASA POWER daily T2M
2025-11-01,charlotte,Southeast,0.05,10.76,51.37,13.73,56.72,-5.35,NASA POWER daily T2M
2025-11-02,charlotte,Southeast,0.05,11.13,52.03,13.16,55.68,-3.65,NASA POWER daily T2M
2025-11-03,charlotte,Southeast,0.05,11.5,52.7,12.09,53.77,-1.07,NASA POWER daily T2M
2025-11-04,charlotte,Southeast,0.05,11.25,52.25,11.66,52.99,-0.74,NASA POWER daily T2M
2025-11-05,charlotte,Southeast,0.05,12.95,55.31,11.57,52.83,2.48,NASA POWER daily T2M
2025-11-06,charlotte,Southeast,0.05,13.97,57.15,11.97,53.55,3.6,NASA POWER daily T2M
2025-11-07,charlotte,Southeast,0.05,13.65,56.57,11.62,52.92,3.65,NASA POWER daily T2M
2025-11-08,charlotte,Southeast,0.05,17.32,63.18,10.59,51.07,12.11,NASA POWER daily T2M
2025-11-09,charlotte,Southeast,0.05,18.12,64.62,10.23,50.41,14.2,NASA POWER daily T2M
2025-11-10,charlotte,Southeast,0.05,5.21,41.38,10.6,51.07,-9.7,NASA POWER daily T2M
2025-11-11,charlotte,Southeast,0.05,2.16,35.89,10.16,50.29,-14.4,NASA POWER daily T2M
2025-11-12,charlotte,Southeast,0.05,8.24,46.83,9.76,49.57,-2.73,NASA POWER daily T2M
2025-11-13,charlotte,Southeast,0.05,10.72,51.3,9.27,48.69,2.6,NASA POWER daily T2M
2025-11-14,charlotte,Southeast,0.05,10.39,50.7,9.45,49.01,1.69,NASA POWER daily T2M
2025-11-15,charlotte,Southeast,0.05,13.55,56.39,9.55,49.19,7.2,NASA POWER daily T2M
2025-11-16,charlotte,Southeast,0.05,15.69,60.24,9.65,49.37,10.87,NASA POWER daily T2M
2025-11-17,charlotte,Southeast,0.05,11.1,51.98,8.95,48.11,3.87,NASA POWER daily T2M
2025-11-18,charlotte,Southeast,0.05,10.91,51.64,8.65,47.57,4.07,NASA POWER daily T2M
2025-11-19,charlotte,Southeast,0.05,15.31,59.56,9.53,49.15,10.41,NASA POWER daily T2M
2025-11-20,charlotte,Southeast,0.05,14.25,57.65,9.29,48.72,8.93,NASA POWER daily T2M
2025-11-21,charlotte,Southeast,0.05,16.28,61.3,9.39,48.9,12.4,NASA POWER daily T2M
2025-11-22,charlotte,Southeast,0.05,19.08,66.34,9.5,49.09,17.25,NASA POWER daily T2M
2025-11-23,charlotte,Southeast,0.05,15.95,60.71,8.84,47.91,12.8,NASA POWER daily T2M
2025-11-24,charlotte,Southeast,0.05,12.16,53.89,8.66,47.59,6.3,NASA POWER daily T2M
2025-11-25,charlotte,Southeast,0.05,13.56,56.41,8.46,47.23,9.18,NASA POWER daily T2M
2025-11-26,charlotte,Southeast,0.05,16.05,60.89,8.87,47.96,12.93,NASA POWER daily T2M
2025-11-27,charlotte,Southeast,0.05,5.95,42.71,8.13,46.64,-3.93,NASA POWER daily T2M
2025-11-28,charlotte,Southeast,0.05,1.82,35.28,8.74,47.73,-12.45,NASA POWER daily T2M
2025-11-29,charlotte,Southeast,0.05,1.34,34.41,8.34,47.01,-12.6,NASA POWER daily T2M
2025-11-30,charlotte,Southeast,0.05,6.16,43.09,9.14,48.45,-5.36,NASA POWER daily T2M
2025-12-01,charlotte,Southeast,0.05,5.52,41.94,8.51,47.31,-5.37,NASA POWER daily T2M
2025-12-02,charlotte,Southeast,0.05,4.81,40.66,7.47,45.45,-4.79,NASA POWER daily T2M
2025-12-03,charlotte,Southeast,0.05,3.09,37.56,7.4,45.32,-7.76,NASA POWER daily T2M
2025-12-04,charlotte,Southeast,0.05,3.74,38.73,7.29,45.12,-6.39,NASA POWER daily T2M
2025-12-05,charlotte,Southeast,0.05,4.7,40.46,7.21,44.99,-4.53,NASA POWER daily T2M
2025-12-06,charlotte,Southeast,0.05,3.21,37.78,6.21,43.17,-5.39,NASA POWER daily T2M
2025-12-07,charlotte,Southeast,0.05,3.19,37.74,6.13,43.03,-5.29,NASA POWER daily T2M
2025-12-08,charlotte,Southeast,0.05,2.76,36.97,5.07,41.13,-4.16,NASA POWER daily T2M
2025-12-09,charlotte,Southeast,0.05,-0.44,31.21,6.05,42.88,-11.67,NASA POWER daily T2M
2025-12-10,charlotte,Southeast,0.05,4.66,40.39,6.42,43.56,-3.17,NASA POWER daily T2M
2025-12-11,charlotte,Southeast,0.05,4.02,39.24,5.64,42.16,-2.92,NASA POWER daily T2M
2025-12-12,charlotte,Southeast,0.05,3.21,37.78,5.65,42.17,-4.39,NASA POWER daily T2M
2025-12-13,charlotte,Southeast,0.05,5.28,41.5,5.92,42.66,-1.16,NASA POWER daily T2M
2025-12-14,charlotte,Southeast,0.05,3.67,38.61,6.28,43.3,-4.69,NASA POWER daily T2M
2025-12-15,charlotte,Southeast,0.05,-3.52,25.66,5.52,41.94,-16.28,NASA POWER daily T2M
2025-12-16,charlotte,Southeast,0.05,1.02,33.84,5.95,42.71,-8.88,NASA POWER daily T2M
2025-12-17,charlotte,Southeast,0.05,4.17,39.51,6.69,44.05,-4.54,NASA POWER daily T2M
2025-12-18,charlotte,Southeast,0.05,9.5,49.1,5.41,41.74,7.36,NASA POWER daily T2M
2025-12-19,charlotte,Southeast,0.05,11.28,52.3,4.92,40.85,11.45,NASA POWER daily T2M
2025-12-20,charlotte,Southeast,0.05,4.64,40.35,4.87,40.76,-0.41,NASA POWER daily T2M
2025-12-21,charlotte,Southeast,0.05,5.63,42.13,5.07,41.13,1.01,NASA POWER daily T2M
2025-12-22,charlotte,Southeast,0.05,3.74,38.73,5.8,42.44,-3.7,NASA POWER daily T2M
2025-12-23,charlotte,Southeast,0.05,8.79,47.82,6.6,43.88,3.94,NASA POWER daily T2M
2025-12-24,charlotte,Southeast,0.05,13.63,56.53,6.25,43.25,13.28,NASA POWER daily T2M
2025-12-25,charlotte,Southeast,0.05,15.75,60.35,4.29,39.72,20.63,NASA POWER daily T2M
2025-12-26,charlotte,Southeast,0.05,12.92,55.26,3.56,38.41,16.84,NASA POWER daily T2M
2025-12-27,charlotte,Southeast,0.05,15,59,4.14,39.45,19.55,NASA POWER daily T2M
2025-12-28,charlotte,Southeast,0.05,8.65,47.57,5.38,41.68,5.89,NASA POWER daily T2M
2025-12-29,charlotte,Southeast,0.05,10.41,50.74,6.46,43.63,7.11,NASA POWER daily T2M
2025-12-30,charlotte,Southeast,0.05,0.03,32.05,5.53,41.96,-9.9,NASA POWER daily T2M
2025-12-31,charlotte,Southeast,0.05,2.05,35.69,5.57,42.03,-6.34,NASA POWER daily T2M
2026-01-01,charlotte,Southeast,0.05,5.46,41.83,5.26,41.47,0.35,NASA POWER daily T2M
2026-01-02,charlotte,Southeast,0.05,6.51,43.72,4.97,40.95,2.77,NASA POWER daily T2M
2026-01-03,charlotte,Southeast,0.05,6.67,44.01,4.98,40.97,3.04,NASA POWER daily T2M
2026-01-04,charlotte,Southeast,0.05,6.27,43.29,5.3,41.54,1.74,NASA POWER daily T2M
2026-01-05,charlotte,Southeast,0.05,7.7,45.86,4.83,40.69,5.17,NASA POWER daily T2M
2026-01-06,charlotte,Southeast,0.05,10.53,50.95,5.11,41.19,9.76,NASA POWER daily T2M
2026-01-07,charlotte,Southeast,0.05,12.92,55.26,4.41,39.94,15.32,NASA POWER daily T2M
2026-01-08,charlotte,Southeast,0.05,10.96,51.73,3.74,38.72,13.01,NASA POWER daily T2M
2026-01-09,charlotte,Southeast,0.05,13.79,56.82,4.13,39.43,17.39,NASA POWER daily T2M
2026-01-10,charlotte,Southeast,0.05,16.87,62.37,4.39,39.91,22.46,NASA POWER daily T2M
2026-01-11,charlotte,Southeast,0.05,8.34,47.01,5.24,41.43,5.58,NASA POWER daily T2M
2026-01-12,charlotte,Southeast,0.05,1.57,34.83,6.34,43.41,-8.58,NASA POWER daily T2M
2026-01-13,charlotte,Southeast,0.05,4.59,40.26,6.35,43.42,-3.16,NASA POWER daily T2M
2026-01-14,charlotte,Southeast,0.05,6.15,43.07,5.45,41.82,1.25,NASA POWER daily T2M
2026-01-15,charlotte,Southeast,0.05,-0.14,31.75,4.69,40.44,-8.7,NASA POWER daily T2M
2026-01-16,charlotte,Southeast,0.05,-0.93,30.33,4.31,39.76,-9.44,NASA POWER daily T2M
2026-01-17,charlotte,Southeast,0.05,4.13,39.43,3.66,38.58,0.85,NASA POWER daily T2M
2026-01-18,charlotte,Southeast,0.05,1.72,35.1,3.5,38.29,-3.19,NASA POWER daily T2M
2026-01-19,charlotte,Southeast,0.05,0.45,32.81,3.11,37.6,-4.79,NASA POWER daily T2M
2026-01-20,charlotte,Southeast,0.05,-0.15,31.73,3.01,37.42,-5.69,NASA POWER daily T2M
2026-01-21,charlotte,Southeast,0.05,1.48,34.66,3.1,37.59,-2.92,NASA POWER daily T2M
2026-01-22,charlotte,Southeast,0.05,7.17,44.91,2.78,37,7.9,NASA POWER daily T2M
2026-01-23,charlotte,Southeast,0.05,4.99,40.98,3.93,39.08,1.9,NASA POWER daily T2M
2026-01-24,charlotte,Southeast,0.05,0.97,33.75,4.63,40.33,-6.58,NASA POWER daily T2M
2026-01-25,charlotte,Southeast,0.05,-3.44,25.81,2.7,36.87,-11.06,NASA POWER daily T2M
2026-01-26,charlotte,Southeast,0.05,-1.74,28.87,3.11,37.61,-8.74,NASA POWER daily T2M
2026-01-27,charlotte,Southeast,0.05,-3.82,25.12,3.69,38.65,-13.52,NASA POWER daily T2M
2026-01-28,charlotte,Southeast,0.05,-0.56,30.99,4.43,39.98,-8.99,NASA POWER daily T2M
2026-01-29,charlotte,Southeast,0.05,-1.98,28.44,4.6,40.28,-11.84,NASA POWER daily T2M
2026-01-30,charlotte,Southeast,0.05,-0.16,31.71,4.53,40.15,-8.43,NASA POWER daily T2M
2026-01-31,charlotte,Southeast,0.05,-4.54,23.83,3.39,38.1,-14.27,NASA POWER daily T2M
2026-02-01,charlotte,Southeast,0.05,-5.18,22.68,4.37,39.86,-17.19,NASA POWER daily T2M
2026-02-02,charlotte,Southeast,0.05,-3.34,25.99,4.85,40.74,-14.75,NASA POWER daily T2M
2026-02-03,charlotte,Southeast,0.05,0.58,33.04,5,41.01,-7.96,NASA POWER daily T2M
2026-02-04,charlotte,Southeast,0.05,2.73,36.91,4.71,40.47,-3.56,NASA POWER daily T2M
2026-02-05,charlotte,Southeast,0.05,0.76,33.37,4.62,40.31,-6.95,NASA POWER daily T2M
2026-02-06,charlotte,Southeast,0.05,2.66,36.79,5.19,41.35,-4.56,NASA POWER daily T2M
2026-02-07,charlotte,Southeast,0.05,1.71,35.08,6.11,43.01,-7.93,NASA POWER daily T2M
2026-02-08,charlotte,Southeast,0.05,-1.83,28.71,5.62,42.12,-13.42,NASA POWER daily T2M
2026-02-09,charlotte,Southeast,0.05,1.53,34.75,5.29,41.53,-6.78,NASA POWER daily T2M
2026-02-10,charlotte,Southeast,0.05,8.81,47.86,5.08,41.15,6.71,NASA POWER daily T2M
2026-02-11,charlotte,Southeast,0.05,13.07,55.53,6,42.8,12.72,NASA POWER daily T2M
2026-02-12,charlotte,Southeast,0.05,6.2,43.16,5.18,41.33,1.83,NASA POWER daily T2M
2026-02-13,charlotte,Southeast,0.05,4.96,40.93,4.42,39.96,0.97,NASA POWER daily T2M
2026-02-14,charlotte,Southeast,0.05,7.22,45,5.15,41.27,3.73,NASA POWER daily T2M
2026-02-15,charlotte,Southeast,0.05,7.13,44.83,5.62,42.11,2.72,NASA POWER daily T2M
2026-02-16,charlotte,Southeast,0.05,8.21,46.78,6.3,43.34,3.43,NASA POWER daily T2M
2026-02-17,charlotte,Southeast,0.05,9.26,48.67,5.32,41.58,7.09,NASA POWER daily T2M
2026-02-18,charlotte,Southeast,0.05,12.88,55.18,5.74,42.32,12.86,NASA POWER daily T2M
2026-02-19,charlotte,Southeast,0.05,16.84,62.31,6.73,44.12,18.19,NASA POWER daily T2M
2026-02-20,charlotte,Southeast,0.05,18.21,64.78,7.73,45.92,18.86,NASA POWER daily T2M
2026-02-21,charlotte,Southeast,0.05,12.43,54.37,9.08,48.35,6.03,NASA POWER daily T2M
2026-02-22,charlotte,Southeast,0.05,7.15,44.87,8.83,47.9,-3.03,NASA POWER daily T2M
2026-02-23,charlotte,Southeast,0.05,0.29,32.52,8.12,46.61,-14.09,NASA POWER daily T2M
2026-02-24,charlotte,Southeast,0.05,0.89,33.6,8.04,46.47,-12.87,NASA POWER daily T2M
2026-02-25,charlotte,Southeast,0.05,9.11,48.4,7.76,45.96,2.44,NASA POWER daily T2M
2026-02-26,charlotte,Southeast,0.05,12.65,54.77,7.02,44.64,10.13,NASA POWER daily T2M
2026-02-27,charlotte,Southeast,0.05,10.15,50.27,6.95,44.52,5.75,NASA POWER daily T2M
2026-02-28,charlotte,Southeast,0.05,10.36,50.65,7.92,46.26,4.39,NASA POWER daily T2M
2026-03-01,charlotte,Southeast,0.05,13.8,56.84,8.8,47.84,9,NASA POWER daily T2M
2026-03-02,charlotte,Southeast,0.05,9.87,49.77,8.92,48.06,1.7,NASA POWER daily T2M
2026-03-03,charlotte,Southeast,0.05,9.46,49.03,7.91,46.24,2.79,NASA POWER daily T2M
2026-03-04,charlotte,Southeast,0.05,14.05,57.29,7.09,44.75,12.54,NASA POWER daily T2M
2026-03-05,charlotte,Southeast,0.05,16.4,61.52,7.99,46.38,15.14,NASA POWER daily T2M
2026-03-06,charlotte,Southeast,0.05,18.71,65.68,8.22,46.79,18.89,NASA POWER daily T2M
2026-03-07,charlotte,Southeast,0.05,19.2,66.56,8.91,48.04,18.52,NASA POWER daily T2M
2026-03-08,charlotte,Southeast,0.05,18.04,64.47,9.08,48.34,16.14,NASA POWER daily T2M
2026-03-09,charlotte,Southeast,0.05,17.94,64.29,9.23,48.61,15.69,NASA POWER daily T2M
2026-03-10,charlotte,Southeast,0.05,20.36,68.65,9.85,49.73,18.92,NASA POWER daily T2M
2026-03-11,charlotte,Southeast,0.05,21.58,70.84,9.36,48.85,21.99,NASA POWER daily T2M
2026-03-12,charlotte,Southeast,0.05,12.97,55.35,9.46,49.03,6.32,NASA POWER daily T2M
2026-03-13,charlotte,Southeast,0.05,8.39,47.1,9.84,49.71,-2.6,NASA POWER daily T2M
2026-03-14,charlotte,Southeast,0.05,14,57.2,10.16,50.29,6.91,NASA POWER daily T2M
2026-03-15,charlotte,Southeast,0.05,15.8,60.44,10.38,50.69,9.75,NASA POWER daily T2M
2026-03-16,charlotte,Southeast,0.05,14.47,58.05,10.52,50.93,7.12,NASA POWER daily T2M
2026-03-17,charlotte,Southeast,0.05,3.31,37.96,10.25,50.45,-12.5,NASA POWER daily T2M
2026-03-18,charlotte,Southeast,0.05,4.67,40.41,10.46,50.83,-10.42,NASA POWER daily T2M
2026-03-19,charlotte,Southeast,0.05,10.25,50.45,10.88,51.58,-1.13,NASA POWER daily T2M
2026-03-20,charlotte,Southeast,0.05,13.75,56.75,10.84,51.51,5.24,NASA POWER daily T2M
2026-03-21,charlotte,Southeast,0.05,16.64,61.95,11.32,52.38,9.58,NASA POWER daily T2M
2026-03-22,charlotte,Southeast,0.05,20.6,69.08,10.76,51.36,17.72,NASA POWER daily T2M
2026-03-23,charlotte,Southeast,0.05,19.83,67.69,10.89,51.61,16.09,NASA POWER daily T2M
2026-03-24,charlotte,Southeast,0.05,9.12,48.42,11.63,52.93,-4.51,NASA POWER daily T2M
2026-03-25,charlotte,Southeast,0.05,11.27,52.29,11.78,53.21,-0.92,NASA POWER daily T2M
2026-03-26,charlotte,Southeast,0.05,17.28,63.1,11.89,53.39,9.71,NASA POWER daily T2M
2026-03-27,charlotte,Southeast,0.05,20.98,69.76,11.84,53.31,16.45,NASA POWER daily T2M
2026-03-28,charlotte,Southeast,0.05,10.41,50.74,12.72,54.9,-4.16,NASA POWER daily T2M
2026-03-29,charlotte,Southeast,0.05,10.25,50.45,13.22,55.79,-5.34,NASA POWER daily T2M
2026-03-30,charlotte,Southeast,0.05,15.91,60.64,12.46,54.42,6.22,NASA POWER daily T2M
2026-03-31,charlotte,Southeast,0.05,18.97,66.15,12.84,55.11,11.03,NASA POWER daily T2M
2025-11-01,raleigh,Southeast,0.04,11.01,51.82,13.05,55.5,-3.68,NASA POWER daily T2M
2025-11-02,raleigh,Southeast,0.04,12.22,54,12.49,54.48,-0.48,NASA POWER daily T2M
2025-11-03,raleigh,Southeast,0.04,12.5,54.5,11.25,52.25,2.25,NASA POWER daily T2M
2025-11-04,raleigh,Southeast,0.04,10.97,51.75,10.81,51.46,0.28,NASA POWER daily T2M
2025-11-05,raleigh,Southeast,0.04,12.86,55.15,11.03,51.86,3.29,NASA POWER daily T2M
2025-11-06,raleigh,Southeast,0.04,12.79,55.02,11.37,52.46,2.56,NASA POWER daily T2M
2025-11-07,raleigh,Southeast,0.04,12.82,55.08,10.95,51.72,3.36,NASA POWER daily T2M
2025-11-08,raleigh,Southeast,0.04,16.93,62.47,9.72,49.49,12.98,NASA POWER daily T2M
2025-11-09,raleigh,Southeast,0.04,18.13,64.63,9.73,49.52,15.11,NASA POWER daily T2M
2025-11-10,raleigh,Southeast,0.04,6.74,44.13,9.97,49.95,-5.82,NASA POWER daily T2M
2025-11-11,raleigh,Southeast,0.04,2.84,37.11,9.64,49.35,-12.24,NASA POWER daily T2M
2025-11-12,raleigh,Southeast,0.04,8.32,46.98,9.09,48.37,-1.39,NASA POWER daily T2M
2025-11-13,raleigh,Southeast,0.04,9.98,49.96,8.6,47.49,2.48,NASA POWER daily T2M
2025-11-14,raleigh,Southeast,0.04,9.3,48.74,8.77,47.78,0.96,NASA POWER daily T2M
2025-11-15,raleigh,Southeast,0.04,13.42,56.16,9.21,48.58,7.57,NASA POWER daily T2M
2025-11-16,raleigh,Southeast,0.04,15.14,59.25,9.31,48.75,10.5,NASA POWER daily T2M
2025-11-17,raleigh,Southeast,0.04,8.16,46.69,8.31,46.96,-0.27,NASA POWER daily T2M
2025-11-18,raleigh,Southeast,0.04,8.86,47.95,7.86,46.14,1.81,NASA POWER daily T2M
2025-11-19,raleigh,Southeast,0.04,12.48,54.46,8.92,48.06,6.4,NASA POWER daily T2M
2025-11-20,raleigh,Southeast,0.04,10.23,50.41,8.56,47.41,3.01,NASA POWER daily T2M
2025-11-21,raleigh,Southeast,0.04,13.22,55.8,8.58,47.45,8.35,NASA POWER daily T2M
2025-11-22,raleigh,Southeast,0.04,17,62.6,8.88,47.98,14.62,NASA POWER daily T2M
2025-11-23,raleigh,Southeast,0.04,12.44,54.39,7.94,46.29,8.1,NASA POWER daily T2M
2025-11-24,raleigh,Southeast,0.04,9.77,49.59,8.06,46.51,3.08,NASA POWER daily T2M
2025-11-25,raleigh,Southeast,0.04,12.4,54.32,7.76,45.96,8.36,NASA POWER daily T2M
2025-11-26,raleigh,Southeast,0.04,16.64,61.95,8.65,47.57,14.38,NASA POWER daily T2M
2025-11-27,raleigh,Southeast,0.04,5.99,42.78,7.86,46.15,-3.37,NASA POWER daily T2M
2025-11-28,raleigh,Southeast,0.04,1.18,34.12,7.91,46.24,-12.12,NASA POWER daily T2M
2025-11-29,raleigh,Southeast,0.04,0.51,32.92,7.58,45.65,-12.73,NASA POWER daily T2M
2025-11-30,raleigh,Southeast,0.04,5.38,41.68,8.43,47.17,-5.48,NASA POWER daily T2M
2025-12-01,raleigh,Southeast,0.04,4.44,39.99,8.1,46.58,-6.58,NASA POWER daily T2M
2025-12-02,raleigh,Southeast,0.04,3.98,39.16,6.57,43.82,-4.66,NASA POWER daily T2M
2025-12-03,raleigh,Southeast,0.04,2.5,36.5,6.72,44.1,-7.6,NASA POWER daily T2M
2025-12-04,raleigh,Southeast,0.04,3.73,38.71,6.53,43.75,-5.04,NASA POWER daily T2M
2025-12-05,raleigh,Southeast,0.04,1.84,35.31,6.38,43.48,-8.17,NASA POWER daily T2M
2025-12-06,raleigh,Southeast,0.04,1.89,35.4,5.66,42.19,-6.79,NASA POWER daily T2M
2025-12-07,raleigh,Southeast,0.04,3.79,38.82,5.28,41.51,-2.69,NASA POWER daily T2M
2025-12-08,raleigh,Southeast,0.04,0.93,33.67,4.27,39.69,-6.02,NASA POWER daily T2M
2025-12-09,raleigh,Southeast,0.04,-1.31,29.64,5.11,41.19,-11.55,NASA POWER daily T2M
2025-12-10,raleigh,Southeast,0.04,3.78,38.8,5.97,42.74,-3.94,NASA POWER daily T2M
2025-12-11,raleigh,Southeast,0.04,2.66,36.79,5.13,41.23,-4.44,NASA POWER daily T2M
2025-12-12,raleigh,Southeast,0.04,0.85,33.53,5.06,41.11,-7.58,NASA POWER daily T2M
2025-12-13,raleigh,Southeast,0.04,3.79,38.82,5.5,41.91,-3.09,NASA POWER daily T2M
2025-12-14,raleigh,Southeast,0.04,1.45,34.61,5.84,42.52,-7.91,NASA POWER daily T2M
2025-12-15,raleigh,Southeast,0.04,-3.87,25.03,4.94,40.89,-15.86,NASA POWER daily T2M
2025-12-16,raleigh,Southeast,0.04,0.48,32.86,5.06,41.1,-8.24,NASA POWER daily T2M
2025-12-17,raleigh,Southeast,0.04,2.04,35.67,5.78,42.4,-6.72,NASA POWER daily T2M
2025-12-18,raleigh,Southeast,0.04,8.69,47.64,4.58,40.24,7.4,NASA POWER daily T2M
2025-12-19,raleigh,Southeast,0.04,11.7,53.06,4.04,39.28,13.78,NASA POWER daily T2M
2025-12-20,raleigh,Southeast,0.04,4.03,39.25,3.97,39.14,0.11,NASA POWER daily T2M
2025-12-21,raleigh,Southeast,0.04,5.18,41.32,4.34,39.81,1.52,NASA POWER daily T2M
2025-12-22,raleigh,Southeast,0.04,2.64,36.75,4.99,40.99,-4.24,NASA POWER daily T2M
2025-12-23,raleigh,Southeast,0.04,8.29,46.92,5.88,42.58,4.34,NASA POWER daily T2M
2025-12-24,raleigh,Southeast,0.04,12.17,53.91,5.45,41.81,12.09,NASA POWER daily T2M
2025-12-25,raleigh,Southeast,0.04,13.1,55.58,3.73,38.72,16.86,NASA POWER daily T2M
2025-12-26,raleigh,Southeast,0.04,8.11,46.6,2.89,37.21,9.39,NASA POWER daily T2M
2025-12-27,raleigh,Southeast,0.04,11.15,52.07,3.38,38.09,13.98,NASA POWER daily T2M
2025-12-28,raleigh,Southeast,0.04,5.78,42.4,4.25,39.65,2.76,NASA POWER daily T2M
2025-12-29,raleigh,Southeast,0.04,9.61,49.3,5.43,41.77,7.53,NASA POWER daily T2M
2025-12-30,raleigh,Southeast,0.04,-1,30.2,4.53,40.15,-9.95,NASA POWER daily T2M
2025-12-31,raleigh,Southeast,0.04,1.76,35.17,4.83,40.7,-5.53,NASA POWER daily T2M
2026-01-01,raleigh,Southeast,0.04,4.93,40.87,4.46,40.03,0.85,NASA POWER daily T2M
2026-01-02,raleigh,Southeast,0.04,6.37,43.47,4.03,39.25,4.21,NASA POWER daily T2M
2026-01-03,raleigh,Southeast,0.04,4.17,39.51,4.52,40.14,-0.64,NASA POWER daily T2M
2026-01-04,raleigh,Southeast,0.04,3.39,38.1,4.79,40.63,-2.52,NASA POWER daily T2M
2026-01-05,raleigh,Southeast,0.04,4.82,40.68,4.16,39.49,1.18,NASA POWER daily T2M
2026-01-06,raleigh,Southeast,0.04,9.89,49.8,4.24,39.64,10.16,NASA POWER daily T2M
2026-01-07,raleigh,Southeast,0.04,12.08,53.74,3.38,38.08,15.66,NASA POWER daily T2M
2026-01-08,raleigh,Southeast,0.04,9.33,48.79,2.81,37.06,11.73,NASA POWER daily T2M
2026-01-09,raleigh,Southeast,0.04,12,53.6,3.17,37.71,15.89,NASA POWER daily T2M
2026-01-10,raleigh,Southeast,0.04,16.84,62.31,3.44,38.18,24.13,NASA POWER daily T2M
2026-01-11,raleigh,Southeast,0.04,9.38,48.88,4.27,39.68,9.2,NASA POWER daily T2M
2026-01-12,raleigh,Southeast,0.04,1.98,35.56,5.68,42.23,-6.66,NASA POWER daily T2M
2026-01-13,raleigh,Southeast,0.04,4.51,40.12,5.56,42.01,-1.9,NASA POWER daily T2M
2026-01-14,raleigh,Southeast,0.04,5.38,41.68,4.28,39.71,1.97,NASA POWER daily T2M
2026-01-15,raleigh,Southeast,0.04,0.83,33.49,3.36,38.05,-4.55,NASA POWER daily T2M
2026-01-16,raleigh,Southeast,0.04,-0.93,30.33,3.03,37.46,-7.14,NASA POWER daily T2M
2026-01-17,raleigh,Southeast,0.04,2.93,37.27,2.66,36.78,0.49,NASA POWER daily T2M
2026-01-18,raleigh,Southeast,0.04,1.59,34.86,2.81,37.05,-2.19,NASA POWER daily T2M
2026-01-19,raleigh,Southeast,0.04,-0.03,31.95,2.07,35.73,-3.78,NASA POWER daily T2M
2026-01-20,raleigh,Southeast,0.04,-1.58,29.16,2.09,35.77,-6.61,NASA POWER daily T2M
2026-01-21,raleigh,Southeast,0.04,0.3,32.54,1.68,35.03,-2.49,NASA POWER daily T2M
2026-01-22,raleigh,Southeast,0.04,5.8,42.44,1.46,34.62,7.82,NASA POWER daily T2M
2026-01-23,raleigh,Southeast,0.04,4.64,40.35,2.9,37.21,3.14,NASA POWER daily T2M
2026-01-24,raleigh,Southeast,0.04,-2.75,27.05,3.75,38.74,-11.69,NASA POWER daily T2M
2026-01-25,raleigh,Southeast,0.04,-3.86,25.05,2.05,35.69,-10.63,NASA POWER daily T2M
2026-01-26,raleigh,Southeast,0.04,-2.95,26.69,2.03,35.65,-8.96,NASA POWER daily T2M
2026-01-27,raleigh,Southeast,0.04,-6.37,20.53,2.8,37.04,-16.51,NASA POWER daily T2M
2026-01-28,raleigh,Southeast,0.04,-3.02,26.56,3.4,38.12,-11.55,NASA POWER daily T2M
2026-01-29,raleigh,Southeast,0.04,-5.09,22.84,3.24,37.83,-14.99,NASA POWER daily T2M
2026-01-30,raleigh,Southeast,0.04,-4.41,24.06,3.55,38.39,-14.33,NASA POWER daily T2M
2026-01-31,raleigh,Southeast,0.04,-6.79,19.78,2.44,36.38,-16.61,NASA POWER daily T2M
2026-02-01,raleigh,Southeast,0.04,-7.82,17.92,3.56,38.41,-20.49,NASA POWER daily T2M
2026-02-02,raleigh,Southeast,0.04,-7.82,17.92,4.07,39.33,-21.41,NASA POWER daily T2M
2026-02-03,raleigh,Southeast,0.04,-2.46,27.57,3.8,38.83,-11.26,NASA POWER daily T2M
2026-02-04,raleigh,Southeast,0.04,0.84,33.51,4.26,39.67,-6.16,NASA POWER daily T2M
2026-02-05,raleigh,Southeast,0.04,-1.11,30,3.56,38.41,-8.41,NASA POWER daily T2M
2026-02-06,raleigh,Southeast,0.04,-0.17,31.69,4.12,39.41,-7.72,NASA POWER daily T2M
2026-02-07,raleigh,Southeast,0.04,-1.57,29.17,5.13,41.23,-12.06,NASA POWER daily T2M
2026-02-08,raleigh,Southeast,0.04,-4.44,24.01,4.66,40.38,-16.37,NASA POWER daily T2M
2026-02-09,raleigh,Southeast,0.04,-2.59,27.34,4.23,39.61,-12.27,NASA POWER daily T2M
2026-02-10,raleigh,Southeast,0.04,4.87,40.77,4.01,39.22,1.55,NASA POWER daily T2M
2026-02-11,raleigh,Southeast,0.04,9.94,49.89,4.98,40.97,8.92,NASA POWER daily T2M
2026-02-12,raleigh,Southeast,0.04,3.92,39.06,4.17,39.5,-0.45,NASA POWER daily T2M
2026-02-13,raleigh,Southeast,0.04,3.19,37.74,3.34,38.01,-0.27,NASA POWER daily T2M
2026-02-14,raleigh,Southeast,0.04,5.94,42.69,4.17,39.51,3.18,NASA POWER daily T2M
2026-02-15,raleigh,Southeast,0.04,5.72,42.3,4.5,40.11,2.19,NASA POWER daily T2M
2026-02-16,raleigh,Southeast,0.04,6.81,44.26,4.75,40.55,3.71,NASA POWER daily T2M
2026-02-17,raleigh,Southeast,0.04,8,46.4,4.05,39.29,7.11,NASA POWER daily T2M
2026-02-18,raleigh,Southeast,0.04,11.87,53.37,4.91,40.85,12.52,NASA POWER daily T2M
2026-02-19,raleigh,Southeast,0.04,14.99,58.98,5.55,41.99,16.99,NASA POWER daily T2M
2026-02-20,raleigh,Southeast,0.04,16.12,61.02,6.52,43.74,17.28,NASA POWER daily T2M
2026-02-21,raleigh,Southeast,0.04,12.11,53.8,7.85,46.14,7.66,NASA POWER daily T2M
2026-02-22,raleigh,Southeast,0.04,6.03,42.85,7.48,45.46,-2.61,NASA POWER daily T2M
2026-02-23,raleigh,Southeast,0.04,1.34,34.41,6.74,44.13,-9.71,NASA POWER daily T2M
2026-02-24,raleigh,Southeast,0.04,1.2,34.16,7.17,44.9,-10.74,NASA POWER daily T2M
2026-02-25,raleigh,Southeast,0.04,7.61,45.7,6.63,43.93,1.77,NASA POWER daily T2M
2026-02-26,raleigh,Southeast,0.04,10.72,51.3,6.13,43.03,8.27,NASA POWER daily T2M
2026-02-27,raleigh,Southeast,0.04,7.51,45.52,5.98,42.77,2.75,NASA POWER daily T2M
2026-02-28,raleigh,Southeast,0.04,9.35,48.83,6.84,44.31,4.52,NASA POWER daily T2M
2026-03-01,raleigh,Southeast,0.04,13.15,55.67,7.31,45.17,10.5,NASA POWER daily T2M
2026-03-02,raleigh,Southeast,0.04,6.74,44.13,7.95,46.32,-2.19,NASA POWER daily T2M
2026-03-03,raleigh,Southeast,0.04,7.62,45.72,6.66,44,1.72,NASA POWER daily T2M
2026-03-04,raleigh,Southeast,0.04,14.26,57.67,5.74,42.34,15.33,NASA POWER daily T2M
2026-03-05,raleigh,Southeast,0.04,16.16,61.09,6.68,44.02,17.07,NASA POWER daily T2M
2026-03-06,raleigh,Southeast,0.04,18.53,65.35,7.13,44.84,20.51,NASA POWER daily T2M
2026-03-07,raleigh,Southeast,0.04,19.25,66.65,8.06,46.52,20.13,NASA POWER daily T2M
2026-03-08,raleigh,Southeast,0.04,18.31,64.96,8.54,47.38,17.58,NASA POWER daily T2M
2026-03-09,raleigh,Southeast,0.04,17.49,63.48,8.32,46.98,16.51,NASA POWER daily T2M
2026-03-10,raleigh,Southeast,0.04,18.64,65.55,9.15,48.48,17.08,NASA POWER daily T2M
2026-03-11,raleigh,Southeast,0.04,21.27,70.29,8.65,47.56,22.72,NASA POWER daily T2M
2026-03-12,raleigh,Southeast,0.04,11.09,51.96,8.49,47.28,4.68,NASA POWER daily T2M
2026-03-13,raleigh,Southeast,0.04,8.11,46.6,8.98,48.16,-1.56,NASA POWER daily T2M
2026-03-14,raleigh,Southeast,0.04,13.16,55.69,9.32,48.78,6.91,NASA POWER daily T2M
2026-03-15,raleigh,Southeast,0.04,15.43,59.77,9.58,49.24,10.54,NASA POWER daily T2M
2026-03-16,raleigh,Southeast,0.04,15.82,60.48,9.49,49.09,11.39,NASA POWER daily T2M
2026-03-17,raleigh,Southeast,0.04,3.24,37.83,9.03,48.26,-10.43,NASA POWER daily T2M
2026-03-18,raleigh,Southeast,0.04,2.8,37.04,9.1,48.38,-11.34,NASA POWER daily T2M
2026-03-19,raleigh,Southeast,0.04,8.16,46.69,9.69,49.45,-2.76,NASA POWER daily T2M
2026-03-20,raleigh,Southeast,0.04,12.95,55.31,9.61,49.29,6.02,NASA POWER daily T2M
2026-03-21,raleigh,Southeast,0.04,17.5,63.5,10.19,50.33,13.17,NASA POWER daily T2M
2026-03-22,raleigh,Southeast,0.04,19.85,67.73,9.88,49.78,17.95,NASA POWER daily T2M
2026-03-23,raleigh,Southeast,0.04,18.71,65.68,9.56,49.22,16.46,NASA POWER daily T2M
2026-03-24,raleigh,Southeast,0.04,6.9,44.42,10.39,50.7,-6.28,NASA POWER daily T2M
2026-03-25,raleigh,Southeast,0.04,9.87,49.77,10.65,51.18,-1.41,NASA POWER daily T2M
2026-03-26,raleigh,Southeast,0.04,17.42,63.36,10.87,51.57,11.79,NASA POWER daily T2M
2026-03-27,raleigh,Southeast,0.04,20.4,68.72,10.63,51.13,17.59,NASA POWER daily T2M
2026-03-28,raleigh,Southeast,0.04,8.89,48,12.08,53.74,-5.74,NASA POWER daily T2M
2026-03-29,raleigh,Southeast,0.04,9.05,48.29,12.62,54.72,-6.43,NASA POWER daily T2M
2026-03-30,raleigh,Southeast,0.04,15.4,59.72,11.75,53.15,6.57,NASA POWER daily T2M
2026-03-31,raleigh,Southeast,0.04,19.03,66.25,12.12,53.81,12.44,NASA POWER daily T2M
2025-11-01,washington-dc,Mid-Atlantic,0.07,11.54,52.77,11.26,52.27,0.5,NASA POWER daily T2M
2025-11-02,washington-dc,Mid-Atlantic,0.07,11.79,53.22,10.73,51.32,1.9,NASA POWER daily T2M
2025-11-03,washington-dc,Mid-Atlantic,0.07,12.62,54.72,9.85,49.74,4.98,NASA POWER daily T2M
2025-11-04,washington-dc,Mid-Atlantic,0.07,10.99,51.78,8.74,47.73,4.05,NASA POWER daily T2M
2025-11-05,washington-dc,Mid-Atlantic,0.07,13.63,56.53,9.31,48.75,7.78,NASA POWER daily T2M
2025-11-06,washington-dc,Mid-Atlantic,0.07,10.82,51.48,9.91,49.83,1.64,NASA POWER daily T2M
2025-11-07,washington-dc,Mid-Atlantic,0.07,10.9,51.62,9.02,48.23,3.39,NASA POWER daily T2M
2025-11-08,washington-dc,Mid-Atlantic,0.07,14.42,57.96,8.28,46.9,11.06,NASA POWER daily T2M
2025-11-09,washington-dc,Mid-Atlantic,0.07,14.02,57.24,8.16,46.69,10.55,NASA POWER daily T2M
2025-11-10,washington-dc,Mid-Atlantic,0.07,6.49,43.68,8.44,47.19,-3.51,NASA POWER daily T2M
2025-11-11,washington-dc,Mid-Atlantic,0.07,2.24,36.03,8.47,47.25,-11.22,NASA POWER daily T2M
2025-11-12,washington-dc,Mid-Atlantic,0.07,7.18,44.92,7.42,45.35,-0.43,NASA POWER daily T2M
2025-11-13,washington-dc,Mid-Atlantic,0.07,7.56,45.61,6.9,44.41,1.2,NASA POWER daily T2M
2025-11-14,washington-dc,Mid-Atlantic,0.07,7.44,45.39,7.24,45.02,0.37,NASA POWER daily T2M
2025-11-15,washington-dc,Mid-Atlantic,0.07,11.32,52.38,8.04,46.48,5.9,NASA POWER daily T2M
2025-11-16,washington-dc,Mid-Atlantic,0.07,11.49,52.68,7.43,45.38,7.3,NASA POWER daily T2M
2025-11-17,washington-dc,Mid-Atlantic,0.07,4.99,40.98,6.44,43.58,-2.6,NASA POWER daily T2M
2025-11-18,washington-dc,Mid-Atlantic,0.07,4.34,39.81,6.12,43.02,-3.2,NASA POWER daily T2M
2025-11-19,washington-dc,Mid-Atlantic,0.07,6.49,43.68,6.86,44.35,-0.67,NASA POWER daily T2M
2025-11-20,washington-dc,Mid-Atlantic,0.07,5.69,42.24,6.68,44.03,-1.79,NASA POWER daily T2M
2025-11-21,washington-dc,Mid-Atlantic,0.07,8.74,47.73,6.72,44.1,3.63,NASA POWER daily T2M
2025-11-22,washington-dc,Mid-Atlantic,0.07,9.84,49.71,6.83,44.29,5.42,NASA POWER daily T2M
2025-11-23,washington-dc,Mid-Atlantic,0.07,7.91,46.24,5.62,42.12,4.12,NASA POWER daily T2M
2025-11-24,washington-dc,Mid-Atlantic,0.07,7.49,45.48,5.86,42.54,2.94,NASA POWER daily T2M
2025-11-25,washington-dc,Mid-Atlantic,0.07,8.73,47.71,5.61,42.1,5.61,NASA POWER daily T2M
2025-11-26,washington-dc,Mid-Atlantic,0.07,13.96,57.13,6.53,43.75,13.38,NASA POWER daily T2M
2025-11-27,washington-dc,Mid-Atlantic,0.07,4.27,39.69,5.9,42.63,-2.94,NASA POWER daily T2M
2025-11-28,washington-dc,Mid-Atlantic,0.07,1.55,34.79,6.17,43.1,-8.31,NASA POWER daily T2M
2025-11-29,washington-dc,Mid-Atlantic,0.07,1.48,34.66,5.61,42.1,-7.44,NASA POWER daily T2M
2025-11-30,washington-dc,Mid-Atlantic,0.07,2.78,37,6.13,43.04,-6.04,NASA POWER daily T2M
2025-12-01,washington-dc,Mid-Atlantic,0.07,2.01,35.62,5.63,42.13,-6.51,NASA POWER daily T2M
2025-12-02,washington-dc,Mid-Atlantic,0.07,1.12,34.02,4.08,39.34,-5.32,NASA POWER daily T2M
2025-12-03,washington-dc,Mid-Atlantic,0.07,-0.1,31.82,4.52,40.14,-8.32,NASA POWER daily T2M
2025-12-04,washington-dc,Mid-Atlantic,0.07,-0.03,31.95,4.5,40.11,-8.16,NASA POWER daily T2M
2025-12-05,washington-dc,Mid-Atlantic,0.07,-1.76,28.83,4.45,40,-11.17,NASA POWER daily T2M
2025-12-06,washington-dc,Mid-Atlantic,0.07,0.28,32.5,3.5,38.29,-5.79,NASA POWER daily T2M
2025-12-07,washington-dc,Mid-Atlantic,0.07,0.44,32.79,2.94,37.29,-4.5,NASA POWER daily T2M
2025-12-08,washington-dc,Mid-Atlantic,0.07,-1.39,29.5,1.91,35.44,-5.94,NASA POWER daily T2M
2025-12-09,washington-dc,Mid-Atlantic,0.07,-2.59,27.34,2.38,36.29,-8.95,NASA POWER daily T2M
2025-12-10,washington-dc,Mid-Atlantic,0.07,1.14,34.05,3.12,37.61,-3.56,NASA POWER daily T2M
2025-12-11,washington-dc,Mid-Atlantic,0.07,-0.26,31.53,2.6,36.68,-5.15,NASA POWER daily T2M
2025-12-12,washington-dc,Mid-Atlantic,0.07,-0.61,30.9,2.61,36.7,-5.79,NASA POWER daily T2M
2025-12-13,washington-dc,Mid-Atlantic,0.07,0.85,33.53,2.33,36.2,-2.67,NASA POWER daily T2M
2025-12-14,washington-dc,Mid-Atlantic,0.07,-3.07,26.47,3.16,37.69,-11.21,NASA POWER daily T2M
2025-12-15,washington-dc,Mid-Atlantic,0.07,-5.81,21.54,2.64,36.75,-15.21,NASA POWER daily T2M
2025-12-16,washington-dc,Mid-Atlantic,0.07,-2.45,27.59,2.25,36.05,-8.46,NASA POWER daily T2M
2025-12-17,washington-dc,Mid-Atlantic,0.07,1.02,33.84,2.6,36.67,-2.84,NASA POWER daily T2M
2025-12-18,washington-dc,Mid-Atlantic,0.07,3.7,38.66,1.75,35.14,3.52,NASA POWER daily T2M
2025-12-19,washington-dc,Mid-Atlantic,0.07,7.14,44.85,1.17,34.1,10.75,NASA POWER daily T2M
2025-12-20,washington-dc,Mid-Atlantic,0.07,0.35,32.63,0.87,33.57,-0.94,NASA POWER daily T2M
2025-12-21,washington-dc,Mid-Atlantic,0.07,2.88,37.18,1.81,35.26,1.92,NASA POWER daily T2M
2025-12-22,washington-dc,Mid-Atlantic,0.07,0.34,32.61,2.26,36.06,-3.45,NASA POWER daily T2M
2025-12-23,washington-dc,Mid-Atlantic,0.07,3.41,38.14,2.92,37.25,0.89,NASA POWER daily T2M
2025-12-24,washington-dc,Mid-Atlantic,0.07,5.6,42.08,2.2,35.96,6.12,NASA POWER daily T2M
2025-12-25,washington-dc,Mid-Atlantic,0.07,4.9,40.82,0.8,33.44,7.38,NASA POWER daily T2M
2025-12-26,washington-dc,Mid-Atlantic,0.07,0.32,32.58,0.54,32.97,-0.4,NASA POWER daily T2M
2025-12-27,washington-dc,Mid-Atlantic,0.07,1.52,34.74,1.09,33.97,0.77,NASA POWER daily T2M
2025-12-28,washington-dc,Mid-Atlantic,0.07,1.52,34.74,1.58,34.85,-0.11,NASA POWER daily T2M
2025-12-29,washington-dc,Mid-Atlantic,0.07,5.85,42.53,1.91,35.44,7.09,NASA POWER daily T2M
2025-12-30,washington-dc,Mid-Atlantic,0.07,-1.47,29.35,1.36,34.45,-5.09,NASA POWER daily T2M
2025-12-31,washington-dc,Mid-Atlantic,0.07,-1.26,29.73,1.44,34.59,-4.85,NASA POWER daily T2M
2026-01-01,washington-dc,Mid-Atlantic,0.07,-1.84,28.69,1.65,34.97,-6.28,NASA POWER daily T2M
2026-01-02,washington-dc,Mid-Atlantic,0.07,-1.25,29.75,0.91,33.65,-3.9,NASA POWER daily T2M
2026-01-03,washington-dc,Mid-Atlantic,0.07,-1.28,29.7,1.71,35.07,-5.38,NASA POWER daily T2M
2026-01-04,washington-dc,Mid-Atlantic,0.07,-0.57,30.97,2.14,35.85,-4.88,NASA POWER daily T2M
2026-01-05,washington-dc,Mid-Atlantic,0.07,0.92,33.66,1.03,33.86,-0.21,NASA POWER daily T2M
2026-01-06,washington-dc,Mid-Atlantic,0.07,2.42,36.36,0.72,33.3,3.06,NASA POWER daily T2M
2026-01-07,washington-dc,Mid-Atlantic,0.07,7.23,45.01,-0.14,31.75,13.26,NASA POWER daily T2M
2026-01-08,washington-dc,Mid-Atlantic,0.07,5.23,41.41,0.01,32.03,9.39,NASA POWER daily T2M
2026-01-09,washington-dc,Mid-Atlantic,0.07,6.46,43.63,0.25,32.45,11.18,NASA POWER daily T2M
2026-01-10,washington-dc,Mid-Atlantic,0.07,7.03,44.65,-0.21,31.63,13.02,NASA POWER daily T2M
2026-01-11,washington-dc,Mid-Atlantic,0.07,3.8,38.84,0.83,33.5,5.34,NASA POWER daily T2M
2026-01-12,washington-dc,Mid-Atlantic,0.07,1.37,34.47,2.55,36.59,-2.12,NASA POWER daily T2M
2026-01-13,washington-dc,Mid-Atlantic,0.07,4.18,39.52,2.08,35.75,3.77,NASA POWER daily T2M
2026-01-14,washington-dc,Mid-Atlantic,0.07,6.49,43.68,0.86,33.54,10.14,NASA POWER daily T2M
2026-01-15,washington-dc,Mid-Atlantic,0.07,-1.22,29.8,-0.06,31.89,-2.09,NASA POWER daily T2M
2026-01-16,washington-dc,Mid-Atlantic,0.07,-2.11,28.2,-0.3,31.46,-3.26,NASA POWER daily T2M
2026-01-17,washington-dc,Mid-Atlantic,0.07,1.03,33.85,-0.74,30.67,3.18,NASA POWER daily T2M
2026-01-18,washington-dc,Mid-Atlantic,0.07,-0.53,31.05,-1.04,30.13,0.92,NASA POWER daily T2M
2026-01-19,washington-dc,Mid-Atlantic,0.07,-1.41,29.46,-1.05,30.1,-0.64,NASA POWER daily T2M
2026-01-20,washington-dc,Mid-Atlantic,0.07,-5.39,22.3,-0.93,30.32,-8.02,NASA POWER daily T2M
2026-01-21,washington-dc,Mid-Atlantic,0.07,-1.78,28.8,-2.22,28,0.79,NASA POWER daily T2M
2026-01-22,washington-dc,Mid-Atlantic,0.07,2.64,36.75,-1.96,28.46,8.29,NASA POWER daily T2M
2026-01-23,washington-dc,Mid-Atlantic,0.07,-0.07,31.87,-0.37,31.33,0.55,NASA POWER daily T2M
2026-01-24,washington-dc,Mid-Atlantic,0.07,-8.34,16.99,-0.02,31.97,-14.98,NASA POWER daily T2M
2026-01-25,washington-dc,Mid-Atlantic,0.07,-6.81,19.74,-0.79,30.58,-10.84,NASA POWER daily T2M
2026-01-26,washington-dc,Mid-Atlantic,0.07,-7.64,18.25,-0.89,30.4,-12.15,NASA POWER daily T2M
2026-01-27,washington-dc,Mid-Atlantic,0.07,-9.67,14.59,-0.26,31.53,-16.94,NASA POWER daily T2M
2026-01-28,washington-dc,Mid-Atlantic,0.07,-10.29,13.48,0.02,32.03,-18.55,NASA POWER daily T2M
2026-01-29,washington-dc,Mid-Atlantic,0.07,-12.49,9.52,-0.59,30.94,-21.42,NASA POWER daily T2M
2026-01-30,washington-dc,Mid-Atlantic,0.07,-13.82,7.12,-0.04,31.93,-24.81,NASA POWER daily T2M
2026-01-31,washington-dc,Mid-Atlantic,0.07,-11.22,11.8,-0.84,30.49,-18.68,NASA POWER daily T2M
2026-02-01,washington-dc,Mid-Atlantic,0.07,-8.95,15.89,0.24,32.43,-16.54,NASA POWER daily T2M
2026-02-02,washington-dc,Mid-Atlantic,0.07,-7.47,18.55,0.19,32.34,-13.79,NASA POWER daily T2M
2026-02-03,washington-dc,Mid-Atlantic,0.07,-3.46,25.77,0.68,33.23,-7.45,NASA POWER daily T2M
2026-02-04,washington-dc,Mid-Atlantic,0.07,-2.13,28.17,0.93,33.67,-5.5,NASA POWER daily T2M
2026-02-05,washington-dc,Mid-Atlantic,0.07,-5.18,22.68,-0.03,31.95,-9.28,NASA POWER daily T2M
2026-02-06,washington-dc,Mid-Atlantic,0.07,-4.28,24.3,0.32,32.58,-8.29,NASA POWER daily T2M
2026-02-07,washington-dc,Mid-Atlantic,0.07,-7.56,18.39,0.83,33.49,-15.1,NASA POWER daily T2M
2026-02-08,washington-dc,Mid-Atlantic,0.07,-9.4,15.08,0.43,32.77,-17.69,NASA POWER daily T2M
2026-02-09,washington-dc,Mid-Atlantic,0.07,-6.65,20.03,0.15,32.27,-12.24,NASA POWER daily T2M
2026-02-10,washington-dc,Mid-Atlantic,0.07,0.16,32.29,0.41,32.74,-0.45,NASA POWER daily T2M
2026-02-11,washington-dc,Mid-Atlantic,0.07,3.47,38.25,0.83,33.49,4.76,NASA POWER daily T2M
2026-02-12,washington-dc,Mid-Atlantic,0.07,-0.38,31.32,-0.05,31.91,-0.59,NASA POWER daily T2M
2026-02-13,washington-dc,Mid-Atlantic,0.07,-0.87,30.43,-0.46,31.17,-0.73,NASA POWER daily T2M
2026-02-14,washington-dc,Mid-Atlantic,0.07,2.6,36.68,0.44,32.79,3.89,NASA POWER daily T2M
2026-02-15,washington-dc,Mid-Atlantic,0.07,2.96,37.33,0.72,33.29,4.03,NASA POWER daily T2M
2026-02-16,washington-dc,Mid-Atlantic,0.07,1.88,35.38,0.56,33,2.38,NASA POWER daily T2M
2026-02-17,washington-dc,Mid-Atlantic,0.07,2.97,37.35,0.37,32.67,4.68,NASA POWER daily T2M
2026-02-18,washington-dc,Mid-Atlantic,0.07,4.31,39.76,1.44,34.6,5.16,NASA POWER daily T2M
2026-02-19,washington-dc,Mid-Atlantic,0.07,3.26,37.87,1.66,34.98,2.89,NASA POWER daily T2M
2026-02-20,washington-dc,Mid-Atlantic,0.07,5.93,42.67,2.61,36.7,5.97,NASA POWER daily T2M
2026-02-21,washington-dc,Mid-Atlantic,0.07,4.61,40.3,3.25,37.84,2.45,NASA POWER daily T2M
2026-02-22,washington-dc,Mid-Atlantic,0.07,1.47,34.65,3.13,37.64,-2.99,NASA POWER daily T2M
2026-02-23,washington-dc,Mid-Atlantic,0.07,0.72,33.3,2.53,36.55,-3.26,NASA POWER daily T2M
2026-02-24,washington-dc,Mid-Atlantic,0.07,-1.5,29.3,2.76,36.97,-7.67,NASA POWER daily T2M
2026-02-25,washington-dc,Mid-Atlantic,0.07,3.5,38.3,2.87,37.17,1.13,NASA POWER daily T2M
2026-02-26,washington-dc,Mid-Atlantic,0.07,4.15,39.47,2.17,35.91,3.56,NASA POWER daily T2M
2026-02-27,washington-dc,Mid-Atlantic,0.07,4.5,40.1,2.7,36.87,3.23,NASA POWER daily T2M
2026-02-28,washington-dc,Mid-Atlantic,0.07,6.42,43.56,3.04,37.47,6.09,NASA POWER daily T2M
2026-03-01,washington-dc,Mid-Atlantic,0.07,4.83,40.69,3.71,38.67,2.02,NASA POWER daily T2M
2026-03-02,washington-dc,Mid-Atlantic,0.07,-0.96,30.27,4.28,39.71,-9.44,NASA POWER daily T2M
2026-03-03,washington-dc,Mid-Atlantic,0.07,2.29,36.12,2.71,36.88,-0.75,NASA POWER daily T2M
2026-03-04,washington-dc,Mid-Atlantic,0.07,6.27,43.29,2.06,35.72,7.57,NASA POWER daily T2M
2026-03-05,washington-dc,Mid-Atlantic,0.07,7.91,46.24,2.93,37.28,8.96,NASA POWER daily T2M
2026-03-06,washington-dc,Mid-Atlantic,0.07,6.35,43.43,3.31,37.95,5.48,NASA POWER daily T2M
2026-03-07,washington-dc,Mid-Atlantic,0.07,9.43,48.97,4.57,40.22,8.75,NASA POWER daily T2M
2026-03-08,washington-dc,Mid-Atlantic,0.07,15.5,59.9,5.52,41.94,17.96,NASA POWER daily T2M
2026-03-09,washington-dc,Mid-Atlantic,0.07,13.3,55.94,5.06,41.11,14.83,NASA POWER daily T2M
2026-03-10,washington-dc,Mid-Atlantic,0.07,15.46,59.83,4.97,40.94,18.88,NASA POWER daily T2M
2026-03-11,washington-dc,Mid-Atlantic,0.07,18.23,64.81,4.9,40.83,23.99,NASA POWER daily T2M
2026-03-12,washington-dc,Mid-Atlantic,0.07,6.75,44.15,4.47,40.05,4.1,NASA POWER daily T2M
2026-03-13,washington-dc,Mid-Atlantic,0.07,6.18,43.12,5.29,41.52,1.6,NASA POWER daily T2M
2026-03-14,washington-dc,Mid-Atlantic,0.07,8.43,47.17,5.63,42.14,5.04,NASA POWER daily T2M
2026-03-15,washington-dc,Mid-Atlantic,0.07,8.72,47.7,5.86,42.54,5.15,NASA POWER daily T2M
2026-03-16,washington-dc,Mid-Atlantic,0.07,13.63,56.53,5.05,41.1,15.44,NASA POWER daily T2M
2026-03-17,washington-dc,Mid-Atlantic,0.07,1.2,34.16,5.16,41.28,-7.12,NASA POWER daily T2M
2026-03-18,washington-dc,Mid-Atlantic,0.07,-0.53,31.05,5.23,41.41,-10.36,NASA POWER daily T2M
2026-03-19,washington-dc,Mid-Atlantic,0.07,5.08,41.14,5.64,42.15,-1,NASA POWER daily T2M
2026-03-20,washington-dc,Mid-Atlantic,0.07,10.64,51.15,5.79,42.42,8.73,NASA POWER daily T2M
2026-03-21,washington-dc,Mid-Atlantic,0.07,12.93,55.27,5.99,42.78,12.49,NASA POWER daily T2M
2026-03-22,washington-dc,Mid-Atlantic,0.07,14.88,58.78,5.95,42.71,16.08,NASA POWER daily T2M
2026-03-23,washington-dc,Mid-Atlantic,0.07,10.72,51.3,5.76,42.37,8.92,NASA POWER daily T2M
2026-03-24,washington-dc,Mid-Atlantic,0.07,5.15,41.27,6.63,43.93,-2.66,NASA POWER daily T2M
2026-03-25,washington-dc,Mid-Atlantic,0.07,7.5,45.5,7.2,44.96,0.54,NASA POWER daily T2M
2026-03-26,washington-dc,Mid-Atlantic,0.07,15.7,60.26,6.98,44.57,15.69,NASA POWER daily T2M
2026-03-27,washington-dc,Mid-Atlantic,0.07,10.62,51.12,7.6,45.67,5.44,NASA POWER daily T2M
2026-03-28,washington-dc,Mid-Atlantic,0.07,4.29,39.72,8.72,47.69,-7.97,NASA POWER daily T2M
2026-03-29,washington-dc,Mid-Atlantic,0.07,8.03,46.45,8.97,48.15,-1.7,NASA POWER daily T2M
2026-03-30,washington-dc,Mid-Atlantic,0.07,13.57,56.43,8.67,47.6,8.83,NASA POWER daily T2M
2026-03-31,washington-dc,Mid-Atlantic,0.07,19.03,66.25,8.49,47.28,18.98,NASA POWER daily T2M
2025-11-01,philadelphia,Mid-Atlantic,0.06,10.21,50.38,10.35,50.62,-0.25,NASA POWER daily T2M
2025-11-02,philadelphia,Mid-Atlantic,0.06,9.88,49.78,9.77,49.59,0.19,NASA POWER daily T2M
2025-11-03,philadelphia,Mid-Atlantic,0.06,11.48,52.66,9.1,48.38,4.29,NASA POWER daily T2M
2025-11-04,philadelphia,Mid-Atlantic,0.06,9.96,49.93,7.88,46.18,3.75,NASA POWER daily T2M
2025-11-05,philadelphia,Mid-Atlantic,0.06,12.2,53.96,8.68,47.62,6.34,NASA POWER daily T2M
2025-11-06,philadelphia,Mid-Atlantic,0.06,8.71,47.68,8.98,48.16,-0.48,NASA POWER daily T2M
2025-11-07,philadelphia,Mid-Atlantic,0.06,9.64,49.35,7.85,46.14,3.21,NASA POWER daily T2M
2025-11-08,philadelphia,Mid-Atlantic,0.06,14.03,57.25,7.25,45.06,12.2,NASA POWER daily T2M
2025-11-09,philadelphia,Mid-Atlantic,0.06,13.92,57.06,7.29,45.12,11.93,NASA POWER daily T2M
2025-11-10,philadelphia,Mid-Atlantic,0.06,7.59,45.66,7.66,45.78,-0.12,NASA POWER daily T2M
2025-11-11,philadelphia,Mid-Atlantic,0.06,1.55,34.79,7.77,45.98,-11.19,NASA POWER daily T2M
2025-11-12,philadelphia,Mid-Atlantic,0.06,5.91,42.64,6.66,43.99,-1.35,NASA POWER daily T2M
2025-11-13,philadelphia,Mid-Atlantic,0.06,6.2,43.16,6.21,43.17,-0.01,NASA POWER daily T2M
2025-11-14,philadelphia,Mid-Atlantic,0.06,5.66,42.19,6.68,44.03,-1.84,NASA POWER daily T2M
2025-11-15,philadelphia,Mid-Atlantic,0.06,7.3,45.14,7.37,45.27,-0.13,NASA POWER daily T2M
2025-11-16,philadelphia,Mid-Atlantic,0.06,9.98,49.96,6.57,43.83,6.14,NASA POWER daily T2M
2025-11-17,philadelphia,Mid-Atlantic,0.06,4.27,39.69,5.64,42.15,-2.47,NASA POWER daily T2M
2025-11-18,philadelphia,Mid-Atlantic,0.06,3.58,38.44,5.14,41.24,-2.8,NASA POWER daily T2M
2025-11-19,philadelphia,Mid-Atlantic,0.06,4.53,40.15,5.99,42.78,-2.62,NASA POWER daily T2M
2025-11-20,philadelphia,Mid-Atlantic,0.06,4.36,39.85,5.72,42.3,-2.45,NASA POWER daily T2M
2025-11-21,philadelphia,Mid-Atlantic,0.06,8.12,46.62,5.84,42.5,4.11,NASA POWER daily T2M
2025-11-22,philadelphia,Mid-Atlantic,0.06,7.66,45.79,6.2,43.15,2.64,NASA POWER daily T2M
2025-11-23,philadelphia,Mid-Atlantic,0.06,5.16,41.29,5.03,41.06,0.23,NASA POWER daily T2M
2025-11-24,philadelphia,Mid-Atlantic,0.06,6.28,43.3,5.23,41.41,1.9,NASA POWER daily T2M
2025-11-25,philadelphia,Mid-Atlantic,0.06,8.16,46.69,4.69,40.45,6.24,NASA POWER daily T2M
2025-11-26,philadelphia,Mid-Atlantic,0.06,12.67,54.81,5.94,42.69,12.12,NASA POWER daily T2M
2025-11-27,philadelphia,Mid-Atlantic,0.06,3.96,39.13,5.19,41.35,-2.22,NASA POWER daily T2M
2025-11-28,philadelphia,Mid-Atlantic,0.06,1.38,34.48,5.76,42.37,-7.89,NASA POWER daily T2M
2025-11-29,philadelphia,Mid-Atlantic,0.06,0.92,33.66,4.77,40.59,-6.94,NASA POWER daily T2M
2025-11-30,philadelphia,Mid-Atlantic,0.06,2.62,36.72,5.49,41.88,-5.16,NASA POWER daily T2M
2025-12-01,philadelphia,Mid-Atlantic,0.06,1.01,33.82,5.36,41.65,-7.83,NASA POWER daily T2M
2025-12-02,philadelphia,Mid-Atlantic,0.06,0.86,33.55,3.49,38.28,-4.73,NASA POWER daily T2M
2025-12-03,philadelphia,Mid-Atlantic,0.06,-0.88,30.42,3.79,38.82,-8.41,NASA POWER daily T2M
2025-12-04,philadelphia,Mid-Atlantic,0.06,-1.45,29.39,3.62,38.51,-9.12,NASA POWER daily T2M
2025-12-05,philadelphia,Mid-Atlantic,0.06,-2.78,27,3.9,39.02,-12.03,NASA POWER daily T2M
2025-12-06,philadelphia,Mid-Atlantic,0.06,-0.38,31.32,3,37.41,-6.09,NASA POWER daily T2M
2025-12-07,philadelphia,Mid-Atlantic,0.06,-0.38,31.32,2.39,36.29,-4.98,NASA POWER daily T2M
2025-12-08,philadelphia,Mid-Atlantic,0.06,-2.77,27.01,0.87,33.57,-6.56,NASA POWER daily T2M
2025-12-09,philadelphia,Mid-Atlantic,0.06,-3.78,25.2,1.66,34.98,-9.79,NASA POWER daily T2M
2025-12-10,philadelphia,Mid-Atlantic,0.06,0.84,33.51,2.57,36.62,-3.11,NASA POWER daily T2M
2025-12-11,philadelphia,Mid-Atlantic,0.06,-0.56,30.99,2.13,35.83,-4.84,NASA POWER daily T2M
2025-12-12,philadelphia,Mid-Atlantic,0.06,-2.35,27.77,1.94,35.49,-7.72,NASA POWER daily T2M
2025-12-13,philadelphia,Mid-Atlantic,0.06,-0.68,30.78,1.73,35.11,-4.33,NASA POWER daily T2M
2025-12-14,philadelphia,Mid-Atlantic,0.06,-3.18,26.28,2.32,36.17,-9.89,NASA POWER daily T2M
2025-12-15,philadelphia,Mid-Atlantic,0.06,-6.66,20.01,1.94,35.5,-15.49,NASA POWER daily T2M
2025-12-16,philadelphia,Mid-Atlantic,0.06,-4.98,23.04,1.72,35.1,-12.07,NASA POWER daily T2M
2025-12-17,philadelphia,Mid-Atlantic,0.06,-0.74,30.67,2.06,35.71,-5.05,NASA POWER daily T2M
2025-12-18,philadelphia,Mid-Atlantic,0.06,2.68,36.82,0.75,33.34,3.48,NASA POWER daily T2M
2025-12-19,philadelphia,Mid-Atlantic,0.06,7.41,45.34,0.05,32.09,13.24,NASA POWER daily T2M
2025-12-20,philadelphia,Mid-Atlantic,0.06,-1.42,29.44,-0.2,31.65,-2.2,NASA POWER daily T2M
2025-12-21,philadelphia,Mid-Atlantic,0.06,1.16,34.09,1.11,34,0.09,NASA POWER daily T2M
2025-12-22,philadelphia,Mid-Atlantic,0.06,-1.77,28.81,1.64,34.95,-6.14,NASA POWER daily T2M
2025-12-23,philadelphia,Mid-Atlantic,0.06,0.95,33.71,2.28,36.11,-2.4,NASA POWER daily T2M
2025-12-24,philadelphia,Mid-Atlantic,0.06,2.01,35.62,1.85,35.34,0.28,NASA POWER daily T2M
2025-12-25,philadelphia,Mid-Atlantic,0.06,1.98,35.56,0.55,32.99,2.58,NASA POWER daily T2M
2025-12-26,philadelphia,Mid-Atlantic,0.06,-2.76,27.03,-0.14,31.75,-4.72,NASA POWER daily T2M
2025-12-27,philadelphia,Mid-Atlantic,0.06,-2.08,28.26,0.14,32.25,-3.99,NASA POWER daily T2M
2025-12-28,philadelphia,Mid-Atlantic,0.06,-1.68,28.98,0.66,33.19,-4.21,NASA POWER daily T2M
2025-12-29,philadelphia,Mid-Atlantic,0.06,3.47,38.25,0.79,33.42,4.83,NASA POWER daily T2M
2025-12-30,philadelphia,Mid-Atlantic,0.06,-1.86,28.65,0.18,32.33,-3.68,NASA POWER daily T2M
2025-12-31,philadelphia,Mid-Atlantic,0.06,-2.16,28.11,0.23,32.42,-4.31,NASA POWER daily T2M
2026-01-01,philadelphia,Mid-Atlantic,0.06,-3.08,26.46,0.46,32.83,-6.37,NASA POWER daily T2M
2026-01-02,philadelphia,Mid-Atlantic,0.06,-3.91,24.96,-0.21,31.63,-6.67,NASA POWER daily T2M
2026-01-03,philadelphia,Mid-Atlantic,0.06,-4.68,23.58,0.47,32.84,-9.27,NASA POWER daily T2M
2026-01-04,philadelphia,Mid-Atlantic,0.06,-2.25,27.95,0.73,33.31,-5.36,NASA POWER daily T2M
2026-01-05,philadelphia,Mid-Atlantic,0.06,-1.62,29.08,-0.13,31.77,-2.68,NASA POWER daily T2M
2026-01-06,philadelphia,Mid-Atlantic,0.06,1.45,34.61,-0.29,31.48,3.13,NASA POWER daily T2M
2026-01-07,philadelphia,Mid-Atlantic,0.06,3.58,38.44,-1.19,29.86,8.58,NASA POWER daily T2M
2026-01-08,philadelphia,Mid-Atlantic,0.06,3.67,38.61,-0.88,30.42,8.19,NASA POWER daily T2M
2026-01-09,philadelphia,Mid-Atlantic,0.06,5.28,41.5,-0.6,30.93,10.58,NASA POWER daily T2M
2026-01-10,philadelphia,Mid-Atlantic,0.06,4.76,40.57,-1.17,29.89,10.67,NASA POWER daily T2M
2026-01-11,philadelphia,Mid-Atlantic,0.06,3.83,38.89,-0.12,31.78,7.11,NASA POWER daily T2M
2026-01-12,philadelphia,Mid-Atlantic,0.06,-0.06,31.89,1.85,35.33,-3.44,NASA POWER daily T2M
2026-01-13,philadelphia,Mid-Atlantic,0.06,2.27,36.09,1.12,34.01,2.07,NASA POWER daily T2M
2026-01-14,philadelphia,Mid-Atlantic,0.06,5.38,41.68,-0.15,31.73,9.95,NASA POWER daily T2M
2026-01-15,philadelphia,Mid-Atlantic,0.06,-0.34,31.39,-1.16,29.92,1.47,NASA POWER daily T2M
2026-01-16,philadelphia,Mid-Atlantic,0.06,-3.03,26.55,-1.31,29.64,-3.09,NASA POWER daily T2M
2026-01-17,philadelphia,Mid-Atlantic,0.06,0.27,32.49,-1.72,28.9,3.58,NASA POWER daily T2M
2026-01-18,philadelphia,Mid-Atlantic,0.06,-0.6,30.92,-1.63,29.06,1.86,NASA POWER daily T2M
2026-01-19,philadelphia,Mid-Atlantic,0.06,-3.76,25.23,-2.19,28.06,-2.83,NASA POWER daily T2M
2026-01-20,philadelphia,Mid-Atlantic,0.06,-8.78,16.2,-1.76,28.83,-12.63,NASA POWER daily T2M
2026-01-21,philadelphia,Mid-Atlantic,0.06,-4.35,24.17,-3.49,25.71,-1.54,NASA POWER daily T2M
2026-01-22,philadelphia,Mid-Atlantic,0.06,1.78,35.2,-3.16,26.32,8.88,NASA POWER daily T2M
2026-01-23,philadelphia,Mid-Atlantic,0.06,-1.47,29.35,-1.23,29.78,-0.43,NASA POWER daily T2M
2026-01-24,philadelphia,Mid-Atlantic,0.06,-9.17,15.49,-0.76,30.64,-15.15,NASA POWER daily T2M
2026-01-25,philadelphia,Mid-Atlantic,0.06,-6.86,19.65,-1.64,29.05,-9.4,NASA POWER daily T2M
2026-01-26,philadelphia,Mid-Atlantic,0.06,-8.57,16.57,-2.35,27.76,-11.19,NASA POWER daily T2M
2026-01-27,philadelphia,Mid-Atlantic,0.06,-10.69,12.76,-1.42,29.45,-16.69,NASA POWER daily T2M
2026-01-28,philadelphia,Mid-Atlantic,0.06,-12.69,9.16,-1.2,29.83,-20.67,NASA POWER daily T2M
2026-01-29,philadelphia,Mid-Atlantic,0.06,-14.14,6.55,-1.55,29.21,-22.67,NASA POWER daily T2M
2026-01-30,philadelphia,Mid-Atlantic,0.06,-14.89,5.2,-1.14,29.94,-24.75,NASA POWER daily T2M
2026-01-31,philadelphia,Mid-Atlantic,0.06,-12.97,8.65,-1.79,28.78,-20.13,NASA POWER daily T2M
2026-02-01,philadelphia,Mid-Atlantic,0.06,-11.1,12.02,-0.6,30.92,-18.9,NASA POWER daily T2M
2026-02-02,philadelphia,Mid-Atlantic,0.06,-9.69,14.56,-0.78,30.6,-16.04,NASA POWER daily T2M
2026-02-03,philadelphia,Mid-Atlantic,0.06,-6.47,20.35,-0.55,31,-10.65,NASA POWER daily T2M
2026-02-04,philadelphia,Mid-Atlantic,0.06,-4.25,24.35,-0.2,31.65,-7.3,NASA POWER daily T2M
2026-02-05,philadelphia,Mid-Atlantic,0.06,-7.54,18.43,-0.71,30.71,-12.29,NASA POWER daily T2M
2026-02-06,philadelphia,Mid-Atlantic,0.06,-5.1,22.82,-1.17,29.89,-7.07,NASA POWER daily T2M
2026-02-07,philadelphia,Mid-Atlantic,0.06,-11.11,12,-0.44,31.2,-19.2,NASA POWER daily T2M
2026-02-08,philadelphia,Mid-Atlantic,0.06,-12.55,9.41,-0.93,30.32,-20.91,NASA POWER daily T2M
2026-02-09,philadelphia,Mid-Atlantic,0.06,-9.36,15.15,-1.45,29.38,-14.23,NASA POWER daily T2M
2026-02-10,philadelphia,Mid-Atlantic,0.06,-2.76,27.03,-0.55,31,-3.97,NASA POWER daily T2M
2026-02-11,philadelphia,Mid-Atlantic,0.06,0.74,33.33,-0.34,31.39,1.95,NASA POWER daily T2M
2026-02-12,philadelphia,Mid-Atlantic,0.06,-1.14,29.95,-1.4,29.47,0.47,NASA POWER daily T2M
2026-02-13,philadelphia,Mid-Atlantic,0.06,-2.8,26.96,-1.56,29.19,-2.23,NASA POWER daily T2M
2026-02-14,philadelphia,Mid-Atlantic,0.06,1.23,34.21,-0.94,30.31,3.9,NASA POWER daily T2M
2026-02-15,philadelphia,Mid-Atlantic,0.06,1.33,34.39,-0.55,31.01,3.38,NASA POWER daily T2M
2026-02-16,philadelphia,Mid-Atlantic,0.06,1.27,34.29,-0.36,31.36,2.93,NASA POWER daily T2M
2026-02-17,philadelphia,Mid-Atlantic,0.06,1.48,34.66,-0.59,30.93,3.73,NASA POWER daily T2M
2026-02-18,philadelphia,Mid-Atlantic,0.06,2.68,36.82,0.58,33.04,3.78,NASA POWER daily T2M
2026-02-19,philadelphia,Mid-Atlantic,0.06,2.39,36.3,0.39,32.7,3.6,NASA POWER daily T2M
2026-02-20,philadelphia,Mid-Atlantic,0.06,3.18,37.72,1.26,34.26,3.46,NASA POWER daily T2M
2026-02-21,philadelphia,Mid-Atlantic,0.06,3.97,39.15,2.17,35.91,3.24,NASA POWER daily T2M
2026-02-22,philadelphia,Mid-Atlantic,0.06,0.88,33.58,2.31,36.16,-2.57,NASA POWER daily T2M
2026-02-23,philadelphia,Mid-Atlantic,0.06,-0.16,31.71,1.63,34.94,-3.23,NASA POWER daily T2M
2026-02-24,philadelphia,Mid-Atlantic,0.06,-3.09,26.44,1.7,35.07,-8.63,NASA POWER daily T2M
2026-02-25,philadelphia,Mid-Atlantic,0.06,0.84,33.51,1.8,35.23,-1.72,NASA POWER daily T2M
2026-02-26,philadelphia,Mid-Atlantic,0.06,2.05,35.69,1.01,33.82,1.87,NASA POWER daily T2M
2026-02-27,philadelphia,Mid-Atlantic,0.06,1.79,35.22,1.52,34.74,0.48,NASA POWER daily T2M
2026-02-28,philadelphia,Mid-Atlantic,0.06,4.6,40.28,1.91,35.45,4.83,NASA POWER daily T2M
2026-03-01,philadelphia,Mid-Atlantic,0.06,1.75,35.15,2.34,36.21,-1.06,NASA POWER daily T2M
2026-03-02,philadelphia,Mid-Atlantic,0.06,-1.86,28.65,3.1,37.59,-8.94,NASA POWER daily T2M
2026-03-03,philadelphia,Mid-Atlantic,0.06,1.51,34.72,1.85,35.33,-0.61,NASA POWER daily T2M
2026-03-04,philadelphia,Mid-Atlantic,0.06,4.89,40.8,1.02,33.83,6.97,NASA POWER daily T2M
2026-03-05,philadelphia,Mid-Atlantic,0.06,5.33,41.59,1.65,34.97,6.63,NASA POWER daily T2M
2026-03-06,philadelphia,Mid-Atlantic,0.06,4.68,40.42,1.95,35.51,4.91,NASA POWER daily T2M
2026-03-07,philadelphia,Mid-Atlantic,0.06,5.53,41.95,2.97,37.35,4.6,NASA POWER daily T2M
2026-03-08,philadelphia,Mid-Atlantic,0.06,12.07,53.73,4.33,39.8,13.93,NASA POWER daily T2M
2026-03-09,philadelphia,Mid-Atlantic,0.06,11.35,52.43,3.8,38.84,13.59,NASA POWER daily T2M
2026-03-10,philadelphia,Mid-Atlantic,0.06,13.2,55.76,3.76,38.77,16.99,NASA POWER daily T2M
2026-03-11,philadelphia,Mid-Atlantic,0.06,14.67,58.41,3.77,38.78,19.63,NASA POWER daily T2M
2026-03-12,philadelphia,Mid-Atlantic,0.06,6.75,44.15,3.24,37.83,6.32,NASA POWER daily T2M
2026-03-13,philadelphia,Mid-Atlantic,0.06,3.32,37.98,3.96,39.14,-1.16,NASA POWER daily T2M
2026-03-14,philadelphia,Mid-Atlantic,0.06,6.24,43.23,4.41,39.94,3.29,NASA POWER daily T2M
2026-03-15,philadelphia,Mid-Atlantic,0.06,5.65,42.17,4.5,40.11,2.06,NASA POWER daily T2M
2026-03-16,philadelphia,Mid-Atlantic,0.06,12.71,54.88,3.75,38.74,16.14,NASA POWER daily T2M
2026-03-17,philadelphia,Mid-Atlantic,0.06,1.03,33.85,3.83,38.89,-5.04,NASA POWER daily T2M
2026-03-18,philadelphia,Mid-Atlantic,0.06,-1.44,29.41,3.67,38.61,-9.2,NASA POWER daily T2M
2026-03-19,philadelphia,Mid-Atlantic,0.06,3.23,37.81,3.93,39.08,-1.26,NASA POWER daily T2M
2026-03-20,philadelphia,Mid-Atlantic,0.06,8.64,47.55,4.33,39.8,7.75,NASA POWER daily T2M
2026-03-21,philadelphia,Mid-Atlantic,0.06,10.65,51.17,4.83,40.69,10.48,NASA POWER daily T2M
2026-03-22,philadelphia,Mid-Atlantic,0.06,11.59,52.86,4.5,40.11,12.76,NASA POWER daily T2M
2026-03-23,philadelphia,Mid-Atlantic,0.06,6.97,44.55,4.28,39.71,4.84,NASA POWER daily T2M
2026-03-24,philadelphia,Mid-Atlantic,0.06,3.38,38.08,5.14,41.26,-3.17,NASA POWER daily T2M
2026-03-25,philadelphia,Mid-Atlantic,0.06,6.1,42.98,5.8,42.44,0.54,NASA POWER daily T2M
2026-03-26,philadelphia,Mid-Atlantic,0.06,14.24,57.63,6.01,42.83,14.81,NASA POWER daily T2M
2026-03-27,philadelphia,Mid-Atlantic,0.06,9.82,49.68,6.63,43.93,5.75,NASA POWER daily T2M
2026-03-28,philadelphia,Mid-Atlantic,0.06,2.06,35.71,7.61,45.7,-10,NASA POWER daily T2M
2026-03-29,philadelphia,Mid-Atlantic,0.06,5.73,42.31,7.8,46.04,-3.73,NASA POWER daily T2M
2026-03-30,philadelphia,Mid-Atlantic,0.06,12.85,55.13,7.59,45.66,9.47,NASA POWER daily T2M
2026-03-31,philadelphia,Mid-Atlantic,0.06,18.44,65.19,7.4,45.33,19.87,NASA POWER daily T2M
2025-11-01,new-york,Northeast,0.11,11.85,53.33,12.09,53.77,-0.44,NASA POWER daily T2M
2025-11-02,new-york,Northeast,0.11,11.6,52.88,11.39,52.51,0.37,NASA POWER daily T2M
2025-11-03,new-york,Northeast,0.11,13.41,56.14,11.27,52.29,3.85,NASA POWER daily T2M
2025-11-04,new-york,Northeast,0.11,11.98,53.56,10.37,50.66,2.9,NASA POWER daily T2M
2025-11-05,new-york,Northeast,0.11,13.22,55.8,10.83,51.5,4.3,NASA POWER daily T2M
2025-11-06,new-york,Northeast,0.11,10.14,50.25,10.98,51.76,-1.51,NASA POWER daily T2M
2025-11-07,new-york,Northeast,0.11,12,53.6,10.07,50.12,3.48,NASA POWER daily T2M
2025-11-08,new-york,Northeast,0.11,14.64,58.35,9.3,48.73,9.62,NASA POWER daily T2M
2025-11-09,new-york,Northeast,0.11,14.34,57.81,9.57,49.22,8.59,NASA POWER daily T2M
2025-11-10,new-york,Northeast,0.11,10.28,50.5,9.82,49.68,0.82,NASA POWER daily T2M
2025-11-11,new-york,Northeast,0.11,4.3,39.74,9.73,49.52,-9.78,NASA POWER daily T2M
2025-11-12,new-york,Northeast,0.11,8.44,47.19,9.04,48.26,-1.07,NASA POWER daily T2M
2025-11-13,new-york,Northeast,0.11,8.73,47.71,8.69,47.65,0.07,NASA POWER daily T2M
2025-11-14,new-york,Northeast,0.11,8.08,46.54,9,48.2,-1.66,NASA POWER daily T2M
2025-11-15,new-york,Northeast,0.11,8.09,46.56,9.33,48.79,-2.23,NASA POWER daily T2M
2025-11-16,new-york,Northeast,0.11,10.35,50.63,8.69,47.64,2.99,NASA POWER daily T2M
2025-11-17,new-york,Northeast,0.11,5.62,42.12,8.06,46.51,-4.39,NASA POWER daily T2M
2025-11-18,new-york,Northeast,0.11,6.21,43.18,7.62,45.72,-2.55,NASA POWER daily T2M
2025-11-19,new-york,Northeast,0.11,6.81,44.26,8.31,46.96,-2.7,NASA POWER daily T2M
2025-11-20,new-york,Northeast,0.11,6.43,43.57,7.96,46.33,-2.76,NASA POWER daily T2M
2025-11-21,new-york,Northeast,0.11,9.49,49.08,8.03,46.46,2.62,NASA POWER daily T2M
2025-11-22,new-york,Northeast,0.11,9.05,48.29,8.09,46.56,1.73,NASA POWER daily T2M
2025-11-23,new-york,Northeast,0.11,7.51,45.52,7.06,44.71,0.81,NASA POWER daily T2M
2025-11-24,new-york,Northeast,0.11,8.52,47.34,7.43,45.37,1.96,NASA POWER daily T2M
2025-11-25,new-york,Northeast,0.11,10.65,51.17,7.27,45.09,6.08,NASA POWER daily T2M
2025-11-26,new-york,Northeast,0.11,12.72,54.9,8.23,46.81,8.09,NASA POWER daily T2M
2025-11-27,new-york,Northeast,0.11,6.25,43.25,7.66,45.79,-2.54,NASA POWER daily T2M
2025-11-28,new-york,Northeast,0.11,4.03,39.25,7.74,45.93,-6.68,NASA POWER daily T2M
2025-11-29,new-york,Northeast,0.11,4.03,39.25,7.12,44.82,-5.56,NASA POWER daily T2M
2025-11-30,new-york,Northeast,0.11,7.34,45.21,7.66,45.78,-0.57,NASA POWER daily T2M
2025-12-01,new-york,Northeast,0.11,4.46,40.03,7.49,45.49,-5.46,NASA POWER daily T2M
2025-12-02,new-york,Northeast,0.11,5.97,42.75,6.16,43.08,-0.34,NASA POWER daily T2M
2025-12-03,new-york,Northeast,0.11,2.94,37.29,6.23,43.21,-5.91,NASA POWER daily T2M
2025-12-04,new-york,Northeast,0.11,2.34,36.21,6.07,42.93,-6.72,NASA POWER daily T2M
2025-12-05,new-york,Northeast,0.11,-0.29,31.48,5.95,42.71,-11.24,NASA POWER daily T2M
2025-12-06,new-york,Northeast,0.11,3.67,38.61,5.33,41.6,-2.99,NASA POWER daily T2M
2025-12-07,new-york,Northeast,0.11,3.2,37.76,4.95,40.92,-3.16,NASA POWER daily T2M
2025-12-08,new-york,Northeast,0.11,-0.19,31.66,3.54,38.38,-6.72,NASA POWER daily T2M
2025-12-09,new-york,Northeast,0.11,-0.73,30.69,4.48,40.06,-9.38,NASA POWER daily T2M
2025-12-10,new-york,Northeast,0.11,4.59,40.26,5.28,41.5,-1.24,NASA POWER daily T2M
2025-12-11,new-york,Northeast,0.11,1.77,35.19,4.69,40.44,-5.25,NASA POWER daily T2M
2025-12-12,new-york,Northeast,0.11,0.26,32.47,4.54,40.17,-7.7,NASA POWER daily T2M
2025-12-13,new-york,Northeast,0.11,2.57,36.63,4.53,40.16,-3.53,NASA POWER daily T2M
2025-12-14,new-york,Northeast,0.11,-0.59,30.94,4.82,40.68,-9.74,NASA POWER daily T2M
2025-12-15,new-york,Northeast,0.11,-2.49,27.52,4.42,39.95,-12.44,NASA POWER daily T2M
2025-12-16,new-york,Northeast,0.11,-0.82,30.52,4.23,39.61,-9.08,NASA POWER daily T2M
2025-12-17,new-york,Northeast,0.11,3.41,38.14,4.45,40.01,-1.87,NASA POWER daily T2M
2025-12-18,new-york,Northeast,0.11,5.86,42.55,3.3,37.95,4.6,NASA POWER daily T2M
2025-12-19,new-york,Northeast,0.11,8,46.4,2.85,37.12,9.28,NASA POWER daily T2M
2025-12-20,new-york,Northeast,0.11,1.78,35.2,2.61,36.69,-1.49,NASA POWER daily T2M
2025-12-21,new-york,Northeast,0.11,3.63,38.53,3.67,38.6,-0.07,NASA POWER daily T2M
2025-12-22,new-york,Northeast,0.11,1.27,34.29,4.25,39.64,-5.36,NASA POWER daily T2M
2025-12-23,new-york,Northeast,0.11,3.64,38.55,4.62,40.31,-1.76,NASA POWER daily T2M
2025-12-24,new-york,Northeast,0.11,3.9,39.02,4.13,39.44,-0.42,NASA POWER daily T2M
2025-12-25,new-york,Northeast,0.11,3.64,38.55,3.26,37.87,0.68,NASA POWER daily T2M
2025-12-26,new-york,Northeast,0.11,-1.47,29.35,2.65,36.77,-7.41,NASA POWER daily T2M
2025-12-27,new-york,Northeast,0.11,0.38,32.68,2.73,36.92,-4.24,NASA POWER daily T2M
2025-12-28,new-york,Northeast,0.11,0.09,32.16,3.11,37.6,-5.44,NASA POWER daily T2M
2025-12-29,new-york,Northeast,0.11,5.2,41.36,3.24,37.83,3.53,NASA POWER daily T2M
2025-12-30,new-york,Northeast,0.11,-0.27,31.51,2.45,36.4,-4.89,NASA POWER daily T2M
2025-12-31,new-york,Northeast,0.11,-0.29,31.48,2.29,36.12,-4.65,NASA POWER daily T2M
2026-01-01,new-york,Northeast,0.11,-1.59,29.14,2.4,36.32,-7.19,NASA POWER daily T2M
2026-01-02,new-york,Northeast,0.11,-2.18,28.08,2.21,35.99,-7.91,NASA POWER daily T2M
2026-01-03,new-york,Northeast,0.11,-1.9,28.58,2.38,36.28,-7.7,NASA POWER daily T2M
2026-01-04,new-york,Northeast,0.11,-0.04,31.93,2.47,36.45,-4.52,NASA POWER daily T2M
2026-01-05,new-york,Northeast,0.11,1.16,34.09,1.93,35.48,-1.39,NASA POWER daily T2M
2026-01-06,new-york,Northeast,0.11,3.43,38.17,1.85,35.33,2.84,NASA POWER daily T2M
2026-01-07,new-york,Northeast,0.11,4.9,40.82,1.05,33.89,6.93,NASA POWER daily T2M
2026-01-08,new-york,Northeast,0.11,5.29,41.52,1.36,34.45,7.07,NASA POWER daily T2M
2026-01-09,new-york,Northeast,0.11,6.17,43.11,1.6,34.88,8.22,NASA POWER daily T2M
2026-01-10,new-york,Northeast,0.11,5.5,41.9,1.34,34.41,7.49,NASA POWER daily T2M
2026-01-11,new-york,Northeast,0.11,4.81,40.66,2,35.6,5.06,NASA POWER daily T2M
2026-01-12,new-york,Northeast,0.11,2,35.6,3.57,38.43,-2.83,NASA POWER daily T2M
2026-01-13,new-york,Northeast,0.11,3.89,39,2.73,36.92,2.08,NASA POWER daily T2M
2026-01-14,new-york,Northeast,0.11,6.02,42.84,1.25,34.24,8.59,NASA POWER daily T2M
2026-01-15,new-york,Northeast,0.11,2.38,36.28,0.74,33.33,2.96,NASA POWER daily T2M
2026-01-16,new-york,Northeast,0.11,-0.99,30.22,0.92,33.65,-3.43,NASA POWER daily T2M
2026-01-17,new-york,Northeast,0.11,3.05,37.49,0.39,32.69,4.8,NASA POWER daily T2M
2026-01-18,new-york,Northeast,0.11,1.55,34.79,0.55,32.99,1.8,NASA POWER daily T2M
2026-01-19,new-york,Northeast,0.11,-0.25,31.55,0.25,32.45,-0.9,NASA POWER daily T2M
2026-01-20,new-york,Northeast,0.11,-4.89,23.2,0.43,32.77,-9.57,NASA POWER daily T2M
2026-01-21,new-york,Northeast,0.11,-1.3,29.66,-1.05,30.12,-0.46,NASA POWER daily T2M
2026-01-22,new-york,Northeast,0.11,4.19,39.54,-0.61,30.89,8.65,NASA POWER daily T2M
2026-01-23,new-york,Northeast,0.11,0.4,32.72,0.88,33.59,-0.87,NASA POWER daily T2M
2026-01-24,new-york,Northeast,0.11,-6.82,19.72,1.13,34.04,-14.32,NASA POWER daily T2M
2026-01-25,new-york,Northeast,0.11,-3.96,24.87,0.4,32.72,-7.85,NASA POWER daily T2M
2026-01-26,new-york,Northeast,0.11,-3.72,25.3,-0.14,31.74,-6.44,NASA POWER daily T2M
2026-01-27,new-york,Northeast,0.11,-6.11,21,0.69,33.25,-12.24,NASA POWER daily T2M
2026-01-28,new-york,Northeast,0.11,-6.68,19.98,0.77,33.39,-13.41,NASA POWER daily T2M
2026-01-29,new-york,Northeast,0.11,-7.04,19.33,0.59,33.07,-13.74,NASA POWER daily T2M
2026-01-30,new-york,Northeast,0.11,-9.11,15.6,0.77,33.38,-17.78,NASA POWER daily T2M
2026-01-31,new-york,Northeast,0.11,-7.76,18.03,0.21,32.38,-14.35,NASA POWER daily T2M
2026-02-01,new-york,Northeast,0.11,-7.99,17.62,1.16,34.09,-16.47,NASA POWER daily T2M
2026-02-02,new-york,Northeast,0.11,-4.86,23.25,1.1,33.97,-10.72,NASA POWER daily T2M
2026-02-03,new-york,Northeast,0.11,-3.41,25.86,1.06,33.9,-8.04,NASA POWER daily T2M
2026-02-04,new-york,Northeast,0.11,-2.67,27.19,1.55,34.79,-7.59,NASA POWER daily T2M
2026-02-05,new-york,Northeast,0.11,-4.22,24.4,0.81,33.46,-9.06,NASA POWER daily T2M
2026-02-06,new-york,Northeast,0.11,-2.95,26.69,0.39,32.7,-6.01,NASA POWER daily T2M
2026-02-07,new-york,Northeast,0.11,-8.77,16.21,1.25,34.25,-18.04,NASA POWER daily T2M
2026-02-08,new-york,Northeast,0.11,-10.82,12.52,0.77,33.39,-20.87,NASA POWER daily T2M
2026-02-09,new-york,Northeast,0.11,-5.82,21.52,0.22,32.4,-10.87,NASA POWER daily T2M
2026-02-10,new-york,Northeast,0.11,-1.06,30.09,1.05,33.9,-3.8,NASA POWER daily T2M
2026-02-11,new-york,Northeast,0.11,1.26,34.27,1,33.8,0.47,NASA POWER daily T2M
2026-02-12,new-york,Northeast,0.11,-0.4,31.28,-0.05,31.91,-0.63,NASA POWER daily T2M
2026-02-13,new-york,Northeast,0.11,-1.4,29.48,0.04,32.08,-2.6,NASA POWER daily T2M
2026-02-14,new-york,Northeast,0.11,1.21,34.18,0.69,33.25,0.93,NASA POWER daily T2M
2026-02-15,new-york,Northeast,0.11,1.56,34.81,0.88,33.59,1.22,NASA POWER daily T2M
2026-02-16,new-york,Northeast,0.11,1.41,34.54,1,33.8,0.73,NASA POWER daily T2M
2026-02-17,new-york,Northeast,0.11,2,35.6,0.96,33.73,1.87,NASA POWER daily T2M
2026-02-18,new-york,Northeast,0.11,1.95,35.51,1.66,34.99,0.52,NASA POWER daily T2M
2026-02-19,new-york,Northeast,0.11,2.22,36,1.62,34.92,1.07,NASA POWER daily T2M
2026-02-20,new-york,Northeast,0.11,2.31,36.16,2.06,35.7,0.46,NASA POWER daily T2M
2026-02-21,new-york,Northeast,0.11,3.53,38.35,2.83,37.1,1.26,NASA POWER daily T2M
2026-02-22,new-york,Northeast,0.11,1.62,34.92,2.87,37.16,-2.24,NASA POWER daily T2M
2026-02-23,new-york,Northeast,0.11,0.29,32.52,2.3,36.14,-3.62,NASA POWER daily T2M
2026-02-24,new-york,Northeast,0.11,-1.61,29.1,2.23,36.01,-6.91,NASA POWER daily T2M
2026-02-25,new-york,Northeast,0.11,1.05,33.89,2.2,35.96,-2.07,NASA POWER daily T2M
2026-02-26,new-york,Northeast,0.11,2.2,35.96,1.62,34.92,1.04,NASA POWER daily T2M
2026-02-27,new-york,Northeast,0.11,0.85,33.53,1.94,35.49,-1.96,NASA POWER daily T2M
2026-02-28,new-york,Northeast,0.11,3.63,38.53,2.2,35.96,2.57,NASA POWER daily T2M
2026-03-01,new-york,Northeast,0.11,1.53,34.75,2.61,36.7,-1.94,NASA POWER daily T2M
2026-03-02,new-york,Northeast,0.11,-1.81,28.74,3.22,37.8,-9.06,NASA POWER daily T2M
2026-03-03,new-york,Northeast,0.11,1.53,34.75,2.15,35.86,-1.11,NASA POWER daily T2M
2026-03-04,new-york,Northeast,0.11,3.68,38.62,1.93,35.47,3.15,NASA POWER daily T2M
2026-03-05,new-york,Northeast,0.11,3.27,37.89,2.31,36.16,1.72,NASA POWER daily T2M
2026-03-06,new-york,Northeast,0.11,3.14,37.65,2.36,36.25,1.41,NASA POWER daily T2M
2026-03-07,new-york,Northeast,0.11,3.93,39.07,3.1,37.58,1.5,NASA POWER daily T2M
2026-03-08,new-york,Northeast,0.11,7.6,45.68,3.72,38.69,6.99,NASA POWER daily T2M
2026-03-09,new-york,Northeast,0.11,7.72,45.9,3.42,38.16,7.74,NASA POWER daily T2M
2026-03-10,new-york,Northeast,0.11,8.09,46.56,3.64,38.55,8.02,NASA POWER daily T2M
2026-03-11,new-york,Northeast,0.11,8.3,46.94,3.75,38.75,8.19,NASA POWER daily T2M
2026-03-12,new-york,Northeast,0.11,5.12,41.22,3.35,38.03,3.19,NASA POWER daily T2M
2026-03-13,new-york,Northeast,0.11,2.65,36.77,3.56,38.41,-1.64,NASA POWER daily T2M
2026-03-14,new-york,Northeast,0.11,5.17,41.31,4.05,39.29,2.02,NASA POWER daily T2M
2026-03-15,new-york,Northeast,0.11,3.36,38.05,4.15,39.46,-1.41,NASA POWER daily T2M
2026-03-16,new-york,Northeast,0.11,8.27,46.89,3.65,38.57,8.31,NASA POWER daily T2M
2026-03-17,new-york,Northeast,0.11,2.29,36.12,3.65,38.57,-2.45,NASA POWER daily T2M
2026-03-18,new-york,Northeast,0.11,-0.46,31.17,3.63,38.53,-7.35,NASA POWER daily T2M
2026-03-19,new-york,Northeast,0.11,2.68,36.82,3.88,38.98,-2.15,NASA POWER daily T2M
2026-03-20,new-york,Northeast,0.11,5.21,41.38,4.25,39.64,1.74,NASA POWER daily T2M
2026-03-21,new-york,Northeast,0.11,7.42,45.36,4.41,39.94,5.42,NASA POWER daily T2M
2026-03-22,new-york,Northeast,0.11,6.54,43.77,4.34,39.82,3.95,NASA POWER daily T2M
2026-03-23,new-york,Northeast,0.11,4.66,40.39,4.14,39.46,0.93,NASA POWER daily T2M
2026-03-24,new-york,Northeast,0.11,3.08,37.54,4.7,40.46,-2.92,NASA POWER daily T2M
2026-03-25,new-york,Northeast,0.11,4.58,40.24,5.08,41.15,-0.91,NASA POWER daily T2M
2026-03-26,new-york,Northeast,0.11,8.77,47.79,5.31,41.56,6.22,NASA POWER daily T2M
2026-03-27,new-york,Northeast,0.11,7.87,46.17,5.75,42.34,3.82,NASA POWER daily T2M
2026-03-28,new-york,Northeast,0.11,2.78,37,6.31,43.36,-6.35,NASA POWER daily T2M
2026-03-29,new-york,Northeast,0.11,5.17,41.31,6.56,43.82,-2.51,NASA POWER daily T2M
2026-03-30,new-york,Northeast,0.11,9.49,49.08,6.58,43.85,5.23,NASA POWER daily T2M
2026-03-31,new-york,Northeast,0.11,11.99,53.58,6.31,43.36,10.22,NASA POWER daily T2M
2025-11-01,boston,Northeast,0.06,8.27,46.89,8.99,48.17,-1.29,NASA POWER daily T2M
2025-11-02,boston,Northeast,0.06,5.24,41.43,8.03,46.46,-5.02,NASA POWER daily T2M
2025-11-03,boston,Northeast,0.06,8.16,46.69,7.59,45.66,1.03,NASA POWER daily T2M
2025-11-04,boston,Northeast,0.06,8.49,47.28,6.54,43.76,3.52,NASA POWER daily T2M
2025-11-05,boston,Northeast,0.06,8.27,46.89,7.3,45.14,1.75,NASA POWER daily T2M
2025-11-06,boston,Northeast,0.06,6.4,43.52,7.75,45.96,-2.44,NASA POWER daily T2M
2025-11-07,boston,Northeast,0.06,5.78,42.4,6.63,43.93,-1.53,NASA POWER daily T2M
2025-11-08,boston,Northeast,0.06,10.67,51.21,5.81,42.45,8.75,NASA POWER daily T2M
2025-11-09,boston,Northeast,0.06,9.76,49.57,5.65,42.17,7.4,NASA POWER daily T2M
2025-11-10,boston,Northeast,0.06,8.82,47.88,5.8,42.44,5.44,NASA POWER daily T2M
2025-11-11,boston,Northeast,0.06,1,33.8,5.81,42.46,-8.66,NASA POWER daily T2M
2025-11-12,boston,Northeast,0.06,2.99,37.38,5.04,41.07,-3.69,NASA POWER daily T2M
2025-11-13,boston,Northeast,0.06,4.56,40.21,4.84,40.72,-0.51,NASA POWER daily T2M
2025-11-14,boston,Northeast,0.06,2.9,37.22,5.07,41.12,-3.9,NASA POWER daily T2M
2025-11-15,boston,Northeast,0.06,2.05,35.69,6,42.79,-7.1,NASA POWER daily T2M
2025-11-16,boston,Northeast,0.06,5.58,42.04,5.17,41.3,0.74,NASA POWER daily T2M
2025-11-17,boston,Northeast,0.06,1.46,34.63,3.73,38.71,-4.09,NASA POWER daily T2M
2025-11-18,boston,Northeast,0.06,2.21,35.98,2.99,37.38,-1.41,NASA POWER daily T2M
2025-11-19,boston,Northeast,0.06,0.83,33.49,3.83,38.89,-5.4,NASA POWER daily T2M
2025-11-20,boston,Northeast,0.06,2.23,36.01,4.49,40.08,-4.07,NASA POWER daily T2M
2025-11-21,boston,Northeast,0.06,3.14,37.65,3.6,38.48,-0.83,NASA POWER daily T2M
2025-11-22,boston,Northeast,0.06,4.33,39.79,3.88,38.99,0.8,NASA POWER daily T2M
2025-11-23,boston,Northeast,0.06,0.77,33.39,3.09,37.57,-4.18,NASA POWER daily T2M
2025-11-24,boston,Northeast,0.06,2.9,37.22,2.84,37.11,0.11,NASA POWER daily T2M
2025-11-25,boston,Northeast,0.06,4.83,40.69,3.16,37.69,3,NASA POWER daily T2M
2025-11-26,boston,Northeast,0.06,11.58,52.84,4.05,39.29,13.55,NASA POWER daily T2M
2025-11-27,boston,Northeast,0.06,4.69,40.44,3.77,38.79,1.65,NASA POWER daily T2M
2025-11-28,boston,Northeast,0.06,1.72,35.1,3.53,38.35,-3.25,NASA POWER daily T2M
2025-11-29,boston,Northeast,0.06,0.32,32.58,2.96,37.32,-4.74,NASA POWER daily T2M
2025-11-30,boston,Northeast,0.06,3.82,38.88,3.33,37.99,0.89,NASA POWER daily T2M
2025-12-01,boston,Northeast,0.06,1.1,33.98,3.88,38.99,-5.01,NASA POWER daily T2M
2025-12-02,boston,Northeast,0.06,0.35,32.63,2.38,36.29,-3.66,NASA POWER daily T2M
2025-12-03,boston,Northeast,0.06,-1.62,29.08,2.11,35.79,-6.71,NASA POWER daily T2M
2025-12-04,boston,Northeast,0.06,-3.18,26.28,1.55,34.79,-8.51,NASA POWER daily T2M
2025-12-05,boston,Northeast,0.06,-7.88,17.82,1.56,34.8,-16.99,NASA POWER daily T2M
2025-12-06,boston,Northeast,0.06,-2.07,28.27,1.52,34.74,-6.46,NASA POWER daily T2M
2025-12-07,boston,Northeast,0.06,-1.05,30.11,0.73,33.32,-3.21,NASA POWER daily T2M
2025-12-08,boston,Northeast,0.06,-6.04,21.13,-1.62,29.08,-7.96,NASA POWER daily T2M
2025-12-09,boston,Northeast,0.06,-7.23,18.99,-0.63,30.86,-11.88,NASA POWER daily T2M
2025-12-10,boston,Northeast,0.06,1.53,34.75,0.87,33.56,1.2,NASA POWER daily T2M
2025-12-11,boston,Northeast,0.06,-1.7,28.94,0.56,33.01,-4.07,NASA POWER daily T2M
2025-12-12,boston,Northeast,0.06,-3.49,25.72,0.06,32.1,-6.39,NASA POWER daily T2M
2025-12-13,boston,Northeast,0.06,-1.97,28.45,-0.07,31.88,-3.42,NASA POWER daily T2M
2025-12-14,boston,Northeast,0.06,-2.6,27.32,0.28,32.49,-5.17,NASA POWER daily T2M
2025-12-15,boston,Northeast,0.06,-7.65,18.23,-0.05,31.91,-13.68,NASA POWER daily T2M
2025-12-16,boston,Northeast,0.06,-3.14,26.35,-0.63,30.86,-4.51,NASA POWER daily T2M
2025-12-17,boston,Northeast,0.06,0.66,33.19,-0.37,31.33,1.86,NASA POWER daily T2M
2025-12-18,boston,Northeast,0.06,1.61,34.9,-1.27,29.71,5.19,NASA POWER daily T2M
2025-12-19,boston,Northeast,0.06,7.1,44.78,-1.89,28.59,16.19,NASA POWER daily T2M
2025-12-20,boston,Northeast,0.06,-0.62,30.88,-1.67,29,1.88,NASA POWER daily T2M
2025-12-21,boston,Northeast,0.06,1.17,34.11,-0.82,30.53,3.58,NASA POWER daily T2M
2025-12-22,boston,Northeast,0.06,-2.98,26.64,-0.16,31.72,-5.08,NASA POWER daily T2M
2025-12-23,boston,Northeast,0.06,-1.09,30.04,0.2,32.37,-2.33,NASA POWER daily T2M
2025-12-24,boston,Northeast,0.06,-1.09,30.04,0.43,32.77,-2.73,NASA POWER daily T2M
2025-12-25,boston,Northeast,0.06,-2.69,27.16,-0.74,30.67,-3.51,NASA POWER daily T2M
2025-12-26,boston,Northeast,0.06,-8.59,16.54,-1.57,29.17,-12.63,NASA POWER daily T2M
2025-12-27,boston,Northeast,0.06,-6.55,20.21,-1.52,29.26,-9.05,NASA POWER daily T2M
2025-12-28,boston,Northeast,0.06,-4.66,23.61,-1.62,29.09,-5.48,NASA POWER daily T2M
2025-12-29,boston,Northeast,0.06,2.27,36.09,-1.62,29.09,7,NASA POWER daily T2M
2025-12-30,boston,Northeast,0.06,-4.75,23.45,-2.46,27.57,-4.12,NASA POWER daily T2M
2025-12-31,boston,Northeast,0.06,-3.89,25,-3.02,26.56,-1.56,NASA POWER daily T2M
2026-01-01,boston,Northeast,0.06,-6.01,21.18,-2.91,26.77,-5.59,NASA POWER daily T2M
2026-01-02,boston,Northeast,0.06,-7.46,18.57,-3.1,26.41,-7.84,NASA POWER daily T2M
2026-01-03,boston,Northeast,0.06,-5.84,21.49,-2.71,27.11,-5.63,NASA POWER daily T2M
2026-01-04,boston,Northeast,0.06,-4.57,23.77,-1.86,28.65,-4.88,NASA POWER daily T2M
2026-01-05,boston,Northeast,0.06,-7.27,18.91,-2.57,27.37,-8.46,NASA POWER daily T2M
2026-01-06,boston,Northeast,0.06,-3.16,26.31,-2.65,27.24,-0.93,NASA POWER daily T2M
2026-01-07,boston,Northeast,0.06,-0.57,30.97,-3.47,25.76,5.21,NASA POWER daily T2M
2026-01-08,boston,Northeast,0.06,-0.4,31.28,-3.39,25.9,5.38,NASA POWER daily T2M
2026-01-09,boston,Northeast,0.06,2.23,36.01,-3.43,25.82,10.19,NASA POWER daily T2M
2026-01-10,boston,Northeast,0.06,2.68,36.82,-3.67,25.39,11.43,NASA POWER daily T2M
2026-01-11,boston,Northeast,0.06,1.94,35.49,-3.02,26.56,8.93,NASA POWER daily T2M
2026-01-12,boston,Northeast,0.06,-1.23,29.79,-1.02,30.17,-0.38,NASA POWER daily T2M
2026-01-13,boston,Northeast,0.06,0.89,33.6,-1.69,28.95,4.65,NASA POWER daily T2M
2026-01-14,boston,Northeast,0.06,3.96,39.13,-3.68,25.38,13.75,NASA POWER daily T2M
2026-01-15,boston,Northeast,0.06,3.04,37.47,-4.68,23.57,13.9,NASA POWER daily T2M
2026-01-16,boston,Northeast,0.06,-4.91,23.16,-4.48,23.93,-0.77,NASA POWER daily T2M
2026-01-17,boston,Northeast,0.06,-0.47,31.15,-4.8,23.35,7.8,NASA POWER daily T2M
2026-01-18,boston,Northeast,0.06,-0.58,30.96,-4.07,24.67,6.29,NASA POWER daily T2M
2026-01-19,boston,Northeast,0.06,-2.38,27.72,-4.28,24.3,3.41,NASA POWER daily T2M
2026-01-20,boston,Northeast,0.06,-7.84,17.89,-4.14,24.55,-6.66,NASA POWER daily T2M
2026-01-21,boston,Northeast,0.06,-7.32,18.82,-6.07,21.08,-2.25,NASA POWER daily T2M
2026-01-22,boston,Northeast,0.06,0.34,32.61,-5.6,21.92,10.7,NASA POWER daily T2M
2026-01-23,boston,Northeast,0.06,-4.77,23.41,-4.2,24.45,-1.03,NASA POWER daily T2M
2026-01-24,boston,Northeast,0.06,-13.38,7.92,-2.85,26.87,-18.96,NASA POWER daily T2M
2026-01-25,boston,Northeast,0.06,-9.99,14.02,-4.21,24.43,-10.41,NASA POWER daily T2M
2026-01-26,boston,Northeast,0.06,-7.57,18.37,-5.1,22.82,-4.44,NASA POWER daily T2M
2026-01-27,boston,Northeast,0.06,-10.84,12.49,-4.41,24.05,-11.57,NASA POWER daily T2M
2026-01-28,boston,Northeast,0.06,-11.7,10.94,-3.74,25.26,-14.32,NASA POWER daily T2M
2026-01-29,boston,Northeast,0.06,-9.97,14.05,-3.67,25.39,-11.34,NASA POWER daily T2M
2026-01-30,boston,Northeast,0.06,-14.73,5.49,-3.42,25.84,-20.35,NASA POWER daily T2M
2026-01-31,boston,Northeast,0.06,-14.31,6.24,-3.88,25.01,-18.77,NASA POWER daily T2M
2026-02-01,boston,Northeast,0.06,-11.66,11.01,-3.21,26.22,-15.21,NASA POWER daily T2M
2026-02-02,boston,Northeast,0.06,-9.35,15.17,-3.02,26.56,-11.39,NASA POWER daily T2M
2026-02-03,boston,Northeast,0.06,-9.21,15.42,-3.07,26.47,-11.05,NASA POWER daily T2M
2026-02-04,boston,Northeast,0.06,-7.63,18.27,-2.46,27.58,-9.31,NASA POWER daily T2M
2026-02-05,boston,Northeast,0.06,-9.26,15.33,-2.94,26.71,-11.38,NASA POWER daily T2M
2026-02-06,boston,Northeast,0.06,-6.47,20.35,-4.51,23.88,-3.53,NASA POWER daily T2M
2026-02-07,boston,Northeast,0.06,-9.04,15.73,-3.5,25.71,-9.98,NASA POWER daily T2M
2026-02-08,boston,Northeast,0.06,-15.19,4.66,-3.96,24.86,-20.21,NASA POWER daily T2M
2026-02-09,boston,Northeast,0.06,-11.36,11.55,-4.4,24.07,-12.52,NASA POWER daily T2M
2026-02-10,boston,Northeast,0.06,-6.06,21.09,-3.24,26.18,-5.08,NASA POWER daily T2M
2026-02-11,boston,Northeast,0.06,-1.7,28.94,-3.66,25.41,3.53,NASA POWER daily T2M
2026-02-12,boston,Northeast,0.06,-4.55,23.81,-4.5,23.9,-0.09,NASA POWER daily T2M
2026-02-13,boston,Northeast,0.06,-6.35,20.57,-4.31,24.24,-3.67,NASA POWER daily T2M
2026-02-14,boston,Northeast,0.06,-4.15,24.53,-3.87,25.03,-0.5,NASA POWER daily T2M
2026-02-15,boston,Northeast,0.06,-5.04,22.93,-3.74,25.27,-2.34,NASA POWER daily T2M
2026-02-16,boston,Northeast,0.06,-1.47,29.35,-2.74,27.07,2.28,NASA POWER daily T2M
2026-02-17,boston,Northeast,0.06,0.03,32.05,-3.01,26.58,5.47,NASA POWER daily T2M
2026-02-18,boston,Northeast,0.06,1.07,33.93,-2.21,28.02,5.9,NASA POWER daily T2M
2026-02-19,boston,Northeast,0.06,0.19,32.34,-2.09,28.24,4.11,NASA POWER daily T2M
2026-02-20,boston,Northeast,0.06,0.05,32.09,-1.19,29.86,2.23,NASA POWER daily T2M
2026-02-21,boston,Northeast,0.06,-1.44,29.41,-0.36,31.35,-1.94,NASA POWER daily T2M
2026-02-22,boston,Northeast,0.06,-1.34,29.59,-0.12,31.78,-2.19,NASA POWER daily T2M
2026-02-23,boston,Northeast,0.06,-3.27,26.11,-1,30.2,-4.09,NASA POWER daily T2M
2026-02-24,boston,Northeast,0.06,-6.13,20.97,-1.28,29.69,-8.72,NASA POWER daily T2M
2026-02-25,boston,Northeast,0.06,-4.76,23.43,-1.44,29.4,-5.97,NASA POWER daily T2M
2026-02-26,boston,Northeast,0.06,-1.26,29.73,-2.3,27.86,1.88,NASA POWER daily T2M
2026-02-27,boston,Northeast,0.06,-2.76,27.03,-1.65,29.04,-2,NASA POWER daily T2M
2026-02-28,boston,Northeast,0.06,0.82,33.48,-1.49,29.32,4.16,NASA POWER daily T2M
2026-03-01,boston,Northeast,0.06,-1.57,29.17,-1.09,30.04,-0.86,NASA POWER daily T2M
2026-03-02,boston,Northeast,0.06,-6.53,20.25,-0.32,31.42,-11.18,NASA POWER daily T2M
2026-03-03,boston,Northeast,0.06,-3.29,26.08,-1.42,29.44,-3.36,NASA POWER daily T2M
2026-03-04,boston,Northeast,0.06,0.99,33.78,-1.25,29.75,4.03,NASA POWER daily T2M
2026-03-05,boston,Northeast,0.06,0.56,33.01,-0.76,30.63,2.38,NASA POWER daily T2M
2026-03-06,boston,Northeast,0.06,0.08,32.14,-1.11,30,2.15,NASA POWER daily T2M
2026-03-07,boston,Northeast,0.06,2.21,35.98,-0.2,31.64,4.33,NASA POWER daily T2M
2026-03-08,boston,Northeast,0.06,6.52,43.74,0.76,33.37,10.37,NASA POWER daily T2M
2026-03-09,boston,Northeast,0.06,7.77,45.99,0.32,32.57,13.42,NASA POWER daily T2M
2026-03-10,boston,Northeast,0.06,9.99,49.98,0.6,33.08,16.9,NASA POWER daily T2M
2026-03-11,boston,Northeast,0.06,8.13,46.63,0.6,33.08,13.55,NASA POWER daily T2M
2026-03-12,boston,Northeast,0.06,4.91,40.84,0.33,32.6,8.24,NASA POWER daily T2M
2026-03-13,boston,Northeast,0.06,0.08,32.14,0.44,32.8,-0.65,NASA POWER daily T2M
2026-03-14,boston,Northeast,0.06,2.17,35.91,0.97,33.75,2.16,NASA POWER daily T2M
2026-03-15,boston,Northeast,0.06,0.86,33.55,1.53,34.75,-1.2,NASA POWER daily T2M
2026-03-16,boston,Northeast,0.06,9.41,48.94,0.61,33.1,15.84,NASA POWER daily T2M
2026-03-17,boston,Northeast,0.06,3.6,38.48,0.73,33.31,5.17,NASA POWER daily T2M
2026-03-18,boston,Northeast,0.06,-1.94,28.51,0.64,33.15,-4.64,NASA POWER daily T2M
2026-03-19,boston,Northeast,0.06,0.19,32.34,0.54,32.97,-0.63,NASA POWER daily T2M
2026-03-20,boston,Northeast,0.06,4.3,39.74,1.48,34.66,5.08,NASA POWER daily T2M
2026-03-21,boston,Northeast,0.06,4.33,39.79,1.97,35.54,4.25,NASA POWER daily T2M
2026-03-22,boston,Northeast,0.06,3.38,38.08,1.37,34.46,3.62,NASA POWER daily T2M
2026-03-23,boston,Northeast,0.06,1.34,34.41,1.37,34.46,-0.05,NASA POWER daily T2M
2026-03-24,boston,Northeast,0.06,1.93,35.47,1.73,35.11,0.36,NASA POWER daily T2M
2026-03-25,boston,Northeast,0.06,3.92,39.06,2.41,36.34,2.72,NASA POWER daily T2M
2026-03-26,boston,Northeast,0.06,8.57,47.43,3.23,37.81,9.62,NASA POWER daily T2M
2026-03-27,boston,Northeast,0.06,3.44,38.19,3.89,39,-0.81,NASA POWER daily T2M
2026-03-28,boston,Northeast,0.06,-1.2,29.84,4.26,39.67,-9.83,NASA POWER daily T2M
2026-03-29,boston,Northeast,0.06,2.1,35.78,4.79,40.63,-4.85,NASA POWER daily T2M
2026-03-30,boston,Northeast,0.06,8.09,46.56,4.73,40.52,6.04,NASA POWER daily T2M
2026-03-31,boston,Northeast,0.06,10.28,50.5,4.74,40.53,9.97,NASA POWER daily T2M
2025-11-01,dallas,Texas/Oklahoma fringe,0.05,14.44,57.99,14.97,58.94,-0.95,NASA POWER daily T2M
2025-11-02,dallas,Texas/Oklahoma fringe,0.05,13.5,56.3,14.45,58,-1.7,NASA POWER daily T2M
2025-11-03,dallas,Texas/Oklahoma fringe,0.05,15.73,60.31,13.95,57.11,3.21,NASA POWER daily T2M
2025-11-04,dallas,Texas/Oklahoma fringe,0.05,16.7,62.06,14.67,58.41,3.65,NASA POWER daily T2M
2025-11-05,dallas,Texas/Oklahoma fringe,0.05,18.84,65.91,15.1,59.18,6.73,NASA POWER daily T2M
2025-11-06,dallas,Texas/Oklahoma fringe,0.05,20.05,68.09,14,57.19,10.9,NASA POWER daily T2M
2025-11-07,dallas,Texas/Oklahoma fringe,0.05,19.62,67.32,13.01,55.42,11.9,NASA POWER daily T2M
2025-11-08,dallas,Texas/Oklahoma fringe,0.05,18.38,65.08,13.23,55.81,9.27,NASA POWER daily T2M
2025-11-09,dallas,Texas/Oklahoma fringe,0.05,11.5,52.7,14.15,57.46,-4.76,NASA POWER daily T2M
2025-11-10,dallas,Texas/Oklahoma fringe,0.05,6.86,44.35,14.32,57.77,-13.42,NASA POWER daily T2M
2025-11-11,dallas,Texas/Oklahoma fringe,0.05,12.08,53.74,13.43,56.17,-2.43,NASA POWER daily T2M
2025-11-12,dallas,Texas/Oklahoma fringe,0.05,15.58,60.04,12.38,54.28,5.77,NASA POWER daily T2M
2025-11-13,dallas,Texas/Oklahoma fringe,0.05,19.04,66.27,12.17,53.9,12.37,NASA POWER daily T2M
2025-11-14,dallas,Texas/Oklahoma fringe,0.05,21.07,69.93,13.08,55.55,14.38,NASA POWER daily T2M
2025-11-15,dallas,Texas/Oklahoma fringe,0.05,21.84,71.31,12.54,54.57,16.74,NASA POWER daily T2M
2025-11-16,dallas,Texas/Oklahoma fringe,0.05,19.92,67.86,12.11,53.8,14.05,NASA POWER daily T2M
2025-11-17,dallas,Texas/Oklahoma fringe,0.05,22.8,73.04,12.28,54.1,18.94,NASA POWER daily T2M
2025-11-18,dallas,Texas/Oklahoma fringe,0.05,24.07,75.33,12.04,53.67,21.65,NASA POWER daily T2M
2025-11-19,dallas,Texas/Oklahoma fringe,0.05,22.65,72.77,12.79,55.01,17.76,NASA POWER daily T2M
2025-11-20,dallas,Texas/Oklahoma fringe,0.05,20.75,69.35,12.23,54.02,15.33,NASA POWER daily T2M
2025-11-21,dallas,Texas/Oklahoma fringe,0.05,18.66,65.59,12.21,53.97,11.61,NASA POWER daily T2M
2025-11-22,dallas,Texas/Oklahoma fringe,0.05,12.85,55.13,11.36,52.45,2.68,NASA POWER daily T2M
2025-11-23,dallas,Texas/Oklahoma fringe,0.05,13.44,56.19,11.59,52.87,3.32,NASA POWER daily T2M
2025-11-24,dallas,Texas/Oklahoma fringe,0.05,16.22,61.2,10.21,50.38,10.81,NASA POWER daily T2M
2025-11-25,dallas,Texas/Oklahoma fringe,0.05,14.15,57.47,9.5,49.1,8.37,NASA POWER daily T2M
2025-11-26,dallas,Texas/Oklahoma fringe,0.05,9.19,48.54,10.43,50.77,-2.23,NASA POWER daily T2M
2025-11-27,dallas,Texas/Oklahoma fringe,0.05,8.85,47.93,9.47,49.05,-1.12,NASA POWER daily T2M
2025-11-28,dallas,Texas/Oklahoma fringe,0.05,9.53,49.15,9.66,49.39,-0.24,NASA POWER daily T2M
2025-11-29,dallas,Texas/Oklahoma fringe,0.05,12.82,55.08,10.26,50.46,4.62,NASA POWER daily T2M
2025-11-30,dallas,Texas/Oklahoma fringe,0.05,3.53,38.35,9.16,48.48,-10.13,NASA POWER daily T2M
2025-12-01,dallas,Texas/Oklahoma fringe,0.05,4.45,40.01,8.89,48,-7.99,NASA POWER daily T2M
2025-12-02,dallas,Texas/Oklahoma fringe,0.05,2.89,37.2,10.03,50.05,-12.84,NASA POWER daily T2M
2025-12-03,dallas,Texas/Oklahoma fringe,0.05,6.88,44.38,10.32,50.58,-6.2,NASA POWER daily T2M
2025-12-04,dallas,Texas/Oklahoma fringe,0.05,5.33,41.59,9.01,48.22,-6.63,NASA POWER daily T2M
2025-12-05,dallas,Texas/Oklahoma fringe,0.05,5.71,42.28,7.65,45.77,-3.49,NASA POWER daily T2M
2025-12-06,dallas,Texas/Oklahoma fringe,0.05,6.04,42.87,7.96,46.32,-3.45,NASA POWER daily T2M
2025-12-07,dallas,Texas/Oklahoma fringe,0.05,6.95,44.51,7.45,45.41,-0.9,NASA POWER daily T2M
2025-12-08,dallas,Texas/Oklahoma fringe,0.05,4.39,39.9,8.23,46.81,-6.91,NASA POWER daily T2M
2025-12-09,dallas,Texas/Oklahoma fringe,0.05,8.64,47.55,7.08,44.74,2.81,NASA POWER daily T2M
2025-12-10,dallas,Texas/Oklahoma fringe,0.05,9.66,49.39,6.16,43.09,6.3,NASA POWER daily T2M
2025-12-11,dallas,Texas/Oklahoma fringe,0.05,9.78,49.6,7.59,45.66,3.95,NASA POWER daily T2M
2025-12-12,dallas,Texas/Oklahoma fringe,0.05,10.81,51.46,7.94,46.3,5.16,NASA POWER daily T2M
2025-12-13,dallas,Texas/Oklahoma fringe,0.05,9.53,49.15,8.33,47,2.15,NASA POWER daily T2M
2025-12-14,dallas,Texas/Oklahoma fringe,0.05,0.89,33.6,8.2,46.76,-13.16,NASA POWER daily T2M
2025-12-15,dallas,Texas/Oklahoma fringe,0.05,2.99,37.38,7.08,44.75,-7.37,NASA POWER daily T2M
2025-12-16,dallas,Texas/Oklahoma fringe,0.05,8.84,47.91,6.72,44.09,3.82,NASA POWER daily T2M
2025-12-17,dallas,Texas/Oklahoma fringe,0.05,13.04,55.47,6.61,43.91,11.57,NASA POWER daily T2M
2025-12-18,dallas,Texas/Oklahoma fringe,0.05,13.4,56.12,7.06,44.72,11.4,NASA POWER daily T2M
2025-12-19,dallas,Texas/Oklahoma fringe,0.05,9.03,48.25,7.81,46.05,2.2,NASA POWER daily T2M
2025-12-20,dallas,Texas/Oklahoma fringe,0.05,13.64,56.55,7.47,45.45,11.1,NASA POWER daily T2M
2025-12-21,dallas,Texas/Oklahoma fringe,0.05,12.76,54.97,7.26,45.07,9.9,NASA POWER daily T2M
2025-12-22,dallas,Texas/Oklahoma fringe,0.05,15.63,60.13,6.69,44.03,16.1,NASA POWER daily T2M
2025-12-23,dallas,Texas/Oklahoma fringe,0.05,19.67,67.41,6.33,43.39,24.02,NASA POWER daily T2M
2025-12-24,dallas,Texas/Oklahoma fringe,0.05,18.85,65.93,4.48,40.06,25.87,NASA POWER daily T2M
2025-12-25,dallas,Texas/Oklahoma fringe,0.05,18.76,65.77,5.27,41.48,24.29,NASA POWER daily T2M
2025-12-26,dallas,Texas/Oklahoma fringe,0.05,20.39,68.7,6.71,44.09,24.62,NASA POWER daily T2M
2025-12-27,dallas,Texas/Oklahoma fringe,0.05,20.84,69.51,6.89,44.41,25.1,NASA POWER daily T2M
2025-12-28,dallas,Texas/Oklahoma fringe,0.05,16.63,61.93,6.54,43.78,18.16,NASA POWER daily T2M
2025-12-29,dallas,Texas/Oklahoma fringe,0.05,2.93,37.27,6.9,44.42,-7.14,NASA POWER daily T2M
2025-12-30,dallas,Texas/Oklahoma fringe,0.05,3.31,37.96,7.33,45.2,-7.24,NASA POWER daily T2M
2025-12-31,dallas,Texas/Oklahoma fringe,0.05,8.52,47.34,6.43,43.57,3.77,NASA POWER daily T2M
2026-01-01,dallas,Texas/Oklahoma fringe,0.05,11.88,53.38,5.85,42.54,10.85,NASA POWER daily T2M
2026-01-02,dallas,Texas/Oklahoma fringe,0.05,15.25,59.45,5.77,42.38,17.07,NASA POWER daily T2M
2026-01-03,dallas,Texas/Oklahoma fringe,0.05,10.69,51.24,6.32,43.38,7.86,NASA POWER daily T2M
2026-01-04,dallas,Texas/Oklahoma fringe,0.05,9.68,49.42,5.8,42.45,6.98,NASA POWER daily T2M
2026-01-05,dallas,Texas/Oklahoma fringe,0.05,14.43,57.97,5.13,41.24,16.74,NASA POWER daily T2M
2026-01-06,dallas,Texas/Oklahoma fringe,0.05,15.54,59.97,5.17,41.3,18.67,NASA POWER daily T2M
2026-01-07,dallas,Texas/Oklahoma fringe,0.05,15.12,59.22,4.97,40.95,18.27,NASA POWER daily T2M
2026-01-08,dallas,Texas/Oklahoma fringe,0.05,19.32,66.78,5.56,42,24.78,NASA POWER daily T2M
2026-01-09,dallas,Texas/Oklahoma fringe,0.05,13.33,55.99,6.19,43.13,12.86,NASA POWER daily T2M
2026-01-10,dallas,Texas/Oklahoma fringe,0.05,6.41,43.54,6.45,43.61,-0.07,NASA POWER daily T2M
2026-01-11,dallas,Texas/Oklahoma fringe,0.05,6.9,44.42,6.71,44.07,0.35,NASA POWER daily T2M
2026-01-12,dallas,Texas/Oklahoma fringe,0.05,8.64,47.55,7.21,44.97,2.58,NASA POWER daily T2M
2026-01-13,dallas,Texas/Oklahoma fringe,0.05,9.74,49.53,4.98,40.96,8.57,NASA POWER daily T2M
2026-01-14,dallas,Texas/Oklahoma fringe,0.05,9.58,49.24,5.59,42.06,7.19,NASA POWER daily T2M
2026-01-15,dallas,Texas/Oklahoma fringe,0.05,6.72,44.1,6.05,42.9,1.2,NASA POWER daily T2M
2026-01-16,dallas,Texas/Oklahoma fringe,0.05,8.24,46.83,6.42,43.55,3.28,NASA POWER daily T2M
2026-01-17,dallas,Texas/Oklahoma fringe,0.05,1.88,35.38,6.01,42.81,-7.43,NASA POWER daily T2M
2026-01-18,dallas,Texas/Oklahoma fringe,0.05,3.18,37.72,5.15,41.28,-3.55,NASA POWER daily T2M
2026-01-19,dallas,Texas/Oklahoma fringe,0.05,4.57,40.23,5.67,42.2,-1.98,NASA POWER daily T2M
2026-01-20,dallas,Texas/Oklahoma fringe,0.05,4.06,39.31,7.09,44.76,-5.45,NASA POWER daily T2M
2026-01-21,dallas,Texas/Oklahoma fringe,0.05,11.74,53.13,7.08,44.74,8.4,NASA POWER daily T2M
2026-01-22,dallas,Texas/Oklahoma fringe,0.05,7.55,45.59,7.08,44.75,0.84,NASA POWER daily T2M
2026-01-23,dallas,Texas/Oklahoma fringe,0.05,5.88,42.58,6.38,43.48,-0.89,NASA POWER daily T2M
2026-01-24,dallas,Texas/Oklahoma fringe,0.05,-2.48,27.54,6.21,43.19,-15.65,NASA POWER daily T2M
2026-01-25,dallas,Texas/Oklahoma fringe,0.05,-6.9,19.58,7.46,45.42,-25.84,NASA POWER daily T2M
2026-01-26,dallas,Texas/Oklahoma fringe,0.05,-6.66,20.01,7.84,46.11,-26.1,NASA POWER daily T2M
2026-01-27,dallas,Texas/Oklahoma fringe,0.05,-3.41,25.86,7.16,44.89,-19.03,NASA POWER daily T2M
2026-01-28,dallas,Texas/Oklahoma fringe,0.05,0.63,33.13,7.55,45.58,-12.45,NASA POWER daily T2M
2026-01-29,dallas,Texas/Oklahoma fringe,0.05,4.09,39.36,6.96,44.54,-5.17,NASA POWER daily T2M
2026-01-30,dallas,Texas/Oklahoma fringe,0.05,1.12,34.02,5.97,42.75,-8.74,NASA POWER daily T2M
2026-01-31,dallas,Texas/Oklahoma fringe,0.05,-3.76,25.23,6.99,44.57,-19.34,NASA POWER daily T2M
2026-02-01,dallas,Texas/Oklahoma fringe,0.05,0.9,33.62,7.63,45.74,-12.12,NASA POWER daily T2M
2026-02-02,dallas,Texas/Oklahoma fringe,0.05,8.78,47.8,6.74,44.13,3.67,NASA POWER daily T2M
2026-02-03,dallas,Texas/Oklahoma fringe,0.05,12.26,54.07,7.78,46.01,8.06,NASA POWER daily T2M
2026-02-04,dallas,Texas/Oklahoma fringe,0.05,7.23,45.01,7.33,45.19,-0.17,NASA POWER daily T2M
2026-02-05,dallas,Texas/Oklahoma fringe,0.05,9.67,49.41,6.82,44.28,5.13,NASA POWER daily T2M
2026-02-06,dallas,Texas/Oklahoma fringe,0.05,14.87,58.77,7.56,45.61,13.16,NASA POWER daily T2M
2026-02-07,dallas,Texas/Oklahoma fringe,0.05,12.81,55.06,7.93,46.28,8.78,NASA POWER daily T2M
2026-02-08,dallas,Texas/Oklahoma fringe,0.05,14.61,58.3,8.19,46.75,11.55,NASA POWER daily T2M
2026-02-09,dallas,Texas/Oklahoma fringe,0.05,17.08,62.74,8.02,46.43,16.31,NASA POWER daily T2M
2026-02-10,dallas,Texas/Oklahoma fringe,0.05,16.31,61.36,8.22,46.79,14.57,NASA POWER daily T2M
2026-02-11,dallas,Texas/Oklahoma fringe,0.05,12.41,54.34,7.42,45.35,8.99,NASA POWER daily T2M
2026-02-12,dallas,Texas/Oklahoma fringe,0.05,14.18,57.52,7.03,44.65,12.87,NASA POWER daily T2M
2026-02-13,dallas,Texas/Oklahoma fringe,0.05,17.97,64.35,8.14,46.65,17.69,NASA POWER daily T2M
2026-02-14,dallas,Texas/Oklahoma fringe,0.05,17.11,62.8,9.64,49.36,13.44,NASA POWER daily T2M
2026-02-15,dallas,Texas/Oklahoma fringe,0.05,14.31,57.76,9.92,49.85,7.91,NASA POWER daily T2M
2026-02-16,dallas,Texas/Oklahoma fringe,0.05,13.74,56.73,7.97,46.35,10.38,NASA POWER daily T2M
2026-02-17,dallas,Texas/Oklahoma fringe,0.05,17.61,63.7,9.19,48.54,15.16,NASA POWER daily T2M
2026-02-18,dallas,Texas/Oklahoma fringe,0.05,16.68,62.02,10.18,50.32,11.71,NASA POWER daily T2M
2026-02-19,dallas,Texas/Oklahoma fringe,0.05,16,60.8,10.82,51.47,9.33,NASA POWER daily T2M
2026-02-20,dallas,Texas/Oklahoma fringe,0.05,9.79,49.62,12.33,54.2,-4.58,NASA POWER daily T2M
2026-02-21,dallas,Texas/Oklahoma fringe,0.05,9.52,49.14,10.79,51.42,-2.29,NASA POWER daily T2M
2026-02-22,dallas,Texas/Oklahoma fringe,0.05,6.51,43.72,9.93,49.88,-6.16,NASA POWER daily T2M
2026-02-23,dallas,Texas/Oklahoma fringe,0.05,6.88,44.38,10.68,51.23,-6.85,NASA POWER daily T2M
2026-02-24,dallas,Texas/Oklahoma fringe,0.05,12.2,53.96,10.09,50.15,3.81,NASA POWER daily T2M
2026-02-25,dallas,Texas/Oklahoma fringe,0.05,18.04,64.47,9.31,48.75,15.72,NASA POWER daily T2M
2026-02-26,dallas,Texas/Oklahoma fringe,0.05,17.92,64.26,8.52,47.34,16.91,NASA POWER daily T2M
2026-02-27,dallas,Texas/Oklahoma fringe,0.05,16.87,62.37,9.69,49.43,12.93,NASA POWER daily T2M
2026-02-28,dallas,Texas/Oklahoma fringe,0.05,19.31,66.76,10.06,50.11,16.64,NASA POWER daily T2M
2026-03-01,dallas,Texas/Oklahoma fringe,0.05,20.26,68.47,10.45,50.82,17.65,NASA POWER daily T2M
2026-03-02,dallas,Texas/Oklahoma fringe,0.05,20.14,68.25,9.24,48.63,19.62,NASA POWER daily T2M
2026-03-03,dallas,Texas/Oklahoma fringe,0.05,21.69,71.04,9.19,48.55,22.5,NASA POWER daily T2M
2026-03-04,dallas,Texas/Oklahoma fringe,0.05,21.47,70.65,10.89,51.6,19.05,NASA POWER daily T2M
2026-03-05,dallas,Texas/Oklahoma fringe,0.05,22.29,72.12,11.47,52.65,19.47,NASA POWER daily T2M
2026-03-06,dallas,Texas/Oklahoma fringe,0.05,22.33,72.19,11.75,53.15,19.04,NASA POWER daily T2M
2026-03-07,dallas,Texas/Oklahoma fringe,0.05,15.67,60.21,12.2,53.95,6.25,NASA POWER daily T2M
2026-03-08,dallas,Texas/Oklahoma fringe,0.05,15.16,59.29,12.56,54.61,4.68,NASA POWER daily T2M
2026-03-09,dallas,Texas/Oklahoma fringe,0.05,21.41,70.54,12.04,53.68,16.86,NASA POWER daily T2M
2026-03-10,dallas,Texas/Oklahoma fringe,0.05,22.5,72.5,11.6,52.87,19.63,NASA POWER daily T2M
2026-03-11,dallas,Texas/Oklahoma fringe,0.05,17.6,63.68,12.41,54.34,9.34,NASA POWER daily T2M
2026-03-12,dallas,Texas/Oklahoma fringe,0.05,10.63,51.13,12.77,54.98,-3.85,NASA POWER daily T2M
2026-03-13,dallas,Texas/Oklahoma fringe,0.05,14.83,58.69,12.85,55.12,3.57,NASA POWER daily T2M
2026-03-14,dallas,Texas/Oklahoma fringe,0.05,18.41,65.14,12.81,55.06,10.07,NASA POWER daily T2M
2026-03-15,dallas,Texas/Oklahoma fringe,0.05,16.92,62.46,13.17,55.7,6.75,NASA POWER daily T2M
2026-03-16,dallas,Texas/Oklahoma fringe,0.05,3.93,39.07,13.84,56.91,-17.84,NASA POWER daily T2M
2026-03-17,dallas,Texas/Oklahoma fringe,0.05,8.67,47.61,14.82,58.67,-11.06,NASA POWER daily T2M
2026-03-18,dallas,Texas/Oklahoma fringe,0.05,14.15,57.47,15.31,59.56,-2.09,NASA POWER daily T2M
2026-03-19,dallas,Texas/Oklahoma fringe,0.05,18.74,65.73,14.45,58.02,7.72,NASA POWER daily T2M
2026-03-20,dallas,Texas/Oklahoma fringe,0.05,20.94,69.69,13.21,55.77,13.92,NASA POWER daily T2M
2026-03-21,dallas,Texas/Oklahoma fringe,0.05,22.61,72.7,13.93,57.07,15.63,NASA POWER daily T2M
2026-03-22,dallas,Texas/Oklahoma fringe,0.05,23.44,74.19,14.36,57.85,16.34,NASA POWER daily T2M
2026-03-23,dallas,Texas/Oklahoma fringe,0.05,19.73,67.51,15.22,59.4,8.11,NASA POWER daily T2M
2026-03-24,dallas,Texas/Oklahoma fringe,0.05,20.44,68.79,15.97,60.76,8.04,NASA POWER daily T2M
2026-03-25,dallas,Texas/Oklahoma fringe,0.05,22.72,72.9,14.99,58.99,13.91,NASA POWER daily T2M
2026-03-26,dallas,Texas/Oklahoma fringe,0.05,23.58,74.44,15.18,59.33,15.11,NASA POWER daily T2M
2026-03-27,dallas,Texas/Oklahoma fringe,0.05,18.44,65.19,14.9,58.82,6.37,NASA POWER daily T2M
2026-03-28,dallas,Texas/Oklahoma fringe,0.05,13.77,56.79,14.72,58.5,-1.71,NASA POWER daily T2M
2026-03-29,dallas,Texas/Oklahoma fringe,0.05,18.98,66.16,15.58,60.05,6.11,NASA POWER daily T2M
2026-03-30,dallas,Texas/Oklahoma fringe,0.05,22.45,72.41,15.38,59.68,12.73,NASA POWER daily T2M
2026-03-31,dallas,Texas/Oklahoma fringe,0.05,23.34,74.01,15.15,59.26,14.75,NASA POWER daily T2M
2025-11-01,houston,Texas/Oklahoma fringe,0.05,15.87,60.57,17.79,64.02,-3.45,NASA POWER daily T2M
2025-11-02,houston,Texas/Oklahoma fringe,0.05,15.62,60.12,17.12,62.81,-2.7,NASA POWER daily T2M
2025-11-03,houston,Texas/Oklahoma fringe,0.05,15.98,60.76,16.62,61.91,-1.15,NASA POWER daily T2M
2025-11-04,houston,Texas/Oklahoma fringe,0.05,16.87,62.37,17.31,63.16,-0.79,NASA POWER daily T2M
2025-11-05,houston,Texas/Oklahoma fringe,0.05,19.91,67.84,18.23,64.81,3.03,NASA POWER daily T2M
2025-11-06,houston,Texas/Oklahoma fringe,0.05,20.78,69.4,17.49,63.49,5.91,NASA POWER daily T2M
2025-11-07,houston,Texas/Oklahoma fringe,0.05,22.1,71.78,16.59,61.85,9.93,NASA POWER daily T2M
2025-11-08,houston,Texas/Oklahoma fringe,0.05,22.88,73.18,16.28,61.3,11.88,NASA POWER daily T2M
2025-11-09,houston,Texas/Oklahoma fringe,0.05,17.47,63.45,16.68,62.02,1.43,NASA POWER daily T2M
2025-11-10,houston,Texas/Oklahoma fringe,0.05,9.8,49.64,17.22,62.99,-13.35,NASA POWER daily T2M
2025-11-11,houston,Texas/Oklahoma fringe,0.05,13.22,55.8,16.88,62.38,-6.59,NASA POWER daily T2M
2025-11-12,houston,Texas/Oklahoma fringe,0.05,19.61,67.3,15.8,60.44,6.86,NASA POWER daily T2M
2025-11-13,houston,Texas/Oklahoma fringe,0.05,21.17,70.11,14.76,58.57,11.54,NASA POWER daily T2M
2025-11-14,houston,Texas/Oklahoma fringe,0.05,21.78,71.2,15.45,59.8,11.4,NASA POWER daily T2M
2025-11-15,houston,Texas/Oklahoma fringe,0.05,21.48,70.66,15.66,60.18,10.48,NASA POWER daily T2M
2025-11-16,houston,Texas/Oklahoma fringe,0.05,23.28,73.9,15.01,59.02,14.88,NASA POWER daily T2M
2025-11-17,houston,Texas/Oklahoma fringe,0.05,23.75,74.75,14.81,58.65,16.1,NASA POWER daily T2M
2025-11-18,houston,Texas/Oklahoma fringe,0.05,23.99,75.18,14.84,58.72,16.46,NASA POWER daily T2M
2025-11-19,houston,Texas/Oklahoma fringe,0.05,24.29,75.72,15.29,59.52,16.2,NASA POWER daily T2M
2025-11-20,houston,Texas/Oklahoma fringe,0.05,24.04,75.27,15.28,59.51,15.77,NASA POWER daily T2M
2025-11-21,houston,Texas/Oklahoma fringe,0.05,24.62,76.32,15.46,59.83,16.49,NASA POWER daily T2M
2025-11-22,houston,Texas/Oklahoma fringe,0.05,20.97,69.75,14.88,58.78,10.97,NASA POWER daily T2M
2025-11-23,houston,Texas/Oklahoma fringe,0.05,17.97,64.35,15.01,59.02,5.32,NASA POWER daily T2M
2025-11-24,houston,Texas/Oklahoma fringe,0.05,22.83,73.09,13.62,56.52,16.57,NASA POWER daily T2M
2025-11-25,houston,Texas/Oklahoma fringe,0.05,20.5,68.9,13.24,55.84,13.06,NASA POWER daily T2M
2025-11-26,houston,Texas/Oklahoma fringe,0.05,15.71,60.28,13.91,57.03,3.25,NASA POWER daily T2M
2025-11-27,houston,Texas/Oklahoma fringe,0.05,12.48,54.46,13.63,56.54,-2.07,NASA POWER daily T2M
2025-11-28,houston,Texas/Oklahoma fringe,0.05,13.11,55.6,13.23,55.82,-0.22,NASA POWER daily T2M
2025-11-29,houston,Texas/Oklahoma fringe,0.05,19.64,67.35,14.4,57.92,9.43,NASA POWER daily T2M
2025-11-30,houston,Texas/Oklahoma fringe,0.05,10.5,50.9,13.08,55.54,-4.64,NASA POWER daily T2M
2025-12-01,houston,Texas/Oklahoma fringe,0.05,7.76,45.97,12.47,54.44,-8.47,NASA POWER daily T2M
2025-12-02,houston,Texas/Oklahoma fringe,0.05,6.86,44.35,13.37,56.07,-11.73,NASA POWER daily T2M
2025-12-03,houston,Texas/Oklahoma fringe,0.05,9.95,49.91,14.4,57.92,-8.01,NASA POWER daily T2M
2025-12-04,houston,Texas/Oklahoma fringe,0.05,9.55,49.19,12.88,55.18,-5.99,NASA POWER daily T2M
2025-12-05,houston,Texas/Oklahoma fringe,0.05,8.67,47.61,11.59,52.85,-5.25,NASA POWER daily T2M
2025-12-06,houston,Texas/Oklahoma fringe,0.05,12.56,54.61,11.7,53.07,1.54,NASA POWER daily T2M
2025-12-07,houston,Texas/Oklahoma fringe,0.05,15.27,59.49,12.18,53.92,5.57,NASA POWER daily T2M
2025-12-08,houston,Texas/Oklahoma fringe,0.05,8.79,47.82,12.25,54.06,-6.23,NASA POWER daily T2M
2025-12-09,houston,Texas/Oklahoma fringe,0.05,9.59,49.26,12.08,53.74,-4.48,NASA POWER daily T2M
2025-12-10,houston,Texas/Oklahoma fringe,0.05,13.57,56.43,10.31,50.55,5.87,NASA POWER daily T2M
2025-12-11,houston,Texas/Oklahoma fringe,0.05,11.4,52.52,11.64,52.95,-0.43,NASA POWER daily T2M
2025-12-12,houston,Texas/Oklahoma fringe,0.05,17.38,63.28,12.24,54.04,9.25,NASA POWER daily T2M
2025-12-13,houston,Texas/Oklahoma fringe,0.05,19.73,67.51,12.1,53.78,13.74,NASA POWER daily T2M
2025-12-14,houston,Texas/Oklahoma fringe,0.05,11.05,51.89,12.01,53.62,-1.73,NASA POWER daily T2M
2025-12-15,houston,Texas/Oklahoma fringe,0.05,5.3,41.54,12.2,53.96,-12.42,NASA POWER daily T2M
2025-12-16,houston,Texas/Oklahoma fringe,0.05,10.46,50.83,11.4,52.52,-1.69,NASA POWER daily T2M
2025-12-17,houston,Texas/Oklahoma fringe,0.05,15.24,59.43,10.64,51.15,8.28,NASA POWER daily T2M
2025-12-18,houston,Texas/Oklahoma fringe,0.05,17.24,63.03,11.1,51.98,11.05,NASA POWER daily T2M
2025-12-19,houston,Texas/Oklahoma fringe,0.05,10.99,51.78,11.74,53.13,-1.34,NASA POWER daily T2M
2025-12-20,houston,Texas/Oklahoma fringe,0.05,17.19,62.94,12.05,53.69,9.25,NASA POWER daily T2M
2025-12-21,houston,Texas/Oklahoma fringe,0.05,20.4,68.72,12.06,53.7,15.02,NASA POWER daily T2M
2025-12-22,houston,Texas/Oklahoma fringe,0.05,20.39,68.7,11.83,53.3,15.4,NASA POWER daily T2M
2025-12-23,houston,Texas/Oklahoma fringe,0.05,20.42,68.76,11.32,52.38,16.37,NASA POWER daily T2M
2025-12-24,houston,Texas/Oklahoma fringe,0.05,20.23,68.41,9.13,48.43,19.98,NASA POWER daily T2M
2025-12-25,houston,Texas/Oklahoma fringe,0.05,20.07,68.13,8.87,47.97,20.16,NASA POWER daily T2M
2025-12-26,houston,Texas/Oklahoma fringe,0.05,21.13,70.03,10.18,50.33,19.71,NASA POWER daily T2M
2025-12-27,houston,Texas/Oklahoma fringe,0.05,21.59,70.86,11.19,52.14,18.72,NASA POWER daily T2M
2025-12-28,houston,Texas/Oklahoma fringe,0.05,21.57,70.83,10.78,51.4,19.43,NASA POWER daily T2M
2025-12-29,houston,Texas/Oklahoma fringe,0.05,9.36,48.85,10.45,50.81,-1.96,NASA POWER daily T2M
2025-12-30,houston,Texas/Oklahoma fringe,0.05,6.71,44.08,11.11,52,-7.92,NASA POWER daily T2M
2025-12-31,houston,Texas/Oklahoma fringe,0.05,9.1,48.38,11.23,52.21,-3.83,NASA POWER daily T2M
2026-01-01,houston,Texas/Oklahoma fringe,0.05,12.28,54.1,10.46,50.83,3.27,NASA POWER daily T2M
2026-01-02,houston,Texas/Oklahoma fringe,0.05,19.58,67.24,9.35,48.83,18.42,NASA POWER daily T2M
2026-01-03,houston,Texas/Oklahoma fringe,0.05,16.58,61.84,9.3,48.74,13.1,NASA POWER daily T2M
2026-01-04,houston,Texas/Oklahoma fringe,0.05,12.95,55.31,9.98,49.97,5.34,NASA POWER daily T2M
2026-01-05,houston,Texas/Oklahoma fringe,0.05,16.34,61.41,10.04,50.06,11.35,NASA POWER daily T2M
2026-01-06,houston,Texas/Oklahoma fringe,0.05,19.83,67.69,10.21,50.37,17.32,NASA POWER daily T2M
2026-01-07,houston,Texas/Oklahoma fringe,0.05,20.04,68.07,9.34,48.82,19.26,NASA POWER daily T2M
2026-01-08,houston,Texas/Oklahoma fringe,0.05,21.59,70.86,9.78,49.6,21.26,NASA POWER daily T2M
2026-01-09,houston,Texas/Oklahoma fringe,0.05,20.84,69.51,10.97,51.75,17.76,NASA POWER daily T2M
2026-01-10,houston,Texas/Oklahoma fringe,0.05,12,53.6,10.84,51.5,2.1,NASA POWER daily T2M
2026-01-11,houston,Texas/Oklahoma fringe,0.05,9.21,48.58,10.44,50.79,-2.21,NASA POWER daily T2M
2026-01-12,houston,Texas/Oklahoma fringe,0.05,10.32,50.58,11.09,51.95,-1.38,NASA POWER daily T2M
2026-01-13,houston,Texas/Oklahoma fringe,0.05,10.32,50.58,9.85,49.74,0.84,NASA POWER daily T2M
2026-01-14,houston,Texas/Oklahoma fringe,0.05,11.83,53.29,9.45,49.02,4.28,NASA POWER daily T2M
2026-01-15,houston,Texas/Oklahoma fringe,0.05,8.51,47.32,9.62,49.31,-1.99,NASA POWER daily T2M
2026-01-16,houston,Texas/Oklahoma fringe,0.05,13.03,55.45,10.56,51.01,4.45,NASA POWER daily T2M
2026-01-17,houston,Texas/Oklahoma fringe,0.05,8.49,47.28,10.31,50.56,-3.28,NASA POWER daily T2M
2026-01-18,houston,Texas/Oklahoma fringe,0.05,5.69,42.24,9.68,49.43,-7.19,NASA POWER daily T2M
2026-01-19,houston,Texas/Oklahoma fringe,0.05,9.24,48.63,9.47,49.04,-0.41,NASA POWER daily T2M
2026-01-20,houston,Texas/Oklahoma fringe,0.05,11.82,53.28,11.23,52.22,1.06,NASA POWER daily T2M
2026-01-21,houston,Texas/Oklahoma fringe,0.05,16.07,60.93,11.83,53.3,7.63,NASA POWER daily T2M
2026-01-22,houston,Texas/Oklahoma fringe,0.05,16.07,60.93,12.08,53.74,7.19,NASA POWER daily T2M
2026-01-23,houston,Texas/Oklahoma fringe,0.05,16.66,61.99,10.44,50.79,11.2,NASA POWER daily T2M
2026-01-24,houston,Texas/Oklahoma fringe,0.05,7.16,44.89,9.72,49.5,-4.62,NASA POWER daily T2M
2026-01-25,houston,Texas/Oklahoma fringe,0.05,-2.32,27.82,10.74,51.34,-23.51,NASA POWER daily T2M
2026-01-26,houston,Texas/Oklahoma fringe,0.05,-3.73,25.29,11.66,52.99,-27.7,NASA POWER daily T2M
2026-01-27,houston,Texas/Oklahoma fringe,0.05,0.84,33.51,11.71,53.08,-19.57,NASA POWER daily T2M
2026-01-28,houston,Texas/Oklahoma fringe,0.05,6.66,43.99,10.88,51.59,-7.6,NASA POWER daily T2M
2026-01-29,houston,Texas/Oklahoma fringe,0.05,9.67,49.41,11,51.81,-2.4,NASA POWER daily T2M
2026-01-30,houston,Texas/Oklahoma fringe,0.05,6.06,42.91,9.77,49.59,-6.68,NASA POWER daily T2M
2026-01-31,houston,Texas/Oklahoma fringe,0.05,2.59,36.66,10.38,50.69,-14.02,NASA POWER daily T2M
2026-02-01,houston,Texas/Oklahoma fringe,0.05,2.72,36.9,11.3,52.34,-15.44,NASA POWER daily T2M
2026-02-02,houston,Texas/Oklahoma fringe,0.05,10.94,51.69,10.64,51.15,0.54,NASA POWER daily T2M
2026-02-03,houston,Texas/Oklahoma fringe,0.05,17.16,62.89,10.92,51.65,11.23,NASA POWER daily T2M
2026-02-04,houston,Texas/Oklahoma fringe,0.05,11.48,52.66,11.43,52.57,0.1,NASA POWER daily T2M
2026-02-05,houston,Texas/Oklahoma fringe,0.05,9.67,49.41,10.9,51.61,-2.21,NASA POWER daily T2M
2026-02-06,houston,Texas/Oklahoma fringe,0.05,13.96,57.13,11.22,52.19,4.94,NASA POWER daily T2M
2026-02-07,houston,Texas/Oklahoma fringe,0.05,14.66,58.39,11.29,52.33,6.06,NASA POWER daily T2M
2026-02-08,houston,Texas/Oklahoma fringe,0.05,15.69,60.24,11.76,53.16,7.08,NASA POWER daily T2M
2026-02-09,houston,Texas/Oklahoma fringe,0.05,18.62,65.52,12.24,54.03,11.49,NASA POWER daily T2M
2026-02-10,houston,Texas/Oklahoma fringe,0.05,18.53,65.35,12.36,54.25,11.1,NASA POWER daily T2M
2026-02-11,houston,Texas/Oklahoma fringe,0.05,18,64.4,11.15,52.07,12.33,NASA POWER daily T2M
2026-02-12,houston,Texas/Oklahoma fringe,0.05,18.19,64.74,11.29,52.32,12.42,NASA POWER daily T2M
2026-02-13,houston,Texas/Oklahoma fringe,0.05,19.23,66.61,11.52,52.73,13.88,NASA POWER daily T2M
2026-02-14,houston,Texas/Oklahoma fringe,0.05,18.95,66.11,12.8,55.04,11.07,NASA POWER daily T2M
2026-02-15,houston,Texas/Oklahoma fringe,0.05,16.08,60.94,13.82,56.88,4.06,NASA POWER daily T2M
2026-02-16,houston,Texas/Oklahoma fringe,0.05,14.86,58.75,12.51,54.52,4.23,NASA POWER daily T2M
2026-02-17,houston,Texas/Oklahoma fringe,0.05,18.45,65.21,12.45,54.41,10.8,NASA POWER daily T2M
2026-02-18,houston,Texas/Oklahoma fringe,0.05,20.88,69.58,13.69,56.65,12.93,NASA POWER daily T2M
2026-02-19,houston,Texas/Oklahoma fringe,0.05,22,71.6,14.14,57.46,14.14,NASA POWER daily T2M
2026-02-20,houston,Texas/Oklahoma fringe,0.05,21.24,70.23,15.05,59.09,11.15,NASA POWER daily T2M
2026-02-21,houston,Texas/Oklahoma fringe,0.05,19.29,66.72,15.63,60.13,6.59,NASA POWER daily T2M
2026-02-22,houston,Texas/Oklahoma fringe,0.05,10.98,51.76,14.29,57.73,-5.96,NASA POWER daily T2M
2026-02-23,houston,Texas/Oklahoma fringe,0.05,9.93,49.87,14.63,58.34,-8.46,NASA POWER daily T2M
2026-02-24,houston,Texas/Oklahoma fringe,0.05,12.93,55.27,14.14,57.46,-2.19,NASA POWER daily T2M
2026-02-25,houston,Texas/Oklahoma fringe,0.05,19.37,66.87,13.46,56.23,10.63,NASA POWER daily T2M
2026-02-26,houston,Texas/Oklahoma fringe,0.05,22.33,72.19,12.14,53.86,18.34,NASA POWER daily T2M
2026-02-27,houston,Texas/Oklahoma fringe,0.05,21.56,70.81,13.1,55.58,15.23,NASA POWER daily T2M
2026-02-28,houston,Texas/Oklahoma fringe,0.05,19.14,66.45,13.96,57.13,9.32,NASA POWER daily T2M
2026-03-01,houston,Texas/Oklahoma fringe,0.05,19.02,66.24,15.2,59.35,6.88,NASA POWER daily T2M
2026-03-02,houston,Texas/Oklahoma fringe,0.05,20.68,69.22,13.96,57.13,12.09,NASA POWER daily T2M
2026-03-03,houston,Texas/Oklahoma fringe,0.05,22.47,72.45,12.64,54.74,17.7,NASA POWER daily T2M
2026-03-04,houston,Texas/Oklahoma fringe,0.05,22.34,72.21,13.43,56.17,16.05,NASA POWER daily T2M
2026-03-05,houston,Texas/Oklahoma fringe,0.05,22.57,72.63,14.52,58.14,14.49,NASA POWER daily T2M
2026-03-06,houston,Texas/Oklahoma fringe,0.05,23.79,74.82,14.75,58.55,16.27,NASA POWER daily T2M
2026-03-07,houston,Texas/Oklahoma fringe,0.05,23.7,74.66,15.05,59.09,15.57,NASA POWER daily T2M
2026-03-08,houston,Texas/Oklahoma fringe,0.05,20.88,69.58,15.62,60.11,9.47,NASA POWER daily T2M
2026-03-09,houston,Texas/Oklahoma fringe,0.05,22.62,72.72,15.47,59.84,12.88,NASA POWER daily T2M
2026-03-10,houston,Texas/Oklahoma fringe,0.05,23.95,75.11,15.18,59.33,15.78,NASA POWER daily T2M
2026-03-11,houston,Texas/Oklahoma fringe,0.05,22.08,71.74,15.49,59.88,11.87,NASA POWER daily T2M
2026-03-12,houston,Texas/Oklahoma fringe,0.05,13.8,56.84,15.23,59.42,-2.58,NASA POWER daily T2M
2026-03-13,houston,Texas/Oklahoma fringe,0.05,15.44,59.79,15.41,59.73,0.06,NASA POWER daily T2M
2026-03-14,houston,Texas/Oklahoma fringe,0.05,19.08,66.34,15.42,59.75,6.59,NASA POWER daily T2M
2026-03-15,houston,Texas/Oklahoma fringe,0.05,21.65,70.97,15.92,60.66,10.31,NASA POWER daily T2M
2026-03-16,houston,Texas/Oklahoma fringe,0.05,8.66,47.59,16.83,62.29,-14.71,NASA POWER daily T2M
2026-03-17,houston,Texas/Oklahoma fringe,0.05,9.06,48.31,17.55,63.6,-15.29,NASA POWER daily T2M
2026-03-18,houston,Texas/Oklahoma fringe,0.05,14.99,58.98,18,64.41,-5.43,NASA POWER daily T2M
2026-03-19,houston,Texas/Oklahoma fringe,0.05,18.13,64.63,17.19,62.95,1.69,NASA POWER daily T2M
2026-03-20,houston,Texas/Oklahoma fringe,0.05,20.26,68.47,16.11,61.01,7.46,NASA POWER daily T2M
2026-03-21,houston,Texas/Oklahoma fringe,0.05,22.06,71.71,16.09,60.96,10.75,NASA POWER daily T2M
2026-03-22,houston,Texas/Oklahoma fringe,0.05,22.04,71.67,17.08,62.75,8.92,NASA POWER daily T2M
2026-03-23,houston,Texas/Oklahoma fringe,0.05,22.13,71.83,17.68,63.83,8.01,NASA POWER daily T2M
2026-03-24,houston,Texas/Oklahoma fringe,0.05,22.22,72,18.26,64.87,7.13,NASA POWER daily T2M
2026-03-25,houston,Texas/Oklahoma fringe,0.05,23.13,73.63,18.44,65.19,8.44,NASA POWER daily T2M
2026-03-26,houston,Texas/Oklahoma fringe,0.05,23.11,73.6,17.8,64.05,9.55,NASA POWER daily T2M
2026-03-27,houston,Texas/Oklahoma fringe,0.05,23.75,74.75,17.97,64.35,10.4,NASA POWER daily T2M
2026-03-28,houston,Texas/Oklahoma fringe,0.05,20.49,68.88,17.88,64.19,4.69,NASA POWER daily T2M
2026-03-29,houston,Texas/Oklahoma fringe,0.05,21.12,70.02,18.22,64.8,5.22,NASA POWER daily T2M
2026-03-30,houston,Texas/Oklahoma fringe,0.05,22.89,73.2,18.15,64.66,8.54,NASA POWER daily T2M
2026-03-31,houston,Texas/Oklahoma fringe,0.05,23.92,75.06,17.5,63.5,11.56,NASA POWER daily T2M
