date,open,high,low,close,adjustedClose,volume,symbol,source
2000-01-03,840,846,820,830,830,2426,CC=F,Yahoo chart API continuous-futures proxy
2000-01-04,830,841,823,836,836,1957,CC=F,Yahoo chart API continuous-futures proxy
2000-01-05,840,850,828,831,831,3975,CC=F,Yahoo chart API continuous-futures proxy
2000-01-06,830,847,824,841,841,3454,CC=F,Yahoo chart API continuous-futures proxy
2000-01-07,848,855,836,853,853,5008,CC=F,Yahoo chart API continuous-futures proxy
2000-01-10,848,855,837,839,839,3900,CC=F,Yahoo chart API continuous-futures proxy
2000-01-11,838,853,836,846,846,2073,CC=F,Yahoo chart API continuous-futures proxy
2000-01-12,848,855,843,854,854,2458,CC=F,Yahoo chart API continuous-futures proxy
2000-01-13,854,875,845,871,871,7037,CC=F,Yahoo chart API continuous-futures proxy
2000-01-14,870,872,847,850,850,4477,CC=F,Yahoo chart API continuous-futures proxy
2000-01-17,,,,,,,CC=F,Yahoo chart API continuous-futures proxy
2000-01-18,835,837,825,828,828,6976,CC=F,Yahoo chart API continuous-futures proxy
2000-01-19,828,845,815,844,844,5731,CC=F,Yahoo chart API continuous-futures proxy
2000-01-20,841,859,840,853,853,4759,CC=F,Yahoo chart API continuous-futures proxy
2000-01-21,857,865,848,861,861,5036,CC=F,Yahoo chart API continuous-futures proxy
2000-01-24,858,866,842,844,844,2671,CC=F,Yahoo chart API continuous-futures proxy
2000-01-25,845,846,835,838,838,2973,CC=F,Yahoo chart API continuous-futures proxy
2000-01-26,834,854,831,846,846,3964,CC=F,Yahoo chart API continuous-futures proxy
2000-01-27,848,852,820,823,823,5849,CC=F,Yahoo chart API continuous-futures proxy
2000-01-28,829,836,805,811,811,7540,CC=F,Yahoo chart API continuous-futures proxy
2000-01-31,810,812,794,795,795,6201,CC=F,Yahoo chart API continuous-futures proxy
2000-02-01,780,793,757,763,763,8622,CC=F,Yahoo chart API continuous-futures proxy
2000-02-02,775,779,763,766,766,5044,CC=F,Yahoo chart API continuous-futures proxy
2000-02-03,770,778,765,774,774,3021,CC=F,Yahoo chart API continuous-futures proxy
2000-02-04,774,774,751,765,765,4604,CC=F,Yahoo chart API continuous-futures proxy
2000-02-07,765,785,761,783,783,5579,CC=F,Yahoo chart API continuous-futures proxy
2000-02-08,781,788,761,767,767,6178,CC=F,Yahoo chart API continuous-futures proxy
2000-02-09,767,785,767,784,784,7150,CC=F,Yahoo chart API continuous-futures proxy
2000-02-10,775,782,774,776,776,5701,CC=F,Yahoo chart API continuous-futures proxy
2000-02-11,770,775,750,759,759,7767,CC=F,Yahoo chart API continuous-futures proxy
2000-02-14,755,764,735,740,740,13644,CC=F,Yahoo chart API continuous-futures proxy
2000-02-15,745,760,742,748,748,1547,CC=F,Yahoo chart API continuous-futures proxy
2000-02-16,760,770,751,764,764,2052,CC=F,Yahoo chart API continuous-futures proxy
2000-02-17,767,784,764,781,781,887,CC=F,Yahoo chart API continuous-futures proxy
2000-02-18,788,790,773,780,780,887,CC=F,Yahoo chart API continuous-futures proxy
2000-02-21,,,,,,,CC=F,Yahoo chart API continuous-futures proxy
2000-02-22,770,778,760,760,760,67,CC=F,Yahoo chart API continuous-futures proxy
2000-02-23,765,772,763,769,769,50,CC=F,Yahoo chart API continuous-futures proxy
2000-02-24,780,805,760,767,767,187,CC=F,Yahoo chart API continuous-futures proxy
2000-02-25,765,767,734,734,734,49,CC=F,Yahoo chart API continuous-futures proxy
2000-02-28,735,748,732,740,740,148,CC=F,Yahoo chart API continuous-futures proxy
2000-02-29,730,754,730,753,753,17,CC=F,Yahoo chart API continuous-futures proxy
2000-03-01,755,759,745,759,759,11,CC=F,Yahoo chart API continuous-futures proxy
2000-03-02,770,791,770,791,791,35,CC=F,Yahoo chart API continuous-futures proxy
2000-03-03,814,814,800,805,805,11,CC=F,Yahoo chart API continuous-futures proxy
2000-03-06,805,805,775,802,802,10,CC=F,Yahoo chart API continuous-futures proxy
2000-03-07,815,829,810,819,819,10,CC=F,Yahoo chart API continuous-futures proxy
2000-03-08,820,829,802,829,829,9,CC=F,Yahoo chart API continuous-futures proxy
2000-03-09,840,868,815,819,819,22,CC=F,Yahoo chart API continuous-futures proxy
2000-03-10,835,845,808,840,840,13,CC=F,Yahoo chart API continuous-futures proxy
2000-03-13,845,860,800,860,860,10,CC=F,Yahoo chart API continuous-futures proxy
2000-03-14,873,880,842,880,880,32,CC=F,Yahoo chart API continuous-futures proxy
2000-03-15,826,893,825,846,846,14,CC=F,Yahoo chart API continuous-futures proxy
2000-03-16,910,910,862,878,878,0,CC=F,Yahoo chart API continuous-futures proxy
2000-03-17,917,929,893,898,898,7745,CC=F,Yahoo chart API continuous-futures proxy
2000-03-20,885,891,851,857,857,6808,CC=F,Yahoo chart API continuous-futures proxy
2000-03-21,862,870,845,868,868,5489,CC=F,Yahoo chart API continuous-futures proxy
2000-03-22,862,875,856,871,871,3627,CC=F,Yahoo chart API continuous-futures proxy
2000-03-23,868,883,860,876,876,3136,CC=F,Yahoo chart API continuous-futures proxy
2000-03-24,862,866,828,840,840,7655,CC=F,Yahoo chart API continuous-futures proxy
2000-03-27,840,840,792,797,797,9678,CC=F,Yahoo chart API continuous-futures proxy
2000-03-28,792,819,786,815,815,5519,CC=F,Yahoo chart API continuous-futures proxy
2000-03-29,820,833,792,796,796,6670,CC=F,Yahoo chart API continuous-futures proxy
2000-03-30,796,807,790,794,794,4101,CC=F,Yahoo chart API continuous-futures proxy
2000-03-31,804,811,794,800,800,4065,CC=F,Yahoo chart API continuous-futures proxy
2000-04-03,785,804,783,784,784,3907,CC=F,Yahoo chart API continuous-futures proxy
2000-04-04,785,814,785,809,809,4543,CC=F,Yahoo chart API continuous-futures proxy
2000-04-05,817,819,806,811,811,2865,CC=F,Yahoo chart API continuous-futures proxy
2000-04-06,820,838,818,825,825,4478,CC=F,Yahoo chart API continuous-futures proxy
2000-04-07,815,820,806,810,810,4707,CC=F,Yahoo chart API continuous-futures proxy
2000-04-10,808,810,793,807,807,6551,CC=F,Yahoo chart API continuous-futures proxy
2000-04-11,808,819,801,803,803,6944,CC=F,Yahoo chart API continuous-futures proxy
2000-04-12,796,809,793,802,802,7164,CC=F,Yahoo chart API continuous-futures proxy
2000-04-13,795,822,795,815,815,11975,CC=F,Yahoo chart API continuous-futures proxy
2000-04-14,815,824,799,807,807,2174,CC=F,Yahoo chart API continuous-futures proxy
2000-04-17,800,830,797,824,824,317,CC=F,Yahoo chart API continuous-futures proxy
2000-04-18,835,850,830,837,837,343,CC=F,Yahoo chart API continuous-futures proxy
2000-04-19,837,846,805,813,813,430,CC=F,Yahoo chart API continuous-futures proxy
2000-04-20,813,815,794,803,803,102,CC=F,Yahoo chart API continuous-futures proxy
2000-04-21,,,,,,,CC=F,Yahoo chart API continuous-futures proxy
2000-04-24,803,804,760,764,764,105,CC=F,Yahoo chart API continuous-futures proxy
2000-04-25,764,775,763,769,769,38,CC=F,Yahoo chart API continuous-futures proxy
2000-04-26,770,780,765,765,765,14,CC=F,Yahoo chart API continuous-futures proxy
2000-04-27,755,768,753,755,755,41,CC=F,Yahoo chart API continuous-futures proxy
2000-04-28,760,763,747,747,747,15,CC=F,Yahoo chart API continuous-futures proxy
2000-05-01,752,767,740,764,764,25,CC=F,Yahoo chart API continuous-futures proxy
2000-05-02,784,784,756,763,763,11,CC=F,Yahoo chart API continuous-futures proxy
2000-05-03,755,772,755,772,772,2,CC=F,Yahoo chart API continuous-futures proxy
2000-05-04,781,781,767,772,772,10,CC=F,Yahoo chart API continuous-futures proxy
2000-05-05,773,773,771,771,771,3,CC=F,Yahoo chart API continuous-futures proxy
2000-05-08,775,775,743,748,748,5,CC=F,Yahoo chart API continuous-futures proxy
2000-05-09,753,769,751,769,769,9,CC=F,Yahoo chart API continuous-futures proxy
2000-05-10,772,772,765,765,765,2,CC=F,Yahoo chart API continuous-futures proxy
2000-05-11,800,800,796,796,796,3,CC=F,Yahoo chart API continuous-futures proxy
2000-05-12,778,778,778,778,778,8,CC=F,Yahoo chart API continuous-futures proxy
2000-05-15,781,795,781,783,783,0,CC=F,Yahoo chart API continuous-futures proxy
2000-05-16,810,840,810,837,837,5369,CC=F,Yahoo chart API continuous-futures proxy
2000-05-17,839,840,812,821,821,4760,CC=F,Yahoo chart API continuous-futures proxy
2000-05-18,814,833,812,829,829,2770,CC=F,Yahoo chart API continuous-futures proxy
2000-05-19,842,865,842,857,857,9070,CC=F,Yahoo chart API continuous-futures proxy
2000-05-22,853,859,837,840,840,3720,CC=F,Yahoo chart API continuous-futures proxy
2000-05-23,838,848,833,834,834,3681,CC=F,Yahoo chart API continuous-futures proxy
2000-05-24,835,859,832,850,850,6341,CC=F,Yahoo chart API continuous-futures proxy
2000-05-25,866,874,826,831,831,8666,CC=F,Yahoo chart API continuous-futures proxy
2000-05-26,835,843,821,835,835,3538,CC=F,Yahoo chart API continuous-futures proxy
2000-05-29,,,,,,,CC=F,Yahoo chart API continuous-futures proxy
2000-05-30,835,842,828,830,830,2671,CC=F,Yahoo chart API continuous-futures proxy
2000-05-31,837,844,829,842,842,3929,CC=F,Yahoo chart API continuous-futures proxy
2000-06-01,840,850,839,848,848,3041,CC=F,Yahoo chart API continuous-futures proxy
2000-06-02,855,858,843,848,848,5317,CC=F,Yahoo chart API continuous-futures proxy
2000-06-05,843,845,828,831,831,5182,CC=F,Yahoo chart API continuous-futures proxy
2000-06-06,834,840,828,832,832,4374,CC=F,Yahoo chart API continuous-futures proxy
2000-06-07,827,827,806,817,817,8114,CC=F,Yahoo chart API continuous-futures proxy
2000-06-08,822,872,815,869,869,11562,CC=F,Yahoo chart API continuous-futures proxy
2000-06-09,865,885,846,849,849,5806,CC=F,Yahoo chart API continuous-futures proxy
2000-06-12,845,854,838,850,850,4999,CC=F,Yahoo chart API continuous-futures proxy
2000-06-13,855,866,845,846,846,5152,CC=F,Yahoo chart API continuous-futures proxy
2000-06-14,850,855,845,849,849,4113,CC=F,Yahoo chart API continuous-futures proxy
2000-06-15,845,860,843,849,849,5266,CC=F,Yahoo chart API continuous-futures proxy
2000-06-16,855,858,847,849,849,7848,CC=F,Yahoo chart API continuous-futures proxy
2000-06-19,850,853,832,837,837,635,CC=F,Yahoo chart API continuous-futures proxy
2000-06-20,832,837,810,834,834,271,CC=F,Yahoo chart API continuous-futures proxy
2000-06-21,834,855,834,855,855,86,CC=F,Yahoo chart API continuous-futures proxy
2000-06-22,860,905,857,903,903,112,CC=F,Yahoo chart API continuous-futures proxy
2000-06-23,895,895,825,825,825,95,CC=F,Yahoo chart API continuous-futures proxy
2000-06-26,821,828,791,800,800,86,CC=F,Yahoo chart API continuous-futures proxy
2000-06-27,805,818,805,808,808,22,CC=F,Yahoo chart API continuous-futures proxy
2000-06-28,818,819,808,812,812,50,CC=F,Yahoo chart API continuous-futures proxy
2000-06-29,815,815,809,813,813,48,CC=F,Yahoo chart API continuous-futures proxy
2000-06-30,805,826,805,820,820,48,CC=F,Yahoo chart API continuous-futures proxy
2000-07-03,,,,,,,CC=F,Yahoo chart API continuous-futures proxy
2000-07-04,,,,,,,CC=F,Yahoo chart API continuous-futures proxy
2000-07-05,847,847,808,819,819,2,CC=F,Yahoo chart API continuous-futures proxy
2000-07-06,821,821,803,812,812,3,CC=F,Yahoo chart API continuous-futures proxy
2000-07-07,830,830,814,826,826,3,CC=F,Yahoo chart API continuous-futures proxy
2000-07-10,823,823,823,823,823,0,CC=F,Yahoo chart API continuous-futures proxy
2000-07-11,828,830,826,830,830,2,CC=F,Yahoo chart API continuous-futures proxy
2000-07-12,820,823,813,813,813,24,CC=F,Yahoo chart API continuous-futures proxy
2000-07-13,816,831,816,831,831,3,CC=F,Yahoo chart API continuous-futures proxy
2000-07-14,819,820,816,816,816,0,CC=F,Yahoo chart API continuous-futures proxy
2000-07-17,832,844,828,841,841,3202,CC=F,Yahoo chart API continuous-futures proxy
2000-07-18,840,853,838,849,849,3614,CC=F,Yahoo chart API continuous-futures proxy
2000-07-19,845,858,840,856,856,11339,CC=F,Yahoo chart API continuous-futures proxy
2000-07-20,855,898,854,886,886,6027,CC=F,Yahoo chart API continuous-futures proxy
2000-07-21,887,891,872,887,887,6610,CC=F,Yahoo chart API continuous-futures proxy
2000-07-24,875,875,838,840,840,3284,CC=F,Yahoo chart API continuous-futures proxy
2000-07-25,850,855,832,851,851,3358,CC=F,Yahoo chart API continuous-futures proxy
2000-07-26,845,854,841,847,847,2261,CC=F,Yahoo chart API continuous-futures proxy
2000-07-27,851,851,839,843,843,2150,CC=F,Yahoo chart API continuous-futures proxy
2000-07-28,841,845,837,843,843,4336,CC=F,Yahoo chart API continuous-futures proxy
2000-07-31,835,840,822,825,825,6406,CC=F,Yahoo chart API continuous-futures proxy
2000-08-01,820,826,805,821,821,4177,CC=F,Yahoo chart API continuous-futures proxy
2000-08-02,814,829,812,824,824,5700,CC=F,Yahoo chart API continuous-futures proxy
2000-08-03,820,820,786,798,798,7285,CC=F,Yahoo chart API continuous-futures proxy
2000-08-04,798,798,767,777,777,3965,CC=F,Yahoo chart API continuous-futures proxy
2000-08-07,772,784,760,762,762,3757,CC=F,Yahoo chart API continuous-futures proxy
2000-08-08,765,778,765,773,773,4776,CC=F,Yahoo chart API continuous-futures proxy
2000-08-09,773,775,747,750,750,2938,CC=F,Yahoo chart API continuous-futures proxy
2000-08-10,755,772,755,769,769,3032,CC=F,Yahoo chart API continuous-futures proxy
2000-08-11,780,780,767,769,769,0,CC=F,Yahoo chart API continuous-futures proxy
2000-08-14,769,774,764,770,770,4894,CC=F,Yahoo chart API continuous-futures proxy
2000-08-15,767,776,767,769,769,5843,CC=F,Yahoo chart API continuous-futures proxy
2000-08-16,768,768,757,762,762,6884,CC=F,Yahoo chart API continuous-futures proxy
2000-08-17,766,774,750,751,751,796,CC=F,Yahoo chart API continuous-futures proxy
2000-08-18,756,760,749,750,750,217,CC=F,Yahoo chart API continuous-futures proxy
2000-08-21,749,766,748,754,754,44,CC=F,Yahoo chart API continuous-futures proxy
2000-08-22,750,766,750,751,751,48,CC=F,Yahoo chart API continuous-futures proxy
2000-08-23,759,759,735,740,740,75,CC=F,Yahoo chart API continuous-futures proxy
2000-08-24,747,770,747,750,750,62,CC=F,Yahoo chart API continuous-futures proxy
2000-08-25,735,752,735,744,744,12,CC=F,Yahoo chart API continuous-futures proxy
2000-08-28,750,750,745,749,749,12,CC=F,Yahoo chart API continuous-futures proxy
2000-08-29,737,750,737,744,744,14,CC=F,Yahoo chart API continuous-futures proxy
2000-08-30,743,760,738,760,760,24,CC=F,Yahoo chart API continuous-futures proxy
2000-08-31,760,760,745,745,745,21,CC=F,Yahoo chart API continuous-futures proxy
2000-09-01,750,757,748,757,757,17,CC=F,Yahoo chart API continuous-futures proxy
2000-09-04,,,,,,,CC=F,Yahoo chart API continuous-futures proxy
2000-09-05,778,790,773,775,775,5,CC=F,Yahoo chart API continuous-futures proxy
2000-09-06,770,780,770,780,780,15,CC=F,Yahoo chart API continuous-futures proxy
2000-09-07,759,761,759,761,761,21,CC=F,Yahoo chart API continuous-futures proxy
2000-09-08,760,778,760,778,778,0,CC=F,Yahoo chart API continuous-futures proxy
2000-09-11,767,767,767,767,767,28,CC=F,Yahoo chart API continuous-futures proxy
2000-09-12,773,778,773,778,778,6,CC=F,Yahoo chart API continuous-futures proxy
2000-09-13,796,798,793,798,798,0,CC=F,Yahoo chart API continuous-futures proxy
2000-09-14,775,775,775,775,775,3214,CC=F,Yahoo chart API continuous-futures proxy
2000-09-15,816,818,805,814,814,2204,CC=F,Yahoo chart API continuous-futures proxy
2000-09-18,825,826,808,809,809,2817,CC=F,Yahoo chart API continuous-futures proxy
2000-09-19,812,812,801,803,803,4882,CC=F,Yahoo chart API continuous-futures proxy
2000-09-20,805,813,787,788,788,2128,CC=F,Yahoo chart API continuous-futures proxy
2000-09-21,795,804,789,803,803,3197,CC=F,Yahoo chart API continuous-futures proxy
2000-09-22,815,816,798,812,812,5157,CC=F,Yahoo chart API continuous-futures proxy
2000-09-25,809,813,780,782,782,3883,CC=F,Yahoo chart API continuous-futures proxy
2000-09-26,785,795,785,792,792,4098,CC=F,Yahoo chart API continuous-futures proxy
2000-09-27,795,797,777,783,783,2891,CC=F,Yahoo chart API continuous-futures proxy
2000-09-28,788,795,787,794,794,4094,CC=F,Yahoo chart API continuous-futures proxy
2000-09-29,788,807,781,797,797,1717,CC=F,Yahoo chart API continuous-futures proxy
2000-10-02,792,796,786,789,789,4286,CC=F,Yahoo chart API continuous-futures proxy
2000-10-03,785,809,782,807,807,6677,CC=F,Yahoo chart API continuous-futures proxy
2000-10-04,805,829,800,828,828,8801,CC=F,Yahoo chart API continuous-futures proxy
2000-10-05,828,846,820,835,835,3272,CC=F,Yahoo chart API continuous-futures proxy
2000-10-06,830,833,819,830,830,1712,CC=F,Yahoo chart API continuous-futures proxy
2000-10-09,825,825,815,816,816,3227,CC=F,Yahoo chart API continuous-futures proxy
2000-10-10,817,839,815,833,833,3651,CC=F,Yahoo chart API continuous-futures proxy
2000-10-11,833,835,818,827,827,2055,CC=F,Yahoo chart API continuous-futures proxy
2000-10-12,814,829,813,819,819,3443,CC=F,Yahoo chart API continuous-futures proxy
2000-10-13,814,831,810,813,813,4363,CC=F,Yahoo chart API continuous-futures proxy
2000-10-16,810,817,804,806,806,3193,CC=F,Yahoo chart API continuous-futures proxy
2000-10-17,804,825,803,822,822,1646,CC=F,Yahoo chart API continuous-futures proxy
2000-10-18,818,822,813,816,816,0,CC=F,Yahoo chart API continuous-futures proxy
2000-10-19,818,819,811,814,814,5138,CC=F,Yahoo chart API continuous-futures proxy
2000-10-20,808,810,785,788,788,4326,CC=F,Yahoo chart API continuous-futures proxy
2000-10-23,791,797,778,784,784,6758,CC=F,Yahoo chart API continuous-futures proxy
2000-10-24,785,815,783,809,809,6311,CC=F,Yahoo chart API continuous-futures proxy
2000-10-25,795,802,773,775,775,3580,CC=F,Yahoo chart API continuous-futures proxy
2000-10-26,788,795,780,787,787,7118,CC=F,Yahoo chart API continuous-futures proxy
2000-10-27,775,779,761,762,762,5458,CC=F,Yahoo chart API continuous-futures proxy
2000-10-30,771,773,755,757,757,2356,CC=F,Yahoo chart API continuous-futures proxy
2000-10-31,757,764,752,755,755,4191,CC=F,Yahoo chart API continuous-futures proxy
2000-11-01,752,762,750,753,753,4147,CC=F,Yahoo chart API continuous-futures proxy
2000-11-02,758,766,755,764,764,4317,CC=F,Yahoo chart API continuous-futures proxy
2000-11-03,764,764,747,749,749,6507,CC=F,Yahoo chart API continuous-futures proxy
2000-11-06,750,758,740,743,743,4168,CC=F,Yahoo chart API continuous-futures proxy
2000-11-07,740,748,739,746,746,4487,CC=F,Yahoo chart API continuous-futures proxy
2000-11-08,745,749,733,734,734,4484,CC=F,Yahoo chart API continuous-futures proxy
2000-11-09,738,741,735,738,738,4757,CC=F,Yahoo chart API continuous-futures proxy
2000-11-10,736,740,729,730,730,13479,CC=F,Yahoo chart API continuous-futures proxy
2000-11-13,725,729,707,709,709,10124,CC=F,Yahoo chart API continuous-futures proxy
2000-11-14,704,715,691,694,694,989,CC=F,Yahoo chart API continuous-futures proxy
2000-11-15,695,712,693,700,700,190,CC=F,Yahoo chart API continuous-futures proxy
2000-11-16,700,706,700,700,700,193,CC=F,Yahoo chart API continuous-futures proxy
2000-11-17,705,710,700,700,700,81,CC=F,Yahoo chart API continuous-futures proxy
2000-11-20,700,705,696,696,696,109,CC=F,Yahoo chart API continuous-futures proxy
2000-11-21,695,700,693,700,700,109,CC=F,Yahoo chart API continuous-futures proxy
2000-11-22,698,698,690,690,690,62,CC=F,Yahoo chart API continuous-futures proxy
2000-11-23,,,,,,,CC=F,Yahoo chart API continuous-futures proxy
2000-11-24,,,,,,,CC=F,Yahoo chart API continuous-futures proxy
2000-11-27,685,691,680,682,682,58,CC=F,Yahoo chart API continuous-futures proxy
2000-11-28,684,700,684,699,699,86,CC=F,Yahoo chart API continuous-futures proxy
2000-11-29,710,710,693,702,702,49,CC=F,Yahoo chart API continuous-futures proxy
2000-11-30,712,715,704,704,704,9,CC=F,Yahoo chart API continuous-futures proxy
2000-12-01,715,715,703,703,703,11,CC=F,Yahoo chart API continuous-futures proxy
2000-12-04,711,723,711,716,716,14,CC=F,Yahoo chart API continuous-futures proxy
2000-12-05,725,725,708,708,708,13,CC=F,Yahoo chart API continuous-futures proxy
2000-12-06,710,710,696,696,696,6,CC=F,Yahoo chart API continuous-futures proxy
2000-12-07,697,710,697,707,707,2,CC=F,Yahoo chart API continuous-futures proxy
2000-12-08,702,708,701,708,708,7,CC=F,Yahoo chart API continuous-futures proxy
2000-12-11,709,709,696,696,696,4,CC=F,Yahoo chart API continuous-futures proxy
2000-12-12,697,697,674,674,674,0,CC=F,Yahoo chart API continuous-futures proxy
2000-12-13,702,702,692,692,692,4135,CC=F,Yahoo chart API continuous-futures proxy
2000-12-14,731,741,726,729,729,4316,CC=F,Yahoo chart API continuous-futures proxy
2000-12-15,735,747,729,733,733,3215,CC=F,Yahoo chart API continuous-futures proxy
2000-12-18,734,734,725,729,729,3222,CC=F,Yahoo chart API continuous-futures proxy
2000-12-19,727,728,718,721,721,6579,CC=F,Yahoo chart API continuous-futures proxy
2000-12-20,731,747,731,745,745,8450,CC=F,Yahoo chart API continuous-futures proxy
2000-12-21,770,770,754,769,769,3714,CC=F,Yahoo chart API continuous-futures proxy
2000-12-22,768,771,755,765,765,1253,CC=F,Yahoo chart API continuous-futures proxy
2000-12-25,,,,,,,CC=F,Yahoo chart API continuous-futures proxy
2000-12-26,770,772,758,769,769,2918,CC=F,Yahoo chart API continuous-futures proxy
2000-12-27,770,780,761,775,775,2281,CC=F,Yahoo chart API continuous-futures proxy
2000-12-28,770,775,764,766,766,1827,CC=F,Yahoo chart API continuous-futures proxy
2000-12-29,765,767,757,758,758,8648,CC=F,Yahoo chart API continuous-futures proxy
2001-01-01,,,,,,,CC=F,Yahoo chart API continuous-futures proxy
2001-01-02,770,785,766,778,778,5598,CC=F,Yahoo chart API continuous-futures proxy
2001-01-03,783,785,752,753,753,4413,CC=F,Yahoo chart API continuous-futures proxy
2001-01-04,762,777,759,768,768,11284,CC=F,Yahoo chart API continuous-futures proxy
2001-01-05,790,817,786,813,813,5521,CC=F,Yahoo chart API continuous-futures proxy
2001-01-08,815,824,806,813,813,6111,CC=F,Yahoo chart API continuous-futures proxy
2001-01-09,810,819,796,798,798,2653,CC=F,Yahoo chart API continuous-futures proxy
2001-01-10,805,812,802,809,809,7089,CC=F,Yahoo chart API continuous-futures proxy
2001-01-11,821,850,821,849,849,8889,CC=F,Yahoo chart API continuous-futures proxy
2001-01-12,870,870,838,860,860,11642,CC=F,Yahoo chart API continuous-futures proxy
2001-01-15,,,,,,,CC=F,Yahoo chart API continuous-futures proxy
2001-01-16,880,914,872,911,911,12598,CC=F,Yahoo chart API continuous-futures proxy
2001-01-17,910,993,903,990,990,16856,CC=F,Yahoo chart API continuous-futures proxy
2001-01-18,1010,1055,970,996,996,7891,CC=F,Yahoo chart API continuous-futures proxy
2001-01-19,975,975,935,957,957,5347,CC=F,Yahoo chart API continuous-futures proxy
2001-01-22,950,1020,943,1005,1005,5045,CC=F,Yahoo chart API continuous-futures proxy
2001-01-23,1010,1029,965,1000,1000,3215,CC=F,Yahoo chart API continuous-futures proxy
2001-01-24,1000,1008,976,989,989,5185,CC=F,Yahoo chart API continuous-futures proxy
2001-01-25,1015,1035,995,1004,1004,4832,CC=F,Yahoo chart API continuous-futures proxy
2001-01-26,1022,1066,1011,1056,1056,6617,CC=F,Yahoo chart API continuous-futures proxy
2001-01-29,1065,1079,1037,1045,1045,4849,CC=F,Yahoo chart API continuous-futures proxy
2001-01-30,1051,1061,1019,1056,1056,3520,CC=F,Yahoo chart API continuous-futures proxy
2001-01-31,1039,1040,1017,1020,1020,5814,CC=F,Yahoo chart API continuous-futures proxy
2001-02-01,1015,1053,1011,1051,1051,4935,CC=F,Yahoo chart API continuous-futures proxy
2001-02-02,1040,1064,1026,1048,1048,4882,CC=F,Yahoo chart API continuous-futures proxy
2001-02-05,1040,1070,1035,1065,1065,3150,CC=F,Yahoo chart API continuous-futures proxy
2001-02-06,1071,1088,1067,1086,1086,6541,CC=F,Yahoo chart API continuous-futures proxy
2001-02-07,1080,1083,1038,1044,1044,4662,CC=F,Yahoo chart API continuous-futures proxy
2001-02-08,1038,1038,1003,1005,1005,2574,CC=F,Yahoo chart API continuous-futures proxy
2001-02-09,1006,1034,1002,1012,1012,4449,CC=F,Yahoo chart API continuous-futures proxy
2001-02-12,1022,1060,1022,1037,1037,5997,CC=F,Yahoo chart API continuous-futures proxy
2001-02-13,1065,1075,1043,1073,1073,794,CC=F,Yahoo chart API continuous-futures proxy
2001-02-14,1070,1077,1055,1070,1070,258,CC=F,Yahoo chart API continuous-futures proxy
2001-02-15,1062,1068,1047,1065,1065,412,CC=F,Yahoo chart API continuous-futures proxy
2001-02-16,1090,1139,1090,1137,1137,257,CC=F,Yahoo chart API continuous-futures proxy
2001-02-19,,,,,,,CC=F,Yahoo chart API continuous-futures proxy
2001-02-20,1162,1162,1135,1140,1140,172,CC=F,Yahoo chart API continuous-futures proxy
2001-02-21,1128,1195,1118,1189,1189,327,CC=F,Yahoo chart API continuous-futures proxy
2001-02-22,1195,1202,1147,1149,1149,57,CC=F,Yahoo chart API continuous-futures proxy
2001-02-23,1147,1165,1140,1160,1160,78,CC=F,Yahoo chart API continuous-futures proxy
2001-02-26,1145,1145,1115,1120,1120,71,CC=F,Yahoo chart API continuous-futures proxy
2001-02-27,1140,1140,1112,1130,1130,25,CC=F,Yahoo chart API continuous-futures proxy
2001-02-28,1143,1157,1131,1131,1131,20,CC=F,Yahoo chart API continuous-futures proxy
2001-03-01,1140,1152,1110,1116,1116,17,CC=F,Yahoo chart API continuous-futures proxy
2001-03-02,1125,1172,1125,1164,1164,38,CC=F,Yahoo chart API continuous-futures proxy
2001-03-05,1130,1150,1130,1131,1131,37,CC=F,Yahoo chart API continuous-futures proxy
2001-03-06,1112,1112,1039,1043,1043,24,CC=F,Yahoo chart API continuous-futures proxy
2001-03-07,1057,1067,1032,1064,1064,5,CC=F,Yahoo chart API continuous-futures proxy
2001-03-08,1079,1079,1055,1055,1055,8,CC=F,Yahoo chart API continuous-futures proxy
2001-03-09,1056,1080,1053,1070,1070,17,CC=F,Yahoo chart API continuous-futures proxy
2001-03-12,1056,1069,1055,1055,1055,6,CC=F,Yahoo chart API continuous-futures proxy
2001-03-13,1040,1050,1036,1047,1047,14,CC=F,Yahoo chart API continuous-futures proxy
2001-03-14,1070,1070,1033,1036,1036,0,CC=F,Yahoo chart API continuous-futures proxy
2001-03-15,1040,1040,998,998,998,4025,CC=F,Yahoo chart API continuous-futures proxy
2001-03-16,1008,1035,997,1028,1028,2363,CC=F,Yahoo chart API continuous-futures proxy
2001-03-19,1020,1020,999,1005,1005,3749,CC=F,Yahoo chart API continuous-futures proxy
2001-03-20,990,1000,983,986,986,6119,CC=F,Yahoo chart API continuous-futures proxy
2001-03-21,972,975,949,957,957,8306,CC=F,Yahoo chart API continuous-futures proxy
2001-03-22,970,1030,960,1024,1024,4031,CC=F,Yahoo chart API continuous-futures proxy
2001-03-23,1020,1042,1010,1036,1036,3991,CC=F,Yahoo chart API continuous-futures proxy
2001-03-26,1046,1080,1045,1063,1063,5650,CC=F,Yahoo chart API continuous-futures proxy
2001-03-27,1070,1070,1025,1038,1038,3601,CC=F,Yahoo chart API continuous-futures proxy
2001-03-28,1040,1060,1034,1047,1047,5336,CC=F,Yahoo chart API continuous-futures proxy
2001-03-29,1055,1076,1051,1064,1064,4502,CC=F,Yahoo chart API continuous-futures proxy
2001-03-30,1070,1085,1066,1073,1073,6638,CC=F,Yahoo chart API continuous-futures proxy
2001-04-02,1088,1088,1018,1030,1030,6164,CC=F,Yahoo chart API continuous-futures proxy
2001-04-03,1038,1039,995,1015,1015,3310,CC=F,Yahoo chart API continuous-futures proxy
2001-04-04,1015,1015,993,1000,1000,3379,CC=F,Yahoo chart API continuous-futures proxy
2001-04-05,1010,1013,993,998,998,2922,CC=F,Yahoo chart API continuous-futures proxy
2001-04-06,998,1017,995,1011,1011,3199,CC=F,Yahoo chart API continuous-futures proxy
2001-04-09,1010,1010,980,981,981,3830,CC=F,Yahoo chart API continuous-futures proxy
2001-04-10,990,990,954,968,968,4465,CC=F,Yahoo chart API continuous-futures proxy
2001-04-11,960,1008,954,1004,1004,5010,CC=F,Yahoo chart API continuous-futures proxy
2001-04-12,1008,1008,982,993,993,3017,CC=F,Yahoo chart API continuous-futures proxy
2001-04-13,,,,,,,CC=F,Yahoo chart API continuous-futures proxy
2001-04-16,993,993,962,970,970,578,CC=F,Yahoo chart API continuous-futures proxy
2001-04-17,970,995,945,989,989,458,CC=F,Yahoo chart API continuous-futures proxy
2001-04-18,986,995,960,990,990,166,CC=F,Yahoo chart API continuous-futures proxy
2001-04-19,982,1003,970,995,995,272,CC=F,Yahoo chart API continuous-futures proxy
2001-04-20,1000,1021,1000,1010,1010,89,CC=F,Yahoo chart API continuous-futures proxy
2001-04-23,1007,1030,993,1028,1028,44,CC=F,Yahoo chart API continuous-futures proxy
2001-04-24,1021,1028,1008,1017,1017,51,CC=F,Yahoo chart API continuous-futures proxy
2001-04-25,1029,1043,1015,1043,1043,29,CC=F,Yahoo chart API continuous-futures proxy
2001-04-26,1048,1052,1042,1052,1052,27,CC=F,Yahoo chart API continuous-futures proxy
2001-04-27,1058,1058,1025,1025,1025,32,CC=F,Yahoo chart API continuous-futures proxy
2001-04-30,1020,1020,1000,1010,1010,53,CC=F,Yahoo chart API continuous-futures proxy
2001-05-01,1007,1008,999,999,999,11,CC=F,Yahoo chart API continuous-futures proxy
2001-05-02,996,996,990,992,992,5,CC=F,Yahoo chart API continuous-futures proxy
2001-05-03,999,1020,999,1020,1020,22,CC=F,Yahoo chart API continuous-futures proxy
2001-05-04,1000,1014,1000,1014,1014,50,CC=F,Yahoo chart API continuous-futures proxy
2001-05-07,1040,1040,1034,1034,1034,53,CC=F,Yahoo chart API continuous-futures proxy
2001-05-08,1077,1089,1077,1089,1089,5,CC=F,Yahoo chart API continuous-futures proxy
2001-05-09,1075,1076,1066,1066,1066,16,CC=F,Yahoo chart API continuous-futures proxy
2001-05-10,1090,1096,1080,1096,1096,30,CC=F,Yahoo chart API continuous-futures proxy
2001-05-11,1098,1098,1064,1064,1064,25,CC=F,Yahoo chart API continuous-futures proxy
2001-05-14,1080,1080,1071,1074,1074,0,CC=F,Yahoo chart API continuous-futures proxy
2001-05-15,1101,1101,1041,1041,1041,8111,CC=F,Yahoo chart API continuous-futures proxy
2001-05-16,1072,1102,1062,1092,1092,4273,CC=F,Yahoo chart API continuous-futures proxy
2001-05-17,1085,1093,1065,1067,1067,4829,CC=F,Yahoo chart API continuous-futures proxy
2001-05-18,1070,1109,1063,1103,1103,2309,CC=F,Yahoo chart API continuous-futures proxy
2001-05-21,1095,1103,1075,1079,1079,2936,CC=F,Yahoo chart API continuous-futures proxy
2001-05-22,1063,1073,1057,1068,1068,2417,CC=F,Yahoo chart API continuous-futures proxy
2001-05-23,1068,1093,1066,1081,1081,2125,CC=F,Yahoo chart API continuous-futures proxy
2001-05-24,1076,1076,1057,1060,1060,5459,CC=F,Yahoo chart API continuous-futures proxy
2001-05-25,1045,1045,1020,1031,1031,5015,CC=F,Yahoo chart API continuous-futures proxy
2001-05-28,,,,,,,CC=F,Yahoo chart API continuous-futures proxy
2001-05-29,1031,1035,1002,1003,1003,10626,CC=F,Yahoo chart API continuous-futures proxy
2001-05-30,1003,1009,959,964,964,6443,CC=F,Yahoo chart API continuous-futures proxy
2001-05-31,965,977,930,936,936,4796,CC=F,Yahoo chart API continuous-futures proxy
2001-06-01,940,948,925,943,943,3984,CC=F,Yahoo chart API continuous-futures proxy
2001-06-04,916,943,914,930,930,8516,CC=F,Yahoo chart API continuous-futures proxy
2001-06-05,928,962,923,952,952,4399,CC=F,Yahoo chart API continuous-futures proxy
2001-06-06,945,960,938,945,945,0,CC=F,Yahoo chart API continuous-futures proxy
2001-06-07,955,955,902,904,904,3096,CC=F,Yahoo chart API continuous-futures proxy
2001-06-08,900,949,897,937,937,3824,CC=F,Yahoo chart API continuous-futures proxy
2001-06-11,945,945,924,930,930,4081,CC=F,Yahoo chart API continuous-futures proxy
2001-06-12,930,934,906,909,909,1080,CC=F,Yahoo chart API continuous-futures proxy
2001-06-13,915,938,910,926,926,3130,CC=F,Yahoo chart API continuous-futures proxy
2001-06-14,925,935,907,926,926,4434,CC=F,Yahoo chart API continuous-futures proxy
2001-06-15,927,942,915,915,915,571,CC=F,Yahoo chart API continuous-futures proxy
2001-06-18,930,952,928,937,937,474,CC=F,Yahoo chart API continuous-futures proxy
2001-06-19,922,936,915,925,925,267,CC=F,Yahoo chart API continuous-futures proxy
2001-06-20,920,920,892,895,895,164,CC=F,Yahoo chart API continuous-futures proxy
2001-06-21,915,929,880,927,927,131,CC=F,Yahoo chart API continuous-futures proxy
2001-06-22,930,943,909,910,910,63,CC=F,Yahoo chart API continuous-futures proxy
2001-06-25,910,922,893,917,917,28,CC=F,Yahoo chart API continuous-futures proxy
2001-06-26,930,941,924,935,935,46,CC=F,Yahoo chart API continuous-futures proxy
2001-06-27,935,950,935,946,946,60,CC=F,Yahoo chart API continuous-futures proxy
2001-06-28,948,971,946,957,957,13,CC=F,Yahoo chart API continuous-futures proxy
2001-06-29,960,974,953,974,974,140,CC=F,Yahoo chart API continuous-futures proxy
2001-07-02,1000,1000,970,974,974,35,CC=F,Yahoo chart API continuous-futures proxy
2001-07-03,965,965,961,961,961,79,CC=F,Yahoo chart API continuous-futures proxy
2001-07-04,,,,,,,CC=F,Yahoo chart API continuous-futures proxy
2001-07-05,961,973,955,973,973,10,CC=F,Yahoo chart API continuous-futures proxy
2001-07-06,970,970,970,970,970,5,CC=F,Yahoo chart API continuous-futures proxy
2001-07-09,928,940,928,937,937,0,CC=F,Yahoo chart API continuous-futures proxy
2001-07-10,854,880,854,878,878,9,CC=F,Yahoo chart API continuous-futures proxy
2001-07-11,911,911,902,902,902,18,CC=F,Yahoo chart API continuous-futures proxy
2001-07-12,916,916,881,881,881,2,CC=F,Yahoo chart API continuous-futures proxy
2001-07-13,905,905,902,902,902,0,CC=F,Yahoo chart API continuous-futures proxy
2001-07-16,925,925,887,887,887,3791,CC=F,Yahoo chart API continuous-futures proxy
2001-07-17,901,925,895,898,898,3338,CC=F,Yahoo chart API continuous-futures proxy
2001-07-18,905,909,889,905,905,5984,CC=F,Yahoo chart API continuous-futures proxy
2001-07-19,912,957,912,951,951,5845,CC=F,Yahoo chart API continuous-futures proxy
2001-07-20,940,974,936,956,956,2226,CC=F,Yahoo chart API continuous-futures proxy
2001-07-23,945,945,925,943,943,972,CC=F,Yahoo chart API continuous-futures proxy
2001-07-24,940,944,931,940,940,2229,CC=F,Yahoo chart API continuous-futures proxy
2001-07-25,938,954,935,943,943,3385,CC=F,Yahoo chart API continuous-futures proxy
2001-07-26,941,949,936,940,940,3915,CC=F,Yahoo chart API continuous-futures proxy
2001-07-27,935,938,915,920,920,3050,CC=F,Yahoo chart API continuous-futures proxy
2001-07-30,915,936,909,934,934,6403,CC=F,Yahoo chart API continuous-futures proxy
2001-07-31,938,962,934,957,957,6128,CC=F,Yahoo chart API continuous-futures proxy
2001-08-01,970,972,935,937,937,3889,CC=F,Yahoo chart API continuous-futures proxy
2001-08-02,940,948,930,946,946,5533,CC=F,Yahoo chart API continuous-futures proxy
2001-08-03,940,970,940,956,956,7918,CC=F,Yahoo chart API continuous-futures proxy
2001-08-06,956,1008,949,1005,1005,8022,CC=F,Yahoo chart API continuous-futures proxy
2001-08-07,1005,1022,996,1003,1003,4804,CC=F,Yahoo chart API continuous-futures proxy
2001-08-08,1003,1022,990,1011,1011,4326,CC=F,Yahoo chart API continuous-futures proxy
2001-08-09,1007,1038,1003,1032,1032,3036,CC=F,Yahoo chart API continuous-futures proxy
2001-08-10,1025,1034,1010,1017,1017,1715,CC=F,Yahoo chart API continuous-futures proxy
2001-08-13,1010,1018,1004,1012,1012,4831,CC=F,Yahoo chart API continuous-futures proxy
2001-08-14,1005,1020,1000,1016,1016,3475,CC=F,Yahoo chart API continuous-futures proxy
2001-08-15,1020,1032,1012,1028,1028,3596,CC=F,Yahoo chart API continuous-futures proxy
2001-08-16,1028,1028,997,1001,1001,3914,CC=F,Yahoo chart API continuous-futures proxy
2001-08-17,991,1003,983,992,992,572,CC=F,Yahoo chart API continuous-futures proxy
2001-08-20,980,990,965,969,969,149,CC=F,Yahoo chart API continuous-futures proxy
2001-08-21,968,987,960,978,978,50,CC=F,Yahoo chart API continuous-futures proxy
2001-08-22,967,995,967,992,992,90,CC=F,Yahoo chart API continuous-futures proxy
2001-08-23,999,999,956,966,966,41,CC=F,Yahoo chart API continuous-futures proxy
2001-08-24,970,970,955,965,965,36,CC=F,Yahoo chart API continuous-futures proxy
2001-08-27,955,964,955,963,963,26,CC=F,Yahoo chart API continuous-futures proxy
2001-08-28,960,977,957,974,974,8,CC=F,Yahoo chart API continuous-futures proxy
2001-08-29,958,958,938,938,938,29,CC=F,Yahoo chart API continuous-futures proxy
2001-08-30,940,940,925,933,933,32,CC=F,Yahoo chart API continuous-futures proxy
2001-08-31,916,927,916,927,927,27,CC=F,Yahoo chart API continuous-futures proxy
2001-09-03,,,,,,,CC=F,Yahoo chart API continuous-futures proxy
2001-09-04,907,908,879,887,887,10,CC=F,Yahoo chart API continuous-futures proxy
2001-09-05,892,892,857,870,870,5,CC=F,Yahoo chart API continuous-futures proxy
2001-09-06,873,880,860,880,880,5,CC=F,Yahoo chart API continuous-futures proxy
2001-09-07,880,900,880,900,900,0,CC=F,Yahoo chart API continuous-futures proxy
2001-09-10,897,897,889,889,889,5,CC=F,Yahoo chart API continuous-futures proxy
2001-09-11,865,897,897,889,889,0,CC=F,Yahoo chart API continuous-futures proxy
2001-09-12,,,,,,,CC=F,Yahoo chart API continuous-futures proxy
2001-09-13,,,,,,,CC=F,Yahoo chart API continuous-futures proxy
2001-09-14,,,,,,,CC=F,Yahoo chart API continuous-futures proxy
2001-09-17,929,929,927,927,927,0,CC=F,Yahoo chart API continuous-futures proxy
2001-09-18,930,930,920,925,925,2629,CC=F,Yahoo chart API continuous-futures proxy
2001-09-19,942,966,942,964,964,7043,CC=F,Yahoo chart API continuous-futures proxy
2001-09-20,985,1004,985,998,998,3392,CC=F,Yahoo chart API continuous-futures proxy
2001-09-21,1002,1006,975,992,992,2728,CC=F,Yahoo chart API continuous-futures proxy
2001-09-24,985,1010,984,1008,1008,2233,CC=F,Yahoo chart API continuous-futures proxy
2001-09-25,1006,1008,986,993,993,4677,CC=F,Yahoo chart API continuous-futures proxy
2001-09-26,997,1024,993,1018,1018,9898,CC=F,Yahoo chart API continuous-futures proxy
2001-09-27,1020,1075,1015,1066,1066,7536,CC=F,Yahoo chart API continuous-futures proxy
2001-09-28,1077,1100,1074,1077,1077,4140,CC=F,Yahoo chart API continuous-futures proxy
2001-10-01,1110,1114,1090,1096,1096,3825,CC=F,Yahoo chart API continuous-futures proxy
2001-10-02,1080,1085,1068,1072,1072,3695,CC=F,Yahoo chart API continuous-futures proxy
2001-10-03,1070,1090,1058,1086,1086,5305,CC=F,Yahoo chart API continuous-futures proxy
2001-10-04,1106,1130,1106,1126,1126,3274,CC=F,Yahoo chart API continuous-futures proxy
2001-10-05,1110,1124,1098,1114,1114,1994,CC=F,Yahoo chart API continuous-futures proxy
2001-10-08,1093,1104,1086,1092,1092,4096,CC=F,Yahoo chart API continuous-futures proxy
2001-10-09,1070,1072,1047,1055,1055,2685,CC=F,Yahoo chart API continuous-futures proxy
2001-10-10,1035,1045,1027,1042,1042,2200,CC=F,Yahoo chart API continuous-futures proxy
2001-10-11,1050,1055,1039,1052,1052,2053,CC=F,Yahoo chart API continuous-futures proxy
2001-10-12,1030,1036,1025,1029,1029,2232,CC=F,Yahoo chart API continuous-futures proxy
2001-10-15,1024,1027,1015,1020,1020,5035,CC=F,Yahoo chart API continuous-futures proxy
2001-10-16,1017,1042,1013,1039,1039,3683,CC=F,Yahoo chart API continuous-futures proxy
2001-10-17,1040,1069,1040,1066,1066,1986,CC=F,Yahoo chart API continuous-futures proxy
2001-10-18,1060,1072,1055,1058,1058,2942,CC=F,Yahoo chart API continuous-futures proxy
2001-10-19,1050,1050,1021,1026,1026,3051,CC=F,Yahoo chart API continuous-futures proxy
2001-10-22,1010,1010,997,1003,1003,3046,CC=F,Yahoo chart API continuous-futures proxy
2001-10-23,1003,1019,994,1011,1011,2801,CC=F,Yahoo chart API continuous-futures proxy
2001-10-24,1014,1022,996,1000,1000,6473,CC=F,Yahoo chart API continuous-futures proxy
2001-10-25,995,997,985,987,987,3582,CC=F,Yahoo chart API continuous-futures proxy
2001-10-26,980,1002,977,995,995,1424,CC=F,Yahoo chart API continuous-futures proxy
2001-10-29,995,1009,992,997,997,2225,CC=F,Yahoo chart API continuous-futures proxy
2001-10-30,998,1002,988,997,997,2222,CC=F,Yahoo chart API continuous-futures proxy
2001-10-31,1002,1018,1001,1017,1017,1805,CC=F,Yahoo chart API continuous-futures proxy
2001-11-01,1022,1028,1018,1026,1026,3707,CC=F,Yahoo chart API continuous-futures proxy
2001-11-02,1011,1015,1001,1006,1006,5946,CC=F,Yahoo chart API continuous-futures proxy
2001-11-05,995,999,991,993,993,1774,CC=F,Yahoo chart API continuous-futures proxy
2001-11-06,990,996,985,990,990,5493,CC=F,Yahoo chart API continuous-futures proxy
2001-11-07,1000,1044,997,1039,1039,4951,CC=F,Yahoo chart API continuous-futures proxy
2001-11-08,1054,1104,1054,1099,1099,3519,CC=F,Yahoo chart API continuous-futures proxy
2001-11-09,1141,1160,1130,1154,1154,3047,CC=F,Yahoo chart API continuous-futures proxy
2001-11-12,1158,1160,1131,1157,1157,5404,CC=F,Yahoo chart API continuous-futures proxy
2001-11-13,1157,1212,1157,1206,1206,5256,CC=F,Yahoo chart API continuous-futures proxy
2001-11-14,1205,1241,1175,1200,1200,619,CC=F,Yahoo chart API continuous-futures proxy
2001-11-15,1198,1241,1190,1236,1236,534,CC=F,Yahoo chart API continuous-futures proxy
2001-11-16,1260,1300,1252,1285,1285,209,CC=F,Yahoo chart API continuous-futures proxy
2001-11-19,1295,1310,1282,1293,1293,161,CC=F,Yahoo chart API continuous-futures proxy
2001-11-20,1280,1292,1252,1289,1289,0,CC=F,Yahoo chart API continuous-futures proxy
2001-11-21,1273,1293,1270,1279,1279,309,CC=F,Yahoo chart API continuous-futures proxy
2001-11-22,,,,,,,CC=F,Yahoo chart API continuous-futures proxy
2001-11-23,,,,,,,CC=F,Yahoo chart API continuous-futures proxy
2001-11-26,1295,1339,1293,1325,1325,60,CC=F,Yahoo chart API continuous-futures proxy
2001-11-27,1310,1310,1285,1294,1294,68,CC=F,Yahoo chart API continuous-futures proxy
2001-11-28,1310,1311,1295,1298,1298,77,CC=F,Yahoo chart API continuous-futures proxy
2001-11-29,1345,1350,1326,1350,1350,161,CC=F,Yahoo chart API continuous-futures proxy
2001-11-30,1373,1380,1335,1355,1355,72,CC=F,Yahoo chart API continuous-futures proxy
2001-12-03,1335,1335,1315,1325,1325,49,CC=F,Yahoo chart API continuous-futures proxy
2001-12-04,1305,1309,1276,1276,1276,59,CC=F,Yahoo chart API continuous-futures proxy
2001-12-05,1284,1304,1284,1298,1298,103,CC=F,Yahoo chart API continuous-futures proxy
2001-12-06,1319,1325,1300,1300,1300,33,CC=F,Yahoo chart API continuous-futures proxy
2001-12-07,1275,1280,1252,1269,1269,55,CC=F,Yahoo chart API continuous-futures proxy
2001-12-10,1259,1259,1235,1247,1247,0,CC=F,Yahoo chart API continuous-futures proxy
2001-12-11,1280,1320,1280,1305,1305,3890,CC=F,Yahoo chart API continuous-futures proxy
2001-12-12,1320,1328,1285,1293,1293,2905,CC=F,Yahoo chart API continuous-futures proxy
2001-12-13,1310,1311,1285,1296,1296,4231,CC=F,Yahoo chart API continuous-futures proxy
2001-12-14,1305,1344,1301,1334,1334,2442,CC=F,Yahoo chart API continuous-futures proxy
2001-12-17,1334,1338,1319,1324,1324,3208,CC=F,Yahoo chart API continuous-futures proxy
2001-12-18,1324,1329,1297,1302,1302,5375,CC=F,Yahoo chart API continuous-futures proxy
2001-12-19,1289,1294,1272,1286,1286,2924,CC=F,Yahoo chart API continuous-futures proxy
2001-12-20,1280,1292,1268,1281,1281,2924,CC=F,Yahoo chart API continuous-futures proxy
2001-12-21,1285,1289,1278,1283,1283,3598,CC=F,Yahoo chart API continuous-futures proxy
2001-12-24,,,,,,,CC=F,Yahoo chart API continuous-futures proxy
2001-12-25,,,,,,,CC=F,Yahoo chart API continuous-futures proxy
2001-12-26,,,,,,,CC=F,Yahoo chart API continuous-futures proxy
2001-12-27,1273,1312,1260,1309,1309,3598,CC=F,Yahoo chart API continuous-futures proxy
2001-12-28,1302,1331,1301,1310,1310,3342,CC=F,Yahoo chart API continuous-futures proxy
2001-12-31,,,,,,,CC=F,Yahoo chart API continuous-futures proxy
2002-01-01,,,,,,,CC=F,Yahoo chart API continuous-futures proxy
2002-01-02,1310,1325,1293,1296,1296,2608,CC=F,Yahoo chart API continuous-futures proxy
2002-01-03,1288,1300,1282,1294,1294,10291,CC=F,Yahoo chart API continuous-futures proxy
2002-01-04,1297,1391,1295,1386,1386,5181,CC=F,Yahoo chart API continuous-futures proxy
2002-01-07,1390,1415,1378,1411,1411,3529,CC=F,Yahoo chart API continuous-futures proxy
2002-01-08,1401,1408,1383,1389,1389,4660,CC=F,Yahoo chart API continuous-futures proxy
2002-01-09,1376,1403,1370,1398,1398,6977,CC=F,Yahoo chart API continuous-futures proxy
2002-01-10,1410,1422,1368,1371,1371,2596,CC=F,Yahoo chart API continuous-futures proxy
2002-01-11,1375,1376,1355,1357,1357,7107,CC=F,Yahoo chart API continuous-futures proxy
2002-01-14,1300,1329,1292,1301,1301,6584,CC=F,Yahoo chart API continuous-futures proxy
2002-01-15,1290,1320,1260,1308,1308,4416,CC=F,Yahoo chart API continuous-futures proxy
2002-01-16,1333,1344,1302,1337,1337,2463,CC=F,Yahoo chart API continuous-futures proxy
2002-01-17,1335,1339,1311,1320,1320,3473,CC=F,Yahoo chart API continuous-futures proxy
2002-01-18,1308,1309,1273,1286,1286,4534,CC=F,Yahoo chart API continuous-futures proxy
2002-01-21,,,,,,,CC=F,Yahoo chart API continuous-futures proxy
2002-01-22,1273,1339,1270,1332,1332,4670,CC=F,Yahoo chart API continuous-futures proxy
2002-01-23,1345,1368,1333,1360,1360,4361,CC=F,Yahoo chart API continuous-futures proxy
2002-01-24,1352,1369,1325,1330,1330,3494,CC=F,Yahoo chart API continuous-futures proxy
2002-01-25,1329,1351,1315,1347,1347,3632,CC=F,Yahoo chart API continuous-futures proxy
2002-01-28,1360,1365,1341,1343,1343,3685,CC=F,Yahoo chart API continuous-futures proxy
2002-01-29,1340,1351,1327,1343,1343,3370,CC=F,Yahoo chart API continuous-futures proxy
2002-01-30,1361,1375,1352,1367,1367,3498,CC=F,Yahoo chart API continuous-futures proxy
2002-01-31,1355,1355,1332,1344,1344,3788,CC=F,Yahoo chart API continuous-futures proxy
2002-02-01,1342,1361,1337,1350,1350,6997,CC=F,Yahoo chart API continuous-futures proxy
2002-02-04,1355,1410,1348,1400,1400,7606,CC=F,Yahoo chart API continuous-futures proxy
2002-02-05,1405,1420,1368,1380,1380,5586,CC=F,Yahoo chart API continuous-futures proxy
2002-02-06,1378,1399,1378,1392,1392,8629,CC=F,Yahoo chart API continuous-futures proxy
2002-02-07,1415,1443,1399,1439,1439,6933,CC=F,Yahoo chart API continuous-futures proxy
2002-02-08,1445,1466,1442,1454,1454,3527,CC=F,Yahoo chart API continuous-futures proxy
2002-02-11,1450,1484,1440,1479,1479,2902,CC=F,Yahoo chart API continuous-futures proxy
2002-02-12,1472,1480,1454,1476,1476,8075,CC=F,Yahoo chart API continuous-futures proxy
2002-02-13,1470,1490,1460,1466,1466,1241,CC=F,Yahoo chart API continuous-futures proxy
2002-02-14,1462,1462,1430,1450,1450,249,CC=F,Yahoo chart API continuous-futures proxy
2002-02-15,1448,1485,1448,1481,1481,272,CC=F,Yahoo chart API continuous-futures proxy
2002-02-18,,,,,,,CC=F,Yahoo chart API continuous-futures proxy
2002-02-19,1475,1475,1443,1447,1447,307,CC=F,Yahoo chart API continuous-futures proxy
2002-02-20,1430,1430,1405,1408,1408,92,CC=F,Yahoo chart API continuous-futures proxy
2002-02-21,1422,1440,1409,1409,1409,89,CC=F,Yahoo chart API continuous-futures proxy
2002-02-22,1412,1448,1412,1443,1443,32,CC=F,Yahoo chart API continuous-futures proxy
2002-02-25,1456,1464,1438,1464,1464,104,CC=F,Yahoo chart API continuous-futures proxy
2002-02-26,1480,1499,1480,1487,1487,68,CC=F,Yahoo chart API continuous-futures proxy
2002-02-27,1480,1488,1462,1465,1465,48,CC=F,Yahoo chart API continuous-futures proxy
2002-02-28,1457,1476,1457,1466,1466,70,CC=F,Yahoo chart API continuous-futures proxy
2002-03-01,1480,1515,1480,1515,1515,61,CC=F,Yahoo chart API continuous-futures proxy
2002-03-04,1520,1523,1505,1514,1514,22,CC=F,Yahoo chart API continuous-futures proxy
2002-03-05,1515,1515,1495,1499,1499,79,CC=F,Yahoo chart API continuous-futures proxy
2002-03-06,1510,1523,1495,1508,1508,64,CC=F,Yahoo chart API continuous-futures proxy
2002-03-07,1533,1553,1515,1552,1552,62,CC=F,Yahoo chart API continuous-futures proxy
2002-03-08,1562,1563,1545,1554,1554,108,CC=F,Yahoo chart API continuous-futures proxy
2002-03-11,1545,1585,1538,1582,1582,103,CC=F,Yahoo chart API continuous-futures proxy
2002-03-12,1590,1595,1575,1587,1587,0,CC=F,Yahoo chart API continuous-futures proxy
2002-03-13,1577,1598,1570,1588,1588,3648,CC=F,Yahoo chart API continuous-futures proxy
2002-03-14,1552,1573,1546,1566,1566,1445,CC=F,Yahoo chart API continuous-futures proxy
2002-03-15,1556,1571,1554,1559,1559,2775,CC=F,Yahoo chart API continuous-futures proxy
2002-03-18,1545,1555,1531,1543,1543,2408,CC=F,Yahoo chart API continuous-futures proxy
2002-03-19,1550,1552,1529,1536,1536,3758,CC=F,Yahoo chart API continuous-futures proxy
2002-03-20,1521,1534,1507,1511,1511,2994,CC=F,Yahoo chart API continuous-futures proxy
2002-03-21,1511,1525,1505,1510,1510,3065,CC=F,Yahoo chart API continuous-futures proxy
2002-03-22,1525,1541,1511,1535,1535,5154,CC=F,Yahoo chart API continuous-futures proxy
2002-03-25,1542,1549,1485,1488,1488,4921,CC=F,Yahoo chart API continuous-futures proxy
2002-03-26,1475,1484,1466,1470,1470,5997,CC=F,Yahoo chart API continuous-futures proxy
2002-03-27,1477,1505,1476,1504,1504,3320,CC=F,Yahoo chart API continuous-futures proxy
2002-03-28,1500,1514,1487,1494,1494,1901,CC=F,Yahoo chart API continuous-futures proxy
2002-03-29,,,,,,,CC=F,Yahoo chart API continuous-futures proxy
2002-04-01,1500,1508,1495,1504,1504,6861,CC=F,Yahoo chart API continuous-futures proxy
2002-04-02,1488,1504,1485,1488,1488,5591,CC=F,Yahoo chart API continuous-futures proxy
2002-04-03,1483,1488,1471,1479,1479,6105,CC=F,Yahoo chart API continuous-futures proxy
2002-04-04,1495,1523,1495,1512,1512,8043,CC=F,Yahoo chart API continuous-futures proxy
2002-04-05,1520,1578,1512,1559,1559,6349,CC=F,Yahoo chart API continuous-futures proxy
2002-04-08,1551,1574,1530,1533,1533,5941,CC=F,Yahoo chart API continuous-futures proxy
2002-04-09,1513,1522,1492,1516,1516,8150,CC=F,Yahoo chart API continuous-futures proxy
2002-04-10,1517,1527,1447,1481,1481,3551,CC=F,Yahoo chart API continuous-futures proxy
2002-04-11,1485,1495,1473,1493,1493,2832,CC=F,Yahoo chart API continuous-futures proxy
2002-04-12,1495,1530,1470,1520,1520,3282,CC=F,Yahoo chart API continuous-futures proxy
2002-04-15,1515,1525,1505,1508,1508,3546,CC=F,Yahoo chart API continuous-futures proxy
2002-04-16,1504,1522,1500,1518,1518,1321,CC=F,Yahoo chart API continuous-futures proxy
2002-04-17,1532,1588,1532,1581,1581,1072,CC=F,Yahoo chart API continuous-futures proxy
2002-04-18,1590,1617,1588,1616,1616,452,CC=F,Yahoo chart API continuous-futures proxy
2002-04-19,1598,1598,1570,1581,1581,56,CC=F,Yahoo chart API continuous-futures proxy
2002-04-22,1571,1590,1550,1582,1582,115,CC=F,Yahoo chart API continuous-futures proxy
2002-04-23,1599,1610,1593,1596,1596,170,CC=F,Yahoo chart API continuous-futures proxy
2002-04-24,1600,1600,1565,1566,1566,621,CC=F,Yahoo chart API continuous-futures proxy
2002-04-25,1560,1564,1539,1540,1540,58,CC=F,Yahoo chart API continuous-futures proxy
2002-04-26,1540,1540,1528,1540,1540,97,CC=F,Yahoo chart API continuous-futures proxy
2002-04-29,1546,1548,1510,1510,1510,107,CC=F,Yahoo chart API continuous-futures proxy
2002-04-30,1500,1540,1485,1540,1540,105,CC=F,Yahoo chart API continuous-futures proxy
2002-05-01,1523,1523,1495,1495,1495,32,CC=F,Yahoo chart API continuous-futures proxy
2002-05-02,1505,1515,1499,1510,1510,109,CC=F,Yahoo chart API continuous-futures proxy
2002-05-03,1499,1530,1471,1500,1500,20,CC=F,Yahoo chart API continuous-futures proxy
2002-05-06,1480,1488,1477,1487,1487,11,CC=F,Yahoo chart API continuous-futures proxy
2002-05-07,1490,1498,1475,1487,1487,7,CC=F,Yahoo chart API continuous-futures proxy
2002-05-08,1480,1499,1480,1497,1497,27,CC=F,Yahoo chart API continuous-futures proxy
2002-05-09,1510,1524,1510,1524,1524,30,CC=F,Yahoo chart API continuous-futures proxy
2002-05-10,1519,1529,1517,1520,1520,39,CC=F,Yahoo chart API continuous-futures proxy
2002-05-13,1530,1557,1522,1557,1557,116,CC=F,Yahoo chart API continuous-futures proxy
2002-05-14,1560,1570,1551,1553,1553,0,CC=F,Yahoo chart API continuous-futures proxy
2002-05-15,1548,1557,1530,1532,1532,9135,CC=F,Yahoo chart API continuous-futures proxy
2002-05-16,1585,1598,1561,1595,1595,3442,CC=F,Yahoo chart API continuous-futures proxy
2002-05-17,1598,1601,1579,1588,1588,2246,CC=F,Yahoo chart API continuous-futures proxy
2002-05-20,1583,1585,1566,1574,1574,3016,CC=F,Yahoo chart API continuous-futures proxy
2002-05-21,1580,1599,1568,1591,1591,5265,CC=F,Yahoo chart API continuous-futures proxy
2002-05-22,1579,1604,1556,1560,1560,3748,CC=F,Yahoo chart API continuous-futures proxy
2002-05-23,1550,1574,1546,1563,1563,3607,CC=F,Yahoo chart API continuous-futures proxy
2002-05-24,1557,1567,1546,1549,1549,2786,CC=F,Yahoo chart API continuous-futures proxy
2002-05-27,,,,,,,CC=F,Yahoo chart API continuous-futures proxy
2002-05-28,1551,1574,1541,1565,1565,4162,CC=F,Yahoo chart API continuous-futures proxy
2002-05-29,1581,1594,1580,1589,1589,5734,CC=F,Yahoo chart API continuous-futures proxy
2002-05-30,1588,1612,1586,1608,1608,4537,CC=F,Yahoo chart API continuous-futures proxy
2002-05-31,1615,1620,1594,1598,1598,6787,CC=F,Yahoo chart API continuous-futures proxy
2002-06-03,1595,1595,1567,1577,1577,2682,CC=F,Yahoo chart API continuous-futures proxy
2002-06-04,1577,1590,1577,1584,1584,5617,CC=F,Yahoo chart API continuous-futures proxy
2002-06-05,1589,1591,1552,1566,1566,4429,CC=F,Yahoo chart API continuous-futures proxy
2002-06-06,1566,1574,1554,1560,1560,5634,CC=F,Yahoo chart API continuous-futures proxy
2002-06-07,1565,1566,1543,1549,1549,11922,CC=F,Yahoo chart API continuous-futures proxy
2002-06-10,1520,1525,1435,1444,1444,8559,CC=F,Yahoo chart API continuous-futures proxy
2002-06-11,1440,1463,1428,1462,1462,5998,CC=F,Yahoo chart API continuous-futures proxy
2002-06-12,1485,1495,1465,1475,1475,4292,CC=F,Yahoo chart API continuous-futures proxy
2002-06-13,1477,1487,1458,1470,1470,5824,CC=F,Yahoo chart API continuous-futures proxy
2002-06-14,1470,1470,1455,1456,1456,438,CC=F,Yahoo chart API continuous-futures proxy
2002-06-17,1445,1480,1435,1474,1474,239,CC=F,Yahoo chart API continuous-futures proxy
2002-06-18,1482,1492,1476,1480,1480,154,CC=F,Yahoo chart API continuous-futures proxy
2002-06-19,1500,1502,1491,1496,1496,342,CC=F,Yahoo chart API continuous-futures proxy
2002-06-20,1500,1545,1498,1545,1545,120,CC=F,Yahoo chart API continuous-futures proxy
2002-06-21,1575,1600,1545,1598,1598,101,CC=F,Yahoo chart API continuous-futures proxy
2002-06-24,1615,1615,1585,1601,1601,74,CC=F,Yahoo chart API continuous-futures proxy
2002-06-25,1603,1613,1596,1612,1612,39,CC=F,Yahoo chart API continuous-futures proxy
2002-06-26,1625,1625,1612,1625,1625,106,CC=F,Yahoo chart API continuous-futures proxy
2002-06-27,1618,1645,1605,1638,1638,33,CC=F,Yahoo chart API continuous-futures proxy
2002-06-28,1648,1648,1621,1630,1630,17,CC=F,Yahoo chart API continuous-futures proxy
2002-07-01,1620,1655,1610,1650,1650,80,CC=F,Yahoo chart API continuous-futures proxy
2002-07-02,1656,1682,1654,1682,1682,0,CC=F,Yahoo chart API continuous-futures proxy
2002-07-03,1700,1703,1685,1697,1697,32,CC=F,Yahoo chart API continuous-futures proxy
2002-07-04,,,,,,,CC=F,Yahoo chart API continuous-futures proxy
2002-07-05,,,,,,,CC=F,Yahoo chart API continuous-futures proxy
2002-07-08,1708,1715,1705,1711,1711,53,CC=F,Yahoo chart API continuous-futures proxy
2002-07-09,1721,1757,1721,1755,1755,75,CC=F,Yahoo chart API continuous-futures proxy
2002-07-10,1764,1778,1752,1778,1778,5,CC=F,Yahoo chart API continuous-futures proxy
2002-07-11,1778,1810,1778,1808,1808,38,CC=F,Yahoo chart API continuous-futures proxy
2002-07-12,1810,1810,1730,1740,1740,44,CC=F,Yahoo chart API continuous-futures proxy
2002-07-15,1758,1800,1758,1798,1798,0,CC=F,Yahoo chart API continuous-futures proxy
2002-07-16,1790,1812,1790,1800,1800,4724,CC=F,Yahoo chart API continuous-futures proxy
2002-07-17,1795,1805,1760,1773,1773,5138,CC=F,Yahoo chart API continuous-futures proxy
2002-07-18,1775,1786,1748,1751,1751,4322,CC=F,Yahoo chart API continuous-futures proxy
2002-07-19,1760,1819,1753,1799,1799,4783,CC=F,Yahoo chart API continuous-futures proxy
2002-07-22,1803,1843,1802,1819,1819,5393,CC=F,Yahoo chart API continuous-futures proxy
2002-07-23,1785,1798,1767,1773,1773,6402,CC=F,Yahoo chart API continuous-futures proxy
2002-07-24,1760,1761,1712,1723,1723,5499,CC=F,Yahoo chart API continuous-futures proxy
2002-07-25,1725,1800,1723,1796,1796,5009,CC=F,Yahoo chart API continuous-futures proxy
2002-07-26,1800,1822,1772,1788,1788,2855,CC=F,Yahoo chart API continuous-futures proxy
2002-07-29,1783,1783,1751,1759,1759,3453,CC=F,Yahoo chart API continuous-futures proxy
2002-07-30,1760,1787,1760,1771,1771,3219,CC=F,Yahoo chart API continuous-futures proxy
2002-07-31,1762,1805,1760,1787,1787,5631,CC=F,Yahoo chart API continuous-futures proxy
2002-08-01,1782,1785,1736,1745,1745,7626,CC=F,Yahoo chart API continuous-futures proxy
2002-08-02,1702,1722,1695,1702,1702,4137,CC=F,Yahoo chart API continuous-futures proxy
2002-08-05,1700,1729,1700,1712,1712,3051,CC=F,Yahoo chart API continuous-futures proxy
2002-08-06,1707,1734,1706,1728,1728,3858,CC=F,Yahoo chart API continuous-futures proxy
2002-08-07,1745,1773,1741,1767,1767,4693,CC=F,Yahoo chart API continuous-futures proxy
2002-08-08,1746,1773,1745,1754,1754,5444,CC=F,Yahoo chart API continuous-futures proxy
2002-08-09,1780,1800,1752,1783,1783,6672,CC=F,Yahoo chart API continuous-futures proxy
2002-08-12,1770,1800,1770,1786,1786,6367,CC=F,Yahoo chart API continuous-futures proxy
2002-08-13,1785,1845,1785,1810,1810,3817,CC=F,Yahoo chart API continuous-futures proxy
2002-08-14,1815,1827,1803,1827,1827,2663,CC=F,Yahoo chart API continuous-futures proxy
2002-08-15,1820,1876,1820,1871,1871,3968,CC=F,Yahoo chart API continuous-futures proxy
2002-08-16,1875,1885,1853,1860,1860,485,CC=F,Yahoo chart API continuous-futures proxy
2002-08-19,1865,1895,1864,1884,1884,220,CC=F,Yahoo chart API continuous-futures proxy
2002-08-20,1900,1910,1880,1907,1907,318,CC=F,Yahoo chart API continuous-futures proxy
2002-08-21,1900,1933,1884,1930,1930,801,CC=F,Yahoo chart API continuous-futures proxy
2002-08-22,1939,1963,1933,1956,1956,432,CC=F,Yahoo chart API continuous-futures proxy
2002-08-23,1952,1960,1938,1955,1955,167,CC=F,Yahoo chart API continuous-futures proxy
2002-08-26,1950,1950,1920,1937,1937,498,CC=F,Yahoo chart API continuous-futures proxy
2002-08-27,1930,1968,1930,1964,1964,87,CC=F,Yahoo chart API continuous-futures proxy
2002-08-28,1970,1988,1965,1983,1983,125,CC=F,Yahoo chart API continuous-futures proxy
2002-08-29,2020,2033,2012,2023,2023,85,CC=F,Yahoo chart API continuous-futures proxy
2002-08-30,2011,2032,2008,2012,2012,131,CC=F,Yahoo chart API continuous-futures proxy
2002-09-02,,,,,,,CC=F,Yahoo chart API continuous-futures proxy
2002-09-03,1990,1990,1950,1975,1975,27,CC=F,Yahoo chart API continuous-futures proxy
2002-09-04,1980,2015,1965,2008,2008,67,CC=F,Yahoo chart API continuous-futures proxy
2002-09-05,2030,2030,2005,2011,2011,64,CC=F,Yahoo chart API continuous-futures proxy
2002-09-06,2015,2045,2015,2045,2045,48,CC=F,Yahoo chart API continuous-futures proxy
2002-09-09,2045,2061,2045,2046,2046,103,CC=F,Yahoo chart API continuous-futures proxy
2002-09-10,2039,2043,2010,2023,2023,319,CC=F,Yahoo chart API continuous-futures proxy
2002-09-11,2055,2055,2031,2036,2036,92,CC=F,Yahoo chart API continuous-futures proxy
2002-09-12,2057,2060,2043,2054,2054,0,CC=F,Yahoo chart API continuous-futures proxy
2002-09-13,2059,2059,2016,2033,2033,4717,CC=F,Yahoo chart API continuous-futures proxy
2002-09-16,2013,2058,2013,2050,2050,3482,CC=F,Yahoo chart API continuous-futures proxy
2002-09-17,2050,2065,2047,2062,2062,3968,CC=F,Yahoo chart API continuous-futures proxy
2002-09-18,2077,2077,2054,2075,2075,6358,CC=F,Yahoo chart API continuous-futures proxy
2002-09-19,2110,2124,2080,2120,2120,4364,CC=F,Yahoo chart API continuous-futures proxy
2002-09-20,2115,2122,2093,2113,2113,2978,CC=F,Yahoo chart API continuous-futures proxy
2002-09-23,2124,2138,2115,2130,2130,2150,CC=F,Yahoo chart API continuous-futures proxy
2002-09-24,2110,2124,2105,2120,2120,4873,CC=F,Yahoo chart API continuous-futures proxy
2002-09-25,2145,2164,2145,2157,2157,4427,CC=F,Yahoo chart API continuous-futures proxy
2002-09-26,2147,2157,2129,2152,2152,5363,CC=F,Yahoo chart API continuous-futures proxy
2002-09-27,2160,2174,2148,2151,2151,4018,CC=F,Yahoo chart API continuous-futures proxy
2002-09-30,2171,2206,2171,2191,2191,2651,CC=F,Yahoo chart API continuous-futures proxy
2002-10-01,2188,2201,2181,2195,2195,3762,CC=F,Yahoo chart API continuous-futures proxy
2002-10-02,2180,2210,2178,2200,2200,2828,CC=F,Yahoo chart API continuous-futures proxy
2002-10-03,2202,2219,2201,2215,2215,5219,CC=F,Yahoo chart API continuous-futures proxy
2002-10-04,2191,2232,2188,2224,2224,2326,CC=F,Yahoo chart API continuous-futures proxy
2002-10-07,2245,2254,2242,2250,2250,2862,CC=F,Yahoo chart API continuous-futures proxy
2002-10-08,2261,2274,2254,2268,2268,4150,CC=F,Yahoo chart API continuous-futures proxy
2002-10-09,2300,2319,2295,2317,2317,10001,CC=F,Yahoo chart API continuous-futures proxy
2002-10-10,2330,2377,2330,2374,2374,8741,CC=F,Yahoo chart API continuous-futures proxy
2002-10-11,2402,2405,2310,2325,2325,4829,CC=F,Yahoo chart API continuous-futures proxy
2002-10-14,2354,2357,2330,2338,2338,6239,CC=F,Yahoo chart API continuous-futures proxy
2002-10-15,2310,2310,2246,2298,2298,5628,CC=F,Yahoo chart API continuous-futures proxy
2002-10-16,2315,2320,2185,2212,2212,8008,CC=F,Yahoo chart API continuous-futures proxy
2002-10-17,2169,2169,2109,2111,2111,12090,CC=F,Yahoo chart API continuous-futures proxy
2002-10-18,1985,1992,1899,1910,1910,6388,CC=F,Yahoo chart API continuous-futures proxy
2002-10-21,1855,1982,1842,1924,1924,4897,CC=F,Yahoo chart API continuous-futures proxy
2002-10-22,1980,2028,1962,1994,1994,2515,CC=F,Yahoo chart API continuous-futures proxy
2002-10-23,2050,2071,2031,2034,2034,2403,CC=F,Yahoo chart API continuous-futures proxy
2002-10-24,1990,2039,1982,2025,2025,1978,CC=F,Yahoo chart API continuous-futures proxy
2002-10-25,2005,2055,2002,2034,2034,3243,CC=F,Yahoo chart API continuous-futures proxy
2002-10-28,1980,1999,1967,1979,1979,5748,CC=F,Yahoo chart API continuous-futures proxy
2002-10-29,1920,1927,1855,1893,1893,5245,CC=F,Yahoo chart API continuous-futures proxy
2002-10-30,1888,1950,1888,1927,1927,3952,CC=F,Yahoo chart API continuous-futures proxy
2002-10-31,1935,1947,1925,1927,1927,5093,CC=F,Yahoo chart API continuous-futures proxy
2002-11-01,1885,1926,1880,1901,1901,6067,CC=F,Yahoo chart API continuous-futures proxy
2002-11-04,1820,1841,1788,1806,1806,3976,CC=F,Yahoo chart API continuous-futures proxy
2002-11-05,1845,1853,1796,1809,1809,3520,CC=F,Yahoo chart API continuous-futures proxy
2002-11-06,1788,1900,1788,1890,1890,6368,CC=F,Yahoo chart API continuous-futures proxy
2002-11-07,1910,1925,1892,1914,1914,2953,CC=F,Yahoo chart API continuous-futures proxy
2002-11-08,1900,1922,1880,1892,1892,3712,CC=F,Yahoo chart API continuous-futures proxy
2002-11-11,1909,1910,1850,1854,1854,3473,CC=F,Yahoo chart API continuous-futures proxy
2002-11-12,1825,1830,1751,1758,1758,3846,CC=F,Yahoo chart API continuous-futures proxy
2002-11-13,1760,1780,1720,1722,1722,400,CC=F,Yahoo chart API continuous-futures proxy
2002-11-14,1755,1830,1752,1753,1753,869,CC=F,Yahoo chart API continuous-futures proxy
2002-11-15,1754,1777,1752,1753,1753,77,CC=F,Yahoo chart API continuous-futures proxy
2002-11-18,1770,1797,1735,1775,1775,178,CC=F,Yahoo chart API continuous-futures proxy
2002-11-19,1780,1818,1772,1790,1790,215,CC=F,Yahoo chart API continuous-futures proxy
2002-11-20,1775,1790,1775,1778,1778,192,CC=F,Yahoo chart API continuous-futures proxy
2002-11-21,1770,1805,1765,1780,1780,25,CC=F,Yahoo chart API continuous-futures proxy
2002-11-22,1780,1780,1775,1779,1779,223,CC=F,Yahoo chart API continuous-futures proxy
2002-11-25,1737,1768,1710,1760,1760,36,CC=F,Yahoo chart API continuous-futures proxy
2002-11-26,1733,1740,1705,1740,1740,0,CC=F,Yahoo chart API continuous-futures proxy
2002-11-27,1745,1794,1735,1750,1750,47,CC=F,Yahoo chart API continuous-futures proxy
2002-11-28,,,,,,,CC=F,Yahoo chart API continuous-futures proxy
2002-11-29,,,,,,,CC=F,Yahoo chart API continuous-futures proxy
2002-12-02,1850,1850,1795,1799,1799,55,CC=F,Yahoo chart API continuous-futures proxy
2002-12-03,1840,1865,1840,1855,1855,36,CC=F,Yahoo chart API continuous-futures proxy
2002-12-04,1895,1925,1865,1900,1900,47,CC=F,Yahoo chart API continuous-futures proxy
2002-12-05,1928,1955,1927,1955,1955,12,CC=F,Yahoo chart API continuous-futures proxy
2002-12-06,2003,2011,2003,2006,2006,27,CC=F,Yahoo chart API continuous-futures proxy
2002-12-09,2060,2105,2060,2097,2097,24,CC=F,Yahoo chart API continuous-futures proxy
2002-12-10,2165,2165,2100,2126,2126,26,CC=F,Yahoo chart API continuous-futures proxy
2002-12-11,2073,2083,2053,2055,2055,0,CC=F,Yahoo chart API continuous-futures proxy
2002-12-12,2065,2065,2050,2050,2050,3965,CC=F,Yahoo chart API continuous-futures proxy
2002-12-13,2035,2078,2035,2060,2060,3403,CC=F,Yahoo chart API continuous-futures proxy
2002-12-16,2050,2055,2020,2044,2044,4784,CC=F,Yahoo chart API continuous-futures proxy
2002-12-17,2032,2083,2013,2077,2077,3009,CC=F,Yahoo chart API continuous-futures proxy
2002-12-18,2090,2092,2053,2061,2061,2960,CC=F,Yahoo chart API continuous-futures proxy
2002-12-19,2070,2092,2064,2074,2074,1507,CC=F,Yahoo chart API continuous-futures proxy
2002-12-20,2070,2079,2061,2070,2070,2881,CC=F,Yahoo chart API continuous-futures proxy
2002-12-23,2075,2078,2035,2051,2051,0,CC=F,Yahoo chart API continuous-futures proxy
2002-12-24,2047,2058,2038,2052,2052,3886,CC=F,Yahoo chart API continuous-futures proxy
2002-12-25,,,,,,,CC=F,Yahoo chart API continuous-futures proxy
2002-12-26,,,,,,,CC=F,Yahoo chart API continuous-futures proxy
2002-12-27,2040,2045,1996,2018,2018,4154,CC=F,Yahoo chart API continuous-futures proxy
2002-12-30,2010,2010,1988,2004,2004,1405,CC=F,Yahoo chart API continuous-futures proxy
2002-12-31,2025,2028,2005,2021,2021,8498,CC=F,Yahoo chart API continuous-futures proxy
2003-01-01,,,,,,,CC=F,Yahoo chart API continuous-futures proxy
2003-01-02,2035,2135,2033,2099,2099,4489,CC=F,Yahoo chart API continuous-futures proxy
2003-01-03,2130,2150,2120,2145,2145,5676,CC=F,Yahoo chart API continuous-futures proxy
2003-01-06,2135,2200,2130,2191,2191,6007,CC=F,Yahoo chart API continuous-futures proxy
2003-01-07,2190,2198,2175,2189,2189,8932,CC=F,Yahoo chart API continuous-futures proxy
2003-01-08,2165,2172,2078,2089,2089,5938,CC=F,Yahoo chart API continuous-futures proxy
2003-01-09,2090,2200,2090,2160,2160,3225,CC=F,Yahoo chart API continuous-futures proxy
2003-01-10,2150,2172,2136,2155,2155,5035,CC=F,Yahoo chart API continuous-futures proxy
2003-01-13,2125,2180,2073,2077,2077,4293,CC=F,Yahoo chart API continuous-futures proxy
2003-01-14,2080,2125,2060,2064,2064,2725,CC=F,Yahoo chart API continuous-futures proxy
2003-01-15,2069,2090,2055,2077,2077,4151,CC=F,Yahoo chart API continuous-futures proxy
2003-01-16,2102,2175,2082,2154,2154,3849,CC=F,Yahoo chart API continuous-futures proxy
2003-01-17,2145,2188,2144,2151,2151,2704,CC=F,Yahoo chart API continuous-futures proxy
2003-01-20,,,,,,,CC=F,Yahoo chart API continuous-futures proxy
2003-01-21,2145,2160,2122,2155,2155,3451,CC=F,Yahoo chart API continuous-futures proxy
2003-01-22,2150,2172,2135,2165,2165,6669,CC=F,Yahoo chart API continuous-futures proxy
2003-01-23,2200,2250,2147,2229,2229,5628,CC=F,Yahoo chart API continuous-futures proxy
2003-01-24,2200,2209,2167,2187,2187,3639,CC=F,Yahoo chart API continuous-futures proxy
2003-01-27,2244,2257,2211,2250,2250,5716,CC=F,Yahoo chart API continuous-futures proxy
2003-01-28,2290,2304,2265,2301,2301,6992,CC=F,Yahoo chart API continuous-futures proxy
2003-01-29,2355,2370,2325,2345,2345,8255,CC=F,Yahoo chart API continuous-futures proxy
2003-01-30,2330,2392,2315,2386,2386,5701,CC=F,Yahoo chart API continuous-futures proxy
2003-01-31,2420,2420,2375,2409,2409,8694,CC=F,Yahoo chart API continuous-futures proxy
2003-02-03,2408,2410,2352,2379,2379,4650,CC=F,Yahoo chart API continuous-futures proxy
2003-02-04,2380,2420,2368,2399,2399,10768,CC=F,Yahoo chart API continuous-futures proxy
2003-02-05,2385,2404,2361,2380,2380,13033,CC=F,Yahoo chart API continuous-futures proxy
2003-02-06,2355,2370,2285,2305,2305,6176,CC=F,Yahoo chart API continuous-futures proxy
2003-02-07,2330,2389,2329,2380,2380,4211,CC=F,Yahoo chart API continuous-futures proxy
2003-02-10,2345,2355,2317,2328,2328,5064,CC=F,Yahoo chart API continuous-futures proxy
2003-02-11,2310,2315,2280,2296,2296,4278,CC=F,Yahoo chart API continuous-futures proxy
2003-02-12,2275,2325,2265,2321,2321,7626,CC=F,Yahoo chart API continuous-futures proxy
2003-02-13,2326,2352,2290,2293,2293,594,CC=F,Yahoo chart API continuous-futures proxy
2003-02-14,2300,2370,2298,2366,2366,233,CC=F,Yahoo chart API continuous-futures proxy
2003-02-17,,,,,,,CC=F,Yahoo chart API continuous-futures proxy
2003-02-18,,,,,,,CC=F,Yahoo chart API continuous-futures proxy
2003-02-19,2310,2331,2310,2316,2316,1101,CC=F,Yahoo chart API continuous-futures proxy
2003-02-20,2250,2255,2110,2120,2120,505,CC=F,Yahoo chart API continuous-futures proxy
2003-02-21,2140,2150,2105,2125,2125,186,CC=F,Yahoo chart API continuous-futures proxy
2003-02-24,2137,2166,2125,2145,2145,267,CC=F,Yahoo chart API continuous-futures proxy
2003-02-25,2110,2133,1992,1992,1992,162,CC=F,Yahoo chart API continuous-futures proxy
2003-02-26,1995,2090,1980,2083,2083,66,CC=F,Yahoo chart API continuous-futures proxy
2003-02-27,2062,2100,2062,2071,2071,118,CC=F,Yahoo chart API continuous-futures proxy
2003-02-28,2100,2100,2066,2080,2080,47,CC=F,Yahoo chart API continuous-futures proxy
2003-03-03,2090,2090,1985,1985,1985,36,CC=F,Yahoo chart API continuous-futures proxy
2003-03-04,2008,2035,2000,2015,2015,64,CC=F,Yahoo chart API continuous-futures proxy
2003-03-05,2039,2067,2039,2058,2058,18,CC=F,Yahoo chart API continuous-futures proxy
2003-03-06,2065,2065,1987,2040,2040,40,CC=F,Yahoo chart API continuous-futures proxy
2003-03-07,2027,2083,2025,2083,2083,18,CC=F,Yahoo chart API continuous-futures proxy
2003-03-10,2060,2063,2020,2063,2063,34,CC=F,Yahoo chart API continuous-futures proxy
2003-03-11,2044,2050,2038,2050,2050,136,CC=F,Yahoo chart API continuous-futures proxy
2003-03-12,2040,2066,1975,2066,2066,74,CC=F,Yahoo chart API continuous-futures proxy
2003-03-13,2024,2045,2024,2035,2035,0,CC=F,Yahoo chart API continuous-futures proxy
2003-03-14,2005,2057,2000,2043,2043,1954,CC=F,Yahoo chart API continuous-futures proxy
2003-03-17,1975,1997,1963,1976,1976,5724,CC=F,Yahoo chart API continuous-futures proxy
2003-03-18,2005,2070,2004,2054,2054,3087,CC=F,Yahoo chart API continuous-futures proxy
2003-03-19,2040,2055,2020,2023,2023,4372,CC=F,Yahoo chart API continuous-futures proxy
2003-03-20,2015,2050,1954,2029,2029,1816,CC=F,Yahoo chart API continuous-futures proxy
2003-03-21,2020,2030,1965,1991,1991,2907,CC=F,Yahoo chart API continuous-futures proxy
2003-03-24,1975,1995,1940,1953,1953,3845,CC=F,Yahoo chart API continuous-futures proxy
2003-03-25,1939,1962,1922,1939,1939,5641,CC=F,Yahoo chart API continuous-futures proxy
2003-03-26,1920,1928,1892,1920,1920,7108,CC=F,Yahoo chart API continuous-futures proxy
2003-03-27,1930,1985,1898,1911,1911,2296,CC=F,Yahoo chart API continuous-futures proxy
2003-03-28,1911,1930,1902,1918,1918,3799,CC=F,Yahoo chart API continuous-futures proxy
2003-03-31,1940,1975,1931,1960,1960,4561,CC=F,Yahoo chart API continuous-futures proxy
2003-04-01,1960,1970,1936,1951,1951,4366,CC=F,Yahoo chart API continuous-futures proxy
2003-04-02,1951,1995,1946,1979,1979,3170,CC=F,Yahoo chart API continuous-futures proxy
2003-04-03,1965,1965,1930,1937,1937,4507,CC=F,Yahoo chart API continuous-futures proxy
2003-04-04,1935,2009,1920,1995,1995,5812,CC=F,Yahoo chart API continuous-futures proxy
2003-04-07,1972,1989,1961,1980,1980,8097,CC=F,Yahoo chart API continuous-futures proxy
2003-04-08,1982,2050,1982,2031,2031,4737,CC=F,Yahoo chart API continuous-futures proxy
2003-04-09,2030,2058,2015,2020,2020,5534,CC=F,Yahoo chart API continuous-futures proxy
2003-04-10,1991,2005,1942,1963,1963,4242,CC=F,Yahoo chart API continuous-futures proxy
2003-04-11,1965,1980,1895,1904,1904,2537,CC=F,Yahoo chart API continuous-futures proxy
2003-04-14,1905,1929,1904,1912,1912,3670,CC=F,Yahoo chart API continuous-futures proxy
2003-04-15,1925,1925,1843,1866,1866,782,CC=F,Yahoo chart API continuous-futures proxy
2003-04-16,1870,1910,1870,1895,1895,114,CC=F,Yahoo chart API continuous-futures proxy
2003-04-17,1878,1910,1870,1905,1905,111,CC=F,Yahoo chart API continuous-futures proxy
2003-04-18,,,,,,,CC=F,Yahoo chart API continuous-futures proxy
2003-04-21,1900,1948,1900,1921,1921,0,CC=F,Yahoo chart API continuous-futures proxy
2003-04-22,1900,2010,1900,2008,2008,136,CC=F,Yahoo chart API continuous-futures proxy
2003-04-23,1990,2004,1970,1970,1970,33,CC=F,Yahoo chart API continuous-futures proxy
2003-04-24,1975,2030,1975,2024,2024,51,CC=F,Yahoo chart API continuous-futures proxy
2003-04-25,2015,2080,2001,2079,2079,153,CC=F,Yahoo chart API continuous-futures proxy
2003-04-28,2064,2084,2063,2083,2083,80,CC=F,Yahoo chart API continuous-futures proxy
2003-04-29,2085,2110,2058,2089,2089,94,CC=F,Yahoo chart API continuous-futures proxy
2003-04-30,2106,2106,2050,2076,2076,52,CC=F,Yahoo chart API continuous-futures proxy
2003-05-01,2076,2078,2025,2078,2078,74,CC=F,Yahoo chart API continuous-futures proxy
2003-05-02,2068,2068,2016,2017,2017,17,CC=F,Yahoo chart API continuous-futures proxy
2003-05-05,1992,2005,1960,1960,1960,42,CC=F,Yahoo chart API continuous-futures proxy
2003-05-06,1970,1983,1950,1957,1957,52,CC=F,Yahoo chart API continuous-futures proxy
2003-05-07,1950,1960,1904,1904,1904,113,CC=F,Yahoo chart API continuous-futures proxy
2003-05-08,1930,1935,1885,1885,1885,31,CC=F,Yahoo chart API continuous-futures proxy
2003-05-09,1910,1910,1885,1885,1885,125,CC=F,Yahoo chart API continuous-futures proxy
2003-05-12,1895,1895,1866,1866,1866,30,CC=F,Yahoo chart API continuous-futures proxy
2003-05-13,1855,1855,1802,1802,1802,0,CC=F,Yahoo chart API continuous-futures proxy
2003-05-14,1802,1805,1746,1746,1746,3983,CC=F,Yahoo chart API continuous-futures proxy
2003-05-15,1742,1757,1703,1720,1720,3923,CC=F,Yahoo chart API continuous-futures proxy
2003-05-16,1720,1754,1708,1746,1746,4979,CC=F,Yahoo chart API continuous-futures proxy
2003-05-19,1740,1740,1671,1689,1689,3334,CC=F,Yahoo chart API continuous-futures proxy
2003-05-20,1684,1698,1638,1643,1643,7182,CC=F,Yahoo chart API continuous-futures proxy
2003-05-21,1595,1635,1565,1630,1630,4235,CC=F,Yahoo chart API continuous-futures proxy
2003-05-22,1660,1689,1643,1669,1669,2732,CC=F,Yahoo chart API continuous-futures proxy
2003-05-23,1655,1679,1638,1677,1677,3292,CC=F,Yahoo chart API continuous-futures proxy
2003-05-26,,,,,,,CC=F,Yahoo chart API continuous-futures proxy
2003-05-27,1630,1630,1565,1576,1576,3742,CC=F,Yahoo chart API continuous-futures proxy
2003-05-28,1581,1600,1555,1584,1584,5845,CC=F,Yahoo chart API continuous-futures proxy
2003-05-29,1583,1587,1460,1471,1471,3358,CC=F,Yahoo chart API continuous-futures proxy
2003-05-30,1485,1529,1485,1493,1493,5059,CC=F,Yahoo chart API continuous-futures proxy
2003-06-02,1450,1549,1420,1540,1540,4496,CC=F,Yahoo chart API continuous-futures proxy
2003-06-03,1510,1580,1501,1530,1530,3055,CC=F,Yahoo chart API continuous-futures proxy
2003-06-04,1530,1563,1504,1538,1538,3342,CC=F,Yahoo chart API continuous-futures proxy
2003-06-05,1555,1575,1475,1501,1501,8382,CC=F,Yahoo chart API continuous-futures proxy
2003-06-06,1510,1545,1498,1505,1505,3947,CC=F,Yahoo chart API continuous-futures proxy
2003-06-09,1500,1535,1487,1520,1520,4329,CC=F,Yahoo chart API continuous-futures proxy
2003-06-10,1520,1540,1495,1498,1498,3970,CC=F,Yahoo chart API continuous-futures proxy
2003-06-11,1508,1520,1500,1513,1513,3900,CC=F,Yahoo chart API continuous-futures proxy
2003-06-12,1513,1547,1505,1508,1508,3828,CC=F,Yahoo chart API continuous-futures proxy
2003-06-13,1500,1528,1472,1481,1481,3653,CC=F,Yahoo chart API continuous-futures proxy
2003-06-16,1520,1570,1481,1511,1511,509,CC=F,Yahoo chart API continuous-futures proxy
2003-06-17,1510,1585,1503,1575,1575,262,CC=F,Yahoo chart API continuous-futures proxy
2003-06-18,1600,1625,1575,1579,1579,157,CC=F,Yahoo chart API continuous-futures proxy
2003-06-19,1585,1600,1505,1505,1505,202,CC=F,Yahoo chart API continuous-futures proxy
2003-06-20,1520,1573,1517,1573,1573,113,CC=F,Yahoo chart API continuous-futures proxy
2003-06-23,1548,1635,1545,1582,1582,27,CC=F,Yahoo chart API continuous-futures proxy
2003-06-24,1541,1573,1541,1563,1563,122,CC=F,Yahoo chart API continuous-futures proxy
2003-06-25,1605,1607,1596,1604,1604,121,CC=F,Yahoo chart API continuous-futures proxy
2003-06-26,1610,1620,1607,1607,1607,19,CC=F,Yahoo chart API continuous-futures proxy
2003-06-27,1639,1650,1639,1650,1650,10,CC=F,Yahoo chart API continuous-futures proxy
2003-06-30,1680,1706,1675,1681,1681,30,CC=F,Yahoo chart API continuous-futures proxy
2003-07-01,1640,1680,1640,1675,1675,1,CC=F,Yahoo chart API continuous-futures proxy
2003-07-02,1689,1689,1689,1689,1689,10,CC=F,Yahoo chart API continuous-futures proxy
2003-07-03,1661,1685,1661,1667,1667,2,CC=F,Yahoo chart API continuous-futures proxy
2003-07-04,,,,,,,CC=F,Yahoo chart API continuous-futures proxy
2003-07-07,1690,1692,1690,1692,1692,11,CC=F,Yahoo chart API continuous-futures proxy
2003-07-08,1700,1715,1697,1697,1697,22,CC=F,Yahoo chart API continuous-futures proxy
2003-07-09,1660,1660,1633,1633,1633,8,CC=F,Yahoo chart API continuous-futures proxy
2003-07-10,1600,1600,1579,1579,1579,3,CC=F,Yahoo chart API continuous-futures proxy
2003-07-11,1570,1605,1570,1573,1573,4,CC=F,Yahoo chart API continuous-futures proxy
2003-07-14,1550,1550,1534,1534,1534,0,CC=F,Yahoo chart API continuous-futures proxy
2003-07-15,1540,1540,1519,1519,1519,0,CC=F,Yahoo chart API continuous-futures proxy
2003-07-16,1530,1560,1527,1555,1555,3367,CC=F,Yahoo chart API continuous-futures proxy
2003-07-17,1505,1555,1495,1547,1547,3814,CC=F,Yahoo chart API continuous-futures proxy
2003-07-18,1540,1545,1450,1466,1466,3935,CC=F,Yahoo chart API continuous-futures proxy
2003-07-21,1460,1492,1436,1463,1463,3286,CC=F,Yahoo chart API continuous-futures proxy
2003-07-22,1445,1461,1425,1427,1427,2321,CC=F,Yahoo chart API continuous-futures proxy
2003-07-23,1421,1457,1420,1445,1445,2341,CC=F,Yahoo chart API continuous-futures proxy
2003-07-24,1446,1482,1445,1448,1448,3013,CC=F,Yahoo chart API continuous-futures proxy
2003-07-25,1450,1486,1450,1464,1464,3500,CC=F,Yahoo chart API continuous-futures proxy
2003-07-28,1444,1464,1425,1432,1432,3918,CC=F,Yahoo chart API continuous-futures proxy
2003-07-29,1420,1485,1420,1478,1478,3599,CC=F,Yahoo chart API continuous-futures proxy
2003-07-30,1472,1498,1470,1485,1485,3903,CC=F,Yahoo chart API continuous-futures proxy
2003-07-31,1473,1496,1460,1465,1465,2928,CC=F,Yahoo chart API continuous-futures proxy
2003-08-01,1455,1480,1450,1465,1465,3516,CC=F,Yahoo chart API continuous-futures proxy
2003-08-04,1475,1485,1450,1476,1476,2510,CC=F,Yahoo chart API continuous-futures proxy
2003-08-05,1478,1486,1458,1469,1469,6637,CC=F,Yahoo chart API continuous-futures proxy
2003-08-06,1472,1522,1420,1435,1435,4118,CC=F,Yahoo chart API continuous-futures proxy
2003-08-07,1455,1488,1447,1462,1462,7254,CC=F,Yahoo chart API continuous-futures proxy
2003-08-08,1470,1502,1470,1489,1489,10154,CC=F,Yahoo chart API continuous-futures proxy
2003-08-11,1489,1515,1474,1513,1513,7413,CC=F,Yahoo chart API continuous-futures proxy
2003-08-12,1508,1548,1495,1495,1495,4097,CC=F,Yahoo chart API continuous-futures proxy
2003-08-13,1495,1525,1487,1515,1515,0,CC=F,Yahoo chart API continuous-futures proxy
2003-08-14,1512,1520,1501,1510,1510,2107,CC=F,Yahoo chart API continuous-futures proxy
2003-08-15,1512,1515,1481,1487,1487,827,CC=F,Yahoo chart API continuous-futures proxy
2003-08-18,1483,1555,1482,1551,1551,261,CC=F,Yahoo chart API continuous-futures proxy
2003-08-19,1550,1588,1548,1550,1550,372,CC=F,Yahoo chart API continuous-futures proxy
2003-08-20,1560,1600,1555,1598,1598,351,CC=F,Yahoo chart API continuous-futures proxy
2003-08-21,1610,1663,1605,1659,1659,213,CC=F,Yahoo chart API continuous-futures proxy
2003-08-22,1665,1688,1645,1679,1679,80,CC=F,Yahoo chart API continuous-futures proxy
2003-08-25,1675,1730,1671,1728,1728,164,CC=F,Yahoo chart API continuous-futures proxy
2003-08-26,1738,1790,1716,1790,1790,136,CC=F,Yahoo chart API continuous-futures proxy
2003-08-27,1780,1810,1752,1753,1753,44,CC=F,Yahoo chart API continuous-futures proxy
2003-08-28,1770,1820,1770,1808,1808,25,CC=F,Yahoo chart API continuous-futures proxy
2003-08-29,1800,1820,1800,1820,1820,17,CC=F,Yahoo chart API continuous-futures proxy
2003-09-01,,,,,,,CC=F,Yahoo chart API continuous-futures proxy
2003-09-02,1765,1797,1765,1792,1792,131,CC=F,Yahoo chart API continuous-futures proxy
2003-09-03,1750,1750,1727,1729,1729,22,CC=F,Yahoo chart API continuous-futures proxy
2003-09-04,1730,1778,1730,1774,1774,16,CC=F,Yahoo chart API continuous-futures proxy
2003-09-05,1779,1779,1765,1770,1770,8,CC=F,Yahoo chart API continuous-futures proxy
2003-09-08,1760,1777,1760,1766,1766,28,CC=F,Yahoo chart API continuous-futures proxy
2003-09-09,1773,1773,1738,1738,1738,53,CC=F,Yahoo chart API continuous-futures proxy
2003-09-10,1729,1729,1670,1698,1698,18,CC=F,Yahoo chart API continuous-futures proxy
2003-09-11,1680,1680,1588,1588,1588,7,CC=F,Yahoo chart API continuous-futures proxy
2003-09-12,1550,1562,1550,1559,1559,0,CC=F,Yahoo chart API continuous-futures proxy
2003-09-15,1562,1562,1562,1562,1562,4172,CC=F,Yahoo chart API continuous-futures proxy
2003-09-16,1500,1505,1467,1470,1470,3900,CC=F,Yahoo chart API continuous-futures proxy
2003-09-17,1480,1526,1475,1515,1515,4845,CC=F,Yahoo chart API continuous-futures proxy
2003-09-18,1507,1510,1469,1478,1478,3435,CC=F,Yahoo chart API continuous-futures proxy
2003-09-19,1480,1530,1478,1519,1519,3465,CC=F,Yahoo chart API continuous-futures proxy
2003-09-22,1519,1535,1488,1503,1503,7337,CC=F,Yahoo chart API continuous-futures proxy
2003-09-23,1555,1625,1555,1603,1603,5260,CC=F,Yahoo chart API continuous-futures proxy
2003-09-24,1582,1645,1555,1637,1637,5420,CC=F,Yahoo chart API continuous-futures proxy
2003-09-25,1680,1708,1656,1663,1663,4486,CC=F,Yahoo chart API continuous-futures proxy
2003-09-26,1625,1625,1595,1602,1602,3576,CC=F,Yahoo chart API continuous-futures proxy
2003-09-29,1580,1609,1571,1605,1605,3593,CC=F,Yahoo chart API continuous-futures proxy
2003-09-30,1615,1648,1615,1626,1626,4963,CC=F,Yahoo chart API continuous-futures proxy
2003-10-01,1611,1643,1555,1563,1563,4634,CC=F,Yahoo chart API continuous-futures proxy
2003-10-02,1545,1562,1533,1554,1554,1934,CC=F,Yahoo chart API continuous-futures proxy
2003-10-03,1565,1575,1547,1560,1560,2933,CC=F,Yahoo chart API continuous-futures proxy
2003-10-06,1550,1572,1520,1546,1546,2056,CC=F,Yahoo chart API continuous-futures proxy
2003-10-07,1540,1574,1533,1549,1549,8646,CC=F,Yahoo chart API continuous-futures proxy
2003-10-08,1560,1572,1451,1456,1456,6977,CC=F,Yahoo chart API continuous-futures proxy
2003-10-09,1460,1476,1445,1466,1466,4510,CC=F,Yahoo chart API continuous-futures proxy
2003-10-10,1475,1490,1445,1460,1460,4625,CC=F,Yahoo chart API continuous-futures proxy
2003-10-13,1430,1519,1428,1490,1490,3167,CC=F,Yahoo chart API continuous-futures proxy
2003-10-14,1477,1490,1457,1460,1460,2530,CC=F,Yahoo chart API continuous-futures proxy
2003-10-15,1465,1498,1462,1480,1480,2531,CC=F,Yahoo chart API continuous-futures proxy
2003-10-16,1475,1477,1446,1458,1458,12891,CC=F,Yahoo chart API continuous-futures proxy
2003-10-17,1448,1474,1360,1367,1367,6221,CC=F,Yahoo chart API continuous-futures proxy
2003-10-20,1367,1405,1364,1385,1385,3290,CC=F,Yahoo chart API continuous-futures proxy
2003-10-21,1405,1415,1395,1407,1407,6004,CC=F,Yahoo chart API continuous-futures proxy
2003-10-22,1417,1426,1372,1387,1387,4814,CC=F,Yahoo chart API continuous-futures proxy
2003-10-23,1399,1440,1390,1409,1409,2726,CC=F,Yahoo chart API continuous-futures proxy
2003-10-24,1409,1438,1392,1432,1432,3279,CC=F,Yahoo chart API continuous-futures proxy
2003-10-27,1437,1447,1410,1420,1420,2396,CC=F,Yahoo chart API continuous-futures proxy
2003-10-28,1422,1437,1404,1411,1411,2169,CC=F,Yahoo chart API continuous-futures proxy
2003-10-29,1425,1440,1413,1431,1431,3848,CC=F,Yahoo chart API continuous-futures proxy
2003-10-30,1431,1445,1410,1429,1429,9407,CC=F,Yahoo chart API continuous-futures proxy
2003-10-31,1429,1470,1395,1440,1440,3157,CC=F,Yahoo chart API continuous-futures proxy
2003-11-03,1430,1442,1418,1422,1422,6482,CC=F,Yahoo chart API continuous-futures proxy
2003-11-04,1410,1452,1403,1442,1442,5697,CC=F,Yahoo chart API continuous-futures proxy
2003-11-05,1450,1500,1445,1471,1471,9155,CC=F,Yahoo chart API continuous-futures proxy
2003-11-06,1475,1483,1455,1466,1466,11110,CC=F,Yahoo chart API continuous-futures proxy
2003-11-07,1460,1515,1446,1499,1499,6685,CC=F,Yahoo chart API continuous-futures proxy
2003-11-10,1485,1494,1440,1448,1448,8478,CC=F,Yahoo chart API continuous-futures proxy
2003-11-11,1459,1472,1448,1469,1469,7037,CC=F,Yahoo chart API continuous-futures proxy
2003-11-12,1469,1550,1446,1526,1526,1731,CC=F,Yahoo chart API continuous-futures proxy
2003-11-13,1525,1580,1513,1558,1558,486,CC=F,Yahoo chart API continuous-futures proxy
2003-11-14,1570,1592,1560,1589,1589,186,CC=F,Yahoo chart API continuous-futures proxy
2003-11-17,1589,1592,1550,1555,1555,95,CC=F,Yahoo chart API continuous-futures proxy
2003-11-18,1555,1585,1533,1533,1533,62,CC=F,Yahoo chart API continuous-futures proxy
2003-11-19,1540,1574,1540,1563,1563,125,CC=F,Yahoo chart API continuous-futures proxy
2003-11-20,1570,1580,1547,1553,1553,55,CC=F,Yahoo chart API continuous-futures proxy
2003-11-21,1543,1562,1504,1504,1504,46,CC=F,Yahoo chart API continuous-futures proxy
2003-11-24,1505,1513,1485,1492,1492,67,CC=F,Yahoo chart API continuous-futures proxy
2003-11-25,1490,1490,1440,1441,1441,0,CC=F,Yahoo chart API continuous-futures proxy
2003-11-26,1435,1450,1435,1446,1446,35,CC=F,Yahoo chart API continuous-futures proxy
2003-11-27,,,,,,,CC=F,Yahoo chart API continuous-futures proxy
2003-11-28,,,,,,,CC=F,Yahoo chart API continuous-futures proxy
2003-12-01,1540,1553,1497,1547,1547,2,CC=F,Yahoo chart API continuous-futures proxy
2003-12-02,1550,1550,1535,1535,1535,0,CC=F,Yahoo chart API continuous-futures proxy
2003-12-03,1571,1571,1571,1571,1571,6,CC=F,Yahoo chart API continuous-futures proxy
2003-12-04,1595,1604,1595,1600,1600,4,CC=F,Yahoo chart API continuous-futures proxy
2003-12-05,1600,1600,1585,1585,1585,2,CC=F,Yahoo chart API continuous-futures proxy
2003-12-08,1591,1613,1591,1613,1613,31,CC=F,Yahoo chart API continuous-futures proxy
2003-12-09,1690,1730,1676,1730,1730,28,CC=F,Yahoo chart API continuous-futures proxy
2003-12-10,1800,1800,1698,1698,1698,31,CC=F,Yahoo chart API continuous-futures proxy
2003-12-11,1635,1661,1635,1661,1661,0,CC=F,Yahoo chart API continuous-futures proxy
2003-12-12,1644,1644,1644,1644,1644,2592,CC=F,Yahoo chart API continuous-futures proxy
2003-12-15,1649,1667,1633,1637,1637,5672,CC=F,Yahoo chart API continuous-futures proxy
2003-12-16,1600,1605,1562,1573,1573,2591,CC=F,Yahoo chart API continuous-futures proxy
2003-12-17,1570,1622,1563,1590,1590,3155,CC=F,Yahoo chart API continuous-futures proxy
2003-12-18,1595,1595,1568,1583,1583,4298,CC=F,Yahoo chart API continuous-futures proxy
2003-12-19,1578,1582,1554,1572,1572,3006,CC=F,Yahoo chart API continuous-futures proxy
2003-12-22,1570,1596,1550,1551,1551,2277,CC=F,Yahoo chart API continuous-futures proxy
2003-12-23,1545,1560,1538,1544,1544,0,CC=F,Yahoo chart API continuous-futures proxy
2003-12-24,1546,1560,1536,1559,1559,2155,CC=F,Yahoo chart API continuous-futures proxy
2003-12-25,,,,,,,CC=F,Yahoo chart API continuous-futures proxy
2003-12-26,,,,,,,CC=F,Yahoo chart API continuous-futures proxy
2003-12-29,1540,1567,1532,1548,1548,1338,CC=F,Yahoo chart API continuous-futures proxy
2003-12-30,1547,1549,1535,1537,1537,0,CC=F,Yahoo chart API continuous-futures proxy
2003-12-31,1545,1557,1500,1515,1515,9299,CC=F,Yahoo chart API continuous-futures proxy
2004-01-01,,,,,,,CC=F,Yahoo chart API continuous-futures proxy
2004-01-02,,,,,,,CC=F,Yahoo chart API continuous-futures proxy
2004-01-05,1500,1506,1456,1474,1474,8069,CC=F,Yahoo chart API continuous-futures proxy
2004-01-06,1505,1580,1498,1550,1550,7999,CC=F,Yahoo chart API continuous-futures proxy
2004-01-07,1530,1650,1529,1642,1642,3566,CC=F,Yahoo chart API continuous-futures proxy
2004-01-08,1635,1650,1602,1611,1611,4637,CC=F,Yahoo chart API continuous-futures proxy
2004-01-09,1660,1698,1656,1671,1671,3963,CC=F,Yahoo chart API continuous-futures proxy
2004-01-12,1660,1668,1631,1665,1665,3742,CC=F,Yahoo chart API continuous-futures proxy
2004-01-13,1650,1685,1626,1641,1641,4121,CC=F,Yahoo chart API continuous-futures proxy
2004-01-14,1605,1619,1586,1608,1608,4173,CC=F,Yahoo chart API continuous-futures proxy
2004-01-15,1600,1629,1595,1605,1605,6186,CC=F,Yahoo chart API continuous-futures proxy
2004-01-16,1620,1636,1590,1597,1597,5895,CC=F,Yahoo chart API continuous-futures proxy
2004-01-19,,,,,,,CC=F,Yahoo chart API continuous-futures proxy
2004-01-20,1650,1660,1580,1589,1589,3023,CC=F,Yahoo chart API continuous-futures proxy
2004-01-21,1620,1635,1595,1632,1632,5784,CC=F,Yahoo chart API continuous-futures proxy
2004-01-22,1665,1683,1647,1678,1678,4692,CC=F,Yahoo chart API continuous-futures proxy
2004-01-23,1650,1657,1606,1609,1609,4295,CC=F,Yahoo chart API continuous-futures proxy
2004-01-26,1600,1635,1571,1604,1604,2348,CC=F,Yahoo chart API continuous-futures proxy
2004-01-27,1585,1603,1575,1589,1589,6833,CC=F,Yahoo chart API continuous-futures proxy
2004-01-28,1560,1573,1520,1525,1525,3593,CC=F,Yahoo chart API continuous-futures proxy
2004-01-29,1530,1549,1526,1537,1537,5062,CC=F,Yahoo chart API continuous-futures proxy
2004-01-30,1535,1560,1515,1520,1520,3357,CC=F,Yahoo chart API continuous-futures proxy
2004-02-02,1510,1535,1504,1530,1530,6129,CC=F,Yahoo chart API continuous-futures proxy
2004-02-03,1550,1605,1548,1600,1600,6520,CC=F,Yahoo chart API continuous-futures proxy
2004-02-04,1610,1615,1578,1581,1581,5158,CC=F,Yahoo chart API continuous-futures proxy
2004-02-05,1588,1614,1577,1600,1600,7613,CC=F,Yahoo chart API continuous-futures proxy
2004-02-06,1580,1604,1540,1543,1543,7346,CC=F,Yahoo chart API continuous-futures proxy
2004-02-09,1555,1561,1508,1510,1510,8252,CC=F,Yahoo chart API continuous-futures proxy
2004-02-10,1518,1534,1496,1530,1530,4992,CC=F,Yahoo chart API continuous-futures proxy
2004-02-11,1525,1532,1508,1519,1519,5373,CC=F,Yahoo chart API continuous-futures proxy
2004-02-12,1516,1555,1515,1542,1542,906,CC=F,Yahoo chart API continuous-futures proxy
2004-02-13,1542,1553,1493,1536,1536,150,CC=F,Yahoo chart API continuous-futures proxy
2004-02-16,,,,,,,CC=F,Yahoo chart API continuous-futures proxy
2004-02-17,1535,1575,1515,1539,1539,152,CC=F,Yahoo chart API continuous-futures proxy
2004-02-18,1541,1541,1516,1526,1526,197,CC=F,Yahoo chart API continuous-futures proxy
2004-02-19,1499,1499,1460,1466,1466,45,CC=F,Yahoo chart API continuous-futures proxy
2004-02-20,1458,1470,1444,1450,1450,52,CC=F,Yahoo chart API continuous-futures proxy
2004-02-23,1450,1465,1446,1447,1447,69,CC=F,Yahoo chart API continuous-futures proxy
2004-02-24,1440,1493,1436,1484,1484,7,CC=F,Yahoo chart API continuous-futures proxy
2004-02-25,1484,1512,1484,1512,1512,20,CC=F,Yahoo chart API continuous-futures proxy
2004-02-26,1540,1576,1535,1576,1576,25,CC=F,Yahoo chart API continuous-futures proxy
2004-02-27,1580,1585,1560,1570,1570,1,CC=F,Yahoo chart API continuous-futures proxy
2004-03-01,1516,1552,1516,1552,1552,25,CC=F,Yahoo chart API continuous-futures proxy
2004-03-02,1545,1545,1520,1520,1520,25,CC=F,Yahoo chart API continuous-futures proxy
2004-03-03,1495,1495,1483,1483,1483,4,CC=F,Yahoo chart API continuous-futures proxy
2004-03-04,1480,1494,1462,1467,1467,1,CC=F,Yahoo chart API continuous-futures proxy
2004-03-05,1485,1485,1451,1451,1451,4,CC=F,Yahoo chart API continuous-futures proxy
2004-03-08,1455,1465,1452,1452,1452,7,CC=F,Yahoo chart API continuous-futures proxy
2004-03-09,1426,1438,1425,1438,1438,0,CC=F,Yahoo chart API continuous-futures proxy
2004-03-10,1379,1379,1379,1379,1379,0,CC=F,Yahoo chart API continuous-futures proxy
2004-03-11,1396,1396,1396,1396,1396,9,CC=F,Yahoo chart API continuous-futures proxy
2004-03-12,1375,1402,1328,1402,1402,11,CC=F,Yahoo chart API continuous-futures proxy
2004-03-15,1410,1428,1410,1428,1428,0,CC=F,Yahoo chart API continuous-futures proxy
2004-03-16,1444,1444,1444,1444,1444,4427,CC=F,Yahoo chart API continuous-futures proxy
2004-03-17,1465,1479,1418,1431,1431,4148,CC=F,Yahoo chart API continuous-futures proxy
2004-03-18,1470,1479,1450,1451,1451,2156,CC=F,Yahoo chart API continuous-futures proxy
2004-03-19,1448,1451,1429,1441,1441,6920,CC=F,Yahoo chart API continuous-futures proxy
2004-03-22,1468,1507,1465,1493,1493,3643,CC=F,Yahoo chart API continuous-futures proxy
2004-03-23,1485,1494,1476,1479,1479,3569,CC=F,Yahoo chart API continuous-futures proxy
2004-03-24,1495,1511,1482,1483,1483,4691,CC=F,Yahoo chart API continuous-futures proxy
2004-03-25,1485,1510,1440,1462,1462,3601,CC=F,Yahoo chart API continuous-futures proxy
2004-03-26,1475,1499,1453,1478,1478,2854,CC=F,Yahoo chart API continuous-futures proxy
2004-03-29,1465,1476,1451,1471,1471,3287,CC=F,Yahoo chart API continuous-futures proxy
2004-03-30,1468,1499,1465,1496,1496,14170,CC=F,Yahoo chart API continuous-futures proxy
2004-03-31,1510,1555,1506,1549,1549,12367,CC=F,Yahoo chart API continuous-futures proxy
2004-04-01,1540,1562,1512,1517,1517,14951,CC=F,Yahoo chart API continuous-futures proxy
2004-04-02,1508,1514,1405,1418,1418,5688,CC=F,Yahoo chart API continuous-futures proxy
2004-04-05,1416,1440,1413,1436,1436,4637,CC=F,Yahoo chart API continuous-futures proxy
2004-04-06,1420,1435,1410,1432,1432,8815,CC=F,Yahoo chart API continuous-futures proxy
2004-04-07,1420,1425,1376,1400,1400,5292,CC=F,Yahoo chart API continuous-futures proxy
2004-04-08,1385,1410,1371,1402,1402,5950,CC=F,Yahoo chart API continuous-futures proxy
2004-04-09,,,,,,,CC=F,Yahoo chart API continuous-futures proxy
2004-04-12,1410,1410,1374,1382,1382,6861,CC=F,Yahoo chart API continuous-futures proxy
2004-04-13,1395,1395,1372,1375,1375,5399,CC=F,Yahoo chart API continuous-futures proxy
2004-04-14,1375,1390,1365,1380,1380,4540,CC=F,Yahoo chart API continuous-futures proxy
2004-04-15,1365,1376,1361,1366,1366,4161,CC=F,Yahoo chart API continuous-futures proxy
2004-04-16,1350,1360,1330,1336,1336,966,CC=F,Yahoo chart API continuous-futures proxy
2004-04-19,1336,1380,1331,1376,1376,107,CC=F,Yahoo chart API continuous-futures proxy
2004-04-20,1355,1363,1330,1332,1332,84,CC=F,Yahoo chart API continuous-futures proxy
2004-04-21,1315,1335,1310,1335,1335,31,CC=F,Yahoo chart API continuous-futures proxy
2004-04-22,1341,1341,1328,1328,1328,72,CC=F,Yahoo chart API continuous-futures proxy
2004-04-23,1356,1364,1343,1356,1356,50,CC=F,Yahoo chart API continuous-futures proxy
2004-04-26,1385,1409,1385,1396,1396,2,CC=F,Yahoo chart API continuous-futures proxy
2004-04-27,1385,1386,1378,1378,1378,10,CC=F,Yahoo chart API continuous-futures proxy
2004-04-28,1390,1400,1390,1400,1400,15,CC=F,Yahoo chart API continuous-futures proxy
2004-04-29,1400,1423,1400,1407,1407,11,CC=F,Yahoo chart API continuous-futures proxy
2004-04-30,1410,1418,1410,1413,1413,18,CC=F,Yahoo chart API continuous-futures proxy
2004-05-03,1405,1405,1377,1377,1377,24,CC=F,Yahoo chart API continuous-futures proxy
2004-05-04,1357,1394,1357,1387,1387,0,CC=F,Yahoo chart API continuous-futures proxy
2004-05-05,1354,1354,1354,1354,1354,24,CC=F,Yahoo chart API continuous-futures proxy
2004-05-06,1360,1360,1357,1357,1357,0,CC=F,Yahoo chart API continuous-futures proxy
2004-05-07,1352,1352,1352,1352,1352,6,CC=F,Yahoo chart API continuous-futures proxy
2004-05-10,1355,1360,1354,1354,1354,1,CC=F,Yahoo chart API continuous-futures proxy
2004-05-11,1355,1355,1354,1354,1354,2,CC=F,Yahoo chart API continuous-futures proxy
2004-05-12,1372,1372,1354,1354,1354,0,CC=F,Yahoo chart API continuous-futures proxy
2004-05-13,1330,1339,1330,1339,1339,8575,CC=F,Yahoo chart API continuous-futures proxy
2004-05-14,1324,1332,1314,1322,1322,4644,CC=F,Yahoo chart API continuous-futures proxy
2004-05-17,1330,1335,1310,1314,1314,7244,CC=F,Yahoo chart API continuous-futures proxy
2004-05-18,1307,1323,1299,1320,1320,4916,CC=F,Yahoo chart API continuous-futures proxy
2004-05-19,1340,1342,1324,1327,1327,17392,CC=F,Yahoo chart API continuous-futures proxy
2004-05-20,1340,1430,1339,1416,1416,10712,CC=F,Yahoo chart API continuous-futures proxy
2004-05-21,1410,1421,1360,1382,1382,4388,CC=F,Yahoo chart API continuous-futures proxy
2004-05-24,1380,1387,1363,1368,1368,4497,CC=F,Yahoo chart API continuous-futures proxy
2004-05-25,1372,1398,1372,1396,1396,5210,CC=F,Yahoo chart API continuous-futures proxy
2004-05-26,1396,1398,1370,1383,1383,8530,CC=F,Yahoo chart API continuous-futures proxy
2004-05-27,1390,1439,1390,1437,1437,14440,CC=F,Yahoo chart API continuous-futures proxy
2004-05-28,1439,1476,1426,1465,1465,8554,CC=F,Yahoo chart API continuous-futures proxy
2004-05-31,,,,,,,CC=F,Yahoo chart API continuous-futures proxy
2004-06-01,1450,1454,1405,1423,1423,13305,CC=F,Yahoo chart API continuous-futures proxy
2004-06-02,1415,1428,1338,1342,1342,8758,CC=F,Yahoo chart API continuous-futures proxy
2004-06-03,1340,1368,1331,1346,1346,8848,CC=F,Yahoo chart API continuous-futures proxy
2004-06-04,1351,1352,1326,1334,1334,6265,CC=F,Yahoo chart API continuous-futures proxy
2004-06-07,1338,1342,1318,1333,1333,9565,CC=F,Yahoo chart API continuous-futures proxy
2004-06-08,1360,1390,1352,1357,1357,9642,CC=F,Yahoo chart API continuous-futures proxy
2004-06-09,1355,1368,1345,1361,1361,0,CC=F,Yahoo chart API continuous-futures proxy
2004-06-10,1351,1359,1342,1347,1347,7832,CC=F,Yahoo chart API continuous-futures proxy
2004-06-11,,,,,,,CC=F,Yahoo chart API continuous-futures proxy
2004-06-14,1330,1337,1322,1324,1324,5956,CC=F,Yahoo chart API continuous-futures proxy
2004-06-15,1340,1360,1334,1337,1337,6554,CC=F,Yahoo chart API continuous-futures proxy
2004-06-16,1345,1380,1338,1355,1355,355,CC=F,Yahoo chart API continuous-futures proxy
2004-06-17,1343,1357,1337,1350,1350,169,CC=F,Yahoo chart API continuous-futures proxy
2004-06-18,1338,1368,1330,1335,1335,86,CC=F,Yahoo chart API continuous-futures proxy
2004-06-21,1325,1348,1325,1343,1343,57,CC=F,Yahoo chart API continuous-futures proxy
2004-06-22,1330,1336,1327,1336,1336,5,CC=F,Yahoo chart API continuous-futures proxy
2004-06-23,1342,1342,1329,1339,1339,17,CC=F,Yahoo chart API continuous-futures proxy
2004-06-24,1340,1340,1327,1329,1329,162,CC=F,Yahoo chart API continuous-futures proxy
2004-06-25,1325,1365,1325,1360,1360,10,CC=F,Yahoo chart API continuous-futures proxy
2004-06-28,1365,1390,1355,1378,1378,33,CC=F,Yahoo chart API continuous-futures proxy
2004-06-29,1370,1380,1360,1380,1380,3,CC=F,Yahoo chart API continuous-futures proxy
2004-06-30,1364,1370,1336,1336,1336,19,CC=F,Yahoo chart API continuous-futures proxy
2004-07-01,1329,1331,1328,1328,1328,13,CC=F,Yahoo chart API continuous-futures proxy
2004-07-02,1300,1312,1300,1312,1312,17,CC=F,Yahoo chart API continuous-futures proxy
2004-07-05,,,,,,,CC=F,Yahoo chart API continuous-futures proxy
2004-07-06,1340,1340,1338,1338,1338,0,CC=F,Yahoo chart API continuous-futures proxy
2004-07-07,1414,1414,1414,1414,1414,1,CC=F,Yahoo chart API continuous-futures proxy
2004-07-08,1461,1461,1420,1420,1420,20,CC=F,Yahoo chart API continuous-futures proxy
2004-07-09,1417,1417,1417,1417,1417,3,CC=F,Yahoo chart API continuous-futures proxy
2004-07-12,1425,1440,1425,1440,1440,3,CC=F,Yahoo chart API continuous-futures proxy
2004-07-13,1434,1443,1434,1442,1442,2,CC=F,Yahoo chart API continuous-futures proxy
2004-07-14,1458,1498,1458,1498,1498,0,CC=F,Yahoo chart API continuous-futures proxy
2004-07-15,1505,1543,1505,1541,1541,6924,CC=F,Yahoo chart API continuous-futures proxy
2004-07-16,1531,1545,1520,1528,1528,7493,CC=F,Yahoo chart API continuous-futures proxy
2004-07-19,1545,1572,1544,1566,1566,5066,CC=F,Yahoo chart API continuous-futures proxy
2004-07-20,1560,1570,1546,1550,1550,12462,CC=F,Yahoo chart API continuous-futures proxy
2004-07-21,1543,1606,1530,1604,1604,9215,CC=F,Yahoo chart API continuous-futures proxy
2004-07-22,1610,1625,1540,1622,1622,6540,CC=F,Yahoo chart API continuous-futures proxy
2004-07-23,1630,1639,1612,1620,1620,3639,CC=F,Yahoo chart API continuous-futures proxy
2004-07-26,1620,1620,1575,1594,1594,4606,CC=F,Yahoo chart API continuous-futures proxy
2004-07-27,1606,1616,1580,1604,1604,6265,CC=F,Yahoo chart API continuous-futures proxy
2004-07-28,1625,1662,1625,1658,1658,5728,CC=F,Yahoo chart API continuous-futures proxy
2004-07-29,1650,1672,1632,1663,1663,5406,CC=F,Yahoo chart API continuous-futures proxy
2004-07-30,1642,1660,1620,1645,1645,7720,CC=F,Yahoo chart API continuous-futures proxy
2004-08-02,1685,1705,1669,1692,1692,7261,CC=F,Yahoo chart API continuous-futures proxy
2004-08-03,1708,1732,1680,1723,1723,5959,CC=F,Yahoo chart API continuous-futures proxy
2004-08-04,1728,1738,1700,1727,1727,5348,CC=F,Yahoo chart API continuous-futures proxy
2004-08-05,1690,1709,1673,1703,1703,12924,CC=F,Yahoo chart API continuous-futures proxy
2004-08-06,1635,1648,1595,1610,1610,6455,CC=F,Yahoo chart API continuous-futures proxy
2004-08-09,1628,1634,1598,1615,1615,10531,CC=F,Yahoo chart API continuous-futures proxy
2004-08-10,1618,1660,1618,1653,1653,18843,CC=F,Yahoo chart API continuous-futures proxy
2004-08-11,1658,1664,1575,1581,1581,7233,CC=F,Yahoo chart API continuous-futures proxy
2004-08-12,1585,1638,1581,1616,1616,4682,CC=F,Yahoo chart API continuous-futures proxy
2004-08-13,1612,1633,1604,1627,1627,6326,CC=F,Yahoo chart API continuous-futures proxy
2004-08-16,1637,1638,1562,1574,1574,3448,CC=F,Yahoo chart API continuous-futures proxy
2004-08-17,1570,1593,1530,1577,1577,1432,CC=F,Yahoo chart API continuous-futures proxy
2004-08-18,1630,1650,1602,1608,1608,217,CC=F,Yahoo chart API continuous-futures proxy
2004-08-19,1660,1717,1650,1698,1698,57,CC=F,Yahoo chart API continuous-futures proxy
2004-08-20,1697,1730,1690,1713,1713,881,CC=F,Yahoo chart API continuous-futures proxy
2004-08-23,1700,1735,1688,1734,1734,82,CC=F,Yahoo chart API continuous-futures proxy
2004-08-24,1720,1720,1658,1679,1679,138,CC=F,Yahoo chart API continuous-futures proxy
2004-08-25,1660,1670,1645,1658,1658,109,CC=F,Yahoo chart API continuous-futures proxy
2004-08-26,1650,1695,1645,1685,1685,29,CC=F,Yahoo chart API continuous-futures proxy
2004-08-27,1700,1709,1690,1700,1700,21,CC=F,Yahoo chart API continuous-futures proxy
2004-08-30,1685,1709,1685,1709,1709,26,CC=F,Yahoo chart API continuous-futures proxy
2004-08-31,1687,1687,1650,1682,1682,199,CC=F,Yahoo chart API continuous-futures proxy
2004-09-01,1640,1640,1590,1591,1591,4,CC=F,Yahoo chart API continuous-futures proxy
2004-09-02,1589,1597,1580,1584,1584,29,CC=F,Yahoo chart API continuous-futures proxy
2004-09-03,1580,1580,1555,1567,1567,123,CC=F,Yahoo chart API continuous-futures proxy
2004-09-06,,,,,,,CC=F,Yahoo chart API continuous-futures proxy
2004-09-07,1550,1550,1473,1475,1475,17,CC=F,Yahoo chart API continuous-futures proxy
2004-09-08,1473,1484,1473,1484,1484,4,CC=F,Yahoo chart API continuous-futures proxy
2004-09-09,1475,1475,1472,1472,1472,23,CC=F,Yahoo chart API continuous-futures proxy
2004-09-10,1463,1465,1455,1455,1455,24,CC=F,Yahoo chart API continuous-futures proxy
2004-09-13,1470,1470,1436,1436,1436,3,CC=F,Yahoo chart API continuous-futures proxy
2004-09-14,1460,1462,1460,1461,1461,0,CC=F,Yahoo chart API continuous-futures proxy
2004-09-15,1460,1460,1460,1460,1460,4664,CC=F,Yahoo chart API continuous-futures proxy
2004-09-16,1470,1470,1448,1453,1453,3793,CC=F,Yahoo chart API continuous-futures proxy
2004-09-17,1458,1468,1452,1461,1461,3563,CC=F,Yahoo chart API continuous-futures proxy
2004-09-20,1469,1488,1462,1474,1474,3584,CC=F,Yahoo chart API continuous-futures proxy
2004-09-21,1469,1494,1466,1492,1492,5618,CC=F,Yahoo chart API continuous-futures proxy
2004-09-22,1526,1543,1511,1526,1526,3401,CC=F,Yahoo chart API continuous-futures proxy
2004-09-23,1527,1530,1500,1522,1522,5801,CC=F,Yahoo chart API continuous-futures proxy
2004-09-24,1515,1515,1445,1458,1458,3280,CC=F,Yahoo chart API continuous-futures proxy
2004-09-27,1458,1468,1450,1455,1455,3491,CC=F,Yahoo chart API continuous-futures proxy
2004-09-28,1455,1470,1443,1445,1445,7708,CC=F,Yahoo chart API continuous-futures proxy
2004-09-29,1438,1453,1431,1449,1449,6395,CC=F,Yahoo chart API continuous-futures proxy
2004-09-30,1455,1475,1439,1453,1453,3262,CC=F,Yahoo chart API continuous-futures proxy
2004-10-01,1440,1460,1438,1450,1450,5078,CC=F,Yahoo chart API continuous-futures proxy
2004-10-04,1443,1459,1422,1424,1424,4774,CC=F,Yahoo chart API continuous-futures proxy
2004-10-05,1411,1437,1410,1424,1424,4744,CC=F,Yahoo chart API continuous-futures proxy
2004-10-06,1415,1419,1402,1406,1406,5005,CC=F,Yahoo chart API continuous-futures proxy
2004-10-07,1396,1408,1390,1391,1391,4836,CC=F,Yahoo chart API continuous-futures proxy
2004-10-08,1410,1450,1404,1425,1425,4596,CC=F,Yahoo chart API continuous-futures proxy
2004-10-11,1431,1465,1422,1460,1460,4166,CC=F,Yahoo chart API continuous-futures proxy
2004-10-12,1445,1459,1426,1440,1440,2996,CC=F,Yahoo chart API continuous-futures proxy
2004-10-13,1440,1450,1427,1435,1435,5698,CC=F,Yahoo chart API continuous-futures proxy
2004-10-14,1451,1480,1444,1457,1457,3105,CC=F,Yahoo chart API continuous-futures proxy
2004-10-15,1452,1469,1440,1447,1447,2297,CC=F,Yahoo chart API continuous-futures proxy
2004-10-18,1447,1468,1446,1456,1456,5101,CC=F,Yahoo chart API continuous-futures proxy
2004-10-19,1470,1478,1434,1440,1440,3735,CC=F,Yahoo chart API continuous-futures proxy
2004-10-20,1432,1442,1424,1427,1427,3069,CC=F,Yahoo chart API continuous-futures proxy
2004-10-21,1432,1444,1431,1434,1434,3032,CC=F,Yahoo chart API continuous-futures proxy
2004-10-22,1448,1463,1442,1448,1448,1946,CC=F,Yahoo chart API continuous-futures proxy
2004-10-25,1448,1457,1442,1449,1449,2314,CC=F,Yahoo chart API continuous-futures proxy
2004-10-26,1448,1461,1446,1457,1457,3067,CC=F,Yahoo chart API continuous-futures proxy
2004-10-27,1477,1478,1465,1470,1470,4621,CC=F,Yahoo chart API continuous-futures proxy
2004-10-28,1483,1500,1481,1485,1485,5885,CC=F,Yahoo chart API continuous-futures proxy
2004-10-29,1498,1500,1455,1469,1469,5455,CC=F,Yahoo chart API continuous-futures proxy
2004-11-01,1469,1469,1451,1453,1453,3157,CC=F,Yahoo chart API continuous-futures proxy
2004-11-02,1456,1467,1451,1453,1453,8613,CC=F,Yahoo chart API continuous-futures proxy
2004-11-03,1462,1470,1453,1460,1460,14773,CC=F,Yahoo chart API continuous-futures proxy
2004-11-04,1520,1570,1518,1568,1568,17879,CC=F,Yahoo chart API continuous-futures proxy
2004-11-05,1580,1638,1572,1633,1633,16649,CC=F,Yahoo chart API continuous-futures proxy
2004-11-08,1810,1810,1756,1792,1792,12177,CC=F,Yahoo chart API continuous-futures proxy
2004-11-09,1740,1830,1725,1806,1806,9392,CC=F,Yahoo chart API continuous-futures proxy
2004-11-10,1820,1825,1695,1701,1701,7833,CC=F,Yahoo chart API continuous-futures proxy
2004-11-11,1692,1755,1691,1740,1740,7339,CC=F,Yahoo chart API continuous-futures proxy
2004-11-12,1732,1745,1665,1694,1694,245,CC=F,Yahoo chart API continuous-futures proxy
2004-11-15,1714,1755,1706,1751,1751,125,CC=F,Yahoo chart API continuous-futures proxy
2004-11-16,1740,1740,1682,1689,1689,135,CC=F,Yahoo chart API continuous-futures proxy
2004-11-17,1665,1665,1610,1616,1616,62,CC=F,Yahoo chart API continuous-futures proxy
2004-11-18,1625,1650,1611,1611,1611,66,CC=F,Yahoo chart API continuous-futures proxy
2004-11-19,1600,1625,1590,1602,1602,27,CC=F,Yahoo chart API continuous-futures proxy
2004-11-22,1590,1590,1562,1566,1566,12,CC=F,Yahoo chart API continuous-futures proxy
2004-11-23,1590,1593,1579,1593,1593,22,CC=F,Yahoo chart API continuous-futures proxy
2004-11-24,1580,1610,1580,1610,1610,24,CC=F,Yahoo chart API continuous-futures proxy
2004-11-25,,,,,,,CC=F,Yahoo chart API continuous-futures proxy
2004-11-26,,,,,,,CC=F,Yahoo chart API continuous-futures proxy
2004-11-29,1605,1605,1575,1595,1595,6,CC=F,Yahoo chart API continuous-futures proxy
2004-11-30,1640,1661,1640,1661,1661,9,CC=F,Yahoo chart API continuous-futures proxy
2004-12-01,1681,1690,1641,1690,1690,32,CC=F,Yahoo chart API continuous-futures proxy
2004-12-02,1695,1699,1672,1672,1672,82,CC=F,Yahoo chart API continuous-futures proxy
2004-12-03,1676,1745,1676,1745,1745,133,CC=F,Yahoo chart API continuous-futures proxy
2004-12-06,1758,1766,1754,1754,1754,10,CC=F,Yahoo chart API continuous-futures proxy
2004-12-07,1754,1754,1725,1737,1737,16,CC=F,Yahoo chart API continuous-futures proxy
2004-12-08,1710,1710,1650,1660,1660,0,CC=F,Yahoo chart API continuous-futures proxy
2004-12-09,1648,1648,1648,1648,1648,1,CC=F,Yahoo chart API continuous-futures proxy
2004-12-10,1660,1660,1660,1660,1660,1,CC=F,Yahoo chart API continuous-futures proxy
2004-12-13,1640,1647,1640,1647,1647,6,CC=F,Yahoo chart API continuous-futures proxy
2004-12-14,1656,1656,1613,1613,1613,0,CC=F,Yahoo chart API continuous-futures proxy
2004-12-15,1682,1682,1682,1682,1682,3574,CC=F,Yahoo chart API continuous-futures proxy
2004-12-16,1677,1680,1650,1654,1654,6091,CC=F,Yahoo chart API continuous-futures proxy
2004-12-17,1628,1628,1596,1600,1600,3538,CC=F,Yahoo chart API continuous-futures proxy
2004-12-20,1585,1600,1575,1591,1591,4025,CC=F,Yahoo chart API continuous-futures proxy
2004-12-21,1585,1590,1569,1572,1572,5170,CC=F,Yahoo chart API continuous-futures proxy
2004-12-22,1560,1601,1556,1587,1587,6557,CC=F,Yahoo chart API continuous-futures proxy
2004-12-23,1588,1588,1550,1552,1552,2856,CC=F,Yahoo chart API continuous-futures proxy
2004-12-24,,,,,,,CC=F,Yahoo chart API continuous-futures proxy
2004-12-27,1570,1570,1555,1564,1564,2794,CC=F,Yahoo chart API continuous-futures proxy
2004-12-28,1564,1588,1556,1561,1561,5401,CC=F,Yahoo chart API continuous-futures proxy
2004-12-29,1555,1574,1535,1539,1539,3975,CC=F,Yahoo chart API continuous-futures proxy
2004-12-30,1550,1570,1540,1547,1547,3607,CC=F,Yahoo chart API continuous-futures proxy
2004-12-31,,,,,,,CC=F,Yahoo chart API continuous-futures proxy
2005-01-03,1540,1554,1526,1527,1527,6174,CC=F,Yahoo chart API continuous-futures proxy
2005-01-04,1525,1534,1518,1523,1523,4551,CC=F,Yahoo chart API continuous-futures proxy
2005-01-05,1518,1540,1517,1526,1526,6444,CC=F,Yahoo chart API continuous-futures proxy
2005-01-06,1520,1526,1506,1514,1514,11023,CC=F,Yahoo chart API continuous-futures proxy
2005-01-07,1508,1511,1470,1473,1473,8392,CC=F,Yahoo chart API continuous-futures proxy
2005-01-10,1470,1489,1464,1466,1466,8281,CC=F,Yahoo chart API continuous-futures proxy
2005-01-11,1466,1482,1464,1468,1468,8582,CC=F,Yahoo chart API continuous-futures proxy
2005-01-12,1477,1502,1477,1486,1486,8353,CC=F,Yahoo chart API continuous-futures proxy
2005-01-13,1486,1515,1483,1505,1505,5542,CC=F,Yahoo chart API continuous-futures proxy
2005-01-14,1490,1513,1490,1500,1500,4725,CC=F,Yahoo chart API continuous-futures proxy
2005-01-17,,,,,,,CC=F,Yahoo chart API continuous-futures proxy
2005-01-18,1497,1507,1487,1496,1496,3620,CC=F,Yahoo chart API continuous-futures proxy
2005-01-19,1496,1510,1483,1499,1499,2971,CC=F,Yahoo chart API continuous-futures proxy
2005-01-20,1499,1512,1493,1498,1498,4361,CC=F,Yahoo chart API continuous-futures proxy
2005-01-21,1495,1496,1475,1486,1486,6216,CC=F,Yahoo chart API continuous-futures proxy
2005-01-24,1488,1530,1486,1526,1526,4682,CC=F,Yahoo chart API continuous-futures proxy
2005-01-25,1520,1536,1518,1527,1527,9496,CC=F,Yahoo chart API continuous-futures proxy
2005-01-26,1522,1583,1520,1575,1575,5684,CC=F,Yahoo chart API continuous-futures proxy
2005-01-27,1580,1596,1565,1577,1577,4212,CC=F,Yahoo chart API continuous-futures proxy
2005-01-28,1577,1586,1560,1562,1562,7409,CC=F,Yahoo chart API continuous-futures proxy
2005-01-31,1540,1558,1523,1525,1525,7519,CC=F,Yahoo chart API continuous-futures proxy
2005-02-01,1532,1567,1530,1561,1561,8606,CC=F,Yahoo chart API continuous-futures proxy
2005-02-02,1575,1606,1575,1603,1603,10135,CC=F,Yahoo chart API continuous-futures proxy
2005-02-03,1590,1609,1580,1594,1594,5730,CC=F,Yahoo chart API continuous-futures proxy
2005-02-04,1585,1587,1562,1576,1576,9694,CC=F,Yahoo chart API continuous-futures proxy
2005-02-07,1570,1621,1558,1615,1615,10116,CC=F,Yahoo chart API continuous-futures proxy
2005-02-08,1608,1609,1578,1594,1594,7359,CC=F,Yahoo chart API continuous-futures proxy
2005-02-09,1590,1598,1530,1534,1534,6972,CC=F,Yahoo chart API continuous-futures proxy
2005-02-10,1545,1560,1535,1559,1559,6415,CC=F,Yahoo chart API continuous-futures proxy
2005-02-11,1567,1573,1548,1550,1550,1043,CC=F,Yahoo chart API continuous-futures proxy
2005-02-14,1558,1569,1532,1543,1543,411,CC=F,Yahoo chart API continuous-futures proxy
2005-02-15,1542,1580,1542,1570,1570,192,CC=F,Yahoo chart API continuous-futures proxy
2005-02-16,1562,1580,1556,1565,1565,79,CC=F,Yahoo chart API continuous-futures proxy
2005-02-17,1560,1598,1560,1596,1596,89,CC=F,Yahoo chart API continuous-futures proxy
2005-02-18,1601,1610,1588,1603,1603,81,CC=F,Yahoo chart API continuous-futures proxy
2005-02-21,,,,,,,CC=F,Yahoo chart API continuous-futures proxy
2005-02-22,1596,1596,1566,1592,1592,34,CC=F,Yahoo chart API continuous-futures proxy
2005-02-23,1588,1612,1585,1610,1610,30,CC=F,Yahoo chart API continuous-futures proxy
2005-02-24,1615,1641,1605,1641,1641,2,CC=F,Yahoo chart API continuous-futures proxy
2005-02-25,1620,1635,1620,1635,1635,46,CC=F,Yahoo chart API continuous-futures proxy
2005-02-28,1645,1724,1645,1715,1715,131,CC=F,Yahoo chart API continuous-futures proxy
2005-03-01,1705,1735,1705,1735,1735,1,CC=F,Yahoo chart API continuous-futures proxy
2005-03-02,1678,1703,1678,1703,1703,3,CC=F,Yahoo chart API continuous-futures proxy
2005-03-03,1710,1710,1710,1710,1710,6,CC=F,Yahoo chart API continuous-futures proxy
2005-03-04,1703,1745,1703,1740,1740,2,CC=F,Yahoo chart API continuous-futures proxy
2005-03-07,1757,1757,1756,1756,1756,4,CC=F,Yahoo chart API continuous-futures proxy
2005-03-08,1763,1763,1749,1749,1749,21,CC=F,Yahoo chart API continuous-futures proxy
2005-03-09,1723,1723,1723,1723,1723,4,CC=F,Yahoo chart API continuous-futures proxy
2005-03-10,1715,1740,1715,1740,1740,1,CC=F,Yahoo chart API continuous-futures proxy
2005-03-11,1810,1810,1791,1791,1791,12,CC=F,Yahoo chart API continuous-futures proxy
2005-03-14,1785,1785,1768,1773,1773,0,CC=F,Yahoo chart API continuous-futures proxy
2005-03-15,1782,1785,1782,1785,1785,6608,CC=F,Yahoo chart API continuous-futures proxy
2005-03-16,1785,1835,1773,1829,1829,4787,CC=F,Yahoo chart API continuous-futures proxy
2005-03-17,1840,1850,1815,1830,1830,3698,CC=F,Yahoo chart API continuous-futures proxy
2005-03-18,1837,1849,1825,1844,1844,9634,CC=F,Yahoo chart API continuous-futures proxy
2005-03-21,1820,1830,1725,1733,1733,3752,CC=F,Yahoo chart API continuous-futures proxy
2005-03-22,1725,1748,1723,1731,1731,19589,CC=F,Yahoo chart API continuous-futures proxy
2005-03-23,1635,1641,1575,1588,1588,12358,CC=F,Yahoo chart API continuous-futures proxy
2005-03-24,1570,1588,1560,1584,1584,3378,CC=F,Yahoo chart API continuous-futures proxy
2005-03-25,,,,,,,CC=F,Yahoo chart API continuous-futures proxy
2005-03-28,1570,1580,1561,1570,1570,4322,CC=F,Yahoo chart API continuous-futures proxy
2005-03-29,1580,1593,1576,1581,1581,4250,CC=F,Yahoo chart API continuous-futures proxy
2005-03-30,1576,1587,1571,1579,1579,6128,CC=F,Yahoo chart API continuous-futures proxy
2005-03-31,1605,1626,1602,1613,1613,12025,CC=F,Yahoo chart API continuous-futures proxy
2005-04-01,1636,1669,1558,1571,1571,5007,CC=F,Yahoo chart API continuous-futures proxy
2005-04-04,1560,1595,1560,1588,1588,7685,CC=F,Yahoo chart API continuous-futures proxy
2005-04-05,1570,1577,1553,1555,1555,16829,CC=F,Yahoo chart API continuous-futures proxy
2005-04-06,1525,1570,1510,1555,1555,5640,CC=F,Yahoo chart API continuous-futures proxy
2005-04-07,1548,1574,1530,1552,1552,3920,CC=F,Yahoo chart API continuous-futures proxy
2005-04-08,1540,1568,1538,1565,1565,5370,CC=F,Yahoo chart API continuous-futures proxy
2005-04-11,1570,1572,1536,1540,1540,6938,CC=F,Yahoo chart API continuous-futures proxy
2005-04-12,1545,1560,1530,1555,1555,3986,CC=F,Yahoo chart API continuous-futures proxy
2005-04-13,1555,1564,1545,1555,1555,6050,CC=F,Yahoo chart API continuous-futures proxy
2005-04-14,1541,1547,1508,1515,1515,7530,CC=F,Yahoo chart API continuous-futures proxy
2005-04-15,1510,1515,1483,1495,1495,531,CC=F,Yahoo chart API continuous-futures proxy
2005-04-18,1500,1505,1480,1494,1494,269,CC=F,Yahoo chart API continuous-futures proxy
2005-04-19,1500,1525,1495,1516,1516,59,CC=F,Yahoo chart API continuous-futures proxy
2005-04-20,1506,1538,1505,1529,1529,103,CC=F,Yahoo chart API continuous-futures proxy
2005-04-21,1529,1529,1501,1505,1505,34,CC=F,Yahoo chart API continuous-futures proxy
2005-04-22,1495,1499,1457,1473,1473,4,CC=F,Yahoo chart API continuous-futures proxy
2005-04-25,1472,1472,1450,1453,1453,48,CC=F,Yahoo chart API continuous-futures proxy
2005-04-26,1460,1465,1443,1443,1443,16,CC=F,Yahoo chart API continuous-futures proxy
2005-04-27,1443,1478,1443,1467,1467,5,CC=F,Yahoo chart API continuous-futures proxy
2005-04-28,1474,1474,1455,1455,1455,5,CC=F,Yahoo chart API continuous-futures proxy
2005-04-29,1475,1493,1459,1459,1459,0,CC=F,Yahoo chart API continuous-futures proxy
2005-05-02,1475,1475,1475,1475,1475,2,CC=F,Yahoo chart API continuous-futures proxy
2005-05-03,1480,1480,1462,1462,1462,1,CC=F,Yahoo chart API continuous-futures proxy
2005-05-04,1462,1468,1462,1468,1468,2,CC=F,Yahoo chart API continuous-futures proxy
2005-05-05,1468,1468,1452,1452,1452,0,CC=F,Yahoo chart API continuous-futures proxy
2005-05-06,1456,1456,1456,1456,1456,0,CC=F,Yahoo chart API continuous-futures proxy
2005-05-09,1461,1461,1461,1461,1461,0,CC=F,Yahoo chart API continuous-futures proxy
2005-05-10,1469,1469,1469,1469,1469,2,CC=F,Yahoo chart API continuous-futures proxy
2005-05-11,1478,1478,1463,1463,1463,0,CC=F,Yahoo chart API continuous-futures proxy
2005-05-12,1444,1444,1444,1444,1444,0,CC=F,Yahoo chart API continuous-futures proxy
2005-05-13,1402,1402,1402,1402,1402,5306,CC=F,Yahoo chart API continuous-futures proxy
2005-05-16,1420,1454,1417,1451,1451,3514,CC=F,Yahoo chart API continuous-futures proxy
2005-05-17,1448,1449,1435,1438,1438,3246,CC=F,Yahoo chart API continuous-futures proxy
2005-05-18,1445,1458,1441,1453,1453,3874,CC=F,Yahoo chart API continuous-futures proxy
2005-05-19,1458,1469,1435,1446,1446,2748,CC=F,Yahoo chart API continuous-futures proxy
2005-05-20,1440,1450,1432,1440,1440,2512,CC=F,Yahoo chart API continuous-futures proxy
2005-05-23,1457,1463,1452,1459,1459,4381,CC=F,Yahoo chart API continuous-futures proxy
2005-05-24,1466,1468,1434,1436,1436,3796,CC=F,Yahoo chart API continuous-futures proxy
2005-05-25,1440,1450,1427,1429,1429,4300,CC=F,Yahoo chart API continuous-futures proxy
2005-05-26,1415,1427,1413,1415,1415,3623,CC=F,Yahoo chart API continuous-futures proxy
2005-05-27,1417,1431,1412,1412,1412,5208,CC=F,Yahoo chart API continuous-futures proxy
2005-05-30,,,,,,,CC=F,Yahoo chart API continuous-futures proxy
2005-05-31,1415,1425,1415,1422,1422,9462,CC=F,Yahoo chart API continuous-futures proxy
2005-06-01,1412,1416,1392,1394,1394,6118,CC=F,Yahoo chart API continuous-futures proxy
2005-06-02,1408,1423,1403,1420,1420,7788,CC=F,Yahoo chart API continuous-futures proxy
2005-06-03,1433,1445,1419,1429,1429,5522,CC=F,Yahoo chart API continuous-futures proxy
2005-06-06,1425,1432,1408,1421,1421,6029,CC=F,Yahoo chart API continuous-futures proxy
2005-06-07,1427,1438,1417,1435,1435,11183,CC=F,Yahoo chart API continuous-futures proxy
2005-06-08,1435,1451,1429,1431,1431,11965,CC=F,Yahoo chart API continuous-futures proxy
2005-06-09,1421,1448,1410,1421,1421,6894,CC=F,Yahoo chart API continuous-futures proxy
2005-06-10,1425,1428,1405,1407,1407,8425,CC=F,Yahoo chart API continuous-futures proxy
2005-06-13,1400,1423,1397,1413,1413,6645,CC=F,Yahoo chart API continuous-futures proxy
2005-06-14,1422,1487,1422,1484,1484,4725,CC=F,Yahoo chart API continuous-futures proxy
2005-06-15,1520,1548,1508,1545,1545,5366,CC=F,Yahoo chart API continuous-futures proxy
2005-06-16,1535,1538,1501,1526,1526,3300,CC=F,Yahoo chart API continuous-futures proxy
2005-06-17,1512,1546,1512,1534,1534,679,CC=F,Yahoo chart API continuous-futures proxy
2005-06-20,1530,1542,1523,1523,1523,179,CC=F,Yahoo chart API continuous-futures proxy
2005-06-21,1526,1537,1521,1537,1537,387,CC=F,Yahoo chart API continuous-futures proxy
2005-06-22,1558,1570,1554,1561,1561,75,CC=F,Yahoo chart API continuous-futures proxy
2005-06-23,1550,1572,1550,1565,1565,42,CC=F,Yahoo chart API continuous-futures proxy
2005-06-24,1567,1575,1517,1517,1517,77,CC=F,Yahoo chart API continuous-futures proxy
2005-06-27,1510,1530,1507,1530,1530,33,CC=F,Yahoo chart API continuous-futures proxy
2005-06-28,1530,1530,1499,1499,1499,141,CC=F,Yahoo chart API continuous-futures proxy
2005-06-29,1487,1487,1485,1485,1485,15,CC=F,Yahoo chart API continuous-futures proxy
2005-06-30,1484,1484,1440,1440,1440,30,CC=F,Yahoo chart API continuous-futures proxy
2005-07-01,1453,1453,1439,1439,1439,0,CC=F,Yahoo chart API continuous-futures proxy
2005-07-04,,,,,,,CC=F,Yahoo chart API continuous-futures proxy
2005-07-05,1418,1418,1418,1418,1418,13,CC=F,Yahoo chart API continuous-futures proxy
2005-07-06,1419,1419,1391,1391,1391,428,CC=F,Yahoo chart API continuous-futures proxy
2005-07-07,1372,1372,1372,1372,1372,12,CC=F,Yahoo chart API continuous-futures proxy
2005-07-08,1372,1378,1372,1378,1378,7,CC=F,Yahoo chart API continuous-futures proxy
2005-07-11,1392,1392,1392,1392,1392,10,CC=F,Yahoo chart API continuous-futures proxy
2005-07-12,1385,1406,1385,1398,1398,0,CC=F,Yahoo chart API continuous-futures proxy
2005-07-13,1389,1389,1389,1389,1389,0,CC=F,Yahoo chart API continuous-futures proxy
2005-07-14,1394,1394,1394,1394,1394,3626,CC=F,Yahoo chart API continuous-futures proxy
2005-07-15,1408,1417,1401,1405,1405,4569,CC=F,Yahoo chart API continuous-futures proxy
2005-07-18,1415,1444,1412,1439,1439,3509,CC=F,Yahoo chart API continuous-futures proxy
2005-07-19,1435,1442,1419,1425,1425,0,CC=F,Yahoo chart API continuous-futures proxy
2005-07-20,1430,1443,1401,1404,1404,4529,CC=F,Yahoo chart API continuous-futures proxy
2005-07-21,1415,1424,1391,1407,1407,1848,CC=F,Yahoo chart API continuous-futures proxy
2005-07-22,1417,1419,1398,1407,1407,3471,CC=F,Yahoo chart API continuous-futures proxy
2005-07-25,1415,1440,1412,1420,1420,2966,CC=F,Yahoo chart API continuous-futures proxy
2005-07-26,1420,1438,1420,1437,1437,7172,CC=F,Yahoo chart API continuous-futures proxy
2005-07-27,1442,1463,1442,1458,1458,4056,CC=F,Yahoo chart API continuous-futures proxy
2005-07-28,1470,1472,1444,1453,1453,7056,CC=F,Yahoo chart API continuous-futures proxy
2005-07-29,1455,1480,1451,1479,1479,5331,CC=F,Yahoo chart API continuous-futures proxy
2005-08-01,1489,1489,1467,1482,1482,5402,CC=F,Yahoo chart API continuous-futures proxy
2005-08-02,1480,1500,1475,1498,1498,4390,CC=F,Yahoo chart API continuous-futures proxy
2005-08-03,1495,1505,1481,1491,1491,5061,CC=F,Yahoo chart API continuous-futures proxy
2005-08-04,1495,1502,1475,1479,1479,7653,CC=F,Yahoo chart API continuous-futures proxy
2005-08-05,1450,1469,1445,1455,1455,7545,CC=F,Yahoo chart API continuous-futures proxy
2005-08-08,1460,1463,1428,1430,1430,8164,CC=F,Yahoo chart API continuous-futures proxy
2005-08-09,1425,1425,1398,1402,1402,9341,CC=F,Yahoo chart API continuous-futures proxy
2005-08-10,1408,1413,1396,1399,1399,8510,CC=F,Yahoo chart API continuous-futures proxy
2005-08-11,1379,1390,1355,1356,1356,3356,CC=F,Yahoo chart API continuous-futures proxy
2005-08-12,1356,1360,1338,1343,1343,5399,CC=F,Yahoo chart API continuous-futures proxy
2005-08-15,1356,1356,1333,1337,1337,6265,CC=F,Yahoo chart API continuous-futures proxy
2005-08-16,1340,1355,1339,1341,1341,6760,CC=F,Yahoo chart API continuous-futures proxy
2005-08-17,1340,1342,1316,1318,1318,587,CC=F,Yahoo chart API continuous-futures proxy
2005-08-18,1325,1354,1325,1348,1348,146,CC=F,Yahoo chart API continuous-futures proxy
2005-08-19,1358,1365,1341,1349,1349,76,CC=F,Yahoo chart API continuous-futures proxy
2005-08-22,1355,1369,1345,1368,1368,26,CC=F,Yahoo chart API continuous-futures proxy
2005-08-23,1380,1387,1360,1360,1360,17,CC=F,Yahoo chart API continuous-futures proxy
2005-08-24,1380,1380,1365,1367,1367,13,CC=F,Yahoo chart API continuous-futures proxy
2005-08-25,1382,1383,1349,1349,1349,9,CC=F,Yahoo chart API continuous-futures proxy
2005-08-26,1370,1374,1363,1374,1374,8,CC=F,Yahoo chart API continuous-futures proxy
2005-08-29,1373,1380,1365,1365,1365,10,CC=F,Yahoo chart API continuous-futures proxy
2005-08-30,1355,1355,1348,1352,1352,10,CC=F,Yahoo chart API continuous-futures proxy
2005-08-31,1370,1370,1344,1350,1350,20,CC=F,Yahoo chart API continuous-futures proxy
2005-09-01,1364,1442,1350,1442,1442,5,CC=F,Yahoo chart API continuous-futures proxy
2005-09-02,1502,1502,1485,1496,1496,5,CC=F,Yahoo chart API continuous-futures proxy
2005-09-05,,,,,,,CC=F,Yahoo chart API continuous-futures proxy
2005-09-06,1460,1480,1460,1480,1480,0,CC=F,Yahoo chart API continuous-futures proxy
2005-09-07,1489,1489,1489,1489,1489,0,CC=F,Yahoo chart API continuous-futures proxy
2005-09-08,1519,1519,1519,1519,1519,5,CC=F,Yahoo chart API continuous-futures proxy
2005-09-09,1495,1495,1476,1476,1476,0,CC=F,Yahoo chart API continuous-futures proxy
2005-09-12,1428,1428,1428,1428,1428,3,CC=F,Yahoo chart API continuous-futures proxy
2005-09-13,1390,1390,1390,1390,1390,0,CC=F,Yahoo chart API continuous-futures proxy
2005-09-14,1368,1368,1368,1368,1368,0,CC=F,Yahoo chart API continuous-futures proxy
2005-09-15,1355,1355,1355,1355,1355,6843,CC=F,Yahoo chart API continuous-futures proxy
2005-09-16,1405,1412,1384,1385,1385,6616,CC=F,Yahoo chart API continuous-futures proxy
2005-09-19,1360,1375,1356,1371,1371,6929,CC=F,Yahoo chart API continuous-futures proxy
2005-09-20,1375,1388,1367,1375,1375,7995,CC=F,Yahoo chart API continuous-futures proxy
2005-09-21,1385,1395,1351,1352,1352,6217,CC=F,Yahoo chart API continuous-futures proxy
2005-09-22,1354,1360,1337,1342,1342,3508,CC=F,Yahoo chart API continuous-futures proxy
2005-09-23,1340,1359,1338,1350,1350,4571,CC=F,Yahoo chart API continuous-futures proxy
2005-09-26,1340,1341,1328,1335,1335,5387,CC=F,Yahoo chart API continuous-futures proxy
2005-09-27,1330,1355,1330,1351,1351,6625,CC=F,Yahoo chart API continuous-futures proxy
2005-09-28,1353,1377,1353,1373,1373,8805,CC=F,Yahoo chart API continuous-futures proxy
2005-09-29,1413,1440,1393,1434,1434,7668,CC=F,Yahoo chart API continuous-futures proxy
2005-09-30,1429,1444,1408,1413,1413,5719,CC=F,Yahoo chart API continuous-futures proxy
2005-10-03,1393,1411,1388,1401,1401,3221,CC=F,Yahoo chart API continuous-futures proxy
2005-10-04,1402,1405,1381,1383,1383,4736,CC=F,Yahoo chart API continuous-futures proxy
2005-10-05,1410,1417,1385,1388,1388,3870,CC=F,Yahoo chart API continuous-futures proxy
2005-10-06,1380,1408,1378,1392,1392,5404,CC=F,Yahoo chart API continuous-futures proxy
2005-10-07,1385,1389,1363,1367,1367,3363,CC=F,Yahoo chart API continuous-futures proxy
2005-10-10,1370,1373,1351,1356,1356,3564,CC=F,Yahoo chart API continuous-futures proxy
2005-10-11,1370,1372,1351,1356,1356,4260,CC=F,Yahoo chart API continuous-futures proxy
2005-10-12,1350,1358,1347,1349,1349,5323,CC=F,Yahoo chart API continuous-futures proxy
2005-10-13,1352,1373,1352,1369,1369,8628,CC=F,Yahoo chart API continuous-futures proxy
2005-10-14,1390,1416,1385,1408,1408,6413,CC=F,Yahoo chart API continuous-futures proxy
2005-10-17,1381,1388,1365,1367,1367,5852,CC=F,Yahoo chart API continuous-futures proxy
2005-10-18,1370,1392,1370,1386,1386,4590,CC=F,Yahoo chart API continuous-futures proxy
2005-10-19,1395,1405,1386,1392,1392,5967,CC=F,Yahoo chart API continuous-futures proxy
2005-10-20,1385,1399,1364,1367,1367,5399,CC=F,Yahoo chart API continuous-futures proxy
2005-10-21,1366,1382,1356,1366,1366,8817,CC=F,Yahoo chart API continuous-futures proxy
2005-10-24,1370,1412,1369,1408,1408,4693,CC=F,Yahoo chart API continuous-futures proxy
2005-10-25,1400,1408,1388,1403,1403,9816,CC=F,Yahoo chart API continuous-futures proxy
2005-10-26,1400,1423,1395,1418,1418,4469,CC=F,Yahoo chart API continuous-futures proxy
2005-10-27,1420,1428,1407,1415,1415,8801,CC=F,Yahoo chart API continuous-futures proxy
2005-10-28,1405,1405,1371,1382,1382,9071,CC=F,Yahoo chart API continuous-futures proxy
2005-10-31,1367,1372,1349,1351,1351,4817,CC=F,Yahoo chart API continuous-futures proxy
2005-11-01,1360,1371,1352,1368,1368,3891,CC=F,Yahoo chart API continuous-futures proxy
2005-11-02,1365,1378,1357,1369,1369,6370,CC=F,Yahoo chart API continuous-futures proxy
2005-11-03,1373,1380,1366,1376,1376,11194,CC=F,Yahoo chart API continuous-futures proxy
2005-11-04,1360,1362,1337,1344,1344,12653,CC=F,Yahoo chart API continuous-futures proxy
2005-11-07,1339,1340,1320,1322,1322,12653,CC=F,Yahoo chart API continuous-futures proxy
2005-11-08,1326,1336,1319,1334,1334,8069,CC=F,Yahoo chart API continuous-futures proxy
2005-11-09,1337,1344,1334,1341,1341,8644,CC=F,Yahoo chart API continuous-futures proxy
2005-11-10,1342,1360,1340,1349,1349,12211,CC=F,Yahoo chart API continuous-futures proxy
2005-11-11,1335,1338,1315,1321,1321,9420,CC=F,Yahoo chart API continuous-futures proxy
2005-11-14,1320,1333,1317,1327,1327,2719,CC=F,Yahoo chart API continuous-futures proxy
2005-11-15,1332,1363,1332,1337,1337,805,CC=F,Yahoo chart API continuous-futures proxy
2005-11-16,1340,1358,1337,1352,1352,124,CC=F,Yahoo chart API continuous-futures proxy
2005-11-17,1355,1361,1345,1357,1357,454,CC=F,Yahoo chart API continuous-futures proxy
2005-11-18,1395,1425,1386,1425,1425,163,CC=F,Yahoo chart API continuous-futures proxy
2005-11-21,1445,1450,1397,1414,1414,44,CC=F,Yahoo chart API continuous-futures proxy
2005-11-22,1405,1426,1405,1425,1425,9,CC=F,Yahoo chart API continuous-futures proxy
2005-11-23,1440,1440,1408,1410,1410,20,CC=F,Yahoo chart API continuous-futures proxy
2005-11-24,,,,,,,CC=F,Yahoo chart API continuous-futures proxy
2005-11-25,,,,,,,CC=F,Yahoo chart API continuous-futures proxy
2005-11-28,1395,1420,1390,1409,1409,216,CC=F,Yahoo chart API continuous-futures proxy
2005-11-29,1398,1410,1396,1403,1403,62,CC=F,Yahoo chart API continuous-futures proxy
2005-11-30,1412,1416,1408,1408,1408,10,CC=F,Yahoo chart API continuous-futures proxy
2005-12-01,1444,1468,1444,1460,1460,66,CC=F,Yahoo chart API continuous-futures proxy
2005-12-02,1460,1474,1460,1473,1473,118,CC=F,Yahoo chart API continuous-futures proxy
2005-12-05,1445,1450,1433,1433,1433,7,CC=F,Yahoo chart API continuous-futures proxy
2005-12-06,1415,1420,1415,1418,1418,1,CC=F,Yahoo chart API continuous-futures proxy
2005-12-07,1425,1438,1425,1438,1438,5,CC=F,Yahoo chart API continuous-futures proxy
2005-12-08,1454,1454,1454,1454,1454,14,CC=F,Yahoo chart API continuous-futures proxy
2005-12-09,1450,1457,1450,1457,1457,47,CC=F,Yahoo chart API continuous-futures proxy
2005-12-12,1490,1500,1484,1484,1484,8,CC=F,Yahoo chart API continuous-futures proxy
2005-12-13,1487,1487,1485,1485,1485,0,CC=F,Yahoo chart API continuous-futures proxy
2005-12-14,1465,1465,1465,1465,1465,4190,CC=F,Yahoo chart API continuous-futures proxy
2005-12-15,1453,1474,1445,1468,1468,3285,CC=F,Yahoo chart API continuous-futures proxy
2005-12-16,1470,1480,1456,1461,1461,4040,CC=F,Yahoo chart API continuous-futures proxy
2005-12-19,1450,1451,1436,1439,1439,6123,CC=F,Yahoo chart API continuous-futures proxy
2005-12-20,1440,1454,1427,1448,1448,2388,CC=F,Yahoo chart API continuous-futures proxy
2005-12-21,1450,1460,1442,1450,1450,3965,CC=F,Yahoo chart API continuous-futures proxy
2005-12-22,1462,1482,1455,1478,1478,2052,CC=F,Yahoo chart API continuous-futures proxy
2005-12-23,1475,1475,1459,1463,1463,3256,CC=F,Yahoo chart API continuous-futures proxy
2005-12-26,,,,,,,CC=F,Yahoo chart API continuous-futures proxy
2005-12-27,1464,1465,1442,1445,1445,3444,CC=F,Yahoo chart API continuous-futures proxy
2005-12-28,1447,1475,1437,1469,1469,9100,CC=F,Yahoo chart API continuous-futures proxy
2005-12-29,1470,1505,1470,1501,1501,7332,CC=F,Yahoo chart API continuous-futures proxy
2005-12-30,1505,1525,1498,1504,1504,7995,CC=F,Yahoo chart API continuous-futures proxy
2006-01-02,,,,,,,CC=F,Yahoo chart API continuous-futures proxy
2006-01-03,1515,1548,1513,1546,1546,7528,CC=F,Yahoo chart API continuous-futures proxy
2006-01-04,1540,1554,1532,1544,1544,7636,CC=F,Yahoo chart API continuous-futures proxy
2006-01-05,1525,1530,1515,1519,1519,8288,CC=F,Yahoo chart API continuous-futures proxy
2006-01-06,1503,1554,1499,1551,1551,7597,CC=F,Yahoo chart API continuous-futures proxy
2006-01-09,1545,1554,1501,1505,1505,4600,CC=F,Yahoo chart API continuous-futures proxy
2006-01-10,1518,1528,1506,1519,1519,4987,CC=F,Yahoo chart API continuous-futures proxy
2006-01-11,1523,1528,1506,1518,1518,4583,CC=F,Yahoo chart API continuous-futures proxy
2006-01-12,1530,1536,1515,1527,1527,0,CC=F,Yahoo chart API continuous-futures proxy
2006-01-13,1525,1529,1515,1518,1518,10982,CC=F,Yahoo chart API continuous-futures proxy
2006-01-16,,,,,,,CC=F,Yahoo chart API continuous-futures proxy
2006-01-17,1548,1580,1544,1571,1571,8853,CC=F,Yahoo chart API continuous-futures proxy
2006-01-18,1585,1600,1568,1598,1598,7952,CC=F,Yahoo chart API continuous-futures proxy
2006-01-19,1542,1562,1530,1553,1553,7035,CC=F,Yahoo chart API continuous-futures proxy
2006-01-20,1525,1575,1520,1548,1548,3929,CC=F,Yahoo chart API continuous-futures proxy
2006-01-23,1560,1566,1530,1531,1531,16732,CC=F,Yahoo chart API continuous-futures proxy
2006-01-24,1510,1510,1446,1451,1451,7705,CC=F,Yahoo chart API continuous-futures proxy
2006-01-25,1472,1472,1445,1465,1465,4302,CC=F,Yahoo chart API continuous-futures proxy
2006-01-26,1472,1486,1456,1485,1485,5537,CC=F,Yahoo chart API continuous-futures proxy
2006-01-27,1478,1494,1452,1455,1455,8237,CC=F,Yahoo chart API continuous-futures proxy
2006-01-30,1445,1480,1443,1477,1477,8938,CC=F,Yahoo chart API continuous-futures proxy
2006-01-31,1475,1497,1470,1484,1484,8491,CC=F,Yahoo chart API continuous-futures proxy
2006-02-01,1480,1496,1460,1467,1467,6366,CC=F,Yahoo chart API continuous-futures proxy
2006-02-02,1470,1475,1451,1453,1453,10551,CC=F,Yahoo chart API continuous-futures proxy
2006-02-03,1460,1495,1458,1474,1474,5826,CC=F,Yahoo chart API continuous-futures proxy
2006-02-06,1466,1488,1461,1476,1476,11007,CC=F,Yahoo chart API continuous-futures proxy
2006-02-07,1486,1523,1485,1517,1517,9093,CC=F,Yahoo chart API continuous-futures proxy
2006-02-08,1515,1527,1501,1522,1522,11469,CC=F,Yahoo chart API continuous-futures proxy
2006-02-09,1518,1532,1508,1520,1520,11563,CC=F,Yahoo chart API continuous-futures proxy
2006-02-10,1520,1543,1515,1520,1520,12661,CC=F,Yahoo chart API continuous-futures proxy
2006-02-13,1505,1510,1487,1491,1491,1082,CC=F,Yahoo chart API continuous-futures proxy
2006-02-14,1490,1520,1490,1508,1508,222,CC=F,Yahoo chart API continuous-futures proxy
2006-02-15,1518,1518,1492,1495,1495,203,CC=F,Yahoo chart API continuous-futures proxy
2006-02-16,1490,1510,1485,1487,1487,64,CC=F,Yahoo chart API continuous-futures proxy
2006-02-17,1485,1495,1485,1485,1485,270,CC=F,Yahoo chart API continuous-futures proxy
2006-02-20,,,,,,,CC=F,Yahoo chart API continuous-futures proxy
2006-02-21,1485,1485,1444,1444,1444,60,CC=F,Yahoo chart API continuous-futures proxy
2006-02-22,1464,1478,1448,1476,1476,37,CC=F,Yahoo chart API continuous-futures proxy
2006-02-23,1473,1477,1448,1448,1448,93,CC=F,Yahoo chart API continuous-futures proxy
2006-02-24,1449,1460,1447,1447,1447,42,CC=F,Yahoo chart API continuous-futures proxy
2006-02-27,1454,1454,1424,1424,1424,18,CC=F,Yahoo chart API continuous-futures proxy
2006-02-28,1427,1450,1411,1450,1450,6,CC=F,Yahoo chart API continuous-futures proxy
2006-03-01,1435,1438,1431,1434,1434,9,CC=F,Yahoo chart API continuous-futures proxy
2006-03-02,1455,1455,1425,1425,1425,6,CC=F,Yahoo chart API continuous-futures proxy
2006-03-03,1425,1437,1425,1437,1437,10,CC=F,Yahoo chart API continuous-futures proxy
2006-03-06,1450,1450,1443,1445,1445,5,CC=F,Yahoo chart API continuous-futures proxy
2006-03-07,1415,1435,1410,1435,1435,0,CC=F,Yahoo chart API continuous-futures proxy
2006-03-08,1475,1475,1475,1475,1475,7,CC=F,Yahoo chart API continuous-futures proxy
2006-03-09,1465,1475,1460,1475,1475,4,CC=F,Yahoo chart API continuous-futures proxy
2006-03-10,1488,1488,1448,1454,1454,1,CC=F,Yahoo chart API continuous-futures proxy
2006-03-13,1454,1454,1428,1428,1428,0,CC=F,Yahoo chart API continuous-futures proxy
2006-03-14,1424,1424,1424,1424,1424,0,CC=F,Yahoo chart API continuous-futures proxy
2006-03-15,1469,1469,1469,1469,1469,0,CC=F,Yahoo chart API continuous-futures proxy
2006-03-16,1461,1461,1461,1461,1461,6043,CC=F,Yahoo chart API continuous-futures proxy
2006-03-17,1520,1523,1490,1510,1510,5390,CC=F,Yahoo chart API continuous-futures proxy
2006-03-20,1505,1508,1486,1489,1489,3879,CC=F,Yahoo chart API continuous-futures proxy
2006-03-21,1490,1508,1482,1504,1504,3540,CC=F,Yahoo chart API continuous-futures proxy
2006-03-22,1498,1510,1492,1505,1505,5339,CC=F,Yahoo chart API continuous-futures proxy
2006-03-23,1509,1515,1480,1487,1487,4354,CC=F,Yahoo chart API continuous-futures proxy
2006-03-24,1490,1500,1476,1490,1490,3915,CC=F,Yahoo chart API continuous-futures proxy
2006-03-27,1490,1502,1481,1484,1484,4447,CC=F,Yahoo chart API continuous-futures proxy
2006-03-28,1475,1488,1471,1482,1482,4269,CC=F,Yahoo chart API continuous-futures proxy
2006-03-29,1476,1497,1475,1487,1487,9176,CC=F,Yahoo chart API continuous-futures proxy
2006-03-30,1493,1513,1491,1509,1509,11234,CC=F,Yahoo chart API continuous-futures proxy
2006-03-31,1503,1506,1481,1489,1489,7214,CC=F,Yahoo chart API continuous-futures proxy
2006-04-03,1485,1505,1485,1501,1501,8555,CC=F,Yahoo chart API continuous-futures proxy
2006-04-04,1509,1519,1484,1488,1488,6241,CC=F,Yahoo chart API continuous-futures proxy
2006-04-05,1495,1506,1491,1503,1503,4612,CC=F,Yahoo chart API continuous-futures proxy
2006-04-06,1500,1509,1488,1496,1496,6974,CC=F,Yahoo chart API continuous-futures proxy
2006-04-07,1500,1501,1492,1494,1494,15703,CC=F,Yahoo chart API continuous-futures proxy
2006-04-10,1494,1494,1432,1436,1436,10368,CC=F,Yahoo chart API continuous-futures proxy
2006-04-11,1449,1449,1422,1427,1427,14939,CC=F,Yahoo chart API continuous-futures proxy
2006-04-12,1425,1440,1425,1431,1431,12759,CC=F,Yahoo chart API continuous-futures proxy
2006-04-13,1435,1437,1410,1418,1418,1219,CC=F,Yahoo chart API continuous-futures proxy
2006-04-14,,,,,,,CC=F,Yahoo chart API continuous-futures proxy
2006-04-17,1425,1450,1415,1447,1447,703,CC=F,Yahoo chart API continuous-futures proxy
2006-04-18,1445,1465,1442,1447,1447,215,CC=F,Yahoo chart API continuous-futures proxy
2006-04-19,1455,1461,1445,1459,1459,318,CC=F,Yahoo chart API continuous-futures proxy
2006-04-20,1460,1470,1452,1456,1456,34,CC=F,Yahoo chart API continuous-futures proxy
2006-04-21,1450,1460,1443,1447,1447,74,CC=F,Yahoo chart API continuous-futures proxy
2006-04-24,1444,1490,1444,1468,1468,47,CC=F,Yahoo chart API continuous-futures proxy
2006-04-25,1469,1502,1469,1497,1497,20,CC=F,Yahoo chart API continuous-futures proxy
2006-04-26,1497,1518,1490,1507,1507,13,CC=F,Yahoo chart API continuous-futures proxy
2006-04-27,1490,1505,1482,1488,1488,3,CC=F,Yahoo chart API continuous-futures proxy
2006-04-28,1515,1515,1501,1501,1501,19,CC=F,Yahoo chart API continuous-futures proxy
2006-05-01,1520,1535,1505,1523,1523,1,CC=F,Yahoo chart API continuous-futures proxy
2006-05-02,1480,1515,1480,1515,1515,9,CC=F,Yahoo chart API continuous-futures proxy
2006-05-03,1530,1530,1506,1506,1506,0,CC=F,Yahoo chart API continuous-futures proxy
2006-05-04,1498,1498,1498,1498,1498,3,CC=F,Yahoo chart API continuous-futures proxy
2006-05-05,1509,1512,1509,1512,1512,4,CC=F,Yahoo chart API continuous-futures proxy
2006-05-08,1523,1523,1517,1517,1517,3,CC=F,Yahoo chart API continuous-futures proxy
2006-05-09,1524,1558,1524,1558,1558,4,CC=F,Yahoo chart API continuous-futures proxy
2006-05-10,1560,1560,1556,1556,1556,65,CC=F,Yahoo chart API continuous-futures proxy
2006-05-11,1566,1566,1566,1566,1566,65,CC=F,Yahoo chart API continuous-futures proxy
2006-05-12,1552,1552,1552,1552,1552,0,CC=F,Yahoo chart API continuous-futures proxy
2006-05-15,1490,1490,1490,1490,1490,4939,CC=F,Yahoo chart API continuous-futures proxy
2006-05-16,1535,1555,1533,1553,1553,5098,CC=F,Yahoo chart API continuous-futures proxy
2006-05-17,1553,1555,1535,1540,1540,5129,CC=F,Yahoo chart API continuous-futures proxy
2006-05-18,1550,1560,1536,1550,1550,9727,CC=F,Yahoo chart API continuous-futures proxy
2006-05-19,1545,1545,1509,1529,1529,5858,CC=F,Yahoo chart API continuous-futures proxy
2006-05-22,1514,1520,1506,1515,1515,6905,CC=F,Yahoo chart API continuous-futures proxy
2006-05-23,1515,1522,1498,1501,1501,10906,CC=F,Yahoo chart API continuous-futures proxy
2006-05-24,1503,1503,1476,1479,1479,6453,CC=F,Yahoo chart API continuous-futures proxy
2006-05-25,1480,1488,1471,1472,1472,8367,CC=F,Yahoo chart API continuous-futures proxy
2006-05-26,1475,1475,1457,1461,1461,7066,CC=F,Yahoo chart API continuous-futures proxy
2006-05-29,,,,,,,CC=F,Yahoo chart API continuous-futures proxy
2006-05-30,1461,1475,1455,1459,1459,12318,CC=F,Yahoo chart API continuous-futures proxy
2006-05-31,1462,1475,1458,1473,1473,9541,CC=F,Yahoo chart API continuous-futures proxy
2006-06-01,1498,1502,1469,1476,1476,5292,CC=F,Yahoo chart API continuous-futures proxy
2006-06-02,1483,1493,1460,1461,1461,4489,CC=F,Yahoo chart API continuous-futures proxy
2006-06-05,1473,1484,1467,1474,1474,7368,CC=F,Yahoo chart API continuous-futures proxy
2006-06-06,1480,1481,1457,1460,1460,11115,CC=F,Yahoo chart API continuous-futures proxy
2006-06-07,1460,1475,1459,1473,1473,11079,CC=F,Yahoo chart API continuous-futures proxy
2006-06-08,1469,1474,1458,1461,1461,10480,CC=F,Yahoo chart API continuous-futures proxy
2006-06-09,1473,1490,1465,1476,1476,8578,CC=F,Yahoo chart API continuous-futures proxy
2006-06-12,1485,1488,1467,1471,1471,10102,CC=F,Yahoo chart API continuous-futures proxy
2006-06-13,1470,1482,1468,1478,1478,7053,CC=F,Yahoo chart API continuous-futures proxy
2006-06-14,1478,1500,1471,1498,1498,6414,CC=F,Yahoo chart API continuous-futures proxy
2006-06-15,1515,1530,1510,1527,1527,7111,CC=F,Yahoo chart API continuous-futures proxy
2006-06-16,1543,1545,1500,1525,1525,2477,CC=F,Yahoo chart API continuous-futures proxy
2006-06-19,1535,1535,1520,1527,1527,926,CC=F,Yahoo chart API continuous-futures proxy
2006-06-20,1525,1537,1520,1527,1527,1386,CC=F,Yahoo chart API continuous-futures proxy
2006-06-21,1524,1542,1524,1537,1537,190,CC=F,Yahoo chart API continuous-futures proxy
2006-06-22,1530,1537,1530,1537,1537,194,CC=F,Yahoo chart API continuous-futures proxy
2006-06-23,1540,1553,1540,1551,1551,144,CC=F,Yahoo chart API continuous-futures proxy
2006-06-26,1555,1570,1555,1561,1561,46,CC=F,Yahoo chart API continuous-futures proxy
2006-06-27,1546,1568,1545,1568,1568,31,CC=F,Yahoo chart API continuous-futures proxy
2006-06-28,1570,1608,1569,1608,1608,37,CC=F,Yahoo chart API continuous-futures proxy
2006-06-29,1630,1650,1630,1646,1646,234,CC=F,Yahoo chart API continuous-futures proxy
2006-06-30,1650,1650,1596,1646,1646,0,CC=F,Yahoo chart API continuous-futures proxy
2006-07-03,1645,1675,1645,1674,1674,7,CC=F,Yahoo chart API continuous-futures proxy
2006-07-04,,,,,,,CC=F,Yahoo chart API continuous-futures proxy
2006-07-05,1732,1732,1708,1708,1708,20,CC=F,Yahoo chart API continuous-futures proxy
2006-07-06,1699,1705,1699,1705,1705,0,CC=F,Yahoo chart API continuous-futures proxy
2006-07-07,1724,1724,1724,1724,1724,2,CC=F,Yahoo chart API continuous-futures proxy
2006-07-10,1728,1731,1728,1729,1729,2,CC=F,Yahoo chart API continuous-futures proxy
2006-07-11,1675,1705,1675,1705,1705,10,CC=F,Yahoo chart API continuous-futures proxy
2006-07-12,1682,1705,1682,1692,1692,40,CC=F,Yahoo chart API continuous-futures proxy
2006-07-13,1703,1703,1687,1691,1691,0,CC=F,Yahoo chart API continuous-futures proxy
2006-07-14,1703,1703,1703,1703,1703,8217,CC=F,Yahoo chart API continuous-futures proxy
2006-07-17,1685,1690,1556,1558,1558,24622,CC=F,Yahoo chart API continuous-futures proxy
2006-07-18,1494,1515,1492,1497,1497,21865,CC=F,Yahoo chart API continuous-futures proxy
2006-07-19,1517,1527,1497,1503,1503,9875,CC=F,Yahoo chart API continuous-futures proxy
2006-07-20,1510,1519,1501,1514,1514,5931,CC=F,Yahoo chart API continuous-futures proxy
2006-07-21,1503,1510,1495,1502,1502,6257,CC=F,Yahoo chart API continuous-futures proxy
2006-07-24,1500,1503,1475,1483,1483,9624,CC=F,Yahoo chart API continuous-futures proxy
2006-07-25,1478,1499,1478,1484,1484,4760,CC=F,Yahoo chart API continuous-futures proxy
2006-07-26,1495,1502,1477,1479,1479,7493,CC=F,Yahoo chart API continuous-futures proxy
2006-07-27,1487,1508,1486,1489,1489,6160,CC=F,Yahoo chart API continuous-futures proxy
2006-07-28,1493,1501,1488,1492,1492,4512,CC=F,Yahoo chart API continuous-futures proxy
2006-07-31,1487,1498,1483,1486,1486,11166,CC=F,Yahoo chart API continuous-futures proxy
2006-08-01,1476,1498,1476,1487,1487,12056,CC=F,Yahoo chart API continuous-futures proxy
2006-08-02,1490,1496,1486,1487,1487,11328,CC=F,Yahoo chart API continuous-futures proxy
2006-08-03,1493,1525,1493,1523,1523,6337,CC=F,Yahoo chart API continuous-futures proxy
2006-08-04,1525,1543,1501,1504,1504,6821,CC=F,Yahoo chart API continuous-futures proxy
2006-08-07,1507,1524,1502,1522,1522,6105,CC=F,Yahoo chart API continuous-futures proxy
2006-08-08,1522,1546,1518,1537,1537,5878,CC=F,Yahoo chart API continuous-futures proxy
2006-08-09,1550,1560,1530,1555,1555,7374,CC=F,Yahoo chart API continuous-futures proxy
2006-08-10,1544,1566,1544,1557,1557,5096,CC=F,Yahoo chart API continuous-futures proxy
2006-08-11,1557,1567,1550,1559,1559,7271,CC=F,Yahoo chart API continuous-futures proxy
2006-08-14,1550,1557,1500,1520,1520,4890,CC=F,Yahoo chart API continuous-futures proxy
2006-08-15,1498,1533,1498,1524,1524,6540,CC=F,Yahoo chart API continuous-futures proxy
2006-08-16,1517,1560,1513,1541,1541,3490,CC=F,Yahoo chart API continuous-futures proxy
2006-08-17,1540,1540,1498,1500,1500,5834,CC=F,Yahoo chart API continuous-futures proxy
2006-08-18,1485,1500,1471,1481,1481,903,CC=F,Yahoo chart API continuous-futures proxy
2006-08-21,1501,1501,1477,1483,1483,355,CC=F,Yahoo chart API continuous-futures proxy
2006-08-22,1463,1470,1455,1460,1460,57,CC=F,Yahoo chart API continuous-futures proxy
2006-08-23,1445,1475,1445,1470,1470,127,CC=F,Yahoo chart API continuous-futures proxy
2006-08-24,1460,1488,1460,1464,1464,277,CC=F,Yahoo chart API continuous-futures proxy
2006-08-25,1460,1471,1447,1446,1446,16,CC=F,Yahoo chart API continuous-futures proxy
2006-08-28,1455,1455,1398,1393,1393,71,CC=F,Yahoo chart API continuous-futures proxy
2006-08-29,1380,1396,1380,1403,1403,62,CC=F,Yahoo chart API continuous-futures proxy
2006-08-30,1410,1420,1410,1406,1406,103,CC=F,Yahoo chart API continuous-futures proxy
2006-08-31,1401,1403,1401,1420,1420,4,CC=F,Yahoo chart API continuous-futures proxy
2006-09-01,1420,1440,1430,1441,1441,7,CC=F,Yahoo chart API continuous-futures proxy
2006-09-04,,,,,,,CC=F,Yahoo chart API continuous-futures proxy
2006-09-05,1440,1450,1440,1442,1442,20,CC=F,Yahoo chart API continuous-futures proxy
2006-09-06,1430,1438,1422,1415,1415,7,CC=F,Yahoo chart API continuous-futures proxy
2006-09-07,1425,1426,1425,1425,1425,6,CC=F,Yahoo chart API continuous-futures proxy
2006-09-08,1417,1415,1415,1415,1415,0,CC=F,Yahoo chart API continuous-futures proxy
2006-09-11,1400,1420,1420,1413,1413,81,CC=F,Yahoo chart API continuous-futures proxy
2006-09-12,1398,1398,1398,1412,1412,2,CC=F,Yahoo chart API continuous-futures proxy
2006-09-13,1430,1430,1430,1434,1434,1,CC=F,Yahoo chart API continuous-futures proxy
2006-09-14,1400,1445,1445,1431,1431,2336,CC=F,Yahoo chart API continuous-futures proxy
2006-09-15,1482,1492,1471,1473,1473,3805,CC=F,Yahoo chart API continuous-futures proxy
2006-09-18,1466,1468,1415,1420,1420,19450,CC=F,Yahoo chart API continuous-futures proxy
2006-09-19,1420,1440,1418,1435,1435,6289,CC=F,Yahoo chart API continuous-futures proxy
2006-09-20,1447,1470,1445,1467,1467,6129,CC=F,Yahoo chart API continuous-futures proxy
2006-09-21,1469,1535,1467,1529,1529,17560,CC=F,Yahoo chart API continuous-futures proxy
2006-09-22,1528,1534,1485,1499,1499,8583,CC=F,Yahoo chart API continuous-futures proxy
2006-09-25,1499,1510,1480,1493,1493,4576,CC=F,Yahoo chart API continuous-futures proxy
2006-09-26,1490,1502,1481,1489,1489,3664,CC=F,Yahoo chart API continuous-futures proxy
2006-09-27,1496,1508,1492,1502,1502,4031,CC=F,Yahoo chart API continuous-futures proxy
2006-09-28,1505,1508,1463,1467,1467,6702,CC=F,Yahoo chart API continuous-futures proxy
2006-09-29,1475,1479,1449,1472,1472,8502,CC=F,Yahoo chart API continuous-futures proxy
2006-10-02,1465,1474,1455,1463,1463,4831,CC=F,Yahoo chart API continuous-futures proxy
2006-10-03,1465,1468,1447,1449,1449,4357,CC=F,Yahoo chart API continuous-futures proxy
2006-10-04,1455,1463,1435,1448,1448,6138,CC=F,Yahoo chart API continuous-futures proxy
2006-10-05,1455,1491,1453,1475,1475,7199,CC=F,Yahoo chart API continuous-futures proxy
2006-10-06,1472,1478,1445,1451,1451,6128,CC=F,Yahoo chart API continuous-futures proxy
2006-10-09,1448,1453,1436,1437,1437,3394,CC=F,Yahoo chart API continuous-futures proxy
2006-10-10,1434,1447,1424,1432,1432,5177,CC=F,Yahoo chart API continuous-futures proxy
2006-10-11,1428,1434,1420,1422,1422,5041,CC=F,Yahoo chart API continuous-futures proxy
2006-10-12,1420,1420,1396,1413,1413,13823,CC=F,Yahoo chart API continuous-futures proxy
2006-10-13,1418,1425,1410,1416,1416,5049,CC=F,Yahoo chart API continuous-futures proxy
2006-10-16,1420,1421,1400,1406,1406,5589,CC=F,Yahoo chart API continuous-futures proxy
2006-10-17,1426,1448,1421,1444,1444,8804,CC=F,Yahoo chart API continuous-futures proxy
2006-10-18,1456,1463,1415,1419,1419,7485,CC=F,Yahoo chart API continuous-futures proxy
2006-10-19,1429,1445,1425,1443,1443,5221,CC=F,Yahoo chart API continuous-futures proxy
2006-10-20,1440,1447,1427,1434,1434,3338,CC=F,Yahoo chart API continuous-futures proxy
2006-10-23,1445,1470,1445,1464,1464,7391,CC=F,Yahoo chart API continuous-futures proxy
2006-10-24,1464,1466,1440,1458,1458,5206,CC=F,Yahoo chart API continuous-futures proxy
2006-10-25,1461,1474,1455,1458,1458,10766,CC=F,Yahoo chart API continuous-futures proxy
2006-10-26,1467,1495,1467,1489,1489,17701,CC=F,Yahoo chart API continuous-futures proxy
2006-10-27,1489,1493,1465,1470,1470,6136,CC=F,Yahoo chart API continuous-futures proxy
2006-10-30,1470,1498,1470,1486,1486,7816,CC=F,Yahoo chart API continuous-futures proxy
2006-10-31,1486,1495,1476,1484,1484,10899,CC=F,Yahoo chart API continuous-futures proxy
2006-11-01,1470,1475,1459,1463,1463,10438,CC=F,Yahoo chart API continuous-futures proxy
2006-11-02,1465,1492,1457,1490,1490,8319,CC=F,Yahoo chart API continuous-futures proxy
2006-11-03,1495,1504,1478,1484,1484,9351,CC=F,Yahoo chart API continuous-futures proxy
2006-11-06,1484,1497,1471,1493,1493,7536,CC=F,Yahoo chart API continuous-futures proxy
2006-11-07,1498,1528,1492,1516,1516,15592,CC=F,Yahoo chart API continuous-futures proxy
2006-11-08,1507,1533,1507,1528,1528,7877,CC=F,Yahoo chart API continuous-futures proxy
2006-11-09,1527,1538,1513,1530,1530,8523,CC=F,Yahoo chart API continuous-futures proxy
2006-11-10,1515,1539,1505,1509,1509,7712,CC=F,Yahoo chart API continuous-futures proxy
2006-11-13,1495,1508,1485,1500,1500,11582,CC=F,Yahoo chart API continuous-futures proxy
2006-11-14,1500,1507,1469,1473,1473,15449,CC=F,Yahoo chart API continuous-futures proxy
2006-11-15,1468,1519,1468,1513,1513,1266,CC=F,Yahoo chart API continuous-futures proxy
2006-11-16,1510,1540,1480,1468,1468,1433,CC=F,Yahoo chart API continuous-futures proxy
2006-11-17,1456,1480,1425,1470,1470,238,CC=F,Yahoo chart API continuous-futures proxy
2006-11-20,1480,1480,1419,1437,1437,20,CC=F,Yahoo chart API continuous-futures proxy
2006-11-21,1480,1480,1410,1410,1410,16,CC=F,Yahoo chart API continuous-futures proxy
2006-11-22,1400,1415,1400,1425,1425,8,CC=F,Yahoo chart API continuous-futures proxy
2006-11-23,,,,,,,CC=F,Yahoo chart API continuous-futures proxy
2006-11-24,,,,,,,CC=F,Yahoo chart API continuous-futures proxy
2006-11-27,1440,1475,1440,1434,1434,19,CC=F,Yahoo chart API continuous-futures proxy
2006-11-28,1470,1479,1450,1463,1463,15,CC=F,Yahoo chart API continuous-futures proxy
2006-11-29,1430,1464,1460,1465,1465,10,CC=F,Yahoo chart API continuous-futures proxy
2006-11-30,1450,1483,1483,1483,1483,0,CC=F,Yahoo chart API continuous-futures proxy
2006-12-01,1450,1495,1485,1480,1480,2,CC=F,Yahoo chart API continuous-futures proxy
2006-12-04,1460,1468,1468,1468,1468,0,CC=F,Yahoo chart API continuous-futures proxy
2006-12-05,1460,1491,1491,1491,1491,0,CC=F,Yahoo chart API continuous-futures proxy
2006-12-06,1450,1499,1499,1499,1499,0,CC=F,Yahoo chart API continuous-futures proxy
2006-12-07,1500,1565,1562,1564,1564,7,CC=F,Yahoo chart API continuous-futures proxy
2006-12-08,1530,1595,1540,1597,1597,11,CC=F,Yahoo chart API continuous-futures proxy
2006-12-11,1595,1595,1595,1605,1605,2,CC=F,Yahoo chart API continuous-futures proxy
2006-12-12,1638,1638,1638,1597,1597,3,CC=F,Yahoo chart API continuous-futures proxy
2006-12-13,1622,1622,1622,1622,1622,7580,CC=F,Yahoo chart API continuous-futures proxy
2006-12-14,1675,1683,1657,1680,1680,6855,CC=F,Yahoo chart API continuous-futures proxy
2006-12-15,1665,1672,1644,1650,1650,6207,CC=F,Yahoo chart API continuous-futures proxy
2006-12-18,1643,1679,1643,1657,1657,7047,CC=F,Yahoo chart API continuous-futures proxy
2006-12-19,1680,1694,1667,1691,1691,6575,CC=F,Yahoo chart API continuous-futures proxy
2006-12-20,1688,1690,1625,1628,1628,13880,CC=F,Yahoo chart API continuous-futures proxy
2006-12-21,1630,1648,1624,1645,1645,5085,CC=F,Yahoo chart API continuous-futures proxy
2006-12-22,1623,1635,1621,1627,1627,3787,CC=F,Yahoo chart API continuous-futures proxy
2006-12-25,,,,,,,CC=F,Yahoo chart API continuous-futures proxy
2006-12-26,1627,1630,1615,1621,1621,1971,CC=F,Yahoo chart API continuous-futures proxy
2006-12-27,1615,1641,1615,1637,1637,4237,CC=F,Yahoo chart API continuous-futures proxy
2006-12-28,1632,1648,1630,1634,1634,5135,CC=F,Yahoo chart API continuous-futures proxy
2006-12-29,1640,1644,1631,1635,1635,3381,CC=F,Yahoo chart API continuous-futures proxy
2007-01-01,,,,,,,CC=F,Yahoo chart API continuous-futures proxy
2007-01-02,,,,,,,CC=F,Yahoo chart API continuous-futures proxy
2007-01-03,1675,1696,1660,1684,1684,12387,CC=F,Yahoo chart API continuous-futures proxy
2007-01-04,1670,1677,1650,1659,1659,6436,CC=F,Yahoo chart API continuous-futures proxy
2007-01-05,1675,1680,1585,1607,1607,12274,CC=F,Yahoo chart API continuous-futures proxy
2007-01-08,1585,1604,1578,1589,1589,8097,CC=F,Yahoo chart API continuous-futures proxy
2007-01-09,1593,1597,1573,1588,1588,8112,CC=F,Yahoo chart API continuous-futures proxy
2007-01-10,1605,1624,1605,1617,1617,6815,CC=F,Yahoo chart API continuous-futures proxy
2007-01-11,1632,1644,1619,1628,1628,7035,CC=F,Yahoo chart API continuous-futures proxy
2007-01-12,1612,1633,1598,1631,1631,7687,CC=F,Yahoo chart API continuous-futures proxy
2007-01-15,,,,,,,CC=F,Yahoo chart API continuous-futures proxy
2007-01-16,1600,1611,1593,1606,1606,10606,CC=F,Yahoo chart API continuous-futures proxy
2007-01-17,1595,1621,1588,1616,1616,7634,CC=F,Yahoo chart API continuous-futures proxy
2007-01-18,1628,1631,1600,1603,1603,5591,CC=F,Yahoo chart API continuous-futures proxy
2007-01-19,1600,1612,1585,1594,1594,5285,CC=F,Yahoo chart API continuous-futures proxy
2007-01-22,1588,1597,1579,1589,1589,4599,CC=F,Yahoo chart API continuous-futures proxy
2007-01-23,1599,1617,1599,1615,1615,7546,CC=F,Yahoo chart API continuous-futures proxy
2007-01-24,1620,1622,1595,1599,1599,4057,CC=F,Yahoo chart API continuous-futures proxy
2007-01-25,1608,1613,1596,1602,1602,4196,CC=F,Yahoo chart API continuous-futures proxy
2007-01-26,1582,1590,1576,1578,1578,5847,CC=F,Yahoo chart API continuous-futures proxy
2007-01-29,1566,1605,1566,1602,1602,6799,CC=F,Yahoo chart API continuous-futures proxy
2007-01-30,1603,1620,1597,1616,1616,6625,CC=F,Yahoo chart API continuous-futures proxy
2007-01-31,1602,1621,1589,1617,1617,10249,CC=F,Yahoo chart API continuous-futures proxy
2007-02-01,1610,1650,1610,1641,1641,10841,CC=F,Yahoo chart API continuous-futures proxy
2007-02-02,1646,1658,1616,1631,1631,8722,CC=F,Yahoo chart API continuous-futures proxy
2007-02-05,1616,1640,1597,1634,1634,6194,CC=F,Yahoo chart API continuous-futures proxy
2007-02-06,1640,1660,1637,1653,1653,10060,CC=F,Yahoo chart API continuous-futures proxy
2007-02-07,1675,1702,1663,1697,1697,10930,CC=F,Yahoo chart API continuous-futures proxy
2007-02-08,1710,1730,1701,1727,1727,8649,CC=F,Yahoo chart API continuous-futures proxy
2007-02-09,1718,1725,1701,1717,1717,9593,CC=F,Yahoo chart API continuous-futures proxy
2007-02-12,1708,1725,1700,1721,1721,7940,CC=F,Yahoo chart API continuous-futures proxy
2007-02-13,1726,1738,1706,1728,1728,10724,CC=F,Yahoo chart API continuous-futures proxy
2007-02-14,1718,1718,1685,1714,1714,843,CC=F,Yahoo chart API continuous-futures proxy
2007-02-15,1722,1769,1715,1765,1765,360,CC=F,Yahoo chart API continuous-futures proxy
2007-02-16,1765,1788,1757,1770,1770,123,CC=F,Yahoo chart API continuous-futures proxy
2007-02-20,1760,1763,1735,1745,1745,125,CC=F,Yahoo chart API continuous-futures proxy
2007-02-21,1740,1777,1710,1763,1763,55,CC=F,Yahoo chart API continuous-futures proxy
2007-02-22,1740,1777,1710,1737,1737,16,CC=F,Yahoo chart API continuous-futures proxy
2007-02-23,1760,1763,1727,1762,1762,24,CC=F,Yahoo chart API continuous-futures proxy
2007-02-26,1785,1785,1735,1738,1738,5,CC=F,Yahoo chart API continuous-futures proxy
2007-02-27,1735,1738,1720,1723,1723,11,CC=F,Yahoo chart API continuous-futures proxy
2007-02-28,1745,1745,1715,1720,1720,3,CC=F,Yahoo chart API continuous-futures proxy
2007-03-01,1708,1787,1720,1796,1796,5,CC=F,Yahoo chart API continuous-futures proxy
2007-03-02,1749,1795,1720,1795,1795,5,CC=F,Yahoo chart API continuous-futures proxy
2007-03-05,1760,1784,1721,1769,1769,5,CC=F,Yahoo chart API continuous-futures proxy
2007-03-06,1780,1783,1710,1710,1710,268,CC=F,Yahoo chart API continuous-futures proxy
2007-03-07,1701,1740,1696,1740,1740,17,CC=F,Yahoo chart API continuous-futures proxy
2007-03-08,1739,1772,1739,1761,1761,42,CC=F,Yahoo chart API continuous-futures proxy
2007-03-09,1779,1780,1778,1778,1778,3,CC=F,Yahoo chart API continuous-futures proxy
2007-03-12,1771,1791,1766,1775,1775,57,CC=F,Yahoo chart API continuous-futures proxy
2007-03-13,1797,1797,1780,1789,1789,34,CC=F,Yahoo chart API continuous-futures proxy
2007-03-14,1782,1782,1770,1741,1741,33,CC=F,Yahoo chart API continuous-futures proxy
2007-03-15,1757,1757,1757,1757,1757,5159,CC=F,Yahoo chart API continuous-futures proxy
2007-03-16,1779,1800,1766,1790,1790,6406,CC=F,Yahoo chart API continuous-futures proxy
2007-03-19,1780,1805,1771,1778,1778,4159,CC=F,Yahoo chart API continuous-futures proxy
2007-03-20,1800,1871,1793,1864,1864,16460,CC=F,Yahoo chart API continuous-futures proxy
2007-03-21,1870,1914,1868,1894,1894,10281,CC=F,Yahoo chart API continuous-futures proxy
2007-03-22,1900,1927,1878,1901,1901,6653,CC=F,Yahoo chart API continuous-futures proxy
2007-03-23,1908,1924,1895,1920,1920,5818,CC=F,Yahoo chart API continuous-futures proxy
2007-03-26,1920,1942,1901,1926,1926,6710,CC=F,Yahoo chart API continuous-futures proxy
2007-03-27,1922,1926,1889,1893,1893,6239,CC=F,Yahoo chart API continuous-futures proxy
2007-03-28,1896,1941,1887,1925,1925,9124,CC=F,Yahoo chart API continuous-futures proxy
2007-03-29,1926,1966,1918,1941,1941,8228,CC=F,Yahoo chart API continuous-futures proxy
2007-03-30,1928,1969,1920,1953,1953,12035,CC=F,Yahoo chart API continuous-futures proxy
2007-04-02,1953,1955,1824,1835,1835,20927,CC=F,Yahoo chart API continuous-futures proxy
2007-04-03,1847,1882,1831,1866,1866,9078,CC=F,Yahoo chart API continuous-futures proxy
2007-04-04,1873,1909,1870,1902,1902,7541,CC=F,Yahoo chart API continuous-futures proxy
2007-04-05,1901,1929,1898,1913,1913,9250,CC=F,Yahoo chart API continuous-futures proxy
2007-04-09,1910,1910,1876,1883,1883,18869,CC=F,Yahoo chart API continuous-futures proxy
2007-04-10,1885,1900,1873,1883,1883,8261,CC=F,Yahoo chart API continuous-futures proxy
2007-04-11,1885,1920,1885,1900,1900,10538,CC=F,Yahoo chart API continuous-futures proxy
2007-04-12,1900,1900,1852,1882,1882,10867,CC=F,Yahoo chart API continuous-futures proxy
2007-04-13,1881,1905,1853,1885,1885,14182,CC=F,Yahoo chart API continuous-futures proxy
2007-04-16,1900,1917,1893,1903,1903,9591,CC=F,Yahoo chart API continuous-futures proxy
2007-04-17,1900,1965,1897,1956,1956,1684,CC=F,Yahoo chart API continuous-futures proxy
2007-04-18,1958,2000,1930,1942,1942,824,CC=F,Yahoo chart API continuous-futures proxy
2007-04-19,1935,1935,1840,1852,1852,793,CC=F,Yahoo chart API continuous-futures proxy
2007-04-20,1845,1895,1810,1887,1887,172,CC=F,Yahoo chart API continuous-futures proxy
2007-04-23,1870,1888,1849,1873,1873,231,CC=F,Yahoo chart API continuous-futures proxy
2007-04-24,1850,1850,1820,1840,1840,159,CC=F,Yahoo chart API continuous-futures proxy
2007-04-25,1830,1858,1812,1845,1845,186,CC=F,Yahoo chart API continuous-futures proxy
2007-04-26,1870,1893,1819,1823,1823,236,CC=F,Yahoo chart API continuous-futures proxy
2007-04-27,1830,1850,1820,1822,1822,75,CC=F,Yahoo chart API continuous-futures proxy
2007-04-30,1808,1834,1798,1815,1815,69,CC=F,Yahoo chart API continuous-futures proxy
2007-05-01,1791,1855,1790,1851,1851,59,CC=F,Yahoo chart API continuous-futures proxy
2007-05-02,1860,1886,1790,1880,1880,18,CC=F,Yahoo chart API continuous-futures proxy
2007-05-03,1880,1908,1880,1901,1901,23,CC=F,Yahoo chart API continuous-futures proxy
2007-05-04,1892,1893,1891,1883,1883,29,CC=F,Yahoo chart API continuous-futures proxy
2007-05-07,1896,1900,1889,1883,1883,19,CC=F,Yahoo chart API continuous-futures proxy
2007-05-08,1882,1913,1882,1910,1910,15,CC=F,Yahoo chart API continuous-futures proxy
2007-05-09,1900,1944,1900,1949,1949,40,CC=F,Yahoo chart API continuous-futures proxy
2007-05-10,1973,1977,1973,1942,1942,37,CC=F,Yahoo chart API continuous-futures proxy
2007-05-11,1940,1977,1940,1950,1950,32,CC=F,Yahoo chart API continuous-futures proxy
2007-05-14,1970,1970,1950,1958,1958,14,CC=F,Yahoo chart API continuous-futures proxy
2007-05-15,1940,1940,1917,1931,1931,5646,CC=F,Yahoo chart API continuous-futures proxy
2007-05-16,1895,1920,1884,1900,1900,4122,CC=F,Yahoo chart API continuous-futures proxy
2007-05-17,1900,1912,1890,1894,1894,4240,CC=F,Yahoo chart API continuous-futures proxy
2007-05-18,1899,1958,1884,1947,1947,7663,CC=F,Yahoo chart API continuous-futures proxy
2007-05-21,1950,1958,1926,1949,1949,4835,CC=F,Yahoo chart API continuous-futures proxy
2007-05-22,1945,1968,1912,1923,1923,6349,CC=F,Yahoo chart API continuous-futures proxy
2007-05-23,1923,1980,1915,1972,1972,8205,CC=F,Yahoo chart API continuous-futures proxy
2007-05-24,1971,1985,1922,1943,1943,8544,CC=F,Yahoo chart API continuous-futures proxy
2007-05-25,1943,1965,1910,1928,1928,5217,CC=F,Yahoo chart API continuous-futures proxy
2007-05-29,1928,1934,1895,1903,1903,5793,CC=F,Yahoo chart API continuous-futures proxy
2007-05-30,1900,1900,1868,1878,1878,9202,CC=F,Yahoo chart API continuous-futures proxy
2007-05-31,1882,1899,1866,1883,1883,9145,CC=F,Yahoo chart API continuous-futures proxy
2007-06-01,1888,1900,1855,1883,1883,12767,CC=F,Yahoo chart API continuous-futures proxy
2007-06-04,1879,1880,1849,1856,1856,8378,CC=F,Yahoo chart API continuous-futures proxy
2007-06-05,1856,1894,1853,1881,1881,7004,CC=F,Yahoo chart API continuous-futures proxy
2007-06-06,1882,1900,1863,1875,1875,7376,CC=F,Yahoo chart API continuous-futures proxy
2007-06-07,1882,1882,1836,1845,1845,8622,CC=F,Yahoo chart API continuous-futures proxy
2007-06-08,1836,1853,1818,1822,1822,9470,CC=F,Yahoo chart API continuous-futures proxy
2007-06-11,1845,1844,1816,1839,1839,17734,CC=F,Yahoo chart API continuous-futures proxy
2007-06-12,1838,1854,1823,1836,1836,10692,CC=F,Yahoo chart API continuous-futures proxy
2007-06-13,1836,1850,1832,1837,1837,10293,CC=F,Yahoo chart API continuous-futures proxy
2007-06-14,1844,1912,1827,1903,1903,10637,CC=F,Yahoo chart API continuous-futures proxy
2007-06-15,1903,1927,1898,1904,1904,6480,CC=F,Yahoo chart API continuous-futures proxy
2007-06-18,1909,1962,1899,1959,1959,1702,CC=F,Yahoo chart API continuous-futures proxy
2007-06-19,1953,1970,1940,1948,1948,530,CC=F,Yahoo chart API continuous-futures proxy
2007-06-20,1947,1950,1920,1925,1925,293,CC=F,Yahoo chart API continuous-futures proxy
2007-06-21,1920,1940,1920,1935,1935,36,CC=F,Yahoo chart API continuous-futures proxy
2007-06-22,1948,1959,1948,1958,1958,66,CC=F,Yahoo chart API continuous-futures proxy
2007-06-25,1952,1952,1952,1952,1952,66,CC=F,Yahoo chart API continuous-futures proxy
2007-06-26,1980,2022,1980,2022,2022,107,CC=F,Yahoo chart API continuous-futures proxy
2007-06-27,2021,2030,2011,2022,2022,28,CC=F,Yahoo chart API continuous-futures proxy
2007-06-28,2015,2033,2010,2002,2002,39,CC=F,Yahoo chart API continuous-futures proxy
2007-06-29,2065,2074,2060,2054,2054,29,CC=F,Yahoo chart API continuous-futures proxy
2007-07-02,2043,2043,2043,2043,2043,24,CC=F,Yahoo chart API continuous-futures proxy
2007-07-03,2063,2066,2062,2066,2066,28,CC=F,Yahoo chart API continuous-futures proxy
2007-07-05,2127,2127,2085,2116,2116,12,CC=F,Yahoo chart API continuous-futures proxy
2007-07-06,2124,2140,2113,2128,2128,129,CC=F,Yahoo chart API continuous-futures proxy
2007-07-09,2143,2143,2108,2096,2096,18,CC=F,Yahoo chart API continuous-futures proxy
2007-07-10,2080,2080,2025,2025,2025,50,CC=F,Yahoo chart API continuous-futures proxy
2007-07-11,2065,2065,2065,2065,2065,19,CC=F,Yahoo chart API continuous-futures proxy
2007-07-12,2060,2081,2060,2081,2081,21,CC=F,Yahoo chart API continuous-futures proxy
2007-07-13,2091,2091,2071,2080,2080,13,CC=F,Yahoo chart API continuous-futures proxy
2007-07-16,1900,2042,1900,1995,1995,5685,CC=F,Yahoo chart API continuous-futures proxy
2007-07-17,2054,2118,2054,2094,2094,7837,CC=F,Yahoo chart API continuous-futures proxy
2007-07-18,2090,2099,2070,2097,2097,4536,CC=F,Yahoo chart API continuous-futures proxy
2007-07-19,2092,2119,2072,2114,2114,5065,CC=F,Yahoo chart API continuous-futures proxy
2007-07-20,2114,2120,2095,2099,2099,4978,CC=F,Yahoo chart API continuous-futures proxy
2007-07-23,2095,2095,2056,2067,2067,7508,CC=F,Yahoo chart API continuous-futures proxy
2007-07-24,2055,2114,2042,2100,2100,9018,CC=F,Yahoo chart API continuous-futures proxy
2007-07-25,2100,2100,2055,2059,2059,6042,CC=F,Yahoo chart API continuous-futures proxy
2007-07-26,2060,2068,2000,2003,2003,6042,CC=F,Yahoo chart API continuous-futures proxy
2007-07-27,2005,2015,1906,1931,1931,21248,CC=F,Yahoo chart API continuous-futures proxy
2007-07-30,1950,1953,1918,1931,1931,8877,CC=F,Yahoo chart API continuous-futures proxy
2007-07-31,1931,1948,1900,1942,1942,8559,CC=F,Yahoo chart API continuous-futures proxy
2007-08-01,1945,1945,1905,1917,1917,8733,CC=F,Yahoo chart API continuous-futures proxy
2007-08-02,1917,1943,1905,1914,1914,7918,CC=F,Yahoo chart API continuous-futures proxy
2007-08-03,1917,1928,1885,1893,1893,11456,CC=F,Yahoo chart API continuous-futures proxy
2007-08-06,1900,1900,1858,1866,1866,22615,CC=F,Yahoo chart API continuous-futures proxy
2007-08-07,1869,1880,1820,1827,1827,12872,CC=F,Yahoo chart API continuous-futures proxy
2007-08-08,1830,1888,1830,1871,1871,12056,CC=F,Yahoo chart API continuous-futures proxy
2007-08-09,1869,1873,1812,1826,1826,11839,CC=F,Yahoo chart API continuous-futures proxy
2007-08-10,1821,1839,1802,1827,1827,6651,CC=F,Yahoo chart API continuous-futures proxy
2007-08-13,1835,1865,1822,1863,1863,8218,CC=F,Yahoo chart API continuous-futures proxy
2007-08-14,1860,1875,1845,1853,1853,7479,CC=F,Yahoo chart API continuous-futures proxy
2007-08-15,1849,1880,1825,1872,1872,3834,CC=F,Yahoo chart API continuous-futures proxy
2007-08-16,1879,1879,1782,1787,1787,2583,CC=F,Yahoo chart API continuous-futures proxy
2007-08-17,1783,1812,1771,1775,1775,1949,CC=F,Yahoo chart API continuous-futures proxy
2007-08-20,1792,1825,1766,1773,1773,1146,CC=F,Yahoo chart API continuous-futures proxy
2007-08-21,1780,1800,1780,1793,1793,168,CC=F,Yahoo chart API continuous-futures proxy
2007-08-22,1799,1799,1763,1774,1774,34,CC=F,Yahoo chart API continuous-futures proxy
2007-08-23,1802,1821,1800,1823,1823,22,CC=F,Yahoo chart API continuous-futures proxy
2007-08-24,1820,1850,1781,1841,1841,53,CC=F,Yahoo chart API continuous-futures proxy
2007-08-27,1835,1835,1810,1822,1822,10,CC=F,Yahoo chart API continuous-futures proxy
2007-08-28,1817,1826,1810,1812,1812,20,CC=F,Yahoo chart API continuous-futures proxy
2007-08-29,1850,1850,1809,1825,1825,252,CC=F,Yahoo chart API continuous-futures proxy
2007-08-30,1815,1815,1815,1815,1815,1,CC=F,Yahoo chart API continuous-futures proxy
2007-08-31,1868,1868,1860,1868,1868,8,CC=F,Yahoo chart API continuous-futures proxy
2007-09-04,1821,1821,1821,1821,1821,14,CC=F,Yahoo chart API continuous-futures proxy
2007-09-05,1823,1838,1823,1841,1841,1,CC=F,Yahoo chart API continuous-futures proxy
2007-09-06,1900,1900,1830,1874,1874,11,CC=F,Yahoo chart API continuous-futures proxy
2007-09-07,1877,1877,1877,1877,1877,20,CC=F,Yahoo chart API continuous-futures proxy
2007-09-10,1930,1930,1830,1916,1916,28,CC=F,Yahoo chart API continuous-futures proxy
2007-09-11,1833,1896,1895,1876,1876,2,CC=F,Yahoo chart API continuous-futures proxy
2007-09-12,1880,1900,1867,1867,1867,8,CC=F,Yahoo chart API continuous-futures proxy
2007-09-13,1857,1857,1857,1857,1857,5066,CC=F,Yahoo chart API continuous-futures proxy
2007-09-14,1805,1848,1795,1837,1837,4998,CC=F,Yahoo chart API continuous-futures proxy
2007-09-17,1836,1885,1819,1864,1864,8712,CC=F,Yahoo chart API continuous-futures proxy
2007-09-18,1864,1888,1850,1873,1873,6824,CC=F,Yahoo chart API continuous-futures proxy
2007-09-19,1884,1904,1858,1900,1900,9188,CC=F,Yahoo chart API continuous-futures proxy
2007-09-20,1905,1978,1900,1971,1971,12481,CC=F,Yahoo chart API continuous-futures proxy
2007-09-21,1972,2000,1941,1983,1983,14010,CC=F,Yahoo chart API continuous-futures proxy
2007-09-24,1979,2020,1973,2011,2011,10388,CC=F,Yahoo chart API continuous-futures proxy
2007-09-25,2006,2046,1990,2042,2042,9872,CC=F,Yahoo chart API continuous-futures proxy
2007-09-26,2042,2053,2028,2046,2046,7540,CC=F,Yahoo chart API continuous-futures proxy
2007-09-27,2045,2054,2005,2031,2031,8340,CC=F,Yahoo chart API continuous-futures proxy
2007-09-28,2033,2055,2015,2036,2036,8264,CC=F,Yahoo chart API continuous-futures proxy
2007-10-01,2036,2045,2007,2030,2030,8090,CC=F,Yahoo chart API continuous-futures proxy
2007-10-02,2030,2030,1904,1917,1917,18119,CC=F,Yahoo chart API continuous-futures proxy
2007-10-03,1907,1916,1852,1876,1876,12231,CC=F,Yahoo chart API continuous-futures proxy
2007-10-04,1881,1904,1866,1875,1875,6571,CC=F,Yahoo chart API continuous-futures proxy
2007-10-05,1875,1882,1850,1858,1858,6288,CC=F,Yahoo chart API continuous-futures proxy
2007-10-08,1850,1850,1810,1816,1816,7189,CC=F,Yahoo chart API continuous-futures proxy
2007-10-09,1815,1843,1814,1823,1823,4489,CC=F,Yahoo chart API continuous-futures proxy
2007-10-10,1823,1842,1821,1835,1835,4473,CC=F,Yahoo chart API continuous-futures proxy
2007-10-11,1835,1867,1830,1855,1855,4688,CC=F,Yahoo chart API continuous-futures proxy
2007-10-12,1855,1855,1815,1838,1838,4796,CC=F,Yahoo chart API continuous-futures proxy
2007-10-15,1837,1883,1829,1859,1859,3954,CC=F,Yahoo chart API continuous-futures proxy
2007-10-16,1857,1883,1848,1870,1870,4740,CC=F,Yahoo chart API continuous-futures proxy
2007-10-17,1870,1899,1853,1875,1875,7641,CC=F,Yahoo chart API continuous-futures proxy
2007-10-18,1875,1897,1865,1883,1883,5754,CC=F,Yahoo chart API continuous-futures proxy
2007-10-19,1881,1887,1858,1879,1879,5020,CC=F,Yahoo chart API continuous-futures proxy
2007-10-22,1880,1890,1835,1841,1841,5775,CC=F,Yahoo chart API continuous-futures proxy
2007-10-23,1845,1864,1837,1852,1852,4935,CC=F,Yahoo chart API continuous-futures proxy
2007-10-24,1852,1857,1830,1838,1838,3967,CC=F,Yahoo chart API continuous-futures proxy
2007-10-25,1830,1838,1823,1826,1826,4043,CC=F,Yahoo chart API continuous-futures proxy
2007-10-26,1825,1940,1825,1911,1911,9901,CC=F,Yahoo chart API continuous-futures proxy
2007-10-29,1900,1970,1881,1951,1951,10402,CC=F,Yahoo chart API continuous-futures proxy
2007-10-30,1951,1977,1935,1945,1945,6497,CC=F,Yahoo chart API continuous-futures proxy
2007-10-31,1938,1967,1928,1945,1945,13648,CC=F,Yahoo chart API continuous-futures proxy
2007-11-01,1941,2002,1932,1974,1974,11166,CC=F,Yahoo chart API continuous-futures proxy
2007-11-02,1974,1998,1959,1970,1970,5249,CC=F,Yahoo chart API continuous-futures proxy
2007-11-05,1969,1969,1920,1937,1937,10115,CC=F,Yahoo chart API continuous-futures proxy
2007-11-06,1929,1955,1923,1942,1942,7830,CC=F,Yahoo chart API continuous-futures proxy
2007-11-07,1937,1976,1936,1941,1941,12773,CC=F,Yahoo chart API continuous-futures proxy
2007-11-08,1956,1969,1939,1945,1945,12432,CC=F,Yahoo chart API continuous-futures proxy
2007-11-09,1941,1950,1915,1921,1921,4012,CC=F,Yahoo chart API continuous-futures proxy
2007-11-12,1918,1918,1870,1877,1877,7450,CC=F,Yahoo chart API continuous-futures proxy
2007-11-13,1876,1889,1870,1879,1879,7317,CC=F,Yahoo chart API continuous-futures proxy
2007-11-14,1886,1905,1865,1882,1882,5945,CC=F,Yahoo chart API continuous-futures proxy
2007-11-15,1869,1894,1868,1885,1885,381,CC=F,Yahoo chart API continuous-futures proxy
2007-11-16,1900,1913,1891,1905,1905,170,CC=F,Yahoo chart API continuous-futures proxy
2007-11-19,1905,1906,1878,1885,1885,22,CC=F,Yahoo chart API continuous-futures proxy
2007-11-20,1894,1952,1894,1937,1937,57,CC=F,Yahoo chart API continuous-futures proxy
2007-11-21,1941,1941,1914,1916,1916,33,CC=F,Yahoo chart API continuous-futures proxy
2007-11-23,,,,,,,CC=F,Yahoo chart API continuous-futures proxy
2007-11-26,1900,1912,1893,1901,1901,27,CC=F,Yahoo chart API continuous-futures proxy
2007-11-27,1896,1900,1893,1903,1903,5,CC=F,Yahoo chart API continuous-futures proxy
2007-11-28,1890,1921,1890,1902,1902,9,CC=F,Yahoo chart API continuous-futures proxy
2007-11-29,1913,1978,1908,1967,1967,253,CC=F,Yahoo chart API continuous-futures proxy
2007-11-30,1978,1991,1974,1978,1978,160,CC=F,Yahoo chart API continuous-futures proxy
2007-12-03,2054,2057,1995,2054,2054,55,CC=F,Yahoo chart API continuous-futures proxy
2007-12-04,2075,2117,2075,2113,2113,5,CC=F,Yahoo chart API continuous-futures proxy
2007-12-05,2134,2134,2134,2134,2134,157,CC=F,Yahoo chart API continuous-futures proxy
2007-12-06,2152,2152,2152,2152,2152,1,CC=F,Yahoo chart API continuous-futures proxy
2007-12-07,2152,2152,2152,2152,2152,327,CC=F,Yahoo chart API continuous-futures proxy
2007-12-10,2205,2216,2205,2216,2216,101,CC=F,Yahoo chart API continuous-futures proxy
2007-12-11,2205,2220,2205,2205,2205,23,CC=F,Yahoo chart API continuous-futures proxy
2007-12-12,2125,2277,2125,2246,2246,30,CC=F,Yahoo chart API continuous-futures proxy
2007-12-13,2201,2201,2201,2201,2201,9018,CC=F,Yahoo chart API continuous-futures proxy
2007-12-14,2086,2101,2060,2082,2082,9244,CC=F,Yahoo chart API continuous-futures proxy
2007-12-17,2081,2095,2055,2086,2086,6196,CC=F,Yahoo chart API continuous-futures proxy
2007-12-18,2086,2134,2086,2114,2114,10884,CC=F,Yahoo chart API continuous-futures proxy
2007-12-19,2109,2147,2106,2132,2132,10643,CC=F,Yahoo chart API continuous-futures proxy
2007-12-20,2129,2133,2083,2092,2092,9890,CC=F,Yahoo chart API continuous-futures proxy
2007-12-21,2088,2109,2076,2086,2086,5243,CC=F,Yahoo chart API continuous-futures proxy
2007-12-24,,,,,,,CC=F,Yahoo chart API continuous-futures proxy
2007-12-26,2075,2080,2022,2034,2034,11026,CC=F,Yahoo chart API continuous-futures proxy
2007-12-27,2039,2070,2034,2066,2066,8813,CC=F,Yahoo chart API continuous-futures proxy
2007-12-28,2066,2069,2052,2057,2057,4932,CC=F,Yahoo chart API continuous-futures proxy
2007-12-31,2057,2065,2026,2035,2035,6127,CC=F,Yahoo chart API continuous-futures proxy
2008-01-02,2028,2105,2028,2097,2097,10055,CC=F,Yahoo chart API continuous-futures proxy
2008-01-03,2097,2141,2081,2120,2120,11139,CC=F,Yahoo chart API continuous-futures proxy
2008-01-04,2120,2125,2078,2098,2098,9298,CC=F,Yahoo chart API continuous-futures proxy
2008-01-07,2097,2164,2093,2131,2131,8050,CC=F,Yahoo chart API continuous-futures proxy
2008-01-08,2131,2176,2131,2156,2156,10134,CC=F,Yahoo chart API continuous-futures proxy
2008-01-09,2148,2157,2143,2151,2151,5776,CC=F,Yahoo chart API continuous-futures proxy
2008-01-10,2151,2173,2151,2166,2166,7863,CC=F,Yahoo chart API continuous-futures proxy
2008-01-11,2166,2183,2138,2162,2162,12128,CC=F,Yahoo chart API continuous-futures proxy
2008-01-14,2169,2237,2163,2202,2202,12291,CC=F,Yahoo chart API continuous-futures proxy
2008-01-15,2202,2223,2173,2186,2186,10199,CC=F,Yahoo chart API continuous-futures proxy
2008-01-16,2186,2186,2132,2154,2154,16876,CC=F,Yahoo chart API continuous-futures proxy
2008-01-17,2155,2217,2142,2171,2171,8035,CC=F,Yahoo chart API continuous-futures proxy
2008-01-18,2168,2168,2100,2141,2141,20750,CC=F,Yahoo chart API continuous-futures proxy
2008-01-22,2110,2136,2088,2131,2131,10886,CC=F,Yahoo chart API continuous-futures proxy
2008-01-23,2138,2160,2111,2138,2138,9910,CC=F,Yahoo chart API continuous-futures proxy
2008-01-24,2138,2203,2125,2192,2192,8660,CC=F,Yahoo chart API continuous-futures proxy
2008-01-25,2192,2217,2192,2212,2212,5056,CC=F,Yahoo chart API continuous-futures proxy
2008-01-28,2217,2218,2186,2213,2213,5023,CC=F,Yahoo chart API continuous-futures proxy
2008-01-29,2211,2237,2202,2235,2235,7933,CC=F,Yahoo chart API continuous-futures proxy
2008-01-30,2235,2295,2235,2288,2288,13011,CC=F,Yahoo chart API continuous-futures proxy
2008-01-31,2288,2330,2288,2326,2326,15609,CC=F,Yahoo chart API continuous-futures proxy
2008-02-01,2310,2339,2306,2326,2326,11885,CC=F,Yahoo chart API continuous-futures proxy
2008-02-04,2330,2349,2316,2346,2346,11784,CC=F,Yahoo chart API continuous-futures proxy
2008-02-05,2339,2365,2316,2338,2338,15210,CC=F,Yahoo chart API continuous-futures proxy
2008-02-06,2351,2372,2330,2354,2354,17266,CC=F,Yahoo chart API continuous-futures proxy
2008-02-07,2369,2405,2301,2334,2334,17060,CC=F,Yahoo chart API continuous-futures proxy
2008-02-08,2332,2390,2321,2378,2378,17408,CC=F,Yahoo chart API continuous-futures proxy
2008-02-11,2379,2394,2374,2386,2386,13791,CC=F,Yahoo chart API continuous-futures proxy
2008-02-12,2387,2466,2386,2421,2421,18748,CC=F,Yahoo chart API continuous-futures proxy
2008-02-13,2415,2471,2415,2454,2454,9814,CC=F,Yahoo chart API continuous-futures proxy
2008-02-14,2466,2586,2441,2467,2467,9003,CC=F,Yahoo chart API continuous-futures proxy
2008-02-15,2543,2560,2476,2496,2496,522,CC=F,Yahoo chart API continuous-futures proxy
2008-02-19,2479,2531,2479,2489,2489,171,CC=F,Yahoo chart API continuous-futures proxy
2008-02-20,2456,2482,2421,2456,2456,208,CC=F,Yahoo chart API continuous-futures proxy
2008-02-21,2426,2493,2441,2485,2485,50,CC=F,Yahoo chart API continuous-futures proxy
2008-02-22,2490,2566,2487,2562,2562,64,CC=F,Yahoo chart API continuous-futures proxy
2008-02-25,2587,2630,2555,2587,2587,46,CC=F,Yahoo chart API continuous-futures proxy
2008-02-26,2630,2636,2600,2622,2622,48,CC=F,Yahoo chart API continuous-futures proxy
2008-02-27,2717,2718,2690,2717,2717,33,CC=F,Yahoo chart API continuous-futures proxy
2008-02-28,2800,2800,2680,2800,2800,43,CC=F,Yahoo chart API continuous-futures proxy
2008-02-29,2754,2754,2754,2754,2754,20,CC=F,Yahoo chart API continuous-futures proxy
2008-03-03,2780,2780,2780,2772,2772,12,CC=F,Yahoo chart API continuous-futures proxy
2008-03-04,2743,2761,2743,2752,2752,12,CC=F,Yahoo chart API continuous-futures proxy
2008-03-05,2760,2760,2760,2760,2760,0,CC=F,Yahoo chart API continuous-futures proxy
2008-03-06,2760,2824,2700,2725,2725,9,CC=F,Yahoo chart API continuous-futures proxy
2008-03-07,2686,2686,2683,2713,2713,3,CC=F,Yahoo chart API continuous-futures proxy
2008-03-10,2698,2698,2698,2698,2698,12,CC=F,Yahoo chart API continuous-futures proxy
2008-03-11,2732,2760,2732,2766,2766,23,CC=F,Yahoo chart API continuous-futures proxy
2008-03-12,2818,2818,2764,2768,2768,18,CC=F,Yahoo chart API continuous-futures proxy
2008-03-13,2829,2910,2829,2922,2922,11923,CC=F,Yahoo chart API continuous-futures proxy
2008-03-14,2911,2971,2859,2904,2904,9895,CC=F,Yahoo chart API continuous-futures proxy
2008-03-17,2904,2935,2623,2730,2730,19626,CC=F,Yahoo chart API continuous-futures proxy
2008-03-18,2680,2693,2588,2604,2604,13487,CC=F,Yahoo chart API continuous-futures proxy
2008-03-19,2657,2760,2419,2533,2533,19370,CC=F,Yahoo chart API continuous-futures proxy
2008-03-20,2437,2449,2259,2299,2299,23001,CC=F,Yahoo chart API continuous-futures proxy
2008-03-24,2313,2415,2252,2265,2265,7592,CC=F,Yahoo chart API continuous-futures proxy
2008-03-25,2307,2410,2283,2398,2398,9564,CC=F,Yahoo chart API continuous-futures proxy
2008-03-26,2399,2460,2367,2423,2423,7742,CC=F,Yahoo chart API continuous-futures proxy
2008-03-27,2408,2449,2288,2432,2432,7316,CC=F,Yahoo chart API continuous-futures proxy
2008-03-28,2444,2447,2353,2363,2363,6319,CC=F,Yahoo chart API continuous-futures proxy
2008-03-31,2360,2374,2301,2321,2321,8486,CC=F,Yahoo chart API continuous-futures proxy
2008-04-01,2330,2330,2262,2282,2282,13702,CC=F,Yahoo chart API continuous-futures proxy
2008-04-02,2269,2300,2217,2230,2230,10146,CC=F,Yahoo chart API continuous-futures proxy
2008-04-03,2245,2329,2226,2247,2247,12707,CC=F,Yahoo chart API continuous-futures proxy
2008-04-04,2242,2296,2237,2264,2264,8427,CC=F,Yahoo chart API continuous-futures proxy
2008-04-07,2269,2347,2264,2315,2315,11765,CC=F,Yahoo chart API continuous-futures proxy
2008-04-08,2327,2331,2276,2288,2288,8948,CC=F,Yahoo chart API continuous-futures proxy
2008-04-09,2280,2403,2280,2376,2376,9354,CC=F,Yahoo chart API continuous-futures proxy
2008-04-10,2378,2526,2376,2469,2469,11048,CC=F,Yahoo chart API continuous-futures proxy
2008-04-11,2480,2553,2480,2541,2541,5211,CC=F,Yahoo chart API continuous-futures proxy
2008-04-14,2530,2563,2525,2550,2550,4054,CC=F,Yahoo chart API continuous-futures proxy
2008-04-15,2555,2678,2555,2640,2640,4078,CC=F,Yahoo chart API continuous-futures proxy
2008-04-16,2643,2729,2642,2686,2686,2637,CC=F,Yahoo chart API continuous-futures proxy
2008-04-17,2687,2787,2669,2776,2776,90,CC=F,Yahoo chart API continuous-futures proxy
2008-04-18,2745,2745,2612,2700,2700,30,CC=F,Yahoo chart API continuous-futures proxy
2008-04-21,2759,2767,2759,2721,2721,2,CC=F,Yahoo chart API continuous-futures proxy
2008-04-22,2812,2857,2812,2837,2837,42,CC=F,Yahoo chart API continuous-futures proxy
2008-04-23,2784,2883,2784,2867,2867,13,CC=F,Yahoo chart API continuous-futures proxy
2008-04-24,2880,2905,2785,2859,2859,16,CC=F,Yahoo chart API continuous-futures proxy
2008-04-25,2885,2885,2855,2853,2853,19,CC=F,Yahoo chart API continuous-futures proxy
2008-04-28,2864,2864,2793,2864,2864,2,CC=F,Yahoo chart API continuous-futures proxy
2008-04-29,2888,2888,2870,2870,2870,3,CC=F,Yahoo chart API continuous-futures proxy
2008-04-30,2880,2899,2880,2882,2882,2,CC=F,Yahoo chart API continuous-futures proxy
2008-05-01,2750,2772,2700,2721,2721,23,CC=F,Yahoo chart API continuous-futures proxy
2008-05-02,2740,2740,2715,2740,2740,3,CC=F,Yahoo chart API continuous-futures proxy
2008-05-05,2690,2690,2690,2690,2690,0,CC=F,Yahoo chart API continuous-futures proxy
2008-05-06,2781,2840,2781,2781,2781,0,CC=F,Yahoo chart API continuous-futures proxy
2008-05-07,2777,2777,2777,2777,2777,4,CC=F,Yahoo chart API continuous-futures proxy
2008-05-08,2815,2850,2815,2800,2800,1,CC=F,Yahoo chart API continuous-futures proxy
2008-05-09,2900,2900,2900,2875,2875,1,CC=F,Yahoo chart API continuous-futures proxy
2008-05-12,2900,2900,2880,2880,2880,33,CC=F,Yahoo chart API continuous-futures proxy
2008-05-13,2700,2772,2690,2703,2703,26,CC=F,Yahoo chart API continuous-futures proxy
2008-05-14,2745,2795,2745,2774,2774,10344,CC=F,Yahoo chart API continuous-futures proxy
2008-05-15,2641,2655,2605,2629,2629,2569,CC=F,Yahoo chart API continuous-futures proxy
2008-05-16,2622,2682,2606,2676,2676,6593,CC=F,Yahoo chart API continuous-futures proxy
2008-05-19,2666,2705,2575,2611,2611,10874,CC=F,Yahoo chart API continuous-futures proxy
2008-05-20,2600,2626,2576,2603,2603,9260,CC=F,Yahoo chart API continuous-futures proxy
2008-05-21,2603,2612,2539,2586,2586,14557,CC=F,Yahoo chart API continuous-futures proxy
2008-05-22,2590,2640,2554,2574,2574,11788,CC=F,Yahoo chart API continuous-futures proxy
2008-05-23,2574,2595,2564,2577,2577,4487,CC=F,Yahoo chart API continuous-futures proxy
2008-05-27,2589,2625,2577,2590,2590,5234,CC=F,Yahoo chart API continuous-futures proxy
2008-05-28,2592,2626,2555,2622,2622,7388,CC=F,Yahoo chart API continuous-futures proxy
2008-05-29,2626,2744,2616,2730,2730,12340,CC=F,Yahoo chart API continuous-futures proxy
2008-05-30,2723,2769,2703,2723,2723,12397,CC=F,Yahoo chart API continuous-futures proxy
2008-06-02,2742,2795,2733,2790,2790,8559,CC=F,Yahoo chart API continuous-futures proxy
2008-06-03,2781,2814,2719,2807,2807,10930,CC=F,Yahoo chart API continuous-futures proxy
2008-06-04,2795,2811,2776,2796,2796,6118,CC=F,Yahoo chart API continuous-futures proxy
2008-06-05,2798,2813,2738,2792,2792,10546,CC=F,Yahoo chart API continuous-futures proxy
2008-06-06,2794,2906,2779,2878,2878,15385,CC=F,Yahoo chart API continuous-futures proxy
2008-06-09,2844,2885,2839,2870,2870,11734,CC=F,Yahoo chart API continuous-futures proxy
2008-06-10,2871,2902,2840,2858,2858,15048,CC=F,Yahoo chart API continuous-futures proxy
2008-06-11,2877,2939,2856,2917,2917,11917,CC=F,Yahoo chart API continuous-futures proxy
2008-06-12,2935,2988,2902,2971,2971,10688,CC=F,Yahoo chart API continuous-futures proxy
2008-06-13,2963,2997,2961,2973,2973,7774,CC=F,Yahoo chart API continuous-futures proxy
2008-06-16,2990,3013,2982,3003,3003,6235,CC=F,Yahoo chart API continuous-futures proxy
2008-06-17,3000,3025,2943,2998,2998,1142,CC=F,Yahoo chart API continuous-futures proxy
2008-06-18,3030,3143,3030,3068,3068,816,CC=F,Yahoo chart API continuous-futures proxy
2008-06-19,3122,3176,3095,3163,3163,43,CC=F,Yahoo chart API continuous-futures proxy
2008-06-20,3131,3215,3131,3204,3204,24,CC=F,Yahoo chart API continuous-futures proxy
2008-06-23,3210,3227,3190,3191,3191,65,CC=F,Yahoo chart API continuous-futures proxy
2008-06-24,3229,3245,3228,3230,3230,24,CC=F,Yahoo chart API continuous-futures proxy
2008-06-25,3205,3230,3180,3200,3200,47,CC=F,Yahoo chart API continuous-futures proxy
2008-06-26,3249,3270,3200,3237,3237,11,CC=F,Yahoo chart API continuous-futures proxy
2008-06-27,3250,3280,3250,3275,3275,12,CC=F,Yahoo chart API continuous-futures proxy
2008-06-30,3280,3280,3243,3245,3245,13,CC=F,Yahoo chart API continuous-futures proxy
2008-07-01,3260,3385,3260,3360,3360,33,CC=F,Yahoo chart API continuous-futures proxy
2008-07-02,3340,3340,3333,3333,3333,5,CC=F,Yahoo chart API continuous-futures proxy
2008-07-03,3354,3354,3204,3230,3230,0,CC=F,Yahoo chart API continuous-futures proxy
2008-07-07,3014,3014,2950,2950,2950,7,CC=F,Yahoo chart API continuous-futures proxy
2008-07-08,2980,2980,2980,3000,3000,2,CC=F,Yahoo chart API continuous-futures proxy
2008-07-09,3014,3014,3014,2966,2966,1,CC=F,Yahoo chart API continuous-futures proxy
2008-07-10,3005,3012,3000,2982,2982,0,CC=F,Yahoo chart API continuous-futures proxy
2008-07-11,2983,2983,2983,2983,2983,0,CC=F,Yahoo chart API continuous-futures proxy
2008-07-14,3000,3000,3000,3005,3005,2,CC=F,Yahoo chart API continuous-futures proxy
2008-07-15,3075,3075,3050,3043,3043,12,CC=F,Yahoo chart API continuous-futures proxy
2008-07-16,3085,3085,3082,3109,3109,7295,CC=F,Yahoo chart API continuous-futures proxy
2008-07-17,3030,3036,2879,2926,2926,7442,CC=F,Yahoo chart API continuous-futures proxy
2008-07-18,2900,2900,2793,2799,2799,10757,CC=F,Yahoo chart API continuous-futures proxy
2008-07-21,2799,2879,2785,2825,2825,5565,CC=F,Yahoo chart API continuous-futures proxy
2008-07-22,2829,2854,2775,2782,2782,6495,CC=F,Yahoo chart API continuous-futures proxy
2008-07-23,2785,2787,2734,2754,2754,7295,CC=F,Yahoo chart API continuous-futures proxy
2008-07-24,2766,2782,2735,2744,2744,6511,CC=F,Yahoo chart API continuous-futures proxy
2008-07-25,2757,2825,2753,2813,2813,5047,CC=F,Yahoo chart API continuous-futures proxy
2008-07-28,2813,2860,2788,2795,2795,5429,CC=F,Yahoo chart API continuous-futures proxy
2008-07-29,2790,2865,2790,2835,2835,5984,CC=F,Yahoo chart API continuous-futures proxy
2008-07-30,2839,2855,2762,2808,2808,7279,CC=F,Yahoo chart API continuous-futures proxy
2008-07-31,2808,2860,2807,2858,2858,6332,CC=F,Yahoo chart API continuous-futures proxy
2008-08-01,2854,3013,2843,2996,2996,15018,CC=F,Yahoo chart API continuous-futures proxy
2008-08-04,3005,3011,2712,2783,2783,18611,CC=F,Yahoo chart API continuous-futures proxy
2008-08-05,2720,2776,2693,2718,2718,8086,CC=F,Yahoo chart API continuous-futures proxy
2008-08-06,2724,2866,2723,2756,2756,7792,CC=F,Yahoo chart API continuous-futures proxy
2008-08-07,2756,2809,2756,2785,2785,7401,CC=F,Yahoo chart API continuous-futures proxy
2008-08-08,2784,2785,2659,2688,2688,10300,CC=F,Yahoo chart API continuous-futures proxy
2008-08-11,2687,2735,2662,2670,2670,9466,CC=F,Yahoo chart API continuous-futures proxy
2008-08-12,2670,2719,2639,2693,2693,10291,CC=F,Yahoo chart API continuous-futures proxy
2008-08-13,2700,2718,2644,2691,2691,7388,CC=F,Yahoo chart API continuous-futures proxy
2008-08-14,2707,2744,2603,2657,2657,9306,CC=F,Yahoo chart API continuous-futures proxy
2008-08-15,2651,2651,2569,2597,2597,4698,CC=F,Yahoo chart API continuous-futures proxy
2008-08-18,2619,2635,2598,2609,2609,207,CC=F,Yahoo chart API continuous-futures proxy
2008-08-19,2626,2708,2540,2676,2676,582,CC=F,Yahoo chart API continuous-futures proxy
2008-08-20,2680,2706,2610,2658,2658,146,CC=F,Yahoo chart API continuous-futures proxy
2008-08-21,2698,2849,2698,2824,2824,21,CC=F,Yahoo chart API continuous-futures proxy
2008-08-22,2800,2804,2800,2790,2790,3,CC=F,Yahoo chart API continuous-futures proxy
2008-08-25,2850,2850,2788,2837,2837,0,CC=F,Yahoo chart API continuous-futures proxy
2008-08-26,2874,2874,2874,2874,2874,0,CC=F,Yahoo chart API continuous-futures proxy
2008-08-27,2977,2977,2945,2976,2976,12,CC=F,Yahoo chart API continuous-futures proxy
2008-08-28,2886,2886,2886,2840,2840,0,CC=F,Yahoo chart API continuous-futures proxy
2008-08-29,2864,2864,2864,2864,2864,0,CC=F,Yahoo chart API continuous-futures proxy
2008-09-02,2797,2797,2678,2667,2667,10,CC=F,Yahoo chart API continuous-futures proxy
2008-09-03,2667,2701,2648,2671,2671,3,CC=F,Yahoo chart API continuous-futures proxy
2008-09-04,2685,2685,2662,2664,2664,2,CC=F,Yahoo chart API continuous-futures proxy
2008-09-05,2660,2660,2650,2653,2653,6,CC=F,Yahoo chart API continuous-futures proxy
2008-09-08,2642,2642,2642,2562,2562,1,CC=F,Yahoo chart API continuous-futures proxy
2008-09-09,2599,2599,2585,2562,2562,0,CC=F,Yahoo chart API continuous-futures proxy
2008-09-10,2588,2588,2588,2588,2588,0,CC=F,Yahoo chart API continuous-futures proxy
2008-09-11,2510,2600,2510,2550,2550,0,CC=F,Yahoo chart API continuous-futures proxy
2008-09-12,2550,2550,2550,2550,2550,0,CC=F,Yahoo chart API continuous-futures proxy
2008-09-15,2597,2597,2597,2597,2597,7912,CC=F,Yahoo chart API continuous-futures proxy
2008-09-16,2600,2600,2514,2570,2570,6861,CC=F,Yahoo chart API continuous-futures proxy
2008-09-17,2570,2620,2542,2547,2547,6142,CC=F,Yahoo chart API continuous-futures proxy
2008-09-18,2584,2721,2584,2656,2656,15265,CC=F,Yahoo chart API continuous-futures proxy
2008-09-19,2647,2698,2629,2690,2690,4542,CC=F,Yahoo chart API continuous-futures proxy
2008-09-22,2690,2748,2630,2726,2726,8366,CC=F,Yahoo chart API continuous-futures proxy
2008-09-23,2731,2745,2685,2702,2702,4659,CC=F,Yahoo chart API continuous-futures proxy
2008-09-24,2721,2785,2720,2757,2757,7091,CC=F,Yahoo chart API continuous-futures proxy
2008-09-25,2760,2794,2725,2740,2740,4930,CC=F,Yahoo chart API continuous-futures proxy
2008-09-26,2739,2772,2710,2743,2743,4930,CC=F,Yahoo chart API continuous-futures proxy
2008-09-29,2699,2699,2515,2557,2557,10179,CC=F,Yahoo chart API continuous-futures proxy
2008-09-30,2527,2596,2510,2558,2558,5793,CC=F,Yahoo chart API continuous-futures proxy
2008-10-01,2575,2588,2495,2511,2511,4921,CC=F,Yahoo chart API continuous-futures proxy
2008-10-02,2510,2517,2425,2451,2451,9516,CC=F,Yahoo chart API continuous-futures proxy
2008-10-03,2450,2488,2414,2469,2469,9516,CC=F,Yahoo chart API continuous-futures proxy
2008-10-06,2429,2432,2378,2400,2400,7984,CC=F,Yahoo chart API continuous-futures proxy
2008-10-07,2400,2459,2396,2422,2422,6837,CC=F,Yahoo chart API continuous-futures proxy
2008-10-08,2399,2405,2331,2342,2342,8051,CC=F,Yahoo chart API continuous-futures proxy
2008-10-09,2362,2385,2325,2330,2330,4503,CC=F,Yahoo chart API continuous-futures proxy
2008-10-10,2281,2300,2205,2244,2244,4503,CC=F,Yahoo chart API continuous-futures proxy
2008-10-13,2275,2310,2245,2277,2277,4872,CC=F,Yahoo chart API continuous-futures proxy
2008-10-14,2297,2330,2297,2307,2307,3384,CC=F,Yahoo chart API continuous-futures proxy
2008-10-15,2307,2307,2190,2201,2201,7801,CC=F,Yahoo chart API continuous-futures proxy
2008-10-16,2180,2181,2093,2124,2124,9567,CC=F,Yahoo chart API continuous-futures proxy
2008-10-17,2144,2180,2105,2122,2122,9567,CC=F,Yahoo chart API continuous-futures proxy
2008-10-20,2142,2160,2063,2085,2085,5995,CC=F,Yahoo chart API continuous-futures proxy
2008-10-21,2074,2078,1999,2037,2037,8490,CC=F,Yahoo chart API continuous-futures proxy
2008-10-22,1980,2031,1924,1996,1996,14089,CC=F,Yahoo chart API continuous-futures proxy
2008-10-23,2010,2021,1963,1990,1990,8824,CC=F,Yahoo chart API continuous-futures proxy
2008-10-24,1964,2022,1867,1977,1977,8824,CC=F,Yahoo chart API continuous-futures proxy
2008-10-27,1950,1974,1881,1956,1956,4474,CC=F,Yahoo chart API continuous-futures proxy
2008-10-28,1988,2042,1960,1966,1966,3583,CC=F,Yahoo chart API continuous-futures proxy
2008-10-29,2001,2196,1995,2137,2137,7298,CC=F,Yahoo chart API continuous-futures proxy
2008-10-30,2179,2179,2062,2084,2084,8070,CC=F,Yahoo chart API continuous-futures proxy
2008-10-31,2059,2090,2037,2053,2053,8070,CC=F,Yahoo chart API continuous-futures proxy
2008-11-03,2065,2090,1955,1969,1969,7500,CC=F,Yahoo chart API continuous-futures proxy
2008-11-04,1955,2057,1936,1999,1999,8264,CC=F,Yahoo chart API continuous-futures proxy
2008-11-05,1999,2052,1957,1973,1973,8055,CC=F,Yahoo chart API continuous-futures proxy
2008-11-06,1956,1985,1903,1913,1913,6537,CC=F,Yahoo chart API continuous-futures proxy
2008-11-07,1915,1968,1909,1936,1936,6537,CC=F,Yahoo chart API continuous-futures proxy
2008-11-10,1944,2006,1931,1939,1939,7620,CC=F,Yahoo chart API continuous-futures proxy
2008-11-11,1959,1959,1924,1940,1940,7043,CC=F,Yahoo chart API continuous-futures proxy
2008-11-12,1948,1953,1904,1912,1912,8391,CC=F,Yahoo chart API continuous-futures proxy
2008-11-13,1907,1947,1886,1927,1927,5690,CC=F,Yahoo chart API continuous-futures proxy
2008-11-14,1931,2117,1931,2040,2040,5690,CC=F,Yahoo chart API continuous-futures proxy
2008-11-17,2083,2134,2041,2117,2117,313,CC=F,Yahoo chart API continuous-futures proxy
2008-11-18,2104,2220,2101,2192,2192,232,CC=F,Yahoo chart API continuous-futures proxy
2008-11-19,2240,2275,2154,2183,2183,57,CC=F,Yahoo chart API continuous-futures proxy
2008-11-20,2151,2186,2150,2179,2179,60,CC=F,Yahoo chart API continuous-futures proxy
2008-11-21,2200,2200,2156,2170,2170,60,CC=F,Yahoo chart API continuous-futures proxy
2008-11-24,2171,2235,2171,2213,2213,16,CC=F,Yahoo chart API continuous-futures proxy
2008-11-25,2220,2277,2171,2256,2256,12,CC=F,Yahoo chart API continuous-futures proxy
2008-11-26,2384,2384,2311,2311,2311,0,CC=F,Yahoo chart API continuous-futures proxy
2008-11-28,2384,2384,2384,2372,2372,0,CC=F,Yahoo chart API continuous-futures proxy
2008-12-01,2228,2228,2228,2210,2210,4,CC=F,Yahoo chart API continuous-futures proxy
2008-12-02,2181,2235,2181,2251,2251,10,CC=F,Yahoo chart API continuous-futures proxy
2008-12-03,2200,2200,2166,2223,2223,10,CC=F,Yahoo chart API continuous-futures proxy
2008-12-04,2258,2318,2258,2249,2249,5,CC=F,Yahoo chart API continuous-futures proxy
2008-12-05,2295,2299,2170,2214,2214,5,CC=F,Yahoo chart API continuous-futures proxy
2008-12-08,2312,2312,2289,2289,2289,1,CC=F,Yahoo chart API continuous-futures proxy
2008-12-09,2300,2300,2300,2257,2257,0,CC=F,Yahoo chart API continuous-futures proxy
2008-12-10,2382,2382,2382,2382,2382,0,CC=F,Yahoo chart API continuous-futures proxy
2008-12-11,2497,2497,2497,2400,2400,2,CC=F,Yahoo chart API continuous-futures proxy
2008-12-12,2515,2515,2514,2418,2418,0,CC=F,Yahoo chart API continuous-futures proxy
2008-12-15,2582,2582,2582,2582,2582,9166,CC=F,Yahoo chart API continuous-futures proxy
2008-12-16,2542,2609,2520,2569,2569,5188,CC=F,Yahoo chart API continuous-futures proxy
2008-12-17,2615,2679,2595,2616,2616,5650,CC=F,Yahoo chart API continuous-futures proxy
2008-12-18,2616,2718,2541,2672,2672,9089,CC=F,Yahoo chart API continuous-futures proxy
2008-12-19,2689,2711,2583,2595,2595,9089,CC=F,Yahoo chart API continuous-futures proxy
2008-12-22,2577,2606,2554,2562,2562,3082,CC=F,Yahoo chart API continuous-futures proxy
2008-12-23,2568,2692,2556,2651,2651,5100,CC=F,Yahoo chart API continuous-futures proxy
2008-12-24,2662,2662,2564,2626,2626,5100,CC=F,Yahoo chart API continuous-futures proxy
2008-12-26,2595,2626,2595,2626,2626,5100,CC=F,Yahoo chart API continuous-futures proxy
2008-12-29,2626,2692,2460,2551,2551,5601,CC=F,Yahoo chart API continuous-futures proxy
2008-12-30,2551,2554,2507,2529,2529,3796,CC=F,Yahoo chart API continuous-futures proxy
2008-12-31,2548,2689,2540,2665,2665,3796,CC=F,Yahoo chart API continuous-futures proxy
2009-01-02,2649,2649,2494,2540,2540,3796,CC=F,Yahoo chart API continuous-futures proxy
2009-01-05,2523,2575,2510,2555,2555,4038,CC=F,Yahoo chart API continuous-futures proxy
2009-01-06,2562,2638,2515,2568,2568,9425,CC=F,Yahoo chart API continuous-futures proxy
2009-01-07,2599,2640,2555,2596,2596,9073,CC=F,Yahoo chart API continuous-futures proxy
2009-01-08,2575,2660,2552,2616,2616,6806,CC=F,Yahoo chart API continuous-futures proxy
2009-01-09,2635,2674,2569,2585,2585,6806,CC=F,Yahoo chart API continuous-futures proxy
2009-01-12,2585,2585,2450,2506,2506,14929,CC=F,Yahoo chart API continuous-futures proxy
2009-01-13,2480,2507,2425,2485,2485,7563,CC=F,Yahoo chart API continuous-futures proxy
2009-01-14,2498,2542,2367,2398,2398,12920,CC=F,Yahoo chart API continuous-futures proxy
2009-01-15,2385,2398,2351,2367,2367,8576,CC=F,Yahoo chart API continuous-futures proxy
2009-01-16,2391,2492,2391,2463,2463,8576,CC=F,Yahoo chart API continuous-futures proxy
2009-01-20,2400,2488,2340,2470,2470,8482,CC=F,Yahoo chart API continuous-futures proxy
2009-01-21,2460,2645,2444,2602,2602,14461,CC=F,Yahoo chart API continuous-futures proxy
2009-01-22,2630,2657,2570,2580,2580,8630,CC=F,Yahoo chart API continuous-futures proxy
2009-01-23,2587,2680,2572,2661,2661,8630,CC=F,Yahoo chart API continuous-futures proxy
2009-01-26,2671,2716,2629,2667,2667,5467,CC=F,Yahoo chart API continuous-futures proxy
2009-01-27,2657,2772,2623,2745,2745,7427,CC=F,Yahoo chart API continuous-futures proxy
2009-01-28,2775,2809,2750,2792,2792,4881,CC=F,Yahoo chart API continuous-futures proxy
2009-01-29,2807,2837,2745,2801,2801,6242,CC=F,Yahoo chart API continuous-futures proxy
2009-01-30,2795,2799,2730,2771,2771,6242,CC=F,Yahoo chart API continuous-futures proxy
2009-02-02,2745,2753,2670,2720,2720,5357,CC=F,Yahoo chart API continuous-futures proxy
2009-02-03,2720,2768,2695,2746,2746,5117,CC=F,Yahoo chart API continuous-futures proxy
2009-02-04,2730,2749,2697,2728,2728,7408,CC=F,Yahoo chart API continuous-futures proxy
2009-02-05,2700,2794,2683,2765,2765,8466,CC=F,Yahoo chart API continuous-futures proxy
2009-02-06,2799,2843,2763,2828,2828,8466,CC=F,Yahoo chart API continuous-futures proxy
2009-02-09,2814,2919,2779,2832,2832,13505,CC=F,Yahoo chart API continuous-futures proxy
2009-02-10,2809,2828,2700,2718,2718,10181,CC=F,Yahoo chart API continuous-futures proxy
2009-02-11,2710,2735,2677,2714,2714,5991,CC=F,Yahoo chart API continuous-futures proxy
2009-02-12,2716,2716,2599,2644,2644,5066,CC=F,Yahoo chart API continuous-futures proxy
2009-02-13,2666,2778,2666,2752,2752,5066,CC=F,Yahoo chart API continuous-futures proxy
2009-02-17,2705,2735,2650,2693,2693,77,CC=F,Yahoo chart API continuous-futures proxy
2009-02-18,2685,2685,2616,2643,2643,216,CC=F,Yahoo chart API continuous-futures proxy
2009-02-19,2640,2695,2624,2655,2655,55,CC=F,Yahoo chart API continuous-futures proxy
2009-02-20,2618,2620,2510,2528,2528,55,CC=F,Yahoo chart API continuous-futures proxy
2009-02-23,2540,2540,2386,2406,2406,84,CC=F,Yahoo chart API continuous-futures proxy
2009-02-24,2370,2430,2356,2389,2389,40,CC=F,Yahoo chart API continuous-futures proxy
2009-02-25,2450,2520,2424,2500,2500,31,CC=F,Yahoo chart API continuous-futures proxy
2009-02-26,2542,2542,2498,2492,2492,4,CC=F,Yahoo chart API continuous-futures proxy
2009-02-27,2514,2514,2514,2508,2508,4,CC=F,Yahoo chart API continuous-futures proxy
2009-03-02,2486,2486,2280,2288,2288,9,CC=F,Yahoo chart API continuous-futures proxy
2009-03-03,2365,2365,2355,2305,2305,11,CC=F,Yahoo chart API continuous-futures proxy
2009-03-04,2297,2330,2297,2345,2345,4,CC=F,Yahoo chart API continuous-futures proxy
2009-03-05,2346,2346,2275,2316,2316,0,CC=F,Yahoo chart API continuous-futures proxy
2009-03-06,2323,2323,2323,2323,2323,4,CC=F,Yahoo chart API continuous-futures proxy
2009-03-09,2337,2337,2271,2263,2263,11,CC=F,Yahoo chart API continuous-futures proxy
2009-03-10,2238,2238,2232,2242,2242,0,CC=F,Yahoo chart API continuous-futures proxy
2009-03-11,2331,2331,2331,2331,2331,0,CC=F,Yahoo chart API continuous-futures proxy
2009-03-12,2337,2337,2337,2337,2337,0,CC=F,Yahoo chart API continuous-futures proxy
2009-03-13,2378,2378,2378,2378,2378,0,CC=F,Yahoo chart API continuous-futures proxy
2009-03-16,2420,2420,2420,2420,2420,7302,CC=F,Yahoo chart API continuous-futures proxy
2009-03-17,2419,2423,2375,2396,2396,5378,CC=F,Yahoo chart API continuous-futures proxy
2009-03-18,2390,2495,2365,2451,2451,8299,CC=F,Yahoo chart API continuous-futures proxy
2009-03-19,2486,2598,2478,2591,2591,11782,CC=F,Yahoo chart API continuous-futures proxy
2009-03-20,2570,2597,2551,2585,2585,0,CC=F,Yahoo chart API continuous-futures proxy
2009-03-23,2606,2624,2558,2593,2593,5831,CC=F,Yahoo chart API continuous-futures proxy
2009-03-24,2600,2626,2596,2609,2609,5244,CC=F,Yahoo chart API continuous-futures proxy
2009-03-25,2598,2614,2542,2586,2586,7684,CC=F,Yahoo chart API continuous-futures proxy
2009-03-26,2597,2626,2562,2592,2592,5325,CC=F,Yahoo chart API continuous-futures proxy
2009-03-27,2562,2597,2515,2573,2573,5325,CC=F,Yahoo chart API continuous-futures proxy
2009-03-30,2564,2590,2543,2576,2576,5407,CC=F,Yahoo chart API continuous-futures proxy
2009-03-31,2576,2620,2562,2605,2605,7726,CC=F,Yahoo chart API continuous-futures proxy
2009-04-01,2599,2622,2571,2618,2618,5589,CC=F,Yahoo chart API continuous-futures proxy
2009-04-02,2629,2725,2621,2701,2701,11391,CC=F,Yahoo chart API continuous-futures proxy
2009-04-03,2701,2795,2680,2787,2787,11391,CC=F,Yahoo chart API continuous-futures proxy
2009-04-06,2785,2786,2531,2548,2548,11676,CC=F,Yahoo chart API continuous-futures proxy
2009-04-07,2548,2675,2511,2664,2664,10133,CC=F,Yahoo chart API continuous-futures proxy
2009-04-08,2630,2632,2540,2548,2548,6407,CC=F,Yahoo chart API continuous-futures proxy
2009-04-09,2560,2607,2531,2555,2555,6407,CC=F,Yahoo chart API continuous-futures proxy
2009-04-13,2540,2592,2526,2561,2561,2920,CC=F,Yahoo chart API continuous-futures proxy
2009-04-14,2555,2568,2456,2464,2464,8514,CC=F,Yahoo chart API continuous-futures proxy
2009-04-15,2472,2480,2410,2425,2425,3144,CC=F,Yahoo chart API continuous-futures proxy
2009-04-16,2430,2430,2331,2339,2339,4885,CC=F,Yahoo chart API continuous-futures proxy
2009-04-17,2350,2415,2307,2402,2402,4885,CC=F,Yahoo chart API continuous-futures proxy
2009-04-20,2355,2380,2355,2354,2354,187,CC=F,Yahoo chart API continuous-futures proxy
2009-04-21,2342,2400,2340,2410,2410,56,CC=F,Yahoo chart API continuous-futures proxy
2009-04-22,2360,2373,2356,2370,2370,16,CC=F,Yahoo chart API continuous-futures proxy
2009-04-23,2403,2425,2397,2440,2440,10,CC=F,Yahoo chart API continuous-futures proxy
2009-04-24,2457,2457,2422,2429,2429,10,CC=F,Yahoo chart API continuous-futures proxy
2009-04-27,2399,2400,2356,2368,2368,52,CC=F,Yahoo chart API continuous-futures proxy
2009-04-28,2389,2389,2372,2380,2380,5,CC=F,Yahoo chart API continuous-futures proxy
2009-04-29,2370,2370,2370,2379,2379,0,CC=F,Yahoo chart API continuous-futures proxy
2009-04-30,2345,2345,2345,2345,2345,4,CC=F,Yahoo chart API continuous-futures proxy
2009-05-01,2290,2290,2290,2301,2301,0,CC=F,Yahoo chart API continuous-futures proxy
2009-05-04,2300,2300,2300,2300,2300,0,CC=F,Yahoo chart API continuous-futures proxy
2009-05-05,2310,2310,2310,2347,2347,2,CC=F,Yahoo chart API continuous-futures proxy
2009-05-06,2363,2365,2360,2341,2341,27,CC=F,Yahoo chart API continuous-futures proxy
2009-05-07,2425,2435,2425,2435,2435,0,CC=F,Yahoo chart API continuous-futures proxy
2009-05-08,2488,2488,2488,2488,2488,0,CC=F,Yahoo chart API continuous-futures proxy
2009-05-11,2433,2434,2433,2449,2449,0,CC=F,Yahoo chart API continuous-futures proxy
2009-05-12,2353,2353,2353,2353,2353,0,CC=F,Yahoo chart API continuous-futures proxy
2009-05-13,2340,2341,2340,2302,2302,6623,CC=F,Yahoo chart API continuous-futures proxy
2009-05-14,2321,2326,2262,2310,2310,7736,CC=F,Yahoo chart API continuous-futures proxy
2009-05-15,2312,2349,2303,2338,2338,7736,CC=F,Yahoo chart API continuous-futures proxy
2009-05-18,2347,2354,2292,2297,2297,5047,CC=F,Yahoo chart API continuous-futures proxy
2009-05-19,2304,2337,2298,2313,2313,6048,CC=F,Yahoo chart API continuous-futures proxy
2009-05-20,2323,2377,2292,2361,2361,5611,CC=F,Yahoo chart API continuous-futures proxy
2009-05-21,2361,2389,2326,2380,2380,5102,CC=F,Yahoo chart API continuous-futures proxy
2009-05-22,2381,2435,2371,2420,2420,5102,CC=F,Yahoo chart API continuous-futures proxy
2009-05-26,2414,2421,2380,2414,2414,5567,CC=F,Yahoo chart API continuous-futures proxy
2009-05-27,2409,2530,2409,2509,2509,13335,CC=F,Yahoo chart API continuous-futures proxy
2009-05-28,2499,2598,2476,2583,2583,9109,CC=F,Yahoo chart API continuous-futures proxy
2009-05-29,2587,2646,2575,2588,2588,9109,CC=F,Yahoo chart API continuous-futures proxy
2009-06-01,2600,2646,2587,2641,2641,7210,CC=F,Yahoo chart API continuous-futures proxy
2009-06-02,2627,2675,2606,2671,2671,8171,CC=F,Yahoo chart API continuous-futures proxy
2009-06-03,2667,2752,2615,2734,2734,13939,CC=F,Yahoo chart API continuous-futures proxy
2009-06-04,2710,2729,2640,2708,2708,7927,CC=F,Yahoo chart API continuous-futures proxy
2009-06-05,2708,2766,2687,2707,2707,7927,CC=F,Yahoo chart API continuous-futures proxy
2009-06-08,2704,2726,2672,2699,2699,5865,CC=F,Yahoo chart API continuous-futures proxy
2009-06-09,2714,2783,2703,2768,2768,8342,CC=F,Yahoo chart API continuous-futures proxy
2009-06-10,2741,2800,2734,2763,2763,8454,CC=F,Yahoo chart API continuous-futures proxy
2009-06-11,2758,2823,2758,2813,2813,6787,CC=F,Yahoo chart API continuous-futures proxy
2009-06-12,2801,2805,2743,2761,2761,6787,CC=F,Yahoo chart API continuous-futures proxy
2009-06-15,2746,2747,2588,2601,2601,2789,CC=F,Yahoo chart API continuous-futures proxy
2009-06-16,2604,2650,2605,2623,2623,3362,CC=F,Yahoo chart API continuous-futures proxy
2009-06-17,2585,2585,2499,2514,2514,619,CC=F,Yahoo chart API continuous-futures proxy
2009-06-18,2530,2552,2520,2538,2538,130,CC=F,Yahoo chart API continuous-futures proxy
2009-06-19,2530,2536,2500,2505,2505,130,CC=F,Yahoo chart API continuous-futures proxy
2009-06-22,2481,2481,2454,2453,2453,26,CC=F,Yahoo chart API continuous-futures proxy
2009-06-23,2456,2472,2455,2474,2474,23,CC=F,Yahoo chart API continuous-futures proxy
2009-06-24,2523,2540,2477,2486,2486,33,CC=F,Yahoo chart API continuous-futures proxy
2009-06-25,2443,2443,2421,2526,2526,7,CC=F,Yahoo chart API continuous-futures proxy
2009-06-26,2475,2538,2475,2525,2525,7,CC=F,Yahoo chart API continuous-futures proxy
2009-06-29,2552,2552,2552,2525,2525,2,CC=F,Yahoo chart API continuous-futures proxy
2009-06-30,2498,2498,2498,2487,2487,0,CC=F,Yahoo chart API continuous-futures proxy
2009-07-01,2477,2477,2477,2477,2477,4,CC=F,Yahoo chart API continuous-futures proxy
2009-07-02,2461,2475,2460,2477,2477,0,CC=F,Yahoo chart API continuous-futures proxy
2009-07-06,2448,2448,2448,2448,2448,0,CC=F,Yahoo chart API continuous-futures proxy
2009-07-07,2493,2493,2493,2442,2442,1,CC=F,Yahoo chart API continuous-futures proxy
2009-07-08,2470,2470,2470,2509,2509,1,CC=F,Yahoo chart API continuous-futures proxy
2009-07-09,2541,2541,2541,2619,2619,6,CC=F,Yahoo chart API continuous-futures proxy
2009-07-10,2620,2620,2620,2625,2625,6,CC=F,Yahoo chart API continuous-futures proxy
2009-07-13,2636,2636,2636,2636,2636,0,CC=F,Yahoo chart API continuous-futures proxy
2009-07-14,2700,2700,2700,2700,2700,0,CC=F,Yahoo chart API continuous-futures proxy
2009-07-15,2705,2705,2705,2690,2690,1,CC=F,Yahoo chart API continuous-futures proxy
2009-07-16,2664,2666,2664,2647,2647,5118,CC=F,Yahoo chart API continuous-futures proxy
2009-07-17,2670,2786,2660,2762,2762,8035,CC=F,Yahoo chart API continuous-futures proxy
2009-07-20,2773,2889,2773,2868,2868,9169,CC=F,Yahoo chart API continuous-futures proxy
2009-07-21,2855,2885,2837,2875,2875,6471,CC=F,Yahoo chart API continuous-futures proxy
2009-07-22,2857,2857,2729,2752,2752,9919,CC=F,Yahoo chart API continuous-futures proxy
2009-07-23,2772,2922,2771,2883,2883,9206,CC=F,Yahoo chart API continuous-futures proxy
2009-07-24,2868,2920,2833,2907,2907,7758,CC=F,Yahoo chart API continuous-futures proxy
2009-07-27,2920,2935,2847,2870,2870,4620,CC=F,Yahoo chart API continuous-futures proxy
2009-07-28,2880,2935,2861,2879,2879,5192,CC=F,Yahoo chart API continuous-futures proxy
2009-07-29,2862,2895,2780,2803,2803,6632,CC=F,Yahoo chart API continuous-futures proxy
2009-07-30,2798,2930,2798,2898,2898,9186,CC=F,Yahoo chart API continuous-futures proxy
2009-07-31,2898,2903,2845,2892,2892,4696,CC=F,Yahoo chart API continuous-futures proxy
2009-08-03,2910,2964,2860,2935,2935,11750,CC=F,Yahoo chart API continuous-futures proxy
2009-08-04,2935,2952,2880,2945,2945,7295,CC=F,Yahoo chart API continuous-futures proxy
2009-08-05,2945,2945,2852,2862,2862,7485,CC=F,Yahoo chart API continuous-futures proxy
2009-08-06,2867,2892,2808,2810,2810,8315,CC=F,Yahoo chart API continuous-futures proxy
2009-08-07,2803,2850,2791,2837,2837,9951,CC=F,Yahoo chart API continuous-futures proxy
2009-08-10,2853,2964,2834,2899,2899,8487,CC=F,Yahoo chart API continuous-futures proxy
2009-08-11,2871,2904,2792,2824,2824,9327,CC=F,Yahoo chart API continuous-futures proxy
2009-08-12,2795,2869,2778,2862,2862,13854,CC=F,Yahoo chart API continuous-futures proxy
2009-08-13,2855,2927,2845,2899,2899,8416,CC=F,Yahoo chart API continuous-futures proxy
2009-08-14,2885,2907,2817,2820,2820,8856,CC=F,Yahoo chart API continuous-futures proxy
2009-08-17,2811,2820,2720,2722,2722,3367,CC=F,Yahoo chart API continuous-futures proxy
2009-08-18,2722,2761,2700,2744,2744,237,CC=F,Yahoo chart API continuous-futures proxy
2009-08-19,2718,2954,2695,2868,2868,237,CC=F,Yahoo chart API continuous-futures proxy
2009-08-20,2874,2916,2874,2908,2908,51,CC=F,Yahoo chart API continuous-futures proxy
2009-08-21,2931,2982,2923,2949,2949,71,CC=F,Yahoo chart API continuous-futures proxy
2009-08-24,2932,2965,2905,2911,2911,39,CC=F,Yahoo chart API continuous-futures proxy
2009-08-25,2976,3001,2955,2998,2998,23,CC=F,Yahoo chart API continuous-futures proxy
2009-08-26,2951,2982,2940,2938,2938,54,CC=F,Yahoo chart API continuous-futures proxy
2009-08-27,2894,2894,2780,2796,2796,18,CC=F,Yahoo chart API continuous-futures proxy
2009-08-28,2800,2800,2780,2780,2780,13,CC=F,Yahoo chart API continuous-futures proxy
2009-08-31,2762,2782,2750,2772,2772,15,CC=F,Yahoo chart API continuous-futures proxy
2009-09-01,2819,2838,2797,2804,2804,6,CC=F,Yahoo chart API continuous-futures proxy
2009-09-02,2837,2837,2837,2923,2923,1,CC=F,Yahoo chart API continuous-futures proxy
2009-09-03,2936,2961,2916,2898,2898,38,CC=F,Yahoo chart API continuous-futures proxy
2009-09-04,2933,2933,2902,2896,2896,0,CC=F,Yahoo chart API continuous-futures proxy
2009-09-08,2971,2971,2939,2940,2940,9,CC=F,Yahoo chart API continuous-futures proxy
2009-09-09,3014,3015,3014,3016,3016,11,CC=F,Yahoo chart API continuous-futures proxy
2009-09-10,3015,3066,2998,3045,3045,12,CC=F,Yahoo chart API continuous-futures proxy
2009-09-11,3075,3075,3069,3055,3055,8,CC=F,Yahoo chart API continuous-futures proxy
2009-09-14,2957,3052,2957,3011,3011,20,CC=F,Yahoo chart API continuous-futures proxy
2009-09-15,3015,3015,3015,3048,3048,6979,CC=F,Yahoo chart API continuous-futures proxy
2009-09-16,3130,3150,2920,3074,3074,22989,CC=F,Yahoo chart API continuous-futures proxy
2009-09-17,3075,3110,3062,3074,3074,4531,CC=F,Yahoo chart API continuous-futures proxy
2009-09-18,3047,3130,3025,3112,3112,7519,CC=F,Yahoo chart API continuous-futures proxy
2009-09-21,3099,3119,3032,3076,3076,6686,CC=F,Yahoo chart API continuous-futures proxy
2009-09-22,3095,3175,3091,3170,3170,7875,CC=F,Yahoo chart API continuous-futures proxy
2009-09-23,3169,3219,3136,3155,3155,6325,CC=F,Yahoo chart API continuous-futures proxy
2009-09-24,3136,3136,3055,3066,3066,7734,CC=F,Yahoo chart API continuous-futures proxy
2009-09-25,3055,3114,3035,3083,3083,3623,CC=F,Yahoo chart API continuous-futures proxy
2009-09-28,3077,3094,3054,3085,3085,2683,CC=F,Yahoo chart API continuous-futures proxy
2009-09-29,3066,3106,3020,3056,3056,4935,CC=F,Yahoo chart API continuous-futures proxy
2009-09-30,3075,3158,3066,3140,3140,9778,CC=F,Yahoo chart API continuous-futures proxy
2009-10-01,3140,3155,3070,3092,3092,7736,CC=F,Yahoo chart API continuous-futures proxy
2009-10-02,3083,3083,2975,3001,3001,13959,CC=F,Yahoo chart API continuous-futures proxy
2009-10-05,3015,3268,2967,3240,3240,18019,CC=F,Yahoo chart API continuous-futures proxy
2009-10-06,3242,3248,3162,3211,3211,9440,CC=F,Yahoo chart API continuous-futures proxy
2009-10-07,3206,3257,3206,3242,3242,4822,CC=F,Yahoo chart API continuous-futures proxy
2009-10-08,3245,3280,3232,3244,3244,6948,CC=F,Yahoo chart API continuous-futures proxy
2009-10-09,3247,3329,3175,3243,3243,7718,CC=F,Yahoo chart API continuous-futures proxy
2009-10-12,3176,3185,3050,3068,3068,11145,CC=F,Yahoo chart API continuous-futures proxy
2009-10-13,3091,3162,3085,3096,3096,6887,CC=F,Yahoo chart API continuous-futures proxy
2009-10-14,3103,3173,3103,3149,3149,5502,CC=F,Yahoo chart API continuous-futures proxy
2009-10-15,3160,3272,3160,3267,3267,9710,CC=F,Yahoo chart API continuous-futures proxy
2009-10-16,3250,3287,3208,3273,3273,7882,CC=F,Yahoo chart API continuous-futures proxy
2009-10-19,3271,3328,3241,3305,3305,8003,CC=F,Yahoo chart API continuous-futures proxy
2009-10-20,3297,3345,3297,3333,3333,7373,CC=F,Yahoo chart API continuous-futures proxy
2009-10-21,3345,3387,3324,3384,3384,8669,CC=F,Yahoo chart API continuous-futures proxy
2009-10-22,3372,3394,3327,3392,3392,6347,CC=F,Yahoo chart API continuous-futures proxy
2009-10-23,3392,3412,3348,3365,3365,8178,CC=F,Yahoo chart API continuous-futures proxy
2009-10-26,3370,3405,3283,3354,3354,10506,CC=F,Yahoo chart API continuous-futures proxy
2009-10-27,3374,3384,3315,3347,3347,6301,CC=F,Yahoo chart API continuous-futures proxy
2009-10-28,3349,3349,3263,3328,3328,11677,CC=F,Yahoo chart API continuous-futures proxy
2009-10-29,3330,3366,3280,3355,3355,7502,CC=F,Yahoo chart API continuous-futures proxy
2009-10-30,3345,3347,3290,3297,3297,11234,CC=F,Yahoo chart API continuous-futures proxy
2009-11-02,3297,3318,3230,3250,3250,12048,CC=F,Yahoo chart API continuous-futures proxy
2009-11-03,3248,3301,3223,3274,3274,10156,CC=F,Yahoo chart API continuous-futures proxy
2009-11-04,3284,3315,3244,3272,3272,12337,CC=F,Yahoo chart API continuous-futures proxy
2009-11-05,3257,3274,3188,3218,3218,13267,CC=F,Yahoo chart API continuous-futures proxy
2009-11-06,3213,3245,3178,3186,3186,11531,CC=F,Yahoo chart API continuous-futures proxy
2009-11-09,3215,3228,3155,3162,3162,15844,CC=F,Yahoo chart API continuous-futures proxy
2009-11-10,3170,3178,3055,3089,3089,11234,CC=F,Yahoo chart API continuous-futures proxy
2009-11-11,3094,3158,3074,3152,3152,10125,CC=F,Yahoo chart API continuous-futures proxy
2009-11-12,3143,3150,3066,3073,3073,7150,CC=F,Yahoo chart API continuous-futures proxy
2009-11-13,3086,3088,3039,3073,3073,8355,CC=F,Yahoo chart API continuous-futures proxy
2009-11-16,3080,3130,3080,3092,3092,1175,CC=F,Yahoo chart API continuous-futures proxy
2009-11-17,3102,3103,3072,3086,3086,144,CC=F,Yahoo chart API continuous-futures proxy
2009-11-18,3115,3229,3099,3199,3199,147,CC=F,Yahoo chart API continuous-futures proxy
2009-11-19,3191,3198,3141,3141,3141,60,CC=F,Yahoo chart API continuous-futures proxy
2009-11-20,3144,3261,3133,3245,3245,53,CC=F,Yahoo chart API continuous-futures proxy
2009-11-23,3249,3258,3232,3242,3242,29,CC=F,Yahoo chart API continuous-futures proxy
2009-11-24,3224,3224,3200,3205,3205,50,CC=F,Yahoo chart API continuous-futures proxy
2009-11-25,3286,3287,3268,3278,3278,0,CC=F,Yahoo chart API continuous-futures proxy
2009-11-27,3228,3235,3166,3232,3232,36,CC=F,Yahoo chart API continuous-futures proxy
2009-11-30,3263,3263,3206,3214,3214,22,CC=F,Yahoo chart API continuous-futures proxy
2009-12-01,3244,3358,3244,3315,3315,63,CC=F,Yahoo chart API continuous-futures proxy
2009-12-02,3335,3338,3314,3317,3317,98,CC=F,Yahoo chart API continuous-futures proxy
2009-12-03,3320,3370,3320,3378,3378,27,CC=F,Yahoo chart API continuous-futures proxy
2009-12-04,3370,3394,3369,3361,3361,19,CC=F,Yahoo chart API continuous-futures proxy
2009-12-07,3351,3383,3351,3379,3379,19,CC=F,Yahoo chart API continuous-futures proxy
2009-12-08,3354,3375,3350,3368,3368,19,CC=F,Yahoo chart API continuous-futures proxy
2009-12-09,3430,3430,3430,3417,3417,1,CC=F,Yahoo chart API continuous-futures proxy
2009-12-10,3417,3417,3412,3423,3423,4,CC=F,Yahoo chart API continuous-futures proxy
2009-12-11,3423,3437,3400,3409,3409,13,CC=F,Yahoo chart API continuous-futures proxy
2009-12-14,3435,3440,3410,3401,3401,7,CC=F,Yahoo chart API continuous-futures proxy
2009-12-15,3410,3410,3410,3355,3355,7930,CC=F,Yahoo chart API continuous-futures proxy
2009-12-16,3385,3510,3377,3498,3498,14643,CC=F,Yahoo chart API continuous-futures proxy
2009-12-17,3476,3490,3400,3424,3424,10124,CC=F,Yahoo chart API continuous-futures proxy
2009-12-18,3455,3469,3249,3251,3251,15613,CC=F,Yahoo chart API continuous-futures proxy
2009-12-21,3265,3310,3248,3251,3251,7699,CC=F,Yahoo chart API continuous-futures proxy
2009-12-22,3275,3298,3237,3265,3265,6461,CC=F,Yahoo chart API continuous-futures proxy
2009-12-23,3275,3290,3246,3251,3251,3190,CC=F,Yahoo chart API continuous-futures proxy
2009-12-24,3277,3282,3268,3271,3271,0,CC=F,Yahoo chart API continuous-futures proxy
2009-12-28,3287,3299,3223,3230,3230,2926,CC=F,Yahoo chart API continuous-futures proxy
2009-12-29,3232,3275,3230,3237,3237,3982,CC=F,Yahoo chart API continuous-futures proxy
2009-12-30,3231,3269,3231,3247,3247,2655,CC=F,Yahoo chart API continuous-futures proxy
2009-12-31,3253,3321,3232,3289,3289,0,CC=F,Yahoo chart API continuous-futures proxy
2010-01-04,3288,3311,3245,3256,3256,6405,CC=F,Yahoo chart API continuous-futures proxy
2010-01-05,3250,3333,3246,3321,3321,6831,CC=F,Yahoo chart API continuous-futures proxy
2010-01-06,3300,3306,3272,3292,3292,6481,CC=F,Yahoo chart API continuous-futures proxy
2010-01-07,3278,3313,3257,3309,3309,6957,CC=F,Yahoo chart API continuous-futures proxy
2010-01-08,3281,3326,3281,3296,3296,4606,CC=F,Yahoo chart API continuous-futures proxy
2010-01-11,3307,3347,3307,3343,3343,7729,CC=F,Yahoo chart API continuous-futures proxy
2010-01-12,3333,3352,3282,3342,3342,8932,CC=F,Yahoo chart API continuous-futures proxy
2010-01-13,3326,3400,3307,3389,3389,7523,CC=F,Yahoo chart API continuous-futures proxy
2010-01-14,3363,3418,3363,3392,3392,6213,CC=F,Yahoo chart API continuous-futures proxy
2010-01-15,3400,3429,3380,3400,3400,6393,CC=F,Yahoo chart API continuous-futures proxy
2010-01-19,3428,3473,3402,3461,3461,9014,CC=F,Yahoo chart API continuous-futures proxy
2010-01-20,3450,3458,3413,3422,3422,6239,CC=F,Yahoo chart API continuous-futures proxy
2010-01-21,3414,3485,3411,3431,3431,6507,CC=F,Yahoo chart API continuous-futures proxy
2010-01-22,3432,3443,3356,3425,3425,10254,CC=F,Yahoo chart API continuous-futures proxy
2010-01-25,3423,3423,3382,3406,3406,4837,CC=F,Yahoo chart API continuous-futures proxy
2010-01-26,3395,3410,3312,3363,3363,11964,CC=F,Yahoo chart API continuous-futures proxy
2010-01-27,3357,3370,3172,3268,3268,19833,CC=F,Yahoo chart API continuous-futures proxy
2010-01-28,3275,3287,3211,3260,3260,12089,CC=F,Yahoo chart API continuous-futures proxy
2010-01-29,3285,3287,3175,3184,3184,12055,CC=F,Yahoo chart API continuous-futures proxy
2010-02-01,3191,3203,3143,3152,3152,10187,CC=F,Yahoo chart API continuous-futures proxy
2010-02-02,3150,3154,3040,3132,3132,15805,CC=F,Yahoo chart API continuous-futures proxy
2010-02-03,3136,3154,3070,3144,3144,12085,CC=F,Yahoo chart API continuous-futures proxy
2010-02-04,3130,3150,3060,3090,3090,12914,CC=F,Yahoo chart API continuous-futures proxy
2010-02-05,3062,3090,2965,2972,2972,14250,CC=F,Yahoo chart API continuous-futures proxy
2010-02-08,3008,3029,2955,3019,3019,14284,CC=F,Yahoo chart API continuous-futures proxy
2010-02-09,3019,3020,2978,3003,3003,10653,CC=F,Yahoo chart API continuous-futures proxy
2010-02-10,2988,3027,2967,3012,3012,7571,CC=F,Yahoo chart API continuous-futures proxy
2010-02-11,3027,3100,3006,3089,3089,4953,CC=F,Yahoo chart API continuous-futures proxy
2010-02-12,3094,3124,3019,3093,3093,923,CC=F,Yahoo chart API continuous-futures proxy
2010-02-16,3115,3165,3115,3153,3153,168,CC=F,Yahoo chart API continuous-futures proxy
2010-02-17,3120,3150,3060,3079,3079,172,CC=F,Yahoo chart API continuous-futures proxy
2010-02-18,3075,3096,3066,3071,3071,57,CC=F,Yahoo chart API continuous-futures proxy
2010-02-19,3084,3114,3054,3098,3098,41,CC=F,Yahoo chart API continuous-futures proxy
2010-02-22,3099,3141,3054,3074,3074,36,CC=F,Yahoo chart API continuous-futures proxy
2010-02-23,3068,3068,2906,2931,2931,47,CC=F,Yahoo chart API continuous-futures proxy
2010-02-24,2947,2965,2903,2955,2955,29,CC=F,Yahoo chart API continuous-futures proxy
2010-02-25,2948,2963,2896,2917,2917,147,CC=F,Yahoo chart API continuous-futures proxy
2010-02-26,2938,2942,2914,2917,2917,46,CC=F,Yahoo chart API continuous-futures proxy
2010-03-01,2917,2917,2817,2855,2855,42,CC=F,Yahoo chart API continuous-futures proxy
2010-03-02,2875,2875,2816,2819,2819,11,CC=F,Yahoo chart API continuous-futures proxy
2010-03-03,2801,2804,2780,2813,2813,29,CC=F,Yahoo chart API continuous-futures proxy
2010-03-04,2808,2814,2800,2812,2812,10,CC=F,Yahoo chart API continuous-futures proxy
2010-03-05,2839,2840,2818,2855,2855,6,CC=F,Yahoo chart API continuous-futures proxy
2010-03-08,2868,2868,2820,2827,2827,18,CC=F,Yahoo chart API continuous-futures proxy
2010-03-09,2810,2810,2761,2787,2787,35,CC=F,Yahoo chart API continuous-futures proxy
2010-03-10,2791,2840,2791,2838,2838,4,CC=F,Yahoo chart API continuous-futures proxy
2010-03-11,2855,2855,2855,2844,2844,5,CC=F,Yahoo chart API continuous-futures proxy
2010-03-12,2844,2844,2820,2910,2910,5,CC=F,Yahoo chart API continuous-futures proxy
2010-03-15,2832,2871,2832,2853,2853,0,CC=F,Yahoo chart API continuous-futures proxy
2010-03-16,2835,2835,2835,2835,2835,8417,CC=F,Yahoo chart API continuous-futures proxy
2010-03-17,2858,2941,2855,2905,2905,7328,CC=F,Yahoo chart API continuous-futures proxy
2010-03-18,2908,2963,2873,2893,2893,8337,CC=F,Yahoo chart API continuous-futures proxy
2010-03-19,2882,2913,2804,2834,2834,6328,CC=F,Yahoo chart API continuous-futures proxy
2010-03-22,2844,2898,2782,2873,2873,7125,CC=F,Yahoo chart API continuous-futures proxy
2010-03-23,2880,2935,2857,2895,2895,6560,CC=F,Yahoo chart API continuous-futures proxy
2010-03-24,2886,2886,2804,2833,2833,7187,CC=F,Yahoo chart API continuous-futures proxy
2010-03-25,2833,2854,2782,2820,2820,7531,CC=F,Yahoo chart API continuous-futures proxy
2010-03-26,2820,2872,2796,2854,2854,5678,CC=F,Yahoo chart API continuous-futures proxy
2010-03-29,2854,2932,2854,2925,2925,6338,CC=F,Yahoo chart API continuous-futures proxy
2010-03-30,2925,2980,2925,2969,2969,9423,CC=F,Yahoo chart API continuous-futures proxy
2010-03-31,2960,2991,2891,2969,2969,8764,CC=F,Yahoo chart API continuous-futures proxy
2010-04-01,2964,3000,2941,2990,2990,0,CC=F,Yahoo chart API continuous-futures proxy
2010-04-05,2970,2985,2926,2953,2953,6796,CC=F,Yahoo chart API continuous-futures proxy
2010-04-06,2959,2980,2860,2913,2913,10325,CC=F,Yahoo chart API continuous-futures proxy
2010-04-07,2882,2900,2845,2855,2855,10474,CC=F,Yahoo chart API continuous-futures proxy
2010-04-08,2850,2894,2834,2861,2861,10264,CC=F,Yahoo chart API continuous-futures proxy
2010-04-09,2864,2891,2841,2856,2856,0,CC=F,Yahoo chart API continuous-futures proxy
2010-04-12,2870,2933,2851,2919,2919,9382,CC=F,Yahoo chart API continuous-futures proxy
2010-04-13,2920,2926,2817,2868,2868,9592,CC=F,Yahoo chart API continuous-futures proxy
2010-04-14,2872,2902,2866,2890,2890,5817,CC=F,Yahoo chart API continuous-futures proxy
2010-04-15,2891,2900,2836,2876,2876,3539,CC=F,Yahoo chart API continuous-futures proxy
2010-04-16,2888,2968,2887,2965,2965,2777,CC=F,Yahoo chart API continuous-futures proxy
2010-04-19,2920,2968,2920,2942,2942,263,CC=F,Yahoo chart API continuous-futures proxy
2010-04-20,2937,3045,2937,3031,3031,64,CC=F,Yahoo chart API continuous-futures proxy
2010-04-21,3037,3074,3036,3073,3073,23,CC=F,Yahoo chart API continuous-futures proxy
2010-04-22,3075,3138,3054,3125,3125,51,CC=F,Yahoo chart API continuous-futures proxy
2010-04-23,3158,3171,3140,3182,3182,12,CC=F,Yahoo chart API continuous-futures proxy
2010-04-26,3210,3232,3210,3219,3219,5,CC=F,Yahoo chart API continuous-futures proxy
2010-04-27,3234,3234,3220,3195,3195,4,CC=F,Yahoo chart API continuous-futures proxy
2010-04-28,3187,3210,3176,3184,3184,0,CC=F,Yahoo chart API continuous-futures proxy
2010-04-29,3198,3198,3198,3198,3198,38,CC=F,Yahoo chart API continuous-futures proxy
2010-04-30,3202,3213,3202,3229,3229,2,CC=F,Yahoo chart API continuous-futures proxy
2010-05-03,3225,3232,3222,3220,3220,11,CC=F,Yahoo chart API continuous-futures proxy
2010-05-04,3222,3222,3138,3159,3159,14,CC=F,Yahoo chart API continuous-futures proxy
2010-05-05,3217,3217,3217,3190,3190,7,CC=F,Yahoo chart API continuous-futures proxy
2010-05-06,3215,3215,3181,3190,3190,16,CC=F,Yahoo chart API continuous-futures proxy
2010-05-07,3118,3118,3000,3000,3000,0,CC=F,Yahoo chart API continuous-futures proxy
2010-05-10,3061,3061,3061,3061,3061,16,CC=F,Yahoo chart API continuous-futures proxy
2010-05-11,3010,3010,2945,2955,2955,4,CC=F,Yahoo chart API continuous-futures proxy
2010-05-12,2960,2960,2960,2959,2959,6,CC=F,Yahoo chart API continuous-futures proxy
2010-05-13,2931,2946,2931,2900,2900,9716,CC=F,Yahoo chart API continuous-futures proxy
2010-05-14,2908,2912,2806,2812,2812,12428,CC=F,Yahoo chart API continuous-futures proxy
2010-05-17,2812,2824,2767,2814,2814,10139,CC=F,Yahoo chart API continuous-futures proxy
2010-05-18,2834,2855,2804,2849,2849,10964,CC=F,Yahoo chart API continuous-futures proxy
2010-05-19,2807,2842,2791,2830,2830,10850,CC=F,Yahoo chart API continuous-futures proxy
2010-05-20,2830,2852,2790,2839,2839,6917,CC=F,Yahoo chart API continuous-futures proxy
2010-05-21,2839,2899,2811,2895,2895,11391,CC=F,Yahoo chart API continuous-futures proxy
2010-05-24,2881,2919,2855,2915,2915,8055,CC=F,Yahoo chart API continuous-futures proxy
2010-05-25,2886,2938,2874,2922,2922,6975,CC=F,Yahoo chart API continuous-futures proxy
2010-05-26,2926,2943,2869,2904,2904,10431,CC=F,Yahoo chart API continuous-futures proxy
2010-05-27,2920,3018,2899,2973,2973,8886,CC=F,Yahoo chart API continuous-futures proxy
2010-05-28,2984,3001,2946,2965,2965,7173,CC=F,Yahoo chart API continuous-futures proxy
2010-06-01,2959,3000,2889,2990,2990,8574,CC=F,Yahoo chart API continuous-futures proxy
2010-06-02,2976,3050,2972,3042,3042,11859,CC=F,Yahoo chart API continuous-futures proxy
2010-06-03,3049,3065,3039,3048,3048,7299,CC=F,Yahoo chart API continuous-futures proxy
2010-06-04,3048,3067,2894,2919,2919,16300,CC=F,Yahoo chart API continuous-futures proxy
2010-06-07,2911,2956,2903,2927,2927,10424,CC=F,Yahoo chart API continuous-futures proxy
2010-06-08,2939,2969,2932,2962,2962,8764,CC=F,Yahoo chart API continuous-futures proxy
2010-06-09,2967,2991,2942,2972,2972,8925,CC=F,Yahoo chart API continuous-futures proxy
2010-06-10,2970,3004,2890,2919,2919,7905,CC=F,Yahoo chart API continuous-futures proxy
2010-06-11,2909,2999,2907,2919,2919,7112,CC=F,Yahoo chart API continuous-futures proxy
2010-06-14,2957,2983,2933,2953,2953,3744,CC=F,Yahoo chart API continuous-futures proxy
2010-06-15,2953,2966,2905,2933,2933,9656,CC=F,Yahoo chart API continuous-futures proxy
2010-06-16,2924,2947,2904,2911,2911,3873,CC=F,Yahoo chart API continuous-futures proxy
2010-06-17,2929,2929,2892,2914,2914,330,CC=F,Yahoo chart API continuous-futures proxy
2010-06-18,2920,2954,2901,2932,2932,109,CC=F,Yahoo chart API continuous-futures proxy
2010-06-21,2970,2970,2950,2959,2959,30,CC=F,Yahoo chart API continuous-futures proxy
2010-06-22,2950,3053,2915,3032,3032,52,CC=F,Yahoo chart API continuous-futures proxy
2010-06-23,3010,3045,2992,3040,3040,35,CC=F,Yahoo chart API continuous-futures proxy
2010-06-24,3054,3054,3054,3084,3084,6,CC=F,Yahoo chart API continuous-futures proxy
2010-06-25,3087,3106,3072,3092,3092,11,CC=F,Yahoo chart API continuous-futures proxy
2010-06-28,3110,3110,3105,3103,3103,23,CC=F,Yahoo chart API continuous-futures proxy
2010-06-29,3075,3075,2921,2948,2948,9,CC=F,Yahoo chart API continuous-futures proxy
2010-06-30,2902,2911,2840,2894,2894,15,CC=F,Yahoo chart API continuous-futures proxy
2010-07-01,2840,2978,2840,2969,2969,31,CC=F,Yahoo chart API continuous-futures proxy
2010-07-02,2969,2969,2969,2921,2921,0,CC=F,Yahoo chart API continuous-futures proxy
2010-07-06,2930,2930,2930,2938,2938,0,CC=F,Yahoo chart API continuous-futures proxy
2010-07-07,2941,2941,2941,2941,2941,2,CC=F,Yahoo chart API continuous-futures proxy
2010-07-08,2968,2968,2968,2939,2939,0,CC=F,Yahoo chart API continuous-futures proxy
2010-07-09,2963,2963,2963,2963,2963,0,CC=F,Yahoo chart API continuous-futures proxy
2010-07-12,2962,2962,2962,2962,2962,1,CC=F,Yahoo chart API continuous-futures proxy
2010-07-13,3004,3004,3004,3026,3026,5,CC=F,Yahoo chart API continuous-futures proxy
2010-07-14,3131,3142,3131,3134,3134,0,CC=F,Yahoo chart API continuous-futures proxy
2010-07-15,3067,3067,3067,3067,3067,8151,CC=F,Yahoo chart API continuous-futures proxy
2010-07-16,3155,3210,3138,3165,3165,12013,CC=F,Yahoo chart API continuous-futures proxy
2010-07-19,3180,3185,2946,2981,2981,19422,CC=F,Yahoo chart API continuous-futures proxy
2010-07-20,2997,3025,2932,2977,2977,9792,CC=F,Yahoo chart API continuous-futures proxy
2010-07-21,2995,3007,2924,2935,2935,6513,CC=F,Yahoo chart API continuous-futures proxy
2010-07-22,2943,2970,2902,2916,2916,8354,CC=F,Yahoo chart API continuous-futures proxy
2010-07-23,2932,2973,2916,2966,2966,6912,CC=F,Yahoo chart API continuous-futures proxy
2010-07-26,2959,3007,2945,2973,2973,4588,CC=F,Yahoo chart API continuous-futures proxy
2010-07-27,2965,3026,2954,2980,2980,5769,CC=F,Yahoo chart API continuous-futures proxy
2010-07-28,3002,3024,2983,3010,3010,4575,CC=F,Yahoo chart API continuous-futures proxy
2010-07-29,3011,3064,2996,3046,3046,7212,CC=F,Yahoo chart API continuous-futures proxy
2010-07-30,3036,3095,3028,3091,3091,6279,CC=F,Yahoo chart API continuous-futures proxy
2010-08-02,3081,3108,3040,3082,3082,9590,CC=F,Yahoo chart API continuous-futures proxy
2010-08-03,3082,3112,3046,3058,3058,10423,CC=F,Yahoo chart API continuous-futures proxy
2010-08-04,3073,3169,3066,3118,3118,15774,CC=F,Yahoo chart API continuous-futures proxy
2010-08-05,3145,3156,3092,3113,3113,7591,CC=F,Yahoo chart API continuous-futures proxy
2010-08-06,3132,3132,2976,3006,3006,0,CC=F,Yahoo chart API continuous-futures proxy
2010-08-09,2988,3029,2958,3012,3012,7897,CC=F,Yahoo chart API continuous-futures proxy
2010-08-10,2989,2989,2880,2906,2906,11894,CC=F,Yahoo chart API continuous-futures proxy
2010-08-11,2906,2934,2836,2854,2854,11898,CC=F,Yahoo chart API continuous-futures proxy
2010-08-12,2861,2899,2838,2876,2876,7510,CC=F,Yahoo chart API continuous-futures proxy
2010-08-13,2877,2879,2842,2854,2854,3213,CC=F,Yahoo chart API continuous-futures proxy
2010-08-16,2860,2882,2827,2838,2838,8397,CC=F,Yahoo chart API continuous-futures proxy
2010-08-17,2849,2865,2810,2838,2838,4638,CC=F,Yahoo chart API continuous-futures proxy
2010-08-18,2845,2876,2828,2839,2839,533,CC=F,Yahoo chart API continuous-futures proxy
2010-08-19,2839,2867,2833,2849,2849,57,CC=F,Yahoo chart API continuous-futures proxy
2010-08-20,2846,2863,2781,2790,2790,80,CC=F,Yahoo chart API continuous-futures proxy
2010-08-23,2790,2815,2777,2798,2798,35,CC=F,Yahoo chart API continuous-futures proxy
2010-08-24,2786,2790,2736,2777,2777,18,CC=F,Yahoo chart API continuous-futures proxy
2010-08-25,2730,2741,2726,2719,2719,7,CC=F,Yahoo chart API continuous-futures proxy
2010-08-26,2709,2724,2709,2710,2710,12,CC=F,Yahoo chart API continuous-futures proxy
2010-08-27,2683,2687,2683,2675,2675,7,CC=F,Yahoo chart API continuous-futures proxy
2010-08-30,2661,2661,2661,2672,2672,1,CC=F,Yahoo chart API continuous-futures proxy
2010-08-31,2661,2689,2661,2698,2698,9,CC=F,Yahoo chart API continuous-futures proxy
2010-09-01,2680,2680,2680,2707,2707,1,CC=F,Yahoo chart API continuous-futures proxy
2010-09-02,2713,2713,2707,2691,2691,3,CC=F,Yahoo chart API continuous-futures proxy
2010-09-03,2719,2719,2719,2727,2727,0,CC=F,Yahoo chart API continuous-futures proxy
2010-09-07,2699,2700,2680,2669,2669,8,CC=F,Yahoo chart API continuous-futures proxy
2010-09-08,2690,2693,2675,2684,2684,13,CC=F,Yahoo chart API continuous-futures proxy
2010-09-09,2661,2670,2661,2642,2642,5,CC=F,Yahoo chart API continuous-futures proxy
2010-09-10,2656,2656,2656,2595,2595,4,CC=F,Yahoo chart API continuous-futures proxy
2010-09-13,2587,2595,2579,2562,2562,4,CC=F,Yahoo chart API continuous-futures proxy
2010-09-14,2603,2632,2603,2641,2641,0,CC=F,Yahoo chart API continuous-futures proxy
2010-09-15,2655,2655,2655,2655,2655,6155,CC=F,Yahoo chart API continuous-futures proxy
2010-09-16,2694,2784,2694,2739,2739,12055,CC=F,Yahoo chart API continuous-futures proxy
2010-09-17,2760,2825,2725,2746,2746,9015,CC=F,Yahoo chart API continuous-futures proxy
2010-09-20,2737,2769,2695,2716,2716,5784,CC=F,Yahoo chart API continuous-futures proxy
2010-09-21,2716,2796,2682,2779,2779,9859,CC=F,Yahoo chart API continuous-futures proxy
2010-09-22,2776,2834,2746,2762,2762,9006,CC=F,Yahoo chart API continuous-futures proxy
2010-09-23,2756,2799,2751,2780,2780,4427,CC=F,Yahoo chart API continuous-futures proxy
2010-09-24,2775,2823,2768,2794,2794,6197,CC=F,Yahoo chart API continuous-futures proxy
2010-09-27,2829,2850,2791,2839,2839,6563,CC=F,Yahoo chart API continuous-futures proxy
2010-09-28,2832,2844,2800,2817,2817,6845,CC=F,Yahoo chart API continuous-futures proxy
2010-09-29,2806,2880,2806,2865,2865,8673,CC=F,Yahoo chart API continuous-futures proxy
2010-09-30,2875,2888,2636,2814,2814,14791,CC=F,Yahoo chart API continuous-futures proxy
2010-10-01,2831,2896,2763,2783,2783,10700,CC=F,Yahoo chart API continuous-futures proxy
2010-10-04,2771,2784,2731,2736,2736,6788,CC=F,Yahoo chart API continuous-futures proxy
2010-10-05,2753,2763,2700,2714,2714,7911,CC=F,Yahoo chart API continuous-futures proxy
2010-10-06,2729,2752,2714,2744,2744,4965,CC=F,Yahoo chart API continuous-futures proxy
2010-10-07,2746,2795,2736,2740,2740,6503,CC=F,Yahoo chart API continuous-futures proxy
2010-10-08,2753,2826,2718,2803,2803,7406,CC=F,Yahoo chart API continuous-futures proxy
2010-10-11,2803,2873,2798,2853,2853,10307,CC=F,Yahoo chart API continuous-futures proxy
2010-10-12,2859,2887,2817,2850,2850,10095,CC=F,Yahoo chart API continuous-futures proxy
2010-10-13,2865,2904,2860,2867,2867,6660,CC=F,Yahoo chart API continuous-futures proxy
2010-10-14,2867,2884,2823,2880,2880,7219,CC=F,Yahoo chart API continuous-futures proxy
2010-10-15,2875,2900,2794,2805,2805,7544,CC=F,Yahoo chart API continuous-futures proxy
2010-10-18,2798,2839,2780,2794,2794,7530,CC=F,Yahoo chart API continuous-futures proxy
2010-10-19,2793,2794,2725,2750,2750,8991,CC=F,Yahoo chart API continuous-futures proxy
2010-10-20,2747,2800,2735,2777,2777,6502,CC=F,Yahoo chart API continuous-futures proxy
2010-10-21,2750,2861,2745,2817,2817,8752,CC=F,Yahoo chart API continuous-futures proxy
2010-10-22,2817,2878,2812,2846,2846,5233,CC=F,Yahoo chart API continuous-futures proxy
2010-10-25,2866,2937,2861,2930,2930,10216,CC=F,Yahoo chart API continuous-futures proxy
2010-10-26,2923,2945,2881,2889,2889,10099,CC=F,Yahoo chart API continuous-futures proxy
2010-10-27,2889,2949,2850,2883,2883,9505,CC=F,Yahoo chart API continuous-futures proxy
2010-10-28,2878,2908,2807,2845,2845,9422,CC=F,Yahoo chart API continuous-futures proxy
2010-10-29,2817,2843,2780,2797,2797,10465,CC=F,Yahoo chart API continuous-futures proxy
2010-11-01,2805,2813,2756,2759,2759,9773,CC=F,Yahoo chart API continuous-futures proxy
2010-11-02,2762,2808,2762,2805,2805,8749,CC=F,Yahoo chart API continuous-futures proxy
2010-11-03,2808,2820,2757,2764,2764,9339,CC=F,Yahoo chart API continuous-futures proxy
2010-11-04,2783,2815,2752,2756,2756,13884,CC=F,Yahoo chart API continuous-futures proxy
2010-11-05,2752,2754,2705,2734,2734,13776,CC=F,Yahoo chart API continuous-futures proxy
2010-11-08,2748,2815,2696,2794,2794,16142,CC=F,Yahoo chart API continuous-futures proxy
2010-11-09,2826,2882,2803,2857,2857,19954,CC=F,Yahoo chart API continuous-futures proxy
2010-11-10,2873,2875,2807,2826,2826,8229,CC=F,Yahoo chart API continuous-futures proxy
2010-11-11,2838,2870,2806,2834,2834,12278,CC=F,Yahoo chart API continuous-futures proxy
2010-11-12,2820,2820,2724,2735,2735,11910,CC=F,Yahoo chart API continuous-futures proxy
2010-11-15,2735,2780,2705,2761,2761,4710,CC=F,Yahoo chart API continuous-futures proxy
2010-11-16,2704,2755,2691,2724,2724,607,CC=F,Yahoo chart API continuous-futures proxy
2010-11-17,2762,2805,2715,2784,2784,207,CC=F,Yahoo chart API continuous-futures proxy
2010-11-18,2820,2918,2820,2896,2896,185,CC=F,Yahoo chart API continuous-futures proxy
2010-11-19,2898,2898,2847,2826,2826,34,CC=F,Yahoo chart API continuous-futures proxy
2010-11-22,2834,2866,2823,2811,2811,45,CC=F,Yahoo chart API continuous-futures proxy
2010-11-23,2765,2795,2765,2775,2775,4,CC=F,Yahoo chart API continuous-futures proxy
2010-11-24,2808,2810,2782,2765,2765,0,CC=F,Yahoo chart API continuous-futures proxy
2010-11-26,2760,2760,2730,2756,2756,96,CC=F,Yahoo chart API continuous-futures proxy
2010-11-29,2802,2802,2750,2721,2721,5,CC=F,Yahoo chart API continuous-futures proxy
2010-11-30,2746,2750,2746,2772,2772,4,CC=F,Yahoo chart API continuous-futures proxy
2010-12-01,2782,2782,2710,2726,2726,20,CC=F,Yahoo chart API continuous-futures proxy
2010-12-02,2746,2854,2745,2836,2836,15,CC=F,Yahoo chart API continuous-futures proxy
2010-12-03,2911,2914,2900,2905,2905,0,CC=F,Yahoo chart API continuous-futures proxy
2010-12-06,3048,3048,3048,3048,3048,0,CC=F,Yahoo chart API continuous-futures proxy
2010-12-07,3100,3100,3098,3068,3068,3,CC=F,Yahoo chart API continuous-futures proxy
2010-12-08,3021,3021,3021,3015,3015,2,CC=F,Yahoo chart API continuous-futures proxy
2010-12-09,3000,3000,3000,2971,2971,0,CC=F,Yahoo chart API continuous-futures proxy
2010-12-10,2857,2857,2857,2857,2857,0,CC=F,Yahoo chart API continuous-futures proxy
2010-12-13,2861,2861,2861,2861,2861,2,CC=F,Yahoo chart API continuous-futures proxy
2010-12-14,2893,2893,2893,2912,2912,0,CC=F,Yahoo chart API continuous-futures proxy
2010-12-15,2950,2950,2950,2950,2950,7665,CC=F,Yahoo chart API continuous-futures proxy
2010-12-16,2990,3045,2971,3003,3003,8382,CC=F,Yahoo chart API continuous-futures proxy
2010-12-17,3004,3025,2933,2951,2951,6068,CC=F,Yahoo chart API continuous-futures proxy
2010-12-20,2982,3025,2928,2958,2958,8781,CC=F,Yahoo chart API continuous-futures proxy
2010-12-21,2958,2996,2950,2975,2975,4548,CC=F,Yahoo chart API continuous-futures proxy
2010-12-22,2980,2993,2946,2970,2970,5299,CC=F,Yahoo chart API continuous-futures proxy
2010-12-23,2985,3040,2984,3020,3020,6426,CC=F,Yahoo chart API continuous-futures proxy
2010-12-27,3020,3050,3006,3040,3040,2096,CC=F,Yahoo chart API continuous-futures proxy
2010-12-28,3040,3091,3038,3065,3065,4729,CC=F,Yahoo chart API continuous-futures proxy
2010-12-29,3065,3068,2969,3065,3065,8609,CC=F,Yahoo chart API continuous-futures proxy
2010-12-30,3053,3058,2995,3000,3000,5519,CC=F,Yahoo chart API continuous-futures proxy
2010-12-31,3030,3048,2988,3035,3035,5519,CC=F,Yahoo chart API continuous-futures proxy
2011-01-03,,,,,,,CC=F,Yahoo chart API continuous-futures proxy
2011-01-04,3027,3035,2906,2932,2932,14352,CC=F,Yahoo chart API continuous-futures proxy
2011-01-05,2925,2929,2822,2852,2852,14592,CC=F,Yahoo chart API continuous-futures proxy
2011-01-06,2852,2876,2826,2830,2830,6994,CC=F,Yahoo chart API continuous-futures proxy
2011-01-07,2825,2888,2821,2850,2850,6931,CC=F,Yahoo chart API continuous-futures proxy
2011-01-10,2830,2887,2823,2881,2881,8291,CC=F,Yahoo chart API continuous-futures proxy
2011-01-11,2865,2943,2855,2934,2934,8359,CC=F,Yahoo chart API continuous-futures proxy
2011-01-12,2936,2985,2934,2959,2959,6916,CC=F,Yahoo chart API continuous-futures proxy
2011-01-13,2947,2985,2924,2952,2952,6906,CC=F,Yahoo chart API continuous-futures proxy
2011-01-14,2970,3050,2938,3019,3019,0,CC=F,Yahoo chart API continuous-futures proxy
2011-01-18,3039,3067,2995,3036,3036,10174,CC=F,Yahoo chart API continuous-futures proxy
2011-01-19,3029,3112,3018,3100,3100,14759,CC=F,Yahoo chart API continuous-futures proxy
2011-01-20,3091,3190,3090,3178,3178,14543,CC=F,Yahoo chart API continuous-futures proxy
2011-01-21,3193,3250,3157,3184,3184,22370,CC=F,Yahoo chart API continuous-futures proxy
2011-01-24,3250,3393,3244,3312,3312,16937,CC=F,Yahoo chart API continuous-futures proxy
2011-01-25,3333,3375,3270,3335,3335,14592,CC=F,Yahoo chart API continuous-futures proxy
2011-01-26,3351,3395,3319,3352,3352,11687,CC=F,Yahoo chart API continuous-futures proxy
2011-01-27,3352,3420,3334,3358,3358,11339,CC=F,Yahoo chart API continuous-futures proxy
2011-01-28,3353,3358,3256,3277,3277,10954,CC=F,Yahoo chart API continuous-futures proxy
2011-01-31,3267,3365,3224,3352,3352,12696,CC=F,Yahoo chart API continuous-futures proxy
2011-02-01,3352,3369,3280,3313,3313,13480,CC=F,Yahoo chart API continuous-futures proxy
2011-02-02,3380,3380,3326,3352,3352,13016,CC=F,Yahoo chart API continuous-futures proxy
2011-02-03,3352,3382,3344,3358,3358,12081,CC=F,Yahoo chart API continuous-futures proxy
2011-02-04,3380,3380,3241,3251,3251,17449,CC=F,Yahoo chart API continuous-futures proxy
2011-02-07,3255,3281,3188,3223,3223,13905,CC=F,Yahoo chart API continuous-futures proxy
2011-02-08,3200,3258,3198,3239,3239,15796,CC=F,Yahoo chart API continuous-futures proxy
2011-02-09,3225,3307,3210,3272,3272,10095,CC=F,Yahoo chart API continuous-futures proxy
2011-02-10,3300,3437,3284,3397,3397,9068,CC=F,Yahoo chart API continuous-futures proxy
2011-02-11,3400,3416,3330,3374,3374,5676,CC=F,Yahoo chart API continuous-futures proxy
2011-02-14,3407,3434,3384,3400,3400,466,CC=F,Yahoo chart API continuous-futures proxy
2011-02-15,3425,3446,3380,3410,3410,83,CC=F,Yahoo chart API continuous-futures proxy
2011-02-16,3449,3464,3400,3463,3463,36,CC=F,Yahoo chart API continuous-futures proxy
2011-02-17,3485,3497,3418,3482,3482,48,CC=F,Yahoo chart API continuous-futures proxy
2011-02-18,3496,3540,3468,3546,3546,0,CC=F,Yahoo chart API continuous-futures proxy
2011-02-22,3600,3666,3600,3633,3633,143,CC=F,Yahoo chart API continuous-futures proxy
2011-02-23,3666,3689,3612,3661,3661,11,CC=F,Yahoo chart API continuous-futures proxy
2011-02-24,3712,3715,3712,3684,3684,6,CC=F,Yahoo chart API continuous-futures proxy
2011-02-25,3726,3726,3722,3698,3698,4,CC=F,Yahoo chart API continuous-futures proxy
2011-02-28,3730,3766,3730,3757,3757,10,CC=F,Yahoo chart API continuous-futures proxy
2011-03-01,3755,3755,3578,3660,3660,0,CC=F,Yahoo chart API continuous-futures proxy
2011-03-02,3701,3701,3701,3701,3701,29,CC=F,Yahoo chart API continuous-futures proxy
2011-03-03,3772,3826,3772,3774,3774,6,CC=F,Yahoo chart API continuous-futures proxy
2011-03-04,3807,3807,3807,3697,3697,0,CC=F,Yahoo chart API continuous-futures proxy
2011-03-07,3721,3721,3721,3721,3721,1,CC=F,Yahoo chart API continuous-futures proxy
2011-03-08,3700,3700,3700,3703,3703,1,CC=F,Yahoo chart API continuous-futures proxy
2011-03-09,3650,3650,3650,3585,3585,3,CC=F,Yahoo chart API continuous-futures proxy
2011-03-10,3575,3575,3375,3490,3490,0,CC=F,Yahoo chart API continuous-futures proxy
2011-03-11,3460,3460,3460,3460,3460,6,CC=F,Yahoo chart API continuous-futures proxy
2011-03-14,3519,3519,3519,3431,3431,5,CC=F,Yahoo chart API continuous-futures proxy
2011-03-15,3325,3325,3300,3294,3294,0,CC=F,Yahoo chart API continuous-futures proxy
2011-03-16,3233,3233,3233,3233,3233,13291,CC=F,Yahoo chart API continuous-futures proxy
2011-03-17,3225,3311,3200,3282,3282,9001,CC=F,Yahoo chart API continuous-futures proxy
2011-03-18,3315,3342,3095,3127,3127,16375,CC=F,Yahoo chart API continuous-futures proxy
2011-03-21,3120,3220,3103,3189,3189,12372,CC=F,Yahoo chart API continuous-futures proxy
2011-03-22,3150,3265,3150,3263,3263,7367,CC=F,Yahoo chart API continuous-futures proxy
2011-03-23,3255,3290,3233,3251,3251,7135,CC=F,Yahoo chart API continuous-futures proxy
2011-03-24,3236,3240,3176,3203,3203,7135,CC=F,Yahoo chart API continuous-futures proxy
2011-03-25,3222,3290,3199,3242,3242,7793,CC=F,Yahoo chart API continuous-futures proxy
2011-03-28,3201,3274,3201,3248,3248,6511,CC=F,Yahoo chart API continuous-futures proxy
2011-03-29,3241,3248,3030,3057,3057,19241,CC=F,Yahoo chart API continuous-futures proxy
2011-03-30,3028,3077,2973,2987,2987,16853,CC=F,Yahoo chart API continuous-futures proxy
2011-03-31,2977,3009,2936,2952,2952,14221,CC=F,Yahoo chart API continuous-futures proxy
2011-04-01,2938,3035,2925,3011,3011,14541,CC=F,Yahoo chart API continuous-futures proxy
2011-04-04,3011,3099,2994,3020,3020,15624,CC=F,Yahoo chart API continuous-futures proxy
2011-04-05,2992,2992,2927,2975,2975,16399,CC=F,Yahoo chart API continuous-futures proxy
2011-04-06,2986,3040,2963,2999,2999,13051,CC=F,Yahoo chart API continuous-futures proxy
2011-04-07,2975,3028,2975,2987,2987,12343,CC=F,Yahoo chart API continuous-futures proxy
2011-04-08,2991,3019,2941,2974,2974,17786,CC=F,Yahoo chart API continuous-futures proxy
2011-04-11,3000,3073,2985,3022,3022,12155,CC=F,Yahoo chart API continuous-futures proxy
2011-04-12,3019,3082,3013,3053,3053,10009,CC=F,Yahoo chart API continuous-futures proxy
2011-04-13,3086,3095,3049,3066,3066,7280,CC=F,Yahoo chart API continuous-futures proxy
2011-04-14,3076,3241,3052,3125,3125,5372,CC=F,Yahoo chart API continuous-futures proxy
2011-04-15,3200,3270,3177,3239,3239,521,CC=F,Yahoo chart API continuous-futures proxy
2011-04-18,3256,3259,3118,3127,3127,71,CC=F,Yahoo chart API continuous-futures proxy
2011-04-19,3085,3124,3068,3117,3117,13,CC=F,Yahoo chart API continuous-futures proxy
2011-04-20,3156,3185,3093,3131,3131,47,CC=F,Yahoo chart API continuous-futures proxy
2011-04-21,3125,3158,3106,3130,3130,0,CC=F,Yahoo chart API continuous-futures proxy
2011-04-25,3075,3132,3070,3128,3128,5,CC=F,Yahoo chart API continuous-futures proxy
2011-04-26,3150,3150,3150,3131,3131,2,CC=F,Yahoo chart API continuous-futures proxy
2011-04-27,3148,3152,3148,3206,3206,0,CC=F,Yahoo chart API continuous-futures proxy
2011-04-28,3330,3330,3330,3330,3330,9,CC=F,Yahoo chart API continuous-futures proxy
2011-04-29,3350,3424,3350,3390,3390,18,CC=F,Yahoo chart API continuous-futures proxy
2011-05-02,3387,3387,3339,3353,3353,17,CC=F,Yahoo chart API continuous-futures proxy
2011-05-03,3304,3307,3268,3271,3271,222,CC=F,Yahoo chart API continuous-futures proxy
2011-05-04,3287,3287,3271,3236,3236,8,CC=F,Yahoo chart API continuous-futures proxy
2011-05-05,3150,3156,3105,3087,3087,7,CC=F,Yahoo chart API continuous-futures proxy
2011-05-06,3109,3163,3100,3137,3137,9,CC=F,Yahoo chart API continuous-futures proxy
2011-05-09,3166,3166,3166,3143,3143,0,CC=F,Yahoo chart API continuous-futures proxy
2011-05-10,3135,3135,3135,3135,3135,0,CC=F,Yahoo chart API continuous-futures proxy
2011-05-11,3115,3115,3115,3115,3115,0,CC=F,Yahoo chart API continuous-futures proxy
2011-05-12,3035,3035,3035,3035,3035,0,CC=F,Yahoo chart API continuous-futures proxy
2011-05-13,3000,3000,3000,3000,3000,9104,CC=F,Yahoo chart API continuous-futures proxy
2011-05-16,3000,3036,2990,3006,3006,6029,CC=F,Yahoo chart API continuous-futures proxy
2011-05-17,3000,3006,2970,2980,2980,9877,CC=F,Yahoo chart API continuous-futures proxy
2011-05-18,2983,3024,2976,2995,2995,6746,CC=F,Yahoo chart API continuous-futures proxy
2011-05-19,2991,2997,2971,2979,2979,7503,CC=F,Yahoo chart API continuous-futures proxy
2011-05-20,2981,2993,2898,2902,2902,15893,CC=F,Yahoo chart API continuous-futures proxy
2011-05-23,2888,2906,2861,2865,2865,8452,CC=F,Yahoo chart API continuous-futures proxy
2011-05-24,2878,2923,2860,2884,2884,13172,CC=F,Yahoo chart API continuous-futures proxy
2011-05-25,2875,2986,2874,2962,2962,10973,CC=F,Yahoo chart API continuous-futures proxy
2011-05-26,2982,3062,2964,3010,3010,15639,CC=F,Yahoo chart API continuous-futures proxy
2011-05-27,3010,3040,2957,2969,2969,0,CC=F,Yahoo chart API continuous-futures proxy
2011-05-31,2975,3020,2966,2999,2999,10063,CC=F,Yahoo chart API continuous-futures proxy
2011-06-01,3000,3007,2941,2953,2953,11161,CC=F,Yahoo chart API continuous-futures proxy
2011-06-02,2953,2959,2885,2904,2904,10659,CC=F,Yahoo chart API continuous-futures proxy
2011-06-03,2900,2905,2851,2878,2878,12462,CC=F,Yahoo chart API continuous-futures proxy
2011-06-06,2865,2905,2857,2863,2863,13876,CC=F,Yahoo chart API continuous-futures proxy
2011-06-07,2863,2954,2863,2891,2891,17895,CC=F,Yahoo chart API continuous-futures proxy
2011-06-08,2882,2944,2882,2927,2927,11897,CC=F,Yahoo chart API continuous-futures proxy
2011-06-09,2933,3067,2933,2980,2980,11103,CC=F,Yahoo chart API continuous-futures proxy
2011-06-10,3009,3031,2984,2997,2997,7007,CC=F,Yahoo chart API continuous-futures proxy
2011-06-13,3000,3034,2960,3001,3001,5301,CC=F,Yahoo chart API continuous-futures proxy
2011-06-14,2999,3066,2999,3014,3014,4419,CC=F,Yahoo chart API continuous-futures proxy
2011-06-15,3034,3034,2948,2987,2987,2477,CC=F,Yahoo chart API continuous-futures proxy
2011-06-16,2949,2959,2885,2914,2914,3069,CC=F,Yahoo chart API continuous-futures proxy
2011-06-17,2900,2924,2893,2917,2917,30,CC=F,Yahoo chart API continuous-futures proxy
2011-06-20,2900,2995,2900,2967,2967,163,CC=F,Yahoo chart API continuous-futures proxy
2011-06-21,2988,3037,2982,3027,3027,49,CC=F,Yahoo chart API continuous-futures proxy
2011-06-22,3027,3054,3015,3040,3040,123,CC=F,Yahoo chart API continuous-futures proxy
2011-06-23,3009,3009,2970,2986,2986,13,CC=F,Yahoo chart API continuous-futures proxy
2011-06-24,3004,3006,2951,2958,2958,47,CC=F,Yahoo chart API continuous-futures proxy
2011-06-27,3002,3004,3002,2995,2995,3,CC=F,Yahoo chart API continuous-futures proxy
2011-06-28,2991,2993,2991,3018,3018,4,CC=F,Yahoo chart API continuous-futures proxy
2011-06-29,3050,3149,3050,3114,3114,114,CC=F,Yahoo chart API continuous-futures proxy
2011-06-30,3146,3146,3146,3170,3170,5,CC=F,Yahoo chart API continuous-futures proxy
2011-07-01,3142,3142,3142,3137,3137,0,CC=F,Yahoo chart API continuous-futures proxy
2011-07-05,3228,3228,3228,3228,3228,0,CC=F,Yahoo chart API continuous-futures proxy
2011-07-06,3190,3249,3190,3202,3202,5,CC=F,Yahoo chart API continuous-futures proxy
2011-07-07,3160,3160,3160,3194,3194,0,CC=F,Yahoo chart API continuous-futures proxy
2011-07-08,3099,3099,3099,3099,3099,0,CC=F,Yahoo chart API continuous-futures proxy
2011-07-11,3058,3058,3058,3058,3058,1,CC=F,Yahoo chart API continuous-futures proxy
2011-07-12,3097,3097,3097,3076,3076,3,CC=F,Yahoo chart API continuous-futures proxy
2011-07-13,3209,3215,3209,3180,3180,0,CC=F,Yahoo chart API continuous-futures proxy
2011-07-14,3166,3166,3166,3166,3166,8098,CC=F,Yahoo chart API continuous-futures proxy
2011-07-15,3144,3188,3128,3168,3168,6521,CC=F,Yahoo chart API continuous-futures proxy
2011-07-18,3159,3197,3117,3159,3159,7122,CC=F,Yahoo chart API continuous-futures proxy
2011-07-19,3170,3200,3134,3164,3164,7966,CC=F,Yahoo chart API continuous-futures proxy
2011-07-20,3164,3220,3155,3183,3183,7239,CC=F,Yahoo chart API continuous-futures proxy
2011-07-21,3167,3200,3143,3172,3172,6120,CC=F,Yahoo chart API continuous-futures proxy
2011-07-22,3172,3177,3045,3065,3065,14639,CC=F,Yahoo chart API continuous-futures proxy
2011-07-25,3065,3065,2973,2996,2996,16814,CC=F,Yahoo chart API continuous-futures proxy
2011-07-26,2989,3040,2983,3015,3015,15249,CC=F,Yahoo chart API continuous-futures proxy
2011-07-27,3012,3055,2981,3036,3036,13026,CC=F,Yahoo chart API continuous-futures proxy
2011-07-28,3033,3048,2972,2974,2974,10800,CC=F,Yahoo chart API continuous-futures proxy
2011-07-29,2972,3003,2956,2974,2974,8603,CC=F,Yahoo chart API continuous-futures proxy
2011-08-01,2974,2984,2946,2955,2955,10162,CC=F,Yahoo chart API continuous-futures proxy
2011-08-02,2952,2953,2925,2933,2933,14020,CC=F,Yahoo chart API continuous-futures proxy
2011-08-03,2932,2963,2912,2916,2916,17957,CC=F,Yahoo chart API continuous-futures proxy
2011-08-04,2922,2939,2875,2905,2905,14585,CC=F,Yahoo chart API continuous-futures proxy
2011-08-05,2895,3005,2875,2936,2936,18619,CC=F,Yahoo chart API continuous-futures proxy
2011-08-08,2938,2953,2893,2909,2909,15543,CC=F,Yahoo chart API continuous-futures proxy
2011-08-09,2925,2955,2901,2906,2906,12321,CC=F,Yahoo chart API continuous-futures proxy
2011-08-10,2923,2942,2832,2847,2847,18175,CC=F,Yahoo chart API continuous-futures proxy
2011-08-11,2838,2866,2814,2856,2856,9866,CC=F,Yahoo chart API continuous-futures proxy
2011-08-12,2858,2901,2856,2879,2879,6241,CC=F,Yahoo chart API continuous-futures proxy
2011-08-15,2871,2921,2871,2902,2902,7463,CC=F,Yahoo chart API continuous-futures proxy
2011-08-16,2908,2974,2883,2961,2961,7296,CC=F,Yahoo chart API continuous-futures proxy
2011-08-17,2960,3036,2950,3017,3017,4801,CC=F,Yahoo chart API continuous-futures proxy
2011-08-18,3032,3032,2940,2985,2985,1159,CC=F,Yahoo chart API continuous-futures proxy
2011-08-19,2974,3010,2974,2998,2998,46,CC=F,Yahoo chart API continuous-futures proxy
2011-08-22,3021,3045,3017,3043,3043,37,CC=F,Yahoo chart API continuous-futures proxy
2011-08-23,3079,3143,3079,3137,3137,53,CC=F,Yahoo chart API continuous-futures proxy
2011-08-24,3140,3144,3069,3080,3080,15,CC=F,Yahoo chart API continuous-futures proxy
2011-08-25,3040,3040,3040,3008,3008,17,CC=F,Yahoo chart API continuous-futures proxy
2011-08-26,3059,3059,3059,3059,3059,17,CC=F,Yahoo chart API continuous-futures proxy
2011-08-29,3110,3132,3110,3120,3120,3,CC=F,Yahoo chart API continuous-futures proxy
2011-08-30,3110,3116,3066,3087,3087,10,CC=F,Yahoo chart API continuous-futures proxy
2011-08-31,3098,3098,3098,3098,3098,10,CC=F,Yahoo chart API continuous-futures proxy
2011-09-01,3067,3067,3067,3060,3060,2,CC=F,Yahoo chart API continuous-futures proxy
2011-09-02,3092,3092,3092,3092,3092,0,CC=F,Yahoo chart API continuous-futures proxy
2011-09-06,2977,2977,2977,2977,2977,0,CC=F,Yahoo chart API continuous-futures proxy
2011-09-07,2952,2952,2952,2946,2946,1,CC=F,Yahoo chart API continuous-futures proxy
2011-09-08,2907,2907,2907,2909,2909,3,CC=F,Yahoo chart API continuous-futures proxy
2011-09-09,2898,2898,2826,2868,2868,26,CC=F,Yahoo chart API continuous-futures proxy
2011-09-12,2865,2865,2865,2851,2851,13,CC=F,Yahoo chart API continuous-futures proxy
2011-09-13,2871,2871,2825,2848,2848,2,CC=F,Yahoo chart API continuous-futures proxy
2011-09-14,2872,2872,2776,2793,2793,52,CC=F,Yahoo chart API continuous-futures proxy
2011-09-15,2784,2784,2784,2784,2784,10057,CC=F,Yahoo chart API continuous-futures proxy
2011-09-16,2796,2808,2780,2792,2792,6534,CC=F,Yahoo chart API continuous-futures proxy
2011-09-19,2778,2787,2691,2716,2716,15868,CC=F,Yahoo chart API continuous-futures proxy
2011-09-20,2727,2753,2716,2730,2730,7513,CC=F,Yahoo chart API continuous-futures proxy
2011-09-21,2731,2744,2662,2727,2727,8758,CC=F,Yahoo chart API continuous-futures proxy
2011-09-22,2707,2719,2623,2680,2680,14059,CC=F,Yahoo chart API continuous-futures proxy
2011-09-23,2700,2709,2613,2634,2634,12514,CC=F,Yahoo chart API continuous-futures proxy
2011-09-26,2626,2696,2610,2678,2678,10736,CC=F,Yahoo chart API continuous-futures proxy
2011-09-27,2672,2737,2650,2721,2721,11159,CC=F,Yahoo chart API continuous-futures proxy
2011-09-28,2708,2708,2630,2664,2664,9715,CC=F,Yahoo chart API continuous-futures proxy
2011-09-29,2645,2708,2620,2694,2694,11699,CC=F,Yahoo chart API continuous-futures proxy
2011-09-30,2698,2698,2587,2608,2608,11630,CC=F,Yahoo chart API continuous-futures proxy
2011-10-03,2600,2608,2555,2575,2575,12288,CC=F,Yahoo chart API continuous-futures proxy
2011-10-04,2554,2619,2540,2592,2592,13435,CC=F,Yahoo chart API continuous-futures proxy
2011-10-05,2604,2646,2604,2622,2622,10753,CC=F,Yahoo chart API continuous-futures proxy
2011-10-06,2631,2685,2610,2660,2660,14905,CC=F,Yahoo chart API continuous-futures proxy
2011-10-07,2683,2691,2628,2652,2652,6548,CC=F,Yahoo chart API continuous-futures proxy
2011-10-10,2655,2703,2650,2656,2656,6610,CC=F,Yahoo chart API continuous-futures proxy
2011-10-11,2656,2668,2580,2604,2604,9440,CC=F,Yahoo chart API continuous-futures proxy
2011-10-12,2596,2674,2596,2633,2633,6866,CC=F,Yahoo chart API continuous-futures proxy
2011-10-13,2640,2690,2621,2630,2630,8884,CC=F,Yahoo chart API continuous-futures proxy
2011-10-14,2647,2688,2623,2671,2671,8259,CC=F,Yahoo chart API continuous-futures proxy
2011-10-17,2684,2688,2596,2622,2622,9798,CC=F,Yahoo chart API continuous-futures proxy
2011-10-18,2590,2607,2523,2571,2571,18454,CC=F,Yahoo chart API continuous-futures proxy
2011-10-19,2600,2648,2574,2603,2603,8217,CC=F,Yahoo chart API continuous-futures proxy
2011-10-20,2590,2611,2545,2562,2562,10262,CC=F,Yahoo chart API continuous-futures proxy
2011-10-21,2577,2594,2553,2566,2566,7246,CC=F,Yahoo chart API continuous-futures proxy
2011-10-24,2566,2632,2558,2627,2627,12277,CC=F,Yahoo chart API continuous-futures proxy
2011-10-25,2632,2674,2613,2636,2636,13118,CC=F,Yahoo chart API continuous-futures proxy
2011-10-26,2652,2720,2649,2693,2693,15612,CC=F,Yahoo chart API continuous-futures proxy
2011-10-27,2707,2767,2701,2756,2756,16429,CC=F,Yahoo chart API continuous-futures proxy
2011-10-28,2756,2764,2710,2748,2748,10770,CC=F,Yahoo chart API continuous-futures proxy
2011-10-31,2724,2734,2670,2696,2696,10318,CC=F,Yahoo chart API continuous-futures proxy
2011-11-01,2667,2667,2574,2600,2600,14533,CC=F,Yahoo chart API continuous-futures proxy
2011-11-02,2600,2675,2596,2665,2665,20194,CC=F,Yahoo chart API continuous-futures proxy
2011-11-03,2634,2736,2633,2720,2720,18782,CC=F,Yahoo chart API continuous-futures proxy
2011-11-04,2729,2744,2677,2697,2697,21183,CC=F,Yahoo chart API continuous-futures proxy
2011-11-07,2722,2740,2701,2728,2728,16946,CC=F,Yahoo chart API continuous-futures proxy
2011-11-08,2729,2739,2643,2663,2663,19708,CC=F,Yahoo chart API continuous-futures proxy
2011-11-09,2676,2680,2549,2570,2570,17634,CC=F,Yahoo chart API continuous-futures proxy
2011-11-10,2571,2585,2500,2504,2504,12535,CC=F,Yahoo chart API continuous-futures proxy
2011-11-11,2505,2520,2465,2489,2489,9094,CC=F,Yahoo chart API continuous-futures proxy
2011-11-14,2500,2521,2405,2444,2444,6101,CC=F,Yahoo chart API continuous-futures proxy
2011-11-15,2442,2448,2227,2253,2253,6512,CC=F,Yahoo chart API continuous-futures proxy
2011-11-16,2257,2327,2190,2291,2291,810,CC=F,Yahoo chart API continuous-futures proxy
2011-11-17,2298,2370,2268,2374,2374,246,CC=F,Yahoo chart API continuous-futures proxy
2011-11-18,2364,2364,2292,2308,2308,86,CC=F,Yahoo chart API continuous-futures proxy
2011-11-21,2295,2295,2240,2264,2264,24,CC=F,Yahoo chart API continuous-futures proxy
2011-11-22,2278,2314,2278,2250,2250,22,CC=F,Yahoo chart API continuous-futures proxy
2011-11-23,2250,2260,2250,2246,2246,0,CC=F,Yahoo chart API continuous-futures proxy
2011-11-25,2256,2256,2256,2238,2238,1,CC=F,Yahoo chart API continuous-futures proxy
2011-11-28,2256,2271,2221,2221,2221,45,CC=F,Yahoo chart API continuous-futures proxy
2011-11-29,2177,2177,2177,2177,2177,45,CC=F,Yahoo chart API continuous-futures proxy
2011-11-30,2162,2162,2162,2162,2162,45,CC=F,Yahoo chart API continuous-futures proxy
2011-12-01,2164,2177,2077,2079,2079,23,CC=F,Yahoo chart API continuous-futures proxy
2011-12-02,2157,2166,2077,2030,2030,15,CC=F,Yahoo chart API continuous-futures proxy
2011-12-05,2035,2035,2035,2035,2035,15,CC=F,Yahoo chart API continuous-futures proxy
2011-12-06,2000,2000,2000,2000,2000,1,CC=F,Yahoo chart API continuous-futures proxy
2011-12-07,1974,1974,1974,1974,1974,1,CC=F,Yahoo chart API continuous-futures proxy
2011-12-08,1968,1968,1968,1968,1968,8,CC=F,Yahoo chart API continuous-futures proxy
2011-12-09,1920,1947,1898,1936,1936,25,CC=F,Yahoo chart API continuous-futures proxy
2011-12-12,1947,1987,1947,2021,2021,5,CC=F,Yahoo chart API continuous-futures proxy
2011-12-13,2143,2143,2101,2101,2101,4,CC=F,Yahoo chart API continuous-futures proxy
2011-12-14,2023,2023,2023,2023,2023,12033,CC=F,Yahoo chart API continuous-futures proxy
2011-12-15,2192,2210,2128,2151,2151,9819,CC=F,Yahoo chart API continuous-futures proxy
2011-12-16,2157,2177,2095,2101,2101,16729,CC=F,Yahoo chart API continuous-futures proxy
2011-12-19,2090,2130,2065,2070,2070,8962,CC=F,Yahoo chart API continuous-futures proxy
2011-12-20,2082,2191,2077,2185,2185,13974,CC=F,Yahoo chart API continuous-futures proxy
2011-12-21,2192,2247,2173,2244,2244,10920,CC=F,Yahoo chart API continuous-futures proxy
2011-12-22,2235,2253,2192,2221,2221,9407,CC=F,Yahoo chart API continuous-futures proxy
2011-12-23,2210,2239,2199,2218,2218,0,CC=F,Yahoo chart API continuous-futures proxy
2011-12-27,2200,2245,2186,2216,2216,3067,CC=F,Yahoo chart API continuous-futures proxy
2011-12-28,2213,2231,2118,2133,2133,7011,CC=F,Yahoo chart API continuous-futures proxy
2011-12-29,2123,2145,2076,2083,2083,5245,CC=F,Yahoo chart API continuous-futures proxy
2011-12-30,2082,2145,2073,2109,2109,0,CC=F,Yahoo chart API continuous-futures proxy
2012-01-03,2122,2179,2100,2115,2115,10743,CC=F,Yahoo chart API continuous-futures proxy
2012-01-04,2111,2141,2068,2075,2075,10194,CC=F,Yahoo chart API continuous-futures proxy
2012-01-05,2067,2115,2016,2028,2028,12748,CC=F,Yahoo chart API continuous-futures proxy
2012-01-06,2016,2068,2003,2028,2028,9487,CC=F,Yahoo chart API continuous-futures proxy
2012-01-09,2028,2199,2023,2170,2170,17387,CC=F,Yahoo chart API continuous-futures proxy
2012-01-10,2188,2369,2180,2333,2333,26199,CC=F,Yahoo chart API continuous-futures proxy
2012-01-11,2350,2388,2240,2350,2350,19741,CC=F,Yahoo chart API continuous-futures proxy
2012-01-12,2350,2376,2307,2326,2326,10520,CC=F,Yahoo chart API continuous-futures proxy
2012-01-13,2300,2300,2233,2269,2269,0,CC=F,Yahoo chart API continuous-futures proxy
2012-01-17,2266,2287,2230,2270,2270,10870,CC=F,Yahoo chart API continuous-futures proxy
2012-01-18,2280,2298,2259,2265,2265,7782,CC=F,Yahoo chart API continuous-futures proxy
2012-01-19,2293,2350,2282,2320,2320,9551,CC=F,Yahoo chart API continuous-futures proxy
2012-01-20,2311,2333,2255,2259,2259,11302,CC=F,Yahoo chart API continuous-futures proxy
2012-01-23,2263,2297,2244,2269,2269,8343,CC=F,Yahoo chart API continuous-futures proxy
2012-01-24,2269,2425,2257,2413,2413,21457,CC=F,Yahoo chart API continuous-futures proxy
2012-01-25,2410,2456,2389,2422,2422,15409,CC=F,Yahoo chart API continuous-futures proxy
2012-01-26,2428,2474,2427,2452,2452,10206,CC=F,Yahoo chart API continuous-futures proxy
2012-01-27,2452,2480,2361,2406,2406,12993,CC=F,Yahoo chart API continuous-futures proxy
2012-01-30,2359,2359,2274,2280,2280,13197,CC=F,Yahoo chart API continuous-futures proxy
2012-01-31,2280,2340,2277,2291,2291,12157,CC=F,Yahoo chart API continuous-futures proxy
2012-02-01,2291,2328,2220,2225,2225,14973,CC=F,Yahoo chart API continuous-futures proxy
2012-02-02,2234,2255,2210,2225,2225,14162,CC=F,Yahoo chart API continuous-futures proxy
2012-02-03,2235,2339,2213,2300,2300,20527,CC=F,Yahoo chart API continuous-futures proxy
2012-02-06,2317,2332,2237,2263,2263,13733,CC=F,Yahoo chart API continuous-futures proxy
2012-02-07,2260,2285,2230,2273,2273,16731,CC=F,Yahoo chart API continuous-futures proxy
2012-02-08,2278,2304,2243,2263,2263,17411,CC=F,Yahoo chart API continuous-futures proxy
2012-02-09,2249,2265,2186,2236,2236,21089,CC=F,Yahoo chart API continuous-futures proxy
2012-02-10,2217,2226,2140,2156,2156,12471,CC=F,Yahoo chart API continuous-futures proxy
2012-02-13,2161,2238,2148,2199,2199,11320,CC=F,Yahoo chart API continuous-futures proxy
2012-02-14,2215,2330,2180,2270,2270,5032,CC=F,Yahoo chart API continuous-futures proxy
2012-02-15,2300,2410,2287,2392,2392,277,CC=F,Yahoo chart API continuous-futures proxy
2012-02-16,2369,2477,2337,2453,2453,510,CC=F,Yahoo chart API continuous-futures proxy
2012-02-17,2425,2425,2366,2389,2389,198,CC=F,Yahoo chart API continuous-futures proxy
2012-02-21,2400,2430,2373,2456,2456,19,CC=F,Yahoo chart API continuous-futures proxy
2012-02-22,2456,2480,2430,2457,2457,36,CC=F,Yahoo chart API continuous-futures proxy
2012-02-23,2518,2519,2350,2371,2371,57,CC=F,Yahoo chart API continuous-futures proxy
2012-02-24,2355,2399,2352,2370,2370,53,CC=F,Yahoo chart API continuous-futures proxy
2012-02-27,2413,2413,2413,2413,2413,53,CC=F,Yahoo chart API continuous-futures proxy
2012-02-28,2471,2476,2458,2414,2414,10,CC=F,Yahoo chart API continuous-futures proxy
2012-02-29,2410,2410,2355,2383,2383,13,CC=F,Yahoo chart API continuous-futures proxy
2012-03-01,2396,2396,2334,2392,2392,12,CC=F,Yahoo chart API continuous-futures proxy
2012-03-02,2389,2389,2372,2358,2358,3,CC=F,Yahoo chart API continuous-futures proxy
2012-03-05,2334,2334,2334,2314,2314,2,CC=F,Yahoo chart API continuous-futures proxy
2012-03-06,2300,2300,2283,2316,2316,102,CC=F,Yahoo chart API continuous-futures proxy
2012-03-07,2310,2310,2310,2310,2310,102,CC=F,Yahoo chart API continuous-futures proxy
2012-03-08,2415,2444,2415,2439,2439,22,CC=F,Yahoo chart API continuous-futures proxy
2012-03-09,2422,2430,2422,2440,2440,10,CC=F,Yahoo chart API continuous-futures proxy
2012-03-12,2424,2424,2424,2415,2415,2,CC=F,Yahoo chart API continuous-futures proxy
2012-03-13,2385,2441,2377,2392,2392,43,CC=F,Yahoo chart API continuous-futures proxy
2012-03-14,2340,2340,2340,2340,2340,43,CC=F,Yahoo chart API continuous-futures proxy
2012-03-15,2331,2331,2269,2254,2254,23889,CC=F,Yahoo chart API continuous-futures proxy
2012-03-16,2221,2270,2169,2256,2256,13339,CC=F,Yahoo chart API continuous-futures proxy
2012-03-19,2256,2304,2242,2289,2289,9512,CC=F,Yahoo chart API continuous-futures proxy
2012-03-20,2298,2388,2285,2372,2372,13626,CC=F,Yahoo chart API continuous-futures proxy
2012-03-21,2371,2416,2327,2359,2359,13583,CC=F,Yahoo chart API continuous-futures proxy
2012-03-22,2340,2354,2279,2285,2285,12703,CC=F,Yahoo chart API continuous-futures proxy
2012-03-23,2309,2320,2271,2307,2307,13069,CC=F,Yahoo chart API continuous-futures proxy
2012-03-26,2304,2344,2290,2331,2331,9061,CC=F,Yahoo chart API continuous-futures proxy
2012-03-27,2329,2384,2321,2356,2356,13333,CC=F,Yahoo chart API continuous-futures proxy
2012-03-28,2332,2375,2285,2295,2295,14006,CC=F,Yahoo chart API continuous-futures proxy
2012-03-29,2291,2297,2194,2223,2223,17341,CC=F,Yahoo chart API continuous-futures proxy
2012-03-30,2223,2258,2196,2219,2219,15070,CC=F,Yahoo chart API continuous-futures proxy
2012-04-02,2223,2274,2162,2187,2187,22683,CC=F,Yahoo chart API continuous-futures proxy
2012-04-03,2177,2188,2138,2143,2143,16112,CC=F,Yahoo chart API continuous-futures proxy
2012-04-04,2129,2139,2060,2083,2083,17782,CC=F,Yahoo chart API continuous-futures proxy
2012-04-05,2090,2132,2068,2085,2085,0,CC=F,Yahoo chart API continuous-futures proxy
2012-04-09,2095,2118,2068,2108,2108,14538,CC=F,Yahoo chart API continuous-futures proxy
2012-04-10,2115,2127,2052,2064,2064,21211,CC=F,Yahoo chart API continuous-futures proxy
2012-04-11,2067,2126,2052,2103,2103,16903,CC=F,Yahoo chart API continuous-futures proxy
2012-04-12,2116,2167,2061,2160,2160,11805,CC=F,Yahoo chart API continuous-futures proxy
2012-04-13,2160,2259,2160,2248,2248,9420,CC=F,Yahoo chart API continuous-futures proxy
2012-04-16,2232,2307,2222,2300,2300,3211,CC=F,Yahoo chart API continuous-futures proxy
2012-04-17,2260,2327,2258,2319,2319,308,CC=F,Yahoo chart API continuous-futures proxy
2012-04-18,2307,2307,2264,2283,2283,64,CC=F,Yahoo chart API continuous-futures proxy
2012-04-19,2244,2279,2230,2258,2258,38,CC=F,Yahoo chart API continuous-futures proxy
2012-04-20,2250,2315,2250,2299,2299,35,CC=F,Yahoo chart API continuous-futures proxy
2012-04-23,2300,2300,2245,2245,2245,28,CC=F,Yahoo chart API continuous-futures proxy
2012-04-24,2269,2338,2269,2325,2325,53,CC=F,Yahoo chart API continuous-futures proxy
2012-04-25,2345,2354,2290,2302,2302,4,CC=F,Yahoo chart API continuous-futures proxy
2012-04-26,2303,2326,2303,2327,2327,11,CC=F,Yahoo chart API continuous-futures proxy
2012-04-27,2364,2364,2364,2364,2364,19,CC=F,Yahoo chart API continuous-futures proxy
2012-04-30,2370,2383,2242,2263,2263,17,CC=F,Yahoo chart API continuous-futures proxy
2012-05-01,2268,2376,2268,2359,2359,7,CC=F,Yahoo chart API continuous-futures proxy
2012-05-02,2372,2372,2372,2372,2372,7,CC=F,Yahoo chart API continuous-futures proxy
2012-05-03,2332,2332,2332,2332,2332,7,CC=F,Yahoo chart API continuous-futures proxy
2012-05-04,2312,2312,2312,2312,2312,7,CC=F,Yahoo chart API continuous-futures proxy
2012-05-07,2378,2378,2378,2378,2378,7,CC=F,Yahoo chart API continuous-futures proxy
2012-05-08,2396,2396,2360,2356,2356,5,CC=F,Yahoo chart API continuous-futures proxy
2012-05-09,2314,2359,2314,2364,2364,11,CC=F,Yahoo chart API continuous-futures proxy
2012-05-10,2346,2396,2333,2390,2390,33,CC=F,Yahoo chart API continuous-futures proxy
2012-05-11,2274,2274,2272,2372,2372,14,CC=F,Yahoo chart API continuous-futures proxy
2012-05-14,2339,2343,2339,2321,2321,6,CC=F,Yahoo chart API continuous-futures proxy
2012-05-15,2278,2278,2278,2278,2278,8801,CC=F,Yahoo chart API continuous-futures proxy
2012-05-16,2239,2299,2227,2292,2292,8198,CC=F,Yahoo chart API continuous-futures proxy
2012-05-17,2282,2289,2220,2224,2224,12932,CC=F,Yahoo chart API continuous-futures proxy
2012-05-18,2222,2286,2221,2273,2273,9259,CC=F,Yahoo chart API continuous-futures proxy
2012-05-21,2270,2275,2225,2238,2238,10349,CC=F,Yahoo chart API continuous-futures proxy
2012-05-22,2237,2255,2163,2179,2179,15963,CC=F,Yahoo chart API continuous-futures proxy
2012-05-23,2165,2172,2100,2124,2124,18099,CC=F,Yahoo chart API continuous-futures proxy
2012-05-24,2108,2128,2094,2105,2105,11470,CC=F,Yahoo chart API continuous-futures proxy
2012-05-25,2119,2133,2092,2110,2110,0,CC=F,Yahoo chart API continuous-futures proxy
2012-05-29,2105,2156,2096,2110,2110,12226,CC=F,Yahoo chart API continuous-futures proxy
2012-05-30,2105,2105,2047,2070,2070,13700,CC=F,Yahoo chart API continuous-futures proxy
2012-05-31,2071,2110,2070,2083,2083,14553,CC=F,Yahoo chart API continuous-futures proxy
2012-06-01,2069,2086,2026,2063,2063,13556,CC=F,Yahoo chart API continuous-futures proxy
2012-06-04,2060,2100,2026,2094,2094,14939,CC=F,Yahoo chart API continuous-futures proxy
2012-06-05,2090,2169,2073,2163,2163,17686,CC=F,Yahoo chart API continuous-futures proxy
2012-06-06,2159,2220,2133,2203,2203,24558,CC=F,Yahoo chart API continuous-futures proxy
2012-06-07,2200,2250,2190,2226,2226,16882,CC=F,Yahoo chart API continuous-futures proxy
2012-06-08,2203,2235,2173,2200,2200,16968,CC=F,Yahoo chart API continuous-futures proxy
2012-06-11,2214,2247,2179,2197,2197,10732,CC=F,Yahoo chart API continuous-futures proxy
2012-06-12,2185,2282,2185,2249,2249,14306,CC=F,Yahoo chart API continuous-futures proxy
2012-06-13,2256,2279,2232,2257,2257,6886,CC=F,Yahoo chart API continuous-futures proxy
2012-06-14,2243,2251,2194,2225,2225,9054,CC=F,Yahoo chart API continuous-futures proxy
2012-06-15,2240,2250,2203,2219,2219,2390,CC=F,Yahoo chart API continuous-futures proxy
2012-06-18,2219,2240,2163,2174,2174,250,CC=F,Yahoo chart API continuous-futures proxy
2012-06-19,2180,2235,2180,2230,2230,100,CC=F,Yahoo chart API continuous-futures proxy
2012-06-20,2217,2228,2156,2167,2167,155,CC=F,Yahoo chart API continuous-futures proxy
2012-06-21,2162,2200,2141,2130,2130,31,CC=F,Yahoo chart API continuous-futures proxy
2012-06-22,2131,2131,2087,2094,2094,32,CC=F,Yahoo chart API continuous-futures proxy
2012-06-25,2093,2103,2093,2087,2087,8,CC=F,Yahoo chart API continuous-futures proxy
2012-06-26,2124,2149,2102,2149,2149,51,CC=F,Yahoo chart API continuous-futures proxy
2012-06-27,2147,2164,2147,2226,2226,5,CC=F,Yahoo chart API continuous-futures proxy
2012-06-28,2237,2239,2209,2226,2226,9,CC=F,Yahoo chart API continuous-futures proxy
2012-06-29,2274,2291,2274,2289,2289,4,CC=F,Yahoo chart API continuous-futures proxy
2012-07-02,2277,2290,2260,2282,2282,12,CC=F,Yahoo chart API continuous-futures proxy
2012-07-03,2330,2330,2330,2344,2344,0,CC=F,Yahoo chart API continuous-futures proxy
2012-07-05,2330,2344,2327,2318,2318,32,CC=F,Yahoo chart API continuous-futures proxy
2012-07-06,2245,2245,2245,2245,2245,7,CC=F,Yahoo chart API continuous-futures proxy
2012-07-09,2312,2312,2312,2312,2312,7,CC=F,Yahoo chart API continuous-futures proxy
2012-07-10,2300,2300,2300,2300,2300,16,CC=F,Yahoo chart API continuous-futures proxy
2012-07-11,2305,2306,2305,2286,2286,18,CC=F,Yahoo chart API continuous-futures proxy
2012-07-12,2184,2184,2184,2184,2184,4,CC=F,Yahoo chart API continuous-futures proxy
2012-07-13,2210,2210,2210,2210,2210,15,CC=F,Yahoo chart API continuous-futures proxy
2012-07-16,2197,2197,2197,2197,2197,11046,CC=F,Yahoo chart API continuous-futures proxy
2012-07-17,2208,2220,2159,2195,2195,9934,CC=F,Yahoo chart API continuous-futures proxy
2012-07-18,2207,2217,2169,2204,2204,6611,CC=F,Yahoo chart API continuous-futures proxy
2012-07-19,2215,2285,2215,2230,2230,11887,CC=F,Yahoo chart API continuous-futures proxy
2012-07-20,2227,2257,2217,2229,2229,7280,CC=F,Yahoo chart API continuous-futures proxy
2012-07-23,2229,2270,2188,2238,2238,10752,CC=F,Yahoo chart API continuous-futures proxy
2012-07-24,2260,2278,2202,2209,2209,14252,CC=F,Yahoo chart API continuous-futures proxy
2012-07-25,2241,2255,2195,2230,2230,8513,CC=F,Yahoo chart API continuous-futures proxy
2012-07-26,2230,2330,2215,2316,2316,18990,CC=F,Yahoo chart API continuous-futures proxy
2012-07-27,2309,2352,2297,2330,2330,12928,CC=F,Yahoo chart API continuous-futures proxy
2012-07-30,2330,2356,2320,2341,2341,10658,CC=F,Yahoo chart API continuous-futures proxy
2012-07-31,2331,2387,2312,2376,2376,18069,CC=F,Yahoo chart API continuous-futures proxy
2012-08-01,2390,2409,2370,2401,2401,16072,CC=F,Yahoo chart API continuous-futures proxy
2012-08-02,2384,2404,2357,2369,2369,15993,CC=F,Yahoo chart API continuous-futures proxy
2012-08-03,2366,2436,2361,2398,2398,14656,CC=F,Yahoo chart API continuous-futures proxy
2012-08-06,2386,2405,2352,2398,2398,12140,CC=F,Yahoo chart API continuous-futures proxy
2012-08-07,2402,2451,2402,2447,2447,17520,CC=F,Yahoo chart API continuous-futures proxy
2012-08-08,2436,2479,2434,2463,2463,11419,CC=F,Yahoo chart API continuous-futures proxy
2012-08-09,2457,2478,2415,2463,2463,17440,CC=F,Yahoo chart API continuous-futures proxy
2012-08-10,2452,2475,2431,2446,2446,9358,CC=F,Yahoo chart API continuous-futures proxy
2012-08-13,2432,2488,2365,2388,2388,12514,CC=F,Yahoo chart API continuous-futures proxy
2012-08-14,2387,2468,2386,2430,2430,10135,CC=F,Yahoo chart API continuous-futures proxy
2012-08-15,2425,2458,2416,2429,2429,7535,CC=F,Yahoo chart API continuous-futures proxy
2012-08-16,2428,2450,2402,2424,2424,8524,CC=F,Yahoo chart API continuous-futures proxy
2012-08-17,2432,2500,2430,2487,2487,1850,CC=F,Yahoo chart API continuous-futures proxy
2012-08-20,2500,2509,2440,2465,2465,292,CC=F,Yahoo chart API continuous-futures proxy
2012-08-21,2465,2497,2450,2473,2473,101,CC=F,Yahoo chart API continuous-futures proxy
2012-08-22,2451,2451,2410,2420,2420,40,CC=F,Yahoo chart API continuous-futures proxy
2012-08-23,2461,2467,2404,2425,2425,61,CC=F,Yahoo chart API continuous-futures proxy
2012-08-24,2419,2439,2417,2437,2437,13,CC=F,Yahoo chart API continuous-futures proxy
2012-08-27,2542,2542,2518,2518,2518,19,CC=F,Yahoo chart API continuous-futures proxy
2012-08-28,2551,2603,2548,2614,2614,24,CC=F,Yahoo chart API continuous-futures proxy
2012-08-29,2634,2645,2634,2619,2619,37,CC=F,Yahoo chart API continuous-futures proxy
2012-08-30,2611,2671,2610,2642,2642,45,CC=F,Yahoo chart API continuous-futures proxy
2012-08-31,2673,2673,2650,2656,2656,0,CC=F,Yahoo chart API continuous-futures proxy
2012-09-04,2608,2614,2595,2591,2591,3,CC=F,Yahoo chart API continuous-futures proxy
2012-09-05,2717,2717,2717,2702,2702,3,CC=F,Yahoo chart API continuous-futures proxy
2012-09-06,2735,2735,2735,2744,2744,6,CC=F,Yahoo chart API continuous-futures proxy
2012-09-07,2730,2730,2730,2724,2724,1,CC=F,Yahoo chart API continuous-futures proxy
2012-09-10,2660,2711,2660,2696,2696,25,CC=F,Yahoo chart API continuous-futures proxy
2012-09-11,2710,2710,2646,2674,2674,45,CC=F,Yahoo chart API continuous-futures proxy
2012-09-12,2659,2668,2650,2676,2676,20,CC=F,Yahoo chart API continuous-futures proxy
2012-09-13,2668,2668,2652,2660,2660,9805,CC=F,Yahoo chart API continuous-futures proxy
2012-09-14,2627,2674,2617,2642,2642,10856,CC=F,Yahoo chart API continuous-futures proxy
2012-09-17,2641,2649,2551,2584,2584,16571,CC=F,Yahoo chart API continuous-futures proxy
2012-09-18,2572,2572,2519,2532,2532,14024,CC=F,Yahoo chart API continuous-futures proxy
2012-09-19,2558,2563,2523,2538,2538,9978,CC=F,Yahoo chart API continuous-futures proxy
2012-09-20,2551,2555,2506,2519,2519,9157,CC=F,Yahoo chart API continuous-futures proxy
2012-09-21,2533,2541,2501,2521,2521,10543,CC=F,Yahoo chart API continuous-futures proxy
2012-09-24,2526,2530,2441,2446,2446,17284,CC=F,Yahoo chart API continuous-futures proxy
2012-09-25,2461,2511,2439,2483,2483,12008,CC=F,Yahoo chart API continuous-futures proxy
2012-09-26,2483,2507,2460,2469,2469,7938,CC=F,Yahoo chart API continuous-futures proxy
2012-09-27,2475,2500,2456,2482,2482,9792,CC=F,Yahoo chart API continuous-futures proxy
2012-09-28,2495,2595,2493,2516,2516,18368,CC=F,Yahoo chart API continuous-futures proxy
2012-10-01,2500,2513,2435,2450,2450,17818,CC=F,Yahoo chart API continuous-futures proxy
2012-10-02,2438,2481,2412,2475,2475,10517,CC=F,Yahoo chart API continuous-futures proxy
2012-10-03,2465,2479,2400,2416,2416,13987,CC=F,Yahoo chart API continuous-futures proxy
2012-10-04,2421,2446,2386,2395,2395,10975,CC=F,Yahoo chart API continuous-futures proxy
2012-10-05,2407,2420,2375,2382,2382,6797,CC=F,Yahoo chart API continuous-futures proxy
2012-10-08,2382,2391,2363,2381,2381,6583,CC=F,Yahoo chart API continuous-futures proxy
2012-10-09,2394,2453,2388,2417,2417,11227,CC=F,Yahoo chart API continuous-futures proxy
2012-10-10,2408,2427,2366,2372,2372,13355,CC=F,Yahoo chart API continuous-futures proxy
2012-10-11,2374,2394,2341,2351,2351,12262,CC=F,Yahoo chart API continuous-futures proxy
2012-10-12,2341,2379,2338,2366,2366,9416,CC=F,Yahoo chart API continuous-futures proxy
2012-10-15,2359,2366,2342,2354,2354,6585,CC=F,Yahoo chart API continuous-futures proxy
2012-10-16,2354,2434,2347,2418,2418,11726,CC=F,Yahoo chart API continuous-futures proxy
2012-10-17,2401,2428,2374,2385,2385,8968,CC=F,Yahoo chart API continuous-futures proxy
2012-10-18,2385,2448,2377,2438,2438,12753,CC=F,Yahoo chart API continuous-futures proxy
2012-10-19,2445,2498,2445,2489,2489,15846,CC=F,Yahoo chart API continuous-futures proxy
2012-10-22,2475,2526,2460,2516,2516,12223,CC=F,Yahoo chart API continuous-futures proxy
2012-10-23,2500,2518,2474,2498,2498,13217,CC=F,Yahoo chart API continuous-futures proxy
2012-10-24,2493,2495,2389,2399,2399,20485,CC=F,Yahoo chart API continuous-futures proxy
2012-10-25,2405,2425,2376,2402,2402,13935,CC=F,Yahoo chart API continuous-futures proxy
2012-10-26,2405,2425,2379,2383,2383,10074,CC=F,Yahoo chart API continuous-futures proxy
2012-10-31,2383,2417,2364,2388,2388,15586,CC=F,Yahoo chart API continuous-futures proxy
2012-11-01,2388,2426,2377,2420,2420,13234,CC=F,Yahoo chart API continuous-futures proxy
2012-11-02,2420,2450,2408,2447,2447,18058,CC=F,Yahoo chart API continuous-futures proxy
2012-11-05,2427,2460,2423,2444,2444,26128,CC=F,Yahoo chart API continuous-futures proxy
2012-11-06,2444,2470,2435,2462,2462,15562,CC=F,Yahoo chart API continuous-futures proxy
2012-11-07,2455,2474,2394,2399,2399,22229,CC=F,Yahoo chart API continuous-futures proxy
2012-11-08,2405,2409,2323,2337,2337,22205,CC=F,Yahoo chart API continuous-futures proxy
2012-11-09,2350,2369,2317,2358,2358,13386,CC=F,Yahoo chart API continuous-futures proxy
2012-11-12,2358,2414,2331,2381,2381,18572,CC=F,Yahoo chart API continuous-futures proxy
2012-11-13,2381,2405,2370,2395,2395,9029,CC=F,Yahoo chart API continuous-futures proxy
2012-11-14,2378,2486,2378,2468,2468,15327,CC=F,Yahoo chart API continuous-futures proxy
2012-11-15,2468,2521,2456,2502,2502,2301,CC=F,Yahoo chart API continuous-futures proxy
2012-11-16,2510,2510,2446,2457,2457,259,CC=F,Yahoo chart API continuous-futures proxy
2012-11-19,2485,2485,2453,2481,2481,105,CC=F,Yahoo chart API continuous-futures proxy
2012-11-20,2492,2505,2467,2506,2506,15,CC=F,Yahoo chart API continuous-futures proxy
2012-11-21,2521,2525,2521,2531,2531,0,CC=F,Yahoo chart API continuous-futures proxy
2012-11-23,2510,2574,2510,2562,2562,47,CC=F,Yahoo chart API continuous-futures proxy
2012-11-26,2539,2539,2507,2538,2538,85,CC=F,Yahoo chart API continuous-futures proxy
2012-11-27,2545,2546,2500,2502,2502,15,CC=F,Yahoo chart API continuous-futures proxy
2012-11-28,2508,2508,2508,2508,2508,15,CC=F,Yahoo chart API continuous-futures proxy
2012-11-29,2536,2540,2525,2526,2526,13,CC=F,Yahoo chart API continuous-futures proxy
2012-11-30,2493,2536,2493,2538,2538,7,CC=F,Yahoo chart API continuous-futures proxy
2012-12-03,2577,2578,2577,2562,2562,166,CC=F,Yahoo chart API continuous-futures proxy
2012-12-04,2483,2483,2480,2491,2491,3,CC=F,Yahoo chart API continuous-futures proxy
2012-12-05,2480,2490,2472,2460,2460,9,CC=F,Yahoo chart API continuous-futures proxy
2012-12-06,2473,2473,2473,2473,2473,9,CC=F,Yahoo chart API continuous-futures proxy
2012-12-07,2471,2471,2471,2471,2471,2,CC=F,Yahoo chart API continuous-futures proxy
2012-12-10,2429,2429,2429,2429,2429,23,CC=F,Yahoo chart API continuous-futures proxy
2012-12-11,2428,2453,2428,2434,2434,7,CC=F,Yahoo chart API continuous-futures proxy
2012-12-12,2478,2478,2478,2490,2490,8,CC=F,Yahoo chart API continuous-futures proxy
2012-12-13,2452,2452,2452,2452,2452,9883,CC=F,Yahoo chart API continuous-futures proxy
2012-12-14,2422,2447,2412,2435,2435,7710,CC=F,Yahoo chart API continuous-futures proxy
2012-12-17,2435,2443,2403,2425,2425,8656,CC=F,Yahoo chart API continuous-futures proxy
2012-12-18,2420,2420,2387,2397,2397,8639,CC=F,Yahoo chart API continuous-futures proxy
2012-12-19,2401,2408,2345,2358,2358,20617,CC=F,Yahoo chart API continuous-futures proxy
2012-12-20,2359,2371,2311,2328,2328,16508,CC=F,Yahoo chart API continuous-futures proxy
2012-12-21,2328,2357,2305,2312,2312,10703,CC=F,Yahoo chart API continuous-futures proxy
2012-12-24,2304,2310,2270,2273,2273,0,CC=F,Yahoo chart API continuous-futures proxy
2012-12-26,2273,2280,2261,2263,2263,4632,CC=F,Yahoo chart API continuous-futures proxy
2012-12-27,2273,2289,2250,2255,2255,7432,CC=F,Yahoo chart API continuous-futures proxy
2012-12-28,2257,2275,2246,2249,2249,7407,CC=F,Yahoo chart API continuous-futures proxy
2012-12-31,2251,2259,2207,2236,2236,7788,CC=F,Yahoo chart API continuous-futures proxy
2013-01-02,2246,2269,2237,2259,2259,11901,CC=F,Yahoo chart API continuous-futures proxy
2013-01-03,2250,2280,2245,2256,2256,10771,CC=F,Yahoo chart API continuous-futures proxy
2013-01-04,2256,2256,2210,2220,2220,17811,CC=F,Yahoo chart API continuous-futures proxy
2013-01-07,2220,2274,2213,2267,2267,13866,CC=F,Yahoo chart API continuous-futures proxy
2013-01-08,2267,2276,2206,2215,2215,17145,CC=F,Yahoo chart API continuous-futures proxy
2013-01-09,2218,2238,2208,2223,2223,10861,CC=F,Yahoo chart API continuous-futures proxy
2013-01-10,2223,2275,2223,2269,2269,12861,CC=F,Yahoo chart API continuous-futures proxy
2013-01-11,2265,2274,2246,2256,2256,9405,CC=F,Yahoo chart API continuous-futures proxy
2013-01-14,2256,2296,2230,2267,2267,18940,CC=F,Yahoo chart API continuous-futures proxy
2013-01-15,2254,2285,2232,2270,2270,14133,CC=F,Yahoo chart API continuous-futures proxy
2013-01-16,2250,2268,2244,2256,2256,6845,CC=F,Yahoo chart API continuous-futures proxy
2013-01-17,2255,2310,2250,2300,2300,16397,CC=F,Yahoo chart API continuous-futures proxy
2013-01-18,2296,2313,2277,2285,2285,0,CC=F,Yahoo chart API continuous-futures proxy
2013-01-22,2287,2289,2207,2213,2213,21809,CC=F,Yahoo chart API continuous-futures proxy
2013-01-23,2216,2234,2191,2215,2215,15193,CC=F,Yahoo chart API continuous-futures proxy
2013-01-24,2219,2226,2178,2195,2195,14001,CC=F,Yahoo chart API continuous-futures proxy
2013-01-25,2205,2207,2165,2173,2173,16117,CC=F,Yahoo chart API continuous-futures proxy
2013-01-28,2173,2183,2157,2161,2161,16295,CC=F,Yahoo chart API continuous-futures proxy
2013-01-29,2172,2201,2165,2195,2195,18241,CC=F,Yahoo chart API continuous-futures proxy
2013-01-30,2193,2207,2155,2179,2179,17427,CC=F,Yahoo chart API continuous-futures proxy
2013-01-31,2188,2214,2180,2205,2205,19067,CC=F,Yahoo chart API continuous-futures proxy
2013-02-01,2201,2217,2188,2205,2205,19990,CC=F,Yahoo chart API continuous-futures proxy
2013-02-04,2205,2212,2181,2192,2192,19800,CC=F,Yahoo chart API continuous-futures proxy
2013-02-05,2190,2249,2189,2246,2246,21502,CC=F,Yahoo chart API continuous-futures proxy
2013-02-06,2243,2252,2209,2223,2223,22137,CC=F,Yahoo chart API continuous-futures proxy
2013-02-07,2217,2265,2214,2238,2238,23841,CC=F,Yahoo chart API continuous-futures proxy
2013-02-08,2234,2257,2225,2232,2232,20399,CC=F,Yahoo chart API continuous-futures proxy
2013-02-11,2230,2237,2170,2174,2174,20001,CC=F,Yahoo chart API continuous-futures proxy
2013-02-12,2182,2193,2159,2179,2179,13979,CC=F,Yahoo chart API continuous-futures proxy
2013-02-13,2186,2200,2134,2143,2143,7774,CC=F,Yahoo chart API continuous-futures proxy
2013-02-14,2140,2171,2124,2129,2129,185,CC=F,Yahoo chart API continuous-futures proxy
2013-02-15,2133,2170,2133,2141,2141,0,CC=F,Yahoo chart API continuous-futures proxy
2013-02-19,2158,2173,2153,2129,2129,42,CC=F,Yahoo chart API continuous-futures proxy
2013-02-20,2130,2130,2099,2127,2127,25,CC=F,Yahoo chart API continuous-futures proxy
2013-02-21,2153,2168,2131,2143,2143,18,CC=F,Yahoo chart API continuous-futures proxy
2013-02-22,2181,2189,2165,2161,2161,20,CC=F,Yahoo chart API continuous-futures proxy
2013-02-25,2163,2163,2117,2144,2144,21,CC=F,Yahoo chart API continuous-futures proxy
2013-02-26,2141,2141,2141,2126,2126,1,CC=F,Yahoo chart API continuous-futures proxy
2013-02-27,2142,2142,2142,2142,2142,1,CC=F,Yahoo chart API continuous-futures proxy
2013-02-28,2146,2146,2146,2146,2146,1,CC=F,Yahoo chart API continuous-futures proxy
2013-03-01,2146,2146,2146,2082,2082,2,CC=F,Yahoo chart API continuous-futures proxy
2013-03-04,2085,2087,2085,2055,2055,3,CC=F,Yahoo chart API continuous-futures proxy
2013-03-05,2076,2076,2076,2076,2076,3,CC=F,Yahoo chart API continuous-futures proxy
2013-03-06,2046,2046,2046,2046,2046,1,CC=F,Yahoo chart API continuous-futures proxy
2013-03-07,2064,2064,2064,2064,2064,16,CC=F,Yahoo chart API continuous-futures proxy
2013-03-08,2112,2142,2112,2119,2119,16,CC=F,Yahoo chart API continuous-futures proxy
2013-03-11,2153,2153,2153,2129,2129,1,CC=F,Yahoo chart API continuous-futures proxy
2013-03-12,2162,2167,2162,2159,2159,4,CC=F,Yahoo chart API continuous-futures proxy
2013-03-13,2148,2148,2148,2148,2148,11053,CC=F,Yahoo chart API continuous-futures proxy
2013-03-14,2147,2157,2116,2130,2130,18964,CC=F,Yahoo chart API continuous-futures proxy
2013-03-15,2125,2150,2106,2115,2115,10989,CC=F,Yahoo chart API continuous-futures proxy
2013-03-18,2100,2109,2075,2088,2088,9176,CC=F,Yahoo chart API continuous-futures proxy
2013-03-19,2093,2119,2086,2099,2099,10570,CC=F,Yahoo chart API continuous-futures proxy
2013-03-20,2100,2157,2095,2152,2152,14986,CC=F,Yahoo chart API continuous-futures proxy
2013-03-21,2152,2186,2149,2166,2166,13104,CC=F,Yahoo chart API continuous-futures proxy
2013-03-22,2166,2185,2149,2159,2159,8958,CC=F,Yahoo chart API continuous-futures proxy
2013-03-25,2159,2179,2124,2130,2130,12631,CC=F,Yahoo chart API continuous-futures proxy
2013-03-26,2132,2171,2132,2146,2146,11183,CC=F,Yahoo chart API continuous-futures proxy
2013-03-27,2145,2158,2130,2150,2150,9694,CC=F,Yahoo chart API continuous-futures proxy
2013-03-28,2143,2195,2142,2170,2170,0,CC=F,Yahoo chart API continuous-futures proxy
2013-03-29,,,,,,,CC=F,Yahoo chart API continuous-futures proxy
2013-04-01,2170,2198,2169,2184,2184,9489,CC=F,Yahoo chart API continuous-futures proxy
2013-04-02,2184,2194,2168,2171,2171,21959,CC=F,Yahoo chart API continuous-futures proxy
2013-04-03,2165,2179,2130,2150,2150,25245,CC=F,Yahoo chart API continuous-futures proxy
2013-04-04,2136,2149,2111,2141,2141,26101,CC=F,Yahoo chart API continuous-futures proxy
2013-04-05,2139,2141,2122,2132,2132,19884,CC=F,Yahoo chart API continuous-futures proxy
2013-04-08,2125,2198,2119,2185,2185,33163,CC=F,Yahoo chart API continuous-futures proxy
2013-04-09,2184,2222,2174,2219,2219,27445,CC=F,Yahoo chart API continuous-futures proxy
2013-04-10,2218,2222,2197,2214,2214,15786,CC=F,Yahoo chart API continuous-futures proxy
2013-04-11,2202,2239,2202,2234,2234,21313,CC=F,Yahoo chart API continuous-futures proxy
2013-04-12,2221,2275,2207,2261,2261,16572,CC=F,Yahoo chart API continuous-futures proxy
2013-04-15,2255,2272,2234,2243,2243,9256,CC=F,Yahoo chart API continuous-futures proxy
2013-04-16,2243,2300,2232,2294,2294,3407,CC=F,Yahoo chart API continuous-futures proxy
2013-04-17,2294,2320,2279,2299,2299,662,CC=F,Yahoo chart API continuous-futures proxy
2013-04-18,2312,2319,2312,2310,2310,96,CC=F,Yahoo chart API continuous-futures proxy
2013-04-19,2319,2331,2319,2319,2319,17,CC=F,Yahoo chart API continuous-futures proxy
2013-04-22,2326,2326,2306,2299,2299,8,CC=F,Yahoo chart API continuous-futures proxy
2013-04-23,2306,2325,2306,2316,2316,4,CC=F,Yahoo chart API continuous-futures proxy
2013-04-24,2331,2331,2322,2322,2322,740,CC=F,Yahoo chart API continuous-futures proxy
2013-04-25,2329,2367,2329,2359,2359,366,CC=F,Yahoo chart API continuous-futures proxy
2013-04-26,2359,2359,2349,2364,2364,58,CC=F,Yahoo chart API continuous-futures proxy
2013-04-29,2341,2341,2333,2335,2335,150,CC=F,Yahoo chart API continuous-futures proxy
2013-04-30,2333,2333,2322,2368,2368,46,CC=F,Yahoo chart API continuous-futures proxy
2013-05-01,2415,2415,2415,2415,2415,95,CC=F,Yahoo chart API continuous-futures proxy
2013-05-02,2414,2414,2414,2414,2414,95,CC=F,Yahoo chart API continuous-futures proxy
2013-05-03,2386,2418,2386,2404,2404,2,CC=F,Yahoo chart API continuous-futures proxy
2013-05-06,2390,2390,2390,2390,2390,2,CC=F,Yahoo chart API continuous-futures proxy
2013-05-07,2364,2364,2364,2384,2384,10,CC=F,Yahoo chart API continuous-futures proxy
2013-05-08,2362,2407,2362,2379,2379,6,CC=F,Yahoo chart API continuous-futures proxy
2013-05-09,2360,2360,2358,2336,2336,8,CC=F,Yahoo chart API continuous-futures proxy
2013-05-10,2320,2320,2320,2298,2298,1,CC=F,Yahoo chart API continuous-futures proxy
2013-05-13,2266,2334,2265,2315,2315,21,CC=F,Yahoo chart API continuous-futures proxy
2013-05-14,2323,2324,2323,2342,2342,10,CC=F,Yahoo chart API continuous-futures proxy
2013-05-15,2333,2333,2333,2333,2333,12141,CC=F,Yahoo chart API continuous-futures proxy
2013-05-16,2352,2352,2292,2294,2294,14860,CC=F,Yahoo chart API continuous-futures proxy
2013-05-17,2295,2317,2276,2300,2300,11199,CC=F,Yahoo chart API continuous-futures proxy
2013-05-20,2307,2314,2291,2301,2301,9233,CC=F,Yahoo chart API continuous-futures proxy
2013-05-21,2304,2350,2292,2345,2345,16072,CC=F,Yahoo chart API continuous-futures proxy
2013-05-22,2344,2347,2304,2317,2317,14020,CC=F,Yahoo chart API continuous-futures proxy
2013-05-23,2310,2334,2261,2283,2283,18755,CC=F,Yahoo chart API continuous-futures proxy
2013-05-24,2266,2270,2244,2246,2246,0,CC=F,Yahoo chart API continuous-futures proxy
2013-05-28,2246,2262,2201,2205,2205,17631,CC=F,Yahoo chart API continuous-futures proxy
2013-05-29,2206,2219,2191,2210,2210,14882,CC=F,Yahoo chart API continuous-futures proxy
2013-05-30,2208,2228,2196,2211,2211,16816,CC=F,Yahoo chart API continuous-futures proxy
2013-05-31,2211,2218,2189,2191,2191,17039,CC=F,Yahoo chart API continuous-futures proxy
2013-06-03,2191,2256,2191,2246,2246,27220,CC=F,Yahoo chart API continuous-futures proxy
2013-06-04,2246,2286,2234,2283,2283,27691,CC=F,Yahoo chart API continuous-futures proxy
2013-06-05,2283,2312,2280,2308,2308,28083,CC=F,Yahoo chart API continuous-futures proxy
2013-06-06,2303,2373,2298,2363,2363,40384,CC=F,Yahoo chart API continuous-futures proxy
2013-06-07,2363,2371,2326,2364,2364,28177,CC=F,Yahoo chart API continuous-futures proxy
2013-06-10,2360,2366,2341,2360,2360,21580,CC=F,Yahoo chart API continuous-futures proxy
2013-06-11,2359,2366,2342,2355,2355,16728,CC=F,Yahoo chart API continuous-futures proxy
2013-06-12,2361,2379,2348,2372,2372,15015,CC=F,Yahoo chart API continuous-futures proxy
2013-06-13,2369,2369,2303,2308,2308,15970,CC=F,Yahoo chart API continuous-futures proxy
2013-06-14,2307,2309,2239,2246,2246,8616,CC=F,Yahoo chart API continuous-futures proxy
2013-06-17,2232,2250,2216,2221,2221,192,CC=F,Yahoo chart API continuous-futures proxy
2013-06-18,2222,2279,2221,2259,2259,706,CC=F,Yahoo chart API continuous-futures proxy
2013-06-19,2275,2275,2210,2236,2236,26,CC=F,Yahoo chart API continuous-futures proxy
2013-06-20,2227,2227,2160,2172,2172,24,CC=F,Yahoo chart API continuous-futures proxy
2013-06-21,2177,2192,2155,2171,2171,10,CC=F,Yahoo chart API continuous-futures proxy
2013-06-24,2161,2184,2151,2169,2169,20,CC=F,Yahoo chart API continuous-futures proxy
2013-06-25,2207,2207,2151,2191,2191,6,CC=F,Yahoo chart API continuous-futures proxy
2013-06-26,2206,2233,2161,2180,2180,19,CC=F,Yahoo chart API continuous-futures proxy
2013-06-27,2178,2178,2178,2178,2178,19,CC=F,Yahoo chart API continuous-futures proxy
2013-06-28,2194,2194,2194,2194,2194,19,CC=F,Yahoo chart API continuous-futures proxy
2013-07-01,2203,2203,2170,2201,2201,4,CC=F,Yahoo chart API continuous-futures proxy
2013-07-02,2203,2203,2203,2203,2203,1,CC=F,Yahoo chart API continuous-futures proxy
2013-07-03,2250,2250,2250,2250,2250,3,CC=F,Yahoo chart API continuous-futures proxy
2013-07-05,2214,2214,2214,2214,2214,3,CC=F,Yahoo chart API continuous-futures proxy
2013-07-08,2179,2179,2179,2179,2179,3,CC=F,Yahoo chart API continuous-futures proxy
2013-07-09,2150,2150,2150,2191,2191,3,CC=F,Yahoo chart API continuous-futures proxy
2013-07-10,2196,2196,2196,2183,2183,1,CC=F,Yahoo chart API continuous-futures proxy
2013-07-11,2244,2244,2244,2244,2244,1,CC=F,Yahoo chart API continuous-futures proxy
2013-07-12,2241,2241,2241,2241,2241,1,CC=F,Yahoo chart API continuous-futures proxy
2013-07-15,2226,2226,2226,2226,2226,1,CC=F,Yahoo chart API continuous-futures proxy
2013-07-16,2294,2294,2294,2294,2294,16865,CC=F,Yahoo chart API continuous-futures proxy
2013-07-17,2285,2327,2276,2300,2300,18695,CC=F,Yahoo chart API continuous-futures proxy
2013-07-18,2300,2352,2296,2347,2347,16617,CC=F,Yahoo chart API continuous-futures proxy
2013-07-19,2360,2377,2350,2364,2364,16258,CC=F,Yahoo chart API continuous-futures proxy
2013-07-22,2352,2360,2333,2348,2348,13624,CC=F,Yahoo chart API continuous-futures proxy
2013-07-23,2348,2374,2340,2359,2359,12146,CC=F,Yahoo chart API continuous-futures proxy
2013-07-24,2349,2373,2324,2360,2360,13183,CC=F,Yahoo chart API continuous-futures proxy
2013-07-25,2351,2381,2342,2347,2347,9783,CC=F,Yahoo chart API continuous-futures proxy
2013-07-26,2337,2361,2330,2333,2333,12617,CC=F,Yahoo chart API continuous-futures proxy
2013-07-29,2323,2326,2268,2280,2280,15412,CC=F,Yahoo chart API continuous-futures proxy
2013-07-30,2269,2309,2263,2287,2287,11651,CC=F,Yahoo chart API continuous-futures proxy
2013-07-31,2287,2303,2268,2298,2298,19861,CC=F,Yahoo chart API continuous-futures proxy
2013-08-01,2299,2315,2291,2301,2301,12631,CC=F,Yahoo chart API continuous-futures proxy
2013-08-02,2291,2309,2278,2291,2291,15645,CC=F,Yahoo chart API continuous-futures proxy
2013-08-05,2289,2391,2287,2364,2364,26276,CC=F,Yahoo chart API continuous-futures proxy
2013-08-06,2364,2384,2355,2374,2374,26288,CC=F,Yahoo chart API continuous-futures proxy
2013-08-07,2378,2457,2361,2442,2442,25379,CC=F,Yahoo chart API continuous-futures proxy
2013-08-08,2445,2514,2445,2466,2466,15905,CC=F,Yahoo chart API continuous-futures proxy
2013-08-09,2463,2472,2436,2463,2463,16945,CC=F,Yahoo chart API continuous-futures proxy
2013-08-12,2448,2486,2441,2473,2473,13687,CC=F,Yahoo chart API continuous-futures proxy
2013-08-13,2467,2467,2409,2428,2428,11118,CC=F,Yahoo chart API continuous-futures proxy
2013-08-14,2421,2483,2416,2456,2456,3393,CC=F,Yahoo chart API continuous-futures proxy
2013-08-15,2456,2489,2427,2436,2436,4652,CC=F,Yahoo chart API continuous-futures proxy
2013-08-16,2435,2456,2435,2445,2445,3964,CC=F,Yahoo chart API continuous-futures proxy
2013-08-19,2446,2470,2420,2464,2464,298,CC=F,Yahoo chart API continuous-futures proxy
2013-08-20,2483,2501,2470,2477,2477,68,CC=F,Yahoo chart API continuous-futures proxy
2013-08-21,2467,2473,2405,2420,2420,335,CC=F,Yahoo chart API continuous-futures proxy
2013-08-22,2420,2439,2415,2420,2420,15,CC=F,Yahoo chart API continuous-futures proxy
2013-08-23,2439,2439,2420,2427,2427,59,CC=F,Yahoo chart API continuous-futures proxy
2013-08-26,2458,2458,2441,2447,2447,21,CC=F,Yahoo chart API continuous-futures proxy
2013-08-27,2408,2408,2408,2420,2420,14,CC=F,Yahoo chart API continuous-futures proxy
2013-08-28,2471,2475,2471,2463,2463,11,CC=F,Yahoo chart API continuous-futures proxy
2013-08-29,2450,2450,2441,2456,2456,13,CC=F,Yahoo chart API continuous-futures proxy
2013-08-30,2454,2454,2400,2413,2413,0,CC=F,Yahoo chart API continuous-futures proxy
2013-09-03,2411,2411,2390,2397,2397,7,CC=F,Yahoo chart API continuous-futures proxy
2013-09-04,2397,2478,2397,2475,2475,24,CC=F,Yahoo chart API continuous-futures proxy
2013-09-05,2493,2548,2493,2546,2546,6,CC=F,Yahoo chart API continuous-futures proxy
2013-09-06,2540,2540,2540,2544,2544,112,CC=F,Yahoo chart API continuous-futures proxy
2013-09-09,2526,2526,2526,2526,2526,112,CC=F,Yahoo chart API continuous-futures proxy
2013-09-10,2531,2532,2531,2544,2544,8,CC=F,Yahoo chart API continuous-futures proxy
2013-09-11,2521,2533,2521,2543,2543,3,CC=F,Yahoo chart API continuous-futures proxy
2013-09-12,2568,2574,2568,2563,2563,9,CC=F,Yahoo chart API continuous-futures proxy
2013-09-13,2576,2576,2576,2576,2576,10441,CC=F,Yahoo chart API continuous-futures proxy
2013-09-16,2602,2642,2596,2636,2636,13913,CC=F,Yahoo chart API continuous-futures proxy
2013-09-17,2640,2648,2600,2614,2614,9546,CC=F,Yahoo chart API continuous-futures proxy
2013-09-18,2616,2630,2606,2623,2623,9239,CC=F,Yahoo chart API continuous-futures proxy
2013-09-19,2630,2657,2605,2630,2630,10804,CC=F,Yahoo chart API continuous-futures proxy
2013-09-20,2630,2630,2579,2608,2608,11963,CC=F,Yahoo chart API continuous-futures proxy
2013-09-23,2608,2627,2598,2610,2610,10750,CC=F,Yahoo chart API continuous-futures proxy
2013-09-24,2600,2610,2586,2603,2603,9855,CC=F,Yahoo chart API continuous-futures proxy
2013-09-25,2608,2609,2561,2573,2573,14511,CC=F,Yahoo chart API continuous-futures proxy
2013-09-26,2565,2611,2555,2597,2597,12272,CC=F,Yahoo chart API continuous-futures proxy
2013-09-27,2605,2643,2602,2639,2639,13532,CC=F,Yahoo chart API continuous-futures proxy
2013-09-30,2639,2646,2623,2640,2640,8923,CC=F,Yahoo chart API continuous-futures proxy
2013-10-01,2644,2646,2620,2634,2634,12245,CC=F,Yahoo chart API continuous-futures proxy
2013-10-02,2628,2640,2622,2632,2632,8196,CC=F,Yahoo chart API continuous-futures proxy
2013-10-03,2632,2643,2561,2585,2585,18557,CC=F,Yahoo chart API continuous-futures proxy
2013-10-04,2580,2627,2574,2611,2611,11539,CC=F,Yahoo chart API continuous-futures proxy
2013-10-07,2621,2710,2618,2699,2699,30400,CC=F,Yahoo chart API continuous-futures proxy
2013-10-08,2704,2731,2696,2718,2718,14886,CC=F,Yahoo chart API continuous-futures proxy
2013-10-09,2730,2733,2693,2703,2703,8690,CC=F,Yahoo chart API continuous-futures proxy
2013-10-10,2717,2735,2712,2729,2729,8459,CC=F,Yahoo chart API continuous-futures proxy
2013-10-11,2735,2752,2722,2746,2746,7952,CC=F,Yahoo chart API continuous-futures proxy
2013-10-14,2746,2757,2695,2713,2713,10371,CC=F,Yahoo chart API continuous-futures proxy
2013-10-15,2713,2770,2709,2760,2760,12698,CC=F,Yahoo chart API continuous-futures proxy
2013-10-16,2754,2763,2722,2747,2747,7846,CC=F,Yahoo chart API continuous-futures proxy
2013-10-17,2751,2776,2748,2767,2767,9544,CC=F,Yahoo chart API continuous-futures proxy
2013-10-18,2771,2771,2688,2721,2721,15550,CC=F,Yahoo chart API continuous-futures proxy
2013-10-21,2715,2735,2692,2730,2730,9331,CC=F,Yahoo chart API continuous-futures proxy
2013-10-22,2730,2780,2716,2769,2769,10332,CC=F,Yahoo chart API continuous-futures proxy
2013-10-23,2763,2776,2709,2714,2714,15123,CC=F,Yahoo chart API continuous-futures proxy
2013-10-24,2707,2719,2680,2686,2686,11430,CC=F,Yahoo chart API continuous-futures proxy
2013-10-25,2683,2730,2673,2713,2713,13092,CC=F,Yahoo chart API continuous-futures proxy
2013-10-28,2708,2716,2678,2684,2684,9190,CC=F,Yahoo chart API continuous-futures proxy
2013-10-29,2684,2694,2653,2659,2659,18916,CC=F,Yahoo chart API continuous-futures proxy
2013-10-30,2660,2671,2646,2660,2660,12408,CC=F,Yahoo chart API continuous-futures proxy
2013-10-31,2662,2694,2650,2677,2677,15034,CC=F,Yahoo chart API continuous-futures proxy
2013-11-01,2667,2668,2634,2651,2651,16572,CC=F,Yahoo chart API continuous-futures proxy
2013-11-04,2650,2661,2630,2654,2654,19617,CC=F,Yahoo chart API continuous-futures proxy
2013-11-05,2655,2745,2655,2736,2736,32174,CC=F,Yahoo chart API continuous-futures proxy
2013-11-06,2740,2744,2719,2730,2730,22720,CC=F,Yahoo chart API continuous-futures proxy
2013-11-07,2730,2732,2646,2676,2676,28234,CC=F,Yahoo chart API continuous-futures proxy
2013-11-08,2676,2676,2640,2647,2647,21244,CC=F,Yahoo chart API continuous-futures proxy
2013-11-11,2644,2644,2568,2586,2586,15523,CC=F,Yahoo chart API continuous-futures proxy
2013-11-12,2580,2619,2571,2607,2607,9103,CC=F,Yahoo chart API continuous-futures proxy
2013-11-13,2610,2672,2604,2647,2647,5914,CC=F,Yahoo chart API continuous-futures proxy
2013-11-14,2651,2675,2640,2661,2661,2621,CC=F,Yahoo chart API continuous-futures proxy
2013-11-15,2664,2742,2648,2736,2736,281,CC=F,Yahoo chart API continuous-futures proxy
2013-11-18,2735,2785,2718,2780,2780,268,CC=F,Yahoo chart API continuous-futures proxy
2013-11-19,2778,2805,2764,2795,2795,69,CC=F,Yahoo chart API continuous-futures proxy
2013-11-20,2799,2820,2796,2810,2810,47,CC=F,Yahoo chart API continuous-futures proxy
2013-11-21,2790,2792,2786,2796,2796,20,CC=F,Yahoo chart API continuous-futures proxy
2013-11-22,2796,2806,2786,2800,2800,6,CC=F,Yahoo chart API continuous-futures proxy
2013-11-25,2793,2811,2793,2808,2808,12,CC=F,Yahoo chart API continuous-futures proxy
2013-11-26,2808,2808,2765,2773,2773,49,CC=F,Yahoo chart API continuous-futures proxy
2013-11-27,2779,2779,2779,2770,2770,0,CC=F,Yahoo chart API continuous-futures proxy
2013-11-29,2788,2793,2788,2791,2791,40,CC=F,Yahoo chart API continuous-futures proxy
2013-12-02,2839,2840,2832,2821,2821,29,CC=F,Yahoo chart API continuous-futures proxy
2013-12-03,2821,2821,2821,2816,2816,1,CC=F,Yahoo chart API continuous-futures proxy
2013-12-04,2826,2831,2780,2777,2777,22,CC=F,Yahoo chart API continuous-futures proxy
2013-12-05,2757,2759,2757,2762,2762,32,CC=F,Yahoo chart API continuous-futures proxy
2013-12-06,2810,2820,2810,2813,2813,7,CC=F,Yahoo chart API continuous-futures proxy
2013-12-09,2790,2790,2770,2761,2761,16,CC=F,Yahoo chart API continuous-futures proxy
2013-12-10,2768,2769,2768,2783,2783,4,CC=F,Yahoo chart API continuous-futures proxy
2013-12-11,2771,2771,2765,2765,2765,3,CC=F,Yahoo chart API continuous-futures proxy
2013-12-12,2809,2809,2798,2797,2797,6,CC=F,Yahoo chart API continuous-futures proxy
2013-12-13,2783,2783,2783,2783,2783,10005,CC=F,Yahoo chart API continuous-futures proxy
2013-12-16,2770,2835,2742,2792,2792,17404,CC=F,Yahoo chart API continuous-futures proxy
2013-12-17,2792,2804,2764,2771,2771,12210,CC=F,Yahoo chart API continuous-futures proxy
2013-12-18,2771,2794,2765,2770,2770,8351,CC=F,Yahoo chart API continuous-futures proxy
2013-12-19,2777,2809,2772,2791,2791,10779,CC=F,Yahoo chart API continuous-futures proxy
2013-12-20,2785,2823,2784,2819,2819,8240,CC=F,Yahoo chart API continuous-futures proxy
2013-12-23,2819,2825,2785,2808,2808,7384,CC=F,Yahoo chart API continuous-futures proxy
2013-12-24,2803,2835,2803,2820,2820,4123,CC=F,Yahoo chart API continuous-futures proxy
2013-12-26,2815,2819,2770,2783,2783,5169,CC=F,Yahoo chart API continuous-futures proxy
2013-12-27,2781,2825,2752,2785,2785,10581,CC=F,Yahoo chart API continuous-futures proxy
2013-12-30,2751,2759,2692,2712,2712,18512,CC=F,Yahoo chart API continuous-futures proxy
2013-12-31,2712,2729,2703,2709,2709,21124,CC=F,Yahoo chart API continuous-futures proxy
2014-01-02,2702,2704,2629,2636,2636,21124,CC=F,Yahoo chart API continuous-futures proxy
2014-01-03,2646,2723,2633,2699,2699,18846,CC=F,Yahoo chart API continuous-futures proxy
2014-01-06,2708,2717,2656,2667,2667,13980,CC=F,Yahoo chart API continuous-futures proxy
2014-01-07,2669,2697,2663,2675,2675,12173,CC=F,Yahoo chart API continuous-futures proxy
2014-01-08,2685,2715,2669,2700,2700,11845,CC=F,Yahoo chart API continuous-futures proxy
2014-01-09,2701,2720,2679,2684,2684,11831,CC=F,Yahoo chart API continuous-futures proxy
2014-01-10,2688,2717,2676,2712,2712,12485,CC=F,Yahoo chart API continuous-futures proxy
2014-01-13,2702,2719,2682,2712,2712,11795,CC=F,Yahoo chart API continuous-futures proxy
2014-01-14,2710,2755,2696,2752,2752,14623,CC=F,Yahoo chart API continuous-futures proxy
2014-01-15,2762,2772,2722,2748,2748,11799,CC=F,Yahoo chart API continuous-futures proxy
2014-01-16,2750,2759,2737,2753,2753,7324,CC=F,Yahoo chart API continuous-futures proxy
2014-01-17,2727,2742,2685,2700,2700,13370,CC=F,Yahoo chart API continuous-futures proxy
2014-01-21,2710,2720,2673,2679,2679,11534,CC=F,Yahoo chart API continuous-futures proxy
2014-01-22,2679,2709,2660,2697,2697,13713,CC=F,Yahoo chart API continuous-futures proxy
2014-01-23,2702,2799,2702,2791,2791,24971,CC=F,Yahoo chart API continuous-futures proxy
2014-01-24,2794,2813,2778,2792,2792,15197,CC=F,Yahoo chart API continuous-futures proxy
2014-01-27,2796,2904,2777,2889,2889,33033,CC=F,Yahoo chart API continuous-futures proxy
2014-01-28,2910,2933,2892,2905,2905,19878,CC=F,Yahoo chart API continuous-futures proxy
2014-01-29,2906,2923,2865,2918,2918,16089,CC=F,Yahoo chart API continuous-futures proxy
2014-01-30,2916,2920,2893,2912,2912,20340,CC=F,Yahoo chart API continuous-futures proxy
2014-01-31,2913,2925,2890,2911,2911,15006,CC=F,Yahoo chart API continuous-futures proxy
2014-02-03,2896,2924,2883,2914,2914,16006,CC=F,Yahoo chart API continuous-futures proxy
2014-02-04,2919,2923,2869,2877,2877,22642,CC=F,Yahoo chart API continuous-futures proxy
2014-02-05,2886,2905,2869,2884,2884,19633,CC=F,Yahoo chart API continuous-futures proxy
2014-02-06,2884,2897,2873,2886,2886,23759,CC=F,Yahoo chart API continuous-futures proxy
2014-02-07,2888,2937,2885,2922,2922,27694,CC=F,Yahoo chart API continuous-futures proxy
2014-02-10,2915,2927,2898,2910,2910,22693,CC=F,Yahoo chart API continuous-futures proxy
2014-02-11,2904,2920,2872,2915,2915,18488,CC=F,Yahoo chart API continuous-futures proxy
2014-02-12,2920,2961,2915,2941,2941,15772,CC=F,Yahoo chart API continuous-futures proxy
2014-02-13,2934,2941,2908,2929,2929,8406,CC=F,Yahoo chart API continuous-futures proxy
2014-02-14,2926,2942,2910,2934,2934,0,CC=F,Yahoo chart API continuous-futures proxy
2014-02-18,2928,2945,2910,2928,2928,51,CC=F,Yahoo chart API continuous-futures proxy
2014-02-19,2916,2921,2888,2909,2909,60,CC=F,Yahoo chart API continuous-futures proxy
2014-02-20,2913,2973,2913,2950,2950,33,CC=F,Yahoo chart API continuous-futures proxy
2014-02-21,2960,2975,2925,2929,2929,24,CC=F,Yahoo chart API continuous-futures proxy
2014-02-24,2923,2935,2913,2935,2935,15,CC=F,Yahoo chart API continuous-futures proxy
2014-02-25,2928,2928,2871,2899,2899,45,CC=F,Yahoo chart API continuous-futures proxy
2014-02-26,2879,2910,2878,2909,2909,26,CC=F,Yahoo chart API continuous-futures proxy
2014-02-27,2919,2919,2910,2933,2933,23,CC=F,Yahoo chart API continuous-futures proxy
2014-02-28,2935,2939,2935,2935,2935,3,CC=F,Yahoo chart API continuous-futures proxy
2014-03-03,2890,2911,2890,2894,2894,12,CC=F,Yahoo chart API continuous-futures proxy
2014-03-04,2852,2852,2852,2923,2923,4,CC=F,Yahoo chart API continuous-futures proxy
2014-03-05,2938,2938,2938,2938,2938,1,CC=F,Yahoo chart API continuous-futures proxy
2014-03-06,2946,2946,2940,2938,2938,6,CC=F,Yahoo chart API continuous-futures proxy
2014-03-07,2946,2963,2946,2966,2966,163,CC=F,Yahoo chart API continuous-futures proxy
2014-03-10,2966,2968,2966,2974,2974,4,CC=F,Yahoo chart API continuous-futures proxy
2014-03-11,2983,3019,2969,3000,3000,34,CC=F,Yahoo chart API continuous-futures proxy
2014-03-12,3002,3008,2947,2954,2954,48,CC=F,Yahoo chart API continuous-futures proxy
2014-03-13,2970,3025,2970,3011,3011,26,CC=F,Yahoo chart API continuous-futures proxy
2014-03-14,2997,2997,2997,2997,2997,9418,CC=F,Yahoo chart API continuous-futures proxy
2014-03-17,3008,3039,2974,3030,3030,10520,CC=F,Yahoo chart API continuous-futures proxy
2014-03-18,3026,3033,2987,3014,3014,6067,CC=F,Yahoo chart API continuous-futures proxy
2014-03-19,3021,3032,3012,3025,3025,5433,CC=F,Yahoo chart API continuous-futures proxy
2014-03-20,2999,3002,2960,2974,2974,12461,CC=F,Yahoo chart API continuous-futures proxy
2014-03-21,2985,2997,2951,2957,2957,12676,CC=F,Yahoo chart API continuous-futures proxy
2014-03-24,2965,2986,2929,2940,2940,20129,CC=F,Yahoo chart API continuous-futures proxy
2014-03-25,2928,2957,2921,2949,2949,16632,CC=F,Yahoo chart API continuous-futures proxy
2014-03-26,2952,2969,2936,2963,2963,10927,CC=F,Yahoo chart API continuous-futures proxy
2014-03-27,2963,2969,2937,2955,2955,11024,CC=F,Yahoo chart API continuous-futures proxy
2014-03-28,2945,3006,2918,2983,2983,23300,CC=F,Yahoo chart API continuous-futures proxy
2014-03-31,2971,3005,2945,2955,2955,23733,CC=F,Yahoo chart API continuous-futures proxy
2014-04-01,2945,2964,2924,2943,2943,21689,CC=F,Yahoo chart API continuous-futures proxy
2014-04-02,2936,2949,2905,2917,2917,22778,CC=F,Yahoo chart API continuous-futures proxy
2014-04-03,2923,2930,2906,2917,2917,18698,CC=F,Yahoo chart API continuous-futures proxy
2014-04-04,2917,2983,2913,2966,2966,25211,CC=F,Yahoo chart API continuous-futures proxy
2014-04-07,2955,2978,2950,2959,2959,22937,CC=F,Yahoo chart API continuous-futures proxy
2014-04-08,2967,3000,2947,2992,2992,34002,CC=F,Yahoo chart API continuous-futures proxy
2014-04-09,2992,3021,2983,3011,3011,22494,CC=F,Yahoo chart API continuous-futures proxy
2014-04-10,2990,3002,2960,2970,2970,15003,CC=F,Yahoo chart API continuous-futures proxy
2014-04-11,2972,3000,2964,2987,2987,8864,CC=F,Yahoo chart API continuous-futures proxy
2014-04-14,2972,2994,2964,2979,2979,8616,CC=F,Yahoo chart API continuous-futures proxy
2014-04-15,2984,2984,2935,2951,2951,3316,CC=F,Yahoo chart API continuous-futures proxy
2014-04-16,2961,2977,2945,2956,2956,1411,CC=F,Yahoo chart API continuous-futures proxy
2014-04-17,2950,3006,2950,3001,3001,82,CC=F,Yahoo chart API continuous-futures proxy
2014-04-21,3001,3003,2983,2987,2987,21,CC=F,Yahoo chart API continuous-futures proxy
2014-04-22,3004,3016,2990,2993,2993,21,CC=F,Yahoo chart API continuous-futures proxy
2014-04-23,2985,3008,2985,2997,2997,4,CC=F,Yahoo chart API continuous-futures proxy
2014-04-24,2990,3006,2952,2968,2968,77,CC=F,Yahoo chart API continuous-futures proxy
2014-04-25,2960,2962,2939,2945,2945,49,CC=F,Yahoo chart API continuous-futures proxy
2014-04-28,2942,2942,2931,2935,2935,2,CC=F,Yahoo chart API continuous-futures proxy
2014-04-29,2940,2940,2940,2940,2940,2,CC=F,Yahoo chart API continuous-futures proxy
2014-04-30,2935,2983,2935,2974,2974,133,CC=F,Yahoo chart API continuous-futures proxy
2014-05-01,2913,2913,2902,2916,2916,15,CC=F,Yahoo chart API continuous-futures proxy
2014-05-02,2913,2913,2913,2910,2910,6,CC=F,Yahoo chart API continuous-futures proxy
2014-05-05,2918,2921,2918,2921,2921,4,CC=F,Yahoo chart API continuous-futures proxy
2014-05-06,2919,2919,2919,2913,2913,2,CC=F,Yahoo chart API continuous-futures proxy
2014-05-07,2891,2900,2874,2892,2892,9,CC=F,Yahoo chart API continuous-futures proxy
2014-05-08,2872,2889,2872,2883,2883,4,CC=F,Yahoo chart API continuous-futures proxy
2014-05-09,2853,2853,2853,2853,2853,1,CC=F,Yahoo chart API continuous-futures proxy
2014-05-12,2853,2853,2853,2858,2858,2,CC=F,Yahoo chart API continuous-futures proxy
2014-05-13,2875,2875,2875,2894,2894,5,CC=F,Yahoo chart API continuous-futures proxy
2014-05-14,2882,2882,2881,2885,2885,6129,CC=F,Yahoo chart API continuous-futures proxy
2014-05-15,2890,2924,2886,2907,2907,9254,CC=F,Yahoo chart API continuous-futures proxy
2014-05-16,2898,2920,2897,2917,2917,5848,CC=F,Yahoo chart API continuous-futures proxy
2014-05-19,2912,2935,2880,2930,2930,15839,CC=F,Yahoo chart API continuous-futures proxy
2014-05-20,2930,2974,2922,2968,2968,10536,CC=F,Yahoo chart API continuous-futures proxy
2014-05-21,2976,2996,2960,2981,2981,13150,CC=F,Yahoo chart API continuous-futures proxy
2014-05-22,2982,3010,2979,3001,3001,16658,CC=F,Yahoo chart API continuous-futures proxy
2014-05-23,2990,3027,2989,3022,3022,0,CC=F,Yahoo chart API continuous-futures proxy
2014-05-27,3026,3052,2995,3031,3031,16731,CC=F,Yahoo chart API continuous-futures proxy
2014-05-28,3037,3037,3018,3029,3029,10523,CC=F,Yahoo chart API continuous-futures proxy
2014-05-29,3035,3055,3020,3046,3046,16103,CC=F,Yahoo chart API continuous-futures proxy
2014-05-30,3061,3082,3059,3071,3071,21191,CC=F,Yahoo chart API continuous-futures proxy
2014-06-02,3058,3079,3049,3069,3069,13507,CC=F,Yahoo chart API continuous-futures proxy
2014-06-03,3070,3074,3054,3070,3070,16879,CC=F,Yahoo chart API continuous-futures proxy
2014-06-04,3079,3093,3064,3088,3088,21789,CC=F,Yahoo chart API continuous-futures proxy
2014-06-05,3091,3104,3070,3092,3092,18266,CC=F,Yahoo chart API continuous-futures proxy
2014-06-06,3090,3106,3058,3079,3079,28234,CC=F,Yahoo chart API continuous-futures proxy
2014-06-09,3076,3091,3057,3077,3077,20606,CC=F,Yahoo chart API continuous-futures proxy
2014-06-10,3087,3095,3075,3087,3087,21595,CC=F,Yahoo chart API continuous-futures proxy
2014-06-11,3083,3138,3058,3120,3120,15793,CC=F,Yahoo chart API continuous-futures proxy
2014-06-12,3129,3148,3068,3085,3085,15877,CC=F,Yahoo chart API continuous-futures proxy
2014-06-13,3077,3150,3074,3122,3122,4604,CC=F,Yahoo chart API continuous-futures proxy
2014-06-16,3116,3135,3114,3126,3126,2928,CC=F,Yahoo chart API continuous-futures proxy
2014-06-17,3130,3150,3117,3136,3136,295,CC=F,Yahoo chart API continuous-futures proxy
2014-06-18,3136,3139,3136,3141,3141,567,CC=F,Yahoo chart API continuous-futures proxy
2014-06-19,3139,3145,3128,3140,3140,40,CC=F,Yahoo chart API continuous-futures proxy
2014-06-20,3142,3142,3101,3117,3117,208,CC=F,Yahoo chart API continuous-futures proxy
2014-06-23,3111,3111,3093,3096,3096,68,CC=F,Yahoo chart API continuous-futures proxy
2014-06-24,3093,3093,3052,3056,3056,78,CC=F,Yahoo chart API continuous-futures proxy
2014-06-25,3063,3080,3060,3076,3076,89,CC=F,Yahoo chart API continuous-futures proxy
2014-06-26,3063,3065,3056,3055,3055,10,CC=F,Yahoo chart API continuous-futures proxy
2014-06-27,3075,3153,3075,3140,3140,124,CC=F,Yahoo chart API continuous-futures proxy
2014-06-30,3143,3143,3143,3143,3143,124,CC=F,Yahoo chart API continuous-futures proxy
2014-07-01,3135,3135,3135,3135,3135,0,CC=F,Yahoo chart API continuous-futures proxy
2014-07-02,3109,3109,3109,3136,3136,98,CC=F,Yahoo chart API continuous-futures proxy
2014-07-03,3124,3124,3124,3124,3124,1,CC=F,Yahoo chart API continuous-futures proxy
2014-07-07,3111,3112,3111,3117,3117,3,CC=F,Yahoo chart API continuous-futures proxy
2014-07-08,3134,3134,3134,3134,3134,62,CC=F,Yahoo chart API continuous-futures proxy
2014-07-09,3140,3140,3086,3113,3113,7,CC=F,Yahoo chart API continuous-futures proxy
2014-07-10,3111,3111,3093,3118,3118,218,CC=F,Yahoo chart API continuous-futures proxy
2014-07-11,3123,3128,3119,3127,3127,79,CC=F,Yahoo chart API continuous-futures proxy
2014-07-14,3120,3120,3120,3120,3120,3,CC=F,Yahoo chart API continuous-futures proxy
2014-07-15,3149,3149,3149,3143,3143,5,CC=F,Yahoo chart API continuous-futures proxy
2014-07-16,3105,3105,3105,3105,3105,18558,CC=F,Yahoo chart API continuous-futures proxy
2014-07-17,3060,3087,3057,3064,3064,11808,CC=F,Yahoo chart API continuous-futures proxy
2014-07-18,3074,3095,3064,3082,3082,12423,CC=F,Yahoo chart API continuous-futures proxy
2014-07-21,3082,3130,3070,3128,3128,25901,CC=F,Yahoo chart API continuous-futures proxy
2014-07-22,3116,3139,3115,3131,3131,12543,CC=F,Yahoo chart API continuous-futures proxy
2014-07-23,3130,3204,3127,3185,3185,42414,CC=F,Yahoo chart API continuous-futures proxy
2014-07-24,3193,3234,3189,3198,3198,17545,CC=F,Yahoo chart API continuous-futures proxy
2014-07-25,3197,3205,3182,3194,3194,6731,CC=F,Yahoo chart API continuous-futures proxy
2014-07-28,3200,3204,3160,3165,3165,11792,CC=F,Yahoo chart API continuous-futures proxy
2014-07-29,3171,3187,3164,3177,3177,10957,CC=F,Yahoo chart API continuous-futures proxy
2014-07-30,3182,3214,3180,3205,3205,12801,CC=F,Yahoo chart API continuous-futures proxy
2014-07-31,3210,3224,3187,3219,3219,13365,CC=F,Yahoo chart API continuous-futures proxy
2014-08-01,3217,3223,3154,3207,3207,20228,CC=F,Yahoo chart API continuous-futures proxy
2014-08-04,3206,3239,3185,3195,3195,20353,CC=F,Yahoo chart API continuous-futures proxy
2014-08-05,3200,3216,3170,3195,3195,15202,CC=F,Yahoo chart API continuous-futures proxy
2014-08-06,3203,3226,3195,3219,3219,15675,CC=F,Yahoo chart API continuous-futures proxy
2014-08-07,3223,3236,3209,3232,3232,14348,CC=F,Yahoo chart API continuous-futures proxy
2014-08-08,3227,3245,3213,3228,3228,15746,CC=F,Yahoo chart API continuous-futures proxy
2014-08-11,3224,3239,3215,3222,3222,16181,CC=F,Yahoo chart API continuous-futures proxy
2014-08-12,3226,3232,3216,3222,3222,10538,CC=F,Yahoo chart API continuous-futures proxy
2014-08-13,3224,3225,3206,3219,3219,6188,CC=F,Yahoo chart API continuous-futures proxy
2014-08-14,3215,3235,3175,3215,3215,5894,CC=F,Yahoo chart API continuous-futures proxy
2014-08-15,3210,3244,3210,3227,3227,2795,CC=F,Yahoo chart API continuous-futures proxy
2014-08-18,3226,3266,3226,3259,3259,429,CC=F,Yahoo chart API continuous-futures proxy
2014-08-19,3232,3250,3194,3199,3199,405,CC=F,Yahoo chart API continuous-futures proxy
2014-08-20,3216,3248,3213,3221,3221,21,CC=F,Yahoo chart API continuous-futures proxy
2014-08-21,3215,3219,3194,3198,3198,119,CC=F,Yahoo chart API continuous-futures proxy
2014-08-22,3200,3200,3183,3196,3196,14,CC=F,Yahoo chart API continuous-futures proxy
2014-08-25,3225,3225,3225,3221,3221,1,CC=F,Yahoo chart API continuous-futures proxy
2014-08-26,3234,3234,3209,3220,3220,14,CC=F,Yahoo chart API continuous-futures proxy
2014-08-27,3220,3230,3203,3216,3216,30,CC=F,Yahoo chart API continuous-futures proxy
2014-08-28,3250,3250,3170,3218,3218,26,CC=F,Yahoo chart API continuous-futures proxy
2014-08-29,3265,3272,3250,3219,3219,9,CC=F,Yahoo chart API continuous-futures proxy
2014-09-02,3247,3247,3141,3155,3155,104,CC=F,Yahoo chart API continuous-futures proxy
2014-09-03,3136,3136,3136,3136,3136,4,CC=F,Yahoo chart API continuous-futures proxy
2014-09-04,3160,3160,3160,3131,3131,2,CC=F,Yahoo chart API continuous-futures proxy
2014-09-05,3130,3130,3102,3111,3111,5,CC=F,Yahoo chart API continuous-futures proxy
2014-09-08,3116,3116,3052,3082,3082,6,CC=F,Yahoo chart API continuous-futures proxy
2014-09-09,3067,3080,3040,3071,3071,7,CC=F,Yahoo chart API continuous-futures proxy
2014-09-10,3080,3082,3080,3058,3058,7,CC=F,Yahoo chart API continuous-futures proxy
2014-09-11,3050,3055,3046,3040,3040,9,CC=F,Yahoo chart API continuous-futures proxy
2014-09-12,3062,3103,3062,3074,3074,16,CC=F,Yahoo chart API continuous-futures proxy
2014-09-15,3097,3097,3097,3097,3097,10061,CC=F,Yahoo chart API continuous-futures proxy
2014-09-16,3051,3088,3046,3070,3070,11877,CC=F,Yahoo chart API continuous-futures proxy
2014-09-17,3077,3165,3071,3153,3153,19598,CC=F,Yahoo chart API continuous-futures proxy
2014-09-18,3157,3205,3156,3192,3192,12871,CC=F,Yahoo chart API continuous-futures proxy
2014-09-19,3194,3273,3192,3259,3259,20060,CC=F,Yahoo chart API continuous-futures proxy
2014-09-22,3275,3343,3271,3328,3328,19655,CC=F,Yahoo chart API continuous-futures proxy
2014-09-23,3338,3366,3284,3297,3297,18652,CC=F,Yahoo chart API continuous-futures proxy
2014-09-24,3330,3380,3314,3371,3371,19922,CC=F,Yahoo chart API continuous-futures proxy
2014-09-25,3361,3399,3323,3333,3333,14435,CC=F,Yahoo chart API continuous-futures proxy
2014-09-26,3353,3368,3294,3311,3311,14315,CC=F,Yahoo chart API continuous-futures proxy
2014-09-29,3315,3336,3283,3311,3311,10162,CC=F,Yahoo chart API continuous-futures proxy
2014-09-30,3315,3327,3289,3300,3300,9961,CC=F,Yahoo chart API continuous-futures proxy
2014-10-01,3274,3274,3150,3172,3172,29593,CC=F,Yahoo chart API continuous-futures proxy
2014-10-02,3160,3170,3080,3090,3090,20447,CC=F,Yahoo chart API continuous-futures proxy
2014-10-03,3086,3119,3050,3056,3056,14152,CC=F,Yahoo chart API continuous-futures proxy
2014-10-06,3065,3096,3064,3079,3079,8635,CC=F,Yahoo chart API continuous-futures proxy
2014-10-07,3078,3086,3045,3051,3051,14548,CC=F,Yahoo chart API continuous-futures proxy
2014-10-08,3050,3074,3030,3038,3038,9157,CC=F,Yahoo chart API continuous-futures proxy
2014-10-09,3048,3071,3040,3057,3057,9929,CC=F,Yahoo chart API continuous-futures proxy
2014-10-10,3060,3172,3057,3157,3157,19030,CC=F,Yahoo chart API continuous-futures proxy
2014-10-13,3190,3208,3054,3059,3059,15817,CC=F,Yahoo chart API continuous-futures proxy
2014-10-14,3054,3140,3022,3102,3102,14501,CC=F,Yahoo chart API continuous-futures proxy
2014-10-15,3131,3176,3103,3153,3153,14125,CC=F,Yahoo chart API continuous-futures proxy
2014-10-16,3141,3150,3064,3086,3086,13057,CC=F,Yahoo chart API continuous-futures proxy
2014-10-17,3115,3140,3098,3118,3118,9100,CC=F,Yahoo chart API continuous-futures proxy
2014-10-20,3098,3132,3071,3120,3120,9537,CC=F,Yahoo chart API continuous-futures proxy
2014-10-21,3126,3129,3086,3110,3110,6483,CC=F,Yahoo chart API continuous-futures proxy
2014-10-22,3099,3119,3092,3113,3113,5256,CC=F,Yahoo chart API continuous-futures proxy
2014-10-23,3087,3175,3070,3120,3120,15328,CC=F,Yahoo chart API continuous-futures proxy
2014-10-24,3115,3130,3037,3050,3050,17791,CC=F,Yahoo chart API continuous-futures proxy
2014-10-27,3048,3064,2957,2970,2970,22910,CC=F,Yahoo chart API continuous-futures proxy
2014-10-28,2950,2958,2914,2923,2923,24411,CC=F,Yahoo chart API continuous-futures proxy
2014-10-29,2934,2950,2900,2937,2937,19307,CC=F,Yahoo chart API continuous-futures proxy
2014-10-30,2925,2953,2917,2946,2946,14599,CC=F,Yahoo chart API continuous-futures proxy
2014-10-31,2940,2947,2888,2899,2899,17073,CC=F,Yahoo chart API continuous-futures proxy
2014-11-03,2900,2906,2859,2861,2861,16344,CC=F,Yahoo chart API continuous-futures proxy
2014-11-04,2870,2895,2860,2881,2881,16643,CC=F,Yahoo chart API continuous-futures proxy
2014-11-05,2880,2893,2863,2871,2871,20322,CC=F,Yahoo chart API continuous-futures proxy
2014-11-06,2870,2898,2855,2869,2869,18054,CC=F,Yahoo chart API continuous-futures proxy
2014-11-07,2871,2918,2871,2889,2889,19203,CC=F,Yahoo chart API continuous-futures proxy
2014-11-10,2884,2930,2877,2895,2895,15392,CC=F,Yahoo chart API continuous-futures proxy
2014-11-11,2907,2928,2904,2920,2920,9354,CC=F,Yahoo chart API continuous-futures proxy
2014-11-12,2915,2916,2837,2851,2851,15181,CC=F,Yahoo chart API continuous-futures proxy
2014-11-13,2847,2847,2765,2798,2798,5801,CC=F,Yahoo chart API continuous-futures proxy
2014-11-14,2821,2863,2784,2847,2847,416,CC=F,Yahoo chart API continuous-futures proxy
2014-11-17,2822,2945,2820,2836,2836,116,CC=F,Yahoo chart API continuous-futures proxy
2014-11-18,2890,2890,2857,2845,2845,11,CC=F,Yahoo chart API continuous-futures proxy
2014-11-19,2873,2873,2873,2871,2871,3,CC=F,Yahoo chart API continuous-futures proxy
2014-11-20,2873,2891,2873,2879,2879,6,CC=F,Yahoo chart API continuous-futures proxy
2014-11-21,2863,2865,2860,2867,2867,11,CC=F,Yahoo chart API continuous-futures proxy
2014-11-24,2911,2911,2911,2911,2911,11,CC=F,Yahoo chart API continuous-futures proxy
2014-11-25,2869,2869,2867,2863,2863,6,CC=F,Yahoo chart API continuous-futures proxy
2014-11-26,2908,2908,2908,2908,2908,11,CC=F,Yahoo chart API continuous-futures proxy
2014-11-28,2880,2880,2880,2880,2880,11,CC=F,Yahoo chart API continuous-futures proxy
2014-12-01,2938,2938,2938,2933,2933,8,CC=F,Yahoo chart API continuous-futures proxy
2014-12-02,2900,2905,2900,2896,2896,3,CC=F,Yahoo chart API continuous-futures proxy
2014-12-03,2889,2889,2889,2889,2889,3,CC=F,Yahoo chart API continuous-futures proxy
2014-12-04,2898,2898,2898,2902,2902,1,CC=F,Yahoo chart API continuous-futures proxy
2014-12-05,2905,2928,2901,2929,2929,5,CC=F,Yahoo chart API continuous-futures proxy
2014-12-08,2933,2940,2900,2937,2937,7,CC=F,Yahoo chart API continuous-futures proxy
2014-12-09,2967,2981,2967,2986,2986,10,CC=F,Yahoo chart API continuous-futures proxy
2014-12-10,2980,2984,2975,2975,2975,32,CC=F,Yahoo chart API continuous-futures proxy
2014-12-11,2900,2900,2899,2888,2888,13,CC=F,Yahoo chart API continuous-futures proxy
2014-12-12,2899,2899,2899,2891,2891,5,CC=F,Yahoo chart API continuous-futures proxy
2014-12-15,2910,2910,2910,2910,2910,7706,CC=F,Yahoo chart API continuous-futures proxy
2014-12-16,2890,2926,2885,2914,2914,11517,CC=F,Yahoo chart API continuous-futures proxy
2014-12-17,2919,2931,2890,2915,2915,8372,CC=F,Yahoo chart API continuous-futures proxy
2014-12-18,2922,2968,2919,2965,2965,18138,CC=F,Yahoo chart API continuous-futures proxy
2014-12-19,2965,2990,2952,2980,2980,13421,CC=F,Yahoo chart API continuous-futures proxy
2014-12-22,2995,2996,2970,2986,2986,7213,CC=F,Yahoo chart API continuous-futures proxy
2014-12-23,2974,2985,2954,2966,2966,7335,CC=F,Yahoo chart API continuous-futures proxy
2014-12-24,2976,2997,2956,2964,2964,4019,CC=F,Yahoo chart API continuous-futures proxy
2014-12-26,2964,2964,2935,2941,2941,2932,CC=F,Yahoo chart API continuous-futures proxy
2014-12-29,2962,2987,2935,2964,2964,9239,CC=F,Yahoo chart API continuous-futures proxy
2014-12-30,2975,2988,2947,2972,2972,7574,CC=F,Yahoo chart API continuous-futures proxy
2014-12-31,2972,2978,2902,2910,2910,12050,CC=F,Yahoo chart API continuous-futures proxy
2015-01-02,2917,2944,2896,2927,2927,11227,CC=F,Yahoo chart API continuous-futures proxy
2015-01-05,2933,2954,2909,2944,2944,10058,CC=F,Yahoo chart API continuous-futures proxy
2015-01-06,2930,2942,2888,2902,2902,11870,CC=F,Yahoo chart API continuous-futures proxy
2015-01-07,2911,2923,2899,2912,2912,7640,CC=F,Yahoo chart API continuous-futures proxy
2015-01-08,2918,3016,2911,2986,2986,24195,CC=F,Yahoo chart API continuous-futures proxy
2015-01-09,2998,3003,2956,2968,2968,15657,CC=F,Yahoo chart API continuous-futures proxy
2015-01-12,2952,3002,2933,2994,2994,8528,CC=F,Yahoo chart API continuous-futures proxy
2015-01-13,2988,3015,2974,2991,2991,10476,CC=F,Yahoo chart API continuous-futures proxy
2015-01-14,2984,2998,2957,2992,2992,10155,CC=F,Yahoo chart API continuous-futures proxy
2015-01-15,2960,3003,2955,2977,2977,9567,CC=F,Yahoo chart API continuous-futures proxy
2015-01-16,2974,2977,2936,2942,2942,0,CC=F,Yahoo chart API continuous-futures proxy
2015-01-20,2954,2959,2919,2925,2925,11401,CC=F,Yahoo chart API continuous-futures proxy
2015-01-21,2919,2921,2840,2852,2852,26817,CC=F,Yahoo chart API continuous-futures proxy
2015-01-22,2849,2849,2795,2801,2801,24094,CC=F,Yahoo chart API continuous-futures proxy
2015-01-23,2785,2801,2754,2755,2755,22641,CC=F,Yahoo chart API continuous-futures proxy
2015-01-26,2749,2769,2731,2737,2737,14986,CC=F,Yahoo chart API continuous-futures proxy
2015-01-27,2743,2754,2728,2743,2743,18601,CC=F,Yahoo chart API continuous-futures proxy
2015-01-28,2739,2752,2712,2715,2715,18026,CC=F,Yahoo chart API continuous-futures proxy
2015-01-29,2710,2714,2683,2686,2686,19639,CC=F,Yahoo chart API continuous-futures proxy
2015-01-30,2686,2717,2682,2693,2693,17536,CC=F,Yahoo chart API continuous-futures proxy
2015-02-02,2682,2694,2669,2672,2672,16538,CC=F,Yahoo chart API continuous-futures proxy
2015-02-03,2675,2732,2673,2691,2691,24127,CC=F,Yahoo chart API continuous-futures proxy
2015-02-04,2706,2778,2705,2724,2724,24628,CC=F,Yahoo chart API continuous-futures proxy
2015-02-05,2725,2756,2715,2743,2743,18901,CC=F,Yahoo chart API continuous-futures proxy
2015-02-06,2753,2786,2742,2775,2775,19374,CC=F,Yahoo chart API continuous-futures proxy
2015-02-09,2785,2872,2780,2867,2867,17756,CC=F,Yahoo chart API continuous-futures proxy
2015-02-10,2864,2872,2825,2863,2863,13143,CC=F,Yahoo chart API continuous-futures proxy
2015-02-11,2860,2884,2843,2879,2879,10027,CC=F,Yahoo chart API continuous-futures proxy
2015-02-12,2885,2962,2878,2955,2955,9680,CC=F,Yahoo chart API continuous-futures proxy
2015-02-13,2955,2979,2919,2969,2969,953,CC=F,Yahoo chart API continuous-futures proxy
2015-02-17,2962,2991,2950,2990,2990,117,CC=F,Yahoo chart API continuous-futures proxy
2015-02-18,2990,3028,2975,3027,3027,110,CC=F,Yahoo chart API continuous-futures proxy
2015-02-19,3006,3014,3000,3025,3025,20,CC=F,Yahoo chart API continuous-futures proxy
2015-02-20,2989,3016,2987,3027,3027,25,CC=F,Yahoo chart API continuous-futures proxy
2015-02-23,3005,3058,3004,3054,3054,75,CC=F,Yahoo chart API continuous-futures proxy
2015-02-24,3040,3085,3040,3082,3082,318,CC=F,Yahoo chart API continuous-futures proxy
2015-02-25,3024,3037,3024,3024,3024,32,CC=F,Yahoo chart API continuous-futures proxy
2015-02-26,3008,3008,3007,3051,3051,267,CC=F,Yahoo chart API continuous-futures proxy
2015-02-27,3077,3100,3077,3102,3102,78,CC=F,Yahoo chart API continuous-futures proxy
2015-03-02,3102,3102,3060,3086,3086,44,CC=F,Yahoo chart API continuous-futures proxy
2015-03-03,3083,3116,3063,3100,3100,12,CC=F,Yahoo chart API continuous-futures proxy
2015-03-04,3061,3088,3060,3087,3087,19,CC=F,Yahoo chart API continuous-futures proxy
2015-03-05,3064,3064,3064,3075,3075,7,CC=F,Yahoo chart API continuous-futures proxy
2015-03-06,3015,3015,3015,3023,3023,1,CC=F,Yahoo chart API continuous-futures proxy
2015-03-09,3005,3005,2995,3000,3000,10,CC=F,Yahoo chart API continuous-futures proxy
2015-03-10,2997,2998,2995,2979,2979,6,CC=F,Yahoo chart API continuous-futures proxy
2015-03-11,2978,2978,2935,2940,2940,21,CC=F,Yahoo chart API continuous-futures proxy
2015-03-12,2922,2922,2922,2922,2922,11,CC=F,Yahoo chart API continuous-futures proxy
2015-03-13,2941,2941,2913,2902,2902,10,CC=F,Yahoo chart API continuous-futures proxy
2015-03-16,2869,2869,2869,2869,2869,15392,CC=F,Yahoo chart API continuous-futures proxy
2015-03-17,2781,2797,2726,2788,2788,25319,CC=F,Yahoo chart API continuous-futures proxy
2015-03-18,2769,2785,2727,2758,2758,18996,CC=F,Yahoo chart API continuous-futures proxy
2015-03-19,2764,2790,2705,2715,2715,20113,CC=F,Yahoo chart API continuous-futures proxy
2015-03-20,2711,2795,2697,2790,2790,21908,CC=F,Yahoo chart API continuous-futures proxy
2015-03-23,2763,2778,2748,2757,2757,13345,CC=F,Yahoo chart API continuous-futures proxy
2015-03-24,2749,2791,2714,2783,2783,20001,CC=F,Yahoo chart API continuous-futures proxy
2015-03-25,2769,2820,2763,2786,2786,18479,CC=F,Yahoo chart API continuous-futures proxy
2015-03-26,2784,2802,2751,2760,2760,13350,CC=F,Yahoo chart API continuous-futures proxy
2015-03-27,2746,2757,2723,2744,2744,15975,CC=F,Yahoo chart API continuous-futures proxy
2015-03-30,2724,2769,2680,2695,2695,19358,CC=F,Yahoo chart API continuous-futures proxy
2015-03-31,2679,2714,2679,2699,2699,22556,CC=F,Yahoo chart API continuous-futures proxy
2015-04-01,2687,2758,2687,2748,2748,26809,CC=F,Yahoo chart API continuous-futures proxy
2015-04-02,2750,2788,2747,2768,2768,23058,CC=F,Yahoo chart API continuous-futures proxy
2015-04-06,2773,2808,2752,2800,2800,10035,CC=F,Yahoo chart API continuous-futures proxy
2015-04-07,2793,2806,2782,2785,2785,15325,CC=F,Yahoo chart API continuous-futures proxy
2015-04-08,2795,2838,2786,2807,2807,25271,CC=F,Yahoo chart API continuous-futures proxy
2015-04-09,2780,2801,2768,2792,2792,17656,CC=F,Yahoo chart API continuous-futures proxy
2015-04-10,2791,2812,2772,2781,2781,19512,CC=F,Yahoo chart API continuous-futures proxy
2015-04-13,2784,2808,2778,2799,2799,12673,CC=F,Yahoo chart API continuous-futures proxy
2015-04-14,2798,2854,2797,2848,2848,13409,CC=F,Yahoo chart API continuous-futures proxy
2015-04-15,2843,2848,2801,2817,2817,13216,CC=F,Yahoo chart API continuous-futures proxy
2015-04-16,2844,2885,2844,2870,2870,6389,CC=F,Yahoo chart API continuous-futures proxy
2015-04-17,2863,2884,2837,2839,2839,743,CC=F,Yahoo chart API continuous-futures proxy
2015-04-20,2814,2814,2775,2779,2779,595,CC=F,Yahoo chart API continuous-futures proxy
2015-04-21,2782,2782,2759,2773,2773,28,CC=F,Yahoo chart API continuous-futures proxy
2015-04-22,2800,2820,2758,2772,2772,182,CC=F,Yahoo chart API continuous-futures proxy
2015-04-23,2782,2812,2779,2806,2806,12,CC=F,Yahoo chart API continuous-futures proxy
2015-04-24,2875,2875,2860,2889,2889,12,CC=F,Yahoo chart API continuous-futures proxy
2015-04-27,2879,2896,2879,2918,2918,12,CC=F,Yahoo chart API continuous-futures proxy
2015-04-28,2946,2967,2946,2924,2924,17,CC=F,Yahoo chart API continuous-futures proxy
2015-04-29,2915,2915,2915,2948,2948,4,CC=F,Yahoo chart API continuous-futures proxy
2015-04-30,2949,2950,2948,2943,2943,4,CC=F,Yahoo chart API continuous-futures proxy
2015-05-01,2877,2877,2877,2877,2877,4,CC=F,Yahoo chart API continuous-futures proxy
2015-05-04,2875,2875,2875,2875,2875,4,CC=F,Yahoo chart API continuous-futures proxy
2015-05-05,2936,2936,2936,2936,2936,4,CC=F,Yahoo chart API continuous-futures proxy
2015-05-06,2889,2889,2889,2889,2889,1,CC=F,Yahoo chart API continuous-futures proxy
2015-05-07,2899,2899,2899,2899,2899,1,CC=F,Yahoo chart API continuous-futures proxy
2015-05-08,2997,2997,2925,2922,2922,3,CC=F,Yahoo chart API continuous-futures proxy
2015-05-11,2955,2955,2955,2951,2951,4,CC=F,Yahoo chart API continuous-futures proxy
2015-05-12,2982,2982,2982,2982,2982,4,CC=F,Yahoo chart API continuous-futures proxy
2015-05-13,3001,3001,3001,3001,3001,13591,CC=F,Yahoo chart API continuous-futures proxy
2015-05-14,3070,3098,3059,3088,3088,13909,CC=F,Yahoo chart API continuous-futures proxy
2015-05-15,3088,3138,3073,3133,3133,13580,CC=F,Yahoo chart API continuous-futures proxy
2015-05-18,3127,3149,3113,3140,3140,14582,CC=F,Yahoo chart API continuous-futures proxy
2015-05-19,3130,3152,3115,3145,3145,10583,CC=F,Yahoo chart API continuous-futures proxy
2015-05-20,3134,3143,3108,3125,3125,13177,CC=F,Yahoo chart API continuous-futures proxy
2015-05-21,3143,3181,3141,3163,3163,16738,CC=F,Yahoo chart API continuous-futures proxy
2015-05-22,3164,3172,3131,3153,3153,11439,CC=F,Yahoo chart API continuous-futures proxy
2015-05-26,3124,3153,3120,3150,3150,12245,CC=F,Yahoo chart API continuous-futures proxy
2015-05-27,3150,3155,3113,3134,3134,16589,CC=F,Yahoo chart API continuous-futures proxy
2015-05-28,3130,3138,3091,3118,3118,17491,CC=F,Yahoo chart API continuous-futures proxy
2015-05-29,3115,3130,3081,3085,3085,20395,CC=F,Yahoo chart API continuous-futures proxy
2015-06-01,3090,3090,3050,3053,3053,18181,CC=F,Yahoo chart API continuous-futures proxy
2015-06-02,3066,3126,3066,3112,3112,25092,CC=F,Yahoo chart API continuous-futures proxy
2015-06-03,3111,3139,3103,3125,3125,17549,CC=F,Yahoo chart API continuous-futures proxy
2015-06-04,3135,3143,3100,3115,3115,19446,CC=F,Yahoo chart API continuous-futures proxy
2015-06-05,3107,3119,3064,3116,3116,22882,CC=F,Yahoo chart API continuous-futures proxy
2015-06-08,3093,3125,3091,3117,3117,21783,CC=F,Yahoo chart API continuous-futures proxy
2015-06-09,3114,3114,3085,3107,3107,21741,CC=F,Yahoo chart API continuous-futures proxy
2015-06-10,3104,3157,3104,3128,3128,17331,CC=F,Yahoo chart API continuous-futures proxy
2015-06-11,3120,3138,3089,3094,3094,11311,CC=F,Yahoo chart API continuous-futures proxy
2015-06-12,3089,3149,3085,3140,3140,9933,CC=F,Yahoo chart API continuous-futures proxy
2015-06-15,3155,3215,3154,3207,3207,9772,CC=F,Yahoo chart API continuous-futures proxy
2015-06-16,3211,3248,3211,3234,3234,3126,CC=F,Yahoo chart API continuous-futures proxy
2015-06-17,3235,3242,3219,3228,3228,182,CC=F,Yahoo chart API continuous-futures proxy
2015-06-18,3240,3298,3240,3300,3300,181,CC=F,Yahoo chart API continuous-futures proxy
2015-06-19,3304,3304,3258,3270,3270,18,CC=F,Yahoo chart API continuous-futures proxy
2015-06-22,3256,3256,3256,3290,3290,1,CC=F,Yahoo chart API continuous-futures proxy
2015-06-23,3283,3283,3270,3262,3262,56,CC=F,Yahoo chart API continuous-futures proxy
2015-06-24,3291,3291,3291,3291,3291,8,CC=F,Yahoo chart API continuous-futures proxy
2015-06-25,3321,3321,3275,3274,3274,13,CC=F,Yahoo chart API continuous-futures proxy
2015-06-26,3297,3336,3297,3328,3328,470,CC=F,Yahoo chart API continuous-futures proxy
2015-06-29,3326,3335,3326,3336,3336,13,CC=F,Yahoo chart API continuous-futures proxy
2015-06-30,3344,3344,3274,3275,3275,15,CC=F,Yahoo chart API continuous-futures proxy
2015-07-01,3282,3282,3282,3282,3282,15,CC=F,Yahoo chart API continuous-futures proxy
2015-07-02,3294,3294,3294,3294,3294,15,CC=F,Yahoo chart API continuous-futures proxy
2015-07-06,3294,3294,3285,3285,3285,6,CC=F,Yahoo chart API continuous-futures proxy
2015-07-07,3248,3248,3248,3257,3257,1,CC=F,Yahoo chart API continuous-futures proxy
2015-07-08,3254,3254,3254,3254,3254,1,CC=F,Yahoo chart API continuous-futures proxy
2015-07-09,3286,3286,3286,3286,3286,1,CC=F,Yahoo chart API continuous-futures proxy
2015-07-10,3325,3325,3325,3302,3302,1,CC=F,Yahoo chart API continuous-futures proxy
2015-07-13,3309,3309,3309,3309,3309,150,CC=F,Yahoo chart API continuous-futures proxy
2015-07-14,3320,3380,3318,3377,3377,68,CC=F,Yahoo chart API continuous-futures proxy
2015-07-15,3389,3389,3350,3356,3356,58,CC=F,Yahoo chart API continuous-futures proxy
2015-07-16,3358,3358,3358,3358,3358,7474,CC=F,Yahoo chart API continuous-futures proxy
2015-07-17,3337,3359,3328,3346,3346,9825,CC=F,Yahoo chart API continuous-futures proxy
2015-07-20,3344,3360,3318,3353,3353,8813,CC=F,Yahoo chart API continuous-futures proxy
2015-07-21,3345,3367,3333,3336,3336,8436,CC=F,Yahoo chart API continuous-futures proxy
2015-07-22,3350,3352,3235,3277,3277,26624,CC=F,Yahoo chart API continuous-futures proxy
2015-07-23,3265,3273,3240,3241,3241,14169,CC=F,Yahoo chart API continuous-futures proxy
2015-07-24,3247,3261,3175,3181,3181,22852,CC=F,Yahoo chart API continuous-futures proxy
2015-07-27,3180,3217,3164,3193,3193,16575,CC=F,Yahoo chart API continuous-futures proxy
2015-07-28,3185,3208,3174,3204,3204,13026,CC=F,Yahoo chart API continuous-futures proxy
2015-07-29,3204,3226,3200,3217,3217,11810,CC=F,Yahoo chart API continuous-futures proxy
2015-07-30,3205,3231,3205,3221,3221,13303,CC=F,Yahoo chart API continuous-futures proxy
2015-07-31,3221,3240,3199,3209,3209,17838,CC=F,Yahoo chart API continuous-futures proxy
2015-08-03,3203,3206,3161,3166,3166,18351,CC=F,Yahoo chart API continuous-futures proxy
2015-08-04,3164,3188,3155,3165,3165,27203,CC=F,Yahoo chart API continuous-futures proxy
2015-08-05,3159,3175,3093,3120,3120,28503,CC=F,Yahoo chart API continuous-futures proxy
2015-08-06,3109,3117,3054,3057,3057,27512,CC=F,Yahoo chart API continuous-futures proxy
2015-08-07,3055,3113,3027,3107,3107,31045,CC=F,Yahoo chart API continuous-futures proxy
2015-08-10,3095,3103,3071,3095,3095,17815,CC=F,Yahoo chart API continuous-futures proxy
2015-08-11,3094,3151,3027,3082,3082,19134,CC=F,Yahoo chart API continuous-futures proxy
2015-08-12,3076,3087,3019,3035,3035,17793,CC=F,Yahoo chart API continuous-futures proxy
2015-08-13,3016,3061,3000,3042,3042,10767,CC=F,Yahoo chart API continuous-futures proxy
2015-08-14,3044,3057,3029,3039,3039,5316,CC=F,Yahoo chart API continuous-futures proxy
2015-08-17,3036,3068,3021,3032,3032,5957,CC=F,Yahoo chart API continuous-futures proxy
2015-08-18,3048,3098,3048,3085,3085,341,CC=F,Yahoo chart API continuous-futures proxy
2015-08-19,3096,3135,3081,3120,3120,86,CC=F,Yahoo chart API continuous-futures proxy
2015-08-20,3098,3140,3094,3142,3142,52,CC=F,Yahoo chart API continuous-futures proxy
2015-08-21,3126,3126,3078,3077,3077,53,CC=F,Yahoo chart API continuous-futures proxy
2015-08-24,3039,3102,3010,3087,3087,36,CC=F,Yahoo chart API continuous-futures proxy
2015-08-25,3114,3121,3090,3113,3113,38,CC=F,Yahoo chart API continuous-futures proxy
2015-08-26,3100,3106,3087,3097,3097,44,CC=F,Yahoo chart API continuous-futures proxy
2015-08-27,3101,3108,3095,3112,3112,16,CC=F,Yahoo chart API continuous-futures proxy
2015-08-28,3140,3143,3079,3115,3115,23,CC=F,Yahoo chart API continuous-futures proxy
2015-08-31,3117,3117,3117,3102,3102,1,CC=F,Yahoo chart API continuous-futures proxy
2015-09-01,3145,3145,3145,3145,3145,8,CC=F,Yahoo chart API continuous-futures proxy
2015-09-02,3130,3130,3103,3117,3117,8,CC=F,Yahoo chart API continuous-futures proxy
2015-09-03,3114,3114,3114,3114,3114,8,CC=F,Yahoo chart API continuous-futures proxy
2015-09-04,3168,3168,3168,3168,3168,10,CC=F,Yahoo chart API continuous-futures proxy
2015-09-08,3211,3226,3211,3224,3224,4,CC=F,Yahoo chart API continuous-futures proxy
2015-09-09,3274,3274,3274,3274,3274,4,CC=F,Yahoo chart API continuous-futures proxy
2015-09-10,3251,3251,3246,3276,3276,11,CC=F,Yahoo chart API continuous-futures proxy
2015-09-11,3285,3285,3248,3248,3248,16,CC=F,Yahoo chart API continuous-futures proxy
2015-09-14,3282,3282,3276,3280,3280,7,CC=F,Yahoo chart API continuous-futures proxy
2015-09-15,3218,3218,3218,3218,3218,17976,CC=F,Yahoo chart API continuous-futures proxy
2015-09-16,3250,3285,3248,3267,3267,17553,CC=F,Yahoo chart API continuous-futures proxy
2015-09-17,3263,3288,3249,3282,3282,12931,CC=F,Yahoo chart API continuous-futures proxy
2015-09-18,3292,3341,3292,3311,3311,15510,CC=F,Yahoo chart API continuous-futures proxy
2015-09-21,3317,3325,3300,3311,3311,8277,CC=F,Yahoo chart API continuous-futures proxy
2015-09-22,3311,3328,3279,3312,3312,15782,CC=F,Yahoo chart API continuous-futures proxy
2015-09-23,3312,3322,3285,3315,3315,15276,CC=F,Yahoo chart API continuous-futures proxy
2015-09-24,3314,3314,3271,3293,3293,21490,CC=F,Yahoo chart API continuous-futures proxy
2015-09-25,3304,3308,3257,3276,3276,16033,CC=F,Yahoo chart API continuous-futures proxy
2015-09-28,3280,3284,3224,3242,3242,19087,CC=F,Yahoo chart API continuous-futures proxy
2015-09-29,3243,3250,3171,3182,3182,24035,CC=F,Yahoo chart API continuous-futures proxy
2015-09-30,3169,3191,3109,3114,3114,25792,CC=F,Yahoo chart API continuous-futures proxy
2015-10-01,3120,3157,3094,3105,3105,19853,CC=F,Yahoo chart API continuous-futures proxy
2015-10-02,3105,3122,3087,3095,3095,19206,CC=F,Yahoo chart API continuous-futures proxy
2015-10-05,3095,3105,3069,3092,3092,15539,CC=F,Yahoo chart API continuous-futures proxy
2015-10-06,3078,3094,3071,3092,3092,22600,CC=F,Yahoo chart API continuous-futures proxy
2015-10-07,3087,3145,3052,3079,3079,19006,CC=F,Yahoo chart API continuous-futures proxy
2015-10-08,3063,3077,3035,3060,3060,19006,CC=F,Yahoo chart API continuous-futures proxy
2015-10-09,3055,3089,3046,3049,3049,19064,CC=F,Yahoo chart API continuous-futures proxy
2015-10-12,3059,3099,3026,3074,3074,22315,CC=F,Yahoo chart API continuous-futures proxy
2015-10-13,3074,3143,3060,3125,3125,15098,CC=F,Yahoo chart API continuous-futures proxy
2015-10-14,3126,3148,3096,3109,3109,14659,CC=F,Yahoo chart API continuous-futures proxy
2015-10-15,3111,3118,3075,3104,3104,14659,CC=F,Yahoo chart API continuous-futures proxy
2015-10-16,3094,3127,3088,3119,3119,19818,CC=F,Yahoo chart API continuous-futures proxy
2015-10-19,3110,3172,3110,3169,3169,19863,CC=F,Yahoo chart API continuous-futures proxy
2015-10-20,3172,3227,3167,3202,3202,25768,CC=F,Yahoo chart API continuous-futures proxy
2015-10-21,3212,3226,3127,3146,3146,17330,CC=F,Yahoo chart API continuous-futures proxy
2015-10-22,3139,3185,3118,3140,3140,17330,CC=F,Yahoo chart API continuous-futures proxy
2015-10-23,3137,3161,3105,3125,3125,14296,CC=F,Yahoo chart API continuous-futures proxy
2015-10-26,3145,3182,3121,3174,3174,17266,CC=F,Yahoo chart API continuous-futures proxy
2015-10-27,3180,3199,3163,3197,3197,20718,CC=F,Yahoo chart API continuous-futures proxy
2015-10-28,3185,3233,3185,3219,3219,16992,CC=F,Yahoo chart API continuous-futures proxy
2015-10-29,3202,3244,3168,3215,3215,16992,CC=F,Yahoo chart API continuous-futures proxy
2015-10-30,3214,3262,3214,3259,3259,22664,CC=F,Yahoo chart API continuous-futures proxy
2015-11-02,3252,3299,3245,3295,3295,23374,CC=F,Yahoo chart API continuous-futures proxy
2015-11-03,3290,3300,3276,3297,3297,25008,CC=F,Yahoo chart API continuous-futures proxy
2015-11-04,3267,3274,3218,3235,3235,18131,CC=F,Yahoo chart API continuous-futures proxy
2015-11-05,3223,3272,3222,3263,3263,18131,CC=F,Yahoo chart API continuous-futures proxy
2015-11-06,3265,3265,3204,3237,3237,19710,CC=F,Yahoo chart API continuous-futures proxy
2015-11-09,3228,3235,3187,3209,3209,16236,CC=F,Yahoo chart API continuous-futures proxy
2015-11-10,3209,3282,3208,3268,3268,10975,CC=F,Yahoo chart API continuous-futures proxy
2015-11-11,3257,3309,3257,3307,3307,13519,CC=F,Yahoo chart API continuous-futures proxy
2015-11-12,3310,3312,3282,3309,3309,13519,CC=F,Yahoo chart API continuous-futures proxy
2015-11-13,3312,3368,3305,3346,3346,318,CC=F,Yahoo chart API continuous-futures proxy
2015-11-16,3346,3380,3346,3369,3369,153,CC=F,Yahoo chart API continuous-futures proxy
2015-11-17,3395,3395,3340,3354,3354,46,CC=F,Yahoo chart API continuous-futures proxy
2015-11-18,3337,3370,3322,3329,3329,20,CC=F,Yahoo chart API continuous-futures proxy
2015-11-19,3353,3380,3353,3366,3366,20,CC=F,Yahoo chart API continuous-futures proxy
2015-11-20,3400,3406,3346,3366,3366,65,CC=F,Yahoo chart API continuous-futures proxy
2015-11-23,3369,3369,3302,3304,3304,13,CC=F,Yahoo chart API continuous-futures proxy
2015-11-24,3319,3332,3319,3329,3329,13,CC=F,Yahoo chart API continuous-futures proxy
2015-11-25,3320,3320,3301,3301,3301,2,CC=F,Yahoo chart API continuous-futures proxy
2015-11-27,3308,3308,3308,3308,3308,15,CC=F,Yahoo chart API continuous-futures proxy
2015-11-30,3353,3354,3330,3327,3327,5,CC=F,Yahoo chart API continuous-futures proxy
2015-12-01,3327,3350,3318,3328,3328,31,CC=F,Yahoo chart API continuous-futures proxy
2015-12-02,3338,3338,3301,3312,3312,31,CC=F,Yahoo chart API continuous-futures proxy
2015-12-03,3365,3365,3365,3365,3365,31,CC=F,Yahoo chart API continuous-futures proxy
2015-12-04,3375,3393,3375,3369,3369,38,CC=F,Yahoo chart API continuous-futures proxy
2015-12-07,3422,3422,3402,3410,3410,8,CC=F,Yahoo chart API continuous-futures proxy
2015-12-08,3347,3347,3327,3309,3309,3,CC=F,Yahoo chart API continuous-futures proxy
2015-12-09,3345,3356,3345,3369,3369,3,CC=F,Yahoo chart API continuous-futures proxy
2015-12-10,3371,3373,3354,3344,3344,3,CC=F,Yahoo chart API continuous-futures proxy
2015-12-11,3349,3350,3349,3348,3348,27,CC=F,Yahoo chart API continuous-futures proxy
2015-12-14,3336,3375,3336,3369,3369,27,CC=F,Yahoo chart API continuous-futures proxy
2015-12-15,3328,3328,3328,3328,3328,16113,CC=F,Yahoo chart API continuous-futures proxy
2015-12-16,3343,3343,3286,3291,3291,20329,CC=F,Yahoo chart API continuous-futures proxy
2015-12-17,3297,3299,3228,3253,3253,20329,CC=F,Yahoo chart API continuous-futures proxy
2015-12-18,3267,3271,3229,3252,3252,15883,CC=F,Yahoo chart API continuous-futures proxy
2015-12-21,3246,3257,3205,3239,3239,13227,CC=F,Yahoo chart API continuous-futures proxy
2015-12-22,3229,3239,3176,3197,3197,27433,CC=F,Yahoo chart API continuous-futures proxy
2015-12-23,3189,3262,3178,3260,3260,27433,CC=F,Yahoo chart API continuous-futures proxy
2015-12-24,3251,3269,3208,3210,3210,5743,CC=F,Yahoo chart API continuous-futures proxy
2015-12-28,3211,3222,3190,3194,3194,10106,CC=F,Yahoo chart API continuous-futures proxy
2015-12-29,3211,3225,3186,3211,3211,8558,CC=F,Yahoo chart API continuous-futures proxy
2015-12-30,3200,3233,3200,3229,3229,8558,CC=F,Yahoo chart API continuous-futures proxy
2015-12-31,3229,3235,3188,3211,3211,26057,CC=F,Yahoo chart API continuous-futures proxy
2016-01-04,3214,3219,3119,3124,3124,27506,CC=F,Yahoo chart API continuous-futures proxy
2016-01-05,3132,3138,3047,3059,3059,29169,CC=F,Yahoo chart API continuous-futures proxy
2016-01-06,3033,3052,2970,2981,2981,35663,CC=F,Yahoo chart API continuous-futures proxy
2016-01-07,2951,2987,2898,2963,2963,35663,CC=F,Yahoo chart API continuous-futures proxy
2016-01-08,2985,3025,2975,3017,3017,29011,CC=F,Yahoo chart API continuous-futures proxy
2016-01-11,3000,3004,2882,2902,2902,21041,CC=F,Yahoo chart API continuous-futures proxy
2016-01-12,2875,2892,2852,2860,2860,20467,CC=F,Yahoo chart API continuous-futures proxy
2016-01-13,2865,2902,2865,2892,2892,16052,CC=F,Yahoo chart API continuous-futures proxy
2016-01-14,2889,2894,2844,2857,2857,16052,CC=F,Yahoo chart API continuous-futures proxy
2016-01-15,2876,2919,2872,2905,2905,24391,CC=F,Yahoo chart API continuous-futures proxy
2016-01-18,,,,,,,CC=F,Yahoo chart API continuous-futures proxy
2016-01-19,2916,2954,2903,2934,2934,42212,CC=F,Yahoo chart API continuous-futures proxy
2016-01-20,2913,2914,2787,2810,2810,29027,CC=F,Yahoo chart API continuous-futures proxy
2016-01-21,2799,2868,2755,2855,2855,29027,CC=F,Yahoo chart API continuous-futures proxy
2016-01-22,2883,2908,2851,2872,2872,18008,CC=F,Yahoo chart API continuous-futures proxy
2016-01-25,2847,2877,2811,2819,2819,23454,CC=F,Yahoo chart API continuous-futures proxy
2016-01-26,2790,2851,2785,2829,2829,16981,CC=F,Yahoo chart API continuous-futures proxy
2016-01-27,2829,2838,2743,2764,2764,23996,CC=F,Yahoo chart API continuous-futures proxy
2016-01-28,2739,2823,2731,2791,2791,23996,CC=F,Yahoo chart API continuous-futures proxy
2016-01-29,2806,2830,2754,2761,2761,33989,CC=F,Yahoo chart API continuous-futures proxy
2016-02-01,2765,2875,2744,2868,2868,26887,CC=F,Yahoo chart API continuous-futures proxy
2016-02-02,2852,2858,2753,2761,2761,25224,CC=F,Yahoo chart API continuous-futures proxy
2016-02-03,2775,2854,2738,2837,2837,21398,CC=F,Yahoo chart API continuous-futures proxy
2016-02-04,2870,2878,2757,2764,2764,21398,CC=F,Yahoo chart API continuous-futures proxy
2016-02-05,2766,2823,2753,2772,2772,25406,CC=F,Yahoo chart API continuous-futures proxy
2016-02-08,2797,2867,2761,2858,2858,21065,CC=F,Yahoo chart API continuous-futures proxy
2016-02-09,2840,2850,2780,2837,2837,15122,CC=F,Yahoo chart API continuous-futures proxy
2016-02-10,2814,2862,2796,2825,2825,10788,CC=F,Yahoo chart API continuous-futures proxy
2016-02-11,2810,2818,2761,2766,2766,10788,CC=F,Yahoo chart API continuous-futures proxy
2016-02-12,2770,2835,2765,2827,2827,562,CC=F,Yahoo chart API continuous-futures proxy
2016-02-15,,,,,,,CC=F,Yahoo chart API continuous-futures proxy
2016-02-16,2818,2825,2789,2793,2793,346,CC=F,Yahoo chart API continuous-futures proxy
2016-02-17,2797,2912,2775,2878,2878,48,CC=F,Yahoo chart API continuous-futures proxy
2016-02-18,2878,2900,2868,2886,2886,48,CC=F,Yahoo chart API continuous-futures proxy
2016-02-19,2876,2892,2823,2836,2836,7,CC=F,Yahoo chart API continuous-futures proxy
2016-02-22,2800,2846,2800,2855,2855,1,CC=F,Yahoo chart API continuous-futures proxy
2016-02-23,2868,2868,2868,2872,2872,58,CC=F,Yahoo chart API continuous-futures proxy
2016-02-24,2866,2937,2866,2925,2925,8,CC=F,Yahoo chart API continuous-futures proxy
2016-02-25,2915,2963,2915,2939,2939,8,CC=F,Yahoo chart API continuous-futures proxy
2016-02-26,2951,2958,2875,2882,2882,56,CC=F,Yahoo chart API continuous-futures proxy
2016-02-29,2949,2949,2949,2949,2949,56,CC=F,Yahoo chart API continuous-futures proxy
2016-03-01,2923,2923,2923,2923,2923,0,CC=F,Yahoo chart API continuous-futures proxy
2016-03-02,2940,2940,2940,2940,2940,9,CC=F,Yahoo chart API continuous-futures proxy
2016-03-03,2942,2942,2942,2942,2942,6,CC=F,Yahoo chart API continuous-futures proxy
2016-03-04,3001,3001,3001,3001,3001,105,CC=F,Yahoo chart API continuous-futures proxy
2016-03-07,2994,2994,2994,2994,2994,4,CC=F,Yahoo chart API continuous-futures proxy
2016-03-08,2954,2954,2954,2954,2954,4,CC=F,Yahoo chart API continuous-futures proxy
2016-03-09,3006,3006,3006,3006,3006,4,CC=F,Yahoo chart API continuous-futures proxy
2016-03-10,3031,3031,3031,3031,3031,4,CC=F,Yahoo chart API continuous-futures proxy
2016-03-11,3031,3031,3031,3031,3031,4,CC=F,Yahoo chart API continuous-futures proxy
2016-03-14,3043,3043,3043,3043,3043,4,CC=F,Yahoo chart API continuous-futures proxy
2016-03-15,3043,3063,3005,2999,2999,9923,CC=F,Yahoo chart API continuous-futures proxy
2016-03-16,3050,3052,3016,3040,3040,10535,CC=F,Yahoo chart API continuous-futures proxy
2016-03-17,3075,3125,3055,3116,3116,20725,CC=F,Yahoo chart API continuous-futures proxy
2016-03-18,3115,3148,3104,3118,3118,12852,CC=F,Yahoo chart API continuous-futures proxy
2016-03-21,3114,3125,3059,3072,3072,13026,CC=F,Yahoo chart API continuous-futures proxy
2016-03-22,3056,3068,3025,3035,3035,13260,CC=F,Yahoo chart API continuous-futures proxy
2016-03-23,3038,3039,2936,2963,2963,23313,CC=F,Yahoo chart API continuous-futures proxy
2016-03-24,2957,2972,2926,2962,2962,12626,CC=F,Yahoo chart API continuous-futures proxy
2016-03-28,2946,3001,2946,2970,2970,7405,CC=F,Yahoo chart API continuous-futures proxy
2016-03-29,2960,2992,2952,2970,2970,10669,CC=F,Yahoo chart API continuous-futures proxy
2016-03-30,2985,3021,2959,2974,2974,17389,CC=F,Yahoo chart API continuous-futures proxy
2016-03-31,2959,2979,2910,2950,2950,26279,CC=F,Yahoo chart API continuous-futures proxy
2016-04-01,2941,2958,2880,2881,2881,38332,CC=F,Yahoo chart API continuous-futures proxy
2016-04-04,2865,2917,2854,2871,2871,24148,CC=F,Yahoo chart API continuous-futures proxy
2016-04-05,2850,2891,2841,2882,2882,23830,CC=F,Yahoo chart API continuous-futures proxy
2016-04-06,2883,2907,2856,2900,2900,13820,CC=F,Yahoo chart API continuous-futures proxy
2016-04-07,2907,2907,2843,2850,2850,24260,CC=F,Yahoo chart API continuous-futures proxy
2016-04-08,2858,2880,2848,2872,2872,17798,CC=F,Yahoo chart API continuous-futures proxy
2016-04-11,2871,2921,2871,2906,2906,14536,CC=F,Yahoo chart API continuous-futures proxy
2016-04-12,2925,2936,2896,2932,2932,15597,CC=F,Yahoo chart API continuous-futures proxy
2016-04-13,2896,2925,2882,2918,2918,11359,CC=F,Yahoo chart API continuous-futures proxy
2016-04-14,2910,2958,2910,2953,2953,5471,CC=F,Yahoo chart API continuous-futures proxy
2016-04-15,2944,2996,2923,2941,2941,3915,CC=F,Yahoo chart API continuous-futures proxy
2016-04-18,2964,3010,2909,2995,2995,53,CC=F,Yahoo chart API continuous-futures proxy
2016-04-19,3001,3060,3001,3043,3043,22,CC=F,Yahoo chart API continuous-futures proxy
2016-04-20,3060,3060,3060,3060,3060,6,CC=F,Yahoo chart API continuous-futures proxy
2016-04-21,3083,3085,3083,3061,3061,3,CC=F,Yahoo chart API continuous-futures proxy
2016-04-22,3114,3132,3114,3137,3137,50,CC=F,Yahoo chart API continuous-futures proxy
2016-04-25,3159,3159,3106,3113,3113,27,CC=F,Yahoo chart API continuous-futures proxy
2016-04-26,3158,3197,3158,3181,3181,9,CC=F,Yahoo chart API continuous-futures proxy
2016-04-27,3184,3190,3183,3170,3170,6,CC=F,Yahoo chart API continuous-futures proxy
2016-04-28,3170,3170,3170,3157,3157,5,CC=F,Yahoo chart API continuous-futures proxy
2016-04-29,3189,3189,3189,3207,3207,7,CC=F,Yahoo chart API continuous-futures proxy
2016-05-02,3224,3224,3224,3189,3189,1,CC=F,Yahoo chart API continuous-futures proxy
2016-05-03,3195,3196,3153,3178,3178,17,CC=F,Yahoo chart API continuous-futures proxy
2016-05-04,3158,3158,3158,3159,3159,1,CC=F,Yahoo chart API continuous-futures proxy
2016-05-05,3131,3131,3131,3131,3131,1,CC=F,Yahoo chart API continuous-futures proxy
2016-05-06,3047,3047,3047,3047,3047,7,CC=F,Yahoo chart API continuous-futures proxy
2016-05-09,3077,3077,3077,3059,3059,1,CC=F,Yahoo chart API continuous-futures proxy
2016-05-10,3105,3105,3105,3081,3081,1,CC=F,Yahoo chart API continuous-futures proxy
2016-05-11,3033,3099,3033,3045,3045,8,CC=F,Yahoo chart API continuous-futures proxy
2016-05-12,3082,3088,3082,3018,3018,5,CC=F,Yahoo chart API continuous-futures proxy
2016-05-13,2961,2961,2961,2961,2961,19503,CC=F,Yahoo chart API continuous-futures proxy
2016-05-16,2958,2990,2906,2927,2927,24551,CC=F,Yahoo chart API continuous-futures proxy
2016-05-17,2920,2933,2890,2899,2899,18425,CC=F,Yahoo chart API continuous-futures proxy
2016-05-18,2901,2942,2890,2931,2931,20915,CC=F,Yahoo chart API continuous-futures proxy
2016-05-19,2921,2940,2884,2893,2893,20201,CC=F,Yahoo chart API continuous-futures proxy
2016-05-20,2910,2926,2894,2912,2912,17297,CC=F,Yahoo chart API continuous-futures proxy
2016-05-23,2912,2982,2909,2959,2959,23462,CC=F,Yahoo chart API continuous-futures proxy
2016-05-24,2998,3018,2932,2953,2953,25035,CC=F,Yahoo chart API continuous-futures proxy
2016-05-25,2958,2968,2917,2924,2924,14472,CC=F,Yahoo chart API continuous-futures proxy
2016-05-26,2901,2944,2891,2916,2916,25162,CC=F,Yahoo chart API continuous-futures proxy
2016-05-27,2955,3008,2939,3005,3005,0,CC=F,Yahoo chart API continuous-futures proxy
2016-05-31,3019,3078,3019,3059,3059,25443,CC=F,Yahoo chart API continuous-futures proxy
2016-06-01,3037,3063,2997,3046,3046,22811,CC=F,Yahoo chart API continuous-futures proxy
2016-06-02,3029,3077,3023,3057,3057,16152,CC=F,Yahoo chart API continuous-futures proxy
2016-06-03,3053,3067,2992,3031,3031,22440,CC=F,Yahoo chart API continuous-futures proxy
2016-06-06,3030,3095,3004,3063,3063,18325,CC=F,Yahoo chart API continuous-futures proxy
2016-06-07,3075,3105,3057,3088,3088,15759,CC=F,Yahoo chart API continuous-futures proxy
2016-06-08,3089,3128,3084,3113,3113,12272,CC=F,Yahoo chart API continuous-futures proxy
2016-06-09,3103,3123,3093,3116,3116,10192,CC=F,Yahoo chart API continuous-futures proxy
2016-06-10,3116,3138,3086,3135,3135,10945,CC=F,Yahoo chart API continuous-futures proxy
2016-06-13,3114,3167,3101,3147,3147,7735,CC=F,Yahoo chart API continuous-futures proxy
2016-06-14,3136,3154,3126,3145,3145,3297,CC=F,Yahoo chart API continuous-futures proxy
2016-06-15,3150,3174,3150,3160,3160,3907,CC=F,Yahoo chart API continuous-futures proxy
2016-06-16,3163,3163,2982,3059,3059,4746,CC=F,Yahoo chart API continuous-futures proxy
2016-06-17,3069,3125,3069,3106,3106,254,CC=F,Yahoo chart API continuous-futures proxy
2016-06-20,3158,3171,3150,3170,3170,223,CC=F,Yahoo chart API continuous-futures proxy
2016-06-21,3170,3173,3166,3195,3195,93,CC=F,Yahoo chart API continuous-futures proxy
2016-06-22,3192,3208,3192,3205,3205,128,CC=F,Yahoo chart API continuous-futures proxy
2016-06-23,3237,3237,3228,3235,3235,8,CC=F,Yahoo chart API continuous-futures proxy
2016-06-24,3152,3152,3059,3070,3070,87,CC=F,Yahoo chart API continuous-futures proxy
2016-06-27,3048,3056,3040,3034,3034,32,CC=F,Yahoo chart API continuous-futures proxy
2016-06-28,3066,3066,3040,3050,3050,11,CC=F,Yahoo chart API continuous-futures proxy
2016-06-29,3055,3062,3055,3078,3078,24,CC=F,Yahoo chart API continuous-futures proxy
2016-06-30,3028,3028,3028,3004,3004,1,CC=F,Yahoo chart API continuous-futures proxy
2016-07-01,3040,3040,3040,3034,3034,0,CC=F,Yahoo chart API continuous-futures proxy
2016-07-05,3104,3104,3104,3104,3104,4,CC=F,Yahoo chart API continuous-futures proxy
2016-07-06,3104,3109,3104,3119,3119,2,CC=F,Yahoo chart API continuous-futures proxy
2016-07-07,3148,3148,3148,3149,3149,3,CC=F,Yahoo chart API continuous-futures proxy
2016-07-08,3151,3159,3151,3136,3136,15,CC=F,Yahoo chart API continuous-futures proxy
2016-07-11,3136,3136,3136,3138,3138,1,CC=F,Yahoo chart API continuous-futures proxy
2016-07-12,3155,3155,3155,3153,3153,1,CC=F,Yahoo chart API continuous-futures proxy
2016-07-13,3182,3182,3182,3182,3182,1,CC=F,Yahoo chart API continuous-futures proxy
2016-07-14,3197,3197,3197,3197,3197,15558,CC=F,Yahoo chart API continuous-futures proxy
2016-07-15,3157,3166,3056,3065,3065,23019,CC=F,Yahoo chart API continuous-futures proxy
2016-07-18,3081,3099,3061,3085,3085,13253,CC=F,Yahoo chart API continuous-futures proxy
2016-07-19,3067,3068,2990,2998,2998,23551,CC=F,Yahoo chart API continuous-futures proxy
2016-07-20,3000,3017,2950,2969,2969,23171,CC=F,Yahoo chart API continuous-futures proxy
2016-07-21,2958,2972,2896,2902,2902,27739,CC=F,Yahoo chart API continuous-futures proxy
2016-07-22,2875,2948,2849,2886,2886,33999,CC=F,Yahoo chart API continuous-futures proxy
2016-07-25,2885,2914,2850,2854,2854,22497,CC=F,Yahoo chart API continuous-futures proxy
2016-07-26,2861,2888,2841,2851,2851,18795,CC=F,Yahoo chart API continuous-futures proxy
2016-07-27,2840,2879,2840,2857,2857,17341,CC=F,Yahoo chart API continuous-futures proxy
2016-07-28,2883,2891,2846,2850,2850,19354,CC=F,Yahoo chart API continuous-futures proxy
2016-07-29,2853,2869,2815,2835,2835,22550,CC=F,Yahoo chart API continuous-futures proxy
2016-08-01,2822,2952,2818,2926,2926,33920,CC=F,Yahoo chart API continuous-futures proxy
2016-08-02,2921,2963,2879,2896,2896,37109,CC=F,Yahoo chart API continuous-futures proxy
2016-08-03,2885,2999,2874,2993,2993,39017,CC=F,Yahoo chart API continuous-futures proxy
2016-08-04,2992,3001,2945,2991,2991,27144,CC=F,Yahoo chart API continuous-futures proxy
2016-08-05,3005,3041,2997,3021,3021,29728,CC=F,Yahoo chart API continuous-futures proxy
2016-08-08,3012,3054,3010,3031,3031,23438,CC=F,Yahoo chart API continuous-futures proxy
2016-08-09,3026,3063,2961,2976,2976,25411,CC=F,Yahoo chart API continuous-futures proxy
2016-08-10,2980,3045,2947,3020,3020,13748,CC=F,Yahoo chart API continuous-futures proxy
2016-08-11,3014,3015,2991,3002,3002,8146,CC=F,Yahoo chart API continuous-futures proxy
2016-08-12,3002,3022,2969,2993,2993,6185,CC=F,Yahoo chart API continuous-futures proxy
2016-08-15,3003,3039,3003,3030,3030,5623,CC=F,Yahoo chart API continuous-futures proxy
2016-08-16,3046,3063,3020,3041,3041,5476,CC=F,Yahoo chart API continuous-futures proxy
2016-08-17,3052,3080,3024,3055,3055,3100,CC=F,Yahoo chart API continuous-futures proxy
2016-08-18,3060,3118,3060,3109,3109,129,CC=F,Yahoo chart API continuous-futures proxy
2016-08-19,3116,3116,3089,3095,3095,67,CC=F,Yahoo chart API continuous-futures proxy
2016-08-22,3071,3071,2986,2983,2983,92,CC=F,Yahoo chart API continuous-futures proxy
2016-08-23,3011,3011,3004,3039,3039,45,CC=F,Yahoo chart API continuous-futures proxy
2016-08-24,3063,3063,3022,3015,3015,398,CC=F,Yahoo chart API continuous-futures proxy
2016-08-25,3029,3058,3025,3025,3025,42,CC=F,Yahoo chart API continuous-futures proxy
2016-08-26,3012,3012,3012,3012,3012,42,CC=F,Yahoo chart API continuous-futures proxy
2016-08-29,2958,2958,2930,2945,2945,3,CC=F,Yahoo chart API continuous-futures proxy
2016-08-30,2930,2930,2918,2913,2913,30,CC=F,Yahoo chart API continuous-futures proxy
2016-08-31,2921,2921,2921,2921,2921,30,CC=F,Yahoo chart API continuous-futures proxy
2016-09-01,2920,2920,2920,2920,2920,0,CC=F,Yahoo chart API continuous-futures proxy
2016-09-02,2917,2918,2917,2923,2923,0,CC=F,Yahoo chart API continuous-futures proxy
2016-09-06,2931,2932,2931,2948,2948,24,CC=F,Yahoo chart API continuous-futures proxy
2016-09-07,2960,2960,2950,2934,2934,49,CC=F,Yahoo chart API continuous-futures proxy
2016-09-08,2898,2898,2898,2898,2898,1,CC=F,Yahoo chart API continuous-futures proxy
2016-09-09,2810,2810,2778,2794,2794,6,CC=F,Yahoo chart API continuous-futures proxy
2016-09-12,2810,2816,2797,2830,2830,21,CC=F,Yahoo chart API continuous-futures proxy
2016-09-13,2822,2823,2813,2822,2822,11,CC=F,Yahoo chart API continuous-futures proxy
2016-09-14,2851,2851,2851,2849,2849,1,CC=F,Yahoo chart API continuous-futures proxy
2016-09-15,2872,2872,2872,2872,2872,15538,CC=F,Yahoo chart API continuous-futures proxy
2016-09-16,2833,2848,2793,2803,2803,11915,CC=F,Yahoo chart API continuous-futures proxy
2016-09-19,2817,2888,2816,2872,2872,21156,CC=F,Yahoo chart API continuous-futures proxy
2016-09-20,2869,2882,2834,2866,2866,15576,CC=F,Yahoo chart API continuous-futures proxy
2016-09-21,2853,2888,2852,2877,2877,12438,CC=F,Yahoo chart API continuous-futures proxy
2016-09-22,2882,2934,2880,2920,2920,19450,CC=F,Yahoo chart API continuous-futures proxy
2016-09-23,2915,2924,2811,2852,2852,25830,CC=F,Yahoo chart API continuous-futures proxy
2016-09-26,2844,2848,2810,2845,2845,12770,CC=F,Yahoo chart API continuous-futures proxy
2016-09-27,2845,2876,2831,2868,2868,14769,CC=F,Yahoo chart API continuous-futures proxy
2016-09-28,2862,2868,2800,2825,2825,15869,CC=F,Yahoo chart API continuous-futures proxy
2016-09-29,2817,2824,2711,2728,2728,35337,CC=F,Yahoo chart API continuous-futures proxy
2016-09-30,2723,2781,2708,2761,2761,25524,CC=F,Yahoo chart API continuous-futures proxy
2016-10-03,2759,2799,2738,2793,2793,22281,CC=F,Yahoo chart API continuous-futures proxy
2016-10-04,2771,2823,2766,2815,2815,20827,CC=F,Yahoo chart API continuous-futures proxy
2016-10-05,2813,2848,2790,2836,2836,17252,CC=F,Yahoo chart API continuous-futures proxy
2016-10-06,2829,2832,2760,2787,2787,20428,CC=F,Yahoo chart API continuous-futures proxy
2016-10-07,2773,2804,2755,2785,2785,17914,CC=F,Yahoo chart API continuous-futures proxy
2016-10-11,2671,2677,2625,2665,2665,19587,CC=F,Yahoo chart API continuous-futures proxy
2016-10-12,2679,2688,2625,2643,2643,14505,CC=F,Yahoo chart API continuous-futures proxy
2016-10-13,2643,2707,2637,2696,2696,27280,CC=F,Yahoo chart API continuous-futures proxy
2016-10-14,2700,2738,2693,2718,2718,30057,CC=F,Yahoo chart API continuous-futures proxy
2016-10-17,2703,2710,2651,2690,2690,14522,CC=F,Yahoo chart API continuous-futures proxy
2016-10-18,2690,2730,2677,2698,2698,17506,CC=F,Yahoo chart API continuous-futures proxy
2016-10-19,2696,2727,2688,2724,2724,16163,CC=F,Yahoo chart API continuous-futures proxy
2016-10-20,2734,2748,2674,2717,2717,22559,CC=F,Yahoo chart API continuous-futures proxy
2016-10-21,2711,2731,2679,2725,2725,16215,CC=F,Yahoo chart API continuous-futures proxy
2016-10-24,2716,2724,2679,2705,2705,10660,CC=F,Yahoo chart API continuous-futures proxy
2016-10-25,2715,2753,2692,2735,2735,22220,CC=F,Yahoo chart API continuous-futures proxy
2016-10-26,2749,2770,2731,2769,2769,21589,CC=F,Yahoo chart API continuous-futures proxy
2016-10-27,2773,2773,2715,2732,2732,18049,CC=F,Yahoo chart API continuous-futures proxy
2016-10-28,2729,2766,2679,2756,2756,19808,CC=F,Yahoo chart API continuous-futures proxy
2016-10-31,2758,2770,2692,2735,2735,16888,CC=F,Yahoo chart API continuous-futures proxy
2016-11-01,2720,2734,2682,2696,2696,19752,CC=F,Yahoo chart API continuous-futures proxy
2016-11-02,2700,2718,2665,2709,2709,19089,CC=F,Yahoo chart API continuous-futures proxy
2016-11-03,2720,2769,2685,2705,2705,22790,CC=F,Yahoo chart API continuous-futures proxy
2016-11-04,2708,2719,2577,2581,2581,29794,CC=F,Yahoo chart API continuous-futures proxy
2016-11-07,2577,2581,2477,2491,2491,26136,CC=F,Yahoo chart API continuous-futures proxy
2016-11-08,2493,2537,2480,2501,2501,23261,CC=F,Yahoo chart API continuous-futures proxy
2016-11-09,2499,2499,2451,2474,2474,11193,CC=F,Yahoo chart API continuous-futures proxy
2016-11-10,2472,2484,2436,2450,2450,9877,CC=F,Yahoo chart API continuous-futures proxy
2016-11-14,2453,2470,2387,2392,2392,5332,CC=F,Yahoo chart API continuous-futures proxy
2016-11-15,2381,2390,2361,2378,2378,1997,CC=F,Yahoo chart API continuous-futures proxy
2016-11-16,2384,2428,2384,2412,2412,180,CC=F,Yahoo chart API continuous-futures proxy
2016-11-17,2400,2430,2380,2426,2426,32,CC=F,Yahoo chart API continuous-futures proxy
2016-11-18,2425,2447,2406,2432,2432,45,CC=F,Yahoo chart API continuous-futures proxy
2016-11-21,2454,2455,2427,2438,2438,68,CC=F,Yahoo chart API continuous-futures proxy
2016-11-22,2436,2452,2430,2439,2439,54,CC=F,Yahoo chart API continuous-futures proxy
2016-11-23,2438,2438,2438,2438,2438,54,CC=F,Yahoo chart API continuous-futures proxy
2016-11-25,2412,2412,2412,2419,2419,6,CC=F,Yahoo chart API continuous-futures proxy
2016-11-28,2414,2414,2414,2403,2403,4,CC=F,Yahoo chart API continuous-futures proxy
2016-11-29,2426,2426,2426,2405,2405,2,CC=F,Yahoo chart API continuous-futures proxy
2016-11-30,2407,2407,2407,2387,2387,1,CC=F,Yahoo chart API continuous-futures proxy
2016-12-01,2430,2433,2397,2397,2397,8,CC=F,Yahoo chart API continuous-futures proxy
2016-12-02,2365,2368,2343,2388,2388,24,CC=F,Yahoo chart API continuous-futures proxy
2016-12-05,2356,2356,2356,2356,2356,24,CC=F,Yahoo chart API continuous-futures proxy
2016-12-06,2322,2322,2322,2347,2347,3,CC=F,Yahoo chart API continuous-futures proxy
2016-12-07,2283,2283,2283,2283,2283,3,CC=F,Yahoo chart API continuous-futures proxy
2016-12-08,2262,2262,2262,2262,2262,3,CC=F,Yahoo chart API continuous-futures proxy
2016-12-09,2213,2213,2213,2163,2163,24,CC=F,Yahoo chart API continuous-futures proxy
2016-12-12,2236,2236,2236,2233,2233,3,CC=F,Yahoo chart API continuous-futures proxy
2016-12-13,2289,2289,2280,2282,2282,3,CC=F,Yahoo chart API continuous-futures proxy
2016-12-14,2308,2308,2308,2308,2308,18300,CC=F,Yahoo chart API continuous-futures proxy
2016-12-15,2300,2306,2223,2242,2242,17837,CC=F,Yahoo chart API continuous-futures proxy
2016-12-16,2229,2272,2175,2238,2238,19770,CC=F,Yahoo chart API continuous-futures proxy
2016-12-19,2271,2308,2246,2303,2303,13882,CC=F,Yahoo chart API continuous-futures proxy
2016-12-20,2291,2293,2248,2256,2256,11204,CC=F,Yahoo chart API continuous-futures proxy
2016-12-21,2256,2287,2252,2279,2279,10019,CC=F,Yahoo chart API continuous-futures proxy
2016-12-22,2278,2283,2183,2189,2189,14864,CC=F,Yahoo chart API continuous-futures proxy
2016-12-23,2189,2267,2181,2264,2264,11352,CC=F,Yahoo chart API continuous-futures proxy
2016-12-27,2264,2272,2206,2237,2237,7204,CC=F,Yahoo chart API continuous-futures proxy
2016-12-28,2237,2239,2182,2205,2205,10880,CC=F,Yahoo chart API continuous-futures proxy
2016-12-29,2205,2208,2142,2165,2165,11424,CC=F,Yahoo chart API continuous-futures proxy
2016-12-30,2151,2194,2121,2126,2126,18213,CC=F,Yahoo chart API continuous-futures proxy
2017-01-03,2135,2179,2119,2166,2166,17528,CC=F,Yahoo chart API continuous-futures proxy
2017-01-04,2175,2246,2166,2237,2237,22660,CC=F,Yahoo chart API continuous-futures proxy
2017-01-05,2237,2267,2210,2262,2262,18004,CC=F,Yahoo chart API continuous-futures proxy
2017-01-06,2263,2291,2245,2261,2261,15684,CC=F,Yahoo chart API continuous-futures proxy
2017-01-09,2215,2216,2141,2184,2184,20633,CC=F,Yahoo chart API continuous-futures proxy
2017-01-10,2180,2214,2161,2207,2207,13935,CC=F,Yahoo chart API continuous-futures proxy
2017-01-11,2202,2202,2106,2127,2127,25122,CC=F,Yahoo chart API continuous-futures proxy
2017-01-12,2161,2233,2151,2230,2230,27340,CC=F,Yahoo chart API continuous-futures proxy
2017-01-13,2219,2230,2190,2213,2213,0,CC=F,Yahoo chart API continuous-futures proxy
2017-01-17,2186,2252,2164,2235,2235,26682,CC=F,Yahoo chart API continuous-futures proxy
2017-01-18,2239,2258,2210,2233,2233,19073,CC=F,Yahoo chart API continuous-futures proxy
2017-01-19,2237,2249,2144,2164,2164,23314,CC=F,Yahoo chart API continuous-futures proxy
2017-01-20,2153,2166,2123,2140,2140,18131,CC=F,Yahoo chart API continuous-futures proxy
2017-01-23,2160,2182,2142,2165,2165,16489,CC=F,Yahoo chart API continuous-futures proxy
2017-01-24,2166,2207,2147,2201,2201,18219,CC=F,Yahoo chart API continuous-futures proxy
2017-01-25,2218,2220,2166,2192,2192,17339,CC=F,Yahoo chart API continuous-futures proxy
2017-01-26,2184,2187,2124,2132,2132,19925,CC=F,Yahoo chart API continuous-futures proxy
2017-01-27,2108,2121,2076,2095,2095,25755,CC=F,Yahoo chart API continuous-futures proxy
2017-01-30,2098,2109,2074,2078,2078,28830,CC=F,Yahoo chart API continuous-futures proxy
2017-01-31,2072,2150,2072,2103,2103,29053,CC=F,Yahoo chart API continuous-futures proxy
2017-02-01,2098,2150,2095,2109,2109,21968,CC=F,Yahoo chart API continuous-futures proxy
2017-02-02,2107,2109,2073,2084,2084,20675,CC=F,Yahoo chart API continuous-futures proxy
2017-02-03,2074,2086,2052,2072,2072,25938,CC=F,Yahoo chart API continuous-futures proxy
2017-02-06,2071,2091,2041,2047,2047,21513,CC=F,Yahoo chart API continuous-futures proxy
2017-02-07,2037,2051,2000,2005,2005,38504,CC=F,Yahoo chart API continuous-futures proxy
2017-02-08,1994,2016,1982,1993,1993,23647,CC=F,Yahoo chart API continuous-futures proxy
2017-02-09,1993,2018,1969,1974,1974,19225,CC=F,Yahoo chart API continuous-futures proxy
2017-02-10,1971,1979,1928,1939,1939,15114,CC=F,Yahoo chart API continuous-futures proxy
2017-02-13,1918,1935,1881,1889,1889,17379,CC=F,Yahoo chart API continuous-futures proxy
2017-02-14,1889,1969,1889,1929,1929,2192,CC=F,Yahoo chart API continuous-futures proxy
2017-02-15,1938,2022,1926,2022,2022,84,CC=F,Yahoo chart API continuous-futures proxy
2017-02-16,2029,2089,2029,2072,2072,38,CC=F,Yahoo chart API continuous-futures proxy
2017-02-17,2090,2090,2028,2034,2034,0,CC=F,Yahoo chart API continuous-futures proxy
2017-02-21,2030,2030,2030,2030,2030,13,CC=F,Yahoo chart API continuous-futures proxy
2017-02-22,2033,2033,2033,2028,2028,28,CC=F,Yahoo chart API continuous-futures proxy
2017-02-23,2057,2077,2043,2067,2067,65,CC=F,Yahoo chart API continuous-futures proxy
2017-02-24,1995,1995,1995,2028,2028,2,CC=F,Yahoo chart API continuous-futures proxy
2017-02-27,2014,2015,2014,2016,2016,4,CC=F,Yahoo chart API continuous-futures proxy
2017-02-28,2016,2016,2016,1943,1943,1,CC=F,Yahoo chart API continuous-futures proxy
2017-03-01,1931,1931,1931,1931,1931,1,CC=F,Yahoo chart API continuous-futures proxy
2017-03-02,1962,1962,1962,1962,1962,1,CC=F,Yahoo chart API continuous-futures proxy
2017-03-03,1959,1959,1959,1989,1989,1,CC=F,Yahoo chart API continuous-futures proxy
2017-03-06,1989,1989,1989,1968,1968,2,CC=F,Yahoo chart API continuous-futures proxy
2017-03-07,1950,1950,1950,1950,1950,2,CC=F,Yahoo chart API continuous-futures proxy
2017-03-08,1945,1945,1945,1945,1945,2,CC=F,Yahoo chart API continuous-futures proxy
2017-03-09,1931,1931,1931,1931,1931,2,CC=F,Yahoo chart API continuous-futures proxy
2017-03-10,1967,1967,1967,1967,1967,0,CC=F,Yahoo chart API continuous-futures proxy
2017-03-13,2050,2050,2050,2050,2050,0,CC=F,Yahoo chart API continuous-futures proxy
2017-03-14,2091,2091,2091,2091,2091,0,CC=F,Yahoo chart API continuous-futures proxy
2017-03-15,2048,2048,2048,2048,2048,0,CC=F,Yahoo chart API continuous-futures proxy
2017-03-16,2027,2027,2027,2027,2027,15036,CC=F,Yahoo chart API continuous-futures proxy
2017-03-17,2034,2046,2006,2013,2013,13000,CC=F,Yahoo chart API continuous-futures proxy
2017-03-20,2024,2124,2013,2116,2116,25780,CC=F,Yahoo chart API continuous-futures proxy
2017-03-21,2153,2187,2121,2154,2154,32971,CC=F,Yahoo chart API continuous-futures proxy
2017-03-22,2157,2169,2120,2165,2165,20514,CC=F,Yahoo chart API continuous-futures proxy
2017-03-23,2174,2183,2141,2176,2176,16490,CC=F,Yahoo chart API continuous-futures proxy
2017-03-24,2162,2173,2126,2131,2131,14270,CC=F,Yahoo chart API continuous-futures proxy
2017-03-27,2151,2180,2128,2150,2150,18955,CC=F,Yahoo chart API continuous-futures proxy
2017-03-28,2161,2164,2111,2129,2129,15536,CC=F,Yahoo chart API continuous-futures proxy
2017-03-29,2110,2119,2082,2086,2086,20810,CC=F,Yahoo chart API continuous-futures proxy
2017-03-30,2079,2118,2055,2096,2096,17899,CC=F,Yahoo chart API continuous-futures proxy
2017-03-31,2089,2107,2078,2095,2095,18424,CC=F,Yahoo chart API continuous-futures proxy
2017-04-03,2092,2111,2060,2107,2107,21781,CC=F,Yahoo chart API continuous-futures proxy
2017-04-04,2097,2122,2081,2110,2110,28370,CC=F,Yahoo chart API continuous-futures proxy
2017-04-05,2109,2128,2091,2111,2111,26070,CC=F,Yahoo chart API continuous-futures proxy
2017-04-06,2106,2115,2072,2087,2087,25403,CC=F,Yahoo chart API continuous-futures proxy
2017-04-07,2061,2062,1989,2006,2006,44127,CC=F,Yahoo chart API continuous-futures proxy
2017-04-10,1984,1990,1943,1955,1955,29436,CC=F,Yahoo chart API continuous-futures proxy
2017-04-11,1943,1980,1934,1972,1972,19420,CC=F,Yahoo chart API continuous-futures proxy
2017-04-12,1955,1963,1924,1941,1941,19082,CC=F,Yahoo chart API continuous-futures proxy
2017-04-13,1927,1940,1874,1879,1879,12712,CC=F,Yahoo chart API continuous-futures proxy
2017-04-17,1904,1938,1904,1911,1911,147,CC=F,Yahoo chart API continuous-futures proxy
2017-04-18,1910,1951,1887,1928,1928,94,CC=F,Yahoo chart API continuous-futures proxy
2017-04-19,1916,1916,1830,1894,1894,72,CC=F,Yahoo chart API continuous-futures proxy
2017-04-20,1850,1850,1805,1812,1812,5,CC=F,Yahoo chart API continuous-futures proxy
2017-04-21,1830,1830,1815,1859,1859,5,CC=F,Yahoo chart API continuous-futures proxy
2017-04-24,1825,1825,1825,1825,1825,5,CC=F,Yahoo chart API continuous-futures proxy
2017-04-25,1836,1866,1836,1871,1871,6,CC=F,Yahoo chart API continuous-futures proxy
2017-04-26,1883,1883,1883,1883,1883,3,CC=F,Yahoo chart API continuous-futures proxy
2017-04-27,1876,1876,1876,1876,1876,3,CC=F,Yahoo chart API continuous-futures proxy
2017-04-28,1844,1844,1844,1844,1844,3,CC=F,Yahoo chart API continuous-futures proxy
2017-05-01,1812,1812,1812,1812,1812,11,CC=F,Yahoo chart API continuous-futures proxy
2017-05-02,1805,1805,1805,1805,1805,11,CC=F,Yahoo chart API continuous-futures proxy
2017-05-03,1780,1780,1780,1780,1780,11,CC=F,Yahoo chart API continuous-futures proxy
2017-05-04,1839,1839,1839,1839,1839,11,CC=F,Yahoo chart API continuous-futures proxy
2017-05-05,1866,1866,1866,1866,1866,11,CC=F,Yahoo chart API continuous-futures proxy
2017-05-08,1955,1955,1955,1955,1955,11,CC=F,Yahoo chart API continuous-futures proxy
2017-05-09,1990,1990,1990,1990,1990,4,CC=F,Yahoo chart API continuous-futures proxy
2017-05-10,1984,1984,1984,1984,1984,4,CC=F,Yahoo chart API continuous-futures proxy
2017-05-11,1985,1985,1985,1982,1982,2,CC=F,Yahoo chart API continuous-futures proxy
2017-05-12,2045,2045,2045,2045,2045,2,CC=F,Yahoo chart API continuous-futures proxy
2017-05-15,2070,2070,2070,2070,2070,27712,CC=F,Yahoo chart API continuous-futures proxy
2017-05-16,2047,2055,1975,2034,2034,27127,CC=F,Yahoo chart API continuous-futures proxy
2017-05-17,2036,2062,2004,2054,2054,19859,CC=F,Yahoo chart API continuous-futures proxy
2017-05-18,2067,2088,2050,2084,2084,20684,CC=F,Yahoo chart API continuous-futures proxy
2017-05-19,2080,2084,2018,2028,2028,23004,CC=F,Yahoo chart API continuous-futures proxy
2017-05-22,2034,2058,2014,2035,2035,21736,CC=F,Yahoo chart API continuous-futures proxy
2017-05-23,2034,2055,1994,2021,2021,22201,CC=F,Yahoo chart API continuous-futures proxy
2017-05-24,1996,1998,1882,1894,1894,33842,CC=F,Yahoo chart API continuous-futures proxy
2017-05-25,1900,1927,1867,1877,1877,23573,CC=F,Yahoo chart API continuous-futures proxy
2017-05-26,1884,1917,1881,1911,1911,0,CC=F,Yahoo chart API continuous-futures proxy
2017-05-30,1922,2041,1920,2037,2037,37393,CC=F,Yahoo chart API continuous-futures proxy
2017-05-31,2040,2060,2026,2048,2048,39595,CC=F,Yahoo chart API continuous-futures proxy
2017-06-01,2031,2038,1971,2024,2024,29307,CC=F,Yahoo chart API continuous-futures proxy
2017-06-02,2025,2033,1992,2001,2001,23492,CC=F,Yahoo chart API continuous-futures proxy
2017-06-05,2003,2005,1927,1988,1988,29773,CC=F,Yahoo chart API continuous-futures proxy
2017-06-06,1991,1999,1950,1975,1975,29761,CC=F,Yahoo chart API continuous-futures proxy
2017-06-07,1964,1985,1947,1963,1963,34659,CC=F,Yahoo chart API continuous-futures proxy
2017-06-08,1959,2053,1955,1963,1963,39978,CC=F,Yahoo chart API continuous-futures proxy
2017-06-09,1970,2028,1940,2020,2020,32110,CC=F,Yahoo chart API continuous-futures proxy
2017-06-12,2030,2072,2010,2059,2059,20238,CC=F,Yahoo chart API continuous-futures proxy
2017-06-13,2070,2083,2006,2022,2022,22765,CC=F,Yahoo chart API continuous-futures proxy
2017-06-14,2017,2043,2001,2040,2040,9519,CC=F,Yahoo chart API continuous-futures proxy
2017-06-15,2044,2050,2022,2026,2026,10642,CC=F,Yahoo chart API continuous-futures proxy
2017-06-16,2030,2040,1971,1975,1975,6056,CC=F,Yahoo chart API continuous-futures proxy
2017-06-19,1975,1987,1880,1898,1898,431,CC=F,Yahoo chart API continuous-futures proxy
2017-06-20,1899,1906,1878,1878,1878,21,CC=F,Yahoo chart API continuous-futures proxy
2017-06-21,1813,1813,1813,1813,1813,21,CC=F,Yahoo chart API continuous-futures proxy
2017-06-22,1793,1793,1769,1793,1793,11,CC=F,Yahoo chart API continuous-futures proxy
2017-06-23,1843,1843,1843,1843,1843,11,CC=F,Yahoo chart API continuous-futures proxy
2017-06-26,1809,1809,1809,1809,1809,11,CC=F,Yahoo chart API continuous-futures proxy
2017-06-27,1827,1827,1827,1827,1827,11,CC=F,Yahoo chart API continuous-futures proxy
2017-06-28,1814,1814,1814,1835,1835,2,CC=F,Yahoo chart API continuous-futures proxy
2017-06-29,1836,1836,1836,1822,1822,1,CC=F,Yahoo chart API continuous-futures proxy
2017-06-30,1903,1903,1903,1903,1903,11,CC=F,Yahoo chart API continuous-futures proxy
2017-07-03,1943,1943,1929,1921,1921,0,CC=F,Yahoo chart API continuous-futures proxy
2017-07-05,1910,1910,1910,1910,1910,0,CC=F,Yahoo chart API continuous-futures proxy
2017-07-06,1911,1911,1911,1890,1890,3,CC=F,Yahoo chart API continuous-futures proxy
2017-07-07,1871,1871,1867,1835,1835,4,CC=F,Yahoo chart API continuous-futures proxy
2017-07-10,1801,1801,1801,1801,1801,2,CC=F,Yahoo chart API continuous-futures proxy
2017-07-11,1780,1780,1780,1780,1780,2,CC=F,Yahoo chart API continuous-futures proxy
2017-07-12,1782,1782,1782,1782,1782,2,CC=F,Yahoo chart API continuous-futures proxy
2017-07-13,1843,1843,1843,1833,1833,5,CC=F,Yahoo chart API continuous-futures proxy
2017-07-14,1876,1876,1876,1876,1876,18436,CC=F,Yahoo chart API continuous-futures proxy
2017-07-17,1914,1918,1886,1910,1910,17551,CC=F,Yahoo chart API continuous-futures proxy
2017-07-18,1907,1944,1889,1911,1911,19596,CC=F,Yahoo chart API continuous-futures proxy
2017-07-19,1899,1953,1899,1944,1944,20002,CC=F,Yahoo chart API continuous-futures proxy
2017-07-20,1946,1973,1933,1956,1956,22861,CC=F,Yahoo chart API continuous-futures proxy
2017-07-21,1952,1977,1938,1968,1968,24772,CC=F,Yahoo chart API continuous-futures proxy
2017-07-24,1969,1987,1953,1968,1968,21787,CC=F,Yahoo chart API continuous-futures proxy
2017-07-25,1960,1967,1917,1926,1926,24898,CC=F,Yahoo chart API continuous-futures proxy
2017-07-26,1916,1940,1900,1912,1912,19273,CC=F,Yahoo chart API continuous-futures proxy
2017-07-27,1921,2019,1920,2013,2013,37005,CC=F,Yahoo chart API continuous-futures proxy
2017-07-28,2013,2068,2007,2060,2060,31494,CC=F,Yahoo chart API continuous-futures proxy
2017-07-31,2061,2082,2038,2060,2060,28753,CC=F,Yahoo chart API continuous-futures proxy
2017-08-01,2081,2090,1995,2023,2023,35496,CC=F,Yahoo chart API continuous-futures proxy
2017-08-02,2007,2069,1997,2055,2055,23696,CC=F,Yahoo chart API continuous-futures proxy
2017-08-03,2070,2084,2034,2061,2061,30024,CC=F,Yahoo chart API continuous-futures proxy
2017-08-04,2060,2073,1982,1994,1994,36243,CC=F,Yahoo chart API continuous-futures proxy
2017-08-07,2013,2043,2000,2029,2029,38736,CC=F,Yahoo chart API continuous-futures proxy
2017-08-08,2023,2065,2010,2018,2018,27197,CC=F,Yahoo chart API continuous-futures proxy
2017-08-09,2011,2021,1971,2002,2002,28051,CC=F,Yahoo chart API continuous-futures proxy
2017-08-10,2004,2016,1944,1967,1967,21819,CC=F,Yahoo chart API continuous-futures proxy
2017-08-11,1958,1998,1947,1990,1990,17873,CC=F,Yahoo chart API continuous-futures proxy
2017-08-14,1975,1980,1915,1923,1923,9755,CC=F,Yahoo chart API continuous-futures proxy
2017-08-15,1913,1916,1849,1865,1865,4984,CC=F,Yahoo chart API continuous-futures proxy
2017-08-16,1859,1875,1829,1844,1844,6368,CC=F,Yahoo chart API continuous-futures proxy
2017-08-17,1855,1923,1847,1904,1904,3656,CC=F,Yahoo chart API continuous-futures proxy
2017-08-18,1919,1931,1898,1922,1922,446,CC=F,Yahoo chart API continuous-futures proxy
2017-08-21,1908,1942,1890,1930,1930,34,CC=F,Yahoo chart API continuous-futures proxy
2017-08-22,1920,1920,1919,1923,1923,5,CC=F,Yahoo chart API continuous-futures proxy
2017-08-23,1909,1909,1901,1908,1908,5,CC=F,Yahoo chart API continuous-futures proxy
2017-08-24,1937,1937,1937,1924,1924,2,CC=F,Yahoo chart API continuous-futures proxy
2017-08-25,1962,1962,1962,1962,1962,8,CC=F,Yahoo chart API continuous-futures proxy
2017-08-28,2015,2015,2015,2015,2015,2,CC=F,Yahoo chart API continuous-futures proxy
2017-08-29,2027,2027,1994,1977,1977,2,CC=F,Yahoo chart API continuous-futures proxy
2017-08-30,1948,1948,1913,1949,1949,5,CC=F,Yahoo chart API continuous-futures proxy
2017-08-31,1949,1949,1949,1966,1966,55,CC=F,Yahoo chart API continuous-futures proxy
2017-09-01,1970,1970,1970,1987,1987,4,CC=F,Yahoo chart API continuous-futures proxy
2017-09-05,1974,1974,1974,1974,1974,0,CC=F,Yahoo chart API continuous-futures proxy
2017-09-06,1940,1940,1940,1954,1954,1,CC=F,Yahoo chart API continuous-futures proxy
2017-09-07,1945,1945,1945,1945,1945,0,CC=F,Yahoo chart API continuous-futures proxy
2017-09-08,1960,1960,1960,1972,1972,1,CC=F,Yahoo chart API continuous-futures proxy
2017-09-11,1973,1973,1973,1973,1973,0,CC=F,Yahoo chart API continuous-futures proxy
2017-09-12,1975,1975,1975,1999,1999,20,CC=F,Yahoo chart API continuous-futures proxy
2017-09-13,2038,2038,2038,2038,2038,53,CC=F,Yahoo chart API continuous-futures proxy
2017-09-14,2021,2021,2021,2021,2021,26101,CC=F,Yahoo chart API continuous-futures proxy
2017-09-15,1959,2017,1956,2009,2009,25875,CC=F,Yahoo chart API continuous-futures proxy
2017-09-18,2000,2022,1958,1975,1975,20771,CC=F,Yahoo chart API continuous-futures proxy
2017-09-19,1965,1996,1944,1965,1965,19698,CC=F,Yahoo chart API continuous-futures proxy
2017-09-20,1966,2008,1964,1998,1998,18482,CC=F,Yahoo chart API continuous-futures proxy
2017-09-21,1995,2028,1983,2021,2021,19361,CC=F,Yahoo chart API continuous-futures proxy
2017-09-22,2026,2047,1970,1983,1983,24750,CC=F,Yahoo chart API continuous-futures proxy
2017-09-25,1976,2017,1960,1972,1972,21975,CC=F,Yahoo chart API continuous-futures proxy
2017-09-26,1971,1992,1961,1971,1971,13872,CC=F,Yahoo chart API continuous-futures proxy
2017-09-27,1974,2021,1971,2015,2015,21592,CC=F,Yahoo chart API continuous-futures proxy
2017-09-28,2013,2031,1974,1980,1980,23229,CC=F,Yahoo chart API continuous-futures proxy
2017-09-29,1976,2057,1968,2043,2043,26899,CC=F,Yahoo chart API continuous-futures proxy
2017-10-02,2044,2053,1984,2037,2037,32632,CC=F,Yahoo chart API continuous-futures proxy
2017-10-03,2043,2088,2022,2082,2082,32884,CC=F,Yahoo chart API continuous-futures proxy
2017-10-04,2091,2102,2063,2078,2078,32809,CC=F,Yahoo chart API continuous-futures proxy
2017-10-05,2084,2092,2055,2084,2084,21381,CC=F,Yahoo chart API continuous-futures proxy
2017-10-06,2090,2093,2060,2085,2085,20958,CC=F,Yahoo chart API continuous-futures proxy
2017-10-09,2091,2099,1999,2008,2008,35316,CC=F,Yahoo chart API continuous-futures proxy
2017-10-10,2021,2062,2016,2045,2045,25353,CC=F,Yahoo chart API continuous-futures proxy
2017-10-11,2057,2117,2046,2097,2097,29019,CC=F,Yahoo chart API continuous-futures proxy
2017-10-12,2120,2121,2077,2090,2090,23900,CC=F,Yahoo chart API continuous-futures proxy
2017-10-13,2113,2116,2065,2087,2087,19495,CC=F,Yahoo chart API continuous-futures proxy
2017-10-16,2087,2092,2037,2044,2044,24834,CC=F,Yahoo chart API continuous-futures proxy
2017-10-17,2043,2074,2028,2064,2064,21098,CC=F,Yahoo chart API continuous-futures proxy
2017-10-18,2066,2087,2057,2067,2067,19642,CC=F,Yahoo chart API continuous-futures proxy
2017-10-19,2061,2152,2059,2145,2145,36489,CC=F,Yahoo chart API continuous-futures proxy
2017-10-20,2155,2160,2122,2138,2138,29412,CC=F,Yahoo chart API continuous-futures proxy
2017-10-23,2134,2147,2105,2124,2124,22656,CC=F,Yahoo chart API continuous-futures proxy
2017-10-24,2120,2128,2077,2084,2084,26698,CC=F,Yahoo chart API continuous-futures proxy
2017-10-25,2083,2112,2064,2079,2079,22889,CC=F,Yahoo chart API continuous-futures proxy
2017-10-26,2084,2134,2078,2127,2127,28085,CC=F,Yahoo chart API continuous-futures proxy
2017-10-27,2125,2125,2092,2115,2115,24024,CC=F,Yahoo chart API continuous-futures proxy
2017-10-30,2119,2121,2074,2118,2118,23757,CC=F,Yahoo chart API continuous-futures proxy
2017-10-31,2118,2120,2090,2094,2094,19913,CC=F,Yahoo chart API continuous-futures proxy
2017-11-01,2089,2142,2086,2123,2123,32492,CC=F,Yahoo chart API continuous-futures proxy
2017-11-02,2127,2127,2048,2052,2052,45041,CC=F,Yahoo chart API continuous-futures proxy
2017-11-03,2060,2065,2035,2061,2061,31657,CC=F,Yahoo chart API continuous-futures proxy
2017-11-06,2059,2123,2052,2117,2117,27937,CC=F,Yahoo chart API continuous-futures proxy
2017-11-07,2121,2185,2104,2163,2163,32218,CC=F,Yahoo chart API continuous-futures proxy
2017-11-08,2179,2228,2164,2216,2216,23428,CC=F,Yahoo chart API continuous-futures proxy
2017-11-09,2219,2223,2179,2198,2198,12320,CC=F,Yahoo chart API continuous-futures proxy
2017-11-10,2193,2236,2187,2223,2223,10634,CC=F,Yahoo chart API continuous-futures proxy
2017-11-13,2211,2229,2184,2208,2208,11971,CC=F,Yahoo chart API continuous-futures proxy
2017-11-14,2195,2201,2147,2149,2149,7648,CC=F,Yahoo chart API continuous-futures proxy
2017-11-15,2143,2162,2082,2133,2133,2196,CC=F,Yahoo chart API continuous-futures proxy
2017-11-16,2158,2158,2106,2131,2131,482,CC=F,Yahoo chart API continuous-futures proxy
2017-11-17,2115,2140,2115,2126,2126,7,CC=F,Yahoo chart API continuous-futures proxy
2017-11-20,2105,2105,2066,2084,2084,37,CC=F,Yahoo chart API continuous-futures proxy
2017-11-21,2102,2102,2102,2102,2102,7,CC=F,Yahoo chart API continuous-futures proxy
2017-11-22,2119,2119,2119,2119,2119,5,CC=F,Yahoo chart API continuous-futures proxy
2017-11-24,2119,2119,2119,2109,2109,12,CC=F,Yahoo chart API continuous-futures proxy
2017-11-27,2065,2065,2065,2065,2065,1,CC=F,Yahoo chart API continuous-futures proxy
2017-11-28,2056,2056,2042,2047,2047,12,CC=F,Yahoo chart API continuous-futures proxy
2017-11-29,2017,2113,2017,2096,2096,105,CC=F,Yahoo chart API continuous-futures proxy
2017-11-30,2077,2077,2050,2048,2048,3,CC=F,Yahoo chart API continuous-futures proxy
2017-12-01,2040,2040,2040,2040,2040,0,CC=F,Yahoo chart API continuous-futures proxy
2017-12-04,2002,2002,2002,2002,2002,0,CC=F,Yahoo chart API continuous-futures proxy
2017-12-05,1960,1960,1920,1929,1929,7,CC=F,Yahoo chart API continuous-futures proxy
2017-12-06,1911,1917,1859,1911,1911,72,CC=F,Yahoo chart API continuous-futures proxy
2017-12-07,1863,1863,1863,1885,1885,1,CC=F,Yahoo chart API continuous-futures proxy
2017-12-08,1856,1884,1856,1892,1892,3,CC=F,Yahoo chart API continuous-futures proxy
2017-12-11,1917,1917,1917,1917,1917,0,CC=F,Yahoo chart API continuous-futures proxy
2017-12-12,1872,1872,1872,1872,1872,0,CC=F,Yahoo chart API continuous-futures proxy
2017-12-13,1800,1800,1800,1893,1893,21940,CC=F,Yahoo chart API continuous-futures proxy
2017-12-14,1885,1908,1876,1893,1893,16440,CC=F,Yahoo chart API continuous-futures proxy
2017-12-15,1886,1903,1871,1877,1877,14274,CC=F,Yahoo chart API continuous-futures proxy
2017-12-18,1895,1937,1881,1922,1922,21672,CC=F,Yahoo chart API continuous-futures proxy
2017-12-19,1915,1928,1894,1912,1912,18510,CC=F,Yahoo chart API continuous-futures proxy
2017-12-20,1910,1933,1895,1931,1931,16074,CC=F,Yahoo chart API continuous-futures proxy
2017-12-21,1919,1919,1863,1907,1907,22348,CC=F,Yahoo chart API continuous-futures proxy
2017-12-22,1886,1894,1804,1809,1809,23423,CC=F,Yahoo chart API continuous-futures proxy
2017-12-26,1807,1868,1807,1856,1856,15558,CC=F,Yahoo chart API continuous-futures proxy
2017-12-27,1867,1892,1841,1866,1866,21680,CC=F,Yahoo chart API continuous-futures proxy
2017-12-28,1876,1927,1876,1911,1911,21249,CC=F,Yahoo chart API continuous-futures proxy
2017-12-29,1900,1918,1877,1892,1892,16724,CC=F,Yahoo chart API continuous-futures proxy
2018-01-02,1900,1947,1862,1936,1936,26852,CC=F,Yahoo chart API continuous-futures proxy
2018-01-03,1942,1943,1888,1907,1907,21847,CC=F,Yahoo chart API continuous-futures proxy
2018-01-04,1882,1910,1836,1905,1905,30322,CC=F,Yahoo chart API continuous-futures proxy
2018-01-05,1887,1904,1866,1895,1895,14402,CC=F,Yahoo chart API continuous-futures proxy
2018-01-08,1885,1917,1870,1914,1914,21988,CC=F,Yahoo chart API continuous-futures proxy
2018-01-09,1909,1940,1891,1899,1899,20729,CC=F,Yahoo chart API continuous-futures proxy
2018-01-10,1906,1956,1900,1941,1941,21757,CC=F,Yahoo chart API continuous-futures proxy
2018-01-11,1950,1960,1914,1928,1928,19113,CC=F,Yahoo chart API continuous-futures proxy
2018-01-12,1926,1944,1894,1914,1914,19823,CC=F,Yahoo chart API continuous-futures proxy
2018-01-16,1947,1951,1901,1932,1932,25335,CC=F,Yahoo chart API continuous-futures proxy
2018-01-17,1929,1999,1925,1985,1985,32631,CC=F,Yahoo chart API continuous-futures proxy
2018-01-18,1996,2011,1972,1984,1984,27063,CC=F,Yahoo chart API continuous-futures proxy
2018-01-19,1970,1970,1916,1931,1931,26447,CC=F,Yahoo chart API continuous-futures proxy
2018-01-22,1939,1975,1921,1938,1938,19359,CC=F,Yahoo chart API continuous-futures proxy
2018-01-23,1949,1970,1923,1929,1929,16983,CC=F,Yahoo chart API continuous-futures proxy
2018-01-24,1939,1964,1908,1955,1955,22769,CC=F,Yahoo chart API continuous-futures proxy
2018-01-25,1953,1991,1944,1960,1960,18916,CC=F,Yahoo chart API continuous-futures proxy
2018-01-26,1957,1998,1950,1986,1986,20215,CC=F,Yahoo chart API continuous-futures proxy
2018-01-29,1982,2004,1934,1946,1946,32145,CC=F,Yahoo chart API continuous-futures proxy
2018-01-30,1944,1988,1943,1970,1970,24277,CC=F,Yahoo chart API continuous-futures proxy
2018-01-31,1978,2012,1974,1996,1996,30072,CC=F,Yahoo chart API continuous-futures proxy
2018-02-01,1997,2037,1986,2017,2017,30063,CC=F,Yahoo chart API continuous-futures proxy
2018-02-02,2030,2063,2015,2059,2059,32758,CC=F,Yahoo chart API continuous-futures proxy
2018-02-05,2051,2067,2034,2045,2045,33513,CC=F,Yahoo chart API continuous-futures proxy
2018-02-06,2043,2058,2012,2041,2041,28714,CC=F,Yahoo chart API continuous-futures proxy
2018-02-07,2049,2065,1988,2013,2013,34502,CC=F,Yahoo chart API continuous-futures proxy
2018-02-08,1998,2046,1997,2034,2034,25219,CC=F,Yahoo chart API continuous-futures proxy
2018-02-09,2034,2039,1991,2031,2031,23696,CC=F,Yahoo chart API continuous-futures proxy
2018-02-12,2029,2040,1953,1970,1970,14110,CC=F,Yahoo chart API continuous-futures proxy
2018-02-13,1975,2012,1966,1999,1999,10541,CC=F,Yahoo chart API continuous-futures proxy
2018-02-14,2009,2098,2000,2055,2055,167,CC=F,Yahoo chart API continuous-futures proxy
2018-02-15,2098,2139,2077,2137,2137,122,CC=F,Yahoo chart API continuous-futures proxy
2018-02-16,2141,2151,2117,2138,2138,0,CC=F,Yahoo chart API continuous-futures proxy
2018-02-20,2119,2132,2119,2146,2146,53,CC=F,Yahoo chart API continuous-futures proxy
2018-02-21,2140,2154,2140,2172,2172,9,CC=F,Yahoo chart API continuous-futures proxy
2018-02-22,2149,2169,2149,2156,2156,208,CC=F,Yahoo chart API continuous-futures proxy
2018-02-23,2204,2204,2204,2204,2204,0,CC=F,Yahoo chart API continuous-futures proxy
2018-02-26,2204,2228,2203,2224,2224,9,CC=F,Yahoo chart API continuous-futures proxy
2018-02-27,2214,2242,2214,2239,2239,114,CC=F,Yahoo chart API continuous-futures proxy
2018-02-28,2209,2210,2209,2240,2240,27,CC=F,Yahoo chart API continuous-futures proxy
2018-03-01,2246,2250,2245,2270,2270,5,CC=F,Yahoo chart API continuous-futures proxy
2018-03-02,2320,2320,2320,2320,2320,6,CC=F,Yahoo chart API continuous-futures proxy
2018-03-05,2434,2438,2434,2459,2459,61,CC=F,Yahoo chart API continuous-futures proxy
2018-03-06,2452,2452,2451,2454,2454,45,CC=F,Yahoo chart API continuous-futures proxy
2018-03-07,2444,2455,2444,2456,2456,25,CC=F,Yahoo chart API continuous-futures proxy
2018-03-08,2529,2529,2491,2506,2506,53,CC=F,Yahoo chart API continuous-futures proxy
2018-03-09,2478,2478,2478,2478,2478,0,CC=F,Yahoo chart API continuous-futures proxy
2018-03-12,2565,2565,2565,2565,2565,150,CC=F,Yahoo chart API continuous-futures proxy
2018-03-13,2583,2587,2583,2551,2551,3,CC=F,Yahoo chart API continuous-futures proxy
2018-03-14,2575,2575,2575,2575,2575,20178,CC=F,Yahoo chart API continuous-futures proxy
2018-03-15,2557,2571,2509,2536,2536,17741,CC=F,Yahoo chart API continuous-futures proxy
2018-03-16,2536,2546,2514,2522,2522,15505,CC=F,Yahoo chart API continuous-futures proxy
2018-03-19,2535,2568,2439,2445,2445,25324,CC=F,Yahoo chart API continuous-futures proxy
2018-03-20,2433,2516,2430,2480,2480,22350,CC=F,Yahoo chart API continuous-futures proxy
2018-03-21,2500,2541,2472,2524,2524,18012,CC=F,Yahoo chart API continuous-futures proxy
2018-03-22,2550,2567,2506,2535,2535,16097,CC=F,Yahoo chart API continuous-futures proxy
2018-03-23,2533,2636,2511,2615,2615,25707,CC=F,Yahoo chart API continuous-futures proxy
2018-03-26,2612,2643,2597,2629,2629,15971,CC=F,Yahoo chart API continuous-futures proxy
2018-03-27,2623,2623,2534,2554,2554,20383,CC=F,Yahoo chart API continuous-futures proxy
2018-03-28,2570,2603,2490,2597,2597,27281,CC=F,Yahoo chart API continuous-futures proxy
2018-03-29,2581,2607,2545,2556,2556,24325,CC=F,Yahoo chart API continuous-futures proxy
2018-04-02,2592,2647,2546,2635,2635,19762,CC=F,Yahoo chart API continuous-futures proxy
2018-04-03,2600,2606,2477,2498,2498,35684,CC=F,Yahoo chart API continuous-futures proxy
2018-04-04,2471,2517,2440,2475,2475,33791,CC=F,Yahoo chart API continuous-futures proxy
2018-04-05,2477,2534,2433,2508,2508,36863,CC=F,Yahoo chart API continuous-futures proxy
2018-04-06,2508,2516,2440,2453,2453,37642,CC=F,Yahoo chart API continuous-futures proxy
2018-04-09,2455,2522,2417,2502,2502,28873,CC=F,Yahoo chart API continuous-futures proxy
2018-04-10,2504,2505,2450,2489,2489,23951,CC=F,Yahoo chart API continuous-futures proxy
2018-04-11,2498,2560,2466,2547,2547,18429,CC=F,Yahoo chart API continuous-futures proxy
2018-04-12,2535,2564,2525,2542,2542,14870,CC=F,Yahoo chart API continuous-futures proxy
2018-04-13,2546,2582,2536,2564,2564,10216,CC=F,Yahoo chart API continuous-futures proxy
2018-04-16,2571,2712,2552,2702,2702,2581,CC=F,Yahoo chart API continuous-futures proxy
2018-04-17,2692,2750,2664,2728,2728,485,CC=F,Yahoo chart API continuous-futures proxy
2018-04-18,2736,2825,2736,2824,2824,12,CC=F,Yahoo chart API continuous-futures proxy
2018-04-19,2797,2854,2797,2831,2831,36,CC=F,Yahoo chart API continuous-futures proxy
2018-04-20,2805,2805,2741,2749,2749,11,CC=F,Yahoo chart API continuous-futures proxy
2018-04-23,2746,2746,2746,2746,2746,0,CC=F,Yahoo chart API continuous-futures proxy
2018-04-24,2835,2835,2835,2835,2835,2,CC=F,Yahoo chart API continuous-futures proxy
2018-04-25,2875,2875,2875,2856,2856,1,CC=F,Yahoo chart API continuous-futures proxy
2018-04-26,2805,2811,2805,2822,2822,2,CC=F,Yahoo chart API continuous-futures proxy
2018-04-27,2851,2851,2851,2851,2851,0,CC=F,Yahoo chart API continuous-futures proxy
2018-04-30,2845,2845,2845,2845,2845,0,CC=F,Yahoo chart API continuous-futures proxy
2018-05-01,2914,2914,2914,2914,2914,4,CC=F,Yahoo chart API continuous-futures proxy
2018-05-02,2855,2880,2839,2835,2835,3,CC=F,Yahoo chart API continuous-futures proxy
2018-05-03,2821,2822,2821,2863,2863,8,CC=F,Yahoo chart API continuous-futures proxy
2018-05-04,2799,2799,2799,2799,2799,0,CC=F,Yahoo chart API continuous-futures proxy
2018-05-07,2870,2870,2870,2870,2870,0,CC=F,Yahoo chart API continuous-futures proxy
2018-05-08,2794,2794,2794,2794,2794,0,CC=F,Yahoo chart API continuous-futures proxy
2018-05-09,2768,2769,2750,2774,2774,8,CC=F,Yahoo chart API continuous-futures proxy
2018-05-10,2758,2758,2758,2758,2758,0,CC=F,Yahoo chart API continuous-futures proxy
2018-05-11,2780,2825,2780,2801,2801,6,CC=F,Yahoo chart API continuous-futures proxy
2018-05-14,2775,2782,2775,2775,2775,31,CC=F,Yahoo chart API continuous-futures proxy
2018-05-15,2670,2670,2670,2670,2670,21802,CC=F,Yahoo chart API continuous-futures proxy
2018-05-16,2650,2740,2629,2730,2730,24203,CC=F,Yahoo chart API continuous-futures proxy
2018-05-17,2725,2767,2626,2639,2639,22150,CC=F,Yahoo chart API continuous-futures proxy
2018-05-18,2615,2730,2615,2678,2678,24684,CC=F,Yahoo chart API continuous-futures proxy
2018-05-21,2656,2692,2609,2615,2615,19946,CC=F,Yahoo chart API continuous-futures proxy
2018-05-22,2611,2669,2575,2589,2589,28787,CC=F,Yahoo chart API continuous-futures proxy
2018-05-23,2608,2635,2585,2618,2618,20797,CC=F,Yahoo chart API continuous-futures proxy
2018-05-24,2627,2642,2597,2603,2603,15836,CC=F,Yahoo chart API continuous-futures proxy
2018-05-25,2604,2631,2553,2556,2556,23857,CC=F,Yahoo chart API continuous-futures proxy
2018-05-29,2545,2589,2488,2497,2497,28103,CC=F,Yahoo chart API continuous-futures proxy
2018-05-30,2498,2541,2494,2529,2529,26540,CC=F,Yahoo chart API continuous-futures proxy
2018-05-31,2529,2533,2444,2454,2454,41448,CC=F,Yahoo chart API continuous-futures proxy
2018-06-01,2450,2470,2413,2458,2458,36079,CC=F,Yahoo chart API continuous-futures proxy
2018-06-04,2450,2457,2326,2351,2351,31749,CC=F,Yahoo chart API continuous-futures proxy
2018-06-05,2328,2366,2278,2289,2289,29706,CC=F,Yahoo chart API continuous-futures proxy
2018-06-06,2290,2332,2258,2296,2296,32342,CC=F,Yahoo chart API continuous-futures proxy
2018-06-07,2304,2318,2253,2274,2274,30853,CC=F,Yahoo chart API continuous-futures proxy
2018-06-08,2275,2399,2262,2393,2393,25266,CC=F,Yahoo chart API continuous-futures proxy
2018-06-11,2360,2378,2308,2372,2372,17676,CC=F,Yahoo chart API continuous-futures proxy
2018-06-12,2373,2420,2347,2413,2413,14774,CC=F,Yahoo chart API continuous-futures proxy
2018-06-13,2395,2447,2359,2380,2380,10844,CC=F,Yahoo chart API continuous-futures proxy
2018-06-14,2377,2470,2377,2450,2450,8085,CC=F,Yahoo chart API continuous-futures proxy
2018-06-15,2445,2557,2415,2552,2552,1617,CC=F,Yahoo chart API continuous-futures proxy
2018-06-18,2544,2544,2449,2509,2509,409,CC=F,Yahoo chart API continuous-futures proxy
2018-06-19,2478,2505,2433,2468,2468,6,CC=F,Yahoo chart API continuous-futures proxy
2018-06-20,2568,2568,2568,2568,2568,2,CC=F,Yahoo chart API continuous-futures proxy
2018-06-21,2514,2517,2501,2509,2509,40,CC=F,Yahoo chart API continuous-futures proxy
2018-06-22,2512,2512,2443,2484,2484,30,CC=F,Yahoo chart API continuous-futures proxy
2018-06-25,2389,2489,2389,2433,2433,209,CC=F,Yahoo chart API continuous-futures proxy
2018-06-26,2385,2385,2385,2431,2431,4,CC=F,Yahoo chart API continuous-futures proxy
2018-06-27,2339,2339,2339,2339,2339,2,CC=F,Yahoo chart API continuous-futures proxy
2018-06-28,2418,2418,2418,2418,2418,0,CC=F,Yahoo chart API continuous-futures proxy
2018-06-29,2476,2476,2476,2476,2476,0,CC=F,Yahoo chart API continuous-futures proxy
2018-07-02,2465,2465,2465,2465,2465,0,CC=F,Yahoo chart API continuous-futures proxy
2018-07-03,2418,2418,2418,2418,2418,0,CC=F,Yahoo chart API continuous-futures proxy
2018-07-05,2446,2446,2446,2446,2446,0,CC=F,Yahoo chart API continuous-futures proxy
2018-07-06,2459,2459,2459,2459,2459,15,CC=F,Yahoo chart API continuous-futures proxy
2018-07-09,2443,2443,2443,2443,2443,31,CC=F,Yahoo chart API continuous-futures proxy
2018-07-10,2468,2468,2468,2501,2501,1,CC=F,Yahoo chart API continuous-futures proxy
2018-07-11,2484,2484,2484,2484,2484,0,CC=F,Yahoo chart API continuous-futures proxy
2018-07-12,2489,2489,2489,2489,2489,0,CC=F,Yahoo chart API continuous-futures proxy
2018-07-13,2489,2491,2489,2517,2517,10,CC=F,Yahoo chart API continuous-futures proxy
2018-07-16,2410,2410,2410,2410,2410,39256,CC=F,Yahoo chart API continuous-futures proxy
2018-07-17,2389,2430,2360,2395,2395,21835,CC=F,Yahoo chart API continuous-futures proxy
2018-07-18,2397,2402,2321,2337,2337,19502,CC=F,Yahoo chart API continuous-futures proxy
2018-07-19,2325,2359,2288,2292,2292,26154,CC=F,Yahoo chart API continuous-futures proxy
2018-07-20,2306,2337,2280,2322,2322,22930,CC=F,Yahoo chart API continuous-futures proxy
2018-07-23,2330,2335,2276,2299,2299,24398,CC=F,Yahoo chart API continuous-futures proxy
2018-07-24,2291,2302,2246,2257,2257,17781,CC=F,Yahoo chart API continuous-futures proxy
2018-07-25,2243,2271,2233,2245,2245,17556,CC=F,Yahoo chart API continuous-futures proxy
2018-07-26,2243,2348,2243,2315,2315,20996,CC=F,Yahoo chart API continuous-futures proxy
2018-07-27,2323,2333,2212,2233,2233,25049,CC=F,Yahoo chart API continuous-futures proxy
2018-07-30,2222,2280,2222,2239,2239,16904,CC=F,Yahoo chart API continuous-futures proxy
2018-07-31,2240,2257,2152,2170,2170,24635,CC=F,Yahoo chart API continuous-futures proxy
2018-08-01,2156,2166,2063,2070,2070,36110,CC=F,Yahoo chart API continuous-futures proxy
2018-08-02,2054,2107,2053,2072,2072,26369,CC=F,Yahoo chart API continuous-futures proxy
2018-08-03,2069,2089,2039,2046,2046,24374,CC=F,Yahoo chart API continuous-futures proxy
2018-08-06,2036,2127,2035,2122,2122,24817,CC=F,Yahoo chart API continuous-futures proxy
2018-08-07,2115,2119,2082,2103,2103,31658,CC=F,Yahoo chart API continuous-futures proxy
2018-08-08,2098,2150,2085,2111,2111,20586,CC=F,Yahoo chart API continuous-futures proxy
2018-08-09,2105,2123,2067,2081,2081,12696,CC=F,Yahoo chart API continuous-futures proxy
2018-08-10,2075,2100,2066,2086,2086,12175,CC=F,Yahoo chart API continuous-futures proxy
2018-08-13,2080,2129,2077,2121,2121,10433,CC=F,Yahoo chart API continuous-futures proxy
2018-08-14,2116,2116,2092,2108,2108,8031,CC=F,Yahoo chart API continuous-futures proxy
2018-08-15,2110,2139,2075,2083,2083,6688,CC=F,Yahoo chart API continuous-futures proxy
2018-08-16,2087,2135,2087,2104,2104,5846,CC=F,Yahoo chart API continuous-futures proxy
2018-08-17,2100,2120,2076,2115,2115,4304,CC=F,Yahoo chart API continuous-futures proxy
2018-08-20,2119,2241,2095,2198,2198,120,CC=F,Yahoo chart API continuous-futures proxy
2018-08-21,2219,2219,2218,2269,2269,104,CC=F,Yahoo chart API continuous-futures proxy
2018-08-22,2300,2348,2297,2310,2310,36,CC=F,Yahoo chart API continuous-futures proxy
2018-08-23,2300,2305,2300,2349,2349,7,CC=F,Yahoo chart API continuous-futures proxy
2018-08-24,2374,2374,2374,2374,2374,0,CC=F,Yahoo chart API continuous-futures proxy
2018-08-27,2391,2391,2280,2321,2321,2,CC=F,Yahoo chart API continuous-futures proxy
2018-08-28,2351,2352,2326,2295,2295,5,CC=F,Yahoo chart API continuous-futures proxy
2018-08-29,2326,2337,2326,2336,2336,2,CC=F,Yahoo chart API continuous-futures proxy
2018-08-30,2295,2295,2295,2262,2262,1,CC=F,Yahoo chart API continuous-futures proxy
2018-08-31,2323,2323,2323,2323,2323,0,CC=F,Yahoo chart API continuous-futures proxy
2018-09-04,2290,2290,2290,2335,2335,25,CC=F,Yahoo chart API continuous-futures proxy
2018-09-05,2314,2314,2314,2314,2314,0,CC=F,Yahoo chart API continuous-futures proxy
2018-09-06,2300,2300,2300,2310,2310,37,CC=F,Yahoo chart API continuous-futures proxy
2018-09-07,2288,2288,2288,2288,2288,300,CC=F,Yahoo chart API continuous-futures proxy
2018-09-10,2329,2329,2329,2329,2329,0,CC=F,Yahoo chart API continuous-futures proxy
2018-09-11,2340,2340,2340,2283,2283,15,CC=F,Yahoo chart API continuous-futures proxy
2018-09-12,2376,2376,2375,2355,2355,46,CC=F,Yahoo chart API continuous-futures proxy
2018-09-13,2314,2314,2314,2314,2314,17215,CC=F,Yahoo chart API continuous-futures proxy
2018-09-14,2319,2327,2205,2219,2219,28599,CC=F,Yahoo chart API continuous-futures proxy
2018-09-17,2223,2298,2219,2236,2236,23911,CC=F,Yahoo chart API continuous-futures proxy
2018-09-18,2238,2281,2224,2242,2242,15668,CC=F,Yahoo chart API continuous-futures proxy
2018-09-19,2254,2276,2186,2195,2195,16527,CC=F,Yahoo chart API continuous-futures proxy
2018-09-20,2194,2234,2187,2201,2201,17907,CC=F,Yahoo chart API continuous-futures proxy
2018-09-21,2202,2215,2155,2167,2167,18646,CC=F,Yahoo chart API continuous-futures proxy
2018-09-24,2160,2258,2156,2235,2235,26404,CC=F,Yahoo chart API continuous-futures proxy
2018-09-25,2218,2252,2189,2195,2195,18159,CC=F,Yahoo chart API continuous-futures proxy
2018-09-26,2193,2212,2147,2151,2151,20504,CC=F,Yahoo chart API continuous-futures proxy
2018-09-27,2161,2176,2111,2114,2114,19639,CC=F,Yahoo chart API continuous-futures proxy
2018-09-28,2115,2136,2053,2057,2057,29092,CC=F,Yahoo chart API continuous-futures proxy
2018-10-01,2053,2082,1982,1990,1990,33483,CC=F,Yahoo chart API continuous-futures proxy
2018-10-02,2004,2097,2002,2086,2086,34818,CC=F,Yahoo chart API continuous-futures proxy
2018-10-03,2090,2096,2014,2019,2019,20658,CC=F,Yahoo chart API continuous-futures proxy
2018-10-04,2012,2056,2003,2010,2010,19682,CC=F,Yahoo chart API continuous-futures proxy
2018-10-05,2008,2065,2008,2024,2024,18216,CC=F,Yahoo chart API continuous-futures proxy
2018-10-08,2041,2105,2031,2086,2086,22072,CC=F,Yahoo chart API continuous-futures proxy
2018-10-09,2094,2128,2075,2119,2119,20432,CC=F,Yahoo chart API continuous-futures proxy
2018-10-10,2116,2131,2074,2088,2088,15682,CC=F,Yahoo chart API continuous-futures proxy
2018-10-11,2080,2120,2063,2097,2097,19218,CC=F,Yahoo chart API continuous-futures proxy
2018-10-12,2110,2164,2110,2160,2160,16701,CC=F,Yahoo chart API continuous-futures proxy
2018-10-15,2171,2178,2083,2141,2141,20064,CC=F,Yahoo chart API continuous-futures proxy
2018-10-16,2131,2222,2122,2194,2194,23931,CC=F,Yahoo chart API continuous-futures proxy
2018-10-17,2211,2232,2182,2226,2226,18800,CC=F,Yahoo chart API continuous-futures proxy
2018-10-18,2213,2216,2137,2145,2145,25072,CC=F,Yahoo chart API continuous-futures proxy
2018-10-19,2151,2183,2113,2162,2162,18249,CC=F,Yahoo chart API continuous-futures proxy
2018-10-22,2173,2226,2142,2220,2220,19054,CC=F,Yahoo chart API continuous-futures proxy
2018-10-23,2206,2208,2153,2187,2187,19349,CC=F,Yahoo chart API continuous-futures proxy
2018-10-24,2190,2228,2133,2137,2137,21251,CC=F,Yahoo chart API continuous-futures proxy
2018-10-25,2147,2216,2144,2209,2209,26109,CC=F,Yahoo chart API continuous-futures proxy
2018-10-26,2215,2281,2207,2251,2251,24453,CC=F,Yahoo chart API continuous-futures proxy
2018-10-29,2251,2272,2180,2195,2195,28281,CC=F,Yahoo chart API continuous-futures proxy
2018-10-30,2199,2228,2169,2215,2215,16979,CC=F,Yahoo chart API continuous-futures proxy
2018-10-31,2220,2244,2190,2234,2234,21946,CC=F,Yahoo chart API continuous-futures proxy
2018-11-01,2235,2292,2225,2264,2264,29440,CC=F,Yahoo chart API continuous-futures proxy
2018-11-02,2263,2274,2228,2267,2267,29777,CC=F,Yahoo chart API continuous-futures proxy
2018-11-05,2265,2323,2248,2312,2312,21152,CC=F,Yahoo chart API continuous-futures proxy
2018-11-06,2313,2383,2310,2379,2379,31768,CC=F,Yahoo chart API continuous-futures proxy
2018-11-07,2390,2396,2349,2383,2383,21792,CC=F,Yahoo chart API continuous-futures proxy
2018-11-08,2363,2378,2256,2265,2265,20162,CC=F,Yahoo chart API continuous-futures proxy
2018-11-09,2273,2288,2233,2250,2250,16510,CC=F,Yahoo chart API continuous-futures proxy
2018-11-12,2229,2265,2199,2209,2209,14206,CC=F,Yahoo chart API continuous-futures proxy
2018-11-13,2214,2228,2177,2211,2211,12349,CC=F,Yahoo chart API continuous-futures proxy
2018-11-14,2209,2212,2136,2158,2158,10442,CC=F,Yahoo chart API continuous-futures proxy
2018-11-15,2151,2221,2145,2166,2166,8572,CC=F,Yahoo chart API continuous-futures proxy
2018-11-16,2172,2223,2172,2193,2193,95,CC=F,Yahoo chart API continuous-futures proxy
2018-11-19,2170,2190,2170,2155,2155,27,CC=F,Yahoo chart API continuous-futures proxy
2018-11-20,2128,2162,2128,2144,2144,164,CC=F,Yahoo chart API continuous-futures proxy
2018-11-21,2084,2084,2084,2084,2084,56,CC=F,Yahoo chart API continuous-futures proxy
2018-11-23,2089,2089,2083,2061,2061,3,CC=F,Yahoo chart API continuous-futures proxy
2018-11-26,2083,2083,2083,2057,2057,5,CC=F,Yahoo chart API continuous-futures proxy
2018-11-27,2086,2086,2086,2086,2086,0,CC=F,Yahoo chart API continuous-futures proxy
2018-11-28,2062,2062,2062,2062,2062,0,CC=F,Yahoo chart API continuous-futures proxy
2018-11-29,2106,2106,2106,2106,2106,0,CC=F,Yahoo chart API continuous-futures proxy
2018-11-30,2144,2144,2144,2144,2144,0,CC=F,Yahoo chart API continuous-futures proxy
2018-12-03,2144,2144,2144,2144,2144,0,CC=F,Yahoo chart API continuous-futures proxy
2018-12-04,2105,2105,2105,2105,2105,0,CC=F,Yahoo chart API continuous-futures proxy
2018-12-06,2120,2120,2120,2078,2078,1,CC=F,Yahoo chart API continuous-futures proxy
2018-12-07,2135,2135,2135,2175,2175,3,CC=F,Yahoo chart API continuous-futures proxy
2018-12-10,2156,2156,2156,2156,2156,0,CC=F,Yahoo chart API continuous-futures proxy
2018-12-11,2066,2066,2066,2066,2066,0,CC=F,Yahoo chart API continuous-futures proxy
2018-12-12,2112,2112,2112,2112,2112,0,CC=F,Yahoo chart API continuous-futures proxy
2018-12-13,2200,2200,2200,2200,2200,17342,CC=F,Yahoo chart API continuous-futures proxy
2018-12-14,2238,2279,2216,2237,2237,17329,CC=F,Yahoo chart API continuous-futures proxy
2018-12-17,2227,2263,2204,2230,2230,14100,CC=F,Yahoo chart API continuous-futures proxy
2018-12-18,2230,2312,2227,2271,2271,14264,CC=F,Yahoo chart API continuous-futures proxy
2018-12-19,2290,2319,2242,2317,2317,16227,CC=F,Yahoo chart API continuous-futures proxy
2018-12-20,2317,2317,2251,2271,2271,16125,CC=F,Yahoo chart API continuous-futures proxy
2018-12-21,2280,2290,2221,2271,2271,14365,CC=F,Yahoo chart API continuous-futures proxy
2018-12-24,2276,2345,2256,2315,2315,10659,CC=F,Yahoo chart API continuous-futures proxy
2018-12-26,2316,2436,2309,2429,2429,18444,CC=F,Yahoo chart API continuous-futures proxy
2018-12-27,2385,2401,2347,2373,2373,23293,CC=F,Yahoo chart API continuous-futures proxy
2018-12-28,2369,2412,2342,2408,2408,15364,CC=F,Yahoo chart API continuous-futures proxy
2018-12-31,2410,2439,2381,2416,2416,14095,CC=F,Yahoo chart API continuous-futures proxy
2019-01-02,2419,2424,2367,2394,2394,22875,CC=F,Yahoo chart API continuous-futures proxy
2019-01-03,2396,2423,2379,2400,2400,21118,CC=F,Yahoo chart API continuous-futures proxy
2019-01-04,2399,2402,2314,2361,2361,22432,CC=F,Yahoo chart API continuous-futures proxy
2019-01-07,2362,2413,2356,2410,2410,16914,CC=F,Yahoo chart API continuous-futures proxy
2019-01-08,2389,2399,2355,2382,2382,19167,CC=F,Yahoo chart API continuous-futures proxy
2019-01-09,2379,2387,2346,2351,2351,15548,CC=F,Yahoo chart API continuous-futures proxy
2019-01-10,2331,2390,2327,2369,2369,22114,CC=F,Yahoo chart API continuous-futures proxy
2019-01-11,2372,2396,2350,2356,2356,15930,CC=F,Yahoo chart API continuous-futures proxy
2019-01-14,2358,2385,2333,2341,2341,14234,CC=F,Yahoo chart API continuous-futures proxy
2019-01-15,2344,2362,2259,2274,2274,29905,CC=F,Yahoo chart API continuous-futures proxy
2019-01-16,2293,2343,2282,2322,2322,21298,CC=F,Yahoo chart API continuous-futures proxy
2019-01-17,2322,2368,2308,2335,2335,16570,CC=F,Yahoo chart API continuous-futures proxy
2019-01-18,2348,2355,2297,2307,2307,12436,CC=F,Yahoo chart API continuous-futures proxy
2019-01-22,2294,2303,2226,2246,2246,29231,CC=F,Yahoo chart API continuous-futures proxy
2019-01-23,2249,2265,2227,2245,2245,18944,CC=F,Yahoo chart API continuous-futures proxy
2019-01-24,2244,2277,2236,2256,2256,17278,CC=F,Yahoo chart API continuous-futures proxy
2019-01-25,2256,2265,2218,2225,2225,18908,CC=F,Yahoo chart API continuous-futures proxy
2019-01-28,2227,2304,2224,2250,2250,23225,CC=F,Yahoo chart API continuous-futures proxy
2019-01-29,2252,2284,2206,2215,2215,21665,CC=F,Yahoo chart API continuous-futures proxy
2019-01-30,2217,2231,2163,2176,2176,27183,CC=F,Yahoo chart API continuous-futures proxy
2019-01-31,2183,2192,2161,2168,2168,18152,CC=F,Yahoo chart API continuous-futures proxy
2019-02-01,2173,2202,2165,2168,2168,20272,CC=F,Yahoo chart API continuous-futures proxy
2019-02-04,2172,2247,2169,2228,2228,30213,CC=F,Yahoo chart API continuous-futures proxy
2019-02-05,2220,2237,2193,2219,2219,22557,CC=F,Yahoo chart API continuous-futures proxy
2019-02-06,2248,2277,2233,2257,2257,22339,CC=F,Yahoo chart API continuous-futures proxy
2019-02-07,2267,2269,2188,2221,2221,24142,CC=F,Yahoo chart API continuous-futures proxy
2019-02-08,2225,2242,2190,2196,2196,14098,CC=F,Yahoo chart API continuous-futures proxy
2019-02-11,2189,2237,2189,2224,2224,15994,CC=F,Yahoo chart API continuous-futures proxy
2019-02-12,2224,2247,2217,2227,2227,13647,CC=F,Yahoo chart API continuous-futures proxy
2019-02-13,2219,2270,2205,2248,2248,8692,CC=F,Yahoo chart API continuous-futures proxy
2019-02-14,2261,2261,2212,2232,2232,348,CC=F,Yahoo chart API continuous-futures proxy
2019-02-15,2259,2316,2259,2307,2307,380,CC=F,Yahoo chart API continuous-futures proxy
2019-02-19,2348,2348,2320,2340,2340,414,CC=F,Yahoo chart API continuous-futures proxy
2019-02-20,2326,2326,2302,2298,2298,110,CC=F,Yahoo chart API continuous-futures proxy
2019-02-21,2256,2256,2256,2256,2256,0,CC=F,Yahoo chart API continuous-futures proxy
2019-02-22,2301,2314,2301,2269,2269,10,CC=F,Yahoo chart API continuous-futures proxy
2019-02-25,2249,2255,2244,2247,2247,13,CC=F,Yahoo chart API continuous-futures proxy
2019-02-26,2244,2250,2244,2267,2267,8,CC=F,Yahoo chart API continuous-futures proxy
2019-02-27,2304,2304,2304,2304,2304,0,CC=F,Yahoo chart API continuous-futures proxy
2019-02-28,2238,2238,2238,2238,2238,0,CC=F,Yahoo chart API continuous-futures proxy
2019-03-01,2217,2217,2217,2218,2218,10,CC=F,Yahoo chart API continuous-futures proxy
2019-03-04,2157,2157,2157,2157,2157,0,CC=F,Yahoo chart API continuous-futures proxy
2019-03-05,2158,2158,2158,2158,2158,0,CC=F,Yahoo chart API continuous-futures proxy
2019-03-06,2246,2246,2246,2246,2246,0,CC=F,Yahoo chart API continuous-futures proxy
2019-03-07,2183,2183,2183,2183,2183,0,CC=F,Yahoo chart API continuous-futures proxy
2019-03-08,2257,2257,1901,2199,2199,6,CC=F,Yahoo chart API continuous-futures proxy
2019-03-11,2199,2199,2199,2189,2189,2,CC=F,Yahoo chart API continuous-futures proxy
2019-03-12,2204,2204,2204,2204,2204,0,CC=F,Yahoo chart API continuous-futures proxy
2019-03-13,2314,2314,2314,2203,2203,1,CC=F,Yahoo chart API continuous-futures proxy
2019-03-14,2201,2201,2201,2201,2201,14952,CC=F,Yahoo chart API continuous-futures proxy
2019-03-15,2215,2224,2179,2197,2197,13457,CC=F,Yahoo chart API continuous-futures proxy
2019-03-18,2199,2224,2172,2196,2196,13238,CC=F,Yahoo chart API continuous-futures proxy
2019-03-19,2189,2245,2184,2202,2202,19603,CC=F,Yahoo chart API continuous-futures proxy
2019-03-20,2190,2201,2137,2143,2143,21731,CC=F,Yahoo chart API continuous-futures proxy
2019-03-21,2142,2155,2113,2132,2132,16532,CC=F,Yahoo chart API continuous-futures proxy
2019-03-22,2130,2178,2127,2159,2159,22388,CC=F,Yahoo chart API continuous-futures proxy
2019-03-25,2159,2243,2146,2216,2216,32452,CC=F,Yahoo chart API continuous-futures proxy
2019-03-26,2223,2268,2209,2237,2237,25417,CC=F,Yahoo chart API continuous-futures proxy
2019-03-27,2225,2261,2212,2248,2248,17570,CC=F,Yahoo chart API continuous-futures proxy
2019-03-28,2238,2278,2232,2257,2257,15737,CC=F,Yahoo chart API continuous-futures proxy
2019-03-29,2254,2286,2246,2280,2280,18662,CC=F,Yahoo chart API continuous-futures proxy
2019-04-01,2290,2353,2276,2327,2327,31198,CC=F,Yahoo chart API continuous-futures proxy
2019-04-02,2330,2373,2309,2356,2356,30704,CC=F,Yahoo chart API continuous-futures proxy
2019-04-03,2374,2394,2349,2376,2376,27653,CC=F,Yahoo chart API continuous-futures proxy
2019-04-04,2388,2429,2364,2415,2415,36304,CC=F,Yahoo chart API continuous-futures proxy
2019-04-05,2409,2423,2394,2413,2413,30323,CC=F,Yahoo chart API continuous-futures proxy
2019-04-08,2414,2443,2400,2430,2430,23377,CC=F,Yahoo chart API continuous-futures proxy
2019-04-09,2426,2451,2386,2446,2446,25228,CC=F,Yahoo chart API continuous-futures proxy
2019-04-10,2439,2449,2421,2443,2443,13759,CC=F,Yahoo chart API continuous-futures proxy
2019-04-11,2435,2454,2386,2388,2388,11038,CC=F,Yahoo chart API continuous-futures proxy
2019-04-12,2393,2444,2390,2424,2424,8592,CC=F,Yahoo chart API continuous-futures proxy
2019-04-15,2419,2445,2402,2406,2406,2980,CC=F,Yahoo chart API continuous-futures proxy
2019-04-16,2420,2420,2335,2364,2364,142,CC=F,Yahoo chart API continuous-futures proxy
2019-04-17,2389,2410,2376,2420,2420,19,CC=F,Yahoo chart API continuous-futures proxy
2019-04-18,2407,2407,2400,2380,2380,7,CC=F,Yahoo chart API continuous-futures proxy
2019-04-22,2350,2350,2350,2346,2346,3,CC=F,Yahoo chart API continuous-futures proxy
2019-04-23,2305,2327,2300,2304,2304,63,CC=F,Yahoo chart API continuous-futures proxy
2019-04-24,2280,2280,2270,2260,2260,44,CC=F,Yahoo chart API continuous-futures proxy
2019-04-25,2294,2294,2294,2294,2294,1,CC=F,Yahoo chart API continuous-futures proxy
2019-04-26,2344,2344,2344,2344,2344,0,CC=F,Yahoo chart API continuous-futures proxy
2019-04-29,2392,2392,2392,2392,2392,0,CC=F,Yahoo chart API continuous-futures proxy
2019-04-30,2389,2389,2385,2368,2368,26,CC=F,Yahoo chart API continuous-futures proxy
2019-05-01,2314,2314,2314,2314,2314,0,CC=F,Yahoo chart API continuous-futures proxy
2019-05-02,2407,2407,2293,2373,2373,2,CC=F,Yahoo chart API continuous-futures proxy
2019-05-03,2378,2378,2378,2378,2378,2,CC=F,Yahoo chart API continuous-futures proxy
2019-05-06,2324,2324,2324,2333,2333,1,CC=F,Yahoo chart API continuous-futures proxy
2019-05-07,2291,2291,2291,2291,2291,0,CC=F,Yahoo chart API continuous-futures proxy
2019-05-08,2316,2316,2316,2295,2295,1,CC=F,Yahoo chart API continuous-futures proxy
2019-05-09,2326,2326,2326,2326,2326,0,CC=F,Yahoo chart API continuous-futures proxy
2019-05-10,2333,2333,2331,2330,2330,4,CC=F,Yahoo chart API continuous-futures proxy
2019-05-13,2304,2304,2304,2304,2304,0,CC=F,Yahoo chart API continuous-futures proxy
2019-05-14,2310,2310,2310,2310,2310,0,CC=F,Yahoo chart API continuous-futures proxy
2019-05-15,2338,2338,2338,2338,2338,29833,CC=F,Yahoo chart API continuous-futures proxy
2019-05-16,2321,2379,2303,2372,2372,22465,CC=F,Yahoo chart API continuous-futures proxy
2019-05-17,2375,2378,2342,2353,2353,14620,CC=F,Yahoo chart API continuous-futures proxy
2019-05-20,2353,2393,2332,2387,2387,16428,CC=F,Yahoo chart API continuous-futures proxy
2019-05-21,2391,2453,2374,2446,2446,26891,CC=F,Yahoo chart API continuous-futures proxy
2019-05-22,2447,2447,2409,2413,2413,22754,CC=F,Yahoo chart API continuous-futures proxy
2019-05-23,2415,2432,2392,2426,2426,19399,CC=F,Yahoo chart API continuous-futures proxy
2019-05-24,2431,2478,2426,2467,2467,13067,CC=F,Yahoo chart API continuous-futures proxy
2019-05-28,2462,2478,2440,2450,2450,21054,CC=F,Yahoo chart API continuous-futures proxy
2019-05-29,2453,2473,2407,2438,2438,17985,CC=F,Yahoo chart API continuous-futures proxy
2019-05-30,2443,2454,2405,2428,2428,15262,CC=F,Yahoo chart API continuous-futures proxy
2019-05-31,2428,2445,2393,2400,2400,15882,CC=F,Yahoo chart API continuous-futures proxy
2019-06-03,2411,2416,2337,2351,2351,28660,CC=F,Yahoo chart API continuous-futures proxy
2019-06-04,2368,2380,2307,2360,2360,24535,CC=F,Yahoo chart API continuous-futures proxy
2019-06-05,2373,2404,2339,2401,2401,25605,CC=F,Yahoo chart API continuous-futures proxy
2019-06-06,2377,2433,2376,2427,2427,20207,CC=F,Yahoo chart API continuous-futures proxy
2019-06-07,2431,2482,2409,2478,2478,34758,CC=F,Yahoo chart API continuous-futures proxy
2019-06-10,2476,2548,2464,2544,2544,30289,CC=F,Yahoo chart API continuous-futures proxy
2019-06-11,2536,2570,2525,2539,2539,13469,CC=F,Yahoo chart API continuous-futures proxy
2019-06-12,2562,2583,2559,2568,2568,11499,CC=F,Yahoo chart API continuous-futures proxy
2019-06-13,2548,2553,2520,2527,2527,10136,CC=F,Yahoo chart API continuous-futures proxy
2019-06-14,2527,2542,2471,2502,2502,3347,CC=F,Yahoo chart API continuous-futures proxy
2019-06-17,2490,2508,2440,2500,2500,210,CC=F,Yahoo chart API continuous-futures proxy
2019-06-18,2520,2526,2516,2529,2529,114,CC=F,Yahoo chart API continuous-futures proxy
2019-06-19,2535,2535,2535,2538,2538,39,CC=F,Yahoo chart API continuous-futures proxy
2019-06-20,2483,2483,2483,2471,2471,1,CC=F,Yahoo chart API continuous-futures proxy
2019-06-21,2527,2527,2527,2527,2527,0,CC=F,Yahoo chart API continuous-futures proxy
2019-06-24,2540,2540,2519,2512,2512,65,CC=F,Yahoo chart API continuous-futures proxy
2019-06-25,2489,2489,2489,2489,2489,0,CC=F,Yahoo chart API continuous-futures proxy
2019-06-26,2485,2485,2484,2486,2486,2,CC=F,Yahoo chart API continuous-futures proxy
2019-06-27,2478,2478,2478,2478,2478,0,CC=F,Yahoo chart API continuous-futures proxy
2019-06-28,2450,2450,2450,2450,2450,0,CC=F,Yahoo chart API continuous-futures proxy
2019-07-01,2526,2526,2526,2526,2526,0,CC=F,Yahoo chart API continuous-futures proxy
2019-07-02,2497,2497,2497,2497,2497,0,CC=F,Yahoo chart API continuous-futures proxy
2019-07-03,2467,2469,2467,2458,2458,2,CC=F,Yahoo chart API continuous-futures proxy
2019-07-05,2488,2488,2488,2488,2488,0,CC=F,Yahoo chart API continuous-futures proxy
2019-07-08,2602,2602,2602,2602,2602,48,CC=F,Yahoo chart API continuous-futures proxy
2019-07-09,2547,2547,2547,2547,2547,0,CC=F,Yahoo chart API continuous-futures proxy
2019-07-10,2534,2534,2534,2534,2534,0,CC=F,Yahoo chart API continuous-futures proxy
2019-07-11,2516,2516,2516,2516,2516,0,CC=F,Yahoo chart API continuous-futures proxy
2019-07-12,2502,2502,2502,2528,2528,1,CC=F,Yahoo chart API continuous-futures proxy
2019-07-15,2445,2445,2445,2445,2445,0,CC=F,Yahoo chart API continuous-futures proxy
2019-07-16,2454,2454,2454,2454,2454,21173,CC=F,Yahoo chart API continuous-futures proxy
2019-07-17,2445,2448,2416,2424,2424,10186,CC=F,Yahoo chart API continuous-futures proxy
2019-07-18,2432,2459,2429,2440,2440,10255,CC=F,Yahoo chart API continuous-futures proxy
2019-07-19,2447,2495,2446,2467,2467,12217,CC=F,Yahoo chart API continuous-futures proxy
2019-07-22,2486,2538,2473,2532,2532,20589,CC=F,Yahoo chart API continuous-futures proxy
2019-07-23,2516,2522,2471,2475,2475,16184,CC=F,Yahoo chart API continuous-futures proxy
2019-07-24,2477,2500,2455,2463,2463,13750,CC=F,Yahoo chart API continuous-futures proxy
2019-07-25,2463,2470,2423,2434,2434,19919,CC=F,Yahoo chart API continuous-futures proxy
2019-07-26,2443,2452,2387,2389,2389,17821,CC=F,Yahoo chart API continuous-futures proxy
2019-07-29,2385,2400,2366,2383,2383,17625,CC=F,Yahoo chart API continuous-futures proxy
2019-07-30,2383,2406,2361,2379,2379,14389,CC=F,Yahoo chart API continuous-futures proxy
2019-07-31,2378,2384,2332,2345,2345,19434,CC=F,Yahoo chart API continuous-futures proxy
2019-08-01,2338,2366,2313,2329,2329,28279,CC=F,Yahoo chart API continuous-futures proxy
2019-08-02,2340,2354,2307,2320,2320,25701,CC=F,Yahoo chart API continuous-futures proxy
2019-08-05,2319,2336,2280,2308,2308,23809,CC=F,Yahoo chart API continuous-futures proxy
2019-08-06,2300,2304,2246,2252,2252,25233,CC=F,Yahoo chart API continuous-futures proxy
2019-08-07,2263,2263,2217,2224,2224,26821,CC=F,Yahoo chart API continuous-futures proxy
2019-08-08,2231,2232,2194,2205,2205,18741,CC=F,Yahoo chart API continuous-futures proxy
2019-08-09,2205,2216,2184,2195,2195,15039,CC=F,Yahoo chart API continuous-futures proxy
2019-08-12,2201,2229,2191,2194,2194,11903,CC=F,Yahoo chart API continuous-futures proxy
2019-08-13,2192,2197,2146,2153,2153,14427,CC=F,Yahoo chart API continuous-futures proxy
2019-08-14,2156,2169,2134,2143,2143,11288,CC=F,Yahoo chart API continuous-futures proxy
2019-08-15,2160,2167,2132,2134,2134,7872,CC=F,Yahoo chart API continuous-futures proxy
2019-08-16,2138,2144,2089,2111,2111,6412,CC=F,Yahoo chart API continuous-futures proxy
2019-08-19,2129,2131,2103,2126,2126,173,CC=F,Yahoo chart API continuous-futures proxy
2019-08-20,2134,2134,2129,2149,2149,131,CC=F,Yahoo chart API continuous-futures proxy
2019-08-21,2165,2207,2165,2191,2191,29,CC=F,Yahoo chart API continuous-futures proxy
2019-08-22,2200,2200,2200,2200,2200,4,CC=F,Yahoo chart API continuous-futures proxy
2019-08-23,2238,2238,2217,2208,2208,2,CC=F,Yahoo chart API continuous-futures proxy
2019-08-26,2197,2197,2197,2197,2197,0,CC=F,Yahoo chart API continuous-futures proxy
2019-08-27,2206,2206,2206,2206,2206,0,CC=F,Yahoo chart API continuous-futures proxy
2019-08-28,2198,2198,2198,2198,2198,0,CC=F,Yahoo chart API continuous-futures proxy
2019-08-29,2160,2160,2160,2124,2124,2,CC=F,Yahoo chart API continuous-futures proxy
2019-08-30,2161,2161,2161,2161,2161,0,CC=F,Yahoo chart API continuous-futures proxy
2019-09-03,2184,2184,2184,2184,2184,0,CC=F,Yahoo chart API continuous-futures proxy
2019-09-04,2208,2208,2208,2208,2208,0,CC=F,Yahoo chart API continuous-futures proxy
2019-09-05,2184,2184,2184,2184,2184,0,CC=F,Yahoo chart API continuous-futures proxy
2019-09-06,2216,2216,2216,2216,2216,0,CC=F,Yahoo chart API continuous-futures proxy
2019-09-09,2235,2235,2235,2235,2235,0,CC=F,Yahoo chart API continuous-futures proxy
2019-09-10,2218,2218,2218,2218,2218,0,CC=F,Yahoo chart API continuous-futures proxy
2019-09-11,2235,2235,2235,2235,2235,0,CC=F,Yahoo chart API continuous-futures proxy
2019-09-12,2244,2244,2244,2244,2244,0,CC=F,Yahoo chart API continuous-futures proxy
2019-09-13,2245,2336,2245,2296,2296,28735,CC=F,Yahoo chart API continuous-futures proxy
2019-09-16,2337,2390,2323,2383,2383,23609,CC=F,Yahoo chart API continuous-futures proxy
2019-09-17,2378,2405,2368,2394,2394,30998,CC=F,Yahoo chart API continuous-futures proxy
2019-09-18,2398,2413,2380,2401,2401,23595,CC=F,Yahoo chart API continuous-futures proxy
2019-09-19,2409,2471,2404,2468,2468,29399,CC=F,Yahoo chart API continuous-futures proxy
2019-09-20,2467,2484,2437,2473,2473,28040,CC=F,Yahoo chart API continuous-futures proxy
2019-09-23,2479,2481,2449,2454,2454,21031,CC=F,Yahoo chart API continuous-futures proxy
2019-09-24,2459,2473,2433,2439,2439,18723,CC=F,Yahoo chart API continuous-futures proxy
2019-09-25,2440,2477,2435,2469,2469,18577,CC=F,Yahoo chart API continuous-futures proxy
2019-09-26,2473,2513,2455,2505,2505,23694,CC=F,Yahoo chart API continuous-futures proxy
2019-09-27,2504,2514,2475,2490,2490,21486,CC=F,Yahoo chart API continuous-futures proxy
2019-09-30,2489,2494,2440,2442,2442,24207,CC=F,Yahoo chart API continuous-futures proxy
2019-10-01,2453,2469,2445,2453,2453,21774,CC=F,Yahoo chart API continuous-futures proxy
2019-10-02,2468,2500,2459,2482,2482,19126,CC=F,Yahoo chart API continuous-futures proxy
2019-10-03,2485,2529,2474,2520,2520,16934,CC=F,Yahoo chart API continuous-futures proxy
2019-10-04,2532,2535,2468,2475,2475,19126,CC=F,Yahoo chart API continuous-futures proxy
2019-10-07,2470,2470,2396,2422,2422,31565,CC=F,Yahoo chart API continuous-futures proxy
2019-10-08,2416,2468,2391,2448,2448,23521,CC=F,Yahoo chart API continuous-futures proxy
2019-10-09,2447,2462,2398,2407,2407,13962,CC=F,Yahoo chart API continuous-futures proxy
2019-10-10,2405,2463,2404,2460,2460,15756,CC=F,Yahoo chart API continuous-futures proxy
2019-10-11,2454,2558,2450,2506,2506,28185,CC=F,Yahoo chart API continuous-futures proxy
2019-10-14,2493,2494,2440,2449,2449,16958,CC=F,Yahoo chart API continuous-futures proxy
2019-10-15,2459,2539,2452,2522,2522,20899,CC=F,Yahoo chart API continuous-futures proxy
2019-10-16,2505,2526,2485,2515,2515,17241,CC=F,Yahoo chart API continuous-futures proxy
2019-10-17,2521,2548,2482,2488,2488,20738,CC=F,Yahoo chart API continuous-futures proxy
2019-10-18,2515,2538,2462,2486,2486,18622,CC=F,Yahoo chart API continuous-futures proxy
2019-10-21,2491,2505,2451,2474,2474,14956,CC=F,Yahoo chart API continuous-futures proxy
2019-10-22,2472,2494,2443,2448,2448,17126,CC=F,Yahoo chart API continuous-futures proxy
2019-10-23,2456,2470,2417,2457,2457,19743,CC=F,Yahoo chart API continuous-futures proxy
2019-10-24,2463,2499,2440,2463,2463,22318,CC=F,Yahoo chart API continuous-futures proxy
2019-10-25,2467,2482,2429,2435,2435,15985,CC=F,Yahoo chart API continuous-futures proxy
2019-10-28,2440,2469,2420,2463,2463,18841,CC=F,Yahoo chart API continuous-futures proxy
2019-10-29,2461,2494,2449,2485,2485,27999,CC=F,Yahoo chart API continuous-futures proxy
2019-10-30,2481,2506,2446,2454,2454,22328,CC=F,Yahoo chart API continuous-futures proxy
2019-10-31,2465,2474,2393,2403,2403,32799,CC=F,Yahoo chart API continuous-futures proxy
2019-11-01,2403,2482,2386,2478,2478,34713,CC=F,Yahoo chart API continuous-futures proxy
2019-11-04,2465,2510,2453,2486,2486,27565,CC=F,Yahoo chart API continuous-futures proxy
2019-11-05,2483,2496,2462,2484,2484,23122,CC=F,Yahoo chart API continuous-futures proxy
2019-11-06,2491,2492,2427,2444,2444,18876,CC=F,Yahoo chart API continuous-futures proxy
2019-11-07,2447,2452,2407,2440,2440,21670,CC=F,Yahoo chart API continuous-futures proxy
2019-11-08,2440,2512,2438,2503,2503,16773,CC=F,Yahoo chart API continuous-futures proxy
2019-11-11,2502,2535,2483,2533,2533,11464,CC=F,Yahoo chart API continuous-futures proxy
2019-11-12,2525,2648,2518,2633,2633,10672,CC=F,Yahoo chart API continuous-futures proxy
2019-11-13,2633,2707,2614,2675,2675,8512,CC=F,Yahoo chart API continuous-futures proxy
2019-11-14,2706,2770,2681,2761,2761,3578,CC=F,Yahoo chart API continuous-futures proxy
2019-11-15,2751,2778,2675,2766,2766,106,CC=F,Yahoo chart API continuous-futures proxy
2019-11-18,2783,2783,2717,2742,2742,12,CC=F,Yahoo chart API continuous-futures proxy
2019-11-19,2694,2701,2674,2694,2694,23,CC=F,Yahoo chart API continuous-futures proxy
2019-11-20,2669,2692,2666,2682,2682,21,CC=F,Yahoo chart API continuous-futures proxy
2019-11-21,2696,2696,2696,2696,2696,0,CC=F,Yahoo chart API continuous-futures proxy
2019-11-22,2666,2666,2666,2666,2666,4,CC=F,Yahoo chart API continuous-futures proxy
2019-11-25,2684,2685,2648,2647,2647,7,CC=F,Yahoo chart API continuous-futures proxy
2019-11-26,2687,2687,2640,2705,2705,6,CC=F,Yahoo chart API continuous-futures proxy
2019-11-27,2685,2685,2629,2646,2646,0,CC=F,Yahoo chart API continuous-futures proxy
2019-11-29,2617,2617,2617,2617,2617,0,CC=F,Yahoo chart API continuous-futures proxy
2019-12-02,2600,2600,2590,2604,2604,15,CC=F,Yahoo chart API continuous-futures proxy
2019-12-03,2604,2604,2604,2631,2631,2,CC=F,Yahoo chart API continuous-futures proxy
2019-12-04,2630,2630,2630,2612,2612,8,CC=F,Yahoo chart API continuous-futures proxy
2019-12-05,2600,2667,2600,2645,2645,2,CC=F,Yahoo chart API continuous-futures proxy
2019-12-06,2652,2652,2652,2652,2652,1,CC=F,Yahoo chart API continuous-futures proxy
2019-12-09,2646,2646,2646,2646,2646,0,CC=F,Yahoo chart API continuous-futures proxy
2019-12-10,2646,2646,2629,2673,2673,2,CC=F,Yahoo chart API continuous-futures proxy
2019-12-11,2656,2656,2656,2656,2656,0,CC=F,Yahoo chart API continuous-futures proxy
2019-12-12,2609,2609,2609,2609,2609,0,CC=F,Yahoo chart API continuous-futures proxy
2019-12-13,2660,2660,2660,2660,2660,15969,CC=F,Yahoo chart API continuous-futures proxy
2019-12-16,2556,2612,2542,2545,2545,22155,CC=F,Yahoo chart API continuous-futures proxy
2019-12-17,2531,2555,2515,2534,2534,17925,CC=F,Yahoo chart API continuous-futures proxy
2019-12-18,2528,2549,2483,2506,2506,20358,CC=F,Yahoo chart API continuous-futures proxy
2019-12-19,2506,2516,2426,2435,2435,28035,CC=F,Yahoo chart API continuous-futures proxy
2019-12-20,2434,2440,2405,2417,2417,23317,CC=F,Yahoo chart API continuous-futures proxy
2019-12-23,2409,2428,2388,2427,2427,22919,CC=F,Yahoo chart API continuous-futures proxy
2019-12-24,2425,2450,2403,2443,2443,13235,CC=F,Yahoo chart API continuous-futures proxy
2019-12-26,2431,2441,2397,2405,2405,8809,CC=F,Yahoo chart API continuous-futures proxy
2019-12-27,2413,2516,2413,2497,2497,27076,CC=F,Yahoo chart API continuous-futures proxy
2019-12-30,2484,2505,2458,2463,2463,17398,CC=F,Yahoo chart API continuous-futures proxy
2019-12-31,2465,2545,2465,2540,2540,19756,CC=F,Yahoo chart API continuous-futures proxy
2020-01-02,2524,2565,2506,2532,2532,23966,CC=F,Yahoo chart API continuous-futures proxy
2020-01-03,2534,2576,2516,2519,2519,16723,CC=F,Yahoo chart API continuous-futures proxy
2020-01-06,2515,2518,2467,2484,2484,15577,CC=F,Yahoo chart API continuous-futures proxy
2020-01-07,2490,2549,2477,2533,2533,17979,CC=F,Yahoo chart API continuous-futures proxy
2020-01-08,2530,2535,2497,2501,2501,13837,CC=F,Yahoo chart API continuous-futures proxy
2020-01-09,2496,2563,2496,2554,2554,16924,CC=F,Yahoo chart API continuous-futures proxy
2020-01-10,2563,2610,2556,2589,2589,21537,CC=F,Yahoo chart API continuous-futures proxy
2020-01-13,2596,2600,2557,2583,2583,18971,CC=F,Yahoo chart API continuous-futures proxy
2020-01-14,2618,2668,2605,2655,2655,22593,CC=F,Yahoo chart API continuous-futures proxy
2020-01-15,2664,2722,2644,2689,2689,24254,CC=F,Yahoo chart API continuous-futures proxy
2020-01-16,2712,2729,2693,2712,2712,25399,CC=F,Yahoo chart API continuous-futures proxy
2020-01-17,2699,2808,2682,2797,2797,29518,CC=F,Yahoo chart API continuous-futures proxy
2020-01-21,2804,2829,2776,2818,2818,22556,CC=F,Yahoo chart API continuous-futures proxy
2020-01-22,2819,2859,2789,2803,2803,19306,CC=F,Yahoo chart API continuous-futures proxy
2020-01-23,2792,2798,2762,2771,2771,17735,CC=F,Yahoo chart API continuous-futures proxy
2020-01-24,2783,2792,2729,2733,2733,19016,CC=F,Yahoo chart API continuous-futures proxy
2020-01-27,2730,2776,2697,2734,2734,23341,CC=F,Yahoo chart API continuous-futures proxy
2020-01-28,2739,2767,2680,2703,2703,20724,CC=F,Yahoo chart API continuous-futures proxy
2020-01-29,2703,2743,2673,2727,2727,16992,CC=F,Yahoo chart API continuous-futures proxy
2020-01-30,2745,2826,2741,2801,2801,24487,CC=F,Yahoo chart API continuous-futures proxy
2020-01-31,2790,2810,2763,2777,2777,24356,CC=F,Yahoo chart API continuous-futures proxy
2020-02-03,2753,2777,2711,2734,2734,32020,CC=F,Yahoo chart API continuous-futures proxy
2020-02-04,2731,2772,2717,2757,2757,21701,CC=F,Yahoo chart API continuous-futures proxy
2020-02-05,2764,2812,2758,2790,2790,26605,CC=F,Yahoo chart API continuous-futures proxy
2020-02-06,2789,2863,2760,2849,2849,28819,CC=F,Yahoo chart API continuous-futures proxy
2020-02-07,2860,2927,2860,2900,2900,36858,CC=F,Yahoo chart API continuous-futures proxy
2020-02-10,2901,2947,2890,2940,2940,23193,CC=F,Yahoo chart API continuous-futures proxy
2020-02-11,2913,2994,2906,2918,2918,14396,CC=F,Yahoo chart API continuous-futures proxy
2020-02-12,2933,2970,2879,2904,2904,7827,CC=F,Yahoo chart API continuous-futures proxy
2020-02-13,2897,2998,2886,2988,2988,4733,CC=F,Yahoo chart API continuous-futures proxy
2020-02-14,2988,2992,2885,2904,2904,141,CC=F,Yahoo chart API continuous-futures proxy
2020-02-18,2930,2930,2900,2900,2900,11,CC=F,Yahoo chart API continuous-futures proxy
2020-02-19,2935,2935,2935,2925,2925,4,CC=F,Yahoo chart API continuous-futures proxy
2020-02-20,2925,2925,2925,2939,2939,8,CC=F,Yahoo chart API continuous-futures proxy
2020-02-21,2933,2933,2930,2922,2922,13,CC=F,Yahoo chart API continuous-futures proxy
2020-02-24,2883,2883,2883,2883,2883,2,CC=F,Yahoo chart API continuous-futures proxy
2020-02-25,2888,2888,2888,2888,2888,0,CC=F,Yahoo chart API continuous-futures proxy
2020-02-26,2830,2830,2830,2828,2828,10,CC=F,Yahoo chart API continuous-futures proxy
2020-02-27,2833,2833,2833,2833,2833,1,CC=F,Yahoo chart API continuous-futures proxy
2020-02-28,2760,2760,2760,2760,2760,0,CC=F,Yahoo chart API continuous-futures proxy
2020-03-02,2748,2748,2748,2748,2748,0,CC=F,Yahoo chart API continuous-futures proxy
2020-03-03,2712,2712,2712,2740,2740,3,CC=F,Yahoo chart API continuous-futures proxy
2020-03-04,2713,2713,2713,2713,2713,0,CC=F,Yahoo chart API continuous-futures proxy
2020-03-05,2684,2684,2684,2684,2684,0,CC=F,Yahoo chart API continuous-futures proxy
2020-03-06,2752,2752,2749,2702,2702,7,CC=F,Yahoo chart API continuous-futures proxy
2020-03-09,2687,2687,2687,2686,2686,1,CC=F,Yahoo chart API continuous-futures proxy
2020-03-10,2718,2718,2718,2718,2718,0,CC=F,Yahoo chart API continuous-futures proxy
2020-03-11,2800,2800,2786,2766,2766,3,CC=F,Yahoo chart API continuous-futures proxy
2020-03-12,2636,2636,2636,2636,2636,0,CC=F,Yahoo chart API continuous-futures proxy
2020-03-13,2676,2676,2500,2482,2482,4,CC=F,Yahoo chart API continuous-futures proxy
2020-03-16,2388,2388,2388,2388,2388,34560,CC=F,Yahoo chart API continuous-futures proxy
2020-03-17,2315,2325,2249,2318,2318,35997,CC=F,Yahoo chart API continuous-futures proxy
2020-03-18,2318,2364,2271,2284,2284,27128,CC=F,Yahoo chart API continuous-futures proxy
2020-03-19,2242,2268,2204,2216,2216,30445,CC=F,Yahoo chart API continuous-futures proxy
2020-03-20,2241,2271,2183,2230,2230,27298,CC=F,Yahoo chart API continuous-futures proxy
2020-03-23,2202,2268,2198,2257,2257,18098,CC=F,Yahoo chart API continuous-futures proxy
2020-03-24,2276,2299,2239,2275,2275,18253,CC=F,Yahoo chart API continuous-futures proxy
2020-03-25,2300,2310,2236,2248,2248,14594,CC=F,Yahoo chart API continuous-futures proxy
2020-03-26,2248,2264,2211,2255,2255,13804,CC=F,Yahoo chart API continuous-futures proxy
2020-03-27,2252,2268,2229,2257,2257,13400,CC=F,Yahoo chart API continuous-futures proxy
2020-03-30,2242,2301,2242,2265,2265,15668,CC=F,Yahoo chart API continuous-futures proxy
2020-03-31,2257,2267,2227,2249,2249,14106,CC=F,Yahoo chart API continuous-futures proxy
2020-04-01,2234,2248,2215,2227,2227,11954,CC=F,Yahoo chart API continuous-futures proxy
2020-04-02,2253,2289,2229,2285,2285,16297,CC=F,Yahoo chart API continuous-futures proxy
2020-04-03,2269,2299,2243,2264,2264,12944,CC=F,Yahoo chart API continuous-futures proxy
2020-04-06,2284,2392,2267,2366,2366,18776,CC=F,Yahoo chart API continuous-futures proxy
2020-04-07,2392,2428,2375,2410,2410,18963,CC=F,Yahoo chart API continuous-futures proxy
2020-04-08,2402,2412,2371,2379,2379,9268,CC=F,Yahoo chart API continuous-futures proxy
2020-04-09,2385,2392,2297,2305,2305,8552,CC=F,Yahoo chart API continuous-futures proxy
2020-04-13,2308,2322,2244,2253,2253,4921,CC=F,Yahoo chart API continuous-futures proxy
2020-04-14,2258,2283,2252,2265,2265,6293,CC=F,Yahoo chart API continuous-futures proxy
2020-04-15,2246,2246,2190,2205,2205,3725,CC=F,Yahoo chart API continuous-futures proxy
2020-04-16,2219,2243,2202,2235,2235,1145,CC=F,Yahoo chart API continuous-futures proxy
2020-04-17,2296,2377,2296,2379,2379,58,CC=F,Yahoo chart API continuous-futures proxy
2020-04-20,2304,2320,2284,2338,2338,69,CC=F,Yahoo chart API continuous-futures proxy
2020-04-21,2365,2365,2365,2298,2298,1,CC=F,Yahoo chart API continuous-futures proxy
2020-04-22,2355,2355,2355,2355,2355,0,CC=F,Yahoo chart API continuous-futures proxy
2020-04-23,2343,2343,2343,2343,2343,0,CC=F,Yahoo chart API continuous-futures proxy
2020-04-24,2340,2340,2340,2341,2341,2,CC=F,Yahoo chart API continuous-futures proxy
2020-04-27,2339,2372,2339,2348,2348,4,CC=F,Yahoo chart API continuous-futures proxy
2020-04-28,2360,2360,2360,2360,2360,0,CC=F,Yahoo chart API continuous-futures proxy
2020-04-29,2395,2395,2395,2395,2395,0,CC=F,Yahoo chart API continuous-futures proxy
2020-04-30,2432,2432,2432,2432,2432,0,CC=F,Yahoo chart API continuous-futures proxy
2020-05-01,2420,2420,2420,2420,2420,0,CC=F,Yahoo chart API continuous-futures proxy
2020-05-04,2405,2405,2405,2405,2405,0,CC=F,Yahoo chart API continuous-futures proxy
2020-05-05,2396,2396,2396,2396,2396,0,CC=F,Yahoo chart API continuous-futures proxy
2020-05-06,2381,2381,2381,2381,2381,0,CC=F,Yahoo chart API continuous-futures proxy
2020-05-07,2399,2399,2399,2399,2399,0,CC=F,Yahoo chart API continuous-futures proxy
2020-05-08,2418,2418,2418,2418,2418,0,CC=F,Yahoo chart API continuous-futures proxy
2020-05-11,2481,2481,2481,2481,2481,0,CC=F,Yahoo chart API continuous-futures proxy
2020-05-12,2420,2420,2420,2420,2420,0,CC=F,Yahoo chart API continuous-futures proxy
2020-05-13,2474,2474,2474,2474,2474,17534,CC=F,Yahoo chart API continuous-futures proxy
2020-05-14,2460,2470,2405,2413,2413,12082,CC=F,Yahoo chart API continuous-futures proxy
2020-05-15,2428,2433,2383,2399,2399,8506,CC=F,Yahoo chart API continuous-futures proxy
2020-05-18,2393,2416,2376,2404,2404,8502,CC=F,Yahoo chart API continuous-futures proxy
2020-05-19,2401,2445,2392,2435,2435,7914,CC=F,Yahoo chart API continuous-futures proxy
2020-05-20,2430,2461,2393,2401,2401,11534,CC=F,Yahoo chart API continuous-futures proxy
2020-05-21,2397,2411,2326,2340,2340,18245,CC=F,Yahoo chart API continuous-futures proxy
2020-05-22,2330,2406,2318,2394,2394,0,CC=F,Yahoo chart API continuous-futures proxy
2020-05-26,2393,2448,2391,2394,2394,20819,CC=F,Yahoo chart API continuous-futures proxy
2020-05-27,2401,2412,2343,2363,2363,14676,CC=F,Yahoo chart API continuous-futures proxy
2020-05-28,2349,2435,2346,2429,2429,16527,CC=F,Yahoo chart API continuous-futures proxy
2020-05-29,2425,2463,2392,2454,2454,20256,CC=F,Yahoo chart API continuous-futures proxy
2020-06-01,2444,2509,2435,2493,2493,20172,CC=F,Yahoo chart API continuous-futures proxy
2020-06-02,2497,2502,2395,2402,2402,24633,CC=F,Yahoo chart API continuous-futures proxy
2020-06-03,2412,2433,2372,2395,2395,15085,CC=F,Yahoo chart API continuous-futures proxy
2020-06-04,2400,2430,2385,2396,2396,12967,CC=F,Yahoo chart API continuous-futures proxy
2020-06-05,2414,2425,2396,2398,2398,18683,CC=F,Yahoo chart API continuous-futures proxy
2020-06-08,2395,2432,2383,2413,2413,16008,CC=F,Yahoo chart API continuous-futures proxy
2020-06-09,2416,2508,2405,2484,2484,23490,CC=F,Yahoo chart API continuous-futures proxy
2020-06-10,2490,2493,2447,2470,2470,9825,CC=F,Yahoo chart API continuous-futures proxy
2020-06-11,2449,2449,2351,2362,2362,8584,CC=F,Yahoo chart API continuous-futures proxy
2020-06-12,2365,2421,2354,2396,2396,3844,CC=F,Yahoo chart API continuous-futures proxy
2020-06-15,2379,2380,2316,2355,2355,3402,CC=F,Yahoo chart API continuous-futures proxy
2020-06-16,2380,2421,2307,2360,2360,1705,CC=F,Yahoo chart API continuous-futures proxy
2020-06-17,2392,2396,2382,2379,2379,8,CC=F,Yahoo chart API continuous-futures proxy
2020-06-18,2419,2419,2419,2419,2419,0,CC=F,Yahoo chart API continuous-futures proxy
2020-06-19,2435,2435,2301,2387,2387,6,CC=F,Yahoo chart API continuous-futures proxy
2020-06-22,2405,2405,2405,2405,2405,0,CC=F,Yahoo chart API continuous-futures proxy
2020-06-23,2425,2425,2425,2425,2425,0,CC=F,Yahoo chart API continuous-futures proxy
2020-06-24,2441,2441,2441,2441,2441,0,CC=F,Yahoo chart API continuous-futures proxy
2020-06-25,2521,2521,2521,2521,2521,0,CC=F,Yahoo chart API continuous-futures proxy
2020-06-26,2352,2352,2352,2352,2352,202,CC=F,Yahoo chart API continuous-futures proxy
2020-06-29,2313,2313,2313,2313,2313,0,CC=F,Yahoo chart API continuous-futures proxy
2020-06-30,2251,2251,2251,2251,2251,0,CC=F,Yahoo chart API continuous-futures proxy
2020-07-01,2209,2209,2209,2209,2209,1,CC=F,Yahoo chart API continuous-futures proxy
2020-07-02,2214,2214,2214,2214,2214,0,CC=F,Yahoo chart API continuous-futures proxy
2020-07-06,2187,2187,2187,2187,2187,0,CC=F,Yahoo chart API continuous-futures proxy
2020-07-07,2217,2217,2217,2217,2217,0,CC=F,Yahoo chart API continuous-futures proxy
2020-07-08,2250,2250,2250,2221,2221,3,CC=F,Yahoo chart API continuous-futures proxy
2020-07-09,2267,2267,2267,2267,2267,0,CC=F,Yahoo chart API continuous-futures proxy
2020-07-10,2278,2278,2278,2278,2278,0,CC=F,Yahoo chart API continuous-futures proxy
2020-07-13,2311,2311,2311,2311,2311,0,CC=F,Yahoo chart API continuous-futures proxy
2020-07-14,2273,2273,2273,2273,2273,0,CC=F,Yahoo chart API continuous-futures proxy
2020-07-15,2253,2253,2253,2253,2253,0,CC=F,Yahoo chart API continuous-futures proxy
2020-07-16,2279,2279,2279,2279,2279,12624,CC=F,Yahoo chart API continuous-futures proxy
2020-07-17,2169,2212,2157,2160,2160,13169,CC=F,Yahoo chart API continuous-futures proxy
2020-07-20,2162,2226,2137,2219,2219,21834,CC=F,Yahoo chart API continuous-futures proxy
2020-07-21,2215,2258,2173,2176,2176,20076,CC=F,Yahoo chart API continuous-futures proxy
2020-07-22,2186,2219,2164,2205,2205,9329,CC=F,Yahoo chart API continuous-futures proxy
2020-07-23,2210,2229,2176,2202,2202,10788,CC=F,Yahoo chart API continuous-futures proxy
2020-07-24,2190,2250,2188,2224,2224,13654,CC=F,Yahoo chart API continuous-futures proxy
2020-07-27,2229,2301,2228,2286,2286,18753,CC=F,Yahoo chart API continuous-futures proxy
2020-07-28,2294,2307,2254,2291,2291,13486,CC=F,Yahoo chart API continuous-futures proxy
2020-07-29,2300,2365,2299,2341,2341,19208,CC=F,Yahoo chart API continuous-futures proxy
2020-07-30,2329,2394,2329,2344,2344,20244,CC=F,Yahoo chart API continuous-futures proxy
2020-07-31,2371,2419,2358,2400,2400,19622,CC=F,Yahoo chart API continuous-futures proxy
2020-08-03,2404,2481,2396,2469,2469,27375,CC=F,Yahoo chart API continuous-futures proxy
2020-08-04,2471,2485,2438,2449,2449,21494,CC=F,Yahoo chart API continuous-futures proxy
2020-08-05,2454,2498,2448,2481,2481,21640,CC=F,Yahoo chart API continuous-futures proxy
2020-08-06,2481,2545,2478,2510,2510,26502,CC=F,Yahoo chart API continuous-futures proxy
2020-08-07,2533,2552,2508,2546,2546,21719,CC=F,Yahoo chart API continuous-futures proxy
2020-08-10,2543,2559,2471,2495,2495,18446,CC=F,Yahoo chart API continuous-futures proxy
2020-08-11,2472,2478,2427,2458,2458,16025,CC=F,Yahoo chart API continuous-futures proxy
2020-08-12,2451,2494,2451,2479,2479,7570,CC=F,Yahoo chart API continuous-futures proxy
2020-08-13,2470,2506,2465,2487,2487,6006,CC=F,Yahoo chart API continuous-futures proxy
2020-08-14,2498,2538,2434,2436,2436,11547,CC=F,Yahoo chart API continuous-futures proxy
2020-08-17,2432,2446,2397,2421,2421,2912,CC=F,Yahoo chart API continuous-futures proxy
2020-08-18,2410,2499,2403,2476,2476,15,CC=F,Yahoo chart API continuous-futures proxy
2020-08-19,2493,2493,2442,2446,2446,24,CC=F,Yahoo chart API continuous-futures proxy
2020-08-20,2448,2491,2402,2440,2440,16,CC=F,Yahoo chart API continuous-futures proxy
2020-08-21,2420,2469,2420,2459,2459,519,CC=F,Yahoo chart API continuous-futures proxy
2020-08-24,2509,2509,2509,2509,2509,0,CC=F,Yahoo chart API continuous-futures proxy
2020-08-25,2537,2537,2537,2537,2537,15,CC=F,Yahoo chart API continuous-futures proxy
2020-08-26,2526,2526,2526,2526,2526,0,CC=F,Yahoo chart API continuous-futures proxy
2020-08-27,2589,2589,2589,2589,2589,0,CC=F,Yahoo chart API continuous-futures proxy
2020-08-28,2680,2681,2680,2692,2692,24,CC=F,Yahoo chart API continuous-futures proxy
2020-08-31,2722,2731,2722,2723,2723,17,CC=F,Yahoo chart API continuous-futures proxy
2020-09-01,2735,2735,2735,2735,2735,0,CC=F,Yahoo chart API continuous-futures proxy
2020-09-02,2750,2750,2750,2750,2750,3,CC=F,Yahoo chart API continuous-futures proxy
2020-09-03,2703,2703,2703,2703,2703,0,CC=F,Yahoo chart API continuous-futures proxy
2020-09-04,2664,2664,2664,2664,2664,0,CC=F,Yahoo chart API continuous-futures proxy
2020-09-08,2624,2624,2624,2624,2624,0,CC=F,Yahoo chart API continuous-futures proxy
2020-09-09,2664,2664,2664,2631,2631,2,CC=F,Yahoo chart API continuous-futures proxy
2020-09-10,2606,2606,2606,2606,2606,0,CC=F,Yahoo chart API continuous-futures proxy
2020-09-11,2627,2627,2627,2620,2620,2,CC=F,Yahoo chart API continuous-futures proxy
2020-09-14,2628,2628,2628,2628,2628,0,CC=F,Yahoo chart API continuous-futures proxy
2020-09-15,2766,2766,2766,2766,2766,35168,CC=F,Yahoo chart API continuous-futures proxy
2020-09-16,2689,2695,2592,2602,2602,24393,CC=F,Yahoo chart API continuous-futures proxy
2020-09-17,2600,2678,2577,2600,2600,16424,CC=F,Yahoo chart API continuous-futures proxy
2020-09-18,2618,2671,2614,2641,2641,14848,CC=F,Yahoo chart API continuous-futures proxy
2020-09-21,2654,2707,2608,2629,2629,18315,CC=F,Yahoo chart API continuous-futures proxy
2020-09-22,2643,2649,2547,2556,2556,17211,CC=F,Yahoo chart API continuous-futures proxy
2020-09-23,2553,2598,2542,2580,2580,13939,CC=F,Yahoo chart API continuous-futures proxy
2020-09-24,2577,2643,2575,2599,2599,13267,CC=F,Yahoo chart API continuous-futures proxy
2020-09-25,2617,2624,2548,2568,2568,13443,CC=F,Yahoo chart API continuous-futures proxy
2020-09-28,2579,2640,2576,2587,2587,14832,CC=F,Yahoo chart API continuous-futures proxy
2020-09-29,2581,2599,2542,2588,2588,14129,CC=F,Yahoo chart API continuous-futures proxy
2020-09-30,2589,2615,2527,2546,2546,15535,CC=F,Yahoo chart API continuous-futures proxy
2020-10-01,2526,2527,2461,2508,2508,28730,CC=F,Yahoo chart API continuous-futures proxy
2020-10-02,2480,2505,2442,2482,2482,20761,CC=F,Yahoo chart API continuous-futures proxy
2020-10-05,2469,2498,2445,2459,2459,20220,CC=F,Yahoo chart API continuous-futures proxy
2020-10-06,2465,2473,2419,2437,2437,17157,CC=F,Yahoo chart API continuous-futures proxy
2020-10-07,2425,2467,2414,2452,2452,14505,CC=F,Yahoo chart API continuous-futures proxy
2020-10-08,2465,2492,2454,2473,2473,14408,CC=F,Yahoo chart API continuous-futures proxy
2020-10-09,2472,2473,2409,2432,2432,15058,CC=F,Yahoo chart API continuous-futures proxy
2020-10-12,2432,2453,2416,2444,2444,12560,CC=F,Yahoo chart API continuous-futures proxy
2020-10-13,2426,2439,2371,2381,2381,24753,CC=F,Yahoo chart API continuous-futures proxy
2020-10-14,2378,2410,2360,2391,2391,19077,CC=F,Yahoo chart API continuous-futures proxy
2020-10-15,2390,2392,2331,2343,2343,19245,CC=F,Yahoo chart API continuous-futures proxy
2020-10-16,2338,2371,2332,2361,2361,14889,CC=F,Yahoo chart API continuous-futures proxy
2020-10-19,2373,2437,2372,2425,2425,15222,CC=F,Yahoo chart API continuous-futures proxy
2020-10-20,2418,2420,2372,2382,2382,12335,CC=F,Yahoo chart API continuous-futures proxy
2020-10-21,2405,2459,2388,2427,2427,12830,CC=F,Yahoo chart API continuous-futures proxy
2020-10-22,2426,2476,2423,2474,2474,9780,CC=F,Yahoo chart API continuous-futures proxy
2020-10-23,2487,2510,2469,2479,2479,12821,CC=F,Yahoo chart API continuous-futures proxy
2020-10-26,2485,2520,2463,2497,2497,16713,CC=F,Yahoo chart API continuous-futures proxy
2020-10-27,2495,2509,2427,2452,2452,14133,CC=F,Yahoo chart API continuous-futures proxy
2020-10-28,2407,2413,2362,2376,2376,16261,CC=F,Yahoo chart API continuous-futures proxy
2020-10-29,2380,2386,2334,2339,2339,16328,CC=F,Yahoo chart API continuous-futures proxy
2020-10-30,2348,2354,2280,2293,2293,18134,CC=F,Yahoo chart API continuous-futures proxy
2020-11-02,2271,2284,2237,2257,2257,21164,CC=F,Yahoo chart API continuous-futures proxy
2020-11-03,2260,2295,2248,2290,2290,18691,CC=F,Yahoo chart API continuous-futures proxy
2020-11-04,2273,2289,2247,2276,2276,13220,CC=F,Yahoo chart API continuous-futures proxy
2020-11-05,2289,2318,2268,2312,2312,13723,CC=F,Yahoo chart API continuous-futures proxy
2020-11-06,2319,2345,2305,2333,2333,13788,CC=F,Yahoo chart API continuous-futures proxy
2020-11-09,2341,2424,2330,2390,2390,14529,CC=F,Yahoo chart API continuous-futures proxy
2020-11-10,2398,2419,2332,2339,2339,10502,CC=F,Yahoo chart API continuous-futures proxy
2020-11-11,2365,2388,2344,2353,2353,6895,CC=F,Yahoo chart API continuous-futures proxy
2020-11-12,2350,2350,2315,2340,2340,6613,CC=F,Yahoo chart API continuous-futures proxy
2020-11-13,2318,2652,2316,2365,2365,7079,CC=F,Yahoo chart API continuous-futures proxy
2020-11-16,2439,2650,2438,2653,2653,49,CC=F,Yahoo chart API continuous-futures proxy
2020-11-17,2768,2768,2768,2768,2768,2603,CC=F,Yahoo chart API continuous-futures proxy
2020-11-18,2831,2831,2831,2831,2831,94,CC=F,Yahoo chart API continuous-futures proxy
2020-11-19,2915,2915,2915,2915,2915,9,CC=F,Yahoo chart API continuous-futures proxy
2020-11-20,2962,2962,2962,2962,2962,830,CC=F,Yahoo chart API continuous-futures proxy
2020-11-23,3022,3022,3022,3022,3022,15,CC=F,Yahoo chart API continuous-futures proxy
2020-11-24,3054,3054,3054,3054,3054,0,CC=F,Yahoo chart API continuous-futures proxy
2020-11-25,2993,2993,2993,2993,2993,8,CC=F,Yahoo chart API continuous-futures proxy
2020-11-27,3035,3035,3035,3035,3035,0,CC=F,Yahoo chart API continuous-futures proxy
2020-11-30,3008,3008,3008,3008,3008,0,CC=F,Yahoo chart API continuous-futures proxy
2020-12-01,2960,2960,2960,2960,2960,0,CC=F,Yahoo chart API continuous-futures proxy
2020-12-02,2907,2907,2907,2907,2907,0,CC=F,Yahoo chart API continuous-futures proxy
2020-12-03,2897,2897,2897,2897,2897,0,CC=F,Yahoo chart API continuous-futures proxy
2020-12-04,2870,2870,2870,2878,2878,1,CC=F,Yahoo chart API continuous-futures proxy
2020-12-07,2836,2836,2836,2836,2836,0,CC=F,Yahoo chart API continuous-futures proxy
2020-12-08,2700,2700,2684,2700,2700,3,CC=F,Yahoo chart API continuous-futures proxy
2020-12-09,2674,2674,2674,2674,2674,0,CC=F,Yahoo chart API continuous-futures proxy
2020-12-10,2692,2692,2692,2692,2692,1,CC=F,Yahoo chart API continuous-futures proxy
2020-12-11,2747,2747,2747,2747,2747,0,CC=F,Yahoo chart API continuous-futures proxy
2020-12-14,2713,2713,2713,2713,2713,0,CC=F,Yahoo chart API continuous-futures proxy
2020-12-15,2665,2665,2665,2665,2665,15954,CC=F,Yahoo chart API continuous-futures proxy
2020-12-16,2556,2558,2506,2517,2517,14198,CC=F,Yahoo chart API continuous-futures proxy
2020-12-17,2537,2562,2511,2541,2541,13736,CC=F,Yahoo chart API continuous-futures proxy
2020-12-18,2541,2554,2492,2506,2506,14133,CC=F,Yahoo chart API continuous-futures proxy
2020-12-21,2475,2577,2439,2555,2555,25936,CC=F,Yahoo chart API continuous-futures proxy
2020-12-22,2579,2579,2504,2535,2535,18740,CC=F,Yahoo chart API continuous-futures proxy
2020-12-23,2530,2575,2524,2557,2557,13932,CC=F,Yahoo chart API continuous-futures proxy
2020-12-24,2561,2600,2532,2593,2593,6352,CC=F,Yahoo chart API continuous-futures proxy
2020-12-28,2599,2604,2550,2560,2560,5906,CC=F,Yahoo chart API continuous-futures proxy
2020-12-29,2556,2558,2495,2507,2507,14669,CC=F,Yahoo chart API continuous-futures proxy
2020-12-30,2503,2607,2499,2597,2597,19037,CC=F,Yahoo chart API continuous-futures proxy
2020-12-31,2611,2624,2553,2603,2603,11951,CC=F,Yahoo chart API continuous-futures proxy
2021-01-04,2624,2661,2542,2552,2552,25426,CC=F,Yahoo chart API continuous-futures proxy
2021-01-05,2540,2542,2495,2514,2514,17025,CC=F,Yahoo chart API continuous-futures proxy
2021-01-06,2514,2537,2471,2486,2486,16193,CC=F,Yahoo chart API continuous-futures proxy
2021-01-07,2480,2551,2468,2547,2547,22080,CC=F,Yahoo chart API continuous-futures proxy
2021-01-08,2543,2564,2500,2516,2516,14169,CC=F,Yahoo chart API continuous-futures proxy
2021-01-11,2499,2516,2471,2480,2480,14899,CC=F,Yahoo chart API continuous-futures proxy
2021-01-12,2488,2516,2479,2498,2498,12939,CC=F,Yahoo chart API continuous-futures proxy
2021-01-13,2498,2538,2486,2499,2499,15200,CC=F,Yahoo chart API continuous-futures proxy
2021-01-14,2494,2518,2463,2500,2500,16723,CC=F,Yahoo chart API continuous-futures proxy
2021-01-15,2534,2559,2512,2527,2527,14749,CC=F,Yahoo chart API continuous-futures proxy
2021-01-19,2546,2605,2521,2590,2590,24116,CC=F,Yahoo chart API continuous-futures proxy
2021-01-20,2599,2624,2556,2569,2569,20172,CC=F,Yahoo chart API continuous-futures proxy
2021-01-21,2573,2573,2537,2550,2550,14201,CC=F,Yahoo chart API continuous-futures proxy
2021-01-22,2536,2537,2483,2529,2529,19706,CC=F,Yahoo chart API continuous-futures proxy
2021-01-25,2518,2525,2490,2508,2508,18154,CC=F,Yahoo chart API continuous-futures proxy
2021-01-26,2502,2555,2489,2545,2545,19921,CC=F,Yahoo chart API continuous-futures proxy
2021-01-27,2560,2597,2498,2504,2504,18018,CC=F,Yahoo chart API continuous-futures proxy
2021-01-28,2491,2530,2478,2510,2510,15995,CC=F,Yahoo chart API continuous-futures proxy
2021-01-29,2505,2545,2500,2531,2531,14566,CC=F,Yahoo chart API continuous-futures proxy
2021-02-01,2535,2569,2501,2547,2547,15775,CC=F,Yahoo chart API continuous-futures proxy
2021-02-02,2548,2622,2542,2599,2599,35418,CC=F,Yahoo chart API continuous-futures proxy
2021-02-03,2582,2589,2520,2527,2527,21335,CC=F,Yahoo chart API continuous-futures proxy
2021-02-04,2526,2565,2521,2532,2532,17416,CC=F,Yahoo chart API continuous-futures proxy
2021-02-05,2539,2618,2533,2587,2587,24891,CC=F,Yahoo chart API continuous-futures proxy
2021-02-08,2597,2614,2555,2577,2577,16741,CC=F,Yahoo chart API continuous-futures proxy
2021-02-09,2590,2629,2575,2581,2581,13103,CC=F,Yahoo chart API continuous-futures proxy
2021-02-10,2600,2707,2599,2677,2677,10874,CC=F,Yahoo chart API continuous-futures proxy
2021-02-11,2686,2700,2423,2449,2449,3442,CC=F,Yahoo chart API continuous-futures proxy
2021-02-12,2478,2529,2471,2503,2503,85,CC=F,Yahoo chart API continuous-futures proxy
2021-02-16,2498,2498,2498,2498,2498,1,CC=F,Yahoo chart API continuous-futures proxy
2021-02-17,2445,2457,2445,2447,2447,30,CC=F,Yahoo chart API continuous-futures proxy
2021-02-18,2560,2560,2558,2552,2552,56,CC=F,Yahoo chart API continuous-futures proxy
2021-02-19,2535,2535,2535,2535,2535,62,CC=F,Yahoo chart API continuous-futures proxy
2021-02-22,2582,2582,2582,2582,2582,0,CC=F,Yahoo chart API continuous-futures proxy
2021-02-23,2596,2596,2596,2596,2596,97,CC=F,Yahoo chart API continuous-futures proxy
2021-02-24,2650,2650,2650,2650,2650,0,CC=F,Yahoo chart API continuous-futures proxy
2021-02-25,2705,2705,2705,2705,2705,0,CC=F,Yahoo chart API continuous-futures proxy
2021-02-26,2701,2701,2701,2701,2701,0,CC=F,Yahoo chart API continuous-futures proxy
2021-03-01,2736,2736,2736,2736,2736,0,CC=F,Yahoo chart API continuous-futures proxy
2021-03-02,2742,2742,2742,2742,2742,0,CC=F,Yahoo chart API continuous-futures proxy
2021-03-03,2754,2754,2754,2754,2754,0,CC=F,Yahoo chart API continuous-futures proxy
2021-03-04,2639,2640,2635,2785,2785,22,CC=F,Yahoo chart API continuous-futures proxy
2021-03-05,2706,2706,2706,2706,2706,0,CC=F,Yahoo chart API continuous-futures proxy
2021-03-08,2693,2693,2693,2693,2693,0,CC=F,Yahoo chart API continuous-futures proxy
2021-03-09,2713,2713,2713,2713,2713,0,CC=F,Yahoo chart API continuous-futures proxy
2021-03-10,2727,2727,2727,2733,2733,28,CC=F,Yahoo chart API continuous-futures proxy
2021-03-11,2753,2753,2753,2753,2753,0,CC=F,Yahoo chart API continuous-futures proxy
2021-03-12,2574,2574,2574,2574,2574,87,CC=F,Yahoo chart API continuous-futures proxy
2021-03-15,2610,2610,2610,2590,2590,4,CC=F,Yahoo chart API continuous-futures proxy
2021-03-16,2595,2595,1900,2512,2512,14042,CC=F,Yahoo chart API continuous-futures proxy
2021-03-17,2530,2533,2505,2521,2521,12332,CC=F,Yahoo chart API continuous-futures proxy
2021-03-18,2529,2559,2525,2542,2542,13600,CC=F,Yahoo chart API continuous-futures proxy
2021-03-19,2542,2542,2465,2493,2493,18857,CC=F,Yahoo chart API continuous-futures proxy
2021-03-22,2484,2513,2466,2505,2505,10611,CC=F,Yahoo chart API continuous-futures proxy
2021-03-23,2506,2511,2443,2447,2447,17807,CC=F,Yahoo chart API continuous-futures proxy
2021-03-24,2445,2454,2415,2435,2435,17815,CC=F,Yahoo chart API continuous-futures proxy
2021-03-25,2428,2481,2423,2456,2456,18620,CC=F,Yahoo chart API continuous-futures proxy
2021-03-26,2470,2474,2437,2458,2458,13731,CC=F,Yahoo chart API continuous-futures proxy
2021-03-29,2444,2476,2423,2436,2436,16433,CC=F,Yahoo chart API continuous-futures proxy
2021-03-30,2429,2441,2336,2347,2347,32833,CC=F,Yahoo chart API continuous-futures proxy
2021-03-31,2354,2373,2340,2348,2348,19070,CC=F,Yahoo chart API continuous-futures proxy
2021-04-01,2361,2414,2352,2392,2392,29922,CC=F,Yahoo chart API continuous-futures proxy
2021-04-05,2385,2427,2332,2336,2336,19115,CC=F,Yahoo chart API continuous-futures proxy
2021-04-06,2361,2418,2352,2406,2406,26688,CC=F,Yahoo chart API continuous-futures proxy
2021-04-07,2403,2404,2363,2389,2389,16364,CC=F,Yahoo chart API continuous-futures proxy
2021-04-08,2393,2412,2349,2355,2355,17731,CC=F,Yahoo chart API continuous-futures proxy
2021-04-09,2351,2366,2324,2354,2354,12414,CC=F,Yahoo chart API continuous-futures proxy
2021-04-12,2350,2386,2336,2367,2367,11257,CC=F,Yahoo chart API continuous-futures proxy
2021-04-13,2377,2419,2377,2408,2408,7565,CC=F,Yahoo chart API continuous-futures proxy
2021-04-14,2396,2423,2396,2421,2421,5607,CC=F,Yahoo chart API continuous-futures proxy
2021-04-15,2416,2445,2405,2413,2413,9449,CC=F,Yahoo chart API continuous-futures proxy
2021-04-16,2413,2436,2392,2408,2408,2532,CC=F,Yahoo chart API continuous-futures proxy
2021-04-19,2447,2489,2415,2437,2437,41,CC=F,Yahoo chart API continuous-futures proxy
2021-04-20,2417,2417,2417,2379,2379,2,CC=F,Yahoo chart API continuous-futures proxy
2021-04-21,2442,2442,2384,2399,2399,2,CC=F,Yahoo chart API continuous-futures proxy
2021-04-22,2445,2445,2445,2402,2402,1,CC=F,Yahoo chart API continuous-futures proxy
2021-04-23,2446,2446,2446,2410,2410,5,CC=F,Yahoo chart API continuous-futures proxy
2021-04-26,2447,2447,2447,2447,2447,8,CC=F,Yahoo chart API continuous-futures proxy
2021-04-27,2438,2438,2438,2438,2438,0,CC=F,Yahoo chart API continuous-futures proxy
2021-04-28,2432,2432,2432,2432,2432,0,CC=F,Yahoo chart API continuous-futures proxy
2021-04-29,2459,2459,2459,2459,2459,0,CC=F,Yahoo chart API continuous-futures proxy
2021-04-30,2398,2401,2324,2342,2342,16,CC=F,Yahoo chart API continuous-futures proxy
2021-05-03,2328,2328,2328,2328,2328,0,CC=F,Yahoo chart API continuous-futures proxy
2021-05-04,2283,2283,2283,2283,2283,0,CC=F,Yahoo chart API continuous-futures proxy
2021-05-05,2354,2354,2354,2354,2354,0,CC=F,Yahoo chart API continuous-futures proxy
2021-05-06,2372,2372,2372,2372,2372,0,CC=F,Yahoo chart API continuous-futures proxy
2021-05-07,2422,2422,2422,2422,2422,0,CC=F,Yahoo chart API continuous-futures proxy
2021-05-10,2473,2473,2473,2473,2473,0,CC=F,Yahoo chart API continuous-futures proxy
2021-05-11,2425,2425,2425,2425,2425,0,CC=F,Yahoo chart API continuous-futures proxy
2021-05-12,2476,2476,2476,2476,2476,0,CC=F,Yahoo chart API continuous-futures proxy
2021-05-13,2461,2461,2461,2461,2461,18866,CC=F,Yahoo chart API continuous-futures proxy
2021-05-14,2502,2508,2460,2474,2474,17131,CC=F,Yahoo chart API continuous-futures proxy
2021-05-17,2477,2552,2477,2539,2539,19568,CC=F,Yahoo chart API continuous-futures proxy
2021-05-18,2536,2539,2499,2504,2504,17015,CC=F,Yahoo chart API continuous-futures proxy
2021-05-19,2494,2509,2451,2469,2469,16513,CC=F,Yahoo chart API continuous-futures proxy
2021-05-20,2463,2477,2425,2444,2444,14628,CC=F,Yahoo chart API continuous-futures proxy
2021-05-21,2440,2470,2433,2456,2456,12890,CC=F,Yahoo chart API continuous-futures proxy
2021-05-24,2448,2491,2383,2389,2389,21438,CC=F,Yahoo chart API continuous-futures proxy
2021-05-25,2389,2409,2371,2380,2380,16805,CC=F,Yahoo chart API continuous-futures proxy
2021-05-26,2404,2431,2392,2422,2422,18751,CC=F,Yahoo chart API continuous-futures proxy
2021-05-27,2422,2449,2385,2430,2430,17022,CC=F,Yahoo chart API continuous-futures proxy
2021-05-28,2432,2439,2406,2412,2412,11526,CC=F,Yahoo chart API continuous-futures proxy
2021-06-01,2417,2471,2415,2431,2431,28741,CC=F,Yahoo chart API continuous-futures proxy
2021-06-02,2428,2441,2407,2426,2426,16102,CC=F,Yahoo chart API continuous-futures proxy
2021-06-03,2433,2460,2399,2415,2415,22136,CC=F,Yahoo chart API continuous-futures proxy
2021-06-04,2406,2435,2388,2409,2409,16964,CC=F,Yahoo chart API continuous-futures proxy
2021-06-07,2408,2408,2345,2350,2350,23591,CC=F,Yahoo chart API continuous-futures proxy
2021-06-08,2352,2386,2338,2375,2375,22691,CC=F,Yahoo chart API continuous-futures proxy
2021-06-09,2377,2388,2341,2348,2348,10110,CC=F,Yahoo chart API continuous-futures proxy
2021-06-10,2348,2393,2345,2383,2383,12700,CC=F,Yahoo chart API continuous-futures proxy
2021-06-11,2383,2384,2338,2350,2350,8096,CC=F,Yahoo chart API continuous-futures proxy
2021-06-14,2346,2402,2346,2396,2396,8161,CC=F,Yahoo chart API continuous-futures proxy
2021-06-15,2382,2386,2362,2373,2373,6324,CC=F,Yahoo chart API continuous-futures proxy
2021-06-16,2373,2373,2311,2347,2347,4056,CC=F,Yahoo chart API continuous-futures proxy
2021-06-17,2347,2436,2278,2311,2311,68,CC=F,Yahoo chart API continuous-futures proxy
2021-06-18,2302,2302,2302,2302,2302,0,CC=F,Yahoo chart API continuous-futures proxy
2021-06-21,2308,2308,2308,2308,2308,26,CC=F,Yahoo chart API continuous-futures proxy
2021-06-22,2359,2360,2359,2326,2326,10,CC=F,Yahoo chart API continuous-futures proxy
2021-06-23,2337,2338,2337,2297,2297,7,CC=F,Yahoo chart API continuous-futures proxy
2021-06-24,2314,2315,2314,2315,2315,4,CC=F,Yahoo chart API continuous-futures proxy
2021-06-25,2352,2352,2352,2351,2351,2,CC=F,Yahoo chart API continuous-futures proxy
2021-06-28,2351,2351,2351,2351,2351,0,CC=F,Yahoo chart API continuous-futures proxy
2021-06-29,2361,2361,2361,2361,2361,0,CC=F,Yahoo chart API continuous-futures proxy
2021-06-30,2360,2360,2360,2360,2360,0,CC=F,Yahoo chart API continuous-futures proxy
2021-07-01,2325,2325,2325,2325,2325,10,CC=F,Yahoo chart API continuous-futures proxy
2021-07-02,2290,2290,2290,2290,2290,2,CC=F,Yahoo chart API continuous-futures proxy
2021-07-06,2269,2269,2269,2269,2269,0,CC=F,Yahoo chart API continuous-futures proxy
2021-07-07,2296,2297,2296,2267,2267,2,CC=F,Yahoo chart API continuous-futures proxy
2021-07-08,2266,2266,2266,2266,2266,0,CC=F,Yahoo chart API continuous-futures proxy
2021-07-09,2318,2318,2318,2318,2318,0,CC=F,Yahoo chart API continuous-futures proxy
2021-07-12,2601,2601,2601,2401,2401,2,CC=F,Yahoo chart API continuous-futures proxy
2021-07-13,2370,2370,2370,2370,2370,0,CC=F,Yahoo chart API continuous-futures proxy
2021-07-14,2373,2373,2373,2373,2373,0,CC=F,Yahoo chart API continuous-futures proxy
2021-07-15,2340,2340,2340,2340,2340,12612,CC=F,Yahoo chart API continuous-futures proxy
2021-07-16,2375,2391,2304,2320,2320,18751,CC=F,Yahoo chart API continuous-futures proxy
2021-07-19,2300,2303,2236,2239,2239,26442,CC=F,Yahoo chart API continuous-futures proxy
2021-07-20,2246,2260,2232,2257,2257,17429,CC=F,Yahoo chart API continuous-futures proxy
2021-07-21,2257,2285,2249,2265,2265,14155,CC=F,Yahoo chart API continuous-futures proxy
2021-07-22,2265,2325,2256,2317,2317,19284,CC=F,Yahoo chart API continuous-futures proxy
2021-07-23,2313,2336,2299,2321,2321,15070,CC=F,Yahoo chart API continuous-futures proxy
2021-07-26,2327,2417,2327,2392,2392,33453,CC=F,Yahoo chart API continuous-futures proxy
2021-07-27,2384,2407,2373,2393,2393,17661,CC=F,Yahoo chart API continuous-futures proxy
2021-07-28,2387,2446,2376,2427,2427,20621,CC=F,Yahoo chart API continuous-futures proxy
2021-07-29,2434,2455,2406,2435,2435,19378,CC=F,Yahoo chart API continuous-futures proxy
2021-07-30,2410,2416,2356,2366,2366,27086,CC=F,Yahoo chart API continuous-futures proxy
2021-08-02,2359,2368,2333,2363,2363,21280,CC=F,Yahoo chart API continuous-futures proxy
2021-08-03,2371,2433,2361,2426,2426,31834,CC=F,Yahoo chart API continuous-futures proxy
2021-08-04,2435,2462,2387,2393,2393,27184,CC=F,Yahoo chart API continuous-futures proxy
2021-08-05,2392,2431,2388,2405,2405,18523,CC=F,Yahoo chart API continuous-futures proxy
2021-08-06,2404,2423,2391,2417,2417,24585,CC=F,Yahoo chart API continuous-futures proxy
2021-08-09,2416,2428,2399,2411,2411,28106,CC=F,Yahoo chart API continuous-futures proxy
2021-08-10,2412,2474,2404,2468,2468,20041,CC=F,Yahoo chart API continuous-futures proxy
2021-08-11,2463,2514,2457,2509,2509,18589,CC=F,Yahoo chart API continuous-futures proxy
2021-08-12,2512,2530,2498,2507,2507,11743,CC=F,Yahoo chart API continuous-futures proxy
2021-08-13,2510,2550,2510,2547,2547,9127,CC=F,Yahoo chart API continuous-futures proxy
2021-08-16,2540,2578,2538,2544,2544,10340,CC=F,Yahoo chart API continuous-futures proxy
2021-08-17,2540,2620,2525,2607,2607,3827,CC=F,Yahoo chart API continuous-futures proxy
2021-08-18,2599,2630,2599,2630,2630,3,CC=F,Yahoo chart API continuous-futures proxy
2021-08-19,2640,2672,2574,2641,2641,16,CC=F,Yahoo chart API continuous-futures proxy
2021-08-20,2633,2633,2633,2580,2580,1,CC=F,Yahoo chart API continuous-futures proxy
2021-08-23,2593,2593,2593,2574,2574,1,CC=F,Yahoo chart API continuous-futures proxy
2021-08-24,2590,2590,2590,2590,2590,0,CC=F,Yahoo chart API continuous-futures proxy
2021-08-25,2632,2632,2632,2632,2632,0,CC=F,Yahoo chart API continuous-futures proxy
2021-08-26,2643,2643,2643,2643,2643,0,CC=F,Yahoo chart API continuous-futures proxy
2021-08-27,2602,2602,2602,2602,2602,0,CC=F,Yahoo chart API continuous-futures proxy
2021-08-30,2617,2617,2617,2617,2617,0,CC=F,Yahoo chart API continuous-futures proxy
2021-08-31,2580,2580,2574,2560,2560,3,CC=F,Yahoo chart API continuous-futures proxy
2021-09-01,2558,2558,2558,2558,2558,0,CC=F,Yahoo chart API continuous-futures proxy
2021-09-02,2631,2631,2631,2631,2631,0,CC=F,Yahoo chart API continuous-futures proxy
2021-09-03,2674,2674,2674,2674,2674,0,CC=F,Yahoo chart API continuous-futures proxy
2021-09-07,2750,2750,2750,2753,2753,26,CC=F,Yahoo chart API continuous-futures proxy
2021-09-08,2727,2727,2727,2727,2727,0,CC=F,Yahoo chart API continuous-futures proxy
2021-09-09,2713,2713,2713,2713,2713,0,CC=F,Yahoo chart API continuous-futures proxy
2021-09-10,2643,2643,2643,2643,2643,0,CC=F,Yahoo chart API continuous-futures proxy
2021-09-13,2677,2677,2677,2677,2677,0,CC=F,Yahoo chart API continuous-futures proxy
2021-09-14,2696,2696,2696,2696,2696,0,CC=F,Yahoo chart API continuous-futures proxy
2021-09-15,2703,2703,2703,2703,2703,16321,CC=F,Yahoo chart API continuous-futures proxy
2021-09-16,2665,2674,2640,2657,2657,9643,CC=F,Yahoo chart API continuous-futures proxy
2021-09-17,2663,2672,2635,2665,2665,11863,CC=F,Yahoo chart API continuous-futures proxy
2021-09-20,2651,2651,2579,2593,2593,24454,CC=F,Yahoo chart API continuous-futures proxy
2021-09-21,2606,2641,2594,2605,2605,15380,CC=F,Yahoo chart API continuous-futures proxy
2021-09-22,2623,2661,2614,2652,2652,17186,CC=F,Yahoo chart API continuous-futures proxy
2021-09-23,2652,2658,2605,2612,2612,16000,CC=F,Yahoo chart API continuous-futures proxy
2021-09-24,2609,2617,2561,2591,2591,16078,CC=F,Yahoo chart API continuous-futures proxy
2021-09-27,2582,2597,2542,2546,2546,17756,CC=F,Yahoo chart API continuous-futures proxy
2021-09-28,2545,2584,2537,2555,2555,17975,CC=F,Yahoo chart API continuous-futures proxy
2021-09-29,2567,2602,2559,2589,2589,16315,CC=F,Yahoo chart API continuous-futures proxy
2021-09-30,2596,2666,2587,2652,2652,23766,CC=F,Yahoo chart API continuous-futures proxy
2021-10-01,2641,2723,2633,2710,2710,24042,CC=F,Yahoo chart API continuous-futures proxy
2021-10-04,2712,2792,2705,2752,2752,25174,CC=F,Yahoo chart API continuous-futures proxy
2021-10-05,2762,2768,2717,2755,2755,21110,CC=F,Yahoo chart API continuous-futures proxy
2021-10-06,2754,2754,2681,2715,2715,24068,CC=F,Yahoo chart API continuous-futures proxy
2021-10-07,2723,2750,2716,2726,2726,13244,CC=F,Yahoo chart API continuous-futures proxy
2021-10-08,2737,2774,2726,2750,2750,16608,CC=F,Yahoo chart API continuous-futures proxy
2021-10-11,2752,2753,2672,2682,2682,19919,CC=F,Yahoo chart API continuous-futures proxy
2021-10-12,2684,2711,2662,2675,2675,13898,CC=F,Yahoo chart API continuous-futures proxy
2021-10-13,2675,2684,2588,2602,2602,25149,CC=F,Yahoo chart API continuous-futures proxy
2021-10-14,2605,2629,2567,2584,2584,22151,CC=F,Yahoo chart API continuous-futures proxy
2021-10-15,2588,2617,2565,2607,2607,18526,CC=F,Yahoo chart API continuous-futures proxy
2021-10-18,2606,2636,2580,2610,2610,13778,CC=F,Yahoo chart API continuous-futures proxy
2021-10-19,2623,2632,2526,2559,2559,24314,CC=F,Yahoo chart API continuous-futures proxy
2021-10-20,2542,2555,2499,2505,2505,20158,CC=F,Yahoo chart API continuous-futures proxy
2021-10-21,2514,2568,2508,2555,2555,24165,CC=F,Yahoo chart API continuous-futures proxy
2021-10-22,2560,2601,2518,2583,2583,17196,CC=F,Yahoo chart API continuous-futures proxy
2021-10-25,2588,2632,2581,2616,2616,21074,CC=F,Yahoo chart API continuous-futures proxy
2021-10-26,2601,2620,2571,2581,2581,13928,CC=F,Yahoo chart API continuous-futures proxy
2021-10-27,2580,2614,2558,2603,2603,17070,CC=F,Yahoo chart API continuous-futures proxy
2021-10-28,2600,2618,2563,2571,2571,20000,CC=F,Yahoo chart API continuous-futures proxy
2021-10-29,2564,2568,2525,2544,2544,16693,CC=F,Yahoo chart API continuous-futures proxy
2021-11-01,2548,2566,2510,2564,2564,17143,CC=F,Yahoo chart API continuous-futures proxy
2021-11-02,2557,2559,2455,2457,2457,27303,CC=F,Yahoo chart API continuous-futures proxy
2021-11-03,2457,2481,2405,2424,2424,28296,CC=F,Yahoo chart API continuous-futures proxy
2021-11-04,2427,2462,2423,2440,2440,14714,CC=F,Yahoo chart API continuous-futures proxy
2021-11-05,2439,2452,2390,2397,2397,28032,CC=F,Yahoo chart API continuous-futures proxy
2021-11-08,2400,2438,2382,2433,2433,21069,CC=F,Yahoo chart API continuous-futures proxy
2021-11-09,2440,2445,2395,2433,2433,17287,CC=F,Yahoo chart API continuous-futures proxy
2021-11-10,2435,2503,2428,2473,2473,16255,CC=F,Yahoo chart API continuous-futures proxy
2021-11-11,2468,2492,2448,2485,2485,9321,CC=F,Yahoo chart API continuous-futures proxy
2021-11-12,2479,2479,2456,2470,2470,5664,CC=F,Yahoo chart API continuous-futures proxy
2021-11-15,2471,2490,2439,2458,2458,5109,CC=F,Yahoo chart API continuous-futures proxy
2021-11-16,2480,2510,2468,2505,2505,36,CC=F,Yahoo chart API continuous-futures proxy
2021-11-17,2520,2538,2456,2514,2514,18,CC=F,Yahoo chart API continuous-futures proxy
2021-11-18,2554,2554,2547,2552,2552,5,CC=F,Yahoo chart API continuous-futures proxy
2021-11-19,2549,2550,2493,2493,2493,25,CC=F,Yahoo chart API continuous-futures proxy
2021-11-22,2498,2498,2498,2498,2498,0,CC=F,Yahoo chart API continuous-futures proxy
2021-11-23,2478,2478,2478,2478,2478,0,CC=F,Yahoo chart API continuous-futures proxy
2021-11-24,2469,2469,2469,2456,2456,15,CC=F,Yahoo chart API continuous-futures proxy
2021-11-26,2340,2340,2340,2340,2340,0,CC=F,Yahoo chart API continuous-futures proxy
2021-11-29,2322,2322,2322,2322,2322,0,CC=F,Yahoo chart API continuous-futures proxy
2021-11-30,2320,2320,2320,2314,2314,2,CC=F,Yahoo chart API continuous-futures proxy
2021-12-01,2320,2320,2320,2320,2320,0,CC=F,Yahoo chart API continuous-futures proxy
2021-12-02,2421,2421,2421,2421,2421,0,CC=F,Yahoo chart API continuous-futures proxy
2021-12-03,2435,2435,2435,2435,2435,0,CC=F,Yahoo chart API continuous-futures proxy
2021-12-06,2428,2428,2428,2428,2428,0,CC=F,Yahoo chart API continuous-futures proxy
2021-12-07,2453,2453,2453,2453,2453,0,CC=F,Yahoo chart API continuous-futures proxy
2021-12-08,2569,2569,2569,2466,2466,1,CC=F,Yahoo chart API continuous-futures proxy
2021-12-09,2447,2447,2447,2447,2447,0,CC=F,Yahoo chart API continuous-futures proxy
2021-12-10,2462,2462,2462,2462,2462,0,CC=F,Yahoo chart API continuous-futures proxy
2021-12-13,2630,2630,2630,2528,2528,1,CC=F,Yahoo chart API continuous-futures proxy
2021-12-14,2625,2625,2625,2584,2584,1,CC=F,Yahoo chart API continuous-futures proxy
2021-12-15,2627,2627,2627,2627,2627,16734,CC=F,Yahoo chart API continuous-futures proxy
2021-12-16,2561,2567,2497,2547,2547,17933,CC=F,Yahoo chart API continuous-futures proxy
2021-12-17,2540,2550,2478,2497,2497,15934,CC=F,Yahoo chart API continuous-futures proxy
2021-12-20,2467,2477,2417,2423,2423,18335,CC=F,Yahoo chart API continuous-futures proxy
2021-12-21,2433,2475,2420,2460,2460,12410,CC=F,Yahoo chart API continuous-futures proxy
2021-12-22,2470,2498,2456,2466,2466,13069,CC=F,Yahoo chart API continuous-futures proxy
2021-12-23,2473,2510,2446,2473,2473,0,CC=F,Yahoo chart API continuous-futures proxy
2021-12-27,2464,2487,2433,2461,2461,6692,CC=F,Yahoo chart API continuous-futures proxy
2021-12-28,2476,2498,2460,2485,2485,9060,CC=F,Yahoo chart API continuous-futures proxy
2021-12-29,2482,2519,2464,2515,2515,11564,CC=F,Yahoo chart API continuous-futures proxy
2021-12-30,2509,2576,2502,2559,2559,19967,CC=F,Yahoo chart API continuous-futures proxy
2021-12-31,2565,2565,2513,2520,2520,18144,CC=F,Yahoo chart API continuous-futures proxy
2022-01-03,2540,2553,2476,2499,2499,14712,CC=F,Yahoo chart API continuous-futures proxy
2022-01-04,2502,2523,2450,2462,2462,21749,CC=F,Yahoo chart API continuous-futures proxy
2022-01-05,2475,2482,2418,2457,2457,23898,CC=F,Yahoo chart API continuous-futures proxy
2022-01-06,2440,2452,2408,2423,2423,17841,CC=F,Yahoo chart API continuous-futures proxy
2022-01-07,2442,2530,2435,2521,2521,24723,CC=F,Yahoo chart API continuous-futures proxy
2022-01-10,2514,2539,2499,2521,2521,18059,CC=F,Yahoo chart API continuous-futures proxy
2022-01-11,2535,2604,2515,2588,2588,26805,CC=F,Yahoo chart API continuous-futures proxy
2022-01-12,2595,2610,2550,2559,2559,24958,CC=F,Yahoo chart API continuous-futures proxy
2022-01-13,2560,2629,2560,2609,2609,21234,CC=F,Yahoo chart API continuous-futures proxy
2022-01-14,2625,2683,2624,2659,2659,21192,CC=F,Yahoo chart API continuous-futures proxy
2022-01-18,2668,2675,2620,2631,2631,31842,CC=F,Yahoo chart API continuous-futures proxy
2022-01-19,2624,2680,2607,2657,2657,18402,CC=F,Yahoo chart API continuous-futures proxy
2022-01-20,2656,2695,2639,2660,2660,18762,CC=F,Yahoo chart API continuous-futures proxy
2022-01-21,2627,2640,2575,2576,2576,26905,CC=F,Yahoo chart API continuous-futures proxy
2022-01-24,2569,2576,2492,2493,2493,25526,CC=F,Yahoo chart API continuous-futures proxy
2022-01-25,2504,2524,2488,2503,2503,20901,CC=F,Yahoo chart API continuous-futures proxy
2022-01-26,2505,2535,2496,2513,2513,16077,CC=F,Yahoo chart API continuous-futures proxy
2022-01-27,2484,2497,2439,2451,2451,21863,CC=F,Yahoo chart API continuous-futures proxy
2022-01-28,2444,2499,2440,2494,2494,18035,CC=F,Yahoo chart API continuous-futures proxy
2022-01-31,2508,2534,2491,2528,2528,20650,CC=F,Yahoo chart API continuous-futures proxy
2022-02-01,2533,2619,2530,2613,2613,25087,CC=F,Yahoo chart API continuous-futures proxy
2022-02-02,2613,2641,2601,2617,2617,23079,CC=F,Yahoo chart API continuous-futures proxy
2022-02-03,2612,2650,2591,2634,2634,19568,CC=F,Yahoo chart API continuous-futures proxy
2022-02-04,2648,2678,2646,2668,2668,26114,CC=F,Yahoo chart API continuous-futures proxy
2022-02-07,2659,2676,2615,2624,2624,25403,CC=F,Yahoo chart API continuous-futures proxy
2022-02-08,2632,2677,2626,2669,2669,17465,CC=F,Yahoo chart API continuous-futures proxy
2022-02-09,2667,2762,2663,2756,2756,21961,CC=F,Yahoo chart API continuous-futures proxy
2022-02-10,2756,2790,2741,2786,2786,11348,CC=F,Yahoo chart API continuous-futures proxy
2022-02-11,2768,2772,2723,2766,2766,9500,CC=F,Yahoo chart API continuous-futures proxy
2022-02-14,2733,2733,2673,2677,2677,5636,CC=F,Yahoo chart API continuous-futures proxy
2022-02-15,2693,2703,2659,2667,2667,5460,CC=F,Yahoo chart API continuous-futures proxy
2022-02-16,2685,2688,2605,2611,2611,4459,CC=F,Yahoo chart API continuous-futures proxy
2022-02-17,2605,2644,2584,2589,2589,7330,CC=F,Yahoo chart API continuous-futures proxy
2022-02-18,2595,2605,2560,2573,2573,1333,CC=F,Yahoo chart API continuous-futures proxy
2022-02-22,2590,2600,2560,2611,2611,15,CC=F,Yahoo chart API continuous-futures proxy
2022-02-23,2622,2628,2622,2626,2626,37,CC=F,Yahoo chart API continuous-futures proxy
2022-02-24,2578,2578,2578,2578,2578,30,CC=F,Yahoo chart API continuous-futures proxy
2022-02-25,2568,2571,2568,2576,2576,2,CC=F,Yahoo chart API continuous-futures proxy
2022-02-28,2503,2503,2503,2491,2491,1,CC=F,Yahoo chart API continuous-futures proxy
2022-03-01,2491,2491,2491,2483,2483,1,CC=F,Yahoo chart API continuous-futures proxy
2022-03-02,2503,2527,2478,2491,2491,45,CC=F,Yahoo chart API continuous-futures proxy
2022-03-03,2495,2495,2495,2524,2524,1,CC=F,Yahoo chart API continuous-futures proxy
2022-03-04,2582,2582,2582,2582,2582,0,CC=F,Yahoo chart API continuous-futures proxy
2022-03-07,2597,2597,2597,2597,2597,0,CC=F,Yahoo chart API continuous-futures proxy
2022-03-08,2597,2597,2597,2597,2597,10,CC=F,Yahoo chart API continuous-futures proxy
2022-03-09,2624,2624,2624,2624,2624,0,CC=F,Yahoo chart API continuous-futures proxy
2022-03-10,2629,2629,2629,2643,2643,5,CC=F,Yahoo chart API continuous-futures proxy
2022-03-11,2580,2580,2580,2580,2580,0,CC=F,Yahoo chart API continuous-futures proxy
2022-03-14,2571,2571,2571,2571,2571,0,CC=F,Yahoo chart API continuous-futures proxy
2022-03-15,2468,2468,2447,2461,2461,2,CC=F,Yahoo chart API continuous-futures proxy
2022-03-16,2471,2471,2471,2471,2471,15992,CC=F,Yahoo chart API continuous-futures proxy
2022-03-17,2532,2550,2453,2504,2504,31797,CC=F,Yahoo chart API continuous-futures proxy
2022-03-18,2513,2558,2491,2537,2537,17423,CC=F,Yahoo chart API continuous-futures proxy
2022-03-21,2526,2547,2498,2521,2521,13964,CC=F,Yahoo chart API continuous-futures proxy
2022-03-22,2525,2594,2525,2586,2586,18069,CC=F,Yahoo chart API continuous-futures proxy
2022-03-23,2591,2638,2586,2631,2631,18483,CC=F,Yahoo chart API continuous-futures proxy
2022-03-24,2641,2653,2559,2583,2583,20088,CC=F,Yahoo chart API continuous-futures proxy
2022-03-25,2562,2590,2536,2562,2562,17345,CC=F,Yahoo chart API continuous-futures proxy
2022-03-28,2557,2621,2549,2602,2602,13654,CC=F,Yahoo chart API continuous-futures proxy
2022-03-29,2602,2643,2598,2639,2639,14715,CC=F,Yahoo chart API continuous-futures proxy
2022-03-30,2638,2674,2575,2651,2651,21439,CC=F,Yahoo chart API continuous-futures proxy
2022-03-31,2632,2679,2613,2650,2650,18301,CC=F,Yahoo chart API continuous-futures proxy
2022-04-01,2640,2647,2596,2599,2599,22839,CC=F,Yahoo chart API continuous-futures proxy
2022-04-04,2599,2652,2555,2562,2562,32577,CC=F,Yahoo chart API continuous-futures proxy
2022-04-05,2559,2588,2528,2534,2534,21452,CC=F,Yahoo chart API continuous-futures proxy
2022-04-06,2548,2578,2527,2549,2549,22003,CC=F,Yahoo chart API continuous-futures proxy
2022-04-07,2563,2586,2537,2574,2574,15650,CC=F,Yahoo chart API continuous-futures proxy
2022-04-08,2585,2644,2577,2620,2620,16182,CC=F,Yahoo chart API continuous-futures proxy
2022-04-11,2621,2647,2581,2616,2616,11826,CC=F,Yahoo chart API continuous-futures proxy
2022-04-12,2616,2634,2568,2583,2583,8315,CC=F,Yahoo chart API continuous-futures proxy
2022-04-13,2581,2615,2558,2583,2583,9840,CC=F,Yahoo chart API continuous-futures proxy
2022-04-14,2595,2603,2570,2583,2583,4530,CC=F,Yahoo chart API continuous-futures proxy
2022-04-18,2571,2573,2513,2525,2525,5501,CC=F,Yahoo chart API continuous-futures proxy
2022-04-19,2533,2543,2498,2525,2525,4355,CC=F,Yahoo chart API continuous-futures proxy
2022-04-20,2530,2567,2523,2536,2536,4992,CC=F,Yahoo chart API continuous-futures proxy
2022-04-21,2543,2557,2511,2540,2540,6677,CC=F,Yahoo chart API continuous-futures proxy
2022-04-22,2532,2532,2466,2506,2506,5210,CC=F,Yahoo chart API continuous-futures proxy
2022-04-25,2512,2512,2430,2432,2432,132,CC=F,Yahoo chart API continuous-futures proxy
2022-04-26,2574,2577,2574,2557,2557,74,CC=F,Yahoo chart API continuous-futures proxy
2022-04-27,2568,2568,2568,2572,2572,2,CC=F,Yahoo chart API continuous-futures proxy
2022-04-28,2575,2575,2575,2601,2601,3,CC=F,Yahoo chart API continuous-futures proxy
2022-04-29,2650,2650,2650,2597,2597,6,CC=F,Yahoo chart API continuous-futures proxy
2022-05-02,2632,2632,2632,2632,2632,0,CC=F,Yahoo chart API continuous-futures proxy
2022-05-03,2615,2615,2615,2615,2615,0,CC=F,Yahoo chart API continuous-futures proxy
2022-05-04,2637,2637,2637,2588,2588,1,CC=F,Yahoo chart API continuous-futures proxy
2022-05-05,2519,2519,2519,2519,2519,0,CC=F,Yahoo chart API continuous-futures proxy
2022-05-06,2500,2500,2500,2500,2500,0,CC=F,Yahoo chart API continuous-futures proxy
2022-05-09,2483,2483,2483,2483,2483,2,CC=F,Yahoo chart API continuous-futures proxy
2022-05-10,2473,2473,2473,2473,2473,0,CC=F,Yahoo chart API continuous-futures proxy
2022-05-11,2517,2517,2517,2517,2517,0,CC=F,Yahoo chart API continuous-futures proxy
2022-05-12,2461,2461,2461,2461,2461,0,CC=F,Yahoo chart API continuous-futures proxy
2022-05-13,2483,2483,2483,2483,2483,21280,CC=F,Yahoo chart API continuous-futures proxy
2022-05-16,2483,2524,2473,2505,2505,17446,CC=F,Yahoo chart API continuous-futures proxy
2022-05-17,2513,2528,2490,2513,2513,15062,CC=F,Yahoo chart API continuous-futures proxy
2022-05-18,2505,2506,2459,2470,2470,19307,CC=F,Yahoo chart API continuous-futures proxy
2022-05-19,2464,2468,2437,2457,2457,20873,CC=F,Yahoo chart API continuous-futures proxy
2022-05-20,2459,2475,2404,2429,2429,21673,CC=F,Yahoo chart API continuous-futures proxy
2022-05-23,2432,2471,2427,2451,2451,21168,CC=F,Yahoo chart API continuous-futures proxy
2022-05-24,2439,2458,2427,2441,2441,13882,CC=F,Yahoo chart API continuous-futures proxy
2022-05-25,2431,2446,2391,2407,2407,25150,CC=F,Yahoo chart API continuous-futures proxy
2022-05-26,2398,2474,2395,2464,2464,35424,CC=F,Yahoo chart API continuous-futures proxy
2022-05-27,2467,2477,2448,2462,2462,13612,CC=F,Yahoo chart API continuous-futures proxy
2022-05-31,2505,2518,2476,2496,2496,24260,CC=F,Yahoo chart API continuous-futures proxy
2022-06-01,2496,2538,2493,2524,2524,26371,CC=F,Yahoo chart API continuous-futures proxy
2022-06-02,2524,2541,2474,2485,2485,25089,CC=F,Yahoo chart API continuous-futures proxy
2022-06-03,2497,2535,2456,2469,2469,23918,CC=F,Yahoo chart API continuous-futures proxy
2022-06-06,2480,2504,2467,2488,2488,35678,CC=F,Yahoo chart API continuous-futures proxy
2022-06-07,2486,2507,2459,2475,2475,32667,CC=F,Yahoo chart API continuous-futures proxy
2022-06-08,2471,2485,2436,2458,2458,28272,CC=F,Yahoo chart API continuous-futures proxy
2022-06-09,2449,2477,2414,2428,2428,31882,CC=F,Yahoo chart API continuous-futures proxy
2022-06-10,2427,2441,2377,2385,2385,16609,CC=F,Yahoo chart API continuous-futures proxy
2022-06-13,2374,2374,2307,2334,2334,19055,CC=F,Yahoo chart API continuous-futures proxy
2022-06-14,2340,2342,2311,2326,2326,7766,CC=F,Yahoo chart API continuous-futures proxy
2022-06-15,2324,2340,2297,2332,2332,6815,CC=F,Yahoo chart API continuous-futures proxy
2022-06-16,2326,2338,2300,2329,2329,12479,CC=F,Yahoo chart API continuous-futures proxy
2022-06-17,2335,2402,2327,2387,2387,7024,CC=F,Yahoo chart API continuous-futures proxy
2022-06-21,2402,2424,2399,2416,2416,6766,CC=F,Yahoo chart API continuous-futures proxy
2022-06-22,2415,2415,2365,2399,2399,3961,CC=F,Yahoo chart API continuous-futures proxy
2022-06-23,2387,2418,2376,2379,2379,4570,CC=F,Yahoo chart API continuous-futures proxy
2022-06-24,2387,2397,2387,2381,2381,27,CC=F,Yahoo chart API continuous-futures proxy
2022-06-27,2371,2371,2371,2361,2361,2,CC=F,Yahoo chart API continuous-futures proxy
2022-06-28,2353,2353,2353,2353,2353,0,CC=F,Yahoo chart API continuous-futures proxy
2022-06-29,2317,2317,2317,2317,2317,0,CC=F,Yahoo chart API continuous-futures proxy
2022-06-30,2291,2291,2291,2291,2291,0,CC=F,Yahoo chart API continuous-futures proxy
2022-07-01,2265,2265,2265,2265,2265,0,CC=F,Yahoo chart API continuous-futures proxy
2022-07-05,2266,2266,2266,2266,2266,0,CC=F,Yahoo chart API continuous-futures proxy
2022-07-06,2323,2323,2323,2307,2307,1,CC=F,Yahoo chart API continuous-futures proxy
2022-07-07,2305,2305,2305,2305,2305,0,CC=F,Yahoo chart API continuous-futures proxy
2022-07-08,2269,2269,2269,2269,2269,0,CC=F,Yahoo chart API continuous-futures proxy
2022-07-11,2324,2324,2324,2324,2324,0,CC=F,Yahoo chart API continuous-futures proxy
2022-07-12,2305,2305,2305,2305,2305,0,CC=F,Yahoo chart API continuous-futures proxy
2022-07-13,2254,2254,2254,2254,2254,0,CC=F,Yahoo chart API continuous-futures proxy
2022-07-14,2198,2198,2198,2198,2198,38248,CC=F,Yahoo chart API continuous-futures proxy
2022-07-15,2251,2329,2251,2321,2321,23699,CC=F,Yahoo chart API continuous-futures proxy
2022-07-18,2335,2343,2297,2329,2329,16540,CC=F,Yahoo chart API continuous-futures proxy
2022-07-19,2323,2354,2303,2347,2347,16275,CC=F,Yahoo chart API continuous-futures proxy
2022-07-20,2353,2387,2351,2368,2368,22889,CC=F,Yahoo chart API continuous-futures proxy
2022-07-21,2350,2352,2294,2304,2304,22930,CC=F,Yahoo chart API continuous-futures proxy
2022-07-22,2299,2320,2287,2297,2297,16258,CC=F,Yahoo chart API continuous-futures proxy
2022-07-25,2297,2379,2285,2376,2376,31694,CC=F,Yahoo chart API continuous-futures proxy
2022-07-26,2380,2409,2375,2400,2400,31079,CC=F,Yahoo chart API continuous-futures proxy
2022-07-27,2398,2410,2338,2355,2355,24579,CC=F,Yahoo chart API continuous-futures proxy
2022-07-28,2380,2391,2312,2317,2317,24415,CC=F,Yahoo chart API continuous-futures proxy
2022-07-29,2319,2341,2296,2323,2323,27827,CC=F,Yahoo chart API continuous-futures proxy
2022-08-01,2328,2355,2312,2339,2339,24764,CC=F,Yahoo chart API continuous-futures proxy
2022-08-02,2339,2370,2323,2340,2340,23060,CC=F,Yahoo chart API continuous-futures proxy
2022-08-03,2325,2332,2269,2281,2281,31190,CC=F,Yahoo chart API continuous-futures proxy
2022-08-04,2273,2359,2259,2349,2349,53011,CC=F,Yahoo chart API continuous-futures proxy
2022-08-05,2350,2370,2300,2305,2305,56028,CC=F,Yahoo chart API continuous-futures proxy
2022-08-08,2306,2350,2299,2340,2340,35615,CC=F,Yahoo chart API continuous-futures proxy
2022-08-09,2345,2370,2322,2363,2363,42015,CC=F,Yahoo chart API continuous-futures proxy
2022-08-10,2352,2422,2352,2398,2398,35019,CC=F,Yahoo chart API continuous-futures proxy
2022-08-11,2412,2430,2390,2409,2409,21906,CC=F,Yahoo chart API continuous-futures proxy
2022-08-12,2392,2392,2341,2352,2352,11214,CC=F,Yahoo chart API continuous-futures proxy
2022-08-15,2358,2380,2347,2360,2360,5571,CC=F,Yahoo chart API continuous-futures proxy
2022-08-16,2341,2352,2318,2333,2333,9446,CC=F,Yahoo chart API continuous-futures proxy
2022-08-17,2333,2417,2320,2400,2400,11775,CC=F,Yahoo chart API continuous-futures proxy
2022-08-18,2400,2433,2382,2402,2402,5333,CC=F,Yahoo chart API continuous-futures proxy
2022-08-19,2376,2399,2357,2362,2362,5078,CC=F,Yahoo chart API continuous-futures proxy
2022-08-22,2366,2388,2331,2348,2348,5233,CC=F,Yahoo chart API continuous-futures proxy
2022-08-23,2354,2365,2297,2300,2300,3526,CC=F,Yahoo chart API continuous-futures proxy
2022-08-24,2321,2410,2288,2402,2402,2670,CC=F,Yahoo chart API continuous-futures proxy
2022-08-25,2391,2409,2390,2418,2418,30,CC=F,Yahoo chart API continuous-futures proxy
2022-08-26,2414,2414,2414,2414,2414,0,CC=F,Yahoo chart API continuous-futures proxy
2022-08-29,2366,2430,2361,2429,2429,648,CC=F,Yahoo chart API continuous-futures proxy
2022-08-30,2422,2422,2422,2422,2422,0,CC=F,Yahoo chart API continuous-futures proxy
2022-08-31,2427,2427,2427,2427,2427,0,CC=F,Yahoo chart API continuous-futures proxy
2022-09-01,2382,2382,2382,2382,2382,216,CC=F,Yahoo chart API continuous-futures proxy
2022-09-02,2401,2404,2401,2430,2430,3,CC=F,Yahoo chart API continuous-futures proxy
2022-09-06,2438,2438,2438,2383,2383,1,CC=F,Yahoo chart API continuous-futures proxy
2022-09-07,2320,2320,2320,2308,2308,1,CC=F,Yahoo chart API continuous-futures proxy
2022-09-08,2286,2286,2286,2286,2286,0,CC=F,Yahoo chart API continuous-futures proxy
2022-09-09,2360,2360,2360,2360,2360,1,CC=F,Yahoo chart API continuous-futures proxy
2022-09-12,2386,2386,2386,2386,2386,0,CC=F,Yahoo chart API continuous-futures proxy
2022-09-13,2350,2350,2350,2350,2350,0,CC=F,Yahoo chart API continuous-futures proxy
2022-09-14,2394,2394,2347,2347,2347,10,CC=F,Yahoo chart API continuous-futures proxy
2022-09-15,2412,2412,2412,2412,2412,32208,CC=F,Yahoo chart API continuous-futures proxy
2022-09-16,2360,2375,2328,2360,2360,22014,CC=F,Yahoo chart API continuous-futures proxy
2022-09-19,2350,2395,2344,2369,2369,15720,CC=F,Yahoo chart API continuous-futures proxy
2022-09-20,2370,2395,2340,2355,2355,24905,CC=F,Yahoo chart API continuous-futures proxy
2022-09-21,2347,2373,2335,2352,2352,15246,CC=F,Yahoo chart API continuous-futures proxy
2022-09-22,2350,2360,2316,2321,2321,22483,CC=F,Yahoo chart API continuous-futures proxy
2022-09-23,2310,2315,2242,2247,2247,39311,CC=F,Yahoo chart API continuous-futures proxy
2022-09-26,2225,2281,2192,2243,2243,36427,CC=F,Yahoo chart API continuous-futures proxy
2022-09-27,2252,2290,2241,2286,2286,24907,CC=F,Yahoo chart API continuous-futures proxy
2022-09-28,2270,2308,2248,2282,2282,22823,CC=F,Yahoo chart API continuous-futures proxy
2022-09-29,2300,2333,2299,2327,2327,24438,CC=F,Yahoo chart API continuous-futures proxy
2022-09-30,2340,2375,2330,2354,2354,29000,CC=F,Yahoo chart API continuous-futures proxy
2022-10-03,2358,2377,2321,2337,2337,30032,CC=F,Yahoo chart API continuous-futures proxy
2022-10-04,2334,2382,2325,2360,2360,31025,CC=F,Yahoo chart API continuous-futures proxy
2022-10-05,2368,2403,2364,2392,2392,36060,CC=F,Yahoo chart API continuous-futures proxy
2022-10-06,2402,2422,2367,2373,2373,33720,CC=F,Yahoo chart API continuous-futures proxy
2022-10-07,2390,2405,2373,2396,2396,22395,CC=F,Yahoo chart API continuous-futures proxy
2022-10-10,2395,2412,2356,2358,2358,23849,CC=F,Yahoo chart API continuous-futures proxy
2022-10-11,2353,2388,2342,2347,2347,23896,CC=F,Yahoo chart API continuous-futures proxy
2022-10-12,2349,2362,2312,2318,2318,23697,CC=F,Yahoo chart API continuous-futures proxy
2022-10-13,2316,2388,2309,2385,2385,31660,CC=F,Yahoo chart API continuous-futures proxy
2022-10-14,2388,2407,2371,2377,2377,26338,CC=F,Yahoo chart API continuous-futures proxy
2022-10-17,2366,2395,2322,2340,2340,33767,CC=F,Yahoo chart API continuous-futures proxy
2022-10-18,2338,2343,2303,2305,2305,27372,CC=F,Yahoo chart API continuous-futures proxy
2022-10-19,2304,2313,2275,2308,2308,28388,CC=F,Yahoo chart API continuous-futures proxy
2022-10-20,2305,2333,2300,2328,2328,18246,CC=F,Yahoo chart API continuous-futures proxy
2022-10-21,2308,2319,2287,2306,2306,17004,CC=F,Yahoo chart API continuous-futures proxy
2022-10-24,2320,2348,2317,2337,2337,21134,CC=F,Yahoo chart API continuous-futures proxy
2022-10-25,2323,2328,2279,2296,2296,28507,CC=F,Yahoo chart API continuous-futures proxy
2022-10-26,2295,2321,2275,2278,2278,25370,CC=F,Yahoo chart API continuous-futures proxy
2022-10-27,2284,2324,2279,2314,2314,22134,CC=F,Yahoo chart API continuous-futures proxy
2022-10-28,2303,2330,2287,2302,2302,24582,CC=F,Yahoo chart API continuous-futures proxy
2022-10-31,2297,2355,2295,2335,2335,27986,CC=F,Yahoo chart API continuous-futures proxy
2022-11-01,2339,2354,2317,2348,2348,24453,CC=F,Yahoo chart API continuous-futures proxy
2022-11-02,2355,2390,2353,2379,2379,30594,CC=F,Yahoo chart API continuous-futures proxy
2022-11-03,2362,2382,2349,2372,2372,24762,CC=F,Yahoo chart API continuous-futures proxy
2022-11-04,2388,2459,2378,2434,2434,50005,CC=F,Yahoo chart API continuous-futures proxy
2022-11-07,2442,2523,2436,2506,2506,81381,CC=F,Yahoo chart API continuous-futures proxy
2022-11-08,2516,2541,2494,2537,2537,45288,CC=F,Yahoo chart API continuous-futures proxy
2022-11-09,2506,2549,2506,2532,2532,26406,CC=F,Yahoo chart API continuous-futures proxy
2022-11-10,2530,2572,2515,2558,2558,14721,CC=F,Yahoo chart API continuous-futures proxy
2022-11-11,2568,2580,2510,2520,2520,13933,CC=F,Yahoo chart API continuous-futures proxy
2022-11-14,2504,2517,2487,2497,2497,14382,CC=F,Yahoo chart API continuous-futures proxy
2022-11-15,2498,2559,2497,2500,2500,8685,CC=F,Yahoo chart API continuous-futures proxy
2022-11-16,2500,2515,2477,2503,2503,5898,CC=F,Yahoo chart API continuous-futures proxy
2022-11-17,2495,2497,2425,2428,2428,12726,CC=F,Yahoo chart API continuous-futures proxy
2022-11-18,2446,2453,2392,2412,2412,8689,CC=F,Yahoo chart API continuous-futures proxy
2022-11-21,2403,2415,2358,2387,2387,3670,CC=F,Yahoo chart API continuous-futures proxy
2022-11-22,2390,2410,2364,2381,2381,2125,CC=F,Yahoo chart API continuous-futures proxy
2022-11-23,2380,2403,2380,2397,2397,9,CC=F,Yahoo chart API continuous-futures proxy
2022-11-25,2422,2428,2389,2437,2437,27,CC=F,Yahoo chart API continuous-futures proxy
2022-11-28,2435,2446,2435,2438,2438,3,CC=F,Yahoo chart API continuous-futures proxy
2022-11-29,2433,2433,2433,2433,2433,0,CC=F,Yahoo chart API continuous-futures proxy
2022-11-30,2451,2451,2451,2451,2451,0,CC=F,Yahoo chart API continuous-futures proxy
2022-12-01,2472,2472,2472,2472,2472,0,CC=F,Yahoo chart API continuous-futures proxy
2022-12-02,2497,2497,2497,2489,2489,4,CC=F,Yahoo chart API continuous-futures proxy
2022-12-05,2432,2432,2432,2432,2432,7,CC=F,Yahoo chart API continuous-futures proxy
2022-12-06,2437,2437,2437,2437,2437,0,CC=F,Yahoo chart API continuous-futures proxy
2022-12-07,2456,2456,2456,2442,2442,1,CC=F,Yahoo chart API continuous-futures proxy
2022-12-08,2492,2492,2492,2492,2492,0,CC=F,Yahoo chart API continuous-futures proxy
2022-12-09,2454,2454,2454,2454,2454,0,CC=F,Yahoo chart API continuous-futures proxy
2022-12-12,2452,2452,2452,2452,2452,0,CC=F,Yahoo chart API continuous-futures proxy
2022-12-13,2491,2491,2491,2491,2491,0,CC=F,Yahoo chart API continuous-futures proxy
2022-12-14,2474,2474,2474,2474,2474,16487,CC=F,Yahoo chart API continuous-futures proxy
2022-12-15,2520,2544,2509,2517,2517,15074,CC=F,Yahoo chart API continuous-futures proxy
2022-12-16,2510,2517,2468,2475,2475,22067,CC=F,Yahoo chart API continuous-futures proxy
2022-12-19,2474,2519,2469,2499,2499,17815,CC=F,Yahoo chart API continuous-futures proxy
2022-12-20,2496,2532,2487,2498,2498,19135,CC=F,Yahoo chart API continuous-futures proxy
2022-12-21,2498,2537,2485,2529,2529,18703,CC=F,Yahoo chart API continuous-futures proxy
2022-12-22,2534,2626,2524,2606,2606,36692,CC=F,Yahoo chart API continuous-futures proxy
2022-12-23,2613,2651,2609,2628,2628,26051,CC=F,Yahoo chart API continuous-futures proxy
2022-12-27,2630,2662,2616,2633,2633,16555,CC=F,Yahoo chart API continuous-futures proxy
2022-12-28,2624,2671,2604,2621,2621,20880,CC=F,Yahoo chart API continuous-futures proxy
2022-12-29,2610,2614,2562,2578,2578,19317,CC=F,Yahoo chart API continuous-futures proxy
2022-12-30,2587,2606,2569,2600,2600,14616,CC=F,Yahoo chart API continuous-futures proxy
2023-01-03,2587,2594,2535,2572,2572,24327,CC=F,Yahoo chart API continuous-futures proxy
2023-01-04,2574,2614,2566,2603,2603,16842,CC=F,Yahoo chart API continuous-futures proxy
2023-01-05,2607,2640,2602,2617,2617,21327,CC=F,Yahoo chart API continuous-futures proxy
2023-01-06,2616,2618,2572,2605,2605,20198,CC=F,Yahoo chart API continuous-futures proxy
2023-01-09,2623,2699,2621,2690,2690,30613,CC=F,Yahoo chart API continuous-futures proxy
2023-01-10,2686,2686,2602,2604,2604,32095,CC=F,Yahoo chart API continuous-futures proxy
2023-01-11,2602,2641,2593,2633,2633,19499,CC=F,Yahoo chart API continuous-futures proxy
2023-01-12,2641,2665,2620,2640,2640,15749,CC=F,Yahoo chart API continuous-futures proxy
2023-01-13,2651,2669,2631,2651,2651,16025,CC=F,Yahoo chart API continuous-futures proxy
2023-01-17,2642,2675,2621,2641,2641,23486,CC=F,Yahoo chart API continuous-futures proxy
2023-01-18,2650,2665,2616,2620,2620,19652,CC=F,Yahoo chart API continuous-futures proxy
2023-01-19,2610,2616,2562,2570,2570,29885,CC=F,Yahoo chart API continuous-futures proxy
2023-01-20,2556,2576,2507,2569,2569,43770,CC=F,Yahoo chart API continuous-futures proxy
2023-01-23,2573,2626,2564,2608,2608,25402,CC=F,Yahoo chart API continuous-futures proxy
2023-01-24,2596,2615,2576,2585,2585,17767,CC=F,Yahoo chart API continuous-futures proxy
2023-01-25,2596,2614,2579,2592,2592,16674,CC=F,Yahoo chart API continuous-futures proxy
2023-01-26,2597,2645,2596,2629,2629,18023,CC=F,Yahoo chart API continuous-futures proxy
2023-01-27,2618,2640,2612,2627,2627,14661,CC=F,Yahoo chart API continuous-futures proxy
2023-01-30,2627,2656,2591,2611,2611,22436,CC=F,Yahoo chart API continuous-futures proxy
2023-01-31,2606,2607,2570,2581,2581,26849,CC=F,Yahoo chart API continuous-futures proxy
2023-02-01,2572,2630,2570,2592,2592,25952,CC=F,Yahoo chart API continuous-futures proxy
2023-02-02,2587,2610,2577,2583,2583,21039,CC=F,Yahoo chart API continuous-futures proxy
2023-02-03,2580,2580,2540,2569,2569,32303,CC=F,Yahoo chart API continuous-futures proxy
2023-02-06,2569,2595,2546,2577,2577,29965,CC=F,Yahoo chart API continuous-futures proxy
2023-02-07,2576,2589,2544,2581,2581,38591,CC=F,Yahoo chart API continuous-futures proxy
2023-02-08,2592,2602,2570,2579,2579,26281,CC=F,Yahoo chart API continuous-futures proxy
2023-02-09,2573,2599,2546,2578,2578,13699,CC=F,Yahoo chart API continuous-futures proxy
2023-02-10,2575,2587,2530,2564,2564,9361,CC=F,Yahoo chart API continuous-futures proxy
2023-02-13,2583,2634,2580,2621,2621,9413,CC=F,Yahoo chart API continuous-futures proxy
2023-02-14,2630,2660,2605,2621,2621,5301,CC=F,Yahoo chart API continuous-futures proxy
2023-02-15,2653,2730,2646,2692,2692,7386,CC=F,Yahoo chart API continuous-futures proxy
2023-02-16,2702,2735,2674,2700,2700,6288,CC=F,Yahoo chart API continuous-futures proxy
2023-02-17,2715,2750,2710,2722,2722,4353,CC=F,Yahoo chart API continuous-futures proxy
2023-02-21,2738,2760,2717,2732,2732,6287,CC=F,Yahoo chart API continuous-futures proxy
2023-02-22,2735,2766,2735,2738,2738,38,CC=F,Yahoo chart API continuous-futures proxy
2023-02-23,2744,2744,2740,2729,2729,380,CC=F,Yahoo chart API continuous-futures proxy
2023-02-24,2716,2716,2709,2707,2707,4,CC=F,Yahoo chart API continuous-futures proxy
2023-02-27,2715,2715,2715,2715,2715,2,CC=F,Yahoo chart API continuous-futures proxy
2023-02-28,2748,2748,2748,2748,2748,0,CC=F,Yahoo chart API continuous-futures proxy
2023-03-01,2830,2831,2830,2800,2800,2,CC=F,Yahoo chart API continuous-futures proxy
2023-03-02,2769,2815,2730,2760,2760,57,CC=F,Yahoo chart API continuous-futures proxy
2023-03-03,2744,2749,2720,2730,2730,4,CC=F,Yahoo chart API continuous-futures proxy
2023-03-06,2761,2761,2761,2761,2761,0,CC=F,Yahoo chart API continuous-futures proxy
2023-03-07,2726,2726,2726,2726,2726,0,CC=F,Yahoo chart API continuous-futures proxy
2023-03-08,2705,2705,2705,2699,2699,1,CC=F,Yahoo chart API continuous-futures proxy
2023-03-09,2699,2700,2697,2702,2702,21,CC=F,Yahoo chart API continuous-futures proxy
2023-03-10,2675,2678,2638,2674,2674,4,CC=F,Yahoo chart API continuous-futures proxy
2023-03-13,2613,2613,2613,2613,2613,0,CC=F,Yahoo chart API continuous-futures proxy
2023-03-14,2606,2606,2600,2628,2628,5,CC=F,Yahoo chart API continuous-futures proxy
2023-03-15,2586,2586,2586,2586,2586,0,CC=F,Yahoo chart API continuous-futures proxy
2023-03-16,2658,2658,2658,2658,2658,35894,CC=F,Yahoo chart API continuous-futures proxy
2023-03-17,2695,2746,2695,2738,2738,32963,CC=F,Yahoo chart API continuous-futures proxy
2023-03-20,2715,2796,2713,2785,2785,33309,CC=F,Yahoo chart API continuous-futures proxy
2023-03-21,2788,2823,2781,2817,2817,32438,CC=F,Yahoo chart API continuous-futures proxy
2023-03-22,2816,2878,2816,2874,2874,39680,CC=F,Yahoo chart API continuous-futures proxy
2023-03-23,2873,2888,2843,2868,2868,34475,CC=F,Yahoo chart API continuous-futures proxy
2023-03-24,2851,2892,2849,2884,2884,25486,CC=F,Yahoo chart API continuous-futures proxy
2023-03-27,2881,2923,2867,2902,2902,28448,CC=F,Yahoo chart API continuous-futures proxy
2023-03-28,2903,2922,2888,2901,2901,23740,CC=F,Yahoo chart API continuous-futures proxy
2023-03-29,2900,2903,2874,2880,2880,21729,CC=F,Yahoo chart API continuous-futures proxy
2023-03-30,2873,2927,2848,2917,2917,36611,CC=F,Yahoo chart API continuous-futures proxy
2023-03-31,2917,2963,2905,2933,2933,29946,CC=F,Yahoo chart API continuous-futures proxy
2023-04-03,2927,2929,2851,2868,2868,35388,CC=F,Yahoo chart API continuous-futures proxy
2023-04-04,2867,2925,2858,2914,2914,40763,CC=F,Yahoo chart API continuous-futures proxy
2023-04-05,2921,2922,2886,2903,2903,36591,CC=F,Yahoo chart API continuous-futures proxy
2023-04-06,2919,2936,2902,2919,2919,0,CC=F,Yahoo chart API continuous-futures proxy
2023-04-10,2919,2934,2864,2922,2922,28419,CC=F,Yahoo chart API continuous-futures proxy
2023-04-11,2923,2994,2920,2985,2985,45874,CC=F,Yahoo chart API continuous-futures proxy
2023-04-12,2978,2998,2941,2954,2954,21048,CC=F,Yahoo chart API continuous-futures proxy
2023-04-13,2982,3017,2960,3002,3002,13414,CC=F,Yahoo chart API continuous-futures proxy
2023-04-14,3002,3043,2964,2984,2984,11071,CC=F,Yahoo chart API continuous-futures proxy
2023-04-17,2979,3013,2974,3003,3003,9765,CC=F,Yahoo chart API continuous-futures proxy
2023-04-18,3015,3072,2991,3054,3054,9881,CC=F,Yahoo chart API continuous-futures proxy
2023-04-19,3066,3085,3038,3079,3079,9114,CC=F,Yahoo chart API continuous-futures proxy
2023-04-20,3079,3103,3057,3087,3087,8693,CC=F,Yahoo chart API continuous-futures proxy
2023-04-21,3103,3221,3074,3171,3171,3086,CC=F,Yahoo chart API continuous-futures proxy
2023-04-24,3207,3209,3152,3203,3203,107,CC=F,Yahoo chart API continuous-futures proxy
2023-04-25,3200,3200,3117,3149,3149,41,CC=F,Yahoo chart API continuous-futures proxy
2023-04-26,3165,3189,3164,3176,3176,18,CC=F,Yahoo chart API continuous-futures proxy
2023-04-27,3171,3171,3171,3150,3150,7,CC=F,Yahoo chart API continuous-futures proxy
2023-04-28,3137,3178,3137,3174,3174,13,CC=F,Yahoo chart API continuous-futures proxy
2023-05-01,3200,3200,3200,3171,3171,24,CC=F,Yahoo chart API continuous-futures proxy
2023-05-02,3125,3125,3125,3130,3130,8,CC=F,Yahoo chart API continuous-futures proxy
2023-05-03,3100,3101,2988,3014,3014,36,CC=F,Yahoo chart API continuous-futures proxy
2023-05-04,3052,3052,3052,3052,3052,0,CC=F,Yahoo chart API continuous-futures proxy
2023-05-05,3109,3109,3109,3109,3109,0,CC=F,Yahoo chart API continuous-futures proxy
2023-05-08,3188,3195,3178,3179,3179,4,CC=F,Yahoo chart API continuous-futures proxy
2023-05-09,3235,3242,3235,3229,3229,10,CC=F,Yahoo chart API continuous-futures proxy
2023-05-10,3269,3277,3263,3260,3260,11,CC=F,Yahoo chart API continuous-futures proxy
2023-05-11,3269,3269,3200,3242,3242,8,CC=F,Yahoo chart API continuous-futures proxy
2023-05-12,3244,3279,3244,3226,3226,49,CC=F,Yahoo chart API continuous-futures proxy
2023-05-15,3160,3160,3160,3160,3160,21300,CC=F,Yahoo chart API continuous-futures proxy
2023-05-16,2980,3008,2974,2995,2995,19384,CC=F,Yahoo chart API continuous-futures proxy
2023-05-17,2989,3012,2968,3000,3000,14464,CC=F,Yahoo chart API continuous-futures proxy
2023-05-18,3000,3030,2985,2991,2991,21182,CC=F,Yahoo chart API continuous-futures proxy
2023-05-19,2988,3074,2971,3068,3068,31231,CC=F,Yahoo chart API continuous-futures proxy
2023-05-22,3074,3079,3019,3023,3023,24531,CC=F,Yahoo chart API continuous-futures proxy
2023-05-23,3021,3049,3009,3016,3016,16988,CC=F,Yahoo chart API continuous-futures proxy
2023-05-24,3010,3034,2985,3010,3010,19258,CC=F,Yahoo chart API continuous-futures proxy
2023-05-25,3008,3028,2992,3017,3017,16176,CC=F,Yahoo chart API continuous-futures proxy
2023-05-26,3017,3038,2988,2991,2991,26105,CC=F,Yahoo chart API continuous-futures proxy
2023-05-30,2991,3028,2991,3005,3005,19322,CC=F,Yahoo chart API continuous-futures proxy
2023-05-31,3000,3031,2993,3007,3007,26454,CC=F,Yahoo chart API continuous-futures proxy
2023-06-01,3017,3047,3002,3008,3008,34422,CC=F,Yahoo chart API continuous-futures proxy
2023-06-02,3003,3034,2991,3026,3026,25530,CC=F,Yahoo chart API continuous-futures proxy
2023-06-05,3020,3065,3002,3056,3056,28784,CC=F,Yahoo chart API continuous-futures proxy
2023-06-06,3063,3096,3040,3045,3045,52105,CC=F,Yahoo chart API continuous-futures proxy
2023-06-07,3038,3109,3028,3103,3103,43640,CC=F,Yahoo chart API continuous-futures proxy
2023-06-08,3104,3169,3090,3149,3149,26981,CC=F,Yahoo chart API continuous-futures proxy
2023-06-09,3162,3182,3142,3180,3180,27194,CC=F,Yahoo chart API continuous-futures proxy
2023-06-12,3170,3188,3129,3136,3136,17951,CC=F,Yahoo chart API continuous-futures proxy
2023-06-13,3141,3261,3141,3186,3186,20201,CC=F,Yahoo chart API continuous-futures proxy
2023-06-14,3182,3225,3142,3189,3189,22385,CC=F,Yahoo chart API continuous-futures proxy
2023-06-15,3200,3236,3164,3226,3226,7851,CC=F,Yahoo chart API continuous-futures proxy
2023-06-16,3218,3228,3171,3188,3188,5721,CC=F,Yahoo chart API continuous-futures proxy
2023-06-20,3192,3192,3129,3142,3142,12149,CC=F,Yahoo chart API continuous-futures proxy
2023-06-21,3131,3182,3104,3164,3164,4001,CC=F,Yahoo chart API continuous-futures proxy
2023-06-22,3157,3166,3128,3138,3138,1663,CC=F,Yahoo chart API continuous-futures proxy
2023-06-23,3122,3147,3109,3123,3123,2119,CC=F,Yahoo chart API continuous-futures proxy
2023-06-26,3150,3233,3150,3206,3206,21,CC=F,Yahoo chart API continuous-futures proxy
2023-06-27,3217,3217,3209,3212,3212,11,CC=F,Yahoo chart API continuous-futures proxy
2023-06-28,3242,3258,3237,3292,3292,19,CC=F,Yahoo chart API continuous-futures proxy
2023-06-29,3253,3253,3253,3218,3218,3,CC=F,Yahoo chart API continuous-futures proxy
2023-06-30,3324,3324,3324,3318,3318,2,CC=F,Yahoo chart API continuous-futures proxy
2023-07-03,3306,3306,3306,3364,3364,1,CC=F,Yahoo chart API continuous-futures proxy
2023-07-05,3341,3356,3323,3334,3334,42,CC=F,Yahoo chart API continuous-futures proxy
2023-07-06,3277,3277,3277,3277,3277,0,CC=F,Yahoo chart API continuous-futures proxy
2023-07-07,3290,3290,3290,3274,3274,3,CC=F,Yahoo chart API continuous-futures proxy
2023-07-10,3309,3309,3290,3299,3299,2,CC=F,Yahoo chart API continuous-futures proxy
2023-07-11,3296,3296,3296,3296,3296,0,CC=F,Yahoo chart API continuous-futures proxy
2023-07-12,3293,3305,3293,3299,3299,19,CC=F,Yahoo chart API continuous-futures proxy
2023-07-13,3268,3268,3230,3232,3232,8,CC=F,Yahoo chart API continuous-futures proxy
2023-07-14,3307,3307,3307,3307,3307,35464,CC=F,Yahoo chart API continuous-futures proxy
2023-07-17,3351,3374,3323,3359,3359,18464,CC=F,Yahoo chart API continuous-futures proxy
2023-07-18,3371,3429,3343,3407,3407,23093,CC=F,Yahoo chart API continuous-futures proxy
2023-07-19,3400,3439,3382,3433,3433,21683,CC=F,Yahoo chart API continuous-futures proxy
2023-07-20,3410,3420,3373,3388,3388,18330,CC=F,Yahoo chart API continuous-futures proxy
2023-07-21,3368,3427,3360,3415,3415,17637,CC=F,Yahoo chart API continuous-futures proxy
2023-07-24,3410,3425,3391,3417,3417,13588,CC=F,Yahoo chart API continuous-futures proxy
2023-07-25,3427,3519,3421,3470,3470,27274,CC=F,Yahoo chart API continuous-futures proxy
2023-07-26,3470,3569,3464,3552,3552,40035,CC=F,Yahoo chart API continuous-futures proxy
2023-07-27,3580,3602,3502,3529,3529,23786,CC=F,Yahoo chart API continuous-futures proxy
2023-07-28,3549,3562,3518,3525,3525,14059,CC=F,Yahoo chart API continuous-futures proxy
2023-07-31,3527,3569,3523,3548,3548,19202,CC=F,Yahoo chart API continuous-futures proxy
2023-08-01,3551,3578,3507,3543,3543,29107,CC=F,Yahoo chart API continuous-futures proxy
2023-08-02,3538,3582,3530,3562,3562,28982,CC=F,Yahoo chart API continuous-futures proxy
2023-08-03,3550,3559,3484,3491,3491,33437,CC=F,Yahoo chart API continuous-futures proxy
2023-08-04,3486,3551,3485,3510,3510,39427,CC=F,Yahoo chart API continuous-futures proxy
2023-08-07,3498,3652,3430,3476,3476,79742,CC=F,Yahoo chart API continuous-futures proxy
2023-08-08,3456,3456,3266,3333,3333,44561,CC=F,Yahoo chart API continuous-futures proxy
2023-08-09,3342,3368,3278,3319,3319,22758,CC=F,Yahoo chart API continuous-futures proxy
2023-08-10,3299,3316,3237,3282,3282,22965,CC=F,Yahoo chart API continuous-futures proxy
2023-08-11,3264,3311,3245,3297,3297,13733,CC=F,Yahoo chart API continuous-futures proxy
2023-08-14,3305,3343,3293,3321,3321,6923,CC=F,Yahoo chart API continuous-futures proxy
2023-08-15,3308,3376,3305,3340,3340,5144,CC=F,Yahoo chart API continuous-futures proxy
2023-08-16,3336,3381,3324,3372,3372,7301,CC=F,Yahoo chart API continuous-futures proxy
2023-08-17,3382,3440,3382,3413,3413,3819,CC=F,Yahoo chart API continuous-futures proxy
2023-08-18,3410,3410,3354,3366,3366,3650,CC=F,Yahoo chart API continuous-futures proxy
2023-08-21,3355,3409,3338,3355,3355,2056,CC=F,Yahoo chart API continuous-futures proxy
2023-08-22,3368,3375,3311,3329,3329,3368,CC=F,Yahoo chart API continuous-futures proxy
2023-08-23,3328,3347,3301,3323,3323,2122,CC=F,Yahoo chart API continuous-futures proxy
2023-08-24,3328,3399,3298,3363,3363,4359,CC=F,Yahoo chart API continuous-futures proxy
2023-08-25,3439,3440,3437,3430,3430,47,CC=F,Yahoo chart API continuous-futures proxy
2023-08-28,3465,3465,3444,3442,3442,6,CC=F,Yahoo chart API continuous-futures proxy
2023-08-29,3525,3549,3525,3555,3555,5,CC=F,Yahoo chart API continuous-futures proxy
2023-08-30,3576,3576,3576,3606,3606,2,CC=F,Yahoo chart API continuous-futures proxy
2023-08-31,3633,3633,3633,3602,3602,1,CC=F,Yahoo chart API continuous-futures proxy
2023-09-01,3626,3626,3575,3574,3574,7,CC=F,Yahoo chart API continuous-futures proxy
2023-09-05,3638,3638,3595,3560,3560,83,CC=F,Yahoo chart API continuous-futures proxy
2023-09-06,3577,3577,3577,3577,3577,1,CC=F,Yahoo chart API continuous-futures proxy
2023-09-07,3565,3591,3565,3573,3573,6,CC=F,Yahoo chart API continuous-futures proxy
2023-09-08,3624,3625,3610,3609,3609,19,CC=F,Yahoo chart API continuous-futures proxy
2023-09-11,3618,3618,3618,3611,3611,5,CC=F,Yahoo chart API continuous-futures proxy
2023-09-12,3650,3808,3650,3772,3772,22,CC=F,Yahoo chart API continuous-futures proxy
2023-09-13,3853,3874,3853,3849,3849,3,CC=F,Yahoo chart API continuous-futures proxy
2023-09-14,3853,3853,3853,3853,3853,17479,CC=F,Yahoo chart API continuous-futures proxy
2023-09-15,3738,3763,3725,3757,3757,14101,CC=F,Yahoo chart API continuous-futures proxy
2023-09-18,3747,3754,3613,3621,3621,29765,CC=F,Yahoo chart API continuous-futures proxy
2023-09-19,3640,3688,3633,3642,3642,22497,CC=F,Yahoo chart API continuous-futures proxy
2023-09-20,3614,3625,3555,3570,3570,25702,CC=F,Yahoo chart API continuous-futures proxy
2023-09-21,3576,3609,3553,3595,3595,21421,CC=F,Yahoo chart API continuous-futures proxy
2023-09-22,3595,3643,3565,3582,3582,20986,CC=F,Yahoo chart API continuous-futures proxy
2023-09-25,3583,3583,3491,3496,3496,23820,CC=F,Yahoo chart API continuous-futures proxy
2023-09-26,3500,3539,3488,3500,3500,19988,CC=F,Yahoo chart API continuous-futures proxy
2023-09-27,3489,3489,3398,3416,3416,32686,CC=F,Yahoo chart API continuous-futures proxy
2023-09-28,3431,3471,3425,3459,3459,23340,CC=F,Yahoo chart API continuous-futures proxy
2023-09-29,3457,3484,3402,3418,3418,25999,CC=F,Yahoo chart API continuous-futures proxy
2023-10-02,3432,3525,3432,3502,3502,27425,CC=F,Yahoo chart API continuous-futures proxy
2023-10-03,3487,3508,3414,3428,3428,22599,CC=F,Yahoo chart API continuous-futures proxy
2023-10-04,3414,3453,3410,3431,3431,15882,CC=F,Yahoo chart API continuous-futures proxy
2023-10-05,3438,3445,3375,3400,3400,22992,CC=F,Yahoo chart API continuous-futures proxy
2023-10-06,3392,3469,3373,3453,3453,22147,CC=F,Yahoo chart API continuous-futures proxy
2023-10-09,3460,3465,3406,3435,3435,14886,CC=F,Yahoo chart API continuous-futures proxy
2023-10-10,3444,3479,3432,3474,3474,15117,CC=F,Yahoo chart API continuous-futures proxy
2023-10-11,3485,3490,3426,3432,3432,14216,CC=F,Yahoo chart API continuous-futures proxy
2023-10-12,3480,3503,3460,3490,3490,19367,CC=F,Yahoo chart API continuous-futures proxy
2023-10-13,3488,3514,3455,3499,3499,17559,CC=F,Yahoo chart API continuous-futures proxy
2023-10-16,3513,3613,3506,3591,3591,30432,CC=F,Yahoo chart API continuous-futures proxy
2023-10-17,3584,3642,3570,3635,3635,20606,CC=F,Yahoo chart API continuous-futures proxy
2023-10-18,3627,3672,3615,3639,3639,23508,CC=F,Yahoo chart API continuous-futures proxy
2023-10-19,3660,3700,3630,3648,3648,21540,CC=F,Yahoo chart API continuous-futures proxy
2023-10-20,3616,3710,3603,3694,3694,20399,CC=F,Yahoo chart API continuous-futures proxy
2023-10-23,3726,3786,3715,3759,3759,20738,CC=F,Yahoo chart API continuous-futures proxy
2023-10-24,3774,3778,3701,3729,3729,23275,CC=F,Yahoo chart API continuous-futures proxy
2023-10-25,3722,3781,3716,3735,3735,19776,CC=F,Yahoo chart API continuous-futures proxy
2023-10-26,3739,3837,3732,3810,3810,22206,CC=F,Yahoo chart API continuous-futures proxy
2023-10-27,3812,3871,3808,3852,3852,22900,CC=F,Yahoo chart API continuous-futures proxy
2023-10-30,3860,3880,3810,3826,3826,16837,CC=F,Yahoo chart API continuous-futures proxy
2023-10-31,3839,3874,3795,3817,3817,22845,CC=F,Yahoo chart API continuous-futures proxy
2023-11-01,3806,3825,3781,3794,3794,16708,CC=F,Yahoo chart API continuous-futures proxy
2023-11-02,3810,3867,3809,3865,3865,19046,CC=F,Yahoo chart API continuous-futures proxy
2023-11-03,3859,3906,3823,3898,3898,25573,CC=F,Yahoo chart API continuous-futures proxy
2023-11-06,3900,3954,3865,3914,3914,45901,CC=F,Yahoo chart API continuous-futures proxy
2023-11-07,3935,3969,3866,3883,3883,34321,CC=F,Yahoo chart API continuous-futures proxy
2023-11-08,3885,3933,3844,3916,3916,35999,CC=F,Yahoo chart API continuous-futures proxy
2023-11-09,3935,3974,3924,3949,3949,19754,CC=F,Yahoo chart API continuous-futures proxy
2023-11-10,3942,4012,3942,3991,3991,18417,CC=F,Yahoo chart API continuous-futures proxy
2023-11-13,3998,4060,3990,4051,4051,12766,CC=F,Yahoo chart API continuous-futures proxy
2023-11-14,4067,4110,3914,3946,3946,21864,CC=F,Yahoo chart API continuous-futures proxy
2023-11-15,3925,3969,3886,3939,3939,10180,CC=F,Yahoo chart API continuous-futures proxy
2023-11-16,3974,4040,3974,4004,4004,7246,CC=F,Yahoo chart API continuous-futures proxy
2023-11-17,4003,4091,4002,4083,4083,8589,CC=F,Yahoo chart API continuous-futures proxy
2023-11-20,4069,4099,4021,4034,4034,10602,CC=F,Yahoo chart API continuous-futures proxy
2023-11-21,4050,4267,4046,4227,4227,9761,CC=F,Yahoo chart API continuous-futures proxy
2023-11-22,4253,4260,4160,4173,4173,713,CC=F,Yahoo chart API continuous-futures proxy
2023-11-23,,,,,,,CC=F,Yahoo chart API continuous-futures proxy
2023-11-24,4251,4251,4235,4219,4219,33,CC=F,Yahoo chart API continuous-futures proxy
2023-11-27,4220,4267,4220,4260,4260,321,CC=F,Yahoo chart API continuous-futures proxy
2023-11-28,4291,4381,4263,4370,4370,86,CC=F,Yahoo chart API continuous-futures proxy
2023-11-29,4375,4419,4375,4438,4438,12,CC=F,Yahoo chart API continuous-futures proxy
2023-11-30,4428,4463,4428,4475,4475,15,CC=F,Yahoo chart API continuous-futures proxy
2023-12-01,4428,4428,4399,4398,4398,14,CC=F,Yahoo chart API continuous-futures proxy
2023-12-04,4253,4253,4253,4271,4271,15,CC=F,Yahoo chart API continuous-futures proxy
2023-12-05,4240,4240,4240,4206,4206,7,CC=F,Yahoo chart API continuous-futures proxy
2023-12-06,4206,4230,4206,4241,4241,39,CC=F,Yahoo chart API continuous-futures proxy
2023-12-07,4366,4366,4366,4340,4340,1,CC=F,Yahoo chart API continuous-futures proxy
2023-12-08,4381,4381,4381,4381,4381,0,CC=F,Yahoo chart API continuous-futures proxy
2023-12-11,4419,4419,4388,4351,4351,5,CC=F,Yahoo chart API continuous-futures proxy
2023-12-12,4478,4478,4456,4375,4375,6,CC=F,Yahoo chart API continuous-futures proxy
2023-12-13,4395,4395,4395,4395,4395,15859,CC=F,Yahoo chart API continuous-futures proxy
2023-12-14,4270,4317,4237,4267,4267,25216,CC=F,Yahoo chart API continuous-futures proxy
2023-12-15,4273,4282,4231,4244,4244,19048,CC=F,Yahoo chart API continuous-futures proxy
2023-12-18,4255,4307,4241,4271,4271,18493,CC=F,Yahoo chart API continuous-futures proxy
2023-12-19,4285,4307,4254,4289,4289,16193,CC=F,Yahoo chart API continuous-futures proxy
2023-12-20,4288,4334,4271,4309,4309,16998,CC=F,Yahoo chart API continuous-futures proxy
2023-12-21,4300,4320,4267,4288,4288,20606,CC=F,Yahoo chart API continuous-futures proxy
2023-12-22,4277,4325,4275,4311,4311,12715,CC=F,Yahoo chart API continuous-futures proxy
2023-12-26,4320,4343,4276,4283,4283,9121,CC=F,Yahoo chart API continuous-futures proxy
2023-12-27,4296,4315,4277,4280,4280,12495,CC=F,Yahoo chart API continuous-futures proxy
2023-12-28,4288,4302,4235,4256,4256,16113,CC=F,Yahoo chart API continuous-futures proxy
2023-12-29,4256,4256,4193,4196,4196,18596,CC=F,Yahoo chart API continuous-futures proxy
2024-01-02,4209,4287,4200,4275,4275,24130,CC=F,Yahoo chart API continuous-futures proxy
2024-01-03,4265,4273,4204,4238,4238,25190,CC=F,Yahoo chart API continuous-futures proxy
2024-01-04,4233,4267,4232,4260,4260,15720,CC=F,Yahoo chart API continuous-futures proxy
2024-01-05,4260,4274,4194,4204,4204,19627,CC=F,Yahoo chart API continuous-futures proxy
2024-01-08,4194,4194,4034,4094,4094,53188,CC=F,Yahoo chart API continuous-futures proxy
2024-01-09,4110,4202,4092,4162,4162,28725,CC=F,Yahoo chart API continuous-futures proxy
2024-01-10,4171,4235,4156,4206,4206,22852,CC=F,Yahoo chart API continuous-futures proxy
2024-01-11,4210,4280,4199,4274,4274,24520,CC=F,Yahoo chart API continuous-futures proxy
2024-01-12,4290,4358,4285,4323,4323,30064,CC=F,Yahoo chart API continuous-futures proxy
2024-01-16,4355,4448,4321,4429,4429,35655,CC=F,Yahoo chart API continuous-futures proxy
2024-01-17,4420,4478,4406,4448,4448,27594,CC=F,Yahoo chart API continuous-futures proxy
2024-01-18,4428,4497,4415,4458,4458,29379,CC=F,Yahoo chart API continuous-futures proxy
2024-01-19,4499,4607,4479,4583,4583,39687,CC=F,Yahoo chart API continuous-futures proxy
2024-01-22,4589,4607,4529,4565,4565,27707,CC=F,Yahoo chart API continuous-futures proxy
2024-01-23,4570,4835,4570,4634,4634,50898,CC=F,Yahoo chart API continuous-futures proxy
2024-01-24,4679,4808,4658,4785,4785,36933,CC=F,Yahoo chart API continuous-futures proxy
2024-01-25,4815,4840,4610,4625,4625,44374,CC=F,Yahoo chart API continuous-futures proxy
2024-01-26,4650,4696,4614,4672,4672,25005,CC=F,Yahoo chart API continuous-futures proxy
2024-01-29,4679,4755,4632,4732,4732,29981,CC=F,Yahoo chart API continuous-futures proxy
2024-01-30,4743,4843,4712,4805,4805,33961,CC=F,Yahoo chart API continuous-futures proxy
2024-01-31,4795,4869,4770,4822,4822,25256,CC=F,Yahoo chart API continuous-futures proxy
2024-02-01,4832,4981,4828,4956,4956,36184,CC=F,Yahoo chart API continuous-futures proxy
2024-02-02,4990,5032,4939,5009,5009,37945,CC=F,Yahoo chart API continuous-futures proxy
2024-02-05,5035,5249,5010,5189,5189,37591,CC=F,Yahoo chart API continuous-futures proxy
2024-02-06,5244,5288,5133,5220,5220,36089,CC=F,Yahoo chart API continuous-futures proxy
2024-02-07,5219,5429,5194,5410,5410,42231,CC=F,Yahoo chart API continuous-futures proxy
2024-02-08,5488,5874,5451,5805,5805,37991,CC=F,Yahoo chart API continuous-futures proxy
2024-02-09,5900,6030,5528,5888,5888,35319,CC=F,Yahoo chart API continuous-futures proxy
2024-02-12,5868,5958,5773,5860,5860,16137,CC=F,Yahoo chart API continuous-futures proxy
2024-02-13,5828,6029,5815,6001,6001,12137,CC=F,Yahoo chart API continuous-futures proxy
2024-02-14,6008,6039,5812,5949,5949,9014,CC=F,Yahoo chart API continuous-futures proxy
2024-02-15,5956,6030,5888,5961,5961,6096,CC=F,Yahoo chart API continuous-futures proxy
2024-02-16,5947,5964,5689,5706,5706,10725,CC=F,Yahoo chart API continuous-futures proxy
2024-02-20,5750,6069,5750,5999,5999,6822,CC=F,Yahoo chart API continuous-futures proxy
2024-02-21,6050,6311,6022,6198,6198,2545,CC=F,Yahoo chart API continuous-futures proxy
2024-02-22,6336,6340,5961,6169,6169,843,CC=F,Yahoo chart API continuous-futures proxy
2024-02-23,6033,6750,6033,6562,6562,83,CC=F,Yahoo chart API continuous-futures proxy
2024-02-26,6765,6929,6650,6884,6884,42,CC=F,Yahoo chart API continuous-futures proxy
2024-02-27,6780,6893,6743,6755,6755,8,CC=F,Yahoo chart API continuous-futures proxy
2024-02-28,6590,6590,6362,6380,6380,7,CC=F,Yahoo chart API continuous-futures proxy
2024-02-29,6413,6466,6413,6510,6510,319,CC=F,Yahoo chart API continuous-futures proxy
2024-03-01,6769,6769,6769,6826,6826,5,CC=F,Yahoo chart API continuous-futures proxy
2024-03-04,7057,7057,7057,7057,7057,0,CC=F,Yahoo chart API continuous-futures proxy
2024-03-05,7000,7000,7000,6970,6970,1,CC=F,Yahoo chart API continuous-futures proxy
2024-03-06,7170,7170,7170,7170,7170,3,CC=F,Yahoo chart API continuous-futures proxy
2024-03-07,7000,7000,7000,7054,7054,1,CC=F,Yahoo chart API continuous-futures proxy
2024-03-08,6928,6928,6928,6997,6997,1,CC=F,Yahoo chart API continuous-futures proxy
2024-03-11,7329,7329,7329,7329,7329,0,CC=F,Yahoo chart API continuous-futures proxy
2024-03-12,7890,7974,7890,8048,8048,8,CC=F,Yahoo chart API continuous-futures proxy
2024-03-13,8034,8034,8034,8034,8034,20260,CC=F,Yahoo chart API continuous-futures proxy
2024-03-14,7185,7715,7063,7405,7405,29410,CC=F,Yahoo chart API continuous-futures proxy
2024-03-15,7435,8186,7357,8018,8018,25580,CC=F,Yahoo chart API continuous-futures proxy
2024-03-18,8179,8493,7824,8172,8172,32655,CC=F,Yahoo chart API continuous-futures proxy
2024-03-19,8188,8412,7963,8027,8027,19138,CC=F,Yahoo chart API continuous-futures proxy
2024-03-20,7920,8429,7716,8324,8324,23723,CC=F,Yahoo chart API continuous-futures proxy
2024-03-21,8395,8653,8149,8559,8559,21272,CC=F,Yahoo chart API continuous-futures proxy
2024-03-22,8573,8960,8465,8939,8939,16403,CC=F,Yahoo chart API continuous-futures proxy
2024-03-25,8921,9684,8889,9649,9649,19698,CC=F,Yahoo chart API continuous-futures proxy
2024-03-26,9847,10080,9574,9622,9622,26263,CC=F,Yahoo chart API continuous-futures proxy
2024-03-27,9509,9917,9267,9843,9843,23291,CC=F,Yahoo chart API continuous-futures proxy
2024-03-28,9906,10014,9671,9766,9766,17953,CC=F,Yahoo chart API continuous-futures proxy
2024-04-01,9720,10318,9632,10120,10120,11594,CC=F,Yahoo chart API continuous-futures proxy
2024-04-02,10186,10324,9808,9949,9949,19824,CC=F,Yahoo chart API continuous-futures proxy
2024-04-03,9858,10044,9406,9524,9524,23087,CC=F,Yahoo chart API continuous-futures proxy
2024-04-04,9389,9644,9150,9462,9462,14914,CC=F,Yahoo chart API continuous-futures proxy
2024-04-05,9668,9990,9480,9795,9795,16993,CC=F,Yahoo chart API continuous-futures proxy
2024-04-08,9953,10443,9669,9895,9895,22946,CC=F,Yahoo chart API continuous-futures proxy
2024-04-09,9717,10321,9653,10204,10204,15144,CC=F,Yahoo chart API continuous-futures proxy
2024-04-10,10300,10629,10148,10411,10411,10866,CC=F,Yahoo chart API continuous-futures proxy
2024-04-11,10445,10771,10319,10373,10373,12639,CC=F,Yahoo chart API continuous-futures proxy
2024-04-12,10400,11039,10357,10987,10987,6464,CC=F,Yahoo chart API continuous-futures proxy
2024-04-15,10884,11206,10830,11001,11001,5550,CC=F,Yahoo chart API continuous-futures proxy
2024-04-16,11063,11085,9988,10243,10243,4386,CC=F,Yahoo chart API continuous-futures proxy
2024-04-17,10173,10630,10100,10340,10340,5414,CC=F,Yahoo chart API continuous-futures proxy
2024-04-18,10620,11388,10530,11311,11311,5542,CC=F,Yahoo chart API continuous-futures proxy
2024-04-19,11504,12261,11132,11878,11878,2808,CC=F,Yahoo chart API continuous-futures proxy
2024-04-22,11967,12136,10929,11166,11166,1652,CC=F,Yahoo chart API continuous-futures proxy
2024-04-23,10803,10835,10221,10584,10584,3530,CC=F,Yahoo chart API continuous-futures proxy
2024-04-24,10835,11600,10835,11043,11043,19,CC=F,Yahoo chart API continuous-futures proxy
2024-04-25,11530,11530,10800,10988,10988,6,CC=F,Yahoo chart API continuous-futures proxy
2024-04-26,10973,10975,10973,10729,10729,8,CC=F,Yahoo chart API continuous-futures proxy
2024-04-29,10327,10327,9958,9983,9983,30,CC=F,Yahoo chart API continuous-futures proxy
2024-04-30,9610,10115,8651,10133,10133,18,CC=F,Yahoo chart API continuous-futures proxy
2024-05-01,9206,9206,8930,9183,9183,15,CC=F,Yahoo chart API continuous-futures proxy
2024-05-02,8750,8750,8240,8483,8483,22,CC=F,Yahoo chart API continuous-futures proxy
2024-05-03,8550,8550,8513,8505,8505,10,CC=F,Yahoo chart API continuous-futures proxy
2024-05-06,8570,8570,8570,8571,8571,4,CC=F,Yahoo chart API continuous-futures proxy
2024-05-07,9593,9593,9593,9593,9593,0,CC=F,Yahoo chart API continuous-futures proxy
2024-05-08,9617,9617,9617,9617,9617,0,CC=F,Yahoo chart API continuous-futures proxy
2024-05-09,9678,9678,9678,9678,9678,0,CC=F,Yahoo chart API continuous-futures proxy
2024-05-10,9874,9874,9874,9874,9874,0,CC=F,Yahoo chart API continuous-futures proxy
2024-05-13,8149,8149,8149,8149,8149,0,CC=F,Yahoo chart API continuous-futures proxy
2024-05-14,9000,9000,9000,8751,8751,1,CC=F,Yahoo chart API continuous-futures proxy
2024-05-15,9066,9066,9066,9066,9066,8426,CC=F,Yahoo chart API continuous-futures proxy
2024-05-16,7896,7951,7202,7393,7393,11580,CC=F,Yahoo chart API continuous-futures proxy
2024-05-17,7350,7685,7137,7348,7348,7907,CC=F,Yahoo chart API continuous-futures proxy
2024-05-20,7277,7373,6767,7216,7216,10261,CC=F,Yahoo chart API continuous-futures proxy
2024-05-21,7077,7492,6910,7394,7394,7994,CC=F,Yahoo chart API continuous-futures proxy
2024-05-22,7372,7638,7273,7536,7536,8462,CC=F,Yahoo chart API continuous-futures proxy
2024-05-23,7423,8400,7323,8109,8109,14084,CC=F,Yahoo chart API continuous-futures proxy
2024-05-24,8219,8436,7869,8294,8294,10974,CC=F,Yahoo chart API continuous-futures proxy
2024-05-28,8200,8800,7942,8780,8780,15093,CC=F,Yahoo chart API continuous-futures proxy
2024-05-29,8730,9460,8690,9309,9309,14757,CC=F,Yahoo chart API continuous-futures proxy
2024-05-30,9278,9550,9054,9257,9257,9201,CC=F,Yahoo chart API continuous-futures proxy
2024-05-31,9242,9420,9031,9331,9331,8033,CC=F,Yahoo chart API continuous-futures proxy
2024-06-03,9331,10047,9181,9775,9775,17665,CC=F,Yahoo chart API continuous-futures proxy
2024-06-04,9446,9697,9162,9557,9557,14149,CC=F,Yahoo chart API continuous-futures proxy
2024-06-05,9410,9642,9103,9408,9408,12615,CC=F,Yahoo chart API continuous-futures proxy
2024-06-06,9600,9987,9566,9872,9872,11501,CC=F,Yahoo chart API continuous-futures proxy
2024-06-07,9865,10098,9812,9933,9933,15259,CC=F,Yahoo chart API continuous-futures proxy
2024-06-10,9933,10038,9411,9687,9687,9152,CC=F,Yahoo chart API continuous-futures proxy
2024-06-11,9597,10055,9597,9910,9910,9207,CC=F,Yahoo chart API continuous-futures proxy
2024-06-12,10088,10640,9950,10539,10539,7296,CC=F,Yahoo chart API continuous-futures proxy
2024-06-13,10595,11000,10491,10810,10810,4837,CC=F,Yahoo chart API continuous-futures proxy
2024-06-14,10784,10850,9567,10294,10294,2946,CC=F,Yahoo chart API continuous-futures proxy
2024-06-17,10225,10307,9477,9659,9659,3308,CC=F,Yahoo chart API continuous-futures proxy
2024-06-18,9628,10014,9531,9938,9938,2336,CC=F,Yahoo chart API continuous-futures proxy
2024-06-20,9910,10295,9319,9598,9598,2143,CC=F,Yahoo chart API continuous-futures proxy
2024-06-21,9280,9725,8600,8995,8995,1568,CC=F,Yahoo chart API continuous-futures proxy
2024-06-24,8792,8864,7882,7978,7978,28,CC=F,Yahoo chart API continuous-futures proxy
2024-06-25,8144,8144,7521,7967,7967,7,CC=F,Yahoo chart API continuous-futures proxy
2024-06-26,7950,7950,7500,7797,7797,5,CC=F,Yahoo chart API continuous-futures proxy
2024-06-27,7500,7500,7361,7397,7397,9,CC=F,Yahoo chart API continuous-futures proxy
2024-06-28,7692,7692,7692,7729,7729,1,CC=F,Yahoo chart API continuous-futures proxy
2024-07-01,7500,7500,7500,7352,7352,1,CC=F,Yahoo chart API continuous-futures proxy
2024-07-02,7249,7497,7245,7773,7773,412,CC=F,Yahoo chart API continuous-futures proxy
2024-07-03,7811,7811,7811,7811,7811,0,CC=F,Yahoo chart API continuous-futures proxy
2024-07-05,7718,7740,7718,7721,7721,10,CC=F,Yahoo chart API continuous-futures proxy
2024-07-08,7721,7721,7720,7693,7693,3,CC=F,Yahoo chart API continuous-futures proxy
2024-07-09,8430,8430,8430,8023,8023,1,CC=F,Yahoo chart API continuous-futures proxy
2024-07-10,8197,8197,8197,8197,8197,0,CC=F,Yahoo chart API continuous-futures proxy
2024-07-11,8325,8325,8325,8441,8441,1,CC=F,Yahoo chart API continuous-futures proxy
2024-07-12,8523,8523,8523,8523,8523,0,CC=F,Yahoo chart API continuous-futures proxy
2024-07-15,8399,8399,8399,8463,8463,1,CC=F,Yahoo chart API continuous-futures proxy
2024-07-16,8320,8320,8320,8320,8320,9527,CC=F,Yahoo chart API continuous-futures proxy
2024-07-17,7963,7968,7600,7763,7763,10306,CC=F,Yahoo chart API continuous-futures proxy
2024-07-18,7806,8171,7690,8068,8068,9181,CC=F,Yahoo chart API continuous-futures proxy
2024-07-19,8185,8321,7618,7689,7689,9291,CC=F,Yahoo chart API continuous-futures proxy
2024-07-22,7725,8450,7720,8398,8398,11876,CC=F,Yahoo chart API continuous-futures proxy
2024-07-23,8249,8395,8181,8286,8286,6276,CC=F,Yahoo chart API continuous-futures proxy
2024-07-24,8225,8485,8123,8227,8227,10226,CC=F,Yahoo chart API continuous-futures proxy
2024-07-25,8201,8201,7770,7805,7805,8448,CC=F,Yahoo chart API continuous-futures proxy
2024-07-26,7785,8099,7719,8038,8038,8417,CC=F,Yahoo chart API continuous-futures proxy
2024-07-29,8001,8001,7640,7716,7716,11261,CC=F,Yahoo chart API continuous-futures proxy
2024-07-30,7778,8232,7700,8136,8136,11585,CC=F,Yahoo chart API continuous-futures proxy
2024-07-31,8125,8250,7960,8092,8092,8340,CC=F,Yahoo chart API continuous-futures proxy
2024-08-01,8023,8047,7523,7562,7562,12323,CC=F,Yahoo chart API continuous-futures proxy
2024-08-02,7621,7689,7419,7520,7520,11475,CC=F,Yahoo chart API continuous-futures proxy
2024-08-05,7440,8100,7339,7901,7901,13965,CC=F,Yahoo chart API continuous-futures proxy
2024-08-06,7960,8365,7913,8223,8223,11629,CC=F,Yahoo chart API continuous-futures proxy
2024-08-07,8271,9030,8223,8586,8586,14297,CC=F,Yahoo chart API continuous-futures proxy
2024-08-08,8651,8792,8050,8178,8178,11741,CC=F,Yahoo chart API continuous-futures proxy
2024-08-09,8457,9226,8397,9098,9098,8871,CC=F,Yahoo chart API continuous-futures proxy
2024-08-12,9000,9079,8639,8731,8731,8295,CC=F,Yahoo chart API continuous-futures proxy
2024-08-13,8908,9079,8555,8862,8862,7909,CC=F,Yahoo chart API continuous-futures proxy
2024-08-14,8964,8972,8649,8833,8833,4032,CC=F,Yahoo chart API continuous-futures proxy
2024-08-15,8809,9021,8357,8485,8485,4510,CC=F,Yahoo chart API continuous-futures proxy
2024-08-16,8524,8968,8399,8637,8637,2728,CC=F,Yahoo chart API continuous-futures proxy
2024-08-19,8777,9440,8649,9173,9173,3597,CC=F,Yahoo chart API continuous-futures proxy
2024-08-20,9114,9519,9045,9486,9486,1891,CC=F,Yahoo chart API continuous-futures proxy
2024-08-21,9545,9793,9400,9582,9582,2811,CC=F,Yahoo chart API continuous-futures proxy
2024-08-22,9612,9744,9348,9689,9689,2362,CC=F,Yahoo chart API continuous-futures proxy
2024-08-23,9700,9899,9494,9821,9821,999,CC=F,Yahoo chart API continuous-futures proxy
2024-08-26,9850,9900,9715,9880,9880,53,CC=F,Yahoo chart API continuous-futures proxy
2024-08-27,9934,9934,9787,9785,9785,35,CC=F,Yahoo chart API continuous-futures proxy
2024-08-28,9700,9930,9624,9730,9730,11,CC=F,Yahoo chart API continuous-futures proxy
2024-08-29,9593,9671,9515,9600,9600,13,CC=F,Yahoo chart API continuous-futures proxy
2024-08-30,9707,9812,9645,9666,9666,23,CC=F,Yahoo chart API continuous-futures proxy
2024-09-03,9569,9730,9355,9663,9663,13,CC=F,Yahoo chart API continuous-futures proxy
2024-09-04,9500,9500,9375,9282,9282,6,CC=F,Yahoo chart API continuous-futures proxy
2024-09-05,9416,9496,9399,9539,9539,6,CC=F,Yahoo chart API continuous-futures proxy
2024-09-06,9459,9459,9459,9459,9459,0,CC=F,Yahoo chart API continuous-futures proxy
2024-09-09,9839,9839,9839,9839,9839,0,CC=F,Yahoo chart API continuous-futures proxy
2024-09-10,9726,9726,9726,9654,9654,3,CC=F,Yahoo chart API continuous-futures proxy
2024-09-11,10018,10099,10018,10115,10115,4,CC=F,Yahoo chart API continuous-futures proxy
2024-09-12,9895,9895,9895,9968,9968,1,CC=F,Yahoo chart API continuous-futures proxy
2024-09-13,8320,10116,8320,10079,10079,7635,CC=F,Yahoo chart API continuous-futures proxy
2024-09-16,7690,7849,7542,7767,7767,8493,CC=F,Yahoo chart API continuous-futures proxy
2024-09-17,7703,7778,7473,7620,7620,6229,CC=F,Yahoo chart API continuous-futures proxy
2024-09-18,7623,7847,7583,7814,7814,11843,CC=F,Yahoo chart API continuous-futures proxy
2024-09-19,7796,7904,7705,7750,7750,6001,CC=F,Yahoo chart API continuous-futures proxy
2024-09-20,7735,7807,7600,7658,7658,7013,CC=F,Yahoo chart API continuous-futures proxy
2024-09-23,7602,7949,7565,7786,7786,8558,CC=F,Yahoo chart API continuous-futures proxy
2024-09-24,7785,7929,7690,7867,7867,8515,CC=F,Yahoo chart API continuous-futures proxy
2024-09-25,7851,8049,7805,7955,7955,8326,CC=F,Yahoo chart API continuous-futures proxy
2024-09-26,8000,8796,7996,8122,8122,22154,CC=F,Yahoo chart API continuous-futures proxy
2024-09-27,8078,8370,8035,8281,8281,7951,CC=F,Yahoo chart API continuous-futures proxy
2024-09-30,8299,8299,7682,7722,7722,11870,CC=F,Yahoo chart API continuous-futures proxy
2024-10-01,7722,7830,7006,7039,7039,16564,CC=F,Yahoo chart API continuous-futures proxy
2024-10-02,7081,7332,6926,7064,7064,12946,CC=F,Yahoo chart API continuous-futures proxy
2024-10-03,7030,7188,6884,7030,7030,12133,CC=F,Yahoo chart API continuous-futures proxy
2024-10-04,7080,7126,6850,7069,7069,14465,CC=F,Yahoo chart API continuous-futures proxy
2024-10-07,6987,7059,6862,6908,6908,9771,CC=F,Yahoo chart API continuous-futures proxy
2024-10-08,6970,7231,6951,7050,7050,8375,CC=F,Yahoo chart API continuous-futures proxy
2024-10-09,7123,7442,7102,7351,7351,8067,CC=F,Yahoo chart API continuous-futures proxy
2024-10-10,7350,7565,7139,7529,7529,7631,CC=F,Yahoo chart API continuous-futures proxy
2024-10-11,7560,7851,7553,7739,7739,8121,CC=F,Yahoo chart API continuous-futures proxy
2024-10-14,7699,7816,7565,7615,7615,6666,CC=F,Yahoo chart API continuous-futures proxy
2024-10-15,7619,8027,7505,7942,7942,8608,CC=F,Yahoo chart API continuous-futures proxy
2024-10-16,8045,8172,7651,7765,7765,8645,CC=F,Yahoo chart API continuous-futures proxy
2024-10-17,7680,7919,7488,7771,7771,7812,CC=F,Yahoo chart API continuous-futures proxy
2024-10-18,7832,7881,7406,7450,7450,7653,CC=F,Yahoo chart API continuous-futures proxy
2024-10-21,7355,7640,7310,7394,7394,6440,CC=F,Yahoo chart API continuous-futures proxy
2024-10-22,7370,7406,7014,7140,7140,10096,CC=F,Yahoo chart API continuous-futures proxy
2024-10-23,7120,7223,6929,7001,7001,9041,CC=F,Yahoo chart API continuous-futures proxy
2024-10-24,6953,7002,6717,6756,6756,10428,CC=F,Yahoo chart API continuous-futures proxy
2024-10-25,6708,6926,6426,6770,6770,12077,CC=F,Yahoo chart API continuous-futures proxy
2024-10-28,6778,6975,6682,6917,6917,8419,CC=F,Yahoo chart API continuous-futures proxy
2024-10-29,6901,7332,6897,7267,7267,9564,CC=F,Yahoo chart API continuous-futures proxy
2024-10-30,7253,7412,7066,7391,7391,8325,CC=F,Yahoo chart API continuous-futures proxy
2024-10-31,7365,7456,7202,7334,7334,6597,CC=F,Yahoo chart API continuous-futures proxy
2024-11-01,7334,7490,7261,7341,7341,9025,CC=F,Yahoo chart API continuous-futures proxy
2024-11-04,7290,7522,7115,7328,7328,8121,CC=F,Yahoo chart API continuous-futures proxy
2024-11-05,7246,7416,7157,7251,7251,7339,CC=F,Yahoo chart API continuous-futures proxy
2024-11-06,7217,7231,6888,6924,6924,7101,CC=F,Yahoo chart API continuous-futures proxy
2024-11-07,6926,7389,6926,7360,7360,7951,CC=F,Yahoo chart API continuous-futures proxy
2024-11-08,7360,7468,7073,7117,7117,7900,CC=F,Yahoo chart API continuous-futures proxy
2024-11-11,7104,7392,7061,7298,7298,6765,CC=F,Yahoo chart API continuous-futures proxy
2024-11-12,7346,7956,7325,7867,7867,5305,CC=F,Yahoo chart API continuous-futures proxy
2024-11-13,7867,8458,7867,8163,8163,4103,CC=F,Yahoo chart API continuous-futures proxy
2024-11-14,8187,8822,8125,8686,8686,4125,CC=F,Yahoo chart API continuous-futures proxy
2024-11-15,8796,8890,8550,8607,8607,3069,CC=F,Yahoo chart API continuous-futures proxy
2024-11-18,8591,8599,8187,8404,8404,2217,CC=F,Yahoo chart API continuous-futures proxy
2024-11-19,8332,8652,8272,8574,8574,1900,CC=F,Yahoo chart API continuous-futures proxy
2024-11-20,8629,8750,8263,8340,8340,1416,CC=F,Yahoo chart API continuous-futures proxy
2024-11-21,8375,8690,8328,8449,8449,623,CC=F,Yahoo chart API continuous-futures proxy
2024-11-22,9000,9100,8808,8897,8897,321,CC=F,Yahoo chart API continuous-futures proxy
2024-11-25,8965,8965,8965,8863,8863,1,CC=F,Yahoo chart API continuous-futures proxy
2024-11-26,8964,8964,8964,9033,9033,4,CC=F,Yahoo chart API continuous-futures proxy
2024-11-27,8844,8844,8844,8844,8844,2,CC=F,Yahoo chart API continuous-futures proxy
2024-11-29,9220,9220,9220,9220,9220,0,CC=F,Yahoo chart API continuous-futures proxy
2024-12-02,9197,9197,9197,9197,9197,0,CC=F,Yahoo chart API continuous-futures proxy
2024-12-03,8833,8833,8833,8833,8833,0,CC=F,Yahoo chart API continuous-futures proxy
2024-12-04,9196,9196,9196,9196,9196,0,CC=F,Yahoo chart API continuous-futures proxy
2024-12-05,9648,9648,9648,9648,9648,0,CC=F,Yahoo chart API continuous-futures proxy
2024-12-06,9800,9880,9624,9767,9767,6,CC=F,Yahoo chart API continuous-futures proxy
2024-12-09,9977,9977,9977,9977,9977,0,CC=F,Yahoo chart API continuous-futures proxy
2024-12-10,10286,10366,10200,10387,10387,20,CC=F,Yahoo chart API continuous-futures proxy
2024-12-11,10500,10500,10351,10458,10458,2,CC=F,Yahoo chart API continuous-futures proxy
2024-12-12,10702,10702,10702,10702,10702,0,CC=F,Yahoo chart API continuous-futures proxy
2024-12-13,11181,11181,11181,11181,11181,12773,CC=F,Yahoo chart API continuous-futures proxy
2024-12-16,11300,11925,11290,11821,11821,14298,CC=F,Yahoo chart API continuous-futures proxy
2024-12-17,11743,11977,11527,11765,11765,12489,CC=F,Yahoo chart API continuous-futures proxy
2024-12-18,11966,12931,11935,12565,12565,17589,CC=F,Yahoo chart API continuous-futures proxy
2024-12-19,12553,12780,11648,12107,12107,13974,CC=F,Yahoo chart API continuous-futures proxy
2024-12-20,11848,12360,11419,11954,11954,12140,CC=F,Yahoo chart API continuous-futures proxy
2024-12-23,11870,12050,11527,11746,11746,7294,CC=F,Yahoo chart API continuous-futures proxy
2024-12-24,11583,11973,11425,11852,11852,0,CC=F,Yahoo chart API continuous-futures proxy
2024-12-26,11845,12000,10790,11027,11027,7450,CC=F,Yahoo chart API continuous-futures proxy
2024-12-27,11150,11259,9831,10124,10124,13447,CC=F,Yahoo chart API continuous-futures proxy
2024-12-30,10148,11590,10144,11507,11507,15702,CC=F,Yahoo chart API continuous-futures proxy
2024-12-31,11219,11820,11153,11675,11675,0,CC=F,Yahoo chart API continuous-futures proxy
2025-01-02,11632,11743,10802,11137,11137,6414,CC=F,Yahoo chart API continuous-futures proxy
2025-01-03,11195,11623,11029,11238,11238,4917,CC=F,Yahoo chart API continuous-futures proxy
2025-01-06,11423,11882,11066,11377,11377,8022,CC=F,Yahoo chart API continuous-futures proxy
2025-01-07,11291,11568,11164,11210,11210,5582,CC=F,Yahoo chart API continuous-futures proxy
2025-01-08,11009,11315,10345,10453,10453,10690,CC=F,Yahoo chart API continuous-futures proxy
2025-01-09,11103,11513,10605,10927,10927,10908,CC=F,Yahoo chart API continuous-futures proxy
2025-01-10,10823,10920,10525,10570,10570,7119,CC=F,Yahoo chart API continuous-futures proxy
2025-01-13,10500,11029,10480,10928,10928,6266,CC=F,Yahoo chart API continuous-futures proxy
2025-01-14,11034,11293,10762,10951,10951,6482,CC=F,Yahoo chart API continuous-futures proxy
2025-01-15,10889,11150,10742,10821,10821,5047,CC=F,Yahoo chart API continuous-futures proxy
2025-01-16,10674,10907,10451,10502,10502,9301,CC=F,Yahoo chart API continuous-futures proxy
2025-01-17,10538,11226,10503,11173,11173,9122,CC=F,Yahoo chart API continuous-futures proxy
2025-01-21,11298,11698,11298,11559,11559,8582,CC=F,Yahoo chart API continuous-futures proxy
2025-01-22,11528,11777,11409,11675,11675,8470,CC=F,Yahoo chart API continuous-futures proxy
2025-01-23,11666,11754,11431,11552,11552,7413,CC=F,Yahoo chart API continuous-futures proxy
2025-01-24,11508,11700,11341,11593,11593,7160,CC=F,Yahoo chart API continuous-futures proxy
2025-01-27,11499,11620,11296,11372,11372,6735,CC=F,Yahoo chart API continuous-futures proxy
2025-01-28,11396,11455,11166,11374,11374,4985,CC=F,Yahoo chart API continuous-futures proxy
2025-01-29,11498,11789,11482,11745,11745,7188,CC=F,Yahoo chart API continuous-futures proxy
2025-01-30,11694,11733,11047,11207,11207,6989,CC=F,Yahoo chart API continuous-futures proxy
2025-01-31,11094,11200,10533,10987,10987,11417,CC=F,Yahoo chart API continuous-futures proxy
2025-02-03,11020,11324,10819,11002,11002,6677,CC=F,Yahoo chart API continuous-futures proxy
2025-02-04,11002,11144,10713,10913,10913,5482,CC=F,Yahoo chart API continuous-futures proxy
2025-02-05,10838,10856,10426,10514,10514,6962,CC=F,Yahoo chart API continuous-futures proxy
2025-02-06,10500,10505,9850,10094,10094,10531,CC=F,Yahoo chart API continuous-futures proxy
2025-02-07,9999,10349,9557,10018,10018,11621,CC=F,Yahoo chart API continuous-futures proxy
2025-02-10,9799,9947,9582,9714,9714,7738,CC=F,Yahoo chart API continuous-futures proxy
2025-02-11,9734,10150,9720,10131,10131,6514,CC=F,Yahoo chart API continuous-futures proxy
2025-02-12,10108,10281,9914,10006,10006,3405,CC=F,Yahoo chart API continuous-futures proxy
2025-02-13,10100,10470,10098,10381,10381,4043,CC=F,Yahoo chart API continuous-futures proxy
2025-02-14,10400,10545,10079,10159,10159,2428,CC=F,Yahoo chart API continuous-futures proxy
2025-02-18,10114,10344,10059,10301,10301,3043,CC=F,Yahoo chart API continuous-futures proxy
2025-02-19,10274,10352,10121,10218,10218,1733,CC=F,Yahoo chart API continuous-futures proxy
2025-02-20,10163,10208,10008,10075,10075,3220,CC=F,Yahoo chart API continuous-futures proxy
2025-02-21,10100,10107,8925,8934,8934,1259,CC=F,Yahoo chart API continuous-futures proxy
2025-02-24,9044,9044,8390,8352,8352,24,CC=F,Yahoo chart API continuous-futures proxy
2025-02-25,8675,8675,8675,8675,8675,0,CC=F,Yahoo chart API continuous-futures proxy
2025-02-26,9100,9100,9100,9100,9100,0,CC=F,Yahoo chart API continuous-futures proxy
2025-02-27,8863,8863,8836,9130,9130,2,CC=F,Yahoo chart API continuous-futures proxy
2025-02-28,8890,8890,8890,9014,9014,2,CC=F,Yahoo chart API continuous-futures proxy
2025-03-03,8082,8082,8082,8082,8082,0,CC=F,Yahoo chart API continuous-futures proxy
2025-03-04,8225,8225,8225,8225,8225,0,CC=F,Yahoo chart API continuous-futures proxy
2025-03-05,7915,7915,7915,7915,7915,0,CC=F,Yahoo chart API continuous-futures proxy
2025-03-06,8036,8036,8036,8036,8036,0,CC=F,Yahoo chart API continuous-futures proxy
2025-03-07,8141,8141,8141,8141,8141,0,CC=F,Yahoo chart API continuous-futures proxy
2025-03-10,8279,8279,8279,8279,8279,0,CC=F,Yahoo chart API continuous-futures proxy
2025-03-11,8151,8151,8151,8151,8151,0,CC=F,Yahoo chart API continuous-futures proxy
2025-03-12,8204,8204,8204,8204,8204,0,CC=F,Yahoo chart API continuous-futures proxy
2025-03-13,8415,8415,8415,8031,8031,1,CC=F,Yahoo chart API continuous-futures proxy
2025-03-14,7728,7728,7728,7728,7728,8328,CC=F,Yahoo chart API continuous-futures proxy
2025-03-17,7830,7988,7777,7827,7827,6258,CC=F,Yahoo chart API continuous-futures proxy
2025-03-18,7837,8212,7784,8021,8021,5925,CC=F,Yahoo chart API continuous-futures proxy
2025-03-19,7930,8249,7884,8121,8121,5593,CC=F,Yahoo chart API continuous-futures proxy
2025-03-20,8084,8356,7916,8071,8071,6996,CC=F,Yahoo chart API continuous-futures proxy
2025-03-21,8036,8146,7639,7765,7765,8888,CC=F,Yahoo chart API continuous-futures proxy
2025-03-24,7807,8171,7806,8079,8079,7783,CC=F,Yahoo chart API continuous-futures proxy
2025-03-25,8075,8147,7912,7995,7995,5135,CC=F,Yahoo chart API continuous-futures proxy
2025-03-26,8061,8200,7940,8044,8044,6806,CC=F,Yahoo chart API continuous-futures proxy
2025-03-27,7970,8225,7900,7979,7979,6515,CC=F,Yahoo chart API continuous-futures proxy
2025-03-28,7933,8104,7880,8042,8042,4999,CC=F,Yahoo chart API continuous-futures proxy
2025-03-31,7973,8115,7808,7902,7902,7736,CC=F,Yahoo chart API continuous-futures proxy
2025-04-01,7998,8422,7981,8177,8177,9542,CC=F,Yahoo chart API continuous-futures proxy
2025-04-02,8341,9035,8326,8968,8968,12783,CC=F,Yahoo chart API continuous-futures proxy
2025-04-03,8884,9492,8884,9291,9291,16484,CC=F,Yahoo chart API continuous-futures proxy
2025-04-04,9265,9335,8450,8512,8512,23975,CC=F,Yahoo chart API continuous-futures proxy
2025-04-07,8430,8729,7963,8053,8053,10686,CC=F,Yahoo chart API continuous-futures proxy
2025-04-08,8096,8200,7677,7755,7755,6809,CC=F,Yahoo chart API continuous-futures proxy
2025-04-09,7656,8500,7656,8447,8447,5668,CC=F,Yahoo chart API continuous-futures proxy
2025-04-10,8473,8576,8045,8088,8088,6647,CC=F,Yahoo chart API continuous-futures proxy
2025-04-11,8150,8538,8088,8511,8511,3610,CC=F,Yahoo chart API continuous-futures proxy
2025-04-14,8426,8625,8202,8247,8247,3670,CC=F,Yahoo chart API continuous-futures proxy
2025-04-15,8216,8361,7956,8002,8002,1761,CC=F,Yahoo chart API continuous-futures proxy
2025-04-16,7994,8178,7853,8096,8096,1615,CC=F,Yahoo chart API continuous-futures proxy
2025-04-17,8132,8550,8132,8365,8365,0,CC=F,Yahoo chart API continuous-futures proxy
2025-04-21,8380,8970,8380,8810,8810,2329,CC=F,Yahoo chart API continuous-futures proxy
2025-04-22,8700,9329,8678,9310,9310,2216,CC=F,Yahoo chart API continuous-futures proxy
2025-04-23,9350,9515,8927,9104,9104,761,CC=F,Yahoo chart API continuous-futures proxy
2025-04-24,9418,9418,9418,9391,9391,65,CC=F,Yahoo chart API continuous-futures proxy
2025-04-25,9652,9652,9652,9652,9652,0,CC=F,Yahoo chart API continuous-futures proxy
2025-04-28,9300,9300,9300,9217,9217,1,CC=F,Yahoo chart API continuous-futures proxy
2025-04-29,9475,9476,9120,9146,9146,14,CC=F,Yahoo chart API continuous-futures proxy
2025-04-30,9127,9127,9127,9127,9127,0,CC=F,Yahoo chart API continuous-futures proxy
2025-05-01,8973,8973,8973,8973,8973,0,CC=F,Yahoo chart API continuous-futures proxy
2025-05-02,9127,9127,9127,9127,9127,0,CC=F,Yahoo chart API continuous-futures proxy
2025-05-05,8758,8758,8758,8758,8758,0,CC=F,Yahoo chart API continuous-futures proxy
2025-05-06,9157,9157,9157,9175,9175,13,CC=F,Yahoo chart API continuous-futures proxy
2025-05-07,9285,9285,9285,9398,9398,1,CC=F,Yahoo chart API continuous-futures proxy
2025-05-08,9268,9268,9268,9268,9268,0,CC=F,Yahoo chart API continuous-futures proxy
2025-05-09,9387,9387,9387,9387,9387,0,CC=F,Yahoo chart API continuous-futures proxy
2025-05-12,9350,9350,9276,9340,9340,7,CC=F,Yahoo chart API continuous-futures proxy
2025-05-13,9689,9689,9689,10171,10171,1,CC=F,Yahoo chart API continuous-futures proxy
2025-05-14,10129,10129,10129,10129,10129,9773,CC=F,Yahoo chart API continuous-futures proxy
2025-05-15,9900,10681,9651,10257,10257,10086,CC=F,Yahoo chart API continuous-futures proxy
2025-05-16,10375,11068,10308,10898,10898,13430,CC=F,Yahoo chart API continuous-futures proxy
2025-05-19,10706,11007,10410,10974,10974,11702,CC=F,Yahoo chart API continuous-futures proxy
2025-05-20,10910,11280,10752,10874,10874,9520,CC=F,Yahoo chart API continuous-futures proxy
2025-05-21,10807,10949,10410,10719,10719,7512,CC=F,Yahoo chart API continuous-futures proxy
2025-05-22,10596,10700,10145,10278,10278,6256,CC=F,Yahoo chart API continuous-futures proxy
2025-05-23,10300,10425,9630,9764,9764,0,CC=F,Yahoo chart API continuous-futures proxy
2025-05-26,,,,,,,CC=F,Yahoo chart API continuous-futures proxy
2025-05-27,9817,10163,9700,9739,9739,7906,CC=F,Yahoo chart API continuous-futures proxy
2025-05-28,9764,9805,9407,9634,9634,9983,CC=F,Yahoo chart API continuous-futures proxy
2025-05-29,9561,9572,9054,9110,9110,11098,CC=F,Yahoo chart API continuous-futures proxy
2025-05-30,9213,9818,9213,9791,9791,8704,CC=F,Yahoo chart API continuous-futures proxy
2025-06-02,9625,10075,9401,9474,9474,9159,CC=F,Yahoo chart API continuous-futures proxy
2025-06-03,9476,9877,9350,9775,9775,7536,CC=F,Yahoo chart API continuous-futures proxy
2025-06-04,9786,9990,9552,9948,9948,7240,CC=F,Yahoo chart API continuous-futures proxy
2025-06-05,9855,10190,9761,10076,10076,8282,CC=F,Yahoo chart API continuous-futures proxy
2025-06-06,10200,10531,10026,10259,10259,9456,CC=F,Yahoo chart API continuous-futures proxy
2025-06-09,10150,10278,9938,10174,10174,6452,CC=F,Yahoo chart API continuous-futures proxy
2025-06-10,10237,10250,9501,9602,9602,10584,CC=F,Yahoo chart API continuous-futures proxy
2025-06-11,9550,9620,9326,9549,9549,6649,CC=F,Yahoo chart API continuous-futures proxy
2025-06-12,9596,9882,9503,9858,9858,5392,CC=F,Yahoo chart API continuous-futures proxy
2025-06-13,9803,9880,9709,9768,9768,8790,CC=F,Yahoo chart API continuous-futures proxy
2025-06-16,9817,10119,9600,10035,10035,4177,CC=F,Yahoo chart API continuous-futures proxy
2025-06-17,10050,10288,9931,9943,9943,3019,CC=F,Yahoo chart API continuous-futures proxy
2025-06-18,9951,10004,9570,9680,9680,0,CC=F,Yahoo chart API continuous-futures proxy
2025-06-19,,,,,,,CC=F,Yahoo chart API continuous-futures proxy
2025-06-20,9505,9505,8331,8459,8459,2783,CC=F,Yahoo chart API continuous-futures proxy
2025-06-23,8555,9216,8295,9189,9189,404,CC=F,Yahoo chart API continuous-futures proxy
2025-06-24,8621,9410,8605,9436,9436,155,CC=F,Yahoo chart API continuous-futures proxy
2025-06-25,9300,9300,9138,9081,9081,4,CC=F,Yahoo chart API continuous-futures proxy
2025-06-26,9175,9176,9165,9361,9361,9,CC=F,Yahoo chart API continuous-futures proxy
2025-06-27,9231,9231,9231,9231,9231,0,CC=F,Yahoo chart API continuous-futures proxy
2025-06-30,9356,9356,9356,9356,9356,1,CC=F,Yahoo chart API continuous-futures proxy
2025-07-01,9165,9165,9165,9000,9000,1,CC=F,Yahoo chart API continuous-futures proxy
2025-07-02,9050,9050,9050,8904,8904,4,CC=F,Yahoo chart API continuous-futures proxy
2025-07-03,8780,8780,8780,8780,8780,0,CC=F,Yahoo chart API continuous-futures proxy
2025-07-04,8780,8780,8780,8780,8780,0,CC=F,Yahoo chart API continuous-futures proxy
2025-07-07,8879,8879,8879,8879,8879,0,CC=F,Yahoo chart API continuous-futures proxy
2025-07-08,8760,8760,8760,8760,8760,0,CC=F,Yahoo chart API continuous-futures proxy
2025-07-09,9080,9080,9080,9046,9046,2,CC=F,Yahoo chart API continuous-futures proxy
2025-07-10,8742,8742,8742,8742,8742,0,CC=F,Yahoo chart API continuous-futures proxy
2025-07-11,8840,8840,8840,8840,8840,0,CC=F,Yahoo chart API continuous-futures proxy
2025-07-14,8950,8950,8950,8950,8950,0,CC=F,Yahoo chart API continuous-futures proxy
2025-07-15,8567,8567,8567,8567,8567,0,CC=F,Yahoo chart API continuous-futures proxy
2025-07-16,8322,8322,8322,8322,8322,10507,CC=F,Yahoo chart API continuous-futures proxy
2025-07-17,7500,7500,7208,7309,7309,17601,CC=F,Yahoo chart API continuous-futures proxy
2025-07-18,7444,7835,7400,7800,7800,11035,CC=F,Yahoo chart API continuous-futures proxy
2025-07-21,7750,8234,7708,8156,8156,11543,CC=F,Yahoo chart API continuous-futures proxy
2025-07-22,8074,8247,8022,8149,8149,8632,CC=F,Yahoo chart API continuous-futures proxy
2025-07-23,8150,8485,8088,8440,8440,8123,CC=F,Yahoo chart API continuous-futures proxy
2025-07-24,8440,8570,8066,8124,8124,8940,CC=F,Yahoo chart API continuous-futures proxy
2025-07-25,8145,8363,8093,8329,8329,6637,CC=F,Yahoo chart API continuous-futures proxy
2025-07-28,8304,8599,8116,8518,8518,8496,CC=F,Yahoo chart API continuous-futures proxy
2025-07-29,8575,8723,8200,8220,8220,10858,CC=F,Yahoo chart API continuous-futures proxy
2025-07-30,8304,8514,8146,8192,8192,6467,CC=F,Yahoo chart API continuous-futures proxy
2025-07-31,8248,8552,8184,8506,8506,7056,CC=F,Yahoo chart API continuous-futures proxy
2025-08-01,8540,8590,8149,8232,8232,7719,CC=F,Yahoo chart API continuous-futures proxy
2025-08-04,8226,8226,7910,8102,8102,8986,CC=F,Yahoo chart API continuous-futures proxy
2025-08-05,8104,8428,7993,8363,8363,9162,CC=F,Yahoo chart API continuous-futures proxy
2025-08-06,8400,8498,8292,8470,8470,8147,CC=F,Yahoo chart API continuous-futures proxy
2025-08-07,8367,8749,8356,8644,8644,11213,CC=F,Yahoo chart API continuous-futures proxy
2025-08-08,8672,8815,8497,8526,8526,8972,CC=F,Yahoo chart API continuous-futures proxy
2025-08-11,8727,9326,8679,8778,8778,8404,CC=F,Yahoo chart API continuous-futures proxy
2025-08-12,8665,9056,8660,8793,8793,11216,CC=F,Yahoo chart API continuous-futures proxy
2025-08-13,8793,8865,8453,8566,8566,5756,CC=F,Yahoo chart API continuous-futures proxy
2025-08-14,8511,8537,8157,8225,8225,3768,CC=F,Yahoo chart API continuous-futures proxy
2025-08-15,8172,8317,8115,8235,8235,2131,CC=F,Yahoo chart API continuous-futures proxy
2025-08-18,8279,8441,7993,8047,8047,3790,CC=F,Yahoo chart API continuous-futures proxy
2025-08-19,8100,8197,7899,8012,8012,1438,CC=F,Yahoo chart API continuous-futures proxy
2025-08-20,7976,8062,7567,7675,7675,1645,CC=F,Yahoo chart API continuous-futures proxy
2025-08-21,7767,7793,7359,7435,7435,1617,CC=F,Yahoo chart API continuous-futures proxy
2025-08-22,7350,7700,7337,7582,7582,914,CC=F,Yahoo chart API continuous-futures proxy
2025-08-25,7513,7935,7513,7957,7957,10,CC=F,Yahoo chart API continuous-futures proxy
2025-08-26,7668,7668,7535,7532,7532,3,CC=F,Yahoo chart API continuous-futures proxy
2025-08-27,7585,7585,7585,7731,7731,35,CC=F,Yahoo chart API continuous-futures proxy
2025-08-28,7738,7738,7738,7738,7738,1,CC=F,Yahoo chart API continuous-futures proxy
2025-08-29,7635,7635,7635,7635,7635,0,CC=F,Yahoo chart API continuous-futures proxy
2025-09-02,7420,7420,7420,7420,7420,0,CC=F,Yahoo chart API continuous-futures proxy
2025-09-03,7475,7475,7475,7475,7475,0,CC=F,Yahoo chart API continuous-futures proxy
2025-09-04,7205,7205,7205,7205,7205,0,CC=F,Yahoo chart API continuous-futures proxy
2025-09-05,7382,7382,7382,7382,7382,12,CC=F,Yahoo chart API continuous-futures proxy
2025-09-08,7131,7131,7131,7131,7131,0,CC=F,Yahoo chart API continuous-futures proxy
2025-09-09,7270,7270,7270,7270,7270,0,CC=F,Yahoo chart API continuous-futures proxy
2025-09-10,7356,7356,7356,7356,7356,0,CC=F,Yahoo chart API continuous-futures proxy
2025-09-11,7451,7451,7451,7451,7451,3,CC=F,Yahoo chart API continuous-futures proxy
2025-09-12,7315,7315,7315,7315,7315,0,CC=F,Yahoo chart API continuous-futures proxy
2025-09-15,7539,7539,7539,7539,7539,8472,CC=F,Yahoo chart API continuous-futures proxy
2025-09-16,7605,7644,7347,7371,7371,9156,CC=F,Yahoo chart API continuous-futures proxy
2025-09-17,7355,7455,7323,7385,7385,6450,CC=F,Yahoo chart API continuous-futures proxy
2025-09-18,7340,7350,7208,7233,7233,7401,CC=F,Yahoo chart API continuous-futures proxy
2025-09-19,7225,7292,7196,7243,7243,5832,CC=F,Yahoo chart API continuous-futures proxy
2025-09-22,7230,7230,6914,6959,6959,13678,CC=F,Yahoo chart API continuous-futures proxy
2025-09-23,6901,7086,6834,6992,6992,10764,CC=F,Yahoo chart API continuous-futures proxy
2025-09-24,6979,7142,6960,7048,7048,8456,CC=F,Yahoo chart API continuous-futures proxy
2025-09-25,7020,7130,6870,6925,6925,8985,CC=F,Yahoo chart API continuous-futures proxy
2025-09-26,6909,6970,6850,6908,6908,5691,CC=F,Yahoo chart API continuous-futures proxy
2025-09-29,6923,7078,6912,6998,6998,7135,CC=F,Yahoo chart API continuous-futures proxy
2025-09-30,6955,6970,6682,6749,6749,13489,CC=F,Yahoo chart API continuous-futures proxy
2025-10-01,6731,6821,6671,6675,6675,9913,CC=F,Yahoo chart API continuous-futures proxy
2025-10-02,6666,6706,6420,6481,6481,13361,CC=F,Yahoo chart API continuous-futures proxy
2025-10-03,6426,6445,6159,6190,6190,18588,CC=F,Yahoo chart API continuous-futures proxy
2025-10-06,6120,6378,6022,6283,6283,13351,CC=F,Yahoo chart API continuous-futures proxy
2025-10-07,6270,6310,6066,6179,6179,9583,CC=F,Yahoo chart API continuous-futures proxy
2025-10-08,6200,6240,5906,6000,6000,10541,CC=F,Yahoo chart API continuous-futures proxy
2025-10-09,5982,6085,5890,5945,5945,9031,CC=F,Yahoo chart API continuous-futures proxy
2025-10-10,5950,6013,5811,5848,5848,9061,CC=F,Yahoo chart API continuous-futures proxy
2025-10-13,5825,5951,5631,5822,5822,11190,CC=F,Yahoo chart API continuous-futures proxy
2025-10-14,5811,5905,5715,5899,5899,11389,CC=F,Yahoo chart API continuous-futures proxy
2025-10-15,5801,5939,5690,5809,5809,10567,CC=F,Yahoo chart API continuous-futures proxy
2025-10-16,5905,6055,5905,5991,5991,10128,CC=F,Yahoo chart API continuous-futures proxy
2025-10-17,6089,6120,5742,5895,5895,9573,CC=F,Yahoo chart API continuous-futures proxy
2025-10-20,5900,5999,5813,5899,5899,5798,CC=F,Yahoo chart API continuous-futures proxy
2025-10-21,5961,6035,5877,5916,5916,6347,CC=F,Yahoo chart API continuous-futures proxy
2025-10-22,5972,6339,5948,6298,6298,13460,CC=F,Yahoo chart API continuous-futures proxy
2025-10-23,6281,6440,6209,6339,6339,9871,CC=F,Yahoo chart API continuous-futures proxy
2025-10-24,6343,6480,6258,6319,6319,6080,CC=F,Yahoo chart API continuous-futures proxy
2025-10-27,6256,6276,6057,6182,6182,0,CC=F,Yahoo chart API continuous-futures proxy
2025-10-28,6177,6192,5952,6002,6002,7388,CC=F,Yahoo chart API continuous-futures proxy
2025-10-29,5973,6150,5883,6044,6044,7569,CC=F,Yahoo chart API continuous-futures proxy
2025-10-30,6004,6091,5920,6058,6058,6457,CC=F,Yahoo chart API continuous-futures proxy
2025-10-31,6131,6358,6102,6151,6151,12836,CC=F,Yahoo chart API continuous-futures proxy
2025-11-03,6174,6596,6113,6559,6559,11502,CC=F,Yahoo chart API continuous-futures proxy
2025-11-04,6525,6627,6415,6600,6600,10320,CC=F,Yahoo chart API continuous-futures proxy
2025-11-05,6518,6627,6332,6396,6396,9657,CC=F,Yahoo chart API continuous-futures proxy
2025-11-06,6262,6303,6130,6185,6185,10171,CC=F,Yahoo chart API continuous-futures proxy
2025-11-07,6166,6209,5986,6013,6013,10733,CC=F,Yahoo chart API continuous-futures proxy
2025-11-10,6030,6138,5903,6102,6102,7647,CC=F,Yahoo chart API continuous-futures proxy
2025-11-11,6002,6098,5741,5829,5829,7363,CC=F,Yahoo chart API continuous-futures proxy
2025-11-12,5811,5946,5561,5625,5625,6491,CC=F,Yahoo chart API continuous-futures proxy
2025-11-13,5614,5667,5400,5487,5487,7894,CC=F,Yahoo chart API continuous-futures proxy
2025-11-14,5350,5400,5147,5287,5287,8677,CC=F,Yahoo chart API continuous-futures proxy
2025-11-17,5253,5365,5155,5264,5264,13407,CC=F,Yahoo chart API continuous-futures proxy
2025-11-18,5218,5345,5117,5262,5262,6746,CC=F,Yahoo chart API continuous-futures proxy
2025-11-19,5244,5277,4914,4943,4943,3791,CC=F,Yahoo chart API continuous-futures proxy
2025-11-20,4980,5239,4948,5108,5108,1351,CC=F,Yahoo chart API continuous-futures proxy
2025-11-21,5130,5130,5082,5084,5084,29,CC=F,Yahoo chart API continuous-futures proxy
2025-11-24,5090,5090,5090,5090,5090,0,CC=F,Yahoo chart API continuous-futures proxy
2025-11-25,4999,4999,4999,4999,4999,0,CC=F,Yahoo chart API continuous-futures proxy
2025-11-26,5068,5068,5068,4993,4993,2,CC=F,Yahoo chart API continuous-futures proxy
2025-11-28,5404,5404,5404,5404,5404,0,CC=F,Yahoo chart API continuous-futures proxy
2025-12-01,5456,5456,5456,5456,5456,0,CC=F,Yahoo chart API continuous-futures proxy
2025-12-02,5401,5401,5401,5401,5401,0,CC=F,Yahoo chart API continuous-futures proxy
2025-12-03,5453,5453,5453,5453,5453,0,CC=F,Yahoo chart API continuous-futures proxy
2025-12-04,5500,5500,5500,5434,5434,1,CC=F,Yahoo chart API continuous-futures proxy
2025-12-05,5643,5643,5643,5643,5643,0,CC=F,Yahoo chart API continuous-futures proxy
2025-12-08,5676,5676,5676,5648,5648,1,CC=F,Yahoo chart API continuous-futures proxy
2025-12-09,5754,5754,5754,5829,5829,2,CC=F,Yahoo chart API continuous-futures proxy
2025-12-10,6168,6168,6168,6168,6168,0,CC=F,Yahoo chart API continuous-futures proxy
2025-12-11,6235,6235,6235,6235,6235,0,CC=F,Yahoo chart API continuous-futures proxy
2025-12-12,6226,6226,6226,6226,6226,0,CC=F,Yahoo chart API continuous-futures proxy
2025-12-15,5823,5823,5823,5823,5823,18663,CC=F,Yahoo chart API continuous-futures proxy
2025-12-16,5931,6050,5865,5998,5998,10863,CC=F,Yahoo chart API continuous-futures proxy
2025-12-17,6026,6087,5926,5978,5978,10526,CC=F,Yahoo chart API continuous-futures proxy
2025-12-18,6012,6027,5796,5934,5934,9523,CC=F,Yahoo chart API continuous-futures proxy
2025-12-19,5936,5984,5780,5845,5845,8435,CC=F,Yahoo chart API continuous-futures proxy
2025-12-22,5795,6015,5760,5887,5887,10563,CC=F,Yahoo chart API continuous-futures proxy
2025-12-23,5845,5990,5776,5958,5958,9059,CC=F,Yahoo chart API continuous-futures proxy
2025-12-24,5962,5998,5866,5966,5966,0,CC=F,Yahoo chart API continuous-futures proxy
2025-12-26,5983,6058,5866,5953,5953,5125,CC=F,Yahoo chart API continuous-futures proxy
2025-12-29,5965,6345,5901,6242,6242,14671,CC=F,Yahoo chart API continuous-futures proxy
2025-12-30,6280,6324,5861,6063,6063,13974,CC=F,Yahoo chart API continuous-futures proxy
2025-12-31,6110,6185,5978,6065,6065,0,CC=F,Yahoo chart API continuous-futures proxy
2026-01-02,5973,6077,5823,5871,5871,10484,CC=F,Yahoo chart API continuous-futures proxy
2026-01-05,6002,6093,5840,6077,6077,12000,CC=F,Yahoo chart API continuous-futures proxy
2026-01-06,6089,6166,5944,5954,5954,12240,CC=F,Yahoo chart API continuous-futures proxy
2026-01-07,5999,6083,5701,5915,5915,17630,CC=F,Yahoo chart API continuous-futures proxy
2026-01-08,5952,6276,5891,6077,6077,26853,CC=F,Yahoo chart API continuous-futures proxy
2026-01-09,5997,6119,5300,5345,5345,36503,CC=F,Yahoo chart API continuous-futures proxy
2026-01-12,5330,5455,5192,5443,5443,29125,CC=F,Yahoo chart API continuous-futures proxy
2026-01-13,5471,5494,5051,5224,5224,27203,CC=F,Yahoo chart API continuous-futures proxy
2026-01-14,5253,5262,4961,5090,5090,22479,CC=F,Yahoo chart API continuous-futures proxy
2026-01-15,4939,5083,4839,4966,4966,14898,CC=F,Yahoo chart API continuous-futures proxy
2026-01-16,5001,5187,4985,5076,5076,11213,CC=F,Yahoo chart API continuous-futures proxy
2026-01-20,4939,4970,4587,4648,4648,19368,CC=F,Yahoo chart API continuous-futures proxy
2026-01-21,4399,4589,4245,4448,4448,18698,CC=F,Yahoo chart API continuous-futures proxy
2026-01-22,4407,4494,4387,4469,4469,12900,CC=F,Yahoo chart API continuous-futures proxy
2026-01-23,4440,4442,4054,4201,4201,15306,CC=F,Yahoo chart API continuous-futures proxy
2026-01-26,4279,4489,4225,4348,4348,15494,CC=F,Yahoo chart API continuous-futures proxy
2026-01-27,4301,4484,4268,4433,4433,12151,CC=F,Yahoo chart API continuous-futures proxy
2026-01-28,4404,4416,4071,4150,4150,13013,CC=F,Yahoo chart API continuous-futures proxy
2026-01-29,4165,4246,4104,4177,4177,13236,CC=F,Yahoo chart API continuous-futures proxy
2026-01-30,4169,4230,3931,4165,4165,17409,CC=F,Yahoo chart API continuous-futures proxy
2026-02-02,4103,4253,3940,4210,4210,16615,CC=F,Yahoo chart API continuous-futures proxy
2026-02-03,4299,4398,4206,4300,4300,15066,CC=F,Yahoo chart API continuous-futures proxy
2026-02-04,4251,4308,4017,4086,4086,18987,CC=F,Yahoo chart API continuous-futures proxy
2026-02-05,4072,4239,4068,4209,4209,15627,CC=F,Yahoo chart API continuous-futures proxy
2026-02-06,4148,4250,4071,4197,4197,14255,CC=F,Yahoo chart API continuous-futures proxy
2026-02-09,4172,4237,3966,4102,4102,15904,CC=F,Yahoo chart API continuous-futures proxy
2026-02-10,3982,4073,3776,3805,3805,13735,CC=F,Yahoo chart API continuous-futures proxy
2026-02-11,3795,3865,3749,3762,3762,12053,CC=F,Yahoo chart API continuous-futures proxy
2026-02-12,3751,3751,3604,3632,3632,10766,CC=F,Yahoo chart API continuous-futures proxy
2026-02-13,3606,3673,3563,3581,3581,9938,CC=F,Yahoo chart API continuous-futures proxy
2026-02-17,3540,3574,3364,3384,3384,11863,CC=F,Yahoo chart API continuous-futures proxy
2026-02-18,3358,3375,3105,3226,3226,5903,CC=F,Yahoo chart API continuous-futures proxy
2026-02-19,3197,3271,2961,2968,2968,5157,CC=F,Yahoo chart API continuous-futures proxy
2026-02-20,2967,3120,2936,3080,3080,3267,CC=F,Yahoo chart API continuous-futures proxy
2026-02-23,3165,3165,3007,3004,3004,138,CC=F,Yahoo chart API continuous-futures proxy
2026-02-24,3027,3027,3027,2997,2997,1,CC=F,Yahoo chart API continuous-futures proxy
2026-02-25,2957,2957,2957,2957,2957,97,CC=F,Yahoo chart API continuous-futures proxy
2026-02-26,2974,2974,2974,2974,2974,5,CC=F,Yahoo chart API continuous-futures proxy
2026-02-27,2798,2798,2798,2798,2798,0,CC=F,Yahoo chart API continuous-futures proxy
2026-03-02,2931,2931,2931,2931,2931,0,CC=F,Yahoo chart API continuous-futures proxy
2026-03-03,2966,2967,2941,2925,2925,10,CC=F,Yahoo chart API continuous-futures proxy
2026-03-04,2968,2968,2968,2968,2968,0,CC=F,Yahoo chart API continuous-futures proxy
2026-03-05,2963,2963,2963,2963,2963,0,CC=F,Yahoo chart API continuous-futures proxy
2026-03-06,3138,3138,3138,3138,3138,0,CC=F,Yahoo chart API continuous-futures proxy
2026-03-09,3197,3197,3197,3197,3197,0,CC=F,Yahoo chart API continuous-futures proxy
2026-03-10,3356,3356,3356,3356,3356,0,CC=F,Yahoo chart API continuous-futures proxy
2026-03-11,3360,3360,3360,3337,3337,1,CC=F,Yahoo chart API continuous-futures proxy
2026-03-12,3223,3223,3223,3223,3223,0,CC=F,Yahoo chart API continuous-futures proxy
2026-03-13,3205,3205,3205,3205,3205,0,CC=F,Yahoo chart API continuous-futures proxy
2026-03-16,3328,3328,3328,3328,3328,16374,CC=F,Yahoo chart API continuous-futures proxy
2026-03-17,3396,3422,3325,3349,3349,14764,CC=F,Yahoo chart API continuous-futures proxy
2026-03-18,3377,3386,3232,3260,3260,12137,CC=F,Yahoo chart API continuous-futures proxy
2026-03-19,3233,3351,3193,3331,3331,13959,CC=F,Yahoo chart API continuous-futures proxy
2026-03-20,3311,3341,3171,3255,3255,14018,CC=F,Yahoo chart API continuous-futures proxy
2026-03-23,3278,3332,3168,3180,3180,13995,CC=F,Yahoo chart API continuous-futures proxy
2026-03-24,3180,3250,3178,3235,3235,10675,CC=F,Yahoo chart API continuous-futures proxy
2026-03-25,3220,3233,3121,3133,3133,10266,CC=F,Yahoo chart API continuous-futures proxy
2026-03-26,3134,3194,3080,3164,3164,8536,CC=F,Yahoo chart API continuous-futures proxy
2026-03-27,3162,3204,3112,3165,3165,8905,CC=F,Yahoo chart API continuous-futures proxy
2026-03-30,3154,3176,3105,3155,3155,9172,CC=F,Yahoo chart API continuous-futures proxy
2026-03-31,3151,3331,3140,3300,3300,18657,CC=F,Yahoo chart API continuous-futures proxy
2026-04-01,3267,3378,3250,3345,3345,17354,CC=F,Yahoo chart API continuous-futures proxy
2026-04-02,3356,3357,3196,3245,3245,13619,CC=F,Yahoo chart API continuous-futures proxy
2026-04-06,3265,3297,3215,3235,3235,7266,CC=F,Yahoo chart API continuous-futures proxy
2026-04-07,3210,3217,2992,3028,3028,21725,CC=F,Yahoo chart API continuous-futures proxy
2026-04-08,3048,3238,3034,3196,3196,23272,CC=F,Yahoo chart API continuous-futures proxy
2026-04-09,3157,3206,3101,3162,3162,18211,CC=F,Yahoo chart API continuous-futures proxy
2026-04-10,3188,3261,3162,3246,3246,17476,CC=F,Yahoo chart API continuous-futures proxy
2026-04-13,3253,3299,3115,3278,3278,23211,CC=F,Yahoo chart API continuous-futures proxy
2026-04-14,3281,3586,3264,3557,3557,39405,CC=F,Yahoo chart API continuous-futures proxy
2026-04-15,3554,3610,3391,3477,3477,6693,CC=F,Yahoo chart API continuous-futures proxy
2026-04-16,3436,3520,3354,3367,3367,6952,CC=F,Yahoo chart API continuous-futures proxy
2026-04-17,3355,3468,3173,3186,3186,6896,CC=F,Yahoo chart API continuous-futures proxy
2026-04-20,3204,3342,3204,3298,3298,5498,CC=F,Yahoo chart API continuous-futures proxy
2026-04-21,3279,3295,3198,3220,3220,4560,CC=F,Yahoo chart API continuous-futures proxy
2026-04-22,3206,3400,3206,3339,3339,3443,CC=F,Yahoo chart API continuous-futures proxy
2026-04-23,3336,3400,3270,3369,3369,560,CC=F,Yahoo chart API continuous-futures proxy
2026-04-24,3402,3402,3400,3349,3349,3,CC=F,Yahoo chart API continuous-futures proxy
2026-04-27,3281,3281,3244,3218,3218,2,CC=F,Yahoo chart API continuous-futures proxy
2026-04-28,3305,3305,3305,3305,3305,0,CC=F,Yahoo chart API continuous-futures proxy
2026-04-29,3335,3335,3335,3335,3335,0,CC=F,Yahoo chart API continuous-futures proxy
2026-04-30,3494,3494,3494,3494,3494,0,CC=F,Yahoo chart API continuous-futures proxy
2026-05-01,3521,3521,3521,3521,3521,0,CC=F,Yahoo chart API continuous-futures proxy
2026-05-04,3812,3812,3812,3812,3812,0,CC=F,Yahoo chart API continuous-futures proxy
2026-05-05,4003,4003,4003,4003,4003,0,CC=F,Yahoo chart API continuous-futures proxy
2026-05-06,4064,4064,4064,4064,4064,0,CC=F,Yahoo chart API continuous-futures proxy
2026-05-07,4356,4356,4356,4356,4356,0,CC=F,Yahoo chart API continuous-futures proxy
2026-05-08,4225,4225,4225,4113,4113,1,CC=F,Yahoo chart API continuous-futures proxy
2026-05-11,4632,4632,4632,4632,4632,0,CC=F,Yahoo chart API continuous-futures proxy
2026-05-12,4467,4467,4467,4503,4503,1,CC=F,Yahoo chart API continuous-futures proxy
2026-05-13,4309,4309,4309,4309,4309,25336,CC=F,Yahoo chart API continuous-futures proxy
2026-05-14,4450,4491,4094,4189,4189,17160,CC=F,Yahoo chart API continuous-futures proxy
2026-05-15,4149,4168,3957,4002,4002,16556,CC=F,Yahoo chart API continuous-futures proxy
2026-05-18,3907,3953,3721,3791,3791,20504,CC=F,Yahoo chart API continuous-futures proxy
2026-05-19,3769,3958,3769,3907,3907,14176,CC=F,Yahoo chart API continuous-futures proxy
2026-05-20,3846,3938,3763,3889,3889,12758,CC=F,Yahoo chart API continuous-futures proxy
2026-05-21,3832,3943,3732,3767,3767,15658,CC=F,Yahoo chart API continuous-futures proxy
2026-05-22,3735,3829,3651,3796,3796,14971,CC=F,Yahoo chart API continuous-futures proxy
2026-05-26,3790,4199,3765,4169,4169,21241,CC=F,Yahoo chart API continuous-futures proxy
2026-05-27,4220,4334,4103,4140,4140,19030,CC=F,Yahoo chart API continuous-futures proxy
2026-05-28,4115,4224,4041,4099,4099,12799,CC=F,Yahoo chart API continuous-futures proxy
2026-05-29,4076,4175,3895,3923,3923,15620,CC=F,Yahoo chart API continuous-futures proxy
2026-06-01,3875,4099,3845,3895,3895,17870,CC=F,Yahoo chart API continuous-futures proxy
2026-06-02,3913,4199,3912,4108,4108,18830,CC=F,Yahoo chart API continuous-futures proxy
2026-06-03,4088,4123,4011,4072,4072,15068,CC=F,Yahoo chart API continuous-futures proxy
2026-06-04,4016,4075,3893,3965,3965,12238,CC=F,Yahoo chart API continuous-futures proxy
2026-06-05,3925,3957,3720,3762,3762,21486,CC=F,Yahoo chart API continuous-futures proxy
2026-06-08,3875,3908,3787,3831,3831,21110,CC=F,Yahoo chart API continuous-futures proxy
2026-06-09,3829,3959,3773,3831,3831,17058,CC=F,Yahoo chart API continuous-futures proxy
2026-06-10,3807,3872,3736,3757,3757,16256,CC=F,Yahoo chart API continuous-futures proxy
2026-06-11,3761,3798,3694,3710,3710,13660,CC=F,Yahoo chart API continuous-futures proxy
2026-06-12,3701,3853,3700,3779,3779,12089,CC=F,Yahoo chart API continuous-futures proxy
2026-06-15,3940,4082,3866,3882,3882,12015,CC=F,Yahoo chart API continuous-futures proxy
2026-06-16,3891,4238,3877,4142,4142,9884,CC=F,Yahoo chart API continuous-futures proxy
2026-06-17,4153,4300,4100,4144,4144,8705,CC=F,Yahoo chart API continuous-futures proxy
2026-06-18,4082,4164,3984,4143,4143,6224,CC=F,Yahoo chart API continuous-futures proxy
2026-06-22,4224,4569,4211,4525,4525,9786,CC=F,Yahoo chart API continuous-futures proxy
2026-06-23,4499,4594,4421,4545,4545,1477,CC=F,Yahoo chart API continuous-futures proxy
2026-06-24,4650,4800,4611,4902,4902,203,CC=F,Yahoo chart API continuous-futures proxy
2026-06-25,5100,5100,5067,5159,5159,2,CC=F,Yahoo chart API continuous-futures proxy
2026-06-26,5014,5014,5014,5014,5014,0,CC=F,Yahoo chart API continuous-futures proxy
2026-06-29,4911,4911,4800,4895,4895,34,CC=F,Yahoo chart API continuous-futures proxy
2026-06-30,5002,5002,5002,5002,5002,0,CC=F,Yahoo chart API continuous-futures proxy
2026-07-01,5006,5006,5006,5006,5006,0,CC=F,Yahoo chart API continuous-futures proxy
2026-07-02,4949,4949,4949,4949,4949,0,CC=F,Yahoo chart API continuous-futures proxy
2026-07-06,5129,5130,5058,5602,5602,4,CC=F,Yahoo chart API continuous-futures proxy
2026-07-07,5667,5667,5667,5667,5667,0,CC=F,Yahoo chart API continuous-futures proxy
2026-07-08,5959,5959,5959,5959,5959,0,CC=F,Yahoo chart API continuous-futures proxy
2026-07-09,6309,6309,6309,6309,6309,6,CC=F,Yahoo chart API continuous-futures proxy
2026-07-10,5919,5919,5919,5919,5919,0,CC=F,Yahoo chart API continuous-futures proxy
2026-07-13,5696,5696,5696,5696,5696,0,CC=F,Yahoo chart API continuous-futures proxy
2026-07-14,5660,5660,5660,5660,5660,0,CC=F,Yahoo chart API continuous-futures proxy
2026-07-15,5737,5737,5737,5737,5737,0,CC=F,Yahoo chart API continuous-futures proxy
