date,open,high,low,close,volume,contract,storageBcf
2000-06-02,50.859375,51.1875,50.859375,36.489044189453125,29400,IWM,0
2000-06-05,51.0625,51.5625,50.9375,36.355369567871094,48400,IWM,0
2000-06-06,51.8046875,52.40625,51.34375,36.71179962158203,151800,IWM,0
2000-06-07,51.1875,51.5625,50.71875,36.75636291503906,131000,IWM,0
2000-06-08,52.125,52.125,51.4375,36.667259216308594,91400,IWM,0
2000-06-09,51.9375,52.34375,51.90625,37.313270568847656,41600,IWM,0
2000-06-12,52.5,52.5,50.75,36.20501708984375,85200,IWM,0
2000-06-13,50.6640625,51.4375,50.1875,36.667259216308594,168200,IWM,0
2000-06-14,51.859375,51.859375,51.1875,36.489044189453125,43200,IWM,0
2000-06-15,50.875,51.25,50.3828125,36.5335807800293,26800,IWM,0
2000-06-16,51.46875,51.5,50.96875,36.333126068115234,30200,IWM,0
2000-06-19,51.25,52.25,51.015625,37.24644470214844,59200,IWM,0
2000-06-20,52.328125,52.671875,52.125,37.491477966308594,47000,IWM,0
2000-06-21,52.125,52.9375,52.125,37.691200256347656,66800,IWM,0
2000-06-22,53,53,51.25,36.5544319152832,139600,IWM,0
2000-06-23,51.75,51.75,50.5,36.309268951416016,235800,IWM,0
2000-06-26,51.109375,51.53125,50.875,36.75505065917969,93600,IWM,0
2000-06-27,51.609375,52.0625,50.71875,36.17552947998047,112800,IWM,0
2000-06-28,50.9375,52.1875,50.9375,37.08938217163086,170600,IWM,0
2000-06-29,51.75,51.84375,51.03125,36.50986099243164,212200,IWM,0
2000-06-30,51.21875,51.6796875,50.796875,36.860923767089844,1171800,IWM,0
2000-07-03,51.5625,52.40625,51.5,37.379154205322266,15800,IWM,0
2000-07-05,52.109375,52.125,51.6328125,36.955631256103516,138800,IWM,0
2000-07-06,51.828125,52.421875,51.34375,37.390296936035156,154600,IWM,0
2000-07-07,52.4296875,52.953125,52.4296875,37.62431716918945,71800,IWM,0
2000-07-10,52.71875,53.28125,52.71875,37.869510650634766,44800,IWM,0
2000-07-11,53,53.296875,52.84375,37.824928283691406,253200,IWM,0
2000-07-12,53.3125,54.09375,53.25,38.582767486572266,45200,IWM,0
2000-07-13,54.140625,54.265625,54,38.705352783203125,102600,IWM,0
2000-07-14,54.546875,54.546875,53.875,38.73878860473633,54800,IWM,0
2000-07-17,54.359375,54.59375,54.21875,38.87252426147461,46600,IWM,0
2000-07-18,54.140625,54.140625,53.5625,38.203857421875,235400,IWM,0
2000-07-19,53.390625,53.390625,52.625,37.535179138183594,35400,IWM,0
2000-07-20,53.125,53.5,53.125,38.159271240234375,150400,IWM,0
2000-07-21,53.1875,53.1875,52.03125,37.1116943359375,150600,IWM,0
2000-07-24,52.3125,52.3125,51.1640625,36.57115173339844,37000,IWM,0
2000-07-25,51.6796875,51.6796875,51.0625,36.64362335205078,36800,IWM,0
2000-07-26,51,51.28125,50.46875,36.57671356201172,15800,IWM,0
2000-07-27,51.1796875,51.1796875,49.875,35.573707580566406,275000,IWM,0
2000-07-28,50.1640625,50.1640625,48.875,34.949607849121094,171600,IWM,0
2000-07-31,49.25,50.25,48.6875,35.84119415283203,166400,IWM,0
2000-08-01,49.875,50.0625,49.640625,35.607147216796875,263400,IWM,0
2000-08-02,49.625,50.28125,49.5,35.662879943847656,388600,IWM,0
2000-08-03,49.03125,50.0625,49.03125,35.64057159423828,1084200,IWM,0
2000-08-04,50.5625,50.578125,49.921875,35.81889724731445,570400,IWM,0
2000-08-07,50.40625,51.1484375,50.40625,36.48200988769531,88200,IWM,0
2000-08-08,51,51.15625,50.90625,36.309268951416016,49600,IWM,0
2000-08-09,51.28125,51.28125,50.5390625,36.047367095947266,23000,IWM,0
2000-08-10,50.546875,50.59375,50.09375,35.84119415283203,43000,IWM,0
2000-08-11,49.75,51.125,49.75,36.46527862548828,176000,IWM,0
2000-08-14,50.96875,51.65625,50.9375,36.84421920776367,56800,IWM,0
2000-08-15,51.546875,51.625,50.90625,36.309268951416016,189200,IWM,0
2000-08-16,51.125,51.53125,50.9375,36.487586975097656,219400,IWM,0
2000-08-17,51.34375,51.84375,51.21875,36.8219108581543,358800,IWM,0
2000-08-18,51.8125,51.9375,51.4375,36.76620864868164,52200,IWM,0
2000-08-21,51.875,51.921875,51.40625,36.89992141723633,129200,IWM,0
2000-08-22,51.765625,52.09375,51.65625,36.84421920776367,195600,IWM,0
2000-08-23,51.59375,51.75,51.375,36.78848648071289,153000,IWM,0
2000-08-24,51.859375,52.625,51.859375,37.33455276489258,276200,IWM,0
2000-08-25,52.375,52.6875,52.21875,37.49059295654297,208600,IWM,0
2000-08-28,52.8125,53.125,52.5625,37.55746078491211,156000,IWM,0
2000-08-29,52.78125,53.15625,52.625,37.914093017578125,140200,IWM,0
2000-08-30,53.109375,53.40625,52.921875,37.95869064331055,619000,IWM,0
2000-08-31,53.40625,54.15625,53.40625,38.337581634521484,151200,IWM,0
2000-09-01,54,54.28125,53.7421875,38.64963150024414,186800,IWM,0
2000-09-05,54.1171875,54.28125,53.8125,38.38215637207031,110400,IWM,0
2000-09-06,54.0625,54.0625,53.5,38.21498107910156,217800,IWM,0
2000-09-07,53.8125,54.40625,53.8125,38.78339385986328,213800,IWM,0
2000-09-08,54.1015625,54.21875,53.4375,38.114688873291016,128600,IWM,0
2000-09-11,53.7109375,53.9140625,53.3125,38.159271240234375,314600,IWM,0
2000-09-12,53.8125,53.8125,53.25,38.036659240722656,93000,IWM,0
2000-09-13,53.09375,53.6875,53.09375,38.226139068603516,81200,IWM,0
2000-09-14,53.828125,54.109375,53.5859375,38.44903564453125,114000,IWM,0
2000-09-15,53.625,53.6875,52.8125,37.73575210571289,67000,IWM,0
2000-09-18,53.140625,53.140625,51.5078125,36.84421920776367,201400,IWM,0
2000-09-19,51.984375,52.71875,51.6328125,37.446022033691406,54800,IWM,0
2000-09-20,52.3125,52.3125,51.625,37.14847183227539,40400,IWM,0
2000-09-21,52,52,50.9375,36.45515060424805,207400,IWM,0
2000-09-22,50,51.59375,50,36.92481994628906,127600,IWM,0
2000-09-25,52.1796875,52.1796875,51.625,36.96955871582031,113800,IWM,0
2000-09-26,51.625,51.625,50.65625,36.4439582824707,65200,IWM,0
2000-09-27,51.15625,51.40625,50.5,36.27623748779297,43600,IWM,0
2000-09-28,50.8125,52.15625,50.78125,37.26028060913086,121000,IWM,0
2000-09-29,52.015625,52.1953125,51.8125,37.08137130737305,130400,IWM,0
2000-10-02,52.203125,52.203125,50.96875,36.47752380371094,169600,IWM,0
2000-10-03,51.5859375,51.5859375,50.2265625,35.946353912353516,151000,IWM,0
2000-10-04,50.453125,50.578125,49.8125,36.19797134399414,99800,IWM,0
2000-10-05,50.625,50.8125,50.03125,35.82895278930664,408800,IWM,0
2000-10-06,50.15625,50.15625,48.78125,34.95669937133789,185600,IWM,0
2000-10-09,48.875,48.875,48.3125,34.878421783447266,361800,IWM,0
2000-10-10,48.796875,49.0546875,47.5625,34.03971862792969,420400,IWM,0
2000-10-11,47.71875,47.8125,47,33.927894592285156,168200,IWM,0
2000-10-12,47.84375,47.84375,45.96875,32.89910125732422,161400,IWM,0
2000-10-13,46.09375,48.140625,46.0625,34.173912048339844,378800,IWM,0
2000-10-16,48,48.53125,47.71875,34.442291259765625,1098000,IWM,0
2000-10-17,48.125,48.2578125,46.5703125,33.575626373291016,265800,IWM,0
2000-10-18,45.8203125,46.8125,45.625,33.30166244506836,343600,IWM,0
2000-10-19,47.28125,48.09375,47.28125,34.330467224121094,150600,IWM,0
2000-10-20,48.34375,49.03125,48.3203125,34.76658248901367,264800,IWM,0
2000-10-23,48.84375,49.125,48.6640625,35.11323928833008,143200,IWM,0
2000-10-24,49.21875,49.53125,48.34375,34.59885787963867,73800,IWM,0
2000-10-25,48.25,48.5,47.265625,33.8272590637207,33000,IWM,0
2000-10-26,47.7109375,48,46.84375,34.35283279418945,105800,IWM,0
2000-10-27,47.625,48.25,47.625,34.37518310546875,138800,IWM,0
2000-10-30,47.9375,48.53125,47.53125,34.531768798828125,73600,IWM,0
2000-10-31,48.4375,49.6796875,48.4375,35.426361083984375,285000,IWM,0
2000-11-01,49.34375,49.71875,49.28125,35.44874572753906,528200,IWM,0
2000-11-02,49.890625,50.8125,49.875,36.298606872558594,211800,IWM,0
2000-11-03,50.796875,50.8125,50.375,36.25386428833008,224200,IWM,0
2000-11-06,51.09375,51.09375,50.21875,35.97429656982422,68200,IWM,0
2000-11-07,50.296875,50.6875,50.0625,36.27623748779297,79400,IWM,0
2000-11-08,50.71875,50.75,49.78125,35.627647399902344,192600,IWM,0
2000-11-09,49.375,49.6875,48.53125,35.2474250793457,249000,IWM,0
2000-11-10,49.375,49.375,48,34.35283279418945,189000,IWM,0
2000-11-13,47.5,47.890625,46.3125,34.00618362426758,160800,IWM,0
2000-11-14,48.4375,48.8125,48.375,34.8224983215332,129600,IWM,0
2000-11-15,48.71875,49.4375,48.5625,35.269805908203125,542200,IWM,0
2000-11-16,48.640625,49.2421875,47.8515625,34.24661636352539,165400,IWM,0
2000-11-17,48.5,48.8984375,48.03125,34.46464157104492,215400,IWM,0
2000-11-20,47.6875,47.84375,46.875,33.57005310058594,79800,IWM,0
2000-11-21,47.0625,47.0625,46.4375,33.37434005737305,84400,IWM,0
2000-11-22,46.28125,46.5,45.46875,32.675437927246094,123400,IWM,0
2000-11-24,46.2109375,47.09375,46.09375,33.592411041259766,82200,IWM,0
2000-11-27,47.90625,48.0546875,47.0625,33.68747329711914,235600,IWM,0
2000-11-28,46.875,47.21875,45.5,32.675437927246094,171000,IWM,0
2000-11-29,46,46,45.0625,32.58599853515625,526800,IWM,0
2000-11-30,45,45.28125,43.96875,31.892648696899414,214600,IWM,0
2000-12-01,45.1875,46.25,45.125,32.608360290527344,309200,IWM,0
2000-12-04,45.734375,45.734375,45,32.25050735473633,528200,IWM,0
2000-12-05,45.75,47.25,45.75,33.81605529785156,392400,IWM,0
2000-12-06,47.09375,47.53125,46.15625,33.03327941894531,310800,IWM,0
2000-12-07,45.71875,46.40625,45.71875,32.943817138671875,236200,IWM,0
2000-12-08,46.96875,47.875,46.65625,33.3911247253418,359600,IWM,0
2000-12-11,47.96875,48.78125,47.78125,34.91197204589844,250800,IWM,0
2000-12-12,48.78125,48.78125,47.71875,34.15155029296875,323200,IWM,0
2000-12-13,47.890625,47.890625,46.59375,33.515567779541016,525400,IWM,0
2000-12-14,46.5,46.84375,45.875,32.982017517089844,593800,IWM,0
2000-12-15,45.34375,45.703125,45,32.802242279052734,389000,IWM,0
2000-12-18,45.84375,46.46875,45.8125,33.296531677246094,239600,IWM,0
2000-12-19,46.25,46.75,45.5,32.7123908996582,453800,IWM,0
2000-12-20,44.734375,45,43.90625,31.678878784179688,261400,IWM,0
2000-12-21,44.0625,44.953125,43.75,31.926015853881836,404600,IWM,0
2000-12-22,45.125,46.34375,45.0625,33.25160217285156,885600,IWM,0
2000-12-26,46.25,46.609375,46.015625,33.44255447387695,514000,IWM,0
2000-12-27,46.5,47.75,46.1875,34.33002853393555,741200,IWM,0
2000-12-28,47.71875,49.375,47.71875,35.4309196472168,1201000,IWM,0
2000-12-29,49.46875,49.609375,47.8125,34.4199104309082,1803800,IWM,0
2001-01-02,47.875,47.875,45.84375,33.21788787841797,826000,IWM,0
2001-01-03,45.75,48.75,45.71875,34.59402084350586,1409800,IWM,0
2001-01-04,47.9375,48.28125,47.3125,34.15029525756836,506600,IWM,0
2001-01-05,47.4375,47.4375,45.8125,33.09431076049805,263200,IWM,0
2001-01-08,45.875,46.25,45.34375,33.2066650390625,423400,IWM,0
2001-01-09,46.1875,46.5625,45.84375,33.1561164855957,327600,IWM,0
2001-01-10,45.6875,47.59375,45.6875,34.217689514160156,1021800,IWM,0
2001-01-11,47.25,48.4375,47.25,34.683876037597656,431200,IWM,0
2001-01-12,48.0625,48.7265625,47.8125,34.77937316894531,1014200,IWM,0
2001-01-16,48.25,49.34375,48.03125,35.47584915161133,445200,IWM,0
2001-01-17,50.09375,50.1875,48.96875,35.45337677001953,1089600,IWM,0
2001-01-18,49.4375,49.5,48.765625,35.588191986083984,916200,IWM,0
2001-01-19,49.90625,49.90625,48.390625,34.95912551879883,590800,IWM,0
2001-01-22,48.5,49.09375,48.265625,35.206241607666016,237600,IWM,0
2001-01-23,49,50.1875,48.875,36.082462310791016,3197400,IWM,0
2001-01-24,50.25,50.40625,49.8125,35.94767379760742,938800,IWM,0
2001-01-25,50.0234375,50.15625,49.609375,35.81287384033203,772000,IWM,0
2001-01-26,49.53125,50,49.171875,35.81287384033203,435200,IWM,0
2001-01-29,49.69499969482422,50.82500076293945,49.69499969482422,36.540802001953125,596800,IWM,0
2001-01-30,51,51.154998779296875,50.42499923706055,36.778079986572266,1381400,IWM,0
2001-01-31,51.224998474121094,51.525001525878906,50.45000076293945,36.27119827270508,922400,IWM,0
2001-02-01,50.474998474121094,50.81999969482422,50.25,36.537235260009766,702800,IWM,0
2001-02-02,50.900001525878906,50.900001525878906,49.685001373291016,35.72119140625,856000,IWM,0
2001-02-05,49.5,49.994998931884766,49.45500183105469,35.7931022644043,541600,IWM,0
2001-02-06,49.875,50.744998931884766,49.875,36.36106872558594,424800,IWM,0
2001-02-07,50.025001525878906,50.79999923706055,50.025001525878906,36.4509391784668,406600,IWM,0
2001-02-08,50.82500076293945,50.900001525878906,49.875,35.90455627441406,2393800,IWM,0
2001-02-09,49.875,49.974998474121094,49.125,35.44440460205078,985000,IWM,0
2001-02-12,49.32500076293945,50.45000076293945,49.255001068115234,36.23524475097656,443200,IWM,0
2001-02-13,50.82500076293945,51.25,49.92499923706055,35.893733978271484,913000,IWM,0
2001-02-14,50.20000076293945,50.45000076293945,49.650001525878906,36.27119827270508,336000,IWM,0
2001-02-15,51,51.07500076293945,50.51499938964844,36.4509391784668,1262000,IWM,0
2001-02-16,49.54999923706055,50.20000076293945,49.45000076293945,35.66368103027344,675400,IWM,0
2001-02-20,49.849998474121094,50,48.7599983215332,35.25028991699219,631000,IWM,0
2001-02-21,48.599998474121094,49.07500076293945,48.025001525878906,34.63557815551758,399600,IWM,0
2001-02-22,48.17499923706055,48.244998931884766,47.125,34.15029525756836,526600,IWM,0
2001-02-23,47.400001525878906,47.75,46.224998474121094,34.222171783447266,380800,IWM,0
2001-02-26,48.07500076293945,48.744998931884766,47.85499954223633,34.97706985473633,903200,IWM,0
2001-02-27,48.650001525878906,48.650001525878906,47.625,34.3480110168457,448400,IWM,0
2001-02-28,47.900001525878906,47.900001525878906,46.92499923706055,33.8447380065918,316200,IWM,0
2001-03-01,47.025001525878906,47.400001525878906,46.349998474121094,34.07839584350586,541600,IWM,0
2001-03-02,46.650001525878906,48.150001525878906,46.625,34.168251037597656,1030800,IWM,0
2001-03-05,48,48.025001525878906,47.29999923706055,34.042449951171875,522200,IWM,0
2001-03-06,48,48.20000076293945,47.814998626708984,34.54571533203125,522000,IWM,0
2001-03-07,48.400001525878906,48.599998474121094,48.125,34.725433349609375,394600,IWM,0
2001-03-08,48.29499816894531,48.400001525878906,47.900001525878906,34.4378776550293,830400,IWM,0
2001-03-09,47.29999923706055,47.775001525878906,46.95500183105469,33.826988220214844,246600,IWM,0
2001-03-12,46.625,46.625,45.33000183105469,32.86882019042969,1006400,IWM,0
2001-03-13,45.900001525878906,46.099998474121094,45.005001068115234,33.21101760864258,672200,IWM,0
2001-03-14,44.875,46.150001525878906,44.849998474121094,32.41856002807617,655800,IWM,0
2001-03-15,45.525001525878906,45.70000076293945,44.75,32.2924690246582,561600,IWM,0
2001-03-16,44.92499923706055,45.17499923706055,43.82500076293945,31.698135375976562,301400,IWM,0
2001-03-19,44.5,45.20000076293945,43.755001068115234,32.5266227722168,784600,IWM,0
2001-03-20,45.04999923706055,45.58000183105469,44.099998474121094,31.77018165588379,625200,IWM,0
2001-03-21,44.125,44.29999923706055,43.07500076293945,31.283905029296875,494800,IWM,0
2001-03-22,43.125,43.375,41.57500076293945,30.97772789001465,1193000,IWM,0
2001-03-23,43.875,44.25,43.5,31.788190841674805,297200,IWM,0
2001-03-26,44.5,44.974998474121094,44.29999923706055,32.220436096191406,1011600,IWM,0
2001-03-27,44.79999923706055,45.29999923706055,44.04999923706055,32.47978591918945,633200,IWM,0
2001-03-28,44.45000076293945,44.5,43.775001525878906,31.608102798461914,1233200,IWM,0
2001-03-29,43.875,44.70000076293945,43.75,31.662126541137695,591800,IWM,0
2001-03-30,44.224998474121094,44.92499923706055,43.95000076293945,32.27446365356445,231400,IWM,0
2001-04-02,44.775001525878906,45,43.67499923706055,31.51802635192871,340200,IWM,0
2001-04-03,43.650001525878906,43.650001525878906,42.125,30.44821548461914,507400,IWM,0
2001-04-04,42.32500076293945,42.92499923706055,42.20000076293945,30.54547882080078,356400,IWM,0
2001-04-05,43,44.45000076293945,43,32.02233123779297,950000,IWM,0
2001-04-06,43.75,43.88999938964844,43.125,31.121809005737305,405000,IWM,0
2001-04-09,43.79999923706055,44.29999923706055,43.54999923706055,31.806215286254883,569800,IWM,0
2001-04-10,44.375,45.375,44.349998474121094,32.56264114379883,769000,IWM,0
2001-04-11,45.900001525878906,45.900001525878906,44.560001373291016,32.346534729003906,526800,IWM,0
2001-04-12,44.625,45.5,44.525001525878906,32.742740631103516,492000,IWM,0
2001-04-16,45.25,45.400001525878906,44.630001068115234,32.15199279785156,262400,IWM,0
2001-04-17,44.375,45.54999923706055,44.375,32.67070007324219,295400,IWM,0
2001-04-18,46.07500076293945,48,46,33.62525177001953,688600,IWM,0
2001-04-19,46.650001525878906,47.244998931884766,46.349998474121094,33.99985885620117,251200,IWM,0
2001-04-20,47,47,46,33.60362243652344,504000,IWM,0
2001-04-23,46,46.224998474121094,45.75,32.99489212036133,305200,IWM,0
2001-04-24,46.099998474121094,46.51499938964844,45.75,33.24702453613281,319200,IWM,0
2001-04-25,46.25,47.20000076293945,45.95500183105469,33.967437744140625,390200,IWM,0
2001-04-26,47.25,47.95000076293945,47.17499923706055,34.45372009277344,323600,IWM,0
2001-04-27,48.125,48.45000076293945,47.95000076293945,34.903961181640625,1658400,IWM,0
2001-04-30,48.82500076293945,49.04999923706055,48.255001068115234,34.93998718261719,1112800,IWM,0
2001-05-01,48.32500076293945,49.099998474121094,48.01499938964844,35.37223815917969,563400,IWM,0
2001-05-02,49.20000076293945,49.29999923706055,48.5,35.282196044921875,590200,IWM,0
2001-05-03,48.57500076293945,48.625,48.150001525878906,34.84635543823242,385600,IWM,0
2001-05-04,48.07500076293945,49.25,47.73500061035156,35.336204528808594,754000,IWM,0
2001-05-07,49.29999923706055,49.5,48.70000076293945,35.120086669921875,269000,IWM,0
2001-05-08,49.04999923706055,49.25,48.525001525878906,35.30021667480469,437800,IWM,0
2001-05-09,48.54999923706055,49.20000076293945,48.54999923706055,35.084075927734375,237000,IWM,0
2001-05-10,49.42499923706055,49.42499923706055,48.75,35.120086669921875,562600,IWM,0
2001-05-11,48.82500076293945,49.17499923706055,48.32500076293945,34.91117858886719,1009600,IWM,0
2001-05-14,48.459999084472656,48.65999984741211,48.150001525878906,34.903961181640625,249400,IWM,0
2001-05-15,48.5,49.099998474121094,48.42499923706055,35.24614715576172,435000,IWM,0
2001-05-16,48.54999923706055,49.875,48.54999923706055,35.9233512878418,633200,IWM,0
2001-05-17,49.875,50.42499923706055,49.75,36.29436492919922,173600,IWM,0
2001-05-18,50.125,50.67499923706055,50.125,36.434837341308594,309000,IWM,0
2001-05-21,50.42499923706055,51.45000076293945,50.349998474121094,37.06520462036133,376000,IWM,0
2001-05-22,51.599998474121094,51.900001525878906,51.150001525878906,37.24531173706055,896200,IWM,0
2001-05-23,51.32500076293945,51.474998474121094,50.5,36.380828857421875,659000,IWM,0
2001-05-24,50.79999923706055,51.17499923706055,50.15999984741211,36.75904846191406,540200,IWM,0
2001-05-25,51.04999923706055,51.099998474121094,50.650001525878906,36.48888397216797,339600,IWM,0
2001-05-29,50.75,50.75,50,36.02062225341797,753600,IWM,0
2001-05-30,49.95000076293945,49.95000076293945,49.150001525878906,35.552337646484375,849400,IWM,0
2001-05-31,49.57500076293945,50.099998474121094,49.400001525878906,35.69643020629883,972000,IWM,0
2001-06-01,49.875,50.25,49.25,36.117881774902344,538200,IWM,0
2001-06-04,50.375,50.790000915527344,50.150001525878906,36.5897331237793,417800,IWM,0
2001-06-05,50.79999923706055,51.724998474121094,50.724998474121094,37.10123825073242,1191600,IWM,0
2001-06-06,51.5,51.625,51.07500076293945,36.86709213256836,1081200,IWM,0
2001-06-07,51,51.57500076293945,51,37.02198028564453,262800,IWM,0
2001-06-08,51.25,51.29999923706055,50.525001525878906,36.80671310424805,545400,IWM,0
2001-06-11,50.95000076293945,50.95000076293945,50.25,36.3190803527832,513400,IWM,0
2001-06-12,50,50.75,49.72999954223633,36.40939712524414,690200,IWM,0
2001-06-13,50.625,51,50.20000076293945,36.35881805419922,759400,IWM,0
2001-06-14,49.875,50.025001525878906,49.07500076293945,35.45219039916992,865200,IWM,0
2001-06-15,49,49.57500076293945,48.92499923706055,35.668907165527344,817800,IWM,0
2001-06-18,49.25,49.5,48.75,35.39802932739258,685600,IWM,0
2001-06-19,49.5,49.54999923706055,48.59000015258789,35.28965377807617,763600,IWM,0
2001-06-20,48.5,49.54999923706055,48.5,35.70502471923828,861400,IWM,0
2001-06-21,49.32500076293945,49.79999923706055,49.275001525878906,35.7556037902832,776800,IWM,0
2001-06-22,49.625,49.625,48.5,35.10905456542969,673400,IWM,0
2001-06-25,48.849998474121094,48.8849983215332,48.125,34.86343002319336,1857600,IWM,0
2001-06-26,48,49.04999923706055,47.92499923706055,35.39802932739258,1007600,IWM,0
2001-06-27,49.099998474121094,49.599998474121094,48.95000076293945,35.74116897583008,989000,IWM,0
2001-06-28,49.75,50.375,49.75,36.192665100097656,922600,IWM,0
2001-06-29,50.45000076293945,51.20000076293945,50.224998474121094,36.80671310424805,2283200,IWM,0
2001-07-02,50.79999923706055,50.79999923706055,49.654998779296875,35.97594451904297,2142000,IWM,0
2001-07-03,49.625,49.77000045776367,49.29999923706055,35.759220123291016,1084800,IWM,0
2001-07-05,49,49.494998931884766,48.775001525878906,35.28965377807617,849600,IWM,0
2001-07-06,48.54999923706055,48.724998474121094,47.775001525878906,34.639495849609375,588600,IWM,0
2001-07-09,48.125,48.474998474121094,47.625,34.96458435058594,895400,IWM,0
2001-07-10,48.54999923706055,48.54999923706055,47.290000915527344,34.31438064575195,775600,IWM,0
2001-07-11,47.400001525878906,47.619998931884766,46.744998931884766,34.31438064575195,1103400,IWM,0
2001-07-12,47.900001525878906,48.75,47.875,35.156028747558594,1254200,IWM,0
2001-07-13,48.54999923706055,49.07500076293945,48.349998474121094,35.325767517089844,241200,IWM,0
2001-07-16,48.849998474121094,48.994998931884766,48.07500076293945,34.72977066040039,547200,IWM,0
2001-07-17,48.04999923706055,49.025001525878906,47.95000076293945,35.41606903076172,558400,IWM,0
2001-07-18,48.349998474121094,48.94499969482422,48.07500076293945,34.74784851074219,877800,IWM,0
2001-07-19,48.599998474121094,49.084999084472656,48.25,35.03681182861328,431000,IWM,0
2001-07-20,48.25,48.79999923706055,48.25,35.03681182861328,629600,IWM,0
2001-07-23,48.82500076293945,48.82500076293945,48,34.78396224975586,1452000,IWM,0
2001-07-24,48,48.17499923706055,46.900001525878906,34.206058502197266,588200,IWM,0
2001-07-25,47.45000076293945,47.650001525878906,46.95500183105469,34.40470504760742,603600,IWM,0
2001-07-26,47.505001068115234,48.54999923706055,47.22999954223633,34.91039276123047,622800,IWM,0
2001-07-27,48.32500076293945,48.540000915527344,48.084999084472656,34.856201171875,592200,IWM,0
2001-07-30,48.45000076293945,48.5,47.849998474121094,34.80202102661133,378000,IWM,0
2001-07-31,48.29499816894531,48.834999084472656,48.060001373291016,34.758697509765625,652200,IWM,0
2001-08-01,48.525001525878906,48.900001525878906,48.224998474121094,35.28965377807617,439000,IWM,0
2001-08-02,49.224998474121094,49.25,48.45000076293945,35.18130874633789,553000,IWM,0
2001-08-03,48.75,48.89500045776367,48.04999923706055,35.09100341796875,303000,IWM,0
2001-08-06,48.5,48.5,47.79999923706055,34.60336685180664,236800,IWM,0
2001-08-07,47.900001525878906,48.04999923706055,47.650001525878906,34.639495849609375,427400,IWM,0
2001-08-08,47.5,48.15999984741211,46.875,33.8629035949707,1126400,IWM,0
2001-08-09,47.099998474121094,47.349998474121094,46.724998474121094,34.206058502197266,535200,IWM,0
2001-08-10,47.17499923706055,47.599998474121094,46.755001068115234,34.169918060302734,425400,IWM,0
2001-08-13,47.57500076293945,47.810001373291016,47.30500030517578,34.45887756347656,1614800,IWM,0
2001-08-14,47.775001525878906,48.20000076293945,47.709999084472656,34.56723403930664,4667800,IWM,0
2001-08-15,47.875,48.1150016784668,47.5099983215332,34.52391052246094,931600,IWM,0
2001-08-16,47.625,48.25,47.25,34.74784851074219,1579400,IWM,0
2001-08-17,47.70000076293945,48,47.29999923706055,34.206058502197266,2412000,IWM,0
2001-08-20,47.29999923706055,47.875,47.275001525878906,34.58531951904297,2469600,IWM,0
2001-08-21,47.849998474121094,48,47,33.98933029174805,910400,IWM,0
2001-08-22,47.45000076293945,47.67499923706055,46.88999938964844,34.440834045410156,1277800,IWM,0
2001-08-23,47.599998474121094,47.994998931884766,47.04999923706055,33.98933029174805,842200,IWM,0
2001-08-24,47.5,48.04999923706055,47.42499923706055,34.71171951293945,2401000,IWM,0
2001-08-27,48.04999923706055,48.224998474121094,47.67499923706055,34.58531951904297,249400,IWM,0
2001-08-28,47.82500076293945,47.849998474121094,47.25,34.206058502197266,985000,IWM,0
2001-08-29,47.525001525878906,47.525001525878906,46.900001525878906,34.06156539916992,653000,IWM,0
2001-08-30,46.900001525878906,47.099998474121094,46.30500030517578,33.631717681884766,959400,IWM,0
2001-08-31,46.70000076293945,47.06999969482422,46.630001068115234,33.913475036621094,995600,IWM,0
2001-09-04,46.849998474121094,47.244998931884766,46.5,33.59199142456055,697400,IWM,0
2001-09-05,46.599998474121094,46.67499923706055,45.70000076293945,33.357208251953125,569200,IWM,0
2001-09-06,45.75,45.900001525878906,45.099998474121094,32.58062744140625,305400,IWM,0
2001-09-07,44.650001525878906,45.04999923706055,44.084999084472656,31.977413177490234,4950200,IWM,0
2001-09-10,43.92499923706055,44.29999923706055,43.54999923706055,31.731779098510742,4777800,IWM,0
2001-09-17,41,42.494998931884766,41,30.16054344177246,1338800,IWM,0
2001-09-18,41.869998931884766,41.92499923706055,40.79999923706055,29.67293930053711,4303400,IWM,0
2001-09-19,41.255001068115234,41.349998474121094,38.79999923706055,28.954126358032227,1636000,IWM,0
2001-09-20,39.54999923706055,39.650001525878906,38.29999923706055,27.852455139160156,732000,IWM,0
2001-09-21,37.25,38.025001525878906,36.75,27.328702926635742,1011200,IWM,0
2001-09-24,38.25,39.290000915527344,38.25,28.173934936523438,1702800,IWM,0
2001-09-25,39.119998931884766,39.75,38.875,28.517080307006836,924600,IWM,0
2001-09-26,39.599998474121094,39.79999923706055,38.67499923706055,28.094472885131836,990600,IWM,0
2001-09-27,38.88999938964844,39.525001525878906,38.314998626708984,28.545984268188477,1879400,IWM,0
2001-09-28,39.79999923706055,40.38999938964844,39.63999938964844,28.96855926513672,2264800,IWM,0
2001-10-01,40.099998474121094,40.14500045776367,39.025001525878906,28.82139015197754,906000,IWM,0
2001-10-02,39.5,40.185001373291016,39.5,29.136804580688477,1107200,IWM,0
2001-10-03,39.5,41.375,39.5,29.80021095275879,1441200,IWM,0
2001-10-04,41.25,41.970001220703125,41.025001525878906,30.097511291503906,2346200,IWM,0
2001-10-05,41.45000076293945,41.45000076293945,40.505001068115234,29.945234298706055,503800,IWM,0
2001-10-08,40.75,41.39500045776367,40.75,29.67333984375,348000,IWM,0
2001-10-09,40.82500076293945,40.974998474121094,40.5,29.42683219909668,1017200,IWM,0
2001-10-10,40.54999923706055,42,40.54999923706055,30.45278549194336,638600,IWM,0
2001-10-11,42.5,43.20000076293945,42.5,30.94220733642578,1523400,IWM,0
2001-10-12,42.560001373291016,42.88999938964844,41.900001525878906,30.844329833984375,573800,IWM,0
2001-10-15,42.375,42.78499984741211,42.150001525878906,30.960338592529297,590600,IWM,0
2001-10-16,42.95000076293945,43.400001525878906,42.8650016784668,31.377246856689453,966400,IWM,0
2001-10-17,43.650001525878906,43.724998474121094,42.04999923706055,30.489044189453125,797400,IWM,0
2001-10-18,42.275001525878906,42.275001525878906,41.650001525878906,30.293277740478516,969400,IWM,0
2001-10-19,41.724998474121094,42.474998474121094,41.724998474121094,30.670310974121094,519200,IWM,0
2001-10-22,42.375,42.875,42.34000015258789,30.945812225341797,369600,IWM,0
2001-10-23,43.005001068115234,43.14500045776367,42.400001525878906,30.742816925048828,851600,IWM,0
2001-10-24,42.5,42.689998626708984,42.29999923706055,30.94220733642578,527600,IWM,0
2001-10-25,42.20000076293945,43.625,42,31.631017684936523,1195000,IWM,0
2001-10-26,43.20000076293945,43.82500076293945,43.20000076293945,31.631017684936523,951600,IWM,0
2001-10-29,43.505001068115234,43.5099983215332,42.70000076293945,30.996583938598633,516400,IWM,0
2001-10-30,42.400001525878906,42.400001525878906,41.67499923706055,30.344039916992188,887200,IWM,0
2001-10-31,42.32500076293945,42.8849983215332,42.20500183105469,30.851572036743164,1531200,IWM,0
2001-11-01,42.66999816894531,43.29999923706055,42.25,31.395395278930664,786000,IWM,0
2001-11-02,43.224998474121094,43.349998474121094,42.92499923706055,31.177854537963867,369600,IWM,0
2001-11-05,43.599998474121094,43.650001525878906,43.310001373291016,31.631017684936523,305600,IWM,0
2001-11-06,43.375,44.25,43.25,32.084197998046875,1671200,IWM,0
2001-11-07,43.849998474121094,44.32500076293945,43.80500030517578,31.866655349731445,584200,IWM,0
2001-11-08,44.17499923706055,44.45000076293945,43.474998474121094,31.794158935546875,483200,IWM,0
2001-11-09,43.529998779296875,43.744998931884766,43.415000915527344,31.685394287109375,421400,IWM,0
2001-11-12,43.349998474121094,43.88999938964844,42.529998779296875,31.81229019165039,230200,IWM,0
2001-11-13,44.25,44.67499923706055,44.125,32.3923454284668,442200,IWM,0
2001-11-14,45,45.119998931884766,44.209999084472656,32.71501159667969,285600,IWM,0
2001-11-15,44.900001525878906,45.20000076293945,44.70000076293945,32.591732025146484,363400,IWM,0
2001-11-16,44.83000183105469,45.07500076293945,44.63999938964844,32.624366760253906,423200,IWM,0
2001-11-19,45.07500076293945,45.689998626708984,45.005001068115234,32.990516662597656,316200,IWM,0
2001-11-20,45.5,45.82500076293945,45.04999923706055,32.80200958251953,457000,IWM,0
2001-11-21,45.150001525878906,45.224998474121094,44.68000030517578,32.68962860107422,384800,IWM,0
2001-11-23,45.025001525878906,45.775001525878906,45.025001525878906,33.16453170776367,224600,IWM,0
2001-11-26,45.7400016784668,46.07500076293945,45.45000076293945,33.334938049316406,549200,IWM,0
2001-11-27,45.95000076293945,46.16999816894531,45.55500030517578,33.22616958618164,420800,IWM,0
2001-11-28,45.599998474121094,45.869998931884766,45.025001525878906,32.6461067199707,641400,IWM,0
2001-11-29,45.17499923706055,46.349998474121094,45.099998474121094,33.60681915283203,507000,IWM,0
2001-11-30,46.20000076293945,46.28499984741211,45.70000076293945,33.20802688598633,740200,IWM,0
2001-12-03,45.45000076293945,45.70500183105469,45.29999923706055,32.990516662597656,210800,IWM,0
2001-12-04,45.5,46.67499923706055,45.47999954223633,33.75184631347656,680400,IWM,0
2001-12-05,47.04999923706055,47.9900016784668,46.900001525878906,34.49502182006836,600400,IWM,0
2001-12-06,47.79999923706055,48.25,47.67499923706055,34.98445510864258,738000,IWM,0
2001-12-07,48.07500076293945,48.2400016784668,47.779998779296875,34.71979522705078,526800,IWM,0
2001-12-10,47.875,48.09000015258789,47,34.11800003051758,674600,IWM,0
2001-12-11,47.42499923706055,47.70000076293945,47.029998779296875,34.31377410888672,429000,IWM,0
2001-12-12,47.45000076293945,47.564998626708984,46.8650016784668,34.36814880371094,249400,IWM,0
2001-12-13,46.974998474121094,47.27000045776367,46.54999923706055,33.75545883178711,796400,IWM,0
2001-12-14,46.650001525878906,46.95000076293945,46.3650016784668,34.14086151123047,1147400,IWM,0
2001-12-17,46.83000183105469,47.849998474121094,46.83000183105469,34.795326232910156,798800,IWM,0
2001-12-18,48.25,48.32500076293945,47.814998626708984,35.1043701171875,1727800,IWM,0
2001-12-19,47.875,48.189998626708984,47.564998626708984,34.83168411254883,1551600,IWM,0
2001-12-20,47.900001525878906,47.915000915527344,46.974998474121094,34.286312103271484,5581600,IWM,0
2001-12-21,47.45000076293945,48.2400016784668,47.20500183105469,34.977115631103516,1577800,IWM,0
2001-12-24,48.224998474121094,48.42499923706055,48.10499954223633,35.140743255615234,319000,IWM,0
2001-12-26,48.29999923706055,48.869998931884766,48.29999923706055,35.44978332519531,963000,IWM,0
2001-12-27,48.75,49.07500076293945,48.72999954223633,35.59523391723633,1705200,IWM,0
2001-12-28,49.150001525878906,49.26499938964844,48.875,35.631587982177734,2017600,IWM,0
2001-12-31,49.125,49.20000076293945,48.17499923706055,35.03165054321289,2346600,IWM,0
2002-01-02,48.54999923706055,48.64500045776367,47.63999938964844,35.355281829833984,1807400,IWM,0
2002-01-03,48.5,49.29499816894531,48.5,35.846099853515625,1013400,IWM,0
2002-01-04,49.375,49.91999816894531,49.150001525878906,36.158790588378906,1304400,IWM,0
2002-01-07,49.67499923706055,49.900001525878906,48.92499923706055,35.577030181884766,1661800,IWM,0
2002-01-08,49.125,49.619998931884766,48.650001525878906,35.995174407958984,743600,IWM,0
2002-01-09,49.875,50.064998626708984,49,35.631587982177734,868800,IWM,0
2002-01-10,49.07500076293945,49.29999923706055,48.97999954223633,35.8497314453125,365200,IWM,0
2002-01-11,49.375,49.474998474121094,48.54999923706055,35.413421630859375,802800,IWM,0
2002-01-14,48.630001068115234,48.630001068115234,47.849998474121094,34.88622283935547,781000,IWM,0
2002-01-15,48.095001220703125,48.29999923706055,47.72999954223633,35.12255859375,1170000,IWM,0
2002-01-16,47.75,47.92499923706055,47.099998474121094,34.40992736816406,4382800,IWM,0
2002-01-17,47.75,48,47.2599983215332,34.57719039916992,813400,IWM,0
2002-01-18,47.54999923706055,47.83000183105469,46.900001525878906,34.14086151123047,991000,IWM,0
2002-01-22,47.375,47.54499816894531,46.55500030517578,33.9227180480957,1331400,IWM,0
2002-01-23,46.82500076293945,47.42499923706055,46.400001525878906,34.39539337158203,1752600,IWM,0
2002-01-24,47.54999923706055,47.88999938964844,47.54999923706055,34.668087005615234,956600,IWM,0
2002-01-25,47.67499923706055,47.78499984741211,47.33000183105469,34.64263153076172,770400,IWM,0
2002-01-28,47.79999923706055,48,47.5,34.86806106567383,617600,IWM,0
2002-01-29,47.92499923706055,48.01499938964844,46.82500076293945,34.25358200073242,1519000,IWM,0
2002-01-30,47.20000076293945,47.79499816894531,46.5,34.6826057434082,1250600,IWM,0
2002-01-31,47.79999923706055,48.099998474121094,47.505001068115234,34.977115631103516,2674000,IWM,0
2002-02-01,47.75,48.185001373291016,47.6150016784668,34.77714538574219,768400,IWM,0
2002-02-04,47.625,47.70500183105469,46.55500030517578,33.959075927734375,2787200,IWM,0
2002-02-05,46.57500076293945,46.849998474121094,46.19499969482422,33.828189849853516,1805200,IWM,0
2002-02-06,46.525001525878906,46.724998474121094,45.775001525878906,33.45005416870117,1273600,IWM,0
2002-02-07,45.95000076293945,46.04999923706055,45.375,33.013763427734375,1973000,IWM,0
2002-02-08,45.60499954223633,46.599998474121094,45.45500183105469,33.88636779785156,1737800,IWM,0
2002-02-11,46.400001525878906,47,46.375,34.03544616699219,1031600,IWM,0
2002-02-12,46.650001525878906,47.119998931884766,46.47999954223633,34.10814666748047,394600,IWM,0
2002-02-13,47.125,47.39500045776367,47.005001068115234,34.43175506591797,359200,IWM,0
2002-02-14,47.470001220703125,47.59000015258789,46.75,33.99543762207031,1958000,IWM,0
2002-02-15,46.869998931884766,46.94499969482422,46.400001525878906,33.944541931152344,847800,IWM,0
2002-02-19,46.25,46.400001525878906,45.625,33.28643035888672,981400,IWM,0
2002-02-20,45.70000076293945,46.54999923706055,45.439998626708984,33.849998474121094,1388200,IWM,0
2002-02-21,46.45000076293945,46.54999923706055,45.55500030517578,33.12647247314453,665600,IWM,0
2002-02-22,45.599998474121094,46.375,45.38999938964844,33.72273254394531,1361800,IWM,0
2002-02-25,46.375,46.665000915527344,46.17499923706055,33.93364334106445,740600,IWM,0
2002-02-26,46.64500045776367,47.0099983215332,46.35499954223633,34.0936164855957,994200,IWM,0
2002-02-27,47.125,47.29499816894531,46.814998626708984,34.24995422363281,1247600,IWM,0
2002-02-28,47.150001525878906,47.2400016784668,46.47999954223633,33.88636779785156,1466200,IWM,0
2002-03-01,46.82500076293945,47.75,46.650001525878906,34.72262954711914,1445200,IWM,0
2002-03-04,47.75,48.7400016784668,47.625,35.26798629760742,1448800,IWM,0
2002-03-05,48.4900016784668,48.915000915527344,48.349998474121094,35.347984313964844,1330800,IWM,0
2002-03-06,48.61000061035156,49.31999969482422,48.20000076293945,35.77700424194336,846600,IWM,0
2002-03-07,49.54999923706055,49.650001525878906,49.07500076293945,35.813350677490234,1150200,IWM,0
2002-03-08,49.849998474121094,49.880001068115234,49.345001220703125,36.17555618286133,1206800,IWM,0
2002-03-11,49.689998626708984,49.9900016784668,49.27000045776367,36.18283462524414,1110600,IWM,0
2002-03-12,49.275001525878906,49.75,49.07500076293945,36.12459945678711,818000,IWM,0
2002-03-13,49.25,49.525001525878906,49.025001525878906,35.81883239746094,1581200,IWM,0
2002-03-14,49.375,49.6150016784668,48.755001068115234,35.98263931274414,1402200,IWM,0
2002-03-15,49.30500030517578,49.79999923706055,49.04999923706055,36.12825012207031,1414800,IWM,0
2002-03-18,49.744998931884766,50.18000030517578,49.54999923706055,36.33210372924805,1362400,IWM,0
2002-03-19,50.150001525878906,50.32500076293945,49.95000076293945,36.565067291259766,621200,IWM,0
2002-03-20,49.974998474121094,50.025001525878906,49.42499923706055,35.98991775512695,1805600,IWM,0
2002-03-21,49.775001525878906,50.310001373291016,49.5,36.59417724609375,960200,IWM,0
2002-03-22,50.275001525878906,50.55500030517578,49.880001068115234,36.328453063964844,1018600,IWM,0
2002-03-25,50.025001525878906,50.06999969482422,49.224998474121094,35.88798522949219,1873600,IWM,0
2002-03-26,49.400001525878906,49.93000030517578,49.400001525878906,36.29204177856445,843600,IWM,0
2002-03-27,49.849998474121094,50.314998626708984,49.73500061035156,36.63057327270508,976400,IWM,0
2002-03-28,50.45000076293945,50.71500015258789,50.04999923706055,36.43767166137695,1783000,IWM,0
2002-04-01,50.04999923706055,50.415000915527344,49.529998779296875,36.47406005859375,1304000,IWM,0
2002-04-02,49.69499969482422,50.20000076293945,49.650001525878906,36.24110794067383,5878800,IWM,0
2002-04-03,49.875,49.95500183105469,49.2599983215332,35.98263931274414,6075400,IWM,0
2002-04-04,49.20000076293945,49.900001525878906,49.17499923706055,36.12459945678711,2093200,IWM,0
2002-04-05,49.79999923706055,49.95000076293945,49.349998474121094,36.07364273071289,815400,IWM,0
2002-04-08,49.005001068115234,50.16999816894531,49,36.5250129699707,1162200,IWM,0
2002-04-09,50.16999816894531,50.345001220703125,49.96500015258789,36.39033126831055,954600,IWM,0
2002-04-10,50.25,50.95000076293945,50.16999816894531,37.092891693115234,2098000,IWM,0
2002-04-11,50.82500076293945,50.974998474121094,50.0099983215332,36.49953842163086,1505600,IWM,0
2002-04-12,50.5,51.25,50.125,37.3112907409668,2963400,IWM,0
2002-04-15,51.5,51.625,50.790000915527344,37.03828430175781,2844000,IWM,0
2002-04-16,51.45000076293945,52.150001525878906,51.375,37.96650695800781,1361400,IWM,0
2002-04-17,52.375,52.375,51.625,37.646183013916016,6833400,IWM,0
2002-04-18,51.775001525878906,51.8650016784668,51.07500076293945,37.485992431640625,2359200,IWM,0
2002-04-19,51.79999923706055,51.81999969482422,51.45000076293945,37.45689392089844,760800,IWM,0
2002-04-22,51.400001525878906,51.44499969482422,50.755001068115234,36.96182632446289,1507000,IWM,0
2002-04-23,50.79999923706055,51.040000915527344,50.70000076293945,37.092891693115234,1798200,IWM,0
2002-04-24,51,51.32500076293945,50.3849983215332,36.77981948852539,1095400,IWM,0
2002-04-25,50.29999923706055,50.77000045776367,50.10499954223633,36.878108978271484,1388200,IWM,0
2002-04-26,50.810001373291016,50.94499969482422,49.685001373291016,36.17192459106445,2200800,IWM,0
2002-04-29,50,50.09000015258789,49.54999923706055,36.2811393737793,3547600,IWM,0
2002-04-30,49.900001525878906,50.83000183105469,49.810001373291016,36.87446594238281,1444200,IWM,0
2002-05-01,50.75,51,49.97999954223633,37.12928771972656,1435200,IWM,0
2002-05-02,50.95000076293945,51.29999923706055,50.81999969482422,37.25667190551758,932200,IWM,0
2002-05-03,51.25,51.25,50.650001525878906,37.092891693115234,1494800,IWM,0
2002-05-06,50.994998931884766,51.15999984741211,49.974998474121094,36.38306427001953,2717000,IWM,0
2002-05-07,50.2400016784668,50.27000045776367,49.599998474121094,36.120975494384766,1302400,IWM,0
2002-05-08,50.45000076293945,50.810001373291016,50.2400016784668,36.98367691040039,2224000,IWM,0
2002-05-09,50.79999923706055,50.79999923706055,49.849998474121094,36.31026077270508,1718000,IWM,0
2002-05-10,49.994998931884766,50.02000045776367,48.95000076293945,35.72053909301758,1788600,IWM,0
2002-05-13,49.07500076293945,49.724998474121094,49,36.18283462524414,2245000,IWM,0
2002-05-14,50.349998474121094,51.20000076293945,50.11000061035156,37.27489471435547,9461400,IWM,0
2002-05-15,50.875,51.40999984741211,50.58000183105469,37.23847579956055,1803200,IWM,0
2002-05-16,51.17499923706055,51.17499923706055,50.375,36.798030853271484,1452200,IWM,0
2002-05-17,50.599998474121094,50.8849983215332,50.2599983215332,36.910892486572266,1620400,IWM,0
2002-05-20,50.625,50.625,50.005001068115234,36.44492721557617,1856200,IWM,0
2002-05-21,50.17499923706055,50.31999969482422,49.1349983215332,35.891632080078125,2511000,IWM,0
2002-05-22,49.150001525878906,49.59000015258789,48.67499923706055,35.673240661621094,2344600,IWM,0
2002-05-23,49.349998474121094,49.994998931884766,48.75,36.38306427001953,2384600,IWM,0
2002-05-24,49.75,49.82500076293945,49.185001373291016,35.80791091918945,1608400,IWM,0
2002-05-28,49.400001525878906,49.400001525878906,48.5,35.71691131591797,2984200,IWM,0
2002-05-29,48.95000076293945,48.95000076293945,48.34000015258789,35.26188278198242,1952000,IWM,0
2002-05-30,48.435001373291016,48.82500076293945,48.02000045776367,35.38929748535156,3009400,IWM,0
2002-05-31,48.775001525878906,49.119998931884766,48.25,35.127201080322266,6645800,IWM,0
2002-06-03,48.474998474121094,48.474998474121094,47.125,34.30818176269531,2000800,IWM,0
2002-06-04,47.04999923706055,47.400001525878906,46.505001068115234,34.315452575683594,5450800,IWM,0
2002-06-05,47.275001525878906,47.42499923706055,46.86000061035156,34.43558120727539,1600400,IWM,0
2002-06-06,47.275001525878906,47.29999923706055,46.275001525878906,33.76579666137695,1848400,IWM,0
2002-06-07,45.625,47,45.60499954223633,34.07156753540039,2509000,IWM,0
2002-06-10,46.900001525878906,47.224998474121094,46.599998474121094,34.03518295288086,2447000,IWM,0
2002-06-11,47,47.095001220703125,46,33.4891357421875,2877200,IWM,0
2002-06-12,46.005001068115234,46.345001220703125,45.474998474121094,33.59837341308594,4146000,IWM,0
2002-06-13,46.099998474121094,46.29499816894531,45.3849983215332,33.125144958496094,1413200,IWM,0
2002-06-14,44.79999923706055,45.79999923706055,44.255001068115234,33.39558410644531,3394200,IWM,0
2002-06-17,45.875,46.900001525878906,45.875,34.173011779785156,1479000,IWM,0
2002-06-18,46.76499938964844,47.275001525878906,46.57500076293945,34.26790237426758,1905600,IWM,0
2002-06-19,46.349998474121094,47.185001373291016,46,33.57810592651367,2348000,IWM,0
2002-06-20,46.119998931884766,46.58000183105469,45.65999984741211,33.50510025024414,1983200,IWM,0
2002-06-21,45.900001525878906,46.31999969482422,45.599998474121094,33.43210983276367,1713200,IWM,0
2002-06-24,45.625,46.19499969482422,44.93000030517578,33.32625198364258,2586600,IWM,0
2002-06-25,45.95000076293945,46.17499923706055,44.724998474121094,32.85542678833008,1502800,IWM,0
2002-06-26,44,45.154998779296875,43.95000076293945,32.83718490600586,6941400,IWM,0
2002-06-27,45.650001525878906,45.849998474121094,44.7400016784668,33.468589782714844,4792200,IWM,0
2002-06-28,45.72999954223633,46.32500076293945,45.32500076293945,33.085357666015625,3006800,IWM,0
2002-07-01,45.45000076293945,45.814998626708984,44.29999923706055,32.41012954711914,1844600,IWM,0
2002-07-02,44.279998779296875,44.29999923706055,43,31.435657501220703,1720600,IWM,0
2002-07-03,42.900001525878906,43,42,31.059711456298828,2908600,IWM,0
2002-07-05,43.07500076293945,43.959999084472656,42.900001525878906,32.088966369628906,1063400,IWM,0
2002-07-08,43.875,44.119998931884766,43.025001525878906,31.424701690673828,1810000,IWM,0
2002-07-09,43.099998474121094,43.435001373291016,42.650001525878906,31.304250717163086,1619000,IWM,0
2002-07-10,42.94499969482422,42.94499969482422,41.67499923706055,30.442916870117188,2447800,IWM,0
2002-07-11,41.5,41.619998931884766,40.54999923706055,30.20568084716797,3428800,IWM,0
2002-07-12,41.5,42.09000015258789,40.95000076293945,29.946523666381836,3394800,IWM,0
2002-07-15,40.95000076293945,40.95000076293945,39.42499923706055,29.760385513305664,3691200,IWM,0
2002-07-16,40.474998474121094,41.25,40.220001220703125,29.563318252563477,2598200,IWM,0
2002-07-17,41.494998931884766,41.5,40.060001373291016,29.83705711364746,2669000,IWM,0
2002-07-18,40.650001525878906,40.95000076293945,39.45000076293945,28.796857833862305,1829400,IWM,0
2002-07-19,39.025001525878906,39.334999084472656,38.32500076293945,28.194656372070312,2860400,IWM,0
2002-07-22,38.29999923706055,38.89500045776367,37.29999923706055,27.6325626373291,3325800,IWM,0
2002-07-23,38.07500076293945,38.07500076293945,35.875,26.18724822998047,3187000,IWM,0
2002-07-24,35.20000076293945,38,34.75,27.73839569091797,6626600,IWM,0
2002-07-25,37,38.599998474121094,36.70000076293945,27.519433975219727,6251400,IWM,0
2002-07-26,37.974998474121094,38.29999923706055,37.32500076293945,27.95738983154297,2480400,IWM,0
2002-07-29,39.150001525878906,40.150001525878906,38.75,29.034074783325195,2366800,IWM,0
2002-07-30,39.849998474121094,40.21500015258789,38.7599983215332,29.121686935424805,3403200,IWM,0
2002-07-31,39.89500045776367,39.95000076293945,39.17499923706055,28.669109344482422,1834800,IWM,0
2002-08-01,39.150001525878906,39.375,38.5,28.24938201904297,2009800,IWM,0
2002-08-02,38.625,38.67499923706055,37.43000030517578,27.362483978271484,2652400,IWM,0
2002-08-05,37.48500061035156,37.64500045776367,36.48500061035156,26.632522583007812,1793400,IWM,0
2002-08-06,37.150001525878906,38.07500076293945,37,27.793161392211914,1486400,IWM,0
2002-08-07,38.375,38.67499923706055,37.404998779296875,27.898998260498047,3205600,IWM,0
2002-08-08,38.220001220703125,38.900001525878906,37.849998474121094,28.34793472290039,2317200,IWM,0
2002-08-09,38.29999923706055,39.095001220703125,38.220001220703125,28.107032775878906,4054000,IWM,0
2002-08-12,38.25,38.880001068115234,38.10499954223633,28.1763858795166,1342000,IWM,0
2002-08-13,38.54999923706055,38.90999984741211,37.45000076293945,27.37343978881836,2094800,IWM,0
2002-08-14,37.775001525878906,38.95500183105469,37.07500076293945,28.351577758789062,6681200,IWM,0
2002-08-15,39.150001525878906,39.25,38.69499969482422,28.380779266357422,3498400,IWM,0
2002-08-16,38.82500076293945,39.665000915527344,38.63999938964844,28.815093994140625,2472000,IWM,0
2002-08-19,39.70500183105469,40.13999938964844,39.53499984741211,29.216585159301758,3215600,IWM,0
2002-08-20,39.904998779296875,39.94499969482422,39.525001525878906,29.070598602294922,2326600,IWM,0
2002-08-21,39.94499969482422,40.650001525878906,39.685001373291016,29.665510177612305,2511600,IWM,0
2002-08-22,40.599998474121094,41.125,40.32500076293945,29.855308532714844,1878800,IWM,0
2002-08-23,40.599998474121094,40.849998474121094,39.82500076293945,29.070598602294922,3484600,IWM,0
2002-08-26,40,40.67499923706055,39.625,29.599815368652344,2294200,IWM,0
2002-08-27,40.875,40.89500045776367,39.65999984741211,29.034074783325195,2726800,IWM,0
2002-08-28,39.349998474121094,39.525001525878906,38.834999084472656,28.468379974365234,2720800,IWM,0
2002-08-29,38.42499923706055,39.61000061035156,38.42499923706055,28.680065155029297,2405600,IWM,0
2002-08-30,39.17499923706055,39.59000015258789,38.875,28.486616134643555,1380800,IWM,0
2002-09-03,38.32500076293945,38.650001525878906,37.58000183105469,27.647174835205078,3562400,IWM,0
2002-09-04,37.849998474121094,38.900001525878906,37.724998474121094,28.231130599975586,1916400,IWM,0
2002-09-05,38.125,38.55500030517578,37.900001525878906,27.66542625427246,1483200,IWM,0
2002-09-06,38.400001525878906,39.20000076293945,38.400001525878906,28.577880859375,2753400,IWM,0
2002-09-09,39.04999923706055,39.42499923706055,38.369998931884766,28.490264892578125,1222400,IWM,0
2002-09-10,39.32500076293945,39.44499969482422,38.79499816894531,28.669109344482422,1767800,IWM,0
2002-09-11,40,40,39.125,28.577880859375,1719400,IWM,0
2002-09-12,39,39.16999816894531,38.48500061035156,28.103389739990234,1948400,IWM,0
2002-09-13,38.20000076293945,38.86000061035156,38.125,28.4534912109375,2655200,IWM,0
2002-09-16,38.79999923706055,38.875,38.310001373291016,28.12389373779297,1133000,IWM,0
2002-09-17,38.70000076293945,38.880001068115234,37.720001220703125,27.739391326904297,2629600,IWM,0
2002-09-18,37.32500076293945,37.849998474121094,37.099998474121094,27.66615867614746,2323200,IWM,0
2002-09-19,36.75,37.28499984741211,36.29999923706055,26.655452728271484,1405200,IWM,0
2002-09-20,36.875,36.96500015258789,36.400001525878906,26.76897430419922,1485600,IWM,0
2002-09-23,36.29999923706055,36.44499969482422,35.400001525878906,26.109830856323242,2234800,IWM,0
2002-09-24,35.345001220703125,35.93000030517578,35.25,25.90841293334961,2243400,IWM,0
2002-09-25,35.625,36.45000076293945,35.494998931884766,26.69573402404785,2974800,IWM,0
2002-09-26,36.70000076293945,37.064998626708984,36.404998779296875,27.047277450561523,4840000,IWM,0
2002-09-27,36.625,37.02000045776367,36.02000045776367,26.384477615356445,2526000,IWM,0
2002-09-30,35.650001525878906,36.290000915527344,35.2400016784668,26.201374053955078,3999800,IWM,0
2002-10-01,36.25,36.92499923706055,35.474998474121094,27.043628692626953,3433400,IWM,0
2002-10-02,36.57500076293945,36.8650016784668,35.900001525878906,26.384477615356445,2099000,IWM,0
2002-10-03,35.970001220703125,36.334999084472656,35.45500183105469,26.09883689880371,2119800,IWM,0
2002-10-04,35.875,35.875,34.42499923706055,25.377424240112305,4060200,IWM,0
2002-10-07,34.474998474121094,34.79999923706055,33.54999923706055,24.696308135986328,2920000,IWM,0
2002-10-08,34.255001068115234,34.255001068115234,33.224998474121094,24.8830623626709,5766800,IWM,0
2002-10-09,33.57500076293945,33.744998931884766,32.4900016784668,23.839401245117188,4646000,IWM,0
2002-10-10,32.53499984741211,33.540000915527344,32.29999923706055,24.535173416137695,5369400,IWM,0
2002-10-11,33.8849983215332,34.744998931884766,33.8849983215332,25.1577091217041,6104000,IWM,0
2002-10-14,34.04999923706055,34.6150016784668,34.04999923706055,25.326152801513672,3476800,IWM,0
2002-10-15,35.380001068115234,36.025001525878906,35.21500015258789,26.34784507751465,5130200,IWM,0
2002-10-16,35.5,35.665000915527344,34.86000061035156,25.688684463500977,2821800,IWM,0
2002-10-17,35.935001373291016,36.19499969482422,35.67499923706055,26.457704544067383,5284000,IWM,0
2002-10-18,35.834999084472656,36.36000061035156,35.779998779296875,26.512622833251953,2756200,IWM,0
2002-10-21,35.900001525878906,36.810001373291016,35.869998931884766,26.860530853271484,3263600,IWM,0
2002-10-22,36.349998474121094,36.6150016784668,36.04999923706055,26.516313552856445,3712400,IWM,0
2002-10-23,36,36.869998931884766,35.79999923706055,26.93743896484375,3649800,IWM,0
2002-10-24,36.95000076293945,37.06999969482422,36.3849983215332,26.67742347717285,5630200,IWM,0
2002-10-25,36.32500076293945,37.220001220703125,36.32500076293945,27.259666442871094,4374800,IWM,0
2002-10-28,37.70000076293945,37.70000076293945,36.67499923706055,26.952075958251953,2487600,IWM,0
2002-10-29,36.775001525878906,36.88999938964844,36.09000015258789,26.875165939331055,4680000,IWM,0
2002-10-30,37,37.3650016784668,36.720001220703125,27.336578369140625,3422800,IWM,0
2002-10-31,37.525001525878906,37.685001373291016,37.165000915527344,27.281648635864258,5474000,IWM,0
2002-11-01,37.1349983215332,38.224998474121094,36.974998474121094,27.92249870300293,4799800,IWM,0
2002-11-04,38.69499969482422,39.150001525878906,38.400001525878906,28.164182662963867,4515800,IWM,0
2002-11-05,38.525001525878906,38.625,38.165000915527344,28.2117919921875,2669800,IWM,0
2002-11-06,38.849998474121094,39.25,38.525001525878906,28.691492080688477,3383400,IWM,0
2002-11-07,38.92499923706055,38.92499923706055,38.150001525878906,28.010374069213867,3318400,IWM,0
2002-11-08,38.32500076293945,38.494998931884766,37.66999816894531,27.6295223236084,2176200,IWM,0
2002-11-11,37.724998474121094,37.724998474121094,36.790000915527344,26.959400177001953,2235800,IWM,0
2002-11-12,39.81999969482422,39.88999938964844,37.025001525878906,27.391511917114258,2507000,IWM,0
2002-11-13,37.36000061035156,38,37.025001525878906,27.538002014160156,2486400,IWM,0
2002-11-14,37.900001525878906,38.54999923706055,37.85499954223633,28.134891510009766,2136600,IWM,0
2002-11-15,38.17499923706055,38.75,38.17499923706055,28.12389373779297,1922800,IWM,0
2002-11-18,38.875,38.875,38.03499984741211,27.907848358154297,2844200,IWM,0
2002-11-19,38.01499938964844,38.349998474121094,37.775001525878906,27.808984756469727,2249400,IWM,0
2002-11-20,37.849998474121094,38.974998474121094,37.7599983215332,28.545005798339844,2492400,IWM,0
2002-11-21,39.0099983215332,39.779998779296875,38.880001068115234,29.101655960083008,3331200,IWM,0
2002-11-22,39.400001525878906,40.06999969482422,39.334999084472656,29.303050994873047,3888400,IWM,0
2002-11-25,40,40.44499969482422,39.79999923706055,29.497142791748047,2283800,IWM,0
2002-11-26,40.275001525878906,40.400001525878906,39.599998474121094,29.16756820678711,2437000,IWM,0
2002-11-27,40.20000076293945,40.974998474121094,40.08000183105469,29.962202072143555,2574600,IWM,0
2002-11-29,40.92499923706055,41.1150016784668,40.400001525878906,29.59234046936035,958000,IWM,0
2002-12-02,41.25,41.380001068115234,40.459999084472656,29.819395065307617,3044000,IWM,0
2002-12-03,40.45000076293945,40.595001220703125,39.96500015258789,29.295719146728516,2852800,IWM,0
2002-12-04,39.66999816894531,40.07500076293945,39.32500076293945,29.00644302368164,2430000,IWM,0
2002-12-05,40.040000915527344,40.040000915527344,39.224998474121094,28.870927810668945,2432800,IWM,0
2002-12-06,39,39.790000915527344,38.92499923706055,28.988134384155273,1557000,IWM,0
2002-12-09,39.26499938964844,39.41999816894531,38.45000076293945,28.219104766845703,2156400,IWM,0
2002-12-10,38.7400016784668,39.45500183105469,38.73500061035156,28.76840591430664,2678800,IWM,0
2002-12-11,39.099998474121094,39.57500076293945,39.04999923706055,28.801376342773438,3124400,IWM,0
2002-12-12,39.5,39.68000030517578,38.58000183105469,28.91855239868164,1891200,IWM,0
2002-12-13,38.974998474121094,39.95000076293945,38.47999954223633,28.351886749267578,2011200,IWM,0
2002-12-16,38.650001525878906,39.26499938964844,38.650001525878906,28.859670639038086,2859800,IWM,0
2002-12-17,39.224998474121094,39.27000045776367,38.7400016784668,28.55426597595215,2077200,IWM,0
2002-12-18,38.75,38.75,38.0099983215332,28.09798812866211,2486200,IWM,0
2002-12-19,38.125,38.650001525878906,37.86000061035156,28.028072357177734,6629200,IWM,0
2002-12-20,38.369998931884766,38.625,38.185001373291016,28.34450912475586,2046200,IWM,0
2002-12-23,38.45000076293945,38.85499954223633,38.35499954223633,28.53586769104004,1882400,IWM,0
2002-12-24,38.665000915527344,38.849998474121094,38.540000915527344,28.48066520690918,673400,IWM,0
2002-12-26,38.75,39.244998931884766,38.525001525878906,28.48066520690918,1086200,IWM,0
2002-12-27,38.625,38.625,38.06999969482422,28.01702117919922,2351200,IWM,0
2002-12-30,38.150001525878906,38.31999969482422,37.650001525878906,27.9287109375,3471000,IWM,0
2002-12-31,38.06999969482422,38.57500076293945,37.79999923706055,27.895605087280273,5448200,IWM,0
2003-01-02,38.25,39.025001525878906,38.03499984741211,28.664655685424805,4014200,IWM,0
2003-01-03,39,39.04999923706055,38.665000915527344,28.616809844970703,3222200,IWM,0
2003-01-06,38.8849983215332,39.61000061035156,38.8849983215332,28.95167350769043,2917800,IWM,0
2003-01-07,39.349998474121094,39.45000076293945,38.81999969482422,28.800796508789062,2988600,IWM,0
2003-01-08,38.95000076293945,39.01499938964844,38.599998474121094,28.5137882232666,3288400,IWM,0
2003-01-09,38.9900016784668,39.529998779296875,38.9900016784668,28.933269500732422,3828600,IWM,0
2003-01-10,38.915000915527344,39.625,38.85499954223633,28.99581527709961,2698000,IWM,0
2003-01-13,39.65999984741211,39.814998626708984,39.09000015258789,29.062042236328125,1759000,IWM,0
2003-01-14,39.45000076293945,39.724998474121094,39.2599983215332,29.08045196533203,1566400,IWM,0
2003-01-15,39.584999084472656,39.70000076293945,39.07500076293945,29.01422691345215,2381600,IWM,0
2003-01-16,39.5,39.75,39.189998626708984,28.97372817993164,2323000,IWM,0
2003-01-17,38.939998626708984,39.48500061035156,38.45000076293945,28.42914581298828,2416600,IWM,0
2003-01-21,38.70000076293945,38.77000045776367,38.040000915527344,28.01702117919922,2134600,IWM,0
2003-01-22,37.8849983215332,38.17499923706055,37.72999954223633,27.774158477783203,3258600,IWM,0
2003-01-23,37.974998474121094,38.27000045776367,37.78499984741211,27.947107315063477,2213000,IWM,0
2003-01-24,38,38,37.189998626708984,27.369407653808594,3565000,IWM,0
2003-01-27,37,37.30500030517578,36.564998626708984,26.953603744506836,3477400,IWM,0
2003-01-28,36.900001525878906,37.224998474121094,36.345001220703125,27.17438316345215,2633200,IWM,0
2003-01-29,36.77000045776367,37.400001525878906,36.2400016784668,27.380443572998047,3905200,IWM,0
2003-01-30,37.334999084472656,37.404998779296875,36.48500061035156,26.935199737548828,3346000,IWM,0
2003-01-31,36.42499923706055,37.119998931884766,36.32500076293945,27.31788444519043,5831000,IWM,0
2003-02-03,37.20000076293945,37.2400016784668,36.625,27.08238410949707,2648800,IWM,0
2003-02-04,36.525001525878906,37,36.224998474121094,27.08238410949707,4280400,IWM,0
2003-02-05,36.959999084472656,37,36.345001220703125,26.880008697509766,3436600,IWM,0
2003-02-06,36.415000915527344,36.61000061035156,36.1349983215332,26.732812881469727,6960800,IWM,0
2003-02-07,36.52000045776367,36.599998474121094,35.63999938964844,26.243432998657227,7994200,IWM,0
2003-02-10,35.70000076293945,36.060001373291016,35.44499969482422,26.515718460083008,2130400,IWM,0
2003-02-11,36.13999938964844,36.224998474121094,35.52000045776367,26.442123413085938,3132400,IWM,0
2003-02-12,35.810001373291016,35.939998626708984,35.334999084472656,26.070480346679688,7394600,IWM,0
2003-02-13,35.41999816894531,35.44499969482422,34.970001220703125,26.000568389892578,3505600,IWM,0
2003-02-14,35.380001068115234,35.79499816894531,35.255001068115234,26.23605728149414,2653800,IWM,0
2003-02-18,35.92499923706055,36.375,35.92499923706055,26.762258529663086,1881000,IWM,0
2003-02-19,36.275001525878906,36.275001525878906,35.665000915527344,26.438447952270508,4073800,IWM,0
2003-02-20,35.959999084472656,35.98500061035156,35.70000076293945,26.38324737548828,2898200,IWM,0
2003-02-21,35.849998474121094,36.404998779296875,35.57500076293945,26.611406326293945,2668800,IWM,0
2003-02-24,36.095001220703125,36.095001220703125,35.599998474121094,26.20294761657715,2446600,IWM,0
2003-02-25,35.45000076293945,36.025001525878906,35.17499923706055,26.442123413085938,2659400,IWM,0
2003-02-26,35.89500045776367,35.95000076293945,35.505001068115234,26.30965805053711,1955600,IWM,0
2003-02-27,35.935001373291016,36.150001525878906,35.650001525878906,26.453166961669922,2940800,IWM,0
2003-02-28,36.04499816894531,36.27000045776367,35.834999084472656,26.497333526611328,1443000,IWM,0
2003-03-03,36.25,36.375,35.630001068115234,26.416379928588867,2962200,IWM,0
2003-03-04,35.82500076293945,35.82500076293945,35.400001525878906,26.07416534423828,1724800,IWM,0
2003-03-05,35.3849983215332,35.6349983215332,35.290000915527344,26.12566566467285,1838200,IWM,0
2003-03-06,35.25,35.43000030517578,35.07500076293945,25.912254333496094,1848200,IWM,0
2003-03-07,34.875,35.41999816894531,34.7599983215332,25.98232650756836,2813200,IWM,0
2003-03-10,34.994998931884766,35.06999969482422,34.525001525878906,25.53607749938965,2208200,IWM,0
2003-03-11,34.665000915527344,34.900001525878906,34.375,25.355358123779297,2102800,IWM,0
2003-03-12,34.439998626708984,34.540000915527344,34.1150016784668,25.410673141479492,4736200,IWM,0
2003-03-13,34.900001525878906,35.41999816894531,34.619998931884766,26.09665298461914,3975600,IWM,0
2003-03-14,35.54999923706055,35.630001068115234,35.17499923706055,26.129852294921875,3235600,IWM,0
2003-03-17,35.275001525878906,36.34000015258789,35.09000015258789,26.73469352722168,2270200,IWM,0
2003-03-18,36.45000076293945,36.720001220703125,36.1150016784668,27.08506202697754,3548000,IWM,0
2003-03-19,36.724998474121094,36.72999954223633,36.29999923706055,27.018661499023438,3538600,IWM,0
2003-03-20,36.54999923706055,36.994998931884766,36.029998779296875,27.195701599121094,4423200,IWM,0
2003-03-21,37.165000915527344,37.5,36.88999938964844,27.57555389404297,7680000,IWM,0
2003-03-24,36.849998474121094,36.970001220703125,36.404998779296875,26.985475540161133,5340800,IWM,0
2003-03-25,36.560001373291016,37.125,36.5,27.273143768310547,2976600,IWM,0
2003-03-26,36.96500015258789,37.04999923706055,36.52000045776367,26.937532424926758,2660600,IWM,0
2003-03-27,36.349998474121094,36.869998931884766,36.29999923706055,27.118249893188477,1205600,IWM,0
2003-03-28,36.595001220703125,36.94499969482422,36.595001220703125,27.107181549072266,2776000,IWM,0
2003-03-31,36.32500076293945,36.654998779296875,35.974998474121094,26.55398178100586,1859000,IWM,0
2003-04-01,36.349998474121094,36.67499923706055,36.11000061035156,27.014984130859375,2088800,IWM,0
2003-04-02,37.23500061035156,37.599998474121094,37.064998626708984,27.553422927856445,2797000,IWM,0
2003-04-03,37.70000076293945,37.70000076293945,37.29999923706055,27.568185806274414,3017200,IWM,0
2003-04-04,37.540000915527344,37.654998779296875,37.165000915527344,27.4870548248291,1385600,IWM,0
2003-04-07,38.07500076293945,38.220001220703125,37.290000915527344,27.505495071411133,3368400,IWM,0
2003-04-08,37.349998474121094,37.5,37.18000030517578,27.527631759643555,2013600,IWM,0
2003-04-09,37.3650016784668,37.79999923706055,36.90999984741211,27.376415252685547,4016000,IWM,0
2003-04-10,37.17499923706055,37.279998779296875,36.98500061035156,27.38378143310547,1569000,IWM,0
2003-04-11,37.3849983215332,37.494998931884766,36.8849983215332,27.232585906982422,1954200,IWM,0
2003-04-14,37.0099983215332,37.625,37.0099983215332,27.72677993774414,1661200,IWM,0
2003-04-15,37.57500076293945,37.994998931884766,37.32500076293945,28.02552032470703,1252600,IWM,0
2003-04-16,38.060001373291016,38.32500076293945,37.529998779296875,27.734149932861328,2042800,IWM,0
2003-04-17,37.685001373291016,38.275001525878906,37.625,28.15827178955078,3477400,IWM,0
2003-04-21,38.2400016784668,38.435001373291016,38.09000015258789,28.350048065185547,1799600,IWM,0
2003-04-22,38.099998474121094,39.07500076293945,38.099998474121094,28.740982055664062,1848600,IWM,0
2003-04-23,38.974998474121094,39.41999816894531,38.974998474121094,29.043424606323242,2297600,IWM,0
2003-04-24,39.154998779296875,39.349998474121094,39.02000045776367,28.89588737487793,2505200,IWM,0
2003-04-25,39.125,39.125,38.6150016784668,28.490205764770508,1117000,IWM,0
2003-04-28,38.900001525878906,39.459999084472656,38.775001525878906,28.995466232299805,1924800,IWM,0
2003-04-29,39.43000030517578,39.775001525878906,39.375,29.190919876098633,3249800,IWM,0
2003-04-30,39.42499923706055,39.95000076293945,39.29999923706055,29.283124923706055,2213600,IWM,0
2003-05-01,39.75,39.92499923706055,39.244998931884766,29.246265411376953,2613600,IWM,0
2003-05-02,39.75,40.67499923706055,39.75,29.983869552612305,3410400,IWM,0
2003-05-05,40.76499938964844,40.91999816894531,40.630001068115234,30.120325088500977,3975800,IWM,0
2003-05-06,40.93000030517578,41.28499984741211,40.89500045776367,30.40799903869629,3022400,IWM,0
2003-05-07,41.040000915527344,41.19499969482422,40.86000061035156,30.22358512878418,3449000,IWM,0
2003-05-08,40.689998626708984,40.880001068115234,40.53499984741211,29.972793579101562,4200400,IWM,0
2003-05-09,40.86000061035156,41.2400016784668,40.744998931884766,30.40431022644043,2168600,IWM,0
2003-05-12,41.18000030517578,41.724998474121094,41.150001525878906,30.73623275756836,2536600,IWM,0
2003-05-13,41.685001373291016,41.9900016784668,41.375,30.916940689086914,3012400,IWM,0
2003-05-14,42.04499816894531,42.04499816894531,41.70500183105469,30.898494720458984,3340200,IWM,0
2003-05-15,42.01499938964844,42.20000076293945,41.849998474121094,31.02021026611328,1187200,IWM,0
2003-05-16,42.05500030517578,42.3650016784668,41.525001525878906,30.63665199279785,3475200,IWM,0
2003-05-19,41.29999923706055,41.595001220703125,40.76499938964844,30.1055908203125,4013600,IWM,0
2003-05-20,40.869998931884766,41.05500030517578,40.43000030517578,30.098207473754883,4261000,IWM,0
2003-05-21,40.685001373291016,41.04999923706055,40.584999084472656,30.212526321411133,2802600,IWM,0
2003-05-22,40.974998474121094,41.45500183105469,40.92499923706055,30.51862907409668,3453000,IWM,0
2003-05-23,41.3849983215332,41.82500076293945,41.19499969482422,30.758344650268555,1370600,IWM,0
2003-05-27,41.6349983215332,42.69499969482422,41.6349983215332,31.481212615966797,2582600,IWM,0
2003-05-28,42.79999923706055,43.17499923706055,42.79999923706055,31.695119857788086,2116200,IWM,0
2003-05-29,43.185001373291016,43.48500061035156,42.56999969482422,31.897968292236328,4168000,IWM,0
2003-05-30,43.57500076293945,44.07500076293945,43.435001373291016,32.46591567993164,6961800,IWM,0
2003-06-02,44.375,44.724998474121094,44.06999969482422,32.63557815551758,6354800,IWM,0
2003-06-03,44.209999084472656,44.3849983215332,44,32.73884963989258,2407400,IWM,0
2003-06-04,44.375,45.125,44.345001220703125,33.185089111328125,2709200,IWM,0
2003-06-05,44.82500076293945,45.724998474121094,44.67499923706055,33.72725296020508,2841000,IWM,0
2003-06-06,46.20000076293945,46.540000915527344,45.20000076293945,33.33999252319336,4320000,IWM,0
2003-06-09,45.099998474121094,45.20000076293945,44.34000015258789,32.72040939331055,3422400,IWM,0
2003-06-10,44.4900016784668,45.095001220703125,44.47999954223633,33.210914611816406,2932800,IWM,0
2003-06-11,45,45.525001525878906,44.63999938964844,33.52438735961914,3112200,IWM,0
2003-06-12,45.7400016784668,45.80500030517578,45.400001525878906,33.71248245239258,2266400,IWM,0
2003-06-13,45.67499923706055,45.69499969482422,44.78499984741211,33.1140251159668,2896400,IWM,0
2003-06-16,45.099998474121094,45.619998931884766,44.92499923706055,33.6718635559082,3104400,IWM,0
2003-06-17,45.814998626708984,45.849998474121094,45.31999969482422,33.7420539855957,3670200,IWM,0
2003-06-18,45.4900016784668,45.76499938964844,45.28499984741211,33.71986389160156,2160400,IWM,0
2003-06-19,45.75,45.91999816894531,44.83000183105469,33.26180648803711,3822600,IWM,0
2003-06-20,45.150001525878906,45.20000076293945,44.625,32.977352142333984,2780400,IWM,0
2003-06-23,44.67499923706055,44.849998474121094,43.69499969482422,32.38999557495117,3962800,IWM,0
2003-06-24,43.709999084472656,44.1150016784668,43.4900016784668,32.37892532348633,3491000,IWM,0
2003-06-25,43.834999084472656,44.52000045776367,43.834999084472656,32.596866607666016,4250200,IWM,0
2003-06-26,44.275001525878906,44.970001220703125,44.20000076293945,33.154685974121094,6290800,IWM,0
2003-06-27,45,45.44499969482422,44.584999084472656,32.94411087036133,6459200,IWM,0
2003-06-30,44.845001220703125,45.154998779296875,44.04999923706055,32.84067916870117,8802400,IWM,0
2003-07-01,44.404998779296875,44.849998474121094,43.875,33.066017150878906,5613600,IWM,0
2003-07-02,44.935001373291016,45.875,44.935001373291016,33.893497467041016,4177000,IWM,0
2003-07-03,45.5099983215332,45.82500076293945,45.404998779296875,33.60166549682617,1816000,IWM,0
2003-07-07,45.92499923706055,46.494998931884766,45.92499923706055,34.299861907958984,3659800,IWM,0
2003-07-08,46.400001525878906,47.380001068115234,46.345001220703125,34.90938186645508,3650400,IWM,0
2003-07-09,47.2599983215332,47.70000076293945,46.869998931884766,35.16794967651367,7547600,IWM,0
2003-07-10,47.349998474121094,47.35499954223633,46.58000183105469,34.480857849121094,3662000,IWM,0
2003-07-11,46.86000061035156,47.349998474121094,46.79999923706055,34.95738983154297,2477400,IWM,0
2003-07-14,47.73500061035156,48.150001525878906,47.29999923706055,35.24555969238281,5055000,IWM,0
2003-07-15,48.150001525878906,48.150001525878906,47.244998931884766,35.14949035644531,3240400,IWM,0
2003-07-16,47.83000183105469,47.869998931884766,47.04999923706055,34.95738983154297,3465200,IWM,0
2003-07-17,46.8849983215332,46.939998626708984,45.790000915527344,33.84917068481445,6777000,IWM,0
2003-07-18,46.099998474121094,46.400001525878906,45.77000045776367,34.07821273803711,4134000,IWM,0
2003-07-21,46.05500030517578,46.17499923706055,45.40999984741211,33.78269577026367,4103600,IWM,0
2003-07-22,45.86000061035156,46.349998474121094,45.560001373291016,34.177947998046875,3774600,IWM,0
2003-07-23,46.275001525878906,46.57500076293945,45.84000015258789,34.410667419433594,4282600,IWM,0
2003-07-24,46.83000183105469,47.220001220703125,46.334999084472656,34.344181060791016,3961800,IWM,0
2003-07-25,46.474998474121094,46.93000030517578,46.14500045776367,34.595401763916016,2761000,IWM,0
2003-07-28,46.81999969482422,47.45000076293945,46.790000915527344,35.02020263671875,3708800,IWM,0
2003-07-29,47.474998474121094,47.625,46.79999923706055,35.0386848449707,4928000,IWM,0
2003-07-30,47.474998474121094,47.474998474121094,46.91999816894531,34.90567398071289,2509400,IWM,0
2003-07-31,47.5,47.869998931884766,47.23500061035156,34.97587966918945,5324600,IWM,0
2003-08-01,47.375,47.474998474121094,46.525001525878906,34.48456573486328,4639000,IWM,0
2003-08-04,46.56999969482422,46.75,45.834999084472656,34.137298583984375,7828000,IWM,0
2003-08-05,46.220001220703125,46.32500076293945,45.404998779296875,33.54624557495117,6021600,IWM,0
2003-08-06,45.48500061035156,45.72999954223633,45.07500076293945,33.39479446411133,4478600,IWM,0
2003-08-07,45.255001068115234,45.349998474121094,44.814998626708984,33.50562286376953,5006600,IWM,0
2003-08-08,45.43000030517578,45.474998474121094,45.06999969482422,33.431724548339844,4139800,IWM,0
2003-08-11,45.220001220703125,45.875,45.220001220703125,33.893497467041016,4535400,IWM,0
2003-08-12,45.845001220703125,46.64500045776367,45.755001068115234,34.462379455566406,5286600,IWM,0
2003-08-13,46.650001525878906,46.79999923706055,46.400001525878906,34.576904296875,7627000,IWM,0
2003-08-14,46.71500015258789,47.13999938964844,46.51499938964844,34.802242279052734,2902600,IWM,0
2003-08-15,47.025001525878906,47.334999084472656,47.02000045776367,34.81333541870117,1488000,IWM,0
2003-08-18,47.33000183105469,48.154998779296875,47.15999984741211,35.50413513183594,3762000,IWM,0
2003-08-19,48.275001525878906,48.95500183105469,48.04999923706055,36.169071197509766,5247200,IWM,0
2003-08-20,48.505001068115234,48.9900016784668,48.375,36.1506233215332,4613200,IWM,0
2003-08-21,49.20000076293945,49.400001525878906,49.04999923706055,36.446144104003906,4575200,IWM,0
2003-08-22,49.89500045776367,49.89500045776367,48.44499969482422,35.803367614746094,7130400,IWM,0
2003-08-25,48.369998931884766,48.54499816894531,47.959999084472656,35.77009201049805,4681600,IWM,0
2003-08-26,48.15999984741211,48.625,47.55500030517578,35.906803131103516,5046000,IWM,0
2003-08-27,48.595001220703125,49.099998474121094,48.494998931884766,36.257728576660156,2388200,IWM,0
2003-08-28,49.150001525878906,49.494998931884766,48.64500045776367,36.49785232543945,4292200,IWM,0
2003-08-29,49.44499969482422,49.92499923706055,49.334999084472656,36.64931106567383,3550000,IWM,0
2003-09-02,49.875,50.75,49.54999923706055,37.49527359008789,6342600,IWM,0
2003-09-03,50.88999938964844,51.17499923706055,50.7400016784668,37.65410232543945,5528200,IWM,0
2003-09-04,51.07500076293945,51.275001525878906,50.779998779296875,37.80924987792969,4888200,IWM,0
2003-09-05,50.900001525878906,51.4900016784668,50.625,37.56912612915039,6292200,IWM,0
2003-09-08,51.07500076293945,51.70000076293945,50.98500061035156,38.090023040771484,4607400,IWM,0
2003-09-09,51.525001525878906,51.619998931884766,51.05500030517578,37.80924987792969,4377400,IWM,0
2003-09-10,50.95500183105469,50.95500183105469,50.1150016784668,37.06304931640625,7439600,IWM,0
2003-09-11,50.189998626708984,50.775001525878906,50.095001220703125,37.38443374633789,5449200,IWM,0
2003-09-12,50.35499954223633,50.900001525878906,49.900001525878906,37.54995346069336,5092000,IWM,0
2003-09-15,50.810001373291016,51.150001525878906,50.525001525878906,37.45737838745117,6256800,IWM,0
2003-09-16,50.724998474121094,51.45000076293945,50.709999084472656,38.01651382446289,4066000,IWM,0
2003-09-17,51.28499984741211,51.54999923706055,51.09000015258789,38.00539779663086,3757800,IWM,0
2003-09-18,51.375,51.869998931884766,51,38.401588439941406,2872400,IWM,0
2003-09-19,51.95000076293945,51.95000076293945,51.54499816894531,38.36085891723633,2665200,IWM,0
2003-09-22,51.099998474121094,51.45000076293945,50.869998931884766,37.835079193115234,4317400,IWM,0
2003-09-23,51.150001525878906,51.78499984741211,51.150001525878906,38.349754333496094,4706000,IWM,0
2003-09-24,51.900001525878906,51.92499923706055,50.505001068115234,37.40183639526367,5422200,IWM,0
2003-09-25,50.665000915527344,50.849998474121094,49.13999938964844,36.3909797668457,7514800,IWM,0
2003-09-26,49.209999084472656,49.30500030517578,48.2400016784668,35.7689094543457,10653600,IWM,0
2003-09-29,48.625,49.165000915527344,47.880001068115234,36.40949249267578,13239800,IWM,0
2003-09-30,48.939998626708984,49.150001525878906,48.07500076293945,35.93555450439453,14310400,IWM,0
2003-10-01,48.685001373291016,49.970001220703125,48.650001525878906,36.905662536621094,10303000,IWM,0
2003-10-02,49.849998474121094,50.375,49.755001068115234,37.26112747192383,7705200,IWM,0
2003-10-03,50.83000183105469,51.349998474121094,50.75,37.84988784790039,8542200,IWM,0
2003-10-06,51.099998474121094,51.599998474121094,50.89500045776367,38.17572784423828,2976200,IWM,0
2003-10-07,51.31999969482422,51.95500183105469,51.099998474121094,38.39046859741211,8096800,IWM,0
2003-10-08,51.93000030517578,52.099998474121094,51.220001220703125,38.09056854248047,5080400,IWM,0
2003-10-09,52.0099983215332,52.595001220703125,51.45000076293945,38.49047088623047,10419000,IWM,0
2003-10-10,51.92499923706055,52.08000183105469,51.2599983215332,38.44232177734375,9808000,IWM,0
2003-10-13,52.060001373291016,52.845001220703125,51.95000076293945,39.045875549316406,5230400,IWM,0
2003-10-14,52.67499923706055,53.125,52.439998626708984,39.30137634277344,7334800,IWM,0
2003-10-15,53.33000183105469,53.400001525878906,52.3849983215332,38.80887985229492,8170200,IWM,0
2003-10-16,52.404998779296875,52.96500015258789,52.375,39.156959533691406,4426400,IWM,0
2003-10-17,52.849998474121094,52.95500183105469,51.845001220703125,38.397884368896484,8651800,IWM,0
2003-10-20,51.970001220703125,52.275001525878906,51.755001068115234,38.59043502807617,5974200,IWM,0
2003-10-21,51.9900016784668,52.57500076293945,51.9900016784668,38.76445770263672,8582600,IWM,0
2003-10-22,51.834999084472656,51.94499969482422,51.14500045776367,37.9165153503418,7309400,IWM,0
2003-10-23,50.82500076293945,51.25,50.435001373291016,37.58329391479492,9793400,IWM,0
2003-10-24,50.42499923706055,50.915000915527344,50.13999938964844,37.49070739746094,8896400,IWM,0
2003-10-27,50.79999923706055,51.55500030517578,50.775001525878906,38.038726806640625,7502400,IWM,0
2003-10-28,51.654998779296875,52.599998474121094,51.529998779296875,38.95332717895508,6610600,IWM,0
2003-10-29,52.3849983215332,53.125,52.290000915527344,39.21249008178711,9492400,IWM,0
2003-10-30,53.5,53.625,52.814998626708984,39.323570251464844,8193200,IWM,0
2003-10-31,53.1349983215332,53.279998779296875,52.029998779296875,39.064388275146484,4893400,IWM,0
2003-11-03,53.095001220703125,53.75,53.095001220703125,39.72719955444336,5433600,IWM,0
2003-11-04,53.599998474121094,53.994998931884766,53.459999084472656,39.7827262878418,5421000,IWM,0
2003-11-05,53.67499923706055,53.98500061035156,53.029998779296875,39.978965759277344,8291000,IWM,0
2003-11-06,54.02000045776367,54.40999984741211,53.525001525878906,40.293701171875,6670600,IWM,0
2003-11-07,54.630001068115234,54.69499969482422,53.994998931884766,39.98637771606445,5796400,IWM,0
2003-11-10,54.1349983215332,54.2599983215332,53.11000061035156,39.34208297729492,4527000,IWM,0
2003-11-11,53.154998779296875,53.244998931884766,52.5,39.07178497314453,6615600,IWM,0
2003-11-12,52.84000015258789,53.97999954223633,52.84000015258789,39.97529220581055,8923600,IWM,0
2003-11-13,53.78499984741211,54.25,53.625,40.08265686035156,7083000,IWM,0
2003-11-14,54.1150016784668,54.470001220703125,53,39.323570251464844,6241800,IWM,0
2003-11-17,52.71500015258789,53.599998474121094,51.94499969482422,38.84593200683594,9251200,IWM,0
2003-11-18,52.775001525878906,53.095001220703125,51.849998474121094,38.42010498046875,11541800,IWM,0
2003-11-19,52.04999923706055,52.650001525878906,51.78499984741211,38.823726654052734,7253200,IWM,0
2003-11-20,52,52.869998931884766,51.88999938964844,38.560821533203125,6618600,IWM,0
2003-11-21,52.42499923706055,52.650001525878906,52.150001525878906,38.98664093017578,7275200,IWM,0
2003-11-24,53.025001525878906,53.94499969482422,52.900001525878906,39.87900924682617,7887600,IWM,0
2003-11-25,53.89500045776367,54.41999816894531,53.755001068115234,40.11969757080078,7972400,IWM,0
2003-11-26,54.54999923706055,54.744998931884766,53.775001525878906,40.33444595336914,5508000,IWM,0
2003-11-28,54.334999084472656,54.72999954223633,54.31999969482422,40.52699661254883,1156400,IWM,0
2003-12-01,54.935001373291016,55.43000030517578,54.875,41.04908752441406,5149400,IWM,0
2003-12-02,55.42499923706055,55.709999084472656,55.17499923706055,40.98612976074219,4948800,IWM,0
2003-12-03,55.540000915527344,55.68000030517578,54.32500076293945,40.2492790222168,4838000,IWM,0
2003-12-04,54.404998779296875,54.505001068115234,53.55500030517578,40.34185028076172,7712800,IWM,0
2003-12-05,54.154998779296875,54.25,53.57500076293945,39.841976165771484,6813800,IWM,0
2003-12-08,53.70000076293945,54.275001525878906,53.474998474121094,40.138206481933594,6081800,IWM,0
2003-12-09,54.42499923706055,54.474998474121094,53.20000076293945,39.46058654785156,7100600,IWM,0
2003-12-10,53.5,53.5,52.44499969482422,39.10511779785156,9320400,IWM,0
2003-12-11,52.900001525878906,54.30500030517578,52.82500076293945,40.197444915771484,8991000,IWM,0
2003-12-12,54.18000030517578,54.47999954223633,53.77000045776367,40.48539352416992,8462600,IWM,0
2003-12-15,54.505001068115234,55.45000076293945,53.17499923706055,39.53791809082031,7393200,IWM,0
2003-12-16,53.31999969482422,53.584999084472656,52.625,39.887939453125,8354600,IWM,0
2003-12-17,53.599998474121094,53.654998779296875,53.01499938964844,39.880496978759766,6907800,IWM,0
2003-12-18,53.584999084472656,54.5,53.459999084472656,40.494911193847656,9705200,IWM,0
2003-12-19,54.400001525878906,54.46500015258789,53.834999084472656,40.36457824707031,7819200,IWM,0
2003-12-22,54.125,54.80500030517578,54.029998779296875,40.81511688232422,4387400,IWM,0
2003-12-23,54.744998931884766,55.244998931884766,54.619998931884766,41.038570404052734,5986400,IWM,0
2003-12-24,55.04999923706055,55.18000030517578,54.935001373291016,40.99014663696289,1266600,IWM,0
2003-12-26,55.17499923706055,55.375,55.099998474121094,41.13539505004883,1510000,IWM,0
2003-12-29,55.47999954223633,56.125,55.45500183105469,41.760955810546875,4843200,IWM,0
2003-12-30,56,56.375,55.904998779296875,41.86894226074219,5729000,IWM,0
2003-12-31,56.32500076293945,56.494998931884766,55.34000015258789,41.258262634277344,12725800,IWM,0
2004-01-02,55.584999084472656,56.314998626708984,55.58000183105469,41.701358795166016,11182200,IWM,0
2004-01-05,56.375,56.775001525878906,56.154998779296875,42.18917465209961,8686000,IWM,0
2004-01-06,56.685001373291016,57.064998626708984,56.5,42.13332748413086,6196800,IWM,0
2004-01-07,56.65999984741211,57.275001525878906,56.47999954223633,42.58015441894531,5919600,IWM,0
2004-01-08,57.63999938964844,57.8650016784668,57.20500183105469,42.90412521362305,6201200,IWM,0
2004-01-09,57.33000183105469,58.005001068115234,57.060001373291016,42.56153869628906,9598000,IWM,0
2004-01-12,57.439998626708984,58.25,57.25,43.35841369628906,5907000,IWM,0
2004-01-13,58.154998779296875,58.15999984741211,57.209999084472656,43.175933837890625,8131000,IWM,0
2004-01-14,58.189998626708984,58.38999938964844,57.8849983215332,43.399356842041016,6592000,IWM,0
2004-01-15,58.375,58.54999923706055,57.63999938964844,43.511070251464844,6338000,IWM,0
2004-01-16,58.849998474121094,59.060001373291016,58.560001373291016,43.753108978271484,6732200,IWM,0
2004-01-20,59.04999923706055,59.564998626708984,58.654998779296875,44.27817916870117,7429800,IWM,0
2004-01-21,59.42499923706055,59.685001373291016,58.75,44.21856689453125,8255600,IWM,0
2004-01-22,59.755001068115234,59.8650016784668,58.83000183105469,43.96908187866211,7189000,IWM,0
2004-01-23,59.095001220703125,59.40999984741211,58.689998626708984,44.207401275634766,8255400,IWM,0
2004-01-26,59.349998474121094,60.029998779296875,58.95500183105469,44.646793365478516,4996200,IWM,0
2004-01-27,59.90999984741211,59.95000076293945,59.14500045776367,44.08824920654297,6646800,IWM,0
2004-01-28,59.595001220703125,59.66999816894531,57.939998626708984,43.399356842041016,12830000,IWM,0
2004-01-29,58.349998474121094,58.494998931884766,57.08000183105469,42.989768981933594,17243600,IWM,0
2004-01-30,57.80500030517578,58.189998626708984,57.375,43.04561233520508,8807200,IWM,0
2004-02-02,57.91999816894531,58.375,57.31999969482422,43.15732955932617,10310800,IWM,0
2004-02-03,57.79999923706055,57.90999984741211,57.55500030517578,42.915287017822266,4679200,IWM,0
2004-02-04,57.39500045776367,57.404998779296875,56.150001525878906,41.854042053222656,11437000,IWM,0
2004-02-05,56.56999969482422,56.935001373291016,56.29499816894531,42.24502182006836,9354400,IWM,0
2004-02-06,56.724998474121094,58.314998626708984,56.724998474121094,43.313720703125,11458200,IWM,0
2004-02-09,58.39500045776367,58.650001525878906,58.095001220703125,43.399356842041016,8756000,IWM,0
2004-02-10,58.29999923706055,59.025001525878906,58.18000030517578,43.92066955566406,4896000,IWM,0
2004-02-11,59.005001068115234,59.46500015258789,58.75,44.188785552978516,8204200,IWM,0
2004-02-12,59.3650016784668,59.54999923706055,58.904998779296875,43.88716506958008,5121000,IWM,0
2004-02-13,59.1150016784668,59.369998931884766,58.20000076293945,43.43658447265625,7421800,IWM,0
2004-02-17,58.709999084472656,59.349998474121094,58.68000030517578,44.19997024536133,6605200,IWM,0
2004-02-18,59.400001525878906,59.435001373291016,58.7400016784668,43.87598419189453,5221200,IWM,0
2004-02-19,59.400001525878906,59.470001220703125,57.875,43.10147476196289,9321400,IWM,0
2004-02-20,58.06999969482422,58.25,57.279998779296875,43.02702331542969,10968000,IWM,0
2004-02-23,57.95500183105469,57.97999954223633,56.790000915527344,42.379085540771484,12405200,IWM,0
2004-02-24,56.75,57.494998931884766,56.29999923706055,42.3753547668457,14168400,IWM,0
2004-02-25,57.06999969482422,57.72999954223633,56.84000015258789,42.97114181518555,10497800,IWM,0
2004-02-26,57.59000015258789,58.244998931884766,57.400001525878906,43.231807708740234,8306000,IWM,0
2004-02-27,58.185001373291016,58.54999923706055,57.974998474121094,43.45521926879883,9046400,IWM,0
2004-03-01,58.5,59.29499816894531,58.400001525878906,44.14409637451172,11023800,IWM,0
2004-03-02,59.20000076293945,59.45000076293945,57.21500015258789,43.79407501220703,14451000,IWM,0
2004-03-03,58.69499969482422,59.15999984741211,58.28499984741211,43.83876037597656,8672000,IWM,0
2004-03-04,58.875,59.650001525878906,58.685001373291016,44.393577575683594,4835200,IWM,0
2004-03-05,59.18000030517578,60.21500015258789,59.099998474121094,44.494117736816406,9174400,IWM,0
2004-03-08,59.904998779296875,60.165000915527344,58.8650016784668,43.86482238769531,7698400,IWM,0
2004-03-09,58.95000076293945,59.150001525878906,58.189998626708984,43.492462158203125,11062800,IWM,0
2004-03-10,58.53499984741211,58.880001068115234,57.11000061035156,42.58015441894531,17781600,IWM,0
2004-03-11,56.959999084472656,58,56.540000915527344,42.151920318603516,21167800,IWM,0
2004-03-12,57,58.470001220703125,56.90999984741211,43.28764724731445,13307200,IWM,0
2004-03-15,57.90999984741211,57.939998626708984,56.40999984741211,42.1705436706543,21093200,IWM,0
2004-03-16,57.01499938964844,57.26499938964844,56.0099983215332,42.18917465209961,34601400,IWM,0
2004-03-17,56.92499923706055,57.81999969482422,56.900001525878906,42.97114181518555,18236800,IWM,0
2004-03-18,57.470001220703125,57.6150016784668,56.67499923706055,42.71048355102539,17928600,IWM,0
2004-03-19,57.375,57.560001373291016,56.650001525878906,42.338111877441406,14281000,IWM,0
2004-03-22,56.314998626708984,56.57500076293945,55.54999923706055,41.52263641357422,18560600,IWM,0
2004-03-23,56.15999984741211,56.57500076293945,55.6349983215332,41.593387603759766,15122600,IWM,0
2004-03-24,56.0099983215332,56.18000030517578,55.36000061035156,41.53752136230469,13165400,IWM,0
2004-03-25,56.17499923706055,57.125,56,42.4945068359375,19901400,IWM,0
2004-03-26,56.83000183105469,57.494998931884766,56.79499816894531,42.60232162475586,11659800,IWM,0
2004-03-29,57.5,58.25,57.459999084472656,43.419288635253906,15613000,IWM,0
2004-03-30,58.05500030517578,58.7400016784668,58,43.773685455322266,9919000,IWM,0
2004-03-31,58.67499923706055,58.900001525878906,58.154998779296875,43.870697021484375,13493800,IWM,0
2004-04-01,58.790000915527344,59.470001220703125,58.69499969482422,44.35194396972656,9806600,IWM,0
2004-04-02,60.279998779296875,60.470001220703125,59.80500030517578,44.91523742675781,12827200,IWM,0
2004-04-05,60.23500061035156,60.45000076293945,59.900001525878906,45.04578399658203,7325800,IWM,0
2004-04-06,60.025001525878906,60.2400016784668,59.505001068115234,44.49741744995117,10185200,IWM,0
2004-04-07,59.625,60.244998931884766,59.17499923706055,44.83317184448242,10875800,IWM,0
2004-04-08,60.54499816894531,60.57500076293945,59.470001220703125,44.43400192260742,9078200,IWM,0
2004-04-12,59.689998626708984,60.150001525878906,59.560001373291016,44.54964828491211,7693000,IWM,0
2004-04-13,60.07500076293945,60.07500076293945,58.099998474121094,43.5125846862793,16763600,IWM,0
2004-04-14,57.96500015258789,58.66999816894531,57.57500076293945,43.378273010253906,15333200,IWM,0
2004-04-15,58.125,58.474998474121094,57.20000076293945,43.04253387451172,13475000,IWM,0
2004-04-16,57.95000076293945,58.41999816894531,57.279998779296875,43.37080764770508,13355800,IWM,0
2004-04-19,58.01499938964844,58.619998931884766,57.584999084472656,43.69163513183594,11097200,IWM,0
2004-04-20,58.724998474121094,59.1150016784668,57.1349983215332,42.725425720214844,16260800,IWM,0
2004-04-21,57.5,58.20000076293945,57.02000045776367,43.42303466796875,12238800,IWM,0
2004-04-22,58.060001373291016,59.2599983215332,58.04999923706055,44.01991271972656,14381000,IWM,0
2004-04-23,59.244998931884766,59.279998779296875,58.345001220703125,43.92664337158203,9145400,IWM,0
2004-04-26,59.03499984741211,59.529998779296875,58.595001220703125,44.01991271972656,10711800,IWM,0
2004-04-27,59,59.35499954223633,58.43000030517578,43.90800476074219,6833800,IWM,0
2004-04-28,58.57500076293945,58.650001525878906,57.29999923706055,42.990299224853516,15350600,IWM,0
2004-04-29,57.650001525878906,57.935001373291016,56.125,42.13601303100586,16087800,IWM,0
2004-04-30,56.79999923706055,56.900001525878906,55.55500030517578,41.449607849121094,18905200,IWM,0
2004-05-03,55.79999923706055,56.685001373291016,55.744998931884766,41.994258880615234,14629600,IWM,0
2004-05-04,56.33000183105469,57.459999084472656,56.224998474121094,42.229270935058594,14691400,IWM,0
2004-05-05,56.79999923706055,57.20000076293945,56.64500045776367,42.41579055786133,9045000,IWM,0
2004-05-06,56.439998626708984,56.439998626708984,55.349998474121094,41.79653549194336,22115200,IWM,0
2004-05-07,55.599998474121094,56.58000183105469,54.42499923706055,40.60649871826172,21520200,IWM,0
2004-05-10,54,54.380001068115234,53.07500076293945,39.88653564453125,33149000,IWM,0
2004-05-11,53.93000030517578,54.79999923706055,53.75,40.75570297241211,24259000,IWM,0
2004-05-12,54.529998779296875,55.04999923706055,53.150001525878906,41.06534957885742,31080600,IWM,0
2004-05-13,54.70000076293945,55.17499923706055,54.21500015258789,40.50205612182617,20447600,IWM,0
2004-05-14,54.369998931884766,54.900001525878906,53.82500076293945,40.345375061035156,20033200,IWM,0
2004-05-17,53.2400016784668,53.92499923706055,52.755001068115234,39.961116790771484,19698400,IWM,0
2004-05-18,53.78499984741211,54.19499969482422,53.51499938964844,40.41252899169922,13970400,IWM,0
2004-05-19,54.599998474121094,55.209999084472656,53.720001220703125,40.12527084350586,18784800,IWM,0
2004-05-20,53.900001525878906,54.29999923706055,53.4900016784668,40.20734405517578,12400600,IWM,0
2004-05-21,54.07500076293945,54.595001220703125,53.91999816894531,40.58412551879883,12021800,IWM,0
2004-05-24,54.880001068115234,55.209999084472656,54.595001220703125,41.110111236572266,10802600,IWM,0
2004-05-25,54.974998474121094,56.459999084472656,54.810001373291016,41.968143463134766,14969200,IWM,0
2004-05-26,56.220001220703125,56.6349983215332,56.029998779296875,42.2553825378418,12890600,IWM,0
2004-05-27,56.82500076293945,57.130001068115234,56.185001373291016,42.26659393310547,19802800,IWM,0
2004-05-28,56.6349983215332,56.849998474121094,56.38999938964844,42.3411865234375,6848400,IWM,0
2004-06-01,56.5,57.29999923706055,56.439998626708984,42.74408721923828,11926600,IWM,0
2004-06-02,57.404998779296875,57.459999084472656,56.86000061035156,42.60232162475586,12855600,IWM,0
2004-06-03,57.025001525878906,57.08000183105469,56,41.78162384033203,11824400,IWM,0
2004-06-04,56.56999969482422,57.04999923706055,56.31999969482422,42.30387878417969,11023000,IWM,0
2004-06-07,56.94499969482422,57.77000045776367,56.79999923706055,43.06863784790039,9933800,IWM,0
2004-06-08,57.55500030517578,57.79499816894531,57.415000915527344,43.027587890625,6247600,IWM,0
2004-06-09,57.525001525878906,57.755001068115234,56.625,42.247928619384766,10326200,IWM,0
2004-06-10,56.970001220703125,57.07500076293945,56.540000915527344,42.41579055786133,9060600,IWM,0
2004-06-14,56.459999084472656,56.54999923706055,55.6150016784668,41.58387756347656,11226200,IWM,0
2004-06-15,56.11000061035156,56.915000915527344,56.10499954223633,42.3411865234375,20003800,IWM,0
2004-06-16,56.654998779296875,56.95500183105469,56.459999084472656,42.42325210571289,8662800,IWM,0
2004-06-17,56.7599983215332,57.040000915527344,56.33000183105469,42.31507873535156,17147600,IWM,0
2004-06-18,56.529998779296875,57.18000030517578,56.5,42.460575103759766,11470800,IWM,0
2004-06-21,56.93000030517578,57.19499969482422,56.650001525878906,42.29268264770508,6144000,IWM,0
2004-06-22,56.724998474121094,57.14500045776367,56.20500183105469,42.620975494384766,9991200,IWM,0
2004-06-23,56.98500061035156,58.04999923706055,56.974998474121094,43.26261901855469,16378600,IWM,0
2004-06-24,57.959999084472656,58.29999923706055,57.685001373291016,43.10596466064453,8302000,IWM,0
2004-06-25,57.3650016784668,58.5,57.3650016784668,43.61276626586914,12696200,IWM,0
2004-06-28,58.349998474121094,58.70500183105469,58.040000915527344,43.52299499511719,15502800,IWM,0
2004-06-29,58.06999969482422,58.8650016784668,58.06999969482422,43.88579177856445,7803600,IWM,0
2004-06-30,58.720001220703125,58.994998931884766,58.52000045776367,44.132667541503906,10870600,IWM,0
2004-07-01,58.90999984741211,59.040000915527344,57.91999816894531,43.3284912109375,16748000,IWM,0
2004-07-02,58.04499816894531,58.224998474121094,57.650001525878906,43.463138580322266,7557600,IWM,0
2004-07-06,57.73500061035156,57.779998779296875,56.875,42.685150146484375,13059400,IWM,0
2004-07-07,56.97999954223633,57.5,56.849998474121094,42.632789611816406,8702200,IWM,0
2004-07-08,56.6349983215332,56.9900016784668,55.79499816894531,41.85853958129883,13588000,IWM,0
2004-07-09,56.150001525878906,56.35499954223633,55.92499923706055,42.13532257080078,11431800,IWM,0
2004-07-12,56.099998474121094,56.375,55.58000183105469,41.89219284057617,13178000,IWM,0
2004-07-13,56.165000915527344,56.38999938964844,56.005001068115234,41.948299407958984,6838400,IWM,0
2004-07-14,55.6349983215332,56.459999084472656,55.540000915527344,41.705162048339844,12582800,IWM,0
2004-07-15,55.95500183105469,56.290000915527344,55.76499938964844,41.79867935180664,7474400,IWM,0
2004-07-16,56.28499984741211,56.310001373291016,55.20000076293945,41.33113098144531,13095600,IWM,0
2004-07-19,55.41999816894531,55.5,54.82500076293945,41.27875900268555,19252200,IWM,0
2004-07-20,55.334999084472656,56.45500183105469,55.220001220703125,42.097904205322266,9760000,IWM,0
2004-07-21,56.380001068115234,56.44499969482422,54.5099983215332,40.777557373046875,18338800,IWM,0
2004-07-22,54.529998779296875,54.76499938964844,53.60499954223633,40.84489440917969,18692400,IWM,0
2004-07-23,54.334999084472656,54.435001373291016,53.70000076293945,40.26139450073242,18983400,IWM,0
2004-07-26,53.939998626708984,54.119998931884766,52.85499954223633,39.73398971557617,16526600,IWM,0
2004-07-27,53.38999938964844,54.345001220703125,53.34000015258789,40.47459030151367,16286600,IWM,0
2004-07-28,54.0099983215332,54.349998474121094,53.20000076293945,40.4409294128418,20419800,IWM,0
2004-07-29,54.400001525878906,54.84000015258789,54.125,40.919673919677734,11042800,IWM,0
2004-07-30,54.599998474121094,55.084999084472656,54.5,41.144126892089844,12301000,IWM,0
2004-08-02,54.599998474121094,55.095001220703125,54.165000915527344,40.99449157714844,12227000,IWM,0
2004-08-03,54.71500015258789,54.775001525878906,53.9900016784668,40.407264709472656,14361000,IWM,0
2004-08-04,53.685001373291016,54.494998931884766,53.349998474121094,40.37360382080078,19376200,IWM,0
2004-08-05,53.9900016784668,54.060001373291016,52.8650016784668,39.62926483154297,15848800,IWM,0
2004-08-06,52.349998474121094,52.505001068115234,51.685001373291016,38.79890823364258,18657600,IWM,0
2004-08-09,51.95000076293945,52.119998931884766,51.54999923706055,38.67546463012695,10382000,IWM,0
2004-08-10,51.7599983215332,52.8650016784668,51.724998474121094,39.281394958496094,18270600,IWM,0
2004-08-11,52.150001525878906,52.70500183105469,51.560001373291016,39.229042053222656,13067600,IWM,0
2004-08-12,52.095001220703125,52.20500183105469,51.5,38.66424560546875,9952400,IWM,0
2004-08-13,51.78499984741211,52.040000915527344,51.334999084472656,38.65675735473633,9646200,IWM,0
2004-08-16,51.779998779296875,52.685001373291016,51.71500015258789,39.318809509277344,16553200,IWM,0
2004-08-17,52.959999084472656,53.224998474121094,52.66999816894531,39.565670013427734,10360800,IWM,0
2004-08-18,52.57500076293945,54.060001373291016,52.5,40.4109992980957,13410200,IWM,0
2004-08-19,53.86000061035156,54.040000915527344,53.3650016784668,40.06687545776367,10119000,IWM,0
2004-08-20,53.560001373291016,54.70000076293945,53.45500183105469,40.777557373046875,11919400,IWM,0
2004-08-23,54.73500061035156,54.91999816894531,54.10499954223633,40.62793731689453,12611200,IWM,0
2004-08-24,54.625,54.75,54.060001373291016,40.74015426635742,11565000,IWM,0
2004-08-25,54.43000030517578,54.875,54,40.9720573425293,12466400,IWM,0
2004-08-26,54.67499923706055,54.8650016784668,54.400001525878906,40.73268508911133,9472000,IWM,0
2004-08-27,54.57500076293945,55.125,54.57500076293945,41.054359436035156,8073200,IWM,0
2004-08-30,54.70000076293945,54.900001525878906,54.20000076293945,40.5868034362793,10043000,IWM,0
2004-08-31,54.400001525878906,54.75,53.939998626708984,40.52322006225586,24903400,IWM,0
2004-09-01,54.54499816894531,55.54499816894531,54.54499816894531,41.237632751464844,20113400,IWM,0
2004-09-02,55.005001068115234,56.099998474121094,54.970001220703125,41.963253021240234,9649400,IWM,0
2004-09-03,55.82500076293945,56.10499954223633,55.20000076293945,41.499446868896484,10964400,IWM,0
2004-09-07,55.904998779296875,56.32500076293945,55.70500183105469,42.02309799194336,11445200,IWM,0
2004-09-08,56.02000045776367,56.53499984741211,55.560001373291016,41.79867935180664,11916600,IWM,0
2004-09-09,55.86000061035156,56.7400016784668,55.849998474121094,42.14653015136719,12038400,IWM,0
2004-09-10,56.5,56.959999084472656,56.07500076293945,42.535552978515625,11722400,IWM,0
2004-09-13,56.92499923706055,57.439998626708984,56.880001068115234,42.76369094848633,13555400,IWM,0
2004-09-14,57.1349983215332,57.18000030517578,56.58000183105469,42.677677154541016,9151600,IWM,0
2004-09-15,56.869998931884766,56.88999938964844,56.42499923706055,42.419586181640625,10729200,IWM,0
2004-09-16,56.92499923706055,57.415000915527344,56.834999084472656,42.87590026855469,9656400,IWM,0
2004-09-17,57.29999923706055,57.439998626708984,56.775001525878906,42.80110168457031,12199800,IWM,0
2004-09-20,56.95500183105469,57.34000015258789,56.810001373291016,42.610347747802734,10983200,IWM,0
2004-09-21,57.185001373291016,57.67499923706055,57.10499954223633,42.9320068359375,9596800,IWM,0
2004-09-22,57.01499938964844,57.05500030517578,56.38999938964844,42.20637130737305,14979200,IWM,0
2004-09-23,56.54499816894531,56.709999084472656,56.29499816894531,42.16523361206055,9478000,IWM,0
2004-09-24,56.5,56.79499816894531,56.32500076293945,42.242103576660156,10635200,IWM,0
2004-09-27,56.185001373291016,56.20000076293945,55.54499816894531,41.79219055175781,15947800,IWM,0
2004-09-28,55.790000915527344,56.400001525878906,55.56999969482422,42.29085159301758,13526000,IWM,0
2004-09-29,56.279998779296875,56.92499923706055,56.23500061035156,42.684505462646484,16073200,IWM,0
2004-09-30,56.66999816894531,57.29999923706055,56.654998779296875,42.684505462646484,17295400,IWM,0
2004-10-01,57.28499984741211,58.375,57.21500015258789,43.76051330566406,16410000,IWM,0
2004-10-04,58.79999923706055,59.09000015258789,58.599998474121094,44.00795364379883,13371200,IWM,0
2004-10-05,58.6150016784668,58.88999938964844,58.375,43.96672821044922,10255200,IWM,0
2004-10-06,58.595001220703125,59.130001068115234,58.439998626708984,44.25166702270508,9322000,IWM,0
2004-10-07,58.875,58.935001373291016,58,43.51306915283203,10364600,IWM,0
2004-10-08,57.82500076293945,58.185001373291016,57.29999923706055,42.96568298339844,15495600,IWM,0
2004-10-11,57.494998931884766,57.61000061035156,57.20500183105469,43.16813659667969,7916600,IWM,0
2004-10-12,57.10499954223633,57.67499923706055,56.790000915527344,43.06690216064453,14074200,IWM,0
2004-10-13,57.8650016784668,57.974998474121094,56.584999084472656,42.44078826904297,17654200,IWM,0
2004-10-14,56.65999984741211,56.8650016784668,56.22999954223633,42.16336441040039,13499000,IWM,0
2004-10-15,56.505001068115234,57.125,56.14500045776367,42.59825897216797,16297800,IWM,0
2004-10-18,56.65999984741211,57.224998474121094,56.36000061035156,42.77824020385742,14040600,IWM,0
2004-10-19,57.26499938964844,57.540000915527344,56.400001525878906,42.33583068847656,14654200,IWM,0
2004-10-20,56.27000045776367,56.94499969482422,56.03499984741211,42.557044982910156,14972600,IWM,0
2004-10-21,56.869998931884766,57.57500076293945,56.564998626708984,43.09691619873047,10623200,IWM,0
2004-10-22,57.474998474121094,57.650001525878906,56.45500183105469,42.362060546875,16834000,IWM,0
2004-10-25,56.39500045776367,57.224998474121094,56.279998779296875,42.815731048583984,15370400,IWM,0
2004-10-26,57.125,57.849998474121094,56.4900016784668,43.37809753417969,15694400,IWM,0
2004-10-27,57.68000030517578,58.59000015258789,57.59000015258789,43.801753997802734,18685600,IWM,0
2004-10-28,58.474998474121094,58.540000915527344,57.92499923706055,43.64054870605469,10726400,IWM,0
2004-10-29,58.244998931884766,58.560001373291016,57.875,43.56181335449219,11972800,IWM,0
2004-11-01,58.27000045776367,58.625,57.86000061035156,43.9067268371582,13256800,IWM,0
2004-11-02,58.6349983215332,59.029998779296875,58.06999969482422,43.734283447265625,12997000,IWM,0
2004-11-03,59.209999084472656,59.54999923706055,58.86000061035156,44.43913269042969,18907000,IWM,0
2004-11-04,59.275001525878906,60.03499984741211,58.915000915527344,44.98275375366211,12551400,IWM,0
2004-11-05,60.20000076293945,60.625,59.81999969482422,45.18520736694336,10656600,IWM,0
2004-11-08,60.2400016784668,60.435001373291016,59.8849983215332,45.02775573730469,5433200,IWM,0
2004-11-09,60.07500076293945,60.57500076293945,60,45.188961029052734,6608800,IWM,0
2004-11-10,60.375,61.06999969482422,60.29999923706055,45.51512908935547,11236200,IWM,0
2004-11-11,60.80500030517578,61.4900016784668,60.75,45.96503448486328,8648200,IWM,0
2004-11-12,61.36000061035156,62.025001525878906,61.17499923706055,46.433692932128906,12640800,IWM,0
2004-11-15,61.95000076293945,62.275001525878906,61.67499923706055,46.69612503051758,9308000,IWM,0
2004-11-16,62.02000045776367,62.1349983215332,61.525001525878906,46.283721923828125,11696400,IWM,0
2004-11-17,62.025001525878906,62.66999816894531,61.80500030517578,46.531166076660156,14988800,IWM,0
2004-11-18,62.06999969482422,62.19499969482422,61.630001068115234,46.459930419921875,12526000,IWM,0
2004-11-19,61.939998626708984,61.974998474121094,61.060001373291016,45.96503448486328,11445000,IWM,0
2004-11-22,61.07500076293945,62.025001525878906,61.04999923706055,46.45241928100586,13922200,IWM,0
2004-11-23,61.96500015258789,62.375,61.39500045776367,46.74112319946289,21859400,IWM,0
2004-11-24,62.400001525878906,62.95000076293945,62.32500076293945,47.022308349609375,11408600,IWM,0
2004-11-26,62.82500076293945,63.20000076293945,62.75,47.052310943603516,6176600,IWM,0
2004-11-29,63.209999084472656,63.540000915527344,62.474998474121094,47.221038818359375,17324000,IWM,0
2004-11-30,63.22999954223633,63.4900016784668,63.060001373291016,47.569698333740234,14468600,IWM,0
2004-12-01,63.404998779296875,64.32499694824219,63.34000015258789,48.01209259033203,19120200,IWM,0
2004-12-02,64.00499725341797,64.40499877929688,63.775001525878906,47.94460678100586,12883400,IWM,0
2004-12-03,63.95500183105469,64.41000366210938,63.81999969482422,47.85462188720703,13313800,IWM,0
2004-12-06,63.9900016784668,64.07499694824219,63.42499923706055,47.62968063354492,6219600,IWM,0
2004-12-07,63.73500061035156,63.86000061035156,62.35499954223633,46.79359436035156,13218200,IWM,0
2004-12-08,62.5,63.099998474121094,62.29999923706055,47.31474304199219,11617000,IWM,0
2004-12-09,62.685001373291016,62.96500015258789,61.95000076293945,46.954833984375,18757600,IWM,0
2004-12-10,62.505001068115234,63.29999923706055,62.415000915527344,47.31474304199219,10605200,IWM,0
2004-12-13,63.42499923706055,63.790000915527344,62.970001220703125,47.832149505615234,11161400,IWM,0
2004-12-14,63.72999954223633,64.31500244140625,63.70000076293945,48.09083557128906,11281800,IWM,0
2004-12-15,64.15499877929688,64.74500274658203,64.1050033569336,48.49199295043945,10569000,IWM,0
2004-12-16,64.625,64.71499633789062,63.83000183105469,48.11332321166992,13787000,IWM,0
2004-12-17,63.974998474121094,64.2750015258789,63.67499923706055,47.91836166381836,19285200,IWM,0
2004-12-20,64.04499816894531,64.47000122070312,63.5099983215332,47.862125396728516,11991600,IWM,0
2004-12-21,63.95000076293945,64.52999877929688,63.80500030517578,48.368263244628906,9142200,IWM,0
2004-12-22,64.51000213623047,64.92500305175781,64.44000244140625,48.462013244628906,7285200,IWM,0
2004-12-23,64.57499694824219,64.8499984741211,64.53500366210938,48.58649826049805,8365000,IWM,0
2004-12-27,65,65,63.82500076293945,48.274314880371094,10330200,IWM,0
2004-12-28,64.2300033569336,65.0999984741211,64.2300033569336,48.91371536254883,8985200,IWM,0
2004-12-29,65.01000213623047,65.19999694824219,64.80500030517578,48.90994644165039,9263400,IWM,0
2004-12-30,65.1050033569336,65.19999694824219,64.79000091552734,48.7369384765625,7993400,IWM,0
2004-12-31,64.94000244140625,65.33000183105469,64.68000030517578,48.70684051513672,15081800,IWM,0
2005-01-03,65.09500122070312,65.20999908447266,63.56999969482422,48.07497024536133,16062600,IWM,0
2005-01-04,64.03500366210938,64.08499908447266,62.43000030517578,47.04442596435547,27450000,IWM,0
2005-01-05,62.470001220703125,62.63999938964844,61.290000915527344,46.1041374206543,29884200,IWM,0
2005-01-06,61.66999816894531,62.20000076293945,61.224998474121094,46.34859848022461,23061200,IWM,0
2005-01-07,61.755001068115234,61.95000076293945,60.89500045776367,45.83333206176758,20906200,IWM,0
2005-01-10,61,62.099998474121094,60.95000076293945,46.299720764160156,23449000,IWM,0
2005-01-11,61.244998931884766,61.28499984741211,60.625,45.73554992675781,23233800,IWM,0
2005-01-12,60.88999938964844,61.25,60.130001068115234,45.92360305786133,24791200,IWM,0
2005-01-13,61.14500045776367,61.435001373291016,60.57500076293945,45.78443908691406,18940600,IWM,0
2005-01-14,61.04499816894531,61.54999923706055,60.915000915527344,46.22073745727539,13541000,IWM,0
2005-01-18,61.29999923706055,62.404998779296875,61.209999084472656,46.76986312866211,16787600,IWM,0
2005-01-19,62.14500045776367,62.375,61.28499984741211,46.100372314453125,20194800,IWM,0
2005-01-20,61.06999969482422,61.48500061035156,60.814998626708984,45.825801849365234,29061600,IWM,0
2005-01-21,61.025001525878906,61.4900016784668,60.57500076293945,45.72050094604492,22309800,IWM,0
2005-01-24,60.959999084472656,61.25,60.084999084472656,45.370704650878906,18547200,IWM,0
2005-01-25,60.58000183105469,61.099998474121094,60.22999954223633,45.4873161315918,22059200,IWM,0
2005-01-26,60.709999084472656,61.45000076293945,60.560001373291016,46.09284591674805,18351600,IWM,0
2005-01-27,61.189998626708984,61.8650016784668,61.07500076293945,46.224491119384766,20795400,IWM,0
2005-01-28,61.650001525878906,61.650001525878906,60.685001373291016,46.186885833740234,20704200,IWM,0
2005-01-31,61.7599983215332,62.25,61.56999969482422,46.72848892211914,21879000,IWM,0
2005-02-01,62.125,62.685001373291016,62.029998779296875,46.991783142089844,20250400,IWM,0
2005-02-02,62.560001373291016,62.994998931884766,62.459999084472656,47.34907150268555,17766800,IWM,0
2005-02-03,62.779998779296875,62.849998474121094,62.125,47.08955764770508,14914600,IWM,0
2005-02-04,62.60499954223633,63.529998779296875,62.529998779296875,47.68382263183594,19564000,IWM,0
2005-02-07,63.525001525878906,63.775001525878906,63.09000015258789,47.67253875732422,12354400,IWM,0
2005-02-08,63.35499954223633,63.72999954223633,63.29999923706055,47.78912353515625,10688000,IWM,0
2005-02-09,63.7400016784668,63.75,62.17499923706055,46.76986312866211,27444000,IWM,0
2005-02-10,62.369998931884766,62.6150016784668,61.904998779296875,46.852603912353516,20379000,IWM,0
2005-02-11,62.32500076293945,63.369998931884766,61.880001068115234,47.61611557006836,18049200,IWM,0
2005-02-14,63.20000076293945,63.5,62.86000061035156,47.574729919433594,8975000,IWM,0
2005-02-15,63.32500076293945,63.68000030517578,62.915000915527344,47.61611557006836,14451600,IWM,0
2005-02-16,63.20000076293945,63.900001525878906,62.974998474121094,47.75904083251953,18858800,IWM,0
2005-02-17,63.70000076293945,63.834999084472656,62.875,47.3377799987793,17347600,IWM,0
2005-02-18,62.86000061035156,63.20500183105469,62.5,47.22119140625,15579400,IWM,0
2005-02-22,62.45000076293945,62.849998474121094,61.5,46.299720764160156,27227400,IWM,0
2005-02-23,61.7400016784668,62.28499984741211,61.65999984741211,46.57429122924805,17492200,IWM,0
2005-02-24,61.84000015258789,62.58000183105469,61.3849983215332,47.010562896728516,16971800,IWM,0
2005-02-25,62.400001525878906,63.54499816894531,62.400001525878906,47.79289245605469,23738200,IWM,0
2005-02-28,63.45000076293945,63.6349983215332,62.67499923706055,47.49574661254883,18075400,IWM,0
2005-03-01,63.33000183105469,63.790000915527344,63.13999938964844,47.86057662963867,19476800,IWM,0
2005-03-02,63.35499954223633,64.12999725341797,63.25,47.77407455444336,21102400,IWM,0
2005-03-03,63.79999923706055,63.970001220703125,63.13999938964844,47.81544876098633,17486400,IWM,0
2005-03-04,64.07499694824219,64.45500183105469,63.7599983215332,48.40220260620117,16204600,IWM,0
2005-03-07,64.44999694824219,64.63999938964844,64.12999725341797,48.28183364868164,13329800,IWM,0
2005-03-08,64.19000244140625,64.33499908447266,63.525001525878906,47.822975158691406,15237000,IWM,0
2005-03-09,63.435001373291016,63.56999969482422,62.85499954223633,47.28138732910156,22694800,IWM,0
2005-03-10,62.94499969482422,63.345001220703125,62.22999954223633,47.078269958496094,22922000,IWM,0
2005-03-11,62.775001525878906,63.04999923706055,62.20500183105469,47.04442596435547,15532600,IWM,0
2005-03-14,62.72999954223633,63.0099983215332,62.435001373291016,47.397979736328125,14980800,IWM,0
2005-03-15,63.26499938964844,63.40999984741211,62.45000076293945,47.078269958496094,18482400,IWM,0
2005-03-16,62.369998931884766,62.63999938964844,61.974998474121094,46.814998626708984,21527600,IWM,0
2005-03-17,62.2599983215332,62.619998931884766,61.91999816894531,46.814998626708984,19603400,IWM,0
2005-03-18,62.279998779296875,62.349998474121094,61.7400016784668,46.56300354003906,24139800,IWM,0
2005-03-21,62.040000915527344,62.1349983215332,61.57500076293945,46.619415283203125,16590200,IWM,0
2005-03-22,62.04999923706055,62.755001068115234,61.54999923706055,46.299720764160156,30865000,IWM,0
2005-03-23,61.5,61.51499938964844,61.005001068115234,45.96120834350586,21073800,IWM,0
2005-03-24,61.150001525878906,61.625,61.005001068115234,46.130470275878906,14170800,IWM,0
2005-03-28,61.255001068115234,61.505001068115234,60.970001220703125,46.149349212646484,12566800,IWM,0
2005-03-29,60.97999954223633,61.54499816894531,59.92499923706055,45.488197326660156,21808800,IWM,0
2005-03-30,60.275001525878906,61.119998931884766,60.275001525878906,46.15692901611328,19132800,IWM,0
2005-03-31,61.17499923706055,61.185001373291016,60.75,46.149349212646484,20469400,IWM,0
2005-04-01,61.3650016784668,61.720001220703125,60.40999984741211,45.95667266845703,23993200,IWM,0
2005-04-04,60.720001220703125,61.189998626708984,60.20000076293945,46.12669372558594,30577600,IWM,0
2005-04-05,61.064998626708984,61.32500076293945,60.875,46.20980453491211,17858000,IWM,0
2005-04-06,61.314998626708984,61.80500030517578,61.17499923706055,46.35337829589844,19717800,IWM,0
2005-04-07,61.09000015258789,61.755001068115234,60.94499969482422,46.53471755981445,14978600,IWM,0
2005-04-08,61.529998779296875,61.65999984741211,60.56999969482422,45.82820510864258,19497000,IWM,0
2005-04-11,60.67499923706055,60.7400016784668,60.19499969482422,45.601531982421875,19150600,IWM,0
2005-04-12,60.2599983215332,61.05500030517578,59.650001525878906,46.028465270996094,32519000,IWM,0
2005-04-13,60.79999923706055,60.900001525878906,59.724998474121094,45.204833984375,25937800,IWM,0
2005-04-14,59.8650016784668,60.125,58.625,44.2981071472168,36952400,IWM,0
2005-04-15,58.654998779296875,58.974998474121094,57.5,43.689842224121094,51555800,IWM,0
2005-04-18,57.709999084472656,58.380001068115234,57.310001373291016,43.969398498535156,35293400,IWM,0
2005-04-19,58.55500030517578,59.16999816894531,58.47999954223633,44.69480514526367,32092800,IWM,0
2005-04-20,59.20000076293945,59.29999923706055,58.09000015258789,43.99584197998047,31657400,IWM,0
2005-04-21,58.84000015258789,59.689998626708984,58.025001525878906,45.07260513305664,32386400,IWM,0
2005-04-22,59.46500015258789,59.560001373291016,58.040000915527344,44.34342575073242,30021000,IWM,0
2005-04-25,58.90999984741211,59.32500076293945,58.75,44.751461029052734,19041800,IWM,0
2005-04-26,58.97999954223633,59.564998626708984,58.025001525878906,44.120540618896484,30991400,IWM,0
2005-04-27,58.125,58.790000915527344,57.6150016784668,44.10162353515625,30928600,IWM,0
2005-04-28,58.1349983215332,58.150001525878906,56.875,42.975772857666016,30459400,IWM,0
2005-04-29,57.4900016784668,57.71500015258789,56.494998931884766,43.53868865966797,57488600,IWM,0
2005-05-02,57.779998779296875,58.2400016784668,57.53499984741211,43.98451614379883,25063400,IWM,0
2005-05-03,58.185001373291016,58.650001525878906,57.83000183105469,44.203636169433594,25104800,IWM,0
2005-05-04,58.3849983215332,59.275001525878906,58.21500015258789,44.69480514526367,23520000,IWM,0
2005-05-05,59.20000076293945,59.58000183105469,58.72999954223633,44.68723678588867,38436800,IWM,0
2005-05-06,59.64500045776367,59.724998474121094,59.08000183105469,44.84593200683594,23372200,IWM,0
2005-05-09,59.33000183105469,60,59.03499984741211,45.276611328125,19355600,IWM,0
2005-05-10,59.57500076293945,59.91999816894531,59.01499938964844,44.736351013183594,28207600,IWM,0
2005-05-11,59.375,59.41999816894531,58.505001068115234,44.75901794433594,32094000,IWM,0
2005-05-12,59.400001525878906,59.57500076293945,58.185001373291016,44.05250549316406,30449600,IWM,0
2005-05-13,58.5,58.60499954223633,57.44499969482422,43.89385986328125,37347200,IWM,0
2005-05-16,58.01499938964844,59,57.95000076293945,44.57012176513672,31343600,IWM,0
2005-05-17,58.755001068115234,59.349998474121094,58.41999816894531,44.83458709716797,22691400,IWM,0
2005-05-18,59.619998931884766,60.560001373291016,59.60499954223633,45.73378372192383,36759800,IWM,0
2005-05-19,60.45500183105469,60.869998931884766,60.345001220703125,45.847110748291016,26642600,IWM,0
2005-05-20,60.650001525878906,60.720001220703125,60.185001373291016,45.79045104980469,23165000,IWM,0
2005-05-23,60.67499923706055,61.25,60.619998931884766,46.092681884765625,27477400,IWM,0
2005-05-24,60.779998779296875,61.125,60.630001068115234,45.903770446777344,21963200,IWM,0
2005-05-25,60.77000045776367,60.79999923706055,60.150001525878906,45.559974670410156,22453600,IWM,0
2005-05-26,60.54499816894531,61.19499969482422,60.54499816894531,46.19468688964844,20049800,IWM,0
2005-05-27,61.29999923706055,61.540000915527344,60.900001525878906,46.45161819458008,15095200,IWM,0
2005-05-31,61.52000045776367,61.70500183105469,61.13999938964844,46.35337829589844,19278200,IWM,0
2005-06-01,61.34000015258789,62.25,61.31999969482422,46.878536224365234,26634800,IWM,0
2005-06-02,62.040000915527344,62.34000015258789,61.845001220703125,47.006988525390625,14395000,IWM,0
2005-06-03,62.14500045776367,62.415000915527344,61.55500030517578,46.66318130493164,21798200,IWM,0
2005-06-06,61.72999954223633,62.060001373291016,61.525001525878906,46.83698654174805,16974800,IWM,0
2005-06-07,62.20000076293945,62.875,61.970001220703125,46.93143844604492,25201400,IWM,0
2005-06-08,62.2400016784668,62.369998931884766,61.625,46.632957458496094,18085800,IWM,0
2005-06-09,61.66999816894531,62.41999816894531,61.36000061035156,47.09010314941406,21813800,IWM,0
2005-06-10,62.45000076293945,62.54999923706055,62.08000183105469,47.18832778930664,19949900,IWM,0
2005-06-13,62.27000045776367,62.81999969482422,62.130001068115234,47.39991760253906,21416100,IWM,0
2005-06-14,62.70000076293945,63.27000045776367,62.470001220703125,47.80793762207031,14950400,IWM,0
2005-06-15,63.43000030517578,63.47999954223633,62.63999938964844,47.9363899230957,20371900,IWM,0
2005-06-16,63.47999954223633,64.13999938964844,63.33000183105469,48.40486526489258,21612000,IWM,0
2005-06-17,64.31999969482422,64.6500015258789,63.880001068115234,48.3746452331543,20964800,IWM,0
2005-06-20,63.720001220703125,64.01000213623047,63.560001373291016,48.227725982666016,17148400,IWM,0
2005-06-21,63.849998474121094,63.9900016784668,63.529998779296875,48.364051818847656,13798200,IWM,0
2005-06-22,63.970001220703125,64.22000122070312,63.4900016784668,48.4776611328125,15672300,IWM,0
2005-06-23,63.90999984741211,64.11000061035156,62.880001068115234,47.621849060058594,19600900,IWM,0
2005-06-24,62.939998626708984,63.02000045776367,62.06999969482422,47.11442947387695,25158200,IWM,0
2005-06-27,62.279998779296875,62.59000015258789,62.099998474121094,47.23561477661133,19839000,IWM,0
2005-06-28,62.77000045776367,63.86000061035156,62.720001220703125,47.970237731933594,18261700,IWM,0
2005-06-29,63.86000061035156,64.05999755859375,63.630001068115234,48.34892272949219,17068800,IWM,0
2005-06-30,64.06999969482422,64.29000091552734,63.400001525878906,48.242881774902344,28369700,IWM,0
2005-07-01,63.70000076293945,64.05000305175781,63.439998626708984,48.454925537109375,14988200,IWM,0
2005-07-05,63.810001373291016,65.05000305175781,63.7599983215332,49.21985626220703,27172600,IWM,0
2005-07-06,65.01000213623047,65.13999938964844,64.37999725341797,48.77301025390625,21094100,IWM,0
2005-07-07,63.689998626708984,64.69000244140625,63.470001220703125,48.90935134887695,32447900,IWM,0
2005-07-08,64.63999938964844,66.0199966430664,64.55000305175781,49.9620475769043,24967200,IWM,0
2005-07-11,66.01000213623047,66.98999786376953,65.9800033569336,50.57549285888672,35662900,IWM,0
2005-07-12,66.68000030517578,67.13999938964844,66.33000183105469,50.416465759277344,24254400,IWM,0
2005-07-13,66.6500015258789,66.81999969482422,66.1500015258789,50.3028564453125,16978500,IWM,0
2005-07-14,66.9000015258789,67.06999969482422,65.77999877929688,49.93932342529297,26043100,IWM,0
2005-07-15,65.94999694824219,66.19999694824219,65.41999816894531,49.984779357910156,15694300,IWM,0
2005-07-18,65.91000366210938,66.08000183105469,65.37000274658203,49.69698715209961,14741300,IWM,0
2005-07-19,65.88999938964844,66.6500015258789,65.75,50.39372253417969,14000400,IWM,0
2005-07-20,66.25,67.55000305175781,66.19000244140625,51.00717544555664,23859900,IWM,0
2005-07-21,67.44999694824219,67.44999694824219,66.22000122070312,50.21199035644531,41935700,IWM,0
2005-07-22,66.44999694824219,67.41999816894531,66.30999755859375,50.984474182128906,27929800,IWM,0
2005-07-25,67.30000305175781,67.68000030517578,66.61000061035156,50.65121841430664,22514700,IWM,0
2005-07-26,66.91000366210938,67.37000274658203,66.58999633789062,50.80271911621094,21896800,IWM,0
2005-07-27,67.25,67.31999969482422,66.44999694824219,50.94660186767578,24091600,IWM,0
2005-07-28,67.37000274658203,68,67.0199966430664,51.46917724609375,21416900,IWM,0
2005-07-29,68,68.26000213623047,67.44000244140625,51.416141510009766,24809900,IWM,0
2005-08-01,67.94000244140625,68.25,67.72000122070312,51.39342498779297,19025900,IWM,0
2005-08-02,68.02999877929688,68.5199966430664,68,51.77968215942383,16505300,IWM,0
2005-08-03,68.1500015258789,68.30999755859375,67.87000274658203,51.52219009399414,16877600,IWM,0
2005-08-04,67.55999755859375,67.80000305175781,66.77999877929688,50.658817291259766,19246400,IWM,0
2005-08-05,66.76000213623047,66.81999969482422,65.66000366210938,49.9620475769043,33135200,IWM,0
2005-08-08,66.16999816894531,66.37000274658203,65.5199966430664,49.78786849975586,20272000,IWM,0
2005-08-09,65.88999938964844,66.06999969482422,65.44999694824219,49.863590240478516,21193800,IWM,0
2005-08-10,66.04000091552734,66.5999984741211,64.87000274658203,49.79543685913086,27119700,IWM,0
2005-08-11,65.56999969482422,66.4000015258789,65.55000305175781,50.22711181640625,22973700,IWM,0
2005-08-12,66.04000091552734,66.06999969482422,65.12999725341797,49.62125778198242,25523100,IWM,0
2005-08-15,65.6500015258789,66.48999786376953,65.25,50.1513786315918,23665800,IWM,0
2005-08-16,66.06999969482422,66.08000183105469,65.05999755859375,49.27287673950195,18698200,IWM,0
2005-08-17,65,65.58999633789062,64.83999633789062,49.2122802734375,21158800,IWM,0
2005-08-18,64.7699966430664,65.1500015258789,64.47000122070312,49.053226470947266,23307000,IWM,0
2005-08-19,65.05000305175781,65.16000366210938,64.70999908447266,49.31073760986328,20511600,IWM,0
2005-08-22,65.23999786376953,65.54000091552734,64.87000274658203,49.59095001220703,22168900,IWM,0
2005-08-23,65.51000213623047,65.62999725341797,64.86000061035156,49.583370208740234,20650300,IWM,0
2005-08-24,65.23999786376953,66.02999877929688,64.91000366210938,49.38646697998047,28753000,IWM,0
2005-08-25,65.33999633789062,65.68000030517578,65.18000030517578,49.65912628173828,13910500,IWM,0
2005-08-26,65.55999755859375,65.56999969482422,64.44000244140625,48.8487663269043,19853300,IWM,0
2005-08-29,64.43000030517578,65.37000274658203,64.19999694824219,49.507652282714844,23967300,IWM,0
2005-08-30,65.12000274658203,65.2699966430664,64.69999694824219,49.28801345825195,21959000,IWM,0
2005-08-31,65.1500015258789,66.52999877929688,64.91999816894531,50.38616943359375,25306700,IWM,0
2005-09-01,66.41999816894531,66.87999725341797,66.20999908447266,50.38616943359375,21105000,IWM,0
2005-09-02,66.76000213623047,66.80000305175781,65.9000015258789,50.113529205322266,21928100,IWM,0
2005-09-06,66.37000274658203,67.19000244140625,66.2699966430664,50.86329650878906,26684300,IWM,0
2005-09-07,67.12999725341797,67.47000122070312,66.87999725341797,51.01475524902344,14230200,IWM,0
2005-09-08,67.19000244140625,67.30000305175781,66.73999786376953,50.72697830200195,13027800,IWM,0
2005-09-09,67.22000122070312,67.58000183105469,67.05000305175781,51.0374755859375,23016100,IWM,0
2005-09-12,67.43000030517578,68.08000183105469,67.27999877929688,51.264705657958984,17628700,IWM,0
2005-09-13,67.55000305175781,67.55000305175781,66.91000366210938,50.8708610534668,23028900,IWM,0
2005-09-14,67.19999694824219,67.30000305175781,66.25,50.287696838378906,21257200,IWM,0
2005-09-15,66.48999786376953,66.63999938964844,66.05999755859375,50.113529205322266,23098600,IWM,0
2005-09-16,66.56999969482422,67.0199966430664,66.33999633789062,50.69668197631836,24336600,IWM,0
2005-09-19,66.86000061035156,66.9800033569336,66.30000305175781,50.454315185546875,24514400,IWM,0
2005-09-20,66.76000213623047,66.91999816894531,65.55999755859375,49.7272834777832,29350200,IWM,0
2005-09-21,65.52999877929688,65.61000061035156,64.5999984741211,48.924495697021484,28527200,IWM,0
2005-09-22,64.66999816894531,65.12000274658203,64.0999984741211,49.1744270324707,34380600,IWM,0
2005-09-23,64.61000061035156,65.30000305175781,64.23999786376953,49.51472854614258,27178400,IWM,0
2005-09-26,65.62000274658203,65.8499984741211,65.19000244140625,49.84899139404297,22874700,IWM,0
2005-09-27,65.5199966430664,65.8499984741211,64.95999908447266,49.681861877441406,27076800,IWM,0
2005-09-28,65.56999969482422,65.63999938964844,64.73999786376953,49.613487243652344,21575500,IWM,0
2005-09-29,65.25,66.1500015258789,64.80999755859375,50.16045379638672,24484600,IWM,0
2005-09-30,66.04000091552734,66.44000244140625,65.79000091552734,50.43394470214844,29016300,IWM,0
2005-10-03,66.48999786376953,67.05999755859375,66.44000244140625,50.73780822753906,26406700,IWM,0
2005-10-04,66.87999725341797,67.0999984741211,65.72000122070312,49.97053909301758,17037600,IWM,0
2005-10-05,65.7699966430664,65.7699966430664,64.05000305175781,48.694305419921875,45606700,IWM,0
2005-10-06,64.08999633789062,64.52999877929688,62.86000061035156,48.261295318603516,59096500,IWM,0
2005-10-07,64,64.26000213623047,63.599998474121094,48.694305419921875,24054600,IWM,0
2005-10-10,64.25,64.27999877929688,63.29999923706055,48.14734649658203,16625700,IWM,0
2005-10-11,63.689998626708984,63.90999984741211,62.5,47.47886657714844,34321100,IWM,0
2005-10-12,62.439998626708984,62.79999923706055,61.25,46.81035232543945,63535700,IWM,0
2005-10-13,61.63999938964844,62.13999938964844,61.04999923706055,47.0002555847168,48558500,IWM,0
2005-10-14,62.5,63.02000045776367,61.31999969482422,47.79030990600586,52777600,IWM,0
2005-10-17,62.86000061035156,63.33000183105469,62.22999954223633,47.87386703491211,32203400,IWM,0
2005-10-18,62.900001525878906,63.029998779296875,62.099998474121094,47.22816848754883,32724600,IWM,0
2005-10-19,61.90999984741211,63.5099983215332,61.380001068115234,48.24610900878906,42623200,IWM,0
2005-10-20,63.400001525878906,63.650001525878906,61.880001068115234,47.349708557128906,47278000,IWM,0
2005-10-21,62.630001068115234,63.38999938964844,62.529998779296875,47.87386703491211,41173200,IWM,0
2005-10-24,63.150001525878906,64.4000015258789,62.91999816894531,48.922210693359375,30567800,IWM,0
2005-10-25,64.20999908447266,64.4000015258789,63.27000045776367,48.50438690185547,31535500,IWM,0
2005-10-26,63.689998626708984,64.58999633789062,63.310001373291016,48.25370788574219,34786100,IWM,0
2005-10-27,63.27000045776367,63.33000183105469,61.939998626708984,47.24333953857422,27349900,IWM,0
2005-10-28,62.439998626708984,63.27000045776367,62.02000045776367,47.904266357421875,38437300,IWM,0
2005-10-31,63.45000076293945,64.55000305175781,63.40999984741211,48.45122146606445,35208700,IWM,0
2005-11-01,64.05000305175781,64.37000274658203,63.599998474121094,48.694305419921875,30221400,IWM,0
2005-11-02,63.91999816894531,65.38999938964844,63.849998474121094,49.674259185791016,33256200,IWM,0
2005-11-03,65.7699966430664,66.16000366210938,65.2699966430664,49.84899139404297,43129900,IWM,0
2005-11-04,65.58000183105469,65.7699966430664,64.94000244140625,49.74263000488281,26502300,IWM,0
2005-11-07,65.7300033569336,66.05000305175781,65.26000213623047,49.92497253417969,20776800,IWM,0
2005-11-08,65.43000030517578,65.56999969482422,65.05999755859375,49.74263000488281,21210800,IWM,0
2005-11-09,65.41999816894531,66.0999984741211,65.11000061035156,49.90975570678711,29761700,IWM,0
2005-11-10,65.63999938964844,66.25,64.73999786376953,50.175662994384766,34586100,IWM,0
2005-11-11,66.05000305175781,66.48999786376953,65.94999694824219,50.46430969238281,19662800,IWM,0
2005-11-14,66.51000213623047,66.55000305175781,65.75,50.28199768066406,24330700,IWM,0
2005-11-15,66.08999633789062,66.23999786376953,65.1500015258789,49.552734375,35159500,IWM,0
2005-11-16,65.33000183105469,65.5,64.58000183105469,49.56791687011719,28408200,IWM,0
2005-11-17,65.43000030517578,66.41000366210938,65.41999816894531,50.426326751708984,22203100,IWM,0
2005-11-18,66.62999725341797,67.08000183105469,66.37000274658203,50.81378173828125,28896800,IWM,0
2005-11-21,67.01000213623047,67.69000244140625,66.5199966430664,51.330345153808594,30758600,IWM,0
2005-11-22,67.45999908447266,68.11000061035156,67.29000091552734,51.60380554199219,21208700,IWM,0
2005-11-23,67.80000305175781,68.3499984741211,67.7699966430664,51.66455841064453,21290900,IWM,0
2005-11-25,68,68.12999725341797,67.7699966430664,51.6265869140625,5901000,IWM,0
2005-11-28,68.12000274658203,68.1500015258789,66.80999755859375,50.942909240722656,24596300,IWM,0
2005-11-29,67.0999984741211,67.56999969482422,66.8499984741211,51.01887893676758,23177100,IWM,0
2005-11-30,67.12999725341797,67.77999877929688,67.06999969482422,51.23916244506836,38323000,IWM,0
2005-12-01,67.79000091552734,68.8499984741211,67.43000030517578,52.074798583984375,37384100,IWM,0
2005-12-02,68.5999984741211,68.81999969482422,68.12000274658203,52.279903411865234,23767700,IWM,0
2005-12-05,68.70999908447266,68.76000213623047,67.91999816894531,51.90768814086914,25918100,IWM,0
2005-12-06,68.61000061035156,69.08000183105469,68.3499984741211,52.06721878051758,26482100,IWM,0
2005-12-07,68.41999816894531,68.56999969482422,67.75,51.74815368652344,23412400,IWM,0
2005-12-08,68.25,68.80999755859375,67.69999694824219,51.8848762512207,33286000,IWM,0
2005-12-09,68.4000015258789,68.76000213623047,67.91999816894531,52.143165588378906,22101700,IWM,0
2005-12-12,68.87999725341797,68.97000122070312,68.27999877929688,52.30270767211914,24178300,IWM,0
2005-12-13,68.66999816894531,69.02999877929688,68.30999755859375,52.31026840209961,24765500,IWM,0
2005-12-14,68.76000213623047,69.16000366210938,68.41999816894531,52.24951171875,26972600,IWM,0
2005-12-15,68.81999969482422,68.81999969482422,67.7300033569336,51.717769622802734,31912800,IWM,0
2005-12-16,68.44000244140625,68.55000305175781,67.80999755859375,51.53541946411133,21479900,IWM,0
2005-12-19,67.91999816894531,67.97000122070312,66.80999755859375,50.89731979370117,22938900,IWM,0
2005-12-20,66.91999816894531,67.52999877929688,66.54000091552734,50.882137298583984,28762600,IWM,0
2005-12-21,67.12999725341797,67.9800033569336,67.08000183105469,51.49745559692383,30167400,IWM,0
2005-12-22,67.75,68.01000213623047,67.38999938964844,51.83375549316406,20624100,IWM,0
2005-12-23,68.0999984741211,68.2699966430664,67.95999908447266,51.95576858520508,15255300,IWM,0
2005-12-27,68.3499984741211,68.43000030517578,67.06999969482422,51.177921295166016,26201500,IWM,0
2005-12-28,67.33999633789062,67.69000244140625,66.95999908447266,51.482975006103516,20488800,IWM,0
2005-12-29,67.5,67.72000122070312,67.1500015258789,51.208438873291016,20883600,IWM,0
2005-12-30,66.76000213623047,66.98999786376953,66.45999908447266,50.88051986694336,33860500,IWM,0
2006-01-03,67.20999908447266,68.1500015258789,66.05000305175781,51.89474868774414,40428100,IWM,0
2006-01-04,68.11000061035156,68.6500015258789,67.87999725341797,52.17692184448242,29795200,IWM,0
2006-01-05,68.43000030517578,68.79000091552734,68.25,52.45909118652344,23712300,IWM,0
2006-01-06,69.12000274658203,69.6500015258789,68.68000030517578,53.08441162109375,26874100,IWM,0
2006-01-09,69.61000061035156,70.37999725341797,69.56999969482422,53.435211181640625,22285700,IWM,0
2006-01-10,69.7300033569336,70.69999694824219,69.68000030517578,53.91564178466797,27130700,IWM,0
2006-01-11,70.70999908447266,70.7300033569336,70.04000091552734,53.824153900146484,29588700,IWM,0
2006-01-12,70.44999694824219,70.73999786376953,70.05000305175781,53.63349151611328,24564000,IWM,0
2006-01-13,70.2699966430664,70.47000122070312,70.0199966430664,53.6563720703125,20630300,IWM,0
2006-01-17,69.9800033569336,70.05000305175781,69.54000091552734,53.404727935791016,26979900,IWM,0
2006-01-18,69.38999938964844,70,69.30000305175781,53.290306091308594,30545300,IWM,0
2006-01-19,70.05000305175781,71.16999816894531,69.94000244140625,54.14442825317383,26801500,IWM,0
2006-01-20,71.02999877929688,71.12000274658203,69.83000183105469,53.5267333984375,43301200,IWM,0
2006-01-23,70.25,70.55999755859375,69.98999786376953,53.694515228271484,30482700,IWM,0
2006-01-24,70.44999694824219,71.43000030517578,70.44000244140625,54.29695510864258,36770600,IWM,0
2006-01-25,71.38999938964844,71.5999984741211,70.7699966430664,54.434242248535156,32586600,IWM,0
2006-01-26,71.62000274658203,72.44999694824219,71.41000366210938,55.2197265625,38990300,IWM,0
2006-01-27,72.54000091552734,73.23999786376953,72.26000213623047,55.49423599243164,29044200,IWM,0
2006-01-30,72.69999694824219,72.9800033569336,72.47000122070312,55.334075927734375,28170300,IWM,0
2006-01-31,72.4800033569336,72.95999908447266,72.12999725341797,55.17393493652344,38124600,IWM,0
2006-02-01,72.58999633789062,73.20999908447266,72.47000122070312,55.74589538574219,35011400,IWM,0
2006-02-02,73,73.08999633789062,71.66000366210938,54.90703201293945,46751000,IWM,0
2006-02-03,71.80999755859375,72.48999786376953,71.51000213623047,54.7392578125,42793600,IWM,0
2006-02-06,71.9000015258789,72.44999694824219,71.5199966430664,55.22731018066406,24741300,IWM,0
2006-02-07,72.2699966430664,72.58999633789062,71.1500015258789,54.3350715637207,41861300,IWM,0
2006-02-08,71.44000244140625,71.83999633789062,70.87999725341797,54.67824935913086,36002600,IWM,0
2006-02-09,71.77999877929688,72.33999633789062,71.23999786376953,54.396080017089844,33152400,IWM,0
2006-02-10,71.18000030517578,71.43000030517578,70.37000274658203,54.28168487548828,31342400,IWM,0
2006-02-13,71.04000091552734,71.1500015258789,70.3499984741211,53.92329025268555,29784500,IWM,0
2006-02-14,70.80000305175781,71.77999877929688,70.30999755859375,54.54860305786133,46124800,IWM,0
2006-02-15,71.51000213623047,72.16000366210938,71.18000030517578,55.0290412902832,40853100,IWM,0
2006-02-16,72.37000274658203,72.83000183105469,72.12000274658203,55.517120361328125,30261700,IWM,0
2006-02-17,72.83000183105469,72.9000015258789,72.30000305175781,55.4027099609375,17558400,IWM,0
2006-02-21,72.75,72.93000030517578,71.8499984741211,55.158695220947266,21177400,IWM,0
2006-02-22,72.47000122070312,73.01000213623047,71.9800033569336,55.532344818115234,28699200,IWM,0
2006-02-23,72.75,73.2699966430664,72.37999725341797,55.49423599243164,38795900,IWM,0
2006-02-24,72.69000244140625,73.3499984741211,72.44999694824219,55.93655014038086,22995700,IWM,0
2006-02-27,73.41000366210938,73.87999725341797,73.31999969482422,56.08905029296875,20584000,IWM,0
2006-02-28,73.37999725341797,73.47000122070312,72.44000244140625,55.34934616088867,36395700,IWM,0
2006-03-01,72.7699966430664,73.9000015258789,72.62000274658203,56.35599136352539,26244900,IWM,0
2006-03-02,73.66000366210938,73.88999938964844,73.08999633789062,56.11954879760742,36546000,IWM,0
2006-03-03,73.20999908447266,74.13999938964844,73.1500015258789,55.837364196777344,38377600,IWM,0
2006-03-06,73.4000015258789,73.45999908447266,72.44000244140625,55.4027099609375,29340300,IWM,0
2006-03-07,72.3499984741211,72.4000015258789,71.44000244140625,54.60200500488281,38899700,IWM,0
2006-03-08,71.44999694824219,72,70.87999725341797,54.792633056640625,51662600,IWM,0
2006-03-09,71.87000274658203,72.38999938964844,71.22000122070312,54.312217712402344,31106800,IWM,0
2006-03-10,71.4000015258789,72.3499984741211,70.9800033569336,55.151058197021484,40266300,IWM,0
2006-03-13,72.5999984741211,73.08000183105469,72.19999694824219,55.265438079833984,35127000,IWM,0
2006-03-14,72.27999877929688,73.2699966430664,72.01000213623047,55.87553405761719,37978800,IWM,0
2006-03-15,73.30000305175781,73.94999694824219,73.04000091552734,56.386478424072266,31951400,IWM,0
2006-03-16,74.19999694824219,74.5,73.7699966430664,56.256813049316406,32559900,IWM,0
2006-03-17,74.12999725341797,74.30000305175781,73.69999694824219,56.485591888427734,31551600,IWM,0
2006-03-20,74.19000244140625,74.33000183105469,73.70999908447266,56.4550895690918,25640700,IWM,0
2006-03-21,74,74.5999984741211,73,55.66960906982422,44425900,IWM,0
2006-03-22,72.98999786376953,74.22000122070312,72.88999938964844,56.53135681152344,36219500,IWM,0
2006-03-23,74.02999877929688,74.44999694824219,73.75,56.775390625,25409600,IWM,0
2006-03-24,74.27999877929688,74.94000244140625,74.0999984741211,57.248531341552734,27560100,IWM,0
2006-03-27,74.80999755859375,74.94000244140625,74.41999816894531,57.25615692138672,23334000,IWM,0
2006-03-28,74.80999755859375,75.30000305175781,74.33000183105469,56.958045959472656,27179200,IWM,0
2006-03-29,74.66000366210938,75.95999908447266,74.66000366210938,58.01283264160156,33875700,IWM,0
2006-03-30,76,76.23999786376953,75.2699966430664,57.859981536865234,29733500,IWM,0
2006-03-31,75.93000030517578,76,75.33000183105469,58.06637954711914,24722400,IWM,0
2006-04-03,76.12000274658203,76.41000366210938,75.30000305175781,57.58481216430664,35542000,IWM,0
2006-04-04,75.27999877929688,75.98999786376953,75.06999969482422,57.844722747802734,30181200,IWM,0
2006-04-05,75.83000183105469,76.19999694824219,75.2699966430664,58.14278793334961,27471100,IWM,0
2006-04-06,75.94000244140625,76.2300033569336,75.55000305175781,58.265079498291016,25663700,IWM,0
2006-04-07,76.37000274658203,76.69000244140625,74.86000061035156,57.33259582519531,51457700,IWM,0
2006-04-10,75.02999877929688,75.45999908447266,74.51000213623047,57.27143478393555,39109200,IWM,0
2006-04-11,75,75.05999755859375,73.44999694824219,56.2548713684082,49801100,IWM,0
2006-04-12,73.62000274658203,74.4000015258789,73.55000305175781,56.84340286254883,40981200,IWM,0
2006-04-13,74.19999694824219,74.93000030517578,73.76000213623047,56.988643646240234,35415700,IWM,0
2006-04-17,74.62999725341797,74.93000030517578,73.9000015258789,57.026859283447266,38356100,IWM,0
2006-04-18,74.80999755859375,76.69999694824219,74.80000305175781,58.62428665161133,58648200,IWM,0
2006-04-19,76.69000244140625,77.33999633789062,76.2699966430664,59.05235290527344,44101500,IWM,0
2006-04-20,77.33000183105469,77.33000183105469,76.2300033569336,58.738956451416016,44622400,IWM,0
2006-04-21,77.2699966430664,77.3499984741211,76.26000213623047,58.60905838012695,40075800,IWM,0
2006-04-24,76.54000091552734,76.63999938964844,75.7300033569336,58.14278793334961,39232800,IWM,0
2006-04-25,76.0999984741211,76.20999908447266,75.4800033569336,58.18099594116211,42940300,IWM,0
2006-04-26,76.05999755859375,76.75,75.77999877929688,58.13516616821289,31348600,IWM,0
2006-04-27,75.5199966430664,76.66999816894531,74.88999938964844,57.653621673583984,91908800,IWM,0
2006-04-28,75.23999786376953,76.3499984741211,75.0999984741211,58.24216842651367,37918800,IWM,0
2006-05-01,76.29000091552734,76.63999938964844,75.26000213623047,57.523685455322266,44216700,IWM,0
2006-05-02,75.70999908447266,76.31999969482422,75.41000366210938,58.31095504760742,36131800,IWM,0
2006-05-03,76.23999786376953,76.51000213623047,75.69000244140625,58.21156311035156,35151900,IWM,0
2006-05-04,76.25,77.08999633789062,76.25,58.92240524291992,30351900,IWM,0
2006-05-05,77.5199966430664,78.0199966430664,77.31999969482422,59.25108337402344,37838800,IWM,0
2006-05-08,77.5199966430664,77.80999755859375,77.33000183105469,59.33510971069336,24715000,IWM,0
2006-05-09,77.56999969482422,77.79000091552734,77.3499984741211,59.25108337402344,21579600,IWM,0
2006-05-10,77.37999725341797,77.45999908447266,76.7300033569336,58.891841888427734,26824100,IWM,0
2006-05-11,77.12000274658203,77.16000366210938,75.2300033569336,57.5618896484375,46910800,IWM,0
2006-05-12,74.80999755859375,74.8499984741211,73.5,56.17844772338867,62645500,IWM,0
2006-05-15,72.94000244140625,73.70999908447266,72.3499984741211,55.92621612548828,61905600,IWM,0
2006-05-16,73.45999908447266,73.87000274658203,72.94000244140625,56.01795959472656,35594500,IWM,0
2006-05-17,72.44999694824219,73.13999938964844,71.8499984741211,54.99374771118164,76491400,IWM,0
2006-05-18,72.41999816894531,72.86000061035156,71.12999725341797,54.47396469116211,54127300,IWM,0
2006-05-19,71.38999938964844,72.18000030517578,70.58999633789062,54.95553207397461,79031200,IWM,0
2006-05-22,71.23999786376953,71.66999816894531,70.08999633789062,54.34404373168945,89895900,IWM,0
2006-05-23,71.87999725341797,72.38999938964844,70.0999984741211,53.640899658203125,73644800,IWM,0
2006-05-24,70.48999786376953,71.37000274658203,69.11000061035156,54.053619384765625,124700200,IWM,0
2006-05-25,71.5,72.27999877929688,71.04000091552734,55.19245910644531,63332000,IWM,0
2006-05-26,72.6500015258789,72.7300033569336,72.0199966430664,55.52112579345703,37483000,IWM,0
2006-05-30,72.30999755859375,72.3499984741211,70.55999755859375,53.992462158203125,46837100,IWM,0
2006-05-31,70.80999755859375,71.87000274658203,70.66999816894531,54.93258285522461,58723800,IWM,0
2006-06-01,71.87999725341797,73.33999633789062,71.6500015258789,56.00266647338867,49499200,IWM,0
2006-06-02,73.73999786376953,73.83999633789062,72.68000030517578,55.96440887451172,49690000,IWM,0
2006-06-05,73.05999755859375,73.1500015258789,70.86000061035156,54.336395263671875,66165900,IWM,0
2006-06-06,71.04000091552734,71.16000366210938,69.80999755859375,54.107112884521484,94747900,IWM,0
2006-06-07,70.81999969482422,71.81999969482422,70.01000213623047,53.57972717285156,81935900,IWM,0
2006-06-08,69.77999877929688,70.41999816894531,68,53.625587463378906,140237700,IWM,0
2006-06-09,70.55000305175781,71.0999984741211,69.41999816894531,53.15168762207031,63028400,IWM,0
2006-06-12,69.69999694824219,69.75,67.83000183105469,51.92876052856445,108263800,IWM,0
2006-06-13,67.6500015258789,68.8499984741211,66.5999984741211,50.94277572631836,139584200,IWM,0
2006-06-14,66.76000213623047,67.68000030517578,66.55000305175781,51.55424118041992,106669400,IWM,0
2006-06-15,68.04000091552734,69.97000122070312,67.91000366210938,53.319854736328125,96971100,IWM,0
2006-06-16,69.5999984741211,69.69999694824219,68.56999969482422,52.62430191040039,66852400,IWM,0
2006-06-19,69.0999984741211,69.12000274658203,67.44000244140625,51.59244155883789,71705700,IWM,0
2006-06-20,67.55999755859375,68.33000183105469,67.30999755859375,51.53131866455078,61105000,IWM,0
2006-06-21,67.37000274658203,69.05999755859375,67.25,52.433223724365234,81035400,IWM,0
2006-06-22,68.38999938964844,68.61000061035156,67.86000061035156,52.23801040649414,50947100,IWM,0
2006-06-23,68.2300033569336,69.05000305175781,67.72000122070312,52.551883697509766,42901800,IWM,0
2006-06-26,69.0199966430664,69.5,68.94999694824219,53.202537536621094,39933200,IWM,0
2006-06-27,69.54000091552734,69.83000183105469,68.0199966430664,52.2839469909668,61567100,IWM,0
2006-06-28,68.3499984741211,68.5999984741211,67.5,52.51359558105469,46405900,IWM,0
2006-06-29,68.80999755859375,71.25,68.80999755859375,54.54218673706055,96533200,IWM,0
2006-06-30,71.45999908447266,71.9000015258789,70.55000305175781,54.90965270996094,61004300,IWM,0
2006-07-03,72,72.62999725341797,71.76000213623047,55.59857177734375,22967800,IWM,0
2006-07-05,71.83999633789062,71.94999694824219,70.98999786376953,54.78715133666992,38621400,IWM,0
2006-07-06,71.70999908447266,72.19999694824219,71.16000366210938,54.7718391418457,33830700,IWM,0
2006-07-07,71.44999694824219,71.63999938964844,70.3499984741211,53.96038818359375,45330300,IWM,0
2006-07-10,70.66000366210938,71.23999786376953,70.18000030517578,53.968048095703125,40166800,IWM,0
2006-07-11,70.11000061035156,71.12000274658203,69.5999984741211,54.44266891479492,63444700,IWM,0
2006-07-12,70.77999877929688,71.08000183105469,69.58999633789062,53.31739044189453,50664800,IWM,0
2006-07-13,69.18000030517578,69.69000244140625,68.0199966430664,52.107887268066406,80467000,IWM,0
2006-07-14,68.08000183105469,68.20999908447266,66.94999694824219,51.694488525390625,79083700,IWM,0
2006-07-17,67.5999984741211,68.19999694824219,67.02999877929688,51.62562561035156,67427500,IWM,0
2006-07-18,67.81999969482422,68.25,66.62000274658203,51.97774124145508,74235300,IWM,0
2006-07-19,67.83999633789062,70,67.77999877929688,53.202537536621094,97816700,IWM,0
2006-07-20,70.04000091552734,70.37000274658203,67.62000274658203,51.83995819091797,73657100,IWM,0
2006-07-21,67.6500015258789,67.6500015258789,66.3499984741211,51.09740447998047,103313800,IWM,0
2006-07-24,67.26000213623047,68.91000366210938,67.25,52.72795104980469,72230300,IWM,0
2006-07-25,68.69999694824219,69.77999877929688,68.38999938964844,52.85808563232422,87433100,IWM,0
2006-07-26,68.93000030517578,69.5999984741211,68.12000274658203,52.74325180053711,59831300,IWM,0
2006-07-27,69.41000366210938,69.88999938964844,67.97000122070312,52.23801040649414,59015800,IWM,0
2006-07-28,68.75,69.69999694824219,68.4800033569336,53.332679748535156,62209800,IWM,0
2006-07-31,69.43000030517578,69.83000183105469,69.05999755859375,53.34034729003906,37902900,IWM,0
2006-08-01,69.16999816894531,69.2300033569336,68.18000030517578,52.50593948364258,45003700,IWM,0
2006-08-02,69.01000213623047,69.72000122070312,68.9000015258789,53.202537536621094,50137500,IWM,0
2006-08-03,68.77999877929688,70.33999633789062,68.54000091552734,53.845584869384766,49316900,IWM,0
2006-08-04,71.12999725341797,71.30999755859375,68.97000122070312,53.29441452026367,76609200,IWM,0
2006-08-07,69.37000274658203,69.4800033569336,68.73999786376953,53.087711334228516,45882400,IWM,0
2006-08-08,69.43000030517578,69.95999908447266,68.18000030517578,52.352848052978516,76243800,IWM,0
2006-08-09,68.98999786376953,69.27999877929688,67.5999984741211,51.82463455200195,58126400,IWM,0
2006-08-10,67.30999755859375,68.61000061035156,67.02999877929688,52.2839469909668,54415200,IWM,0
2006-08-11,68.05999755859375,68.06999969482422,67.2300033569336,51.74809265136719,42757200,IWM,0
2006-08-14,68.08999633789062,68.81999969482422,67.68000030517578,52.05427169799805,45029900,IWM,0
2006-08-15,69,69.44999694824219,68.69000244140625,53.14130401611328,48780200,IWM,0
2006-08-16,69.87000274658203,70.5199966430664,69.48999786376953,53.90679931640625,46160700,IWM,0
2006-08-17,70.22000122070312,71.0999984741211,70.12999725341797,53.99102783203125,44642200,IWM,0
2006-08-18,70.80000305175781,70.94000244140625,70.01000213623047,54.304874420166016,36413600,IWM,0
2006-08-21,70.4800033569336,70.48999786376953,69.8499984741211,53.723114013671875,25383500,IWM,0
2006-08-22,70.0999984741211,70.62000274658203,69.97000122070312,53.89915084838867,22657900,IWM,0
2006-08-23,70.5,70.80000305175781,69.19999694824219,53.279090881347656,37109000,IWM,0
2006-08-24,69.72000122070312,69.87000274658203,68.91000366210938,53.187225341796875,32255600,IWM,0
2006-08-25,69.37999725341797,70.08999633789062,69.2300033569336,53.279090881347656,22449400,IWM,0
2006-08-28,69.54000091552734,70.47000122070312,69.5199966430664,53.845584869384766,26650300,IWM,0
2006-08-29,70.51000213623047,71.25,69.87999725341797,54.54218673706055,53031100,IWM,0
2006-08-30,71.30999755859375,72,71.04000091552734,54.96321487426758,43890900,IWM,0
2006-08-31,71.95999908447266,72.23999786376953,71.56999969482422,54.94023895263672,33830000,IWM,0
2006-09-01,72.08000183105469,72.19999694824219,71.45999908447266,54.978511810302734,24118200,IWM,0
2006-09-05,71.93000030517578,72.5199966430664,71.69999694824219,55.476104736328125,38075100,IWM,0
2006-09-06,71.91999816894531,71.93000030517578,70.83999633789062,54.29722213745117,39718500,IWM,0
2006-09-07,70.52999877929688,71.12000274658203,70.05999755859375,53.814971923828125,44611800,IWM,0
2006-09-08,70.52999877929688,70.68000030517578,70.16999816894531,54.02162551879883,27806500,IWM,0
2006-09-11,70.12999725341797,70.83999633789062,69.6500015258789,53.9527473449707,49544600,IWM,0
2006-09-12,70.63999938964844,72.29000091552734,70.58000183105469,55.223487854003906,43200800,IWM,0
2006-09-13,72.16000366210938,72.87999725341797,72,55.69044876098633,35612000,IWM,0
2006-09-14,72.47000122070312,72.58999633789062,72.01000213623047,55.49140167236328,33680200,IWM,0
2006-09-15,73,73.0199966430664,72.16999816894531,55.621543884277344,40826200,IWM,0
2006-09-18,72.3499984741211,73.06999969482422,72.13999938964844,55.60624313354492,37907200,IWM,0
2006-09-19,72.70999908447266,72.73999786376953,71.1500015258789,55.36127471923828,64200600,IWM,0
2006-09-20,72.79000091552734,73.5,72.7300033569336,56.10383224487305,54786800,IWM,0
2006-09-21,73.3499984741211,73.56999969482422,72.08999633789062,55.499061584472656,68561500,IWM,0
2006-09-22,72.16000366210938,72.18000030517578,71.05999755859375,54.76416778564453,59289900,IWM,0
2006-09-25,71.77999877929688,72.6500015258789,71.11000061035156,55.41484832763672,61688400,IWM,0
2006-09-26,72.13999938964844,72.75,71.95999908447266,55.59225082397461,42739700,IWM,0
2006-09-27,72.20999908447266,72.98999786376953,72.19999694824219,55.99927520751953,49884200,IWM,0
2006-09-28,72.9800033569336,73.27999877929688,72.25,55.776554107666016,35641100,IWM,0
2006-09-29,72.70999908447266,72.98999786376953,71.93000030517578,55.29277420043945,33558300,IWM,0
2006-10-02,71.97000122070312,72.20999908447266,71.13999938964844,54.77056121826172,42184900,IWM,0
2006-10-03,71.25,71.83000183105469,70.68000030517578,54.693748474121094,45911000,IWM,0
2006-10-04,71.19000244140625,72.94999694824219,71.08999633789062,56.0223274230957,51122100,IWM,0
2006-10-05,72.87000274658203,73.9000015258789,72.8499984741211,56.73651123046875,48038000,IWM,0
2006-10-06,73.61000061035156,73.86000061035156,73,56.4446907043457,34893700,IWM,0
2006-10-09,73.36000061035156,74.13999938964844,73.05999755859375,56.8747444152832,25997000,IWM,0
2006-10-10,74.0999984741211,74.36000061035156,73.63999938964844,56.90545654296875,32950800,IWM,0
2006-10-11,73.77999877929688,74.29000091552734,73.11000061035156,56.682762145996094,52430000,IWM,0
2006-10-12,74.08000183105469,75.38999938964844,74.08000183105469,57.82699966430664,40618400,IWM,0
2006-10-13,75.30000305175781,75.91000366210938,75.12999725341797,58.287776947021484,45517000,IWM,0
2006-10-16,75.87999725341797,76.54000091552734,75.69000244140625,58.63335418701172,46458400,IWM,0
2006-10-17,75.94000244140625,76.23999786376953,75.3499984741211,58.3415412902832,48733400,IWM,0
2006-10-18,76.5199966430664,76.80000305175781,75.5999984741211,58.3492317199707,44694800,IWM,0
2006-10-19,75.7300033569336,76.4000015258789,75.58000183105469,58.63335418701172,43889000,IWM,0
2006-10-20,76.37000274658203,76.41000366210938,75.4800033569336,58.05738830566406,39507600,IWM,0
2006-10-23,75.3499984741211,76.27999877929688,75.08999633789062,58.17258834838867,38995800,IWM,0
2006-10-24,75.51000213623047,75.94999694824219,75.33999633789062,58.287776947021484,30504800,IWM,0
2006-10-25,75.7300033569336,76.45999908447266,75.4800033569336,58.67173767089844,51574000,IWM,0
2006-10-26,76.63999938964844,77.1500015258789,75.87000274658203,59.16325378417969,49379500,IWM,0
2006-10-27,76.88999938964844,77.11000061035156,75.94000244140625,58.47209167480469,51799300,IWM,0
2006-10-30,75.77999877929688,76.70999908447266,75.52999877929688,58.725521087646484,51246800,IWM,0
2006-10-31,76.5999984741211,76.79000091552734,75.69999694824219,58.54118728637695,46092200,IWM,0
2006-11-01,76.44999694824219,76.58000183105469,74.58000183105469,57.27412033081055,47212200,IWM,0
2006-11-02,74.11000061035156,74.9000015258789,74.0999984741211,57.18961715698242,47585300,IWM,0
2006-11-03,74.81999969482422,75.23999786376953,74.20999908447266,57.4660758972168,49053800,IWM,0
2006-11-06,75.20999908447266,76.08000183105469,75,58.134185791015625,47702600,IWM,0
2006-11-07,75.83000183105469,76.83000183105469,75.7699966430664,58.518157958984375,49200600,IWM,0
2006-11-08,75.61000061035156,76.80000305175781,75.41000366210938,58.81763458251953,52411800,IWM,0
2006-11-09,76.73999786376953,76.80000305175781,75.33000183105469,58.28010559082031,49553600,IWM,0
2006-11-10,75.7699966430664,76.56999969482422,75.61000061035156,58.763893127441406,43722400,IWM,0
2006-11-13,76.43000030517578,76.98999786376953,76.19999694824219,58.8483772277832,39373200,IWM,0
2006-11-14,76.91000366210938,78.11000061035156,76.43000030517578,59.9849853515625,68600600,IWM,0
2006-11-15,78.1500015258789,79.01000213623047,77.9800033569336,60.43803787231445,65076400,IWM,0
2006-11-16,79.0999984741211,79.11000061035156,78.37999725341797,60.39198303222656,49327900,IWM,0
2006-11-17,78.3499984741211,78.61000061035156,77.83999633789062,60.35358810424805,35969400,IWM,0
2006-11-20,78.3499984741211,78.8499984741211,78.11000061035156,60.43803787231445,48400400,IWM,0
2006-11-21,78.69000244140625,78.87000274658203,78.30999755859375,60.53790283203125,40727000,IWM,0
2006-11-22,78.97000122070312,79.11000061035156,78.55999755859375,60.607017517089844,33281900,IWM,0
2006-11-24,78.37000274658203,79.02999877929688,78.2300033569336,60.33050537109375,17933400,IWM,0
2006-11-27,78.51000213623047,78.54000091552734,76.72000122070312,58.97893142700195,72824600,IWM,0
2006-11-28,76.58999633789062,77.16000366210938,76.29000091552734,59.178611755371094,59174400,IWM,0
2006-11-29,77.5199966430664,78.20999908447266,77.30000305175781,59.9465217590332,53282800,IWM,0
2006-11-30,77.9000015258789,78.5999984741211,77.5,59.954227447509766,58605000,IWM,0
2006-12-01,78.1500015258789,78.37000274658203,76.8499984741211,59.73154067993164,87109800,IWM,0
2006-12-04,77.95999908447266,79.33000183105469,77.93000030517578,60.914180755615234,54369200,IWM,0
2006-12-05,79.4000015258789,79.76000213623047,79.06999969482422,60.96024703979492,39558600,IWM,0
2006-12-06,79.19999694824219,79.48999786376953,78.79000091552734,60.7529296875,37810400,IWM,0
2006-12-07,79.29000091552734,79.51000213623047,78.66000366210938,60.49180603027344,39544100,IWM,0
2006-12-08,78.62000274658203,79.33999633789062,78.16000366210938,60.49944305419922,43109600,IWM,0
2006-12-11,78.80000305175781,79.18000030517578,78.54000091552734,60.653053283691406,35233200,IWM,0
2006-12-12,78.94000244140625,79.0199966430664,77.88999938964844,60.32285690307617,47917600,IWM,0
2006-12-13,78.91000366210938,79,78.1500015258789,60.399662017822266,47296600,IWM,0
2006-12-14,78.62000274658203,79.58999633789062,78.55999755859375,60.64540481567383,52286200,IWM,0
2006-12-15,79.30000305175781,79.5,78.80999755859375,60.59162902832031,38923800,IWM,0
2006-12-18,79.05999755859375,79.20999908447266,77.62999725341797,59.83135223388672,47013800,IWM,0
2006-12-19,77.44999694824219,78.11000061035156,77.0999984741211,59.79300308227539,54066400,IWM,0
2006-12-20,77.62000274658203,78.26000213623047,77.62000274658203,60.13926315307617,43288200,IWM,0
2006-12-21,77.98999786376953,78.3499984741211,77.30999755859375,59.861610412597656,49951400,IWM,0
2006-12-22,77.58999633789062,77.75,77.05000305175781,59.46830368041992,31230400,IWM,0
2006-12-26,77.33000183105469,78.22000122070312,77.30000305175781,60.31663513183594,21798200,IWM,0
2006-12-27,78.37000274658203,79.16999816894531,78.3499984741211,61.03386306762695,39294000,IWM,0
2006-12-28,79.02999877929688,79.27999877929688,78.6500015258789,60.756195068359375,28257400,IWM,0
2006-12-29,78.66000366210938,78.98999786376953,77.98999786376953,60.17781066894531,30795200,IWM,0
2007-01-03,78.68000030517578,79.12000274658203,77.22000122070312,60.27810287475586,54095400,IWM,0
2007-01-04,77.88999938964844,78.58999633789062,77.27999877929688,60.44000244140625,45577600,IWM,0
2007-01-05,78.0199966430664,78.37000274658203,76.69999694824219,59.17525100708008,57486800,IWM,0
2007-01-08,76.94999694824219,77.30000305175781,76.2300033569336,58.9438591003418,46117200,IWM,0
2007-01-09,77.12000274658203,77.30999755859375,76.19000244140625,59.499168395996094,62791800,IWM,0
2007-01-10,76.76000213623047,77.75,76.56999969482422,59.96186447143555,49239300,IWM,0
2007-01-11,77.45999908447266,78.54000091552734,77.4000015258789,60.3320426940918,49188300,IWM,0
2007-01-12,78.26000213623047,79.05000305175781,78.12999725341797,60.91044998168945,28392800,IWM,0
2007-01-16,79.20999908447266,79.36000061035156,78.30000305175781,60.5017204284668,33914700,IWM,0
2007-01-17,78.22000122070312,78.77999877929688,78.11000061035156,60.239540100097656,27481200,IWM,0
2007-01-18,78.12999725341797,78.12999725341797,77.0199966430664,59.73822021484375,55936200,IWM,0
2007-01-19,77.04000091552734,77.95999908447266,76.87000274658203,59.9695930480957,49715800,IWM,0
2007-01-22,77.81999969482422,77.83000183105469,76.91000366210938,59.529991149902344,46305200,IWM,0
2007-01-23,77.04000091552734,78.27999877929688,77,60.092979431152344,47783000,IWM,0
2007-01-24,78.01000213623047,78.81999969482422,77.94000244140625,60.74848556518555,30401400,IWM,0
2007-01-25,78.70999908447266,78.94999694824219,77.52999877929688,59.985008239746094,57289400,IWM,0
2007-01-26,77.98999786376953,78.31999969482422,77.16000366210938,60.20866012573242,56630200,IWM,0
2007-01-29,78.12000274658203,78.94000244140625,78.02999877929688,60.73305892944336,59602200,IWM,0
2007-01-30,78.88999938964844,79.3499984741211,78.51000213623047,61.064697265625,33830600,IWM,0
2007-01-31,79.05999755859375,79.7699966430664,78.62999725341797,61.195823669433594,54267500,IWM,0
2007-02-01,79.66999816894531,80.25,79.54000091552734,61.851341247558594,50571100,IWM,0
2007-02-02,80.4000015258789,80.44999694824219,80.0199966430664,61.88991165161133,26512600,IWM,0
2007-02-05,80.22000122070312,80.47000122070312,79.87000274658203,61.8821907043457,30893400,IWM,0
2007-02-06,80.26000213623047,80.45999908447266,79.79000091552734,62.036460876464844,31445600,IWM,0
2007-02-07,80.55000305175781,81.20999908447266,80.27999877929688,62.60715103149414,30708600,IWM,0
2007-02-08,80.87000274658203,81.13999938964844,80.58000183105469,62.50687026977539,25417000,IWM,0
2007-02-09,80.9800033569336,81.1500015258789,79.69999694824219,61.936187744140625,52164700,IWM,0
2007-02-12,80.27999877929688,80.30000305175781,79.5999984741211,61.766510009765625,39561300,IWM,0
2007-02-13,80.2300033569336,80.68000030517578,79.58999633789062,62.22153091430664,41995800,IWM,0
2007-02-14,80.7300033569336,81.29000091552734,80.5199966430664,62.31403350830078,64326000,IWM,0
2007-02-15,80.70999908447266,81.19000244140625,80.55999755859375,62.36032485961914,44086000,IWM,0
2007-02-16,80.72000122070312,81.2699966430664,80.33999633789062,62.59943771362305,42160800,IWM,0
2007-02-20,81,82.16000366210938,80.0999984741211,63.200965881347656,71903200,IWM,0
2007-02-21,81.6500015258789,82.48999786376953,81.52999877929688,63.316646575927734,39549600,IWM,0
2007-02-22,82.25,82.44999694824219,81.62999725341797,63.540287017822266,58815900,IWM,0
2007-02-23,82.26000213623047,82.30999755859375,81.66000366210938,63.200965881347656,57987800,IWM,0
2007-02-26,82.31999969482422,82.41000366210938,81.19000244140625,63.15470886230469,78736400,IWM,0
2007-02-27,80.36000061035156,80.94000244140625,77.47000122070312,60.193214416503906,136636000,IWM,0
2007-02-28,78.37000274658203,79.22000122070312,77.51000213623047,60.79478454589844,97620200,IWM,0
2007-03-01,77.47000122070312,79.0999984741211,76.75,60.47858810424805,97674800,IWM,0
2007-03-02,78.18000030517578,78.37999725341797,76.75,59.27546691894531,96274500,IWM,0
2007-03-05,76.08999633789062,77.29000091552734,75.1500015258789,57.972110748291016,122207900,IWM,0
2007-03-06,76.26000213623047,77.70999908447266,76.19000244140625,59.55313491821289,94041400,IWM,0
2007-03-07,77.30000305175781,77.62000274658203,76.80000305175781,59.360321044921875,55408800,IWM,0
2007-03-08,77.7300033569336,78.18000030517578,77.08000183105469,59.80760955810547,76876500,IWM,0
2007-03-09,78.18000030517578,78.27999877929688,77.41999816894531,60.293487548828125,69129900,IWM,0
2007-03-12,78.01000213623047,78.51000213623047,77.75,60.46315383911133,35945400,IWM,0
2007-03-13,77.83999633789062,78.05999755859375,76.26000213623047,58.91301345825195,96417200,IWM,0
2007-03-14,76.41000366210938,77.27999877929688,75.52999877929688,59.537681579589844,129087500,IWM,0
2007-03-15,77.12000274658203,77.91999816894531,77.12000274658203,60.00044250488281,84037300,IWM,0
2007-03-16,77.80999755859375,78.05999755859375,76.54000091552734,59.591705322265625,77107100,IWM,0
2007-03-19,77.83000183105469,78.4800033569336,77.80999755859375,60.3320426940918,56720800,IWM,0
2007-03-20,78.19000244140625,78.9000015258789,77.95999908447266,60.810203552246094,46527300,IWM,0
2007-03-21,78.95999908447266,81.12000274658203,78.7300033569336,61.90532684326172,77517600,IWM,0
2007-03-22,80.55999755859375,80.5999984741211,79.91000366210938,61.90532684326172,40940200,IWM,0
2007-03-23,80.2300033569336,80.41999816894531,80.05000305175781,62.001129150390625,37200500,IWM,0
2007-03-26,80.31999969482422,80.4800033569336,79.4800033569336,61.86977767944336,46665700,IWM,0
2007-03-27,80.01000213623047,80.06999969482422,79.3499984741211,61.583919525146484,40734900,IWM,0
2007-03-28,79.22000122070312,79.5,78.61000061035156,61.15888595581055,67939400,IWM,0
2007-03-29,79.69000244140625,79.76000213623047,78.48999786376953,61.23617935180664,49841400,IWM,0
2007-03-30,79.36000061035156,80.05999755859375,78.7300033569336,61.39070129394531,54280000,IWM,0
2007-04-02,79.61000061035156,79.7699966430664,79.1500015258789,61.54527282714844,36558700,IWM,0
2007-04-03,80.06999969482422,80.7699966430664,80,62.20204544067383,44410200,IWM,0
2007-04-04,80.4800033569336,80.58999633789062,80,62.19431686401367,35754200,IWM,0
2007-04-05,80.44999694824219,80.80999755859375,80.3499984741211,62.15570068359375,24666800,IWM,0
2007-04-09,80.77999877929688,80.83000183105469,80.31999969482422,62.24068069458008,38545000,IWM,0
2007-04-10,80.5,81.05999755859375,80.37999725341797,62.43385696411133,48521000,IWM,0
2007-04-11,80.87000274658203,80.9000015258789,79.80000305175781,62.04750442504883,59019200,IWM,0
2007-04-12,80.08999633789062,80.91999816894531,79.66999816894531,62.464786529541016,45075400,IWM,0
2007-04-13,80.94999694824219,81.4000015258789,80.52999877929688,62.86656951904297,31467000,IWM,0
2007-04-16,81.80999755859375,82.56999969482422,81.80000305175781,63.731971740722656,43967100,IWM,0
2007-04-17,82.61000061035156,82.62999725341797,81.94000244140625,63.538795471191406,51536000,IWM,0
2007-04-18,81.91000366210938,82.22000122070312,81.66000366210938,63.16790008544922,48993700,IWM,0
2007-04-19,81.13999938964844,81.83000183105469,80.80000305175781,62.86656951904297,69360400,IWM,0
2007-04-20,81.95999908447266,82.37999725341797,81.76000213623047,63.600616455078125,68702200,IWM,0
2007-04-23,82.20999908447266,82.51000213623047,81.87999725341797,63.53108215332031,34858200,IWM,0
2007-04-24,82.2699966430664,82.3499984741211,81.37000274658203,63.50017547607422,56640600,IWM,0
2007-04-25,82.54000091552734,82.93000030517578,81.97000122070312,63.67790985107422,51964600,IWM,0
2007-04-26,82.44999694824219,83.16999816894531,81.97000122070312,64.03334045410156,47381600,IWM,0
2007-04-27,82.5199966430664,82.63999938964844,82.0199966430664,63.76288604736328,56761000,IWM,0
2007-04-30,82.47000122070312,82.5199966430664,80.72000122070312,62.38750076293945,86447400,IWM,0
2007-05-01,80.98999786376953,81.16000366210938,80.12999725341797,62.642486572265625,88311800,IWM,0
2007-05-02,81.06999969482422,82.44000244140625,80.91999816894531,63.47700881958008,49850600,IWM,0
2007-05-03,82.20999908447266,82.56999969482422,81.97000122070312,63.59292984008789,57008800,IWM,0
2007-05-04,82.48999786376953,82.87000274658203,82.1500015258789,63.99470138549805,47940900,IWM,0
2007-05-07,82.69999694824219,83,82.47000122070312,63.80926513671875,40421400,IWM,0
2007-05-08,82.19000244140625,82.62000274658203,81.54000091552734,63.585201263427734,59329800,IWM,0
2007-05-09,82,83.2300033569336,81.94999694824219,63.84014892578125,66106100,IWM,0
2007-05-10,82.31999969482422,82.41999816894531,81.25,63.05202865600586,92481400,IWM,0
2007-05-11,81.75,82.44999694824219,81.6500015258789,63.623783111572266,57249600,IWM,0
2007-05-14,82.29000091552734,82.58999633789062,81.45999908447266,63.06745910644531,71975000,IWM,0
2007-05-15,81.62000274658203,82.27999877929688,80.77999877929688,62.56516647338867,115258700,IWM,0
2007-05-16,81.0999984741211,81.5,80.45999908447266,62.90522766113281,95727600,IWM,0
2007-05-17,81.30000305175781,81.41000366210938,80.70999908447266,62.41840362548828,71780400,IWM,0
2007-05-18,81.19000244140625,82.05000305175781,80.77999877929688,63.15247344970703,80552700,IWM,0
2007-05-21,81.7300033569336,83.2300033569336,81.6500015258789,63.94834899902344,148866800,IWM,0
2007-05-22,82.80999755859375,83.63999938964844,82.62000274658203,64.34242248535156,69634200,IWM,0
2007-05-23,83.55000305175781,84.0999984741211,82.97000122070312,64.17243957519531,59384400,IWM,0
2007-05-24,82.9800033569336,83.55999755859375,81.55999755859375,63.3301887512207,89560000,IWM,0
2007-05-25,82.23999786376953,82.70999908447266,82.04000091552734,63.739707946777344,44083500,IWM,0
2007-05-29,82.77999877929688,83.38999938964844,82.72000122070312,64.32696533203125,59397200,IWM,0
2007-05-30,82.63999938964844,83.8499984741211,82.43000030517578,64.7596435546875,64383000,IWM,0
2007-05-31,83.98999786376953,84.44999694824219,83.77999877929688,65.11511993408203,68767400,IWM,0
2007-06-01,84.54000091552734,85.16999816894531,84.19000244140625,65.44734191894531,71003000,IWM,0
2007-06-04,84.48999786376953,84.97000122070312,84.33999633789062,65.51691436767578,52419900,IWM,0
2007-06-05,84.58999633789062,84.72000122070312,83.83000183105469,65.25418853759766,84623400,IWM,0
2007-06-06,83.80000305175781,83.80999755859375,83,64.52784729003906,95052800,IWM,0
2007-06-07,83.26000213623047,83.44999694824219,81.77999877929688,63.19110107421875,113824100,IWM,0
2007-06-08,81.87000274658203,83.13999938964844,81.66000366210938,64.01787567138672,86239400,IWM,0
2007-06-11,82.73999786376953,83.2699966430664,82.33000183105469,64.03334045410156,68082100,IWM,0
2007-06-12,82.33000183105469,82.83000183105469,81.41000366210938,62.974735260009766,115376300,IWM,0
2007-06-13,81.88999938964844,82.97000122070312,81.73999786376953,63.81697463989258,118706700,IWM,0
2007-06-14,82.87999725341797,83.66999816894531,82.87999725341797,64.39651489257812,79451800,IWM,0
2007-06-15,84.29000091552734,84.69000244140625,84.05999755859375,65.16148376464844,83706500,IWM,0
2007-06-18,84.58000183105469,84.62000274658203,83.69999694824219,65.03780364990234,60117800,IWM,0
2007-06-19,83.80999755859375,84.51000213623047,83.48999786376953,65.20780181884766,65541300,IWM,0
2007-06-20,84.58000183105469,84.66000366210938,82.93000030517578,64.07970428466797,86929200,IWM,0
2007-06-21,82.81999969482422,83.58999633789062,82.31999969482422,64.58193969726562,97110200,IWM,0
2007-06-22,83.36000061035156,83.4800033569336,82.30000305175781,64.07195281982422,93984100,IWM,0
2007-06-25,82.68000030517578,83.44999694824219,82,63.739707946777344,108393200,IWM,0
2007-06-26,82.83999633789062,82.93000030517578,81.73999786376953,63.26834487915039,91436900,IWM,0
2007-06-27,81.62999725341797,83.6500015258789,81.5,64.58966827392578,127640800,IWM,0
2007-06-28,83.41000366210938,84.19000244140625,83.30000305175781,64.58116912841797,87866200,IWM,0
2007-06-29,83.77999877929688,84.19000244140625,82.66000366210938,64.1785888671875,110203200,IWM,0
2007-07-02,83.37999725341797,84.08999633789062,83.25,65.0069580078125,56318400,IWM,0
2007-07-03,84.12000274658203,84.51000213623047,84.02999877929688,65.31664276123047,34591600,IWM,0
2007-07-05,84.44999694824219,84.66999816894531,83.86000061035156,65.42501068115234,47326500,IWM,0
2007-07-06,84.55999755859375,84.93000030517578,84.05999755859375,65.64952087402344,40975100,IWM,0
2007-07-09,84.95999908447266,85.73999786376953,84.41999816894531,65.58760833740234,56954300,IWM,0
2007-07-10,84.2699966430664,84.87999725341797,83.20999908447266,64.51148986816406,101069100,IWM,0
2007-07-11,83.16999816894531,83.87000274658203,82.9000015258789,64.89856719970703,82880600,IWM,0
2007-07-12,84.16000366210938,85.0999984741211,84.02999877929688,65.66497039794922,71638400,IWM,0
2007-07-13,84.9000015258789,85.19999694824219,84.62999725341797,65.72692108154297,43138400,IWM,0
2007-07-16,84.88999938964844,85.16000366210938,84.22000122070312,65.40177154541016,77268800,IWM,0
2007-07-17,84.62000274658203,85.05999755859375,84.45999908447266,65.44827270507812,57654400,IWM,0
2007-07-18,84.06999969482422,84.33000183105469,83.08999633789062,65.23917388916016,97201600,IWM,0
2007-07-19,84.75,84.94999694824219,84.47000122070312,65.42501068115234,61461700,IWM,0
2007-07-20,84.37999725341797,84.7699966430664,82.58999633789062,64.44955444335938,154037700,IWM,0
2007-07-23,83.62999725341797,83.8499984741211,82.94000244140625,64.20955657958984,67737500,IWM,0
2007-07-24,82.0999984741211,82.19999694824219,80.48999786376953,62.70766067504883,158240800,IWM,0
2007-07-25,81.45999908447266,81.7699966430664,79.83000183105469,62.47541046142578,164307600,IWM,0
2007-07-26,79.20999908447266,80.86000061035156,77.55000305175781,60.80322265625,244724700,IWM,0
2007-07-27,78.3499984741211,79.19999694824219,76.43000030517578,59.32453155517578,202037300,IWM,0
2007-07-30,77.30999755859375,78.41999816894531,76.55000305175781,60.35419845581055,149169600,IWM,0
2007-07-31,78.93000030517578,79.1500015258789,76.73999786376953,59.68844985961914,187777400,IWM,0
2007-08-01,76.87000274658203,77.95999908447266,76.11000061035156,60.01356506347656,185942500,IWM,0
2007-08-02,77.94000244140625,78.5,77.30000305175781,60.48580551147461,105762800,IWM,0
2007-08-03,78.01000213623047,78.20999908447266,74.95999908447266,58.3336067199707,158340000,IWM,0
2007-08-06,75.62000274658203,76.43000030517578,73.91999816894531,58.860069274902344,208307700,IWM,0
2007-08-07,75.87999725341797,77.66999816894531,75.5,59.76579666137695,179153900,IWM,0
2007-08-08,77.88999938964844,80.0999984741211,77.81999969482422,61.5618896484375,259607000,IWM,0
2007-08-09,77.6500015258789,79.41000366210938,77.5999984741211,60.145172119140625,204699000,IWM,0
2007-08-10,76.91000366210938,79.7699966430664,76.43000030517578,60.43159484863281,267042500,IWM,0
2007-08-13,79.38999938964844,79.95999908447266,77.52999877929688,60.10647201538086,116492000,IWM,0
2007-08-14,77.97000122070312,78.18000030517578,75.94000244140625,59.07681655883789,113169000,IWM,0
2007-08-15,75.97000122070312,77.4000015258789,74.73999786376953,58.217498779296875,145850300,IWM,0
2007-08-16,74.66999816894531,76.93000030517578,73.23999786376953,59.510353088378906,347851600,IWM,0
2007-08-17,79.20999908447266,80.05999755859375,76.58999633789062,60.70256805419922,215542300,IWM,0
2007-08-20,78.66999816894531,79.06999969482422,77.47000122070312,60.7490348815918,126893400,IWM,0
2007-08-21,78.47000122070312,79.08999633789062,78,60.919349670410156,92754900,IWM,0
2007-08-22,79.37999725341797,79.79000091552734,78.93000030517578,61.647056579589844,70351700,IWM,0
2007-08-23,79.94999694824219,80.12000274658203,78.30999755859375,60.857418060302734,105471500,IWM,0
2007-08-24,78.58000183105469,79.69999694824219,78.36000061035156,61.647056579589844,64735000,IWM,0
2007-08-27,79.36000061035156,79.47000122070312,78.48999786376953,60.79545593261719,60380700,IWM,0
2007-08-28,78.08000183105469,78.19000244140625,76.4000015258789,59.26264953613281,86275800,IWM,0
2007-08-29,76.9800033569336,78.55999755859375,76.7699966430664,60.81869125366211,70723200,IWM,0
2007-08-30,77.62000274658203,78.94999694824219,77.5,60.40839385986328,63330500,IWM,0
2007-08-31,79.13999938964844,79.33000183105469,78.30999755859375,60.958045959472656,47035900,IWM,0
2007-09-04,78.68000030517578,80.31999969482422,78.58000183105469,61.73994827270508,61375400,IWM,0
2007-09-05,79.27999877929688,79.80000305175781,78.45999908447266,61.167091369628906,67145300,IWM,0
2007-09-06,79.06999969482422,79.37000274658203,78.19999694824219,61.18258285522461,65069100,IWM,0
2007-09-07,77.7699966430664,77.93000030517578,76.98999786376953,60.17613983154297,107970400,IWM,0
2007-09-10,77.91000366210938,77.95999908447266,75.62000274658203,59.34003829956055,99748500,IWM,0
2007-09-11,77.18000030517578,78.05999755859375,77.04000091552734,60.37742233276367,84890600,IWM,0
2007-09-12,77.66999816894531,78.16000366210938,77.37999725341797,59.99809265136719,62793300,IWM,0
2007-09-13,78.0199966430664,78.52999877929688,77.16999816894531,60.145172119140625,72390100,IWM,0
2007-09-14,76.9000015258789,78.27999877929688,76.77999877929688,60.454837799072266,61830800,IWM,0
2007-09-17,77.87999725341797,78.12000274658203,77.19000244140625,59.78907012939453,53416800,IWM,0
2007-09-18,77.80999755859375,80.5999984741211,77.23999786376953,62.33608627319336,138693800,IWM,0
2007-09-19,81.2699966430664,82.0999984741211,77.26000213623047,63.17219543457031,114738300,IWM,0
2007-09-20,81.5,81.54000091552734,80.25,62.54512023925781,128460700,IWM,0
2007-09-21,81.27999877929688,81.55999755859375,80.86000061035156,62.676700592041016,57473900,IWM,0
2007-09-24,81.0999984741211,81.37000274658203,80.08999633789062,62.19670486450195,87072300,IWM,0
2007-09-25,79.63999938964844,80.06999969482422,79.27999877929688,61.944488525390625,54940900,IWM,0
2007-09-26,80.5,80.91999816894531,79.81999969482422,62.487735748291016,65425300,IWM,0
2007-09-27,80.93000030517578,81.08000183105469,80.52999877929688,62.86023712158203,63248800,IWM,0
2007-09-28,80.97000122070312,81.25,79.93000030517578,62.11522674560547,90453200,IWM,0
2007-10-01,80.12999725341797,82.23999786376953,80.12999725341797,63.659576416015625,98833600,IWM,0
2007-10-02,82.30000305175781,82.87000274658203,82.18000030517578,64.07089233398438,53654700,IWM,0
2007-10-03,82.31999969482422,82.76000213623047,81.95999908447266,63.892459869384766,56474400,IWM,0
2007-10-04,82.55999755859375,82.72000122070312,81.98999786376953,63.99327087402344,35783300,IWM,0
2007-10-05,83.47000122070312,84.41999816894531,82.9800033569336,65.289306640625,92101800,IWM,0
2007-10-08,83.91000366210938,84.18000030517578,83.25,64.80038452148438,34535400,IWM,0
2007-10-09,83.93000030517578,84.33000183105469,83.30000305175781,65.32809448242188,57974000,IWM,0
2007-10-10,84.04000091552734,84.2300033569336,83.44000244140625,65.27376556396484,50123200,IWM,0
2007-10-11,84.58999633789062,84.88999938964844,82.66000366210938,64.53649139404297,93750000,IWM,0
2007-10-12,83.27999877929688,84.08000183105469,83.20999908447266,65.0486831665039,60997500,IWM,0
2007-10-15,83.80000305175781,83.87000274658203,82.02999877929688,64.29594421386719,80770400,IWM,0
2007-10-16,82.37000274658203,84.18000030517578,81.87999725341797,63.55867385864258,59345400,IWM,0
2007-10-17,82.80000305175781,82.91999816894531,81.05999755859375,63.80702590942383,90253500,IWM,0
2007-10-18,81.68000030517578,82.38999938964844,81.38999938964844,63.65179443359375,68562200,IWM,0
2007-10-19,81.91000366210938,82.12000274658203,79,61.377986907958984,128571100,IWM,0
2007-10-22,78.54000091552734,80.94000244140625,78.3499984741211,62.67395782470703,138153000,IWM,0
2007-10-23,81.41000366210938,81.54000091552734,80.19000244140625,63.155113220214844,84843000,IWM,0
2007-10-24,80.87000274658203,81.16999816894531,79.11000061035156,62.75159454345703,126810300,IWM,0
2007-10-25,81.08000183105469,81.5,79.58999633789062,62.59640121459961,116690000,IWM,0
2007-10-26,81.37000274658203,82.01000213623047,80.47000122070312,63.6440544128418,79290000,IWM,0
2007-10-29,82.22000122070312,82.44000244140625,81.38999938964844,63.57420349121094,56217000,IWM,0
2007-10-30,81.51000213623047,81.95999908447266,80.95999908447266,63.06975555419922,59967000,IWM,0
2007-10-31,81.62999725341797,82.80000305175781,80.7699966430664,63.88460922241211,107684000,IWM,0
2007-11-01,81.37000274658203,81.4000015258789,79,61.41679382324219,171158000,IWM,0
2007-11-02,80.0999984741211,80.12999725341797,78.3499984741211,61.71944046020508,130182000,IWM,0
2007-11-05,78.44000244140625,79.2300033569336,78.05000305175781,60.904571533203125,98542900,IWM,0
2007-11-06,78.98999786376953,80,78.02999877929688,62.05316162109375,94974000,IWM,0
2007-11-07,78.9000015258789,79.12000274658203,77.16999816894531,60.128543853759766,112492300,IWM,0
2007-11-08,78.12999725341797,78.16000366210938,75.81999969482422,60.30703353881836,120883000,IWM,0
2007-11-09,76.73999786376953,77.75,76.12999725341797,59.63961410522461,104492000,IWM,0
2007-11-12,76.88999938964844,78.11000061035156,76.02999877929688,59.06536102294922,106800000,IWM,0
2007-11-13,77.18000030517578,78.73999786376953,77.12999725341797,60.92011260986328,105192100,IWM,0
2007-11-14,79.16999816894531,79.2300033569336,77.5999984741211,60.570892333984375,76347400,IWM,0
2007-11-15,77.62000274658203,77.88999938964844,76.23999786376953,59.70944595336914,114145000,IWM,0
2007-11-16,77.31999969482422,77.36000061035156,75.54000091552734,59.205047607421875,123470600,IWM,0
2007-11-19,75.88999938964844,76.04000091552734,74.31999969482422,57.924556732177734,116186400,IWM,0
2007-11-20,74.69999694824219,75.55999755859375,73.3499984741211,58.258243560791016,129813600,IWM,0
2007-11-21,74.55999755859375,74.69999694824219,73,57.03985595703125,94961400,IWM,0
2007-11-23,74.36000061035156,76,74.11000061035156,58.250457763671875,50849400,IWM,0
2007-11-26,75.3499984741211,75.62000274658203,72.98999786376953,56.72944259643555,96764900,IWM,0
2007-11-27,73.55000305175781,74.4000015258789,73.16000366210938,57.38908767700195,80871400,IWM,0
2007-11-28,74.91000366210938,76.88999938964844,74.86000061035156,59.6551399230957,112697000,IWM,0
2007-11-29,76.58000183105469,76.95999908447266,75.91000366210938,59.1429557800293,57418400,IWM,0
2007-11-30,77.43000030517578,77.94999694824219,76.1500015258789,59.484413146972656,84981400,IWM,0
2007-12-03,76.55000305175781,76.75,75.69999694824219,58.78598403930664,61964100,IWM,0
2007-12-04,75.0199966430664,75.55999755859375,74.55999755859375,58.165122985839844,57670000,IWM,0
2007-12-05,76.19000244140625,76.62000274658203,75.5199966430664,59.32145309448242,70221700,IWM,0
2007-12-06,76.20999908447266,78.44000244140625,76.16999816894531,60.72611618041992,93204000,IWM,0
2007-12-07,78.70999908447266,78.80000305175781,77.87999725341797,60.91234588623047,59125400,IWM,0
2007-12-10,78.5,79.25,78.19999694824219,61.393516540527344,49937400,IWM,0
2007-12-11,79.27999877929688,79.58000183105469,76.25,59.25160217285156,120369300,IWM,0
2007-12-12,78.70999908447266,78.80999755859375,76.08999633789062,59.68620681762695,112505300,IWM,0
2007-12-13,76.2699966430664,76.88999938964844,75.63999938964844,59.3602409362793,89826800,IWM,0
2007-12-14,75.76000213623047,76.87000274658203,74.94999694824219,58.20394515991211,75866900,IWM,0
2007-12-17,74.81999969482422,75.20999908447266,73.75,57.311485290527344,71635600,IWM,0
2007-12-18,74.66999816894531,75.41000366210938,73.3499984741211,58.335845947265625,114501900,IWM,0
2007-12-19,75.08999633789062,75.7300033569336,74.72000122070312,58.747154235839844,85850100,IWM,0
2007-12-20,76.20999908447266,77.01000213623047,74.81999969482422,59.63188552856445,121965700,IWM,0
2007-12-21,77.87999725341797,78.5999984741211,77.63999938964844,60.99771499633789,83426900,IWM,0
2007-12-24,78.70999908447266,79.33000183105469,78.58999633789062,61.440067291259766,29867000,IWM,0
2007-12-26,78.83999633789062,79.83999633789062,78.70999908447266,61.727230072021484,65572400,IWM,0
2007-12-27,78.86000061035156,79.08000183105469,76.91000366210938,60.26097869873047,71490100,IWM,0
2007-12-28,77.91999816894531,78.01000213623047,76.55999755859375,59.614688873291016,48207400,IWM,0
2007-12-31,76.44999694824219,76.80000305175781,75.58000183105469,59.10076141357422,73932400,IWM,0
2008-01-02,76.1500015258789,76.5,74.58999633789062,58.52456283569336,94259600,IWM,0
2008-01-03,75.2699966430664,75.62000274658203,74.02999877929688,57.87825393676758,78036800,IWM,0
2008-01-04,73.23999786376953,73.33000183105469,71.61000061035156,56.13407897949219,123498600,IWM,0
2008-01-07,72.27999877929688,72.8499984741211,71.06999969482422,56.25863265991211,139672900,IWM,0
2008-01-08,72.31999969482422,73.2699966430664,70.0199966430664,54.52220916748047,157222700,IWM,0
2008-01-09,69.93000030517578,71,68.62000274658203,55.07506561279297,140191600,IWM,0
2008-01-10,70.11000061035156,72.31999969482422,69.86000061035156,55.830360412597656,153878400,IWM,0
2008-01-11,71.27999877929688,71.5,69.91000366210938,54.677947998046875,120320000,IWM,0
2008-01-14,71.01000213623047,71.19000244140625,70.26000213623047,55.12955856323242,71078600,IWM,0
2008-01-15,69.87999725341797,70.16000366210938,69.06999969482422,54.1172981262207,95261600,IWM,0
2008-01-16,69.23999786376953,70.70999908447266,68.72000122070312,54.17179489135742,135714800,IWM,0
2008-01-17,69.9800033569336,70.0999984741211,67.68000030517578,52.85585021972656,123268100,IWM,0
2008-01-18,68.12000274658203,68.80999755859375,66.29000091552734,52.34193801879883,131880200,IWM,0
2008-01-22,64.47000122070312,68.12999725341797,64.19000244140625,51.96818542480469,150963700,IWM,0
2008-01-23,65.30000305175781,69.9800033569336,65.08999633789062,53.743534088134766,183099500,IWM,0
2008-01-24,69.4800033569336,70.2300033569336,68.27999877929688,53.704612731933594,113683300,IWM,0
2008-01-25,69.95999908447266,70.22000122070312,68.08000183105469,53.315303802490234,95436000,IWM,0
2008-01-28,68.31999969482422,69.97000122070312,67.70999908447266,54.44435501098633,81259000,IWM,0
2008-01-29,70.38999938964844,70.38999938964844,69.12000274658203,54.58452224731445,75340700,IWM,0
2008-01-30,69.72000122070312,71.4000015258789,69.0999984741211,53.89923858642578,126086600,IWM,0
2008-01-31,68.11000061035156,71.55999755859375,68,55.238590240478516,117643600,IWM,0
2008-02-01,71.33000183105469,72.87999725341797,71,56.53897476196289,100612100,IWM,0
2008-02-04,72.54000091552734,72.5999984741211,71.68000030517578,55.900447845458984,54583900,IWM,0
2008-02-05,70.69000244140625,71.56999969482422,69.80000305175781,54.46771240234375,125988100,IWM,0
2008-02-06,70.41999816894531,70.87999725341797,68.83999633789062,53.743534088134766,97259100,IWM,0
2008-02-07,68.63999938964844,70.5199966430664,68.47000122070312,54.5922737121582,125972100,IWM,0
2008-02-08,69.94999694824219,70.63999938964844,69,54.249664306640625,86493200,IWM,0
2008-02-11,69.66000366210938,70.19999694824219,68.7300033569336,54.27303695678711,80655800,IWM,0
2008-02-12,70.0999984741211,71.05000305175781,69.72000122070312,54.7013053894043,76564500,IWM,0
2008-02-13,71.0199966430664,71.94999694824219,70.69999694824219,55.93937683105469,86241400,IWM,0
2008-02-14,72.0999984741211,72.18000030517578,70.0199966430664,54.64681625366211,78328200,IWM,0
2008-02-15,69.80000305175781,70.12999725341797,69.1500015258789,54.405418395996094,64549100,IWM,0
2008-02-19,70.87999725341797,71.01000213623047,69.62000274658203,55.07506561279297,50724600,IWM,0
2008-02-20,69.54000091552734,70.91000366210938,69.16999816894531,55.106197357177734,71204100,IWM,0
2008-02-21,71.26000213623047,71.75,69.23999786376953,54.05499267578125,85702100,IWM,0
2008-02-22,69.51000213623047,69.51000213623047,68.04000091552734,54.05499267578125,84228000,IWM,0
2008-02-25,69.37999725341797,71,69.02999877929688,55.106197357177734,76367400,IWM,0
2008-02-26,70.37000274658203,72.19999694824219,70.30999755859375,55.6201286315918,92917400,IWM,0
2008-02-27,70.83999633789062,72.23999786376953,70.70999908447266,55.596744537353516,85186500,IWM,0
2008-02-28,70.7699966430664,71.13999938964844,69.9800033569336,54.75579833984375,68720700,IWM,0
2008-02-29,69.5999984741211,69.69999694824219,68.0999984741211,53.618934631347656,98588500,IWM,0
2008-03-03,68.38999938964844,68.72000122070312,67.20999908447266,53.10503005981445,84853500,IWM,0
2008-03-04,67.56999969482422,68.43000030517578,66.77999877929688,52.793575286865234,90523200,IWM,0
2008-03-05,68.20999908447266,68.69999694824219,67.43000030517578,53.2996940612793,92841800,IWM,0
2008-03-06,67.91000366210938,68.18000030517578,65.93000030517578,51.52434539794922,104781300,IWM,0
2008-03-07,65.36000061035156,66.83999633789062,65.19999694824219,51.36082458496094,119085300,IWM,0
2008-03-10,66.0199966430664,66.05999755859375,64.0999984741211,50.22397232055664,82737100,IWM,0
2008-03-11,66.47000122070312,67.30000305175781,64.22000122070312,52.40423583984375,117570000,IWM,0
2008-03-12,67.19999694824219,68.04000091552734,66.5,51.796871185302734,92575100,IWM,0
2008-03-13,65.87999725341797,67.9800033569336,65.19999694824219,52.83250427246094,123504200,IWM,0
2008-03-14,68.3499984741211,68.3499984741211,65.3499984741211,51.50098419189453,176997100,IWM,0
2008-03-17,64.2300033569336,65.94000244140625,64.2300033569336,50.6600341796875,126969000,IWM,0
2008-03-18,66.61000061035156,68.18000030517578,65.30999755859375,52.98823165893555,161001200,IWM,0
2008-03-19,68.58999633789062,68.93000030517578,66.25,51.66450881958008,132792600,IWM,0
2008-03-20,66.44999694824219,68.0999984741211,66.38999938964844,52.54439163208008,103328000,IWM,0
2008-03-24,68.16999816894531,70.3499984741211,67.94999694824219,54.58781051635742,90751700,IWM,0
2008-03-25,69.94000244140625,70.43000030517578,69.27999877929688,54.76721954345703,50600,IWM,0
2008-03-26,69.93000030517578,70.2699966430664,69.33999633789062,54.314876556396484,63054100,IWM,0
2008-03-27,70.08000183105469,70.08000183105469,68.97000122070312,53.815711975097656,63938500,IWM,0
2008-03-28,69.11000061035156,69.41000366210938,67.97000122070312,53.18395233154297,228800,IWM,0
2008-03-31,68.20999908447266,69.22000122070312,67.80999755859375,53.26194381713867,64266300,IWM,0
2008-04-01,69.45999908447266,70.81999969482422,69.13999938964844,55.21178436279297,65928500,IWM,0
2008-04-02,70.9000015258789,71.5199966430664,70.37000274658203,55.34436798095703,58947900,IWM,0
2008-04-03,70.43000030517578,71.47000122070312,70.3499984741211,55.51594543457031,57228200,IWM,0
2008-04-04,71.18000030517578,71.88999938964844,70.63999938964844,55.500370025634766,159400,IWM,0
2008-04-07,71.66000366210938,71.86000061035156,70.77999877929688,55.406776428222656,40283000,IWM,0
2008-04-08,70.4800033569336,71.27999877929688,70.37000274658203,55.3521728515625,49572900,IWM,0
2008-04-09,71.08999633789062,71.3499984741211,69.44999694824219,54.44743728637695,71772700,IWM,0
2008-04-10,69.69000244140625,70.88999938964844,69.43000030517578,55.024600982666016,56065900,IWM,0
2008-04-11,69.72000122070312,69.77999877929688,68.41999816894531,53.612892150878906,79545300,IWM,0
2008-04-14,68.63999938964844,69.2699966430664,68.2300033569336,53.44913101196289,57846400,IWM,0
2008-04-15,68.87000274658203,69.08000183105469,68.2699966430664,53.792293548583984,45940300,IWM,0
2008-04-16,69.68000030517578,71.27999877929688,69.68000030517578,55.53158187866211,72389400,IWM,0
2008-04-17,70.83999633789062,71.13999938964844,70.1500015258789,55.31319808959961,48815600,IWM,0
2008-04-18,72.01000213623047,72.2699966430664,71.47000122070312,55.89811325073242,70736400,IWM,0
2008-04-21,71.3499984741211,71.83000183105469,71.2300033569336,55.90592956542969,40019000,IWM,0
2008-04-22,71.25,71.26000213623047,69.51000213623047,54.88420867919922,68800,IWM,0
2008-04-23,70.52999877929688,71.0199966430664,69.94999694824219,55.024600982666016,48056900,IWM,0
2008-04-24,70.5,71.94000244140625,69.63999938964844,55.55497741699219,230600,IWM,0
2008-04-25,71.80999755859375,72.2699966430664,70.80999755859375,56.077510833740234,56252000,IWM,0
2008-04-28,71.93000030517578,72.69999694824219,71.58999633789062,56.45188903808594,35470700,IWM,0
2008-04-29,72.20999908447266,72.37999725341797,71.29000091552734,55.9527473449707,40940300,IWM,0
2008-04-30,71.97000122070312,72.66000366210938,71.0999984741211,55.68754196166992,62315700,IWM,0
2008-05-01,71.45999908447266,72.86000061035156,71.2300033569336,56.646854400634766,55323500,IWM,0
2008-05-02,73.41000366210938,73.5,72.23999786376953,56.58448791503906,58836700,IWM,0
2008-05-05,72.31999969482422,72.69999694824219,71.87999725341797,56.366085052490234,39901300,IWM,0
2008-05-06,71.86000061035156,73.06999969482422,71.66999816894531,56.82624053955078,60503800,IWM,0
2008-05-07,72.9000015258789,73.22000122070312,71.33999633789062,55.81232833862305,57431100,IWM,0
2008-05-08,71.72000122070312,71.97000122070312,71.19000244140625,55.9293212890625,60442700,IWM,0
2008-05-09,71.19000244140625,72.12000274658203,71.04000091552734,55.765541076660156,51712800,IWM,0
2008-05-12,71.94999694824219,73.2699966430664,71.80999755859375,56.99005126953125,48246600,IWM,0
2008-05-13,73.30000305175781,73.63999938964844,72.72000122070312,57.317630767822266,52328700,IWM,0
2008-05-14,73.6500015258789,74.3499984741211,72.5999984741211,57.24741744995117,60659500,IWM,0
2008-05-15,73.47000122070312,74.29000091552734,73.0999984741211,57.3643913269043,46599700,IWM,0
2008-05-16,74.45999908447266,74.5199966430664,73.08999633789062,57.676387786865234,64245200,IWM,0
2008-05-19,74.02999877929688,74.73999786376953,73.47000122070312,57.6920051574707,102762700,IWM,0
2008-05-20,73.44000244140625,73.7300033569336,72.80000305175781,57.48139190673828,82109000,IWM,0
2008-05-21,73.62000274658203,74.2300033569336,72.25,56.66246795654297,100026600,IWM,0
2008-05-22,72.79000091552734,73.55999755859375,72.69000244140625,57.06803512573242,60034900,IWM,0
2008-05-23,72.8499984741211,73.19000244140625,71.7300033569336,56.31931686401367,64498000,IWM,0
2008-05-27,72.37999725341797,73.41999816894531,72.3499984741211,57.18501663208008,62334000,IWM,0
2008-05-28,73.63999938964844,73.76000213623047,72.91999816894531,57.4502067565918,54387400,IWM,0
2008-05-29,73.51000213623047,75.0199966430664,73.47000122070312,58.0351676940918,69851700,IWM,0
2008-05-30,74.48999786376953,74.80999755859375,74.1500015258789,58.23793029785156,41633900,IWM,0
2008-06-02,74.56999969482422,74.62999725341797,73.22000122070312,57.70759201049805,69923200,IWM,0
2008-06-03,74.25,74.6500015258789,73.05999755859375,57.59058380126953,87672400,IWM,0
2008-06-04,73.58000183105469,74.94999694824219,73.33999633789062,57.94935607910156,85092200,IWM,0
2008-06-05,74.43000030517578,76.2300033569336,74.25,59.43125534057617,106082100,IWM,0
2008-06-06,75.75,75.81999969482422,73.9000015258789,57.65299987792969,123993000,IWM,0
2008-06-09,74.12000274658203,74.38999938964844,72.77999877929688,57.46580123901367,98998100,IWM,0
2008-06-10,73.01000213623047,73.63999938964844,72.25,57.04463577270508,98697900,IWM,0
2008-06-11,73.05000305175781,73.22000122070312,71.7699966430664,56.05412673950195,97453600,IWM,0
2008-06-12,72.27999877929688,73.0999984741211,71.62999725341797,56.171112060546875,98505200,IWM,0
2008-06-13,72.66000366210938,73.3499984741211,72.30999755859375,57.18501663208008,84102300,IWM,0
2008-06-16,73.05000305175781,74.08999633789062,72.94999694824219,57.5438232421875,67157700,IWM,0
2008-06-17,74.18000030517578,74.26000213623047,73.55000305175781,57.49700927734375,52324000,IWM,0
2008-06-18,73.29000091552734,73.48999786376953,72.48999786376953,57.036834716796875,88091900,IWM,0
2008-06-19,73.11000061035156,73.80000305175781,72.72000122070312,57.51261901855469,105967200,IWM,0
2008-06-20,73.44999694824219,73.44999694824219,71.8499984741211,56.600067138671875,121586400,IWM,0
2008-06-23,72.91999816894531,72.98999786376953,71.86000061035156,56.06971740722656,73028000,IWM,0
2008-06-24,71.44999694824219,71.88999938964844,70.61000061035156,55.1416015625,112302100,IWM,0
2008-06-25,70.95999908447266,72.0999984741211,70.86000061035156,55.765541076660156,116515200,IWM,0
2008-06-26,70.80999755859375,70.94999694824219,69.61000061035156,54.3304443359375,114823500,IWM,0
2008-06-27,69.70999908447266,70.25,69,54.38506317138672,118012300,IWM,0
2008-06-30,69.86000061035156,70.20999908447266,68.91999816894531,53.85469055175781,115067900,IWM,0
2008-07-01,68.23999786376953,69.26000213623047,67.62000274658203,53.89369201660156,150735900,IWM,0
2008-07-02,68.91999816894531,69.18000030517578,66.8499984741211,52.364776611328125,148254900,IWM,0
2008-07-03,66.9000015258789,66.98999786376953,65.80000305175781,52.08295822143555,166200,IWM,0
2008-07-07,66.7300033569336,67.04000091552734,64.94000244140625,51.42534255981445,125544000,IWM,0
2008-07-08,65.79000091552734,68.13999938964844,65.25,53.288551330566406,131778100,IWM,0
2008-07-09,68.0999984741211,68.55000305175781,66,51.86376190185547,131076400,IWM,0
2008-07-10,66.06999969482422,67.44999694824219,65.95999908447266,52.372615814208984,131228600,IWM,0
2008-07-11,66.25,67.77999877929688,65.66999816894531,52.66226577758789,131381400,IWM,0
2008-07-14,67.77999877929688,67.9000015258789,65.86000061035156,51.793312072753906,113936200,IWM,0
2008-07-15,65.55000305175781,67.27999877929688,64.5199966430664,51.57411575317383,143442400,IWM,0
2008-07-16,66.30999755859375,68.48999786376953,65.79000091552734,53.4686164855957,112222900,IWM,0
2008-07-17,68.72000122070312,69.54000091552734,68.08000183105469,53.546897888183594,115518700,IWM,0
2008-07-18,69.76000213623047,69.8499984741211,68.52999877929688,53.92266845703125,99585800,IWM,0
2008-07-21,69.37000274658203,69.75,68.9800033569336,54.58027267456055,70224400,IWM,0
2008-07-22,69.19000244140625,71.58999633789062,69.0199966430664,55.950225830078125,136363600,IWM,0
2008-07-23,71.37999725341797,72.48999786376953,71.18000030517578,56.31034469604492,118339100,IWM,0
2008-07-24,71.87000274658203,71.93000030517578,69.86000061035156,54.88554763793945,112118900,IWM,0
2008-07-25,70.69000244140625,71.41000366210938,70.20999908447266,55.331787109375,112551100,IWM,0
2008-07-28,70.63999938964844,70.83999633789062,69.22000122070312,54.3923454284668,82119100,IWM,0
2008-07-29,69.68000030517578,71.4000015258789,69.61000061035156,55.72318649291992,122965400,IWM,0
2008-07-30,71.58999633789062,72.06999969482422,70.63999938964844,56.05984115600586,153225200,IWM,0
2008-07-31,70.81999969482422,72.01000213623047,70.73999786376953,55.83280563354492,95287500,IWM,0
2008-08-01,71.44000244140625,71.76000213623047,70.31999969482422,55.90324783325195,107406700,IWM,0
2008-08-04,71.43000030517578,71.48999786376953,69.80999755859375,55.3866081237793,104200100,IWM,0
2008-08-05,70.98999786376953,71.97000122070312,70.75,56.333839416503906,93469200,IWM,0
2008-08-06,71.69999694824219,72.66000366210938,71.19999694824219,56.615665435791016,79587900,IWM,0
2008-08-07,71.72000122070312,72.33999633789062,70.97000122070312,55.77016830444336,89727900,IWM,0
2008-08-08,71.23999786376953,73.37000274658203,70.9800033569336,57.241943359375,112771400,IWM,0
2008-08-11,73.2699966430664,75.5999984741211,73.12999725341797,58.61189270019531,174577700,IWM,0
2008-08-12,74.63999938964844,74.88999938964844,74.05999755859375,58.17353439331055,128837600,IWM,0
2008-08-13,74.25,74.94999694824219,73.52999877929688,58.38491439819336,151007500,IWM,0
2008-08-14,74.16999816894531,75.63999938964844,74.05999755859375,58.94856262207031,118194800,IWM,0
2008-08-15,75.73999786376953,76.2699966430664,74.4800033569336,58.79196548461914,98174800,IWM,0
2008-08-18,75.2699966430664,75.41999816894531,73.55999755859375,58.0326042175293,97838400,IWM,0
2008-08-19,73.62999725341797,73.83000183105469,72.44000244140625,57.06970977783203,105131600,IWM,0
2008-08-20,73.16999816894531,73.81999969482422,72.27999877929688,57.14799499511719,101308300,IWM,0
2008-08-21,72.54000091552734,72.94999694824219,72.05000305175781,56.49041748046875,83526000,IWM,0
2008-08-22,72.75,73.80999755859375,72.62000274658203,57.68032455444336,77915300,IWM,0
2008-08-25,73.22000122070312,73.68000030517578,70.69000244140625,56.4121208190918,88256100,IWM,0
2008-08-26,72.18000030517578,72.58000183105469,71.45999908447266,56.49823760986328,53866300,IWM,0
2008-08-27,72.19999694824219,73.51000213623047,72.11000061035156,57.17148208618164,62031400,IWM,0
2008-08-28,73.37000274658203,74.6500015258789,73.02999877929688,58.33010482788086,75512600,IWM,0
2008-08-29,74.16999816894531,74.5199966430664,73.52999877929688,57.8291015625,83919800,IWM,0
2008-09-02,75.01000213623047,75.5,73,57.81342697143555,112584000,IWM,0
2008-09-03,73.6500015258789,74.69999694824219,73.38999938964844,58.04825973510742,96282200,IWM,0
2008-09-04,73.5199966430664,73.68000030517578,71.4800033569336,56.224220275878906,126675300,IWM,0
2008-09-05,71.54000091552734,72.11000061035156,70.13999938964844,56.08333969116211,122285000,IWM,0
2008-09-08,74.0199966430664,74.3499984741211,71.63999938964844,56.74092483520508,148091600,IWM,0
2008-09-09,73.23999786376953,73.8499984741211,70.55999755859375,55.433563232421875,132381100,IWM,0
2008-09-10,71.56999969482422,72.18000030517578,70.43000030517578,55.950225830078125,126869000,IWM,0
2008-09-11,70.5199966430664,72,69.9000015258789,56.302528381347656,144283600,IWM,0
2008-09-12,71.31999969482422,72.38999938964844,71.04000091552734,56.56086349487305,117705200,IWM,0
2008-09-15,70.1500015258789,71.48999786376953,68.79000091552734,54.0244140625,168634300,IWM,0
2008-09-16,67.80000305175781,71,67.7300033569336,55.582313537597656,252238200,IWM,0
2008-09-17,69.94999694824219,70.06999969482422,67.44999694824219,53.07717514038086,266078500,IWM,0
2008-09-18,69.4000015258789,72.1500015258789,67.16000366210938,56.208560943603516,355117000,IWM,0
2008-09-19,78.91999816894531,86.05000305175781,73.94999694824219,58.713714599609375,138448700,IWM,0
2008-09-22,75.19999694824219,75.36000061035156,70.22000122070312,56.325992584228516,98340700,IWM,0
2008-09-23,72,72.62000274658203,70.80999755859375,55.574459075927734,92894300,IWM,0
2008-09-24,70.83000183105469,71.02999877929688,68.9000015258789,54.86838912963867,91760200,IWM,0
2008-09-25,69.91999816894531,71.26000213623047,69.88999938964844,55.150821685791016,115328200,IWM,0
2008-09-26,69.01000213623047,70.69000244140625,68.79000091552734,55.40971374511719,94646800,IWM,0
2008-09-29,69.2300033569336,70.33000183105469,65.05000305175781,51.03218460083008,150003200,IWM,0
2008-09-30,65.87000274658203,68.38999938964844,65.05000305175781,53.346458435058594,107271100,IWM,0
2008-10-01,67.19000244140625,67.3499984741211,66.29000091552734,52.57764434814453,69571300,IWM,0
2008-10-02,66.62999725341797,67.02999877929688,63.41999816894531,49.87893295288086,116143300,IWM,0
2008-10-03,64.36000061035156,65.63999938964844,61.72999954223633,49.18857955932617,118870500,IWM,0
2008-10-06,60.560001373291016,60.720001220703125,56.380001068115234,46.85076141357422,172301800,IWM,0
2008-10-07,60.20000076293945,60.43000030517578,55.630001068115234,43.775482177734375,152283000,IWM,0
2008-10-08,53.810001373291016,56.95000076293945,53.5099983215332,42.724246978759766,173741000,IWM,0
2008-10-09,55.650001525878906,55.93000030517578,49.45000076293945,39.217491149902344,154548100,IWM,0
2008-10-10,47.65999984741211,54.66999816894531,46.5099983215332,41.14738082885742,205089400,IWM,0
2008-10-13,54.540000915527344,57.380001068115234,52.45000076293945,44.70122528076172,128725200,IWM,0
2008-10-14,58.75,58.849998474121094,53.86000061035156,43.44600296020508,131474600,IWM,0
2008-10-15,54.45000076293945,54.849998474121094,50.04999923706055,39.547000885009766,109147700,IWM,0
2008-10-16,51.02000045776367,53.880001068115234,48.290000915527344,42.1358642578125,207587400,IWM,0
2008-10-17,51.54999923706055,55.45000076293945,50.720001220703125,40.95125961303711,131845100,IWM,0
2008-10-20,53.25,54.709999084472656,52.459999084472656,42.90469741821289,82673400,IWM,0
2008-10-21,53.95000076293945,54.59000015258789,52.81999969482422,41.72007369995117,83005200,IWM,0
2008-10-22,51.7599983215332,52.459999084472656,49.310001373291016,39.6097526550293,91861700,IWM,0
2008-10-23,50.68000030517578,50.939998626708984,46.68000030517578,38.43300247192383,133202600,IWM,0
2008-10-24,44.95000076293945,48.20000076293945,44.88999938964844,37.005191802978516,105748800,IWM,0
2008-10-27,46.119998931884766,47.66999816894531,44.70000076293945,35.19296646118164,99416400,IWM,0
2008-10-28,45.72999954223633,48.70000076293945,44.08000183105469,38.00935745239258,114981800,IWM,0
2008-10-29,48.5099983215332,50.72999954223633,47.81999969482422,38.205482482910156,94984800,IWM,0
2008-10-30,50.40999984741211,51.47999954223633,49.52000045776367,40.34718704223633,77436600,IWM,0
2008-10-31,51.29999923706055,54.09000015258789,50.47999954223633,42.16724395751953,113060500,IWM,0
2008-11-03,53.47999954223633,54.599998474121094,53.380001068115234,42.222171783447266,54872700,IWM,0
2008-11-04,54.93000030517578,55.209999084472656,53.38999938964844,42.708553314208984,79680500,IWM,0
2008-11-05,53.93000030517578,54.439998626708984,51.310001373291016,40.472713470458984,73881200,IWM,0
2008-11-06,51.04999923706055,51.70000076293945,49.540000915527344,38.903690338134766,85233800,IWM,0
2008-11-07,50.06999969482422,51.06999969482422,49.310001373291016,39.71174240112305,62313000,IWM,0
2008-11-10,51.7400016784668,51.84000015258789,48.93000030517578,38.79388427734375,50459600,IWM,0
2008-11-11,48.900001525878906,49.900001525878906,48.0099983215332,37.954444885253906,73187400,IWM,0
2008-11-12,47.61000061035156,48.380001068115234,45.31999969482422,35.74214172363281,75376800,IWM,0
2008-11-13,45.70000076293945,49.45000076293945,43.2400016784668,38.68402862548828,142362300,IWM,0
2008-11-14,48.22999954223633,49.310001373291016,45.5,35.804901123046875,98697500,IWM,0
2008-11-17,45.349998474121094,46.58000183105469,44.88999938964844,35.498958587646484,84029400,IWM,0
2008-11-18,45.33000183105469,45.9900016784668,43.099998474121094,35.326332092285156,98246400,IWM,0
2008-11-19,44.779998779296875,45.150001525878906,41.2400016784668,32.44717788696289,96005900,IWM,0
2008-11-20,41,41.93000030517578,38.439998626708984,30.22704315185547,140070900,IWM,0
2008-11-21,39.290000915527344,40.849998474121094,37.119998931884766,31.882360458374023,160636700,IWM,0
2008-11-24,41.20000076293945,44.040000915527344,40.72999954223633,34.12603759765625,97052300,IWM,0
2008-11-25,44.220001220703125,44.41999816894531,42.65999984741211,34.69089126586914,80072400,IWM,0
2008-11-26,43.27000045776367,47.029998779296875,43.20000076293945,36.769832611083984,88144900,IWM,0
2008-11-28,46.290000915527344,48.2599983215332,46.15999984741211,37.13855743408203,24156600,IWM,0
2008-12-01,46.119998931884766,46.31999969482422,41.5,32.964996337890625,89163400,IWM,0
2008-12-02,42.709999084472656,44.33000183105469,41.959999084472656,34.69874572753906,81228000,IWM,0
2008-12-03,43.150001525878906,45.88999938964844,43.02000045776367,35.74998092651367,102868600,IWM,0
2008-12-04,44.81999969482422,46.45000076293945,43.2599983215332,34.56537628173828,101436300,IWM,0
2008-12-05,43.369998931884766,46.27000045776367,42.34000015258789,36.165771484375,113947900,IWM,0
2008-12-08,47.22999954223633,48.56999969482422,46.970001220703125,37.76616287231445,99336100,IWM,0
2008-12-09,47.689998626708984,49.40999984741211,46.279998779296875,36.597251892089844,81950900,IWM,0
2008-12-10,47.189998626708984,48.439998626708984,46.7599983215332,37.460208892822266,74636500,IWM,0
2008-12-11,47.25,47.90999984741211,44.790000915527344,35.56169128417969,73178000,IWM,0
2008-12-12,44.15999984741211,47,44.02000045776367,36.7855224609375,97291600,IWM,0
2008-12-15,47.2599983215332,47.459999084472656,44.619998931884766,35.60093307495117,78607200,IWM,0
2008-12-16,46.2599983215332,48.47999954223633,46.099998474121094,37.91522216796875,109318300,IWM,0
2008-12-17,47.939998626708984,49.5099983215332,47.56999969482422,38.26040267944336,79576900,IWM,0
2008-12-18,48.79999923706055,49.65999984741211,47.31999969482422,38.017208099365234,87888400,IWM,0
2008-12-19,49,50.0099983215332,48.209999084472656,38.205482482910156,88221200,IWM,0
2008-12-22,48.91999816894531,48.939998626708984,46.119998931884766,37.468048095703125,75338900,IWM,0
2008-12-23,47.72999954223633,48,46.34000015258789,36.92342758178711,64575300,IWM,0
2008-12-24,46.72999954223633,47.11000061035156,46.15999984741211,37.05778884887695,19412400,IWM,0
2008-12-26,47.349998474121094,47.66999816894531,46.72999954223633,37.5874137878418,25104700,IWM,0
2008-12-29,47.36000061035156,47.58000183105469,45.90999984741211,37.01036071777344,41442100,IWM,0
2008-12-30,47.08000183105469,48.20000076293945,46.77000045776367,38.03798294067383,38835200,IWM,0
2008-12-31,48.220001220703125,50.31999969482422,48.13999938964844,38.923316955566406,75369500,IWM,0
2009-01-02,49.7400016784668,50.720001220703125,49.220001220703125,39.697998046875,51588500,IWM,0
2009-01-05,50.4900016784668,50.79999923706055,49.38999938964844,39.84029006958008,59247000,IWM,0
2009-01-06,50.81999969482422,51.90999984741211,50.380001068115234,40.512203216552734,77980800,IWM,0
2009-01-07,50.27000045776367,51.349998474121094,49.029998779296875,39.31856155395508,77662100,IWM,0
2009-01-08,49.380001068115234,50.150001525878906,49.16999816894531,39.508296966552734,59214100,IWM,0
2009-01-09,50.11000061035156,50.189998626708984,47.91999816894531,38.04590606689453,82725900,IWM,0
2009-01-12,47.95000076293945,48.11000061035156,46.5,36.91548156738281,53721400,IWM,0
2009-01-13,46.630001068115234,47.61000061035156,46.40999984741211,37.40559005737305,62644600,IWM,0
2009-01-14,46.31999969482422,46.66999816894531,45.119998931884766,35.76140213012695,74519500,IWM,0
2009-01-15,45.310001373291016,46.52000045776367,43.810001373291016,36.33846664428711,100622800,IWM,0
2009-01-16,46.97999954223633,47.029998779296875,44.970001220703125,36.74159240722656,80512600,IWM,0
2009-01-20,45.880001068115234,46.25,43.310001373291016,34.25157928466797,85180200,IWM,0
2009-01-21,44,45.689998626708984,43.040000915527344,35.95901870727539,66088100,IWM,0
2009-01-22,44.52000045776367,45.33000183105469,43.369998931884766,34.915584564208984,69790800,IWM,0
2009-01-23,43.040000915527344,45.0099983215332,42.86000061035156,35.089500427246094,76444000,IWM,0
2009-01-26,44.36000061035156,45.869998931884766,44.18000030517578,35.4847297668457,62967900,IWM,0
2009-01-27,45.06999969482422,45.81999969482422,44.720001220703125,35.8720817565918,54932300,IWM,0
2009-01-28,46.25,47.4900016784668,45.4900016784668,37.35026931762695,71034500,IWM,0
2009-01-29,46.59000015258789,47.22999954223633,45.25,35.88787078857422,66434400,IWM,0
2009-01-30,45.7599983215332,46.0099983215332,44.11000061035156,35.160648345947266,58185500,IWM,0
2009-02-02,43.65999984741211,45.13999938964844,43.63999938964844,35.44520950317383,62907300,IWM,0
2009-02-03,45.279998779296875,45.58000183105469,44.45000076293945,35.698150634765625,57452200,IWM,0
2009-02-04,45.209999084472656,46.119998931884766,44.529998779296875,35.43732833862305,65080500,IWM,0
2009-02-05,44.439998626708984,46.0099983215332,44.20000076293945,35.84833526611328,71623700,IWM,0
2009-02-06,45.41999816894531,47.16999816894531,45.209999084472656,37.12103271484375,53776100,IWM,0
2009-02-09,46.790000915527344,47.13999938964844,46.220001220703125,36.95503234863281,55265000,IWM,0
2009-02-10,46.38999938964844,47.099998474121094,44.45000076293945,35.24759292602539,83914300,IWM,0
2009-02-11,44.880001068115234,45.189998626708984,44.09000015258789,35.38196563720703,58417600,IWM,0
2009-02-12,44.099998474121094,45.209999084472656,43.470001220703125,35.68235397338867,79209300,IWM,0
2009-02-13,45.08000183105469,45.70000076293945,44.58000183105469,35.31082534790039,58901500,IWM,0
2009-02-17,43,43.619998931884766,42.83000183105469,33.911659240722656,81542900,IWM,0
2009-02-18,43.25,43.34000015258789,42.130001068115234,33.42947769165039,78276200,IWM,0
2009-02-19,42.779998779296875,43,41.630001068115234,32.96310043334961,64544300,IWM,0
2009-02-20,40.900001525878906,41.63999938964844,40.189998626708984,32.520423889160156,83388200,IWM,0
2009-02-23,41.380001068115234,41.45000076293945,39.470001220703125,31.271453857421875,78804200,IWM,0
2009-02-24,40.040000915527344,41.369998931884766,39.599998474121094,32.42555236816406,81463900,IWM,0
2009-02-25,40.84000015258789,41.25,39.4900016784668,31.753650665283203,104493600,IWM,0
2009-02-26,40.59000015258789,40.75,39.209999084472656,31.16079330444336,68400200,IWM,0
2009-02-27,38.720001220703125,39.880001068115234,38.63999938964844,30.947364807128906,87450900,IWM,0
2009-03-02,38.2599983215332,38.41999816894531,36.81999969482422,29.200408935546875,83622800,IWM,0
2009-03-03,37.43000030517578,37.470001220703125,36.02000045776367,28.647079467773438,67796200,IWM,0
2009-03-04,36.790000915527344,37.650001525878906,36.220001220703125,29.239927291870117,80120300,IWM,0
2009-03-05,36.25,36.689998626708984,34.91999816894531,27.682662963867188,97980100,IWM,0
2009-03-06,35.400001525878906,35.880001068115234,34.31999969482422,27.82497215270996,76036000,IWM,0
2009-03-09,34.72999954223633,35.63999938964844,34.2599983215332,27.18467140197754,75737000,IWM,0
2009-03-10,35.25,36.810001373291016,35.099998474121094,28.95534896850586,76181500,IWM,0
2009-03-11,37.08000183105469,37.79999923706055,36.36000061035156,28.994873046875,82274800,IWM,0
2009-03-12,36.529998779296875,39.189998626708984,36.06999969482422,30.79716682434082,86839000,IWM,0
2009-03-13,39.33000183105469,39.65999984741211,38.7599983215332,31.12127685546875,72449700,IWM,0
2009-03-16,39.810001373291016,40.20000076293945,38.560001373291016,30.560035705566406,78042300,IWM,0
2009-03-17,38.72999954223633,40.45000076293945,38.43000030517578,31.97498893737793,64727100,IWM,0
2009-03-18,40.2599983215332,42.18000030517578,39.90999984741211,33.08167266845703,111491000,IWM,0
2009-03-19,42.45000076293945,42.5,41.150001525878906,32.733848571777344,64512500,IWM,0
2009-03-20,41.79999923706055,41.91999816894531,39.95000076293945,31.603471755981445,68436500,IWM,0
2009-03-23,41.34000015258789,43.52000045776367,40.93000030517578,34.29111099243164,94771600,IWM,0
2009-03-24,42.70000076293945,43.11000061035156,41.5099983215332,32.95955276489258,70562700,IWM,0
2009-03-25,41.95000076293945,43.279998779296875,40.810001373291016,33.88744354248047,95016000,IWM,0
2009-03-26,43.31999969482422,44.470001220703125,42.869998931884766,35.19598388671875,111103100,IWM,0
2009-03-27,43.619998931884766,44,42.83000183105469,34.01431655883789,78132900,IWM,0
2009-03-30,41.650001525878906,41.810001373291016,40.779998779296875,33.038875579833984,59094200,IWM,0
2009-03-31,42.16999816894531,43.310001373291016,41.61000061035156,33.348148345947266,66094400,IWM,0
2009-04-01,41.34000015258789,43,41.11000061035156,33.927085876464844,66464100,IWM,0
2009-04-02,44.119998931884766,45.56999969482422,43.81999969482422,35.62422561645508,92895500,IWM,0
2009-04-03,44.86000061035156,45.63999938964844,44.36000061035156,36.18731689453125,50763600,IWM,0
2009-04-06,44.9900016784668,45.11000061035156,44.029998779296875,35.56871795654297,63427300,IWM,0
2009-04-07,44.08000183105469,44.459999084472656,43.119998931884766,34.30775451660156,48410400,IWM,0
2009-04-08,43.5099983215332,44.22999954223633,43.189998626708984,34.942195892333984,60265100,IWM,0
2009-04-09,45.279998779296875,46.709999084472656,45.099998474121094,36.988304138183594,66699400,IWM,0
2009-04-13,46.2599983215332,47,45.66999816894531,37.0041618347168,58557300,IWM,0
2009-04-14,45.959999084472656,46.529998779296875,45.22999954223633,35.93354415893555,56579200,IWM,0
2009-04-15,45.0099983215332,46.150001525878906,44.88999938964844,36.48074722290039,48436100,IWM,0
2009-04-16,46.529998779296875,47.689998626708984,45.7599983215332,37.53549575805664,66307000,IWM,0
2009-04-17,47.43000030517578,48.27000045776367,46.91999816894531,37.868587493896484,51981400,IWM,0
2009-04-20,46.77000045776367,47,45.20000076293945,35.92560958862305,53370100,IWM,0
2009-04-21,45.060001373291016,47.060001373291016,44.95000076293945,37.17070388793945,60408100,IWM,0
2009-04-22,46.189998626708984,48.15999984741211,46.029998779296875,37.16277313232422,72784100,IWM,0
2009-04-23,47.099998474121094,47.209999084472656,45.93000030517578,37.075538635253906,70030200,IWM,0
2009-04-24,47.119998931884766,48.279998779296875,46.66999816894531,37.765499114990234,60773000,IWM,0
2009-04-27,46.84000015258789,47.790000915527344,46.61000061035156,37.36103057861328,49385100,IWM,0
2009-04-28,46.540000915527344,47.9900016784668,46.380001068115234,37.41655349731445,51197500,IWM,0
2009-04-29,47.810001373291016,49.56999969482422,47.630001068115234,38.83613586425781,79875900,IWM,0
2009-04-30,49.75,50.2400016784668,48.45000076293945,38.4792594909668,67809000,IWM,0
2009-05-01,48.650001525878906,49.29999923706055,48.40999984741211,38.71717834472656,64532300,IWM,0
2009-05-04,49.279998779296875,50.70000076293945,49.06999969482422,40.128807067871094,47528900,IWM,0
2009-05-05,50.380001068115234,50.61000061035156,49.630001068115234,39.93054962158203,58364200,IWM,0
2009-05-06,50.93000030517578,51.220001220703125,49.5,40.04157638549805,87550000,IWM,0
2009-05-07,51.25,51.400001525878906,48.88999938964844,39.09783172607422,67577300,IWM,0
2009-05-08,50.150001525878906,51.15999984741211,49.63999938964844,40.45396423339844,63463900,IWM,0
2009-05-11,50.04999923706055,50.65999984741211,49.790000915527344,39.85917282104492,40051600,IWM,0
2009-05-12,50.540000915527344,50.81999969482422,48.709999084472656,39.29611587524414,49453100,IWM,0
2009-05-13,48.70000076293945,48.810001373291016,47.209999084472656,37.495853424072266,68822200,IWM,0
2009-05-14,47.38999938964844,48.75,47.060001373291016,38.01927185058594,72813500,IWM,0
2009-05-15,47.880001068115234,48.41999816894531,47.279998779296875,37.87651443481445,53885500,IWM,0
2009-05-18,48.29999923706055,49.56999969482422,48.11000061035156,39.14543151855469,55512900,IWM,0
2009-05-19,49.369998931884766,49.959999084472656,48.79999923706055,39.161277770996094,55704100,IWM,0
2009-05-20,49.83000183105469,50.689998626708984,48.849998474121094,38.79648208618164,48021100,IWM,0
2009-05-21,48.27000045776367,48.70000076293945,47.45000076293945,38.296852111816406,49312200,IWM,0
2009-05-22,48.540000915527344,48.65999984741211,47.349998474121094,37.90031433105469,38440200,IWM,0
2009-05-26,47.369998931884766,50.15999984741211,47.31999969482422,39.708499908447266,73480700,IWM,0
2009-05-27,49.7599983215332,50.369998931884766,49.0099983215332,38.93921661376953,48207700,IWM,0
2009-05-28,49.560001373291016,49.75,48.099998474121094,38.986793518066406,58832400,IWM,0
2009-05-29,49.38999938964844,50.27000045776367,49.08000183105469,39.787803649902344,51665800,IWM,0
2009-06-01,51.36000061035156,52.369998931884766,51.099998474121094,41.342193603515625,70173300,IWM,0
2009-06-02,51.959999084472656,53,51.68000030517578,41.85769271850586,56794100,IWM,0
2009-06-03,52.310001373291016,52.5099983215332,51.7400016784668,41.58012008666992,44068400,IWM,0
2009-06-04,52.75,53.2599983215332,52.09000015258789,42.17491149902344,42972900,IWM,0
2009-06-05,53.689998626708984,53.790000915527344,52.68000030517578,42.19075012207031,50619300,IWM,0
2009-06-08,52.79999923706055,53.279998779296875,52.040000915527344,41.69114303588867,46325400,IWM,0
2009-06-09,52.84000015258789,53.27000045776367,52.560001373291016,41.88148880004883,35033700,IWM,0
2009-06-10,53.380001068115234,53.40999984741211,51.61000061035156,41.71493148803711,65032200,IWM,0
2009-06-11,52.650001525878906,53.459999084472656,52.58000183105469,41.73080062866211,62963200,IWM,0
2009-06-12,52.279998779296875,52.81999969482422,51.88999938964844,41.85769271850586,44094300,IWM,0
2009-06-15,52.029998779296875,52.09000015258789,50.79999923706055,40.73154067993164,45942200,IWM,0
2009-06-16,51.75,51.84000015258789,50.31999969482422,40.04951858520508,53065700,IWM,0
2009-06-17,50.5,51.369998931884766,50,40.26364517211914,71985300,IWM,0
2009-06-18,50.77000045776367,51.31999969482422,50.29999923706055,40.44602584838867,34317000,IWM,0
2009-06-19,51.720001220703125,51.91999816894531,51.11000061035156,40.691890716552734,38711500,IWM,0
2009-06-22,50.9900016784668,51.029998779296875,49.400001525878906,39.24851608276367,54877300,IWM,0
2009-06-23,49.7400016784668,49.939998626708984,49.02000045776367,38.93129348754883,40810600,IWM,0
2009-06-24,49.56999969482422,50.25,49.33000183105469,39.351600646972656,39962500,IWM,0
2009-06-25,49.150001525878906,51.08000183105469,49.09000015258789,40.485694885253906,42339200,IWM,0
2009-06-26,50.790000915527344,51.560001373291016,50.56999969482422,40.628456115722656,60379100,IWM,0
2009-06-29,51.33000183105469,51.58000183105469,50.400001525878906,40.628456115722656,49196600,IWM,0
2009-06-30,51.2400016784668,51.61000061035156,50.77000045776367,40.509483337402344,44575900,IWM,0
2009-07-01,51.349998474121094,52.25,51.310001373291016,41.13600540161133,46382900,IWM,0
2009-07-02,50.880001068115234,50.880001068115234,49.689998626708984,39.72019958496094,51688200,IWM,0
2009-07-06,49.470001220703125,49.7400016784668,48.650001525878906,39.37002944946289,47241700,IWM,0
2009-07-07,49.369998931884766,49.5,48.349998474121094,38.518489837646484,40473600,IWM,0
2009-07-08,48.619998931884766,48.779998779296875,47.27000045776367,38.255863189697266,65594900,IWM,0
2009-07-09,48.290000915527344,48.41999816894531,47.790000915527344,38.0966911315918,41678300,IWM,0
2009-07-10,47.59000015258789,48.27000045776367,47.33000183105469,38.279747009277344,39883000,IWM,0
2009-07-13,48.290000915527344,49.290000915527344,47.41999816894531,39.20291519165039,44825200,IWM,0
2009-07-14,49.25,49.720001220703125,48.95000076293945,39.433712005615234,32721400,IWM,0
2009-07-15,50.459999084472656,51.619998931884766,50.2599983215332,40.953765869140625,57645800,IWM,0
2009-07-16,51.279998779296875,52.369998931884766,51.13999938964844,41.46308898925781,38353400,IWM,0
2009-07-17,52.25,52.27000045776367,51.72999954223633,41.30392837524414,35682600,IWM,0
2009-07-20,52.25,52.7400016784668,52.029998779296875,41.81325912475586,42596800,IWM,0
2009-07-21,53.040000915527344,53.06999969482422,51.790000915527344,41.74163055419922,40423000,IWM,0
2009-07-22,52.220001220703125,53.209999084472656,52.13999938964844,42.06792449951172,47552200,IWM,0
2009-07-23,52.880001068115234,54.81999969482422,52.77000045776367,43.39697265625,64531400,IWM,0
2009-07-24,54.16999816894531,54.869998931884766,53.959999084472656,43.61980438232422,31293500,IWM,0
2009-07-27,54.79999923706055,55.220001220703125,54.41999816894531,43.84264373779297,32672800,IWM,0
2009-07-28,54.7599983215332,55.31999969482422,54.34000015258789,43.86650848388672,56192800,IWM,0
2009-07-29,54.81999969482422,55.130001068115234,54.540000915527344,43.643672943115234,47421300,IWM,0
2009-07-30,55.61000061035156,56.439998626708984,55.380001068115234,44.407684326171875,67822300,IWM,0
2009-07-31,55.58000183105469,56.279998779296875,55.540000915527344,44.22464370727539,40477300,IWM,0
2009-08-03,56.2400016784668,56.58000183105469,55.619998931884766,44.99658966064453,32392400,IWM,0
2009-08-04,56.209999084472656,57.31999969482422,56.15999984741211,45.450225830078125,41223700,IWM,0
2009-08-05,57.16999816894531,57.16999816894531,56,44.99658966064453,54105900,IWM,0
2009-08-06,56.779998779296875,56.959999084472656,55.61000061035156,44.367889404296875,52403600,IWM,0
2009-08-07,56.619998931884766,57.84000015258789,56.290000915527344,45.434303283691406,49363300,IWM,0
2009-08-10,56.93000030517578,57.54999923706055,56.709999084472656,45.51390075683594,44780600,IWM,0
2009-08-11,56.970001220703125,57.040000915527344,55.97999954223633,44.78173065185547,36077000,IWM,0
2009-08-12,56.29999923706055,57.84000015258789,56.2599983215332,45.458187103271484,53618600,IWM,0
2009-08-13,57.59000015258789,57.779998779296875,56.72999954223633,45.83223342895508,43539700,IWM,0
2009-08-14,57.5,57.54999923706055,55.81999969482422,44.89316940307617,60224900,IWM,0
2009-08-17,55.2599983215332,55.369998931884766,54.68000030517578,43.627769470214844,48853300,IWM,0
2009-08-18,55.20000076293945,55.88999938964844,54.91999816894531,44.20873260498047,39358200,IWM,0
2009-08-19,54.93000030517578,56.27000045776367,54.81999969482422,44.74989700317383,37740100,IWM,0
2009-08-20,56.11000061035156,56.970001220703125,55.86000061035156,45.2353515625,40013900,IWM,0
2009-08-21,57.439998626708984,58.38999938964844,57.369998931884766,46.27790451049805,38321700,IWM,0
2009-08-24,58.400001525878906,58.77000045776367,57.84000015258789,46.261985778808594,33986500,IWM,0
2009-08-25,58.400001525878906,59.06999969482422,58.20000076293945,46.460941314697266,30197300,IWM,0
2009-08-26,58.29999923706055,58.77000045776367,58.029998779296875,46.56440353393555,34163900,IWM,0
2009-08-27,58.439998626708984,58.599998474121094,57.22999954223633,46.492774963378906,45253800,IWM,0
2009-08-28,59.02000045776367,59.18000030517578,57.65999984741211,46.19832229614258,39328800,IWM,0
2009-08-31,57.459999084472656,57.619998931884766,56.93000030517578,45.5218620300293,35360500,IWM,0
2009-09-01,56.86000061035156,58.130001068115234,55.70000076293945,44.503177642822266,77077500,IWM,0
2009-09-02,55.650001525878906,56.060001373291016,55.470001220703125,44.28034973144531,43436100,IWM,0
2009-09-03,55.91999816894531,56.310001373291016,55.209999084472656,44.77376174926758,43089000,IWM,0
2009-09-04,56.189998626708984,57.11000061035156,55.869998931884766,45.40249252319336,37229900,IWM,0
2009-09-08,57.65999984741211,57.720001220703125,57,45.90385437011719,41062500,IWM,0
2009-09-09,57.68000030517578,59.029998779296875,57.52000045776367,46.69173049926758,37219700,IWM,0
2009-09-10,58.66999816894531,59.560001373291016,58.20000076293945,47.27268981933594,39171200,IWM,0
2009-09-11,59.59000015258789,59.9900016784668,59.099998474121094,47.288597106933594,31718400,IWM,0
2009-09-14,58.97999954223633,60.11000061035156,58.869998931884766,47.79001235961914,37896000,IWM,0
2009-09-15,60.0099983215332,60.720001220703125,59.77000045776367,48.179954528808594,48814300,IWM,0
2009-09-16,60.810001373291016,61.79999923706055,60.619998931884766,49.17476272583008,39404000,IWM,0
2009-09-17,61.7400016784668,62.34000015258789,61.349998474121094,49.071285247802734,50596200,IWM,0
2009-09-18,62.09000015258789,62.09000015258789,61.2599983215332,49.270263671875,36822800,IWM,0
2009-09-21,61.31999969482422,61.959999084472656,61.09000015258789,49.134952545166016,37511600,IWM,0
2009-09-22,62.029998779296875,62.2400016784668,61.59000015258789,49.47398376464844,36266400,IWM,0
2009-09-23,62.130001068115234,62.61000061035156,61.310001373291016,49.00333786010742,54838900,IWM,0
2009-09-24,61.529998779296875,61.7599983215332,59.7599983215332,48.02216339111328,60639600,IWM,0
2009-09-25,59.90999984741211,60.34000015258789,59.5099983215332,47.72701644897461,51804400,IWM,0
2009-09-28,60.220001220703125,61.58000183105469,60.040000915527344,48.86772918701172,47925100,IWM,0
2009-09-29,61.29999923706055,61.779998779296875,60.91999816894531,48.652347564697266,37453200,IWM,0
2009-09-30,61.119998931884766,61.2400016784668,59.560001373291016,48.05405807495117,79344900,IWM,0
2009-10-01,60.130001068115234,60.18000030517578,58.34000015258789,46.618167877197266,62840600,IWM,0
2009-10-02,57.779998779296875,58.52000045776367,57.529998779296875,46.26717758178711,66448000,IWM,0
2009-10-05,58.310001373291016,59.290000915527344,58.08000183105469,47.09682846069336,48919600,IWM,0
2009-10-06,59.52000045776367,60.45000076293945,59.36000061035156,47.974273681640625,52211000,IWM,0
2009-10-07,59.97999954223633,60.40999984741211,59.849998474121094,47.99025344848633,35534000,IWM,0
2009-10-08,60.72999954223633,61.310001373291016,60.369998931884766,48.42898941040039,48971800,IWM,0
2009-10-09,60.849998474121094,61.5099983215332,60.66999816894531,48.995365142822266,34597000,IWM,0
2009-10-12,61.790000915527344,62.029998779296875,61.13999938964844,49.00333786010742,26895500,IWM,0
2009-10-13,61.31999969482422,61.4900016784668,60.599998474121094,48.795921325683594,35459500,IWM,0
2009-10-14,62.06999969482422,62.459999084472656,61.54999923706055,49.729251861572266,38634600,IWM,0
2009-10-15,61.9900016784668,62.45000076293945,61.83000183105469,49.697322845458984,28632600,IWM,0
2009-10-16,61.88999938964844,62.02000045776367,61.13999938964844,49.2027473449707,49031800,IWM,0
2009-10-19,61.880001068115234,62.52000045776367,61.380001068115234,49.60957717895508,38229600,IWM,0
2009-10-20,62.2400016784668,62.31999969482422,60.9900016784668,48.923561096191406,43952800,IWM,0
2009-10-21,61.2400016784668,62.400001525878906,60.40999984741211,48.26145935058594,64591600,IWM,0
2009-10-22,60.47999954223633,61.61000061035156,59.77000045776367,48.93154525756836,58421000,IWM,0
2009-10-23,61.470001220703125,61.68000030517578,59.970001220703125,47.91045379638672,68826500,IWM,0
2009-10-26,60.2400016784668,61.16999816894531,59.220001220703125,47.479698181152344,69899500,IWM,0
2009-10-27,59.56999969482422,59.88999938964844,58.689998626708984,46.897369384765625,71958600,IWM,0
2009-10-28,58.59000015258789,58.79999923706055,56.59000015258789,45.3338737487793,84951000,IWM,0
2009-10-29,57.33000183105469,58.2400016784668,57.119998931884766,46.195377349853516,73615700,IWM,0
2009-10-30,57.66999816894531,57.7400016784668,55.97999954223633,44.93500518798828,116215600,IWM,0
2009-11-02,56.630001068115234,57.13999938964844,55.33000183105469,44.84727096557617,97996600,IWM,0
2009-11-03,55.880001068115234,57.09000015258789,55.689998626708984,45.525299072265625,83105700,IWM,0
2009-11-04,57.459999084472656,57.68000030517578,56.25,44.87120056152344,92803000,IWM,0
2009-11-05,56.9900016784668,58.16999816894531,56.77000045776367,46.29911422729492,67422600,IWM,0
2009-11-06,57.43000030517578,58.58000183105469,57.27000045776367,46.33100509643555,56216700,IWM,0
2009-11-09,58.59000015258789,59.27000045776367,58.54999923706055,47.240394592285156,49200200,IWM,0
2009-11-10,59.099998474121094,59.5099983215332,58.369998931884766,46.94523620605469,55864400,IWM,0
2009-11-11,59.29999923706055,59.84000015258789,58.79999923706055,47.272281646728516,50320800,IWM,0
2009-11-12,59.279998779296875,59.72999954223633,58,46.402801513671875,68550500,IWM,0
2009-11-13,58.349998474121094,58.959999084472656,57.630001068115234,46.84952163696289,69258000,IWM,0
2009-11-16,59.119998931884766,60.68000030517578,59.119998931884766,48.08595657348633,66099700,IWM,0
2009-11-17,60.08000183105469,60.47999954223633,59.7400016784668,48.08595657348633,43026500,IWM,0
2009-11-18,60.349998474121094,60.380001068115234,59.599998474121094,47.99025344848633,54309000,IWM,0
2009-11-19,59.560001373291016,59.65999984741211,58.189998626708984,46.79367446899414,72350600,IWM,0
2009-11-20,58.220001220703125,58.79999923706055,58.09000015258789,46.737831115722656,39780100,IWM,0
2009-11-23,59.40999984741211,60.31999969482422,59.290000915527344,47.5515022277832,57935400,IWM,0
2009-11-24,59.619998931884766,59.630001068115234,58.619998931884766,47.336116790771484,45238000,IWM,0
2009-11-25,59.689998626708984,59.81999969482422,59.2599983215332,47.32814025878906,47641700,IWM,0
2009-11-27,57.150001525878906,58.66999816894531,57.040000915527344,45.9321403503418,51862100,IWM,0
2009-11-30,57.650001525878906,58.25,56.86000061035156,46.33896255493164,77936900,IWM,0
2009-12-01,58.63999938964844,59.22999954223633,58.459999084472656,47.05692672729492,63141300,IWM,0
2009-12-02,59.06999969482422,60.209999084472656,59.060001373291016,47.61530685424805,71220600,IWM,0
2009-12-03,59.97999954223633,60.369998931884766,58.93000030517578,47.03298568725586,53866100,IWM,0
2009-12-04,60.20000076293945,60.869998931884766,59.279998779296875,48.197662353515625,100434300,IWM,0
2009-12-07,60.40999984741211,60.84000015258789,60.11000061035156,48.269439697265625,55543100,IWM,0
2009-12-08,60.13999938964844,60.470001220703125,59.380001068115234,47.89451217651367,59576600,IWM,0
2009-12-09,59.939998626708984,60.099998474121094,59.29999923706055,47.742942810058594,55537000,IWM,0
2009-12-10,60.119998931884766,60.439998626708984,59.36000061035156,47.5515022277832,54319700,IWM,0
2009-12-11,60.029998779296875,60.27000045776367,59.47999954223633,47.99821472167969,50543400,IWM,0
2009-12-14,60.650001525878906,61.380001068115234,59.970001220703125,48.72413635253906,48248700,IWM,0
2009-12-15,60.959999084472656,61.52000045776367,60.779998779296875,48.58852005004883,55378800,IWM,0
2009-12-16,61.29999923706055,61.619998931884766,60.900001525878906,48.89963150024414,56550000,IWM,0
2009-12-17,60.93000030517578,61.16999816894531,60.18000030517578,48.35718536376953,60917400,IWM,0
2009-12-18,61.040000915527344,61.189998626708984,60.31999969482422,48.80392074584961,63876100,IWM,0
2009-12-21,61.630001068115234,62.11000061035156,61.619998931884766,49.450050354003906,47658100,IWM,0
2009-12-22,62.04999923706055,62.650001525878906,61.91999816894531,49.9127311706543,38750700,IWM,0
2009-12-23,62.70000076293945,63.15999984741211,62.279998779296875,50.55587387084961,49503600,IWM,0
2009-12-24,63.290000915527344,63.38999938964844,63.130001068115234,50.748104095458984,16521900,IWM,0
2009-12-28,63.59000015258789,63.61000061035156,62.970001220703125,50.66801452636719,35784500,IWM,0
2009-12-29,63.41999816894531,63.529998779296875,63.18000030517578,50.64398193359375,24085300,IWM,0
2009-12-30,63.040000915527344,63.4900016784668,62.650001525878906,50.6119384765625,45268900,IWM,0
2009-12-31,63.22999954223633,63.56999969482422,62.2599983215332,50.01123046875,34407900,IWM,0
2010-01-04,63.290000915527344,64.04000091552734,63.27000045776367,51.244686126708984,42863900,IWM,0
2010-01-05,63.880001068115234,64.18000030517578,63.4900016784668,51.068477630615234,55523100,IWM,0
2010-01-06,63.7599983215332,64.0999984741211,63.540000915527344,51.02042770385742,59708600,IWM,0
2010-01-07,63.7400016784668,64.22000122070312,63.13999938964844,51.396888732910156,56123500,IWM,0
2010-01-08,63.939998626708984,64.5199966430664,63.79999923706055,51.67721939086914,48811500,IWM,0
2010-01-11,64.77999877929688,64.87999725341797,64.01000213623047,51.468963623046875,51638900,IWM,0
2010-01-12,63.86000061035156,64.16000366210938,63.2599983215332,50.908294677734375,45854900,IWM,0
2010-01-13,63.779998779296875,64.51000213623047,63.22999954223633,51.56507110595703,39501900,IWM,0
2010-01-14,64.13999938964844,64.81999969482422,64.0199966430664,51.75729751586914,41859800,IWM,0
2010-01-15,64.6500015258789,64.80000305175781,63.27000045776367,51.00441360473633,68725100,IWM,0
2010-01-19,63.91999816894531,64.87000274658203,63.91999816894531,51.941532135009766,46839000,IWM,0
2010-01-20,64.38999938964844,64.4000015258789,63.189998626708984,51.18863296508789,62485000,IWM,0
2010-01-21,63.959999084472656,64.4800033569336,62.63999938964844,50.3476448059082,98323100,IWM,0
2010-01-22,62.7599983215332,63.060001373291016,61.18000030517578,49.44256591796875,83757000,IWM,0
2010-01-25,62.08000183105469,62.150001525878906,61.33000183105469,49.49862289428711,62298700,IWM,0
2010-01-26,61.56999969482422,62.029998779296875,61.13999938964844,49.01005554199219,58213200,IWM,0
2010-01-27,60.91999816894531,61.939998626708984,60.709999084472656,49.53067398071289,72565800,IWM,0
2010-01-28,61.959999084472656,61.9900016784668,60.220001220703125,48.68166732788086,93814200,IWM,0
2010-01-29,61.029998779296875,61.689998626708984,59.970001220703125,48.14503860473633,79325600,IWM,0
2010-02-01,60.38999938964844,60.939998626708984,60.15999984741211,48.71371078491211,60731800,IWM,0
2010-02-02,60.93000030517578,61.560001373291016,60.619998931884766,49.25034713745117,71047700,IWM,0
2010-02-03,61.20000076293945,61.630001068115234,60.59000015258789,48.92195129394531,50241000,IWM,0
2010-02-04,60.65999984741211,60.68000030517578,58.9900016784668,47.28802490234375,99167300,IWM,0
2010-02-05,59.16999816894531,59.33000183105469,58,47.472232818603516,106752200,IWM,0
2010-02-08,59.08000183105469,59.599998474121094,58.619998931884766,46.999671936035156,61579200,IWM,0
2010-02-09,59.380001068115234,59.93000030517578,58.75,47.64844512939453,91986700,IWM,0
2010-02-10,59.310001373291016,59.779998779296875,58.689998626708984,47.76057052612305,55715500,IWM,0
2010-02-11,59.459999084472656,60.619998931884766,59,48.521480560302734,51969700,IWM,0
2010-02-12,60,61.099998474121094,59.810001373291016,48.87389373779297,65909800,IWM,0
2010-02-16,61.65999984741211,62.11000061035156,61.08000183105469,49.69886779785156,50057600,IWM,0
2010-02-17,62.36000061035156,62.61000061035156,61.9900016784668,50.03525924682617,50459400,IWM,0
2010-02-18,62.470001220703125,63,62.25,50.44375228881836,43072800,IWM,0
2010-02-19,62.7400016784668,63.380001068115234,62.61000061035156,50.5078239440918,56840800,IWM,0
2010-02-22,63.41999816894531,63.45000076293945,63.02000045776367,50.6600227355957,45344900,IWM,0
2010-02-23,63.15999984741211,63.25,62.33000183105469,50.067298889160156,58965400,IWM,0
2010-02-24,62.7400016784668,63.349998474121094,62.54999923706055,50.49179458618164,50476000,IWM,0
2010-02-25,62.18000030517578,63.119998931884766,61.97999954223633,50.5078239440918,51949700,IWM,0
2010-02-26,63.15999984741211,63.209999084472656,62.459999084472656,50.29956817626953,60093900,IWM,0
2010-03-01,63.2599983215332,64.31999969482422,63.2599983215332,51.468963623046875,70967800,IWM,0
2010-03-02,64.5,65.1500015258789,64.4000015258789,51.861419677734375,55605300,IWM,0
2010-03-03,65.06999969482422,65.48999786376953,64.77999877929688,52.15777587890625,56207500,IWM,0
2010-03-04,65.13999938964844,65.37000274658203,64.87000274658203,52.29393768310547,47174200,IWM,0
2010-03-05,65.70999908447266,66.72000122070312,65.5,53.35921096801758,52293900,IWM,0
2010-03-08,66.63999938964844,66.93000030517578,66.5199966430664,53.455318450927734,46046400,IWM,0
2010-03-09,66.55000305175781,67.48999786376953,66.52999877929688,53.64753341674805,70685800,IWM,0
2010-03-10,67.04000091552734,67.9000015258789,67.01000213623047,54.104087829589844,73655200,IWM,0
2010-03-11,67.13999938964844,67.86000061035156,66.9000015258789,54.264278411865234,59964100,IWM,0
2010-03-12,68.0999984741211,68.12999725341797,67.26000213623047,54.240238189697266,61862000,IWM,0
2010-03-15,67.68000030517578,67.80999755859375,67,54.0560188293457,49862700,IWM,0
2010-03-16,67.83000183105469,68.0999984741211,67.33999633789062,54.520606994628906,52874400,IWM,0
2010-03-17,68.22000122070312,68.87999725341797,68.19999694824219,54.8409538269043,53589100,IWM,0
2010-03-18,68.44000244140625,68.77999877929688,68.13999938964844,54.672752380371094,71527500,IWM,0
2010-03-19,67.41000366210938,68.51000213623047,67.16000366210938,53.99195861816406,80546500,IWM,0
2010-03-22,66.93000030517578,68.51000213623047,66.77999877929688,54.75284957885742,56679400,IWM,0
2010-03-23,68.41999816894531,69.25,68.11000061035156,55.449676513671875,61187700,IWM,0
2010-03-24,68.68000030517578,68.97000122070312,68.25,54.81697463989258,59664500,IWM,0
2010-03-25,68.87000274658203,69.36000061035156,67.79000091552734,54.47170639038086,66977000,IWM,0
2010-03-26,68.12000274658203,68.56999969482422,67.55999755859375,54.44761276245117,58114700,IWM,0
2010-03-29,68.11000061035156,68.4000015258789,67.80999755859375,54.74468994140625,38646400,IWM,0
2010-03-30,68.29000091552734,68.73999786376953,67.87000274658203,54.91331481933594,35773100,IWM,0
2010-03-31,68.12999725341797,68.80999755859375,67.79000091552734,54.43959045410156,59821600,IWM,0
2010-04-01,68.33000183105469,68.69000244140625,67.38999938964844,54.945438385009766,58838700,IWM,0
2010-04-05,68.61000061035156,69.76000213623047,68.44000244140625,55.97319793701172,52020600,IWM,0
2010-04-06,69.47000122070312,70.29000091552734,69.33000183105469,56.30241394042969,50203600,IWM,0
2010-04-07,70.04000091552734,70.30999755859375,69.44999694824219,56.12576675415039,71418200,IWM,0
2010-04-08,69.69999694824219,70.19999694824219,69.16000366210938,56.069541931152344,54603600,IWM,0
2010-04-09,69.94000244140625,70.26000213623047,69.5,56.406776428222656,53070100,IWM,0
2010-04-12,70.27999877929688,70.68000030517578,70.12000274658203,56.6396369934082,49301000,IWM,0
2010-04-13,70.38999938964844,70.73999786376953,69.94000244140625,56.76811218261719,42151000,IWM,0
2010-04-14,71.11000061035156,72.20999908447266,70.98999786376953,57.98055648803711,62041600,IWM,0
2010-04-15,72.18000030517578,72.58000183105469,72.08999633789062,58.15721130371094,55141800,IWM,0
2010-04-16,72.23999786376953,72.47000122070312,70.94000244140625,57.37834548950195,93241600,IWM,0
2010-04-19,71.05999755859375,71.7699966430664,69.77999877929688,57.09730529785156,85284600,IWM,0
2010-04-20,71.48999786376953,72.12999725341797,71.18000030517578,57.87618637084961,50736600,IWM,0
2010-04-21,72.19999694824219,72.72000122070312,71.91999816894531,58.27763748168945,60382500,IWM,0
2010-04-22,71.83999633789062,73.48999786376953,71.45999908447266,58.89592742919922,79289500,IWM,0
2010-04-23,73.48999786376953,74.20999908447266,72.63999938964844,59.522212982177734,66271100,IWM,0
2010-04-26,74.16999816894531,74.66000366210938,73.83000183105469,59.29738235473633,62710000,IWM,0
2010-04-27,73.55000305175781,74.23999786376953,72.0199966430664,57.94038391113281,101050200,IWM,0
2010-04-28,72.56999969482422,72.77999877929688,71.91999816894531,58.0367546081543,79762700,IWM,0
2010-04-29,72.81999969482422,73.83999633789062,72.37999725341797,59.26527786254883,68869600,IWM,0
2010-04-30,73.80000305175781,73.93000030517578,71.56999969482422,57.53092956542969,88759100,IWM,0
2010-05-03,72.0999984741211,73.30999755859375,72.05999755859375,58.82366180419922,53775400,IWM,0
2010-05-04,72.19000244140625,72.19999694824219,70.52999877929688,56.97686004638672,105727600,IWM,0
2010-05-05,70.37999725341797,70.94999694824219,69.38999938964844,56.14179611206055,110340400,IWM,0
2010-05-06,69.41999816894531,70.19000244140625,63.36000061035156,54.03812789916992,195388200,IWM,0
2010-05-07,66.70999908447266,67.62000274658203,64.63999938964844,52.48039627075195,189573100,IWM,0
2010-05-10,68.55000305175781,69.05999755859375,67.69999694824219,55.42719650268555,107703400,IWM,0
2010-05-11,68.20999908447266,70.5199966430664,67.9800033569336,55.79655075073242,100027800,IWM,0
2010-05-12,69.8499984741211,71.69999694824219,69.79000091552734,57.50681686401367,84618400,IWM,0
2010-05-13,71.45999908447266,72.0999984741211,70.58999633789062,56.95280456542969,78553600,IWM,0
2010-05-14,70.47000122070312,70.5,68.62000274658203,55.85276412963867,86134200,IWM,0
2010-05-17,70,70.56999969482422,67.75,55.9571418762207,78565900,IWM,0
2010-05-18,70.5999984741211,70.80000305175781,68.12999725341797,54.881202697753906,87146900,IWM,0
2010-05-19,68.04000091552734,68.80000305175781,66.58000183105469,54.23081588745117,107292800,IWM,0
2010-05-20,65.7699966430664,66.12000274658203,64.08000183105469,51.4847526550293,166841100,IWM,0
2010-05-21,63.06999969482422,65.63999938964844,62.7599983215332,52.247535705566406,139644500,IWM,0
2010-05-24,64.80000305175781,65.41000366210938,64.13999938964844,51.54896545410156,75991800,IWM,0
2010-05-25,62.79999923706055,64.23999786376953,61.709999084472656,51.54094314575195,110830700,IWM,0
2010-05-26,64.44000244140625,65.94999694824219,63.97999954223633,51.66941833496094,104172900,IWM,0
2010-05-27,65.95999908447266,67.13999938964844,64.3499984741211,53.88555145263672,86856200,IWM,0
2010-05-28,66.91000366210938,67.16999816894531,65.7300033569336,53.19501495361328,92369800,IWM,0
2010-06-01,65.5999984741211,66.47000122070312,64.19000244140625,51.581111907958984,88420300,IWM,0
2010-06-02,64.62999725341797,66.0999984741211,64.0199966430664,53.05048751831055,61553800,IWM,0
2010-06-03,66.19999694824219,67.08999633789062,65.87000274658203,53.73297882080078,74864100,IWM,0
2010-06-04,65.11000061035156,65.69999694824219,63.369998931884766,51.035099029541016,105547200,IWM,0
2010-06-07,63.84000015258789,64.11000061035156,61.86000061035156,49.718265533447266,88434200,IWM,0
2010-06-08,62.11000061035156,62.599998474121094,60.70000076293945,49.694175720214844,129072000,IWM,0
2010-06-09,62.369998931884766,63.41999816894531,61.59000015258789,49.72629165649414,108638000,IWM,0
2010-06-10,63.029998779296875,64.08000183105469,62.79999923706055,51.44461441040039,75497300,IWM,0
2010-06-11,63.290000915527344,65.02999877929688,63.18000030517578,52.14316177368164,65295200,IWM,0
2010-06-14,65.80000305175781,66.5,65.16000366210938,52.47237014770508,70543000,IWM,0
2010-06-15,65.91999816894531,67.16999816894531,65.36000061035156,53.78919219970703,72336400,IWM,0
2010-06-16,66.4000015258789,67.37999725341797,66.25,53.540279388427734,62369400,IWM,0
2010-06-17,67.08000183105469,67.19999694824219,65.97000122070312,53.60451889038086,67327600,IWM,0
2010-06-18,66.97000122070312,67.52999877929688,66.44999694824219,53.636634826660156,52760900,IWM,0
2010-06-21,67.87000274658203,68,65.72000122070312,53.08260726928711,58648400,IWM,0
2010-06-22,66.36000061035156,67.0999984741211,64.66999816894531,51.99059295654297,70827400,IWM,0
2010-06-23,64.58000183105469,65.26000213623047,63.810001373291016,51.8460693359375,70315300,IWM,0
2010-06-24,64.02999877929688,64.52999877929688,63.38999938964844,51.01904296875,72504900,IWM,0
2010-06-25,63.779998779296875,64.91999816894531,63.20000076293945,51.894248962402344,87177700,IWM,0
2010-06-28,64.58999633789062,65.23999786376953,63.90999984741211,51.5971565246582,64643900,IWM,0
2010-06-29,63.220001220703125,63.220001220703125,61.380001068115234,49.64600372314453,110269700,IWM,0
2010-06-30,61.630001068115234,62.619998931884766,60.939998626708984,49.075897216796875,93806400,IWM,0
2010-07-01,61.20000076293945,61.400001525878906,59.119998931884766,48.72262954711914,114225800,IWM,0
2010-07-02,60.75,60.88999938964844,59.41999816894531,48.19010925292969,72084200,IWM,0
2010-07-06,60.86000061035156,61.5,58.65999984741211,47.56178283691406,89452600,IWM,0
2010-07-07,59.220001220703125,61.150001525878906,58.9900016784668,49.221275329589844,79640200,IWM,0
2010-07-08,61.77000045776367,62.11000061035156,61.040000915527344,49.930198669433594,58770100,IWM,0
2010-07-09,61.97999954223633,62.939998626708984,61.77000045776367,50.70354080200195,38202700,IWM,0
2010-07-12,62.7599983215332,63.18000030517578,61.619998931884766,50.13159942626953,43038300,IWM,0
2010-07-13,63.08000183105469,64.44000244140625,62.84000015258789,51.71857833862305,83581200,IWM,0
2010-07-14,64.0199966430664,64.38999938964844,63.470001220703125,51.533294677734375,52526100,IWM,0
2010-07-15,64.0999984741211,64.0999984741211,62.61000061035156,51.05802536010742,71044000,IWM,0
2010-07-16,62.90999984741211,63.040000915527344,60.88999938964844,49.19712448120117,98127500,IWM,0
2010-07-19,61.27000045776367,61.47999954223633,60.150001525878906,49.40657043457031,63879600,IWM,0
2010-07-20,60.45000076293945,62.470001220703125,60.209999084472656,50.236305236816406,71430700,IWM,0
2010-07-21,62.849998474121094,62.970001220703125,61.099998474121094,49.334068298339844,68456600,IWM,0
2010-07-22,62.18000030517578,63.65999984741211,62.16999816894531,51.090248107910156,81000700,IWM,0
2010-07-23,63.11000061035156,65.11000061035156,62.939998626708984,52.34697341918945,73916800,IWM,0
2010-07-26,65.26000213623047,66.5199966430664,64.91999816894531,53.539207458496094,66248300,IWM,0
2010-07-27,67.05999755859375,67.2699966430664,65.9800033569336,53.34587860107422,84127100,IWM,0
2010-07-28,66.12999725341797,66.43000030517578,64.77999877929688,52.4838981628418,59705100,IWM,0
2010-07-29,65.70999908447266,65.98999786376953,63.95000076293945,52.34697341918945,63214400,IWM,0
2010-07-30,64.0999984741211,65.61000061035156,63.81999969482422,52.37916564941406,67453000,IWM,0
2010-08-02,66.16999816894531,66.54000091552734,65.58999633789062,53.28947830200195,49896600,IWM,0
2010-08-03,65.93000030517578,66.52999877929688,65.08999633789062,52.862525939941406,51145700,IWM,0
2010-08-04,65.9800033569336,66.4800033569336,65.70999908447266,53.418365478515625,40817400,IWM,0
2010-08-05,65.66000366210938,66.20999908447266,65.45999908447266,52.7900276184082,37991000,IWM,0
2010-08-06,64.44999694824219,65.41000366210938,63.86000061035156,52.475833892822266,62483200,IWM,0
2010-08-09,65.62000274658203,66.11000061035156,64.8499984741211,53.05586624145508,35100700,IWM,0
2010-08-10,65.20999908447266,65.41000366210938,64.12999725341797,52.05693435668945,59841700,IWM,0
2010-08-11,63.33000183105469,63.33000183105469,61.90999984741211,50.01074981689453,87392600,IWM,0
2010-08-12,60.849998474121094,62.150001525878906,60.7599983215332,49.761024475097656,63300200,IWM,0
2010-08-13,61.5,61.68000030517578,60.970001220703125,49.19712448120117,68238000,IWM,0
2010-08-16,60.63999938964844,61.91999816894531,60.380001068115234,49.59184646606445,51371000,IWM,0
2010-08-17,62.220001220703125,63.150001525878906,61.86000061035156,50.445762634277344,54593200,IWM,0
2010-08-18,62.54999923706055,63.43000030517578,61.939998626708984,50.598819732666016,61766600,IWM,0
2010-08-19,62.59000015258789,62.849998474121094,60.939998626708984,49.213218688964844,89236900,IWM,0
2010-08-20,60.869998931884766,61.189998626708984,60.13999938964844,49.26156997680664,64085700,IWM,0
2010-08-23,61.599998474121094,61.91999816894531,60.279998779296875,48.592918395996094,55423700,IWM,0
2010-08-24,59.36000061035156,60.31999969482422,58.79999923706055,48.037071228027344,78875300,IWM,0
2010-08-25,59.13999938964844,60.68000030517578,58.88999938964844,48.762107849121094,64025300,IWM,0
2010-08-26,60.75,61.279998779296875,59.86000061035156,48.39957809448242,74569900,IWM,0
2010-08-27,60.77000045776367,61.79999923706055,59.560001373291016,49.66434860229492,72003600,IWM,0
2010-08-30,61.349998474121094,61.65999984741211,60.27000045776367,48.576812744140625,42401800,IWM,0
2010-08-31,60.150001525878906,60.90999984741211,59.68000030517578,48.48014831542969,60625100,IWM,0
2010-09-01,61.22999954223633,62.54999923706055,61.02000045776367,50.357147216796875,62585200,IWM,0
2010-09-02,62.4900016784668,63.380001068115234,62.27000045776367,50.913021087646484,45824200,IWM,0
2010-09-03,64.16000366210938,64.52999877929688,63.61000061035156,51.82332229614258,51986300,IWM,0
2010-09-07,64.12999725341797,64.13999938964844,62.90999984741211,50.84049987792969,48881600,IWM,0
2010-09-08,63.2599983215332,63.9900016784668,63.22999954223633,51.138572692871094,58863300,IWM,0
2010-09-09,64.44999694824219,64.4800033569336,63.040000915527344,51.17079544067383,52494300,IWM,0
2010-09-10,63.7599983215332,64.11000061035156,63.349998474121094,51.33190155029297,46973500,IWM,0
2010-09-13,64.44999694824219,65.4800033569336,64.31999969482422,52.5805778503418,60551500,IWM,0
2010-09-14,65.12999725341797,65.62000274658203,64.76000213623047,52.355010986328125,55811200,IWM,0
2010-09-15,64.80999755859375,65.56999969482422,64.33000183105469,52.653076171875,63008500,IWM,0
2010-09-16,65.19999694824219,65.41000366210938,64.38999938964844,52.314720153808594,52659700,IWM,0
2010-09-17,65.4000015258789,65.5199966430664,64.27999877929688,52.53223419189453,61775400,IWM,0
2010-09-20,65.41999816894531,67.19999694824219,64.97000122070312,53.99034118652344,70669500,IWM,0
2010-09-21,67.0199966430664,67.43000030517578,66.52999877929688,53.67615509033203,64974200,IWM,0
2010-09-22,66.44999694824219,66.9000015258789,65.33000183105469,53.03974914550781,65225800,IWM,0
2010-09-23,65.1500015258789,66.16000366210938,64.66000366210938,52.39768981933594,62724700,IWM,0
2010-09-24,65.79000091552734,67.05999755859375,65.69000244140625,54.10176467895508,71675000,IWM,0
2010-09-27,67.01000213623047,67.16000366210938,66.51000213623047,53.96446990966797,48357100,IWM,0
2010-09-28,66.97000122070312,67.62999725341797,65.75,54.49749755859375,66176700,IWM,0
2010-09-29,67.37999725341797,67.94999694824219,67.12000274658203,54.65095138549805,53580600,IWM,0
2010-09-30,68.16999816894531,68.55000305175781,66.94999694824219,54.513633728027344,81818000,IWM,0
2010-10-01,68.13999938964844,68.26000213623047,67.25,54.804378509521484,61763500,IWM,0
2010-10-04,67.68000030517578,68.0999984741211,66.4800033569336,54.06138229370117,56292700,IWM,0
2010-10-05,67.68000030517578,69.01000213623047,67.25,55.5958366394043,77655500,IWM,0
2010-10-06,68.77999877929688,69.05999755859375,68.22000122070312,55.41009521484375,43163400,IWM,0
2010-10-07,69.0199966430664,69.08000183105469,67.91999816894531,55.24857711791992,39955400,IWM,0
2010-10-08,68.51000213623047,69.66000366210938,68.13999938964844,55.95117950439453,59953200,IWM,0
2010-10-11,69.33999633789062,69.86000061035156,69.13999938964844,55.999637603759766,37345900,IWM,0
2010-10-12,69.16000366210938,69.81999969482422,68.41000366210938,56.1450080871582,51099800,IWM,0
2010-10-13,69.98999786376953,71.13999938964844,69.7699966430664,57.00108337402344,58582200,IWM,0
2010-10-14,70.62999725341797,70.94999694824219,69.88999938964844,56.960693359375,70382100,IWM,0
2010-10-15,71.13999938964844,71.25,69.88999938964844,56.766883850097656,74953500,IWM,0
2010-10-18,70.55999755859375,71.02999877929688,70.26000213623047,57.24335479736328,39841500,IWM,0
2010-10-19,70.04000091552734,70.76000213623047,68.94999694824219,56.12886047363281,64627600,IWM,0
2010-10-20,69.83999633789062,70.62999725341797,69.43000030517578,56.702247619628906,54118800,IWM,0
2010-10-21,70.55999755859375,71.08999633789062,68.95999908447266,56.427677154541016,62505300,IWM,0
2010-10-22,70.04000091552734,70.38999938964844,69.76000213623047,56.79109191894531,26267800,IWM,0
2010-10-25,70.83999633789062,71.55999755859375,70.36000061035156,57.13029098510742,36095900,IWM,0
2010-10-26,70.36000061035156,71.16999816894531,69.98999786376953,57.08992004394531,37884100,IWM,0
2010-10-27,70.20999908447266,70.62000274658203,69.54000091552734,56.94453811645508,53515400,IWM,0
2010-10-28,71.05999755859375,71.12000274658203,69.75,56.5972785949707,48482400,IWM,0
2010-10-29,69.87999725341797,70.66999816894531,69.83000183105469,56.77492904663086,40455100,IWM,0
2010-11-01,70.66000366210938,71.16999816894531,69.30999755859375,56.38731002807617,47357500,IWM,0
2010-11-02,70.66999816894531,71.30999755859375,70.2699966430664,57.55835723876953,55102800,IWM,0
2010-11-03,71.36000061035156,71.62000274658203,70.5,57.784454345703125,58044500,IWM,0
2010-11-04,72.86000061035156,73.37999725341797,72.62000274658203,59.24623107910156,60908000,IWM,0
2010-11-05,73.44999694824219,74,73.30000305175781,59.57733917236328,45659100,IWM,0
2010-11-08,73.52999877929688,73.91000366210938,73.12000274658203,59.52890396118164,31656700,IWM,0
2010-11-09,73.91000366210938,74.05000305175781,72.33000183105469,58.7374382019043,48438600,IWM,0
2010-11-10,72.83000183105469,73.55000305175781,72.11000061035156,59.3916015625,53667600,IWM,0
2010-11-11,72.7300033569336,73.54000091552734,72.45999908447266,59.15738296508789,42989400,IWM,0
2010-11-12,72.52999877929688,73.0999984741211,71.9000015258789,58.17210388183594,48799200,IWM,0
2010-11-15,72.37999725341797,72.8499984741211,71.97000122070312,58.18016815185547,38922600,IWM,0
2010-11-16,71.5,71.68000030517578,70.1500015258789,57.04955291748047,69965600,IWM,0
2010-11-17,70.80000305175781,71.0199966430664,70.4000015258789,57.20298385620117,39512500,IWM,0
2010-11-18,71.66999816894531,72.58000183105469,71.66000366210938,58.317481994628906,52638700,IWM,0
2010-11-19,72,72.61000061035156,71.52999877929688,58.51131057739258,32830300,IWM,0
2010-11-22,72.16999816894531,72.98999786376953,71.73999786376953,58.7939567565918,42163100,IWM,0
2010-11-23,71.91999816894531,72.23999786376953,71.5,58.236724853515625,52202300,IWM,0
2010-11-24,72.76000213623047,73.75,72.75,59.54507064819336,42138400,IWM,0
2010-11-26,73.27999877929688,73.7300033569336,73.12999725341797,59.13317108154297,19004000,IWM,0
2010-11-29,72.94999694824219,73.51000213623047,72.02999877929688,59.22198486328125,47897000,IWM,0
2010-11-30,72.4800033569336,73.25,72.18000030517578,58.75358963012695,68631800,IWM,0
2010-12-01,74.12000274658203,74.56999969482422,72.80999755859375,60.06999206542969,59974000,IWM,0
2010-12-02,74.47000122070312,75.29000091552734,74.36000061035156,60.67567443847656,42529200,IWM,0
2010-12-03,74.83000183105469,75.9000015258789,74.76000213623047,61.111812591552734,36549400,IWM,0
2010-12-06,75.63999938964844,76.3499984741211,75.5,61.49137496948242,36177500,IWM,0
2010-12-07,77.05999755859375,77.23999786376953,76.41000366210938,61.84674072265625,66769100,IWM,0
2010-12-08,76.75,77.01000213623047,76.37000274658203,61.80633544921875,40388800,IWM,0
2010-12-09,77.08000183105469,77.08000183105469,76.4800033569336,62.01630401611328,49384000,IWM,0
2010-12-10,77.05000305175781,77.94000244140625,76.7699966430664,62.7916259765625,43303000,IWM,0
2010-12-13,78.05999755859375,78.19000244140625,77.31999969482422,62.46856689453125,43025600,IWM,0
2010-12-14,77.70999908447266,77.72000122070312,77.18000030517578,62.43628692626953,60000700,IWM,0
2010-12-15,77.25,78.05999755859375,76.91999816894531,62.242469787597656,52002400,IWM,0
2010-12-16,77.18000030517578,77.97000122070312,76.86000061035156,62.81585693359375,57936100,IWM,0
2010-12-17,77.86000061035156,78.16999816894531,77.29000091552734,63.00968933105469,40362300,IWM,0
2010-12-20,78.30999755859375,78.80999755859375,77.93000030517578,63.260066986083984,42692700,IWM,0
2010-12-21,78.6500015258789,79.27999877929688,78.58999633789062,63.96266174316406,30166800,IWM,0
2010-12-22,79.02999877929688,79.18000030517578,78.72000122070312,63.944007873535156,29812300,IWM,0
2010-12-23,78.95999908447266,79.12000274658203,78.61000061035156,63.862892150878906,25239600,IWM,0
2010-12-27,78.47000122070312,79.0999984741211,78.30999755859375,64.05760192871094,15770300,IWM,0
2010-12-28,79.11000061035156,79.16000366210938,78.5199966430664,63.87908172607422,25827900,IWM,0
2010-12-29,78.8499984741211,79.0199966430664,78.75,64.01704406738281,18138800,IWM,0
2010-12-30,78.83999633789062,79.22000122070312,78.76000213623047,63.89533615112305,37997400,IWM,0
2010-12-31,78.66999816894531,78.87999725341797,78.16999816894531,63.47346878051758,33323500,IWM,0
2011-01-03,78.94000244140625,80.0199966430664,78.7300033569336,64.57682037353516,48878000,IWM,0
2011-01-04,79.83999633789062,79.9000015258789,77.56999969482422,63.619503021240234,77509000,IWM,0
2011-01-05,78.4000015258789,79.36000061035156,78.11000061035156,64.36585998535156,47145300,IWM,0
2011-01-06,79.4000015258789,79.52999877929688,78.6500015258789,64.06568145751953,39392300,IWM,0
2011-01-07,79.23999786376953,79.44000244140625,77.44000244140625,63.70063400268555,59486800,IWM,0
2011-01-10,78.23999786376953,79.29000091552734,77.62000274658203,64.06568145751953,55020300,IWM,0
2011-01-11,79.36000061035156,79.68000030517578,78.87000274658203,64.32530212402344,42124300,IWM,0
2011-01-12,79.94000244140625,80.12999725341797,79.51000213623047,64.87696838378906,38442600,IWM,0
2011-01-13,79.98999786376953,80.30000305175781,79.56999969482422,64.8526382446289,29687600,IWM,0
2011-01-14,79.86000061035156,80.68000030517578,79.69000244140625,65.33938598632812,38036700,IWM,0
2011-01-18,80.29000091552734,80.62999725341797,79.87000274658203,65.38805389404297,37824100,IWM,0
2011-01-19,80.56999969482422,80.69999694824219,78.36000061035156,63.708740234375,70707400,IWM,0
2011-01-20,78.13999938964844,78.54000091552734,77.33999633789062,63.04352951049805,79653000,IWM,0
2011-01-21,78.20999908447266,78.23999786376953,77.12000274658203,62.62165451049805,56676500,IWM,0
2011-01-24,77.19999694824219,78.06999969482422,77.08999633789062,63.0840950012207,48142600,IWM,0
2011-01-25,77.30999755859375,77.9000015258789,76.94999694824219,63.181427001953125,47013400,IWM,0
2011-01-26,78,79.37999725341797,77.75,64.18740844726562,65896200,IWM,0
2011-01-27,79.12000274658203,79.66999816894531,78.7300033569336,64.37400817871094,48174800,IWM,0
2011-01-28,79.30999755859375,79.44999694824219,77.33000183105469,62.800140380859375,91023700,IWM,0
2011-01-31,77.87000274658203,78.5,77.25,63.238197326660156,53265200,IWM,0
2011-02-01,78.58000183105469,80.01000213623047,78.37000274658203,64.6985092163086,57786700,IWM,0
2011-02-02,79.58999633789062,80.12999725341797,79.41999816894531,64.45513153076172,39937400,IWM,0
2011-02-03,79.38999938964844,79.8499984741211,78.5,64.6822738647461,41156200,IWM,0
2011-02-04,79.5999984741211,79.97000122070312,79.23999786376953,64.79586791992188,39532700,IWM,0
2011-02-07,79.9800033569336,81.25,79.91000366210938,65.43672180175781,40835200,IWM,0
2011-02-08,80.66000366210938,81.2699966430664,80.33999633789062,65.89916229248047,37563900,IWM,0
2011-02-09,81.01000213623047,81.30000305175781,80.41999816894531,65.60710906982422,43298900,IWM,0
2011-02-10,80.33000183105469,81.29000091552734,80.23999786376953,65.8667221069336,48001000,IWM,0
2011-02-11,80.88999938964844,82.0999984741211,80.79000091552734,66.58061981201172,38579100,IWM,0
2011-02-14,82.11000061035156,82.61000061035156,82.05000305175781,66.92134857177734,36730500,IWM,0
2011-02-15,82.2699966430664,82.48999786376953,81.83000183105469,66.5400619506836,42908600,IWM,0
2011-02-16,82.20999908447266,82.81999969482422,82.18000030517578,67.07551574707031,38284700,IWM,0
2011-02-17,82.5999984741211,83.51000213623047,82.44999694824219,67.54603576660156,34891200,IWM,0
2011-02-18,83.44999694824219,83.7699966430664,83.04000091552734,67.61905670166016,39514200,IWM,0
2011-02-22,82.7300033569336,83.0199966430664,81.08999633789062,65.88292694091797,68370300,IWM,0
2011-02-23,81.37000274658203,81.44000244140625,79.29000091552734,64.74717712402344,91258600,IWM,0
2011-02-24,79.95999908447266,80.72000122070312,79.36000061035156,65.16089630126953,85126500,IWM,0
2011-02-25,80.69999694824219,82.20999908447266,80.63999938964844,66.66986846923828,58566800,IWM,0
2011-02-28,82.6500015258789,82.83999633789062,81.58999633789062,66.74287414550781,49869300,IWM,0
2011-03-01,82.58000183105469,82.63999938964844,80.3499984741211,65.40432739257812,70865100,IWM,0
2011-03-02,80.52999877929688,81.37000274658203,80.23999786376953,65.68013763427734,61072300,IWM,0
2011-03-03,81.7699966430664,83.0199966430664,81.02999877929688,67.1728744506836,78937600,IWM,0
2011-03-04,82.79000091552734,82.83999633789062,81.6500015258789,66.88079833984375,60907100,IWM,0
2011-03-07,82.76000213623047,82.81999969482422,80.41000366210938,65.78558349609375,90777900,IWM,0
2011-03-08,81.16000366210938,82.80999755859375,80.55000305175781,66.85645294189453,67755300,IWM,0
2011-03-09,82.25,82.58000183105469,81.75,66.58876037597656,51216900,IWM,0
2011-03-10,81,81.02999877929688,79.69999694824219,64.87696838378906,107642100,IWM,0
2011-03-11,79.33999633789062,80.69999694824219,79.27999877929688,65.0473403930664,83202700,IWM,0
2011-03-14,79.33999633789062,80.33000183105469,78.91000366210938,64.6985092163086,60138300,IWM,0
2011-03-15,77.95999908447266,79.66999816894531,77.56999969482422,64.12250518798828,84941700,IWM,0
2011-03-16,78.68000030517578,79.63999938964844,77.76000213623047,63.48155975341797,126014500,IWM,0
2011-03-17,79.33000183105469,79.44000244140625,78.41999816894531,63.619503021240234,63992800,IWM,0
2011-03-18,79.33000183105469,79.58999633789062,79.06999969482422,64.46321105957031,70017700,IWM,0
2011-03-21,80.4800033569336,81.31999969482422,80.36000061035156,65.9559555053711,50638200,IWM,0
2011-03-22,81.41999816894531,81.5999984741211,80.66999816894531,65.60710906982422,52372800,IWM,0
2011-03-23,80.69000244140625,81.36000061035156,79.8499984741211,65.8099136352539,58044700,IWM,0
2011-03-24,81.48999786376953,81.79000091552734,80.73999786376953,66.26436614990234,52850900,IWM,0
2011-03-25,81.9800033569336,83.05999755859375,81.55000305175781,66.84158325195312,78164900,IWM,0
2011-03-28,82.48999786376953,82.76000213623047,81.97000122070312,66.69523620605469,42798300,IWM,0
2011-03-29,82.08999633789062,82.88999938964844,81.58000183105469,67.32122039794922,40967200,IWM,0
2011-03-30,83.16999816894531,83.98999786376953,83.04000091552734,68.19109344482422,42147100,IWM,0
2011-03-31,83.80000305175781,84.29000091552734,83.69999694824219,68.4268569946289,41625800,IWM,0
2011-04-01,84.7699966430664,85.0199966430664,84.25,68.7276611328125,49160200,IWM,0
2011-04-04,84.76000213623047,84.97000122070312,84.54000091552734,68.88211059570312,42236600,IWM,0
2011-04-05,84.68000030517578,85.75,84.5199966430664,69.2560806274414,45454400,IWM,0
2011-04-06,85.62999725341797,85.87999725341797,84.91000366210938,69.41051483154297,59035700,IWM,0
2011-04-07,85.45999908447266,85.77999877929688,84.62000274658203,68.9959487915039,69434400,IWM,0
2011-04-08,85.25,85.36000061035156,83.5999984741211,68.27239227294922,63650400,IWM,0
2011-04-11,84.0199966430664,84.27999877929688,82.9000015258789,67.66265106201172,41784100,IWM,0
2011-04-12,82.79000091552734,83.05000305175781,82.05000305175781,66.77654266357422,58103300,IWM,0
2011-04-13,82.6500015258789,82.80999755859375,81.66999816894531,66.865966796875,80424900,IWM,0
2011-04-14,81.58999633789062,82.70999908447266,81.44999694824219,67.17489624023438,58532300,IWM,0
2011-04-15,82.66000366210938,83.51000213623047,82.26000213623047,67.89030456542969,53690700,IWM,0
2011-04-18,82.25,82.26000213623047,81.43000030517578,66.76841735839844,58593400,IWM,0
2011-04-19,82.41000366210938,82.69999694824219,81.66999816894531,66.7846908569336,31991000,IWM,0
2011-04-20,83.5,83.9000015258789,83.25,68.15044403076172,47061100,IWM,0
2011-04-21,84.33999633789062,84.4800033569336,83.7300033569336,68.65447998046875,30293300,IWM,0
2011-04-25,84.37000274658203,84.52999877929688,83.7699966430664,68.56504821777344,23441400,IWM,0
2011-04-26,84.52999877929688,85.66999816894531,84.3499984741211,69.24794006347656,53200000,IWM,0
2011-04-27,85.2300033569336,85.7699966430664,84.88999938964844,69.66255950927734,44680600,IWM,0
2011-04-28,85.5999984741211,86.5,85.5199966430664,69.97957611083984,43464600,IWM,0
2011-04-29,86.19000244140625,86.68000030517578,85.93000030517578,70.23159790039062,41030900,IWM,0
2011-05-02,86.77999877929688,86.80999755859375,85.27999877929688,69.41051483154297,48962400,IWM,0
2011-05-03,85.29000091552734,85.48999786376953,83.72000122070312,68.53256225585938,56070000,IWM,0
2011-05-04,84.41999816894531,84.45999908447266,82.7300033569336,67.64642333984375,64754600,IWM,0
2011-05-05,82.63999938964844,84.08000183105469,82.41000366210938,67.33746337890625,91858900,IWM,0
2011-05-06,83.76000213623047,84.33999633789062,82.83999633789062,67.69515991210938,76446200,IWM,0
2011-05-09,83.16999816894531,84.33000183105469,83.04000091552734,68.48375701904297,45806800,IWM,0
2011-05-10,84.66999816894531,85.54000091552734,84.55999755859375,69.532470703125,44373700,IWM,0
2011-05-11,85.23999786376953,85.36000061035156,83.55000305175781,68.24797821044922,81313700,IWM,0
2011-05-12,83.47000122070312,84.94000244140625,82.9800033569336,68.849609375,80109400,IWM,0
2011-05-13,84.76000213623047,84.98999786376953,83.2699966430664,67.89030456542969,74669000,IWM,0
2011-05-16,82.95999908447266,83.88999938964844,82.22000122070312,66.89850616455078,68771600,IWM,0
2011-05-17,81.62999725341797,82.31999969482422,81.4000015258789,66.6871337890625,76475100,IWM,0
2011-05-18,82.12999725341797,83.31999969482422,82,67.71145629882812,54512200,IWM,0
2011-05-19,83.86000061035156,83.97000122070312,82.7300033569336,67.85778045654297,52914400,IWM,0
2011-05-20,83.25,83.44999694824219,82.29000091552734,67.36188507080078,56016800,IWM,0
2011-05-23,81.41999816894531,81.94999694824219,81.2300033569336,66.15055084228516,50696600,IWM,0
2011-05-24,81.58999633789062,81.95999908447266,80.83000183105469,65.8335189819336,60223400,IWM,0
2011-05-25,80.7699966430664,82.29000091552734,80.76000213623047,66.66275024414062,60009900,IWM,0
2011-05-26,81.69999694824219,83.12000274658203,81.6500015258789,67.54067993164062,51821300,IWM,0
2011-05-27,83.45999908447266,83.93000030517578,83.26000213623047,68.00408935546875,46619400,IWM,0
2011-05-31,84.61000061035156,84.86000061035156,83.7699966430664,68.97151184082031,77456200,IWM,0
2011-06-01,84.70999908447266,84.81999969482422,82.02999877929688,66.75214385986328,80933800,IWM,0
2011-06-02,82.31999969482422,82.66000366210938,81.5999984741211,66.72775268554688,64666600,IWM,0
2011-06-03,80.80999755859375,81.7300033569336,80.69000244140625,65.75220489501953,76493800,IWM,0
2011-06-06,80.75,81.06999969482422,79.48999786376953,64.67095947265625,63782200,IWM,0
2011-06-07,80.04000091552734,80.43000030517578,79.52999877929688,64.8254165649414,58242200,IWM,0
2011-06-08,79.47000122070312,79.72000122070312,78.70999908447266,64.1019287109375,67740400,IWM,0
2011-06-09,79.08000183105469,79.70999908447266,78.7300033569336,64.44334411621094,58469700,IWM,0
2011-06-10,78.77999877929688,78.91000366210938,77.6500015258789,63.4108772277832,71823100,IWM,0
2011-06-13,78.2300033569336,78.63999938964844,77.3499984741211,63.23202133178711,60285400,IWM,0
2011-06-14,78.44000244140625,79.68000030517578,78.38999938964844,64.58968353271484,66662700,IWM,0
2011-06-15,78.5999984741211,79.20999908447266,77.72000122070312,63.43526077270508,89262000,IWM,0
2011-06-16,78.08999633789062,78.87999725341797,77.2300033569336,63.581600189208984,81849500,IWM,0
2011-06-17,78.98999786376953,79.12999725341797,77.83000183105469,63.59788513183594,77862900,IWM,0
2011-06-20,77.95999908447266,79.2300033569336,77.93000030517578,64.18321228027344,53343900,IWM,0
2011-06-21,79.58000183105469,80.7699966430664,79.41999816894531,65.5733413696289,75970200,IWM,0
2011-06-22,80.22000122070312,81.11000061035156,80.01000213623047,65.06932830810547,55839700,IWM,0
2011-06-23,79.12999725341797,80.51000213623047,78.30000305175781,65.32132720947266,92521100,IWM,0
2011-06-24,80.62999725341797,80.76000213623047,79.47000122070312,64.98802947998047,73865400,IWM,0
2011-06-27,79.91000366210938,80.72000122070312,79.45999908447266,65.49205780029297,51195400,IWM,0
2011-06-28,80.83000183105469,81.8499984741211,80.66999816894531,66.5082778930664,54021800,IWM,0
2011-06-29,82.0999984741211,82.4000015258789,81.44000244140625,66.8253173828125,68230200,IWM,0
2011-06-30,82.41000366210938,83.05000305175781,82.27999877929688,67.31309509277344,59915500,IWM,0
2011-07-01,82.87999725341797,84.2300033569336,82.62000274658203,68.36178588867188,63908100,IWM,0
2011-07-05,83.93000030517578,84.13999938964844,83.52999877929688,68.5265121459961,48268900,IWM,0
2011-07-06,83.91000366210938,84.51000213623047,83.61000061035156,68.80374145507812,57094100,IWM,0
2011-07-07,85.20999908447266,85.97000122070312,84.94000244140625,69.83930206298828,68556600,IWM,0
2011-07-08,84.62000274658203,85.20999908447266,84.31999969482422,69.41531372070312,61977400,IWM,0
2011-07-11,84.05999755859375,84.52999877929688,83.08999633789062,67.93943786621094,59769800,IWM,0
2011-07-12,82.87999725341797,83.7699966430664,82.77999877929688,67.55616760253906,65322100,IWM,0
2011-07-13,83.37999725341797,84.47000122070312,83.22000122070312,68.15959930419922,79327200,IWM,0
2011-07-14,83.75,84.16999816894531,82.05000305175781,67.07506561279297,91726600,IWM,0
2011-07-15,82.61000061035156,82.91000366210938,82.18000030517578,67.52357482910156,75496200,IWM,0
2011-07-18,82.44000244140625,82.62999725341797,81,66.43910217285156,56859700,IWM,0
2011-07-19,82.2300033569336,83.41000366210938,82.18000030517578,67.93943786621094,56060800,IWM,0
2011-07-20,83.3499984741211,83.41999816894531,82.6500015258789,67.82527923583984,40277400,IWM,0
2011-07-21,83.44000244140625,84.30000305175781,83.23999786376953,68.44497680664062,63405500,IWM,0
2011-07-22,83.8499984741211,84.26000213623047,83.4000015258789,68.53468322753906,34540200,IWM,0
2011-07-25,83.0199966430664,83.76000213623047,82.75,67.72743225097656,49764900,IWM,0
2011-07-26,82.87999725341797,83.08999633789062,82.20999908447266,67.21372985839844,52205500,IWM,0
2011-07-27,81.88999938964844,81.91000366210938,79.8499984741211,65.20782470703125,97533300,IWM,0
2011-07-28,79.95999908447266,80.97000122070312,79.69000244140625,65.10182189941406,67439400,IWM,0
2011-07-29,78.72000122070312,80.18000030517578,78.13999938964844,65.0202865600586,93519600,IWM,0
2011-08-01,80.69000244140625,80.98999786376953,78.47000122070312,64.59629821777344,93483200,IWM,0
2011-08-02,78.91999816894531,79.68000030517578,76.61000061035156,62.58221435546875,95669600,IWM,0
2011-08-03,76.69000244140625,77.3499984741211,74.87999725341797,62.99809646606445,114910400,IWM,0
2011-08-04,76.06999969482422,76.20999908447266,72.58999633789062,59.19831466674805,130904800,IWM,0
2011-08-05,73.5199966430664,73.8499984741211,69.66000366210938,58.16273498535156,188585600,IWM,0
2011-08-08,69.01000213623047,71.41000366210938,65.08000183105469,53.099082946777344,170159700,IWM,0
2011-08-09,66.91999816894531,69.62000274658203,63.7599983215332,56.6379280090332,207867000,IWM,0
2011-08-10,67.3499984741211,69.56999969482422,65.87000274658203,53.865562438964844,182376400,IWM,0
2011-08-11,66.51000213623047,70.44000244140625,66.06999969482422,56.556419372558594,121880100,IWM,0
2011-08-12,69.98999786376953,70.5999984741211,68.80000305175781,56.90703582763672,86475800,IWM,0
2011-08-15,70.58000183105469,71.83000183105469,70.37999725341797,58.513370513916016,57616800,IWM,0
2011-08-16,70.58999633789062,71.41000366210938,69.66000366210938,57.43701934814453,79484300,IWM,0
2011-08-17,70.97000122070312,71.5199966430664,69.76000213623047,57.453338623046875,66789100,IWM,0
2011-08-18,68.05999755859375,70.4000015258789,65.81999969482422,54.18357849121094,110692200,IWM,0
2011-08-19,65.01000213623047,67.41000366210938,64.9000015258789,53.229549407958984,99196100,IWM,0
2011-08-22,67.12000274658203,67.19000244140625,64.56999969482422,53.04200744628906,72211900,IWM,0
2011-08-23,65.45999908447266,68.30000305175781,64.86000061035156,55.60236740112305,93274300,IWM,0
2011-08-24,68.12000274658203,69.62999725341797,67.5199966430664,56.425933837890625,67698000,IWM,0
2011-08-25,69.9800033569336,70.29000091552734,67.25,55.03974533081055,80732900,IWM,0
2011-08-26,67.26000213623047,69.31999969482422,66.05999755859375,56.352535247802734,84468500,IWM,0
2011-08-29,70.06999969482422,72.44999694824219,70.04000091552734,59.0189323425293,53069800,IWM,0
2011-08-30,71.9000015258789,73.2699966430664,71.12000274658203,59.36137008666992,67801600,IWM,0
2011-08-31,73.19999694824219,73.88999938964844,71.9000015258789,59.23908233642578,70313900,IWM,0
2011-09-01,72.69999694824219,73.62999725341797,70.69000244140625,57.96704864501953,86788800,IWM,0
2011-09-02,69.36000061035156,70.04000091552734,68.0999984741211,55.822532653808594,78920100,IWM,0
2011-09-06,65.93000030517578,68.30999755859375,65.93000030517578,55.66761016845703,71493900,IWM,0
2011-09-07,69.4000015258789,70.94999694824219,69.06999969482422,57.771339416503906,68952400,IWM,0
2011-09-08,70.33999633789062,71.30000305175781,69.18000030517578,56.711326599121094,71124100,IWM,0
2011-09-09,68.69999694824219,69.12999725341797,66.75,55.03974533081055,99453600,IWM,0
2011-09-12,66.37999725341797,68.25,66.37000274658203,55.5126838684082,100109900,IWM,0
2011-09-13,68.54000091552734,69.45999908447266,67.83000183105469,56.40961837768555,84144100,IWM,0
2011-09-14,69.83999633789062,71.4000015258789,68.44000244140625,57.42072296142578,77019200,IWM,0
2011-09-15,71.06999969482422,71.44000244140625,69.98999786376953,58.22797393798828,74213100,IWM,0
2011-09-16,71.6500015258789,72.02999877929688,70.87999725341797,58.317684173583984,75773300,IWM,0
2011-09-19,70.0999984741211,71.01000213623047,69.44999694824219,57.27394485473633,69216200,IWM,0
2011-09-20,70.48999786376953,71.29000091552734,69.11000061035156,56.385154724121094,63453200,IWM,0
2011-09-21,69.04000091552734,69.62999725341797,66.54000091552734,54.29771423339844,81413800,IWM,0
2011-09-22,64.30000305175781,65.91999816894531,63.4900016784668,52.78107833862305,159808200,IWM,0
2011-09-23,64.25,65.52999877929688,64.0999984741211,53.32133483886719,84086000,IWM,0
2011-09-26,65.83999633789062,66.4800033569336,64.27999877929688,54.32817077636719,75555800,IWM,0
2011-09-27,67.8499984741211,69.38999938964844,67.2699966430664,55.49871826171875,93999600,IWM,0
2011-09-28,67.79000091552734,68.12000274658203,65.0999984741211,53.370452880859375,85412600,IWM,0
2011-09-29,66.7300033569336,67.0199966430664,64.37000274658203,54.29542922973633,73927200,IWM,0
2011-09-30,65.1500015258789,66.18000030517578,64.23999786376953,52.633731842041016,72124900,IWM,0
2011-10-03,63.810001373291016,64.95999908447266,60.849998474121094,49.92428207397461,119485000,IWM,0
2011-10-04,60.31999969482422,64.87999725341797,60.09000015258789,53.03483963012695,165100000,IWM,0
2011-10-05,64.77999877929688,66.12999725341797,63.91999816894531,53.76335144042969,100371000,IWM,0
2011-10-06,65.51000213623047,67.30999755859375,65.1500015258789,54.95844650268555,85789700,IWM,0
2011-10-07,67.37999725341797,67.61000061035156,65.19999694824219,53.61603546142578,93662300,IWM,0
2011-10-10,66.97000122070312,68.37999725341797,65.54000091552734,55.965301513671875,76366700,IWM,0
2011-10-11,67.72000122070312,69.12000274658203,67.54000091552734,56.35002136230469,63173300,IWM,0
2011-10-12,69.37000274658203,70.52999877929688,68.81999969482422,57.152225494384766,88580000,IWM,0
2011-10-13,69.41999816894531,70.12000274658203,68.58000183105469,57.103111267089844,54163300,IWM,0
2011-10-14,70.58000183105469,71.33999633789062,69.80999755859375,58.23273849487305,69768200,IWM,0
2011-10-17,70.51000213623047,70.62000274658203,68.62999725341797,56.46462631225586,57529900,IWM,0
2011-10-18,69.20999908447266,71.29000091552734,67.8499984741211,57.96259689331055,98948000,IWM,0
2011-10-19,70.61000061035156,71.1500015258789,69.06999969482422,56.83296203613281,71071600,IWM,0
2011-10-20,69.55999755859375,69.7300033569336,67.75,56.9885139465332,90998600,IWM,0
2011-10-21,70.56999969482422,71.16000366210938,70.0199966430664,58.224544525146484,60408600,IWM,0
2011-10-24,71.44999694824219,73.58000183105469,71.16000366210938,60.09906005859375,81399100,IWM,0
2011-10-25,72.88999938964844,72.94000244140625,71.16000366210938,58.412811279296875,66767900,IWM,0
2011-10-26,72.5999984741211,73.04000091552734,70.54000091552734,59.41965103149414,76643400,IWM,0
2011-10-27,75.29000091552734,76.97000122070312,72.6500015258789,62.55474090576172,130508100,IWM,0
2011-10-28,76.30000305175781,76.91999816894531,75.76000213623047,62.23551559448242,82397500,IWM,0
2011-10-31,74.8499984741211,75.44000244140625,73.93000030517578,60.58200454711914,66969200,IWM,0
2011-11-01,71.18000030517578,72.97000122070312,70.95999908447266,58.43735122680664,110064900,IWM,0
2011-11-02,72.62000274658203,73.30000305175781,71.83000183105469,59.8780632019043,63821300,IWM,0
2011-11-03,74.2699966430664,75.19999694824219,72.29000091552734,61.36785125732422,74622200,IWM,0
2011-11-04,74.18000030517578,74.81999969482422,73.55000305175781,61.064945220947266,65262500,IWM,0
2011-11-07,74.5,74.87000274658203,72.9000015258789,60.942169189453125,67136100,IWM,0
2011-11-08,75.13999938964844,75.63999938964844,73.45999908447266,61.83442306518555,72278500,IWM,0
2011-11-09,73.31999969482422,73.91999816894531,71.81999969482422,58.8875617980957,78806400,IWM,0
2011-11-10,73.12000274658203,73.2300033569336,71.62999725341797,59.3214111328125,72175100,IWM,0
2011-11-11,73.33999633789062,74.52999877929688,72.52999877929688,60.884864807128906,62452000,IWM,0
2011-11-14,74.0999984741211,74.2699966430664,72.7699966430664,60.009002685546875,61114200,IWM,0
2011-11-15,72.91999816894531,74.63999938964844,72.43000030517578,60.770263671875,65795300,IWM,0
2011-11-16,73.47000122070312,74.87999725341797,72.91000366210938,59.788002014160156,56938700,IWM,0
2011-11-17,72.94999694824219,73.44000244140625,71.2699966430664,58.93669891357422,78923500,IWM,0
2011-11-18,72.25,72.47000122070312,71.44999694824219,58.920318603515625,53462900,IWM,0
2011-11-21,70.54000091552734,70.8499984741211,69.61000061035156,57.51237869262695,58233500,IWM,0
2011-11-22,70.12999725341797,70.62999725341797,69.30000305175781,57.029449462890625,55404700,IWM,0
2011-11-23,68.9000015258789,69.08999633789062,67.37000274658203,55.23676681518555,69700300,IWM,0
2011-11-25,67.05000305175781,68.04000091552734,66.62000274658203,54.53281784057617,28167900,IWM,0
2011-11-28,69.08999633789062,69.91999816894531,68.91000366210938,57.12766647338867,59167100,IWM,0
2011-11-29,69.83999633789062,70.18000030517578,69.12000274658203,57.0212516784668,58157100,IWM,0
2011-11-30,72.55999755859375,73.79000091552734,69.6500015258789,60.35280227661133,93802900,IWM,0
2011-12-01,73.47000122070312,74.13999938964844,73.05999755859375,59.918983459472656,57394700,IWM,0
2011-12-02,74.08999633789062,74.62999725341797,73.30999755859375,60.164554595947266,47671500,IWM,0
2011-12-05,74.94000244140625,75.38999938964844,74.12999725341797,61.19591522216797,58429900,IWM,0
2011-12-06,74.80999755859375,75.29000091552734,74.08999633789062,61.25322341918945,43597000,IWM,0
2011-12-07,74.27999877929688,75.05999755859375,73.12999725341797,61.13044357299805,55904400,IWM,0
2011-12-08,73.9000015258789,74.18000030517578,72.22000122070312,59.23137664794922,71486700,IWM,0
2011-12-09,72.5,74.97000122070312,72.37999725341797,61.01585388183594,72184900,IWM,0
2011-12-12,73.48999786376953,74.5999984741211,72.5,60.13996887207031,47638600,IWM,0
2011-12-13,74.2300033569336,74.47000122070312,71.55000305175781,58.8875617980957,79040300,IWM,0
2011-12-14,71.25,71.88999938964844,70.58000183105469,58.15087890625,77704900,IWM,0
2011-12-15,72.05999755859375,72.11000061035156,71.04000091552734,58.691123962402344,50096100,IWM,0
2011-12-16,72.27999877929688,73.27999877929688,71.7300033569336,59.14952850341797,66225600,IWM,0
2011-12-19,72.93000030517578,73.19999694824219,70.83000183105469,58.12631607055664,52897500,IWM,0
2011-12-20,72.55000305175781,73.97000122070312,72.51000213623047,60.4592170715332,74174400,IWM,0
2011-12-21,73.52999877929688,74.38999938964844,72.7300033569336,60.70478820800781,59194600,IWM,0
2011-12-22,74.16000366210938,74.66999816894531,73.9800033569336,61.091407775878906,41502800,IWM,0
2011-12-23,74.55000305175781,74.68000030517578,74.08000183105469,61.32168960571289,24333600,IWM,0
2011-12-27,74.26000213623047,75.16000366210938,74.08000183105469,61.502681732177734,26922400,IWM,0
2011-12-28,74.87999725341797,74.9000015258789,73.2699966430664,60.38399887084961,37827500,IWM,0
2011-12-29,73.7300033569336,74.44000244140625,73.5999984741211,60.99267578125,27090500,IWM,0
2011-12-30,74.12000274658203,74.5199966430664,73.69000244140625,60.66366958618164,31979800,IWM,0
2012-01-03,75.68000030517578,75.87000274658203,74.7699966430664,61.66718673706055,60504700,IWM,0
2012-01-04,74.58000183105469,74.86000061035156,74.06999969482422,61.32993698120117,34648500,IWM,0
2012-01-05,74.02999877929688,75.33999633789062,73.37000274658203,61.6754035949707,57274600,IWM,0
2012-01-06,75.0199966430664,75.37999725341797,74.2699966430664,61.51911163330078,45499800,IWM,0
2012-01-09,75.13999938964844,75.30000305175781,74.41000366210938,61.83171081542969,52042400,IWM,0
2012-01-10,76.16000366210938,76.43000030517578,75.95999908447266,62.73650360107422,42977600,IWM,0
2012-01-11,75.94999694824219,76.66999816894531,75.87000274658203,62.983272552490234,33445800,IWM,0
2012-01-12,76.79000091552734,76.91999816894531,75.94000244140625,63.17247772216797,36131400,IWM,0
2012-01-13,76.18000030517578,76.4800033569336,75.5999984741211,62.835208892822266,42600400,IWM,0
2012-01-17,77.0999984741211,77.2699966430664,76.12999725341797,62.81055450439453,34518400,IWM,0
2012-01-18,76.31999969482422,77.7300033569336,76.1500015258789,63.92920684814453,49330800,IWM,0
2012-01-19,78.12999725341797,78.36000061035156,77.66000366210938,64.32404327392578,35830500,IWM,0
2012-01-20,78.0999984741211,78.51000213623047,77.9000015258789,64.36517333984375,42221200,IWM,0
2012-01-23,78.26000213623047,78.83999633789062,77.55000305175781,64.28289031982422,37481400,IWM,0
2012-01-24,77.68000030517578,78.75,77.2699966430664,64.65306854248047,49856900,IWM,0
2012-01-25,78.5999984741211,79.56999969482422,78.19000244140625,65.20416259765625,68272900,IWM,0
2012-01-26,79.86000061035156,79.91000366210938,78.75,65.13014221191406,52755700,IWM,0
2012-01-27,78.80000305175781,79.77999877929688,78.7699966430664,65.5743408203125,52203500,IWM,0
2012-01-30,79.08000183105469,79.43000030517578,78.5199966430664,65.06434631347656,46332400,IWM,0
2012-01-31,79.66000366210938,79.81999969482422,78.58000183105469,64.99853515625,52024000,IWM,0
2012-02-01,79.76000213623047,80.9000015258789,79.47000122070312,66.39688873291016,67292200,IWM,0
2012-02-02,81.04000091552734,81.52999877929688,80.73999786376953,66.7752456665039,46400100,IWM,0
2012-02-03,82.47000122070312,83.22000122070312,82.23999786376953,68.23119354248047,72738000,IWM,0
2012-02-06,82.56999969482422,82.93000030517578,82.37000274658203,68.00909423828125,34516000,IWM,0
2012-02-07,82.61000061035156,82.98999786376953,82.08000183105469,67.96798706054688,41623400,IWM,0
2012-02-08,82.80000305175781,83.20999908447266,81.93000030517578,68.11603546142578,46697400,IWM,0
2012-02-09,83.0199966430664,83.02999877929688,81.83999633789062,67.77879333496094,48712500,IWM,0
2012-02-10,81.5,81.66999816894531,81.08000183105469,66.84928131103516,42503000,IWM,0
2012-02-13,82.11000061035156,82.43000030517578,81.61000061035156,67.71299743652344,38574100,IWM,0
2012-02-14,81.91000366210938,82.12000274658203,81.36000061035156,67.40865325927734,49375200,IWM,0
2012-02-15,82.41999816894531,82.43000030517578,81,66.84928131103516,59836600,IWM,0
2012-02-16,81.31999969482422,82.9000015258789,81.27999877929688,68.10783386230469,61456800,IWM,0
2012-02-17,83.29000091552734,83.30999755859375,82.62999725341797,68.09957122802734,33292000,IWM,0
2012-02-21,82.91999816894531,83.04000091552734,81.83000183105469,67.63894653320312,39889400,IWM,0
2012-02-22,81.97000122070312,82.36000061035156,81.5,67.10429382324219,42626900,IWM,0
2012-02-23,81.70999908447266,82.8499984741211,81.26000213623047,68.10783386230469,53177500,IWM,0
2012-02-24,82.83000183105469,83.02999877929688,82.47000122070312,67.97621154785156,37607700,IWM,0
2012-02-27,81.83999633789062,82.94999694824219,81.25,67.86103057861328,51807700,IWM,0
2012-02-28,82.55000305175781,83.05999755859375,81.83999633789062,67.68006896972656,47680600,IWM,0
2012-02-29,82.55000305175781,82.95999908447266,80.97000122070312,66.66836547851562,64213200,IWM,0
2012-03-01,81.37999725341797,82.37000274658203,81.36000061035156,67.01383209228516,69526300,IWM,0
2012-03-02,81.41999816894531,81.63999938964844,79.83999633789062,66.01026916503906,70789500,IWM,0
2012-03-05,79.98999786376953,80.4000015258789,79.41999816894531,66.08430480957031,44334800,IWM,0
2012-03-06,79.41999816894531,79.62000274658203,78.41000366210938,64.76821899414062,80769300,IWM,0
2012-03-07,78.91000366210938,79.55999755859375,78.77999877929688,65.37691497802734,57456300,IWM,0
2012-03-08,80,80.69000244140625,79.3499984741211,66.22416687011719,43803100,IWM,0
2012-03-09,80.5199966430664,82.1500015258789,80.45999908447266,67.12073516845703,61462900,IWM,0
2012-03-12,81.73999786376953,81.93000030517578,81.05000305175781,66.98914337158203,34084200,IWM,0
2012-03-13,82.05999755859375,83.08999633789062,81.4000015258789,68.32170104980469,60998100,IWM,0
2012-03-14,82.95999908447266,83.2300033569336,82.01000213623047,67.7623291015625,46707700,IWM,0
2012-03-15,82.25,83.12000274658203,82.02999877929688,68.32989501953125,58740500,IWM,0
2012-03-16,83.22000122070312,83.2699966430664,82.6500015258789,68.2723617553711,42045800,IWM,0
2012-03-19,82.88999938964844,84.38999938964844,82.75,68.84808349609375,66822800,IWM,0
2012-03-20,83.12000274658203,83.30000305175781,82.58000183105469,68.23119354248047,43829100,IWM,0
2012-03-21,83.19999694824219,83.43000030517578,82.63999938964844,68.21476745605469,40504700,IWM,0
2012-03-22,82.08999633789062,82.45999908447266,81.62000274658203,67.55670928955078,60102900,IWM,0
2012-03-23,82,82.79000091552734,81.25,68.21756744384766,46464800,IWM,0
2012-03-26,83.73999786376953,84.45999908447266,83.62000274658203,69.63672637939453,56454000,IWM,0
2012-03-27,84.41999816894531,84.66000366210938,83.75,69.1499252319336,41730700,IWM,0
2012-03-28,83.80000305175781,84.0199966430664,82.61000061035156,68.74565124511719,48836000,IWM,0
2012-03-29,82.7300033569336,83.22000122070312,82.0199966430664,68.54763793945312,45615600,IWM,0
2012-03-30,83.58999633789062,83.5999984741211,82.52999877929688,68.32483673095703,45904700,IWM,0
2012-04-02,82.54000091552734,83.86000061035156,82.37999725341797,69.16643524169922,52756800,IWM,0
2012-04-03,83.66000366210938,84,82.93000030517578,68.70439910888672,52012300,IWM,0
2012-04-04,82.37000274658203,82.43000030517578,81.44999694824219,67.60700988769531,65172400,IWM,0
2012-04-05,81.5999984741211,82,81.41999816894531,67.31000518798828,31978700,IWM,0
2012-04-09,80.08999633789062,80.56999969482422,79.8499984741211,66.20439910888672,50062200,IWM,0
2012-04-10,79.91999816894531,80.16000366210938,78.13999938964844,64.64498901367188,101228600,IWM,0
2012-04-11,79.01000213623047,79.56999969482422,78.8499984741211,65.5608139038086,54346800,IWM,0
2012-04-12,79.54000091552734,80.91000366210938,79.44000244140625,66.50143432617188,60728700,IWM,0
2012-04-13,80.37999725341797,80.41000366210938,79.43000030517578,65.62682342529297,53965200,IWM,0
2012-04-16,79.88999938964844,80.19999694824219,78.87999725341797,65.73409271240234,44725900,IWM,0
2012-04-17,80.33000183105469,81.55000305175781,80.2699966430664,66.68293762207031,46737700,IWM,0
2012-04-18,80.41000366210938,80.66999816894531,79.83000183105469,66.17961883544922,49008100,IWM,0
2012-04-19,80.31999969482422,80.98999786376953,79.25,65.8000717163086,74260400,IWM,0
2012-04-20,80.27999877929688,80.97000122070312,80.05999755859375,66.17961883544922,46632000,IWM,0
2012-04-23,78.9800033569336,79.16000366210938,78.30999755859375,65.26380157470703,62477000,IWM,0
2012-04-24,79.12999725341797,79.93000030517578,78.86000061035156,65.75881958007812,44810200,IWM,0
2012-04-25,80.75,81.37000274658203,80.52999877929688,66.78194427490234,50263300,IWM,0
2012-04-26,80.94999694824219,81.87000274658203,80.81999969482422,67.44200134277344,43147600,IWM,0
2012-04-27,81.9800033569336,82.52999877929688,81.02999877929688,67.97003936767578,46796400,IWM,0
2012-04-30,82.3499984741211,82.36000061035156,81.43000030517578,67.21926879882812,38093600,IWM,0
2012-05-01,81.55999755859375,82.97000122070312,81.29000091552734,67.2852554321289,60493600,IWM,0
2012-05-02,80.91000366210938,81.81999969482422,80.56999969482422,67.46675872802734,52095800,IWM,0
2012-05-03,81.66000366210938,81.76000213623047,80.16999816894531,66.51791381835938,61487800,IWM,0
2012-05-04,80.06999969482422,80.55000305175781,78.94000244140625,65.25554656982422,75093300,IWM,0
2012-05-07,78.76000213623047,79.5999984741211,78.62000274658203,65.42884063720703,47361400,IWM,0
2012-05-08,78.69000244140625,79.30000305175781,77.97000122070312,65.38758087158203,62939600,IWM,0
2012-05-09,78.25,79.26000213623047,77.97000122070312,65.01627349853516,64431000,IWM,0
2012-05-10,79.31999969482422,79.55000305175781,78.62999725341797,65.26380157470703,45697800,IWM,0
2012-05-11,78.44999694824219,79.55999755859375,78.41999816894531,65.09879302978516,44862900,IWM,0
2012-05-14,78.08999633789062,78.45999908447266,77.61000061035156,64.23246765136719,51220200,IWM,0
2012-05-15,77.83000183105469,78.48999786376953,77.47000122070312,64.11693572998047,54317800,IWM,0
2012-05-16,77.9800033569336,78.38999938964844,77.0999984741211,63.65487289428711,52659400,IWM,0
2012-05-17,77.22000122070312,77.3499984741211,75.36000061035156,62.210994720458984,71665100,IWM,0
2012-05-18,75.38999938964844,75.91000366210938,74.48999786376953,61.625213623046875,77636200,IWM,0
2012-05-21,74.93000030517578,76.44999694824219,74.41000366210938,63.07730484008789,61384400,IWM,0
2012-05-22,76.41999816894531,77.02999877929688,75.47000122070312,62.69779586791992,59678300,IWM,0
2012-05-23,75.25,76.63999938964844,74.69000244140625,63.10209274291992,66981800,IWM,0
2012-05-24,76.43000030517578,76.73999786376953,75.55000305175781,63.23411178588867,54576500,IWM,0
2012-05-25,76.69999694824219,76.88999938964844,76.2699966430664,63.192848205566406,33847700,IWM,0
2012-05-29,77.33000183105469,77.91000366210938,76.76000213623047,64.10868072509766,51160000,IWM,0
2012-05-30,76.9000015258789,77.04000091552734,76.11000061035156,62.87933349609375,47891500,IWM,0
2012-05-31,76.2699966430664,76.58999633789062,75.06999969482422,62.79682159423828,59563900,IWM,0
2012-06-01,74.4000015258789,75.01000213623047,73.70999908447266,60.907379150390625,76127100,IWM,0
2012-06-04,74.08999633789062,74.3499984741211,72.94000244140625,60.7671012878418,50123200,IWM,0
2012-06-05,73.26000213623047,74.66999816894531,73.20999908447266,61.55091857910156,48270600,IWM,0
2012-06-06,75.19000244140625,76.51000213623047,75.02999877929688,63.069095611572266,48638400,IWM,0
2012-06-07,77.66000366210938,77.72000122070312,75.94000244140625,62.65657043457031,57907100,IWM,0
2012-06-08,75.9000015258789,77.05999755859375,75.3499984741211,63.50634002685547,50420100,IWM,0
2012-06-11,77.79000091552734,77.86000061035156,75.08999633789062,62.10372543334961,52803000,IWM,0
2012-06-12,75.44000244140625,76.26000213623047,74.77999877929688,62.8875732421875,56599400,IWM,0
2012-06-13,76.08999633789062,76.54000091552734,75,62.1614875793457,62715800,IWM,0
2012-06-14,75.37999725341797,76.47000122070312,75.16000366210938,62.871089935302734,53619000,IWM,0
2012-06-15,76.3499984741211,77.31999969482422,76.0999984741211,63.71266174316406,57935000,IWM,0
2012-06-18,76.5999984741211,77.5999984741211,76.3499984741211,63.78689956665039,45656600,IWM,0
2012-06-19,77.6500015258789,79.08000183105469,77.54000091552734,64.89253234863281,66897000,IWM,0
2012-06-20,78.66999816894531,79.08000183105469,77.9800033569336,64.79349517822266,54642300,IWM,0
2012-06-21,78.37000274658203,78.52999877929688,76.48999786376953,63.217620849609375,62486400,IWM,0
2012-06-22,77.06999969482422,77.73999786376953,76.6500015258789,63.93541717529297,41001200,IWM,0
2012-06-25,76.4000015258789,77.5999984741211,76,62.93709182739258,48620100,IWM,0
2012-06-26,76.08999633789062,76.58000183105469,75.41999816894531,63.183349609375,42495600,IWM,0
2012-06-27,76.43000030517578,77.45999908447266,76.36000061035156,64.21153259277344,38510400,IWM,0
2012-06-28,76.77999877929688,77.37000274658203,76.12000274658203,64.10372924804688,58183700,IWM,0
2012-06-29,78.94000244140625,79.7300033569336,78.55999755859375,65.96940612792969,71660200,IWM,0
2012-07-02,79.91999816894531,80.51000213623047,79.27999877929688,66.73223114013672,53370400,IWM,0
2012-07-03,80.55999755859375,81.5999984741211,80.43000030517578,67.60282897949219,32322500,IWM,0
2012-07-05,81.62000274658203,81.83999633789062,81.02999877929688,67.52823638916016,42819900,IWM,0
2012-07-06,80.7699966430664,80.83000183105469,80.1500015258789,66.7737045288086,38530600,IWM,0
2012-07-09,80.41999816894531,80.52999877929688,79.86000061035156,66.51666259765625,34636100,IWM,0
2012-07-10,80.80999755859375,80.95999908447266,78.9800033569336,65.77864837646484,49990800,IWM,0
2012-07-11,79.38999938964844,79.6500015258789,78.55000305175781,65.55479431152344,40171300,IWM,0
2012-07-12,78.44000244140625,79.0999984741211,77.58999633789062,65.3309097290039,55502600,IWM,0
2012-07-13,79.06999969482422,80.08999633789062,79.0199966430664,66.14351654052734,42114800,IWM,0
2012-07-16,79.62000274658203,79.87999725341797,79.11000061035156,65.87816619873047,31922600,IWM,0
2012-07-17,79.9800033569336,80.1500015258789,78.6500015258789,66.1103515625,43662500,IWM,0
2012-07-18,79.5999984741211,80.70999908447266,79.55000305175781,66.51666259765625,46045000,IWM,0
2012-07-19,80.55000305175781,80.73999786376953,79.80999755859375,66.29273986816406,49405400,IWM,0
2012-07-20,79.33000183105469,79.45999908447266,78.80999755859375,65.44700622558594,42314300,IWM,0
2012-07-23,77.51000213623047,78.02999877929688,77.18000030517578,64.40225219726562,47367200,IWM,0
2012-07-24,77.94999694824219,77.9800033569336,76.22000122070312,63.55646514892578,55609200,IWM,0
2012-07-25,77,77.37999725341797,76.47000122070312,63.697418212890625,37217500,IWM,0
2012-07-26,77.9800033569336,78.18000030517578,77,64.24472045898438,44745100,IWM,0
2012-07-27,77.83000183105469,79.72000122070312,77.38999938964844,65.77037048339844,67297100,IWM,0
2012-07-30,79.5199966430664,79.91000366210938,78.73999786376953,65.54649353027344,34785200,IWM,0
2012-07-31,78.7300033569336,79.47000122070312,78.3499984741211,64.96604919433594,48933500,IWM,0
2012-08-01,78.91000366210938,79,77.04000091552734,63.896446228027344,63601100,IWM,0
2012-08-02,76.2699966430664,77.30999755859375,76.25,63.664249420166016,43374800,IWM,0
2012-08-03,77.94000244140625,79.0199966430664,77.6500015258789,65.1816635131836,52414100,IWM,0
2012-08-06,78.69999694824219,79.62999725341797,78.58999633789062,65.68746948242188,34662800,IWM,0
2012-08-07,79.8499984741211,80.56999969482422,79.63999938964844,66.28446197509766,50064000,IWM,0
2012-08-08,79.5999984741211,80.19000244140625,79.54000091552734,66.18498992919922,28011700,IWM,0
2012-08-09,79.76000213623047,80.38999938964844,79.69000244140625,66.50003814697266,24045900,IWM,0
2012-08-10,79.7699966430664,80.05000305175781,79.5,66.26786804199219,26068400,IWM,0
2012-08-13,79.80000305175781,80.01000213623047,78.88999938964844,66.16008758544922,31544800,IWM,0
2012-08-14,80.30000305175781,80.41999816894531,79.2699966430664,66.00252532958984,26052900,IWM,0
2012-08-15,79.37999725341797,80.30000305175781,79.30999755859375,66.58296203613281,27061400,IWM,0
2012-08-16,80.18000030517578,81.30000305175781,79.83000183105469,67.27949523925781,46037700,IWM,0
2012-08-17,81.22000122070312,81.86000061035156,80.98999786376953,67.75209045410156,33453500,IWM,0
2012-08-20,81.58999633789062,81.66000366210938,80.9800033569336,67.60282897949219,32657000,IWM,0
2012-08-21,81.93000030517578,82.70999908447266,81.19000244140625,67.5613784790039,43743800,IWM,0
2012-08-22,81.2699966430664,81.5,80.79000091552734,67.23800659179688,37611400,IWM,0
2012-08-23,81.05999755859375,81.05999755859375,80.19999694824219,66.765380859375,32208500,IWM,0
2012-08-24,80.33999633789062,81.06999969482422,80.11000061035156,66.94779205322266,25676100,IWM,0
2012-08-27,81.2300033569336,81.41000366210938,80.58000183105469,67.14681243896484,23628400,IWM,0
2012-08-28,80.97000122070312,81.51000213623047,80.75,67.45358276367188,28505600,IWM,0
2012-08-29,81.5199966430664,81.95999908447266,81.13999938964844,67.66090393066406,30858800,IWM,0
2012-08-30,81.18000030517578,81.25,80.63999938964844,66.98925018310547,24562900,IWM,0
2012-08-31,81.4800033569336,81.52999877929688,80.33999633789062,67.26289367675781,34088500,IWM,0
2012-09-04,81.18000030517578,82.4000015258789,80.55000305175781,68.08377075195312,69560700,IWM,0
2012-09-05,82.19999694824219,82.51000213623047,81.8499984741211,68.10034942626953,35103700,IWM,0
2012-09-06,82.58000183105469,83.94000244140625,82.5199966430664,69.35243225097656,46332500,IWM,0
2012-09-07,83.86000061035156,84.4000015258789,83.69999694824219,69.86650085449219,32012900,IWM,0
2012-09-10,84.18000030517578,84.44999694824219,83.79000091552734,69.55142211914062,30671300,IWM,0
2012-09-11,83.88999938964844,84.55999755859375,83.83000183105469,69.70069885253906,33164100,IWM,0
2012-09-12,84.48999786376953,84.6500015258789,83.9000015258789,70.05720520019531,29751700,IWM,0
2012-09-13,84.63999938964844,86.1500015258789,84.19000244140625,70.97761535644531,69437600,IWM,0
2012-09-14,85.86000061035156,86.95999908447266,85.83000183105469,71.64094543457031,46040200,IWM,0
2012-09-17,85.9800033569336,86.22000122070312,85.56999969482422,71.30928802490234,30183000,IWM,0
2012-09-18,85.73999786376953,85.9000015258789,85.36000061035156,71.07711029052734,32991100,IWM,0
2012-09-19,85.94000244140625,86.02999877929688,85.41000366210938,70.95272064208984,29342000,IWM,0
2012-09-20,85.13999938964844,85.4000015258789,84.61000061035156,70.63765716552734,34939800,IWM,0
2012-09-21,86.04000091552734,86.08000183105469,85.47000122070312,70.89472198486328,38826000,IWM,0
2012-09-24,84.88999938964844,85.43000030517578,84.5999984741211,70.66327667236328,54635300,IWM,0
2012-09-25,85.43000030517578,85.51000213623047,83.58000183105469,69.64774322509766,74752200,IWM,0
2012-09-26,83.8499984741211,83.93000030517578,82.83999633789062,69.20652770996094,42167400,IWM,0
2012-09-27,83.48999786376953,84.3499984741211,83.06999969482422,69.95575714111328,33252800,IWM,0
2012-09-28,83.77999877929688,84,83.26000213623047,69.45626831054688,43944300,IWM,0
2012-10-01,83.95999908447266,84.54000091552734,83.30999755859375,69.68934631347656,43705600,IWM,0
2012-10-02,84.1500015258789,84.23999786376953,83.37000274658203,69.82254028320312,25792500,IWM,0
2012-10-03,83.94000244140625,84.22000122070312,83.16999816894531,69.6227798461914,38568500,IWM,0
2012-10-04,83.95999908447266,84.26000213623047,83.19999694824219,70.09725952148438,43327200,IWM,0
2012-10-05,84.58000183105469,85.25,83.83999633789062,70.01399230957031,40981400,IWM,0
2012-10-08,83.62000274658203,83.9000015258789,83.38999938964844,69.5728530883789,21062200,IWM,0
2012-10-09,83.62000274658203,83.69999694824219,82.44000244140625,68.75704193115234,45221200,IWM,0
2012-10-10,82.66999816894531,82.83000183105469,82.18000030517578,68.64885711669922,32465600,IWM,0
2012-10-11,83.0999984741211,83.44000244140625,82.5999984741211,68.89857482910156,38978500,IWM,0
2012-10-12,82.73999786376953,83.0199966430664,81.91000366210938,68.34083557128906,31847100,IWM,0
2012-10-15,82.33999633789062,82.63999938964844,81.76000213623047,68.79036712646484,34413700,IWM,0
2012-10-16,83.08000183105469,83.36000061035156,82.87999725341797,69.29813385009766,29234800,IWM,0
2012-10-17,83.41999816894531,84.1500015258789,83.25,69.92241668701172,35466500,IWM,0
2012-10-18,83.94000244140625,84.1500015258789,83.44999694824219,69.5395278930664,31431700,IWM,0
2012-10-19,82.8499984741211,82.87999725341797,81.47000122070312,68.13275146484375,53565500,IWM,0
2012-10-22,81.63999938964844,81.97000122070312,81.3499984741211,68.11610412597656,30682000,IWM,0
2012-10-23,81.1500015258789,81.52999877929688,80.43000030517578,67.77482604980469,40737600,IWM,0
2012-10-24,81.69999694824219,81.8499984741211,80.91000366210938,67.59169006347656,24472200,IWM,0
2012-10-25,81.87999725341797,82.13999938964844,80.87000274658203,67.86637115478516,27794000,IWM,0
2012-10-26,81.44000244140625,81.9000015258789,80.45999908447266,67.54175567626953,41402800,IWM,0
2012-10-31,81.16000366210938,81.6500015258789,80.87999725341797,67.94963073730469,24879800,IWM,0
2012-11-01,81.81999969482422,82.70999908447266,81.5199966430664,68.6655044555664,77113300,IWM,0
2012-11-02,82.88999938964844,82.94999694824219,81.16999816894531,67.5833511352539,39322100,IWM,0
2012-11-05,81.18000030517578,81.83999633789062,80.91999816894531,68.03288269042969,26861600,IWM,0
2012-11-06,82.02999877929688,82.56999969482422,81.97000122070312,68.5406265258789,27342500,IWM,0
2012-11-07,81.37000274658203,81.37000274658203,79.91000366210938,66.87579345703125,65095500,IWM,0
2012-11-08,80.16999816894531,80.5,79.1500015258789,65.93521118164062,42653100,IWM,0
2012-11-09,78.87000274658203,79.97000122070312,78.69999694824219,66.07669830322266,33030000,IWM,0
2012-11-12,79.55999755859375,79.66000366210938,79.02999877929688,65.88522338867188,20155100,IWM,0
2012-11-13,78.79000091552734,79.55999755859375,78.58000183105469,65.51065063476562,34408200,IWM,0
2012-11-14,78.87999725341797,79.0999984741211,77.05999755859375,64.29534149169922,54653100,IWM,0
2012-11-15,77.08999633789062,77.48999786376953,76.29000091552734,63.96238327026367,55966400,IWM,0
2012-11-16,76.77999877929688,77.68000030517578,76.12999725341797,64.4951400756836,62748300,IWM,0
2012-11-19,78.31999969482422,79.18000030517578,78.22000122070312,65.86028289794922,45621100,IWM,0
2012-11-20,78.9800033569336,79.3499984741211,78.63999938964844,65.9768295288086,36928500,IWM,0
2012-11-21,79.41000366210938,79.7300033569336,79.12999725341797,66.32638549804688,19254500,IWM,0
2012-11-23,79.9000015258789,80.55999755859375,79.86000061035156,66.98405456542969,20093300,IWM,0
2012-11-26,80.3499984741211,80.79000091552734,80.06999969482422,67.20045471191406,31180700,IWM,0
2012-11-27,80.68000030517578,81.2300033569336,80.56999969482422,67.11724090576172,39942000,IWM,0
2012-11-28,80.31999969482422,81.30999755859375,79.62999725341797,67.68324279785156,51316900,IWM,0
2012-11-29,81.94999694824219,82.41000366210938,81.62000274658203,68.45740509033203,53043500,IWM,0
2012-11-30,82.4000015258789,82.41000366210938,81.7300033569336,68.32423400878906,35722500,IWM,0
2012-12-03,82.70999908447266,82.76000213623047,81.75,68.2492904663086,24959800,IWM,0
2012-12-04,82.06999969482422,82.31999969482422,81.45999908447266,68.33250427246094,37225000,IWM,0
2012-12-05,82.4800033569336,82.51000213623047,81.4000015258789,68.2492904663086,40376100,IWM,0
2012-12-06,81.9800033569336,82.30999755859375,81.61000061035156,68.35750579833984,31829500,IWM,0
2012-12-07,82.5,82.55000305175781,81.83000183105469,68.4074478149414,24123400,IWM,0
2012-12-10,82.37000274658203,82.66000366210938,82.20999908447266,68.70710754394531,29173000,IWM,0
2012-12-11,83.11000061035156,83.55999755859375,82.91999816894531,69.43130493164062,40262100,IWM,0
2012-12-12,83.66999816894531,83.80000305175781,82.7699966430664,69.04010772705078,40570000,IWM,0
2012-12-13,82.9800033569336,83.20999908447266,82.11000061035156,68.59892272949219,33439300,IWM,0
2012-12-14,82.22000122070312,82.80999755859375,82.12000274658203,68.55729675292969,28508000,IWM,0
2012-12-17,82.68000030517578,83.52999877929688,82.5199966430664,69.52284240722656,35849400,IWM,0
2012-12-18,83.70999908447266,84.7699966430664,83.48999786376953,70.4718246459961,53500700,IWM,0
2012-12-19,84.08000183105469,84.5199966430664,83.76000213623047,70.62884521484375,49010900,IWM,0
2012-12-20,84.13999938964844,84.61000061035156,83.8499984741211,70.98147583007812,50304600,IWM,0
2012-12-21,83.2699966430664,84.19000244140625,83.08000183105469,70.68759155273438,54923200,IWM,0
2012-12-24,83.88999938964844,83.97000122070312,83.51000213623047,70.3433609008789,10103000,IWM,0
2012-12-26,83.97000122070312,84.01000213623047,83.08000183105469,69.83958435058594,24671600,IWM,0
2012-12-27,83.26000213623047,83.43000030517578,82.05000305175781,69.78924560546875,35567700,IWM,0
2012-12-28,82.69000244140625,83.37000274658203,82.5199966430664,69.29385375976562,34262200,IWM,0
2012-12-31,82.66000366210938,84.43000030517578,82.3499984741211,70.79676055908203,67461100,IWM,0
2013-01-02,86.33999633789062,86.91000366210938,86.04000091552734,72.87902069091797,116410600,IWM,0
2013-01-03,86.8499984741211,87.27999877929688,86.37000274658203,72.71112060546875,45872900,IWM,0
2013-01-04,87.01000213623047,87.44000244140625,86.66000366210938,73.24847412109375,29852500,IWM,0
2013-01-07,86.80000305175781,87.06999969482422,86.62000274658203,72.97138977050781,23693400,IWM,0
2013-01-08,86.87999725341797,87.01000213623047,86.38999938964844,72.92098999023438,23760000,IWM,0
2013-01-09,87.0199966430664,87.3499984741211,86.95999908447266,73.27366638183594,27425500,IWM,0
2013-01-10,87.61000061035156,87.69000244140625,86.94999694824219,73.44157409667969,39753000,IWM,0
2013-01-11,87.4000015258789,87.54000091552734,87,73.33238983154297,27322400,IWM,0
2013-01-14,87.16000366210938,87.5199966430664,87.05000305175781,73.3744125366211,24351900,IWM,0
2013-01-15,86.83000183105469,87.88999938964844,86.7699966430664,73.69347381591797,34704100,IWM,0
2013-01-16,87.56999969482422,87.75,87.30000305175781,73.47515869140625,20881400,IWM,0
2013-01-17,87.91000366210938,88.51000213623047,87.83000183105469,74.1552505493164,34219400,IWM,0
2013-01-18,88.33999633789062,88.62000274658203,88.11000061035156,74.36515045166016,23256900,IWM,0
2013-01-22,88.63999938964844,89.26000213623047,88.37999725341797,74.90251922607422,31589000,IWM,0
2013-01-23,89.23999786376953,89.29000091552734,88.91000366210938,74.72616577148438,32818900,IWM,0
2013-01-24,89.1500015258789,89.8499984741211,88.93000030517578,74.96968841552734,39814600,IWM,0
2013-01-25,89.7300033569336,89.94000244140625,89.29000091552734,75.51542663574219,34620300,IWM,0
2013-01-28,90.01000213623047,90.2300033569336,89.37999725341797,75.5657958984375,42633600,IWM,0
2013-01-29,89.95999908447266,90.16000366210938,89.6500015258789,75.6078109741211,37055100,IWM,0
2013-01-30,89.97000122070312,90.0199966430664,88.69000244140625,74.70098876953125,39299300,IWM,0
2013-01-31,88.87000274658203,89.68000030517578,88.76000213623047,75.21315002441406,36924200,IWM,0
2013-02-01,89.95999908447266,90.69999694824219,89.8499984741211,75.8764877319336,33925100,IWM,0
2013-02-04,89.81999969482422,90.18000030517578,89.1500015258789,74.96125030517578,27006300,IWM,0
2013-02-05,89.70999908447266,90.37999725341797,89.58999633789062,75.63298797607422,26551000,IWM,0
2013-02-06,89.6500015258789,90.5199966430664,89.56999969482422,75.9520034790039,24297800,IWM,0
2013-02-07,90.38999938964844,90.55000305175781,89.55000305175781,75.70014953613281,30206500,IWM,0
2013-02-08,90.27999877929688,90.86000061035156,90.23999786376953,76.2375259399414,25189600,IWM,0
2013-02-11,90.70999908447266,90.75,90.26000213623047,76.15352630615234,15722100,IWM,0
2013-02-12,90.73999786376953,91.23999786376953,90.68000030517578,76.48936462402344,19792700,IWM,0
2013-02-13,91.19000244140625,91.55000305175781,90.9800033569336,76.80842590332031,22591300,IWM,0
2013-02-14,91.18000030517578,91.87999725341797,91.16000366210938,77.00157928466797,22359300,IWM,0
2013-02-15,91.66999816894531,92.02999877929688,91.47000122070312,77.02676391601562,29339100,IWM,0
2013-02-19,91.87999725341797,92.55999755859375,91.87000274658203,77.70684051513672,21162300,IWM,0
2013-02-20,92.62999725341797,92.68000030517578,90.73999786376953,76.26270294189453,41753800,IWM,0
2013-02-21,90.7699966430664,90.81999969482422,89.37000274658203,75.52379608154297,45067400,IWM,0
2013-02-22,90.41000366210938,91.02999877929688,90.37000274658203,76.43063354492188,24762300,IWM,0
2013-02-25,91.5,91.52999877929688,88.97000122070312,74.74297332763672,53492800,IWM,0
2013-02-26,89.41000366210938,89.77999877929688,88.79000091552734,75.03683471679688,47522800,IWM,0
2013-02-27,89.36000061035156,90.8499984741211,89.30999755859375,75.82605743408203,41192300,IWM,0
2013-02-28,90.30000305175781,91.05000305175781,90.18000030517578,75.96881103515625,31208800,IWM,0
2013-03-01,89.87999725341797,91.05999755859375,89.20999908447266,76.31307220458984,49278200,IWM,0
2013-03-04,90.66999816894531,91.16999816894531,90.19999694824219,76.51459503173828,27577000,IWM,0
2013-03-05,91.61000061035156,92.3499984741211,91.5999984741211,77.40459442138672,35612300,IWM,0
2013-03-06,92.47000122070312,92.5999984741211,92.12000274658203,77.60606384277344,28483000,IWM,0
2013-03-07,92.4800033569336,92.94000244140625,92.31999969482422,77.97551727294922,27907700,IWM,0
2013-03-08,93.5999984741211,93.75,92.91999816894531,78.6976089477539,38066100,IWM,0
2013-03-11,93.41999816894531,93.75,93.33000183105469,78.67239379882812,26716100,IWM,0
2013-03-12,93.4800033569336,93.75,93.18000030517578,78.51287841796875,21489000,IWM,0
2013-03-13,93.54000091552734,94.0199966430664,93.25,78.80675506591797,28662200,IWM,0
2013-03-14,94.02999877929688,94.80999755859375,93.87000274658203,79.5959701538086,24747300,IWM,0
2013-03-15,94.6500015258789,94.95999908447266,94.38999938964844,79.55400085449219,35361700,IWM,0
2013-03-18,93.73999786376953,94.61000061035156,93.66999816894531,79.11737823486328,36700800,IWM,0
2013-03-19,94.41000366210938,94.70999908447266,93.01000213623047,78.78156280517578,51516400,IWM,0
2013-03-20,94.36000061035156,94.73999786376953,94.26000213623047,79.51206970214844,27958600,IWM,0
2013-03-21,94.04000091552734,94.47000122070312,93.54000091552734,78.81513977050781,37122600,IWM,0
2013-03-22,94.25,94.37000274658203,93.94000244140625,79.05863189697266,33429900,IWM,0
2013-03-25,94.12000274658203,94.72000122070312,93.27999877929688,79.10408782958984,36680500,IWM,0
2013-03-26,94.33999633789062,94.48999786376953,93.75,79.35670471191406,26348000,IWM,0
2013-03-27,93.6500015258789,94.37999725341797,93.23999786376953,79.4072036743164,28461800,IWM,0
2013-03-28,94.2699966430664,94.66000366210938,94.13999938964844,79.50824737548828,24160700,IWM,0
2013-04-01,94.2699966430664,94.47000122070312,92.70999908447266,78.43893432617188,59660300,IWM,0
2013-04-02,93.77999877929688,93.91999816894531,92.5,77.9505615234375,47917200,IWM,0
2013-04-03,92.94000244140625,92.9800033569336,90.91999816894531,76.72972869873047,65441400,IWM,0
2013-04-04,91.26000213623047,91.94000244140625,90.95999908447266,77.38645935058594,37706300,IWM,0
2013-04-05,90.5199966430664,91.75,90.41999816894531,77.23493194580078,46418300,IWM,0
2013-04-08,91.98999786376953,92.5199966430664,91.33000183105469,77.8747787475586,28886500,IWM,0
2013-04-09,92.63999938964844,92.83000183105469,92.04000091552734,77.64745330810547,36828400,IWM,0
2013-04-10,92.51000213623047,94.0999984741211,92.44999694824219,79.0535888671875,50119600,IWM,0
2013-04-11,93.83000183105469,94.56999969482422,93.75,79.16302490234375,32619000,IWM,0
2013-04-12,93.69999694824219,93.94000244140625,92.91999816894531,78.84308624267578,41931800,IWM,0
2013-04-15,93.05999755859375,93.1500015258789,89.79000091552734,75.87088012695312,100204000,IWM,0
2013-04-16,90.80999755859375,91.80000305175781,90.48999786376953,77.18436431884766,58061700,IWM,0
2013-04-17,90.91999816894531,91.0199966430664,89.2300033569336,75.84564208984375,77710600,IWM,0
2013-04-18,90.1500015258789,90.37000274658203,89.12999725341797,75.42461395263672,58516600,IWM,0
2013-04-19,89.95999908447266,90.69000244140625,89.20999908447266,76.29186248779297,44931600,IWM,0
2013-04-22,90.69999694824219,91.06999969482422,89.19999694824219,76.51080322265625,49190300,IWM,0
2013-04-23,91.5999984741211,92.33999633789062,90.86000061035156,77.72323608398438,55313200,IWM,0
2013-04-24,92.29000091552734,92.86000061035156,91.93000030517578,78.12738800048828,41020800,IWM,0
2013-04-25,93.02999877929688,93.9000015258789,92.88999938964844,78.6410140991211,36543300,IWM,0
2013-04-26,93.08999633789062,93.36000061035156,92.5,78.22000122070312,32405600,IWM,0
2013-04-29,93.30999755859375,93.77999877929688,93.06999969482422,78.7841567993164,20791400,IWM,0
2013-04-30,93.58000183105469,94.13999938964844,93.16999816894531,79.23041534423828,30488500,IWM,0
2013-05-01,93.80999755859375,93.9000015258789,91.76000213623047,77.31065368652344,120177800,IWM,0
2013-05-02,92.33999633789062,93.47000122070312,92.16999816894531,78.53997802734375,38830300,IWM,0
2013-05-03,94.52999877929688,95.47000122070312,94.3499984741211,79.78610229492188,51981000,IWM,0
2013-05-06,94.83000183105469,95.5,94.73999786376953,80.29974365234375,26893800,IWM,0
2013-05-07,95.51000213623047,96.16999816894531,95.12999725341797,80.95645904541016,29920800,IWM,0
2013-05-08,95.93000030517578,96.47000122070312,95.68000030517578,81.19219970703125,37669300,IWM,0
2013-05-09,96.30000305175781,96.51000213623047,95.75,80.91435241699219,32331100,IWM,0
2013-05-10,96.20999908447266,96.93000030517578,96.06999969482422,81.52899932861328,39288900,IWM,0
2013-05-13,96.73999786376953,97.12000274658203,96.43000030517578,81.47006225585938,22522300,IWM,0
2013-05-14,96.94000244140625,98.02999877929688,96.93000030517578,82.51412963867188,33539600,IWM,0
2013-05-15,97.80000305175781,98.66999816894531,97.69000244140625,82.68251037597656,34000200,IWM,0
2013-05-16,98.02999877929688,98.55999755859375,97.69999694824219,82.47197723388672,42053300,IWM,0
2013-05-17,98.4000015258789,99.06999969482422,97.95999908447266,83.39817810058594,35675100,IWM,0
2013-05-20,98.76000213623047,99.5999984741211,98.75,83.5329360961914,25027400,IWM,0
2013-05-21,99.19999694824219,99.55000305175781,98.87999725341797,83.54971313476562,23596700,IWM,0
2013-05-22,99.41000366210938,100.37999725341797,97.11000061035156,82.32887268066406,68650700,IWM,0
2013-05-23,96.6500015258789,97.93000030517578,96.51000213623047,82.42990112304688,44524500,IWM,0
2013-05-24,97.30000305175781,97.94999694824219,96.70999908447266,82.41307830810547,33332500,IWM,0
2013-05-28,99.19999694824219,100.0999984741211,98.4800033569336,83.48237609863281,46121100,IWM,0
2013-05-29,98.55000305175781,99.18000030517578,97.37000274658203,82.70774841308594,40491500,IWM,0
2013-05-30,98.5,99.12999725341797,98.30999755859375,83.26345825195312,30620300,IWM,0
2013-05-31,98.37999725341797,99.0199966430664,97.7699966430664,82.34571838378906,38953700,IWM,0
2013-06-03,98.13999938964844,98.83999633789062,97.02999877929688,83.12875366210938,87088500,IWM,0
2013-06-04,98.68000030517578,99.19999694824219,96.91999816894531,82.24467468261719,68206900,IWM,0
2013-06-05,97.55999755859375,97.70999908447266,96.1500015258789,81.19219970703125,58967500,IWM,0
2013-06-06,96.36000061035156,97.44999694824219,95.7300033569336,82.05101776123047,46335300,IWM,0
2013-06-07,97.9000015258789,98.44999694824219,97.2699966430664,82.68251037597656,44757500,IWM,0
2013-06-10,98.63999938964844,98.80000305175781,97.80999755859375,83.18772888183594,32136500,IWM,0
2013-06-11,97.68000030517578,98.47000122070312,96.86000061035156,82.28679656982422,43461300,IWM,0
2013-06-12,98.33000183105469,98.4800033569336,96.62999725341797,81.47006225585938,58446900,IWM,0
2013-06-13,96.7300033569336,98.69999694824219,96.37000274658203,82.90985870361328,47768600,IWM,0
2013-06-14,98.27999877929688,98.63999938964844,97.41999816894531,82.26995849609375,37838400,IWM,0
2013-06-17,98.58999633789062,98.86000061035156,97.76000213623047,82.80880737304688,33308600,IWM,0
2013-06-18,98.5199966430664,99.80000305175781,98.33000183105469,83.78550720214844,40520200,IWM,0
2013-06-19,99.51000213623047,99.69999694824219,98.16000366210938,82.75829315185547,43193500,IWM,0
2013-06-20,96.70999908447266,98.20999908447266,95.29000091552734,80.56912231445312,76262300,IWM,0
2013-06-21,95.63999938964844,96.18000030517578,94.62999725341797,80.80490112304688,66115300,IWM,0
2013-06-24,94.91000366210938,95.5199966430664,93.83000183105469,79.7439956665039,58774600,IWM,0
2013-06-25,95.58999633789062,95.83999633789062,94.87000274658203,80.51017761230469,32418400,IWM,0
2013-06-26,96.5199966430664,96.62999725341797,95.6500015258789,80.88909149169922,33752300,IWM,0
2013-06-27,96.6500015258789,97.73999786376953,96.61000061035156,82.14363861083984,40852300,IWM,0
2013-06-28,97.4000015258789,97.95999908447266,96.8499984741211,81.67213439941406,46135800,IWM,0
2013-07-01,97.6500015258789,99.0999984741211,97.63999938964844,83.0024642944336,37805800,IWM,0
2013-07-02,98.16000366210938,98.8499984741211,97.44999694824219,82.94326782226562,36848900,IWM,0
2013-07-03,97.7300033569336,98.63999938964844,97.58999633789062,83.11238861083984,19153600,IWM,0
2013-07-05,99.37999725341797,99.75,98.30999755859375,84.28789520263672,29427500,IWM,0
2013-07-08,100.12999725341797,100.44000244140625,99.88999938964844,84.62615966796875,30905300,IWM,0
2013-07-09,100.69999694824219,101.19999694824219,100.30000305175781,85.41262817382812,36010700,IWM,0
2013-07-10,101.04000091552734,101.37999725341797,100.73999786376953,85.6494140625,36061100,IWM,0
2013-07-11,102.41999816894531,102.58999633789062,101.94000244140625,86.65574645996094,34434200,IWM,0
2013-07-12,102.4800033569336,103.11000061035156,102.47000122070312,86.83334350585938,28584000,IWM,0
2013-07-15,102.94999694824219,103.68000030517578,102.83999633789062,87.5944595336914,30786600,IWM,0
2013-07-16,103.62000274658203,103.66999816894531,102.81999969482422,87.15470886230469,38630800,IWM,0
2013-07-17,103.63999938964844,103.94999694824219,103.23999786376953,87.49295043945312,28476600,IWM,0
2013-07-18,103.7300033569336,104.58999633789062,103.66000366210938,88.07647705078125,32034100,IWM,0
2013-07-19,104.05999755859375,104.30999755859375,103.73999786376953,88.21183013916016,22806600,IWM,0
2013-07-22,104.4800033569336,104.76000213623047,104.12999725341797,88.39783477783203,25854900,IWM,0
2013-07-23,104.91000366210938,104.94999694824219,104.25,88.33863067626953,26309700,IWM,0
2013-07-24,104.91000366210938,104.9800033569336,103.44000244140625,87.60289764404297,31809700,IWM,0
2013-07-25,103.47000122070312,104.6500015258789,103.33000183105469,88.4062728881836,46093900,IWM,0
2013-07-26,103.95999908447266,104.16999816894531,103.36000061035156,88.05111694335938,23036800,IWM,0
2013-07-29,103.83999633789062,104.2699966430664,103,87.43379211425781,30360800,IWM,0
2013-07-30,103.69000244140625,103.87000274658203,103.11000061035156,87.50989532470703,26311000,IWM,0
2013-07-31,103.88999938964844,104.68000030517578,103.61000061035156,87.6621322631836,38330400,IWM,0
2013-08-01,104.68000030517578,105.3499984741211,103.75,88.8544921875,34487100,IWM,0
2013-08-02,104.72000122070312,105.27999877929688,104.55999755859375,88.93058776855469,22983000,IWM,0
2013-08-05,105.05000305175781,105.62999725341797,104.9000015258789,89.23505401611328,14985000,IWM,0
2013-08-06,105.22000122070312,105.31999969482422,104.1500015258789,88.33863067626953,24689300,IWM,0
2013-08-07,104.12000274658203,104.33999633789062,103.47000122070312,87.71283721923828,23362200,IWM,0
2013-08-08,104.30000305175781,104.5999984741211,103.58000183105469,88.07647705078125,27640300,IWM,0
2013-08-09,103.93000030517578,104.56999969482422,103.5199966430664,87.98344421386719,27686900,IWM,0
2013-08-12,103.33000183105469,104.62999725341797,103.33000183105469,88.4485855102539,18960800,IWM,0
2013-08-13,104.68000030517578,104.68000030517578,103.77999877929688,88.33015441894531,22812900,IWM,0
2013-08-14,104.4800033569336,104.63999938964844,104.01000213623047,87.98344421386719,23629000,IWM,0
2013-08-15,102.83999633789062,102.95999908447266,101.88999938964844,86.351318359375,50044500,IWM,0
2013-08-16,101.80999755859375,102.37999725341797,101.55000305175781,85.9876708984375,36059500,IWM,0
2013-08-19,101.63999938964844,101.87999725341797,100.58999633789062,85.11663055419922,25184600,IWM,0
2013-08-20,100.7699966430664,102.33000183105469,100.70999908447266,86.34285736083984,32450400,IWM,0
2013-08-21,101.69000244140625,102.5,101.01000213623047,85.81854248046875,41452900,IWM,0
2013-08-22,101.81999969482422,102.98999786376953,101.79000091552734,87.0278549194336,24006100,IWM,0
2013-08-23,103.19000244140625,103.25,102.44999694824219,87.24771881103516,20801100,IWM,0
2013-08-26,103.36000061035156,103.81999969482422,102.7699966430664,87.25621032714844,23376100,IWM,0
2013-08-27,101.94000244140625,102.38999938964844,100.55999755859375,85.20963287353516,47269300,IWM,0
2013-08-28,100.62000274658203,101.36000061035156,100.5,85.3787841796875,28927500,IWM,0
2013-08-29,100.88999938964844,102.36000061035156,100.80999755859375,86.23291778564453,27628600,IWM,0
2013-08-30,101.98999786376953,102.05000305175781,100.23999786376953,84.8883056640625,43334600,IWM,0
2013-09-03,101.86000061035156,102.37000274658203,100.12999725341797,85.46332550048828,37995800,IWM,0
2013-09-04,101.16000366210938,102.01000213623047,100.75,86.21599578857422,22580800,IWM,0
2013-09-05,102.02999877929688,102.52999877929688,101.8499984741211,86.351318359375,22770200,IWM,0
2013-09-06,102.69999694824219,102.88999938964844,100.73999786376953,86.58808135986328,36792000,IWM,0
2013-09-09,102.73999786376953,104.02999877929688,102.7300033569336,87.89888763427734,27358500,IWM,0
2013-09-10,104.58000183105469,104.9800033569336,104.19999694824219,88.761474609375,25126300,IWM,0
2013-09-11,104.79000091552734,105.22000122070312,104.52999877929688,88.80375671386719,26412500,IWM,0
2013-09-12,104.91000366210938,105.0199966430664,104.20999908447266,88.1525650024414,32707600,IWM,0
2013-09-13,104.58999633789062,104.83000183105469,104.0999984741211,88.63462829589844,29478700,IWM,0
2013-09-16,106.05000305175781,106.08000183105469,104.8499984741211,88.82914733886719,28755900,IWM,0
2013-09-17,105.05999755859375,106.08000183105469,105.04000091552734,89.7086181640625,28901400,IWM,0
2013-09-18,106.05000305175781,107.61000061035156,105.26000213623047,90.56275177001953,46237100,IWM,0
2013-09-19,107.36000061035156,107.43000030517578,106.62000274658203,90.46971893310547,34775900,IWM,0
2013-09-20,107.23999786376953,107.27999877929688,106.55000305175781,90.13992309570312,49522500,IWM,0
2013-09-23,106.72000122070312,106.87000274658203,105.80000305175781,90.14837646484375,47759700,IWM,0
2013-09-24,106.45999908447266,107.41999816894531,105.79000091552734,90.44768524169922,45267000,IWM,0
2013-09-25,106.7699966430664,107.4800033569336,106.33000183105469,90.27811431884766,37106600,IWM,0
2013-09-26,106.75,107.47000122070312,106.36000061035156,90.77836608886719,29490600,IWM,0
2013-09-27,106.38999938964844,107.05000305175781,106.20999908447266,90.37137603759766,30296400,IWM,0
2013-09-30,105.43000030517578,106.83999633789062,105.23999786376953,90.39678955078125,45771700,IWM,0
2013-10-01,106.55999755859375,107.93000030517578,106.44999694824219,91.44819641113281,39344400,IWM,0
2013-10-02,107.08999633789062,107.75,106.8499984741211,91.07514953613281,30622900,IWM,0
2013-10-03,107.20999908447266,107.36000061035156,105.5999984741211,90.14246368408203,57799200,IWM,0
2013-10-04,106.33999633789062,107.31999969482422,106.1500015258789,90.74445343017578,25902800,IWM,0
2013-10-07,105.98999786376953,106.66000366210938,105.72000122070312,89.68452453613281,32924200,IWM,0
2013-10-08,105.83999633789062,106.02999877929688,103.91999816894531,88.23461151123047,61365000,IWM,0
2013-10-09,104.30000305175781,104.36000061035156,103,87.87849426269531,52604900,IWM,0
2013-10-10,105.01000213623047,106.30999755859375,104.91999816894531,89.998291015625,53157800,IWM,0
2013-10-11,105.83999633789062,107.7300033569336,105.83000183105469,91.3040771484375,43197100,IWM,0
2013-10-14,107.05999755859375,108.3499984741211,106.93000030517578,91.76194763183594,38774800,IWM,0
2013-10-15,107.98999786376953,108.2300033569336,106.91999816894531,90.8631591796875,42263500,IWM,0
2013-10-16,107.91000366210938,108.5999984741211,107.63999938964844,91.99092102050781,34333600,IWM,0
2013-10-17,108,109.45999908447266,107.97000122070312,92.79642486572266,38967200,IWM,0
2013-10-18,110.22000122070312,110.7699966430664,109.83000183105469,93.85633850097656,39496400,IWM,0
2013-10-21,110.8499984741211,111.08000183105469,110.2699966430664,93.66976165771484,29198900,IWM,0
2013-10-22,110.94999694824219,111.48999786376953,110.37000274658203,93.91571807861328,38112600,IWM,0
2013-10-23,110.23999786376953,110.55000305175781,109.7699966430664,93.6019515991211,32275300,IWM,0
2013-10-24,110.47000122070312,111.26000213623047,110.33000183105469,94.10224151611328,24711800,IWM,0
2013-10-25,111.23999786376953,111.44999694824219,110.56999969482422,94.18700408935547,21321900,IWM,0
2013-10-28,111.12999725341797,111.29000091552734,110.45999908447266,94.14463806152344,22512200,IWM,0
2013-10-29,111.33000183105469,111.62000274658203,110.52999877929688,94.41595458984375,30026900,IWM,0
2013-10-30,111.4000015258789,111.4800033569336,109.5199966430664,93.12712097167969,46076600,IWM,0
2013-10-31,109.7699966430664,110.18000030517578,108.88999938964844,92.58445739746094,47370000,IWM,0
2013-11-01,109.41000366210938,109.62999725341797,107.91999816894531,92.18592834472656,117030400,IWM,0
2013-11-04,109.23999786376953,110.1500015258789,108.83000183105469,93.2458267211914,31960000,IWM,0
2013-11-05,109.55000305175781,109.93000030517578,108.86000061035156,92.92362213134766,26643500,IWM,0
2013-11-06,110.3499984741211,110.37000274658203,108.91000366210938,92.52507019042969,31773400,IWM,0
2013-11-07,109.62000274658203,109.80999755859375,107.13999938964844,90.96492767333984,60459700,IWM,0
2013-11-08,107.44000244140625,109.45999908447266,107.38999938964844,92.61839294433594,48147500,IWM,0
2013-11-11,109.04000091552734,109.5999984741211,108.63999938964844,92.74555206298828,19897700,IWM,0
2013-11-12,109.06999969482422,109.51000213623047,108.66999816894531,92.82185363769531,28075100,IWM,0
2013-11-13,108.66000366210938,110.55000305175781,108.62000274658203,93.71218872070312,36465900,IWM,0
2013-11-14,110.47000122070312,110.5999984741211,109.73999786376953,93.618896484375,33226800,IWM,0
2013-11-15,110.5999984741211,110.98999786376953,110.16000366210938,93.97502136230469,27518500,IWM,0
2013-11-18,111.31999969482422,111.41999816894531,109.75,93.31367492675781,35509600,IWM,0
2013-11-19,110.11000061035156,110.69000244140625,108.98999786376953,92.7370834350586,36081300,IWM,0
2013-11-20,109.93000030517578,110.19999694824219,108.8499984741211,92.70315551757812,43376700,IWM,0
2013-11-21,109.80999755859375,111.36000061035156,109.68000030517578,94.37354278564453,45585000,IWM,0
2013-11-22,111.29000091552734,111.97000122070312,111.0999984741211,94.83991241455078,28786400,IWM,0
2013-11-25,112.12999725341797,112.27999877929688,111.62999725341797,94.95864868164062,22968600,IWM,0
2013-11-26,111.98999786376953,113.0199966430664,111.9000015258789,95.66239166259766,30760700,IWM,0
2013-11-27,112.83999633789062,113.56999969482422,112.63999938964844,96.19661712646484,29099600,IWM,0
2013-11-29,113.94000244140625,114.16000366210938,113.44999694824219,96.24748229980469,15675500,IWM,0
2013-12-02,113.69999694824219,113.76000213623047,112.05999755859375,95.28081512451172,43155200,IWM,0
2013-12-03,112.12999725341797,112.5999984741211,111.2699966430664,94.82295227050781,36930700,IWM,0
2013-12-04,111.30999755859375,112.41999816894531,110.37000274658203,94.56856536865234,40609500,IWM,0
2013-12-05,111.48999786376953,112.0199966430664,111.1500015258789,94.63640594482422,37926700,IWM,0
2013-12-06,112.62000274658203,113.0999984741211,112.19000244140625,95.37413024902344,36471900,IWM,0
2013-12-09,112.62999725341797,112.88999938964844,111.88999938964844,95.34866333007812,31236500,IWM,0
2013-12-10,112.2300033569336,112.58000183105469,111.23999786376953,94.48379516601562,34938800,IWM,0
2013-12-11,111.52999877929688,111.55000305175781,109.31999969482422,92.93212127685547,47181600,IWM,0
2013-12-12,109.69999694824219,110.25,109.36000061035156,93.13558959960938,37706200,IWM,0
2013-12-13,110.05000305175781,110.52999877929688,109.41999816894531,93.44083404541016,32980300,IWM,0
2013-12-16,110.62000274658203,111.56999969482422,110.1500015258789,94.55159759521484,33991200,IWM,0
2013-12-17,111.44999694824219,111.54000091552734,110.62000274658203,94.41595458984375,32399800,IWM,0
2013-12-18,111.52999877929688,112.9000015258789,110.36000061035156,95.71328735351562,52979000,IWM,0
2013-12-19,112.72000122070312,112.8499984741211,111.88999938964844,95.00102233886719,32871100,IWM,0
2013-12-20,112.0999984741211,114.22000122070312,112.08999633789062,96.60356903076172,48770500,IWM,0
2013-12-23,114.18000030517578,114.81999969482422,113.94999694824219,97.69908905029297,37049100,IWM,0
2013-12-24,114.91000366210938,115.44000244140625,114.87000274658203,98.07357788085938,17371200,IWM,0
2013-12-26,115.62999725341797,115.97000122070312,115.0999984741211,98.08209228515625,19670000,IWM,0
2013-12-27,115.47000122070312,115.73999786376953,114.77999877929688,98.02251434326172,20069700,IWM,0
2013-12-30,115.11000061035156,115.37000274658203,114.8499984741211,97.96293640136719,28917400,IWM,0
2013-12-31,115.36000061035156,115.70999908447266,115.16999816894531,98.19278717041016,38357200,IWM,0
2014-01-02,115.08999633789062,115.12000274658203,113.63999938964844,97.1287841796875,44247700,IWM,0
2014-01-03,114.52999877929688,114.9000015258789,114.11000061035156,97.62247467041016,26468000,IWM,0
2014-01-06,115.22000122070312,115.2699966430664,113.70999908447266,96.83086395263672,36198000,IWM,0
2014-01-07,114.19000244140625,115.16000366210938,114.11000061035156,97.6395034790039,28545300,IWM,0
2014-01-08,114.77999877929688,115.08000183105469,114.06999969482422,97.76715087890625,30763600,IWM,0
2014-01-09,115.25,115.38999938964844,114.16000366210938,97.7927017211914,29872800,IWM,0
2014-01-10,114.91999816894531,115.52999877929688,114.4000015258789,98.32894897460938,29174600,IWM,0
2014-01-13,115.30000305175781,115.48999786376953,113.26000213623047,96.98406982421875,45370800,IWM,0
2014-01-14,114.44000244140625,115.51000213623047,114.18000030517578,98.17572021484375,39125300,IWM,0
2014-01-15,115.63999938964844,116.29000091552734,115.55999755859375,98.90775299072266,31644100,IWM,0
2014-01-16,116.05000305175781,116.37999725341797,115.83000183105469,99.02690124511719,23091900,IWM,0
2014-01-17,116.30999755859375,116.43000030517578,115.69000244140625,98.67793273925781,28722300,IWM,0
2014-01-21,116.7300033569336,116.87000274658203,115.77999877929688,99.26524353027344,29828700,IWM,0
2014-01-22,116.69000244140625,117.37000274658203,116.5,99.7674560546875,24011500,IWM,0
2014-01-23,116.72000122070312,116.77999877929688,115.66000366210938,99.09503173828125,36057500,IWM,0
2014-01-24,115.69000244140625,115.73999786376953,113.22000122070312,96.56700897216797,53591900,IWM,0
2014-01-27,113.77999877929688,113.83999633789062,111.1500015258789,95.15402221679688,60368200,IWM,0
2014-01-28,111.93000030517578,112.98999786376953,111.79000091552734,96.15840148925781,43722200,IWM,0
2014-01-29,111.87999725341797,112.58000183105469,111.0199966430664,94.77098846435547,61904600,IWM,0
2014-01-30,112.33000183105469,113.6500015258789,112.04000091552734,96.18395233154297,40851600,IWM,0
2014-01-31,111.25,113,111.16999816894531,95.46894836425781,49293400,IWM,0
2014-02-03,111.87000274658203,112.19999694824219,108.1500015258789,92.48128509521484,91686000,IWM,0
2014-02-04,109.19000244140625,109.94999694824219,108.4000015258789,93.17925262451172,53138100,IWM,0
2014-02-05,108.80999755859375,109.1500015258789,107.2699966430664,92.48128509521484,60644600,IWM,0
2014-02-06,108.87999725341797,109.97000122070312,108.8499984741211,93.21331787109375,57611700,IWM,0
2014-02-07,109.97000122070312,110.83999633789062,109.5,94.268798828125,44068600,IWM,0
2014-02-10,110.79000091552734,111.08999633789062,109.95999908447266,94.51563262939453,38211600,IWM,0
2014-02-11,111.12000274658203,112.33999633789062,110.87000274658203,95.35830688476562,44394100,IWM,0
2014-02-12,112.19999694824219,113.01000213623047,111.97000122070312,95.7328109741211,42307500,IWM,0
2014-02-13,111.37999725341797,114.06999969482422,111.36000061035156,96.95001983642578,42082400,IWM,0
2014-02-14,113.63999938964844,114.20999908447266,113.13999938964844,97.08621215820312,32428200,IWM,0
2014-02-18,114.4000015258789,115.44999694824219,114.13999938964844,98.09912109375,33630400,IWM,0
2014-02-19,114.9000015258789,115.63999938964844,113.9800033569336,97.09471130371094,44024300,IWM,0
2014-02-20,114.19999694824219,115.54000091552734,113.91000366210938,98.14168548583984,35919600,IWM,0
2014-02-21,115.62000274658203,116.11000061035156,115.4000015258789,98.44810485839844,34814100,IWM,0
2014-02-24,115.83999633789062,117.30999755859375,115.76000213623047,99.17162322998047,43102800,IWM,0
2014-02-25,116.66000366210938,117.23999786376953,116.18000030517578,99.27375030517578,28474200,IWM,0
2014-02-26,116.70999908447266,118.11000061035156,116.43000030517578,99.8866195678711,40794800,IWM,0
2014-02-27,116.95999908447266,118.05999755859375,116.76000213623047,100.43138885498047,29906200,IWM,0
2014-02-28,117.95999908447266,118.70999908447266,116.80000305175781,100.03132629394531,47362700,IWM,0
2014-03-03,116.5199966430664,117.26000213623047,115.58000183105469,99.49505615234375,50892800,IWM,0
2014-03-04,118.19999694824219,120.58000183105469,118.18000030517578,101.99755859375,112793900,IWM,0
2014-03-05,119.86000061035156,119.95999908447266,119.47000122070312,101.93795013427734,34691300,IWM,0
2014-03-06,120.12000274658203,120.25,119.41999816894531,101.92095947265625,35087600,IWM,0
2014-03-07,120.41000366210938,120.47000122070312,119.02999877929688,101.88689422607422,36931800,IWM,0
2014-03-10,119.36000061035156,119.58000183105469,118.48999786376953,101.54642486572266,32089000,IWM,0
2014-03-11,119.41000366210938,119.80999755859375,117.51000213623047,100.49095916748047,50359500,IWM,0
2014-03-12,117.38999938964844,118.44000244140625,116.91999816894531,100.79739379882812,37159100,IWM,0
2014-03-13,118.8499984741211,118.95999908447266,116.37999725341797,99.63127136230469,53542800,IWM,0
2014-03-14,116.62999725341797,117.87000274658203,116.62000274658203,100.04833221435547,46888100,IWM,0
2014-03-17,118.22000122070312,119.0999984741211,117.87999725341797,100.49095916748047,41561600,IWM,0
2014-03-18,118.22000122070312,119.87999725341797,118.0999984741211,101.95498657226562,41606600,IWM,0
2014-03-19,119.68000030517578,119.73999786376953,118.0999984741211,101.29106140136719,47423000,IWM,0
2014-03-20,118.7300033569336,119.54000091552734,118.16000366210938,101.4272689819336,33212900,IWM,0
2014-03-21,119.72000122070312,120.26000213623047,118.55999755859375,100.9591064453125,47110800,IWM,0
2014-03-24,119.06999969482422,119.2300033569336,116.19000244140625,99.81000518798828,66747000,IWM,0
2014-03-25,117.66999816894531,118.30999755859375,116.13999938964844,99.78614044189453,47699700,IWM,0
2014-03-26,117.62999725341797,117.68000030517578,114.6500015258789,97.87454986572266,69052500,IWM,0
2014-03-27,114.70999908447266,115.37999725341797,113.69000244140625,97.62703704833984,65234900,IWM,0
2014-03-28,114.4800033569336,116,113.9800033569336,97.53316497802734,50558000,IWM,0
2014-03-31,115.04000091552734,116.68000030517578,114.62999725341797,99.2826156616211,44599200,IWM,0
2014-04-01,116.62999725341797,118.05999755859375,116.58999633789062,100.5882797241211,47906600,IWM,0
2014-04-02,118.29000091552734,118.4800033569336,117.70999908447266,101.04059600830078,33856500,IWM,0
2014-04-03,118.4000015258789,118.44000244140625,116.68000030517578,100.0165023803711,38473500,IWM,0
2014-04-04,117.95999908447266,118.12000274658203,114.0199966430664,97.70387268066406,86345900,IWM,0
2014-04-07,113.94999694824219,114.23999786376953,112.08000183105469,96.2786865234375,68537700,IWM,0
2014-04-08,112.80999755859375,114.19999694824219,112.19999694824219,96.95288848876953,60087900,IWM,0
2014-04-09,114,115.25,113.5,98.3524169921875,42744900,IWM,0
2014-04-10,115.0999984741211,115.11000061035156,111.4000015258789,95.5447998046875,74860200,IWM,0
2014-04-11,111.04000091552734,112.23999786376953,109.86000061035156,94.22206115722656,70998200,IWM,0
2014-04-14,111.55000305175781,111.97000122070312,109.6500015258789,94.48660278320312,62657700,IWM,0
2014-04-15,111.02999877929688,111.72000122070312,108.66000366210938,94.85355377197266,76968000,IWM,0
2014-04-16,111.93000030517578,112.44000244140625,111.2300033569336,95.88614654541016,49353800,IWM,0
2014-04-17,111.98999786376953,113.41000366210938,111.72000122070312,96.36406707763672,50275100,IWM,0
2014-04-21,113.12999725341797,113.52999877929688,112.27999877929688,96.81632995605469,31970700,IWM,0
2014-04-22,113.62999725341797,115.0199966430664,113.47000122070312,97.81480407714844,40541900,IWM,0
2014-04-23,114.4800033569336,114.7699966430664,113.7699966430664,97.20035552978516,33859500,IWM,0
2014-04-24,114.58999633789062,114.66999816894531,112.68000030517578,96.95288848876953,44318900,IWM,0
2014-04-25,113.16999816894531,113.20999908447266,111.20999908447266,95.24612426757812,58386300,IWM,0
2014-04-28,112.01000213623047,112.54000091552734,109.31999969482422,94.69143676757812,66050100,IWM,0
2014-04-29,111.41999816894531,111.9800033569336,110.9000015258789,94.93036651611328,34487600,IWM,0
2014-04-30,110.87999725341797,112.05999755859375,109.94999694824219,95.5618667602539,43929700,IWM,0
2014-05-01,111.75,112.7699966430664,110.54000091552734,95.52774810791016,78690900,IWM,0
2014-05-02,112.08999633789062,113.12000274658203,111.68000030517578,95.60452270507812,43450300,IWM,0
2014-05-05,111.12000274658203,112.18000030517578,110.52999877929688,95.48503112792969,28108400,IWM,0
2014-05-06,111.41000366210938,111.70999908447266,109.98999786376953,93.9319076538086,45354700,IWM,0
2014-05-07,110.2300033569336,110.44999694824219,108.43000030517578,93.99165344238281,64243800,IWM,0
2014-05-08,110.02999877929688,111.23999786376953,108.69000244140625,93.04439544677734,58520300,IWM,0
2014-05-09,108.69000244140625,110.05999755859375,108.27999877929688,93.89773559570312,48409900,IWM,0
2014-05-12,110.68000030517578,113.04000091552734,110.51000213623047,96.03121185302734,76291700,IWM,0
2014-05-13,112.37999725341797,112.8499984741211,111.33999633789062,95.09252166748047,58122800,IWM,0
2014-05-14,111.0999984741211,111.12000274658203,109.41999816894531,93.54786682128906,65720700,IWM,0
2014-05-15,109.06999969482422,109.20999908447266,107.44000244140625,92.91635131835938,75870500,IWM,0
2014-05-16,108.93000030517578,109.62000274658203,108.02999877929688,93.50520324707031,44666200,IWM,0
2014-05-19,109.2699966430664,111.04000091552734,108.94999694824219,94.51220703125,35336900,IWM,0
2014-05-20,110.4800033569336,110.51000213623047,108.41999816894531,93.06999206542969,89567900,IWM,0
2014-05-21,109.6500015258789,110.12999725341797,108.55000305175781,93.54786682128906,55278500,IWM,0
2014-05-22,109.95999908447266,111.05000305175781,109.62000274658203,94.52075958251953,41295000,IWM,0
2014-05-23,110.69000244140625,112.0199966430664,110.51000213623047,95.5533218383789,42643800,IWM,0
2014-05-27,112.70999908447266,113.83999633789062,112.6500015258789,96.92728424072266,46373900,IWM,0
2014-05-28,113.33000183105469,113.45999908447266,112.52999877929688,96.42375946044922,37055400,IWM,0
2014-05-29,113.33000183105469,113.58999633789062,112.69999694824219,96.74805450439453,25556800,IWM,0
2014-05-30,113.33000183105469,113.43000030517578,112.33999633789062,96.31282043457031,38856000,IWM,0
2014-06-02,113.06999969482422,113.0999984741211,111.36000061035156,95.79230499267578,40369700,IWM,0
2014-06-03,111.63999938964844,112.36000061035156,111.11000061035156,95.5618667602539,31143700,IWM,0
2014-06-04,111.4800033569336,112.56999969482422,111.16000366210938,95.93739318847656,28835500,IWM,0
2014-06-05,112.72000122070312,114.87999725341797,112.08999633789062,97.95134735107422,67182000,IWM,0
2014-06-06,115.2699966430664,116.23999786376953,115.11000061035156,98.89004516601562,45854000,IWM,0
2014-06-09,115.87999725341797,117.4800033569336,115.66000366210938,99.76050567626953,44025700,IWM,0
2014-06-10,116.62999725341797,116.83000183105469,115.95999908447266,99.564208984375,39799900,IWM,0
2014-06-11,116.0199966430664,116.33000183105469,115.4000015258789,99.07780456542969,30144700,IWM,0
2014-06-12,115.77999877929688,115.91999816894531,114.91000366210938,98.47188568115234,39481200,IWM,0
2014-06-13,115.66999816894531,115.91000366210938,114.66000366210938,98.6425552368164,33779400,IWM,0
2014-06-16,115.48999786376953,116.1500015258789,115.0999984741211,99.12044525146484,30051100,IWM,0
2014-06-17,116.04000091552734,117.44999694824219,115.77999877929688,99.82023620605469,62573000,IWM,0
2014-06-18,116.9000015258789,117.80999755859375,116.5,100.4944076538086,37448900,IWM,0
2014-06-19,118.16999816894531,118.2300033569336,117.0999984741211,100.57976531982422,30915900,IWM,0
2014-06-20,117.87000274658203,118.30000305175781,117.55999755859375,100.91255187988281,30104400,IWM,0
2014-06-23,118.5,118.55000305175781,117.69000244140625,100.71630096435547,21388700,IWM,0
2014-06-24,117.73999786376953,118.91000366210938,116.6500015258789,99.64104461669922,41788300,IWM,0
2014-06-25,116.05999755859375,117.79000091552734,116.05000305175781,100.48589324951172,34620800,IWM,0
2014-06-26,117.79000091552734,117.81999969482422,116.58999633789062,100.31523132324219,28018300,IWM,0
2014-06-27,117.05999755859375,118.51000213623047,117.02999877929688,100.98938751220703,38525100,IWM,0
2014-06-30,118.16000366210938,118.87999725341797,117.83000183105469,101.39047241210938,34195600,IWM,0
2014-07-01,119.26000213623047,120.97000122070312,119.19999694824219,102.42306518554688,65733200,IWM,0
2014-07-02,119.55999755859375,119.95999908447266,118.88999938964844,102.02815246582031,30796700,IWM,0
2014-07-03,119.58000183105469,119.91000366210938,119.25,102.64495849609375,15933900,IWM,0
2014-07-07,119.44000244140625,119.47000122070312,117.69999694824219,100.88877868652344,32279000,IWM,0
2014-07-08,117.51000213623047,117.69999694824219,115.69999694824219,99.66375732421875,52537600,IWM,0
2014-07-09,116.66999816894531,117.08999633789062,116.0199966430664,99.7922592163086,27891700,IWM,0
2014-07-10,114.12999725341797,116.05000305175781,113.97000122070312,98.72999572753906,50834300,IWM,0
2014-07-11,115.18000030517578,115.37999725341797,114.51000213623047,98.60147857666016,33923700,IWM,0
2014-07-14,116.41999816894531,116.45999908447266,115.4000015258789,99.10693359375,28823400,IWM,0
2014-07-15,115.55999755859375,116,113.87000274658203,98.13033294677734,49534700,IWM,0
2014-07-16,115.05000305175781,115.08999633789062,113.81999969482422,97.8647689819336,63433000,IWM,0
2014-07-17,113.5199966430664,114.2699966430664,112.19999694824219,96.3570556640625,62221500,IWM,0
2014-07-18,112.69000244140625,114.44999694824219,112.45999908447266,97.85618591308594,46164100,IWM,0
2014-07-21,113.51000213623047,113.98999786376953,113.01000213623047,97.46212768554688,32720500,IWM,0
2014-07-22,114.47000122070312,115.25,114.19000244140625,98.28451538085938,31326500,IWM,0
2014-07-23,115.01000213623047,115.44000244140625,114.51000213623047,98.40446472167969,26417600,IWM,0
2014-07-24,115.22000122070312,115.6500015258789,114.33999633789062,98.20747375488281,31905100,IWM,0
2014-07-25,113.7699966430664,114.01000213623047,113.20999908447266,97.31652069091797,46514500,IWM,0
2014-07-28,113.86000061035156,113.87999725341797,112.2300033569336,96.82820129394531,37373400,IWM,0
2014-07-29,113.38999938964844,114.11000061035156,113.02999877929688,97.09378051757812,30574500,IWM,0
2014-07-30,114.18000030517578,114.30999755859375,113.30999755859375,97.4792709350586,30219000,IWM,0
2014-07-31,112.62999725341797,112.98999786376953,111.05000305175781,95.25196838378906,61507700,IWM,0
2014-08-01,111.16000366210938,111.69999694824219,109.86000061035156,94.81509399414062,67805300,IWM,0
2014-08-04,111.16000366210938,111.80000305175781,109.88999938964844,95.65459442138672,34646200,IWM,0
2014-08-05,111.11000061035156,112.2300033569336,110.55999755859375,95.41472625732422,44375000,IWM,0
2014-08-06,110.66999816894531,112.47000122070312,110.62999725341797,95.71455383300781,33658300,IWM,0
2014-08-07,112.08999633789062,112.5199966430664,110.7699966430664,95.25196838378906,40852200,IWM,0
2014-08-08,111.33000183105469,112.4000015258789,110.98999786376953,96.17713165283203,32667200,IWM,0
2014-08-11,112.88999938964844,114.22000122070312,112.62000274658203,97.09378051757812,31000700,IWM,0
2014-08-12,112.94000244140625,113.47000122070312,112.04000091552734,96.42559814453125,31188400,IWM,0
2014-08-13,112.91999816894531,113.6500015258789,112.69999694824219,97.17945098876953,23122900,IWM,0
2014-08-14,113.5199966430664,113.7300033569336,113.2300033569336,97.32508850097656,20882100,IWM,0
2014-08-15,114.44999694824219,114.44999694824219,112.26000213623047,97.13661193847656,53713800,IWM,0
2014-08-18,114.5,115.13999938964844,114.08999633789062,98.55008697509766,33287300,IWM,0
2014-08-19,115.12999725341797,115.7300033569336,115.05999755859375,98.89278411865234,22692600,IWM,0
2014-08-20,114.8499984741211,115.22000122070312,114.41000366210938,98.47298431396484,26266900,IWM,0
2014-08-21,114.87999725341797,115.4000015258789,113.83999633789062,98.6871566772461,33018200,IWM,0
2014-08-22,115.04000091552734,115.62999725341797,114.61000061035156,98.69573211669922,30100100,IWM,0
2014-08-25,115.95999908447266,116.41000366210938,115.31999969482422,99.15833282470703,27808600,IWM,0
2014-08-26,115.87999725341797,116.91999816894531,115.80000305175781,100.05781555175781,34831700,IWM,0
2014-08-27,116.88999938964844,116.94000244140625,116.29000091552734,99.80940246582031,19070100,IWM,0
2014-08-28,116.02999877929688,116.2300033569336,115.51000213623047,99.29539489746094,22817800,IWM,0
2014-08-29,116.16000366210938,116.80999755859375,115.6500015258789,99.85223388671875,26231100,IWM,0
2014-09-02,116.9800033569336,117.5,116.5,100.40047454833984,38816400,IWM,0
2014-09-03,117.76000213623047,117.80000305175781,116.2699966430664,99.76658630371094,33266600,IWM,0
2014-09-04,116.77999877929688,117.48999786376953,115.72000122070312,99.3810806274414,26523500,IWM,0
2014-09-05,115.77999877929688,116.41999816894531,115.16999816894531,99.6980209350586,26935300,IWM,0
2014-09-08,116.26000213623047,116.80000305175781,115.83000183105469,99.85223388671875,20347300,IWM,0
2014-09-09,116.36000061035156,116.38999938964844,115,98.67008209228516,36390100,IWM,0
2014-09-10,115.16000366210938,115.93000030517578,114.70999908447266,99.25257110595703,23060600,IWM,0
2014-09-11,115.16999816894531,116.7300033569336,115.13999938964844,99.89505004882812,27075600,IWM,0
2014-09-12,116.55000305175781,116.55999755859375,114.97000122070312,98.8327865600586,32892900,IWM,0
2014-09-15,115.36000061035156,115.4000015258789,113.70999908447266,97.75341796875,41644400,IWM,0
2014-09-16,113.77999877929688,114.76000213623047,113.4000015258789,98.02754974365234,51365900,IWM,0
2014-09-17,114.48999786376953,115.47000122070312,114.19000244140625,98.28451538085938,45543000,IWM,0
2014-09-18,115.23999786376953,115.52999877929688,114.91000366210938,98.88418579101562,24714600,IWM,0
2014-09-19,115.88999938964844,115.91000366210938,113.61000061035156,97.63346862792969,52459600,IWM,0
2014-09-22,113.44000244140625,113.52999877929688,112.05000305175781,96.2628173828125,45800600,IWM,0
2014-09-23,111.9000015258789,112.62000274658203,111.19000244140625,95.36332702636719,51616800,IWM,0
2014-09-24,111.1500015258789,112.11000061035156,110.5999984741211,96.22663116455078,34323100,IWM,0
2014-09-25,111.7300033569336,111.83000183105469,109.75,94.60309600830078,49733600,IWM,0
2014-09-26,110.55000305175781,111.22000122070312,110.19999694824219,95.45347595214844,26473300,IWM,0
2014-09-29,109.81999969482422,111.3499984741211,109.72000122070312,95.37621307373047,30619000,IWM,0
2014-09-30,110.91999816894531,111.02999877929688,109.30999755859375,93.93305969238281,55596900,IWM,0
2014-10-01,109.29000091552734,109.38999938964844,107.43000030517578,92.60157012939453,88621100,IWM,0
2014-10-02,107.79000091552734,109.27999877929688,106.94000244140625,93.48639678955078,71825900,IWM,0
2014-10-03,109.75,110.31999969482422,109.08000183105469,94.19078826904297,44034600,IWM,0
2014-10-06,109.94999694824219,110.06999969482422,108.51000213623047,93.38329315185547,35571200,IWM,0
2014-10-07,108.0199966430664,108.5,106.8499984741211,91.84567260742188,40271900,IWM,0
2014-10-08,106.68000030517578,109.04000091552734,105.76000213623047,93.60667419433594,51589200,IWM,0
2014-10-09,108.88999938964844,108.9000015258789,106.01000213623047,91.08114624023438,60783400,IWM,0
2014-10-10,105.7699966430664,106.88999938964844,104.58999633789062,89.97300720214844,66579500,IWM,0
2014-10-13,104.83999633789062,106.11000061035156,103.86000061035156,89.61224365234375,72054300,IWM,0
2014-10-14,105.2300033569336,106.98999786376953,104.86000061035156,90.66022491455078,70034800,IWM,0
2014-10-15,104.19000244140625,107,103.54000091552734,91.57080841064453,117497300,IWM,0
2014-10-16,105.1500015258789,108.56999969482422,104.94999694824219,92.60157012939453,100532300,IWM,0
2014-10-17,109.16000366210938,109.22000122070312,107.04000091552734,92.32670593261719,72675000,IWM,0
2014-10-20,107.01000213623047,108.73999786376953,107,93.40907287597656,34914400,IWM,0
2014-10-21,109.33000183105469,110.58999633789062,109.01000213623047,94.94670867919922,44748100,IWM,0
2014-10-22,110.80000305175781,111.05999755859375,108.86000061035156,93.5894546508789,48798300,IWM,0
2014-10-23,110.04000091552734,111.58000183105469,109.7699966430664,95.24738311767578,60795100,IWM,0
2014-10-24,110.91999816894531,111.31999969482422,110.44000244140625,95.41056060791016,41927400,IWM,0
2014-10-27,110.41999816894531,111.08999633789062,109.51000213623047,95.3590316772461,31133700,IWM,0
2014-10-28,111.51000213623047,114.20999908447266,111.30000305175781,98.07351684570312,84912900,IWM,0
2014-10-29,114.36000061035156,114.88999938964844,112.9800033569336,97.84159851074219,67133500,IWM,0
2014-10-30,113.48999786376953,115.37999725341797,113.13999938964844,98.6748275756836,59046200,IWM,0
2014-10-31,116.91000366210938,116.95999908447266,115.87999725341797,100.12657165527344,53133300,IWM,0
2014-11-03,116.75,117.37000274658203,115.9000015258789,99.95475769042969,39729600,IWM,0
2014-11-04,115.9000015258789,116.5,115.27999877929688,99.49092102050781,37347600,IWM,0
2014-11-05,116.66999816894531,116.73999786376953,115.55000305175781,99.67127227783203,31073500,IWM,0
2014-11-06,115.9800033569336,116.52999877929688,115.55999755859375,100.10078430175781,31720900,IWM,0
2014-11-07,116.38999938964844,116.70999908447266,115.69999694824219,100.25540161132812,28657700,IWM,0
2014-11-10,116.68000030517578,117.30999755859375,116.45999908447266,100.7536392211914,29371800,IWM,0
2014-11-11,117.12000274658203,117.44000244140625,116.87000274658203,100.82234954833984,23536800,IWM,0
2014-11-12,116.69000244140625,118.08000183105469,116.66000366210938,101.27764892578125,34594700,IWM,0
2014-11-13,117.94000244140625,118.25,116.62000274658203,100.41860961914062,25135200,IWM,0
2014-11-14,116.94000244140625,117.20999908447266,116.37000274658203,100.23820495605469,23321400,IWM,0
2014-11-17,116.58999633789062,116.93000030517578,115.68000030517578,99.40498352050781,29847300,IWM,0
2014-11-18,116.16000366210938,117.12000274658203,115.75,99.98050689697266,33717200,IWM,0
2014-11-19,116.25,116.25,114.37000274658203,98.91534423828125,38258700,IWM,0
2014-11-20,114.62000274658203,116.45999908447266,114.62000274658203,100.02349090576172,26555000,IWM,0
2014-11-21,118.08000183105469,118.12000274658203,116.16000366210938,100.14373016357422,43240400,IWM,0
2014-11-24,116.73999786376953,118.05000305175781,116.58000183105469,101.33778381347656,24573200,IWM,0
2014-11-25,118.22000122070312,118.77999877929688,117.52999877929688,101.41509246826172,26745900,IWM,0
2014-11-26,118.06999969482422,118.5,117.83999633789062,101.75006866455078,14640700,IWM,0
2014-11-28,118.4800033569336,118.5199966430664,116.56999969482422,100.23820495605469,21110700,IWM,0
2014-12-01,116.31999969482422,116.47000122070312,114.80999755859375,98.6748275756836,36244100,IWM,0
2014-12-02,114.98999786376953,116.63999938964844,114.9800033569336,99.86027526855469,31812100,IWM,0
2014-12-03,116.27999877929688,117.70999908447266,116.0199966430664,100.82234954833984,29148000,IWM,0
2014-12-04,117.19000244140625,117.30000305175781,116.22000122070312,100.34132385253906,28631900,IWM,0
2014-12-05,117.25,117.9800033569336,116.95999908447266,101.09722137451172,30261400,IWM,0
2014-12-08,117.2699966430664,118.37000274658203,115.8499984741211,99.8344955444336,32295000,IWM,0
2014-12-09,114.95999908447266,118.2699966430664,114.73999786376953,101.50956726074219,52645900,IWM,0
2014-12-10,117.73999786376953,118.16000366210938,115.55999755859375,99.3534164428711,45413600,IWM,0
2014-12-11,116.20999908447266,117.68000030517578,115.87000274658203,99.74859619140625,36021800,IWM,0
2014-12-12,114.77999877929688,115.98999786376953,114.5999984741211,98.53742980957031,44816000,IWM,0
2014-12-15,115.26000213623047,115.73999786376953,113.16000366210938,97.54092407226562,66361200,IWM,0
2014-12-16,113.31999969482422,115.33999633789062,113.02999877929688,97.40348052978516,62849700,IWM,0
2014-12-17,113.63999938964844,116.98999786376953,113.48999786376953,100.41004943847656,70379400,IWM,0
2014-12-18,118.45999908447266,118.73999786376953,117.47000122070312,101.90471649169922,54315600,IWM,0
2014-12-19,118.6500015258789,119.4800033569336,118.13999938964844,102.13665771484375,49041800,IWM,0
2014-12-22,119.19999694824219,119.70999908447266,118.80000305175781,102.83245849609375,27043400,IWM,0
2014-12-23,120.44000244140625,120.44000244140625,119.44999694824219,102.96128845214844,34533000,IWM,0
2014-12-24,119.62999725341797,120.06999969482422,119.26000213623047,103.25877380371094,19175400,IWM,0
2014-12-26,120.13999938964844,120.83000183105469,120.06999969482422,103.93128967285156,18261900,IWM,0
2014-12-29,120.62999725341797,121.37999725341797,120.61000061035156,104.37100982666016,27692500,IWM,0
2014-12-30,120.79000091552734,121.23999786376953,120.2699966430664,103.75881958007812,23996000,IWM,0
2014-12-31,120.80000305175781,121.41000366210938,119.54000091552734,103.1380615234375,35688700,IWM,0
2015-01-02,120.06999969482422,120.55999755859375,117.88999938964844,102.5431137084961,46133100,IWM,0
2015-01-05,118.2300033569336,118.70999908447266,116.79000091552734,101.17221069335938,51141900,IWM,0
2015-01-06,117.62000274658203,117.7699966430664,114.36000061035156,99.42190551757812,67446000,IWM,0
2015-01-07,116.05999755859375,116.76000213623047,115.4800033569336,100.64627838134766,32252100,IWM,0
2015-01-08,117.66000366210938,118.8499984741211,117.44999694824219,102.3534164428711,28361700,IWM,0
2015-01-09,118.80999755859375,118.83999633789062,117.30999755859375,101.37055206298828,26975200,IWM,0
2015-01-12,117.69999694824219,118.01000213623047,116.2300033569336,101.03423309326172,27316800,IWM,0
2015-01-13,118.08999633789062,119.38999938964844,115.81999969482422,101.11185455322266,49991400,IWM,0
2015-01-14,115.9800033569336,117.0999984741211,115.55000305175781,100.70661163330078,34224200,IWM,0
2015-01-15,117.2300033569336,117.37999725341797,114.4800033569336,99.008056640625,46199400,IWM,0
2015-01-16,114.41000366210938,116.94000244140625,114.19999694824219,100.6203842163086,41895700,IWM,0
2015-01-20,116.8499984741211,117.08000183105469,115.16000366210938,100.19791412353516,36444400,IWM,0
2015-01-21,115.80000305175781,116.81999969482422,115.29000091552734,99.8788833618164,27333500,IWM,0
2015-01-22,116.55999755859375,118.23999786376953,115.0999984741211,101.91368865966797,37877000,IWM,0
2015-01-23,118.23999786376953,118.7699966430664,117.55000305175781,101.84474182128906,28173400,IWM,0
2015-01-26,117.87999725341797,119.2699966430664,117.06999969482422,102.82764434814453,23006800,IWM,0
2015-01-27,117.86000061035156,119.25,117.62000274658203,102.33621215820312,26919100,IWM,0
2015-01-28,119.18000030517578,119.44999694824219,116.31999969482422,100.61175537109375,38086100,IWM,0
2015-01-29,117.0199966430664,118.31999969482422,116.08999633789062,101.99994659423828,39299900,IWM,0
2015-01-30,117.4800033569336,117.95999908447266,115.5999984741211,99.75816345214844,49739800,IWM,0
2015-02-02,116.12000274658203,116.83999633789062,114.37999725341797,100.672119140625,44819100,IWM,0
2015-02-03,117.33000183105469,119,117.2699966430664,102.47415161132812,43920000,IWM,0
2015-02-04,118.41999816894531,119.23999786376953,118.0999984741211,102.09478759765625,28597100,IWM,0
2015-02-05,118.7699966430664,120.25,118.5999984741211,103.41392517089844,32337100,IWM,0
2015-02-06,120.0999984741211,120.81999969482422,119.3499984741211,103.30188751220703,31694900,IWM,0
2015-02-09,119.4000015258789,120.22000122070312,118.72000122070312,102.48280334472656,32367900,IWM,0
2015-02-10,119.52999877929688,119.83999633789062,118.0999984741211,103.1380615234375,28960800,IWM,0
2015-02-11,119.37000274658203,119.81999969482422,118.62000274658203,102.99147033691406,23794200,IWM,0
2015-02-12,120.16000366210938,120.91999816894531,119.83999633789062,104.16410827636719,27854600,IWM,0
2015-02-13,120.91000366210938,121.69000244140625,120.6500015258789,104.78487396240234,20446900,IWM,0
2015-02-17,121.66000366210938,122.05999755859375,121.26000213623047,105.11254119873047,16868500,IWM,0
2015-02-18,121.55999755859375,122.05000305175781,121.12999725341797,105.22460174560547,20450200,IWM,0
2015-02-19,121.76000213623047,122.37999725341797,121.54000091552734,105.23324584960938,16620500,IWM,0
2015-02-20,121.8499984741211,122.54000091552734,120.9000015258789,105.51773071289062,30331600,IWM,0
2015-02-23,122.0999984741211,122.52999877929688,121.2699966430664,105.62123107910156,25778200,IWM,0
2015-02-24,122.47000122070312,123.05000305175781,122.19000244140625,105.75919342041016,20023600,IWM,0
2015-02-25,122.56999969482422,123.04000091552734,122.2300033569336,105.8799057006836,17059600,IWM,0
2015-02-26,122.69000244140625,123.30000305175781,122.33000183105469,106.26790618896484,24379000,IWM,0
2015-02-27,123.02999877929688,123.36000061035156,122.55000305175781,105.6902084350586,23821700,IWM,0
2015-03-02,122.55000305175781,123.77999877929688,122.52999877929688,106.45758056640625,29683500,IWM,0
2015-03-03,123.19000244140625,123.19000244140625,122.26000213623047,105.82817840576172,23068400,IWM,0
2015-03-04,122.20999908447266,122.61000061035156,121.61000061035156,105.50050354003906,22822500,IWM,0
2015-03-05,122.52999877929688,122.91999816894531,121.91000366210938,105.81092834472656,19725600,IWM,0
2015-03-06,121.9800033569336,122.69000244140625,120.87999725341797,104.4744873046875,37319900,IWM,0
2015-03-09,121.37000274658203,121.91999816894531,121.12000274658203,104.93146514892578,17556300,IWM,0
2015-03-10,120.61000061035156,120.69999694824219,119.83000183105469,103.72437286376953,32440300,IWM,0
2015-03-11,120.47000122070312,121.13999938964844,119.87999725341797,104.36239624023438,20914500,IWM,0
2015-03-12,121.81999969482422,123.1500015258789,121.73999786376953,106.095458984375,41063300,IWM,0
2015-03-13,122.94000244140625,123.19000244140625,121.20999908447266,105.71607208251953,26371000,IWM,0
2015-03-16,123.11000061035156,123.58000183105469,122.87999725341797,106.3368911743164,19906300,IWM,0
2015-03-17,122.97000122070312,123.77999877929688,122.7699966430664,106.62142181396484,23142600,IWM,0
2015-03-18,123.4000015258789,125.12000274658203,122.8499984741211,107.4749755859375,40292600,IWM,0
2015-03-19,124.36000061035156,124.95999908447266,124.30999755859375,107.68193817138672,34008200,IWM,0
2015-03-20,125.36000061035156,126.16000366210938,125.30999755859375,108.63032531738281,34165600,IWM,0
2015-03-23,125.94999694824219,126.31999969482422,125.79000091552734,108.5355224609375,17132400,IWM,0
2015-03-24,125.7699966430664,126.30999755859375,125.66000366210938,108.50965118408203,30115600,IWM,0
2015-03-25,125.52999877929688,125.5999984741211,122.37999725341797,105.91770935058594,42514000,IWM,0
2015-03-26,122.08999633789062,122.91000366210938,121.54000091552734,105.7879867553711,26899200,IWM,0
2015-03-27,122.37999725341797,123.2300033569336,121.86000061035156,106.46255493164062,23066800,IWM,0
2015-03-30,123.72000122070312,124.98999786376953,123.69999694824219,107.90684509277344,20487000,IWM,0
2015-03-31,124.27999877929688,124.70999908447266,123.9000015258789,107.5609130859375,24507800,IWM,0
2015-04-01,124.2300033569336,124.41999816894531,122.9000015258789,107.60415649414062,31955200,IWM,0
2015-04-02,124.36000061035156,125.26000213623047,124.29000091552734,107.80305480957031,23586400,IWM,0
2015-04-06,123.91000366210938,125.4800033569336,123.87999725341797,108.27871704101562,22045600,IWM,0
2015-04-07,124.97000122070312,125.5,124.37000274658203,107.58686828613281,20214700,IWM,0
2015-04-08,124.37999725341797,125.66000366210938,124.37999725341797,108.51223754882812,19314400,IWM,0
2015-04-09,125.36000061035156,125.7300033569336,123.7699966430664,108.1230697631836,22325300,IWM,0
2015-04-10,125.44000244140625,125.79000091552734,125.22000122070312,108.64196014404297,14966300,IWM,0
2015-04-13,125.69000244140625,126.38999938964844,125.58000183105469,108.71112823486328,22819200,IWM,0
2015-04-14,125.73999786376953,126.08000183105469,124.77999877929688,108.68522644042969,22600800,IWM,0
2015-04-15,126.16000366210938,127.12999725341797,125.91999816894531,109.44625854492188,37282300,IWM,0
2015-04-16,126.47000122070312,126.75,126.16000366210938,109.3857421875,24439900,IWM,0
2015-04-17,125.12000274658203,125.55000305175781,123.81999969482422,107.61277770996094,48283500,IWM,0
2015-04-20,125.05000305175781,125.94999694824219,124.83000183105469,108.66791534423828,24602300,IWM,0
2015-04-21,126.05000305175781,126.25,125.41999816894531,108.55548858642578,13844600,IWM,0
2015-04-22,125.5199966430664,125.87999725341797,124.47000122070312,108.71977233886719,21991300,IWM,0
2015-04-23,125.4800033569336,126.54000091552734,125.26000213623047,109.21275329589844,18025800,IWM,0
2015-04-24,126.33000183105469,126.45999908447266,125.69000244140625,108.84954833984375,14992500,IWM,0
2015-04-27,126.20999908447266,126.91000366210938,124.04000091552734,107.64736938476562,32924600,IWM,0
2015-04-28,124.54000091552734,125.37000274658203,123.25,108.24413299560547,35654900,IWM,0
2015-04-29,124.47000122070312,124.9000015258789,123.62999725341797,107.06792449951172,26437900,IWM,0
2015-04-30,123.05999755859375,123.44000244140625,120.66000366210938,104.80206298828125,72393800,IWM,0
2015-05-01,121.5199966430664,122.16000366210938,120.91000366210938,105.48527526855469,47996200,IWM,0
2015-05-04,122.12999725341797,123.3499984741211,121.80000305175781,105.86583709716797,37675100,IWM,0
2015-05-05,122.3499984741211,122.62000274658203,120.27999877929688,104.51666259765625,56891600,IWM,0
2015-05-06,121.11000061035156,121.48999786376953,120.23999786376953,104.8798828125,34348300,IWM,0
2015-05-07,121.13999938964844,122.2300033569336,120.56999969482422,105.2777099609375,29826100,IWM,0
2015-05-08,122.93000030517578,123.25,122.4000015258789,106.0647201538086,26357100,IWM,0
2015-05-11,122.5999984741211,123.66000366210938,122.44000244140625,106.1252670288086,28406700,IWM,0
2015-05-12,122.3499984741211,122.91999816894531,120.87000274658203,105.93500518798828,34961600,IWM,0
2015-05-13,122.76000213623047,123.20999908447266,122,105.93500518798828,27214700,IWM,0
2015-05-14,123.08000183105469,123.86000061035156,122.44999694824219,107.05928039550781,23293200,IWM,0
2015-05-15,123.55999755859375,123.72000122070312,122.94000244140625,106.93822479248047,22055600,IWM,0
2015-05-18,123.4000015258789,125.16000366210938,123.16999816894531,108.14899444580078,30846000,IWM,0
2015-05-19,124.80000305175781,125.05000305175781,124.30999755859375,108.00199127197266,23256800,IWM,0
2015-05-20,125.16999816894531,125.45999908447266,124.33999633789062,108.20088195800781,20838500,IWM,0
2015-05-21,124.9800033569336,125.47000122070312,124.4800033569336,108.07982635498047,16229300,IWM,0
2015-05-22,124.76000213623047,125.23999786376953,124,107.61277770996094,22601400,IWM,0
2015-05-26,123.94000244140625,124.04000091552734,122.5199966430664,106.58361053466797,44037800,IWM,0
2015-05-27,123.36000061035156,124.87000274658203,122.79000091552734,107.88958740234375,32086300,IWM,0
2015-05-28,124.44999694824219,124.70999908447266,123.7699966430664,107.79441833496094,18631900,IWM,0
2015-05-29,124.61000061035156,124.7300033569336,123.31999969482422,107.14579010009766,33468900,IWM,0
2015-06-01,124.69000244140625,124.9000015258789,123.02999877929688,107.48307800292969,35649400,IWM,0
2015-06-02,123.80000305175781,125.30999755859375,123.4800033569336,107.69061279296875,29477600,IWM,0
2015-06-03,124.76000213623047,125.93000030517578,124.41999816894531,108.7630615234375,30774800,IWM,0
2015-06-04,125.08000183105469,125.62000274658203,124.08000183105469,107.67333221435547,25820600,IWM,0
2015-06-05,124.2300033569336,125.5199966430664,123.31999969482422,108.45169067382812,36626500,IWM,0
2015-06-08,125.27999877929688,125.62000274658203,124.56999969482422,107.95010375976562,18798700,IWM,0
2015-06-09,124.70999908447266,124.86000061035156,123.5,107.6214599609375,23928300,IWM,0
2015-06-10,124.93000030517578,126.4800033569336,124.8499984741211,108.96192932128906,42563500,IWM,0
2015-06-11,126.16999816894531,126.54000091552734,125.91000366210938,109.23871612548828,17489400,IWM,0
2015-06-12,125.91999816894531,126.1500015258789,125.43000030517578,108.91006469726562,23578600,IWM,0
2015-06-15,125.11000061035156,125.80000305175781,123.94000244140625,108.56411743164062,30618300,IWM,0
2015-06-16,125.37999725341797,126.6500015258789,125.31999969482422,109.3338623046875,32800900,IWM,0
2015-06-17,126.73999786376953,126.95999908447266,125.97000122070312,109.16951751708984,32467000,IWM,0
2015-06-18,126.81999969482422,128.24000549316406,126.73999786376953,110.631103515625,39642100,IWM,0
2015-06-19,127.81999969482422,128.16000366210938,127.5999984741211,110.57923889160156,23310900,IWM,0
2015-06-22,128.4199981689453,128.83999633789062,128.14999389648438,111.34028625488281,25230000,IWM,0
2015-06-23,128.67999267578125,129.08999633789062,128.39999389648438,111.57376861572266,23378500,IWM,0
2015-06-24,128.75999450683594,129.10000610351562,127.7300033569336,110.631103515625,26436800,IWM,0
2015-06-25,128.35000610351562,128.4199981689453,127.25,110.57058715820312,24100900,IWM,0
2015-06-26,128.10000610351562,128.33999633789062,126.81999969482422,110.26786041259766,38219900,IWM,0
2015-06-29,126.62999725341797,127.06999969482422,124.11000061035156,107.48307800292969,49224900,IWM,0
2015-06-30,125.18000030517578,125.31999969482422,124.29000091552734,107.98468017578125,39631300,IWM,0
2015-07-01,125.7699966430664,126.16000366210938,124.05999755859375,108.30469512939453,28627700,IWM,0
2015-07-02,124.80999755859375,124.95999908447266,123.37000274658203,107.50477600097656,31486400,IWM,0
2015-07-06,122.94000244140625,124.51000213623047,122.81999969482422,107.47003936767578,27852200,IWM,0
2015-07-07,123.87999725341797,123.98999786376953,121.52999877929688,107.59161376953125,39347100,IWM,0
2015-07-08,122.80000305175781,123.3499984741211,121.27999877929688,105.95014190673828,40724500,IWM,0
2015-07-09,123.3499984741211,123.52999877929688,122.2699966430664,106.33230590820312,29770400,IWM,0
2015-07-10,123.83999633789062,124.33999633789062,123.36000061035156,107.80875396728516,28735800,IWM,0
2015-07-13,124.7699966430664,125.63999938964844,124.75,109.0246810913086,21349900,IWM,0
2015-07-14,125.45999908447266,126.5,125.4000015258789,109.63262176513672,21009500,IWM,0
2015-07-15,126.30999755859375,126.4800033569336,125.2699966430664,109.05072021484375,22238300,IWM,0
2015-07-16,126.11000061035156,126.73999786376953,125.97000122070312,109.70214080810547,33568400,IWM,0
2015-07-17,126.30999755859375,126.37999725341797,125.36000061035156,109.22442626953125,24739900,IWM,0
2015-07-20,125.77999877929688,125.86000061035156,124.76000213623047,108.63382720947266,23271100,IWM,0
2015-07-21,125.06999969482422,125.80000305175781,124.11000061035156,108.12142181396484,28118700,IWM,0
2015-07-22,124.08000183105469,125.08999633789062,123.87999725341797,108.52095031738281,20654200,IWM,0
2015-07-23,124.98999786376953,125.38999938964844,123.30000305175781,107.3224105834961,39712100,IWM,0
2015-07-24,123.4800033569336,123.70999908447266,121.48999786376953,105.59403991699219,39533000,IWM,0
2015-07-27,121.12999725341797,121.31999969482422,120.2699966430664,104.71682739257812,35627200,IWM,0
2015-07-28,120.91999816894531,121.80999755859375,119.33999633789062,105.61143493652344,53474800,IWM,0
2015-07-29,121.36000061035156,122.33000183105469,120.97000122070312,105.9067153930664,32411300,IWM,0
2015-07-30,121.62999725341797,122.44000244140625,121.01000213623047,106.21068572998047,29383900,IWM,0
2015-07-31,122.44999694824219,123.66999816894531,122.22000122070312,106.79261016845703,31812700,IWM,0
2015-08-03,123.02999877929688,123.16000366210938,121.45999908447266,106.26277160644531,34033200,IWM,0
2015-08-04,122.38999938964844,122.95999908447266,121.61000061035156,106.01094055175781,21728900,IWM,0
2015-08-05,122.58999633789062,123.52999877929688,121.91000366210938,106.25409698486328,25673500,IWM,0
2015-08-06,122.47000122070312,122.66000366210938,119.77999877929688,104.821044921875,42225300,IWM,0
2015-08-07,120.13999938964844,120.44000244140625,119.06999969482422,104.11756896972656,42261400,IWM,0
2015-08-10,120.33000183105469,121.5199966430664,120.30999755859375,105.31612396240234,28798900,IWM,0
2015-08-11,120.4800033569336,121.08999633789062,119.6500015258789,104.41284942626953,33383800,IWM,0
2015-08-12,119.56999969482422,120.33999633789062,117.97000122070312,104.2131118774414,46500100,IWM,0
2015-08-13,120.0999984741211,120.58999633789062,119.38999938964844,103.86571502685547,35698300,IWM,0
2015-08-14,119.48999786376953,120.48999786376953,119.0199966430664,104.53446197509766,21091500,IWM,0
2015-08-17,120.02999877929688,121.68000030517578,119.5999984741211,105.63746643066406,22328200,IWM,0
2015-08-18,121.45999908447266,121.45999908447266,120.5199966430664,104.79500579833984,26360400,IWM,0
2015-08-19,119.9000015258789,120.5,118.73999786376953,103.70936584472656,45178900,IWM,0
2015-08-20,118.33999633789062,118.61000061035156,116.38999938964844,101.08643341064453,51879800,IWM,0
2015-08-21,115.12999725341797,116.66000366210938,114.37000274658203,99.90522766113281,79168300,IWM,0
2015-08-24,109.51000213623047,114.91999816894531,108.26000213623047,96.00564575195312,83809200,IWM,0
2015-08-25,114.05000305175781,114.0999984741211,109.55999755859375,95.26741027832031,59240200,IWM,0
2015-08-26,111.83000183105469,112.69000244140625,109.41999816894531,97.69055938720703,51605300,IWM,0
2015-08-27,113.30000305175781,115.12000274658203,112.36000061035156,99.43626403808594,49533700,IWM,0
2015-08-28,114.36000061035156,115.69999694824219,114.20999908447266,100.41769409179688,41601400,IWM,0
2015-08-31,115.0999984741211,115.9800033569336,114.76000213623047,100.05290222167969,29250900,IWM,0
2015-09-01,113.11000061035156,114.12000274658203,111.5999984741211,97.18682861328125,45129200,IWM,0
2015-09-02,113.41000366210938,113.97000122070312,112.08000183105469,98.93253326416016,26865800,IWM,0
2015-09-03,114.08000183105469,115.12999725341797,113.55000305175781,98.77619934082031,33334500,IWM,0
2015-09-04,112.52999877929688,113.69999694824219,112.27999877929688,98.02928924560547,31154600,IWM,0
2015-09-08,114.55999755859375,115.56999969482422,114.11000061035156,100.2700424194336,29916300,IWM,0
2015-09-09,116.16999816894531,116.41999816894531,114.01000213623047,99.11489868164062,40963000,IWM,0
2015-09-10,113.75,115.27999877929688,113.7300033569336,99.56655883789062,29877900,IWM,0
2015-09-11,114.16000366210938,115.19999694824219,113.66000366210938,100.03555297851562,27949400,IWM,0
2015-09-14,115.5199966430664,115.54000091552734,114.43000030517578,99.57524108886719,22365800,IWM,0
2015-09-15,114.86000061035156,116.19000244140625,114.7300033569336,100.69561004638672,26745300,IWM,0
2015-09-16,115.94999694824219,117.0199966430664,115.79000091552734,101.56414794921875,27127800,IWM,0
2015-09-17,116.91999816894531,118.88999938964844,116.68000030517578,101.91154479980469,50405400,IWM,0
2015-09-18,115.76000213623047,116.83999633789062,115.4000015258789,100.50457000732422,42736100,IWM,0
2015-09-21,116.54000091552734,117.30000305175781,115.08000183105469,100.32220458984375,33021700,IWM,0
2015-09-22,114.44999694824219,114.7300033569336,113.05000305175781,98.8022689819336,35786900,IWM,0
2015-09-23,114.0199966430664,114.41999816894531,113.06999969482422,98.50696563720703,25506800,IWM,0
2015-09-24,112.79000091552734,113.41999816894531,111.87000274658203,98.3419418334961,39810300,IWM,0
2015-09-25,113.81999969482422,113.91000366210938,110.93000030517578,97.04765319824219,43750300,IWM,0
2015-09-28,111.05000305175781,111.1500015258789,107.87999725341797,94.33008575439453,56765300,IWM,0
2015-09-29,108.25,109.11000061035156,106.98999786376953,93.65940856933594,49980700,IWM,0
2015-09-30,108.4800033569336,109.43000030517578,107.91000366210938,95.1139907836914,50834500,IWM,0
2015-10-01,109.37000274658203,109.68000030517578,107.43000030517578,94.9485092163086,44985900,IWM,0
2015-10-02,107.9800033569336,110.62999725341797,107.12000274658203,96.35954284667969,58019200,IWM,0
2015-10-05,111.66000366210938,113.44999694824219,111.54000091552734,98.65898895263672,45220500,IWM,0
2015-10-06,113.20999908447266,113.66999816894531,111.77999877929688,97.9795913696289,34140000,IWM,0
2015-10-07,113.0999984741211,114.5,112.62999725341797,99.71292114257812,36371000,IWM,0
2015-10-08,114.37999725341797,115.75,113.94999694824219,100.61009216308594,43072200,IWM,0
2015-10-09,115.72000122070312,116.13999938964844,115.4000015258789,100.81037902832031,26497200,IWM,0
2015-10-12,115.79000091552734,115.98999786376953,115.06999969482422,100.66230010986328,22984000,IWM,0
2015-10-13,115.11000061035156,116.30000305175781,113.93000030517578,99.28611755371094,37445300,IWM,0
2015-10-14,114.04000091552734,114.75,112.70999908447266,98.31059265136719,39987400,IWM,0
2015-10-15,113.19000244140625,115.56999969482422,112.66000366210938,100.66230010986328,42503400,IWM,0
2015-10-16,115.80000305175781,115.80000305175781,114.43000030517578,100.53165435791016,33685600,IWM,0
2015-10-19,114.9000015258789,116.20999908447266,114.6500015258789,100.72325134277344,24949500,IWM,0
2015-10-20,115.58000183105469,116.30000305175781,115.02999877929688,100.58389282226562,20531400,IWM,0
2015-10-21,115.91999816894531,115.9800033569336,113.6500015258789,99.05093383789062,34060300,IWM,0
2015-10-22,114.41000366210938,115.41999816894531,113.7300033569336,99.92192840576172,36882600,IWM,0
2015-10-23,115.6500015258789,116.05000305175781,114.7300033569336,100.90617370605469,40172500,IWM,0
2015-10-26,115.5999984741211,115.87000274658203,114.93000030517578,100.21810150146484,19783300,IWM,0
2015-10-27,114.58999633789062,114.87000274658203,113.0999984741211,99.1205825805664,38189200,IWM,0
2015-10-28,114.13999938964844,117.13999938964844,113.91999816894531,102.01238250732422,65529900,IWM,0
2015-10-29,116.73999786376953,117.11000061035156,115.55999755859375,100.92362976074219,27252000,IWM,0
2015-10-30,115.55999755859375,116.02999877929688,115.08000183105469,100.46197509765625,28018700,IWM,0
2015-11-02,115.44999694824219,118.06999969482422,115.41999816894531,102.5523681640625,33836900,IWM,0
2015-11-03,117.58999633789062,119.02999877929688,117.38999938964844,103.08369445800781,28626300,IWM,0
2015-11-04,118.6500015258789,119,117.69000244140625,103.03143310546875,25696000,IWM,0
2015-11-05,118.23999786376953,118.5999984741211,117.08999633789062,103.10983276367188,27141300,IWM,0
2015-11-06,118.01000213623047,119.36000061035156,117.29000091552734,103.84151458740234,35141300,IWM,0
2015-11-09,119.06999969482422,119.29000091552734,117.2699966430664,102.62207794189453,32983100,IWM,0
2015-11-10,117.31999969482422,118.16999816894531,116.95999908447266,102.92691040039062,21892200,IWM,0
2015-11-11,118.30999755859375,118.33999633789062,117.08000183105469,102.02981567382812,22037600,IWM,0
2015-11-12,116.33000183105469,116.48999786376953,114.7300033569336,100.07872772216797,39916100,IWM,0
2015-11-13,114.44000244140625,115.33999633789062,113.66000366210938,99.35578155517578,43883000,IWM,0
2015-11-16,113.95999908447266,115.08999633789062,113.36000061035156,100.20938873291016,28979100,IWM,0
2015-11-17,115.1500015258789,116.1500015258789,114.44999694824219,99.82613372802734,34441000,IWM,0
2015-11-18,114.93000030517578,116.6500015258789,114.5199966430664,101.5158920288086,35554300,IWM,0
2015-11-19,116.44000244140625,116.6500015258789,115.73999786376953,101.08909606933594,25512500,IWM,0
2015-11-20,116.4800033569336,117.36000061035156,116.37999725341797,101.74234771728516,31697700,IWM,0
2015-11-23,116.70999908447266,117.88999938964844,116.68000030517578,102.24754333496094,22716400,IWM,0
2015-11-24,116.87999725341797,118.41999816894531,116.55999755859375,102.99662780761719,24994500,IWM,0
2015-11-25,118.30000305175781,119.31999969482422,118.11000061035156,103.79793548583984,20772600,IWM,0
2015-11-27,119.2699966430664,119.9000015258789,118.87999725341797,104.18989562988281,14129300,IWM,0
2015-11-30,120.0199966430664,120.06999969482422,119.05000305175781,103.73696899414062,30165400,IWM,0
2015-12-01,119.61000061035156,119.91000366210938,118.9000015258789,104.42508697509766,27899900,IWM,0
2015-12-02,119.7300033569336,120.04000091552734,118.44999694824219,103.30146789550781,22238300,IWM,0
2015-12-03,118.93000030517578,119.44999694824219,116.13999938964844,101.55943298339844,39485400,IWM,0
2015-12-04,116.5999984741211,117.93000030517578,116.33999633789062,102.58723449707031,32669900,IWM,0
2015-12-07,117.63999938964844,117.66999816894531,115.51000213623047,101.0455322265625,29621400,IWM,0
2015-12-08,114.95999908447266,116.01000213623047,114.45999908447266,100.4881362915039,30946000,IWM,0
2015-12-09,115.02999877929688,116.16999816894531,113.5999984741211,99.36454010009766,41980400,IWM,0
2015-12-10,113.88999938964844,115.08000183105469,113.6500015258789,99.69548797607422,31278800,IWM,0
2015-12-11,113.2699966430664,113.33999633789062,111.52999877929688,97.47443389892578,52609300,IWM,0
2015-12-14,111.87000274658203,112.37999725341797,110.27999877929688,96.7776107788086,53400400,IWM,0
2015-12-15,111.7300033569336,112.95999908447266,111.5999984741211,98.17121887207031,48273900,IWM,0
2015-12-16,113.48999786376953,114.6500015258789,112.83000183105469,99.66935729980469,44560600,IWM,0
2015-12-17,114.91000366210938,114.94000244140625,112.97000122070312,98.60673522949219,41318000,IWM,0
2015-12-18,112.66000366210938,112.88999938964844,111.44000244140625,97.09989166259766,49876600,IWM,0
2015-12-21,112.16999816894531,112.62999725341797,111.5,97.83154296875,26479300,IWM,0
2015-12-22,112.63999938964844,113.5199966430664,111.79000091552734,98.72866821289062,28108700,IWM,0
2015-12-23,113.91999816894531,114.95999908447266,113.7300033569336,99.9742202758789,29609700,IWM,0
2015-12-24,114.44000244140625,115.16000366210938,114.1500015258789,100.16317749023438,13370500,IWM,0
2015-12-28,113.9800033569336,114.06999969482422,112.95999908447266,99.69953155517578,22125500,IWM,0
2015-12-29,114.4800033569336,115.29000091552734,114.06999969482422,100.77552795410156,22841500,IWM,0
2015-12-30,115.05000305175781,115.3499984741211,114,99.76077270507812,21273200,IWM,0
2015-12-31,113.55999755859375,113.97000122070312,112.51000213623047,98.51856231689453,39517700,IWM,0
2016-01-04,110.61000061035156,110.83000183105469,109.08000183105469,96.23536682128906,66665900,IWM,0
2016-01-05,110.41000366210938,110.58000183105469,109.55000305175781,96.44532775878906,28253300,IWM,0
2016-01-06,108.69999694824219,109.5999984741211,108,94.97569274902344,35569200,IWM,0
2016-01-07,106.72000122070312,107.5,105.48999786376953,92.43880462646484,52482000,IWM,0
2016-01-08,105.87000274658203,106.48999786376953,103.66000366210938,90.84664916992188,60299300,IWM,0
2016-01-11,104.20999908447266,104.77999877929688,102.30999755859375,90.45304107666016,47144800,IWM,0
2016-01-12,104.22000122070312,104.98999786376953,101.94000244140625,90.72419738769531,53702900,IWM,0
2016-01-13,103.91000366210938,104.41999816894531,99.6500015258789,87.81116485595703,70591600,IWM,0
2016-01-14,100.86000061035156,102.70999908447266,99.19000244140625,89.02714538574219,69373400,IWM,0
2016-01-15,99.08000183105469,100.29000091552734,97.51000213623047,87.58373260498047,85759200,IWM,0
2016-01-19,101.06999969482422,101.19999694824219,97.73999786376953,86.40277099609375,51391100,IWM,0
2016-01-20,97.43000030517578,100.33000183105469,95.05999755859375,86.7614517211914,94385800,IWM,0
2016-01-21,99.33000183105469,100.91000366210938,98.37999725341797,86.5602035522461,65798200,IWM,0
2016-01-22,100.6500015258789,101.61000061035156,100.12999725341797,88.67721557617188,46056700,IWM,0
2016-01-25,100.73999786376953,101.08000183105469,98.8499984741211,86.70893859863281,35019600,IWM,0
2016-01-26,99.5199966430664,101.4000015258789,99.18000030517578,88.4410171508789,33349600,IWM,0
2016-01-27,100.58999633789062,101.58999633789062,99.05999755859375,87.22504425048828,47973900,IWM,0
2016-01-28,100.55000305175781,100.94999694824219,99.22000122070312,87.20757293701172,41951100,IWM,0
2016-01-29,100.04000091552734,102.9800033569336,99.95999908447266,90.068115234375,42245300,IWM,0
2016-02-01,102.13999938964844,103.08999633789062,101.25,89.65696716308594,33615700,IWM,0
2016-02-02,101.33000183105469,101.47000122070312,99.7699966430664,87.72370147705078,39692700,IWM,0
2016-02-03,101.05999755859375,101.06999969482422,98.13999938964844,87.83738708496094,55262500,IWM,0
2016-02-04,100,101.97000122070312,99.97000122070312,88.17857360839844,51188400,IWM,0
2016-02-05,100.3499984741211,100.44000244140625,97.95999908447266,85.76415252685547,53366600,IWM,0
2016-02-08,97.01000213623047,97.01000213623047,94.94000244140625,84.35575866699219,61107700,IWM,0
2016-02-09,95.12999725341797,97.12999725341797,95.0199966430664,83.78716278076172,55857200,IWM,0
2016-02-10,96.44999694824219,97.91999816894531,95.68000030517578,83.83090209960938,42756100,IWM,0
2016-02-11,94.08000183105469,95.4000015258789,93.63999938964844,82.9211196899414,57923200,IWM,0
2016-02-12,95.66000366210938,96.79000091552734,95.19000244140625,84.49573516845703,40097300,IWM,0
2016-02-16,97.79000091552734,99.0999984741211,97.22000122070312,86.49897003173828,38882100,IWM,0
2016-02-17,99.56999969482422,101.08999633789062,99.52999877929688,87.85489654541016,40940400,IWM,0
2016-02-18,100.51000213623047,100.63999938964844,99.54000091552734,87.43501281738281,35043600,IWM,0
2016-02-19,99.55999755859375,100.55999755859375,99.11000061035156,87.87237548828125,32424800,IWM,0
2016-02-22,101.33999633789062,102.01000213623047,101.23999786376953,88.85215759277344,28867400,IWM,0
2016-02-23,101.23999786376953,101.48999786376953,100.55000305175781,88.03861999511719,29857100,IWM,0
2016-02-24,99.62000274658203,101.81999969482422,98.97000122070312,88.88715362548828,36909600,IWM,0
2016-02-25,101.79000091552734,102.5999984741211,101.38999938964844,89.70071411132812,22612600,IWM,0
2016-02-26,103.05999755859375,103.47000122070312,102.69999694824219,90.26931762695312,27474700,IWM,0
2016-02-29,103.12999725341797,104.02999877929688,102.72000122070312,89.86691284179688,32014400,IWM,0
2016-03-01,103.62000274658203,104.94000244140625,103.06999969482422,91.80020904541016,36422700,IWM,0
2016-03-02,104.79000091552734,106.08999633789062,104.58999633789062,92.74494934082031,24937100,IWM,0
2016-03-03,106.05000305175781,107.1500015258789,105.91999816894531,93.71598815917969,28216300,IWM,0
2016-03-04,107.06999969482422,108.31999969482422,106.66999816894531,94.23210144042969,38180900,IWM,0
2016-03-07,107.20999908447266,108.98999786376953,107.20999908447266,95.25560760498047,38739900,IWM,0
2016-03-08,108.29000091552734,108.29000091552734,106.13999938964844,92.95491790771484,46193900,IWM,0
2016-03-09,106.62000274658203,107.01000213623047,106.06999969482422,93.42732238769531,25627200,IWM,0
2016-03-10,107.0999984741211,107.48999786376953,104.80999755859375,92.66624450683594,47051200,IWM,0
2016-03-11,106.79000091552734,108.33000183105469,106.66000366210938,94.65200805664062,33625000,IWM,0
2016-03-14,107.87000274658203,108.33999633789062,107.4000015258789,94.4070816040039,24422700,IWM,0
2016-03-15,107.20999908447266,107.27999877929688,106.02999877929688,92.93743896484375,34258400,IWM,0
2016-03-16,105.7300033569336,107.33000183105469,105.7300033569336,93.59352111816406,37952200,IWM,0
2016-03-17,106.98999786376953,109.0999984741211,106.33000183105469,95.02816009521484,41724500,IWM,0
2016-03-18,108.7699966430664,109.94999694824219,108.69999694824219,95.88545989990234,36512600,IWM,0
2016-03-21,109.44000244140625,109.94000244140625,109.08000183105469,95.65802001953125,29903700,IWM,0
2016-03-22,108.77999877929688,109.69000244140625,108.47000122070312,95.54430389404297,23602100,IWM,0
2016-03-23,108.54000091552734,108.58999633789062,106.80000305175781,93.77806854248047,39243300,IWM,0
2016-03-24,106.23999786376953,107.22000122070312,105.73999786376953,94.05882263183594,30924300,IWM,0
2016-03-28,107.43000030517578,107.77999877929688,106.55000305175781,94.17289733886719,21096400,IWM,0
2016-03-29,107.04000091552734,110.33999633789062,106.7699966430664,96.78759002685547,46761100,IWM,0
2016-03-30,110.88999938964844,111.12000274658203,110.05000305175781,96.79634857177734,35683500,IWM,0
2016-03-31,110.4800033569336,111.16999816894531,110.33999633789062,97.06837463378906,28555900,IWM,0
2016-04-01,109.61000061035156,111.22000122070312,109.4800033569336,97.49827575683594,29981400,IWM,0
2016-04-04,110.91000366210938,111.31999969482422,110.0999984741211,96.68229675292969,21529400,IWM,0
2016-04-05,109.37000274658203,109.86000061035156,108.83999633789062,95.58555603027344,32515800,IWM,0
2016-04-06,108.93000030517578,110.2699966430664,108.58999633789062,96.66474151611328,28157800,IWM,0
2016-04-07,109.37000274658203,109.87999725341797,108.12999725341797,95.35740661621094,33298400,IWM,0
2016-04-08,109.61000061035156,110.06999969482422,108.62999725341797,95.73469543457031,26151700,IWM,0
2016-04-11,109.73999786376953,110.55000305175781,108.75,95.43636322021484,25842100,IWM,0
2016-04-12,108.79000091552734,110.18000030517578,108.43000030517578,96.46294403076172,25058700,IWM,0
2016-04-13,110.58000183105469,112.43000030517578,110.51000213623047,98.54239654541016,40534700,IWM,0
2016-04-14,112.26000213623047,112.69999694824219,111.87999725341797,98.41957092285156,25538600,IWM,0
2016-04-15,111.9000015258789,112.62999725341797,111.86000061035156,98.66526794433594,21176100,IWM,0
2016-04-18,111.9800033569336,113.38999938964844,111.87000274658203,99.41107940673828,19428300,IWM,0
2016-04-19,113.51000213623047,114.12999725341797,112.88999938964844,99.49000549316406,23228100,IWM,0
2016-04-20,113.38999938964844,114.20999908447266,112.97000122070312,99.63917541503906,21422500,IWM,0
2016-04-21,113.47000122070312,113.91999816894531,112.66000366210938,99.13904571533203,20535700,IWM,0
2016-04-22,112.9800033569336,114.19000244140625,112.9800033569336,100.12176513671875,29094500,IWM,0
2016-04-25,113.80000305175781,113.91000366210938,112.80999755859375,99.41107940673828,16369600,IWM,0
2016-04-26,113.66999816894531,114.52999877929688,113.16999816894531,100.38500213623047,30564100,IWM,0
2016-04-27,114.4800033569336,115.05000305175781,113.9000015258789,100.7359390258789,24360300,IWM,0
2016-04-28,114.2699966430664,115,113.19000244140625,99.5865478515625,26126500,IWM,0
2016-04-29,113.01000213623047,113.45999908447266,111.72000122070312,98.69156646728516,33284500,IWM,0
2016-05-02,112.83000183105469,113.51000213623047,112.18000030517578,99.56900024414062,21881000,IWM,0
2016-05-03,112.55000305175781,112.55999755859375,110.93000030517578,97.93699645996094,37929600,IWM,0
2016-05-04,110.98999786376953,111.98999786376953,110.37000274658203,97.1297836303711,30767200,IWM,0
2016-05-05,111.1500015258789,111.33000183105469,110.0999984741211,96.74372863769531,26249200,IWM,0
2016-05-06,109.80000305175781,110.93000030517578,109.54000091552734,97.31401824951172,25497400,IWM,0
2016-05-09,110.91999816894531,111.88999938964844,110.62999725341797,97.59481811523438,23427000,IWM,0
2016-05-10,111.66000366210938,112.4000015258789,111.06999969482422,98.57750701904297,18635300,IWM,0
2016-05-11,112.0999984741211,112.2699966430664,110.87000274658203,97.35792541503906,23604600,IWM,0
2016-05-12,111.19000244140625,111.48999786376953,109.5,96.8402328491211,34803000,IWM,0
2016-05-13,110.05999755859375,110.94000244140625,109.36000061035156,96.19969940185547,24510300,IWM,0
2016-05-16,109.91999816894531,111.5199966430664,109.87000274658203,97.41932678222656,27337000,IWM,0
2016-05-17,110.87999725341797,111.41999816894531,108.7699966430664,95.87504577636719,46676300,IWM,0
2016-05-18,108.80999755859375,110.66000366210938,108.79000091552734,96.37521362304688,35734400,IWM,0
2016-05-19,109.04000091552734,109.7699966430664,107.98999786376953,95.60308837890625,36995600,IWM,0
2016-05-20,109.29000091552734,110.79000091552734,109.2300033569336,97.2087631225586,37404500,IWM,0
2016-05-23,110.7699966430664,111.38999938964844,110.5,97.09468078613281,23721700,IWM,0
2016-05-24,111.30999755859375,113.22000122070312,111.2699966430664,99.09520721435547,41124300,IWM,0
2016-05-25,113.30000305175781,113.9000015258789,113.08000183105469,99.67427062988281,26202900,IWM,0
2016-05-26,113.7699966430664,114.0199966430664,113.25,99.5602035522461,15157200,IWM,0
2016-05-27,113.55999755859375,114.5999984741211,113.51000213623047,100.55169677734375,21265100,IWM,0
2016-05-31,114.81999969482422,115.54000091552734,114.5,100.90266418457031,32764400,IWM,0
2016-06-01,114.61000061035156,115.94999694824219,114.41999816894531,101.58705139160156,26806100,IWM,0
2016-06-02,115.48999786376953,116.66999816894531,115.37000274658203,102.36792755126953,23303300,IWM,0
2016-06-03,116.47000122070312,116.47000122070312,115,101.75376892089844,28733200,IWM,0
2016-06-06,116.08000183105469,117.58000183105469,116.01000213623047,102.85052490234375,26946000,IWM,0
2016-06-07,117.29000091552734,117.9800033569336,116.95999908447266,103.14881896972656,21038500,IWM,0
2016-06-08,117.66000366210938,118.63999938964844,117.6500015258789,103.91218566894531,27999900,IWM,0
2016-06-09,117.94000244140625,117.94000244140625,117.29000091552734,103.245361328125,23440700,IWM,0
2016-06-10,116.58000183105469,116.87999725341797,115.69000244140625,101.84149932861328,32686800,IWM,0
2016-06-13,115.6500015258789,116.18000030517578,114.58999633789062,100.7359390258789,36169500,IWM,0
2016-06-14,114.38999938964844,115.11000061035156,113.66999816894531,100.4464111328125,34267600,IWM,0
2016-06-15,114.88999938964844,115.55999755859375,114.45999908447266,100.5165786743164,24197700,IWM,0
2016-06-16,113.72000122070312,114.58999633789062,112.88999938964844,100.50782012939453,36306600,IWM,0
2016-06-17,114.41000366210938,114.91999816894531,113.68000030517578,100.07789611816406,30096400,IWM,0
2016-06-20,115.80000305175781,116.44999694824219,115.30000305175781,101.16588592529297,28219800,IWM,0
2016-06-21,115.33999633789062,115.41000366210938,114.33000183105469,100.97286224365234,34706800,IWM,0
2016-06-22,115.30000305175781,115.87999725341797,114.48999786376953,100.57803344726562,27226100,IWM,0
2016-06-23,115.81999969482422,116.91000366210938,115.7300033569336,102.49954986572266,30240300,IWM,0
2016-06-24,111.94000244140625,114.04000091552734,111.5,98.60382843017578,74945400,IWM,0
2016-06-27,111.06999969482422,111.06999969482422,108.19000244140625,95.3661880493164,58358800,IWM,0
2016-06-28,109.6500015258789,110.87999725341797,109.56999969482422,96.8402328491211,42040600,IWM,0
2016-06-29,111.69999694824219,113.05000305175781,111.52999877929688,99.04252624511719,34031600,IWM,0
2016-06-30,113.12000274658203,115.0199966430664,112.56999969482422,100.88512420654297,42973800,IWM,0
2016-07-01,115.05000305175781,115.94999694824219,114.80000305175781,101.24483489990234,24401900,IWM,0
2016-07-05,115.0199966430664,115.26000213623047,113.06999969482422,99.75326538085938,29347200,IWM,0
2016-07-06,112.54000091552734,114.01000213623047,112.30999755859375,100.4775619506836,24678300,IWM,0
2016-07-07,114.22000122070312,114.98999786376953,113.41000366210938,100.68930053710938,20780600,IWM,0
2016-07-08,115.25,117.08999633789062,115.1500015258789,103.03604125976562,37964800,IWM,0
2016-07-11,117.55999755859375,118.43000030517578,117.47000122070312,104.22705078125,26987300,IWM,0
2016-07-12,119,120.41999816894531,118.83000183105469,105.62100982666016,44153000,IWM,0
2016-07-13,120.33000183105469,120.38999938964844,118.94999694824219,105.20631408691406,28050200,IWM,0
2016-07-14,120.30000305175781,120.36000061035156,119.30000305175781,105.31221008300781,19345400,IWM,0
2016-07-15,119.88999938964844,120.04000091552734,119.27999877929688,105.60334014892578,23857300,IWM,0
2016-07-18,119.52999877929688,120.3499984741211,119.33000183105469,105.77976989746094,17422400,IWM,0
2016-07-19,119.76000213623047,119.97000122070312,118.93000030517578,105.25044250488281,19734100,IWM,0
2016-07-20,119.55000305175781,120.44000244140625,118.94000244140625,105.9385757446289,22390500,IWM,0
2016-07-21,120.01000213623047,120.5999984741211,119.25,105.43570709228516,19018700,IWM,0
2016-07-22,119.58000183105469,120.6500015258789,119.3499984741211,106.22090911865234,17796100,IWM,0
2016-07-25,120.1500015258789,120.45999908447266,119.76000213623047,106.06211853027344,13694600,IWM,0
2016-07-26,120.19999694824219,120.97000122070312,119.91999816894531,106.57380676269531,19551100,IWM,0
2016-07-27,121,121.47000122070312,120.3499984741211,106.87374877929688,21064700,IWM,0
2016-07-28,120.87999725341797,121.23999786376953,120.52999877929688,106.60026550292969,16540100,IWM,0
2016-07-29,120.70999908447266,121.76000213623047,120.05000305175781,106.81200408935547,30267900,IWM,0
2016-08-01,121.19999694824219,121.69999694824219,120.44000244140625,106.90023803710938,34771700,IWM,0
2016-08-02,121.16000366210938,121.20999908447266,119.0999984741211,105.40925598144531,28691000,IWM,0
2016-08-03,119.37000274658203,120.5,119.0999984741211,106.2649917602539,17830300,IWM,0
2016-08-04,120.44999694824219,121.19000244140625,120.26000213623047,106.36205291748047,17526700,IWM,0
2016-08-05,121.33999633789062,122.58000183105469,120.97000122070312,107.89715576171875,28643400,IWM,0
2016-08-08,122.3499984741211,122.8499984741211,122.02999877929688,107.84420776367188,14625700,IWM,0
2016-08-09,122.2699966430664,122.62999725341797,122.13999938964844,107.95893096923828,12487700,IWM,0
2016-08-10,122.37999725341797,122.5999984741211,121.1500015258789,107.18254089355469,19138100,IWM,0
2016-08-11,122.02999877929688,122.4000015258789,121.56999969482422,107.69420623779297,21144600,IWM,0
2016-08-12,121.83000183105469,122.45999908447266,121.62999725341797,107.80010223388672,12251200,IWM,0
2016-08-15,122.45999908447266,123.69000244140625,122.43000030517578,108.86758422851562,22048000,IWM,0
2016-08-16,123.08000183105469,123.12000274658203,122.26000213623047,107.9853744506836,20244300,IWM,0
2016-08-17,122.44000244140625,122.5,121.33000183105469,107.66777038574219,20632600,IWM,0
2016-08-18,122.08000183105469,122.97000122070312,122.04000091552734,108.4617919921875,16244600,IWM,0
2016-08-19,122.7699966430664,123.06999969482422,122.27999877929688,108.4617919921875,17379500,IWM,0
2016-08-22,122.68000030517578,123.33999633789062,122.33000183105469,108.70880126953125,16929700,IWM,0
2016-08-23,123.61000061035156,124.45999908447266,123.61000061035156,109.467529296875,21539400,IWM,0
2016-08-24,123.94000244140625,124.25,122.7699966430664,108.57647705078125,21533400,IWM,0
2016-08-25,122.62000274658203,123.69000244140625,122.61000061035156,108.78820037841797,17023200,IWM,0
2016-08-26,123.44999694824219,124.41000366210938,122.30000305175781,108.56764221191406,26734400,IWM,0
2016-08-29,123.2699966430664,124.16999816894531,123.23999786376953,109.13226318359375,14013900,IWM,0
2016-08-30,123.83000183105469,124.16999816894531,123.37999725341797,109.335205078125,14031300,IWM,0
2016-08-31,123.77999877929688,123.88999938964844,122.55000305175781,108.71762084960938,29236300,IWM,0
2016-09-01,123.33999633789062,123.62999725341797,122.0199966430664,108.79700469970703,22964700,IWM,0
2016-09-02,124.01000213623047,124.52999877929688,123.62999725341797,109.84687805175781,23083300,IWM,0
2016-09-06,124.91999816894531,124.97000122070312,123.97000122070312,109.9527587890625,13711000,IWM,0
2016-09-07,124.55000305175781,125.44000244140625,124.4800033569336,110.6408920288086,17830500,IWM,0
2016-09-08,125.30999755859375,125.41000366210938,124.7699966430664,110.42032623291016,16265500,IWM,0
2016-09-09,124.18000030517578,124.20999908447266,121.20999908447266,106.9708023071289,54239000,IWM,0
2016-09-12,120.69000244140625,122.97000122070312,120.58000183105469,108.4617919921875,33408100,IWM,0
2016-09-13,122.05999755859375,122.16000366210938,119.87999725341797,106.37969970703125,47536200,IWM,0
2016-09-14,120.7699966430664,121.47000122070312,120.29000091552734,106.39735412597656,30545500,IWM,0
2016-09-15,120.68000030517578,122.19000244140625,120.51000213623047,107.66777038574219,29499800,IWM,0
2016-09-16,122.04000091552734,122.04000091552734,121.0999984741211,107.50896453857422,31940500,IWM,0
2016-09-19,122.31999969482422,123.55000305175781,121.98999786376953,108.22357177734375,22807000,IWM,0
2016-09-20,123.19999694824219,123.2300033569336,122.1500015258789,107.76480865478516,16877900,IWM,0
2016-09-21,122.58000183105469,123.97000122070312,122.0999984741211,109.32635498046875,30784700,IWM,0
2016-09-22,124.7300033569336,125.80000305175781,124.66000366210938,110.8967514038086,36287700,IWM,0
2016-09-23,125.55999755859375,125.87999725341797,124.80999755859375,110.11154174804688,26118000,IWM,0
2016-09-26,123.80000305175781,124.16999816894531,123.0999984741211,109.01809692382812,20028000,IWM,0
2016-09-27,123.16999816894531,123.87999725341797,122.80999755859375,109.46044158935547,16939500,IWM,0
2016-09-28,123.94999694824219,124.76000213623047,123.06999969482422,110.30088806152344,19426400,IWM,0
2016-09-29,124.62000274658203,124.63999938964844,122.69999694824219,108.6907730102539,26657700,IWM,0
2016-09-30,123.41999816894531,124.77999877929688,122.86000061035156,109.88507843017578,31764500,IWM,0
2016-10-03,123.83000183105469,124.0999984741211,123.12999725341797,109.5400619506836,18674300,IWM,0
2016-10-04,124.0199966430664,124.30999755859375,122.6500015258789,109.00042724609375,26057300,IWM,0
2016-10-05,123.69000244140625,124.68000030517578,123.6500015258789,109.65503692626953,24317300,IWM,0
2016-10-06,123.75,124.0199966430664,122.81999969482422,109.5400619506836,18937100,IWM,0
2016-10-07,124.04000091552734,124.31999969482422,122.2300033569336,108.66422271728516,28732700,IWM,0
2016-10-10,122.83000183105469,124.73999786376953,122.83000183105469,109.9646987915039,21481700,IWM,0
2016-10-11,124.05000305175781,124.11000061035156,121.33999633789062,107.95647430419922,31931300,IWM,0
2016-10-12,122.08999633789062,122.61000061035156,121.52999877929688,107.8680419921875,20210400,IWM,0
2016-10-13,120.98999786376953,121.41000366210938,120.11000061035156,106.9745101928711,26302500,IWM,0
2016-10-14,121.36000061035156,121.83999633789062,120.4000015258789,106.54102325439453,24554600,IWM,0
2016-10-17,120.58000183105469,120.8499984741211,120.16000366210938,106.41718292236328,17119500,IWM,0
2016-10-18,121.5199966430664,121.58000183105469,120.66000366210938,107.02759552001953,19158900,IWM,0
2016-10-19,121.16999816894531,121.94999694824219,120.5,107.47877502441406,18477400,IWM,0
2016-10-20,121.13999938964844,122,120.41000366210938,107.16029357910156,20485600,IWM,0
2016-10-21,120.26000213623047,121.37000274658203,120.0999984741211,107.10719299316406,21093700,IWM,0
2016-10-24,122.04000091552734,122.61000061035156,121.44999694824219,107.78840637207031,15421600,IWM,0
2016-10-25,121.80999755859375,121.98999786376953,120.5999984741211,106.98332214355469,16459800,IWM,0
2016-10-26,120.11000061035156,121,119.45999908447266,105.92174530029297,24975300,IWM,0
2016-10-27,120.12000274658203,120.13999938964844,118.08999633789062,104.70975494384766,29525700,IWM,0
2016-10-28,118.30999755859375,119.02999877929688,117.75,104.41780853271484,35473700,IWM,0
2016-10-31,118.18000030517578,118.63999938964844,117.80000305175781,104.8335952758789,20311800,IWM,0
2016-11-01,118.66000366210938,118.69999694824219,116.27999877929688,103.55084228515625,34147200,IWM,0
2016-11-02,116.87000274658203,117,115.38999938964844,102.23265075683594,29859900,IWM,0
2016-11-03,115.91000366210938,116.23999786376953,114.87999725341797,101.73725891113281,22717500,IWM,0
2016-11-04,115.30000305175781,116.9000015258789,115.05000305175781,102.39189910888672,35237200,IWM,0
2016-11-07,118,118.81999969482422,117.70999908447266,104.8955307006836,32370900,IWM,0
2016-11-08,118.30000305175781,119.45999908447266,117.70999908447266,105.16976928710938,26196800,IWM,0
2016-11-09,118.08000183105469,122.83000183105469,118.05000305175781,108.40766906738281,77416800,IWM,0
2016-11-10,124.26000213623047,125.4000015258789,122.62000274658203,110.14161682128906,83440700,IWM,0
2016-11-11,125.02999877929688,127.72000122070312,124.55000305175781,112.67178344726562,95612800,IWM,0
2016-11-14,128.9499969482422,130.25999450683594,128.38999938964844,114.25534057617188,83119400,IWM,0
2016-11-15,128.85000610351562,129.88999938964844,128.3000030517578,114.6092300415039,38704500,IWM,0
2016-11-16,129.25,130,129.02999877929688,114.60037994384766,42325500,IWM,0
2016-11-17,129.9499969482422,130.8300018310547,129.75,115.27272033691406,42576900,IWM,0
2016-11-18,130.69000244140625,131.08999633789062,130.3000030517578,115.8831787109375,41380600,IWM,0
2016-11-21,131.30999755859375,132,130.61000061035156,116.42280578613281,32293100,IWM,0
2016-11-22,132.1199951171875,132.89999389648438,131.6699981689453,117.48440551757812,39681500,IWM,0
2016-11-23,132.47999572753906,133.64999389648438,132.10000610351562,118.21868896484375,37939200,IWM,0
2016-11-25,133.72999572753906,134.10000610351562,133.5399932861328,118.60794067382812,13373400,IWM,0
2016-11-28,133.97000122070312,134,132.14999389648438,117.06856536865234,32505700,IWM,0
2016-11-29,132.50999450683594,133.08999633789062,132.10000610351562,117.00666046142578,27993700,IWM,0
2016-11-30,132.9199981689453,133.08999633789062,131.5,116.43165588378906,32491200,IWM,0
2016-12-01,132.25,132.5500030517578,130.2899932861328,115.86547088623047,39815900,IWM,0
2016-12-02,130.94000244140625,131.47000122070312,130.52000427246094,115.80353546142578,24054100,IWM,0
2016-12-05,131.97000122070312,133.3300018310547,131.88999938964844,117.79402923583984,27547100,IWM,0
2016-12-06,133.52000427246094,134.91000366210938,132.74000549316406,119.06795501708984,27820000,IWM,0
2016-12-07,134.58999633789062,136.17999267578125,134.17999267578125,120.22687530517578,31825800,IWM,0
2016-12-08,136.25,138.2100067138672,135.8000030517578,122.1200942993164,49048900,IWM,0
2016-12-09,138.39999389648438,138.82000732421875,137.75,122.35897064208984,34313500,IWM,0
2016-12-12,137.9499969482422,138.57000732421875,136.50999450683594,121.06732940673828,34592900,IWM,0
2016-12-13,137.52999877929688,138.0500030517578,136.24000549316406,121.076171875,32624600,IWM,0
2016-12-14,136.4199981689453,137.35000610351562,134.80999755859375,119.56338500976562,45923700,IWM,0
2016-12-15,135.3699951171875,137.13999938964844,134.9600067138672,120.45690155029297,41352500,IWM,0
2016-12-16,136.35000610351562,137.52999877929688,135.6300048828125,120.23576354980469,39348200,IWM,0
2016-12-19,136.0399932861328,137.19000244140625,135.91000366210938,121.0230941772461,33393900,IWM,0
2016-12-20,137.27999877929688,138.2100067138672,136.99000549316406,122.04933166503906,31753600,IWM,0
2016-12-21,137.85000610351562,138.14999389648438,137.00999450683594,121.25313568115234,23215900,IWM,0
2016-12-22,136.55999755859375,136.75,134.80999755859375,120.2075424194336,34737900,IWM,0
2016-12-23,135.4600067138672,136.1199951171875,135.27000427246094,120.84713745117188,17081400,IWM,0
2016-12-27,136.22999572753906,137.3000030517578,136.2100067138672,121.38900756835938,13571700,IWM,0
2016-12-28,136.88999938964844,136.97999572753906,134.8300018310547,120.14539337158203,22712400,IWM,0
2016-12-29,135.2899932861328,136.25999450683594,134.69000244140625,120.25202178955078,21312900,IWM,0
2016-12-30,135.60000610351562,135.6300048828125,134.39999389648438,119.79004669189453,28399300,IWM,0
2017-01-03,136.49000549316406,136.8300018310547,134.5,120.38521575927734,29792400,IWM,0
2017-01-04,136.0500030517578,137.9600067138672,136.00999450683594,122.3927993774414,34499400,IWM,0
2017-01-05,137.49000549316406,137.75999450683594,135.50999450683594,120.98036193847656,30286900,IWM,0
2017-01-06,136.41000366210938,136.7100067138672,135.67999267578125,120.5362548828125,23436000,IWM,0
2017-01-09,135.5399932861328,135.72000122070312,134.5,119.74559783935547,24077900,IWM,0
2017-01-10,135,136.3800048828125,134.75999450683594,120.89154815673828,21684900,IWM,0
2017-01-11,136.22999572753906,136.7899932861328,135.4199981689453,121.1047592163086,27428800,IWM,0
2017-01-12,136.16000366210938,136.22000122070312,133.58999633789062,120.1720199584961,41844200,IWM,0
2017-01-13,135.64999389648438,136.97000122070312,135.64999389648438,121.04259490966797,27784500,IWM,0
2017-01-17,135.60000610351562,135.69000244140625,134.1300048828125,119.39918518066406,28197800,IWM,0
2017-01-18,134.75999450683594,134.94000244140625,133.9499969482422,119.79004669189453,21289700,IWM,0
2017-01-19,135.13999938964844,135.44000244140625,133.1699981689453,118.81287384033203,34105900,IWM,0
2017-01-20,133.75,134.8800048828125,133.75,119.42584991455078,29286100,IWM,0
2017-01-23,134.02999877929688,134.67999267578125,133.1199951171875,118.92837524414062,20537000,IWM,0
2017-01-24,134.33999633789062,136.27999877929688,134.22000122070312,120.74938201904297,34313800,IWM,0
2017-01-25,137.05999755859375,137.5500030517578,136.9499969482422,121.88648986816406,29127300,IWM,0
2017-01-26,137.33999633789062,137.5,136.4199981689453,121.3979263305664,22255600,IWM,0
2017-01-27,136.77000427246094,137.0399932861328,135.64999389648438,120.98036193847656,19467800,IWM,0
2017-01-30,135.22999572753906,135.24000549316406,133.24000549316406,119.2926025390625,40464400,IWM,0
2017-01-31,133.8699951171875,135.55999755859375,133.47999572753906,120.1275863647461,32945000,IWM,0
2017-02-01,136.22000122070312,136.8699951171875,134.6999969482422,120.05654907226562,30010500,IWM,0
2017-02-02,135.3000030517578,135.6699981689453,134.49000549316406,119.75452423095703,19935700,IWM,0
2017-02-03,135.99000549316406,136.97999572753906,135.50999450683594,121.58441925048828,24534100,IWM,0
2017-02-06,136.39999389648438,136.77999877929688,135.42999267578125,120.66951751708984,23691500,IWM,0
2017-02-07,135.82000732421875,136.47000122070312,134.77000427246094,120.13645935058594,30342200,IWM,0
2017-02-08,135.24000549316406,135.24000549316406,133.88999938964844,119.92325592041016,32956900,IWM,0
2017-02-09,135,137.25,135,121.61109161376953,28267600,IWM,0
2017-02-10,137.7899932861328,138.3699951171875,137.1999969482422,122.53495025634766,27287600,IWM,0
2017-02-13,138.77000427246094,139.2100067138672,138.08999633789062,122.85478973388672,23245100,IWM,0
2017-02-14,137.94000244140625,138.9499969482422,137.61000061035156,123.26339721679688,27145000,IWM,0
2017-02-15,138.19000244140625,139.77000427246094,138.07000732421875,124.00068664550781,20253500,IWM,0
2017-02-16,139.4600067138672,139.83999633789062,138.2100067138672,123.65424346923828,24613600,IWM,0
2017-02-17,138.4499969482422,139.16000366210938,138.25,123.57425689697266,26703200,IWM,0
2017-02-21,139.3800048828125,140.32000732421875,139.3800048828125,124.54254150390625,21353500,IWM,0
2017-02-22,140,140.02000427246094,139.25,123.99179077148438,14890800,IWM,0
2017-02-23,139.9600067138672,140.00999450683594,137.69000244140625,123.25447082519531,24596200,IWM,0
2017-02-24,137.4600067138672,138.64999389648438,137.3000030517578,123.16563415527344,24512300,IWM,0
2017-02-27,138.33999633789062,140,138.2100067138672,124.36488342285156,28269000,IWM,0
2017-02-28,139.3800048828125,139.47999572753906,137.75999450683594,122.44611358642578,40184100,IWM,0
2017-03-01,139.64999389648438,140.86000061035156,139.52000427246094,124.68472290039062,35719800,IWM,0
2017-03-02,140.3300018310547,140.36000061035156,138.63999938964844,123.25447082519531,25937000,IWM,0
2017-03-03,138.8000030517578,139.4199981689453,137.8800048828125,123.16563415527344,30989800,IWM,0
2017-03-06,137.77999877929688,137.97000122070312,136.99000549316406,122.32177734375,23892100,IWM,0
2017-03-07,137.39999389648438,137.74000549316406,136.61000061035156,121.52229309082031,29711300,IWM,0
2017-03-08,137.27999877929688,137.6199951171875,135.77999877929688,120.7227554321289,34115100,IWM,0
2017-03-09,135.8300018310547,136.49000549316406,134.88999938964844,120.24311065673828,35223800,IWM,0
2017-03-10,136.2899932861328,136.30999755859375,134.83999633789062,120.77608489990234,39516600,IWM,0
2017-03-13,135.64999389648438,136.7899932861328,135.64999389648438,121.0603256225586,21295000,IWM,0
2017-03-14,135.75,135.8300018310547,134.55999755859375,120.4829330444336,30037800,IWM,0
2017-03-15,136.2899932861328,138.02000427246094,135.97000122070312,122.34842681884766,31230400,IWM,0
2017-03-16,138.22000122070312,138.50999450683594,137.55999755859375,122.50831604003906,25306600,IWM,0
2017-03-17,138.13999938964844,138.72999572753906,137.30999755859375,122.99688720703125,33324600,IWM,0
2017-03-20,138.27999877929688,138.52000427246094,137.3699951171875,122.46387481689453,19091200,IWM,0
2017-03-21,138.50999450683594,138.60000610351562,133.9199981689453,119.00833129882812,61869000,IWM,0
2017-03-22,133.7100067138672,134.30999755859375,132.77999877929688,119.03500366210938,46332600,IWM,0
2017-03-23,134,135.6999969482422,133.63999938964844,119.72785949707031,37764600,IWM,0
2017-03-24,134.9499969482422,135.47000122070312,133.86000061035156,119.81424713134766,33514400,IWM,0
2017-03-27,132.75999450683594,135.07000732421875,132.39999389648438,120.0370101928711,35596700,IWM,0
2017-03-28,134.27999877929688,135.89999389648438,134.13999938964844,120.9723892211914,26891900,IWM,0
2017-03-29,135.6999969482422,136.49000549316406,135.3000030517578,121.36442565917969,22119500,IWM,0
2017-03-30,136.32000732421875,137.3800048828125,136.25999450683594,122.28199768066406,25792900,IWM,0
2017-03-31,137.4199981689453,138.1699981689453,136.94000244140625,122.47801971435547,29434300,IWM,0
2017-04-03,137.97000122070312,138.10000610351562,135.60000610351562,121.18622589111328,38834900,IWM,0
2017-04-04,135.92999267578125,136.5500030517578,135.35000610351562,121.043701171875,25642600,IWM,0
2017-04-05,136.8300018310547,137.42999267578125,134.0800018310547,119.67173767089844,44968800,IWM,0
2017-04-06,134.5399932861328,135.6300048828125,133.8300018310547,120.78533172607422,41012100,IWM,0
2017-04-07,135.2100067138672,136.02999877929688,134.75,120.73186492919922,24300200,IWM,0
2017-04-10,135.47000122070312,136.85000610351562,135.16000366210938,120.99913787841797,22779900,IWM,0
2017-04-11,135.27000427246094,136.9199981689453,135.0800018310547,121.96131134033203,32589200,IWM,0
2017-04-12,136.63999938964844,136.6999969482422,134.9199981689453,120.3042984008789,25700800,IWM,0
2017-04-13,134.8800048828125,135.3699951171875,133.66000366210938,119.12830352783203,30207000,IWM,0
2017-04-17,134.07000732421875,135.32000732421875,133.67999267578125,120.52693939208984,18278800,IWM,0
2017-04-18,134.72000122070312,135.4600067138672,134.16000366210938,120.55368041992188,24553300,IWM,0
2017-04-19,135.69000244140625,136.9600067138672,135.5399932861328,120.9723892211914,34627600,IWM,0
2017-04-20,136.33999633789062,137.6699981689453,136.14999389648438,122.51361083984375,31934400,IWM,0
2017-04-21,137.24000549316406,137.5500030517578,136.7100067138672,122.23748016357422,29386000,IWM,0
2017-04-24,139.0800018310547,139.33999633789062,138.49000549316406,123.76090240478516,33836900,IWM,0
2017-04-25,140.24000549316406,140.8800048828125,140.08999633789062,124.96355438232422,32751700,IWM,0
2017-04-26,140.1699981689453,141.82000732421875,140.1300048828125,125.60503387451172,41669200,IWM,0
2017-04-27,141.33999633789062,141.8000030517578,140.47999572753906,125.5693130493164,23004300,IWM,0
2017-04-28,141.02999877929688,141.1699981689453,139.0399932861328,123.88557434082031,31113900,IWM,0
2017-05-01,139.63999938964844,140.2899932861328,138.77999877929688,124.59829711914062,20925200,IWM,0
2017-05-02,139.97999572753906,140.33999633789062,138.69000244140625,123.96577453613281,17993900,IWM,0
2017-05-03,138.49000549316406,138.75999450683594,137.69000244140625,123.1995849609375,27050300,IWM,0
2017-05-04,138.52999877929688,138.72999572753906,137.11000061035156,123.03036499023438,25799100,IWM,0
2017-05-05,138.69000244140625,138.99000549316406,137.52999877929688,123.82316589355469,23806500,IWM,0
2017-05-08,138.66000366210938,138.97999572753906,137.75999450683594,123.30651092529297,16680000,IWM,0
2017-05-09,138.58999633789062,138.8300018310547,137.77999877929688,123.25305938720703,23988400,IWM,0
2017-05-10,138.0399932861328,139.47999572753906,137.86000061035156,124.01923370361328,19791500,IWM,0
2017-05-11,138.6699981689453,138.8300018310547,136.97999572753906,123.15506744384766,28617300,IWM,0
2017-05-12,137.7100067138672,137.88999938964844,137.16000366210938,122.50472259521484,24111200,IWM,0
2017-05-15,137.97999572753906,139.25,137.97999572753906,123.4579849243164,31132200,IWM,0
2017-05-16,138.97000122070312,139.0399932861328,137.6199951171875,123.50252532958984,18520900,IWM,0
2017-05-17,136.3300018310547,137.0399932861328,134.75,120.17060852050781,50791200,IWM,0
2017-05-18,134.57000732421875,135.89999389648438,134.22999572753906,120.60714721679688,44805100,IWM,0
2017-05-19,135.63999938964844,136.75999450683594,135.4199981689453,121.18622589111328,44450500,IWM,0
2017-05-22,136.25999450683594,137.1999969482422,136.16000366210938,122.0058364868164,20062700,IWM,0
2017-05-23,137.2899932861328,137.69000244140625,136.35000610351562,122.40675354003906,16681400,IWM,0
2017-05-24,137.50999450683594,138.02999877929688,136.8300018310547,122.48692321777344,21256000,IWM,0
2017-05-25,138.13999938964844,138.61000061035156,137.1999969482422,122.56708526611328,22804200,IWM,0
2017-05-26,137.3800048828125,137.7899932861328,136.77999877929688,122.53144836425781,20047300,IWM,0
2017-05-30,137.1199951171875,137.44000244140625,136.22000122070312,121.5693130493164,25544100,IWM,0
2017-05-31,136.83999633789062,136.9199981689453,134.63999938964844,121.44459533691406,34345400,IWM,0
2017-06-01,136.72000122070312,139,136.27000427246094,123.78765869140625,44618600,IWM,0
2017-06-02,139.4499969482422,141.02000427246094,139.0500030517578,124.58937072753906,46680200,IWM,0
2017-06-05,139.9600067138672,140.11000061035156,138.9499969482422,123.8143081665039,20808900,IWM,0
2017-06-06,138.11000061035156,139.66000366210938,137.80999755859375,123.69849395751953,25460900,IWM,0
2017-06-07,138.86000061035156,139.52999877929688,138.49000549316406,123.8143081665039,20542200,IWM,0
2017-06-08,138.97999572753906,141.4600067138672,138.74000549316406,125.50701141357422,33956400,IWM,0
2017-06-09,141.4600067138672,142.89999389648438,140.6999969482422,126.15731048583984,56979400,IWM,0
2017-06-12,141.66000366210938,141.99000549316406,140.88999938964844,125.95240020751953,34665500,IWM,0
2017-06-13,141.8000030517578,142.30999755859375,141.47000122070312,126.59391021728516,22046800,IWM,0
2017-06-14,142.02999877929688,142.0399932861328,140.4499969482422,125.84552001953125,33021900,IWM,0
2017-06-15,139.69000244140625,140.97999572753906,139.69000244140625,125.20406341552734,27376800,IWM,0
2017-06-16,140.02999877929688,140.22000122070312,139.27999877929688,124.89225006103516,35608400,IWM,0
2017-06-19,140.55999755859375,141.5800018310547,140.50999450683594,125.81876373291016,25163300,IWM,0
2017-06-20,140.8800048828125,140.97000122070312,139.6999969482422,124.54488372802734,20111900,IWM,0
2017-06-21,140.0500030517578,140.8000030517578,139.22000122070312,124.23303985595703,23351400,IWM,0
2017-06-22,139.3699951171875,140.38999938964844,139.00999450683594,124.70521545410156,17917200,IWM,0
2017-06-23,140.13999938964844,141.0800018310547,139.5500030517578,125.5337142944336,20772500,IWM,0
2017-06-26,141.08999633789062,141.52999877929688,140.1999969482422,125.68517303466797,22988300,IWM,0
2017-06-27,141.10000610351562,141.6199951171875,139.75,124.58047485351562,24610100,IWM,0
2017-06-28,140.6699981689453,142.25999450683594,140.39999389648438,126.4869613647461,25085400,IWM,0
2017-06-29,142.24000549316406,142.35000610351562,139.64999389648438,125.73860931396484,38794900,IWM,0
2017-06-30,141.25,141.6699981689453,140.77000427246094,125.54264831542969,22798500,IWM,0
2017-07-03,141.33999633789062,142.5,141.3000030517578,126.59391021728516,12968200,IWM,0
2017-07-05,141.6999969482422,141.85000610351562,140.6999969482422,126.13951873779297,21865500,IWM,0
2017-07-06,139.92999267578125,140.47000122070312,138.8300018310547,124.4923095703125,30563400,IWM,0
2017-07-07,139.42999267578125,140.67999267578125,139.17999267578125,125.7001953125,20511000,IWM,0
2017-07-10,139.9199981689453,140.88999938964844,139.3699951171875,125.15440368652344,17206000,IWM,0
2017-07-11,139.77999877929688,140.3800048828125,138.97999572753906,125.52127075195312,16192900,IWM,0
2017-07-12,141.0500030517578,142.22000122070312,141.00999450683594,126.48751831054688,19358600,IWM,0
2017-07-13,141.1999969482422,141.55999755859375,140.3800048828125,126.59491729736328,16559300,IWM,0
2017-07-14,141.10000610351562,142.3000030517578,141.10000610351562,126.80964660644531,15465300,IWM,0
2017-07-17,141.60000610351562,142.4600067138672,141.25999450683594,127.10488891601562,15374600,IWM,0
2017-07-18,141.5399932861328,141.8699951171875,141.0399932861328,126.77383422851562,16653300,IWM,0
2017-07-19,141.8800048828125,143.13999938964844,141.8800048828125,128.0354461669922,16985500,IWM,0
2017-07-20,143.1199951171875,143.52000427246094,142.8000030517578,128.1248779296875,17047800,IWM,0
2017-07-21,143.00999450683594,143.3300018310547,142.25,127.54337310791016,21662700,IWM,0
2017-07-24,142.30999755859375,142.82000732421875,141.97000122070312,127.7223129272461,16694000,IWM,0
2017-07-25,143.6199951171875,144.25,143.2100067138672,128.8854522705078,21066400,IWM,0
2017-07-26,144.14999389648438,144.14999389648438,143.0500030517578,128.1696319580078,13574900,IWM,0
2017-07-27,143.47999572753906,143.67999267578125,141.5500030517578,127.35548400878906,24355800,IWM,0
2017-07-28,142.02000427246094,142.36000061035156,141.47000122070312,127.0154800415039,19933300,IWM,0
2017-07-31,142.22000122070312,142.3800048828125,140.97000122070312,126.61283111572266,16417700,IWM,0
2017-08-01,142.1699981689453,142.1999969482422,140.97000122070312,126.85441589355469,19835900,IWM,0
2017-08-02,141.58999633789062,141.82000732421875,139.72999572753906,125.46757507324219,19934300,IWM,0
2017-08-03,140.44000244140625,140.5399932861328,139.16000366210938,124.84127807617188,19624900,IWM,0
2017-08-04,139.91000366210938,140.32000732421875,139.49000549316406,125.44969940185547,16473500,IWM,0
2017-08-07,140.44000244140625,140.85000610351562,139.7100067138672,125.65542602539062,9176200,IWM,0
2017-08-08,140.41000366210938,141.7899932861328,139.69000244140625,125.26180267333984,27248700,IWM,0
2017-08-09,139.1199951171875,139.38999938964844,138.27999877929688,124.17914581298828,26534300,IWM,0
2017-08-10,138.27999877929688,138.27999877929688,136.25999450683594,121.92443084716797,40983500,IWM,0
2017-08-11,136.2100067138672,136.74000549316406,135.77000427246094,122.10342407226562,32779600,IWM,0
2017-08-14,137.25999450683594,138.58999633789062,137.22999572753906,123.95549011230469,21710900,IWM,0
2017-08-15,138.8000030517578,138.82000732421875,137.33999633789062,122.93551635742188,16646000,IWM,0
2017-08-16,137.6699981689453,138.38999938964844,137.2100067138672,122.97130584716797,21858600,IWM,0
2017-08-17,136.97999572753906,137.69000244140625,134.9199981689453,120.72550964355469,32722900,IWM,0
2017-08-18,134.47000122070312,135.4600067138672,134.1199951171875,120.7165756225586,42401900,IWM,0
2017-08-21,134.69000244140625,135.02000427246094,134.13999938964844,120.63605499267578,21504100,IWM,0
2017-08-22,135.25999450683594,136.4499969482422,135.13999938964844,121.94237518310547,25170600,IWM,0
2017-08-23,135.52999877929688,136.57000732421875,135.2100067138672,121.74549865722656,18381900,IWM,0
2017-08-24,136.63999938964844,136.92999267578125,136.02000427246094,122.12128448486328,15726600,IWM,0
2017-08-25,136.8800048828125,137.30999755859375,136.4199981689453,122.47022247314453,17163000,IWM,0
2017-08-28,137.3699951171875,137.61000061035156,136.77000427246094,122.98918914794922,16333300,IWM,0
2017-08-29,136.49000549316406,137.80999755859375,136.22999572753906,123.01605987548828,20277600,IWM,0
2017-08-30,137.36000061035156,138.50999450683594,137.25,123.80339813232422,15915500,IWM,0
2017-08-31,138.91000366210938,139.94000244140625,138.6699981689453,125.02019500732422,29260600,IWM,0
2017-09-01,139.97999572753906,140.6300048828125,139.72999572753906,125.72698974609375,17412500,IWM,0
2017-09-05,140.6300048828125,140.88999938964844,138.5800018310547,124.51917266845703,21908400,IWM,0
2017-09-06,139.74000549316406,140,139.0800018310547,124.77861785888672,18399700,IWM,0
2017-09-07,139.58999633789062,139.69000244140625,138.58999633789062,124.46544647216797,18159800,IWM,0
2017-09-08,138.92999267578125,139.77000427246094,138.6199951171875,124.56388854980469,21870500,IWM,0
2017-09-11,140.38999938964844,140.9199981689453,140.22999572753906,125.8702392578125,22617700,IWM,0
2017-09-12,141.0399932861328,141.69000244140625,140.82000732421875,126.63966369628906,22679600,IWM,0
2017-09-13,141.41000366210938,142.22000122070312,141.32000732421875,127.0154800415039,25052500,IWM,0
2017-09-14,141.77999877929688,142.16000366210938,141.4199981689453,126.89916229248047,18353800,IWM,0
2017-09-15,141.63999938964844,142.47000122070312,141.5500030517578,127.41809844970703,23184000,IWM,0
2017-09-18,142.6199951171875,143.80999755859375,142.60000610351562,128.28598022460938,24427400,IWM,0
2017-09-19,143.57000732421875,143.69000244140625,143.08999633789062,128.28598022460938,16346300,IWM,0
2017-09-20,143.52999877929688,144.02000427246094,143.25999450683594,128.69749450683594,20244700,IWM,0
2017-09-21,144.02000427246094,144.25999450683594,143.47999572753906,128.56333923339844,17395900,IWM,0
2017-09-22,143.6699981689453,144.6699981689453,143.55999755859375,129.1090850830078,25203000,IWM,0
2017-09-25,144.27000427246094,144.94000244140625,143.69000244140625,129.28805541992188,30012800,IWM,0
2017-09-26,144.2899932861328,145.14999389648438,144.17999267578125,129.69973754882812,28238100,IWM,0
2017-09-27,145.6300048828125,147.86000061035156,145.16000366210938,132.2379608154297,66351700,IWM,0
2017-09-28,147.25,148.05999755859375,146.77999877929688,132.58775329589844,29291400,IWM,0
2017-09-29,147.9199981689453,148.42999267578125,147.74000549316406,132.90164184570312,21738700,IWM,0
2017-10-02,148.30999755859375,150,148.0800018310547,134.53402709960938,29772400,IWM,0
2017-10-03,150.11000061035156,150.3300018310547,149.3300018310547,134.82998657226562,28372800,IWM,0
2017-10-04,150.08999633789062,150.61000061035156,149.38999938964844,134.39942932128906,22024700,IWM,0
2017-10-05,150.2899932861328,150.6300048828125,149.8699951171875,134.7672119140625,22538500,IWM,0
2017-10-06,149.7100067138672,150.33999633789062,149.57000732421875,134.57884216308594,19350800,IWM,0
2017-10-09,150.19000244140625,150.67999267578125,149.17999267578125,134.02276611328125,13981300,IWM,0
2017-10-10,149.92999267578125,150.2899932861328,149.41000366210938,134.40841674804688,21951900,IWM,0
2017-10-11,149.94000244140625,150.19000244140625,149.4600067138672,134.30972290039062,15137100,IWM,0
2017-10-12,149.4600067138672,150.00999450683594,149.02000427246094,134.2111053466797,17185600,IWM,0
2017-10-13,149.9199981689453,149.99000549316406,149.22999572753906,133.96888732910156,15464400,IWM,0
2017-10-16,149.61000061035156,150.35000610351562,149.02999877929688,133.8523406982422,20653100,IWM,0
2017-10-17,149.27000427246094,149.77000427246094,148.5,133.46669006347656,18046800,IWM,0
2017-10-18,149.5,149.91000366210938,149.0800018310547,134.1034393310547,20541700,IWM,0
2017-10-19,148.77000427246094,149.3300018310547,148.1699981689453,133.897216796875,17164900,IWM,0
2017-10-20,150.30999755859375,150.41000366210938,149.86000061035156,134.51605224609375,25224500,IWM,0
2017-10-23,150.14999389648438,150.14999389648438,148.6999969482422,133.51150512695312,14676400,IWM,0
2017-10-24,149.38999938964844,149.77999877929688,149.0399932861328,133.7895965576172,17527700,IWM,0
2017-10-25,148.94000244140625,149,147.22000122070312,133.143798828125,27235300,IWM,0
2017-10-26,148.94000244140625,149.33999633789062,148.50999450683594,133.4218292236328,15205900,IWM,0
2017-10-27,148.8800048828125,149.91000366210938,148.3000030517578,134.34564208984375,32744100,IWM,0
2017-10-30,148.8800048828125,149.4499969482422,147.38999938964844,132.92855834960938,30524800,IWM,0
2017-10-31,148.7899932861328,149.8300018310547,148.63999938964844,133.87030029296875,22449400,IWM,0
2017-11-01,150.5,150.52999877929688,147.44000244140625,132.98239135742188,31585500,IWM,0
2017-11-02,148.24000549316406,149.22999572753906,147.72000122070312,133.3769989013672,28176600,IWM,0
2017-11-03,148.47999572753906,148.9600067138672,148.05999755859375,133.2873077392578,22312700,IWM,0
2017-11-06,148.75,149.3800048828125,148.38999938964844,133.43980407714844,15576800,IWM,0
2017-11-07,148.8000030517578,148.85000610351562,146.5399932861328,131.84326171875,29549300,IWM,0
2017-11-08,146.66000366210938,147.4499969482422,145.83999633789062,132.02267456054688,30682500,IWM,0
2017-11-09,146.27000427246094,147.38999938964844,145.27999877929688,131.5562744140625,40144400,IWM,0
2017-11-10,146.7100067138672,147.10000610351562,146.35000610351562,131.45761108398438,17823700,IWM,0
2017-11-13,145.92999267578125,146.82000732421875,145.5,131.49356079101562,14680000,IWM,0
2017-11-14,146.05999755859375,146.49000549316406,145.58999633789062,131.13475036621094,19682200,IWM,0
2017-11-15,145.35000610351562,146.2100067138672,144.5,130.61456298828125,23925200,IWM,0
2017-11-16,146.2100067138672,148.39999389648438,146.19000244140625,132.53392028808594,25889000,IWM,0
2017-11-17,147.25,149.02999877929688,147.1699981689453,133.143798828125,25816700,IWM,0
2017-11-20,148.75999450683594,149.5800018310547,148.3300018310547,134.11248779296875,22793000,IWM,0
2017-11-21,150.1999969482422,151.2899932861328,150.05999755859375,135.5115966796875,29392300,IWM,0
2017-11-22,151.27999877929688,151.77000427246094,150.86000061035156,135.33226013183594,14136600,IWM,0
2017-11-24,151.2100067138672,151.3699951171875,150.77000427246094,135.38604736328125,6816300,IWM,0
2017-11-27,151.3000030517578,151.6199951171875,150.44000244140625,134.9735107421875,18416900,IWM,0
2017-11-28,151.02000427246094,152.97000122070312,150.66000366210938,137.09913635253906,35898300,IWM,0
2017-11-29,153.33999633789062,154.2100067138672,152.9499969482422,137.55645751953125,38234200,IWM,0
2017-11-30,154.10000610351562,154.5500030517578,153.27999877929688,137.8076629638672,32230700,IWM,0
2017-12-01,153.02000427246094,153.7100067138672,148.75,137.2426300048828,62734800,IWM,0
2017-12-04,154.89999389648438,155.41000366210938,152.3000030517578,136.73135375976562,36366800,IWM,0
2017-12-05,151.39999389648438,152.9600067138672,150.9199981689453,135.36810302734375,29667200,IWM,0
2017-12-06,150.3699951171875,151.19000244140625,149.9499969482422,134.7313232421875,21273800,IWM,0
2017-12-07,151.30999755859375,151.88999938964844,150.02000427246094,135.6730194091797,29675200,IWM,0
2017-12-08,152.14999389648438,152.27999877929688,151.27999877929688,135.7986297607422,20832400,IWM,0
2017-12-11,151.42999267578125,152.1300048828125,151.02000427246094,135.7448272705078,26654100,IWM,0
2017-12-12,151.6999969482422,151.92999267578125,150.82000732421875,135.32325744628906,25854800,IWM,0
2017-12-13,150.80999755859375,152.7100067138672,150.80999755859375,136.1304473876953,30082600,IWM,0
2017-12-14,151.85000610351562,152.1999969482422,149.63999938964844,134.6237030029297,32882600,IWM,0
2017-12-15,151.0500030517578,153.25,150.5800018310547,136.5430450439453,42851600,IWM,0
2017-12-18,153.6699981689453,154.72000122070312,153.4600067138672,138.39060974121094,22714300,IWM,0
2017-12-19,154.75,154.77000427246094,152.82000732421875,137.29641723632812,24313600,IWM,0
2017-12-20,153.75,153.94000244140625,152.83999633789062,137.56549072265625,19042800,IWM,0
2017-12-21,153.24000549316406,154.02000427246094,153.0800018310547,138.16781616210938,16772600,IWM,0
2017-12-22,153.3800048828125,153.38999938964844,152.8000030517578,137.91571044921875,13599400,IWM,0
2017-12-26,153,153.42999267578125,152.89999389648438,137.99673461914062,11949600,IWM,0
2017-12-27,153.2100067138672,153.9499969482422,152.80999755859375,137.86167907714844,15949900,IWM,0
2017-12-28,153.24000549316406,153.75,153.00999450683594,138.40184020996094,10167300,IWM,0
2017-12-29,154.14999389648438,154.14999389648438,152.38999938964844,137.2584686279297,21006500,IWM,0
2018-01-02,153.1999969482422,153.97000122070312,152.4600067138672,138.554931640625,20489600,IWM,0
2018-01-03,153.8699951171875,154.4600067138672,153.52000427246094,138.69894409179688,21836600,IWM,0
2018-01-04,154.97000122070312,155.14999389648438,154.02000427246094,139.0680694580078,14207100,IWM,0
2018-01-05,154.8800048828125,154.97999572753906,153.94000244140625,139.35618591308594,19883900,IWM,0
2018-01-08,154.72999572753906,155.27000427246094,153.5,139.57225036621094,18457300,IWM,0
2018-01-09,155.24000549316406,155.5,154.72999572753906,139.38320922851562,16571300,IWM,0
2018-01-10,154.47000122070312,155.1699981689453,153.9199981689453,139.4011688232422,18516800,IWM,0
2018-01-11,155.07000732421875,157.66000366210938,154.97999572753906,141.7959442138672,26522400,IWM,0
2018-01-12,157.67999267578125,158.86000061035156,157.47000122070312,142.39016723632812,24089800,IWM,0
2018-01-16,158.86000061035156,159.41000366210938,155.8000030517578,140.57156372070312,27704700,IWM,0
2018-01-17,156.8000030517578,157.94000244140625,156.27999877929688,141.90402221679688,18571600,IWM,0
2018-01-18,157.22000122070312,157.5,156.38999938964844,140.93165588378906,17903600,IWM,0
2018-01-19,156.72999572753906,158.69000244140625,156.5500030517578,142.7863006591797,31040900,IWM,0
2018-01-22,158.39999389648438,159.4499969482422,158.30999755859375,143.55152893066406,12702400,IWM,0
2018-01-23,159.24000549316406,160.3000030517578,158.6699981689453,144.0107421875,16904600,IWM,0
2018-01-24,160.36000061035156,160.6300048828125,158.39999389648438,143.11935424804688,20340900,IWM,0
2018-01-25,159.63999938964844,159.9199981689453,158.2100067138672,143.17335510253906,20290900,IWM,0
2018-01-26,159.52999877929688,159.69000244140625,158.77000427246094,143.6865692138672,16120300,IWM,0
2018-01-29,159.05999755859375,159.86000061035156,158.6199951171875,142.87631225585938,18293300,IWM,0
2018-01-30,157.66000366210938,158.22000122070312,156.72999572753906,141.5078582763672,24533800,IWM,0
2018-01-31,157.74000549316406,158.4199981689453,155.9199981689453,140.76963806152344,27468900,IWM,0
2018-02-01,155.72999572753906,157.2100067138672,155.52999877929688,141.21075439453125,21413000,IWM,0
2018-02-02,156.1300048828125,156.14999389648438,153.50999450683594,138.4918670654297,33314100,IWM,0
2018-02-05,152.6699981689453,153.7899932861328,147.86000061035156,133.17115783691406,52622200,IWM,0
2018-02-06,145.52999877929688,150.3699951171875,144.24000549316406,134.76467895507812,69232400,IWM,0
2018-02-07,149.61000061035156,150.7899932861328,148.61000061035156,134.8997039794922,37101000,IWM,0
2018-02-08,149.99000549316406,150,145.44000244140625,130.93844604492188,44704500,IWM,0
2018-02-09,146.75999450683594,147.94000244140625,142.5,132.1358642578125,53315300,IWM,0
2018-02-12,146.9199981689453,148.9199981689453,145.47999572753906,133.38726806640625,36213900,IWM,0
2018-02-13,147.3800048828125,148.7899932861328,146.89999389648438,133.67535400390625,25021200,IWM,0
2018-02-14,147.6300048828125,151.52000427246094,147.17999267578125,136.07908630371094,36286900,IWM,0
2018-02-15,152.22000122070312,152.8699951171875,150.55999755859375,137.56455993652344,23773600,IWM,0
2018-02-16,152.61000061035156,154.2899932861328,152.5399932861328,138.05072021484375,27973900,IWM,0
2018-02-20,152.5500030517578,153.77000427246094,151.6699981689453,136.91636657714844,24046200,IWM,0
2018-02-21,152.4199981689453,154.80999755859375,152.00999450683594,137.0604248046875,26735500,IWM,0
2018-02-22,152.80999755859375,154.02999877929688,151.91000366210938,136.84434509277344,16340000,IWM,0
2018-02-23,152.97999572753906,154.02000427246094,152.14999389648438,138.626953125,18065200,IWM,0
2018-02-26,154.52999877929688,155.25999450683594,153.47000122070312,139.53623962402344,15267700,IWM,0
2018-02-27,155.17999267578125,155.8800048828125,152.75,137.52859497070312,18125500,IWM,0
2018-02-28,153.13999938964844,153.60000610351562,150.30999755859375,135.35890197753906,29951800,IWM,0
2018-03-01,150.0500030517578,151.57000732421875,148.3800048828125,134.99874877929688,38943200,IWM,0
2018-03-02,148.7100067138672,152.75,148.39999389648438,137.15948486328125,31842300,IWM,0
2018-03-05,151.82000732421875,154.25999450683594,151.47000122070312,138.38385009765625,19603700,IWM,0
2018-03-06,154.42999267578125,155.38999938964844,152.8000030517578,139.87835693359375,17304000,IWM,0
2018-03-07,154.4600067138672,156.92999267578125,154.22000122070312,141.1117706298828,22684600,IWM,0
2018-03-08,156.89999389648438,157.47000122070312,155.5,140.82363891601562,23391300,IWM,0
2018-03-09,157.30999755859375,159,156.8699951171875,143.07435607910156,24927200,IWM,0
2018-03-12,159.25,159.64999389648438,158.49000549316406,143.32647705078125,15310100,IWM,0
2018-03-13,160,160.3000030517578,158.13999938964844,142.66024780273438,17757200,IWM,0
2018-03-14,159.22000122070312,159.38999938964844,157.41000366210938,141.98500061035156,18097500,IWM,0
2018-03-15,158.10000610351562,158.13999938964844,156.3699951171875,141.27378845214844,14172100,IWM,0
2018-03-16,156.97999572753906,158.27000427246094,156.75,142.06607055664062,36000300,IWM,0
2018-03-19,157.1699981689453,157.2100067138672,154.4499969482422,140.69760131835938,25663000,IWM,0
2018-03-20,156.6699981689453,157.02000427246094,155.77000427246094,140.66160583496094,11418500,IWM,0
2018-03-21,156.32000732421875,158.25999450683594,156.1999969482422,141.4808349609375,22213500,IWM,0
2018-03-22,155.66000366210938,156.6199951171875,153.30999755859375,138.3784942626953,29774800,IWM,0
2018-03-23,153.55999755859375,153.94000244140625,150,135.40066528320312,35744100,IWM,0
2018-03-26,152.08999633789062,153.3800048828125,150.42999267578125,138.36048889160156,28442400,IWM,0
2018-03-27,153.66000366210938,153.6999969482422,149.7100067138672,135.68040466308594,32820600,IWM,0
2018-03-28,150.74000549316406,151.35000610351562,149.38999938964844,135.63534545898438,26510900,IWM,0
2018-03-29,151.0800018310547,153.10000610351562,150.75,137.00692749023438,22617700,IWM,0
2018-04-02,151.52000427246094,152.07000732421875,147.17999267578125,133.66815185546875,35040700,IWM,0
2018-04-03,149.02000427246094,150.60000610351562,148.3000030517578,135.58116149902344,29857800,IWM,0
2018-04-04,148.5,152.5800018310547,148.27000427246094,137.30470275878906,29619700,IWM,0
2018-04-05,153.0399932861328,153.61000061035156,152.32000732421875,138.44163513183594,17301600,IWM,0
2018-04-06,152.3699951171875,153.39999389648438,149.14999389648438,135.68040466308594,25762700,IWM,0
2018-04-09,151.39999389648438,152.60000610351562,150.4199981689453,135.8428497314453,18997000,IWM,0
2018-04-10,152.13999938964844,153.9499969482422,151.6699981689453,138.4055938720703,23420000,IWM,0
2018-04-11,152.77999877929688,154.30999755859375,152.6300048828125,138.70335388183594,14884600,IWM,0
2018-04-12,154.42999267578125,155.41000366210938,153.92999267578125,139.6508331298828,14413200,IWM,0
2018-04-13,155.2899932861328,155.3300018310547,153.50999450683594,138.91993713378906,19813600,IWM,0
2018-04-16,154.83999633789062,155.82000732421875,154.11000061035156,140.2012939453125,18846900,IWM,0
2018-04-17,156.2100067138672,157.49000549316406,155.9600067138672,141.72625732421875,18624200,IWM,0
2018-04-18,157.52000427246094,158.3800048828125,157.16000366210938,142.1053009033203,16974200,IWM,0
2018-04-19,157.13999938964844,157.5399932861328,155.8800048828125,141.1217041015625,16174500,IWM,0
2018-04-20,156.0500030517578,156.72000122070312,155.14999389648438,140.3637237548828,21480600,IWM,0
2018-04-23,155.77999877929688,156.2899932861328,154.57000732421875,140.1562042236328,13268200,IWM,0
2018-04-24,155.89999389648438,156.6300048828125,153.19000244140625,139.35305786132812,24859700,IWM,0
2018-04-25,154.36000061035156,154.8000030517578,152.9600067138672,139.14553833007812,21981400,IWM,0
2018-04-26,154.4199981689453,155.41000366210938,153.94000244140625,139.7862548828125,14862900,IWM,0
2018-04-27,154.8800048828125,155.3699951171875,153.77999877929688,139.58770751953125,17734300,IWM,0
2018-04-30,155.02000427246094,155.64999389648438,153.2899932861328,138.35147094726562,15624600,IWM,0
2018-05-01,153.00999450683594,154.2899932861328,151.7100067138672,139.02818298339844,24977500,IWM,0
2018-05-02,153.77999877929688,155.77999877929688,153.67999267578125,139.5515594482422,16786800,IWM,0
2018-05-03,154.11000061035156,154.5,152.16000366210938,138.79356384277344,20985900,IWM,0
2018-05-04,153.25999450683594,156.5,152.8000030517578,140.52610778808594,17927900,IWM,0
2018-05-07,156.19000244140625,157.86000061035156,156.10000610351562,141.71730041503906,16303500,IWM,0
2018-05-08,156.9199981689453,157.8300018310547,156.75,142.421142578125,17281200,IWM,0
2018-05-09,158.00999450683594,159.10000610351562,157.3800048828125,143.18817138671875,15758500,IWM,0
2018-05-10,158.89999389648438,160.1699981689453,158.75999450683594,143.95513916015625,15828700,IWM,0
2018-05-11,159.5500030517578,160.1300048828125,159.0399932861328,144.23489379882812,14413600,IWM,0
2018-05-14,160.02000427246094,160.69000244140625,159.0500030517578,143.6844482421875,15028500,IWM,0
2018-05-15,158.7100067138672,159.58999633789062,158.1699981689453,143.71151733398438,17544900,IWM,0
2018-05-16,159.49000549316406,161.32000732421875,159.47000122070312,145.20948791503906,21004400,IWM,0
2018-05-17,161,162,160.75,145.877197265625,18639700,IWM,0
2018-05-18,161.9499969482422,162.32000732421875,161.5500030517578,146.06668090820312,17579800,IWM,0
2018-05-21,162.3699951171875,163.24000549316406,162.36000061035156,147.03225708007812,15667300,IWM,0
2018-05-22,163.25999450683594,163.3300018310547,161.6300048828125,145.9674072265625,13212000,IWM,0
2018-05-23,161.3300018310547,162.27999877929688,161.1300048828125,146.15696716308594,14235700,IWM,0
2018-05-24,161.9199981689453,162.35000610351562,160.6199951171875,146.21102905273438,12785000,IWM,0
2018-05-25,161.75,162.16000366210938,161.47000122070312,145.9493865966797,11150200,IWM,0
2018-05-29,160.8800048828125,162.22999572753906,160.11000061035156,145.75086975097656,20986900,IWM,0
2018-05-30,162.36000061035156,164.38999938964844,162.36000061035156,148.0609588623047,25169000,IWM,0
2018-05-31,164.0800018310547,164.3800048828125,162.33999633789062,146.87884521484375,28573700,IWM,0
2018-06-01,163.8300018310547,164.3800048828125,163.27999877929688,147.84432983398438,21108200,IWM,0
2018-06-04,164.32000732421875,164.7100067138672,163.32000732421875,148.62945556640625,14836000,IWM,0
2018-06-05,164.5500030517578,165.77000427246094,164.33999633789062,149.54981994628906,13283600,IWM,0
2018-06-06,165.7100067138672,166.92999267578125,165.5800018310547,150.63267517089844,16661300,IWM,0
2018-06-07,167.11000061035156,167.22999572753906,165.22999572753906,149.81149291992188,17571900,IWM,0
2018-06-08,166.05999755859375,166.61000061035156,165.75999450683594,150.2627410888672,17569800,IWM,0
2018-06-11,166.63999938964844,167.11000061035156,166.2899932861328,150.48829650878906,15923000,IWM,0
2018-06-12,166.9199981689453,167.94000244140625,166.72999572753906,151.17417907714844,16166700,IWM,0
2018-06-13,167.77000427246094,167.8699951171875,166.6199951171875,150.57858276367188,19853700,IWM,0
2018-06-14,167.49000549316406,167.83999633789062,166.61000061035156,151.38165283203125,19248100,IWM,0
2018-06-15,167.24000549316406,167.8699951171875,166.52999877929688,151.42677307128906,24922600,IWM,0
2018-06-18,166.97000122070312,168.61000061035156,166.72999572753906,152.13966369628906,18616500,IWM,0
2018-06-19,167.5500030517578,168.77000427246094,166.5399932861328,152.14866638183594,24605900,IWM,0
2018-06-20,169.4499969482422,170.1999969482422,168.9499969482422,153.3759002685547,19216900,IWM,0
2018-06-21,169.97999572753906,170.0800018310547,167.77000427246094,151.94113159179688,26946200,IWM,0
2018-06-22,169.00999450683594,169.1999969482422,167.30999755859375,151.43582153320312,33638200,IWM,0
2018-06-25,167.24000549316406,167.3699951171875,164.13999938964844,148.9633026123047,37005100,IWM,0
2018-06-26,165.22999572753906,166.66000366210938,164.85000610351562,149.82962036132812,20464000,IWM,0
2018-06-27,166.2100067138672,166.50999450683594,163.30999755859375,147.4292755126953,27511800,IWM,0
2018-06-28,163.22999572753906,164.22000122070312,162.25999450683594,147.88046264648438,26759100,IWM,0
2018-06-29,164.30999755859375,165.0500030517578,163.61000061035156,147.7812042236328,24146500,IWM,0
2018-07-02,162.75999450683594,164.9600067138672,162.47999572753906,148.80087280273438,24283600,IWM,0
2018-07-03,164.75,165.6999969482422,164.6999969482422,149.39413452148438,13561300,IWM,0
2018-07-05,165.86000061035156,166.8699951171875,164.8300018310547,151.09666442871094,18640500,IWM,0
2018-07-06,166.97000122070312,168.44000244140625,166.52000427246094,152.37364196777344,19597500,IWM,0
2018-07-09,169.00999450683594,169.3300018310547,168.38999938964844,153.3336181640625,16565200,IWM,0
2018-07-10,169.5800018310547,169.8699951171875,167.57000732421875,152.63623046875,18790700,IWM,0
2018-07-11,167.6199951171875,168.61000061035156,167.0500030517578,151.3411865234375,23912600,IWM,0
2018-07-12,168.07000732421875,168.25,166.63999938964844,152.07479858398438,19617600,IWM,0
2018-07-13,167.85000610351562,168.72999572753906,167.4199981689453,151.6219482421875,15409100,IWM,0
2018-07-16,167.75999450683594,168.02999877929688,165.9600067138672,151.03326416015625,15946900,IWM,0
2018-07-17,166.75,168,166.58999633789062,151.70347595214844,15134700,IWM,0
2018-07-18,167.36000061035156,168.05999755859375,166.57000732421875,152.12913513183594,13780000,IWM,0
2018-07-19,167.77000427246094,169.25,167.25999450683594,153.206787109375,18398300,IWM,0
2018-07-20,168.8000030517578,169.30999755859375,168.35000610351562,152.58189392089844,17570700,IWM,0
2018-07-23,168.3000030517578,169.14999389648438,167.80999755859375,152.77212524414062,12335000,IWM,0
2018-07-24,169.4499969482422,169.75999450683594,166.22000122070312,151.1419677734375,25831300,IWM,0
2018-07-25,166.94000244140625,167.5,166.13999938964844,151.6943817138672,18401200,IWM,0
2018-07-26,167.66000366210938,169.3699951171875,167.50999450683594,152.5094451904297,20944200,IWM,0
2018-07-27,168.5,168.72000122070312,164.7899932861328,149.6657257080078,28777100,IWM,0
2018-07-30,165.25,166.02000427246094,164.07000732421875,148.70574951171875,20093700,IWM,0
2018-07-31,164.52999877929688,166.6199951171875,164.38999938964844,150.21823120117188,23567300,IWM,0
2018-08-01,165.6999969482422,166.24000549316406,164.5,150.11862182617188,17942600,IWM,0
2018-08-02,164.9600067138672,167.2100067138672,164.94000244140625,151.21441650390625,18292200,IWM,0
2018-08-03,167.14999389648438,167.67999267578125,165.61000061035156,150.68911743164062,21734900,IWM,0
2018-08-06,166.27000427246094,167.50999450683594,165.89999389648438,151.5313720703125,16288800,IWM,0
2018-08-07,167.88999938964844,168.49000549316406,167.60000610351562,151.89366149902344,15045700,IWM,0
2018-08-08,167.72000122070312,167.99000549316406,166.49000549316406,151.75778198242188,14789500,IWM,0
2018-08-09,167.64999389648438,168.7100067138672,167.5500030517578,152.14724731445312,10437800,IWM,0
2018-08-10,167.0500030517578,168.6699981689453,166.9600067138672,151.7216033935547,20521900,IWM,0
2018-08-13,167.74000549316406,168.0500030517578,165.8800048828125,150.83401489257812,20517200,IWM,0
2018-08-14,166.91000366210938,168.60000610351562,166.88999938964844,152.32833862304688,17683100,IWM,0
2018-08-15,167.6999969482422,167.82000732421875,165.14999389648438,150.41741943359375,27479900,IWM,0
2018-08-16,166.86000061035156,168.1699981689453,166.69000244140625,151.81214904785156,15484700,IWM,0
2018-08-17,167.47000122070312,168.47000122070312,166.92999267578125,152.46421813964844,15106700,IWM,0
2018-08-20,168.80999755859375,169.17999267578125,167.8300018310547,152.88986206054688,12547300,IWM,0
2018-08-21,169.13999938964844,171.36000061035156,169.1199951171875,154.64678955078125,20661200,IWM,0
2018-08-22,170.58999633789062,171.49000549316406,170.4199981689453,155.02713012695312,14329200,IWM,0
2018-08-23,171.08999633789062,171.52000427246094,170.17999267578125,154.5561981201172,12945800,IWM,0
2018-08-24,171.14999389648438,171.77999877929688,171.02000427246094,155.39845275878906,11894300,IWM,0
2018-08-27,172.11000061035156,172.94000244140625,171.6199951171875,155.6248779296875,15880400,IWM,0
2018-08-28,172.16000366210938,172.47999572753906,171.10000610351562,155.769775390625,13170300,IWM,0
2018-08-29,172.02000427246094,172.77000427246094,171.4600067138672,156.22259521484375,13157900,IWM,0
2018-08-30,172.1699981689453,173.22999572753906,171.82000732421875,156.0957794189453,14199600,IWM,0
2018-08-31,171.9600067138672,173.38999938964844,171.9499969482422,156.69354248046875,12240500,IWM,0
2018-09-04,172.7899932861328,173.1199951171875,171.1199951171875,155.99623107910156,17923500,IWM,0
2018-09-05,172.17999267578125,172.22999572753906,170.36000061035156,155.57958984375,15166100,IWM,0
2018-09-06,172.1699981689453,172.47999572753906,170.4199981689453,154.52906799316406,16647700,IWM,0
2018-09-07,170.2100067138672,171.4499969482422,169.66000366210938,154.447509765625,17248000,IWM,0
2018-09-10,171.25,171.67999267578125,170.38999938964844,154.6376953125,11067100,IWM,0
2018-09-11,170.60000610351562,171.60000610351562,170,154.8912811279297,14078400,IWM,0
2018-09-12,170.7899932861328,171.08999633789062,169.3300018310547,154.51998901367188,21572300,IWM,0
2018-09-13,171.27999877929688,171.5399932861328,170.25999450683594,154.5561981201172,14570500,IWM,0
2018-09-14,170.77000427246094,171.92999267578125,170.39999389648438,155.20828247070312,15734900,IWM,0
2018-09-17,171.4199981689453,171.5399932861328,169.35000610351562,153.56002807617188,20023200,IWM,0
2018-09-18,169.8000030517578,170.7100067138672,169.6300048828125,154.2030792236328,13018000,IWM,0
2018-09-19,170.27999877929688,171.07000732421875,169.07000732421875,153.6415557861328,17593500,IWM,0
2018-09-20,170.3699951171875,171.3000030517578,169.80999755859375,155.06336975097656,16918700,IWM,0
2018-09-21,171.75,171.82000732421875,170.22000122070312,154.3207244873047,32539000,IWM,0
2018-09-24,170.25999450683594,170.5,168.75999450683594,153.75015258789062,15786700,IWM,0
2018-09-25,170.0500030517578,170.52000427246094,169.85000610351562,153.9856414794922,13758500,IWM,0
2018-09-26,169.92999267578125,170.02999877929688,167.77999877929688,152.57818603515625,17787200,IWM,0
2018-09-27,168.3699951171875,168.6999969482422,167.75999450683594,152.5872039794922,14471900,IWM,0
2018-09-28,167.4499969482422,169,167.4499969482422,153.0503692626953,22740300,IWM,0
2018-10-01,169.2899932861328,169.32000732421875,165.77000427246094,151.03456115722656,27893100,IWM,0
2018-10-02,166.17999267578125,166.52999877929688,164.17999267578125,149.4000701904297,28440300,IWM,0
2018-10-03,165.17999267578125,166.72999572753906,164.50999450683594,150.70762634277344,26027200,IWM,0
2018-10-04,165.44000244140625,165.64999389648438,163.1300048828125,148.5919189453125,29463000,IWM,0
2018-10-05,163.75,164.16000366210938,160.66000366210938,147.24801635742188,31240100,IWM,0
2018-10-08,161.77000427246094,162.39999389648438,160.5500030517578,146.93927001953125,21330700,IWM,0
2018-10-09,161.6199951171875,162.74000549316406,160.97999572753906,146.3672332763672,20620400,IWM,0
2018-10-10,160.82000732421875,160.99000549316406,156.36000061035156,142.16294860839844,46921800,IWM,0
2018-10-11,155.80999755859375,157.32000732421875,153.50999450683594,139.4479522705078,68877400,IWM,0
2018-10-12,155.55999755859375,155.75999450683594,151.88999938964844,139.47515869140625,53492600,IWM,0
2018-10-15,153.36000061035156,155.2899932861328,152.5399932861328,139.9927520751953,32747600,IWM,0
2018-10-16,155.27999877929688,158.86000061035156,154.0399932861328,144.0516815185547,35569100,IWM,0
2018-10-17,158.17999267578125,158.22000122070312,155.88999938964844,143.43423461914062,24140100,IWM,0
2018-10-18,157.41000366210938,157.6300048828125,154.3699951171875,140.74644470214844,31042700,IWM,0
2018-10-19,155.47000122070312,156.36000061035156,152.74000549316406,139.25723266601562,34214200,IWM,0
2018-10-22,153.9199981689453,154.4499969482422,152.52000427246094,138.9575653076172,28218300,IWM,0
2018-10-23,150.92999267578125,152.88999938964844,148.9199981689453,137.71356201171875,37228100,IWM,0
2018-10-24,151.42999267578125,151.97999572753906,145.82000732421875,132.52867126464844,40412400,IWM,0
2018-10-25,146.72999572753906,149.82000732421875,146.41000366210938,135.3980255126953,32311300,IWM,0
2018-10-26,147.5399932861328,149.4199981689453,144.6999969482422,133.91795349121094,36986100,IWM,0
2018-10-29,149.1300048828125,150.6300048828125,145.07000732421875,133.1824188232422,33031300,IWM,0
2018-10-30,146.85000610351562,149.88999938964844,146.55999755859375,135.9610137939453,29017200,IWM,0
2018-10-31,151.25999450683594,151.86000061035156,150.02999877929688,136.23342895507812,36785400,IWM,0
2018-11-01,150.88999938964844,153.77000427246094,150.80999755859375,139.37525939941406,28496400,IWM,0
2018-11-02,154.05999755859375,154.88999938964844,152.44000244140625,139.83837890625,26671600,IWM,0
2018-11-05,154.0399932861328,154.66000366210938,152.35000610351562,139.7294158935547,16940900,IWM,0
2018-11-06,153.64999389648438,155.11000061035156,153.52000427246094,140.41952514648438,15572900,IWM,0
2018-11-07,155.36000061035156,157.41000366210938,154.8000030517578,142.93478393554688,22127800,IWM,0
2018-11-08,156.61000061035156,157.89999389648438,156.33999633789062,142.55340576171875,14987700,IWM,0
2018-11-09,156,156.02999877929688,152.9499969482422,139.9110565185547,20654400,IWM,0
2018-11-12,154.02000427246094,154.1699981689453,150.83999633789062,137.1415252685547,21886800,IWM,0
2018-11-13,151.60000610351562,153.08999633789062,150.2899932861328,136.70559692382812,18468500,IWM,0
2018-11-14,151.82000732421875,152.4600067138672,148.47999572753906,135.70675659179688,24549100,IWM,0
2018-11-15,148.49000549316406,151.8000030517578,148.1300048828125,137.64088439941406,24482000,IWM,0
2018-11-16,150.61000061035156,152.2899932861328,150.05999755859375,137.96778869628906,29323500,IWM,0
2018-11-19,151.67999267578125,152.02999877929688,148.3699951171875,135.17103576660156,21540900,IWM,0
2018-11-20,147.25,148.42999267578125,145.58999633789062,132.56495666503906,25907000,IWM,0
2018-11-21,146.77999877929688,149.3699951171875,146.52999877929688,134.41734313964844,17902300,IWM,0
2018-11-23,146.82000732421875,149.3000030517578,146.80999755859375,134.29019165039062,11134800,IWM,0
2018-11-26,149.32000732421875,150.39999389648438,148.74000549316406,136.03369140625,15346400,IWM,0
2018-11-27,149.17999267578125,149.72999572753906,148.2899932861328,134.90774536132812,14461800,IWM,0
2018-11-28,149.1999969482422,152.3699951171875,147.6999969482422,138.24021911621094,26125900,IWM,0
2018-11-29,151.61000061035156,152.74000549316406,150.44000244140625,137.867919921875,15134500,IWM,0
2018-11-30,151.4600067138672,152.86000061035156,151.0800018310547,138.58523559570312,20304700,IWM,0
2018-12-03,154.38999938964844,154.47999572753906,152.02000427246094,139.9110565185547,23379800,IWM,0
2018-12-04,153.75,154.1300048828125,147.13999938964844,133.95428466796875,41077900,IWM,0
2018-12-06,145.4499969482422,147.1999969482422,143.42999267578125,133.66371154785156,37581200,IWM,0
2018-12-07,147.13999938964844,148.25999450683594,143.27000427246094,130.776123046875,28525100,IWM,0
2018-12-10,144.27000427246094,144.72000122070312,141.4499969482422,130.394775390625,30776600,IWM,0
2018-12-11,145.67999267578125,146.19000244140625,142.38999938964844,130.25852966308594,29229300,IWM,0
2018-12-12,144.8800048828125,146.75999450683594,144.75999450683594,131.5024871826172,27894800,IWM,0
2018-12-13,145.24000549316406,145.69000244140625,142.5399932861328,129.64108276367188,23205400,IWM,0
2018-12-14,141.72999572753906,143.22999572753906,140.10000610351562,127.6796646118164,24037200,IWM,0
2018-12-17,139.6699981689453,140.8800048828125,136.16000366210938,124.83624267578125,36468500,IWM,0
2018-12-18,138.25999450683594,139.17999267578125,136.2899932861328,124.68134307861328,42277200,IWM,0
2018-12-19,136.8000030517578,138.67999267578125,133.25,122.08476257324219,47676600,IWM,0
2018-12-20,133.6300048828125,134.41000366210938,130.22999572753906,120.07125091552734,57908100,IWM,0
2018-12-21,132.3800048828125,132.9499969482422,127.9800033569336,116.95538330078125,59404800,IWM,0
2018-12-24,127.7300033569336,128.47000122070312,125.83999633789062,114.68681335449219,28575700,IWM,0
2018-12-26,126.27999877929688,132.10000610351562,125.80999755859375,120.19882202148438,40182700,IWM,0
2018-12-27,130.27000427246094,132.47999572753906,127.87000274658203,120.69989013671875,39527900,IWM,0
2018-12-28,132.47999572753906,135.00999450683594,131.5399932861328,121.04608154296875,35994400,IWM,0
2018-12-31,133.72000122070312,134.0500030517578,131.8000030517578,121.99365997314453,29173400,IWM,0
2019-01-02,132.1699981689453,135.1699981689453,131.5399932861328,122.68607330322266,27295100,IWM,0
2019-01-03,133.91000366210938,134.63999938964844,131.64999389648438,120.4903335571289,29294600,IWM,0
2019-01-04,133.9199981689453,137.60000610351562,133.7100067138672,124.99111938476562,35355300,IWM,0
2019-01-07,137.25999450683594,140.3699951171875,136.74000549316406,127.17768859863281,30477900,IWM,0
2019-01-08,140.8000030517578,141.7899932861328,139.38999938964844,129.1273956298828,27320900,IWM,0
2019-01-09,142.22000122070312,143.38999938964844,141.6199951171875,130.19329833984375,25764600,IWM,0
2019-01-10,142.05999755859375,143.72000122070312,141.35000610351562,130.8675537109375,22896800,IWM,0
2019-01-11,143.00999450683594,143.99000549316406,142.67999267578125,130.90402221679688,22428400,IWM,0
2019-01-14,142.82000732421875,143.44000244140625,142.08999633789062,129.6011962890625,29185000,IWM,0
2019-01-15,142.64999389648438,143.64999389648438,142.08999633789062,130.69444274902344,25678900,IWM,0
2019-01-16,143.67999267578125,145.25,143.6699981689453,131.66932678222656,20827300,IWM,0
2019-01-17,143.99000549316406,146.3300018310547,143.97000122070312,132.86280822753906,19273400,IWM,0
2019-01-18,146.60000610351562,147.9199981689453,146,134.22946166992188,28306700,IWM,0
2019-01-22,146.4600067138672,146.75999450683594,144.0500030517578,132.10665893554688,27741100,IWM,0
2019-01-23,145.32000732421875,146.17999267578125,143.4600067138672,131.74220275878906,20621300,IWM,0
2019-01-24,144.42999267578125,145.75999450683594,144.3300018310547,132.53485107421875,16976300,IWM,0
2019-01-25,146.6199951171875,147.63999938964844,146.42999267578125,134.23854064941406,22266900,IWM,0
2019-01-28,145.9600067138672,146.91000366210938,145.3699951171875,133.51878356933594,22784700,IWM,0
2019-01-29,146.7100067138672,146.82000732421875,145.8800048828125,133.1998748779297,12084800,IWM,0
2019-01-30,146.97999572753906,148.33999633789062,145.67999267578125,134.65768432617188,25516900,IWM,0
2019-01-31,147.61000061035156,149.3000030517578,147.52999877929688,135.8056640625,27252900,IWM,0
2019-02-01,149.35000610351562,149.67999267578125,148.5800018310547,135.9149932861328,17057900,IWM,0
2019-02-04,149.41000366210938,150.97000122070312,148.8800048828125,137.53671264648438,21301700,IWM,0
2019-02-05,151.00999450683594,151.60000610351562,150.24000549316406,137.68246459960938,18295900,IWM,0
2019-02-06,151.0399932861328,151.3699951171875,150.10000610351562,137.5093231201172,13720600,IWM,0
2019-02-07,149.9199981689453,150.6999969482422,148.38999938964844,136.37957763671875,22850800,IWM,0
2019-02-08,149.05999755859375,149.89999389648438,148.5,136.52536010742188,13463000,IWM,0
2019-02-11,150.2899932861328,151.14999389648438,149.6300048828125,137.6642303466797,16374800,IWM,0
2019-02-12,151.9199981689453,153.19000244140625,151.8800048828125,139.3861541748047,20779900,IWM,0
2019-02-13,153.4199981689453,153.75999450683594,152.6999969482422,139.77796936035156,15534500,IWM,0
2019-02-14,152.5800018310547,154.3699951171875,152.39999389648438,140.09678649902344,18251000,IWM,0
2019-02-15,154.77999877929688,156.24000549316406,154.27000427246094,142.3289337158203,27240200,IWM,0
2019-02-19,155.5500030517578,157.10000610351562,155.5500030517578,142.7207489013672,15856900,IWM,0
2019-02-20,156.66000366210938,157.5800018310547,156.52999877929688,143.39491271972656,18317400,IWM,0
2019-02-21,157.1300048828125,157.3699951171875,156.05999755859375,142.84829711914062,17497000,IWM,0
2019-02-22,157.27000427246094,158.27000427246094,157.10000610351562,144.08738708496094,20411800,IWM,0
2019-02-25,159.0800018310547,159.5,158.08999633789062,144.123779296875,17957100,IWM,0
2019-02-26,158.00999450683594,158.19000244140625,156.88999938964844,143.13075256347656,21497300,IWM,0
2019-02-27,156.49000549316406,157.44000244140625,156.1199951171875,143.33116149902344,18194900,IWM,0
2019-02-28,157.08999633789062,157.47999572753906,156.3699951171875,142.8391876220703,18155300,IWM,0
2019-03-01,157.9499969482422,158.33999633789062,156.75,144.16934204101562,19247100,IWM,0
2019-03-04,158.5399932861328,158.77999877929688,155.58999633789062,142.86648559570312,23301800,IWM,0
2019-03-05,156.94000244140625,156.9499969482422,155.9600067138672,142.20140075683594,16798200,IWM,0
2019-03-06,156.02000427246094,156.0800018310547,152.8800048828125,139.4134979248047,29604600,IWM,0
2019-03-07,153.02000427246094,153.13999938964844,151.3699951171875,138.192626953125,26822500,IWM,0
2019-03-08,150.83999633789062,151.75999450683594,150.61000061035156,138.15623474121094,20466800,IWM,0
2019-03-11,152.11000061035156,154.30999755859375,151.89999389648438,140.57058715820312,20854500,IWM,0
2019-03-12,154.39999389648438,154.97999572753906,153.8000030517578,140.64340209960938,18966800,IWM,0
2019-03-13,154.9199981689453,155.72999572753906,154.75,141.19918823242188,24109100,IWM,0
2019-03-14,154.89999389648438,155.02000427246094,154.1999969482422,140.62525939941406,14217500,IWM,0
2019-03-15,154.52999877929688,155.8699951171875,154.3300018310547,140.998779296875,22025900,IWM,0
2019-03-18,155.05999755859375,156.4499969482422,154.47999572753906,141.9008026123047,24510200,IWM,0
2019-03-19,156.47999572753906,156.52999877929688,154.57000732421875,141.1810302734375,18633100,IWM,0
2019-03-20,154.5399932861328,155.4199981689453,152.41000366210938,140.00439453125,29463200,IWM,0
2019-03-21,152.72999572753906,156.05999755859375,152.72999572753906,141.840576171875,31845000,IWM,0
2019-03-22,154.1999969482422,154.5399932861328,149.57000732421875,136.6792449951172,40663000,IWM,0
2019-03-25,149.47999572753906,151.32000732421875,148.41000366210938,137.28213500976562,26454700,IWM,0
2019-03-26,151.47000122070312,152.82000732421875,150.7899932861328,138.72549438476562,21308600,IWM,0
2019-03-27,151.7100067138672,152.2100067138672,149.47999572753906,138.1864776611328,23477100,IWM,0
2019-03-28,151.7899932861328,152.92999267578125,150.92999267578125,139.4197998046875,19473300,IWM,0
2019-03-29,153.67999267578125,153.97000122070312,152.10000610351562,139.84910583496094,28298900,IWM,0
2019-04-01,154.2899932861328,154.9199981689453,153.72000122070312,141.3746337890625,20075200,IWM,0
2019-04-02,154.8699951171875,154.8800048828125,153.50999450683594,141.00926208496094,18253500,IWM,0
2019-04-03,155.74000549316406,156.14999389648438,154.72999572753906,141.7400665283203,19554700,IWM,0
2019-04-04,155.27999877929688,156.00999450683594,154.83999633789062,142.434326171875,15909500,IWM,0
2019-04-05,156.3000030517578,157.47000122070312,156.19000244140625,143.7680206298828,21379000,IWM,0
2019-04-08,156.85000610351562,157.5,156.07000732421875,143.5305633544922,14202400,IWM,0
2019-04-09,156.4600067138672,156.6999969482422,154.91000366210938,141.77658081054688,18534200,IWM,0
2019-04-10,155.47999572753906,157.36000061035156,155.3300018310547,143.70408630371094,18938800,IWM,0
2019-04-11,157.52000427246094,157.67999267578125,156.80999755859375,143.52142333984375,12218700,IWM,0
2019-04-12,158.1300048828125,158.16000366210938,157.11000061035156,144.0420684814453,14120300,IWM,0
2019-04-15,157.9499969482422,158.10000610351562,156.5,143.5762481689453,10964000,IWM,0
2019-04-16,157.7100067138672,157.89999389648438,156.97999572753906,143.91416931152344,16782900,IWM,0
2019-04-17,158.08999633789062,158.11000061035156,155.1999969482422,142.5987548828125,17108500,IWM,0
2019-04-18,156.11000061035156,156.27999877929688,154.66000366210938,142.17855834960938,23276300,IWM,0
2019-04-22,155.30999755859375,155.80999755859375,154.52000427246094,141.8040008544922,15596800,IWM,0
2019-04-23,155.3699951171875,158.0500030517578,155.36000061035156,143.94163513183594,23396100,IWM,0
2019-04-24,157.6199951171875,158.69000244140625,157.3699951171875,144.38925170898438,18053100,IWM,0
2019-04-25,157.3300018310547,157.47000122070312,155.47000122070312,143.19256591796875,19365100,IWM,0
2019-04-26,156.9600067138672,158.49000549316406,156.39999389648438,144.58108520507812,16999100,IWM,0
2019-04-29,158.6199951171875,159.61000061035156,158.49000549316406,145.2753448486328,13698900,IWM,0
2019-04-30,159.14999389648438,159.19000244140625,156.9600067138672,144.5993194580078,24127500,IWM,0
2019-05-01,158.6699981689453,158.72999572753906,156.7100067138672,143.22909545898438,17734300,IWM,0
2019-05-02,156.63999938964844,158.14999389648438,155.67999267578125,143.89598083496094,22715700,IWM,0
2019-05-03,158.30999755859375,160.63999938964844,158.19000244140625,146.6455841064453,20178800,IWM,0
2019-05-06,158.17999267578125,161.11000061035156,158.00999450683594,146.81004333496094,21262100,IWM,0
2019-05-07,159.30999755859375,159.8699951171875,156.25,143.90509033203125,25434500,IWM,0
2019-05-08,157.25999450683594,158.08999633789062,156.64999389648438,143.20167541503906,16113700,IWM,0
2019-05-09,155.52000427246094,156.64999389648438,153.74000549316406,142.68101501464844,25259900,IWM,0
2019-05-10,155.58999633789062,156.8300018310547,153.6699981689453,143.07376098632812,26544700,IWM,0
2019-05-13,153.69000244140625,154.02000427246094,151.16000366210938,138.515380859375,26936500,IWM,0
2019-05-14,151.9600067138672,154.1699981689453,151.6999969482422,140.2602081298828,15519200,IWM,0
2019-05-15,152.39999389648438,154.41000366210938,152.07000732421875,140.71694946289062,18410600,IWM,0
2019-05-16,154.50999450683594,156.17999267578125,154.44000244140625,141.59390258789062,13772100,IWM,0
2019-05-17,153.82000732421875,155.27000427246094,152.66000366210938,139.62071228027344,21534000,IWM,0
2019-05-20,151.92999267578125,152.82000732421875,151.41000366210938,138.6523895263672,18689800,IWM,0
2019-05-21,152.6300048828125,154.0399932861328,152.5800018310547,140.5159454345703,11659100,IWM,0
2019-05-22,153.22000122070312,153.58999633789062,152,139.33755493164062,13922600,IWM,0
2019-05-23,151.05999755859375,151.05999755859375,148.5800018310547,136.4691162109375,26379400,IWM,0
2019-05-24,150.3800048828125,151.08999633789062,149.7899932861328,137.748046875,16093100,IWM,0
2019-05-28,151.00999450683594,151.64999389648438,149.5800018310547,136.6517791748047,14042200,IWM,0
2019-05-29,148.83999633789062,148.92999267578125,147.36000061035156,135.50990295410156,22622300,IWM,0
2019-05-30,148.75,149.5800018310547,147.0399932861328,135.1353759765625,17739100,IWM,0
2019-05-31,146.19000244140625,146.83999633789062,145.32000732421875,133.2444610595703,25411300,IWM,0
2019-06-03,146.1300048828125,147.2100067138672,145.3300018310547,133.7102813720703,26554500,IWM,0
2019-06-04,147.9199981689453,150.2899932861328,146.4199981689453,137.1725311279297,21217600,IWM,0
2019-06-05,150.75999450683594,150.88999938964844,148.61000061035156,137.19992065429688,18184100,IWM,0
2019-06-06,150.1199951171875,150.52000427246094,148.30999755859375,136.84364318847656,20772500,IWM,0
2019-06-07,150.35000610351562,151.50999450683594,150.02000427246094,137.8119659423828,17107500,IWM,0
2019-06-10,151.4499969482422,153.13999938964844,151.4499969482422,138.625,18912300,IWM,0
2019-06-11,152.8699951171875,153.22999572753906,150.5800018310547,138.2139434814453,15373000,IWM,0
2019-06-12,151.17999267578125,151.77999877929688,150.6199951171875,138.36920166015625,11957600,IWM,0
2019-06-13,152.30999755859375,153.17999267578125,151.8699951171875,139.8308563232422,14839400,IWM,0
2019-06-14,152.8800048828125,152.94000244140625,151.72000122070312,138.60667419433594,16154800,IWM,0
2019-06-17,151.8699951171875,152.89999389648438,151.6699981689453,139.56289672851562,12509300,IWM,0
2019-06-18,153.27000427246094,155.14999389648438,152.25999450683594,141.18544006347656,22100800,IWM,0
2019-06-19,154.19000244140625,154.6999969482422,153.39999389648438,141.68963623046875,15625000,IWM,0
2019-06-20,156.0500030517578,156.22000122070312,154.44000244140625,142.35888671875,17595700,IWM,0
2019-06-21,155.1300048828125,155.1699981689453,153.61000061035156,141.13052368164062,19854400,IWM,0
2019-06-24,154.36000061035156,154.41000366210938,152,139.4162139892578,24002600,IWM,0
2019-06-25,152.30999755859375,152.5,151,138.56362915039062,17462200,IWM,0
2019-06-26,151.6999969482422,152.22000122070312,150.75999450683594,138.24281311035156,15726900,IWM,0
2019-06-27,151.24000549316406,153.77000427246094,151.24000549316406,140.83709716796875,22278400,IWM,0
2019-06-28,153.9499969482422,156.02000427246094,153.94000244140625,142.55140686035156,35089900,IWM,0
2019-07-01,157.5399932861328,158.02999877929688,155.22000122070312,143.10147094726562,22850500,IWM,0
2019-07-02,156.02000427246094,156.1199951171875,154.25999450683594,142.2305145263672,19024600,IWM,0
2019-07-03,155.60000610351562,156.33999633789062,155.1699981689453,143.24813842773438,9115100,IWM,0
2019-07-05,155.49000549316406,156.74000549316406,154.86000061035156,143.63314819335938,14156700,IWM,0
2019-07-08,156.2100067138672,156.47999572753906,154.88999938964844,142.26722717285156,9735700,IWM,0
2019-07-09,154.5399932861328,155.42999267578125,154.47999572753906,142.45973205566406,12381600,IWM,0
2019-07-10,156.1999969482422,156.55999755859375,154.85000610351562,142.7072296142578,17325400,IWM,0
2019-07-11,155.88999938964844,155.94000244140625,154.22000122070312,142.0105438232422,14260800,IWM,0
2019-07-12,155.13999938964844,156.6699981689453,154.8800048828125,143.11065673828125,16678000,IWM,0
2019-07-15,156.55999755859375,156.58999633789062,154.85000610351562,142.35888671875,12194300,IWM,0
2019-07-16,155.1300048828125,156.1999969482422,154.6699981689453,142.3130340576172,15152700,IWM,0
2019-07-17,155.24000549316406,155.33999633789062,153.72999572753906,141.29551696777344,14155100,IWM,0
2019-07-18,154.0800018310547,155.00999450683594,153.72999572753906,141.82723999023438,15705500,IWM,0
2019-07-19,154.94000244140625,155.42999267578125,153.82000732421875,141.0113067626953,17182600,IWM,0
2019-07-22,154.24000549316406,154.6999969482422,153.39999389648438,140.88296508789062,14474600,IWM,0
2019-07-23,154.27999877929688,154.72000122070312,153.5399932861328,141.8180389404297,15493200,IWM,0
2019-07-24,154.2899932861328,157.4499969482422,154.1199951171875,144.16481018066406,23823100,IWM,0
2019-07-25,157.17999267578125,157.24000549316406,155.08999633789062,142.4230499267578,17902500,IWM,0
2019-07-26,155.5800018310547,157.4199981689453,155.5,144.10986328125,14260300,IWM,0
2019-07-29,157.19000244140625,157.36000061035156,155.60000610351562,143.1472625732422,13192200,IWM,0
2019-07-30,155.05999755859375,157.83999633789062,154.7100067138672,144.696533203125,1200,IWM,0
2019-07-31,157.77999877929688,159.22999572753906,155.5500030517578,143.52313232421875,40445900,IWM,0
2019-08-01,156.8800048828125,158.1699981689453,153.58999633789062,141.44216918945312,38070200,IWM,0
2019-08-02,153.35000610351562,153.75,151.27999877929688,139.87457275390625,30148300,IWM,0
2019-08-05,149.77999877929688,149.9199981689453,146.2100067138672,135.67591857910156,39221500,IWM,0
2019-08-06,148.89999389648438,149.6999969482422,147.3800048828125,136.9226837158203,24283300,IWM,0
2019-08-07,147.9199981689453,149.7100067138672,146.69000244140625,136.8860321044922,23952100,IWM,0
2019-08-08,150.14999389648438,152.6300048828125,149.99000549316406,139.83787536621094,19415600,IWM,0
2019-08-09,152.08999633789062,152.14999389648438,150.02999877929688,138.0778045654297,19313200,IWM,0
2019-08-12,149.80999755859375,150.1199951171875,148.3300018310547,136.2901153564453,15963000,IWM,0
2019-08-13,148.33999633789062,151.7899932861328,147.6699981689453,137.7568817138672,21912600,IWM,0
2019-08-14,147.9499969482422,147.97999572753906,145.72000122070312,133.90663146972656,28235800,IWM,0
2019-08-15,146.6199951171875,146.6699981689453,144.7899932861328,133.37496948242188,24202400,IWM,0
2019-08-16,146.13999938964844,148.91000366210938,146.11000061035156,136.25350952148438,22783400,IWM,0
2019-08-19,150.32000732421875,150.88999938964844,149.9499969482422,137.62860107421875,17023400,IWM,0
2019-08-20,149.9199981689453,150.00999450683594,148.99000549316406,136.73020935058594,13324100,IWM,0
2019-08-21,150.6199951171875,150.64999389648438,149.7899932861328,137.85775756835938,13446100,IWM,0
2019-08-22,150.6699981689453,151.0800018310547,149.13999938964844,137.53688049316406,12979100,IWM,0
2019-08-23,149.22000122070312,150.11000061035156,144.92999267578125,133.31997680664062,36974600,IWM,0
2019-08-26,146.8000030517578,147.0500030517578,145.7100067138672,134.7866973876953,19167100,IWM,0
2019-08-27,147.9600067138672,148.02000427246094,144.67999267578125,132.7882537841797,24546200,IWM,0
2019-08-28,144.55999755859375,147.38999938964844,144.25,134.33750915527344,20115500,IWM,0
2019-08-29,148.14999389648438,149.2899932861328,147.9600067138672,136.6934814453125,18786300,IWM,0
2019-08-30,149.88999938964844,149.97000122070312,148.0399932861328,136.4459991455078,18727100,IWM,0
2019-09-03,147.4499969482422,148.32000732421875,146,134.44754028320312,20688000,IWM,0
2019-09-04,148.00999450683594,148.36000061035156,147.17999267578125,135.52928161621094,13107500,IWM,0
2019-09-05,149.85000610351562,151.91000366210938,149.3699951171875,138.05027770996094,25666700,IWM,0
2019-09-06,150.6999969482422,151.22999572753906,149.8300018310547,137.41773986816406,14645900,IWM,0
2019-09-09,150.57000732421875,152.24000549316406,150.05999755859375,139.2603759765625,25780100,IWM,0
2019-09-10,151.67999267578125,153.9499969482422,150.88999938964844,141.03880310058594,29576200,IWM,0
2019-09-11,154.52000427246094,157.16000366210938,153.55999755859375,143.926513671875,42970500,IWM,0
2019-09-12,157.17999267578125,157.89999389648438,155.57000732421875,143.9631805419922,38648300,IWM,0
2019-09-13,157.85000610351562,158.9199981689453,157.1300048828125,144.210693359375,31042800,IWM,0
2019-09-16,156.97000122070312,158.75,156.6999969482422,144.75157165527344,23242600,IWM,0
2019-09-17,157.36000061035156,157.57000732421875,156.4499969482422,144.37567138671875,22986700,IWM,0
2019-09-18,157.47999572753906,157.5,155.07000732421875,143.48648071289062,19735700,IWM,0
2019-09-19,156.8000030517578,157.82000732421875,155.52999877929688,142.7897186279297,21531600,IWM,0
2019-09-20,155.63999938964844,156.64999389648438,154.4499969482422,142.4872283935547,22707200,IWM,0
2019-09-23,154.86000061035156,155.9499969482422,154.55999755859375,142.37725830078125,14944600,IWM,0
2019-09-24,155.14999389648438,155.2899932861328,151.83999633789062,140.22824096679688,27576700,IWM,0
2019-09-25,152.27999877929688,154.36000061035156,151.8000030517578,141.7645263671875,21917500,IWM,0
2019-09-26,153.9199981689453,153.9199981689453,151.9499969482422,140.1822509765625,20641600,IWM,0
2019-09-27,152.82000732421875,153.22000122070312,150.5,139.0598907470703,20181900,IWM,0
2019-09-30,151.3699951171875,152.25999450683594,150.7899932861328,139.22544860839844,16905400,IWM,0
2019-10-01,152.11000061035156,153.35000610351562,148.0500030517578,136.4932098388672,34093500,IWM,0
2019-10-02,147.6300048828125,147.6300048828125,145.86000061035156,135.46287536621094,24894600,IWM,0
2019-10-03,146.69000244140625,147.94000244140625,144.92999267578125,135.9136505126953,25362800,IWM,0
2019-10-04,147.99000549316406,149.25,147.1199951171875,137.20162963867188,18640400,IWM,0
2019-10-07,148.77999877929688,150.07000732421875,148.1199951171875,136.96237182617188,15762800,IWM,0
2019-10-08,147.4199981689453,147.92999267578125,146.11000061035156,134.73609924316406,18110600,IWM,0
2019-10-09,147.5399932861328,147.69000244140625,146.63999938964844,135.3524627685547,10929500,IWM,0
2019-10-10,147.33999633789062,148.5,147.10000610351562,135.8952178955078,16349000,IWM,0
2019-10-11,149.7899932861328,151.9600067138672,147.69000244140625,138.1951141357422,29236300,IWM,0
2019-10-14,149.91000366210938,150.14999389648438,149.10000610351562,137.68917846679688,10692600,IWM,0
2019-10-15,150.1699981689453,152.1300048828125,149.7899932861328,139.27146911621094,16801200,IWM,0
2019-10-16,151.2100067138672,152.27000427246094,151.13999938964844,139.4186553955078,13119100,IWM,0
2019-10-17,152.2899932861328,153.50999450683594,152.0500030517578,141.0653533935547,13175800,IWM,0
2019-10-18,152.92999267578125,153.5,151.4499969482422,140.3938446044922,14490200,IWM,0
2019-10-21,154.1699981689453,154.97999572753906,153.91000366210938,141.7093048095703,17450300,IWM,0
2019-10-22,154.1999969482422,155.0500030517578,153.74000549316406,141.86572265625,12471800,IWM,0
2019-10-23,154.33999633789062,154.75,153.5500030517578,142.04054260253906,8728000,IWM,0
2019-10-24,154.9499969482422,155.05999755859375,153.47000122070312,141.83811950683594,9091400,IWM,0
2019-10-25,153.91000366210938,155.52999877929688,153.89999389648438,142.59251403808594,10531500,IWM,0
2019-10-28,155.66000366210938,156.97999572753906,155.00999450683594,143.82525634765625,15392400,IWM,0
2019-10-29,156.00999450683594,157.33999633789062,155.86000061035156,144.29441833496094,11978300,IWM,0
2019-10-30,156.7899932861328,156.80999755859375,155.27999877929688,143.81607055664062,14451500,IWM,0
2019-10-31,156.10000610351562,156.10000610351562,154.24000549316406,143.00653076171875,17344200,IWM,0
2019-11-01,156.39999389648438,158.19000244140625,156.0500030517578,145.4443817138672,18421600,IWM,0
2019-11-04,159.39999389648438,159.6999969482422,158.47000122070312,146.226318359375,16182000,IWM,0
2019-11-05,159.39999389648438,160.4600067138672,158.97000122070312,146.41026306152344,13760200,IWM,0
2019-11-06,158.99000549316406,158.99000549316406,157.80999755859375,145.5639190673828,16025500,IWM,0
2019-11-07,159.74000549316406,160.1699981689453,158.1699981689453,145.95030212402344,13448900,IWM,0
2019-11-08,158.27999877929688,159.27000427246094,157.9499969482422,146.3459014892578,11967400,IWM,0
2019-11-11,158.02999877929688,158.89999389648438,157.8800048828125,146.06991577148438,10508700,IWM,0
2019-11-12,158.92999267578125,159.8800048828125,158.49000549316406,146.11590576171875,14316900,IWM,0
2019-11-13,157.74000549316406,158.5,157.19000244140625,145.49034118652344,14514400,IWM,0
2019-11-14,157.92999267578125,158.91000366210938,157.7899932861328,145.4443817138672,13054000,IWM,0
2019-11-15,159.22999572753906,159.2899932861328,158.35000610351562,146.19871520996094,13119200,IWM,0
2019-11-18,158.72000122070312,158.74000549316406,157.94000244140625,145.8307647705078,10759500,IWM,0
2019-11-19,159.11000061035156,159.6999969482422,158.30999755859375,146.37351989746094,15203700,IWM,0
2019-11-20,158.5500030517578,159.60000610351562,157.25999450683594,145.82151794433594,21314300,IWM,0
2019-11-21,158.82000732421875,158.88999938964844,157.22999572753906,145.10394287109375,15388300,IWM,0
2019-11-22,158.30999755859375,158.5399932861328,157.35000610351562,145.55479431152344,13482400,IWM,0
2019-11-25,159.02999877929688,161.8300018310547,158.88999938964844,148.64576721191406,24753000,IWM,0
2019-11-26,161.75,162.5399932861328,161.2899932861328,148.74697875976562,15496700,IWM,0
2019-11-27,162.3800048828125,162.92999267578125,162.0800018310547,149.7957000732422,13202500,IWM,0
2019-11-29,162.41000366210938,162.7899932861328,161.6699981689453,148.82058715820312,9988200,IWM,0
2019-12-02,162.14999389648438,162.2100067138672,159.91000366210938,147.3670654296875,17190900,IWM,0
2019-12-03,158.82000732421875,159.75999450683594,158.10000610351562,146.89788818359375,14884400,IWM,0
2019-12-04,160.5,161.22000122070312,160.3000030517578,147.9098358154297,10833200,IWM,0
2019-12-05,161.47000122070312,161.64999389648438,160.4499969482422,148.05702209472656,11470700,IWM,0
2019-12-06,162.58999633789062,163.41000366210938,162.5,149.78656005859375,16486200,IWM,0
2019-12-09,162.75,163.16000366210938,162.38999938964844,149.50132751464844,13476700,IWM,0
2019-12-10,162.41000366210938,162.9600067138672,161.94000244140625,149.59332275390625,13704400,IWM,0
2019-12-11,162.8800048828125,163.0800018310547,161.9499969482422,149.5472869873047,19612200,IWM,0
2019-12-12,162.75,165.10000610351562,162.25,150.8352813720703,24857000,IWM,0
2019-12-13,163.72999572753906,164.80999755859375,162.5500030517578,150.25570678710938,23279600,IWM,0
2019-12-16,164.05999755859375,164.85000610351562,163.74000549316406,151.31475830078125,20115300,IWM,0
2019-12-17,164.13999938964844,164.6999969482422,163.6999969482422,152.0718994140625,12980000,IWM,0
2019-12-18,165.05999755859375,165.27999877929688,164.32000732421875,152.36734008789062,15379300,IWM,0
2019-12-19,165.27999877929688,165.72999572753906,164.8800048828125,153.02291870117188,11919800,IWM,0
2019-12-20,166.14999389648438,166.41000366210938,165.72000122070312,153.24452209472656,25449500,IWM,0
2019-12-23,166.24000549316406,166.36000061035156,165.36000061035156,153.5491943359375,13372100,IWM,0
2019-12-24,166.4499969482422,166.6999969482422,166.0399932861328,153.90008544921875,4334500,IWM,0
2019-12-26,166.8300018310547,166.97999572753906,166.36000061035156,153.90008544921875,9371200,IWM,0
2019-12-27,167.1199951171875,167.1199951171875,165.42999267578125,153.14291381835938,12261800,IWM,0
2019-12-30,165.97999572753906,166.2100067138672,164.57000732421875,152.7551727294922,14912700,IWM,0
2019-12-31,165.0800018310547,166.35000610351562,164.7100067138672,152.96751403808594,17362400,IWM,0
2020-01-02,166.74000549316406,166.75,164.22999572753906,153.06906127929688,18297500,IWM,0
2020-01-03,163.74000549316406,165.41000366210938,163.6999969482422,152.4689483642578,19295600,IWM,0
2020-01-06,163.85000610351562,165.5399932861328,163.5399932861328,152.6720428466797,17150900,IWM,0
2020-01-07,164.85000610351562,165.33999633789062,164.2100067138672,152.1642303466797,11817900,IWM,0
2020-01-08,164.82000732421875,166.02999877929688,164.72000122070312,152.63511657714844,13832400,IWM,0
2020-01-09,166.1199951171875,166.4499969482422,165.25999450683594,152.8197479248047,11895400,IWM,0
2020-01-10,165.5500030517578,165.69000244140625,164.1999969482422,152.247314453125,15353000,IWM,0
2020-01-13,164.94000244140625,166.0399932861328,164.07000732421875,153.23524475097656,17271100,IWM,0
2020-01-14,165.13999938964844,167.58999633789062,164.97999572753906,153.7985382080078,18323000,IWM,0
2020-01-15,166.14999389648438,167.9499969482422,166.13999938964844,154.5371551513672,15437200,IWM,0
2020-01-16,168.58999633789062,169.8699951171875,168.42999267578125,156.53155517578125,19976200,IWM,0
2020-01-17,170.27999877929688,170.55999755859375,168.6699981689453,156.1068572998047,18306400,IWM,0
2020-01-21,168.36000061035156,168.99000549316406,167.27000427246094,154.81411743164062,17935100,IWM,0
2020-01-22,168.19000244140625,168.6199951171875,167.17999267578125,154.7126007080078,14916300,IWM,0
2020-01-23,167.10000610351562,167.97000122070312,165.4499969482422,154.6110382080078,15954300,IWM,0
2020-01-24,168.00999450683594,168.00999450683594,164.22999572753906,152.7089385986328,20491400,IWM,0
2020-01-27,162.85000610351562,164.49000549316406,162.4199981689453,150.97315979003906,18539000,IWM,0
2020-01-28,164.5,165.39999389648438,163.49000549316406,152.22886657714844,16690400,IWM,0
2020-01-29,165.10000610351562,165.55999755859375,163.89999389648438,151.36090087890625,14944400,IWM,0
2020-01-30,162.83999633789062,164.13999938964844,161.92999267578125,151.36090087890625,21889700,IWM,0
2020-01-31,163.32000732421875,163.9199981689453,160.02999877929688,148.2216033935547,30439000,IWM,0
2020-02-03,161.60000610351562,162.92999267578125,161.49000549316406,149.87432861328125,17373200,IWM,0
2020-02-04,164.30999755859375,165.30999755859375,164.16000366210938,152.136474609375,15994200,IWM,0
2020-02-05,166.47999572753906,167.52999877929688,165.69000244140625,154.4817657470703,17807000,IWM,0
2020-02-06,167.88999938964844,168.14999389648438,166.75999450683594,154.1309051513672,14768900,IWM,0
2020-02-07,166.2899932861328,166.36000061035156,164.39999389648438,152.23806762695312,18029600,IWM,0
2020-02-10,164.55999755859375,165.88999938964844,164.4600067138672,153.0968017578125,11428800,IWM,0
2020-02-11,166.7899932861328,167.9600067138672,166.27000427246094,154.1586151123047,15005600,IWM,0
2020-02-12,168.02000427246094,168.2899932861328,167.27999877929688,155.220458984375,12123000,IWM,0
2020-02-13,167.22000122070312,168.9499969482422,167.11000061035156,155.626708984375,12649300,IWM,0
2020-02-14,168.6999969482422,168.77999877929688,167.33999633789062,155.02655029296875,16006200,IWM,0
2020-02-18,167.5,168.05999755859375,166.42999267578125,154.694091796875,13412100,IWM,0
2020-02-19,168.1699981689453,169.13999938964844,167.52999877929688,155.48818969726562,11084600,IWM,0
2020-02-20,167.89999389648438,169.11000061035156,166.58999633789062,155.8667449951172,20383800,IWM,0
2020-02-21,168.14999389648438,168.6300048828125,166.3300018310547,154.28785705566406,18729900,IWM,0
2020-02-24,161.86000061035156,167.05999755859375,161.10000610351562,149.64349365234375,28239500,IWM,0
2020-02-25,162.52000427246094,162.75999450683594,155.9600067138672,144.32518005371094,45047000,IWM,0
2020-02-26,157.0500030517578,158.49000549316406,154.22000122070312,142.6539306640625,39465000,IWM,0
2020-02-27,151.35000610351562,155.00999450683594,148.82000732421875,137.6310272216797,50530300,IWM,0
2020-02-28,144.85000610351562,149.1300048828125,143.91000366210938,135.11036682128906,72036400,IWM,0
2020-03-02,147.97000122070312,151.22999572753906,145.38999938964844,139.45001220703125,33569300,IWM,0
2020-03-03,151.08999633789062,154.1999969482422,146.30999755859375,136.6061553955078,42941300,IWM,0
2020-03-04,150.27999877929688,152.4499969482422,148.52000427246094,140.4933624267578,36195800,IWM,0
2020-03-05,148.83999633789062,152.47999572753906,145.49000549316406,136.02447509765625,32729400,IWM,0
2020-03-06,142.7100067138672,145.97999572753906,140.99000549316406,133.32835388183594,39688300,IWM,0
2020-03-09,134.1300048828125,136.1699981689453,130.25999450683594,120.36483001708984,56320000,IWM,0
2020-03-10,134.7100067138672,134.8000030517578,128.02000427246094,124.12276458740234,54432700,IWM,0
2020-03-11,130.9199981689453,132.27000427246094,124.16999816894531,116.22834777832031,51354800,IWM,0
2020-03-12,116.7699966430664,119.9000015258789,111.5999984741211,103.38487243652344,70114300,IWM,0
2020-03-13,118.30999755859375,119.95999908447266,109.55000305175781,110.309814453125,57915100,IWM,0
2020-03-16,108.62000274658203,111.30000305175781,101.43000030517578,95.67509460449219,59095700,IWM,0
2020-03-17,104.95999908447266,110.5,100.61000061035156,100.0608901977539,59344800,IWM,0
2020-03-18,103.05000305175781,106.77999877929688,96.25,92.30494689941406,62296700,IWM,0
2020-03-19,99.66000366210938,106.80000305175781,95.69000244140625,95.90592193603516,62654700,IWM,0
2020-03-20,106.12000274658203,108.76000213623047,100.44999694824219,93.62532043457031,76203700,IWM,0
2020-03-23,101.9000015258789,102.18000030517578,95.91000366210938,92.24031829833984,63534700,IWM,0
2020-03-24,105.37000274658203,109.33000183105469,99.93000030517578,100.67953491210938,73386700,IWM,0
2020-03-25,109.4800033569336,114,106.0199966430664,101.93083190917969,56043700,IWM,0
2020-03-26,111.54000091552734,117.5999984741211,111.19999694824219,108.27080535888672,51657600,IWM,0
2020-03-27,112.25,116.0199966430664,110.87000274658203,104.33150482177734,39931500,IWM,0
2020-03-30,113.23999786376953,115.26000213623047,110.80000305175781,106.63019561767578,41552100,IWM,0
2020-03-31,114.5999984741211,116.16999816894531,111.95999908447266,106.09260559082031,52948000,IWM,0
2020-04-01,108.69999694824219,110.37999725341797,105.52999877929688,98.86278533935547,54224200,IWM,0
2020-04-02,105.72000122070312,110.38999938964844,104.56999969482422,99.79898071289062,43774200,IWM,0
2020-04-03,106.58999633789062,108,102.5999984741211,96.971923828125,42189200,IWM,0
2020-04-06,109.08999633789062,113.33999633789062,109.0199966430664,104.39637756347656,48708100,IWM,0
2020-04-07,116.87999725341797,118.63999938964844,112.38999938964844,104.66519165039062,57546100,IWM,0
2020-04-08,114.87999725341797,119.23999786376953,113.29000091552734,109.4386978149414,52822300,IWM,0
2020-04-09,121.91999816894531,124.61000061035156,121.33000183105469,114.67567443847656,69528600,IWM,0
2020-04-13,122.8499984741211,123.51000213623047,119.12000274658203,111.57057189941406,40198200,IWM,0
2020-04-14,123.9000015258789,124.87999725341797,121.30000305175781,113.8321762084961,35089700,IWM,0
2020-04-15,117.86000061035156,119.11000061035156,116.66000366210938,109.1884536743164,34809900,IWM,0
2020-04-16,118.08999633789062,118.41999816894531,114.55999755859375,108.36349487304688,49501300,IWM,0
2020-04-17,121.9000015258789,122.72000122070312,120.05999755859375,113.13700103759766,46250200,IWM,0
2020-04-20,119.58999633789062,122.9000015258789,119.04000091552734,111.80229187011719,36700500,IWM,0
2020-04-21,117.41999816894531,119.23999786376953,116.4800033569336,109.13282775878906,31608900,IWM,0
2020-04-22,120.31999969482422,120.98999786376953,118.7699966430664,110.45826721191406,24333800,IWM,0
2020-04-23,120.11000061035156,122.9000015258789,119.68000030517578,111.54275512695312,38571200,IWM,0
2020-04-24,121.52999877929688,123.31999969482422,120.08999633789062,113.46143341064453,27147500,IWM,0
2020-04-27,123.94999694824219,128.44000244140625,123.86000061035156,117.95687103271484,39021300,IWM,0
2020-04-28,131.1199951171875,131.4600067138672,127.27999877929688,119.671630859375,47292700,IWM,0
2020-04-29,133.49000549316406,136.85000610351562,131.8800048828125,125.55741882324219,50390500,IWM,0
2020-04-30,131.89999389648438,132.94000244140625,130.13999938964844,120.78387451171875,43727500,IWM,0
2020-05-01,127.1500015258789,127.45999908447266,123.29000091552734,115.99185943603516,43352000,IWM,0
2020-05-04,123.5999984741211,125.9000015258789,122.25,116.49239349365234,28498200,IWM,0
2020-05-05,128.07000732421875,129.9199981689453,126.0999984741211,117.39147186279297,31209400,IWM,0
2020-05-06,127.48999786376953,128.1999969482422,125,116.52946472167969,29836800,IWM,0
2020-05-07,127.38999938964844,128.5,126.55000305175781,118.12373352050781,27493000,IWM,0
2020-05-08,130.16000366210938,132.75,129.19000244140625,122.68406677246094,32122900,IWM,0
2020-05-11,130.41000366210938,132.9499969482422,129.3300018310547,122.07230377197266,33983200,IWM,0
2020-05-12,132.25999450683594,132.2899932861328,126.83999633789062,117.68807220458984,44275300,IWM,0
2020-05-13,125.6500015258789,126.08000183105469,120.41000366210938,113.74877166748047,58719300,IWM,0
2020-05-14,119.97000122070312,123.2699966430664,117.18000030517578,114.11951446533203,55904300,IWM,0
2020-05-15,122.01000213623047,125.52999877929688,121.45999908447266,115.9362564086914,40236600,IWM,0
2020-05-18,131.4499969482422,133.38999938964844,130.8300018310547,122.98064422607422,46981100,IWM,0
2020-05-19,132.22000122070312,133.4499969482422,130.05999755859375,120.55216979980469,30270000,IWM,0
2020-05-20,132.72999572753906,134.97999572753906,132.3800048828125,124.20418548583984,35901300,IWM,0
2020-05-21,134.0500030517578,135.05999755859375,132.5800018310547,124.4266357421875,32716500,IWM,0
2020-05-22,134.6699981689453,135.0500030517578,133.02000427246094,125.02909088134766,24035200,IWM,0
2020-05-26,140.08999633789062,140.3800048828125,134.99000549316406,128.6347198486328,36971000,IWM,0
2020-05-27,141.57000732421875,143.5,137.3300018310547,132.629638671875,42682000,IWM,0
2020-05-28,144.74000549316406,144.74000549316406,137.5800018310547,129.48745727539062,42105000,IWM,0
2020-05-29,138.3000030517578,139.27999877929688,136.41000366210938,128.7459716796875,41536400,IWM,0
2020-06-01,139.25999450683594,141.6699981689453,138.61000061035156,129.97872924804688,25567500,IWM,0
2020-06-02,141.07000732421875,141.85000610351562,139.55999755859375,131.05393981933594,24666200,IWM,0
2020-06-03,143.6699981689453,146.07000732421875,143.11000061035156,134.2146453857422,36111700,IWM,0
2020-06-04,143.83999633789062,145.60000610351562,143.17999267578125,134.01998901367188,28904700,IWM,0
2020-06-05,150.86000061035156,152.32000732421875,149.5500030517578,139.20135498046875,53513400,IWM,0
2020-06-08,152.35000610351562,153.38999938964844,151.6300048828125,141.8986053466797,33834300,IWM,0
2020-06-09,150.86000061035156,151.77000427246094,149.05999755859375,139.2755126953125,39646000,IWM,0
2020-06-10,150.08999633789062,150.25999450683594,145.89999389648438,135.49375915527344,51774500,IWM,0
2020-06-11,140.14999389648438,141.02999877929688,134.77000427246094,125.15885925292969,72041500,IWM,0
2020-06-12,140.3300018310547,141.02000427246094,134.14999389648438,128.16204833984375,63864900,IWM,0
2020-06-15,133.27999877929688,142.05999755859375,133.27999877929688,131.12509155273438,57354800,IWM,0
2020-06-16,146.69000244140625,146.69000244140625,141.02999877929688,134.27789306640625,48957000,IWM,0
2020-06-17,144.58999633789062,144.99000549316406,141.32000732421875,131.8505096435547,34811400,IWM,0
2020-06-18,140.3699951171875,143.30999755859375,139.80999755859375,131.8040008544922,26974100,IWM,0
2020-06-19,144.4199981689453,144.50999450683594,139.83999633789062,131.12509155273438,50293800,IWM,0
2020-06-22,140.24000549316406,142.55999755859375,138.8300018310547,132.43643188476562,28983200,IWM,0
2020-06-23,144.32000732421875,144.66000366210938,142.64999389648438,132.99447631835938,20344200,IWM,0
2020-06-24,141.10000610351562,141.60000610351562,136.30999755859375,128.6791229248047,42998700,IWM,0
2020-06-25,137.7100067138672,140.5800018310547,136.2899932861328,130.62290954589844,37191200,IWM,0
2020-06-26,139.47999572753906,139.8300018310547,136.49000549316406,127.10734558105469,39100100,IWM,0
2020-06-29,138.7100067138672,141.99000549316406,137.10000610351562,131.26458740234375,33935200,IWM,0
2020-06-30,140.6699981689453,143.6199951171875,140.58999633789062,133.1618194580078,32865900,IWM,0
2020-07-01,143.64999389648438,144.50999450683594,141.24000549316406,131.89703369140625,26457500,IWM,0
2020-07-02,144.55999755859375,145.27999877929688,141.88999938964844,132.43643188476562,24022400,IWM,0
2020-07-06,145.32000732421875,145.6999969482422,142.92999267578125,133.3943634033203,19858200,IWM,0
2020-07-07,142.17999267578125,143.44000244140625,140.47999572753906,131.03207397460938,22661000,IWM,0
2020-07-08,140.75999450683594,142.5,139.10000610351562,132.00860595703125,27358900,IWM,0
2020-07-09,142.02000427246094,142.35000610351562,137.24000549316406,129.3394317626953,34647800,IWM,0
2020-07-10,139.13999938964844,141.5,138.4600067138672,131.4227294921875,24008200,IWM,0
2020-07-13,142.8000030517578,144.63999938964844,139.38999938964844,129.75794982910156,34235500,IWM,0
2020-07-14,139.42999267578125,141.97999572753906,138.63999938964844,131.90634155273438,28114000,IWM,0
2020-07-15,145.4199981689453,147.77999877929688,144.7899932861328,136.74249267578125,40770100,IWM,0
2020-07-16,146.11000061035156,146.6699981689453,144.8800048828125,135.93333435058594,30530800,IWM,0
2020-07-17,146.67999267578125,147.58999633789062,145.50999450683594,136.333251953125,20644100,IWM,0
2020-07-20,146.1199951171875,146.85000610351562,145.14999389648438,135.74734497070312,19663300,IWM,0
2020-07-21,147.47000122070312,149.16000366210938,147.1999969482422,137.67254638671875,24503800,IWM,0
2020-07-22,147.08999633789062,148.6699981689453,147.02999877929688,137.74693298339844,24424800,IWM,0
2020-07-23,147.97999572753906,150.1999969482422,146.6999969482422,137.8863983154297,21704900,IWM,0
2020-07-24,147.2899932861328,147.6699981689453,145.55999755859375,135.85897827148438,20015500,IWM,0
2020-07-27,146.19000244140625,147.69000244140625,145.38999938964844,137.27256774902344,13370700,IWM,0
2020-07-28,147.07000732421875,148.0399932861328,146.05999755859375,135.90545654296875,13268000,IWM,0
2020-07-29,147,149.4499969482422,146.97999572753906,138.90016174316406,19864400,IWM,0
2020-07-30,147.13999938964844,149.1199951171875,146.3300018310547,138.35140991210938,23618900,IWM,0
2020-07-31,148.13999938964844,148.4199981689453,144.6699981689453,137.04940795898438,29881500,IWM,0
2020-08-03,148.2899932861328,149.97000122070312,147.22000122070312,139.28146362304688,20777100,IWM,0
2020-08-04,149.38999938964844,150.92999267578125,149.0399932861328,140.23936462402344,20285000,IWM,0
2020-08-05,152.2899932861328,153.88999938964844,151.77999877929688,143.02947998046875,18190200,IWM,0
2020-08-06,153.8000030517578,154.44000244140625,152.91000366210938,142.97369384765625,18237700,IWM,0
2020-08-07,153.4499969482422,156.25,153.14999389648438,145.2429962158203,20475200,IWM,0
2020-08-10,156.64999389648438,158.8300018310547,156.64999389648438,146.74961853027344,24000500,IWM,0
2020-08-11,159.27000427246094,159.82000732421875,156.16000366210938,145.9032745361328,30359400,IWM,0
2020-08-12,158.6699981689453,158.88999938964844,156.49000549316406,146.49850463867188,23378300,IWM,0
2020-08-13,156.99000549316406,158.52999877929688,156.64999389648438,146.19161987304688,15799900,IWM,0
2020-08-14,156.27999877929688,157.75999450683594,155.8699951171875,146.0985870361328,13360900,IWM,0
2020-08-17,157.5,158.02999877929688,156.74000549316406,146.85189819335938,9744200,IWM,0
2020-08-18,157.85000610351562,157.85000610351562,155.7100067138672,145.4475555419922,14670400,IWM,0
2020-08-19,156.92999267578125,158.0399932861328,156.19000244140625,145.45684814453125,14337300,IWM,0
2020-08-20,154.8000030517578,156.49000549316406,154.5399932861328,144.8616180419922,15413000,IWM,0
2020-08-21,155.14999389648438,155.72000122070312,153.60000610351562,143.7920684814453,20685100,IWM,0
2020-08-24,155.86000061035156,156.27000427246094,154.3300018310547,145.2987518310547,13707100,IWM,0
2020-08-25,156.80999755859375,156.82000732421875,154.7899932861328,145.45684814453125,16269700,IWM,0
2020-08-26,156.5,156.77000427246094,155.17999267578125,144.54547119140625,13772700,IWM,0
2020-08-27,156.1199951171875,157,154.6300048828125,144.89886474609375,17508400,IWM,0
2020-08-28,156.60000610351562,157.1999969482422,155.72999572753906,146.12649536132812,12371400,IWM,0
2020-08-31,157.19000244140625,157.3699951171875,155.3000030517578,144.55471801757812,17051500,IWM,0
2020-09-01,155.22000122070312,157.30999755859375,154.4499969482422,146.21018981933594,15638800,IWM,0
2020-09-02,157.9600067138672,158.97999572753906,156.17999267578125,147.3727264404297,16763400,IWM,0
2020-09-03,158.1199951171875,158.2899932861328,152.9600067138672,143.02020263671875,32117600,IWM,0
2020-09-04,155.7100067138672,155.88999938964844,149.2899932861328,142.10877990722656,30618800,IWM,0
2020-09-08,151.17999267578125,152.47999572753906,149,139.37448120117188,26447800,IWM,0
2020-09-09,151.42999267578125,152.77999877929688,150.57000732421875,141.48562622070312,20160800,IWM,0
2020-09-10,152.8300018310547,153.8800048828125,150.05999755859375,139.6441650390625,23005500,IWM,0
2020-09-11,150.9199981689453,151.0500030517578,147.67999267578125,138.71412658691406,20851000,IWM,0
2020-09-14,150.58999633789062,153.42999267578125,150.3699951171875,142.36920166015625,21991300,IWM,0
2020-09-15,154.3800048828125,154.6999969482422,152.86000061035156,142.63885498046875,16175500,IWM,0
2020-09-16,154.11000061035156,156.85000610351562,153.83999633789062,143.9874267578125,22178400,IWM,0
2020-09-17,152.6199951171875,154.39999389648438,151.75,142.93650817871094,20002900,IWM,0
2020-09-18,153.97999572753906,155.2899932861328,151.13999938964844,142.56448364257812,38352800,IWM,0
2020-09-21,149.82000732421875,150.25999450683594,146.3300018310547,137.57020568847656,40652500,IWM,0
2020-09-22,148.64999389648438,149.3000030517578,146.55999755859375,138.63040161132812,19385800,IWM,0
2020-09-23,148.41000366210938,149.42999267578125,143.97999572753906,134.5003204345703,33403400,IWM,0
2020-09-24,144.0399932861328,146.52999877929688,142.08999633789062,134.5003204345703,31723700,IWM,0
2020-09-25,143.44000244140625,146.85000610351562,143.35000610351562,136.68487548828125,20689300,IWM,0
2020-09-28,148.3699951171875,150.44000244140625,146.39999389648438,140.0550537109375,17600900,IWM,0
2020-09-29,149.85000610351562,150.27999877929688,148,139.42025756835938,18683800,IWM,0
2020-09-30,149.89999389648438,151.97000122070312,148.49000549316406,139.8403778076172,29073700,IWM,0
2020-10-01,150.80999755859375,152.1999969482422,149.49000549316406,142.0715789794922,25872000,IWM,0
2020-10-02,149.41000366210938,153.5800018310547,148.99000549316406,142.69711303710938,29452000,IWM,0
2020-10-05,154.49000549316406,157.30999755859375,154.47999572753906,146.63677978515625,18553600,IWM,0
2020-10-06,158.5,161.00999450683594,156.33999633789062,146.21669006347656,36348000,IWM,0
2020-10-07,158.58999633789062,160.55999755859375,158.4600067138672,149.40948486328125,27049700,IWM,0
2020-10-08,161.72000122070312,162.27999877929688,160.5800018310547,151.108642578125,37278600,IWM,0
2020-10-09,163.35000610351562,163.7100067138672,161.80999755859375,151.89280700683594,25038100,IWM,0
2020-10-12,163.39999389648438,164.24000549316406,162.60000610351562,152.91038513183594,20336200,IWM,0
2020-10-13,162.52000427246094,163.22000122070312,161.47999572753906,151.89280700683594,20106500,IWM,0
2020-10-14,163.00999450683594,163.91000366210938,160.94000244140625,150.38978576660156,19024900,IWM,0
2020-10-15,159.2899932861328,163.17999267578125,158.80999755859375,151.9395294189453,22865100,IWM,0
2020-10-16,163.2100067138672,163.6999969482422,162.30999755859375,151.5661163330078,17637900,IWM,0
2020-10-19,162.8800048828125,164.02999877929688,160.02999877929688,149.75494384765625,18360600,IWM,0
2020-10-20,161.55999755859375,162.4499969482422,160.33999633789062,150.08168029785156,18927700,IWM,0
2020-10-21,160.8699951171875,161.3699951171875,159.2899932861328,148.79335021972656,17504100,IWM,0
2020-10-22,160.13999938964844,162.19000244140625,159.17999267578125,151.3607177734375,20673900,IWM,0
2020-10-23,163.07000732421875,163.3300018310547,161.25,152.23829650878906,20889800,IWM,0
2020-10-26,160.9199981689453,161.3699951171875,157.3800048828125,148.95205688476562,26509900,IWM,0
2020-10-27,159.4499969482422,160.05999755859375,157.94000244140625,147.67308044433594,20523000,IWM,0
2020-10-28,154.66000366210938,155.44000244140625,153.0399932861328,143.1265411376953,32338700,IWM,0
2020-10-29,152.77000427246094,155.7899932861328,151.6699981689453,144.83499145507812,27203200,IWM,0
2020-10-30,154.32000732421875,155.27999877929688,151.38999938964844,142.92117309570312,31764500,IWM,0
2020-11-02,154.77000427246094,155.88999938964844,153.6699981689453,145.46986389160156,25252100,IWM,0
2020-11-03,158.42999267578125,161.22999572753906,158.05999755859375,149.5962371826172,30257400,IWM,0
2020-11-04,157.75,162.35000610351562,157.7100067138672,149.76429748535156,45226300,IWM,0
2020-11-05,162.00999450683594,165.5800018310547,161.91000366210938,153.95603942871094,31911000,IWM,0
2020-11-06,165.6199951171875,165.7100067138672,163.3000030517578,152.751708984375,24930400,IWM,0
2020-11-09,176.9499969482422,178.10000610351562,169.3300018310547,158.28782653808594,55052700,IWM,0
2020-11-10,171.1999969482422,173.3300018310547,169.75,161.2285919189453,35492200,IWM,0
2020-11-11,173.33999633789062,173.47999572753906,170.86000061035156,161.1632537841797,23972600,IWM,0
2020-11-12,171.39999389648438,172.63999938964844,168.33999633789062,158.68922424316406,33986800,IWM,0
2020-11-13,171.35000610351562,174.1300048828125,171.30999755859375,161.97544860839844,25440400,IWM,0
2020-11-16,176.49000549316406,177.77999877929688,175.39999389648438,165.8311004638672,31812300,IWM,0
2020-11-17,176.0399932861328,178.8000030517578,174.27999877929688,166.6060028076172,26154500,IWM,0
2020-11-18,178.94000244140625,179.72000122070312,175.86000061035156,164.27206420898438,24377800,IWM,0
2020-11-19,175.64999389648438,177.58999633789062,175.07000732421875,165.53237915039062,20187600,IWM,0
2020-11-20,176.6699981689453,177.94000244140625,175.8300018310547,165.709716796875,24898800,IWM,0
2020-11-23,179.25,181.99000549316406,178.72999572753906,168.80923461914062,24816000,IWM,0
2020-11-24,183.38999938964844,185.44000244140625,182.36000061035156,171.98336791992188,34945400,IWM,0
2020-11-25,183.5,184.30999755859375,181.88999938964844,171.3952178955078,21082700,IWM,0
2020-11-27,183.72000122070312,184.49000549316406,183.22000122070312,172.1233673095703,10384400,IWM,0
2020-11-30,183.82000732421875,184.32000732421875,180.32000732421875,168.99595642089844,25481600,IWM,0
2020-12-01,183.60000610351562,184.22000122070312,181.02000427246094,170.56436157226562,30265000,IWM,0
2020-12-02,181.9499969482422,183.47999572753906,180.75999450683594,170.74172973632812,20142800,IWM,0
2020-12-03,183.33999633789062,185.17999267578125,182.94000244140625,171.70330810546875,19603600,IWM,0
2020-12-04,185.02000427246094,188.4499969482422,183.9199981689453,175.69900512695312,24415700,IWM,0
2020-12-07,188.22999572753906,188.9499969482422,187.44000244140625,175.86708068847656,14671500,IWM,0
2020-12-08,187.1199951171875,190.97999572753906,187.0800018310547,178.1262969970703,20165600,IWM,0
2020-12-09,192.02000427246094,192.80999755859375,187.89999389648438,176.82864379882812,29507600,IWM,0
2020-12-10,187.75999450683594,191.64999389648438,187.30999755859375,178.53709411621094,21245300,IWM,0
2020-12-11,189.99000549316406,191.72000122070312,188.3000030517578,177.6595458984375,30865000,IWM,0
2020-12-14,191.9600067138672,193.1199951171875,189.8800048828125,177.867431640625,32237700,IWM,0
2020-12-15,191.75999450683594,194.89999389648438,190.72999572753906,182.31576538085938,26807000,IWM,0
2020-12-16,195.1300048828125,195.2100067138672,192.9600067138672,181.6602325439453,25494600,IWM,0
2020-12-17,194.72999572753906,196.3800048828125,194.05999755859375,183.82351684570312,23834200,IWM,0
2020-12-18,196.61000061035156,197.8300018310547,194.8000030517578,182.93380737304688,37033400,IWM,0
2020-12-21,191.89999389648438,195.77999877929688,191.47999572753906,182.8401641845703,30873000,IWM,0
2020-12-22,195.99000549316406,197.72000122070312,195.38999938964844,184.91920471191406,21919700,IWM,0
2020-12-23,198.57000732421875,199.64999389648438,197.89999389648438,186.4924774169922,18392000,IWM,0
2020-12-24,199.92999267578125,199.94000244140625,198.05999755859375,186.3707733154297,8904900,IWM,0
2020-12-28,201.16000366210938,201.17999267578125,198.1300048828125,185.67776489257812,27168400,IWM,0
2020-12-29,198.63999938964844,199,193.44000244140625,182.0816192626953,33901300,IWM,0
2020-12-30,195.0500030517578,197.47999572753906,195.02999877929688,183.93589782714844,20595700,IWM,0
2020-12-31,196.6199951171875,196.83999633789062,194.6199951171875,183.60809326171875,24747700,IWM,0
2021-01-04,197.5399932861328,197.88999938964844,190.94000244140625,181.210693359375,33664200,IWM,0
2021-01-05,193.08999633789062,197.6199951171875,193.07000732421875,184.01083374023438,27442900,IWM,0
2021-01-06,199.47999572753906,206.77999877929688,199.16000366210938,191.5401611328125,52952200,IWM,0
2021-01-07,205.7100067138672,208.52000427246094,205.6999969482422,194.9490203857422,24031400,IWM,0
2021-01-08,209.32000732421875,209.77000427246094,204.66000366210938,194.52757263183594,29017000,IWM,0
2021-01-11,205.08999633789062,208.1199951171875,204.8300018310547,194.3589630126953,20945100,IWM,0
2021-01-12,208.52000427246094,211.38999938964844,208.49000549316406,197.84274291992188,24892200,IWM,0
2021-01-13,211.42999267578125,211.72999572753906,209.19000244140625,196.4286651611328,22782200,IWM,0
2021-01-14,211.24000549316406,215,211.1300048828125,200.3525390625,33913700,IWM,0
2021-01-15,210.80999755859375,213.9600067138672,208.25999450683594,197.36514282226562,41043500,IWM,0
2021-01-19,213.33999633789062,213.61000061035156,211.72000122070312,199.89366149902344,19744300,IWM,0
2021-01-20,214.36000061035156,215.97999572753906,213.07000732421875,200.7739715576172,25474200,IWM,0
2021-01-21,214.97000122070312,215.16000366210938,211.9499969482422,199.03207397460938,21180500,IWM,0
2021-01-22,210.49000549316406,215.3300018310547,209.5500030517578,201.3451690673828,24800200,IWM,0
2021-01-25,214.92999267578125,217.91000366210938,211.60000610351562,201.14852905273438,33985000,IWM,0
2021-01-26,216.3000030517578,216.69000244140625,212.77000427246094,199.75318908691406,23969800,IWM,0
2021-01-27,209.5,212.99000549316406,207.2899932861328,196.09152221679688,45830300,IWM,0
2021-01-28,210.83999633789062,212.3699951171875,207.6300048828125,195.4640350341797,32202500,IWM,0
2021-01-29,209.72999572753906,210.99000549316406,204.83999633789062,192.50474548339844,40591900,IWM,0
2021-02-01,208.1699981689453,211.57000732421875,205.75999450683594,197.23403930664062,26375100,IWM,0
2021-02-02,213.14999389648438,214.0500030517578,210.88999938964844,200.04351806640625,22773100,IWM,0
2021-02-03,213.6999969482422,214.74000549316406,211.58999633789062,200.642822265625,23923200,IWM,0
2021-02-04,215.08999633789062,218.8300018310547,215.0800018310547,204.7353057861328,25400800,IWM,0
2021-02-05,220.94000244140625,221.83999633789062,218.77000427246094,207.5728759765625,23338800,IWM,0
2021-02-08,223.7899932861328,227.3300018310547,223.39999389648438,212.87339782714844,20831500,IWM,0
2021-02-09,227.1300048828125,229.6199951171875,226.30999755859375,213.87545776367188,19510900,IWM,0
2021-02-10,229.9199981689453,230.32000732421875,224.9499969482422,212.470703125,27955400,IWM,0
2021-02-11,228.13999938964844,229,223.4199981689453,212.2272186279297,25847600,IWM,0
2021-02-12,225.92999267578125,227.74000549316406,224.63999938964844,212.82655334472656,17440200,IWM,0
2021-02-16,229.47000122070312,229.6300048828125,224.7899932861328,211.4874267578125,22999500,IWM,0
2021-02-17,223.61000061035156,224.74000549316406,220.9600067138672,209.82980346679688,25042300,IWM,0
2021-02-18,222.33999633789062,222.89999389648438,219.38999938964844,206.58018493652344,24501500,IWM,0
2021-02-19,222.4600067138672,226.3000030517578,222.1699981689453,210.88800048828125,31238200,IWM,0
2021-02-22,223.50999450683594,226.38999938964844,222.97999572753906,209.52076721191406,23272100,IWM,0
2021-02-23,220.9600067138672,222.97999572753906,215.55999755859375,207.67587280273438,38646800,IWM,0
2021-02-24,222.6199951171875,227.4499969482422,221.7100067138672,212.58306884765625,27584900,IWM,0
2021-02-25,226.7899932861328,227.58999633789062,218.00999450683594,204.7259063720703,49961400,IWM,0
2021-02-26,219.52000427246094,222.22999572753906,214.80999755859375,204.44497680664062,47734200,IWM,0
2021-03-01,223.47999572753906,226.7100067138672,222.94000244140625,211.712158203125,26161000,IWM,0
2021-03-02,225.7899932861328,225.9600067138672,221.5500030517578,207.63839721679688,26895400,IWM,0
2021-03-03,222.4199981689453,224.25999450683594,219.2100067138672,205.39083862304688,33407600,IWM,0
2021-03-04,218.50999450683594,220.69000244140625,209.42999267578125,199.65017700195312,59126500,IWM,0
2021-03-05,216.88999938964844,218.14999389648438,207.2100067138672,203.88311767578125,53204300,IWM,0
2021-03-08,219.36000061035156,222.27000427246094,217.6699981689453,204.8477020263672,40619700,IWM,0
2021-03-09,222.41000366210938,224.99000549316406,220.9199981689453,209.155517578125,32247300,IWM,0
2021-03-10,225.60000610351562,228.97000122070312,225.1999969482422,212.78909301757812,36812000,IWM,0
2021-03-11,229.5500030517578,232.27999877929688,228.7899932861328,217.47157287597656,25256700,IWM,0
2021-03-12,231.99000549316406,234.14999389648438,231.3699951171875,218.75454711914062,23732200,IWM,0
2021-03-15,233.33999633789062,234.52999877929688,231.91000366210938,219.5318603515625,21497400,IWM,0
2021-03-16,234.02000427246094,234.08999633789062,229.1199951171875,215.86080932617188,24675000,IWM,0
2021-03-17,228.97000122070312,232.82000732421875,227.36000061035156,217.5558624267578,29422600,IWM,0
2021-03-18,230.8000030517578,232.92999267578125,224.61000061035156,210.93487548828125,35637200,IWM,0
2021-03-19,224.57000732421875,228.60000610351562,222.9499969482422,212.52691650390625,40855600,IWM,0
2021-03-22,227.67999267578125,228.10000610351562,224.10000610351562,210.9254913330078,26128400,IWM,0
2021-03-23,223.16000366210938,223.86000061035156,216.02999877929688,203.27438354492188,43660700,IWM,0
2021-03-24,219.86000061035156,221.3300018310547,212.0399932861328,198.5731964111328,47270200,IWM,0
2021-03-25,209.33999633789062,217.52000427246094,208.02999877929688,203.2813262939453,59244600,IWM,0
2021-03-26,218.9600067138672,220.67999267578125,215.9600067138672,206.98744201660156,34452600,IWM,0
2021-03-29,219.00999450683594,220.92999267578125,214.0800018310547,201.16091918945312,38078800,IWM,0
2021-03-30,214.38999938964844,218.67999267578125,213.13999938964844,204.5479736328125,36205400,IWM,0
2021-03-31,219.1699981689453,222.39999389648438,219.1199951171875,207.2970428466797,34800100,IWM,0
2021-04-01,222.39999389648438,223.89999389648438,222.02000427246094,209.92417907714844,29799200,IWM,0
2021-04-05,226.39999389648438,226.5399932861328,223.57000732421875,211.07821655273438,27826600,IWM,0
2021-04-06,225,226.69000244140625,223.83999633789062,210.4589080810547,24907800,IWM,0
2021-04-07,224.22999572753906,224.3699951171875,219.94000244140625,207.06251525878906,26233700,IWM,0
2021-04-08,221.83999633789062,222.82000732421875,219.38999938964844,208.81700134277344,23989400,IWM,0
2021-04-09,222.49000549316406,223.08999633789062,221.24000549316406,208.84518432617188,23267400,IWM,0
2021-04-12,222.72000122070312,222.92999267578125,220.39999389648438,208.02890014648438,20533900,IWM,0
2021-04-13,221.47999572753906,222.57000732421875,218.8300018310547,207.4846954345703,24608400,IWM,0
2021-04-14,221.8699951171875,226,221.8000030517578,209.5300750732422,27362000,IWM,0
2021-04-15,225.08999633789062,225.1199951171875,222.25999450683594,210.4402313232422,20587300,IWM,0
2021-04-16,225.39999389648438,225.67999267578125,223.00999450683594,210.77796936035156,23943000,IWM,0
2021-04-19,223.7100067138672,224.66000366210938,219.94000244140625,208.0382537841797,25285900,IWM,0
2021-04-20,220.77000427246094,221.6199951171875,215.24000549316406,203.7786102294922,35570800,IWM,0
2021-04-21,217.02000427246094,222.6199951171875,215.5,208.7607421875,31147800,IWM,0
2021-04-22,223.25999450683594,225.3300018310547,220.77999877929688,207.89752197265625,31943700,IWM,0
2021-04-23,222.82000732421875,226.64999389648438,222.02000427246094,211.8193817138672,27999500,IWM,0
2021-04-26,227,228.69000244140625,226.75,214.0243377685547,19069200,IWM,0
2021-04-27,228.7100067138672,229.38999938964844,227.50999450683594,214.3433074951172,19648100,IWM,0
2021-04-28,228.0800018310547,229.49000549316406,227.10000610351562,214.70919799804688,16222700,IWM,0
2021-04-29,230.85000610351562,230.9499969482422,225.7899932861328,213.9117431640625,25500300,IWM,0
2021-04-30,225.72000122070312,227.8000030517578,224.13999938964844,211.00315856933594,27006000,IWM,0
2021-05-03,227.2100067138672,227.41000366210938,224.9199981689453,212.0352325439453,18693400,IWM,0
2021-05-04,224.60000610351562,226.13999938964844,220.9600067138672,209.50193786621094,26892700,IWM,0
2021-05-05,224.27999877929688,224.5399932861328,221.36000061035156,208.66690063476562,25139500,IWM,0
2021-05-06,222.64999389648438,222.80999755859375,218.63999938964844,208.84518432617188,27647300,IWM,0
2021-05-07,222.66000366210938,225.92999267578125,222.16000366210938,211.47225952148438,26172700,IWM,0
2021-05-10,225.22999572753906,225.6699981689453,219.58999633789062,206.09608459472656,28109100,IWM,0
2021-05-11,214.9199981689453,220.38999938964844,214.4199981689453,205.43931579589844,39519500,IWM,0
2021-05-12,217.10000610351562,218.77000427246094,211.5399932861328,198.76834106445312,42113400,IWM,0
2021-05-13,213.30999755859375,217.44000244140625,211.8000030517578,202.42755126953125,37739900,IWM,0
2021-05-14,217.94000244140625,221.41000366210938,215.67999267578125,207.3721160888672,25070400,IWM,0
2021-05-17,219.77999877929688,221.38999938964844,217.89999389648438,207.65359497070312,20048500,IWM,0
2021-05-18,221.38999938964844,223.24000549316406,219.47000122070312,206.0773468017578,24564500,IWM,0
2021-05-19,216.02999877929688,218.16000366210938,214.0500030517578,204.49168395996094,31202800,IWM,0
2021-05-20,218.27000427246094,219.8699951171875,216.3300018310547,205.85215759277344,24932800,IWM,0
2021-05-21,221.3300018310547,222.3699951171875,219.35000610351562,206.38694763183594,24213700,IWM,0
2021-05-24,221.17999267578125,222.4499969482422,220,207.7286376953125,18324200,IWM,0
2021-05-25,222.22999572753906,223.7100067138672,219.19000244140625,205.72076416015625,20514900,IWM,0
2021-05-26,220.1300048828125,223.69000244140625,220.1199951171875,209.55824279785156,20388200,IWM,0
2021-05-27,225.0399932861328,226.36000061035156,224.17999267578125,211.71621704101562,21225700,IWM,0
2021-05-28,227.0800018310547,227.17999267578125,225.0500030517578,211.5754852294922,20668400,IWM,0
2021-06-01,227.4600067138672,228.55999755859375,225.9600067138672,213.9773712158203,23081500,IWM,0
2021-06-02,228.91000366210938,228.9199981689453,226.8300018310547,214.23069763183594,18927500,IWM,0
2021-06-03,226.82000732421875,227.6199951171875,224.0399932861328,212.4386749267578,24811500,IWM,0
2021-06-04,227.55999755859375,228.05999755859375,226.2100067138672,213.35816955566406,19395800,IWM,0
2021-06-07,227.88999938964844,230.77999877929688,227.25,216.21981811523438,24049900,IWM,0
2021-06-08,231.2100067138672,233.47999572753906,229.97999572753906,218.50917053222656,27770300,IWM,0
2021-06-09,233.5399932861328,233.63999938964844,230.97999572753906,217.0548553466797,18700600,IWM,0
2021-06-10,231.67999267578125,232.17999267578125,228.7100067138672,215.44520568847656,29069000,IWM,0
2021-06-11,230.3000030517578,231.8000030517578,230.07000732421875,217.71923828125,16707200,IWM,0
2021-06-14,232.30999755859375,233.35000610351562,230.13999938964844,217.0802459716797,19182800,IWM,0
2021-06-15,231.1199951171875,231.47000122070312,228.47999572753906,216.4600830078125,17039900,IWM,0
2021-06-16,229.6999969482422,230.67999267578125,227.63999938964844,215.99964904785156,24527000,IWM,0
2021-06-17,229.24000549316406,230.1999969482422,224.52000427246094,213.5753173828125,48292500,IWM,0
2021-06-18,223.6999969482422,225.74000549316406,221.1300048828125,208.72665405273438,54023700,IWM,0
2021-06-21,224.0500030517578,227.5,223.27999877929688,213.19004821777344,26736400,IWM,0
2021-06-22,226.27000427246094,228.41000366210938,224.72000122070312,214.1578826904297,21188500,IWM,0
2021-06-23,227.99000549316406,229.9600067138672,227.99000549316406,214.86265563964844,22387500,IWM,0
2021-06-24,230.1199951171875,231.91000366210938,228.72000122070312,217.89773559570312,21732500,IWM,0
2021-06-25,232.2899932861328,233.41000366210938,231.75,218.26417541503906,27619000,IWM,0
2021-06-28,232.24000549316406,232.58999633789062,228.77000427246094,216.53521728515625,25006000,IWM,0
2021-06-29,231.22999572753906,231.72999572753906,228.77000427246094,215.50160217285156,18844300,IWM,0
2021-06-30,228.64999389648438,230.32000732421875,227.75999450683594,215.52978515625,26039000,IWM,0
2021-07-01,230.80999755859375,231.85000610351562,229.7100067138672,217.4279022216797,18089100,IWM,0
2021-07-02,232,232.0800018310547,228.55999755859375,215.36062622070312,21029700,IWM,0
2021-07-06,229.36000061035156,229.4600067138672,223.8699951171875,212.2316131591797,27771300,IWM,0
2021-07-07,225.5399932861328,226.6699981689453,221.8000030517578,210.25828552246094,28521500,IWM,0
2021-07-08,219.30999755859375,224.0800018310547,217.85000610351562,208.32260131835938,42297900,IWM,0
2021-07-09,224.16000366210938,226.4499969482422,223.33999633789062,212.72023010253906,23976400,IWM,0
2021-07-12,225.55999755859375,226.88999938964844,224.5500030517578,212.89877319335938,16831000,IWM,0
2021-07-13,225.22999572753906,225.74000549316406,222.22000122070312,208.88636779785156,25357500,IWM,0
2021-07-14,223.7100067138672,224.36000061035156,218.5500030517578,205.66334533691406,30594100,IWM,0
2021-07-15,217.8300018310547,219.05999755859375,214.94000244140625,204.4982147216797,45477000,IWM,0
2021-07-16,219.8300018310547,219.8800048828125,214.47000122070312,201.97987365722656,36620200,IWM,0
2021-07-19,210.6300048828125,214.4499969482422,209.0500030517578,198.95420837402344,58571000,IWM,0
2021-07-20,212.1999969482422,219.27000427246094,211.25999450683594,205.12774658203125,40794600,IWM,0
2021-07-21,219.4499969482422,222.22000122070312,219.36000061035156,208.66085815429688,28278700,IWM,0
2021-07-22,221.47000122070312,221.92999267578125,217.5800018310547,205.3438720703125,32879000,IWM,0
2021-07-23,219.8699951171875,219.9499969482422,216.91000366210938,206.30233764648438,23660300,IWM,0
2021-07-26,220.38999938964844,222.0500030517578,219.14999389648438,206.90371704101562,22194200,IWM,0
2021-07-27,219.00999450683594,219.0800018310547,215.3800048828125,204.48878479003906,35063600,IWM,0
2021-07-28,219,222.58999633789062,217.39999389648438,207.49571228027344,33043700,IWM,0
2021-07-29,222.7899932861328,224.44000244140625,222.13999938964844,209.0930938720703,22634800,IWM,0
2021-07-30,221.64999389648438,224.0500030517578,220.27999877929688,207.7118377685547,28473000,IWM,0
2021-08-02,222.47000122070312,224.5500030517578,219.63999938964844,206.67819213867188,24192600,IWM,0
2021-08-03,220.6199951171875,221.1199951171875,217.10000610351562,207.53330993652344,27798600,IWM,0
2021-08-04,219.10000610351562,221.1999969482422,217.88999938964844,204.94923400878906,25588500,IWM,0
2021-08-05,219.08999633789062,222.44000244140625,218.67999267578125,208.63270568847656,23915200,IWM,0
2021-08-06,223.75,225.2100067138672,222.13999938964844,209.91064453125,24429200,IWM,0
2021-08-09,222.9199981689453,223.19000244140625,221.2100067138672,208.75486755371094,17225600,IWM,0
2021-08-10,222.63999938964844,223.22000122070312,221.19000244140625,209.16827392578125,22681600,IWM,0
2021-08-11,223.02000427246094,223.72999572753906,220.47000122070312,210.1925506591797,25691300,IWM,0
2021-08-12,223.75999450683594,223.83999633789062,221.7100067138672,209.69451904296875,23269500,IWM,0
2021-08-13,222.97999572753906,223.3000030517578,220.6999969482422,207.78701782226562,20813700,IWM,0
2021-08-16,219.77000427246094,220.25999450683594,217.64999389648438,205.85130310058594,24074400,IWM,0
2021-08-17,216.66000366210938,217.44000244140625,213.75,203.34239196777344,35161500,IWM,0
2021-08-18,216.10000610351562,218.0399932861328,214.3699951171875,201.56642150878906,29102300,IWM,0
2021-08-19,212.42999267578125,214.07000732421875,210.67999267578125,199.1515350341797,38119900,IWM,0
2021-08-20,212.10000610351562,216.02000427246094,211.4199981689453,202.5155029296875,31759500,IWM,0
2021-08-23,217.47999572753906,219.94000244140625,217.44000244140625,206.36810302734375,25778800,IWM,0
2021-08-24,220.32000732421875,221.9199981689453,219.69000244140625,208.39776611328125,18677900,IWM,0
2021-08-25,221.77000427246094,223.97000122070312,220.85000610351562,209.1306915283203,21548000,IWM,0
2021-08-26,222.13999938964844,223.16000366210938,219.74000549316406,206.91310119628906,22380300,IWM,0
2021-08-27,220.64999389648438,227.02999877929688,220.57000732421875,212.7484130859375,33998500,IWM,0
2021-08-30,227.25,227.35000610351562,224.97999572753906,211.87449645996094,20733300,IWM,0
2021-08-31,225.24000549316406,226.61000061035156,224.3300018310547,212.28793334960938,20839800,IWM,0
2021-09-01,226.8300018310547,228.24000549316406,224.8699951171875,213.7162628173828,20451500,IWM,0
2021-09-02,228.3300018310547,229.83999633789062,227.60000610351562,215.20089721679688,22810100,IWM,0
2021-09-03,228.25,228.97000122070312,227.19000244140625,214.2048797607422,18213100,IWM,0
2021-09-07,227.72000122070312,229,226.25,212.72959899902344,19153400,IWM,0
2021-09-08,225.61000061035156,225.97000122070312,222.6300048828125,210.40869140625,25241500,IWM,0
2021-09-09,223.5399932861328,226.2899932861328,222.9600067138672,210.30528259277344,27180500,IWM,0
2021-09-10,225.16000366210938,225.2899932861328,221.52000427246094,208.24742126464844,24366100,IWM,0
2021-09-13,223.2100067138672,223.3800048828125,220.25,209.4314422607422,34693100,IWM,0
2021-09-14,223.75,223.77000427246094,219.07000732421875,206.7627716064453,30312600,IWM,0
2021-09-15,220.02000427246094,222.74000549316406,219.4600067138672,208.63270568847656,27572000,IWM,0
2021-09-16,222.25999450683594,223.33999633789062,220.25999450683594,208.78302001953125,22369000,IWM,0
2021-09-17,221.6199951171875,223.02999877929688,220.63999938964844,209.05551147460938,39957600,IWM,0
2021-09-20,217.4499969482422,218.99000549316406,214.22000122070312,204.08474731445312,44958500,IWM,0
2021-09-21,218.77000427246094,219.2899932861328,215.82000732421875,204.39483642578125,26711200,IWM,0
2021-09-22,218.8800048828125,222.5500030517578,218.8699951171875,207.57086181640625,32100300,IWM,0
2021-09-23,222.17999267578125,225.64999389648438,221.55999755859375,211.24496459960938,31057800,IWM,0
2021-09-24,223.02000427246094,224.36000061035156,221.83999633789062,210.22608947753906,28866000,IWM,0
2021-09-27,223.6199951171875,227.67999267578125,223.52999877929688,213.4211883544922,29743200,IWM,0
2021-09-28,225.41000366210938,225.60000610351562,220.85000610351562,208.56729125976562,39938200,IWM,0
2021-09-29,222.27000427246094,222.66000366210938,220.1699981689453,208.12429809570312,23628900,IWM,0
2021-09-30,222.1199951171875,222.61000061035156,218.60000610351562,206.17335510253906,33153600,IWM,0
2021-10-01,219.9499969482422,223.5,217.74000549316406,209.50038146972656,32647000,IWM,0
2021-10-04,222.13999938964844,222.32000732421875,218.92999267578125,207.59654235839844,32580200,IWM,0
2021-10-05,220.9600067138672,223.05999755859375,219.8800048828125,208.3128204345703,20407600,IWM,0
2021-10-06,218.75999450683594,220.1999969482422,216.75999450683594,207.2289276123047,32893300,IWM,0
2021-10-07,221.52999877929688,224.9499969482422,221.3699951171875,210.42404174804688,24289300,IWM,0
2021-10-08,223.38999938964844,224.11000061035156,221.5,208.84060668945312,17989600,IWM,0
2021-10-11,221.8300018310547,223.5500030517578,220.25,207.64366149902344,15929800,IWM,0
2021-10-12,220.85000610351562,222.47000122070312,220.36000061035156,208.78408813476562,18800600,IWM,0
2021-10-13,221.88999938964844,222.6999969482422,219.8300018310547,209.773681640625,19676200,IWM,0
2021-10-14,224.75,226,224.32000732421875,212.8839569091797,18160000,IWM,0
2021-10-15,227.97999572753906,228.41000366210938,225.05999755859375,212.21478271484375,27555300,IWM,0
2021-10-18,223.8800048828125,225.67999267578125,223.72999572753906,212.09228515625,19082600,IWM,0
2021-10-19,225.97999572753906,226.8800048828125,224.61000061035156,212.8839569091797,15498400,IWM,0
2021-10-20,225.97000122070312,227.97999572753906,225.1199951171875,214.29776000976562,18130500,IWM,0
2021-10-21,227.19000244140625,229.00999450683594,226.6199951171875,214.8443603515625,17851600,IWM,0
2021-10-22,227.8000030517578,228.38999938964844,225.69000244140625,214.33543395996094,16887000,IWM,0
2021-10-25,227.7899932861328,229.97999572753906,227.27999877929688,216.3712158203125,16387100,IWM,0
2021-10-26,230.02999877929688,230.72000122070312,227.8000030517578,214.74070739746094,25290200,IWM,0
2021-10-27,227.17999267578125,227.4600067138672,223.5,210.7915802001953,27088500,IWM,0
2021-10-28,224.8000030517578,228.25999450683594,224.77000427246094,214.99522399902344,22890600,IWM,0
2021-10-29,227.8000030517578,228.8300018310547,226.9600067138672,214.93858337402344,20777700,IWM,0
2021-11-01,229.25,234.17999267578125,228.88999938964844,220.50889587402344,35500800,IWM,0
2021-11-02,234.3800048828125,234.85000610351562,232.64999389648438,220.97068786621094,24949700,IWM,0
2021-11-03,234.14999389648438,239.80999755859375,233.9199981689453,224.9197540283203,47648500,IWM,0
2021-11-04,239.47999572753906,240.94000244140625,237.55999755859375,224.8349609375,26514000,IWM,0
2021-11-05,241.1699981689453,243.39999389648438,240.1999969482422,227.90753173828125,42041700,IWM,0
2021-11-08,243.74000549316406,244.4600067138672,241.92999267578125,228.61439514160156,31324500,IWM,0
2021-11-09,242,242.52999877929688,239.5399932861328,227.2854461669922,29895900,IWM,0
2021-11-10,240.0800018310547,241.55999755859375,236.30999755859375,223.70394897460938,32471600,IWM,0
2021-11-11,238.30999755859375,240.3800048828125,237.66000366210938,225.50411987304688,17987500,IWM,0
2021-11-12,239.9199981689453,240.2100067138672,238.74000549316406,225.73031616210938,20526700,IWM,0
2021-11-15,240.57000732421875,240.75999450683594,237.5500030517578,224.8349609375,27390000,IWM,0
2021-11-16,237.75999450683594,239.3699951171875,236.9499969482422,225.2496795654297,21925200,IWM,0
2021-11-17,238.05999755859375,238.1300048828125,235.1300048828125,222.29957580566406,26527800,IWM,0
2021-11-18,236.9199981689453,237.07000732421875,233.0500030517578,221.3571014404297,30637300,IWM,0
2021-11-19,233.27000427246094,234.4199981689453,232.38999938964844,219.34011840820312,33994000,IWM,0
2021-11-22,234.22000122070312,235.74000549316406,231.6199951171875,218.4070587158203,31042100,IWM,0
2021-11-23,231.38999938964844,233,228.6199951171875,218.0300750732422,33843800,IWM,0
2021-11-24,229.38999938964844,231.99000549316406,228.5399932861328,218.26568603515625,24099300,IWM,0
2021-11-26,224.9600067138672,226.1699981689453,219.63999938964844,210.03759765625,62595400,IWM,0
2021-11-29,226.22000122070312,226.75,221.24000549316406,209.90565490722656,45982400,IWM,0
2021-11-30,220.66000366210938,221.86000061035156,215.8800048828125,205.6266632080078,64908400,IWM,0
2021-12-01,223.1699981689453,224.2100067138672,213.14999389648438,200.99896240234375,69120100,IWM,0
2021-12-02,214.3699951171875,219.94000244140625,213.82000732421875,206.6068572998047,64315700,IWM,0
2021-12-03,220.2899932861328,220.3800048828125,212.7100067138672,202.36558532714844,64425200,IWM,0
2021-12-06,216.5399932861328,220.69000244140625,213.7100067138672,206.42779541015625,43878300,IWM,0
2021-12-07,222.13999938964844,226.0399932861328,221.97999572753906,211.2157440185547,44679200,IWM,0
2021-12-08,224.60000610351562,226.5399932861328,223.05999755859375,212.6577606201172,36546400,IWM,0
2021-12-09,223.9499969482422,225.80999755859375,220.47999572753906,207.84156799316406,34830300,IWM,0
2021-12-10,222.1999969482422,222.85000610351562,218.32000732421875,207.26666259765625,32924600,IWM,0
2021-12-13,218.38999938964844,219.0500030517578,214.75,204.23765563964844,33478400,IWM,0
2021-12-14,214.5800018310547,217.52000427246094,213.30999755859375,202.4792938232422,36543500,IWM,0
2021-12-15,214.2100067138672,218.16000366210938,211.0800018310547,205.69351196289062,51261000,IWM,0
2021-12-16,219.4499969482422,219.89999389648438,212.25,201.5338897705078,52743800,IWM,0
2021-12-17,212.1999969482422,217.35000610351562,210.3000030517578,203.3868408203125,62620900,IWM,0
2021-12-20,212.08999633789062,212.94000244140625,208.75999450683594,200.53176879882812,49993000,IWM,0
2021-12-21,214.1999969482422,218.38999938964844,212.05999755859375,206.26075744628906,38545300,IWM,0
2021-12-22,217.8699951171875,220.35000610351562,217.1300048828125,208.24606323242188,32442000,IWM,0
2021-12-23,221.0500030517578,222.8000030517578,220.33999633789062,209.90985107421875,22125400,IWM,0
2021-12-27,222.33999633789062,224.24000549316406,220.60000610351562,211.8762664794922,24196700,IWM,0
2021-12-28,223.7899932861328,225.72999572753906,222.35000610351562,210.58108520507812,23120300,IWM,0
2021-12-29,222.72000122070312,223.49000549316406,221.25999450683594,210.8079833984375,19444400,IWM,0
2021-12-30,222.94000244140625,225.42999267578125,222.6999969482422,210.75123596191406,23607700,IWM,0
2021-12-31,222.49000549316406,224.1199951171875,222.38999938964844,210.29747009277344,23997400,IWM,0
2022-01-03,223.7100067138672,226.69000244140625,222.72999572753906,213.01072692871094,30618800,IWM,0
2022-01-04,226,227.1300048828125,223.3800048828125,212.6892547607422,22013100,IWM,0
2022-01-05,224.8699951171875,225.91000366210938,217.32000732421875,205.48556518554688,40582100,IWM,0
2022-01-06,217.82000732421875,220.4199981689453,215.82000732421875,206.6578369140625,39105900,IWM,0
2022-01-07,218.60000610351562,220.3800048828125,215.92999267578125,204.26605224609375,31583900,IWM,0
2022-01-10,214.77000427246094,215.38999938964844,211.11000061035156,203.55699157714844,45778100,IWM,0
2022-01-11,215.47999572753906,217.8300018310547,212.9600067138672,205.72190856933594,35209900,IWM,0
2022-01-12,218.52000427246094,219.3800048828125,214.63999938964844,204.19039916992188,35284500,IWM,0
2022-01-13,216.80999755859375,218.19000244140625,213.3800048828125,202.3185577392578,34489600,IWM,0
2022-01-14,211.99000549316406,214.39999389648438,210.5800018310547,202.60218811035156,42020900,IWM,0
2022-01-18,212.1999969482422,212.44000244140625,207.52999877929688,196.47618103027344,49434400,IWM,0
2022-01-19,208.80999755859375,209.4600067138672,204.3800048828125,193.2808074951172,46209100,IWM,0
2022-01-20,205.3800048828125,208.99000549316406,200.3300018310547,189.78297424316406,50466000,IWM,0
2022-01-21,199.75999450683594,203.02000427246094,196.99000549316406,186.22837829589844,85821000,IWM,0
2022-01-24,194.07000732421875,202.38999938964844,191.22999572753906,190.52037048339844,85782000,IWM,0
2022-01-25,198.47999572753906,201.6999969482422,194.55999755859375,187.97732543945312,61088500,IWM,0
2022-01-26,201.77999877929688,203.5500030517578,193.72000122070312,185.2640838623047,71471700,IWM,0
2022-01-27,197.6300048828125,199.61000061035156,190.60000610351562,181.05722045898438,59829000,IWM,0
2022-01-28,191.6999969482422,195.30999755859375,188.08999633789062,184.5834197998047,65870000,IWM,0
2022-01-31,194.38999938964844,201.24000549316406,193.85000610351562,190.24618530273438,53393800,IWM,0
2022-02-01,201.66000366210938,203.57000732421875,197.97000122070312,192.2503662109375,43429400,IWM,0
2022-02-02,203.6199951171875,203.89999389648438,199.2899932861328,190.34071350097656,42777800,IWM,0
2022-02-03,198.83999633789062,201.24000549316406,197.0500030517578,186.7388916015625,39629400,IWM,0
2022-02-04,197.0399932861328,200.10000610351562,194.9199981689453,187.54246520996094,34291100,IWM,0
2022-02-07,198.42999267578125,201.16000366210938,197.99000549316406,188.46890258789062,33242600,IWM,0
2022-02-08,199.47000122070312,203.1199951171875,199.36000061035156,191.6831512451172,28341900,IWM,0
2022-02-09,204.57000732421875,206.64999389648438,204.3000030517578,195.3228302001953,27329300,IWM,0
2022-02-10,202.89999389648438,209.0500030517578,202.1199951171875,192.32603454589844,44788100,IWM,0
2022-02-11,203.64999389648438,206.05999755859375,199.69000244140625,190.37857055664062,41516600,IWM,0
2022-02-14,201.6300048828125,203.52999877929688,199.24000549316406,189.7167510986328,32262700,IWM,0
2022-02-15,202.77999877929688,206.30999755859375,202.6300048828125,194.80287170410156,25847500,IWM,0
2022-02-16,205.3000030517578,207.27000427246094,204.0800018310547,195.20938110351562,30104800,IWM,0
2022-02-17,204.5500030517578,205.02999877929688,200.77999877929688,190.2083740234375,27140200,IWM,0
2022-02-18,201.02999877929688,202.72000122070312,198.75999450683594,188.57290649414062,36255400,IWM,0
2022-02-22,198.47999572753906,200.4499969482422,195.35000610351562,185.91641235351562,31847100,IWM,0
2022-02-23,198.24000549316406,198.89999389648438,192.5500030517578,182.43740844726562,31491500,IWM,0
2022-02-24,188.32000732421875,198.47999572753906,187.9199981689453,187.2209930419922,52221100,IWM,0
2022-02-25,198.69000244140625,202.6199951171875,197,191.43734741210938,33656200,IWM,0
2022-02-28,200.47000122070312,204.60000610351562,200.4600067138672,192.21258544921875,34975900,IWM,0
2022-03-01,202.66000366210938,203.7899932861328,197.8000030517578,188.59178161621094,40638900,IWM,0
2022-03-02,200.83999633789062,205.3000030517578,200.69000244140625,193.08229064941406,29978600,IWM,0
2022-03-03,205.08999633789062,205.11000061035156,200.2899932861328,190.79454040527344,30142700,IWM,0
2022-03-04,199.6999969482422,200.86000061035156,196.97999572753906,187.80714416503906,31610400,IWM,0
2022-03-07,199.22000122070312,199.58999633789062,193.67999267578125,183.13699340820312,39279800,IWM,0
2022-03-08,194.33999633789062,199.57000732421875,193.4600067138672,184.14854431152344,45715800,IWM,0
2022-03-09,198.22000122070312,201,197.6199951171875,189.33865356445312,29048000,IWM,0
2022-03-10,197.41000366210938,200.0399932861328,196.55999755859375,188.9983367919922,25661000,IWM,0
2022-03-11,200.77999877929688,201.75999450683594,196.44000244140625,185.98255920410156,24990000,IWM,0
2022-03-14,197.24000549316406,197.44000244140625,191.8800048828125,182.1821746826172,34969500,IWM,0
2022-03-15,193.4600067138672,195.7899932861328,192.8800048828125,185.08448791503906,25464300,IWM,0
2022-03-16,197.5399932861328,201.94000244140625,196.14999389648438,190.90797424316406,31869700,IWM,0
2022-03-17,200.77000427246094,205.2100067138672,200.3000030517578,193.90478515625,25783100,IWM,0
2022-03-18,204.2100067138672,207.4499969482422,204,195.94679260253906,37092200,IWM,0
2022-03-21,207.1999969482422,208.17999267578125,203.94000244140625,194.2167205810547,26747500,IWM,0
2022-03-22,206.30999755859375,208.7899932861328,205.8000030517578,196.1641845703125,24699900,IWM,0
2022-03-23,206.14999389648438,207.1999969482422,203.75,192.76087951660156,19775000,IWM,0
2022-03-24,204.3800048828125,205.89999389648438,202.72999572753906,194.9774169921875,19781200,IWM,0
2022-03-25,206.08999633789062,206.6199951171875,204.44000244140625,195.24261474609375,19430400,IWM,0
2022-03-28,205.60000610351562,206.2100067138672,203.02999877929688,195.3089141845703,18999100,IWM,0
2022-03-29,208,212.25,207.8800048828125,200.53762817382812,29550600,IWM,0
2022-03-30,211.3699951171875,211.74000549316406,206.61000061035156,196.5119171142578,26251500,IWM,0
2022-03-31,207.1300048828125,208.91000366210938,205.14999389648438,194.43751525878906,26771600,IWM,0
2022-04-01,206.17999267578125,207.72000122070312,205.00999450683594,196.61607360839844,25948500,IWM,0
2022-04-04,207.8699951171875,208.42999267578125,205.8800048828125,196.9381103515625,20333900,IWM,0
2022-04-05,207.9600067138672,209.44000244140625,202.50999450683594,192.2777862548828,26509800,IWM,0
2022-04-06,201.27000427246094,201.8000030517578,198.67999267578125,189.54978942871094,34903900,IWM,0
2022-04-07,200.11000061035156,201.22999572753906,196.67999267578125,188.93406677246094,29291200,IWM,0
2022-04-08,199.22000122070312,200.30999755859375,197.5,187.42800903320312,25249600,IWM,0
2022-04-11,197.1199951171875,199.25,195.8800048828125,186.16818237304688,33702300,IWM,0
2022-04-12,198.6999969482422,201.67999267578125,196.4199981689453,186.75546264648438,33699800,IWM,0
2022-04-13,197.67999267578125,201.4499969482422,197.61000061035156,190.3075714111328,22303600,IWM,0
2022-04-14,201.11000061035156,202.3699951171875,198.8699951171875,188.46046447753906,27107000,IWM,0
2022-04-18,198.4600067138672,199.17999267578125,196.52999877929688,187.19114685058594,22246400,IWM,0
2022-04-19,197.86000061035156,202.24000549316406,197.69000244140625,190.92324829101562,22786700,IWM,0
2022-04-20,203.0500030517578,203.8699951171875,201.86000061035156,191.65260314941406,20516200,IWM,0
2022-04-21,204.22999572753906,204.8000030517578,197.02000427246094,187.36166381835938,31547700,IWM,0
2022-04-22,196.8699951171875,197.3699951171875,192.2899932861328,182.5118865966797,35686900,IWM,0
2022-04-25,190.99000549316406,194.11000061035156,189.2100067138672,183.62014770507812,35556500,IWM,0
2022-04-26,192.32000732421875,192.7100067138672,187.47999572753906,177.8325653076172,40513600,IWM,0
2022-04-27,187.6699981689453,189.77999877929688,186.25999450683594,177.09375,37808000,IWM,0
2022-04-28,189.1699981689453,191.39999389648438,184.7100067138672,180.3995361328125,37405200,IWM,0
2022-04-29,189.58999633789062,191.72999572753906,184.50999450683594,175.18980407714844,41193400,IWM,0
2022-05-02,184.89999389648438,187.82000732421875,182.3800048828125,177.0274200439453,38002100,IWM,0
2022-05-03,186.9199981689453,189.50999450683594,185.67999267578125,178.54299926757812,30246300,IWM,0
2022-05-04,189.0500030517578,193.92999267578125,185.69000244140625,183.3075714111328,38834700,IWM,0
2022-05-05,191.52999877929688,191.55999755859375,183.3800048828125,175.871826171875,41468700,IWM,0
2022-05-06,184.9600067138672,185.4199981689453,180.5500030517578,172.9448699951172,45457900,IWM,0
2022-05-09,179.86000061035156,182.64999389648438,174.10000610351562,165.6701202392578,53682200,IWM,0
2022-05-10,177.57000732421875,178.91000366210938,171.1999969482422,165.717529296875,53650800,IWM,0
2022-05-11,175.1300048828125,178.19000244140625,170.3000030517578,161.59707641601562,64377800,IWM,0
2022-05-12,169.8300018310547,174.33999633789062,168.89999389648438,163.4915313720703,52967400,IWM,0
2022-05-13,175.0399932861328,179.41000366210938,175.00999450683594,168.67286682128906,36517000,IWM,0
2022-05-16,177.5,179.44000244140625,176.13999938964844,167.8677520751953,28225500,IWM,0
2022-05-17,180.41000366210938,182.83999633789062,178.99000549316406,173.00169372558594,31833700,IWM,0
2022-05-18,180.47000122070312,181.41000366210938,175.10000610351562,166.93943786621094,36093800,IWM,0
2022-05-19,174.88999938964844,178.80999755859375,174.88999938964844,167.21414184570312,33627700,IWM,0
2022-05-20,178.5,178.97000122070312,171.7899932861328,166.7878875732422,42243700,IWM,0
2022-05-23,177.8800048828125,178.9600067138672,175.5,168.8054962158203,24644100,IWM,0
2022-05-24,176.57000732421875,176.92999267578125,172.3300018310547,166.3048095703125,26861800,IWM,0
2022-05-25,174.8800048828125,179.77999877929688,174.80999755859375,169.29806518554688,27950100,IWM,0
2022-05-26,179.85000610351562,183.8000030517578,179.6999969482422,173.07748413085938,25702700,IWM,0
2022-05-27,183.75999450683594,187.64999389648438,183.39999389648438,177.73785400390625,24952100,IWM,0
2022-05-31,186.91000366210938,187.67999267578125,184.08999633789062,175.53077697753906,29794500,IWM,0
2022-06-01,186.27000427246094,186.94000244140625,181.77000427246094,174.53619384765625,28352100,IWM,0
2022-06-02,184.58999633789062,188.75999450683594,184.1699981689453,178.79873657226562,24876000,IWM,0
2022-06-03,187.2899932861328,187.9600067138672,185.7899932861328,177.18846130371094,18972100,IWM,0
2022-06-06,189.2899932861328,189.30999755859375,186.8300018310547,177.95570373535156,24678700,IWM,0
2022-06-07,186.41000366210938,190.94000244140625,185.89999389648438,180.8258056640625,21661600,IWM,0
2022-06-08,189.9600067138672,190.6999969482422,187.05999755859375,178.03147888183594,21521700,IWM,0
2022-06-09,186.5500030517578,187.07000732421875,183.52999877929688,174.34083557128906,21697200,IWM,0
2022-06-10,180.50999450683594,181.5500030517578,177.64999389648438,169.61119079589844,37153600,IWM,0
2022-06-13,173.6300048828125,174.9600067138672,169.2899932861328,161.64303588867188,39712700,IWM,0
2022-06-14,170.6699981689453,171.24000549316406,167.74000549316406,160.86428833007812,30282400,IWM,0
2022-06-15,171.2100067138672,174.05999755859375,168.66000366210938,163.2196044921875,32150500,IWM,0
2022-06-16,167.83999633789062,168.4199981689453,162.77999877929688,155.65977478027344,43810600,IWM,0
2022-06-17,164.47999572753906,167.52000427246094,163.6999969482422,156.87542724609375,40327300,IWM,0
2022-06-21,167.97999572753906,170.0800018310547,166.80999755859375,159.68661499023438,34665400,IWM,0
2022-06-22,165.9600067138672,169.25999450683594,165.3699951171875,159.38270568847656,29303500,IWM,0
2022-06-23,168.19000244140625,170.22999572753906,166.5500030517578,161.29164123535156,27089800,IWM,0
2022-06-24,171.22000122070312,175.10000610351562,170.89999389648438,166.28720092773438,37138500,IWM,0
2022-06-27,175.6699981689453,176.99000549316406,174.17999267578125,166.90451049804688,24745400,IWM,0
2022-06-28,176.92999267578125,178.14999389648438,172.35000610351562,163.77044677734375,25909200,IWM,0
2022-06-29,172.5500030517578,172.6999969482422,168.97000122070312,162.1084442138672,21292500,IWM,0
2022-06-30,168.1999969482422,171.30999755859375,166.75999450683594,160.8452911376953,31466300,IWM,0
2022-07-01,169.0500030517578,171.83999633789062,167.66000366210938,162.79220581054688,24598600,IWM,0
2022-07-05,168.67999267578125,172.89999389648438,166.72999572753906,164.1408233642578,25151100,IWM,0
2022-07-06,172.4499969482422,173.7100067138672,169.75,162.92515563964844,25697600,IWM,0
2022-07-07,172.86000061035156,175.97999572753906,172.85000610351562,166.78106689453125,24822500,IWM,0
2022-07-08,175.07000732421875,176.99000549316406,173.64999389648438,166.7620391845703,20547000,IWM,0
2022-07-11,174.25999450683594,174.97000122070312,171.60000610351562,163.40953063964844,22031500,IWM,0
2022-07-12,171.5399932861328,173.36000061035156,170.55999755859375,162.8491973876953,23864200,IWM,0
2022-07-13,169.14999389648438,172.27999877929688,168.7899932861328,162.70672607421875,25535600,IWM,0
2022-07-14,168.67999267578125,170,167.02000427246094,161.03524780273438,25102200,IWM,0
2022-07-15,171.5399932861328,173.35000610351562,169.30999755859375,164.3877410888672,34935900,IWM,0
2022-07-18,175.1300048828125,176.2899932861328,172.05999755859375,163.92239379882812,23031500,IWM,0
2022-07-19,174.75,178.88999938964844,174.66000366210938,169.7062225341797,24234600,IWM,0
2022-07-20,178.64999389648438,181.80999755859375,178.39999389648438,172.3654327392578,26049300,IWM,0
2022-07-21,180.4499969482422,182.5,178.85000610351562,173.24868774414062,21709900,IWM,0
2022-07-22,182.8800048828125,183.25,178.0500030517578,170.4849853515625,25116100,IWM,0
2022-07-25,180.0500030517578,180.9199981689453,178.42999267578125,171.3682403564453,19267200,IWM,0
2022-07-26,179.77999877929688,180.2100067138672,178.5399932861328,170.31405639648438,19391200,IWM,0
2022-07-27,180.47999572753906,184.25,180,174.1889190673828,21670700,IWM,0
2022-07-28,184.32000732421875,186.13999938964844,181.75999450683594,176.5821990966797,22838500,IWM,0
2022-07-29,186.0399932861328,187.72999572753906,185.0399932861328,177.8358612060547,21760600,IWM,0
2022-08-01,185.7899932861328,188.32000732421875,184.22000122070312,177.7693634033203,23905600,IWM,0
2022-08-02,186.47000122070312,189.02000427246094,185.47999572753906,177.59841918945312,17492600,IWM,0
2022-08-03,188.3000030517578,190.14999389648438,187.63999938964844,180.2101593017578,19157700,IWM,0
2022-08-04,189.83999633789062,190.0399932861328,188.44000244140625,179.83026123046875,14838900,IWM,0
2022-08-05,187.47000122070312,191.02000427246094,187.1699981689453,181.20736694335938,18540300,IWM,0
2022-08-08,192.14999389648438,194.6300048828125,191.88999938964844,183.12582397460938,22188700,IWM,0
2022-08-09,192.0399932861328,192.1699981689453,189.16000366210938,180.6280517578125,18247300,IWM,0
2022-08-10,193.6300048828125,195.9499969482422,193.11000061035156,185.78501892089844,20796400,IWM,0
2022-08-11,197.4199981689453,199.52999877929688,196.0399932861328,186.4783477783203,23727600,IWM,0
2022-08-12,197.35000610351562,200.42999267578125,196.5800018310547,190.28671264648438,21726600,IWM,0
2022-08-15,198.8000030517578,201.16000366210938,198.22000122070312,190.96102905273438,17414800,IWM,0
2022-08-16,200.5,201.99000549316406,199.02999877929688,190.8850555419922,18833100,IWM,0
2022-08-17,198.72000122070312,199.3300018310547,196.3800048828125,187.6750030517578,22428000,IWM,0
2022-08-18,197.8800048828125,199.25,196.89999389648438,188.9191131591797,18368100,IWM,0
2022-08-19,196.8300018310547,197.11000061035156,194.07000732421875,184.8638153076172,27416400,IWM,0
2022-08-22,191.99000549316406,192.35000610351562,190.00999450683594,181.055419921875,22937000,IWM,0
2022-08-23,190.94000244140625,192.92999267578125,190.38999938964844,181.3497772216797,20069800,IWM,0
2022-08-24,190.7899932861328,193.3000030517578,190.16000366210938,182.73643493652344,16038300,IWM,0
2022-08-25,193.3800048828125,195.4499969482422,192.97999572753906,185.5760955810547,14795000,IWM,0
2022-08-26,195.33999633789062,195.44000244140625,188.66000366210938,179.47885131835938,24177200,IWM,0
2022-08-29,186.9499969482422,188.99000549316406,186.52000427246094,177.8263397216797,19753300,IWM,0
2022-08-30,187.82000732421875,188.00999450683594,183.5399932861328,175.33807373046875,22548900,IWM,0
2022-08-31,184.94000244140625,185.74000549316406,183.19000244140625,174.2743682861328,22412500,IWM,0
2022-09-01,181.77999877929688,181.88999938964844,178.89999389648438,172.37493896484375,30706600,IWM,0
2022-09-02,183.60000610351562,183.9499969482422,179.13999938964844,171.03582763671875,27468200,IWM,0
2022-09-06,180.7100067138672,181.0800018310547,177.5,169.34530639648438,23837100,IWM,0
2022-09-07,177.97000122070312,182.47000122070312,177.92999267578125,173.0302734375,24781200,IWM,0
2022-09-08,180.69000244140625,183.7899932861328,179.6199951171875,174.47384643554688,25273200,IWM,0
2022-09-09,185.33999633789062,187.6300048828125,185.10000610351562,177.97830200195312,23208800,IWM,0
2022-09-12,188.60000610351562,189.86000061035156,187.97000122070312,180.13417053222656,23134600,IWM,0
2022-09-13,184.86000061035156,185.91000366210938,181.5399932861328,173.0872344970703,34144700,IWM,0
2022-09-14,182.57000732421875,183.32000732421875,180.57000732421875,173.7615203857422,25278300,IWM,0
2022-09-15,181.9199981689453,184.69000244140625,180.86000061035156,172.49839782714844,25378700,IWM,0
2022-09-16,179.08999633789062,179.67999267578125,176.91000366210938,169.99114990234375,41155900,IWM,0
2022-09-19,177.00999450683594,180.75,176.9600067138672,171.44422912597656,25412200,IWM,0
2022-09-20,178.77000427246094,178.94000244140625,176.7100067138672,169.10787963867188,22247500,IWM,0
2022-09-21,179.3699951171875,181.10000610351562,175.3300018310547,166.52462768554688,29357100,IWM,0
2022-09-22,175,175.5800018310547,170.74000549316406,162.7732391357422,33468600,IWM,0
2022-09-23,169,169.19000244140625,165,158.8983612060547,40336900,IWM,0
2022-09-26,165.47000122070312,168.97000122070312,163.5800018310547,156.72274780273438,30597800,IWM,0
2022-09-27,166.30999755859375,167.6300048828125,163.27999877929688,157.25730895996094,42406600,IWM,0
2022-09-28,165.75999450683594,170.99000549316406,165.07000732421875,162.2310028076172,35186500,IWM,0
2022-09-29,167.77999877929688,167.92999267578125,163.8000030517578,158.59384155273438,31464000,IWM,0
2022-09-30,165.77999877929688,169.52000427246094,164.8699951171875,157.43873596191406,40643800,IWM,0
2022-10-03,167.33999633789062,170.3000030517578,165.25,161.6104736328125,33611600,IWM,0
2022-10-04,172.61000061035156,176.0800018310547,172.52999877929688,168.01609802246094,37537300,IWM,0
2022-10-05,173.41000366210938,175.3300018310547,171.4199981689453,166.77505493164062,25281400,IWM,0
2022-10-06,173.85000610351562,176.1699981689453,172.91000366210938,165.83950805664062,22635900,IWM,0
2022-10-07,171.92999267578125,172.47000122070312,167.9199981689453,160.96128845214844,26536100,IWM,0
2022-10-10,169.2899932861328,169.57000732421875,166.58999633789062,160.06394958496094,23386400,IWM,0
2022-10-11,166.9600067138672,170.11000061035156,164.8000030517578,160.1116943359375,28009100,IWM,0
2022-10-12,167.89999389648438,168.4600067138672,165.47999572753906,159.6725616455078,26796700,IWM,0
2022-10-13,164,172.1999969482422,162.5,163.624755859375,45376500,IWM,0
2022-10-14,172.74000549316406,173.9199981689453,166.7100067138672,159.2429962158203,29608600,IWM,0
2022-10-17,170.22000122070312,172.6199951171875,170.11000061035156,164.3216552734375,28199200,IWM,0
2022-10-18,175.86000061035156,177.2899932861328,172.69000244140625,166.2691192626953,34523100,IWM,0
2022-10-19,172.49000549316406,173.39999389648438,169.3300018310547,163.4434051513672,27146900,IWM,0
2022-10-20,171.4199981689453,173.5500030517578,168.47000122070312,161.36224365234375,26710700,IWM,0
2022-10-21,169.39999389648438,173.1999969482422,168.19000244140625,164.86578369140625,45402700,IWM,0
2022-10-24,173.32000732421875,174,171.0500030517578,165.5721893310547,27284500,IWM,0
2022-10-25,173.57000732421875,178.89999389648438,173.55999755859375,170.08763122558594,33105700,IWM,0
2022-10-26,179.14999389648438,182.3699951171875,178.3300018310547,170.92774963378906,37084700,IWM,0
2022-10-27,180.58999633789062,182,178.8699951171875,170.9658966064453,28651800,IWM,0
2022-10-28,179.8300018310547,183.41000366210938,178.74000549316406,174.8512725830078,33221600,IWM,0
2022-10-31,182.27000427246094,184.24000549316406,181.5500030517578,175.01358032226562,25699400,IWM,0
2022-11-01,185.24000549316406,185.60000610351562,182.8800048828125,175.25222778320312,27446700,IWM,0
2022-11-02,182.83999633789062,185,177.42999267578125,169.4385223388672,38139600,IWM,0
2022-11-03,175.2899932861328,177.94000244140625,174.11000061035156,168.302490234375,29093200,IWM,0
2022-11-04,178.9199981689453,179.94000244140625,175.47000122070312,170.57449340820312,25842400,IWM,0
2022-11-07,179.74000549316406,180.58999633789062,177.67999267578125,171.3477783203125,20689900,IWM,0
2022-11-08,180.22999572753906,181.9499969482422,177.36000061035156,171.41461181640625,20265200,IWM,0
2022-11-09,178,178.6699981689453,174.27999877929688,166.70823669433594,27277000,IWM,0
2022-11-10,181.85000610351562,185.4499969482422,181.14999389648438,176.97059631347656,38572800,IWM,0
2022-11-11,185.75999450683594,188.83999633789062,185.69000244140625,178.42164611816406,28765400,IWM,0
2022-11-14,185.7899932861328,187.7899932861328,184.6300048828125,176.4264373779297,26499600,IWM,0
2022-11-15,187.83999633789062,189.55999755859375,186.11000061035156,179.04214477539062,26128800,IWM,0
2022-11-16,186.60000610351562,186.63999938964844,183.7100067138672,175.891845703125,24802000,IWM,0
2022-11-17,181.6199951171875,182.9499969482422,180.50999450683594,174.25942993164062,20835700,IWM,0
2022-11-18,184.58999633789062,185.30999755859375,182.57000732421875,175.3858642578125,27269100,IWM,0
2022-11-21,182.77999877929688,183.19000244140625,181.42999267578125,174.46939086914062,19038900,IWM,0
2022-11-22,183.74000549316406,184.94000244140625,182.3300018310547,176.33096313476562,16869700,IWM,0
2022-11-23,184.2899932861328,185.77999877929688,183.5500030517578,176.78921508789062,19758800,IWM,0
2022-11-25,185.08999633789062,186.3699951171875,184.66000366210938,177.1614990234375,13393400,IWM,0
2022-11-28,184.1300048828125,184.9199981689453,181.2899932861328,173.59115600585938,17465600,IWM,0
2022-11-29,181.9600067138672,183.61000061035156,181.9600067138672,174.09713745117188,14020600,IWM,0
2022-11-30,182.6699981689453,187.42999267578125,180.8000030517578,178.87030029296875,28030100,IWM,0
2022-12-01,188.14999389648438,189.24000549316406,186.1300048828125,178.4789276123047,21996400,IWM,0
2022-12-02,184.3699951171875,188.86000061035156,184.3300018310547,179.51947021484375,22574800,IWM,0
2022-12-05,186.86000061035156,187.05999755859375,182.17999267578125,174.57444763183594,25449300,IWM,0
2022-12-06,182.8800048828125,182.97999572753906,179.0800018310547,171.90147399902344,18502100,IWM,0
2022-12-07,179.75,181.5,179.11000061035156,171.39549255371094,17177800,IWM,0
2022-12-08,180.77000427246094,182.6300048828125,179.50999450683594,172.63653564453125,20971400,IWM,0
2022-12-09,179.77000427246094,180.80999755859375,178.55999755859375,170.51722717285156,22046500,IWM,0
2022-12-12,178.85000610351562,181.08999633789062,178,172.52197265625,22765400,IWM,0
2022-12-13,185.72999572753906,186.63999938964844,180.13999938964844,173.950927734375,38445300,IWM,0
2022-12-14,181.30999755859375,182.91000366210938,178.8300018310547,172.8096923828125,32406900,IWM,0
2022-12-15,178.02999877929688,178.60000610351562,175.0399932861328,168.48440551757812,33546700,IWM,0
2022-12-16,173.8000030517578,175.11000061035156,172.6699981689453,167.22808837890625,38502400,IWM,0
2022-12-19,174.61000061035156,175.0500030517578,171.47000122070312,164.9647216796875,25614000,IWM,0
2022-12-20,171.6699981689453,174.02000427246094,171.17999267578125,165.83743286132812,18050800,IWM,0
2022-12-21,174.4499969482422,176.8000030517578,174.1999969482422,168.6953887939453,22997200,IWM,0
2022-12-22,174.3300018310547,174.49000549316406,170.6699981689453,166.4896240234375,21297600,IWM,0
2022-12-23,173.47999572753906,174.4499969482422,172.33999633789062,167.24725341796875,11647700,IWM,0
2022-12-27,174.36000061035156,174.57000732421875,172.5800018310547,166.12515258789062,13553800,IWM,0
2022-12-28,173.17999267578125,174.10000610351562,170.33999633789062,163.5453338623047,19648000,IWM,0
2022-12-29,171.72000122070312,175.25,171.39999389648438,167.6884002685547,22311300,IWM,0
2022-12-30,173.33999633789062,174.72000122070312,172.61000061035156,167.21844482421875,21275600,IWM,0
2023-01-03,175.92999267578125,177.32000732421875,171.89999389648438,166.2977752685547,22503800,IWM,0
2023-01-04,174.6199951171875,176.6699981689453,174.27999877929688,168.36932373046875,22973500,IWM,0
2023-01-05,174.58999633789062,174.75999450683594,172.38999938964844,166.56631469726562,17032600,IWM,0
2023-01-06,175.3000030517578,178.0399932861328,173.8699951171875,170.3065948486328,21986900,IWM,0
2023-01-09,179.00999450683594,180.1199951171875,177.64999389648438,170.5942840576172,18366500,IWM,0
2023-01-10,177.66000366210938,180.6199951171875,177.3000030517578,173.11656188964844,18751100,IWM,0
2023-01-11,181.25999450683594,182.7899932861328,180.67999267578125,175.27438354492188,18222700,IWM,0
2023-01-12,183.57000732421875,185.9499969482422,181.9199981689453,178.21864318847656,29650800,IWM,0
2023-01-13,184.5,187.33999633789062,184.3300018310547,179.3887176513672,22120000,IWM,0
2023-01-17,187,187.83999633789062,186.24000549316406,179.16812133789062,22422600,IWM,0
2023-01-18,187.4499969482422,188.9600067138672,183.6999969482422,176.27183532714844,23507800,IWM,0
2023-01-19,182.72999572753906,183.10000610351562,180.77999877929688,174.58389282226562,24624500,IWM,0
2023-01-20,182.7100067138672,185.14999389648438,181.27000427246094,177.4610595703125,36070300,IWM,0
2023-01-23,185.42999267578125,188.1199951171875,184.5800018310547,179.65725708007812,20329900,IWM,0
2023-01-24,186.58999633789062,187.8300018310547,185.8800048828125,179.2736358642578,19263500,IWM,0
2023-01-25,185.41000366210938,187.50999450683594,183.8699951171875,179.77232360839844,18174600,IWM,0
2023-01-26,188.97999572753906,189.85000610351562,186.2899932861328,180.8368682861328,18369100,IWM,0
2023-01-27,187.97999572753906,190.3000030517578,187.7899932861328,181.81507873535156,20019900,IWM,0
2023-01-30,187.83999633789062,189.61000061035156,186.8300018310547,179.283203125,18395100,IWM,0
2023-01-31,187.4199981689453,191.5800018310547,187.3800048828125,183.6372528076172,21567900,IWM,0
2023-02-01,191.19000244140625,196.19000244140625,190.1300048828125,186.52398681640625,27007300,IWM,0
2023-02-02,196.00999450683594,199.25999450683594,194.35000610351562,190.19711303710938,31020400,IWM,0
2023-02-03,196.11000061035156,199.1300048828125,195.6999969482422,188.9215850830078,24981500,IWM,0
2023-02-06,195.64999389648438,196.3800048828125,193.3699951171875,186.1883087158203,18160100,IWM,0
2023-02-07,193.41000366210938,196.10000610351562,191.64999389648438,187.5693359375,27074100,IWM,0
2023-02-08,194.36000061035156,195.3699951171875,192.1999969482422,184.82644653320312,17933500,IWM,0
2023-02-09,194.22999572753906,195.1199951171875,189.42999267578125,182.15074157714844,20516600,IWM,0
2023-02-10,189.27999877929688,190.6300048828125,188.52999877929688,182.51519775390625,15248700,IWM,0
2023-02-13,190.50999450683594,192.86000061035156,189.30999755859375,184.71136474609375,15754400,IWM,0
2023-02-14,191.27999877929688,193.9499969482422,190.0800018310547,184.6250457763672,21889600,IWM,0
2023-02-15,190.97999572753906,194.5500030517578,190.52999877929688,186.4951934814453,18721200,IWM,0
2023-02-16,191.8000030517578,194.8699951171875,191.25,184.71136474609375,21366300,IWM,0
2023-02-17,191.8800048828125,193.3699951171875,190.97000122070312,185.21966552734375,23892200,IWM,0
2023-02-21,190.75,191.33999633789062,187.24000549316406,179.7531280517578,26004000,IWM,0
2023-02-22,187.8300018310547,189.14999389648438,186.75,180.24224853515625,24651700,IWM,0
2023-02-23,189.35000610351562,190.3000030517578,186.6999969482422,181.52734375,21311700,IWM,0
2023-02-24,186.64999389648438,187.77999877929688,185.77999877929688,179.82984924316406,24280700,IWM,0
2023-02-27,189.1300048828125,190.1999969482422,187.60000610351562,180.4628143310547,17562900,IWM,0
2023-02-28,188.1199951171875,190.02000427246094,188.07000732421875,180.47239685058594,19542600,IWM,0
2023-03-01,188.19000244140625,189.49000549316406,187.19000244140625,180.7025909423828,22532800,IWM,0
2023-03-02,186.86000061035156,189.3000030517578,186.1199951171875,181.13414001464844,18104400,IWM,0
2023-03-03,189.6699981689453,191.92999267578125,188.4199981689453,183.65643310546875,22774300,IWM,0
2023-03-06,191.55999755859375,191.74000549316406,187.89999389648438,180.97113037109375,23266700,IWM,0
2023-03-07,188.64999389648438,189.07000732421875,186.22000122070312,178.8708038330078,25865700,IWM,0
2023-03-08,186.7899932861328,187.61000061035156,185.1199951171875,178.95712280273438,22505900,IWM,0
2023-03-09,186.72999572753906,187.27000427246094,181.27999877929688,173.97970581054688,33546900,IWM,0
2023-03-10,180.38999938964844,180.38999938964844,174.25999450683594,168.9639129638672,69274200,IWM,0
2023-03-13,172.52000427246094,176.39999389648438,171.07000732421875,166.2114715576172,74171500,IWM,0
2023-03-14,178.60000610351562,179.25999450683594,174.61000061035156,169.2899932861328,48946200,IWM,0
2023-03-15,171.92999267578125,173.91000366210938,170.3800048828125,166.4991912841797,54405800,IWM,0
2023-03-16,171.47000122070312,177.3800048828125,170.5,168.77212524414062,52392300,IWM,0
2023-03-17,174.0399932861328,174.75999450683594,170.86000061035156,164.21665954589844,70239900,IWM,0
2023-03-20,173.0500030517578,175.3699951171875,172.52999877929688,166.34571838378906,46103200,IWM,0
2023-03-21,176.5500030517578,178.17999267578125,175.9600067138672,169.41464233398438,34465900,IWM,0
2023-03-22,176.52000427246094,177.35000610351562,171.52999877929688,164.60986328125,56098200,IWM,0
2023-03-23,172.27999877929688,174.38999938964844,168.7100067138672,163.87925720214844,47720900,IWM,0
2023-03-24,168.75,172.11000061035156,167.4600067138672,165.3616485595703,47519700,IWM,0
2023-03-27,173.83999633789062,174.72999572753906,172.36000061035156,167.20016479492188,33880600,IWM,0
2023-03-28,173.10000610351562,174.50999450683594,172.69000244140625,166.95953369140625,28555100,IWM,0
2023-03-29,175.33999633789062,175.5500030517578,173.57000732421875,168.85581970214844,25564800,IWM,0
2023-03-30,176.8800048828125,177.30999755859375,174.4499969482422,168.62481689453125,26728600,IWM,0
2023-03-31,176.39999389648438,178.63999938964844,176.3699951171875,171.72430419921875,39602900,IWM,0
2023-04-03,178.9499969482422,179.77999877929688,176.49000549316406,171.80128479003906,27609000,IWM,0
2023-04-04,178.9199981689453,179.10000610351562,174.32000732421875,168.7884063720703,33487200,IWM,0
2023-04-05,174.25,174.8300018310547,172.52999877929688,167.13278198242188,28247300,IWM,0
2023-04-06,173.72000122070312,174.4600067138672,172.67999267578125,167.38307189941406,26366300,IWM,0
2023-04-10,173.07000732421875,175.8800048828125,173.02999877929688,169.17344665527344,22237800,IWM,0
2023-04-11,176.57000732421875,177.97000122070312,176.1199951171875,170.51144409179688,21876200,IWM,0
2023-04-12,178.82000732421875,178.97999572753906,175.5800018310547,169.2600860595703,27018100,IWM,0
2023-04-13,176.5399932861328,178.69000244140625,175.92999267578125,171.50291442871094,23259900,IWM,0
2023-04-14,178.3300018310547,179.22000122070312,175.33999633789062,169.905029296875,29600400,IWM,0
2023-04-17,176.97000122070312,178.86000061035156,176.75,172.09010314941406,22177300,IWM,0
2023-04-18,179.58999633789062,179.6300048828125,176.94000244140625,171.35853576660156,22873100,IWM,0
2023-04-19,177.0800018310547,178.7899932861328,176.5800018310547,171.57992553710938,19306800,IWM,0
2023-04-20,177.14999389648438,178.42999267578125,176.52000427246094,170.6943359375,20336300,IWM,0
2023-04-21,177.80999755859375,177.9600067138672,175.86000061035156,170.91574096679688,25972800,IWM,0
2023-04-24,177.3800048828125,178.4499969482422,176.5,170.8002166748047,17781000,IWM,0
2023-04-25,175.6300048828125,175.94000244140625,173.00999450683594,166.58412170410156,28857900,IWM,0
2023-04-26,172.22999572753906,173.39999389648438,171,164.97662353515625,30309800,IWM,0
2023-04-27,172.02999877929688,173.86000061035156,170.94000244140625,167.18092346191406,33424100,IWM,0
2023-04-28,173.2899932861328,175.8300018310547,173.17999267578125,168.64404296875,31911900,IWM,0
2023-05-01,175,177.33999633789062,174.75999450683594,168.74032592773438,27420100,IWM,0
2023-05-02,174.39999389648438,174.4499969482422,169.9199981689453,165.2750244140625,40851100,IWM,0
2023-05-03,172.22000122070312,175.6999969482422,172.19000244140625,165.88145446777344,43261400,IWM,0
2023-05-04,171.32000732421875,171.55999755859375,168.77999877929688,164.02365112304688,42382100,IWM,0
2023-05-05,173.2899932861328,175.10000610351562,173.10000610351562,167.92208862304688,35456800,IWM,0
2023-05-08,175.25999450683594,175.5500030517578,173.1300048828125,167.5370635986328,22109900,IWM,0
2023-05-09,172.97999572753906,174.27000427246094,172.16000366210938,167.03652954101562,21465500,IWM,0
2023-05-10,175.9600067138672,176.02000427246094,172.72000122070312,167.8836212158203,27281900,IWM,0
2023-05-11,173.22000122070312,173.77999877929688,172.11000061035156,166.59373474121094,25884600,IWM,0
2023-05-12,173.64999389648438,174.2100067138672,171.64999389648438,166.25686645507812,20406400,IWM,0
2023-05-15,173.30999755859375,175.7100067138672,172.82000732421875,168.2878875732422,24310000,IWM,0
2023-05-16,173.61000061035156,174.80999755859375,172.22999572753906,165.8333282470703,24212900,IWM,0
2023-05-17,173.42999267578125,176.5,172.16000366210938,169.52960205078125,38231600,IWM,0
2023-05-18,175.55999755859375,177.57000732421875,175.02000427246094,170.5595703125,30446600,IWM,0
2023-05-19,178.50999450683594,178.88999938964844,175.25,169.52000427246094,34316300,IWM,0
2023-05-22,176.6199951171875,179.02000427246094,176.0399932861328,171.58953857421875,28207200,IWM,0
2023-05-23,177.91000366210938,180.52999877929688,177.3800048828125,170.78097534179688,32708900,IWM,0
2023-05-24,176.5500030517578,176.74000549316406,174.6699981689453,168.9713134765625,28744200,IWM,0
2023-05-25,175.25,175.52999877929688,172.6999969482422,167.652587890625,36202600,IWM,0
2023-05-26,174.3000030517578,176.3800048828125,174.02000427246094,169.5584716796875,29841300,IWM,0
2023-05-30,176.7100067138672,177.5500030517578,174.75999450683594,168.93283081054688,25572600,IWM,0
2023-05-31,174.69000244140625,176.00999450683594,172.36000061035156,167.2675323486328,34598800,IWM,0
2023-06-01,173.86000061035156,176.24000549316406,172.92999267578125,169.07723999023438,27800900,IWM,0
2023-06-02,178.00999450683594,182.08999633789062,177.4499969482422,175.20884704589844,50212400,IWM,0
2023-06-05,181.25999450683594,181.25999450683594,178.44000244140625,172.8601531982422,34465800,IWM,0
2023-06-06,178.92999267578125,184.9600067138672,178.92999267578125,177.41314697265625,58584500,IWM,0
2023-06-07,184.9600067138672,187.77000427246094,184.9600067138672,180.73265075683594,60685600,IWM,0
2023-06-08,186.75,187.3800048828125,184.91000366210938,180.0569610595703,34185000,IWM,0
2023-06-09,186.32000732421875,186.61000061035156,184.4499969482422,178.5994415283203,30242200,IWM,0
2023-06-12,185.22999572753906,186.67999267578125,184.22000122070312,179.34268188476562,26580500,IWM,0
2023-06-13,186.44000244140625,188.97999572753906,186.27000427246094,181.39865112304688,35758200,IWM,0
2023-06-14,188.32000732421875,189.24000549316406,184.5500030517578,179.44888305664062,37114100,IWM,0
2023-06-15,185.0800018310547,187.57000732421875,184.91000366210938,180.92567443847656,36488400,IWM,0
2023-06-16,187.9499969482422,188.5500030517578,185.08999633789062,179.47779846191406,50684500,IWM,0
2023-06-20,185.16000366210938,185.57000732421875,183.75999450683594,178.6959991455078,33269300,IWM,0
2023-06-21,184.44000244140625,185.91000366210938,183.58999633789062,178.2808837890625,30730200,IWM,0
2023-06-22,184.1999969482422,184.25,182.49000549316406,176.95852661132812,27063700,IWM,0
2023-06-23,180.77000427246094,182.41000366210938,180.0500030517578,174.29444885253906,50610100,IWM,0
2023-06-26,180.44000244140625,182.74000549316406,180.3699951171875,174.46823120117188,31507900,IWM,0
2023-06-27,181.1999969482422,183.99000549316406,180.39999389648438,176.9874725341797,28818800,IWM,0
2023-06-28,182.99000549316406,184.4199981689453,182.1199951171875,177.85618591308594,23187600,IWM,0
2023-06-29,184.72000122070312,187.0800018310547,184.42999267578125,179.90252685546875,32084100,IWM,0
2023-06-30,188.25999450683594,188.42999267578125,186.91000366210938,180.76156616210938,30287300,IWM,0
2023-07-03,186.91000366210938,188.83999633789062,186.74000549316406,181.1283721923828,14011900,IWM,0
2023-07-05,187.1300048828125,187.2100067138672,185.44000244140625,179.32337951660156,24092100,IWM,0
2023-07-06,183.6300048828125,183.7100067138672,180.72000122070312,176.42762756347656,39080800,IWM,0
2023-07-07,182.97999572753906,186.49000549316406,182.92999267578125,178.29054260253906,31706700,IWM,0
2023-07-10,184.5800018310547,188.0500030517578,184.16000366210938,181.34072875976562,29725100,IWM,0
2023-07-11,188.47999572753906,190.0800018310547,187.69000244140625,183.2036590576172,26738800,IWM,0
2023-07-12,192.75999450683594,193.0500030517578,191.3699951171875,185.20172119140625,40127300,IWM,0
2023-07-13,192.50999450683594,193.69000244140625,191.8000030517578,186.69784545898438,23523000,IWM,0
2023-07-14,193.33999633789062,193.49000549316406,190.2899932861328,184.87353515625,32198600,IWM,0
2023-07-17,191.33999633789062,194.36000061035156,191.13999938964844,186.85227966308594,23283700,IWM,0
2023-07-18,193.6999969482422,196.38999938964844,193.49000549316406,189.1592254638672,28489800,IWM,0
2023-07-19,196.6999969482422,197.66000366210938,195.92999267578125,189.9603729248047,23679000,IWM,0
2023-07-20,196.94000244140625,196.94000244140625,194.27000427246094,188.30015563964844,27278100,IWM,0
2023-07-21,196.38999938964844,196.6199951171875,194.08999633789062,187.7017059326172,28982400,IWM,0
2023-07-24,194.55999755859375,196.25999450683594,193.99000549316406,188.16502380371094,16929800,IWM,0
2023-07-25,194.5800018310547,196.2100067138672,194.4199981689453,188.1457061767578,18961100,IWM,0
2023-07-26,194.77000427246094,197.16000366210938,194.7100067138672,189.63223266601562,20377900,IWM,0
2023-07-27,197.6300048828125,197.89999389648438,193.17999267578125,187.1804656982422,31159300,IWM,0
2023-07-28,196.02000427246094,196.9499969482422,195.5,189.60324096679688,21612200,IWM,0
2023-07-31,196.92999267578125,198.75,196.9199981689453,191.8040008544922,24203900,IWM,0
2023-08-01,197.42999267578125,197.94000244140625,195.77999877929688,190.92564392089844,27444300,IWM,0
2023-08-02,195.58999633789062,196.08999633789062,194.08999633789062,188.32913208007812,28079700,IWM,0
2023-08-03,194.3000030517578,195.63999938964844,193.05999755859375,187.79823303222656,24279300,IWM,0
2023-08-04,194.82000732421875,196.30999755859375,193.7100067138672,187.4217987060547,24950400,IWM,0
2023-08-07,194.66000366210938,195.05999755859375,192.67999267578125,187.54725646972656,20185000,IWM,0
2023-08-08,192.13999938964844,193.2899932861328,190.52000427246094,186.36968994140625,25578200,IWM,0
2023-08-09,192.8699951171875,192.8800048828125,190.75,184.9121551513672,22293200,IWM,0
2023-08-10,192.24000549316406,194.1199951171875,189.88999938964844,184.0917205810547,29378800,IWM,0
2023-08-11,189.9199981689453,191.69000244140625,189.74000549316406,184.35232543945312,21789000,IWM,0
2023-08-14,189.94000244140625,190.6999969482422,188.63999938964844,184.0337677001953,20354900,IWM,0
2023-08-15,189.52000427246094,189.63999938964844,188.0399932861328,181.60137939453125,25491300,IWM,0
2023-08-16,187.99000549316406,189.05999755859375,185.80999755859375,179.3813018798828,27018400,IWM,0
2023-08-17,186.33999633789062,186.74000549316406,183.6300048828125,177.26739501953125,26715100,IWM,0
2023-08-18,182.2100067138672,185.25,181.94000244140625,178.23263549804688,33375200,IWM,0
2023-08-21,184.6999969482422,185.27999877929688,183.07000732421875,177.9720458984375,22678100,IWM,0
2023-08-22,185.0399932861328,185.5500030517578,183.22000122070312,177.44114685058594,21299200,IWM,0
2023-08-23,184,186.11000061035156,183.42999267578125,179.33303833007812,21231100,IWM,0
2023-08-24,185.25,186.33999633789062,183.1999969482422,176.8523712158203,26582300,IWM,0
2023-08-25,184.05999755859375,185,181.61000061035156,177.605224609375,29340400,IWM,0
2023-08-28,184.83999633789062,186.75,184.82000732421875,179.18824768066406,23002000,IWM,0
2023-08-29,185.5399932861328,188.3699951171875,184.57000732421875,181.68820190429688,22986000,IWM,0
2023-08-30,187.72999572753906,189.61000061035156,187.3300018310547,182.37356567382812,19869900,IWM,0
2023-08-31,189.1999969482422,190.25999450683594,188.52999877929688,182.0550079345703,17953400,IWM,0
2023-09-01,190.07000732421875,191.86000061035156,189.85000610351562,184.21717834472656,25094600,IWM,0
2023-09-05,189.64999389648438,189.89999389648438,186.77000427246094,180.3369140625,27160100,IWM,0
2023-09-06,187.05999755859375,188.08999633789062,185.08999633789062,179.66119384765625,26406200,IWM,0
2023-09-07,185.13999938964844,185.3800048828125,183.58999633789062,177.92376708984375,23894800,IWM,0
2023-09-08,184.55999755859375,184.8300018310547,183.4499969482422,177.52804565429688,19399100,IWM,0
2023-09-11,185.25999450683594,185.72000122070312,184.1999969482422,177.9527587890625,17424700,IWM,0
2023-09-12,184.0399932861328,185.33999633789062,183.74000549316406,177.77896118164062,16826300,IWM,0
2023-09-13,184.5,184.8800048828125,182.38999938964844,176.61102294921875,24415700,IWM,0
2023-09-14,184.52999877929688,186.07000732421875,184.24000549316406,179.10137939453125,27952500,IWM,0
2023-09-15,184.7899932861328,185.07000732421875,182.7899932861328,177.22879028320312,39695500,IWM,0
2023-09-18,183.6999969482422,183.75999450683594,182.3699951171875,176.0511932373047,19287800,IWM,0
2023-09-19,182.49000549316406,183.3000030517578,181.07000732421875,175.3658905029297,24085900,IWM,0
2023-09-20,182.39999389648438,183.50999450683594,179.82000732421875,173.60910034179688,27642900,IWM,0
2023-09-21,178.5,178.75999450683594,177.07000732421875,170.91610717773438,31625600,IWM,0
2023-09-22,177.55999755859375,178.3699951171875,176.55999755859375,170.5299835205078,23164700,IWM,0
2023-09-25,175.69000244140625,177.86000061035156,175.5399932861328,171.2925262451172,22416200,IWM,0
2023-09-26,175.5,177.02000427246094,174.2899932861328,169.0901641845703,30476000,IWM,0
2023-09-27,175.4499969482422,176.92999267578125,174.4600067138672,170.6708984375,37293000,IWM,0
2023-09-28,176.08999633789062,178.57000732421875,175.97000122070312,172.21286010742188,31372400,IWM,0
2023-09-29,178.97000122070312,179.16000366210938,176.14999389648438,171.3982391357422,36689000,IWM,0
2023-10-02,176.3300018310547,176.72999572753906,173.14999389648438,168.80894470214844,42139300,IWM,0
2023-10-03,172.9499969482422,173.5,170.3699951171875,165.96749877929688,42733600,IWM,0
2023-10-04,171.00999450683594,171.61000061035156,169.08999633789062,166.04505920410156,42491900,IWM,0
2023-10-05,170.8000030517578,171.89999389648438,169.94000244140625,166.171142578125,33365100,IWM,0
2023-10-06,170.3699951171875,173.88999938964844,169.50999450683594,167.77127075195312,42160900,IWM,0
2023-10-09,171.83999633789062,174.5500030517578,171.77000427246094,168.74105834960938,26658400,IWM,0
2023-10-10,174.30999755859375,177.0399932861328,174.27999877929688,170.65150451660156,31585000,IWM,0
2023-10-11,176.1199951171875,177.22999572753906,174.3800048828125,170.360595703125,27427200,IWM,0
2023-10-12,175.8800048828125,175.8800048828125,170.7899932861328,166.51055908203125,38693800,IWM,0
2023-10-13,172.35000610351562,172.6999969482422,169.69000244140625,165.12379455566406,33955600,IWM,0
2023-10-16,171.74000549316406,173.38999938964844,171.02000427246094,167.79066467285156,31140300,IWM,0
2023-10-17,171.94000244140625,176.4199981689453,171.89999389648438,169.66232299804688,39823200,IWM,0
2023-10-18,173.63999938964844,173.66000366210938,171,166.171142578125,38501400,IWM,0
2023-10-19,170.86000061035156,172.14999389648438,168.36000061035156,163.52365112304688,51397300,IWM,0
2023-10-20,168.66000366210938,169.02999877929688,166.42999267578125,161.40953063964844,54421900,IWM,0
2023-10-23,165.66000366210938,167.4600067138672,164.64999389648438,160.04212951660156,45590900,IWM,0
2023-10-24,166.4499969482422,167.6199951171875,165.41000366210938,161.4386444091797,32666300,IWM,0
2023-10-25,165.00999450683594,165.66000366210938,163.39999389648438,158.77175903320312,36832900,IWM,0
2023-10-26,164.14999389648438,165.77000427246094,163.1999969482422,159.17906188964844,50525600,IWM,0
2023-10-27,164.52000427246094,164.8300018310547,161.6699981689453,157.30740356445312,46017100,IWM,0
2023-10-30,163.7899932861328,164.80999755859375,161.94000244140625,158.18019104003906,35156300,IWM,0
2023-10-31,163.39999389648438,164.99000549316406,162.8300018310547,159.54759216308594,31533200,IWM,0
2023-11-01,164.4600067138672,165.60000610351562,163.10000610351562,160.45916748046875,44367100,IWM,0
2023-11-02,167.75,170,167.3300018310547,164.73587036132812,50458100,IWM,0
2023-11-03,172.8000030517578,175.64999389648438,172.77999877929688,169.21624755859375,57060700,IWM,0
2023-11-06,174.49000549316406,174.77999877929688,171.38999938964844,167.10211181640625,35294400,IWM,0
2023-11-07,171.55999755859375,172.50999450683594,170.57000732421875,166.51055908203125,31168900,IWM,0
2023-11-08,171.6999969482422,172.1300048828125,169.3000030517578,164.73587036132812,44938600,IWM,0
2023-11-09,171.02999877929688,171.02999877929688,166.97999572753906,162.1853485107422,38577400,IWM,0
2023-11-10,168.22000122070312,169.7100067138672,166.7899932861328,163.99884033203125,36121300,IWM,0
2023-11-13,168.24000549316406,169.77000427246094,167.52000427246094,164.0570068359375,27610300,IWM,0
2023-11-14,174.22999572753906,178.47000122070312,174.22000122070312,173.0662841796875,77611000,IWM,0
2023-11-15,178.35000610351562,181.75999450683594,178.11000061035156,173.3668975830078,59641400,IWM,0
2023-11-16,178.13999938964844,178.6300048828125,175.16000366210938,170.564208984375,46616700,IWM,0
2023-11-17,177.4499969482422,178.63999938964844,177.11000061035156,172.90138244628906,43418700,IWM,0
2023-11-20,178.52000427246094,179.64999389648438,177.74000549316406,173.90994262695312,26665100,IWM,0
2023-11-21,178.24000549316406,178.50999450683594,176.91000366210938,171.66978454589844,30457000,IWM,0
2023-11-22,178.17999267578125,179.38999938964844,177.4199981689453,172.74624633789062,28940900,IWM,0
2023-11-24,178.0500030517578,179.72999572753906,177.8000030517578,173.90994262695312,13846900,IWM,0
2023-11-27,178.5,179.11000061035156,177.22999572753906,173.32809448242188,30665800,IWM,0
2023-11-28,178.5500030517578,179.22000122070312,177.1999969482422,172.65895080566406,28350200,IWM,0
2023-11-29,179.5500030517578,181.75,178.6999969482422,173.5705108642578,31590200,IWM,0
2023-11-30,180.0500030517578,180.63999938964844,178.75999450683594,174.22996520996094,32216800,IWM,0
2023-12-01,179.1999969482422,185.17999267578125,178.2100067138672,179.32130432128906,64221300,IWM,0
2023-12-04,184.22999572753906,186.99000549316406,184.02000427246094,181.24143981933594,44862600,IWM,0
2023-12-05,186.0500030517578,186.0500030517578,183.97999572753906,178.8170166015625,36873500,IWM,0
2023-12-06,185.6999969482422,187.9199981689453,183.7899932861328,178.49700927734375,43637900,IWM,0
2023-12-07,184.3300018310547,185.55999755859375,183.38999938964844,179.7867889404297,32662300,IWM,0
2023-12-08,185.14999389648438,187.75,184.86000061035156,181.15419006347656,36087100,IWM,0
2023-12-11,186.67999267578125,187.6199951171875,185.88999938964844,181.5323944091797,29302100,IWM,0
2023-12-12,186.97000122070312,187.66000366210938,185.33999633789062,181.34815979003906,32024000,IWM,0
2023-12-13,187.10000610351562,193.63999938964844,185.6699981689453,187.48684692382812,69484800,IWM,0
2023-12-14,196.8699951171875,200.0399932861328,196.47999572753906,192.70423889160156,83649300,IWM,0
2023-12-15,198.9499969482422,199.5500030517578,195.9499969482422,191.08468627929688,74160700,IWM,0
2023-12-18,197.9600067138672,198.77000427246094,196.67999267578125,191.152587890625,44451100,IWM,0
2023-12-19,198.47999572753906,201.3000030517578,198.02000427246094,194.8571014404297,52156200,IWM,0
2023-12-20,199.86000061035156,202.1699981689453,196.16000366210938,191.04554748535156,62360300,IWM,0
2023-12-21,198.5,199.82000732421875,197.52000427246094,194.29647827148438,38613400,IWM,0
2023-12-22,200.8800048828125,202.80999755859375,200.19000244140625,196.1068572998047,39173800,IWM,0
2023-12-26,202.2100067138672,204.55999755859375,201.69000244140625,198.65699768066406,26879000,IWM,0
2023-12-27,204.44000244140625,205.49000549316406,203.39999389648438,199.35780334472656,35806400,IWM,0
2023-12-28,203.7899932861328,205.1699981689453,203.27999877929688,198.59861755371094,28930100,IWM,0
2023-12-29,203.47999572753906,204.02999877929688,200.7100067138672,195.35743713378906,41496800,IWM,0
2024-01-02,199.39999389648438,201.6199951171875,198.44000244140625,194.1991729736328,44341500,IWM,0
2024-01-03,197.39999389648438,197.6699981689453,193.77999877929688,189.02101135253906,57532500,IWM,0
2024-01-04,194.05999755859375,195.49000549316406,193.69000244140625,188.6511688232422,43114200,IWM,0
2024-01-05,192.69000244140625,195.4600067138672,192.2899932861328,188.09632873535156,40964900,IWM,0
2024-01-08,193.2899932861328,196.97000122070312,192.25999450683594,191.4835662841797,31545400,IWM,0
2024-01-09,194.35000610351562,195.77000427246094,193.32000732421875,189.77047729492188,28998700,IWM,0
2024-01-10,194.74000549316406,195.3800048828125,193.0800018310547,189.8775634765625,35075200,IWM,0
2024-01-11,194.5,194.74000549316406,191.3000030517578,188.3883819580078,48939200,IWM,0
2024-01-12,195.88999938964844,197.10000610351562,192.63999938964844,188.076904296875,42992100,IWM,0
2024-01-16,191.72000122070312,193.25999450683594,190.11000061035156,185.75062561035156,42213000,IWM,0
2024-01-17,188.1300048828125,189.92999267578125,187.52999877929688,184.4268798828125,37787700,IWM,0
2024-01-18,190.7100067138672,191.1699981689453,188.2100067138672,185.5170135498047,41760000,IWM,0
2024-01-19,191.2899932861328,192.85000610351562,189.22999572753906,187.29823303222656,63338300,IWM,0
2024-01-22,194.14999389648438,196.82000732421875,194.08999633789062,191.29861450195312,42379500,IWM,0
2024-01-23,198.22000122070312,198.58999633789062,194.97999572753906,190.74380493164062,42471200,IWM,0
2024-01-24,198.3800048828125,198.4600067138672,194.1199951171875,189.17672729492188,41120100,IWM,0
2024-01-25,197.10000610351562,197.66000366210938,194.41000366210938,190.74380493164062,37659500,IWM,0
2024-01-26,196.88999938964844,197.88999938964844,195.3800048828125,190.75352478027344,33478600,IWM,0
2024-01-29,196.16000366210938,199.41000366210938,195.08999633789062,194.09210205078125,29234400,IWM,0
2024-01-30,198.38999938964844,198.92999267578125,197.10000610351562,192.4374237060547,33121200,IWM,0
2024-01-31,197.2100067138672,198.94000244140625,192.7100067138672,187.73623657226562,68126700,IWM,0
2024-02-01,194.30999755859375,195.74000549316406,191.52999877929688,190.22796630859375,59479000,IWM,0
2024-02-02,193.24000549316406,195.5,192.38999938964844,189.22540283203125,52839300,IWM,0
2024-02-05,192.47000122070312,193.11000061035156,190.05999755859375,186.82130432128906,39751900,IWM,0
2024-02-06,191.6999969482422,193.8000030517578,191.02000427246094,188.50515747070312,34689100,IWM,0
2024-02-07,194.07000732421875,194.14999389648438,192.0399932861328,188.0671844482422,31713900,IWM,0
2024-02-08,193.36000061035156,196.3699951171875,192.7100067138672,190.91900634765625,35370800,IWM,0
2024-02-09,196.9199981689453,199.5500030517578,196.4499969482422,194.02392578125,46107100,IWM,0
2024-02-12,199.8699951171875,203.5500030517578,199.83999633789062,197.54742431640625,43291000,IWM,0
2024-02-13,196.22000122070312,197.6300048828125,193.05999755859375,189.42007446289062,86247400,IWM,0
2024-02-14,197.67999267578125,199.7899932861328,196.22999572753906,193.8195343017578,43808000,IWM,0
2024-02-15,200.99000549316406,204.77000427246094,200.72000122070312,198.9879608154297,44931900,IWM,0
2024-02-16,202.1199951171875,203.6999969482422,201.08999633789062,196.2821044921875,48346200,IWM,0
2024-02-20,199.14999389648438,199.72000122070312,198.00999450683594,193.57620239257812,30547500,IWM,0
2024-02-21,197.66000366210938,198.35000610351562,196.38999938964844,192.66128540039062,28669100,IWM,0
2024-02-22,198.64999389648438,200.08999633789062,197.80999755859375,194.12127685546875,38184700,IWM,0
2024-02-23,199.60000610351562,201.13999938964844,198.57000732421875,194.5592803955078,37667700,IWM,0
2024-02-26,199.69000244140625,201.63999938964844,199.14999389648438,195.78567504882812,29118200,IWM,0
2024-02-27,203.0800018310547,204.22000122070312,202.5399932861328,198.55966186523438,32268600,IWM,0
2024-02-28,202.44000244140625,203.86000061035156,201.8699951171875,196.92445373535156,30143900,IWM,0
2024-02-29,205.17999267578125,206.0399932861328,202.52000427246094,198.29689025878906,40404100,IWM,0
2024-03-01,204.52999877929688,206.3300018310547,203.13999938964844,200.39926147460938,35156900,IWM,0
2024-03-04,207.02999877929688,207.77000427246094,205.4499969482422,200.21432495117188,24785400,IWM,0
2024-03-05,204.3000030517578,205.91000366210938,203.00999450683594,198.29689025878906,34163500,IWM,0
2024-03-06,206.02999877929688,206.0800018310547,204.0800018310547,199.77633666992188,34255200,IWM,0
2024-03-07,206.6999969482422,208.10000610351562,206.39999389648438,201.4407501220703,28020200,IWM,0
2024-03-08,208.74000549316406,210.41000366210938,205.8000030517578,201.31419372558594,41447800,IWM,0
2024-03-11,205.9600067138672,206.83999633789062,204.75,199.71792602539062,24435800,IWM,0
2024-03-12,205.14999389648438,205.9199981689453,203.38999938964844,199.4453887939453,34958900,IWM,0
2024-03-13,204.8699951171875,206.5800018310547,204.77000427246094,200.2240753173828,25140700,IWM,0
2024-03-14,205.0500030517578,205.27999877929688,200.1699981689453,196.64219665527344,47509100,IWM,0
2024-03-15,201.25,203.0800018310547,201.1300048828125,197.01205444335938,53217000,IWM,0
2024-03-18,202.91000366210938,203.17999267578125,200.91000366210938,195.8830108642578,32405100,IWM,0
2024-03-19,199.77999877929688,202.75,199.66000366210938,196.71035766601562,29864100,IWM,0
2024-03-20,201.52000427246094,206.99000549316406,201.11000061035156,200.60366821289062,49609600,IWM,0
2024-03-21,207,208.9499969482422,206.83999633789062,202.90855407714844,43067300,IWM,0
2024-03-22,207.85000610351562,208.24000549316406,205.07000732421875,200.1079559326172,28437300,IWM,0
2024-03-25,205.72000122070312,207.00999450683594,205.50999450683594,200.5666046142578,20107800,IWM,0
2024-03-26,207.0500030517578,207.63999938964844,204.99000549316406,200.20553588867188,23434800,IWM,0
2024-03-27,206.8000030517578,209.7100067138672,206.16000366210938,204.56735229492188,35028400,IWM,0
2024-03-28,210.0800018310547,211.8800048828125,209.83999633789062,205.21141052246094,37675100,IWM,0
2024-04-01,210.77000427246094,210.8000030517578,207.9600067138672,203.27932739257812,25684200,IWM,0
2024-04-02,205.75,205.8800048828125,203.39999389648438,199.54200744628906,36632100,IWM,0
2024-04-03,203.3800048828125,206.39999389648438,203.27999877929688,200.84957885742188,27362800,IWM,0
2024-04-04,208.0500030517578,208.5500030517578,203.2100067138672,198.83941650390625,32265200,IWM,0
2024-04-05,203.13999938964844,205.6999969482422,202.8800048828125,199.50296020507812,27569400,IWM,0
2024-04-08,205.97999572753906,206.4199981689453,204.5800018310547,200.59588623046875,21331000,IWM,0
2024-04-09,206.22000122070312,206.97000122070312,204.47000122070312,201.3862762451172,23289100,IWM,0
2024-04-10,201.17999267578125,202.92999267578125,199.5399932861328,196.06814575195312,57130500,IWM,0
2024-04-11,201.97000122070312,202.91000366210938,200.10000610351562,197.39523315429688,37184000,IWM,0
2024-04-12,201.22999572753906,201.91000366210938,197.67999267578125,193.88235473632812,35388700,IWM,0
2024-04-15,199.3699951171875,200.22999572753906,194.97999572753906,191.04273986816406,41119300,IWM,0
2024-04-16,194.41000366210938,196.24000549316406,193.36000061035156,190.34014892578125,43267500,IWM,0
2024-04-17,196.47000122070312,196.6199951171875,192.99000549316406,188.3300323486328,38589500,IWM,0
2024-04-18,193.6999969482422,195.66000366210938,192.14999389648438,188.17388916015625,40238200,IWM,0
2024-04-19,191.94000244140625,194.38999938964844,191.33999633789062,188.46661376953125,42666500,IWM,0
2024-04-22,194.2100067138672,196.3000030517578,192.89999389648438,190.5743865966797,31553000,IWM,0
2024-04-23,195.25999450683594,199.32000732421875,195.1300048828125,193.76522827148438,31838300,IWM,0
2024-04-24,198.1699981689453,198.91000366210938,196.4600067138672,192.8967742919922,28791700,IWM,0
2024-04-25,195.44000244140625,196.8300018310547,193.77000427246094,191.72579956054688,31915600,IWM,0
2024-04-26,197,198.88999938964844,196.4199981689453,193.56031799316406,24613600,IWM,0
2024-04-29,199.25,200.41000366210938,198.8800048828125,195.1216278076172,20494600,IWM,0
2024-04-30,198.11000061035156,198.64999389648438,195.75,191.1598358154297,30606800,IWM,0
2024-05-01,195.8800048828125,200.32000732421875,195.02999877929688,191.55990600585938,38782100,IWM,0
2024-05-02,198.77999877929688,200.1199951171875,196.5399932861328,195.0825653076172,27201000,IWM,0
2024-05-03,203.41000366210938,204.16000366210938,201.1199951171875,197.0146484375,30880600,IWM,0
2024-05-06,203.47000122070312,204.77999877929688,203.3800048828125,199.5615234375,23129800,IWM,0
2024-05-07,204.77000427246094,206.14999389648438,204.5,200.01036071777344,20116900,IWM,0
2024-05-08,202.72000122070312,203.9600067138672,202.55999755859375,198.8491668701172,18349400,IWM,0
2024-05-09,203.97000122070312,205.99000549316406,203.41000366210938,200.87884521484375,22914300,IWM,0
2024-05-10,206.35000610351562,206.6199951171875,203.67999267578125,199.36634826660156,21520200,IWM,0
2024-05-13,206.0800018310547,206.5500030517578,204.60000610351562,199.78594970703125,18585300,IWM,0
2024-05-14,207.1300048828125,207.74000549316406,205.91000366210938,201.85464477539062,33169000,IWM,0
2024-05-15,209.2100067138672,209.77000427246094,207.72000122070312,204.3722381591797,33412300,IWM,0
2024-05-16,208.89999389648438,209.35000610351562,207.92999267578125,202.8987579345703,26731100,IWM,0
2024-05-17,208.00999450683594,208.52000427246094,207.35000610351562,203.04515075683594,35219800,IWM,0
2024-05-20,208.02000427246094,209.47999572753906,207.77999877929688,203.49400329589844,15695900,IWM,0
2024-05-21,207.8300018310547,208.69000244140625,207.58999633789062,203.298828125,13466800,IWM,0
2024-05-22,207.52999877929688,208.22000122070312,205.8000030517578,201.5814208984375,20853100,IWM,0
2024-05-23,207.50999450683594,207.6199951171875,202.35000610351562,198.2734375,34039800,IWM,0
2024-05-24,204.7899932861328,205.67999267578125,203.9600067138672,200.46902465820312,19946100,IWM,0
2024-05-28,206.97000122070312,207.08999633789062,203.97000122070312,200.19578552246094,18475900,IWM,0
2024-05-29,202.52999877929688,203.00999450683594,201.77999877929688,197.23912048339844,25654800,IWM,0
2024-05-30,203.52000427246094,204.94000244140625,203.0800018310547,199.11264038085938,20428200,IWM,0
2024-05-31,204.9499969482422,206.27999877929688,203.0800018310547,200.79103088378906,25784900,IWM,0
2024-06-03,207.52999877929688,207.55999755859375,203.14999389648438,199.6591033935547,23902900,IWM,0
2024-06-04,203.14999389648438,204.5,201.64999389648438,197.08297729492188,27098900,IWM,0
2024-06-05,203.3000030517578,205.05999755859375,201.7899932861328,200.0981903076172,20707600,IWM,0
2024-06-06,204.17999267578125,204.80999755859375,202.99000549316406,198.6637725830078,17335500,IWM,0
2024-06-07,201.52999877929688,203.1699981689453,200.67999267578125,196.33157348632812,26036000,IWM,0
2024-06-10,199.52000427246094,202.1300048828125,199.00999450683594,197.00489807128906,25075300,IWM,0
2024-06-11,199.63999938964844,201.02000427246094,198.4199981689453,196.3316650390625,23768400,IWM,0
2024-06-12,205.8699951171875,207.27000427246094,203.10000610351562,199.34555053710938,43668700,IWM,0
2024-06-13,203.27000427246094,203.5399932861328,200.50999450683594,197.60379028320312,28021100,IWM,0
2024-06-14,199.55999755859375,200.0399932861328,197.94000244140625,194.4626922607422,33453700,IWM,0
2024-06-17,198.1199951171875,200.9499969482422,197.41000366210938,196.09681701660156,25538100,IWM,0
2024-06-18,200.4600067138672,201.69000244140625,200.02999877929688,196.43930053710938,25446900,IWM,0
2024-06-20,200.32000732421875,201.86000061035156,199.22000122070312,195.60755920410156,27999700,IWM,0
2024-06-21,199.92999267578125,200.41000366210938,198.4600067138672,196.04791259765625,37511300,IWM,0
2024-06-24,200.69000244140625,202.69000244140625,200.52999877929688,196.8992462158203,22289600,IWM,0
2024-06-25,201.1300048828125,201.16000366210938,199.82000732421875,196.25341796875,15925400,IWM,0
2024-06-26,199.3300018310547,200.5800018310547,198.80999755859375,195.73475646972656,19313500,IWM,0
2024-06-27,200.6300048828125,202.14999389648438,199.9600067138672,197.72119140625,17432600,IWM,0
2024-06-28,203.8800048828125,204.63999938964844,201.32000732421875,198.53338623046875,35026000,IWM,0
2024-07-01,203.52000427246094,203.82000732421875,200.47999572753906,196.86988830566406,21886200,IWM,0
2024-07-02,201.52000427246094,202.27000427246094,200.89999389648438,197.54505920410156,17219100,IWM,0
2024-07-03,202.25,203.27999877929688,201.6300048828125,197.4961395263672,15167200,IWM,0
2024-07-05,201.2100067138672,201.6300048828125,199.8800048828125,196.55673217773438,17282500,IWM,0
2024-07-08,202.50999450683594,203.6999969482422,201.83999633789062,197.93646240234375,20823800,IWM,0
2024-07-09,201.9199981689453,202.52000427246094,200.52999877929688,197.0753631591797,17864200,IWM,0
2024-07-10,202.2899932861328,203.58999633789062,201.49000549316406,199.00306701660156,19286100,IWM,0
2024-07-11,207.89999389648438,211.22999572753906,206.94000244140625,206.15609741210938,65443600,IWM,0
2024-07-12,212.9199981689453,214.94000244140625,212.66000366210938,208.5632781982422,50810700,IWM,0
2024-07-15,214.7899932861328,218.24000549316406,214.3000030517578,212.52630615234375,48925300,IWM,0
2024-07-16,219.13999938964844,224.86000061035156,219.02000427246094,219.77719116210938,67945700,IWM,0
2024-07-17,222.36000061035156,226.63999938964844,221.66000366210938,217.47764587402344,66092100,IWM,0
2024-07-18,221.41000366210938,224.77999877929688,216.97999572753906,213.27000427246094,53180000,IWM,0
2024-07-19,217.6300048828125,218.64999389648438,215.85000610351562,212.18382263183594,37933500,IWM,0
2024-07-22,217.67999267578125,220.64999389648438,215.3800048828125,215.55972290039062,36185900,IWM,0
2024-07-23,219.2100067138672,223.75,219.0399932861328,217.8494873046875,44884600,IWM,0
2024-07-24,221.07000732421875,223.86000061035156,217.72000122070312,213.1721649169922,42443000,IWM,0
2024-07-25,218.4499969482422,224.02000427246094,218.1999969482422,215.83375549316406,45053100,IWM,0
2024-07-26,223.89999389648438,225.38999938964844,221.6999969482422,219.40536499023438,40822600,IWM,0
2024-07-29,224.7100067138672,225.4199981689453,220.77000427246094,216.9687957763672,33869700,IWM,0
2024-07-30,222.72000122070312,224.4600067138672,221.11000061035156,217.79078674316406,26876800,IWM,0
2024-07-31,223.7100067138672,228.6300048828125,221.97999572753906,219.0531005859375,52387700,IWM,0
2024-08-01,223.77000427246094,224.88999938964844,215.05999755859375,211.92941284179688,71508100,IWM,0
2024-08-02,208.85000610351562,211.19000244140625,206.99000549316406,204.4338836669922,66850200,IWM,0
2024-08-05,197.89999389648438,204.74000549316406,196.6999969482422,197.85818481445312,65683100,IWM,0
2024-08-06,203.00999450683594,207.25,201.1999969482422,200.01092529296875,37072500,IWM,0
2024-08-07,207.85000610351562,207.9600067138672,201.55999755859375,197.64291381835938,30594500,IWM,0
2024-08-08,204.4199981689453,207,203.1699981689453,202.44747924804688,26550300,IWM,0
2024-08-09,207.0500030517578,207.1199951171875,204.94000244140625,202.0267333984375,20954500,IWM,0
2024-08-12,206.61000061035156,206.97999572753906,203.82000732421875,200.2066650390625,20357900,IWM,0
2024-08-13,206.08999633789062,208.3800048828125,204.86000061035156,203.50428771972656,25458300,IWM,0
2024-08-14,208.6300048828125,208.75,205.74000549316406,202.2419891357422,25345600,IWM,0
2024-08-15,211.25999450683594,213.10000610351562,209.91000366210938,207.48690795898438,42561600,IWM,0
2024-08-16,211.3699951171875,213.97999572753906,211.27999877929688,208.03489685058594,30427400,IWM,0
2024-08-19,212.9600067138672,215.2100067138672,212.82000732421875,210.57904052734375,17246200,IWM,0
2024-08-20,214.88999938964844,214.9499969482422,212.0500030517578,208.12294006347656,21703900,IWM,0
2024-08-21,214.27999877929688,215.66000366210938,212.82000732421875,210.83346557617188,19623100,IWM,0
2024-08-22,215.57000732421875,216.3699951171875,213.1300048828125,208.9742431640625,18084300,IWM,0
2024-08-23,215.17999267578125,221.0800018310547,214.7899932861328,215.64781188964844,40003100,IWM,0
2024-08-26,221.92999267578125,222.4499969482422,220.0800018310547,215.71630859375,24865500,IWM,0
2024-08-27,218.91000366210938,219.3699951171875,217.7100067138672,214.04302978515625,19577900,IWM,0
2024-08-28,217.8699951171875,219.1199951171875,216.27000427246094,212.59478759765625,19685000,IWM,0
2024-08-29,218.77999877929688,220.97999572753906,217.14999389648438,214.11151123046875,24599500,IWM,0
2024-08-30,219.7100067138672,220.5,217.39999389648438,215.354248046875,23010500,IWM,0
2024-09-03,218.1300048828125,219.3699951171875,212.91000366210938,208.76876831054688,31338500,IWM,0
2024-09-04,212.75999450683594,215.3699951171875,211.6999969482422,208.41648864746094,23706300,IWM,0
2024-09-05,213.5399932861328,214.02999877929688,210.9199981689453,207.37925720214844,23910500,IWM,0
2024-09-06,211.92999267578125,213.19000244140625,207.13999938964844,203.435791015625,34561300,IWM,0
2024-09-09,208.14999389648438,210.25999450683594,207.52000427246094,204.00332641601562,23584100,IWM,0
2024-09-10,208.72000122070312,208.86000061035156,205.7899932861328,203.83700561523438,23025700,IWM,0
2024-09-11,207.47000122070312,209.25,204.2100067138672,204.4338836669922,27175600,IWM,0
2024-09-12,209.91000366210938,212.77999877929688,208.41000366210938,207.06614685058594,27611700,IWM,0
2024-09-13,214.02999877929688,217.25,213.94000244140625,212.17405700683594,37388100,IWM,0
2024-09-16,217.6300048828125,218.2899932861328,216.13999938964844,212.93727111816406,23289000,IWM,0
2024-09-17,219.5800018310547,221.8000030517578,218.47000122070312,214.6986541748047,35563500,IWM,0
2024-09-18,219.22999572753906,224.94000244140625,218.25,214.73777770996094,54085200,IWM,0
2024-09-19,224.66000366210938,224.67999267578125,221.5,219.16073608398438,35369500,IWM,0
2024-09-20,223.4499969482422,223.4600067138672,221.2899932861328,216.81227111816406,34587500,IWM,0
2024-09-23,222.69000244140625,223.11000061035156,220.02000427246094,216.01963806152344,20157700,IWM,0
2024-09-24,221.6300048828125,221.92999267578125,219.5,216.3817138671875,20939800,IWM,0
2024-09-25,220.32000732421875,220.61000061035156,217.5399932861328,213.74244689941406,23242300,IWM,0
2024-09-26,220.49000549316406,221.1300048828125,218.3800048828125,214.88143920898438,24974700,IWM,0
2024-09-27,220.86000061035156,222.60000610351562,219.52999877929688,216.33460998535156,23959600,IWM,0
2024-09-30,219.4199981689453,221.58999633789062,218.5800018310547,216.8844451904297,21938200,IWM,0
2024-10-01,220.1699981689453,220.33999633789062,216.3000030517578,213.93882751464844,30016000,IWM,0
2024-10-02,216.99000549316406,218.75,216.2100067138672,213.64427185058594,14455400,IWM,0
2024-10-03,216.22999572753906,217.22999572753906,215.0800018310547,212.21075439453125,21353000,IWM,0
2024-10-04,219.2899932861328,219.97999572753906,217.2899932861328,215.17596435546875,27901500,IWM,0
2024-10-07,218.63999938964844,218.66000366210938,215.8699951171875,213.48716735839844,14891800,IWM,0
2024-10-08,217.6300048828125,218.3699951171875,216.6999969482422,213.63446044921875,18118600,IWM,0
2024-10-09,217.52999877929688,219.61000061035156,216.9199981689453,214.10574340820312,18230700,IWM,0
2024-10-10,215.89999389648438,216.8800048828125,214.60000610351562,212.91769409179688,24571400,IWM,0
2024-10-11,216.77000427246094,221.61000061035156,216.7100067138672,217.2477264404297,19950900,IWM,0
2024-10-14,221.4499969482422,223.11000061035156,220.42999267578125,218.84815979003906,19263300,IWM,0
2024-10-15,222.57000732421875,225.5,221.97999572753906,219.02490234375,25998800,IWM,0
2024-10-16,224.88999938964844,227.1699981689453,224.38999938964844,222.62835693359375,27656700,IWM,0
2024-10-17,226.91000366210938,226.9600067138672,224.91000366210938,222.01959228515625,18003600,IWM,0
2024-10-18,226.66000366210938,227.02999877929688,225.38999938964844,221.55810546875,20047400,IWM,0
2024-10-21,225.6300048828125,225.69000244140625,221.52999877929688,218.07249450683594,24243800,IWM,0
2024-10-22,221.47000122070312,221.8300018310547,220.3000030517578,217.2477264404297,15813900,IWM,0
2024-10-23,220.02999877929688,220.8000030517578,217.3699951171875,215.26434326171875,23263500,IWM,0
2024-10-24,220.42999267578125,221.0399932861328,218.52999877929688,215.73565673828125,18381900,IWM,0
2024-10-25,221.30999755859375,221.97000122070312,218.52000427246094,214.9207000732422,23807800,IWM,0
2024-10-28,220.7899932861328,222.97000122070312,220.47999572753906,218.42596435546875,19877700,IWM,0
2024-10-29,220.74000549316406,221.89999389648438,219.97000122070312,217.7190399169922,20282200,IWM,0
2024-10-30,221.07000732421875,224.47999572753906,220.89999389648438,217.42446899414062,19754800,IWM,0
2024-10-31,221.22000122070312,221.77000427246094,217.6300048828125,213.81118774414062,24078400,IWM,0
2024-11-01,219.5,220.97000122070312,218.33999633789062,215.00906372070312,21222200,IWM,0
2024-11-04,218.5,221.74000549316406,217.83999633789062,216.09893798828125,20463700,IWM,0
2024-11-05,219.33999633789062,224.2899932861328,219.05999755859375,220.1638641357422,26404600,IWM,0
2024-11-06,236.58999633789062,237.5800018310547,232.75,232.91830444335938,75554600,IWM,0
2024-11-07,236.88999938964844,238.49000549316406,235.39999389648438,232.0935516357422,34970300,IWM,0
2024-11-08,235.92999267578125,238.47000122070312,235.64999389648438,233.8019561767578,26597800,IWM,0
2024-11-11,240.52000427246094,242.38999938964844,239.85000610351562,237.3170623779297,29207700,IWM,0
2024-11-12,239.9600067138672,241.7899932861328,236.55999755859375,233.15396118164062,35314300,IWM,0
2024-11-13,238.9499969482422,239.8800048828125,234.8300018310547,230.8465576171875,25947700,IWM,0
2024-11-14,235.9499969482422,236.42999267578125,231.2100067138672,227.7340545654297,29272100,IWM,0
2024-11-15,232.22000122070312,232.2899932861328,227.80999755859375,224.33677673339844,37930000,IWM,0
2024-11-18,229.22000122070312,230.60000610351562,228.1300048828125,224.7786102294922,29368500,IWM,0
2024-11-19,226.58999633789062,230.82000732421875,226.39999389648438,226.44781494140625,26009400,IWM,0
2024-11-20,230.22999572753906,230.92999267578125,228.0399932861328,226.7423553466797,24222700,IWM,0
2024-11-21,232.16000366210938,235.57000732421875,231.11000061035156,230.18873596191406,28679400,IWM,0
2024-11-22,235.63999938964844,239.24000549316406,235.3300018310547,234.44020080566406,22693100,IWM,0
2024-11-25,241.49000549316406,244.97999572753906,241.38999938964844,238.00437927246094,33534000,IWM,0
2024-11-26,241.17999267578125,241.61000061035156,239.42999267578125,236.25665283203125,22581400,IWM,0
2024-11-27,242.00999450683594,243.69000244140625,240.44000244140625,236.58065795898438,19472800,IWM,0
2024-11-29,242.3699951171875,243.47999572753906,241.5399932861328,237.4839630126953,16782700,IWM,0
2024-12-02,242.24000549316406,242.66000366210938,240.00999450683594,237.3661651611328,25274800,IWM,0
2024-12-03,241.5399932861328,242.13999938964844,239.3699951171875,235.67735290527344,21376700,IWM,0
2024-12-04,240.27999877929688,241.6699981689453,239.2100067138672,236.52174377441406,19903000,IWM,0
2024-12-05,240.52000427246094,240.86000061035156,237.74000549316406,233.76271057128906,20227000,IWM,0
2024-12-06,239.7899932861328,239.88999938964844,238.3800048828125,234.5972900390625,20760900,IWM,0
2024-12-09,240.5500030517578,241.3800048828125,237.64999389648438,233.41905212402344,16684300,IWM,0
2024-12-10,237.5800018310547,238.82000732421875,235.9199981689453,232.40773010253906,19946500,IWM,0
2024-12-11,238.7100067138672,239.2899932861328,236.8300018310547,233.4583282470703,23156900,IWM,0
2024-12-12,237.16000366210938,237.64999389648438,234.35000610351562,230.4243621826172,21454500,IWM,0
2024-12-13,234.3699951171875,234.86000061035156,231.8800048828125,228.84356689453125,23972900,IWM,0
2024-12-16,232.91000366210938,235.6300048828125,232.35000610351562,230.18873596191406,32293500,IWM,0
2024-12-17,232.6699981689453,233.44000244140625,230.5500030517578,227.55345153808594,33064300,IWM,0
2024-12-18,232.24000549316406,233.0800018310547,218.9199981689453,217.47914123535156,52267500,IWM,0
2024-12-19,223.25,224.42999267578125,219.3300018310547,216.51405334472656,51871700,IWM,0
2024-12-20,218.60000610351562,224.66000366210938,218.07000732421875,218.54269409179688,53882200,IWM,0
2024-12-23,221.74000549316406,222.39999389648438,219.3800048828125,218.04046630859375,29606800,IWM,0
2024-12-24,222.02000427246094,223.6300048828125,220.47999572753906,219.99032592773438,13399600,IWM,0
2024-12-26,222.4199981689453,226.13999938964844,221.47000122070312,222.24546813964844,20024800,IWM,0
2024-12-27,224.2899932861328,225.44000244140625,220.1999969482422,219.0055389404297,26956000,IWM,0
2024-12-30,220.6699981689453,221.80999755859375,217.85000610351562,217.32154846191406,25706100,IWM,0
2024-12-31,222.1199951171875,223.27999877929688,220.14999389648438,217.59730529785156,26208300,IWM,0
2025-01-02,222.92999267578125,224.3699951171875,219.60000610351562,217.77456665039062,29363000,IWM,0
2025-01-03,222.07000732421875,224.82000732421875,221.3800048828125,221.01449584960938,24525300,IWM,0
2025-01-06,225.75999450683594,227.1699981689453,224.13999938964844,221.10313415527344,23541900,IWM,0
2025-01-07,225.5800018310547,226.52000427246094,221.3800048828125,219.33050537109375,28835200,IWM,0
2025-01-08,220.89999389648438,222.30999755859375,219.00999450683594,218.3358917236328,26795900,IWM,0
2025-01-10,218.30999755859375,218.7100067138672,215.30999755859375,213.53013610839844,37379400,IWM,0
2025-01-13,214.5,217.52000427246094,213.97000122070312,213.94375610351562,28603800,IWM,0
2025-01-14,219.17999267578125,220.22999572753906,217.22000122070312,216.3761749267578,25447500,IWM,0
2025-01-15,225.44000244140625,225.5800018310547,223,220.6304168701172,30124700,IWM,0
2025-01-16,224.14999389648438,225.22999572753906,222.7100067138672,221.07357788085938,21029800,IWM,0
2025-01-17,226.92999267578125,226.97000122070312,224.6699981689453,222.02880859375,26754900,IWM,0
2025-01-21,227.52000427246094,229.88999938964844,226.99000549316406,226.29293823242188,26086300,IWM,0
2025-01-22,229.35000610351562,229.85000610351562,227.8300018310547,224.81573486328125,21307300,IWM,0
2025-01-23,226.92999267578125,229.35000610351562,226.5500030517578,225.83993530273438,20850700,IWM,0
2025-01-24,228.82000732421875,230.22999572753906,228.0399932861328,225.20965576171875,19074500,IWM,0
2025-01-27,226.7100067138672,229.6199951171875,225.2100067138672,223.05299377441406,27461700,IWM,0
2025-01-28,226.74000549316406,227.55999755859375,225.17999267578125,223.29917907714844,16847400,IWM,0
2025-01-29,226.67999267578125,228.22000122070312,224.5800018310547,222.787109375,20280500,IWM,0
2025-01-30,228.52000427246094,230.0500030517578,226.9199981689453,225.05209350585938,25575100,IWM,0
2025-01-31,228.75,230.32000732421875,225.5399932861328,223.03329467773438,35330700,IWM,0
2025-02-03,221.50999450683594,225.5500030517578,220.6699981689453,220.42364501953125,34023300,IWM,0
2025-02-04,223.60000610351562,227.1300048828125,223.2100067138672,223.47645568847656,17985500,IWM,0
2025-02-05,228.05999755859375,229.5,226.88999938964844,225.90887451171875,15197300,IWM,0
2025-02-06,230.50999450683594,230.6999969482422,227.3000030517578,225.17025756835938,18809400,IWM,0
2025-02-07,228.85000610351562,229.25,225.5800018310547,222.56060791015625,28914400,IWM,0
2025-02-10,227.3699951171875,227.52000427246094,225.86000061035156,223.56509399414062,14574700,IWM,0
2025-02-11,225.0500030517578,226.4199981689453,224.80999755859375,222.26515197753906,18215700,IWM,0
2025-02-12,222.25999450683594,224.47999572753906,221.7899932861328,220.21681213378906,25572800,IWM,0
2025-02-13,225.0399932861328,226.33999633789062,223.75,222.69847106933594,21419400,IWM,0
2025-02-14,227.27000427246094,227.97999572753906,225.61000061035156,222.53106689453125,13574500,IWM,0
2025-02-18,226.14999389648438,227.6699981689453,225.50999450683594,223.752197265625,15166500,IWM,0
2025-02-19,225.41000366210938,227.14999389648438,225.0800018310547,222.98406982421875,16194800,IWM,0
2025-02-20,226.00999450683594,226.19000244140625,223.00999450683594,220.8470916748047,18507700,IWM,0
2025-02-21,226,226.36000061035156,217.4600067138672,214.48541259765625,45036900,IWM,0
2025-02-24,218.7899932861328,218.7899932861328,215.14999389648438,212.9392852783203,30246200,IWM,0
2025-02-25,216.3699951171875,217.27000427246094,213.49000549316406,212.1317596435547,33665100,IWM,0
2025-02-26,216.05999755859375,218.41000366210938,214.83999633789062,212.3976593017578,25464200,IWM,0
2025-02-27,215.63999938964844,216.49000549316406,212.22000122070312,209.15774536132812,29378500,IWM,0
2025-02-28,211.63999938964844,214.66000366210938,210.9600067138672,211.38331604003906,32015400,IWM,0
2025-03-03,215.39999389648438,215.9600067138672,207.4199981689453,205.60267639160156,36330000,IWM,0
2025-03-04,205.92999267578125,209.77000427246094,203.19000244140625,203.27859497070312,56427100,IWM,0
2025-03-05,206.4499969482422,208.83999633789062,204.82000732421875,205.29739379882812,35778500,IWM,0
2025-03-06,205.77999877929688,208.1199951171875,203.89999389648438,202.1559295654297,39206300,IWM,0
2025-03-07,204.97000122070312,207.11000061035156,201.72999572753906,202.8157196044922,43514000,IWM,0
2025-03-10,203.44000244140625,204.74000549316406,198.75,197.71456909179688,39442800,IWM,0
2025-03-11,201.1199951171875,203.22000122070312,198.52999877929688,197.6948699951172,51509700,IWM,0
2025-03-12,203.0500030517578,203.75,199.5500030517578,198.03955078125,36881700,IWM,0
2025-03-13,201.27000427246094,202.02999877929688,197,195.085205078125,31336900,IWM,0
2025-03-14,200.24000549316406,203.07000732421875,199.33999633789062,199.8022918701172,34089400,IWM,0
2025-03-17,202.7100067138672,206.02000427246094,202.60000610351562,202.32334899902344,26947600,IWM,0
2025-03-18,203.85000610351562,203.9199981689453,202.35000610351562,200.56649780273438,22888000,IWM,0
2025-03-19,203.35000610351562,207.67999267578125,202.89999389648438,203.68536376953125,31595600,IWM,0
2025-03-20,204.32000732421875,207.3000030517578,204.1999969482422,202.39244079589844,25665900,IWM,0
2025-03-21,202.72000122070312,204.4199981689453,201.75999450683594,201.1389617919922,39470200,IWM,0
2025-03-24,206.9600067138672,209.22999572753906,206.69000244140625,206.1429901123047,25774700,IWM,0
2025-03-25,208.69000244140625,209.27000427246094,207.08999633789062,204.9980926513672,17836900,IWM,0
2025-03-26,207.9600067138672,208.82000732421875,204.67999267578125,202.91552734375,19344600,IWM,0
2025-03-27,205.3300018310547,206.35000610351562,203.75999450683594,201.9482879638672,23960000,IWM,0
2025-03-28,204.5399932861328,204.5800018310547,199.3800048828125,197.84239196777344,26656200,IWM,0
2025-03-31,197.47999572753906,200.63999938964844,195.49000549316406,196.8948974609375,32250800,IWM,0
2025-04-01,198.99000549316406,201.22999572753906,196.66000366210938,196.9146270751953,26054100,IWM,0
2025-04-02,196.77999877929688,203.3300018310547,196.5399932861328,200.02365112304688,36603000,IWM,0
2025-04-03,193.11000061035156,195.05999755859375,189.1999969482422,187.18289184570312,60551500,IWM,0
2025-04-04,182.61000061035156,184.0500030517578,176.6699981689453,178.83294677734375,92612800,IWM,0
2025-04-07,174.32000732421875,190.25,171.72999572753906,177.2142791748047,96706200,IWM,0
2025-04-08,185.69000244140625,185.9199981689453,172.33999633789062,172.5458221435547,61090600,IWM,0
2025-04-09,172.72000122070312,192.11000061035156,171.74000549316406,187.21250915527344,123015100,IWM,0
2025-04-10,184.52000427246094,185.47999572753906,176.97999572753906,179.34619140625,67503000,IWM,0
2025-04-11,181.13999938964844,184.85000610351562,178.5800018310547,181.96173095703125,44954400,IWM,0
2025-04-14,187.80999755859375,187.97000122070312,183.0500030517578,184.10348510742188,35214600,IWM,0
2025-04-15,186.33999633789062,189.0500030517578,185.83999633789062,184.3304901123047,30715500,IWM,0
2025-04-16,185.6999969482422,186.72999572753906,182.55999755859375,182.5637969970703,35063300,IWM,0
2025-04-17,184.99000549316406,187.42999267578125,184.4600067138672,184.0541534423828,42359200,IWM,0
2025-04-21,185,185.2899932861328,180.77000427246094,180.36279296875,26019000,IWM,0
2025-04-22,185.14999389648438,188.10000610351562,184.5500030517578,185.03126525878906,34477100,IWM,0
2025-04-23,192.9199981689453,195.50999450683594,189.83999633789062,187.7751007080078,44866100,IWM,0
2025-04-24,190.75999450683594,194.3699951171875,189.88999938964844,191.5355224609375,29820100,IWM,0
2025-04-25,192.72000122070312,194.25999450683594,191.5500030517578,191.59475708007812,25029000,IWM,0
2025-04-28,194.5,196.14999389648438,192.52999877929688,192.40406799316406,22482300,IWM,0
2025-04-29,194.47000122070312,196.86000061035156,193.00999450683594,193.5391082763672,20118200,IWM,0
2025-04-30,193.13999938964844,195.47999572753906,190.72000122070312,192.32513427734375,29046100,IWM,0
2025-05-01,195.7100067138672,197.6699981689453,193.74000549316406,193.51939392089844,33169700,IWM,0
2025-05-02,198.3300018310547,201.2100067138672,198.17999267578125,197.87200927734375,30201800,IWM,0
2025-05-05,198.57000732421875,200.5,198.0800018310547,196.35206604003906,20834200,IWM,0
2025-05-06,196.58999633789062,198.58999633789062,195.63999938964844,194.2102813720703,24642100,IWM,0
2025-05-07,198.10000610351562,198.55999755859375,196.0399932861328,194.85182189941406,23623300,IWM,0
2025-05-08,199.77000427246094,202.74000549316406,198.25999450683594,198.56289672851562,32646300,IWM,0
2025-05-09,201.5399932861328,202.27999877929688,199.9600067138672,198.19772338867188,17203000,IWM,0
2025-05-12,208.83999633789062,209.72999572753906,205.82000732421875,205.16586303710938,38207200,IWM,0
2025-05-13,208.92999267578125,209.61000061035156,207.9600067138672,205.91600036621094,28295800,IWM,0
2025-05-14,208.0399932861328,208.5399932861328,206.52999877929688,204.09007263183594,26316100,IWM,0
2025-05-15,206.5800018310547,208.19000244140625,205.38999938964844,205.42250061035156,21563700,IWM,0
2025-05-16,208.4199981689453,210.1300048828125,207.77999877929688,207.1201171875,28906400,IWM,0
2025-05-19,206.8000030517578,209.08999633789062,206.25999450683594,206.25157165527344,25859600,IWM,0
2025-05-20,208.66000366210938,209.75999450683594,207.9600067138672,206.36013793945312,22053100,IWM,0
2025-05-21,206.6300048828125,207.61000061035156,202.83999633789062,200.56649780273438,36704400,IWM,0
2025-05-22,202.2899932861328,204.3699951171875,201.52999877929688,200.55661010742188,31831300,IWM,0
2025-05-23,199.77999877929688,203.25999450683594,199.64999389648438,199.92495727539062,29114600,IWM,0
2025-05-27,205.63999938964844,207.75,204.16000366210938,204.9980926513672,31655900,IWM,0
2025-05-28,207.7100067138672,208.02999877929688,205.1999969482422,202.83657836914062,26046700,IWM,0
2025-05-29,206.9499969482422,207.05999755859375,204.47000122070312,203.43862915039062,32749500,IWM,0
2025-05-30,205.13999938964844,206.25,203.5399932861328,202.40232849121094,37768900,IWM,0
2025-06-02,205.32000732421875,205.83999633789062,202.6699981689453,203.0339813232422,30334300,IWM,0
2025-06-03,206.4600067138672,209.61000061035156,205.5500030517578,206.310791015625,37702200,IWM,0
2025-06-04,209.17999267578125,210.00999450683594,208.13999938964844,205.72848510742188,27225300,IWM,0
2025-06-05,208.6999969482422,209.8300018310547,207,205.8173065185547,35728700,IWM,0
2025-06-06,211.5,212.1300048828125,210.60000610351562,209.14344787597656,32144500,IWM,0
2025-06-09,213.8699951171875,214.27999877929688,212.5500030517578,210.58447265625,33984400,IWM,0
2025-06-10,214.4600067138672,215.42999267578125,213.80999755859375,211.719482421875,30182200,IWM,0
2025-06-11,215.5800018310547,215.92999267578125,213.3000030517578,210.8509521484375,31113400,IWM,0
2025-06-12,212.1699981689453,213.27000427246094,211.6300048828125,210.0120086669922,25367000,IWM,0
2025-06-13,209.83999633789062,211.44000244140625,208.22000122070312,206.172607421875,60580000,IWM,0
2025-06-16,210.47999572753906,211.9499969482422,209.63999938964844,208.60336303710938,28974000,IWM,0
2025-06-17,209.05999755859375,210.4499969482422,208.3699951171875,206.4062042236328,32843200,IWM,0
2025-06-18,208.44000244140625,211.38999938964844,207.77999877929688,207.49488830566406,42850500,IWM,0
2025-06-20,211.11000061035156,211.25,208.4600067138672,207.05941772460938,36978100,IWM,0
2025-06-23,208.47999572753906,211.77999877929688,206.80999755859375,209.5930938720703,35516400,IWM,0
2025-06-24,213.2899932861328,214.92999267578125,212.36000061035156,212.26531982421875,31772500,IWM,0
2025-06-25,214.66000366210938,214.72999572753906,211.88999938964844,209.79103088378906,27725600,IWM,0
2025-06-26,212.8300018310547,215.5500030517578,212.6999969482422,213.19566345214844,26261200,IWM,0
2025-06-27,216.0500030517578,217.41000366210938,214.1300048828125,213.26495361328125,47717300,IWM,0
2025-06-30,216.67999267578125,216.7100067138672,215.38999938964844,213.57176208496094,25558000,IWM,0
2025-07-01,214.6199951171875,220.52999877929688,214.14999389648438,215.76893615722656,43864800,IWM,0
2025-07-02,218.3699951171875,221.10000610351562,217.36000061035156,218.7578887939453,35735200,IWM,0
2025-07-03,222.00999450683594,223.3300018310547,221.77000427246094,220.7868194580078,23515700,IWM,0
2025-07-07,221.57000732421875,222.82000732421875,218.41000366210938,217.47125244140625,41551200,IWM,0
2025-07-08,220.5800018310547,222.2899932861328,220.3300018310547,218.9756317138672,36339300,IWM,0
2025-07-09,222.57000732421875,223.69000244140625,221.1199951171875,221.3509521484375,32425200,IWM,0
2025-07-10,223.38999938964844,226.0500030517578,222.86000061035156,222.48915100097656,33865900,IWM,0
2025-07-11,223.1699981689453,223.5399932861328,221.57000732421875,219.42100524902344,31579600,IWM,0
2025-07-14,221.3699951171875,223.33999633789062,221.05999755859375,220.89569091796875,24632200,IWM,0
2025-07-15,224.07000732421875,224.22999572753906,218.7899932861328,216.57061767578125,44215400,IWM,0
2025-07-16,220.22000122070312,221.3699951171875,216.91000366210938,218.7480010986328,48199800,IWM,0
2025-07-17,221.0800018310547,224.1999969482422,220.7100067138672,221.61819458007812,43548000,IWM,0
2025-07-18,225.2899932861328,225.36000061035156,221.97999572753906,220.04454040527344,49009900,IWM,0
2025-07-21,223.5399932861328,224.41000366210938,221.25,219.15377807617188,28191400,IWM,0
2025-07-22,221.6199951171875,223.80999755859375,220.66000366210938,220.97486877441406,30873300,IWM,0
2025-07-23,224.82000732421875,226.7100067138672,224.07000732421875,224.34982299804688,37478100,IWM,0
2025-07-24,225.52000427246094,225.85000610351562,223.47999572753906,221.2519989013672,29446700,IWM,0
2025-07-25,224.4199981689453,224.60000610351562,222.5399932861328,222.07347106933594,24555500,IWM,0
2025-07-28,225.32000732421875,225.44000244140625,223.42999267578125,221.81613159179688,24934900,IWM,0
2025-07-29,225.61000061035156,225.69000244140625,222.05999755859375,220.4008331298828,28685900,IWM,0
2025-07-30,223.66000366210938,224.92999267578125,220.1199951171875,219.28245544433594,48924400,IWM,0
2025-07-31,220.4600067138672,222.02000427246094,218.8800048828125,217.13475036621094,42913900,IWM,0
2025-08-01,216.22000122070312,216.55999755859375,212.33999633789062,212.71070861816406,63854100,IWM,0
2025-08-04,216.5500030517578,219.74000549316406,216.0800018310547,217.47125244140625,34989600,IWM,0
2025-08-05,220.55999755859375,221.25999450683594,218.24000549316406,218.5797576904297,31337100,IWM,0
2025-08-06,220.9499969482422,220.99000549316406,219.3800048828125,218.292724609375,23142100,IWM,0
2025-08-07,222.75999450683594,222.83999633789062,218.50999450683594,217.5801239013672,37088000,IWM,0
2025-08-08,221.07000732421875,221.57000732421875,219.74000549316406,218.05520629882812,28318100,IWM,0
2025-08-11,220.77000427246094,221.67999267578125,219.80999755859375,218.00570678710938,25212800,IWM,0
2025-08-12,221.85000610351562,226.97999572753906,221.14999389648438,224.4784698486328,43815500,IWM,0
2025-08-13,228.25999450683594,231.4600067138672,227.8300018310547,228.84317016601562,41705800,IWM,0
2025-08-14,228.44000244140625,228.8000030517578,226.1699981689453,225.89378356933594,55945500,IWM,0
2025-08-15,228.63999938964844,228.77999877929688,226.0399932861328,224.79519653320312,33571400,IWM,0
2025-08-18,227.2100067138672,228.4600067138672,226.94000244140625,225.61666870117188,20144100,IWM,0
2025-08-19,228.02000427246094,228.97999572753906,225.69000244140625,223.8846435546875,25000700,IWM,0
2025-08-20,225.92999267578125,226.3800048828125,223.69000244140625,223.09288024902344,29229700,IWM,0
2025-08-21,224.41000366210938,226.32000732421875,223.77999877929688,223.64712524414062,24539400,IWM,0
2025-08-22,227.3699951171875,235.4199981689453,227.17999267578125,232.41603088378906,58205500,IWM,0
2025-08-25,234.13999938964844,234.3000030517578,232.36000061035156,229.971435546875,28453700,IWM,0
2025-08-26,232.8300018310547,234.8699951171875,232.58999633789062,231.87168884277344,25121500,IWM,0
2025-08-27,233.74000549316406,236.1199951171875,233.55999755859375,233.51463317871094,25395400,IWM,0
2025-08-28,236.9600067138672,236.97000122070312,235.35000610351562,233.791748046875,25011200,IWM,0
2025-08-29,236.74000549316406,237.02000427246094,234.3699951171875,232.75254821777344,29254800,IWM,0
2025-09-02,231.99000549316406,234.39999389648438,231.47000122070312,231.49559020996094,33108600,IWM,0
2025-09-03,233.27000427246094,235.25999450683594,232.4600067138672,231.26795959472656,33252400,IWM,0
2025-09-04,234.22999572753906,236.6699981689453,233.5800018310547,234.15794372558594,30323800,IWM,0
2025-09-05,237.72000122070312,239.67999267578125,234.9499969482422,235.32582092285156,47542500,IWM,0
2025-09-08,238.50999450683594,238.55999755859375,236.38999938964844,235.80087280273438,31487700,IWM,0
2025-09-09,237.89999389648438,237.9600067138672,235.4199981689453,234.415283203125,35395800,IWM,0
2025-09-10,237.30999755859375,238.27000427246094,235.4600067138672,233.9995880126953,33910200,IWM,0
2025-09-11,236.85000610351562,240.92999267578125,236.24000549316406,238.3246612548828,43629800,IWM,0
2025-09-12,240.1999969482422,240.32000732421875,238.1999969482422,235.88995361328125,46097600,IWM,0
2025-09-15,239.22999572753906,240.0399932861328,238.5500030517578,236.88958740234375,33014000,IWM,0
2025-09-16,238.4499969482422,238.92999267578125,236.75999450683594,236.49951171875,37059300,IWM,0
2025-09-17,238.82000732421875,244.27999877929688,237.02000427246094,237.10494995117188,79955600,IWM,0
2025-09-18,240.8000030517578,245.14999389648438,240.1300048828125,243.01048278808594,49167700,IWM,0
2025-09-19,245.57000732421875,245.57000732421875,242.50999450683594,241.16436767578125,56092000,IWM,0
2025-09-22,242.24000549316406,244.7899932861328,241.11000061035156,242.56385803222656,53572900,IWM,0
2025-09-23,245.00999450683594,247.17999267578125,243.44000244140625,242.01795959472656,41854500,IWM,0
2025-09-24,243.89999389648438,244.61000061035156,241.55999755859375,239.79469299316406,36002200,IWM,0
2025-09-25,238.97999572753906,239.99000549316406,237.5500030517578,237.501953125,37209500,IWM,0
2025-09-26,239.6199951171875,241.67999267578125,239.3300018310547,239.53663635253906,28942800,IWM,0
2025-09-29,242.83999633789062,242.92999267578125,240.80999755859375,239.81454467773438,26391500,IWM,0
2025-09-30,241.11000061035156,242.1300048828125,239.39999389648438,240.1520233154297,33447700,IWM,0
2025-10-01,240.57000732421875,243.0399932861328,240.5500030517578,240.6780548095703,28520000,IWM,0
2025-10-02,243,244.08999633789062,241.47000122070312,242.19662475585938,28687400,IWM,0
2025-10-03,245.35000610351562,248.08999633789062,245.02999877929688,243.9930877685547,34579600,IWM,0
2025-10-06,247.72999572753906,248.47999572753906,246.07000732421875,244.9657745361328,31507400,IWM,0
2025-10-07,247.36000061035156,247.63999938964844,243.19000244140625,242.3355712890625,31766600,IWM,0
2025-10-08,245.27999877929688,246.9600067138672,243.8000030517578,244.87644958496094,25825000,IWM,0
2025-10-09,246.30999755859375,247.25,244.00999450683594,243.29832458496094,26243100,IWM,0
2025-10-10,245.75,246.88999938964844,237.55999755859375,236.01315307617188,70569400,IWM,0
2025-10-13,241.8300018310547,244.6300048828125,241.39999389648438,242.5836944580078,36298600,IWM,0
2025-10-14,241.22999572753906,249.60000610351562,240.36000061035156,246.047607421875,45320800,IWM,0
2025-10-15,250.36000061035156,252.77000427246094,247.05999755859375,248.45947265625,45369000,IWM,0
2025-10-16,250.97000122070312,251.25999450683594,244,243.22885131835938,52740400,IWM,0
2025-10-17,243.32000732421875,245.16000366210938,241.47000122070312,241.59117126464844,55379500,IWM,0
2025-10-20,246.6199951171875,248.3300018310547,246.13999938964844,246.30567932128906,32545000,IWM,0
2025-10-21,247.42999267578125,248.3699951171875,245.50999450683594,245.14443969726562,26337900,IWM,0
2025-10-22,246.02999877929688,246.86000061035156,240.77000427246094,241.5216827392578,46578400,IWM,0
2025-10-23,244.2899932861328,247.1199951171875,243.67999267578125,244.5786895751953,28591000,IWM,0
2025-10-24,249.8000030517578,251.11000061035156,248.97000122070312,247.56617736816406,26627000,IWM,0
2025-10-27,251.77999877929688,252.2100067138672,249.5,248.4296875,31798100,IWM,0
2025-10-28,249.5500030517578,250.89999389648438,248.11000061035156,247.09971618652344,28075900,IWM,0
2025-10-29,248.83999633789062,251.13999938964844,244.69000244140625,244.9955291748047,56235300,IWM,0
2025-10-30,245.27000427246094,248.13999938964844,244.6300048828125,243.02041625976562,44538700,IWM,0
2025-10-31,244.99000549316406,246.7899932861328,243.69000244140625,244.3900909423828,37214700,IWM,0
2025-11-03,246.1699981689453,246.25999450683594,242.49000549316406,243.60601806640625,28887900,IWM,0
2025-11-04,241.7899932861328,244.05999755859375,241,239.39768981933594,34468700,IWM,0
2025-11-05,241.9600067138672,245.72999572753906,241.63999938964844,242.8516845703125,38229200,IWM,0
2025-11-06,244.25999450683594,244.7899932861328,240,238.55404663085938,40601200,IWM,0
2025-11-07,238.41000366210938,241.66000366210938,236.27000427246094,239.8046112060547,54978900,IWM,0
2025-11-10,245.00999450683594,245.24000549316406,242.25,242.20652770996094,31238000,IWM,0
2025-11-11,243.3699951171875,244.74000549316406,242.52000427246094,242.41497802734375,27357900,IWM,0
2025-11-12,244.83999633789062,246.3800048828125,243.3300018310547,241.8194580078125,34543200,IWM,0
2025-11-13,241.83999633789062,242.67999267578125,235.83999633789062,235.02064514160156,65710000,IWM,0
2025-11-14,233.33999633789062,238.72999572753906,233.27000427246094,235.70547485351562,58344400,IWM,0
2025-11-17,236.4600067138672,237.83999633789062,231.75999450683594,231.020751953125,55765900,IWM,0
2025-11-18,231.30999755859375,235.0800018310547,230.9600067138672,231.72544860839844,63092500,IWM,0
2025-11-19,233.8000030517578,236.3699951171875,232.42999267578125,231.6857452392578,57280500,IWM,0
2025-11-20,237.24000549316406,239.10000610351562,228.89999389648438,227.3980255126953,95483000,IWM,0
2025-11-21,229.9600067138672,237.11000061035156,229.5800018310547,233.83953857421875,99504100,IWM,0
2025-11-24,235.9600067138672,240.38999938964844,235.47999572753906,238.10739135742188,36135300,IWM,0
2025-11-25,240.74000549316406,245.5500030517578,240.0399932861328,243.29832458496094,46160800,IWM,0
2025-11-26,245.0500030517578,248.8300018310547,244.77000427246094,245.45211791992188,34636600,IWM,0
2025-11-28,248.00999450683594,248.80999755859375,247.07000732421875,246.89126586914062,18911800,IWM,0
2025-12-01,245.57000732421875,247.69000244140625,245.33999633789062,243.78466796875,36920000,IWM,0
2025-12-02,247.3699951171875,247.3699951171875,245.1199951171875,243.33802795410156,31918500,IWM,0
2025-12-03,245.97000122070312,249.83999633789062,245.47999572753906,247.7646942138672,32846300,IWM,0
2025-12-04,248.97000122070312,252.66000366210938,248.5399932861328,249.93833923339844,40245800,IWM,0
2025-12-05,251.49000549316406,252.66000366210938,250.27999877929688,248.89617919921875,36956600,IWM,0
2025-12-08,252.6999969482422,252.77000427246094,250.17999267578125,248.99542236328125,29100000,IWM,0
2025-12-09,250.25,252.9499969482422,250.10000610351562,249.5115509033203,30170100,IWM,0
2025-12-10,250.89999389648438,256.57000732421875,250.5399932861328,252.90599060058594,51105200,IWM,0
2025-12-11,254.63999938964844,258.010009765625,254.32000732421875,255.87364196777344,41345200,IWM,0
2025-12-12,257.95001220703125,258.20001220703125,253.44000244140625,251.95315551757812,57657700,IWM,0
2025-12-15,255.5500030517578,255.69000244140625,251.74000549316406,250.04750061035156,43120100,IWM,0
2025-12-16,250.33999633789062,252.16000366210938,248.47000122070312,248.8644256591797,43115300,IWM,0
2025-12-17,250.3699951171875,252.16000366210938,246.6999969482422,246.21546936035156,38132400,IWM,0
2025-12-18,250.17999267578125,251.36000061035156,248.2100067138672,247.6793670654297,39068000,IWM,0
2025-12-19,249.27999877929688,251.39999389648438,249.05999755859375,249.75074768066406,43610400,IWM,0
2025-12-22,252.27999877929688,255.1199951171875,252.1999969482422,252.52919006347656,40497300,IWM,0
2025-12-23,252.4199981689453,253.22000122070312,251.4600067138672,251.035400390625,24973500,IWM,0
2025-12-24,251.97000122070312,252.86000061035156,251.1199951171875,251.66281127929688,12103000,IWM,0
2025-12-26,252.5800018310547,252.75,250.39999389648438,250.3781280517578,17429900,IWM,0
2025-12-29,250.25999450683594,251.5,249.35000610351562,248.8445281982422,25218800,IWM,0
2025-12-30,249.97000122070312,250.14999389648438,247.9499969482422,247.00218200683594,22123600,IWM,0
2025-12-31,248.17999267578125,248.27999877929688,246.00999450683594,245.1399383544922,35352000,IWM,0
2026-01-02,247.6300048828125,249.08999633789062,245.86000061035156,247.74908447265625,40007700,IWM,0
2026-01-05,249.7899932861328,253.5500030517578,249.57000732421875,251.6826934814453,37428100,IWM,0
2026-01-06,252.24000549316406,256.25,251.52000427246094,255.01881408691406,40677800,IWM,0
2026-01-07,256.3999938964844,256.79998779296875,253.97000122070312,254.4213104248047,33052000,IWM,0
2026-01-08,254.6999969482422,258.92999267578125,254.36000061035156,257.1997375488281,37957000,IWM,0
2026-01-09,259.5799865722656,261.55999755859375,258.0899963378906,259.1516418457031,36301500,IWM,0
2026-01-12,259.2799987792969,261.6600036621094,258.239990234375,260.4163818359375,28423400,IWM,0
2026-01-13,262.4100036621094,262.8900146484375,260.4599914550781,260.2669982910156,33882400,IWM,0
2026-01-14,261.1300048828125,263.4599914550781,260.19000244140625,262.099365234375,37164300,IWM,0
2026-01-15,264.05999755859375,267.04998779296875,263.7300109863281,264.4097595214844,33465200,IWM,0
2026-01-16,265.8699951171875,267.2200012207031,264.7099914550781,264.6587219238281,33844900,IWM,0
2026-01-20,261.1400146484375,265.0799865722656,261.05999755859375,261.49188232421875,47911500,IWM,0
2026-01-21,264.6400146484375,268.5899963378906,262.9200134277344,266.6802978515625,59952800,IWM,0
2026-01-22,269.8299865722656,271.6000061035156,269.4200134277344,268.6719970703125,35110800,IWM,0
2026-01-23,269.0400085449219,269.04998779296875,264.4599914550781,263.712646484375,42636700,IWM,0
2026-01-26,265.07000732421875,266.69000244140625,263.489990234375,262.8861083984375,32119300,IWM,0
2026-01-27,264.04998779296875,264.8599853515625,262.6600036621094,263.63299560546875,26975500,IWM,0
2026-01-28,265.9800109863281,266.67999267578125,262.55999755859375,262.2088928222656,37139100,IWM,0
2026-01-29,264.07000732421875,265.05999755859375,259.4100036621094,262.27862548828125,43922900,IWM,0
2026-01-30,261.07000732421875,262.9800109863281,257.94000244140625,258.57403564453125,59164200,IWM,0
2026-02-02,258.4800109863281,263.7699890136719,258.3500061035156,261.0935363769531,42896200,IWM,0
2026-02-03,263.05999755859375,265.05999755859375,258.54998779296875,261.6910400390625,54588000,IWM,0
2026-02-04,264.1600036621094,264.6499938964844,257.1400146484375,259.4403991699219,48826500,IWM,0
2026-02-05,258.5,261.6199951171875,255.0500030517578,254.7698516845703,48279600,IWM,0
2026-02-06,259.739990234375,265.7200012207031,259.5799865722656,263.9217529296875,43354900,IWM,0
2026-02-09,264.8399963378906,267.6700134277344,263.3399963378906,265.7740783691406,29064800,IWM,0
2026-02-10,267.2300109863281,268.5199890136719,265.8800048828125,265.05706787109375,24661700,IWM,0
2026-02-11,268.4700012207031,268.9599914550781,262.1000061035156,263.8520812988281,41829400,IWM,0
2026-02-12,267.0199890136719,267.4599914550781,258.3900146484375,258.4644775390625,47628200,IWM,0
2026-02-13,260.6000061035156,265.1700134277344,258.510009765625,261.87030029296875,45360300,IWM,0
2026-02-17,262.3800048828125,264.3599853515625,259.05999755859375,261.9499816894531,33734800,IWM,0
2026-02-18,263.0299987792969,266.9100036621094,261.8500061035156,262.8960266113281,36034700,IWM,0
2026-02-19,262.57000732421875,264.6400146484375,261.0799865722656,263.5035400390625,31006000,IWM,0
2026-02-20,262.8500061035156,267.3299865722656,262.1400146484375,263.5134582519531,47126600,IWM,0
2026-02-23,263.3999938964844,264.3699951171875,258.1000061035156,259.4105224609375,44001100,IWM,0
2026-02-24,260.3999938964844,264.1400146484375,259.8599853515625,262.23876953125,34884200,IWM,0
2026-02-25,265.25,265.2799987792969,262.42999267578125,263.48358154296875,26012100,IWM,0
2026-02-26,265.010009765625,266.239990234375,262.1199951171875,264.88775634765625,41206500,IWM,0
2026-02-27,262.1000061035156,262.760009765625,259.7699890136719,260.3267517089844,40631500,IWM,0
2026-03-02,257.80999755859375,264.2799987792969,257.7900085449219,262.7167663574219,53495700,IWM,0
2026-03-03,256.79998779296875,261.1199951171875,253.30999755859375,258.1657409667969,59537000,IWM,0
2026-03-04,261.20001220703125,262.9599914550781,258.82000732421875,260.67529296875,37979700,IWM,0
2026-03-05,258.989990234375,260.760009765625,254.16000366210938,255.6959991455078,60414600,IWM,0
2026-03-06,251.49000549316406,253.3000030517578,249.94000244140625,249.850341796875,64192000,IWM,0
2026-03-09,247.58999633789062,254.64999389648438,244.38999938964844,252.5690155029297,65369500,IWM,0
2026-03-10,252.9600067138672,257.6499938964844,252.39999389648438,252.31008911132812,55879100,IWM,0
2026-03-11,252.33999633789062,254.3800048828125,250.5800018310547,251.80221557617188,50418100,IWM,0
2026-03-12,248.94000244140625,249.80999755859375,246.5800018310547,246.384765625,61802900,IWM,0
2026-03-13,249.25999450683594,250.61000061035156,245.5399932861328,245.56814575195312,53933300,IWM,0
2026-03-16,249.75999450683594,251.47000122070312,248.30999755859375,247.8885040283203,48755700,IWM,0
2026-03-17,249.8699951171875,251.7100067138672,248.9600067138672,249.45677185058594,40642800,IWM,0
2026-03-18,248.41000366210938,249.22999572753906,245.8800048828125,245.43634033203125,43192600,IWM,0
2026-03-19,243.02999877929688,250.08999633789062,242.52000427246094,247.04251098632812,59219500,IWM,0
2026-03-20,246.97000122070312,247.5,240.3300018310547,241.64535522460938,76749900,IWM,0
2026-03-23,247.1699981689453,251.36000061035156,246.11000061035156,246.86293029785156,78746600,IWM,0
2026-03-24,245.50999450683594,250.16000366210938,244.60000610351562,248.18978881835938,45210800,IWM,0
2026-03-25,251.74000549316406,253.07000732421875,249.52000427246094,251.2225799560547,45671700,IWM,0
2026-03-26,248.88999938964844,251.86000061035156,247.16000366210938,246.85296630859375,46830200,IWM,0
2026-03-27,246.00999450683594,246.74000549316406,242.41000366210938,242.5232696533203,48114400,IWM,0
2026-03-30,245.35000610351562,245.3699951171875,238.69000244140625,239.04153442382812,51290500,IWM,0
2026-03-31,243.0399932861328,248.9199981689453,242.24000549316406,247.41163635253906,58660800,IWM,0
2026-04-01,249.9199981689453,252.44000244140625,249.11000061035156,248.96792602539062,51295900,IWM,0
2026-04-02,244.94000244140625,252.3699951171875,244.8699951171875,250.69381713867188,30369200,IWM,0
2026-04-06,250.99000549316406,253.0500030517578,250.25,251.76129150390625,22151400,IWM,0
2026-04-07,251.2100067138672,253.47999572753906,249.52000427246094,252.3099822998047,34881900,IWM,0
2026-04-08,261.5199890136719,262.2699890136719,258.4100036621094,259.85205078125,46680200,IWM,0
2026-04-09,258.7799987792969,262.8999938964844,258.7799987792969,261.3385009765625,26758400,IWM,0
2026-04-10,262.3999938964844,262.75,260.3399963378906,260.6800537109375,22365900,IWM,0
2026-04-13,260.239990234375,265.3599853515625,260.0199890136719,264.4411315917969,23820000,IWM,0
2026-04-14,267.0899963378906,269.4200134277344,266.2799987792969,268.0824890136719,24270400,IWM,0
2026-04-15,268.7799987792969,269.5899963378906,267.5899963378906,268.75091552734375,21670600,IWM,0
2026-04-16,269.45001220703125,270.3500061035156,268.04998779296875,269.3095703125,30847900,IWM,0
2026-04-17,273.739990234375,277.6300048828125,273.1199951171875,275.125732421875,46462700,IWM,0
2026-04-20,274.6499938964844,277.6700134277344,274.5299987792969,276.6920166015625,22993900,IWM,0
2026-04-21,278.17999267578125,279.7900085449219,273.760009765625,273.8587646484375,32235200,IWM,0
2026-04-22,277.5899963378906,278.010009765625,274.8999938964844,275.8240661621094,20274300,IWM,0
2026-04-23,276.7300109863281,277.8699951171875,271.95001220703125,274.8663330078125,32886600,IWM,0
2026-04-24,276.6700134277344,278.1300048828125,274.2300109863281,275.99365234375,21568600,IWM,0
2026-04-27,276.82000732421875,278.239990234375,276.25,276.4825134277344,23399400,IWM,0
2026-04-28,276.04998779296875,276.9700012207031,272.9200134277344,273.2601623535156,24139400,IWM,0
2026-04-29,273.9200134277344,274.3800048828125,270.3599853515625,271.4344787597656,29428900,IWM,0
2026-04-30,273.1300048828125,278.2200012207031,272.44000244140625,277.310546875,29220700,IWM,0
2026-05-01,278.6600036621094,279.80999755859375,276.57000732421875,278.617431640625,28936700,IWM,0
2026-05-04,278.70001220703125,280.7900085449219,276.1000061035156,277.22076416015625,28632300,IWM,0
2026-05-05,280.1300048828125,282.95001220703125,280,281.8896484375,24863200,IWM,0
2026-05-06,285.3599853515625,287.04998779296875,283.3599853515625,286.11956787109375,23330300,IWM,0
2026-05-07,287.5299987792969,287.5799865722656,281.1499938964844,281.5903625488281,28350400,IWM,0
2026-05-08,284.0400085449219,284.9700012207031,282.6099853515625,283.495849609375,22474300,IWM,0
2026-05-11,284.9200134277344,287.04998779296875,284.5899963378906,284.6530456542969,20150400,IWM,0
2026-05-12,284.0400085449219,284.05999755859375,278.2799987792969,281.8996276855469,27404600,IWM,0
2026-05-13,282.9200134277344,283.55999755859375,279.92999267578125,281.9993896484375,20742300,IWM,0
2026-05-14,283.8399963378906,285.6600036621094,281.9599914550781,283.7751770019531,17428700,IWM,0
2026-05-15,280.29998779296875,280.3299865722656,277.239990234375,276.94140625,35408000,IWM,0
2026-05-18,278.739990234375,279.0799865722656,273.94000244140625,275.3152770996094,27243300,IWM,0
2026-05-19,273.80999755859375,275.0799865722656,270.6300048828125,272.3523254394531,30276900,IWM,0
2026-05-20,274.9100036621094,280.0899963378906,273.4100036621094,279.2060241699219,31562000,IWM,0
2026-05-21,278.6600036621094,283.67999267578125,277.1499938964844,281.8197937011719,31680500,IWM,0
2026-05-22,284.1000061035156,286.6099853515625,283.6700134277344,284.4435729980469,23849300,IWM,0
2026-05-26,288.3900146484375,290.54998779296875,287.739990234375,289.82080078125,24506500,IWM,0
2026-05-27,291.1600036621094,291.7200012207031,289.30999755859375,289.6811218261719,24519900,IWM,0
2026-05-28,289.6400146484375,292.739990234375,287.9800109863281,291.3371887207031,23710600,IWM,0
2026-05-29,291.3800048828125,291.4100036621094,288.3299865722656,289.740966796875,26952800,IWM,0
2026-06-01,288.3699951171875,290.6099853515625,286.2699890136719,288.29443359375,23826100,IWM,0
2026-06-02,288.4599914550781,291.8699951171875,288.3999938964844,290.9680480957031,18378800,IWM,0
2026-06-03,289.989990234375,290.010009765625,286.7799987792969,286.9875183105469,29167300,IWM,0
2026-06-04,287.55999755859375,292.8800048828125,286.6600036621094,291.3172302246094,24307800,IWM,0
2026-06-05,289.1000061035156,289.3999938964844,280.1499938964844,280.9817810058594,35812800,IWM,0
2026-06-08,285.510009765625,286.8399963378906,283.5799865722656,283.4359436035156,27277400,IWM,0
2026-06-09,287.17999267578125,290.8699951171875,277.6199951171875,284.3437805175781,41761300,IWM,0
2026-06-10,284.5899963378906,289,281.760009765625,281.3808288574219,39285000,IWM,0
2026-06-11,284.44000244140625,291.05999755859375,284.07000732421875,289.72100830078125,41468800,IWM,0
2026-06-12,291.6300048828125,295.7200012207031,290.30999755859375,292.2550048828125,34415200,IWM,0
2026-06-15,296.55999755859375,297.9100036621094,293.9200134277344,294.6400146484375,23889000,IWM,0
2026-06-16,295.5,296.79998779296875,291.5799865722656,292.0799865722656,23807700,IWM,0
2026-06-17,292.4700012207031,295.82000732421875,288.92999267578125,289.8800048828125,39920100,IWM,0
2026-06-18,294.54998779296875,295.9700012207031,291.4200134277344,295.5899963378906,32463200,IWM,0
2026-06-22,297.1300048828125,299.489990234375,296.1600036621094,298.17999267578125,22796200,IWM,0
2026-06-23,293.260009765625,297.75,292.3999938964844,295.32000732421875,26821700,IWM,0
2026-06-24,295.8800048828125,299.69000244140625,294.69000244140625,296.69000244140625,28664900,IWM,0
2026-06-25,299.5199890136719,301.5,296.7300109863281,298.9100036621094,27599900,IWM,0
2026-06-26,296.6000061035156,300.0299987792969,295.7300109863281,299.8299865722656,39832500,IWM,0
2026-06-29,298.1099853515625,299.1600036621094,294.67999267578125,298.9700012207031,24834100,IWM,0
2026-06-30,298.55999755859375,300.9800109863281,297.44000244140625,300.45001220703125,23230300,IWM,0
2026-07-01,299.92999267578125,302.7200012207031,298.9200134277344,299.32000732421875,20607900,IWM,0
2026-07-02,300.5400085449219,302.2300109863281,294.9800109863281,297.5799865722656,21178900,IWM,0
2026-07-06,297.75,300.4100036621094,297.6199951171875,298.8999938964844,18581300,IWM,0
2026-07-07,299.1700134277344,299.9700012207031,295.17999267578125,296.19000244140625,18057100,IWM,0
2026-07-08,294.0299987792969,295.1000061035156,290.67999267578125,293.4800109863281,24078400,IWM,0
2026-07-09,295.2699890136719,297.8800048828125,294.8999938964844,297.239990234375,16466800,IWM,0
2026-07-10,297.69000244140625,298.2099914550781,293.6199951171875,295.989990234375,15888500,IWM,0
2026-07-13,295.05999755859375,295.7799987792969,292.6000061035156,293.4800109863281,19375500,IWM,0
2026-07-14,295.489990234375,296.06500244140625,293.75,294.510009765625,18234180,IWM,0
