date,open,high,low,close,volume,contract,storageBcf
2010-09-09,102.5,102.5,101.13999938964844,76.53536987304688,26500,VOO,0
2010-09-10,101.68000030517578,101.86000061035156,101.30000305175781,76.88284301757812,8600,VOO,0
2010-09-13,102.95999908447266,103.13999938964844,102.5,77.84970092773438,33750,VOO,0
2010-09-14,102.83999633789062,103.4800033569336,102.37999725341797,77.83462524414062,59400,VOO,0
2010-09-15,102.62000274658203,103.37999725341797,102.4000015258789,78.031005859375,9250,VOO,0
2010-09-16,103.0199966430664,103.31999969482422,102.69999694824219,78.00080871582031,59550,VOO,0
2010-09-17,103.87999725341797,103.87999725341797,103.0199966430664,78.07632446289062,49350,VOO,0
2010-09-20,103.73999786376953,105.04000091552734,103.45999908447266,79.34538269042969,19000,VOO,0
2010-09-21,105.0199966430664,105.44000244140625,104.27999877929688,79.10365295410156,19250,VOO,0
2010-09-22,104.55999755859375,105.04000091552734,103.95999908447266,78.6806640625,18100,VOO,0
2010-09-23,103.31999969482422,104.33999633789062,103.12000274658203,78.031005859375,33350,VOO,0
2010-09-24,103.94000244140625,104.9000015258789,103.86000061035156,79.62442779541016,24100,VOO,0
2010-09-27,104.9800033569336,104.9800033569336,104.33999633789062,79.24465942382812,15000,VOO,0
2010-09-28,104.31999969482422,105.0199966430664,103.41999816894531,79.76113891601562,49850,VOO,0
2010-09-29,104.58000183105469,104.91999816894531,104.22000122070312,79.38137817382812,15900,VOO,0
2010-09-30,105.19999694824219,105.68000030517578,103.95999908447266,79.25985717773438,44750,VOO,0
2010-10-01,105.08000183105469,105.16000366210938,104.16000366210938,79.53326416015625,17100,VOO,0
2010-10-04,105.26000213623047,105.26000213623047,103.5,78.86490631103516,88700,VOO,0
2010-10-05,105.0199966430664,106.19999694824219,104.81999969482422,80.59654235839844,19850,VOO,0
2010-10-06,106.12000274658203,106.27999877929688,105.62000274658203,80.45983123779297,276900,VOO,0
2010-10-07,106.5,106.5,105.31999969482422,80.41424560546875,49900,VOO,0
2010-10-08,106.0199966430664,106.73999786376953,105.66000366210938,81.02186584472656,61550,VOO,0
2010-10-11,106.72000122070312,106.83999633789062,106.27999877929688,80.8851318359375,14200,VOO,0
2010-10-12,106.37999725341797,107.23999786376953,105.73999786376953,81.35604095458984,42050,VOO,0
2010-10-13,107.58000183105469,108.27999877929688,107.23999786376953,81.84208679199219,74450,VOO,0
2010-10-14,107.69999694824219,107.81999969482422,106.80000305175781,81.53829956054688,19100,VOO,0
2010-10-15,108.04000091552734,108.08000183105469,106.72000122070312,81.69020080566406,54950,VOO,0
2010-10-18,107.62000274658203,108.44000244140625,107.44000244140625,82.28260040283203,22850,VOO,0
2010-10-19,107.13999938964844,107.68000030517578,106.0199966430664,80.97631072998047,38550,VOO,0
2010-10-20,106.94000244140625,108.16000366210938,106.94000244140625,81.84208679199219,22800,VOO,0
2010-10-21,108.26000213623047,108.76000213623047,107.30000305175781,81.963623046875,29400,VOO,0
2010-10-22,108.16000366210938,108.19999694824219,107.94000244140625,82.16110229492188,24850,VOO,0
2010-10-25,109.0199966430664,109.27999877929688,108.45999908447266,82.40414428710938,29600,VOO,0
2010-10-26,107.91999816894531,108.55999755859375,107.87999725341797,82.38893127441406,15000,VOO,0
2010-10-27,107.73999786376953,108.22000122070312,107.22000122070312,82.13067626953125,17150,VOO,0
2010-10-28,108.76000213623047,108.81999969482422,107.76000213623047,82.19147491455078,19250,VOO,0
2010-10-29,108.0999984741211,108.41999816894531,108,82.25220489501953,13400,VOO,0
2010-11-01,108.91999816894531,109.41999816894531,107.76000213623047,82.29779815673828,51550,VOO,0
2010-11-02,109.22000122070312,109.41999816894531,108.86000061035156,82.93577575683594,26100,VOO,0
2010-11-03,109.41999816894531,109.66000366210938,108.31999969482422,83.28516387939453,31850,VOO,0
2010-11-04,110.9000015258789,111.80000305175781,110.73999786376953,84.84967041015625,49000,VOO,0
2010-11-05,111.9000015258789,112.30000305175781,111.68000030517578,85.18383026123047,48300,VOO,0
2010-11-08,111.87999725341797,112.08000183105469,111.5,85.07749938964844,43400,VOO,0
2010-11-09,112.18000030517578,112.30000305175781,110.80000305175781,84.4091567993164,35700,VOO,0
2010-11-10,111.16000366210938,111.5999984741211,110.31999969482422,84.7281494140625,28200,VOO,0
2010-11-11,110.68000030517578,111.27999877929688,110.41999816894531,84.45472717285156,24000,VOO,0
2010-11-12,110.4000015258789,110.86000061035156,109.37999725341797,83.4066390991211,39450,VOO,0
2010-11-15,110.30000305175781,110.5199966430664,109.63999938964844,83.3306884765625,202750,VOO,0
2010-11-16,109.0199966430664,109.0199966430664,107.4800033569336,81.99401092529297,32850,VOO,0
2010-11-17,108.05999755859375,108.45999908447266,107.77999877929688,82.05476379394531,42450,VOO,0
2010-11-18,109.08000183105469,109.91999816894531,109.08000183105469,83.26992797851562,26100,VOO,0
2010-11-19,109.5,109.94000244140625,109.04000091552734,83.46743774414062,20250,VOO,0
2010-11-22,109.41999816894531,109.80000305175781,108.58000183105469,83.39147186279297,25350,VOO,0
2010-11-23,108.55999755859375,108.63999938964844,107.91999816894531,82.22187042236328,142400,VOO,0
2010-11-24,108.94000244140625,109.77999877929688,108.94000244140625,83.28516387939453,30100,VOO,0
2010-11-26,108.95999908447266,109.4000015258789,108.81999969482422,82.81425476074219,32650,VOO,0
2010-11-29,108.36000061035156,109.16000366210938,107.66000366210938,82.73832702636719,46000,VOO,0
2010-11-30,107.95999908447266,108.86000061035156,107.81999969482422,82.16110229492188,91950,VOO,0
2010-12-01,109.91999816894531,110.73999786376953,109.87999725341797,84.01423645019531,33350,VOO,0
2010-12-02,110.73999786376953,112.0999984741211,110.73999786376953,85.10790252685547,60650,VOO,0
2010-12-03,111.66000366210938,112.45999908447266,111.63999938964844,85.32056427001953,184100,VOO,0
2010-12-06,112.16000366210938,112.41999816894531,112,85.21422576904297,64150,VOO,0
2010-12-07,113.33999633789062,113.37999725341797,112.19999694824219,85.24459838867188,109000,VOO,0
2010-12-08,112.4000015258789,112.73999786376953,111.95999908447266,85.59395599365234,69050,VOO,0
2010-12-09,113.33999633789062,113.33999633789062,112.66000366210938,85.91294860839844,54850,VOO,0
2010-12-10,113.4800033569336,113.87999725341797,113.22000122070312,86.42938232421875,73950,VOO,0
2010-12-13,114.31999969482422,114.44000244140625,113.81999969482422,86.47496795654297,77050,VOO,0
2010-12-14,114.12000274658203,114.36000061035156,113.66000366210938,86.52054595947266,59650,VOO,0
2010-12-15,113.73999786376953,114.19999694824219,113.23999786376953,86.14078521728516,43600,VOO,0
2010-12-16,113.55999755859375,114.16000366210938,113.12000274658203,86.64207458496094,60600,VOO,0
2010-12-17,114,114.33999633789062,113.81999969482422,86.7635498046875,59150,VOO,0
2010-12-20,114.58000183105469,114.73999786376953,113.95999908447266,86.94584655761719,72600,VOO,0
2010-12-21,114.86000061035156,115.30000305175781,114.77999877929688,87.47749328613281,76200,VOO,0
2010-12-22,115.33999633789062,115.5999984741211,115.23999786376953,87.7964859008789,108250,VOO,0
2010-12-23,115.44000244140625,115.5199966430664,115.16000366210938,87.65978240966797,57400,VOO,0
2010-12-27,114.45999908447266,115.0199966430664,114.4000015258789,87.72538757324219,71800,VOO,0
2010-12-28,115.22000122070312,115.22000122070312,114.80000305175781,87.81697082519531,56650,VOO,0
2010-12-29,115.31999969482422,115.44000244140625,115.19999694824219,87.89322662353516,53600,VOO,0
2010-12-30,115.12000274658203,115.26000213623047,114.87999725341797,87.75588989257812,78900,VOO,0
2010-12-31,114.86000061035156,115.13999938964844,114.68000030517578,87.84745788574219,145750,VOO,0
2011-01-03,115.94000244140625,116.66000366210938,115.9000015258789,88.67144012451172,119200,VOO,0
2011-01-04,116.55999755859375,116.55999755859375,115.5,88.59516143798828,108350,VOO,0
2011-01-05,115.86000061035156,116.80000305175781,115.72000122070312,89.0682144165039,717750,VOO,0
2011-01-06,116.83999633789062,116.91999816894531,116.22000122070312,88.91561126708984,72450,VOO,0
2011-01-07,116.69999694824219,116.86000061035156,115.4800033569336,88.73249816894531,82250,VOO,0
2011-01-10,115.87999725341797,116.27999877929688,115.4800033569336,88.65618896484375,124500,VOO,0
2011-01-11,116.66000366210938,116.83999633789062,116.12000274658203,88.94609832763672,131700,VOO,0
2011-01-12,117.31999969482422,117.72000122070312,117.0999984741211,89.73959350585938,107350,VOO,0
2011-01-13,117.68000030517578,117.73999786376953,117.16000366210938,89.61754608154297,96050,VOO,0
2011-01-14,117.30000305175781,118.33999633789062,117.26000213623047,90.25845336914062,193400,VOO,0
2011-01-18,118.26000213623047,118.58000183105469,118.04000091552734,90.4110107421875,194900,VOO,0
2011-01-19,118.44000244140625,118.5,117.0199966430664,89.51071166992188,111950,VOO,0
2011-01-20,117.08000183105469,117.37999725341797,116.31999969482422,89.40388488769531,103450,VOO,0
2011-01-21,117.9000015258789,118.13999938964844,117.31999969482422,89.60227966308594,117950,VOO,0
2011-01-24,117.4000015258789,118.19999694824219,117.37999725341797,90.1515884399414,455900,VOO,0
2011-01-25,117.80000305175781,118.19999694824219,117.19999694824219,90.12109375,226550,VOO,0
2011-01-26,118.44000244140625,118.94000244140625,118.23999786376953,90.5941390991211,109250,VOO,0
2011-01-27,118.68000030517578,119.0999984741211,118.4800033569336,90.71620178222656,297250,VOO,0
2011-01-28,119.08000183105469,119.22000122070312,116.68000030517578,89.11396789550781,891400,VOO,0
2011-01-31,117.22000122070312,117.80000305175781,116.94000244140625,89.8006362915039,140550,VOO,0
2011-02-01,118.4800033569336,119.77999877929688,118.37999725341797,91.20449829101562,147400,VOO,0
2011-02-02,119.23999786376953,119.66000366210938,119.23999786376953,91.05191040039062,91000,VOO,0
2011-02-03,119.19999694824219,119.80000305175781,118.5,91.2807846069336,72250,VOO,0
2011-02-04,119.69999694824219,120.0199966430664,119.13999938964844,91.52490997314453,97050,VOO,0
2011-02-07,120.30000305175781,121.12000274658203,120.26000213623047,92.10478210449219,118050,VOO,0
2011-02-08,120.87999725341797,121.30000305175781,120.5999984741211,92.53205871582031,153500,VOO,0
2011-02-09,120.9800033569336,121.27999877929688,120.45999908447266,92.30315399169922,139650,VOO,0
2011-02-10,120.4000015258789,121.16000366210938,120.16000366210938,92.33368682861328,125200,VOO,0
2011-02-11,120.5999984741211,121.91999816894531,120.55999755859375,92.91352844238281,149200,VOO,0
2011-02-14,121.72000122070312,122.13999938964844,121.58000183105469,93.14242553710938,92200,VOO,0
2011-02-15,121.72000122070312,121.86000061035156,121.37999725341797,92.80670928955078,82150,VOO,0
2011-02-16,122.0999984741211,122.5999984741211,121.9800033569336,93.40181732177734,94300,VOO,0
2011-02-17,122.05999755859375,122.95999908447266,121.95999908447266,93.75279235839844,158250,VOO,0
2011-02-18,122.95999908447266,123.22000122070312,122.68000030517578,93.9053955078125,120800,VOO,0
2011-02-22,121.68000030517578,122.37999725341797,120.23999786376953,91.98272705078125,288400,VOO,0
2011-02-23,120.5,120.76000213623047,119.0999984741211,91.46390533447266,276000,VOO,0
2011-02-24,119.66000366210938,120.16000366210938,118.66000366210938,91.37236022949219,241300,VOO,0
2011-02-25,120.33999633789062,121.12000274658203,120.19999694824219,92.36417388916016,106350,VOO,0
2011-02-28,121.54000091552734,121.94000244140625,121.16000366210938,92.91352844238281,208350,VOO,0
2011-03-01,122.27999877929688,122.30000305175781,119.69999694824219,91.32654571533203,235350,VOO,0
2011-03-02,119.62000274658203,120.55999755859375,119.5,91.58599853515625,176350,VOO,0
2011-03-03,121.08000183105469,122.23999786376953,121.08000183105469,93.15765380859375,136450,VOO,0
2011-03-04,122.05999755859375,122.05999755859375,120.4000015258789,92.47099304199219,168250,VOO,0
2011-03-07,121.5999984741211,121.73999786376953,119.5999984741211,91.66227722167969,155200,VOO,0
2011-03-08,120.41999816894531,121.62000274658203,119.95999908447266,92.51679229736328,106350,VOO,0
2011-03-09,121.05999755859375,121.37999725341797,120.5,92.40994262695312,116450,VOO,0
2011-03-10,119.87999725341797,119.87999725341797,118.76000213623047,90.71620178222656,267850,VOO,0
2011-03-11,118.4000015258789,120.13999938964844,118.4000015258789,91.32654571533203,134350,VOO,0
2011-03-14,118.95999908447266,119.26000213623047,118.05999755859375,90.79247283935547,146100,VOO,0
2011-03-15,115.81999969482422,118.23999786376953,115.62000274658203,89.78534698486328,346800,VOO,0
2011-03-16,117.26000213623047,117.55999755859375,114.63999938964844,88.0763168334961,339900,VOO,0
2011-03-17,117.13999938964844,117.4000015258789,116.23999786376953,89.17500305175781,176200,VOO,0
2011-03-18,118.4000015258789,118.4000015258789,117.13999938964844,89.55647277832031,127700,VOO,0
2011-03-21,118.83999633789062,119.37999725341797,118.68000030517578,90.91455078125,136100,VOO,0
2011-03-22,119.18000030517578,119.30000305175781,118.69999694824219,90.5941390991211,137800,VOO,0
2011-03-23,118.5199966430664,119.41999816894531,117.94000244140625,90.8840560913086,204150,VOO,0
2011-03-24,119.81999969482422,120.37999725341797,119.19999694824219,91.73858642578125,110800,VOO,0
2011-03-25,120.0199966430664,120.58000183105469,119.77999877929688,92.0113754272461,134300,VOO,0
2011-03-28,120.37999725341797,120.63999938964844,119.76000213623047,91.81210327148438,166150,VOO,0
2011-03-29,119.69999694824219,120.62000274658203,119.30000305175781,92.40991973876953,110950,VOO,0
2011-03-30,121.23999786376953,121.73999786376953,121.12000274658203,93.03834533691406,105550,VOO,0
2011-03-31,121.30000305175781,121.55999755859375,121.0999984741211,92.91570281982422,127500,VOO,0
2011-04-01,122.12000274658203,122.33999633789062,121.5,93.34490203857422,70400,VOO,0
2011-04-04,122.0999984741211,122.26000213623047,121.5199966430664,93.3908920288086,78800,VOO,0
2011-04-05,121.55999755859375,122.31999969482422,121.55999755859375,93.3908920288086,204950,VOO,0
2011-04-06,122.4800033569336,122.5,121.77999877929688,93.66678619384766,142900,VOO,0
2011-04-07,122.05999755859375,122.5,121.36000061035156,93.49815368652344,107150,VOO,0
2011-04-08,122.5,122.5199966430664,121.0199966430664,93.1456298828125,86850,VOO,0
2011-04-11,121.68000030517578,122.0199966430664,120.91999816894531,92.82373046875,139650,VOO,0
2011-04-12,120.5,120.5999984741211,119.80000305175781,92.14935302734375,104800,VOO,0
2011-04-13,120.83999633789062,120.9000015258789,119.80000305175781,92.17998504638672,185100,VOO,0
2011-04-14,119.58000183105469,120.5,119.16000366210938,92.19535064697266,78450,VOO,0
2011-04-15,120.5,121.04000091552734,120.22000122070312,92.51720428466797,79700,VOO,0
2011-04-18,119.30000305175781,119.5999984741211,118.44000244140625,91.5055923461914,151650,VOO,0
2011-04-19,119.62000274658203,120.13999938964844,119.31999969482422,92.07270050048828,78900,VOO,0
2011-04-20,121.58000183105469,121.9800033569336,121.4800033569336,93.3142318725586,173250,VOO,0
2011-04-21,122.37999725341797,122.37999725341797,121.94000244140625,93.72809600830078,197850,VOO,0
2011-04-25,122.31999969482422,122.4000015258789,121.81999969482422,93.63610076904297,99000,VOO,0
2011-04-26,122.62000274658203,123.5,122.5199966430664,94.44844818115234,85050,VOO,0
2011-04-27,123.55999755859375,124.23999786376953,123,95.06156158447266,72850,VOO,0
2011-04-28,123.9000015258789,124.5999984741211,123.86000061035156,95.36814880371094,66050,VOO,0
2011-04-29,124.5,124.87999725341797,124.41999816894531,95.6440200805664,99000,VOO,0
2011-05-02,125.44000244140625,125.44000244140625,124.31999969482422,95.42941284179688,131000,VOO,0
2011-05-03,124.36000061035156,124.5199966430664,123.5,95.12290954589844,66500,VOO,0
2011-05-04,124.0999984741211,124.0999984741211,122.77999877929688,94.4791488647461,107000,VOO,0
2011-05-05,122.62000274658203,123.36000061035156,121.63999938964844,93.65145111083984,98950,VOO,0
2011-05-06,123.4800033569336,124,122.27999877929688,94.09591674804688,138550,VOO,0
2011-05-09,122.80000305175781,123.58000183105469,122.58000183105469,94.4791488647461,66000,VOO,0
2011-05-10,123.66000366210938,124.4800033569336,123.5199966430664,95.2608413696289,175550,VOO,0
2011-05-11,124.12000274658203,124.12000274658203,122.41999816894531,94.24923706054688,174400,VOO,0
2011-05-12,122.68000030517578,123.73999786376953,122.0199966430664,94.75502014160156,113500,VOO,0
2011-05-13,123.62000274658203,123.69999694824219,122.19999694824219,93.92733764648438,126400,VOO,0
2011-05-16,122.19999694824219,123.0199966430664,121.62000274658203,93.34490203857422,113500,VOO,0
2011-05-17,121.36000061035156,121.86000061035156,120.91999816894531,93.3295669555664,142400,VOO,0
2011-05-18,121.9000015258789,122.9800033569336,121.68000030517578,94.20320892333984,70550,VOO,0
2011-05-19,123.33999633789062,123.45999908447266,122.63999938964844,94.32587432861328,266650,VOO,0
2011-05-20,122.86000061035156,123,122,93.6974105834961,95450,VOO,0
2011-05-23,120.69999694824219,121.16000366210938,120.4000015258789,92.57852172851562,136200,VOO,0
2011-05-24,121.16000366210938,121.36000061035156,120.5199966430664,92.50187683105469,89650,VOO,0
2011-05-25,120.16000366210938,121.5,120.16000366210938,92.80844116210938,62300,VOO,0
2011-05-26,120.77999877929688,121.80000305175781,120.54000091552734,93.17628479003906,60450,VOO,0
2011-05-27,121.9800033569336,122.4000015258789,121.86000061035156,93.59010314941406,47600,VOO,0
2011-05-31,123.30000305175781,123.36000061035156,122.41999816894531,94.52510070800781,172500,VOO,0
2011-06-01,123.04000091552734,123.04000091552734,120.54000091552734,92.42520904541016,222000,VOO,0
2011-06-02,120.69999694824219,120.91999816894531,119.81999969482422,92.31793212890625,211800,VOO,0
2011-06-03,119,120.18000030517578,119,91.42891693115234,148450,VOO,0
2011-06-06,119.05999755859375,119.18000030517578,117.94000244140625,90.46330261230469,113250,VOO,0
2011-06-07,118.5199966430664,118.94000244140625,117.86000061035156,90.34066772460938,203700,VOO,0
2011-06-08,117.69999694824219,118.08000183105469,117.26000213623047,89.97281646728516,87600,VOO,0
2011-06-09,117.77999877929688,118.77999877929688,117.45999908447266,90.66259002685547,43350,VOO,0
2011-06-10,117.83999633789062,117.86000061035156,116.4000015258789,89.39036560058594,106750,VOO,0
2011-06-13,116.9000015258789,117.22000122070312,116.18000030517578,89.45167541503906,77900,VOO,0
2011-06-14,117.81999969482422,118.66000366210938,117.81999969482422,90.60126495361328,75400,VOO,0
2011-06-15,117.27999877929688,117.55999755859375,115.9000015258789,89.02255249023438,79700,VOO,0
2011-06-16,116.19999694824219,116.9000015258789,115.54000091552734,89.19110107421875,66050,VOO,0
2011-06-17,117.4800033569336,117.5,116.37999725341797,89.43636322021484,58800,VOO,0
2011-06-20,116.33999633789062,117.55999755859375,116.31999969482422,89.94217681884766,53700,VOO,0
2011-06-21,117.94000244140625,119.16000366210938,117.83999633789062,91.16838073730469,132450,VOO,0
2011-06-22,118.66000366210938,119.26000213623047,118.19999694824219,90.63189697265625,106050,VOO,0
2011-06-23,116.83999633789062,117.9000015258789,116,90.32537841796875,260750,VOO,0
2011-06-24,117.31999969482422,117.36000061035156,115.80000305175781,89.3319320678711,114500,VOO,0
2011-06-27,116.08000183105469,117.41999816894531,115.81999969482422,90.08663940429688,77850,VOO,0
2011-06-28,117.4800033569336,118.5199966430664,117.36000061035156,91.24178314208984,59500,VOO,0
2011-06-29,119.0999984741211,119.69999694824219,118.66000366210938,92.05812072753906,125350,VOO,0
2011-06-30,119.94000244140625,120.83999633789062,119.81999969482422,92.93601989746094,124850,VOO,0
2011-07-01,120.73999786376953,122.5999984741211,120.54000091552734,94.33760070800781,139550,VOO,0
2011-07-05,122.4000015258789,122.5999984741211,122,94.1835708618164,91850,VOO,0
2011-07-06,122.08000183105469,122.63999938964844,121.76000213623047,94.32220458984375,94850,VOO,0
2011-07-07,123.58000183105469,124.0999984741211,123.37999725341797,95.35416412353516,195400,VOO,0
2011-07-08,122.4000015258789,122.9800033569336,122.0199966430664,94.70726013183594,105600,VOO,0
2011-07-11,121.44000244140625,121.83999633789062,120.44000244140625,92.95140075683594,92750,VOO,0
2011-07-12,120.45999908447266,121.41999816894531,120.16000366210938,92.53556823730469,132400,VOO,0
2011-07-13,120.81999969482422,121.81999969482422,120.31999969482422,92.8590087890625,129700,VOO,0
2011-07-14,120.91999816894531,121.37999725341797,119.5199966430664,92.25830841064453,55900,VOO,0
2011-07-15,120.45999908447266,120.58000183105469,119.63999938964844,92.76656341552734,40350,VOO,0
2011-07-18,119.94000244140625,120.0199966430664,118.55999755859375,91.9811019897461,94000,VOO,0
2011-07-19,120.13999938964844,121.4800033569336,120.08000183105469,93.47509765625,233300,VOO,0
2011-07-20,121.76000213623047,121.77999877929688,121.16000366210938,93.47509765625,90750,VOO,0
2011-07-21,122,123.23999786376953,121.77999877929688,94.72261810302734,234250,VOO,0
2011-07-22,123,123.19999694824219,122.4000015258789,94.79963684082031,90250,VOO,0
2011-07-25,121.87999725341797,123,121.80000305175781,94.26060485839844,183650,VOO,0
2011-07-26,122.31999969482422,122.5,121.68000030517578,93.86011505126953,138850,VOO,0
2011-07-27,121.19999694824219,121.23999786376953,119.30000305175781,91.99647521972656,470300,VOO,0
2011-07-28,119.41999816894531,120.4800033569336,118.95999908447266,91.73469543457031,169150,VOO,0
2011-07-29,117.95999908447266,119.36000061035156,117.44000244140625,91.0261459350586,194600,VOO,0
2011-08-01,119.77999877929688,119.81999969482422,116.68000030517578,90.70270538330078,435950,VOO,0
2011-08-02,116.95999908447266,117.5,114.77999877929688,88.43859100341797,258400,VOO,0
2011-08-03,114.95999908447266,115.54000091552734,112.9800033569336,88.88528442382812,380550,VOO,0
2011-08-04,113.87999725341797,113.95999908447266,109.83999633789062,84.72671508789062,504200,VOO,0
2011-08-05,111.37999725341797,111.66000366210938,106.94000244140625,84.54190063476562,538450,VOO,0
2011-08-08,106.0199966430664,108.23999786376953,102.54000091552734,79.12037658691406,790300,VOO,0
2011-08-09,104.4000015258789,107.4000015258789,100.91999816894531,82.66282653808594,579800,VOO,0
2011-08-10,105.45999908447266,106.30000305175781,102.4800033569336,79.07418823242188,403100,VOO,0
2011-08-11,103.72000122070312,108.69999694824219,103.26000213623047,82.53961181640625,919300,VOO,0
2011-08-12,108.4800033569336,109,107.31999969482422,83.20188903808594,307200,VOO,0
2011-08-15,109.0999984741211,110.4000015258789,108.86000061035156,84.91154479980469,225950,VOO,0
2011-08-16,109.22000122070312,110.36000061035156,108.23999786376953,84.18762969970703,263800,VOO,0
2011-08-17,110,110.80000305175781,108.5999984741211,84.28005981445312,160550,VOO,0
2011-08-18,106.58000183105469,106.69999694824219,103.73999786376953,80.78377532958984,524000,VOO,0
2011-08-19,103.36000061035156,105.81999969482422,102.83999633789062,79.24356842041016,1438400,VOO,0
2011-08-22,105.31999969482422,105.37999725341797,102.77999877929688,79.30518341064453,246400,VOO,0
2011-08-23,103.5199966430664,106.58000183105469,103,82.04673767089844,301950,VOO,0
2011-08-24,106.31999969482422,108.08000183105469,106.05999755859375,83.17109680175781,151000,VOO,0
2011-08-25,108.72000122070312,109.18000030517578,105.62000274658203,81.9235610961914,294150,VOO,0
2011-08-26,105.66000366210938,108.27999877929688,104.0199966430664,83.0016860961914,197500,VOO,0
2011-08-29,109.33999633789062,110.95999908447266,109.23999786376953,85.41980743408203,159000,VOO,0
2011-08-30,110.5,111.91999816894531,109.66000366210938,85.57382202148438,129900,VOO,0
2011-08-31,111.9800033569336,112.9000015258789,110.91999816894531,86.00506591796875,214950,VOO,0
2011-09-01,111.73999786376953,112.80000305175781,110.54000091552734,85.17338562011719,274900,VOO,0
2011-09-02,108.31999969482422,108.83999633789062,107.4000015258789,82.97091674804688,150350,VOO,0
2011-09-06,104.72000122070312,107.13999938964844,104.63999938964844,82.40099334716797,197950,VOO,0
2011-09-07,108.72000122070312,110.04000091552734,108.30000305175781,84.72671508789062,199700,VOO,0
2011-09-08,109.33999633789062,110.58000183105469,108.68000030517578,83.83338928222656,115650,VOO,0
2011-09-09,107.66000366210938,107.94000244140625,105.44000244140625,81.63090515136719,174200,VOO,0
2011-09-12,104.69999694824219,106.76000213623047,104.36000061035156,82.21617889404297,161350,VOO,0
2011-09-13,107.0999984741211,108.05999755859375,106.37999725341797,82.89387512207031,193500,VOO,0
2011-09-14,108.26000213623047,110.45999908447266,106.76000213623047,84.06439971923828,459000,VOO,0
2011-09-15,110.33999633789062,111.0999984741211,109.41999816894531,85.5122299194336,128700,VOO,0
2011-09-16,111.44000244140625,112.05999755859375,110.69999694824219,86.0204849243164,79000,VOO,0
2011-09-19,109.86000061035156,111.0999984741211,109.18000030517578,85.21955871582031,82150,VOO,0
2011-09-20,111.12000274658203,112.13999938964844,110.44000244140625,85.0809555053711,154550,VOO,0
2011-09-21,110.5999984741211,110.86000061035156,107.13999938964844,82.50882720947266,139000,VOO,0
2011-09-22,104.19999694824219,105,102.37999725341797,79.92127227783203,420500,VOO,0
2011-09-23,102.5999984741211,104.31999969482422,102.45999908447266,80.2929916381836,329200,VOO,0
2011-09-26,104.72000122070312,106.33999633789062,103.31999969482422,82.24457550048828,193850,VOO,0
2011-09-27,108.44000244140625,109.27999877929688,106.86000061035156,83.1893539428711,617550,VOO,0
2011-09-28,107.69999694824219,108.23999786376953,105.08000183105469,81.53209686279297,197300,VOO,0
2011-09-29,107.05999755859375,107.45999908447266,104.16000366210938,82.12065887451172,119300,VOO,0
2011-09-30,104.55999755859375,105.4800033569336,103.37999725341797,80.16909790039062,183300,VOO,0
2011-10-03,102.81999969482422,104.08000183105469,100.33999633789062,77.7063980102539,333100,VOO,0
2011-10-04,99.13999938964844,102.81999969482422,98.23999786376953,79.41014099121094,285650,VOO,0
2011-10-05,102.87999725341797,104.81999969482422,102,80.98998260498047,281000,VOO,0
2011-10-06,104.5199966430664,106.62000274658203,103.76000213623047,82.55435180664062,583800,VOO,0
2011-10-07,107.16000366210938,107.16000366210938,105.18000030517578,81.9193115234375,627150,VOO,0
2011-10-10,107.73999786376953,109.36000061035156,107.66000366210938,84.6917495727539,168200,VOO,0
2011-10-11,108.76000213623047,109.72000122070312,108.5999984741211,84.66078186035156,663200,VOO,0
2011-10-12,110.27999877929688,111.5999984741211,110,85.43521881103516,509150,VOO,0
2011-10-13,109.69999694824219,110.44000244140625,108.9000015258789,85.31128692626953,364000,VOO,0
2011-10-14,111.5,112.05999755859375,110.91999816894531,86.72076416015625,423450,VOO,0
2011-10-17,111.4800033569336,111.5999984741211,109.63999938964844,85.09447479248047,309650,VOO,0
2011-10-18,109.83999633789062,112.83999633789062,109,86.79821014404297,259100,VOO,0
2011-10-19,111.83999633789062,112.4800033569336,110.4000015258789,85.7140121459961,107900,VOO,0
2011-10-20,111,111.4800033569336,109.5999984741211,86.10124206542969,68200,VOO,0
2011-10-21,112.5,113.41999816894531,112.23999786376953,87.75847625732422,87200,VOO,0
2011-10-24,113.55999755859375,114.95999908447266,113.44000244140625,88.8736801147461,138550,VOO,0
2011-10-25,114.18000030517578,114.18000030517578,112.23999786376953,87.15446472167969,102400,VOO,0
2011-10-26,113.76000213623047,114.05999755859375,111.80000305175781,87.99083709716797,1922200,VOO,0
2011-10-27,116.77999877929688,118.30000305175781,115.80000305175781,91.026611328125,309200,VOO,0
2011-10-28,117.04000091552734,117.77999877929688,116.87999725341797,91.11956024169922,693650,VOO,0
2011-10-31,116.26000213623047,116.33999633789062,114.63999938964844,88.78075408935547,153450,VOO,0
2011-11-01,111.54000091552734,112.9000015258789,111.16000366210938,86.42649841308594,307150,VOO,0
2011-11-02,113.26000213623047,113.76000213623047,112.31999969482422,87.78950500488281,122650,VOO,0
2011-11-03,114.63999938964844,115.68000030517578,113.04000091552734,89.41577911376953,173650,VOO,0
2011-11-04,114.45999908447266,114.9000015258789,113.41999816894531,88.90465545654297,147450,VOO,0
2011-11-07,114.63999938964844,115.5199966430664,113.63999938964844,89.41577911376953,79500,VOO,0
2011-11-08,116.0999984741211,117.0199966430664,115.0199966430664,90.4844970703125,135700,VOO,0
2011-11-09,114.23999786376953,114.72000122070312,112.4000015258789,87.2164077758789,246850,VOO,0
2011-11-10,114.0999984741211,114.19999694824219,112.62000274658203,88.00634765625,121800,VOO,0
2011-11-11,115.04000091552734,116.0999984741211,115.0199966430664,89.72557830810547,132650,VOO,0
2011-11-14,115.41999816894531,115.4800033569336,114.22000122070312,88.85822296142578,359550,VOO,0
2011-11-15,114.5199966430664,115.91999816894531,114.12000274658203,89.32284545898438,402200,VOO,0
2011-11-16,114.19999694824219,115.45999908447266,113.31999969482422,87.88243103027344,91900,VOO,0
2011-11-17,113.26000213623047,113.54000091552734,110.91999816894531,86.47295379638672,989950,VOO,0
2011-11-18,112.0199966430664,112.18000030517578,111.0999984741211,86.34904479980469,188150,VOO,0
2011-11-21,109.9000015258789,110.05999755859375,108.4800033569336,84.80017852783203,236700,VOO,0
2011-11-22,109.19999694824219,109.80000305175781,108.37999725341797,84.35100555419922,263300,VOO,0
2011-11-23,108,108.0199966430664,106.5999984741211,82.56982421875,249100,VOO,0
2011-11-25,106.4000015258789,107.58000183105469,106.30000305175781,82.32201385498047,75650,VOO,0
2011-11-28,109.26000213623047,109.81999969482422,108.63999938964844,84.78469848632812,155550,VOO,0
2011-11-29,109.76000213623047,110.5,109.4000015258789,85.03252410888672,134950,VOO,0
2011-11-30,112.9000015258789,114.4800033569336,112.62000274658203,88.51744842529297,424450,VOO,0
2011-12-01,114.13999938964844,114.83999633789062,113.81999969482422,88.45551300048828,107350,VOO,0
2011-12-02,115.4000015258789,115.68000030517578,114.13999938964844,88.4090576171875,127300,VOO,0
2011-12-05,116,116.27999877929688,114.72000122070312,89.36933898925781,194500,VOO,0
2011-12-06,115.37999725341797,116.19999694824219,115.0199966430664,89.44678497314453,67600,VOO,0
2011-12-07,115.0999984741211,116.31999969482422,114.36000061035156,89.74105834960938,86600,VOO,0
2011-12-08,115.0199966430664,115.26000213623047,113.08000183105469,87.80498504638672,93450,VOO,0
2011-12-09,113.87999725341797,115.54000091552734,113.80000305175781,89.29187774658203,882200,VOO,0
2011-12-12,114.27999877929688,114.27999877929688,112.66000366210938,88.00634765625,127200,VOO,0
2011-12-13,114.22000122070312,114.76000213623047,112,87.16995239257812,162800,VOO,0
2011-12-14,112.0999984741211,112.5,111.0999984741211,86.19416046142578,945150,VOO,0
2011-12-15,112.5199966430664,112.62000274658203,111.55999755859375,86.51942443847656,82550,VOO,0
2011-12-16,112.5199966430664,113.0999984741211,111.63999938964844,86.58138275146484,1480000,VOO,0
2011-12-19,112.27999877929688,112.5,110.44000244140625,85.69851684570312,454150,VOO,0
2011-12-20,112.33999633789062,114.16000366210938,112.33999633789062,88.25414276123047,143850,VOO,0
2011-12-21,113.9000015258789,114.37999725341797,113.0199966430664,88.51744842529297,182650,VOO,0
2011-12-22,114.69999694824219,115.37999725341797,114.5,89.35382080078125,1439800,VOO,0
2011-12-23,114.95999908447266,115.68000030517578,114.76000213623047,90.05966186523438,256450,VOO,0
2011-12-27,115.37999725341797,118,115.36000061035156,90.15314483642578,388650,VOO,0
2011-12-28,115.72000122070312,115.72000122070312,114.0999984741211,89.04689025878906,180300,VOO,0
2011-12-29,114.62000274658203,118.16000366210938,114.5199966430664,89.85711669921875,259100,VOO,0
2011-12-30,115.31999969482422,115.55999755859375,114.9000015258789,89.51434326171875,254300,VOO,0
2012-01-03,116.9000015258789,117.45999908447266,116.5999984741211,90.83873748779297,163250,VOO,0
2012-01-04,116.44000244140625,116.91999816894531,115.95999908447266,90.99456024169922,448450,VOO,0
2012-01-05,116.27999877929688,117.30000305175781,115.68000030517578,91.29059600830078,253500,VOO,0
2012-01-06,117.30000305175781,117.30000305175781,116.4800033569336,91.1036148071289,166900,VOO,0
2012-01-09,117.13999938964844,117.23999786376953,116.54000091552734,91.24385833740234,177000,VOO,0
2012-01-10,118.36000061035156,118.54000091552734,117.9800033569336,92.02288818359375,261200,VOO,0
2012-01-11,117.77999877929688,118.33999633789062,117.55999755859375,92.11642456054688,203800,VOO,0
2012-01-12,118.5199966430664,118.63999938964844,117.58000183105469,92.31895446777344,202250,VOO,0
2012-01-13,117.69999694824219,118,116.81999969482422,91.9294204711914,147200,VOO,0
2012-01-17,118.9800033569336,119.18000030517578,118.05999755859375,92.17871856689453,324250,VOO,0
2012-01-18,118.31999969482422,119.63999938964844,118.0999984741211,93.20710754394531,172100,VOO,0
2012-01-19,120,120.33999633789062,119.72000122070312,93.70568084716797,224500,VOO,0
2012-01-20,120.08000183105469,120.33999633789062,119.77999877929688,93.70568084716797,345200,VOO,0
2012-01-23,120.27999877929688,120.9800033569336,119.86000061035156,93.79915618896484,130950,VOO,0
2012-01-24,119.68000030517578,120.30000305175781,119.4800033569336,93.658935546875,203100,VOO,0
2012-01-25,120.08000183105469,121.54000091552734,119.63999938964844,94.48475646972656,254050,VOO,0
2012-01-26,121.86000061035156,122,120.16000366210938,94.0017318725586,137600,VOO,0
2012-01-27,120.04000091552734,120.77999877929688,120,93.8770751953125,104100,VOO,0
2012-01-30,119.4000015258789,120.19999694824219,118.9800033569336,93.56544494628906,329650,VOO,0
2012-01-31,120.80000305175781,120.91999816894531,119.5999984741211,93.51873016357422,157450,VOO,0
2012-02-01,121,121.73999786376953,120.86000061035156,94.40681457519531,99050,VOO,0
2012-02-02,121.44000244140625,121.66000366210938,120.95999908447266,94.59381866455078,143050,VOO,0
2012-02-03,122.5999984741211,123.13999938964844,122.37999725341797,95.93378448486328,223150,VOO,0
2012-02-06,122.58000183105469,123.0199966430664,122.4000015258789,95.7935791015625,150200,VOO,0
2012-02-07,122.76000213623047,123.5199966430664,122.27999877929688,96.08961486816406,164250,VOO,0
2012-02-08,123.4000015258789,123.69999694824219,122.87999725341797,96.29219055175781,259750,VOO,0
2012-02-09,123.9000015258789,124.0199966430664,123.13999938964844,96.40125274658203,259000,VOO,0
2012-02-10,122.68000030517578,123,122.44000244140625,95.7468490600586,123500,VOO,0
2012-02-13,123.77999877929688,123.9800033569336,123.30000305175781,96.47913360595703,230400,VOO,0
2012-02-14,123.5,123.72000122070312,122.86000061035156,96.33895111083984,203400,VOO,0
2012-02-15,124.0999984741211,124.23999786376953,122.87999725341797,95.91824340820312,188100,VOO,0
2012-02-16,123.12000274658203,124.54000091552734,122.91999816894531,96.96216583251953,438550,VOO,0
2012-02-17,124.9000015258789,124.91999816894531,124.31999969482422,97.1958999633789,604200,VOO,0
2012-02-21,125.0999984741211,125.36000061035156,124.45999908447266,97.25821685791016,758200,VOO,0
2012-02-22,124.5999984741211,124.87999725341797,124.23999786376953,96.93098449707031,190900,VOO,0
2012-02-23,124.37999725341797,125.08000183105469,123.95999908447266,97.3984375,328050,VOO,0
2012-02-24,125.27999877929688,125.5,125,97.5386734008789,162950,VOO,0
2012-02-27,124.44000244140625,125.80000305175781,124.22000122070312,97.7100830078125,267800,VOO,0
2012-02-28,125.54000091552734,125.9000015258789,125.27999877929688,98.0528564453125,141900,VOO,0
2012-02-29,126.04000091552734,126.4000015258789,125.12000274658203,97.5230941772461,229600,VOO,0
2012-03-01,125.63999938964844,126.22000122070312,125.19999694824219,98.16194152832031,193450,VOO,0
2012-03-02,125.95999908447266,126.05999755859375,125.36000061035156,97.89704895019531,142800,VOO,0
2012-03-05,125.41999816894531,125.4800033569336,124.66000366210938,97.47636413574219,667900,VOO,0
2012-03-06,123.80000305175781,123.86000061035156,122.9000015258789,95.94940948486328,411100,VOO,0
2012-03-07,123.58000183105469,124.31999969482422,123.45999908447266,96.71288299560547,170350,VOO,0
2012-03-08,124.91999816894531,125.5999984741211,124.63999938964844,97.64772033691406,253600,VOO,0
2012-03-09,125.62000274658203,126.13999938964844,125.4800033569336,98.02169036865234,152950,VOO,0
2012-03-12,125.86000061035156,126.0199966430664,125.41999816894531,98.06843566894531,174700,VOO,0
2012-03-13,126.58000183105469,128.17999267578125,126.36000061035156,99.82913970947266,192100,VOO,0
2012-03-14,128.1999969482422,128.4600067138672,127.63999938964844,99.75121307373047,709950,VOO,0
2012-03-15,128.22000122070312,128.8000030517578,127.87999725341797,100.26536560058594,501650,VOO,0
2012-03-16,129.02000427246094,129.10000610351562,128.6999969482422,100.40565490722656,272250,VOO,0
2012-03-19,128.8800048828125,129.83999633789062,128.75999450683594,100.8263168334961,143500,VOO,0
2012-03-20,128.72000122070312,129.1999969482422,128.36000061035156,100.54585266113281,1310800,VOO,0
2012-03-21,129.10000610351562,129.24000549316406,128.60000610351562,100.39004516601562,162100,VOO,0
2012-03-22,127.9000015258789,128.24000549316406,127.54000091552734,99.6109848022461,633200,VOO,0
2012-03-23,128.05999755859375,128.44000244140625,127.31999969482422,100.00052642822266,111950,VOO,0
2012-03-26,128.67999267578125,129.52000427246094,128.66000366210938,101.35430145263672,203000,VOO,0
2012-03-27,129.6999969482422,129.77999877929688,129.10000610351562,101.0726089477539,573550,VOO,0
2012-03-28,129.1199951171875,129.27999877929688,127.80000305175781,100.58744812011719,201350,VOO,0
2012-03-29,127.77999877929688,128.4600067138672,127.26000213623047,100.41527557373047,2612050,VOO,0
2012-03-30,128.9199981689453,129.0399932861328,128.24000549316406,100.7439193725586,270750,VOO,0
2012-04-02,128.74000549316406,130.1199951171875,128.47999572753906,101.55777740478516,374700,VOO,0
2012-04-03,129.5399932861328,129.82000732421875,128.5,101.16650390625,333850,VOO,0
2012-04-04,128.25999450683594,128.3800048828125,127.54000091552734,100.10223388671875,383000,VOO,0
2012-04-05,127.5199966430664,128.27999877929688,127.4000015258789,100.07096862792969,722350,VOO,0
2012-04-09,126.30000305175781,126.9800033569336,126.13999938964844,98.9597396850586,474850,VOO,0
2012-04-10,126.22000122070312,126.55999755859375,124.22000122070312,97.2381591796875,392650,VOO,0
2012-04-11,125.66000366210938,125.81999969482422,125.13999938964844,98.03634643554688,172850,VOO,0
2012-04-12,125.41999816894531,127.05999755859375,125.4000015258789,99.3823013305664,105550,VOO,0
2012-04-13,126.69999694824219,126.69999694824219,125.36000061035156,98.19287109375,2416850,VOO,0
2012-04-16,126.16000366210938,126.30000305175781,124.94000244140625,98.08331298828125,826850,VOO,0
2012-04-17,126.16000366210938,127.5199966430664,126.08000183105469,99.58577728271484,497450,VOO,0
2012-04-18,126.72000122070312,127.23999786376953,126.5999984741211,99.24144744873047,420750,VOO,0
2012-04-19,126.86000061035156,127.30000305175781,125.44000244140625,98.59977722167969,831200,VOO,0
2012-04-20,126.58000183105469,126.9800033569336,126.16000366210938,98.75627899169922,112100,VOO,0
2012-04-23,124.94000244140625,125.26000213623047,124.4000015258789,97.91117858886719,324950,VOO,0
2012-04-24,125.23999786376953,125.91999816894531,125.19999694824219,98.2711410522461,469300,VOO,0
2012-04-25,126.83999633789062,127.37999725341797,126.76000213623047,99.64839935302734,171750,VOO,0
2012-04-26,127.12000274658203,128.3800048828125,127,100.33700561523438,157100,VOO,0
2012-04-27,128.66000366210938,128.82000732421875,127.94000244140625,100.54045867919922,185050,VOO,0
2012-04-30,128.22000122070312,128.25999450683594,127.63999938964844,100.10223388671875,247600,VOO,0
2012-05-01,127.95999908447266,129.60000610351562,127.80000305175781,100.75959014892578,527450,VOO,0
2012-05-02,128.05999755859375,128.52000427246094,127.62000274658203,100.44654846191406,154250,VOO,0
2012-05-03,128.4600067138672,128.5,127.19999694824219,99.71100616455078,177000,VOO,0
2012-05-04,126.76000213623047,126.83999633789062,125.30000305175781,98.08331298828125,365200,VOO,0
2012-05-07,124.9000015258789,125.86000061035156,124.86000061035156,98.16154479980469,990350,VOO,0
2012-05-08,124.69999694824219,125.12000274658203,123.4800033569336,97.73896789550781,403050,VOO,0
2012-05-09,123.5999984741211,124.9800033569336,123.04000091552734,97.19120025634766,373700,VOO,0
2012-05-10,125.13999938964844,125.18000030517578,124.23999786376953,97.36334991455078,130100,VOO,0
2012-05-11,123.69999694824219,125.19999694824219,123.63999938964844,97.05033874511719,365300,VOO,0
2012-05-14,122.86000061035156,123.54000091552734,122.54000091552734,96.01741027832031,953250,VOO,0
2012-05-15,122.58000183105469,123.31999969482422,121.81999969482422,95.48529052734375,1532500,VOO,0
2012-05-16,122.5199966430664,123.0199966430664,121.5,95.07833862304688,331350,VOO,0
2012-05-17,121.58000183105469,121.68000030517578,119.66000366210938,93.63848114013672,288750,VOO,0
2012-05-18,120.16000366210938,120.4000015258789,118.55999755859375,92.90290069580078,760350,VOO,0
2012-05-21,119.04000091552734,120.77999877929688,118.9000015258789,94.46796417236328,271550,VOO,0
2012-05-22,121.08000183105469,121.87999725341797,120.18000030517578,94.67141723632812,654450,VOO,0
2012-05-23,120.0999984741211,121.13999938964844,118.91999816894531,94.67141723632812,176000,VOO,0
2012-05-24,121.37999725341797,121.5,120.23999786376953,94.84359741210938,112050,VOO,0
2012-05-25,121.22000122070312,121.5,120.62000274658203,94.62444305419922,336400,VOO,0
2012-05-29,121.87999725341797,122.54000091552734,121.45999908447266,95.70437622070312,306600,VOO,0
2012-05-30,121.30000305175781,121.33999633789062,120.30000305175781,94.32711791992188,809500,VOO,0
2012-05-31,120.54000091552734,121.13999938964844,119.26000213623047,94.09236907958984,424150,VOO,0
2012-06-01,118.33999633789062,118.76000213623047,117.23999786376953,91.79170989990234,641850,VOO,0
2012-06-04,117.44000244140625,117.76000213623047,116.33999633789062,91.76039123535156,213600,VOO,0
2012-06-05,116.95999908447266,118.22000122070312,116.9000015258789,92.29254150390625,252350,VOO,0
2012-06-06,118.91999816894531,120.77999877929688,118.86000061035156,94.49929809570312,254650,VOO,0
2012-06-07,122.12000274658203,122.16000366210938,120.58000183105469,94.48361206054688,201000,VOO,0
2012-06-08,120.5999984741211,121.80000305175781,120.0999984741211,95.26614379882812,219550,VOO,0
2012-06-11,122.80000305175781,122.83999633789062,120.12000274658203,94.10800170898438,304600,VOO,0
2012-06-12,120.58000183105469,121.66000366210938,120,95.20356750488281,168300,VOO,0
2012-06-13,121.23999786376953,121.94000244140625,120.41999816894531,94.57755279541016,144900,VOO,0
2012-06-14,121.08000183105469,122.5999984741211,120.83999633789062,95.62613677978516,2181350,VOO,0
2012-06-15,122.62000274658203,123.44000244140625,122.41999816894531,96.47125244140625,229250,VOO,0
2012-06-18,122.87999725341797,123.9000015258789,122.58000183105469,96.67472839355469,482500,VOO,0
2012-06-19,124.19999694824219,125.30000305175781,124.13999938964844,97.66072845458984,175200,VOO,0
2012-06-20,124.83999633789062,125.18000030517578,123.69999694824219,97.50421142578125,235700,VOO,0
2012-06-21,124.77999877929688,124.81999969482422,121.72000122070312,95.3600845336914,155400,VOO,0
2012-06-22,122.4800033569336,122.95999908447266,122,96.04867553710938,285800,VOO,0
2012-06-25,120.83999633789062,120.86000061035156,119.72000122070312,94.52265167236328,283200,VOO,0
2012-06-26,120.4800033569336,121.0999984741211,119.81999969482422,94.97885131835938,352750,VOO,0
2012-06-27,121.16000366210938,122.05999755859375,121.0999984741211,95.82843017578125,301100,VOO,0
2012-06-28,121.04000091552734,121.63999938964844,120.13999938964844,95.60820007324219,171750,VOO,0
2012-06-29,123.72000122070312,124.62000274658203,123.37999725341797,97.98383331298828,305000,VOO,0
2012-07-02,124.9000015258789,125.0199966430664,124.04000091552734,98.25128936767578,258700,VOO,0
2012-07-03,124.9000015258789,125.80000305175781,124.76000213623047,98.89632415771484,161050,VOO,0
2012-07-05,125.33999633789062,125.69999694824219,124.72000122070312,98.4715576171875,308900,VOO,0
2012-07-06,123.9800033569336,124.19999694824219,123.36000061035156,97.55905151367188,478350,VOO,0
2012-07-09,123.94000244140625,124.0199966430664,123.26000213623047,97.43321228027344,177800,VOO,0
2012-07-10,124.45999908447266,124.5999984741211,122.31999969482422,96.5363998413086,322300,VOO,0
2012-07-11,122.77999877929688,123.0999984741211,122.05999755859375,96.55216979980469,199700,VOO,0
2012-07-12,122.04000091552734,122.68000030517578,121.31999969482422,96.04869079589844,432700,VOO,0
2012-07-13,122.4800033569336,124.30000305175781,122.4800033569336,97.68490600585938,480650,VOO,0
2012-07-16,123.9000015258789,124.26000213623047,123.45999908447266,97.46464538574219,164400,VOO,0
2012-07-17,124.4000015258789,125,123.12000274658203,98.15689086914062,293450,VOO,0
2012-07-18,124.4800033569336,125.91999816894531,124.4000015258789,98.86488342285156,242900,VOO,0
2012-07-19,125.9800033569336,126.4000015258789,125.55999755859375,99.11658477783203,516500,VOO,0
2012-07-20,125.30000305175781,125.4800033569336,124.73999786376953,98.20407104492188,606900,VOO,0
2012-07-23,123.0199966430664,123.94000244140625,122.4800033569336,97.22865295410156,451450,VOO,0
2012-07-24,123.69999694824219,123.69999694824219,121.72000122070312,96.45775604248047,533700,VOO,0
2012-07-25,122.81999969482422,123.0999984741211,121.91999816894531,96.39481353759766,509100,VOO,0
2012-07-26,124.37999725341797,124.81999969482422,123.76000213623047,97.96810150146484,412450,VOO,0
2012-07-27,125.26000213623047,127.23999786376953,125.04000091552734,99.85604095458984,901950,VOO,0
2012-07-30,126.76000213623047,127.45999908447266,126.5,99.8088607788086,348300,VOO,0
2012-07-31,126.72000122070312,127.05999755859375,126.05999755859375,99.16377258300781,681600,VOO,0
2012-08-01,126.87999725341797,126.91999816894531,125.72000122070312,99.05366516113281,526450,VOO,0
2012-08-02,125,125.86000061035156,124.08000183105469,98.36143493652344,478100,VOO,0
2012-08-03,126.83999633789062,127.73999786376953,126.73999786376953,100.28084564208984,239850,VOO,0
2012-08-06,127.87999725341797,128.25999450683594,127.72000122070312,100.54828643798828,547200,VOO,0
2012-08-07,128.3000030517578,128.94000244140625,128.25999450683594,101.00452423095703,380200,VOO,0
2012-08-08,127.95999908447266,128.6999969482422,127.95999908447266,101.11468505859375,322000,VOO,0
2012-08-09,128.4199981689453,128.9199981689453,128.25999450683594,101.22478485107422,360650,VOO,0
2012-08-10,128.1999969482422,128.94000244140625,127.94000244140625,101.38211059570312,336450,VOO,0
2012-08-13,128.66000366210938,128.86000061035156,128.13999938964844,101.30345916748047,329900,VOO,0
2012-08-14,129.27999877929688,129.33999633789062,128.4600067138672,101.35063171386719,456950,VOO,0
2012-08-15,128.75999450683594,129.17999267578125,128.67999267578125,101.46080017089844,213000,VOO,0
2012-08-16,129.13999938964844,130.10000610351562,128.86000061035156,102.15303802490234,632400,VOO,0
2012-08-17,130.13999938964844,130.22000122070312,129.8000030517578,102.3890151977539,355350,VOO,0
2012-08-20,129.97999572753906,130.13999938964844,129.5800018310547,102.35755157470703,288100,VOO,0
2012-08-21,130.44000244140625,130.94000244140625,129.4600067138672,102.04288482666016,304100,VOO,0
2012-08-22,129.3800048828125,129.94000244140625,129.10000610351562,102.05862426757812,350050,VOO,0
2012-08-23,129.5,129.5,128.5,101.25624084472656,159950,VOO,0
2012-08-24,128.4600067138672,129.77999877929688,128.33999633789062,101.88558959960938,410950,VOO,0
2012-08-27,129.86000061035156,130,129.36000061035156,101.88558959960938,221650,VOO,0
2012-08-28,129.22000122070312,129.8000030517578,129,101.79114532470703,193400,VOO,0
2012-08-29,129.5,129.83999633789062,129.13999938964844,101.88558959960938,176900,VOO,0
2012-08-30,128.9199981689453,128.94000244140625,128.3000030517578,101.11468505859375,148950,VOO,0
2012-08-31,129.3000030517578,129.75999450683594,128.47999572753906,101.64955139160156,805400,VOO,0
2012-09-04,129.13999938964844,129.4199981689453,128.24000549316406,101.38211059570312,347800,VOO,0
2012-09-05,129.16000366210938,129.4600067138672,128.72000122070312,101.38211059570312,417050,VOO,0
2012-09-06,129.74000549316406,131.55999755859375,129.74000549316406,103.49031066894531,261200,VOO,0
2012-09-07,131.8000030517578,132.10000610351562,131.67999267578125,103.91510772705078,513200,VOO,0
2012-09-10,131.97999572753906,132.1999969482422,131.27999877929688,103.301513671875,187450,VOO,0
2012-09-11,131.4600067138672,132.1199951171875,131.3800048828125,103.58470916748047,348400,VOO,0
2012-09-12,132.1999969482422,132.27999877929688,131.74000549316406,103.91510772705078,290700,VOO,0
2012-09-13,132.16000366210938,134.5800018310547,131.9600067138672,105.56704711914062,335050,VOO,0
2012-09-14,134.44000244140625,135.5800018310547,134.36000061035156,106.00750732421875,855800,VOO,0
2012-09-17,134.5,134.6999969482422,133.97999572753906,105.69293975830078,338400,VOO,0
2012-09-18,134.13999938964844,134.36000061035156,133.8800048828125,105.58275604248047,216950,VOO,0
2012-09-19,134.3800048828125,134.6999969482422,134.0399932861328,105.66146087646484,397500,VOO,0
2012-09-20,133.67999267578125,134.36000061035156,133.3000030517578,105.64571380615234,448550,VOO,0
2012-09-21,134.9600067138672,134.9600067138672,134.1999969482422,105.58275604248047,1295000,VOO,0
2012-09-24,132.89999389648438,133.63999938964844,132.8000030517578,105.44519805908203,489850,VOO,0
2012-09-25,133.66000366210938,133.8800048828125,131.9199981689453,104.369873046875,287900,VOO,0
2012-09-26,131.89999389648438,131.9199981689453,130.86000061035156,103.70572662353516,175550,VOO,0
2012-09-27,131.75999450683594,132.74000549316406,131.4199981689453,104.7177734375,586850,VOO,0
2012-09-28,131.94000244140625,132.33999633789062,131.39999389648438,104.24334716796875,263900,VOO,0
2012-10-01,132.3000030517578,133.33999633789062,131.86000061035156,104.43313598632812,493550,VOO,0
2012-10-02,132.6999969482422,132.8800048828125,131.6999969482422,104.575439453125,272950,VOO,0
2012-10-03,132.66000366210938,133.13999938964844,131.97999572753906,105.00243377685547,149150,VOO,0
2012-10-04,133.33999633789062,133.9199981689453,133.17999267578125,105.80892181396484,226600,VOO,0
2012-10-05,134.47999572753906,134.72000122070312,133.39999389648438,105.77728271484375,251250,VOO,0
2012-10-08,133.32000732421875,133.5399932861328,133.10000610351562,105.46102905273438,139750,VOO,0
2012-10-09,133.24000549316406,133.3000030517578,131.97999572753906,104.43313598632812,360050,VOO,0
2012-10-10,131.9600067138672,132.0800018310547,131.02000427246094,103.72148895263672,291950,VOO,0
2012-10-11,132.0800018310547,132.27999877929688,131.25999450683594,103.78478240966797,436200,VOO,0
2012-10-12,131.3000030517578,131.75999450683594,130.5399932861328,103.4210433959961,503150,VOO,0
2012-10-15,131.1199951171875,132.02000427246094,130.72000122070312,104.290771484375,361350,VOO,0
2012-10-16,132.5,133.33999633789062,132.4600067138672,105.35033416748047,839250,VOO,0
2012-10-17,133.33999633789062,133.9600067138672,133.1999969482422,105.84056091308594,163500,VOO,0
2012-10-18,133.5,134.13999938964844,133.05999755859375,105.57170867919922,211900,VOO,0
2012-10-19,133.24000549316406,133.24000549316406,130.97999572753906,103.76895141601562,353600,VOO,0
2012-10-22,131.0800018310547,131.5,130.25999450683594,103.83221435546875,503500,VOO,0
2012-10-23,129.9199981689453,130.0399932861328,128.9600067138672,102.31410217285156,519000,VOO,0
2012-10-24,129.89999389648438,130.10000610351562,128.9199981689453,102.09269714355469,365650,VOO,0
2012-10-25,130.0800018310547,130.24000549316406,128.72000122070312,102.37733459472656,485500,VOO,0
2012-10-26,129.33999633789062,129.83999633789062,128.5399932861328,102.29827117919922,307100,VOO,0
2012-10-31,129.94000244140625,130.02000427246094,128.8000030517578,102.20341491699219,586700,VOO,0
2012-11-01,129.72000122070312,130.89999389648438,129.6199951171875,103.40523529052734,317650,VOO,0
2012-11-02,131.5800018310547,131.5800018310547,129.5,102.47225189208984,902700,VOO,0
2012-11-05,129.39999389648438,130.13999938964844,129.05999755859375,102.70941925048828,371250,VOO,0
2012-11-06,130.24000549316406,131.36000061035156,130.13999938964844,103.46851348876953,275100,VOO,0
2012-11-07,129.72000122070312,129.72000122070312,127.31999969482422,101.2071533203125,1039850,VOO,0
2012-11-08,127.9000015258789,128.5399932861328,126.30000305175781,99.86300659179688,819250,VOO,0
2012-11-09,126,127.66000366210938,125.91999816894531,99.97368621826172,1032750,VOO,0
2012-11-12,126.87999725341797,127.05999755859375,126.33999633789062,100.11598205566406,179700,VOO,0
2012-11-13,125.91999816894531,127.45999908447266,125.76000213623047,99.75226593017578,438750,VOO,0
2012-11-14,126.55999755859375,126.69999694824219,124.16000366210938,98.53462982177734,340050,VOO,0
2012-11-15,124.5,124.94000244140625,123.76000213623047,98.15513610839844,615400,VOO,0
2012-11-16,124.44000244140625,125.08000183105469,123.37999725341797,98.66114807128906,403450,VOO,0
2012-11-19,126.26000213623047,127.36000061035156,126.19999694824219,100.6694564819336,334250,VOO,0
2012-11-20,127.18000030517578,127.62000274658203,126.41999816894531,100.78018188476562,368750,VOO,0
2012-11-21,127.54000091552734,127.77999877929688,127.30000305175781,101.00155639648438,143850,VOO,0
2012-11-23,128.32000732421875,129.44000244140625,128.22000122070312,102.28248596191406,182700,VOO,0
2012-11-26,128.8000030517578,129.1999969482422,128.36000061035156,102.15595245361328,396800,VOO,0
2012-11-27,129.02000427246094,129.44000244140625,128.39999389648438,101.66574096679688,294950,VOO,0
2012-11-28,127.9800033569336,129.5800018310547,127.27999877929688,102.42479705810547,253350,VOO,0
2012-11-29,130.05999755859375,130.52000427246094,129.47999572753906,102.88338470458984,293200,VOO,0
2012-11-30,130.16000366210938,130.3800048828125,129.72000122070312,102.78851318359375,387400,VOO,0
2012-12-03,130.74000549316406,130.82000732421875,129.39999389648438,102.42479705810547,406950,VOO,0
2012-12-04,129.5399932861328,129.8800048828125,128.9600067138672,102.23507690429688,243700,VOO,0
2012-12-05,129.4600067138672,130.1199951171875,128.55999755859375,102.45643615722656,256950,VOO,0
2012-12-06,129.4600067138672,130.05999755859375,129.3000030517578,102.77269744873047,119900,VOO,0
2012-12-07,130.5399932861328,130.66000366210938,129.74000549316406,103.0889663696289,295350,VOO,0
2012-12-10,130.24000549316406,130.75999450683594,130.17999267578125,103.15222930908203,231750,VOO,0
2012-12-11,131.02000427246094,131.94000244140625,130.9600067138672,103.81640625,586950,VOO,0
2012-12-12,131.89999389648438,132.36000061035156,131.27999877929688,103.89544677734375,353600,VOO,0
2012-12-13,131.3800048828125,131.6999969482422,130.27999877929688,103.26290130615234,354800,VOO,0
2012-12-14,130.32000732421875,130.55999755859375,129.9199981689453,102.93082427978516,316050,VOO,0
2012-12-17,130.44000244140625,131.74000549316406,130.44000244140625,104.16427612304688,457200,VOO,0
2012-12-18,131.8800048828125,133.25999450683594,131.6999969482422,105.22378540039062,802550,VOO,0
2012-12-19,133.32000732421875,133.32000732421875,132.10000610351562,104.448974609375,1522250,VOO,0
2012-12-20,132.22000122070312,132.94000244140625,131.8800048828125,105.09727478027344,1862200,VOO,0
2012-12-21,131.10000610351562,131.94000244140625,130.9600067138672,104.11685943603516,747750,VOO,0
2012-12-24,130.5399932861328,130.5399932861328,130.22000122070312,103.81426239013672,257950,VOO,0
2012-12-26,130.60000610351562,130.67999267578125,129.4600067138672,103.32048034667969,389650,VOO,0
2012-12-27,129.82000732421875,130.0800018310547,128.16000366210938,103.2249526977539,716400,VOO,0
2012-12-28,128.86000061035156,129.5,128.13999938964844,102.0781478881836,543150,VOO,0
2012-12-31,127.91999816894531,130.5399932861328,127.80000305175781,103.83016967773438,1265050,VOO,0
2013-01-02,132.94000244140625,133.6999969482422,132.55999755859375,106.39446258544922,2166600,VOO,0
2013-01-03,133.63999938964844,133.97999572753906,133.0399932861328,106.29886627197266,1146100,VOO,0
2013-01-04,133.6199951171875,134.22000122070312,133.36000061035156,106.74488830566406,574300,VOO,0
2013-01-07,133.5399932861328,133.77999877929688,133.13999938964844,106.45813751220703,598200,VOO,0
2013-01-08,133.44000244140625,133.60000610351562,132.75999450683594,106.13958740234375,476100,VOO,0
2013-01-09,133.5800018310547,133.97999572753906,133.4199981689453,106.45813751220703,1214600,VOO,0
2013-01-10,134.4199981689453,134.72000122070312,133.67999267578125,107.23860168457031,508050,VOO,0
2013-01-11,134.6999969482422,134.72000122070312,134.25999450683594,107.28638458251953,562500,VOO,0
2013-01-14,134.55999755859375,134.67999267578125,134.10000610351562,107.19082641601562,475600,VOO,0
2013-01-15,133.9600067138672,134.8000030517578,133.8800048828125,107.23860168457031,532350,VOO,0
2013-01-16,134.3800048828125,134.86000061035156,134.25999450683594,107.23860168457031,399400,VOO,0
2013-01-17,135.25999450683594,135.89999389648438,135,107.9075698852539,605700,VOO,0
2013-01-18,135.52000427246094,135.9600067138672,135.02000427246094,108.21015930175781,2081350,VOO,0
2013-01-22,135.86000061035156,136.5399932861328,135.52000427246094,108.73577117919922,1458050,VOO,0
2013-01-23,136.60000610351562,136.89999389648438,136.33999633789062,108.89505767822266,812900,VOO,0
2013-01-24,136.55999755859375,137.4600067138672,136.4600067138672,108.95878601074219,1635550,VOO,0
2013-01-25,137.3000030517578,137.5800018310547,136.89999389648438,109.5639877319336,613600,VOO,0
2013-01-28,137.63999938964844,137.63999938964844,136.9600067138672,109.43658447265625,1188650,VOO,0
2013-01-29,137.17999267578125,138.13999938964844,137.10000610351562,109.88253784179688,680750,VOO,0
2013-01-30,137.97999572753906,138.1999969482422,137.32000732421875,109.45252227783203,754750,VOO,0
2013-01-31,137.3000030517578,137.6999969482422,137,109.19767761230469,443950,VOO,0
2013-02-01,137.97999572753906,138.66000366210938,137.75999450683594,110.24886322021484,2253350,VOO,0
2013-02-04,137.67999267578125,137.8800048828125,136.86000061035156,109.03840637207031,541400,VOO,0
2013-02-05,137.72000122070312,138.72000122070312,137.63999938964844,110.1532974243164,416600,VOO,0
2013-02-06,137.86000061035156,138.52000427246094,137.77999877929688,110.24886322021484,415650,VOO,0
2013-02-07,138.47999572753906,138.55999755859375,137.25999450683594,110.10553741455078,480050,VOO,0
2013-02-08,138.52000427246094,139.0800018310547,138.52000427246094,110.71078491210938,441050,VOO,0
2013-02-11,139,139.10000610351562,138.67999267578125,110.66300201416016,288100,VOO,0
2013-02-12,139.02000427246094,139.47999572753906,138.86000061035156,110.83818054199219,409550,VOO,0
2013-02-13,139.52000427246094,139.74000549316406,138.9600067138672,110.93375396728516,1064700,VOO,0
2013-02-14,138.94000244140625,139.63999938964844,138.75999450683594,111.09297943115234,272850,VOO,0
2013-02-15,139.6199951171875,139.72000122070312,138.77999877929688,110.94969177246094,331350,VOO,0
2013-02-19,139.5399932861328,140.36000061035156,139.52000427246094,111.71420288085938,363800,VOO,0
2013-02-20,140.24000549316406,140.27999877929688,138.5399932861328,110.3285140991211,1033200,VOO,0
2013-02-21,138.1999969482422,138.22000122070312,137.32000732421875,109.80294799804688,1410350,VOO,0
2013-02-22,138.44000244140625,139.0800018310547,138.0800018310547,110.75855255126953,1352350,VOO,0
2013-02-25,139.82000732421875,139.97999572753906,136.4600067138672,108.67205810546875,1063400,VOO,0
2013-02-26,137.10000610351562,137.5399932861328,136.22000122070312,109.40470886230469,1571400,VOO,0
2013-02-27,137.25999450683594,139.5,137.16000366210938,110.77445983886719,783400,VOO,0
2013-02-28,139.10000610351562,139.97999572753906,138.6199951171875,110.6470718383789,2426700,VOO,0
2013-03-01,138.32000732421875,139.5,137.74000549316406,110.93375396728516,1540500,VOO,0
2013-03-04,139,140.0800018310547,138.77999877929688,111.55488586425781,536550,VOO,0
2013-03-05,140.75999450683594,141.67999267578125,140.74000549316406,112.51057434082031,532500,VOO,0
2013-03-06,141.83999633789062,141.86000061035156,141.22000122070312,112.71760559082031,1884400,VOO,0
2013-03-07,141.74000549316406,141.94000244140625,141.55999755859375,112.92462921142578,454300,VOO,0
2013-03-08,142.36000061035156,142.5399932861328,141.67999267578125,113.37063598632812,714350,VOO,0
2013-03-11,142.27999877929688,142.9199981689453,142.0800018310547,113.78474426269531,360050,VOO,0
2013-03-12,142.82000732421875,142.9600067138672,142.13999938964844,113.5298843383789,489850,VOO,0
2013-03-13,142.66000366210938,142.97999572753906,142.1999969482422,113.68920135498047,456800,VOO,0
2013-03-14,143.17999267578125,143.6199951171875,143.10000610351562,114.29442596435547,670500,VOO,0
2013-03-15,143.39999389648438,143.5800018310547,142.89999389648438,114.1351318359375,767850,VOO,0
2013-03-18,142,143.17999267578125,141.86000061035156,113.51396942138672,819550,VOO,0
2013-03-19,142.86000061035156,143.02000427246094,141.3000030517578,113.24319458007812,603900,VOO,0
2013-03-20,143.02000427246094,143.4199981689453,142.83999633789062,114.02362060546875,1279950,VOO,0
2013-03-21,142.32000732421875,142.83999633789062,141.75999450683594,113.09986877441406,312100,VOO,0
2013-03-22,141.77999877929688,142.39999389648438,141.67999267578125,113.92401123046875,437050,VOO,0
2013-03-25,142.86000061035156,143.10000610351562,141.32000732421875,113.60397338867188,615400,VOO,0
2013-03-26,142.52000427246094,143.05999755859375,142.33999633789062,114.45207214355469,1374550,VOO,0
2013-03-27,142.1999969482422,143.05999755859375,141.89999389648438,114.38809967041016,392950,VOO,0
2013-03-28,142.9600067138672,143.6199951171875,142.75999450683594,114.64411926269531,366400,VOO,0
2013-04-01,143.39999389648438,144.1999969482422,142.5399932861328,114.32406616210938,618150,VOO,0
2013-04-02,143.3800048828125,143.9199981689453,143.1999969482422,114.88420104980469,799350,VOO,0
2013-04-03,143.72000122070312,143.8000030517578,141.77999877929688,113.73194885253906,771900,VOO,0
2013-04-04,142.3000030517578,142.97999572753906,142.0399932861328,114.1800537109375,975050,VOO,0
2013-04-05,141,142.25999450683594,140.8000030517578,113.73194885253906,642150,VOO,0
2013-04-08,142.1999969482422,143.0399932861328,141.6999969482422,114.43608856201172,315950,VOO,0
2013-04-09,143.32000732421875,144.05999755859375,142.8800048828125,114.8521957397461,369050,VOO,0
2013-04-10,143.94000244140625,145.44000244140625,143.89999389648438,116.26042175292969,1110200,VOO,0
2013-04-11,145.32000732421875,146.22000122070312,145.17999267578125,116.6445083618164,450400,VOO,0
2013-04-12,145.32000732421875,145.63999938964844,144.6199951171875,116.38844299316406,1241200,VOO,0
2013-04-15,144.67999267578125,144.77999877929688,142.0399932861328,113.73194885253906,671850,VOO,0
2013-04-16,143.16000366210938,144.17999267578125,142.75999450683594,115.33224487304688,673400,VOO,0
2013-04-17,143.13999938964844,143.13999938964844,141.27999877929688,113.63594818115234,767850,VOO,0
2013-04-18,142.27999877929688,142.27999877929688,140.5800018310547,112.70781707763672,3966900,VOO,0
2013-04-19,141.4199981689453,142.4199981689453,141.1199951171875,113.90802001953125,731400,VOO,0
2013-04-22,142.63999938964844,143.3000030517578,141.6999969482422,114.42008972167969,527900,VOO,0
2013-04-23,143.6999969482422,144.60000610351562,143,115.63629150390625,875050,VOO,0
2013-04-24,144.52000427246094,144.9600067138672,144.25999450683594,115.6683349609375,1775750,VOO,0
2013-04-25,144.97999572753906,145.83999633789062,144.77999877929688,116.18040466308594,300450,VOO,0
2013-04-26,144.9600067138672,145.22000122070312,144.44000244140625,115.92436218261719,259750,VOO,0
2013-04-29,145.3000030517578,146.17999267578125,145.0800018310547,116.6764907836914,519050,VOO,0
2013-04-30,145.86000061035156,146.27999877929688,145.25999450683594,117.0445327758789,486350,VOO,0
2013-05-01,145.9199981689453,145.9600067138672,144.77999877929688,115.98835754394531,462400,VOO,0
2013-05-02,145.36000061035156,146.39999389648438,145.1999969482422,117.02851867675781,404700,VOO,0
2013-05-03,147.5800018310547,148.24000549316406,147.5,118.13274383544922,475850,VOO,0
2013-05-06,147.89999389648438,148.3800048828125,147.82000732421875,118.50082397460938,699750,VOO,0
2013-05-07,148.47999572753906,148.9600067138672,148.05999755859375,119.1089096069336,391950,VOO,0
2013-05-08,148.77999877929688,149.63999938964844,148.67999267578125,119.73303985595703,294900,VOO,0
2013-05-09,149.5399932861328,149.9199981689453,148.82000732421875,119.38097381591797,397550,VOO,0
2013-05-10,149.33999633789062,149.74000549316406,148.8800048828125,119.7970199584961,671150,VOO,0
2013-05-13,149.47999572753906,150,149.1199951171875,119.78105163574219,1208650,VOO,0
2013-05-14,149.94000244140625,151.4199981689453,149.89999389648438,121.04527282714844,363000,VOO,0
2013-05-15,151.10000610351562,152.44000244140625,151.0399932861328,121.7333755493164,707050,VOO,0
2013-05-16,151.86000061035156,152.33999633789062,151.22000122070312,121.17326354980469,676650,VOO,0
2013-05-17,152.02000427246094,152.97999572753906,151.82000732421875,122.32548522949219,660750,VOO,0
2013-05-20,152.75999450683594,153.5,152.6199951171875,122.32548522949219,665450,VOO,0
2013-05-21,153.05999755859375,153.67999267578125,152.52000427246094,122.48551940917969,481200,VOO,0
2013-05-22,153.32000732421875,154.86000061035156,151.3000030517578,121.66935729980469,978050,VOO,0
2013-05-23,150.33999633789062,151.9199981689453,150.13999938964844,121.2373275756836,1134700,VOO,0
2013-05-24,150.60000610351562,151.39999389648438,150.1999969482422,121.07723999023438,684800,VOO,0
2013-05-28,153.13999938964844,153.67999267578125,151.8800048828125,121.94141387939453,566800,VOO,0
2013-05-29,151.5,151.83999633789062,150.52000427246094,121.01324462890625,881200,VOO,0
2013-05-30,151.4199981689453,152.5800018310547,151.36000061035156,121.54134368896484,444800,VOO,0
2013-05-31,151.47999572753906,152.27999877929688,149.5,119.76502227783203,814800,VOO,0
2013-06-03,150.05999755859375,150.60000610351562,148.9600067138672,120.38912963867188,1002250,VOO,0
2013-06-04,150.5800018310547,151.22000122070312,149.0399932861328,120.02106475830078,1190650,VOO,0
2013-06-05,149.3800048828125,149.63999938964844,147.5800018310547,118.18074035644531,1122300,VOO,0
2013-06-06,147.66000366210938,148.97999572753906,146.75999450683594,119.1089096069336,1172500,VOO,0
2013-06-07,150.0800018310547,151.05999755859375,149.4199981689453,120.773193359375,1464650,VOO,0
2013-06-10,151.4600067138672,151.4600067138672,150.5399932861328,120.72522735595703,1841250,VOO,0
2013-06-11,149.52000427246094,150.67999267578125,148.97999572753906,119.49298095703125,1502800,VOO,0
2013-06-12,150.4199981689453,150.52000427246094,148,118.56480407714844,1058300,VOO,0
2013-06-13,148.02000427246094,150.60000610351562,147.72000122070312,120.27713775634766,1280150,VOO,0
2013-06-14,150.17999267578125,150.77999877929688,149.16000366210938,119.541015625,1172650,VOO,0
2013-06-17,150.47999572753906,151.27999877929688,149.77999877929688,120.50113677978516,1048100,VOO,0
2013-06-18,150.6999969482422,152,150.6999969482422,121.4293212890625,1033300,VOO,0
2013-06-19,151.67999267578125,151.94000244140625,149.66000366210938,119.81303405761719,990950,VOO,0
2013-06-20,148.22000122070312,148.44000244140625,145.55999755859375,116.77246856689453,1686200,VOO,0
2013-06-21,146.9600067138672,147.10000610351562,144.97999572753906,117.14057159423828,1565400,VOO,0
2013-06-24,144.1999969482422,145.1199951171875,142.66000366210938,115.65926361083984,1863750,VOO,0
2013-06-25,145.17999267578125,145.75999450683594,144.22000122070312,116.81732177734375,1520750,VOO,0
2013-06-26,146.44000244140625,147,145.8800048828125,117.91096496582031,1710800,VOO,0
2013-06-27,147.5800018310547,148.24000549316406,147.4600067138672,118.69911193847656,756150,VOO,0
2013-06-28,147.16000366210938,147.86000061035156,146.4600067138672,117.95923614501953,1026450,VOO,0
2013-07-01,147.74000549316406,148.8000030517578,147.5399932861328,118.84388732910156,1394400,VOO,0
2013-07-02,147.55999755859375,148.66000366210938,147,118.66692352294922,1208750,VOO,0
2013-07-03,147.05999755859375,148.16000366210938,146.75999450683594,118.7795181274414,513250,VOO,0
2013-07-05,148.8800048828125,149.39999389648438,147.77999877929688,120.09839630126953,626450,VOO,0
2013-07-08,150.1199951171875,150.5800018310547,149.83999633789062,120.72565460205078,836550,VOO,0
2013-07-09,151.10000610351562,151.4600067138672,150.47999572753906,121.64240264892578,792000,VOO,0
2013-07-10,151.17999267578125,151.82000732421875,150.82000732421875,121.67459869384766,771550,VOO,0
2013-07-11,153.0800018310547,153.5399932861328,152.5800018310547,123.3955307006836,1298350,VOO,0
2013-07-12,153.39999389648438,153.77999877929688,153.1199951171875,123.42781066894531,971450,VOO,0
2013-07-15,153.83999633789062,154.22000122070312,153.6199951171875,123.87810516357422,643900,VOO,0
2013-07-16,154.1199951171875,154.1999969482422,153.0399932861328,123.41168212890625,698900,VOO,0
2013-07-17,154.0399932861328,154.27999877929688,153.66000366210938,123.71728515625,702400,VOO,0
2013-07-18,154.17999267578125,155.05999755859375,154.13999938964844,124.42498016357422,432700,VOO,0
2013-07-19,154.39999389648438,155,154.17999267578125,124.65013122558594,367600,VOO,0
2013-07-22,155.1999969482422,155.5,154.83999633789062,124.87530517578125,420100,VOO,0
2013-07-23,155.5800018310547,155.6199951171875,154.86000061035156,124.61798095703125,1034850,VOO,0
2013-07-24,155.5800018310547,155.60000610351562,154.0800018310547,124.1515121459961,790000,VOO,0
2013-07-25,154.05999755859375,154.86000061035156,153.86000061035156,124.3767318725586,314200,VOO,0
2013-07-26,154.0800018310547,154.9600067138672,153.4600067138672,124.53754425048828,876850,VOO,0
2013-07-29,154.52000427246094,154.86000061035156,153.97999572753906,124.16763305664062,927100,VOO,0
2013-07-30,154.9600067138672,155.0800018310547,154.10000610351562,124.18375396728516,446950,VOO,0
2013-07-31,154.75999450683594,155.5800018310547,154.33999633789062,124.21585845947266,623550,VOO,0
2013-08-01,155.67999267578125,156.4600067138672,155.63999938964844,125.7277603149414,491850,VOO,0
2013-08-02,156.02000427246094,156.60000610351562,155.77999877929688,125.92078399658203,558650,VOO,0
2013-08-05,156.33999633789062,156.6199951171875,156.0800018310547,125.8403091430664,317900,VOO,0
2013-08-06,156.1199951171875,156.1999969482422,155.16000366210938,125.08439636230469,413650,VOO,0
2013-08-07,155,155.1999969482422,154.44000244140625,124.65013122558594,431150,VOO,0
2013-08-08,155.72000122070312,155.86000061035156,154.72000122070312,125.08439636230469,499050,VOO,0
2013-08-09,155.36000061035156,155.82000732421875,154.60000610351562,124.73052978515625,618400,VOO,0
2013-08-12,154.33999633789062,155.10000610351562,154.27999877929688,124.56974792480469,330550,VOO,0
2013-08-13,155.16000366210938,155.6199951171875,154.27999877929688,125.05221557617188,2052850,VOO,0
2013-08-14,155.32000732421875,155.5399932861328,154.5399932861328,124.34455108642578,496300,VOO,0
2013-08-15,153.32000732421875,153.32000732421875,152.16000366210938,122.5270767211914,750750,VOO,0
2013-08-16,152.1199951171875,152.6199951171875,151.5800018310547,122.17321014404297,615000,VOO,0
2013-08-19,151.6999969482422,152.22000122070312,150.94000244140625,121.40119934082031,825050,VOO,0
2013-08-20,151.1999969482422,152.22000122070312,151.02000427246094,121.88369750976562,933300,VOO,0
2013-08-21,151.25999450683594,152.05999755859375,150.39999389648438,121.25646209716797,498450,VOO,0
2013-08-22,151.0399932861328,152.32000732421875,151.0399932861328,122.3179931640625,635800,VOO,0
2013-08-23,152.5800018310547,152.8000030517578,151.86000061035156,122.72002410888672,424400,VOO,0
2013-08-26,152.8000030517578,153.25999450683594,151.9600067138672,122.3341064453125,704050,VOO,0
2013-08-27,150.5800018310547,151.1199951171875,149.5,120.32353973388672,803600,VOO,0
2013-08-28,149.5399932861328,150.63999938964844,149.33999633789062,120.72565460205078,665900,VOO,0
2013-08-29,149.77999877929688,151.13999938964844,149.6999969482422,120.91869354248047,923100,VOO,0
2013-08-30,150.63999938964844,150.63999938964844,149.4600067138672,120.3879165649414,870300,VOO,0
2013-09-03,151.32000732421875,151.63999938964844,149.94000244140625,121.09561920166016,1569400,VOO,0
2013-09-04,150.6199951171875,152.05999755859375,150.36000061035156,122.10884094238281,700250,VOO,0
2013-09-05,151.89999389648438,152.39999389648438,151.8000030517578,122.0767593383789,692800,VOO,0
2013-09-06,152.5399932861328,152.94000244140625,150.66000366210938,122.28578186035156,1109250,VOO,0
2013-09-09,152.5,153.6199951171875,152.5,123.4920883178711,1185400,VOO,0
2013-09-10,154.47999572753906,154.72000122070312,154.16000366210938,124.42498016357422,1038650,VOO,0
2013-09-11,154.5,155.1999969482422,154.22000122070312,124.8110122680664,807650,VOO,0
2013-09-12,155.16000366210938,155.33999633789062,154.55999755859375,124.50540161132812,855500,VOO,0
2013-09-13,154.9199981689453,155.25999450683594,154.60000610351562,124.76274108886719,540000,VOO,0
2013-09-16,156.82000732421875,156.8800048828125,155.77999877929688,125.51866149902344,693950,VOO,0
2013-09-17,156.16000366210938,156.72000122070312,156.16000366210938,126.03333282470703,2351450,VOO,0
2013-09-18,156.67999267578125,158.9600067138672,156.27999877929688,127.54520416259766,990900,VOO,0
2013-09-19,158.9600067138672,159.0399932861328,158.1199951171875,127.33614349365234,2964000,VOO,0
2013-09-20,158.66000366210938,158.66000366210938,157.05999755859375,126.33895874023438,611450,VOO,0
2013-09-23,156.16000366210938,156.3000030517578,155.16000366210938,125.8750228881836,1400700,VOO,0
2013-09-24,155.63999938964844,156.22000122070312,155.02000427246094,125.60022735595703,1632400,VOO,0
2013-09-25,155.39999389648438,155.66000366210938,154.72000122070312,125.1961441040039,789000,VOO,0
2013-09-26,155.1199951171875,155.86000061035156,154.86000061035156,125.69721984863281,622250,VOO,0
2013-09-27,154.6999969482422,154.94000244140625,154.33999633789062,125.16378021240234,1405950,VOO,0
2013-09-30,153.39999389648438,154.3800048828125,153.10000610351562,124.46870422363281,1521800,VOO,0
2013-10-01,154.0399932861328,155.25999450683594,153.9199981689453,125.42235565185547,1110450,VOO,0
2013-10-02,154.17999267578125,155,153.74000549316406,125.26072692871094,1253600,VOO,0
2013-10-03,154.60000610351562,154.72000122070312,152.83999633789062,124.14539337158203,1447700,VOO,0
2013-10-04,153.67999267578125,154.86000061035156,153.47999572753906,125.05065155029297,538450,VOO,0
2013-10-07,153.36000061035156,154.3000030517578,153.22000122070312,123.98377227783203,690850,VOO,0
2013-10-08,153.33999633789062,153.52000427246094,151.47999572753906,122.54510498046875,2071600,VOO,0
2013-10-09,151.89999389648438,152.24000549316406,150.72000122070312,122.54510498046875,1340100,VOO,0
2013-10-10,153.1999969482422,155.0399932861328,153.1999969482422,125.30928039550781,1441200,VOO,0
2013-10-11,154.74000549316406,156.02000427246094,154.6199951171875,126.05287170410156,1235900,VOO,0
2013-10-14,155.02000427246094,156.6999969482422,154.8800048828125,126.60240173339844,1408450,VOO,0
2013-10-15,156.17999267578125,156.75999450683594,155.25999450683594,125.66484069824219,1655750,VOO,0
2013-10-16,156.36000061035156,157.6999969482422,156.3000030517578,127.37835693359375,3102850,VOO,0
2013-10-17,157,158.75999450683594,156.97999572753906,128.25120544433594,2548900,VOO,0
2013-10-18,159.24000549316406,159.86000061035156,158.9600067138672,129.10797119140625,1671950,VOO,0
2013-10-21,159.83999633789062,160.05999755859375,159.4199981689453,129.1726531982422,1009100,VOO,0
2013-10-22,160.25999450683594,161.13999938964844,160.02000427246094,129.86769104003906,1364950,VOO,0
2013-10-23,160.16000366210938,160.1999969482422,159.3800048828125,129.2696533203125,948250,VOO,0
2013-10-24,160.22000122070312,160.63999938964844,159.86000061035156,129.68991088867188,795600,VOO,0
2013-10-25,160.8000030517578,161.1999969482422,160.47999572753906,130.2880401611328,1019700,VOO,0
2013-10-28,161.14999389648438,161.6699981689453,160.9600067138672,130.44961547851562,1155000,VOO,0
2013-10-29,161.7899932861328,162.38999938964844,161.58999633789062,131.2498321533203,844500,VOO,0
2013-10-30,162.52999877929688,162.6199951171875,160.92999267578125,130.51429748535156,3362100,VOO,0
2013-10-31,161.39999389648438,162.0399932861328,160.8000030517578,130.0293731689453,1437500,VOO,0
2013-11-01,161.27999877929688,161.77999877929688,160.52999877929688,130.40115356445312,1341300,VOO,0
2013-11-04,161.91000366210938,162.07000732421875,161.3800048828125,130.99114990234375,2940900,VOO,0
2013-11-05,161.33999633789062,161.91000366210938,160.83999633789062,130.5951385498047,1147000,VOO,0
2013-11-06,162.2100067138672,162.58999633789062,161.72999572753906,131.2012481689453,1510400,VOO,0
2013-11-07,162.64999389648438,162.74000549316406,160.10000610351562,129.5201416015625,1242100,VOO,0
2013-11-08,160.22000122070312,162.4499969482422,160.17999267578125,131.29827880859375,1629500,VOO,0
2013-11-11,162.27999877929688,162.6199951171875,162.08999633789062,131.27406311035156,1109900,VOO,0
2013-11-12,162.08999633789062,162.47000122070312,161.5800018310547,131.0396270751953,929600,VOO,0
2013-11-13,161.3300018310547,163.44000244140625,161.3300018310547,132.04994201660156,1336300,VOO,0
2013-11-14,163.61000061035156,164.3800048828125,163.32000732421875,132.78543090820312,1720600,VOO,0
2013-11-15,164.5,165,164.32000732421875,133.3592987060547,710300,VOO,0
2013-11-18,165.27999877929688,165.3699951171875,164.00999450683594,132.8662567138672,1319800,VOO,0
2013-11-19,164.27999877929688,164.77999877929688,163.74000549316406,132.60763549804688,1156500,VOO,0
2013-11-20,164.33999633789062,164.82000732421875,163.0800018310547,132.1873321533203,1468000,VOO,0
2013-11-21,164,164.9499969482422,163.8800048828125,133.221923828125,2121600,VOO,0
2013-11-22,164.91000366210938,165.6699981689453,164.72000122070312,133.90078735351562,1405200,VOO,0
2013-11-25,165.92999267578125,165.97000122070312,165.25999450683594,133.82005310058594,810000,VOO,0
2013-11-26,165.58999633789062,166.00999450683594,165.2899932861328,133.75540161132812,773300,VOO,0
2013-11-27,165.6999969482422,166.0399932861328,165.50999450683594,134.1190643310547,826300,VOO,0
2013-11-29,166.10000610351562,166.50999450683594,165.64999389648438,133.925048828125,614400,VOO,0
2013-12-02,165.9499969482422,166.22000122070312,165.14999389648438,133.7149200439453,1409000,VOO,0
2013-12-03,164.88999938964844,165.25999450683594,164.16000366210938,133.1976776123047,1076900,VOO,0
2013-12-04,164.10000610351562,165.33999633789062,163.38999938964844,133.04400634765625,1374100,VOO,0
2013-12-05,164.39999389648438,164.64999389648438,163.8000030517578,132.53489685058594,1168500,VOO,0
2013-12-06,165.5500030517578,165.9199981689453,165.05999755859375,134.0382537841797,1208700,VOO,0
2013-12-09,166.25,166.42999267578125,165.99000549316406,134.34530639648438,1586300,VOO,0
2013-12-10,165.82000732421875,166.1699981689453,165.50999450683594,133.88462829589844,1747700,VOO,0
2013-12-11,165.6699981689453,165.6999969482422,163.5399932861328,132.3651580810547,1079100,VOO,0
2013-12-12,163.63999938964844,163.85000610351562,162.8699951171875,131.92872619628906,3453800,VOO,0
2013-12-13,163.52999877929688,163.67999267578125,162.8800048828125,131.88832092285156,2151000,VOO,0
2013-12-16,163.9600067138672,164.72000122070312,163.89999389648438,132.72886657714844,1838100,VOO,0
2013-12-17,164.3300018310547,164.36000061035156,163.30999755859375,132.26010131835938,1479800,VOO,0
2013-12-18,163.9199981689453,166.50999450683594,162.00999450683594,134.5635986328125,3112400,VOO,0
2013-12-19,166.02999877929688,166.47000122070312,165.57000732421875,134.44236755371094,1242900,VOO,0
2013-12-20,166.44000244140625,167.64999389648438,166.44000244140625,135.12120056152344,1303500,VOO,0
2013-12-23,168.07000732421875,168.9499969482422,167.75,136.55186462402344,1480200,VOO,0
2013-12-24,167.22999572753906,167.6699981689453,167.22000122070312,136.23817443847656,585700,VOO,0
2013-12-26,167.9499969482422,168.52999877929688,167.9499969482422,136.8720245361328,968100,VOO,0
2013-12-27,168.72000122070312,168.75999450683594,168.27000427246094,136.88015747070312,929700,VOO,0
2013-12-30,168.4600067138672,168.55999755859375,168.1999969482422,136.82322692871094,1112800,VOO,0
2013-12-31,168.66000366210938,169.22999572753906,168.52000427246094,137.45709228515625,774400,VOO,0
2014-01-02,168.52999877929688,168.61000061035156,167.1999969482422,136.22193908691406,1731300,VOO,0
2014-01-03,167.8800048828125,168.2100067138672,167.3300018310547,136.10000610351562,1710500,VOO,0
2014-01-06,168.11000061035156,168.16000366210938,166.82000732421875,135.7586669921875,1339000,VOO,0
2014-01-07,167.72999572753906,168.3699951171875,167.6300048828125,136.6038360595703,824700,VOO,0
2014-01-08,168.07000732421875,168.39999389648438,167.5500030517578,136.66073608398438,3147500,VOO,0
2014-01-09,168.6699981689453,168.67999267578125,167.49000549316406,136.74200439453125,1117200,VOO,0
2014-01-10,168.5500030517578,168.75,167.66000366210938,137.05894470214844,990200,VOO,0
2014-01-13,168.2899932861328,168.74000549316406,166.14999389648438,135.31988525390625,1338500,VOO,0
2014-01-14,167.02999877929688,168.36000061035156,166.7100067138672,136.7257843017578,866000,VOO,0
2014-01-15,168.6300048828125,169.42999267578125,168.58999633789062,137.4977569580078,943100,VOO,0
2014-01-16,168.82000732421875,169,168.4199981689453,137.2864990234375,778500,VOO,0
2014-01-17,168.6999969482422,168.99000549316406,167.97000122070312,136.6932373046875,904300,VOO,0
2014-01-21,169.22000122070312,169.27999877929688,167.7100067138672,137.12396240234375,1366400,VOO,0
2014-01-22,169.05999755859375,169.0800018310547,168.49000549316406,137.20523071289062,751200,VOO,0
2014-01-23,168.00999450683594,168.00999450683594,166.58999633789062,136.10000610351562,1294000,VOO,0
2014-01-24,166.3699951171875,166.4199981689453,163.8699951171875,133.174560546875,1828900,VOO,0
2014-01-27,164.07000732421875,164.4499969482422,162.2899932861328,132.5243682861328,2882100,VOO,0
2014-01-28,163.24000549316406,164.25,163.17999267578125,133.34524536132812,1067400,VOO,0
2014-01-29,162.75,163.57000732421875,162.07000732421875,131.9556121826172,1346400,VOO,0
2014-01-30,163.88999938964844,164.72000122070312,163.3300018310547,133.43453979492188,2086700,VOO,0
2014-01-31,162.14999389648438,164.25,162.10000610351562,132.60569763183594,1322100,VOO,0
2014-02-03,163.02000427246094,163.41000366210938,159.25999450683594,129.70452880859375,2969400,VOO,0
2014-02-04,160.2899932861328,161.0800018310547,159.72999572753906,130.58224487304688,1116700,VOO,0
2014-02-05,160.10000610351562,160.82000732421875,159.17999267578125,130.36280822753906,1701400,VOO,0
2014-02-06,160.91000366210938,162.58999633789062,160.8800048828125,132.10995483398438,1109600,VOO,0
2014-02-07,163.3699951171875,164.77999877929688,162.85000610351562,133.81646728515625,1258200,VOO,0
2014-02-10,164.63999938964844,164.9600067138672,164.1999969482422,134.02781677246094,937400,VOO,0
2014-02-11,165.1199951171875,167.1300048828125,164.97000122070312,135.50677490234375,1497400,VOO,0
2014-02-12,166.99000549316406,167.5,166.47999572753906,135.6287384033203,1855000,VOO,0
2014-02-13,165.6999969482422,167.83999633789062,165.6999969482422,136.2950439453125,1336600,VOO,0
2014-02-14,167.55999755859375,168.91000366210938,167.3699951171875,137.0182647705078,917200,VOO,0
2014-02-18,168.74000549316406,169.0399932861328,168.27000427246094,137.221435546875,1174300,VOO,0
2014-02-19,168.4199981689453,169.47999572753906,167.57000732421875,136.27879333496094,1928100,VOO,0
2014-02-20,167.92999267578125,169.07000732421875,167.3300018310547,137.05078125,1080000,VOO,0
2014-02-21,169.02000427246094,169.41000366210938,168.4199981689453,136.9857635498047,706200,VOO,0
2014-02-24,168.8699951171875,170.57000732421875,168.77999877929688,137.63584899902344,978600,VOO,0
2014-02-25,169.5800018310547,170.02999877929688,168.83999633789062,137.58709716796875,1001000,VOO,0
2014-02-26,169.58999633789062,170.0399932861328,168.91000366210938,137.58709716796875,709000,VOO,0
2014-02-27,169.14999389648438,170.27000427246094,168.97000122070312,138.3510284423828,1034200,VOO,0
2014-02-28,170.22000122070312,171.47000122070312,169.57000732421875,138.65985107421875,853900,VOO,0
2014-03-03,169.19000244140625,169.88999938964844,168.3800048828125,137.70904541015625,2235900,VOO,0
2014-03-04,171.1699981689453,172.22999572753906,171.1300048828125,139.67564392089844,1281500,VOO,0
2014-03-05,172,172.30999755859375,171.7899932861328,139.7000274658203,983100,VOO,0
2014-03-06,172.5399932861328,172.83999633789062,172.19000244140625,140.14697265625,1037000,VOO,0
2014-03-07,173.0800018310547,173.1300048828125,171.7899932861328,140.11439514160156,1205600,VOO,0
2014-03-10,172.24000549316406,172.47999572753906,171.47000122070312,140.1388397216797,885300,VOO,0
2014-03-11,172.72999572753906,172.9199981689453,171.1699981689453,139.36679077148438,945700,VOO,0
2014-03-12,170.75,171.64999389648438,170.36000061035156,139.46432495117188,1065000,VOO,0
2014-03-13,172.13999938964844,172.24000549316406,169.2100067138672,137.9203338623047,1659400,VOO,0
2014-03-14,169.35000610351562,170.22000122070312,169,137.5220947265625,1323500,VOO,0
2014-03-17,170.05999755859375,171.13999938964844,169.99000549316406,138.75733947753906,1695400,VOO,0
2014-03-18,171.07000732421875,172.17999267578125,170.92999267578125,139.74061584472656,779700,VOO,0
2014-03-19,172.02999877929688,172.22999572753906,169.99000549316406,138.97671508789062,1166300,VOO,0
2014-03-20,170.67999267578125,172.16000366210938,170.3699951171875,139.76502990722656,818200,VOO,0
2014-03-21,172.80999755859375,173.19000244140625,171.24000549316406,139.3017578125,825200,VOO,0
2014-03-24,171.19000244140625,171.38999938964844,169.16000366210938,138.7132110595703,2004900,VOO,0
2014-03-25,170.77999877929688,171.25,169.77999877929688,139.39076232910156,1202100,VOO,0
2014-03-26,171.38999938964844,171.63999938964844,169.4499969482422,138.3621826171875,1155600,VOO,0
2014-03-27,169.32000732421875,169.77999877929688,168.47999572753906,138.08462524414062,980700,VOO,0
2014-03-28,169.6300048828125,170.7899932861328,169.5,138.6968994140625,548900,VOO,0
2014-03-31,171.0399932861328,171.58999633789062,170.8699951171875,139.880615234375,822000,VOO,0
2014-04-01,171.8699951171875,172.58999633789062,171.75999450683594,140.8193817138672,1247500,VOO,0
2014-04-02,172.72000122070312,173.2899932861328,172.39999389648438,141.301025390625,1972800,VOO,0
2014-04-03,173.3300018310547,173.3699951171875,172.32000732421875,141.08059692382812,718300,VOO,0
2014-04-04,173.77000427246094,173.82000732421875,170.52999877929688,139.38259887695312,2270800,VOO,0
2014-04-07,170.36000061035156,170.64999389648438,168.57000732421875,137.88052368164062,1645000,VOO,0
2014-04-08,168.7899932861328,169.8800048828125,168.22000122070312,138.4519805908203,2064000,VOO,0
2014-04-09,170.0800018310547,171.4600067138672,169.61000061035156,139.9458770751953,768800,VOO,0
2014-04-10,171.4199981689453,171.49000549316406,167.6199951171875,136.95809936523438,1286900,VOO,0
2014-04-11,166.9199981689453,168.0500030517578,166.11000061035156,135.72535705566406,1762400,VOO,0
2014-04-14,167.5800018310547,168,166.25999450683594,136.8192901611328,1456600,VOO,0
2014-04-15,167.97999572753906,168.8699951171875,166.3300018310547,137.76626586914062,2160100,VOO,0
2014-04-16,169.9199981689453,170.5500030517578,169.19000244140625,139.2193145751953,2410000,VOO,0
2014-04-17,170.35000610351562,171.24000549316406,170.02999877929688,139.38259887695312,925500,VOO,0
2014-04-21,170.85000610351562,171.4199981689453,170.66000366210938,139.89691162109375,804400,VOO,0
2014-04-22,171.57000732421875,172.6199951171875,171.49000549316406,140.5091552734375,1053300,VOO,0
2014-04-23,172.08999633789062,172.16000366210938,171.64999389648438,140.1744842529297,724500,VOO,0
2014-04-24,172.6300048828125,172.6300048828125,171.3000030517578,140.48468017578125,543900,VOO,0
2014-04-25,171.5500030517578,171.6300048828125,170.32000732421875,139.35809326171875,1357900,VOO,0
2014-04-28,171.38999938964844,171.9600067138672,169.49000549316406,139.7826385498047,647800,VOO,0
2014-04-29,171.7899932861328,172.2899932861328,171.42999267578125,140.45201110839844,1065900,VOO,0
2014-04-30,171.75,172.7100067138672,171.5,140.89285278320312,605300,VOO,0
2014-05-01,172.5,173.02999877929688,172.02999877929688,140.90097045898438,623900,VOO,0
2014-05-02,172.55999755859375,173.25999450683594,172.05999755859375,140.67245483398438,754800,VOO,0
2014-05-05,171.49000549316406,172.72000122070312,171.02000427246094,140.96632385253906,792600,VOO,0
2014-05-06,172.27000427246094,172.3800048828125,171.11000061035156,139.74183654785156,567700,VOO,0
2014-05-07,171.72999572753906,172.22000122070312,170.44000244140625,140.56634521484375,1160600,VOO,0
2014-05-08,171.9600067138672,173.1999969482422,171.42999267578125,140.3948974609375,1390700,VOO,0
2014-05-09,171.97999572753906,172.2899932861328,171.1999969482422,140.63973999023438,955400,VOO,0
2014-05-12,172.9600067138672,173.97999572753906,172.9600067138672,141.9704132080078,780100,VOO,0
2014-05-13,174.08999633789062,174.49000549316406,173.88999938964844,142.10108947753906,994800,VOO,0
2014-05-14,173.91000366210938,173.97000122070312,173,141.41531372070312,1335700,VOO,0
2014-05-15,172.89999389648438,172.92999267578125,170.8699951171875,140.14187622070312,3191100,VOO,0
2014-05-16,171.8000030517578,172.36000061035156,171.10000610351562,140.68875122070312,699600,VOO,0
2014-05-19,171.97999572753906,173.10000610351562,171.80999755859375,141.17042541503906,926900,VOO,0
2014-05-20,172.86000061035156,172.8800048828125,171.41000366210938,140.23977661132812,669400,VOO,0
2014-05-21,172.36000061035156,173.3699951171875,172.30999755859375,141.4561309814453,991300,VOO,0
2014-05-22,173.35000610351562,174.05999755859375,173.05999755859375,141.83975219726562,859000,VOO,0
2014-05-23,173.91000366210938,174.5399932861328,173.82000732421875,142.42759704589844,613900,VOO,0
2014-05-27,175.08999633789062,175.5500030517578,175,143.26840209960938,890000,VOO,0
2014-05-28,175.52000427246094,175.7899932861328,175.08999633789062,143.1215057373047,990900,VOO,0
2014-05-29,175.82000732421875,176.32000732421875,175.3699951171875,143.9378662109375,541000,VOO,0
2014-05-30,176.16000366210938,176.69000244140625,175.97999572753906,144.12557983398438,874700,VOO,0
2014-06-02,176.8300018310547,176.85000610351562,175.94000244140625,144.32147216796875,1620200,VOO,0
2014-06-03,176.35000610351562,176.7899932861328,176.22000122070312,144.231689453125,1252900,VOO,0
2014-06-04,176.3699951171875,177.14999389648438,176.1999969482422,144.49288940429688,984900,VOO,0
2014-06-05,177.24000549316406,178.3800048828125,176.6300048828125,145.4725799560547,853600,VOO,0
2014-06-06,178.6199951171875,179.08999633789062,178.52000427246094,146.16644287109375,586800,VOO,0
2014-06-09,179.0399932861328,179.69000244140625,178.8699951171875,146.3133087158203,461800,VOO,0
2014-06-10,179.02999877929688,179.3000030517578,178.66000366210938,146.34605407714844,959900,VOO,0
2014-06-11,178.63999938964844,178.82000732421875,178.25,145.87255859375,558100,VOO,0
2014-06-12,178.4199981689453,178.52000427246094,176.97999572753906,144.78677368164062,891400,VOO,0
2014-06-13,177.72999572753906,178.07000732421875,177.1699981689453,145.2439422607422,731200,VOO,0
2014-06-16,177.69000244140625,178.41000366210938,177.5,145.3663787841797,756700,VOO,0
2014-06-17,177.8300018310547,178.67999267578125,177.6300048828125,145.75010681152344,2934400,VOO,0
2014-06-18,178.58999633789062,179.97000122070312,178.1699981689453,146.83583068847656,501900,VOO,0
2014-06-19,180.0399932861328,180.2100067138672,179.50999450683594,147.0154266357422,746900,VOO,0
2014-06-20,180.50999450683594,180.57000732421875,180.25,147.3092803955078,830300,VOO,0
2014-06-23,179.6999969482422,179.72999572753906,179.27000427246094,147.2428741455078,737700,VOO,0
2014-06-24,179.2899932861328,180.13999938964844,178.30999755859375,146.3737030029297,391700,VOO,0
2014-06-25,178.13999938964844,179.49000549316406,178.1300048828125,146.9968719482422,586000,VOO,0
2014-06-26,179.36000061035156,179.3800048828125,177.97999572753906,146.92308044433594,676800,VOO,0
2014-06-27,178.7899932861328,179.55999755859375,178.69000244140625,147.1773223876953,1032300,VOO,0
2014-06-30,179.42999267578125,179.82000732421875,179.27999877929688,147.13629150390625,1261200,VOO,0
2014-07-01,179.8800048828125,181.19000244140625,179.8300018310547,148.16954040527344,1199000,VOO,0
2014-07-02,180.6699981689453,181.02999877929688,180.57000732421875,148.27610778808594,511500,VOO,0
2014-07-03,181.30999755859375,181.77999877929688,181.1999969482422,149.02232360839844,327900,VOO,0
2014-07-07,181.3800048828125,181.5,180.83999633789062,148.53855895996094,1151800,VOO,0
2014-07-08,180.77000427246094,180.82000732421875,179.5,147.57911682128906,749400,VOO,0
2014-07-09,180.36000061035156,180.8800048828125,180,148.194091796875,930300,VOO,0
2014-07-10,179.00999450683594,180.47000122070312,178.83999633789062,147.6282958984375,614600,VOO,0
2014-07-11,179.94000244140625,180.36000061035156,179.50999450683594,147.8251190185547,520400,VOO,0
2014-07-14,181.1999969482422,181.41000366210938,181.02000427246094,148.554931640625,493100,VOO,0
2014-07-15,181.25,181.6300048828125,180.05999755859375,148.3007354736328,1207000,VOO,0
2014-07-16,181.64999389648438,181.75999450683594,181.00999450683594,148.8665313720703,539400,VOO,0
2014-07-17,180.9600067138672,181.6199951171875,179.19000244140625,147.11990356445312,1103900,VOO,0
2014-07-18,180.02000427246094,181.44000244140625,179.94000244140625,148.6697540283203,571500,VOO,0
2014-07-21,180.7100067138672,181.0800018310547,180.1300048828125,148.34991455078125,866000,VOO,0
2014-07-22,181.5800018310547,182.0399932861328,181.4199981689453,149.0141143798828,1509500,VOO,0
2014-07-23,182,182.32000732421875,181.63999938964844,149.3667449951172,750900,VOO,0
2014-07-24,182.36000061035156,182.5,181.97000122070312,149.3667449951172,535800,VOO,0
2014-07-25,181.64999389648438,181.77000427246094,180.94000244140625,148.6532745361328,635700,VOO,0
2014-07-28,181.35000610351562,181.60000610351562,180.27999877929688,148.71896362304688,485700,VOO,0
2014-07-29,181.6999969482422,181.88999938964844,180.57000732421875,148.0875244140625,639000,VOO,0
2014-07-30,181.22000122070312,181.44000244140625,179.86000061035156,148.0875244140625,1128500,VOO,0
2014-07-31,179.35000610351562,179.5,176.9600067138672,145.11085510253906,2430500,VOO,0
2014-08-01,176.52000427246094,177.6199951171875,175.64999389648438,144.7582550048828,3398000,VOO,0
2014-08-04,176.80999755859375,178.11000061035156,176.07000732421875,145.77505493164062,2212000,VOO,0
2014-08-05,177.0399932861328,177.47999572753906,175.39999389648438,144.29901123046875,1251300,VOO,0
2014-08-06,175.1999969482422,176.82000732421875,175.17999267578125,144.38922119140625,1185800,VOO,0
2014-08-07,176.89999389648438,177.0399932861328,174.6999969482422,143.6101837158203,1527100,VOO,0
2014-08-08,175.49000549316406,177.27000427246094,175.10000610351562,145.27484130859375,1209900,VOO,0
2014-08-11,177.8699951171875,178.47000122070312,177.61000061035156,145.68484497070312,1191200,VOO,0
2014-08-12,177.47000122070312,177.99000549316406,176.89999389648438,145.51263427734375,513900,VOO,0
2014-08-13,178.14999389648438,178.8300018310547,177.8699951171875,146.5376739501953,781600,VOO,0
2014-08-14,178.9199981689453,179.47999572753906,178.77000427246094,147.1773223876953,842000,VOO,0
2014-08-15,180.14999389648438,180.3000030517578,178.17999267578125,147.13629150390625,1694300,VOO,0
2014-08-18,180.4600067138672,181.02999877929688,180.33999633789062,148.35812377929688,1039100,VOO,0
2014-08-19,181.39999389648438,182.02999877929688,181.22999572753906,149.1453399658203,583000,VOO,0
2014-08-20,181.66000366210938,182.61000061035156,181.64999389648438,149.5552978515625,1507800,VOO,0
2014-08-21,182.5800018310547,183.1699981689453,182.4199981689453,149.9817657470703,756600,VOO,0
2014-08-22,182.8000030517578,183.08999633789062,182.24000549316406,149.74395751953125,656500,VOO,0
2014-08-25,183.5399932861328,183.86000061035156,183.27000427246094,150.52297973632812,1097200,VOO,0
2014-08-26,183.72000122070312,184.1699981689453,183.64999389648438,150.64596557617188,749500,VOO,0
2014-08-27,183.80999755859375,183.89999389648438,183.33999633789062,150.6214141845703,602600,VOO,0
2014-08-28,183.02000427246094,183.6199951171875,182.85000610351562,150.50656127929688,447700,VOO,0
2014-08-29,183.8300018310547,184.05999755859375,183.22999572753906,150.87557983398438,617200,VOO,0
2014-09-02,184.3000030517578,184.3000030517578,183.27000427246094,150.8345947265625,553800,VOO,0
2014-09-03,184.64999389648438,184.67999267578125,183.58999633789062,150.7689971923828,627600,VOO,0
2014-09-04,184.1199951171875,184.82000732421875,183.10000610351562,150.52297973632812,536700,VOO,0
2014-09-05,183.52999877929688,184.47000122070312,182.8800048828125,151.24459838867188,502300,VOO,0
2014-09-08,184.24000549316406,184.4600067138672,183.39999389648438,150.85916137695312,635900,VOO,0
2014-09-09,183.7899932861328,183.8800048828125,182.41000366210938,149.8833465576172,515300,VOO,0
2014-09-10,182.88999938964844,183.5500030517578,182.27000427246094,150.4737548828125,849800,VOO,0
2014-09-11,182.75,183.6999969482422,182.61000061035156,150.6131591796875,525700,VOO,0
2014-09-12,183.49000549316406,183.50999450683594,182.0800018310547,149.7193603515625,724000,VOO,0
2014-09-15,182.63999938964844,182.74000549316406,181.88999938964844,149.62095642089844,1021700,VOO,0
2014-09-16,182.11000061035156,184.1199951171875,182,150.73617553710938,565100,VOO,0
2014-09-17,184.11000061035156,184.9199981689453,183.1999969482422,150.9494171142578,975000,VOO,0
2014-09-18,184.64999389648438,185.05999755859375,184.42999267578125,151.73658752441406,740000,VOO,0
2014-09-19,185.63999938964844,185.83999633789062,184.5800018310547,151.58900451660156,964000,VOO,0
2014-09-22,183.6999969482422,183.74000549316406,182.22999572753906,150.41575622558594,836700,VOO,0
2014-09-23,181.9499969482422,182.6999969482422,181.50999450683594,149.567138671875,752200,VOO,0
2014-09-24,181.6199951171875,183.07000732421875,181.1199951171875,150.7699737548828,968500,VOO,0
2014-09-25,182.5,182.52000427246094,179.99000549316406,148.3477020263672,1603000,VOO,0
2014-09-26,180.36000061035156,181.8800048828125,180.1300048828125,149.54237365722656,916900,VOO,0
2014-09-29,179.92999267578125,181.4499969482422,179.77000427246094,149.2457733154297,1482800,VOO,0
2014-09-30,181.3000030517578,181.80999755859375,180.2899932861328,148.79258728027344,767700,VOO,0
2014-10-01,180.33999633789062,180.4199981689453,177.80999755859375,146.83987426757812,2380200,VOO,0
2014-10-02,178.0500030517578,178.8300018310547,176.39999389648438,146.83168029785156,1263800,VOO,0
2014-10-03,179.47999572753906,180.5500030517578,178.8800048828125,148.47122192382812,1217400,VOO,0
2014-10-06,180.94000244140625,181.17999267578125,179.36000061035156,148.2900390625,1307000,VOO,0
2014-10-07,179.0500030517578,179.4499969482422,177.1999969482422,146.0159454345703,930600,VOO,0
2014-10-08,177.3300018310547,180.5399932861328,176.3800048828125,148.5701446533203,1897500,VOO,0
2014-10-09,180,180.22000122070312,176.60000610351562,145.5710906982422,1428600,VOO,0
2014-10-10,176.64999389648438,177.5500030517578,174.66000366210938,143.93968200683594,2469900,VOO,0
2014-10-13,174.6300048828125,175.25,171.72999572753906,141.5750274658203,2109200,VOO,0
2014-10-14,172.72999572753906,174.02000427246094,171.5,141.8057403564453,2431300,VOO,0
2014-10-15,169.8000030517578,171.3000030517578,166.85000610351562,140.75108337402344,5460300,VOO,0
2014-10-16,167.82000732421875,171.9499969482422,167.67999267578125,140.6604766845703,4452600,VOO,0
2014-10-17,172.72999572753906,173.97999572753906,172.0399932861328,142.39889526367188,2259400,VOO,0
2014-10-20,172.52999877929688,174.60000610351562,172.4499969482422,143.7996368408203,1379400,VOO,0
2014-10-21,175.77999877929688,178.0399932861328,175.58999633789062,146.5927734375,2884200,VOO,0
2014-10-22,178.2899932861328,178.72000122070312,176.61000061035156,145.5958251953125,2374200,VOO,0
2014-10-23,178.4499969482422,179.85000610351562,178.1699981689453,147.26832580566406,1812400,VOO,0
2014-10-24,179.02999877929688,180.1699981689453,178.36000061035156,148.37240600585938,1152600,VOO,0
2014-10-27,179.50999450683594,180.1300048828125,178.8699951171875,148.18292236328125,1476000,VOO,0
2014-10-28,180.49000549316406,181.94000244140625,180.39999389648438,149.88841247558594,1330000,VOO,0
2014-10-29,182.02999877929688,182.5800018310547,180.47000122070312,149.7154541015625,1600700,VOO,0
2014-10-30,181.1699981689453,183.3300018310547,181.0500030517578,150.66290283203125,1588900,VOO,0
2014-10-31,185.02000427246094,185.0500030517578,184.10000610351562,152.36843872070312,1946100,VOO,0
2014-11-03,185.1999969482422,185.6199951171875,184.60000610351562,152.45909118652344,2270000,VOO,0
2014-11-04,184.55999755859375,184.85000610351562,183.4499969482422,151.91531372070312,1639400,VOO,0
2014-11-05,185.74000549316406,185.77999877929688,184.74000549316406,152.9122314453125,1826500,VOO,0
2014-11-06,185.57000732421875,186.3800048828125,184.89999389648438,153.53018188476562,1758600,VOO,0
2014-11-07,186.33999633789062,186.67999267578125,185.8000030517578,153.66200256347656,1396400,VOO,0
2014-11-10,186.47999572753906,187.10000610351562,186.27000427246094,154.12344360351562,1876400,VOO,0
2014-11-11,187.13999938964844,187.33999633789062,186.77999877929688,154.271728515625,1031600,VOO,0
2014-11-12,186.49000549316406,187.27999877929688,186.4600067138672,154.1481475830078,2742900,VOO,0
2014-11-13,187.24000549316406,187.83999633789062,186.3800048828125,154.28817749023438,1163600,VOO,0
2014-11-14,187.19000244140625,187.52999877929688,186.85000610351562,154.3458709716797,1464500,VOO,0
2014-11-17,186.92999267578125,187.58999633789062,186.75999450683594,154.42822265625,584600,VOO,0
2014-11-18,187.47999572753906,188.82000732421875,187.47999572753906,155.31809997558594,1252600,VOO,0
2014-11-19,188.25,188.47999572753906,187.3699951171875,155.03794860839844,1880800,VOO,0
2014-11-20,187.2899932861328,188.63999938964844,187.2899932861328,155.31809997558594,866800,VOO,0
2014-11-21,190.42999267578125,190.47999572753906,188.9499969482422,156.19139099121094,1586200,VOO,0
2014-11-24,190.02000427246094,190.2100067138672,189.77000427246094,156.59521484375,1365900,VOO,0
2014-11-25,190.33999633789062,190.55999755859375,189.66000366210938,156.54576110839844,1736700,VOO,0
2014-11-26,190.10000610351562,190.52000427246094,189.8800048828125,156.90830993652344,824400,VOO,0
2014-11-28,190.3000030517578,190.6300048828125,189.75999450683594,156.57044982910156,430200,VOO,0
2014-12-01,189.2899932861328,189.38999938964844,188.36000061035156,155.4993438720703,2083600,VOO,0
2014-12-02,188.7100067138672,190.1300048828125,188.7100067138672,156.4798126220703,1446800,VOO,0
2014-12-03,190.10000610351562,190.8800048828125,189.97000122070312,157.08131408691406,2240100,VOO,0
2014-12-04,190.35000610351562,190.99000549316406,189.57000732421875,156.9248046875,1573000,VOO,0
2014-12-05,190.64999389648438,191.19000244140625,190.35000610351562,157.20492553710938,2215900,VOO,0
2014-12-08,190.35000610351562,190.8300018310547,188.85000610351562,156.1337432861328,1527800,VOO,0
2014-12-09,187.42999267578125,189.47000122070312,186.97999572753906,156.01019287109375,1763100,VOO,0
2014-12-10,188.86000061035156,188.86000061035156,186.10000610351562,153.56312561035156,1749800,VOO,0
2014-12-11,186.97999572753906,189.07000732421875,186.80999755859375,154.27993774414062,1972600,VOO,0
2014-12-12,186,186.89999389648438,184.1699981689453,151.77523803710938,2614400,VOO,0
2014-12-15,185.25999450683594,185.72000122070312,182.27000427246094,150.7205810546875,2801400,VOO,0
2014-12-16,182.10000610351562,185.5399932861328,181.44000244140625,149.558837890625,3837500,VOO,0
2014-12-17,181.97000122070312,185.5500030517578,181.83999633789062,152.5743865966797,5588600,VOO,0
2014-12-18,186.74000549316406,188.5800018310547,186,155.3510284423828,3820200,VOO,0
2014-12-19,189.2899932861328,190.1300048828125,188.58999633789062,156.06787109375,1800800,VOO,0
2014-12-22,189.57000732421875,190.25999450683594,189.33999633789062,156.7599334716797,3005800,VOO,0
2014-12-23,190.94000244140625,190.97000122070312,190.3000030517578,156.99888610839844,1926800,VOO,0
2014-12-24,190.80999755859375,191.0500030517578,190.5,156.98239135742188,952700,VOO,0
2014-12-26,191.05999755859375,191.52000427246094,190.99000549316406,157.49319458007812,650300,VOO,0
2014-12-29,190.97000122070312,191.6300048828125,190.89999389648438,157.7156524658203,878600,VOO,0
2014-12-30,190.9499969482422,191.08999633789062,190.3000030517578,156.85882568359375,3224500,VOO,0
2014-12-31,190.75,190.91000366210938,188.3800048828125,155.22744750976562,1366000,VOO,0
2015-01-02,189.2899932861328,189.72000122070312,187.25999450683594,155.22744750976562,1865000,VOO,0
2015-01-05,187.25999450683594,187.41000366210938,184.66000366210938,152.500244140625,2734700,VOO,0
2015-01-06,185.3699951171875,185.8800048828125,182.36000061035156,151.00071716308594,2245300,VOO,0
2015-01-07,184.72999572753906,185.91000366210938,184.22999572753906,152.88751220703125,2305600,VOO,0
2015-01-08,187.1300048828125,189.0500030517578,187.07000732421875,155.57350158691406,1740600,VOO,0
2015-01-09,189.3000030517578,189.33999633789062,186.64999389648438,154.263427734375,2525200,VOO,0
2015-01-12,187.4600067138672,187.60000610351562,185.19000244140625,153.11819458007812,1847500,VOO,0
2015-01-13,187.22000122070312,188.41000366210938,183.89999389648438,152.7144775390625,2158500,VOO,0
2015-01-14,183.10000610351562,184.39999389648438,182.11000061035156,151.81639099121094,5216300,VOO,0
2015-01-15,184.8800048828125,185.25,182.39999389648438,150.3992462158203,1940700,VOO,0
2015-01-16,182.30999755859375,185.0800018310547,182.08999633789062,152.26132202148438,1472800,VOO,0
2015-01-20,185.6199951171875,185.89999389648438,183.5800018310547,152.64031982421875,1637600,VOO,0
2015-01-21,184.77000427246094,186.74000549316406,184.3000030517578,153.43951416015625,1586500,VOO,0
2015-01-22,187.08999633789062,189.14999389648438,185.60000610351562,155.78775024414062,6074900,VOO,0
2015-01-23,188.72000122070312,189.02000427246094,187.7899932861328,154.9308319091797,3109800,VOO,0
2015-01-26,187.7899932861328,188.50999450683594,186.92999267578125,155.2357177734375,2018000,VOO,0
2015-01-27,186.13999938964844,187.17999267578125,185.02000427246094,153.2006378173828,1979100,VOO,0
2015-01-28,187.27000427246094,187.32000732421875,183.35000610351562,151.18203735351562,2530800,VOO,0
2015-01-29,183.74000549316406,185.52999877929688,182.2100067138672,152.64854431152344,4338200,VOO,0
2015-01-30,183.9600067138672,185.3800048828125,182.6300048828125,150.7699737548828,2302500,VOO,0
2015-02-02,183.5,185.25999450683594,181.47000122070312,152.500244140625,3397800,VOO,0
2015-02-03,186.1300048828125,187.86000061035156,185.7899932861328,154.72486877441406,1435000,VOO,0
2015-02-04,187.02999877929688,188.35000610351562,186.64999389648438,154.19754028320312,1861200,VOO,0
2015-02-05,187.88999938964844,189.19000244140625,187.85000610351562,155.762939453125,1033800,VOO,0
2015-02-06,189.49000549316406,190.0500030517578,187.94000244140625,155.32632446289062,1454700,VOO,0
2015-02-09,187.80999755859375,188.58999633789062,187.22000122070312,154.6177520751953,2289300,VOO,0
2015-02-10,188.82000732421875,189.92999267578125,187.85000610351562,156.26564025878906,1798000,VOO,0
2015-02-11,189.50999450683594,190.22999572753906,188.77999877929688,156.37271118164062,1744400,VOO,0
2015-02-12,190.6999969482422,191.64999389648438,190.47000122070312,157.8227996826172,2008500,VOO,0
2015-02-13,191.72000122070312,192.44000244140625,191.4600067138672,158.514892578125,1073100,VOO,0
2015-02-17,192.07000732421875,192.8800048828125,191.7899932861328,158.77035522460938,1700400,VOO,0
2015-02-18,192.27999877929688,192.77999877929688,192,158.80325317382812,1863000,VOO,0
2015-02-19,192.08999633789062,192.97000122070312,191.88999938964844,158.6961669921875,1017600,VOO,0
2015-02-20,192.1300048828125,193.82000732421875,191.4499969482422,159.6602020263672,1374000,VOO,0
2015-02-23,193.49000549316406,193.72999572753906,193.02999877929688,159.61895751953125,1497700,VOO,0
2015-02-24,193.69000244140625,194.49000549316406,193.42999267578125,160.08863830566406,1244200,VOO,0
2015-02-25,194.13999938964844,194.64999389648438,193.7100067138672,159.9155731201172,1983600,VOO,0
2015-02-26,193.99000549316406,194.14999389648438,193.2100067138672,159.73431396484375,994200,VOO,0
2015-02-27,193.77000427246094,194.0500030517578,193.19000244140625,159.18226623535156,966600,VOO,0
2015-03-02,193.30999755859375,194.47000122070312,193.3000030517578,160.22869873046875,1016600,VOO,0
2015-03-03,193.9600067138672,194.02000427246094,192.69000244140625,159.54483032226562,1388100,VOO,0
2015-03-04,193,193.0500030517578,191.72999572753906,158.87744140625,1497500,VOO,0
2015-03-05,193.14999389648438,193.3300018310547,192.47999572753906,159.0504913330078,1135800,VOO,0
2015-03-06,192,192.5500030517578,189.94000244140625,156.80116271972656,1815600,VOO,0
2015-03-09,190.52000427246094,191.47000122070312,190.4199981689453,157.46853637695312,1132000,VOO,0
2015-03-10,189.57000732421875,189.6300048828125,187.97000122070312,154.8814239501953,2390500,VOO,0
2015-03-11,188.25999450683594,188.47000122070312,187.47000122070312,154.5188751220703,1857500,VOO,0
2015-03-12,188.2100067138672,190,188.1999969482422,156.5128173828125,2646900,VOO,0
2015-03-13,189.67999267578125,189.7899932861328,187.6199951171875,155.55703735351562,1792200,VOO,0
2015-03-16,189.58999633789062,191.3800048828125,189.5500030517578,157.68276977539062,1054700,VOO,0
2015-03-17,190.47999572753906,191.1300048828125,189.8300018310547,157.147216796875,1460900,VOO,0
2015-03-18,190.1699981689453,193.75999450683594,189.49000549316406,159.01751708984375,2287400,VOO,0
2015-03-19,192.55999755859375,192.85000610351562,191.75,158.28424072265625,1372000,VOO,0
2015-03-20,193.19000244140625,194.38999938964844,193.1300048828125,159.71780395507812,1350100,VOO,0
2015-03-23,192.85000610351562,193.49000549316406,192.49000549316406,159.4313507080078,707100,VOO,0
2015-03-24,192.3800048828125,192.85000610351562,191.3300018310547,158.50381469726562,1587700,VOO,0
2015-03-25,191.63999938964844,191.8699951171875,188.57000732421875,156.19332885742188,1216700,VOO,0
2015-03-26,187.8800048828125,189.14999389648438,187.14999389648438,155.80409240722656,1906200,VOO,0
2015-03-27,188.0399932861328,188.77999877929688,187.8300018310547,156.1270751953125,1837000,VOO,0
2015-03-30,189.75,191.19000244140625,189.72000122070312,158.0731964111328,1414700,VOO,0
2015-03-31,189.97999572753906,191.77999877929688,189.1699981689453,156.681884765625,2765200,VOO,0
2015-04-01,189.1699981689453,189.1699981689453,187.47000122070312,156.1767578125,3379900,VOO,0
2015-04-02,188.47000122070312,189.69000244140625,188.27000427246094,156.64051818847656,1803500,VOO,0
2015-04-06,188.22999572753906,191.0399932861328,188.08999633789062,157.74191284179688,1242500,VOO,0
2015-04-07,190.47999572753906,191.3300018310547,189.97000122070312,157.31961059570312,1372300,VOO,0
2015-04-08,190.24000549316406,191.05999755859375,189.80999755859375,157.89102172851562,1412100,VOO,0
2015-04-09,190.4499969482422,191.7100067138672,189.9600067138672,158.57833862304688,794800,VOO,0
2015-04-10,191.74000549316406,192.57000732421875,191.5399932861328,159.44786071777344,1056900,VOO,0
2015-04-13,192.36000061035156,193.0399932861328,191.60000610351562,158.7274169921875,1227800,VOO,0
2015-04-14,191.4199981689453,192.22000122070312,190.77000427246094,159.01724243164062,2647800,VOO,0
2015-04-15,192.5399932861328,193.4199981689453,192.4499969482422,159.74606323242188,934900,VOO,0
2015-04-16,192.5500030517578,193.3699951171875,192.3000030517578,159.68801879882812,823300,VOO,0
2015-04-17,191.52999877929688,191.77000427246094,189.75,157.83299255371094,2059300,VOO,0
2015-04-20,191.6699981689453,192.6999969482422,191.5500030517578,159.27395629882812,1430300,VOO,0
2015-04-21,193.11000061035156,193.25999450683594,191.8000030517578,159.11663818359375,1089500,VOO,0
2015-04-22,192.49000549316406,193.27999877929688,191.5,159.90330505371094,1125400,VOO,0
2015-04-23,192.64999389648438,194.25999450683594,192.5,160.31739807128906,956400,VOO,0
2015-04-24,194.02000427246094,194.2899932861328,193.52000427246094,160.6404266357422,978300,VOO,0
2015-04-27,194.6300048828125,194.74000549316406,193,160.00271606445312,898200,VOO,0
2015-04-28,193.1699981689453,193.85000610351562,191.94000244140625,160.4995880126953,1103800,VOO,0
2015-04-29,192.80999755859375,193.66000366210938,192.13999938964844,159.8454132080078,1408900,VOO,0
2015-04-30,192.39999389648438,192.8000030517578,190.32000732421875,158.25537109375,2506100,VOO,0
2015-05-01,191.9600067138672,193.17999267578125,191.85000610351562,159.9116668701172,1921200,VOO,0
2015-05-04,193.63999938964844,194.30999755859375,193.5,160.4084930419922,1060000,VOO,0
2015-05-05,193.39999389648438,193.8000030517578,191.3300018310547,158.53697204589844,1138300,VOO,0
2015-05-06,192.08999633789062,192.38999938964844,189.52999877929688,157.89932250976562,1588100,VOO,0
2015-05-07,190.58999633789062,191.89999389648438,190.24000549316406,158.53697204589844,1320700,VOO,0
2015-05-08,193.3000030517578,194.17999267578125,193.22999572753906,160.6155548095703,1322900,VOO,0
2015-05-11,193.92999267578125,194.1999969482422,192.9600067138672,159.8454132080078,1090100,VOO,0
2015-05-12,192.14999389648438,193.07000732421875,191.22999572753906,159.38165283203125,1852700,VOO,0
2015-05-13,192.9600067138672,193.61000061035156,192.25999450683594,159.4313507080078,589000,VOO,0
2015-05-14,193.63999938964844,194.60000610351562,193.3300018310547,161.0958709716797,902300,VOO,0
2015-05-15,194.67999267578125,194.8800048828125,194.22000122070312,161.26148986816406,719000,VOO,0
2015-05-18,194.6300048828125,195.6199951171875,194.47999572753906,161.7583465576172,984500,VOO,0
2015-05-19,195.44000244140625,195.77000427246094,194.9600067138672,161.675537109375,980400,VOO,0
2015-05-20,195.3699951171875,195.9499969482422,194.8000030517578,161.56787109375,3401300,VOO,0
2015-05-21,195.0500030517578,195.92999267578125,194.8300018310547,162.05648803710938,756200,VOO,0
2015-05-22,195.30999755859375,195.75,195.19000244140625,161.70042419433594,831600,VOO,0
2015-05-26,194.72999572753906,194.77000427246094,192.6999969482422,159.9613037109375,1235300,VOO,0
2015-05-27,193.66000366210938,195.24000549316406,193.3000030517578,161.43536376953125,1420100,VOO,0
2015-05-28,194.66000366210938,194.8699951171875,194,161.28634643554688,1114500,VOO,0
2015-05-29,194.6699981689453,194.72000122070312,193.25,160.23463439941406,1530900,VOO,0
2015-06-01,194.22999572753906,194.63999938964844,193.08999633789062,160.60726928710938,1157400,VOO,0
2015-06-02,193.42999267578125,194.5,192.75,160.4416046142578,1094400,VOO,0
2015-06-03,194.30999755859375,194.92999267578125,193.74000549316406,160.8805389404297,1213800,VOO,0
2015-06-04,193.52000427246094,194.1300048828125,192.27999877929688,159.57211303710938,1383400,VOO,0
2015-06-05,192.47999572753906,193.02000427246094,191.5800018310547,159.24917602539062,1567800,VOO,0
2015-06-08,192.1699981689453,192.32000732421875,191.02000427246094,158.26364135742188,1130100,VOO,0
2015-06-09,191.10000610351562,191.64999389648438,190.3699951171875,158.22227478027344,1466100,VOO,0
2015-06-10,191.9600067138672,193.77999877929688,191.8800048828125,160.1020965576172,1247700,VOO,0
2015-06-11,193.9499969482422,194.3699951171875,193.6300048828125,160.59896850585938,724700,VOO,0
2015-06-12,193.00999450683594,193.22000122070312,192.2100067138672,159.42303466796875,2147700,VOO,0
2015-06-15,191.22000122070312,191.97000122070312,190.47000122070312,158.68600463867188,1392600,VOO,0
2015-06-16,191.5,192.80999755859375,191.33999633789062,159.6134796142578,819800,VOO,0
2015-06-17,193.05999755859375,193.69000244140625,191.9499969482422,159.88677978515625,1170600,VOO,0
2015-06-18,193.61000061035156,195.52999877929688,193.60000610351562,161.46849060058594,1041600,VOO,0
2015-06-19,194.8000030517578,194.85000610351562,193.85000610351562,160.53271484375,691400,VOO,0
2015-06-22,194.3699951171875,194.9199981689453,194.0500030517578,161.63267517089844,1027000,VOO,0
2015-06-23,194.47999572753906,194.75999450683594,194,161.74908447265625,1727200,VOO,0
2015-06-24,194.17999267578125,194.52000427246094,192.99000549316406,160.5926513671875,2160600,VOO,0
2015-06-25,193.50999450683594,193.69000244140625,192.36000061035156,160.0934600830078,2287600,VOO,0
2015-06-26,192.82000732421875,193.07000732421875,191.8000030517578,160.0934600830078,1631900,VOO,0
2015-06-29,190.77999877929688,191.42999267578125,188.25999450683594,156.70721435546875,2746800,VOO,0
2015-06-30,190.17999267578125,190.17999267578125,188.24000549316406,157.1148681640625,2679400,VOO,0
2015-07-01,190.64999389648438,190.75,189.4499969482422,158.30467224121094,2782300,VOO,0
2015-07-02,190.85000610351562,191,189.67999267578125,158.18814086914062,3087100,VOO,0
2015-07-06,188.72000122070312,190.39999389648438,188.47999572753906,157.73052978515625,1741100,VOO,0
2015-07-07,189.86000061035156,190.89999389648438,187.19000244140625,158.70399475097656,3507500,VOO,0
2015-07-08,189.36000061035156,189.58999633789062,187.30999755859375,156.00830078125,1874000,VOO,0
2015-07-09,189.89999389648438,190.1300048828125,187.8300018310547,156.29115295410156,2224900,VOO,0
2015-07-10,190.17999267578125,190.7100067138672,189.35000610351562,158.27963256835938,1648600,VOO,0
2015-07-13,191.58999633789062,192.47999572753906,191.5800018310547,160.05184936523438,1026100,VOO,0
2015-07-14,192.3699951171875,193.52999877929688,192.27000427246094,160.75901794433594,1128900,VOO,0
2015-07-15,193.2899932861328,193.72999572753906,192.6199951171875,160.69247436523438,1174800,VOO,0
2015-07-16,194.30999755859375,194.6699981689453,194.0500030517578,161.92384338378906,949500,VOO,0
2015-07-17,194.67999267578125,194.9199981689453,194.24000549316406,162.11521911621094,872100,VOO,0
2015-07-20,195.08999633789062,195.4600067138672,194.60000610351562,162.19007873535156,1103500,VOO,0
2015-07-21,194.82000732421875,195.0500030517578,193.86000061035156,161.5493927001953,772400,VOO,0
2015-07-22,193.3800048828125,194.16000366210938,193.3800048828125,161.2332763671875,1193800,VOO,0
2015-07-23,194,194.02999877929688,192.33999633789062,160.30975341796875,899300,VOO,0
2015-07-24,192.86000061035156,192.88999938964844,190.36000061035156,158.637451171875,1589100,VOO,0
2015-07-27,189.77999877929688,190.32000732421875,189.14999389648438,157.7388916015625,1745600,VOO,0
2015-07-28,190.58999633789062,192.10000610351562,189.6300048828125,159.65248107910156,931300,VOO,0
2015-07-29,192.07000732421875,193.5,191.91000366210938,160.78402709960938,2471200,VOO,0
2015-07-30,192.77000427246094,193.47999572753906,192.02000427246094,160.80892944335938,924400,VOO,0
2015-07-31,193.9199981689453,193.9199981689453,192.7100067138672,160.53439331054688,1437200,VOO,0
2015-08-03,193,193.00999450683594,191.3300018310547,160.03518676757812,3081700,VOO,0
2015-08-04,192.35000610351562,192.75999450683594,191.4600067138672,159.71908569335938,1601700,VOO,0
2015-08-05,193.0399932861328,193.75,192.30999755859375,160.2764129638672,1369900,VOO,0
2015-08-06,192.77000427246094,192.92999267578125,190.38999938964844,159.05345153808594,1321200,VOO,0
2015-08-07,190.8800048828125,190.99000549316406,189.69000244140625,158.637451171875,1854100,VOO,0
2015-08-10,191.89999389648438,193.14999389648438,191.89999389648438,160.6508331298828,1346700,VOO,0
2015-08-11,191.63999938964844,192.0399932861328,190.5,159.17825317382812,4996300,VOO,0
2015-08-12,189.8800048828125,191.75999450683594,188.3000030517578,159.3197021484375,3758700,VOO,0
2015-08-13,191.4199981689453,192.1199951171875,190.77000427246094,159.14495849609375,1155900,VOO,0
2015-08-14,191.1199951171875,192.0800018310547,190.97999572753906,159.76060485839844,742500,VOO,0
2015-08-17,191.4199981689453,193.08999633789062,190.86000061035156,160.6508331298828,1926300,VOO,0
2015-08-18,192.83999633789062,193.16000366210938,192.27999877929688,160.16001892089844,1023800,VOO,0
2015-08-19,191.77999877929688,192.5500030517578,190.1199951171875,158.89532470703125,1771900,VOO,0
2015-08-20,189.36000061035156,189.92999267578125,186.9499969482422,155.55902099609375,4195700,VOO,0
2015-08-21,185.0800018310547,186.02999877929688,181.0399932861328,150.6253204345703,6145900,VOO,0
2015-08-24,172,179.5399932861328,168.0800018310547,144.485107421875,12325000,VOO,0
2015-08-25,179.16000366210938,179.8000030517578,171.3699951171875,142.72958374023438,8132200,VOO,0
2015-08-26,176.22999572753906,178.50999450683594,172.67999267578125,148.3955078125,7086100,VOO,0
2015-08-27,180.8000030517578,182.8000030517578,178.94000244140625,152.02305603027344,7168800,VOO,0
2015-08-28,181.97000122070312,183.19000244140625,181.42999267578125,152.02305603027344,2945000,VOO,0
2015-08-31,181.67999267578125,182.5399932861328,180.60000610351562,150.6835174560547,1923000,VOO,0
2015-09-01,177.11000061035156,178.5,174.8300018310547,146.08258056640625,8531800,VOO,0
2015-09-02,178.47999572753906,179.1300048828125,176.39999389648438,149.02781677246094,2424000,VOO,0
2015-09-03,179.9600067138672,181.5399932861328,178.7100067138672,149.15267944335938,2420200,VOO,0
2015-09-04,176.8800048828125,177.69000244140625,175.63999938964844,146.83966064453125,2317700,VOO,0
2015-09-08,179.6699981689453,181.14999389648438,178.9199981689453,150.60032653808594,2248500,VOO,0
2015-09-09,182.8000030517578,182.85000610351562,178.1699981689453,148.5702362060547,2125500,VOO,0
2015-09-10,178.25,180.77999877929688,178.07000732421875,149.40225219726562,1774400,VOO,0
2015-09-11,179.08999633789062,180.4199981689453,178.3300018310547,150.02626037597656,2185000,VOO,0
2015-09-14,180.5800018310547,180.5800018310547,179.17999267578125,149.46043395996094,905300,VOO,0
2015-09-15,180.22000122070312,182.4199981689453,179.77000427246094,151.4073486328125,1641500,VOO,0
2015-09-16,182.33999633789062,183.72000122070312,181.91000366210938,152.730224609375,2098900,VOO,0
2015-09-17,183.39999389648438,185.99000549316406,182.74000549316406,152.33087158203125,3106200,VOO,0
2015-09-18,180.41000366210938,182.0399932861328,179.69000244140625,149.86814880371094,3205200,VOO,0
2015-09-21,180.14999389648438,181.1999969482422,178.94000244140625,150.64019775390625,1467600,VOO,0
2015-09-22,177.8000030517578,178.25,176.5399932861328,148.67459106445312,2469500,VOO,0
2015-09-23,177.99000549316406,178.4499969482422,176.85000610351562,148.4068603515625,1670300,VOO,0
2015-09-24,176.0500030517578,177.30999755859375,174.69000244140625,147.9468536376953,2562400,VOO,0
2015-09-25,178.47999572753906,178.7100067138672,175.8300018310547,147.84652709960938,3436300,VOO,0
2015-09-28,175.86000061035156,175.8699951171875,172.02000427246094,144.12442016601562,3732900,VOO,0
2015-09-29,172.6699981689453,173.9199981689453,171.36000061035156,144.1996612548828,3219500,VOO,0
2015-09-30,174.55999755859375,175.83999633789062,173.6699981689453,146.96826171875,4123600,VOO,0
2015-10-01,175.97000122070312,176.42999267578125,174,147.37811279296875,3948400,VOO,0
2015-10-02,174,178.75,173.35000610351562,149.51104736328125,2307200,VOO,0
2015-10-05,180.13999938964844,182.17999267578125,180,152.19590759277344,2049100,VOO,0
2015-10-06,181.8800048828125,182.41000366210938,180.58999633789062,151.68572998046875,1325400,VOO,0
2015-10-07,182.39999389648438,183.19000244140625,181.0500030517578,152.95706176757812,1693800,VOO,0
2015-10-08,182.44000244140625,184.77999877929688,182.0800018310547,154.3037567138672,3109600,VOO,0
2015-10-09,184.66000366210938,185.0800018310547,183.91000366210938,154.38743591308594,1651000,VOO,0
2015-10-12,184.67999267578125,184.92999267578125,184.17999267578125,154.5714111328125,885100,VOO,0
2015-10-13,183.97999572753906,185.30999755859375,183.38999938964844,153.5426025390625,1022300,VOO,0
2015-10-14,183.4499969482422,184.1300048828125,182.38999938964844,152.8232879638672,1184100,VOO,0
2015-10-15,183.39999389648438,185.49000549316406,183.02000427246094,155.114990234375,2523100,VOO,0
2015-10-16,185.9199981689453,186.33999633789062,185.1199951171875,155.7423858642578,1241200,VOO,0
2015-10-19,185.66000366210938,186.42999267578125,185.30999755859375,155.92636108398438,768900,VOO,0
2015-10-20,186.02000427246094,186.8699951171875,185.6999969482422,155.72569274902344,1151200,VOO,0
2015-10-21,186.7899932861328,186.80999755859375,184.86000061035156,154.7135467529297,1556900,VOO,0
2015-10-22,186.02000427246094,188.3800048828125,185.97000122070312,157.39015197753906,1498300,VOO,0
2015-10-23,190,190.6300048828125,189.13999938964844,159.1048126220703,1624300,VOO,0
2015-10-26,190.11000061035156,190.1199951171875,189.38999938964844,158.72842407226562,1150500,VOO,0
2015-10-27,189.0800018310547,189.75999450683594,188.64999389648438,158.4188995361328,1442400,VOO,0
2015-10-28,189.83999633789062,191.60000610351562,189.05999755859375,160.259033203125,2251900,VOO,0
2015-10-29,191.0399932861328,191.85000610351562,190.88999938964844,160.2005157470703,1779000,VOO,0
2015-10-30,191.82000732421875,192,190.55999755859375,159.38922119140625,2011600,VOO,0
2015-11-02,190.97999572753906,193.08999633789062,190.85000610351562,161.2794647216797,2403500,VOO,0
2015-11-03,192.5399932861328,194.05999755859375,192.27999877929688,161.7896728515625,3920400,VOO,0
2015-11-04,193.77000427246094,193.89999389648438,192.27999877929688,161.32969665527344,1786700,VOO,0
2015-11-05,192.99000549316406,193.44000244140625,191.7100067138672,161.12892150878906,2185100,VOO,0
2015-11-06,192.25999450683594,192.8300018310547,191.1199951171875,161.06202697753906,2172600,VOO,0
2015-11-09,191.88999938964844,192.00999450683594,189.75,159.5564422607422,2127800,VOO,0
2015-11-10,190.25999450683594,191.25,189.91000366210938,159.85760498046875,1257500,VOO,0
2015-11-11,191.47999572753906,191.5500030517578,190.38999938964844,159.24697875976562,1114700,VOO,0
2015-11-12,189.36000061035156,189.80999755859375,187.77999877929688,157.1140899658203,2454900,VOO,0
2015-11-13,187.35000610351562,187.6199951171875,185.5800018310547,155.29904174804688,3224000,VOO,0
2015-11-16,185.5,188.5500030517578,185.36000061035156,157.68292236328125,1687100,VOO,0
2015-11-17,188.86000061035156,189.7899932861328,187.8300018310547,157.49050903320312,1879900,VOO,0
2015-11-18,188.91000366210938,191.50999450683594,188.88999938964844,160.02487182617188,2858600,VOO,0
2015-11-19,191.3000030517578,191.67999267578125,190.89999389648438,159.94125366210938,2154800,VOO,0
2015-11-20,192.00999450683594,192.66000366210938,191.5,160.53506469726562,1317600,VOO,0
2015-11-23,191.88999938964844,192.5399932861328,191.1999969482422,160.35107421875,1308100,VOO,0
2015-11-24,190.6300048828125,192.3800048828125,190.17999267578125,160.61033630371094,1572000,VOO,0
2015-11-25,192.14999389648438,192.30999755859375,191.6699981689453,160.5601806640625,758700,VOO,0
2015-11-27,192.0800018310547,192.3800048828125,191.5,160.7190704345703,894500,VOO,0
2015-11-30,192.4499969482422,192.47000122070312,191.24000549316406,160.06666564941406,1551000,VOO,0
2015-12-01,192.0500030517578,193.3000030517578,191.77999877929688,161.6140899658203,1812900,VOO,0
2015-12-02,193.17999267578125,193.4499969482422,190.9199981689453,159.9077911376953,1999600,VOO,0
2015-12-03,191.55999755859375,191.75,187.72999572753906,157.6327362060547,2724400,VOO,0
2015-12-04,188.99000549316406,192.52000427246094,188.83999633789062,160.72747802734375,2900700,VOO,0
2015-12-07,191.8800048828125,191.8800048828125,189.97999572753906,159.7154083251953,1752800,VOO,0
2015-12-08,189.25,190.72000122070312,188.6699981689453,158.69493103027344,1721700,VOO,0
2015-12-09,189.1199951171875,191.32000732421875,187.1999969482422,157.50721740722656,4500300,VOO,0
2015-12-10,188.5,190.17999267578125,188.10000610351562,157.8668670654297,4083800,VOO,0
2015-12-11,186.44000244140625,187.14999389648438,184.75,154.72193908691406,3084400,VOO,0
2015-12-14,185.32000732421875,186.08999633789062,183.30999755859375,155.65036010742188,2722600,VOO,0
2015-12-15,187.75,188.9600067138672,187.52999877929688,157.27297973632812,3799300,VOO,0
2015-12-16,189.27999877929688,191.0800018310547,187.6999969482422,159.48123168945312,6361700,VOO,0
2015-12-17,191.13999938964844,191.16000366210938,187.82000732421875,157.1559600830078,3096000,VOO,0
2015-12-18,186.9499969482422,187.0800018310547,184.39999389648438,154.23678588867188,4531400,VOO,0
2015-12-21,184.74000549316406,185.07000732421875,183.47000122070312,155.60153198242188,2168400,VOO,0
2015-12-22,185.85000610351562,186.88999938964844,184.8000030517578,157.0067138671875,2423300,VOO,0
2015-12-23,187.75,188.94000244140625,187.57000732421875,158.8914794921875,2275500,VOO,0
2015-12-24,188.69000244140625,189.1699981689453,188.33999633789062,158.61378479003906,1170800,VOO,0
2015-12-28,187.85000610351562,188.17999267578125,187,158.26881408691406,2668300,VOO,0
2015-12-29,189.42999267578125,190.50999450683594,189.33999633789062,160.03579711914062,1757100,VOO,0
2015-12-30,189.97000122070312,189.99000549316406,188.6699981689453,158.85784912109375,2535800,VOO,0
2015-12-31,188.1199951171875,188.75999450683594,186.92999267578125,157.28439331054688,2395200,VOO,0
2016-01-04,183.77000427246094,184.32000732421875,182.0800018310547,155.0798797607422,4193500,VOO,0
2016-01-05,184.57000732421875,185.1199951171875,183.42999267578125,155.35755920410156,2882500,VOO,0
2016-01-06,181.92999267578125,183.3800048828125,181.19000244140625,153.388671875,2755100,VOO,0
2016-01-07,179.14999389648438,181,177.5,149.65281677246094,4952500,VOO,0
2016-01-08,178.97000122070312,179.52999877929688,175.64999389648438,148.06256103515625,7357300,VOO,0
2016-01-11,177.0399932861328,177.32000732421875,174.05999755859375,148.079345703125,4493300,VOO,0
2016-01-12,177.75,178.36000061035156,175.25999450683594,149.307861328125,2998800,VOO,0
2016-01-13,178.42999267578125,178.63999938964844,172.72000122070312,145.65609741210938,4125700,VOO,0
2016-01-14,173.7899932861328,177.17999267578125,172.05999755859375,148.02049255371094,5081400,VOO,0
2016-01-15,171.1999969482422,173.05999755859375,170.10000610351562,144.848388671875,8087300,VOO,0
2016-01-19,174.1999969482422,174.2899932861328,170.72000122070312,145.00823974609375,5863300,VOO,0
2016-01-20,169.58999633789062,171.8800048828125,165.9600067138672,143.30860900878906,8577600,VOO,0
2016-01-21,170.7899932861328,173.13999938964844,169.3300018310547,144.0070037841797,3004600,VOO,0
2016-01-22,174.02999877929688,174.86000061035156,173.17999267578125,146.96035766601562,2611700,VOO,0
2016-01-25,174.10000610351562,174.3300018310547,171.8300018310547,144.7810821533203,2756400,VOO,0
2016-01-26,172.85000610351562,174.66000366210938,172.38999938964844,146.74154663085938,2263700,VOO,0
2016-01-27,173.88999938964844,175.6199951171875,171.5,145.0755615234375,3543000,VOO,0
2016-01-28,174.1300048828125,174.35000610351562,171.64999389648438,145.866455078125,2616400,VOO,0
2016-01-29,174.33999633789062,177.75,174.0800018310547,149.5602569580078,4453100,VOO,0
2016-02-01,176.61000061035156,178.38999938964844,175.91000366210938,149.42564392089844,3923200,VOO,0
2016-02-02,175.86000061035156,176.08999633789062,173.8000030517578,146.71624755859375,5101200,VOO,0
2016-02-03,175.47000122070312,175.80999755859375,171.57000732421875,147.57456970214844,3871000,VOO,0
2016-02-04,174.9499969482422,176.6999969482422,174.22999572753906,147.75970458984375,3562200,VOO,0
2016-02-05,175.0399932861328,175.19000244140625,171.64999389648438,144.9829864501953,2371900,VOO,0
2016-02-08,170.2899932861328,170.6199951171875,167.6199951171875,142.98886108398438,3402000,VOO,0
2016-02-09,168.17999267578125,171.3699951171875,167.97000122070312,143.0309600830078,2360700,VOO,0
2016-02-10,170.92999267578125,172.64999389648438,169.72000122070312,142.93836975097656,1953600,VOO,0
2016-02-11,167.25999450683594,168.72000122070312,166.0500030517578,141.10411071777344,3439200,VOO,0
2016-02-12,169.5399932861328,171.13999938964844,168.6999969482422,143.99851989746094,1800300,VOO,0
2016-02-16,173.1999969482422,174.00999450683594,172.0500030517578,146.41339111328125,2361000,VOO,0
2016-02-17,175.32000732421875,177.25,175.1199951171875,148.8113555908203,2265400,VOO,0
2016-02-18,177.1999969482422,177.22000122070312,175.8000030517578,148.18032836914062,1646000,VOO,0
2016-02-19,175.27999877929688,176.1999969482422,174.64999389648438,148.14671325683594,1136900,VOO,0
2016-02-22,177.77999877929688,178.75,177.7100067138672,150.26707458496094,2603100,VOO,0
2016-02-23,177.9199981689453,178.19000244140625,176.22000122070312,148.38229370117188,2076000,VOO,0
2016-02-24,174.7899932861328,177.4499969482422,173.60000610351562,149.0806427001953,2599800,VOO,0
2016-02-25,177.6999969482422,179.30999755859375,176.8300018310547,150.87283325195312,2546000,VOO,0
2016-02-26,180.1999969482422,180.36000061035156,178.74000549316406,150.59518432617188,2560800,VOO,0
2016-02-29,178.94000244140625,179.9499969482422,177.3800048828125,149.24893188476562,3128400,VOO,0
2016-03-01,178.83999633789062,181.75,178.3300018310547,152.92588806152344,3041400,VOO,0
2016-03-02,181.36000061035156,182.5399932861328,180.91000366210938,153.57379150390625,3839200,VOO,0
2016-03-03,182.27000427246094,183.22999572753906,181.6999969482422,154.13751220703125,3150400,VOO,0
2016-03-04,183.4499969482422,184.66000366210938,182.5500030517578,154.6339569091797,2821000,VOO,0
2016-03-07,182.85000610351562,184.38999938964844,182.75,154.80223083496094,3449900,VOO,0
2016-03-08,182.8300018310547,183.3300018310547,181.77999877929688,153.06048583984375,3385400,VOO,0
2016-03-09,182.85000610351562,183.22000122070312,182.00999450683594,153.90196228027344,1641600,VOO,0
2016-03-10,183.3800048828125,184.38999938964844,181.02999877929688,153.98605346679688,2090500,VOO,0
2016-03-11,184.57000732421875,186.00999450683594,184.4600067138672,156.48507690429688,2231000,VOO,0
2016-03-14,185.39999389648438,186.1999969482422,185.07000732421875,156.24942016601562,1412800,VOO,0
2016-03-15,184.6999969482422,185.4600067138672,184.4199981689453,156.04751586914062,1325300,VOO,0
2016-03-16,184.8800048828125,186.92999267578125,184.86000061035156,156.98147583007812,2700700,VOO,0
2016-03-17,186.4199981689453,188.24000549316406,186,157.97434997558594,1937300,VOO,0
2016-03-18,188.35000610351562,188.7899932861328,187.91000366210938,158.56332397460938,2623400,VOO,0
2016-03-21,187.17999267578125,187.94000244140625,186.91000366210938,158.80526733398438,1535400,VOO,0
2016-03-22,186.88999938964844,188.2100067138672,186.7100067138672,158.72067260742188,1521600,VOO,0
2016-03-23,187.17999267578125,187.36000061035156,186.17999267578125,157.70555114746094,1633300,VOO,0
2016-03-24,185.25,186.32000732421875,185.00999450683594,157.5955810546875,1874800,VOO,0
2016-03-28,186.75999450683594,186.94000244140625,185.9199981689453,157.70555114746094,1271200,VOO,0
2016-03-29,185.99000549316406,188.22000122070312,185.6300048828125,159.2197723388672,1604900,VOO,0
2016-03-30,189.1699981689453,189.72000122070312,188.5800018310547,159.8880157470703,1908400,VOO,0
2016-03-31,188.85000610351562,189.2899932861328,188.32000732421875,159.5073699951172,3007800,VOO,0
2016-04-01,187.39999389648438,189.9600067138672,187.10000610351562,160.5309600830078,2971800,VOO,0
2016-04-04,189.74000549316406,189.89999389648438,188.8300018310547,160.0233612060547,1259500,VOO,0
2016-04-05,187.74000549316406,188.2100067138672,187,158.399169921875,1737500,VOO,0
2016-04-06,187.38999938964844,189.3800048828125,187.08999633789062,160.12489318847656,1860800,VOO,0
2016-04-07,188.1699981689453,188.5,186.25999450683594,158.23849487304688,2635300,VOO,0
2016-04-08,188.30999755859375,188.77000427246094,186.99000549316406,158.66986083984375,2043800,VOO,0
2016-04-11,188.25999450683594,188.99000549316406,187.02999877929688,158.25535583496094,1355300,VOO,0
2016-04-12,187.2899932861328,189.17999267578125,186.8300018310547,159.7949676513672,1590700,VOO,0
2016-04-13,189.8800048828125,190.85000610351562,189.7100067138672,161.3937225341797,1972900,VOO,0
2016-04-14,190.83999633789062,191.30999755859375,190.41000366210938,161.37686157226562,3214800,VOO,0
2016-04-15,190.8000030517578,190.85000610351562,190.22000122070312,161.19920349121094,2059700,VOO,0
2016-04-18,189.99000549316406,191.94000244140625,189.85000610351562,162.36659240722656,2345300,VOO,0
2016-04-19,192.36000061035156,192.77999877929688,191.63999938964844,162.8572540283203,1633300,VOO,0
2016-04-20,192.60000610351562,193.42999267578125,192.0500030517578,162.99253845214844,1636800,VOO,0
2016-04-21,192.6999969482422,192.82000732421875,191.3699951171875,162.0874481201172,1814700,VOO,0
2016-04-22,191.3000030517578,191.94000244140625,190.69000244140625,162.12974548339844,1863900,VOO,0
2016-04-25,191.07000732421875,191.36000061035156,190.35000610351562,161.8675079345703,2368000,VOO,0
2016-04-26,191.72000122070312,192.16000366210938,191.13999938964844,162.10433959960938,1715300,VOO,0
2016-04-27,191.2100067138672,192.44000244140625,190.8000030517578,162.44271850585938,1971700,VOO,0
2016-04-28,191.22000122070312,192.39999389648438,189.85000610351562,160.97927856445312,1578800,VOO,0
2016-04-29,189.6199951171875,189.97999572753906,188.0500030517578,160.065673828125,2785500,VOO,0
2016-05-02,189.80999755859375,190.9499969482422,189.33999633789062,161.34303283691406,1638900,VOO,0
2016-05-03,189.44000244140625,189.66000366210938,188.27999877929688,159.9641876220703,2351900,VOO,0
2016-05-04,187.99000549316406,188.77999877929688,187.47000122070312,159.025146484375,2079600,VOO,0
2016-05-05,188.57000732421875,188.89999389648438,187.57000732421875,159.00831604003906,1611600,VOO,0
2016-05-06,187.2100067138672,188.72000122070312,187,159.58355712890625,1551400,VOO,0
2016-05-09,188.5500030517578,189.27000427246094,188.36000061035156,159.7527313232422,1569000,VOO,0
2016-05-10,189.61000061035156,191.2100067138672,189.5399932861328,161.732177734375,1021100,VOO,0
2016-05-11,190.7100067138672,191.07000732421875,189.38999938964844,160.21795654296875,2725500,VOO,0
2016-05-12,190.13999938964844,190.2899932861328,188.36000061035156,160.3109893798828,1783200,VOO,0
2016-05-13,189.10000610351562,189.7100067138672,187.4600067138672,158.83062744140625,1658700,VOO,0
2016-05-16,187.97999572753906,190.16000366210938,187.92999267578125,160.4125213623047,1075000,VOO,0
2016-05-17,189.35000610351562,189.64999389648438,187.3300018310547,158.9998016357422,3327100,VOO,0
2016-05-18,187.5,189.1999969482422,186.77999877929688,158.97447204589844,1942000,VOO,0
2016-05-19,187.14999389648438,187.58999633789062,185.97000122070312,158.4584503173828,1796000,VOO,0
2016-05-20,187.97000122070312,189.0500030517578,187.89999389648438,159.4481201171875,1588700,VOO,0
2016-05-23,188.47999572753906,188.77999877929688,188.02000427246094,159.2367401123047,1415400,VOO,0
2016-05-24,189.1300048828125,191.00999450683594,189.0800018310547,161.25839233398438,1985400,VOO,0
2016-05-25,191.3800048828125,192.4199981689453,191.36000061035156,162.3581085205078,2006700,VOO,0
2016-05-26,192.13999938964844,192.36000061035156,191.67999267578125,162.43431091308594,1225300,VOO,0
2016-05-27,192.19000244140625,192.8300018310547,192.16000366210938,163.06874084472656,988600,VOO,0
2016-05-31,193.16000366210938,193.27000427246094,191.8800048828125,162.87413024902344,2821900,VOO,0
2016-06-01,191.8800048828125,193.05999755859375,191.6300048828125,163.1786651611328,2375500,VOO,0
2016-06-02,192.4499969482422,193.47999572753906,191.9199981689453,163.6693572998047,1601700,VOO,0
2016-06-03,192.85000610351562,193.25999450683594,191.58999633789062,163.19561767578125,1897100,VOO,0
2016-06-06,193.2899932861328,194.24000549316406,193.1199951171875,163.9823455810547,1177600,VOO,0
2016-06-07,194.0500030517578,194.77999877929688,194.02000427246094,164.2783966064453,1551200,VOO,0
2016-06-08,194.33999633789062,194.9499969482422,194.2100067138672,164.8197021484375,1041100,VOO,0
2016-06-09,194.02000427246094,194.69000244140625,193.75,164.56597900390625,1521600,VOO,0
2016-06-10,193.07000732421875,193.42999267578125,192.1199951171875,162.98414611816406,1932900,VOO,0
2016-06-13,192.02999877929688,192.97000122070312,191.1199951171875,161.7575225830078,2318200,VOO,0
2016-06-14,190.8300018310547,191.4499969482422,189.8000030517578,161.40219116210938,2051200,VOO,0
2016-06-15,191.25999450683594,191.9600067138672,190.36000061035156,161.1654052734375,1590700,VOO,0
2016-06-16,189.60000610351562,191.3300018310547,188.57000732421875,161.68984985351562,2744400,VOO,0
2016-06-17,191.10000610351562,191.10000610351562,189.72999572753906,161.0892333984375,1701000,VOO,0
2016-06-20,192.55999755859375,193.25999450683594,191.55999755859375,162.1212921142578,1192800,VOO,0
2016-06-21,191.14999389648438,191.64999389648438,190.64999389648438,162.58290100097656,1826500,VOO,0
2016-06-22,191.4499969482422,192.2100067138672,190.77999877929688,162.31085205078125,2245900,VOO,0
2016-06-23,192.52000427246094,193.44000244140625,192,164.41073608398438,2582200,VOO,0
2016-06-24,187,189.82000732421875,186,158.41717529296875,10310500,VOO,0
2016-06-27,185.05999755859375,185.05999755859375,182.27000427246094,155.6201934814453,7717000,VOO,0
2016-06-28,184.8699951171875,186.44000244140625,184.52999877929688,158.49365234375,4475900,VOO,0
2016-06-29,187.9499969482422,189.86000061035156,187.86000061035156,161.22265625,4147800,VOO,0
2016-06-30,190.1300048828125,192.24000549316406,189.52999877929688,163.39907836914062,3822200,VOO,0
2016-07-01,192.08999633789062,193.1199951171875,192.07000732421875,163.7391357421875,2170900,VOO,0
2016-07-05,191.72999572753906,191.82000732421875,190.57000732421875,162.59140014648438,2233000,VOO,0
2016-07-06,190.7100067138672,192.49000549316406,189.97000122070312,163.55209350585938,2197800,VOO,0
2016-07-07,192.55999755859375,193.25999450683594,191.44000244140625,163.44155883789062,1704900,VOO,0
2016-07-08,193.6300048828125,195.36000061035156,193.41000366210938,165.9239959716797,2048200,VOO,0
2016-07-11,195.6199951171875,196.41000366210938,195.41000366210938,166.50210571289062,3590400,VOO,0
2016-07-12,196.83999633789062,197.5399932861328,196.58999633789062,167.67530822753906,2356700,VOO,0
2016-07-13,197.69000244140625,197.69000244140625,196.69000244140625,167.61578369140625,2767300,VOO,0
2016-07-14,198.5800018310547,198.8000030517578,197.88999938964844,168.5934600830078,3691100,VOO,0
2016-07-15,198.92999267578125,198.92999267578125,197.55999755859375,168.3384552001953,2346500,VOO,0
2016-07-18,198.14999389648438,198.74000549316406,197.89999389648438,168.8230438232422,1155700,VOO,0
2016-07-19,198.1300048828125,198.38999938964844,197.8800048828125,168.63600158691406,1003200,VOO,0
2016-07-20,198.9199981689453,199.44000244140625,198.41000366210938,169.31607055664062,1096900,VOO,0
2016-07-21,199.07000732421875,199.32000732421875,197.97000122070312,168.67852783203125,4509800,VOO,0
2016-07-22,198.6199951171875,199.3800048828125,198.3000030517578,169.46063232421875,1678900,VOO,0
2016-07-25,199.10000610351562,199.1699981689453,198.1699981689453,169.0525665283203,1172600,VOO,0
2016-07-26,198.6999969482422,199.25,197.97000122070312,169.04408264160156,1405300,VOO,0
2016-07-27,199.2899932861328,199.33999633789062,197.85000610351562,168.93348693847656,2120100,VOO,0
2016-07-28,198.49000549316406,199.2100067138672,197.97999572753906,169.1205596923828,937200,VOO,0
2016-07-29,198.6300048828125,199.60000610351562,198.32000732421875,169.41815185546875,1758600,VOO,0
2016-08-01,199.3300018310547,199.7100067138672,198.5800018310547,169.22262573242188,2111500,VOO,0
2016-08-02,198.7899932861328,198.94000244140625,196.8800048828125,168.16839599609375,4085800,VOO,0
2016-08-03,197.74000549316406,198.4199981689453,197.39999389648438,168.6529541015625,2057500,VOO,0
2016-08-04,198.5,198.89999389648438,198.0500030517578,168.81451416015625,1384700,VOO,0
2016-08-05,199.33999633789062,200.22000122070312,199.19000244140625,170.17474365234375,1818600,VOO,0
2016-08-08,200.41000366210938,200.50999450683594,199.7899932861328,170.08975219726562,1441900,VOO,0
2016-08-09,200.19000244140625,200.72999572753906,199.86000061035156,170.20025634765625,1821100,VOO,0
2016-08-10,200.33999633789062,200.39999389648438,199.3300018310547,169.76670837402344,1222300,VOO,0
2016-08-11,200.30999755859375,200.88999938964844,200,170.59983825683594,1644700,VOO,0
2016-08-12,200.32000732421875,200.6999969482422,200.0399932861328,170.42979431152344,1718400,VOO,0
2016-08-15,200.88999938964844,201.41000366210938,200.85000610351562,170.92286682128906,1051100,VOO,0
2016-08-16,200.61000061035156,200.66000366210938,200,170.0387725830078,1731200,VOO,0
2016-08-17,200.0500030517578,200.52999877929688,199.13999938964844,170.31932067871094,3157700,VOO,0
2016-08-18,200.3699951171875,200.86000061035156,200.25,170.7273712158203,5211200,VOO,0
2016-08-19,200.33999633789062,200.72000122070312,199.80999755859375,170.48928833007812,1190800,VOO,0
2016-08-22,200.3000030517578,200.75,199.8800048828125,170.47232055664062,880300,VOO,0
2016-08-23,201.17999267578125,201.50999450683594,200.86000061035156,170.78688049316406,1214400,VOO,0
2016-08-24,200.77999877929688,200.8699951171875,199.4600067138672,169.96218872070312,1161300,VOO,0
2016-08-25,199.47999572753906,200.2100067138672,199.3300018310547,169.82618713378906,1262600,VOO,0
2016-08-26,199.9600067138672,201.0500030517578,198.44000244140625,169.50314331054688,2890600,VOO,0
2016-08-29,199.52999877929688,200.64999389648438,199.49000549316406,170.36180114746094,1140700,VOO,0
2016-08-30,200.27999877929688,200.57000732421875,199.4499969482422,170.0387725830078,1407400,VOO,0
2016-08-31,199.6999969482422,199.82000732421875,198.64999389648438,169.6221466064453,2343900,VOO,0
2016-09-01,199.5,199.7899932861328,198.24000549316406,169.588134765625,2196100,VOO,0
2016-09-02,200.41000366210938,200.8300018310547,199.77999877929688,170.34481811523438,1555800,VOO,0
2016-09-06,200.69000244140625,201.0399932861328,199.9199981689453,170.88038635253906,1589600,VOO,0
2016-09-07,200.82000732421875,201.14999389648438,200.32000732421875,170.8718719482422,1455400,VOO,0
2016-09-08,200.6199951171875,200.9199981689453,200.19000244140625,170.47232055664062,2180400,VOO,0
2016-09-09,199.0800018310547,199.17999267578125,195.6699981689453,166.3575897216797,3435600,VOO,0
2016-09-12,194.8800048828125,198.9499969482422,194.8000030517578,168.73797607421875,2799900,VOO,0
2016-09-13,196.25,196.50999450683594,194.1199951171875,166.33241271972656,3365300,VOO,0
2016-09-14,194.8300018310547,196.1199951171875,194.1199951171875,166.22994995117188,2967100,VOO,0
2016-09-15,194.50999450683594,197.07000732421875,194.3699951171875,167.93788146972656,1874400,VOO,0
2016-09-16,196.02000427246094,196.19000244140625,195.1699981689453,167.28030395507812,1774100,VOO,0
2016-09-19,196.6300048828125,197.27999877929688,195.63999938964844,167.3315887451172,2061400,VOO,0
2016-09-20,196.86000061035156,197.02999877929688,195.92999267578125,167.3485870361328,1294100,VOO,0
2016-09-21,196.69000244140625,198.33999633789062,195.97999572753906,169.22723388671875,2238800,VOO,0
2016-09-22,199.25999450683594,199.7100067138672,198.97999572753906,170.24359130859375,2215200,VOO,0
2016-09-23,198.97999572753906,199.11000061035156,198.22000122070312,169.32974243164062,1413400,VOO,0
2016-09-26,197.47000122070312,197.60000610351562,196.5,167.98052978515625,2451600,VOO,0
2016-09-27,196.52999877929688,198.00999450683594,196.16000366210938,169.00531005859375,1468000,VOO,0
2016-09-28,198.17999267578125,199.07000732421875,197.1300048828125,169.9190673828125,1419900,VOO,0
2016-09-29,198.7100067138672,199.11000061035156,196.5399932861328,168.32211303710938,2074600,VOO,0
2016-09-30,198.00999450683594,199.33999633789062,197.75,169.67135620117188,3147400,VOO,0
2016-10-03,198.17999267578125,198.35000610351562,197.4499969482422,169.1333770751953,2136000,VOO,0
2016-10-04,198.25,198.47000122070312,196.47999572753906,168.34774780273438,2846600,VOO,0
2016-10-05,197.77000427246094,198.44000244140625,197.72000122070312,169.04800415039062,1126700,VOO,0
2016-10-06,197.74000549316406,198.33999633789062,197.16000366210938,169.24440002441406,1117400,VOO,0
2016-10-07,198.4199981689453,198.60000610351562,196.64999389648438,168.62103271484375,1795100,VOO,0
2016-10-10,197.4600067138672,198.9499969482422,197.4600067138672,169.39813232421875,1297400,VOO,0
2016-10-11,198,198.07000732421875,195.19000244140625,167.34014892578125,2643500,VOO,0
2016-10-12,196.1199951171875,196.74000549316406,195.58999633789062,167.55361938476562,1458700,VOO,0
2016-10-13,194.8300018310547,196.11000061035156,193.9199981689453,167.01564025878906,2407100,VOO,0
2016-10-14,196.64999389648438,197.1199951171875,195.61000061035156,167.05833435058594,1218800,VOO,0
2016-10-17,195.63999938964844,195.92999267578125,194.80999755859375,166.56298828125,1323200,VOO,0
2016-10-18,196.6999969482422,196.75999450683594,195.82000732421875,167.54507446289062,1263300,VOO,0
2016-10-19,196.49000549316406,197.0800018310547,196.1300048828125,168.0061798095703,1041300,VOO,0
2016-10-20,196.3699951171875,196.97000122070312,195.6999969482422,167.73291015625,1309600,VOO,0
2016-10-21,195.5399932861328,196.57000732421875,195.3800048828125,167.775634765625,1376300,VOO,0
2016-10-24,197.3699951171875,197.64999389648438,196.9499969482422,168.45875549316406,817000,VOO,0
2016-10-25,197.1300048828125,197.38999938964844,196.47999572753906,167.98052978515625,1465300,VOO,0
2016-10-26,195.75999450683594,196.86000061035156,195.52999877929688,167.60479736328125,1202300,VOO,0
2016-10-27,197.0399932861328,197.07000732421875,195.64999389648438,167.16078186035156,1635500,VOO,0
2016-10-28,195.7100067138672,196.39999389648438,194.39999389648438,166.63131713867188,2632000,VOO,0
2016-10-31,195.49000549316406,195.74000549316406,194.97999572753906,166.63131713867188,1816300,VOO,0
2016-11-01,195.52000427246094,195.5399932861328,192.4499969482422,165.46995544433594,2456600,VOO,0
2016-11-02,193.4199981689453,193.80999755859375,192.10000610351562,164.3768768310547,3395900,VOO,0
2016-11-03,192.7899932861328,193,191.38999938964844,163.73643493652344,1512200,VOO,0
2016-11-04,191.8000030517578,192.7100067138672,191.32000732421875,163.514404296875,2221300,VOO,0
2016-11-07,194.1699981689453,195.74000549316406,194.00999450683594,167.10101318359375,2699100,VOO,0
2016-11-08,195.30999755859375,197.17999267578125,195.02000427246094,167.86956787109375,3055900,VOO,0
2016-11-09,194.94000244140625,199.33999633789062,194.9199981689453,169.662841796875,6119100,VOO,0
2016-11-10,199.52999877929688,200.44000244140625,197.61000061035156,170.05563354492188,5126400,VOO,0
2016-11-11,198.4199981689453,198.9600067138672,197.6999969482422,169.7397003173828,1954200,VOO,0
2016-11-14,199.3000030517578,199.49000549316406,198.05999755859375,169.7653045654297,2651000,VOO,0
2016-11-15,199.2899932861328,200.4199981689453,199.07000732421875,171.1401824951172,2532400,VOO,0
2016-11-16,199.77999877929688,200.2899932861328,199.64999389648438,170.84982299804688,1195000,VOO,0
2016-11-17,200.2100067138672,201.1300048828125,200.1199951171875,171.66107177734375,1178200,VOO,0
2016-11-18,201.16000366210938,201.32000732421875,200.44000244140625,171.35369873046875,1668300,VOO,0
2016-11-21,201.25,202.17999267578125,201.11000061035156,172.61746215820312,2641300,VOO,0
2016-11-22,202.5800018310547,202.72999572753906,201.77000427246094,172.93344116210938,2773400,VOO,0
2016-11-23,202.13999938964844,202.7100067138672,201.77000427246094,173.08717346191406,1466300,VOO,0
2016-11-25,203.0800018310547,203.5,202.9600067138672,173.77886962890625,1843100,VOO,0
2016-11-28,203.07000732421875,203.3699951171875,202.35000610351562,172.9590301513672,2193000,VOO,0
2016-11-29,202.50999450683594,203.35000610351562,202.1699981689453,173.2323760986328,1689600,VOO,0
2016-11-30,203.52999877929688,203.69000244140625,202.30999755859375,172.83950805664062,2360100,VOO,0
2016-12-01,202.67999267578125,202.7100067138672,201.24000549316406,172.16490173339844,3284100,VOO,0
2016-12-02,201.6999969482422,202.22999572753906,201.35000610351562,172.28443908691406,2118900,VOO,0
2016-12-05,202.63999938964844,203.3000030517578,202.4199981689453,173.27503967285156,2070500,VOO,0
2016-12-06,203.1699981689453,203.6300048828125,202.63999938964844,173.88136291503906,2413300,VOO,0
2016-12-07,203.4499969482422,206.32000732421875,203.3000030517578,176.08453369140625,2253900,VOO,0
2016-12-08,206.25,207.27000427246094,205.9499969482422,176.54566955566406,2983000,VOO,0
2016-12-09,207.02000427246094,208.02999877929688,206.97999572753906,177.62164306640625,1972000,VOO,0
2016-12-12,207.9199981689453,208.4199981689453,207.33999633789062,177.42526245117188,2419600,VOO,0
2016-12-13,208.52999877929688,209.6999969482422,208.47000122070312,178.63784790039062,2670200,VOO,0
2016-12-14,208.83999633789062,209.58999633789062,206.97999572753906,177.16053771972656,4232900,VOO,0
2016-12-15,207.72000122070312,209.22999572753906,207.5800018310547,177.81805419921875,2812500,VOO,0
2016-12-16,208.82000732421875,208.83999633789062,207.5500030517578,177.51063537597656,3074000,VOO,0
2016-12-19,208.10000610351562,208.8000030517578,207.92999267578125,177.9120330810547,2042000,VOO,0
2016-12-20,208.9199981689453,209.30999755859375,208.67999267578125,178.59519958496094,3195300,VOO,0
2016-12-21,209.05999755859375,209.1999969482422,208.57000732421875,178.1084442138672,1546600,VOO,0
2016-12-22,207.16000366210938,207.24000549316406,206.5,177.8815155029297,1863700,VOO,0
2016-12-23,206.97999572753906,207.22000122070312,206.77000427246094,178.03622436523438,1278900,VOO,0
2016-12-27,207.47999572753906,208.14999389648438,207.47999572753906,178.4744415283203,1818500,VOO,0
2016-12-28,208,208.07000732421875,205.91000366210938,177.06520080566406,2228000,VOO,0
2016-12-29,206.10000610351562,206.47000122070312,205.50999450683594,177.0308380126953,1772700,VOO,0
2016-12-30,206.3699951171875,206.42999267578125,204.50999450683594,176.42079162597656,4251000,VOO,0
2017-01-03,206.67999267578125,207.3300018310547,205.55999755859375,177.64952087402344,4750200,VOO,0
2017-01-04,207.1999969482422,208.17999267578125,207.1199951171875,178.69786071777344,4622400,VOO,0
2017-01-05,207.75,208.0399932861328,207.00999450683594,178.5603485107422,2772100,VOO,0
2017-01-06,207.99000549316406,209.08999633789062,207.39999389648438,179.25637817382812,2194600,VOO,0
2017-01-09,208.33999633789062,208.47999572753906,207.88999938964844,178.6892852783203,1705200,VOO,0
2017-01-10,207.89999389648438,208.82000732421875,207.50999450683594,178.66348266601562,2189400,VOO,0
2017-01-11,207.83999633789062,208.50999450683594,207.1199951171875,179.17051696777344,5677600,VOO,0
2017-01-12,207.97000122070312,208.19000244140625,206.5399932861328,178.77517700195312,3244600,VOO,0
2017-01-13,208.17999267578125,208.77999877929688,208.1300048828125,179.12753295898438,2822700,VOO,0
2017-01-17,207.7899932861328,208.2100067138672,207.3300018310547,178.49163818359375,1690000,VOO,0
2017-01-18,208.00999450683594,208.22000122070312,207.4199981689453,178.8697509765625,1980500,VOO,0
2017-01-19,208.27000427246094,208.42999267578125,206.97000122070312,178.2682342529297,1666900,VOO,0
2017-01-20,208.13999938964844,208.6999969482422,207.55999755859375,178.84396362304688,2082500,VOO,0
2017-01-23,207.83999633789062,208.2100067138672,206.8300018310547,178.43148803710938,4586600,VOO,0
2017-01-24,207.86000061035156,209.39999389648438,207.75,179.56578063964844,1940100,VOO,0
2017-01-25,209.97999572753906,210.77000427246094,209.7899932861328,181.06092834472656,2873000,VOO,0
2017-01-26,210.64999389648438,210.89999389648438,210.25,180.92340087890625,2485100,VOO,0
2017-01-27,210.64999389648438,210.75999450683594,210.02999877929688,180.66566467285156,1428200,VOO,0
2017-01-30,209.47999572753906,209.52000427246094,207.8800048828125,179.57435607910156,2782300,VOO,0
2017-01-31,208.33999633789062,208.97000122070312,207.7899932861328,179.56578063964844,3787100,VOO,0
2017-02-01,209.6199951171875,209.86000061035156,208.3699951171875,179.5915069580078,2698800,VOO,0
2017-02-02,208.58999633789062,209.39999389648438,208.22999572753906,179.66891479492188,1661300,VOO,0
2017-02-03,210.0800018310547,210.72999572753906,209.77000427246094,181.0007781982422,4264400,VOO,0
2017-02-06,210.1199951171875,210.5399932861328,209.83999633789062,180.62271118164062,1345500,VOO,0
2017-02-07,210.64999389648438,210.83999633789062,209.99000549316406,180.66566467285156,1194600,VOO,0
2017-02-08,210.25,210.61000061035156,209.6300048828125,180.89773559570312,1096100,VOO,0
2017-02-09,210.52000427246094,212.0399932861328,210.52000427246094,181.92880249023438,1237100,VOO,0
2017-02-10,212.1300048828125,212.8000030517578,212.00999450683594,182.65927124023438,1412400,VOO,0
2017-02-13,213.11000061035156,214,213.07000732421875,183.63018798828125,1756300,VOO,0
2017-02-14,213.5500030517578,214.58999633789062,213.16000366210938,184.3949432373047,2528100,VOO,0
2017-02-15,214.33999633789062,215.88999938964844,214.30999755859375,185.3315887451172,2050200,VOO,0
2017-02-16,215.74000549316406,215.89999389648438,214.72999572753906,185.185546875,1920100,VOO,0
2017-02-17,214.83999633789062,215.83999633789062,214.7899932861328,185.46910095214844,1452600,VOO,0
2017-02-21,216.32000732421875,217.32000732421875,216.25,186.56039428710938,1893000,VOO,0
2017-02-22,216.72000122070312,217.19000244140625,216.5500030517578,186.4744415283203,1471400,VOO,0
2017-02-23,217.5399932861328,217.5399932861328,216.3000030517578,186.57749938964844,1717200,VOO,0
2017-02-24,216.22000122070312,217.4199981689453,216.16000366210938,186.8009796142578,1637700,VOO,0
2017-02-27,217.32000732421875,217.89999389648438,217.02000427246094,187.0759735107422,1942200,VOO,0
2017-02-28,217.33999633789062,217.5800018310547,216.72000122070312,186.52603149414062,2181000,VOO,0
2017-03-01,218.89999389648438,220.66000366210938,218.8699951171875,189.17262268066406,3325500,VOO,0
2017-03-02,219.99000549316406,220.02000427246094,218.75,188.06414794921875,1657100,VOO,0
2017-03-03,218.6999969482422,219.08999633789062,218.30999755859375,188.167236328125,1765900,VOO,0
2017-03-06,218.07000732421875,218.64999389648438,217.6300048828125,187.5829620361328,1530600,VOO,0
2017-03-07,217.97999572753906,218.3300018310547,217.4199981689453,187.01577758789062,1743200,VOO,0
2017-03-08,217.9499969482422,218.1999969482422,217.07000732421875,186.6205291748047,1784400,VOO,0
2017-03-09,217.3300018310547,217.83999633789062,216.4600067138672,186.81822204589844,1636200,VOO,0
2017-03-10,218.5500030517578,218.55999755859375,217.25999450683594,187.47122192382812,1819900,VOO,0
2017-03-13,218.17999267578125,218.41000366210938,217.86000061035156,187.5829620361328,1388100,VOO,0
2017-03-14,217.77000427246094,217.80999755859375,216.88999938964844,186.94703674316406,1428400,VOO,0
2017-03-15,218.1300048828125,219.85000610351562,217.8699951171875,188.5023651123047,3358800,VOO,0
2017-03-16,219.61000061035156,219.64999389648438,218.64999389648438,188.18441772460938,1710900,VOO,0
2017-03-17,219.3000030517578,219.44000244140625,218.55999755859375,187.80633544921875,1588500,VOO,0
2017-03-20,218.58999633789062,218.88999938964844,217.97999572753906,187.64308166503906,1035900,VOO,0
2017-03-21,219,219.1300048828125,215.41000366210938,185.2456512451172,3468700,VOO,0
2017-03-22,214.5800018310547,215.33999633789062,213.9499969482422,185.623779296875,2600300,VOO,0
2017-03-23,214.8000030517578,216.02000427246094,214.44000244140625,185.4338836669922,2436700,VOO,0
2017-03-24,215.13999938964844,215.77000427246094,213.8800048828125,185.37339782714844,2647600,VOO,0
2017-03-27,212.8699951171875,214.72000122070312,212.6199951171875,185.07130432128906,2082900,VOO,0
2017-03-28,214.16000366210938,216.4600067138672,214.0500030517578,186.4439239501953,3057200,VOO,0
2017-03-29,215.72000122070312,216.47000122070312,215.47999572753906,186.72010803222656,1748500,VOO,0
2017-03-30,216.1699981689453,217.1300048828125,215.97999572753906,187.22084045410156,2494800,VOO,0
2017-03-31,216.55999755859375,217.11000061035156,216.35000610351562,186.77197265625,1331400,VOO,0
2017-04-03,216.50999450683594,216.69000244140625,214.74000549316406,186.5388641357422,2843700,VOO,0
2017-04-04,215.7100067138672,216.25,215.3300018310547,186.6425323486328,2481600,VOO,0
2017-04-05,216.88999938964844,217.92999267578125,215.33999633789062,186.07272338867188,2311800,VOO,0
2017-04-06,215.7100067138672,216.67999267578125,215.22000122070312,186.55615234375,1635500,VOO,0
2017-04-07,215.86000061035156,216.63999938964844,215.39999389648438,186.39210510253906,1835900,VOO,0
2017-04-10,216.05999755859375,216.8800048828125,215.5,186.5216064453125,1311900,VOO,0
2017-04-11,215.6300048828125,215.8800048828125,214.25,186.2885284423828,1787300,VOO,0
2017-04-12,215.49000549316406,215.69000244140625,214.6199951171875,185.5202178955078,2002700,VOO,0
2017-04-13,214.5,215.24000549316406,213.47000122070312,184.2856903076172,1806800,VOO,0
2017-04-17,214,215.35000610351562,213.8000030517578,185.90000915527344,1746900,VOO,0
2017-04-18,214.5500030517578,215.24000549316406,213.97999572753906,185.3907470703125,2695900,VOO,0
2017-04-19,215.30999755859375,215.6999969482422,214.05999755859375,184.9849395751953,2032400,VOO,0
2017-04-20,214.97999572753906,216.5,214.6199951171875,186.49566650390625,2734000,VOO,0
2017-04-21,215.97000122070312,216.02000427246094,214.92999267578125,185.95184326171875,2594400,VOO,0
2017-04-24,217.75,217.9499969482422,217.22999572753906,187.93739318847656,2366400,VOO,0
2017-04-25,218.41000366210938,219.36000061035156,218.2899932861328,189.06832885742188,1745100,VOO,0
2017-04-26,218.9600067138672,219.89999389648438,218.80999755859375,188.93017578125,2824500,VOO,0
2017-04-27,219.1999969482422,219.36000061035156,218.47000122070312,189.076904296875,1154200,VOO,0
2017-04-28,219.3300018310547,219.33999633789062,218.42999267578125,188.71438598632812,1257600,VOO,0
2017-05-01,219.16000366210938,219.57000732421875,218.64999389648438,189.17190551757812,1506700,VOO,0
2017-05-02,219.2899932861328,219.3800048828125,218.77000427246094,189.23231506347656,2573000,VOO,0
2017-05-03,218.77999877929688,219.1699981689453,218.24000549316406,189.04237365722656,1654600,VOO,0
2017-05-04,219.27000427246094,219.35000610351562,218.30999755859375,189.2150421142578,1439100,VOO,0
2017-05-05,219.55999755859375,220.05999755859375,219.1199951171875,189.9747772216797,1729700,VOO,0
2017-05-08,220.1300048828125,220.25,219.57000732421875,189.98342895507812,2225000,VOO,0
2017-05-09,220.2899932861328,220.49000549316406,219.44000244140625,189.7416534423828,1636900,VOO,0
2017-05-10,219.75999450683594,220.22000122070312,219.5500030517578,190.09559631347656,1066900,VOO,0
2017-05-11,219.74000549316406,219.92999267578125,218.6199951171875,189.70709228515625,1855700,VOO,0
2017-05-12,219.5,219.60000610351562,219.1199951171875,189.41360473632812,1056500,VOO,0
2017-05-15,219.8800048828125,220.72000122070312,219.8300018310547,190.371826171875,1440600,VOO,0
2017-05-16,220.8800048828125,220.94000244140625,220,190.33729553222656,2452500,VOO,0
2017-05-17,218.61000061035156,219.07000732421875,216.4199981689453,186.96192932128906,3507700,VOO,0
2017-05-18,216.3300018310547,218.24000549316406,216.1300048828125,187.64385986328125,2894500,VOO,0
2017-05-19,217.8800048828125,219.47000122070312,217.8300018310547,188.80929565429688,2436500,VOO,0
2017-05-22,219.25999450683594,220.0500030517578,219.22999572753906,189.8625030517578,1865000,VOO,0
2017-05-23,220.30999755859375,220.5399932861328,219.89999389648438,190.23373413085938,1259000,VOO,0
2017-05-24,220.63999938964844,221,220.27999877929688,190.6912841796875,1453900,VOO,0
2017-05-25,221.42999267578125,222.24000549316406,221.2100067138672,191.5804443359375,1564600,VOO,0
2017-05-26,221.75999450683594,222.07000732421875,221.6699981689453,191.58909606933594,1196000,VOO,0
2017-05-30,221.55999755859375,221.97000122070312,221.4199981689453,191.4077911376953,1511700,VOO,0
2017-05-31,222.0399932861328,222.0800018310547,220.9199981689453,191.36463928222656,2326200,VOO,0
2017-06-01,222.13999938964844,223.4499969482422,221.86000061035156,192.8581085205078,2112900,VOO,0
2017-06-02,223.47999572753906,224.32000732421875,223.1699981689453,193.46240234375,1857600,VOO,0
2017-06-05,223.99000549316406,224.27999877929688,223.80999755859375,193.3328857421875,1831200,VOO,0
2017-06-06,223.3699951171875,223.9499969482422,223.1999969482422,192.78045654296875,1449400,VOO,0
2017-06-07,223.69000244140625,223.92999267578125,222.92999267578125,193.09982299804688,1328800,VOO,0
2017-06-08,223.82000732421875,224.30999755859375,223.24000549316406,193.16891479492188,1116100,VOO,0
2017-06-09,224.1199951171875,224.92999267578125,222.10000610351562,192.94447326660156,2117600,VOO,0
2017-06-12,223.2100067138672,223.47999572753906,222.50999450683594,192.8667449951172,1812100,VOO,0
2017-06-13,223.99000549316406,224.57000732421875,223.63999938964844,193.80772399902344,2170700,VOO,0
2017-06-14,224.82000732421875,224.83999633789062,223.3800048828125,193.60052490234375,1886000,VOO,0
2017-06-15,222.86000061035156,223.92999267578125,222.50999450683594,193.21205139160156,2170900,VOO,0
2017-06-16,224,224.05999755859375,222.94000244140625,193.26385498046875,1603600,VOO,0
2017-06-19,224.72999572753906,225.77000427246094,224.6199951171875,194.84371948242188,1433100,VOO,0
2017-06-20,225.36000061035156,225.36000061035156,224.17999267578125,193.56605529785156,1366000,VOO,0
2017-06-21,224.57000732421875,224.6999969482422,223.63999938964844,193.4883270263672,1422000,VOO,0
2017-06-22,224.1699981689453,224.66000366210938,223.8699951171875,193.3760986328125,1344400,VOO,0
2017-06-23,223.1199951171875,223.64999389648438,222.72000122070312,193.70562744140625,1257400,VOO,0
2017-06-26,224,224.4499969482422,223.24000549316406,193.76632690429688,1321700,VOO,0
2017-06-27,223.2100067138672,223.52000427246094,221.6300048828125,192.22268676757812,3476700,VOO,0
2017-06-28,222.72999572753906,223.83999633789062,222.5,193.92245483398438,2875800,VOO,0
2017-06-29,223.80999755859375,223.9199981689453,220.4199981689453,192.2487335205078,4613000,VOO,0
2017-06-30,222.57000732421875,222.91000366210938,221.86000061035156,192.56954956054688,2982300,VOO,0
2017-07-03,223.08999633789062,223.52999877929688,222.47000122070312,192.99452209472656,1762500,VOO,0
2017-07-05,222.83999633789062,223.1699981689453,222,193.33274841308594,2043800,VOO,0
2017-07-06,222.16000366210938,222.25,220.72000122070312,191.59832763671875,2540700,VOO,0
2017-07-07,221.52000427246094,222.52000427246094,221.3800048828125,192.81240844726562,2148000,VOO,0
2017-07-10,222.1999969482422,222.99000549316406,222.0399932861328,193.0118865966797,1800100,VOO,0
2017-07-11,222.4199981689453,222.75999450683594,221.22000122070312,192.8644561767578,1638700,VOO,0
2017-07-12,223.47000122070312,224.27999877929688,223.47000122070312,194.3126678466797,1492100,VOO,0
2017-07-13,224.16000366210938,224.61000061035156,223.88999938964844,194.6422119140625,1485500,VOO,0
2017-07-14,224.52000427246094,225.89999389648438,224.38999938964844,195.52671813964844,1642400,VOO,0
2017-07-17,225.4499969482422,225.86000061035156,225.33999633789062,195.552734375,1176200,VOO,0
2017-07-18,225.1300048828125,225.69000244140625,224.72999572753906,195.70022583007812,3146500,VOO,0
2017-07-19,225.97999572753906,226.86000061035156,225.9600067138672,196.73211669921875,1255300,VOO,0
2017-07-20,227.1300048828125,227.25,226.39999389648438,196.79286193847656,1698100,VOO,0
2017-07-21,226.36000061035156,226.77999877929688,226.11000061035156,196.6540985107422,2461700,VOO,0
2017-07-24,226.6699981689453,226.8300018310547,226.22000122070312,196.584716796875,1278200,VOO,0
2017-07-25,227.50999450683594,227.58999633789062,227.02000427246094,197.05300903320312,1349500,VOO,0
2017-07-26,227.57000732421875,227.58999633789062,226.97999572753906,197.11367797851562,1574100,VOO,0
2017-07-27,227.75,227.77999877929688,225.64999389648438,196.8795623779297,1834500,VOO,0
2017-07-28,226.5399932861328,226.9199981689453,226.08999633789062,196.6540985107422,2364100,VOO,0
2017-07-31,227.22999572753906,227.3000030517578,226.44000244140625,196.5413818359375,3020000,VOO,0
2017-08-01,227.3000030517578,227.32000732421875,226.67999267578125,196.9835968017578,1674500,VOO,0
2017-08-02,227.30999755859375,227.4199981689453,226.2899932861328,197.09634399414062,1889300,VOO,0
2017-08-03,227.17999267578125,227.17999267578125,226.5500030517578,196.74949645996094,1266400,VOO,0
2017-08-04,227.36000061035156,227.58999633789062,226.83999633789062,197.07901000976562,1039800,VOO,0
2017-08-07,227.3300018310547,227.66000366210938,227.1999969482422,197.39987182617188,848500,VOO,0
2017-08-08,227.33999633789062,228.6199951171875,226.72999572753906,197.0096435546875,1064700,VOO,0
2017-08-09,226.35000610351562,227.14999389648438,226,196.89694213867188,1536600,VOO,0
2017-08-10,226.24000549316406,226.35000610351562,223.85000610351562,194.1912078857422,3043300,VOO,0
2017-08-11,224.1300048828125,224.82000732421875,223.8699951171875,194.45140075683594,1584300,VOO,0
2017-08-14,225.55999755859375,226.6699981689453,225.55999755859375,196.3591766357422,2201900,VOO,0
2017-08-15,226.83999633789062,226.8699951171875,226.10000610351562,196.3765869140625,1309700,VOO,0
2017-08-16,226.9499969482422,227.38999938964844,226.3699951171875,196.68878173828125,1531400,VOO,0
2017-08-17,226.19000244140625,226.5,223.27999877929688,193.6275634765625,3396200,VOO,0
2017-08-18,223.08999633789062,224.27000427246094,222.4499969482422,193.2720489501953,2691100,VOO,0
2017-08-21,222.85000610351562,223.36000061035156,222.1199951171875,193.5061798095703,1281300,VOO,0
2017-08-22,223.72000122070312,225.60000610351562,223.69000244140625,195.46604919433594,1455700,VOO,0
2017-08-23,224.4600067138672,225.05999755859375,224.25999450683594,194.7982940673828,1462900,VOO,0
2017-08-24,225.0399932861328,225.1699981689453,223.8800048828125,194.3473663330078,1345100,VOO,0
2017-08-25,224.9499969482422,225.5800018310547,224.47000122070312,194.77227783203125,1220800,VOO,0
2017-08-28,225.16000366210938,225.2100067138672,224.19000244140625,194.84161376953125,801000,VOO,0
2017-08-29,223.25,225.16000366210938,223.14999389648438,194.98907470703125,1397400,VOO,0
2017-08-30,224.86000061035156,226.24000549316406,224.69000244140625,195.9603271484375,1377800,VOO,0
2017-08-31,226.6300048828125,227.5800018310547,226.5500030517578,197.11367797851562,2202700,VOO,0
2017-09-01,227.75999450683594,228.11000061035156,227.50999450683594,197.4519500732422,1393700,VOO,0
2017-09-05,227.10000610351562,227.35000610351562,224.97999572753906,195.9949951171875,2222300,VOO,0
2017-09-06,226.75999450683594,227.13999938964844,226.19000244140625,196.6800994873047,1523300,VOO,0
2017-09-07,227.1300048828125,227.1300048828125,226.33999633789062,196.63673400878906,1620300,VOO,0
2017-09-08,226.4499969482422,226.97999572753906,226.25,196.33323669433594,1896900,VOO,0
2017-09-11,227.85000610351562,229.00999450683594,227.83999633789062,198.4751434326172,2007200,VOO,0
2017-09-12,229.32000732421875,229.72000122070312,229.1300048828125,199.2036590576172,1535000,VOO,0
2017-09-13,229.3699951171875,229.85000610351562,229.27999877929688,199.32505798339844,1155800,VOO,0
2017-09-14,229.47000122070312,229.94000244140625,229.30999755859375,199.2556915283203,1857300,VOO,0
2017-09-15,229.6199951171875,230.1300048828125,229.49000549316406,199.5331573486328,1419700,VOO,0
2017-09-18,230.4600067138672,230.89999389648438,230.1199951171875,199.8800506591797,1325200,VOO,0
2017-09-19,230.7899932861328,230.85000610351562,230.44000244140625,200.1228790283203,1302400,VOO,0
2017-09-20,229.67999267578125,229.77999877929688,228.6300048828125,200.23275756835938,1850500,VOO,0
2017-09-21,229.5399932861328,229.5800018310547,228.8699951171875,199.66610717773438,1899900,VOO,0
2017-09-22,228.75,229.25999450683594,228.72000122070312,199.63995361328125,1599200,VOO,0
2017-09-25,228.82000732421875,229.1999969482422,227.86000061035156,199.3436279296875,1523300,VOO,0
2017-09-26,229.08999633789062,229.32000732421875,228.52999877929688,199.4133758544922,2335000,VOO,0
2017-09-27,229.52999877929688,230.05999755859375,228.60000610351562,200.18914794921875,2103600,VOO,0
2017-09-28,229.36000061035156,230.00999450683594,229.2899932861328,200.42445373535156,1084700,VOO,0
2017-09-29,229.91000366210938,230.8300018310547,229.74000549316406,201.1392059326172,1726200,VOO,0
2017-10-02,231,231.72999572753906,230.91000366210938,201.98468017578125,1960600,VOO,0
2017-10-03,231.89999389648438,232.25,231.6699981689453,202.39434814453125,1316400,VOO,0
2017-10-04,232.1199951171875,232.77999877929688,231.97999572753906,202.67327880859375,1006700,VOO,0
2017-10-05,232.86000061035156,233.92999267578125,232.75999450683594,203.8761444091797,1471800,VOO,0
2017-10-06,233.4600067138672,233.6999969482422,233.17999267578125,203.68441772460938,1101500,VOO,0
2017-10-09,233.9199981689453,233.92999267578125,232.97999572753906,203.32708740234375,768300,VOO,0
2017-10-10,233.83999633789062,234.25,233.2899932861328,203.84124755859375,1027600,VOO,0
2017-10-11,233.74000549316406,234.24000549316406,233.60000610351562,204.17247009277344,1036400,VOO,0
2017-10-12,233.8699951171875,234.27000427246094,233.63999938964844,203.85867309570312,1079400,VOO,0
2017-10-13,234.3699951171875,234.47000122070312,234.02000427246094,204.08531188964844,1067900,VOO,0
2017-10-16,234.41000366210938,234.69000244140625,234.0399932861328,204.40782165527344,1767300,VOO,0
2017-10-17,234.47000122070312,234.69000244140625,234.22000122070312,204.53857421875,1332100,VOO,0
2017-10-18,235.05999755859375,235.08999633789062,234.67999267578125,204.72161865234375,1527800,VOO,0
2017-10-19,234.02999877929688,234.99000549316406,233.6199951171875,204.82623291015625,1653600,VOO,0
2017-10-20,235.8000030517578,236.19000244140625,235.52999877929688,205.84603881835938,1296300,VOO,0
2017-10-23,236.49000549316406,236.49000549316406,235.14999389648438,205.096435546875,1101000,VOO,0
2017-10-24,235.67999267578125,235.88999938964844,235.27000427246094,205.38406372070312,1818400,VOO,0
2017-10-25,235.3000030517578,235.41000366210938,233.2899932861328,204.39915466308594,1943400,VOO,0
2017-10-26,235.10000610351562,235.41000366210938,234.6699981689453,204.59085083007812,3298200,VOO,0
2017-10-27,235.6300048828125,236.8800048828125,235.3000030517578,206.33413696289062,2825000,VOO,0
2017-10-30,235.6300048828125,236.6199951171875,235.52999877929688,205.5845489501953,1292500,VOO,0
2017-10-31,236.25999450683594,236.47000122070312,235.89999389648438,205.81988525390625,1357600,VOO,0
2017-11-01,237.02999877929688,237.38999938964844,236.1300048828125,206.17723083496094,2078300,VOO,0
2017-11-02,236.4499969482422,236.77000427246094,235.32000732421875,206.264404296875,1908100,VOO,0
2017-11-03,236.8300018310547,237.44000244140625,236.33999633789062,206.95298767089844,1934200,VOO,0
2017-11-06,237.24000549316406,237.88999938964844,237.2100067138672,207.2667999267578,1688600,VOO,0
2017-11-07,237.88999938964844,238.22000122070312,237.11000061035156,207.17962646484375,1502700,VOO,0
2017-11-08,237.41000366210938,238.1199951171875,237.14999389648438,207.48472595214844,4711000,VOO,0
2017-11-09,236.72999572753906,237.33999633789062,235.47999572753906,206.73509216308594,1644100,VOO,0
2017-11-10,236.72000122070312,237.17999267578125,236.39999389648438,206.61305236816406,1019000,VOO,0
2017-11-13,236.3300018310547,237.52000427246094,236.30999755859375,206.85716247558594,900000,VOO,0
2017-11-14,236.44000244140625,236.85000610351562,235.63999938964844,206.35159301757812,2763300,VOO,0
2017-11-15,235.74000549316406,236.24000549316406,234.82000732421875,205.29693603515625,2436200,VOO,0
2017-11-16,236.52000427246094,237.92999267578125,236.5,207.04891967773438,1072300,VOO,0
2017-11-17,237.1699981689453,237.38999938964844,236.7899932861328,206.4910430908203,1370500,VOO,0
2017-11-20,237.1199951171875,237.47000122070312,236.86000061035156,206.76126098632812,1420400,VOO,0
2017-11-21,238.05999755859375,239,238,208.13845825195312,1151500,VOO,0
2017-11-22,238.86000061035156,238.9499969482422,238.44000244140625,207.9903106689453,2143500,VOO,0
2017-11-24,239.1199951171875,239.27999877929688,238.99000549316406,208.4261016845703,1219300,VOO,0
2017-11-27,239.19000244140625,239.52999877929688,238.8300018310547,208.3650360107422,2654000,VOO,0
2017-11-28,239.58999633789062,241.47999572753906,239.44000244140625,210.4308624267578,1800500,VOO,0
2017-11-29,241.60000610351562,242.17999267578125,240.83999633789062,210.35243225097656,2442100,VOO,0
2017-11-30,242.3000030517578,244.39999389648438,242.22999572753906,212.11309814453125,5451700,VOO,0
2017-12-01,243.25,243.7100067138672,239.52000427246094,211.7209014892578,3775600,VOO,0
2017-12-04,244.6999969482422,245.07000732421875,242.58999633789062,211.49427795410156,2162000,VOO,0
2017-12-05,242.91000366210938,243.5800018310547,241.6300048828125,210.74464416503906,1886300,VOO,0
2017-12-06,241.72999572753906,242.25999450683594,241.3300018310547,210.73594665527344,1204800,VOO,0
2017-12-07,241.69000244140625,242.91000366210938,241.5500030517578,211.43324279785156,2670000,VOO,0
2017-12-08,243.4499969482422,243.9199981689453,243.1999969482422,212.5838165283203,1685700,VOO,0
2017-12-11,244.02000427246094,244.7100067138672,243.89999389648438,213.2724151611328,2513300,VOO,0
2017-12-12,244.94000244140625,245.5800018310547,244.69000244140625,213.63848876953125,1855000,VOO,0
2017-12-13,245.36000061035156,245.8000030517578,244.97000122070312,213.5862274169922,1808300,VOO,0
2017-12-14,245.39999389648438,245.47999572753906,244,212.74073791503906,1932900,VOO,0
2017-12-15,245.14999389648438,246.5500030517578,245.07000732421875,214.52755737304688,3170800,VOO,0
2017-12-18,247.52000427246094,248.00999450683594,247.4499969482422,215.86119079589844,2089600,VOO,0
2017-12-19,247.9199981689453,247.9499969482422,246.6300048828125,215.07672119140625,3170300,VOO,0
2017-12-20,247.72000122070312,247.77000427246094,246.27000427246094,214.91107177734375,2570000,VOO,0
2017-12-21,247.22000122070312,247.80999755859375,246.82000732421875,215.34686279296875,2262400,VOO,0
2017-12-22,247.08999633789062,247.1300048828125,246.44000244140625,215.3032989501953,1888500,VOO,0
2017-12-26,245.66000366210938,245.7100067138672,245.25999450683594,215.0528564453125,1492300,VOO,0
2017-12-27,245.7100067138672,246.02000427246094,245.3800048828125,215.17543029785156,1379100,VOO,0
2017-12-28,246.1300048828125,246.2100067138672,245.77000427246094,215.57833862304688,2346700,VOO,0
2017-12-29,246.75999450683594,246.77000427246094,245.02999877929688,214.8338623046875,2326700,VOO,0
2018-01-02,246.14999389648438,247.08999633789062,245.74000549316406,216.41036987304688,2784300,VOO,0
2018-01-03,247.24000549316406,248.6999969482422,247.17999267578125,217.6978759765625,2917700,VOO,0
2018-01-04,249.27000427246094,250.1199951171875,249.1699981689453,218.6525115966797,2918000,VOO,0
2018-01-05,250.4600067138672,251.39999389648438,249.9499969482422,220.05389404296875,2190200,VOO,0
2018-01-08,251.16000366210938,251.8800048828125,250.8699951171875,220.50924682617188,2476200,VOO,0
2018-01-09,252.17999267578125,252.94000244140625,251.91000366210938,220.97348022460938,2129800,VOO,0
2018-01-10,251.50999450683594,252.1699981689453,250.82000732421875,220.5968780517578,1953600,VOO,0
2018-01-11,252.47000122070312,253.72999572753906,252.3300018310547,222.2259063720703,2280300,VOO,0
2018-01-12,254.02999877929688,255.55999755859375,253.89999389648438,223.69735717773438,2054900,VOO,0
2018-01-16,256.7900085449219,257.3999938964844,253.8000030517578,222.8828125,3719600,VOO,0
2018-01-17,255.5,257.3500061035156,254.74000549316406,225.03733825683594,1867700,VOO,0
2018-01-18,256.8399963378906,257.2699890136719,256.0199890136719,224.7308349609375,3154200,VOO,0
2018-01-19,257.1499938964844,257.69000244140625,256.5299987792969,225.68548583984375,2541200,VOO,0
2018-01-22,257.45001220703125,259.7799987792969,257.45001220703125,227.49844360351562,1607800,VOO,0
2018-01-23,259.8399963378906,260.6300048828125,259.510009765625,228.0152130126953,2161100,VOO,0
2018-01-24,261.0299987792969,261.6300048828125,259.0199890136719,227.9013671875,2935500,VOO,0
2018-01-25,261.1700134277344,261.2200012207031,259.5299987792969,228.0064239501953,3585600,VOO,0
2018-01-26,261.3299865722656,263.3699951171875,260.9700012207031,230.66026306152344,2857300,VOO,0
2018-01-29,262.8299865722656,263.25,261.4800109863281,229.0662384033203,5145000,VOO,0
2018-01-30,259.6700134277344,260.3500061035156,258.4599914550781,226.6226806640625,6678900,VOO,0
2018-01-31,259.8299865722656,260.3800048828125,257.95001220703125,226.8328399658203,5585800,VOO,0
2018-02-01,258.2900085449219,260.1199951171875,257.95001220703125,226.60513305664062,3125700,VOO,0
2018-02-02,257.3699951171875,257.5,253.08999633789062,221.7530059814453,5532200,VOO,0
2018-02-05,251.25999450683594,253.47000122070312,241.9199981689453,212.64425659179688,8559200,VOO,0
2018-02-06,238.8000030517578,247.80999755859375,237.6699981689453,216.57679748535156,11701700,VOO,0
2018-02-07,246.7100067138672,250.27999877929688,245.9199981689453,215.39443969726562,6240200,VOO,0
2018-02-08,246.25,246.42999267578125,236.6999969482422,207.38926696777344,6985700,VOO,0
2018-02-09,239.60000610351562,242.1999969482422,232.4199981689453,210.5860595703125,9713100,VOO,0
2018-02-12,242.5,245.32000732421875,240.66000366210938,213.47634887695312,4236200,VOO,0
2018-02-13,242.6300048828125,245,241.97000122070312,214.19451904296875,3077700,VOO,0
2018-02-14,243,248.1199951171875,242.83999633789062,216.99713134765625,3650800,VOO,0
2018-02-15,249.60000610351562,250.97000122070312,246.97999572753906,219.8086700439453,2923800,VOO,0
2018-02-16,250.27000427246094,253,250.1699981689453,219.78233337402344,3007500,VOO,0
2018-02-20,250,251.50999450683594,248.60000610351562,218.45106506347656,3454400,VOO,0
2018-02-21,249.86000061035156,252.44000244140625,248.11000061035156,217.30368041992188,2798000,VOO,0
2018-02-22,249.1699981689453,250.89999389648438,247.80999755859375,217.5664520263672,3177700,VOO,0
2018-02-23,249.82000732421875,252.49000549316406,249.3000030517578,221.13990783691406,2923100,VOO,0
2018-02-26,253.55999755859375,255.5,252.99000549316406,223.68853759765625,1892000,VOO,0
2018-02-27,255.6300048828125,256.3399963378906,252.13999938964844,220.83334350585938,2947100,VOO,0
2018-02-28,253.3699951171875,253.82000732421875,249.33999633789062,218.3810272216797,2716600,VOO,0
2018-03-01,249.52999877929688,251.02999877929688,244.4499969482422,215.49954223632812,5182300,VOO,0
2018-03-02,244.24000549316406,247.86000061035156,243.3300018310547,216.6468505859375,3276500,VOO,0
2018-03-05,246.02000427246094,250.7899932861328,245.9499969482422,219.13418579101562,3024600,VOO,0
2018-03-06,251.22000122070312,251.25,249.22999572753906,219.68600463867188,1932000,VOO,0
2018-03-07,248.5399932861328,251.07000732421875,248.36000061035156,219.5896759033203,2730200,VOO,0
2018-03-08,251.39999389648438,252.02000427246094,250.36000061035156,220.6143798828125,3021600,VOO,0
2018-03-09,253.39999389648438,256.260009765625,253.0500030517578,224.43304443359375,2450800,VOO,0
2018-03-12,256.6400146484375,257.25,255.5800018310547,224.2140655517578,2029200,VOO,0
2018-03-13,257.20001220703125,257.7099914550781,253.7100067138672,222.73388671875,3080600,VOO,0
2018-03-14,255.3300018310547,255.50999450683594,252.4600067138672,221.56027221679688,2352700,VOO,0
2018-03-15,253.5500030517578,254.2100067138672,252.22000122070312,221.35008239746094,2161500,VOO,0
2018-03-16,253.22999572753906,254.0800018310547,252.97000122070312,221.5778045654297,1554600,VOO,0
2018-03-19,252.25,252.25999450683594,247.8699951171875,218.6174774169922,2715800,VOO,0
2018-03-20,249.99000549316406,250.66000366210938,249.3300018310547,219.00283813476562,1991400,VOO,0
2018-03-21,249.94000244140625,252.1199951171875,249.30999755859375,218.49485778808594,2777300,VOO,0
2018-03-22,247.11000061035156,248.0800018310547,243.02999877929688,213.06468200683594,3589400,VOO,0
2018-03-23,243.74000549316406,244.08999633789062,237.9199981689453,208.52786254882812,3815500,VOO,0
2018-03-26,240.82000732421875,243.80999755859375,238.32000732421875,214.26797485351562,5529000,VOO,0
2018-03-27,244.47000122070312,245.0399932861328,237.77000427246094,210.5550079345703,3363600,VOO,0
2018-03-28,239.4600067138672,241.22000122070312,237.52999877929688,209.96551513671875,4384100,VOO,0
2018-03-29,239.85000610351562,243.61000061035156,239.0800018310547,212.9921417236328,2910800,VOO,0
2018-04-02,241.19000244140625,241.6999969482422,233.9199981689453,208.0650634765625,4696400,VOO,0
2018-04-03,237.80999755859375,240,235.92999267578125,210.70458984375,3287900,VOO,0
2018-04-04,235.8699951171875,242.80999755859375,235.6999969482422,213.1329345703125,4598000,VOO,0
2018-04-05,243.89999389648438,244.88999938964844,242.8000030517578,214.67266845703125,3436600,VOO,0
2018-04-06,241.94000244140625,243.50999450683594,236.97999572753906,209.9479217529297,4931600,VOO,0
2018-04-09,240.14999389648438,243.25,239.32000732421875,210.80136108398438,2956000,VOO,0
2018-04-10,242.75,244.3800048828125,241.57000732421875,214.27676391601562,2903800,VOO,0
2018-04-11,242,243.99000549316406,241.9499969482422,213.14173889160156,2068300,VOO,0
2018-04-12,243.7100067138672,245.25,243.47000122070312,214.9278106689453,1723600,VOO,0
2018-04-13,245.83999633789062,245.83999633789062,242.5,214.32955932617188,2887700,VOO,0
2018-04-16,245.27000427246094,246.35000610351562,244.41000366210938,216.07164001464844,2149200,VOO,0
2018-04-17,247.4199981689453,248.80999755859375,246.8800048828125,218.39439392089844,2301800,VOO,0
2018-04-18,248.66000366210938,249.22000122070312,247.94000244140625,218.51760864257812,1365100,VOO,0
2018-04-19,247.6199951171875,247.88999938964844,245.9600067138672,217.32095336914062,1997100,VOO,0
2018-04-20,246.9499969482422,247.1300048828125,243.97000122070312,215.56137084960938,2103900,VOO,0
2018-04-23,245.5500030517578,246.0800018310547,243.75,215.46453857421875,1472600,VOO,0
2018-04-24,245.97000122070312,246.1199951171875,240.00999450683594,212.52584838867188,3653500,VOO,0
2018-04-25,241.50999450683594,242.6300048828125,239.60000610351562,213.0713653564453,2354800,VOO,0
2018-04-26,243.22000122070312,245.47000122070312,242.77000427246094,215.2621612548828,2106800,VOO,0
2018-04-27,245.22999572753906,245.57000732421875,243.88999938964844,215.4908905029297,2178600,VOO,0
2018-04-30,245.50999450683594,246.0500030517578,242.85000610351562,213.73123168945312,2146100,VOO,0
2018-05-01,242.4499969482422,243.52000427246094,240.75999450683594,214.1887664794922,2323100,VOO,0
2018-05-02,243.2100067138672,244.02000427246094,241.36000061035156,212.7281951904297,1636400,VOO,0
2018-05-03,240.8800048828125,241.89999389648438,237.9199981689453,212.2267303466797,2666500,VOO,0
2018-05-04,240.25,245.05999755859375,239.88999938964844,215.0421905517578,1785200,VOO,0
2018-05-07,245.19000244140625,246.19000244140625,244.4600067138672,215.7108612060547,3127200,VOO,0
2018-05-08,244.8300018310547,245.52999877929688,243.57000732421875,215.70213317871094,1924500,VOO,0
2018-05-09,245.86000061035156,247.89999389648438,245.36000061035156,217.79608154296875,1506200,VOO,0
2018-05-10,248.36000061035156,250.1999969482422,248.25,219.83734130859375,1537600,VOO,0
2018-05-11,250.0399932861328,250.9199981689453,249.47999572753906,220.37403869628906,1703500,VOO,0
2018-05-14,251.1199951171875,251.75999450683594,250.2100067138672,220.62039184570312,1478200,VOO,0
2018-05-15,249.5,249.52000427246094,248.05999755859375,219.10707092285156,2600600,VOO,0
2018-05-16,249.0800018310547,250.5399932861328,249.07000732421875,220.03970336914062,2588700,VOO,0
2018-05-17,249.7899932861328,250.99000549316406,249.0800018310547,219.85499572753906,1714200,VOO,0
2018-05-18,249.52999877929688,249.85000610351562,248.88999938964844,219.30943298339844,1702800,VOO,0
2018-05-21,250.77000427246094,251.67999267578125,250.42999267578125,220.91954040527344,1262900,VOO,0
2018-05-22,251.6699981689453,251.94000244140625,250.10000610351562,220.2860565185547,1055400,VOO,0
2018-05-23,249.1199951171875,251.14999389648438,248.9499969482422,220.97232055664062,1484100,VOO,0
2018-05-24,250.74000549316406,251,248.75999450683594,220.550048828125,2025300,VOO,0
2018-05-25,250.0399932861328,250.63999938964844,249.49000549316406,219.9956512451172,1654700,VOO,0
2018-05-29,248.27999877929688,249.0800018310547,245.97000122070312,217.4529571533203,4465800,VOO,0
2018-05-30,248.52999877929688,250.8800048828125,248.42999267578125,220.32130432128906,1359700,VOO,0
2018-05-31,249.99000549316406,250.3000030517578,248.27999877929688,218.89588928222656,2378800,VOO,0
2018-06-01,250.22999572753906,251.64999389648438,250.1699981689453,221.20111083984375,1953900,VOO,0
2018-06-04,252.1699981689453,252.8000030517578,251.9600067138672,222.17771911621094,2031500,VOO,0
2018-06-05,252.66000366210938,253.1300048828125,251.8699951171875,222.48568725585938,1491200,VOO,0
2018-06-06,253.3699951171875,254.9600067138672,252.72000122070312,224.26292419433594,2763200,VOO,0
2018-06-07,255.3699951171875,255.6999969482422,253.8800048828125,224.1573486328125,2615900,VOO,0
2018-06-08,254.36000061035156,255.6199951171875,254.19000244140625,224.86126708984375,1517500,VOO,0
2018-06-11,255.7899932861328,256.6700134277344,255.6999969482422,225.15155029296875,2648000,VOO,0
2018-06-12,256.3900146484375,256.6300048828125,255.60000610351562,225.5299072265625,1182200,VOO,0
2018-06-13,256.5299987792969,256.7699890136719,255.22999572753906,224.6324462890625,2507800,VOO,0
2018-06-14,256.30999755859375,256.6199951171875,255.4600067138672,225.28355407714844,1913800,VOO,0
2018-06-15,255.27000427246094,256.07000732421875,254.1300048828125,225.09002685546875,2000100,VOO,0
2018-06-18,254.17999267578125,255.36000061035156,253.7100067138672,224.5532989501953,2015800,VOO,0
2018-06-19,252.8300018310547,254.4600067138672,252.4199981689453,223.69984436035156,1863300,VOO,0
2018-06-20,254.97000122070312,255.3699951171875,254.32000732421875,224.1045684814453,1578200,VOO,0
2018-06-21,254.66000366210938,254.6699981689453,252.5800018310547,222.70562744140625,4037600,VOO,0
2018-06-22,254.39999389648438,254.52000427246094,253.32000732421875,223.10153198242188,3092000,VOO,0
2018-06-25,252.3699951171875,252.50999450683594,248.35000610351562,220.01332092285156,6690000,VOO,0
2018-06-26,250.66000366210938,251.52999877929688,249.91000366210938,220.49725341796875,2968600,VOO,0
2018-06-27,251.27000427246094,252.72999572753906,248.42999267578125,218.6671142578125,3433800,VOO,0
2018-06-28,247.3000030517578,249.60000610351562,246.6300048828125,219.99925231933594,2638400,VOO,0
2018-06-29,249.97999572753906,251.36000061035156,249.10000610351562,220.55615234375,3711600,VOO,0
2018-07-02,247.55999755859375,249.88999938964844,247.32000732421875,220.81251525878906,1943100,VOO,0
2018-07-03,250.67999267578125,250.75999450683594,248.44000244140625,219.91969299316406,1157900,VOO,0
2018-07-05,250.07000732421875,250.94000244140625,248.91000366210938,221.8026123046875,1948100,VOO,0
2018-07-06,250.91000366210938,253.38999938964844,250.52000427246094,223.65003967285156,2622200,VOO,0
2018-07-09,254.0500030517578,255.32000732421875,254.00999450683594,225.63009643554688,3979500,VOO,0
2018-07-10,255.75,256.29998779296875,255.4499969482422,226.41685485839844,1314500,VOO,0
2018-07-11,254.60000610351562,255.41000366210938,254.02999877929688,224.86984252929688,2335100,VOO,0
2018-07-12,255.66000366210938,256.6600036621094,255.00999450683594,226.7969512939453,2874000,VOO,0
2018-07-13,256.489990234375,257.1600036621094,255.99000549316406,226.99136352539062,1814500,VOO,0
2018-07-16,256.8900146484375,257.010009765625,256.1600036621094,226.84991455078125,993500,VOO,0
2018-07-17,255.85000610351562,258.05999755859375,255.8000030517578,227.8223114013672,1825900,VOO,0
2018-07-18,257.760009765625,258.32000732421875,257.2799987792969,228.23776245117188,2606800,VOO,0
2018-07-19,257.5,257.8999938964844,256.75,227.3714599609375,2050500,VOO,0
2018-07-20,257,257.6499938964844,256.7799987792969,227.1593475341797,2710700,VOO,0
2018-07-23,256.7300109863281,257.6099853515625,256.3999938964844,227.59246826171875,1447000,VOO,0
2018-07-24,258.8399963378906,259.57000732421875,257.82000732421875,228.6620330810547,2916000,VOO,0
2018-07-25,258.5400085449219,261.25,258.42999267578125,230.75701904296875,2608700,VOO,0
2018-07-26,260.1400146484375,261.010009765625,260.1000061035156,230.07644653320312,2166500,VOO,0
2018-07-27,260.7300109863281,260.739990234375,257.5799865722656,228.58251953125,2666200,VOO,0
2018-07-30,258.6000061035156,258.7799987792969,256.6400146484375,227.26539611816406,1601400,VOO,0
2018-07-31,258.0199890136719,259.0899963378906,257.6000061035156,228.4145050048828,1992500,VOO,0
2018-08-01,258.6400146484375,259.19000244140625,257.3500061035156,228.1316680908203,1651700,VOO,0
2018-08-02,256.7300109863281,259.6000061035156,256.4800109863281,229.28968811035156,1767300,VOO,0
2018-08-03,259.6000061035156,260.6600036621094,259.3900146484375,230.4122772216797,2017600,VOO,0
2018-08-06,260.55999755859375,261.8299865722656,260.20001220703125,231.27854919433594,1843000,VOO,0
2018-08-07,262.20001220703125,262.7799987792969,262.0799865722656,231.92388916015625,2619200,VOO,0
2018-08-08,262.2300109863281,262.6700134277344,261.7900085449219,231.8000946044922,1560400,VOO,0
2018-08-09,262.3299865722656,262.739990234375,261.760009765625,231.50839233398438,1084400,VOO,0
2018-08-10,260.3599853515625,260.9599914550781,259.42999267578125,229.93492126464844,2395500,VOO,0
2018-08-13,260.4100036621094,261.07000732421875,258.8999938964844,229.0687255859375,3684700,VOO,0
2018-08-14,259.94000244140625,261.07000732421875,259.54998779296875,230.54490661621094,1531800,VOO,0
2018-08-15,259.42999267578125,259.54998779296875,257.3900146484375,228.8477020263672,2587800,VOO,0
2018-08-16,260.3599853515625,261.8900146484375,260.3500061035156,230.70404052734375,1693100,VOO,0
2018-08-17,260.7099914550781,262.3800048828125,260.3500061035156,231.4730224609375,2278800,VOO,0
2018-08-20,262.3999938964844,262.739990234375,261.8999938964844,231.9857635498047,1245500,VOO,0
2018-08-21,263.010009765625,263.9700012207031,262.8599853515625,232.48956298828125,1937900,VOO,0
2018-08-22,262.6400146484375,263.45001220703125,262.3900146484375,232.4188690185547,1708100,VOO,0
2018-08-23,262.67999267578125,263.6300048828125,262.2099914550781,232.08294677734375,2308100,VOO,0
2018-08-24,263.1600036621094,264.2900085449219,263.1099853515625,233.54150390625,2328900,VOO,0
2018-08-27,265.3800048828125,266.3500061035156,265.260009765625,235.3005828857422,2371000,VOO,0
2018-08-28,266.760009765625,266.8299865722656,265.8900146484375,235.43316650390625,3026900,VOO,0
2018-08-29,266.5899963378906,268.04998779296875,266.3399963378906,236.7237548828125,2116100,VOO,0
2018-08-30,267.30999755859375,267.7099914550781,266.1199951171875,235.7601776123047,2625500,VOO,0
2018-08-31,266.3299865722656,267.2200012207031,265.8299865722656,235.76907348632812,3172400,VOO,0
2018-09-04,266.3500061035156,266.6600036621094,265.260009765625,235.44203186035156,3623300,VOO,0
2018-09-05,265.9100036621094,266.1300048828125,264.5199890136719,234.77899169921875,4595500,VOO,0
2018-09-06,265.69000244140625,265.989990234375,263.70001220703125,234.0895538330078,1687900,VOO,0
2018-09-07,263.6300048828125,265.260009765625,263.45001220703125,233.5238037109375,2634100,VOO,0
2018-09-10,265.2799987792969,265.57000732421875,264.510009765625,233.96578979492188,2832700,VOO,0
2018-09-11,264.0299987792969,266.04998779296875,263.67999267578125,234.84971618652344,3420400,VOO,0
2018-09-12,265.6099853515625,266.260009765625,264.8299865722656,234.87628173828125,3019800,VOO,0
2018-09-13,266.7799987792969,267.4200134277344,266.4700012207031,236.2110595703125,2087500,VOO,0
2018-09-14,267.4700012207031,267.6199951171875,266.4700012207031,236.33480834960938,1861000,VOO,0
2018-09-17,267.2200012207031,267.260009765625,265.5899963378906,234.99998474121094,2515300,VOO,0
2018-09-18,266.1000061035156,267.9200134277344,266.0899963378906,236.2817840576172,1823600,VOO,0
2018-09-19,267.3500061035156,268.0299987792969,267.2300109863281,236.5469970703125,2077500,VOO,0
2018-09-20,268.8900146484375,270.1000061035156,268.7900085449219,238.4474639892578,3349700,VOO,0
2018-09-21,270.54998779296875,270.6700134277344,269.3699951171875,238.27952575683594,1352500,VOO,0
2018-09-24,268.92999267578125,269.07000732421875,268.0199890136719,237.48397827148438,2070900,VOO,0
2018-09-25,269.1000061035156,269.1700134277344,268.1499938964844,237.1921844482422,2360400,VOO,0
2018-09-26,267.32000732421875,268.5400085449219,265.95001220703125,236.49697875976562,2568400,VOO,0
2018-09-27,266.8800048828125,268.239990234375,266.6000061035156,237.1540069580078,3077500,VOO,0
2018-09-28,266.5,267.6499938964844,266.42999267578125,237.1273956298828,1774300,VOO,0
2018-10-01,268.4599914550781,269.17999267578125,267.3900146484375,238.00650024414062,1968800,VOO,0
2018-10-02,267.9700012207031,268.6700134277344,267.54998779296875,237.97982788085938,3034100,VOO,0
2018-10-03,269.0199890136719,269.4700012207031,267.7200012207031,238.1840057373047,2505800,VOO,0
2018-10-04,267.57000732421875,267.6600036621094,264.3699951171875,236.2305450439453,5004400,VOO,0
2018-10-05,266.19000244140625,266.7699890136719,263.0199890136719,234.8986358642578,2564700,VOO,0
2018-10-08,263.7699890136719,264.8500061035156,262.3800048828125,234.83648681640625,3219600,VOO,0
2018-10-09,264.1000061035156,265.45001220703125,263.54998779296875,234.5345458984375,2078000,VOO,0
2018-10-10,263.6199951171875,263.6199951171875,255.3699951171875,226.96038818359375,5803900,VOO,0
2018-10-11,254.80999755859375,256.2900085449219,248.4499969482422,222.18321228027344,9037000,VOO,0
2018-10-12,254.38999938964844,254.63999938964844,250.3000030517578,225.18450927734375,7116700,VOO,0
2018-10-15,253.19000244140625,254.55999755859375,252.0399932861328,223.95022583007812,3306200,VOO,0
2018-10-16,254.13999938964844,258.1000061035156,253.6999969482422,228.71849060058594,3308500,VOO,0
2018-10-17,257.75,258.3399963378906,255.07000732421875,228.79847717285156,2845800,VOO,0
2018-10-18,256.75,257.3500061035156,252.69000244140625,225.5840606689453,3046800,VOO,0
2018-10-19,254.6699981689453,256.6199951171875,253.14999389648438,225.4064483642578,2684200,VOO,0
2018-10-22,254.5500030517578,254.86000061035156,252.1699981689453,224.47410583496094,2102000,VOO,0
2018-10-23,249,252.5800018310547,246.83999633789062,223.12442016601562,5206500,VOO,0
2018-10-24,251.19000244140625,251.5500030517578,243.25,216.4647674560547,4065700,VOO,0
2018-10-25,245.7100067138672,249.7899932861328,244.6699981689453,220.3451385498047,4443800,VOO,0
2018-10-26,244.33999633789062,246.97999572753906,241.0399932861328,216.44703674316406,5278700,VOO,0
2018-10-29,247.02999877929688,248.35000610351562,238.7899932861328,215.32821655273438,5126200,VOO,0
2018-10-30,242.30999755859375,246.3800048828125,241.8000030517578,218.62249755859375,3619100,VOO,0
2018-10-31,248.72000122070312,251.0800018310547,248.27000427246094,220.9134063720703,4073400,VOO,0
2018-11-01,249.6300048828125,251.5399932861328,248.4600067138672,223.204345703125,2870700,VOO,0
2018-11-02,252.44000244140625,252.89999389648438,247.75,221.8191375732422,3184500,VOO,0
2018-11-05,250.32000732421875,251.7899932861328,249.38999938964844,223.07998657226562,1912100,VOO,0
2018-11-06,251.17999267578125,252.97999572753906,251.1199951171875,224.4918670654297,2255200,VOO,0
2018-11-07,255.07000732421875,258.32000732421875,254.64999389648438,229.2335662841797,3090800,VOO,0
2018-11-08,257.489990234375,258.44000244140625,256.6499938964844,228.84283447265625,2466900,VOO,0
2018-11-09,256.5,256.6400146484375,253.80999755859375,226.72952270507812,3078700,VOO,0
2018-11-12,254.69000244140625,254.9600067138672,249.9499969482422,222.3519287109375,2710200,VOO,0
2018-11-13,250.9600067138672,253.00999450683594,249.27999877929688,221.97894287109375,3097000,VOO,0
2018-11-14,251.9600067138672,252.33999633789062,246.66000366210938,220.46055603027344,3619900,VOO,0
2018-11-15,247.02000427246094,251.38999938964844,245.42999267578125,222.7426300048828,3911900,VOO,0
2018-11-16,249.77000427246094,252.47000122070312,249.25999450683594,223.31089782714844,2342800,VOO,0
2018-11-19,250.94000244140625,251.2100067138672,246.35000610351562,219.608154296875,2973700,VOO,0
2018-11-20,243.83999633789062,245.32000732421875,241.8300018310547,215.56793212890625,5000900,VOO,0
2018-11-21,244.24000549316406,245.44000244140625,243.52000427246094,216.2871856689453,2425500,VOO,0
2018-11-23,241.8000030517578,243.35000610351562,241.72999572753906,214.89312744140625,830900,VOO,0
2018-11-26,244.22999572753906,245.83999633789062,243.85000610351562,218.25840759277344,2498500,VOO,0
2018-11-27,244.72999572753906,246.60000610351562,244.1199951171875,218.9421844482422,2849700,VOO,0
2018-11-28,247.72000122070312,252.3300018310547,246.75,224.05677795410156,3723300,VOO,0
2018-11-29,251.5399932861328,253.25,250.36000061035156,223.5950164794922,3279400,VOO,0
2018-11-30,251.63999938964844,253.94000244140625,251.35000610351562,225.07794189453125,2992800,VOO,0
2018-12-03,257.6499938964844,257.739990234375,255.05999755859375,227.85716247558594,3943500,VOO,0
2018-12-04,255.85000610351562,256.2699890136719,248.05999755859375,220.78912353515625,3837400,VOO,0
2018-12-06,244.4199981689453,248.08999633789062,241.1300048828125,220.22970581054688,7712700,VOO,0
2018-12-07,247.6300048828125,249.24000549316406,241.3699951171875,215.1150665283203,3928400,VOO,0
2018-12-10,242,243.6199951171875,237.6199951171875,215.3726043701172,5983700,VOO,0
2018-12-11,245.9499969482422,246.1199951171875,241.19000244140625,215.43475341796875,4543200,VOO,0
2018-12-12,245.8000030517578,247.16000366210938,243.85000610351562,216.62464904785156,4117000,VOO,0
2018-12-13,244.86000061035156,245.75999450683594,242.6999969482422,216.5535888671875,2610800,VOO,0
2018-12-14,241.64999389648438,242.6300048828125,238.77000427246094,212.55776977539062,5088500,VOO,0
2018-12-17,237.05999755859375,238.22000122070312,231.67999267578125,208.21807861328125,6127200,VOO,0
2018-12-18,235,235.67999267578125,231.47999572753906,208.1377410888672,4691400,VOO,0
2018-12-19,233.2100067138672,237,227.77999877929688,204.81668090820312,8215600,VOO,0
2018-12-20,228.35000610351562,229.89999389648438,223.5399932861328,201.4510040283203,12141900,VOO,0
2018-12-21,226.74000549316406,229.4600067138672,220.57000732421875,197.44247436523438,11811600,VOO,0
2018-12-24,219.74000549316406,220.8000030517578,215.07000732421875,192.005615234375,8493500,VOO,0
2018-12-26,216.8800048828125,226.10000610351562,214.8300018310547,201.7188262939453,11598000,VOO,0
2018-12-27,222.9600067138672,228.1199951171875,219.60000610351562,203.5936279296875,9578400,VOO,0
2018-12-28,229.32000732421875,231.07000732421875,226.52000427246094,203.334716796875,7436100,VOO,0
2018-12-31,229.30999755859375,229.97000122070312,227.4499969482422,205.1648406982422,6683900,VOO,0
2019-01-02,226.17999267578125,230.85000610351562,226.02000427246094,205.32554626464844,4891300,VOO,0
2019-01-03,228.10000610351562,228.4199981689453,223.97000122070312,200.42433166503906,3329600,VOO,0
2019-01-04,227.5399932861328,232.6199951171875,227.14999389648438,207.0396728515625,5100100,VOO,0
2019-01-07,232.2899932861328,235.22999572753906,231.32000732421875,208.59303283691406,3706000,VOO,0
2019-01-08,236.0500030517578,236.4600067138672,233.42999267578125,210.61956787109375,3546600,VOO,0
2019-01-09,236.7100067138672,237.94000244140625,235.4600067138672,211.5927276611328,4565000,VOO,0
2019-01-10,235.64999389648438,238.1699981689453,234.85000610351562,212.47657775878906,2813500,VOO,0
2019-01-11,236.85000610351562,238,236.24000549316406,212.37835693359375,2551000,VOO,0
2019-01-14,236.10000610351562,237.38999938964844,235.69000244140625,211.2088623046875,2653400,VOO,0
2019-01-15,236.97000122070312,239.58999633789062,236.97000122070312,213.68182373046875,5103700,VOO,0
2019-01-16,239.72000122070312,240.77000427246094,239.52000427246094,214.1549530029297,4066700,VOO,0
2019-01-17,239,242.5500030517578,238.9499969482422,215.75296020507812,3059000,VOO,0
2019-01-18,243.55999755859375,245.3699951171875,242.75999450683594,218.65443420410156,4943300,VOO,0
2019-01-22,243.38999938964844,243.5800018310547,239.97000122070312,215.74404907226562,5786300,VOO,0
2019-01-23,242.67999267578125,243.33999633789062,239.5800018310547,216.06549072265625,3076400,VOO,0
2019-01-24,241.89999389648438,242.82000732421875,240.91000366210938,216.27967834472656,2197100,VOO,0
2019-01-25,244.11000061035156,245.11000061035156,243.6699981689453,218.11878967285156,3677500,VOO,0
2019-01-28,242.08999633789062,242.49000549316406,240.6300048828125,216.4314727783203,2407800,VOO,0
2019-01-29,242.5500030517578,243.1199951171875,241.27000427246094,216.1636505126953,2436900,VOO,0
2019-01-30,243.66000366210938,246.77999877929688,242.8800048828125,219.5829315185547,6028400,VOO,0
2019-01-31,245.86000061035156,248.52999877929688,245.67999267578125,221.4130859375,5308100,VOO,0
2019-02-01,248.30999755859375,249.2899932861328,247.4600067138672,221.6005401611328,3718500,VOO,0
2019-02-04,248.3000030517578,250.02000427246094,247.58999633789062,223.1807098388672,2541700,VOO,0
2019-02-05,250.44000244140625,251.3300018310547,249.9199981689453,224.17172241210938,3613300,VOO,0
2019-02-06,250.75,251.22000122070312,249.9499969482422,223.89491271972656,2052200,VOO,0
2019-02-07,249.0399932861328,249.5800018310547,246.6199951171875,221.6987762451172,3907800,VOO,0
2019-02-08,247.00999450683594,248.7100067138672,246.1999969482422,221.98443603515625,2512600,VOO,0
2019-02-11,249.27999877929688,249.50999450683594,248.22000122070312,222.10047912597656,2986600,VOO,0
2019-02-12,250.3800048828125,252.36000061035156,250.33999633789062,224.9751739501953,5980500,VOO,0
2019-02-13,252.82000732421875,253.66000366210938,252.38999938964844,225.65367126464844,3569100,VOO,0
2019-02-14,251.64999389648438,253.36000061035156,250.8300018310547,225.15370178222656,3247800,VOO,0
2019-02-15,254.02999877929688,255,253.80999755859375,227.6356201171875,2806600,VOO,0
2019-02-19,254.14999389648438,256.0899963378906,254.14999389648438,228.0283966064453,2509300,VOO,0
2019-02-20,255.41000366210938,256.3800048828125,254.88999938964844,228.55514526367188,2156300,VOO,0
2019-02-21,255.3300018310547,255.63999938964844,254.0399932861328,227.72486877441406,2020000,VOO,0
2019-02-22,255.69000244140625,256.80999755859375,255.4499969482422,229.09075927734375,2119400,VOO,0
2019-02-25,258.0899963378906,258.6099853515625,256.8800048828125,229.43003845214844,2941300,VOO,0
2019-02-26,256.54998779296875,257.6400146484375,256.4100036621094,229.2604217529297,4629600,VOO,0
2019-02-27,256.05999755859375,257.0199890136719,255.10000610351562,229.14439392089844,2136400,VOO,0
2019-02-28,256.4200134277344,256.8800048828125,255.85000610351562,228.60870361328125,2207000,VOO,0
2019-03-01,257.80999755859375,258.2099914550781,256.3299865722656,230.179931640625,2867000,VOO,0
2019-03-04,258.8699951171875,259.1000061035156,254.49000549316406,229.29612731933594,3384200,VOO,0
2019-03-05,256.989990234375,257.1700134277344,255.9600067138672,229.02828979492188,2475900,VOO,0
2019-03-06,256.6199951171875,256.6199951171875,254.60000610351562,227.564208984375,2514900,VOO,0
2019-03-07,254.47999572753906,254.60000610351562,251.9499969482422,225.73399353027344,6441200,VOO,0
2019-03-08,250.8800048828125,252.4499969482422,250.33999633789062,225.2787322998047,4522300,VOO,0
2019-03-11,253.0399932861328,256.1199951171875,253.02000427246094,228.56410217285156,1884200,VOO,0
2019-03-12,256.5199890136719,257.4599914550781,256.3699951171875,229.3765106201172,2271900,VOO,0
2019-03-13,257.8399963378906,259.5899963378906,257.69000244140625,230.93881225585938,1974300,VOO,0
2019-03-14,258.67999267578125,259.1199951171875,258.0400085449219,230.85848999023438,1557500,VOO,0
2019-03-15,259.0199890136719,260.57000732421875,258.8699951171875,231.98333740234375,3151200,VOO,0
2019-03-18,260,260.989990234375,259.7699890136719,232.81358337402344,1830000,VOO,0
2019-03-19,261.80999755859375,262.5899963378906,259.8800048828125,232.88502502441406,4061800,VOO,0
2019-03-20,260.5400085449219,261.7699890136719,258.8399963378906,232.05479431152344,3415200,VOO,0
2019-03-21,257.67999267578125,261.8599853515625,257.67999267578125,234.7076873779297,2968300,VOO,0
2019-03-22,260.07000732421875,260.6099853515625,256.3699951171875,230.24571228027344,4317400,VOO,0
2019-03-25,256.0899963378906,257.2799987792969,254.9499969482422,230.0392608642578,2893600,VOO,0
2019-03-26,258.010009765625,259.1199951171875,256.7300109863281,231.70010375976562,3177600,VOO,0
2019-03-27,258.1499938964844,258.7300109863281,255.22999572753906,230.62278747558594,2714300,VOO,0
2019-03-28,257.45001220703125,258.2200012207031,256.2699890136719,231.5205841064453,1716700,VOO,0
2019-03-29,259.3399963378906,259.7200012207031,258.17999267578125,233.0109100341797,2831100,VOO,0
2019-04-01,261.4599914550781,262.7799987792969,261.19000244140625,235.6952667236328,3303900,VOO,0
2019-04-02,262.6700134277344,262.8500061035156,261.80999755859375,235.776123046875,1512600,VOO,0
2019-04-03,263.8699951171875,264.25,262.3999938964844,236.21597290039062,1933900,VOO,0
2019-04-04,263.3699951171875,263.9599914550781,262.6700134277344,236.7815704345703,1738500,VOO,0
2019-04-05,264.4200134277344,265.05999755859375,264.1199951171875,237.9217987060547,1505000,VOO,0
2019-04-08,264.57000732421875,265.30999755859375,263.9100036621094,238.1282958984375,1720100,VOO,0
2019-04-09,264.2200012207031,264.5400085449219,263.2900085449219,236.86236572265625,2016900,VOO,0
2019-04-10,264.25,264.8399963378906,263.8500061035156,237.67933654785156,2990600,VOO,0
2019-04-11,265.239990234375,265.239990234375,264.0899963378906,237.63450622558594,1567700,VOO,0
2019-04-12,266.3299865722656,266.7699890136719,265.6300048828125,239.2415313720703,1903400,VOO,0
2019-04-15,266.57000732421875,266.6400146484375,265.4700012207031,239.07989501953125,1584500,VOO,0
2019-04-16,267.20001220703125,267.239990234375,265.8599853515625,239.25050354003906,2447700,VOO,0
2019-04-17,267.5899963378906,267.6099853515625,265.3999938964844,238.66688537597656,1872400,VOO,0
2019-04-18,266.44000244140625,266.6000061035156,265.0799865722656,239.11582946777344,2788900,VOO,0
2019-04-22,265.55999755859375,266.7099914550781,265.4700012207031,239.3492889404297,1126500,VOO,0
2019-04-23,266.9599914550781,269.19000244140625,266.7099914550781,241.4141387939453,2618300,VOO,0
2019-04-24,268.8900146484375,269.2099914550781,268.2300109863281,240.93833923339844,1393400,VOO,0
2019-04-25,268.2799987792969,268.8800048828125,266.9800109863281,240.8485870361328,1237400,VOO,0
2019-04-26,268.2799987792969,269.5400085449219,267.4599914550781,241.9528350830078,2172600,VOO,0
2019-04-29,269.55999755859375,270.4100036621094,269.4599914550781,242.258056640625,1892500,VOO,0
2019-04-30,269.55999755859375,270.30999755859375,268.1099853515625,242.41070556640625,2024600,VOO,0
2019-05-01,270.67999267578125,270.8699951171875,268,240.64207458496094,2669400,VOO,0
2019-05-02,267.8800048828125,268.79998779296875,265.92999267578125,240.16622924804688,3009000,VOO,0
2019-05-03,268.9200134277344,270.32000732421875,268.70001220703125,242.4466552734375,1969000,VOO,0
2019-05-06,265.6499938964844,269.3599853515625,265.30999755859375,241.4860076904297,3966900,VOO,0
2019-05-07,266.4800109863281,267.0799865722656,262.4800109863281,237.57164001464844,4752500,VOO,0
2019-05-08,264.1400146484375,265.82000732421875,263.4700012207031,237.10479736328125,2662500,VOO,0
2019-05-09,261.94000244140625,263.8399963378906,260.20001220703125,236.3775634765625,3094800,VOO,0
2019-05-10,262.3699951171875,265.3800048828125,259.2699890136719,237.48182678222656,3131900,VOO,0
2019-05-13,259.3699951171875,260.3399963378906,257.07000732421875,231.65525817871094,5548200,VOO,0
2019-05-14,258.989990234375,261.82000732421875,258.8399963378906,233.66629028320312,4702600,VOO,0
2019-05-15,258.6300048828125,262.45001220703125,258.3999938964844,235.04888916015625,2444100,VOO,0
2019-05-16,262.4700012207031,265.6000061035156,262.45001220703125,237.20355224609375,3221500,VOO,0
2019-05-17,261.8900146484375,265.0199890136719,261.8599853515625,235.7671356201172,2719500,VOO,0
2019-05-20,260.8999938964844,262.1099853515625,260.0199890136719,234.16006469726562,2762600,VOO,0
2019-05-21,262.5,263.510009765625,262.25,236.1441650390625,2760500,VOO,0
2019-05-22,262.1199951171875,263.2900085449219,261.8699951171875,235.4977264404297,3421500,VOO,0
2019-05-23,260.0799865722656,260.1000061035156,257.67999267578125,232.7415771484375,3813200,VOO,0
2019-05-24,260.6000061035156,260.989990234375,259.05999755859375,233.1455535888672,1833100,VOO,0
2019-05-28,259.9599914550781,260.9599914550781,257.2900085449219,231.05377197265625,2565900,VOO,0
2019-05-29,256.1300048828125,256.5199890136719,254.10000610351562,229.4646759033203,4593500,VOO,0
2019-05-30,256.2799987792969,257.17999267578125,255.13999938964844,230.10202026367188,2977200,VOO,0
2019-05-31,253.6300048828125,254.49000549316406,252.77000427246094,227.02268981933594,3698600,VOO,0
2019-06-03,252.8300018310547,253.9600067138672,250.77000427246094,226.3493194580078,3825600,VOO,0
2019-06-04,254.47999572753906,257.760009765625,254.02999877929688,231.33206176757812,3536300,VOO,0
2019-06-05,259.239990234375,259.8800048828125,257.4200134277344,233.28919982910156,2646500,VOO,0
2019-06-06,260.1700134277344,262.260009765625,259.510009765625,234.80645751953125,2277500,VOO,0
2019-06-07,262.6199951171875,265.2900085449219,262.45001220703125,237.14968872070312,1877400,VOO,0
2019-06-10,265.760009765625,267.1000061035156,265.29998779296875,238.2630157470703,2845900,VOO,0
2019-06-11,267.25,267.6499938964844,264.69000244140625,238.21807861328125,1894500,VOO,0
2019-06-12,265.1199951171875,265.70001220703125,264.3599853515625,237.76914978027344,1711900,VOO,0
2019-06-13,265.82000732421875,266.3599853515625,265.1099853515625,238.82852172851562,1813700,VOO,0
2019-06-14,265.7099914550781,266.2900085449219,264.9100036621094,238.469482421875,1203300,VOO,0
2019-06-17,265.94000244140625,266.55999755859375,265.6199951171875,238.6848907470703,1782500,VOO,0
2019-06-18,267.6499938964844,269.6600036621094,267.29998779296875,241.06405639648438,2340700,VOO,0
2019-06-19,268.739990234375,269.7200012207031,267.760009765625,241.70138549804688,1684500,VOO,0
2019-06-20,271.94000244140625,272.19000244140625,269.7300109863281,243.9548797607422,3288100,VOO,0
2019-06-21,271.5299987792969,272.7900085449219,271.1700134277344,243.66749572753906,2226000,VOO,0
2019-06-24,271.5899963378906,271.9200134277344,270.8999938964844,243.3533935546875,3518400,VOO,0
2019-06-25,271.1000061035156,271.1300048828125,268.2699890136719,240.94732666015625,2287100,VOO,0
2019-06-26,269.29998779296875,269.82000732421875,268.0199890136719,240.71385192871094,2988700,VOO,0
2019-06-27,267.489990234375,268.19000244140625,267.1700134277344,241.55857849121094,2054600,VOO,0
2019-06-28,268.70001220703125,269.54998779296875,268.17999267578125,242.89414978027344,2883300,VOO,0
2019-07-01,272.4599914550781,272.6499938964844,270.29998779296875,244.9608154296875,4497900,VOO,0
2019-07-02,271.4700012207031,272.25,270.6199951171875,245.6737060546875,3040700,VOO,0
2019-07-03,272.9100036621094,274.3699951171875,272.760009765625,247.559814453125,2335800,VOO,0
2019-07-05,273.1400146484375,274.25,271.8599853515625,247.2439422607422,3362500,VOO,0
2019-07-08,272.7900085449219,273.05999755859375,272.0299987792969,246.0076446533203,3131800,VOO,0
2019-07-09,271.3999938964844,273.2200012207031,271.3399963378906,246.31451416015625,2532900,VOO,0
2019-07-10,274.0199890136719,275.19000244140625,273.4599914550781,247.4605712890625,2853200,VOO,0
2019-07-11,274.8699951171875,275.1099853515625,273.8500061035156,247.95692443847656,2249400,VOO,0
2019-07-12,275.3900146484375,276.19000244140625,275.05999755859375,249.17526245117188,2932300,VOO,0
2019-07-15,276.5299987792969,276.54998779296875,275.7099914550781,249.23837280273438,1466200,VOO,0
2019-07-16,276.1199951171875,276.2699890136719,274.989990234375,248.4261474609375,1564000,VOO,0
2019-07-17,275.2799987792969,275.3999938964844,273.4200134277344,246.74769592285156,1758100,VOO,0
2019-07-18,272.9100036621094,274.7900085449219,272.4700012207031,247.65008544921875,3461100,VOO,0
2019-07-19,275.5199890136719,275.5400085449219,272.70001220703125,246.32351684570312,2319400,VOO,0
2019-07-22,273.32000732421875,274.1099853515625,272.7900085449219,246.91912841796875,1304100,VOO,0
2019-07-23,274.7099914550781,275.5,273.8900146484375,248.61569213867188,1753000,VOO,0
2019-07-24,274.7799987792969,276.7900085449219,274.6700134277344,249.76185607910156,1669900,VOO,0
2019-07-25,276.4100036621094,276.4100036621094,274.67999267578125,248.54351806640625,1874200,VOO,0
2019-07-26,276.20001220703125,277.54998779296875,276.1000061035156,250.32139587402344,1796900,VOO,0
2019-07-29,277.2300109863281,277.2699890136719,276.260009765625,249.87014770507812,2925900,VOO,0
2019-07-30,275.45001220703125,276.55999755859375,275.0400085449219,249.26556396484375,1751100,VOO,0
2019-07-31,276.3900146484375,276.6099853515625,271.07000732421875,246.44082641601562,4910000,VOO,0
2019-08-01,273.2799987792969,276.2799987792969,269.94000244140625,244.3742218017578,6921000,VOO,0
2019-08-02,269.8900146484375,270.0799865722656,267.1499938964844,242.58734130859375,5310400,VOO,0
2019-08-05,264.57000732421875,264.67999267578125,258.70001220703125,235.43093872070312,7354000,VOO,0
2019-08-06,262.5299987792969,264.4700012207031,261.05999755859375,238.46316528320312,4366800,VOO,0
2019-08-07,261.1600036621094,265.2300109863281,258.989990234375,238.6256561279297,4261200,VOO,0
2019-08-08,266,269.5899963378906,265.3999938964844,243.2822723388672,3618800,VOO,0
2019-08-09,268.7200012207031,269.2900085449219,266,241.585693359375,2616300,VOO,0
2019-08-12,266.239990234375,266.7900085449219,263.57000732421875,238.7519073486328,2104500,VOO,0
2019-08-13,264.2200012207031,270.1000061035156,263.9100036621094,242.4520263671875,3402300,VOO,0
2019-08-14,264.55999755859375,265.1499938964844,260.57000732421875,235.15121459960938,4354800,VOO,0
2019-08-15,261.6199951171875,262.2699890136719,259.3399963378906,235.89117431640625,2775200,VOO,0
2019-08-16,263.07000732421875,265.67999267578125,263.0199890136719,239.34759521484375,2432700,VOO,0
2019-08-19,268.3599853515625,269.1400146484375,267.6400146484375,242.28961181640625,1430800,VOO,0
2019-08-20,267.9800109863281,268.489990234375,266.2900085449219,240.4125213623047,1865000,VOO,0
2019-08-21,268.5799865722656,268.92999267578125,267.9200134277344,242.3617401123047,2007400,VOO,0
2019-08-22,269.2799987792969,269.9100036621094,266.70001220703125,242.27151489257812,1883700,VOO,0
2019-08-23,267.19000244140625,268.8399963378906,260.3299865722656,236.05364990234375,4184200,VOO,0
2019-08-26,263.80999755859375,264.4700012207031,262.2699890136719,238.6707305908203,2260000,VOO,0
2019-08-27,265.9200134277344,266.260009765625,262.7099914550781,237.7322235107422,2490400,VOO,0
2019-08-28,262.7300109863281,265.45001220703125,262,239.3837127685547,3124000,VOO,0
2019-08-29,267.9100036621094,269.2300109863281,266.8999938964844,242.4971466064453,3128700,VOO,0
2019-08-30,270.1499938964844,270.2099914550781,267.6600036621094,242.39788818359375,4209200,VOO,0
2019-09-03,266.8299865722656,267.79998779296875,265.67999267578125,241.05322265625,3368500,VOO,0
2019-09-04,269.25,270.05999755859375,268.4800109863281,243.6342010498047,1486100,VOO,0
2019-09-05,272.57000732421875,274.44000244140625,272.4599914550781,246.85598754882812,1755800,VOO,0
2019-09-06,273.92999267578125,274.3900146484375,273.19000244140625,247.0364532470703,1890800,VOO,0
2019-09-09,274.79998779296875,274.8299865722656,272.9599914550781,247.099609375,2158500,VOO,0
2019-09-10,273.1099853515625,273.8800048828125,271.8699951171875,247.1537322998047,1870400,VOO,0
2019-09-11,274.1499938964844,275.8399963378906,273.5,248.9315948486328,2080300,VOO,0
2019-09-12,276.7099914550781,277.79998779296875,275.94000244140625,249.6625518798828,2433700,VOO,0
2019-09-13,277.2099914550781,277.5400085449219,276.1499938964844,249.5994415283203,2292000,VOO,0
2019-09-16,275.3800048828125,276.1000061035156,275.0400085449219,248.77818298339844,1432400,VOO,0
2019-09-17,275.4599914550781,276.4800109863281,275.3399963378906,249.45506286621094,1789200,VOO,0
2019-09-18,276,276.67999267578125,273.95001220703125,249.60841369628906,2028700,VOO,0
2019-09-19,277,277.9800109863281,276.2300109863281,249.5542449951172,2267900,VOO,0
2019-09-20,277.17999267578125,277.4100036621094,274.5,248.2186737060547,2052700,VOO,0
2019-09-23,274.5899963378906,275.8999938964844,274.3299865722656,248.39015197753906,1286400,VOO,0
2019-09-24,276.30999755859375,276.67999267578125,272.05999755859375,246.33251953125,5124900,VOO,0
2019-09-25,273.0799865722656,275.0799865722656,271.6000061035156,247.83958435058594,2649200,VOO,0
2019-09-26,273.3399963378906,273.54998779296875,271.3500061035156,247.3508758544922,2355000,VOO,0
2019-09-27,273.55999755859375,273.5899963378906,269.7200012207031,245.96356201171875,2836500,VOO,0
2019-09-30,271.82000732421875,273.2699890136719,271.7900085449219,247.17861938476562,2735200,VOO,0
2019-10-01,273.44000244140625,274.0799865722656,269.0899963378906,244.2044219970703,3696000,VOO,0
2019-10-02,267.7300109863281,267.7300109863281,263.25,239.89744567871094,4463500,VOO,0
2019-10-03,264.3500061035156,266.7300109863281,261.5899963378906,241.80166625976562,2988800,VOO,0
2019-10-04,267.45001220703125,270.55999755859375,267.3599853515625,245.15652465820312,1907800,VOO,0
2019-10-07,269.55999755859375,271.1600036621094,268.8999938964844,244.10464477539062,1821900,VOO,0
2019-10-08,267.2799987792969,268.0199890136719,264.9599914550781,240.3145751953125,2153100,VOO,0
2019-10-09,267.0400085449219,268.44000244140625,266.3900146484375,242.55419921875,1921200,VOO,0
2019-10-10,267.4200134277344,270.20001220703125,267.25,244.2044219970703,1559300,VOO,0
2019-10-11,272.1000061035156,274.3500061035156,271.94000244140625,246.75242614746094,2806500,VOO,0
2019-10-14,271.7900085449219,272.45001220703125,271.4800109863281,246.52572631835938,1215500,VOO,0
2019-10-15,272.8699951171875,275.25,272.7699890136719,248.91053771972656,1783800,VOO,0
2019-10-16,274.07000732421875,274.7300109863281,273.6199951171875,248.52059936523438,1150800,VOO,0
2019-10-17,275.239990234375,275.7200012207031,274.19000244140625,249.1916046142578,3100600,VOO,0
2019-10-18,274.3599853515625,274.9700012207031,272.80999755859375,248.16693115234375,1152200,VOO,0
2019-10-21,275.04998779296875,275.7200012207031,274.57000732421875,249.89883422851562,3017500,VOO,0
2019-10-22,276.0899963378906,276.3299865722656,274.5199890136719,249.0192413330078,1601500,VOO,0
2019-10-23,274.4100036621094,275.4800109863281,274.17999267578125,249.75372314453125,1296500,VOO,0
2019-10-24,276.3800048828125,276.510009765625,275.04998779296875,250.16184997558594,2220600,VOO,0
2019-10-25,275.3299865722656,277.5400085449219,275.2799987792969,251.20460510253906,5500900,VOO,0
2019-10-28,278.2200012207031,279.07000732421875,278.2200012207031,252.6644287109375,1795900,VOO,0
2019-10-29,278.32000732421875,279.42999267578125,278.17999267578125,252.5011749267578,1599200,VOO,0
2019-10-30,278.69000244140625,279.69000244140625,277.3800048828125,253.3898162841797,1811300,VOO,0
2019-10-31,279.3500061035156,279.3500061035156,277.1499938964844,252.5737762451172,2312100,VOO,0
2019-11-01,280.04998779296875,281.2099914550781,279.9100036621094,254.97669982910156,2361900,VOO,0
2019-11-04,282.7900085449219,282.8999938964844,281.9599914550781,255.9921112060547,3797500,VOO,0
2019-11-05,282.5799865722656,282.82000732421875,281.7099914550781,255.665771484375,2995600,VOO,0
2019-11-06,282.0400085449219,282.3399963378906,281.1199951171875,255.8016815185547,1457200,VOO,0
2019-11-07,283.4599914550781,284.2300109863281,282.5799865722656,256.70849609375,2689600,VOO,0
2019-11-08,282.739990234375,283.79998779296875,282,257.3341369628906,2328700,VOO,0
2019-11-11,282.42999267578125,283.3699951171875,282.239990234375,256.83538818359375,1123700,VOO,0
2019-11-12,283.5799865722656,284.7200012207031,283.0299987792969,257.3431701660156,1737600,VOO,0
2019-11-13,282.8299865722656,284.32000732421875,282.5899963378906,257.4520263671875,1721400,VOO,0
2019-11-14,283.6400146484375,284.3999938964844,282.989990234375,257.7965087890625,2244000,VOO,0
2019-11-15,285.6400146484375,286.42999267578125,285,259.7188720703125,1892400,VOO,0
2019-11-18,286.17999267578125,286.8500061035156,285.7099914550781,259.8819885253906,2278500,VOO,0
2019-11-19,287.239990234375,287.239990234375,285.8800048828125,259.7552185058594,3212500,VOO,0
2019-11-20,285.9100036621094,286.4200134277344,283.8900146484375,258.83929443359375,2816300,VOO,0
2019-11-21,285.5199890136719,285.6400146484375,284.1700134277344,258.4403381347656,2307200,VOO,0
2019-11-22,285.75,285.8599853515625,284.6000061035156,259.0115661621094,1266500,VOO,0
2019-11-25,286.6000061035156,287.8399963378906,286.57000732421875,260.979248046875,2040300,VOO,0
2019-11-26,287.9100036621094,288.67999267578125,287.57000732421875,261.5051574707031,1795700,VOO,0
2019-11-27,289.05999755859375,289.7799987792969,288.760009765625,262.73834228515625,1631500,VOO,0
2019-11-29,289.25,289.4800109863281,288.4800109863281,261.7319030761719,1988500,VOO,0
2019-12-02,289.0299987792969,289.0299987792969,285.8399963378906,259.6010437011719,4416100,VOO,0
2019-12-03,283.5199890136719,284.42999267578125,282.1000061035156,257.7784729003906,3236000,VOO,0
2019-12-04,285.4100036621094,286.70001220703125,285.07000732421875,259.4287109375,3188800,VOO,0
2019-12-05,286.8299865722656,286.8299865722656,285.2900085449219,259.909423828125,1597200,VOO,0
2019-12-06,288.5799865722656,289.6499938964844,288.54998779296875,262.2214660644531,1609400,VOO,0
2019-12-09,288.8699951171875,289.5199890136719,288.2699890136719,261.42352294921875,1478900,VOO,0
2019-12-10,288.30999755859375,288.94000244140625,287.3500061035156,261.1788024902344,1822700,VOO,0
2019-12-11,288.45001220703125,289.0799865722656,288.0799865722656,261.8587341308594,1835400,VOO,0
2019-12-12,288.8500061035156,292.1000061035156,288.6099853515625,264.1619567871094,3276600,VOO,0
2019-12-13,291.0899963378906,292.760009765625,290.29998779296875,264.26171875,3519600,VOO,0
2019-12-16,293.260009765625,294.1099853515625,293.2200012207031,266.1295471191406,3141900,VOO,0
2019-12-17,293.989990234375,294.19000244140625,293.5,266.18402099609375,3658200,VOO,0
2019-12-18,294.0199890136719,294.2200012207031,293.57000732421875,266.20208740234375,3294400,VOO,0
2019-12-19,293.7799987792969,294.8800048828125,293.75,267.308349609375,2331600,VOO,0
2019-12-20,295.8900146484375,296.760009765625,295.7799987792969,268.66845703125,4985600,VOO,0
2019-12-23,295.489990234375,295.5299987792969,294.989990234375,268.9317321777344,2325200,VOO,0
2019-12-24,295.3599853515625,295.3999938964844,294.8500061035156,268.9317321777344,1305900,VOO,0
2019-12-26,295.55999755859375,296.69000244140625,295.5199890136719,270.3075866699219,2390300,VOO,0
2019-12-27,297.510009765625,297.510009765625,296.1499938964844,270.3075866699219,2225400,VOO,0
2019-12-30,296.75,296.8399963378906,294.510009765625,268.82244873046875,2345400,VOO,0
2019-12-31,294.5299987792969,295.989990234375,294.1700134277344,269.51483154296875,2512700,VOO,0
2020-01-02,297.2900085449219,298.45001220703125,296.3399963378906,271.902099609375,3142400,VOO,0
2020-01-03,295.2200012207031,297.3599853515625,295.0400085449219,269.9158020019531,3247900,VOO,0
2020-01-06,294.4200134277344,297.4200134277344,294.3500061035156,270.9271545410156,2777100,VOO,0
2020-01-07,296.82000732421875,297.2699890136719,296.05999755859375,270.17999267578125,2251800,VOO,0
2020-01-08,296.7099914550781,299.30999755859375,296.4700012207031,271.5741271972656,3719500,VOO,0
2020-01-09,299.7300109863281,300.19000244140625,299.0899963378906,273.4510192871094,2168500,VOO,0
2020-01-10,300.739990234375,300.8599853515625,298.7900085449219,272.66748046875,3666800,VOO,0
2020-01-13,299.9100036621094,301.32000732421875,299.4800109863281,274.47149658203125,2728000,VOO,0
2020-01-14,300.8900146484375,301.9100036621094,300.32000732421875,274.10699462890625,2620100,VOO,0
2020-01-15,300.80999755859375,302.29998779296875,300.69000244140625,274.717529296875,2822300,VOO,0
2020-01-16,302.94000244140625,304.0400085449219,302.7099914550781,277.0135803222656,2582600,VOO,0
2020-01-17,304.7699890136719,305.20001220703125,304.20001220703125,277.9519958496094,2218000,VOO,0
2020-01-21,304.0799865722656,305.2200012207031,304,277.3780517578125,2757900,VOO,0
2020-01-22,305.30999755859375,305.9200134277344,304.32000732421875,277.4508972167969,2765300,VOO,0
2020-01-23,303.8399963378906,304.9700012207031,302.6600036621094,277.7242736816406,2673100,VOO,0
2020-01-24,305.4200134277344,305.5199890136719,300.80999755859375,275.1913146972656,3448200,VOO,0
2020-01-27,296.8399963378906,298.7300109863281,296.45001220703125,270.8178405761719,4302000,VOO,0
2020-01-28,298.70001220703125,301.2200012207031,298.2200012207031,273.7516784667969,3562500,VOO,0
2020-01-29,301.7799987792969,301.94000244140625,299.9200134277344,273.47833251953125,2739400,VOO,0
2020-01-30,298.0400085449219,301.2900085449219,297.29998779296875,274.3348388671875,4432700,VOO,0
2020-01-31,300.44000244140625,300.6000061035156,294.7200012207031,269.4145812988281,6184700,VOO,0
2020-02-03,297.1199951171875,299.6700134277344,297.0299987792969,271.37353515625,3205200,VOO,0
2020-02-04,301.5,303.2300109863281,301.1600036621094,275.5558166503906,2292800,VOO,0
2020-02-05,305.3999938964844,306.0799865722656,303.8699951171875,278.671875,3049900,VOO,0
2020-02-06,306.79998779296875,307.0799865722656,305.80999755859375,279.6194763183594,1925500,VOO,0
2020-02-07,305.8299865722656,306.5899963378906,304.739990234375,278.19805908203125,2249000,VOO,0
2020-02-10,304.3900146484375,307.55999755859375,304.3500061035156,280.1933898925781,2246900,VOO,0
2020-02-11,308.92999267578125,309.69000244140625,307.6099853515625,280.7036437988281,2438800,VOO,0
2020-02-12,309.55999755859375,310.2699890136719,309.1700134277344,282.5077209472656,2115800,VOO,0
2020-02-13,308.6000061035156,310.7200012207031,308.3599853515625,282.234375,2043400,VOO,0
2020-02-14,310.1099853515625,310.3299865722656,309,282.70819091796875,1637000,VOO,0
2020-02-18,309.239990234375,309.82000732421875,308.0299987792969,281.9338073730469,3000300,VOO,0
2020-02-19,310.4200134277344,311.5899963378906,310.1199951171875,283.2912902832031,2257500,VOO,0
2020-02-20,310.3500061035156,311.19000244140625,306.6700134277344,282.1797180175781,4617300,VOO,0
2020-02-21,308.29998779296875,308.5799865722656,305.6199951171875,279.2549743652344,2678000,VOO,0
2020-02-24,296.9599914550781,299.3800048828125,295.1700134277344,269.9158020019531,7097000,VOO,0
2020-02-25,297.7300109863281,298.2300109863281,286.3599853515625,261.8067626953125,8465800,VOO,0
2020-02-26,288.6099853515625,292.2799987792969,285.4800109863281,260.6494445800781,10233700,VOO,0
2020-02-27,280.57000732421875,284.4800109863281,273.3599853515625,249.0962677001953,14897000,VOO,0
2020-02-28,265.32000732421875,272.9200134277344,262.25,247.59286499023438,23179600,VOO,0
2020-03-02,274,284.0400085449219,270.489990234375,258.6449890136719,12428600,VOO,0
2020-03-03,284.3399963378906,288.32000732421875,273.3599853515625,251.5108184814453,9805900,VOO,0
2020-03-04,281.2300109863281,287.6499938964844,278.70001220703125,261.9342346191406,5253900,VOO,0
2020-03-05,280.29998779296875,283.4100036621094,275.6099853515625,253.1599578857422,6220000,VOO,0
2020-03-06,269.32000732421875,274.4599914550781,266.6000061035156,248.9139862060547,6669100,VOO,0
2020-03-09,253.88999938964844,260.989990234375,251.14999389648438,229.7071990966797,16425900,VOO,0
2020-03-10,260.4800109863281,263.80999755859375,250,241.49594116210938,10879100,VOO,0
2020-03-11,256.6600036621094,257.7200012207031,247.6199951171875,229.52232360839844,11480100,VOO,0
2020-03-12,234.94000244140625,243.67999267578125,225.80999755859375,207.32347106933594,24669300,VOO,0
2020-03-13,240.66000366210938,247.77999877929688,228.10000610351562,226.69369506835938,19533600,VOO,0
2020-03-16,222.85000610351562,234.77000427246094,218.13999938964844,200.08253479003906,17271500,VOO,0
2020-03-17,223.75,233.9499969482422,216.60000610351562,213.18212890625,15115500,VOO,0
2020-03-18,216.0800018310547,224.74000549316406,208.30999755859375,201.52886962890625,20177500,VOO,0
2020-03-19,218.42999267578125,226,212.11000061035156,201.70281982421875,12441200,VOO,0
2020-03-20,222.8000030517578,224.55999755859375,210.0500030517578,192.91481018066406,11533200,VOO,0
2020-03-23,209.6300048828125,210.77999877929688,200.5500030517578,186.99209594726562,14128200,VOO,0
2020-03-24,216.38999938964844,224.3000030517578,214.8300018310547,204.82443237304688,13160800,VOO,0
2020-03-25,225,235.50999450683594,220.32000732421875,207.45166015625,11876400,VOO,0
2020-03-26,229.27000427246094,241.44000244140625,228.85000610351562,219.91961669921875,12411100,VOO,0
2020-03-27,232.6999969482422,239.63999938964844,230.66000366210938,213.163818359375,11170600,VOO,0
2020-03-30,234.9199981689453,241.10000610351562,232.97000122070312,220.05691528320312,8727800,VOO,0
2020-03-31,239.4499969482422,241.94000244140625,235.44000244140625,216.7888946533203,10386300,VOO,0
2020-04-01,227.9199981689453,231.0500030517578,224.1300048828125,207.02139282226562,13710100,VOO,0
2020-04-02,225.3300018310547,232.17999267578125,224.72000122070312,211.86395263671875,6547000,VOO,0
2020-04-03,230.42999267578125,232.7100067138672,225.33999633789062,208.73321533203125,5490200,VOO,0
2020-04-06,236.9600067138672,245.3000030517578,235.92999267578125,222.93133544921875,7624000,VOO,0
2020-04-07,251.9199981689453,252.8000030517578,243.4600067138672,223.0503387451172,12936600,VOO,0
2020-04-08,246.24000549316406,253.0500030517578,244.0500030517578,230.6208038330078,6958600,VOO,0
2020-04-09,255.1199951171875,258.3900146484375,253.13999938964844,234.04446411132812,8812600,VOO,0
2020-04-13,254.63999938964844,254.9499969482422,249.3800048828125,231.77426147460938,7666400,VOO,0
2020-04-14,258.239990234375,261.6300048828125,257.2099914550781,238.8503875732422,6631100,VOO,0
2020-04-15,255.0800018310547,256.8999938964844,253.11000061035156,233.6508026123047,4888900,VOO,0
2020-04-16,256.510009765625,257.29998779296875,253.39999389648438,234.83172607421875,6165700,VOO,0
2020-04-17,262.30999755859375,264,259.5,241.31288146972656,6738800,VOO,0
2020-04-20,259.6499938964844,263.1000061035156,258.5799865722656,236.964599609375,6498700,VOO,0
2020-04-21,254.25,255.49000549316406,250,229.72369384765625,6526100,VOO,0
2020-04-22,255.8300018310547,258.2300109863281,254.47999572753906,234.77679443359375,5626800,VOO,0
2020-04-23,257.75,260.8999938964844,256.20001220703125,234.73104858398438,7665400,VOO,0
2020-04-24,258,260.70001220703125,255.94000244140625,238.1363983154297,4768200,VOO,0
2020-04-27,262.010009765625,264.9100036621094,261.57000732421875,241.57833862304688,3892200,VOO,0
2020-04-28,267.4800109863281,267.7900085449219,262.29998779296875,240.46157836914062,5849500,VOO,0
2020-04-29,267.9800109863281,271,266.9100036621094,246.65895080566406,6773100,VOO,0
2020-04-30,268.0799865722656,268.5799865722656,265.2300109863281,244.5076904296875,7386600,VOO,0
2020-05-01,262.1400146484375,262.8500061035156,258.739990234375,237.8434600830078,4790700,VOO,0
2020-05-04,257.9200134277344,260.8999938964844,256.5299987792969,238.5941162109375,4128900,VOO,0
2020-05-05,263.45001220703125,265.80999755859375,262.6000061035156,240.79110717773438,4437200,VOO,0
2020-05-06,264.7099914550781,265.1099853515625,261.1400146484375,239.17080688476562,3021400,VOO,0
2020-05-07,264.45001220703125,266.29998779296875,263.8999938964844,241.9994659423828,3410200,VOO,0
2020-05-08,267.5299987792969,269.1400146484375,266.3800048828125,246.0455780029297,3201100,VOO,0
2020-05-11,266.7799987792969,270.20001220703125,266.42999267578125,246.0821990966797,3469300,VOO,0
2020-05-12,269.9800109863281,270.3999938964844,263.3299865722656,241.1298065185547,5159900,VOO,0
2020-05-13,262.8699951171875,263.8999938964844,256.3599853515625,236.8548126220703,5617500,VOO,0
2020-05-14,256.3299865722656,262,253.97000122070312,239.7108917236328,7737600,VOO,0
2020-05-15,259.5400085449219,263.1099853515625,258.55999755859375,240.79110717773438,3385900,VOO,0
2020-05-18,269.32000732421875,272.70001220703125,269.05999755859375,248.15101623535156,6759200,VOO,0
2020-05-19,270.6099853515625,272.25,268.3399963378906,245.80755615234375,4921100,VOO,0
2020-05-20,271.9200134277344,273.7900085449219,271.69000244140625,249.81710815429688,4896200,VOO,0
2020-05-21,272.79998779296875,273.5899963378906,269.95001220703125,248.02288818359375,3581300,VOO,0
2020-05-22,270.760009765625,271.7200012207031,269.5,248.58128356933594,2296400,VOO,0
2020-05-26,277.5299987792969,277.739990234375,274.54998779296875,251.776123046875,4911800,VOO,0
2020-05-27,277.7799987792969,279.04998779296875,272.8599853515625,255.44696044921875,5152400,VOO,0
2020-05-28,280.0299987792969,282.0400085449219,277.80999755859375,254.9434051513672,4630600,VOO,0
2020-05-29,278.0299987792969,280.3500061035156,275.3599853515625,256.0876159667969,7049300,VOO,0
2020-06-01,279.07000732421875,281.489990234375,278.57000732421875,257.2044982910156,3888200,VOO,0
2020-06-02,281.7900085449219,283.2799987792969,280.4599914550781,259.319091796875,4343900,VOO,0
2020-06-03,285.20001220703125,287.92999267578125,284.92999267578125,262.74273681640625,5568100,VOO,0
2020-06-04,286,287.75,284.20001220703125,262.0745544433594,3818600,VOO,0
2020-06-05,291.6300048828125,295.3800048828125,291.6099853515625,268.775390625,6015500,VOO,0
2020-06-08,294.42999267578125,297.32000732421875,293.8800048828125,272.03424072265625,5559700,VOO,0
2020-06-09,294.489990234375,296.3900146484375,293.6300048828125,270.10272216796875,4686400,VOO,0
2020-06-10,295.5299987792969,296.3900146484375,292.5899963378906,268.4183349609375,5602600,VOO,0
2020-06-11,286.3599853515625,286.9200134277344,275.79998779296875,252.94784545898438,7748200,VOO,0
2020-06-12,283.3500061035156,284.1499938964844,274.5,255.99606323242188,6232200,VOO,0
2020-06-15,273.9100036621094,283.3500061035156,272.7699890136719,258.3304138183594,4431400,VOO,0
2020-06-16,290.04998779296875,290.20001220703125,282.8299865722656,263.383544921875,5295000,VOO,0
2020-06-17,288.7300109863281,289.0199890136719,285.8800048828125,262.1751403808594,2662800,VOO,0
2020-06-18,284.9700012207031,287.1199951171875,284.54998779296875,262.4132385253906,2756300,VOO,0
2020-06-19,290.0400085449219,290.2699890136719,283.6700134277344,260.8662414550781,3479500,VOO,0
2020-06-22,284.3500061035156,287.19000244140625,283.260009765625,262.59625244140625,2518000,VOO,0
2020-06-23,289.510009765625,290.42999267578125,287.760009765625,263.786376953125,2503600,VOO,0
2020-06-24,286.0799865722656,286.70001220703125,278.9700012207031,257.0397033691406,4532300,VOO,0
2020-06-25,280.260009765625,284.1000061035156,278.2200012207031,259.75848388671875,3897400,VOO,0
2020-06-26,282.7200012207031,282.9200134277344,276.5199890136719,253.67103576660156,4479000,VOO,0
2020-06-29,276.8900146484375,279.7200012207031,274.7200012207031,257.3729248046875,3464600,VOO,0
2020-06-30,279.2900085449219,284.95001220703125,279.1499938964844,260.80511474609375,5215700,VOO,0
2020-07-01,284.3699951171875,286.510009765625,283.95001220703125,262.5903015136719,3712600,VOO,0
2020-07-02,288.760009765625,290.04998779296875,286.17999267578125,263.91534423828125,3661100,VOO,0
2020-07-06,290.6700134277344,291.5799865722656,289.8999938964844,268.01007080078125,3573800,VOO,0
2020-07-07,289.6700134277344,291.67999267578125,287.8900146484375,265.2311096191406,3420300,VOO,0
2020-07-08,289,290.54998779296875,287.2900085449219,267.200439453125,2434200,VOO,0
2020-07-09,291.0199890136719,291.29998779296875,285.4100036621094,265.8384704589844,3164600,VOO,0
2020-07-10,288.7200012207031,292.010009765625,287.3399963378906,268.5069580078125,2712400,VOO,0
2020-07-13,294.1000061035156,296.45001220703125,288.6099853515625,266.0777282714844,3657900,VOO,0
2020-07-14,287.7900085449219,293.32000732421875,286.6300048828125,269.6387939453125,4053100,VOO,0
2020-07-15,296.19000244140625,296.75,293.3500061035156,272.03125,6601400,VOO,0
2020-07-16,293.79998779296875,295.1099853515625,293.1499938964844,271.23992919921875,3082900,VOO,0
2020-07-17,295.7200012207031,296.3500061035156,293.75,271.9576416015625,2246000,VOO,0
2020-07-20,295.3299865722656,298.67999267578125,294.6000061035156,274.2212219238281,2539900,VOO,0
2020-07-21,299.8599853515625,300.3500061035156,297.6600036621094,274.79180908203125,3305500,VOO,0
2020-07-22,298.2200012207031,300.55999755859375,298.1099853515625,276.35601806640625,4121100,VOO,0
2020-07-23,299.92999267578125,300.6199951171875,295.3800048828125,273.05267333984375,3487100,VOO,0
2020-07-24,294.8599853515625,295.80999755859375,293.29998779296875,271.28594970703125,2851000,VOO,0
2020-07-27,295.4800109863281,297.1199951171875,294.739990234375,273.2642517089844,2253300,VOO,0
2020-07-28,296.17999267578125,297.3299865722656,294.7900085449219,271.57122802734375,3135600,VOO,0
2020-07-29,296,299.260009765625,295.8999938964844,274.85614013671875,2370800,VOO,0
2020-07-30,295.739990234375,298.05999755859375,293.6700134277344,273.8532409667969,2951700,VOO,0
2020-07-31,299.45001220703125,300.1000061035156,295.239990234375,276.1444396972656,4460300,VOO,0
2020-08-03,301.6499938964844,302.82000732421875,301.1300048828125,277.883544921875,3767700,VOO,0
2020-08-04,301.2200012207031,303.260009765625,301.2200012207031,279.05224609375,2129200,VOO,0
2020-08-05,304.6099853515625,305.3999938964844,304.30999755859375,280.7914123535156,2615100,VOO,0
2020-08-06,304.5799865722656,307.2900085449219,304.25,282.677734375,4088200,VOO,0
2020-08-07,306.2300109863281,307.6000061035156,305.32000732421875,282.82489013671875,3319600,VOO,0
2020-08-10,307.8800048828125,308.5,305.9200134277344,283.72674560546875,2118200,VOO,0
2020-08-11,309.5199890136719,310.1199951171875,305.07000732421875,281.43548583984375,3571200,VOO,0
2020-08-12,308.25,310.80999755859375,308.20001220703125,285.2909240722656,2947400,VOO,0
2020-08-13,309.29998779296875,310.7799987792969,308.55999755859375,284.8033142089844,4074200,VOO,0
2020-08-14,309.1499938964844,310.0199890136719,308.3399963378906,284.8033142089844,2097600,VOO,0
2020-08-17,310.44000244140625,310.8699951171875,310.0899963378906,285.7234802246094,2183400,VOO,0
2020-08-18,310.92999267578125,311.54998779296875,309.2799987792969,286.3215026855469,2415800,VOO,0
2020-08-19,311.54998779296875,312.2799987792969,309.30999755859375,285.10687255859375,2498300,VOO,0
2020-08-20,308.1099853515625,311.2699890136719,308.0199890136719,286.00860595703125,2409300,VOO,0
2020-08-21,310.4800109863281,312.1000061035156,310.1700134277344,287.0300598144531,2316200,VOO,0
2020-08-24,314.3599853515625,315.1700134277344,313.3699951171875,289.947021484375,2349600,VOO,0
2020-08-25,315.69000244140625,316.260009765625,314.5,290.9591979980469,2890800,VOO,0
2020-08-26,316.75,319.6300048828125,316.25,293.9314270019531,2606000,VOO,0
2020-08-27,320.2200012207031,321.5,318.4700012207031,294.5203552246094,2295900,VOO,0
2020-08-28,321.1400146484375,322.2799987792969,319.95001220703125,296.4343566894531,3538700,VOO,0
2020-08-31,321.9800109863281,322.8299865722656,320.79998779296875,295.39453125,5068000,VOO,0
2020-09-01,321.80999755859375,324.1000061035156,320.94000244140625,298.15496826171875,3008000,VOO,0
2020-09-02,325.94000244140625,329.6700134277344,324.7799987792969,302.49822998046875,5273100,VOO,0
2020-09-03,327.010009765625,327.510009765625,314.80999755859375,292.02655029296875,6892000,VOO,0
2020-09-04,317.7699890136719,319.6000061035156,306.8999938964844,289.689453125,5133900,VOO,0
2020-09-08,309.3500061035156,310.5899963378906,305.8500061035156,281.72998046875,4278300,VOO,0
2020-09-09,310.1499938964844,314.6600036621094,309.2900085449219,287.28778076171875,3339800,VOO,0
2020-09-10,314.04998779296875,314.7099914550781,305.82000732421875,282.2635498046875,3589000,VOO,0
2020-09-11,308.54998779296875,309.5899963378906,304.1700134277344,282.4752197265625,3690100,VOO,0
2020-09-14,310.0799865722656,312.75,309.6099853515625,286.146728515625,3056100,VOO,0
2020-09-15,313.4700012207031,314.260009765625,311.5199890136719,287.6190490722656,2570900,VOO,0
2020-09-16,313.80999755859375,315.17999267578125,311.0400085449219,286.4595947265625,2313400,VOO,0
2020-09-17,306.4800109863281,310.2699890136719,305.9599914550781,283.9567565917969,2848300,VOO,0
2020-09-18,309.44000244140625,309.4800109863281,302.54998779296875,280.65325927734375,3420800,VOO,0
2020-09-21,300.4700012207031,301.75,296.8299865722656,277.6075439453125,4536800,VOO,0
2020-09-22,303.1099853515625,305.239990234375,300.6700134277344,280.4139404296875,2741500,VOO,0
2020-09-23,305.2799987792969,305.54998779296875,297.1700134277344,273.9176330566406,2755800,VOO,0
2020-09-24,296.30999755859375,301.4599914550781,295.0400085449219,274.67218017578125,3130700,VOO,0
2020-09-25,297.5799865722656,304.0400085449219,296.7200012207031,279.0706481933594,2683800,VOO,0
2020-09-28,307.4200134277344,309.0199890136719,306.42999267578125,283.7451477050781,2437900,VOO,0
2020-09-29,306.8399963378906,307.510009765625,304.6499938964844,282.12701416015625,2303900,VOO,0
2020-09-30,306.0400085449219,310.75,305.8500061035156,284.2986145019531,4304500,VOO,0
2020-10-01,310.1600036621094,311.1099853515625,307.760009765625,286.1005859375,3005700,VOO,0
2020-10-02,304.7200012207031,308.5799865722656,304.2099914550781,283.43914794921875,3125100,VOO,0
2020-10-05,308.69000244140625,312.2900085449219,308.69000244140625,288.3923034667969,2364500,VOO,0
2020-10-06,312.25,314.32000732421875,307.17999267578125,284.3633728027344,3389800,VOO,0
2020-10-07,310.6099853515625,313.80999755859375,310.6000061035156,289.2425231933594,1707800,VOO,0
2020-10-08,314.9599914550781,315.8500061035156,314.04998779296875,291.8022155761719,1731700,VOO,0
2020-10-09,317.4700012207031,319.1000061035156,316.8500061035156,294.3990478515625,2794100,VOO,0
2020-10-12,321.1400146484375,325.2200012207031,320.6600036621094,299.14892578125,2194300,VOO,0
2020-10-13,323.6400146484375,323.7300109863281,320.7099914550781,297.23602294921875,2229700,VOO,0
2020-10-14,322.2200012207031,323.29998779296875,318.92999267578125,295.3785400390625,1902100,VOO,0
2020-10-15,315.7099914550781,319.70001220703125,315.2300109863281,295.02740478515625,2481700,VOO,0
2020-10-16,320.6499938964844,322.2099914550781,318.8999938964844,294.7778625488281,1669600,VOO,0
2020-10-19,320.29998779296875,320.8900146484375,313.3299865722656,290.32373046875,2229600,VOO,0
2020-10-20,315.4800109863281,318.6700134277344,314.7799987792969,291.4696350097656,3066600,VOO,0
2020-10-21,315.4100036621094,317.5199890136719,314.5899963378906,290.9428405761719,2607700,VOO,0
2020-10-22,315.05999755859375,317.1600036621094,312.989990234375,292.54156494140625,2362400,VOO,0
2020-10-23,317.8399963378906,317.8399963378906,315.239990234375,293.5395812988281,1429300,VOO,0
2020-10-26,314.30999755859375,315.0799865722656,308.3599853515625,288.133544921875,3335800,VOO,0
2020-10-27,312.17999267578125,312.4700012207031,310.55999755859375,287.1817321777344,2196100,VOO,0
2020-10-28,305.1300048828125,305.739990234375,299.6199951171875,277.2939453125,5650500,VOO,0
2020-10-29,300.32000732421875,306.25,298.69000244140625,280.214111328125,5365200,VOO,0
2020-10-30,301.55999755859375,302.8599853515625,296.3699951171875,277.0628967285156,5892100,VOO,0
2020-11-02,303.3699951171875,305.30999755859375,300.6300048828125,280.2879943847656,4080400,VOO,0
2020-11-03,306.57000732421875,310.739990234375,306.0899963378906,285.23199462890625,3378300,VOO,0
2020-11-04,313.19000244140625,319.6499938964844,312,291.6544494628906,5750200,VOO,0
2020-11-05,320.94000244140625,323.54998779296875,320.5199890136719,297.3653869628906,3950300,VOO,0
2020-11-06,321.44000244140625,322.9200134277344,319.42999267578125,297.3283996582031,3640600,VOO,0
2020-11-09,334.3599853515625,335.20001220703125,325.2799987792969,301.0340881347656,8097300,VOO,0
2020-11-10,324.7699890136719,326.29998779296875,322.05999755859375,300.6458740234375,4120800,VOO,0
2020-11-11,327.4200134277344,328.5,326.1700134277344,302.7620849609375,2773500,VOO,0
2020-11-12,326.739990234375,327.44000244140625,322.7300109863281,299.96209716796875,2532700,VOO,0
2020-11-13,326.45001220703125,329.7300109863281,325.8900146484375,304.0373840332031,1996100,VOO,0
2020-11-16,331.6499938964844,333.1199951171875,330.4100036621094,307.7244567871094,3018800,VOO,0
2020-11-17,330.7300109863281,332.5,329.25,306.1904602050781,3052100,VOO,0
2020-11-18,331.6300048828125,332.1400146484375,327.2900085449219,302.4755859375,2647800,VOO,0
2020-11-19,326.760009765625,329.0899963378906,325.4100036621094,303.74169921875,2962200,VOO,0
2020-11-20,328.4100036621094,328.6600036621094,326.3999938964844,301.7086486816406,3516800,VOO,0
2020-11-23,328.2799987792969,329.6000061035156,326.05999755859375,303.4921875,2222600,VOO,0
2020-11-24,331.0199890136719,334.25,330.1000061035156,308.4083251953125,2659700,VOO,0
2020-11-25,333.6700134277344,333.6700134277344,332.1499938964844,307.8999938964844,2256900,VOO,0
2020-11-27,334.2900085449219,334.6099853515625,333.17999267578125,308.77789306640625,984700,VOO,0
2020-11-30,333.3999938964844,333.6300048828125,330.0400085449219,307.3918762207031,4175700,VOO,0
2020-12-01,335.9200134277344,337.79998779296875,335.32000732421875,310.77398681640625,3224200,VOO,0
2020-12-02,335.2200012207031,337.1099853515625,334.6499938964844,311.4300537109375,2270300,VOO,0
2020-12-03,336.9100036621094,338.29998779296875,335.8800048828125,311.337646484375,2851100,VOO,0
2020-12-04,337.5,339.8399963378906,337.45001220703125,314.01763916015625,2907000,VOO,0
2020-12-07,339.07000732421875,339.6300048828125,337.9100036621094,313.4354553222656,1943100,VOO,0
2020-12-08,337.8900146484375,340.70001220703125,337.8500061035156,314.341064453125,1948200,VOO,0
2020-12-09,340.7900085449219,340.92999267578125,336.260009765625,311.5502624511719,2545800,VOO,0
2020-12-10,335.739990234375,338,334.8399963378906,311.4023742675781,2738600,VOO,0
2020-12-11,335.30999755859375,336.79998779296875,333.7699890136719,311.0049743652344,2387900,VOO,0
2020-12-14,338.760009765625,339.7900085449219,334.8900146484375,309.58197021484375,2654600,VOO,0
2020-12-15,337.6400146484375,339.6400146484375,336.239990234375,313.86053466796875,2757400,VOO,0
2020-12-16,339.8299865722656,341.0400085449219,338.9599914550781,314.341064453125,2943200,VOO,0
2020-12-17,341.7699890136719,342.25,340.9599914550781,316.0506591796875,2627000,VOO,0
2020-12-18,342.3900146484375,342.5,338.70001220703125,314.7845764160156,6025700,VOO,0
2020-12-21,336.8299865722656,340.3800048828125,334.1099853515625,313.8143005371094,3918100,VOO,0
2020-12-22,338.4700012207031,338.54998779296875,336.4700012207031,313.19537353515625,2371900,VOO,0
2020-12-23,338.5400085449219,339.75,337.69000244140625,313.4458923339844,3682200,VOO,0
2020-12-24,338.3699951171875,339.17999267578125,337.7699890136719,314.698486328125,1447500,VOO,0
2020-12-28,341.739990234375,342.4599914550781,341.0899963378906,317.435791015625,2798800,VOO,0
2020-12-29,343.6300048828125,343.7699890136719,340.8699951171875,316.76763916015625,2555500,VOO,0
2020-12-30,342.2799987792969,342.9100036621094,341.57000732421875,317.1945495605469,2009100,VOO,0
2020-12-31,341.82000732421875,344.3699951171875,341.2300109863281,318.9018249511719,3507000,VOO,0
2021-01-04,345.0199890136719,345.0899963378906,335.3699951171875,314.57794189453125,5402600,VOO,0
2021-01-05,338.3999938964844,342.3900146484375,338.3900146484375,316.6471252441406,3299700,VOO,0
2021-01-06,339.7900085449219,346.5,339.29998779296875,318.56781005859375,4805000,VOO,0
2021-01-07,345.739990234375,349.20001220703125,345.5400085449219,323.3277893066406,3638900,VOO,0
2021-01-08,349.8800048828125,350.6199951171875,346.6400146484375,325.146484375,3758500,VOO,0
2021-01-11,347.3599853515625,349.82000732421875,347.20001220703125,323.0215759277344,2975000,VOO,0
2021-01-12,348.29998779296875,349.1499938964844,345.9700012207031,323.04937744140625,2298400,VOO,0
2021-01-13,348.1099853515625,350.05999755859375,347.32000732421875,323.856689453125,3039900,VOO,0
2021-01-14,349.8500061035156,350.32000732421875,347.54998779296875,322.7618103027344,3497400,VOO,0
2021-01-15,346.2699890136719,347.05999755859375,343.5299987792969,320.4606628417969,3622100,VOO,0
2021-01-19,347.79998779296875,348.5899963378906,346.3599853515625,322.9937744140625,3433800,VOO,0
2021-01-20,350.32000732421875,353.7099914550781,349.9700012207031,327.3826904296875,2920600,VOO,0
2021-01-21,353.4599914550781,353.8399963378906,352.29998779296875,327.68878173828125,2580800,VOO,0
2021-01-22,351.3800048828125,353.0400085449219,350.989990234375,326.51971435546875,1812200,VOO,0
2021-01-25,352.7099914550781,353.67999267578125,347.9700012207031,327.8465270996094,3549000,VOO,0
2021-01-26,354.2300109863281,354.6499938964844,352.6000061035156,327.35479736328125,2430200,VOO,0
2021-01-27,349.5400085449219,349.55999755859375,341.989990234375,319.4121398925781,5010400,VOO,0
2021-01-28,345.9700012207031,351.07000732421875,345.5799865722656,322.0937805175781,3432200,VOO,0
2021-01-29,345.30999755859375,346.2200012207031,338.57000732421875,315.64495849609375,5803600,VOO,0
2021-02-01,343.6300048828125,346.8500061035156,341.3999938964844,320.8318176269531,3334000,VOO,0
2021-02-02,349.04998779296875,352.3399963378906,349,325.443359375,2955200,VOO,0
2021-02-03,351.70001220703125,352.79998779296875,349.8800048828125,325.76812744140625,3392800,VOO,0
2021-02-04,352.1199951171875,355.0400085449219,351.9200134277344,329.4146728515625,1988300,VOO,0
2021-02-05,356.8999938964844,357.1300048828125,355.32000732421875,330.7322082519531,2091800,VOO,0
2021-02-08,357.9200134277344,359.07000732421875,357.05999755859375,333.1725769042969,3371100,VOO,0
2021-02-09,358.2200012207031,359.3299865722656,357.7699890136719,332.9034118652344,1891200,VOO,0
2021-02-10,360.5299987792969,360.6099853515625,356.29998779296875,332.7736511230469,2400000,VOO,0
2021-02-11,359.7099914550781,360.1000061035156,356.8399963378906,333.311767578125,2237200,VOO,0
2021-02-12,358.45001220703125,361.19000244140625,358.3599853515625,335.0097351074219,2144500,VOO,0
2021-02-16,362.1499938964844,362.3699951171875,359.9800109863281,334.6943054199219,4408500,VOO,0
2021-02-17,359.0299987792969,360.9700012207031,357.9200134277344,334.7684631347656,3211800,VOO,0
2021-02-18,358.239990234375,359.92999267578125,356.489990234375,333.339599609375,3010500,VOO,0
2021-02-19,360.4700012207031,360.7099914550781,358.1400146484375,332.7271728515625,2487100,VOO,0
2021-02-22,355.8399963378906,358.19000244140625,355.55999755859375,330.1105651855469,3291000,VOO,0
2021-02-23,353.69000244140625,357.55999755859375,349.5299987792969,330.52813720703125,5251100,VOO,0
2021-02-24,355.1499938964844,360.5799865722656,354.20001220703125,334.1839904785156,3301200,VOO,0
2021-02-25,359.0299987792969,360.2699890136719,350.0799865722656,326.16705322265625,7049200,VOO,0
2021-02-26,353.4700012207031,354.4700012207031,347.7099914550781,324.3763427734375,7579500,VOO,0
2021-03-01,354.54998779296875,359.3900146484375,354.5,332.2911682128906,3721100,VOO,0
2021-03-02,358.3800048828125,358.6300048828125,355.1600036621094,329.7208557128906,5462600,VOO,0
2021-03-03,354.70001220703125,355.6400146484375,350.55999755859375,325.36907958984375,6317600,VOO,0
2021-03-04,350.489990234375,353.0199890136719,341.9200134277344,321.3607482910156,6604500,VOO,0
2021-03-05,349.7699890136719,353.7300109863281,342.5899963378906,327.25274658203125,8721300,VOO,0
2021-03-08,353.6300048828125,356.3999938964844,350.6600036621094,325.64752197265625,5663500,VOO,0
2021-03-09,354.75,358.4599914550781,354.2300109863281,330.20343017578125,6075100,VOO,0
2021-03-10,358.29998779296875,359.8399963378906,356.8800048828125,332.2447509765625,7231400,VOO,0
2021-03-11,360.6600036621094,363.760009765625,360.1600036621094,335.7521057128906,3340700,VOO,0
2021-03-12,360.5,362.45001220703125,359.6700134277344,336.2252502441406,4847300,VOO,0
2021-03-15,362.6700134277344,364.75,360.45001220703125,338.17376708984375,3154800,VOO,0
2021-03-16,365.1199951171875,365.7799987792969,363.25,337.7934265136719,3698400,VOO,0
2021-03-17,362.8299865722656,366.04998779296875,361.6199951171875,338.8975524902344,5011600,VOO,0
2021-03-18,362.7300109863281,364.760009765625,359.2799987792969,333.9148864746094,5067500,VOO,0
2021-03-19,359.6499938964844,361.1700134277344,357.1400146484375,333.321044921875,5382800,VOO,0
2021-03-22,359.7900085449219,363.5,359.760009765625,335.9562072753906,3417600,VOO,0
2021-03-23,361.5299987792969,362.94000244140625,358.510009765625,333.488037109375,4954600,VOO,0
2021-03-24,360.7099914550781,362.2699890136719,357.4200134277344,331.6415710449219,4099000,VOO,0
2021-03-25,356.0799865722656,360.239990234375,354.1400146484375,333.50665283203125,5487300,VOO,0
2021-03-26,359.3699951171875,364.3699951171875,358.75,338.94732666015625,3322600,VOO,0
2021-03-29,362.57000732421875,364.67999267578125,361.1099853515625,338.7424621582031,3143300,VOO,0
2021-03-30,362.55999755859375,363.4700012207031,361.2699890136719,337.8764343261719,3696200,VOO,0
2021-03-31,363.3900146484375,365.82000732421875,363.3900146484375,339.21728515625,7470300,VOO,0
2021-04-01,366.20001220703125,368.2900085449219,366.0299987792969,342.8116149902344,5132000,VOO,0
2021-04-05,370.8900146484375,374.07000732421875,370.80999755859375,347.7559509277344,3764100,VOO,0
2021-04-06,373.0400085449219,374.3299865722656,372.6700134277344,347.5604248046875,3583500,VOO,0
2021-04-07,373.1400146484375,374.0799865722656,372.7200012207031,347.9980773925781,2768900,VOO,0
2021-04-08,374.9700012207031,375.55999755859375,374.05999755859375,349.69268798828125,3949400,VOO,0
2021-04-09,375.4200134277344,378.3999938964844,375.3299865722656,352.2068176269531,2627500,VOO,0
2021-04-12,377.70001220703125,378.6499938964844,377.0799865722656,352.3651123046875,2747500,VOO,0
2021-04-13,378.3699951171875,380.1199951171875,377.9200134277344,353.32421875,2985500,VOO,0
2021-04-14,379.4599914550781,380.510009765625,377.70001220703125,352.1882019042969,3691100,VOO,0
2021-04-15,380.3299865722656,382.5400085449219,380.2799987792969,355.96868896484375,3573800,VOO,0
2021-04-16,383.55999755859375,384.1499938964844,382.19000244140625,357.2164001464844,3252500,VOO,0
2021-04-19,382.6199951171875,383.0899963378906,380.3699951171875,355.45654296875,3945700,VOO,0
2021-04-20,380.489990234375,381.1600036621094,377.4700012207031,352.849365234375,4106700,VOO,0
2021-04-21,378.2799987792969,382.6700134277344,378.1400146484375,356.16424560546875,3640100,VOO,0
2021-04-22,382.32000732421875,383.1199951171875,377.9599914550781,352.8959045410156,3965000,VOO,0
2021-04-23,379.57000732421875,384.4599914550781,379.4599914550781,356.6577453613281,3781100,VOO,0
2021-04-26,383.7300109863281,384.45001220703125,383.32000732421875,357.43060302734375,3125200,VOO,0
2021-04-27,384.20001220703125,384.3800048828125,382.7200012207031,357.31884765625,3370600,VOO,0
2021-04-28,384.1000061035156,385.1700134277344,383.239990234375,357.1511535644531,3960400,VOO,0
2021-04-29,386.3999938964844,386.739990234375,382.80999755859375,359.53497314453125,4209900,VOO,0
2021-04-30,383.9100036621094,384.760009765625,382.7300109863281,357.1605224609375,5219200,VOO,0
2021-05-03,385.55999755859375,385.94000244140625,383.9599914550781,357.9707336425781,4180800,VOO,0
2021-05-04,382.5199890136719,382.9599914550781,378.45001220703125,355.7917785644531,5485600,VOO,0
2021-05-05,383.7200012207031,383.9100036621094,381.44000244140625,355.85699462890625,4410700,VOO,0
2021-05-06,382.260009765625,385.3699951171875,380.2699890136719,358.7528381347656,4737300,VOO,0
2021-05-07,386.0199890136719,388.67999267578125,385.3299865722656,361.3134460449219,3516600,VOO,0
2021-05-10,388.4100036621094,388.6600036621094,384.0899963378906,357.7751770019531,5942700,VOO,0
2021-05-11,379.75,381.739990234375,376.95001220703125,354.6371765136719,7081500,VOO,0
2021-05-12,378.0400085449219,379.2699890136719,372.1300048828125,347.06689453125,7707400,VOO,0
2021-05-13,374.2099914550781,379.04998779296875,374.1700134277344,351.19189453125,7179100,VOO,0
2021-05-14,379.80999755859375,383.7900085449219,379.80999755859375,356.583251953125,5167900,VOO,0
2021-05-17,381.8999938964844,382.75,380,355.7265625,3781600,VOO,0
2021-05-18,382.25,382.4700012207031,378.5400085449219,352.65380859375,3128300,VOO,0
2021-05-19,374.05999755859375,377.8399963378906,372.6199951171875,351.72265625,5086300,VOO,0
2021-05-20,378.57000732421875,382.989990234375,378.45001220703125,355.4752197265625,4776700,VOO,0
2021-05-21,383.2300109863281,384.45001220703125,381.010009765625,355.2051696777344,3567500,VOO,0
2021-05-24,383.69000244140625,386.3999938964844,383.44000244140625,358.7900695800781,2962500,VOO,0
2021-05-25,386.3999938964844,386.760009765625,383.94000244140625,358.0358581542969,4031800,VOO,0
2021-05-26,385.0899963378906,385.75,384.07000732421875,358.6876220703125,2642700,VOO,0
2021-05-27,386.2799987792969,386.7799987792969,385.32000732421875,358.8459167480469,3015900,VOO,0
2021-05-28,387.0299987792969,387.2699890136719,385.94000244140625,359.5443420410156,3370100,VOO,0
2021-06-01,388.5,388.6199951171875,385.3800048828125,359.26495361328125,4389000,VOO,0
2021-06-02,386.45001220703125,387.239990234375,385.4700012207031,359.8702087402344,3209200,VOO,0
2021-06-03,384.1700134277344,386.1099853515625,382.70001220703125,358.50146484375,3391000,VOO,0
2021-06-04,386.80999755859375,388.79998779296875,386.760009765625,361.75115966796875,2628100,VOO,0
2021-06-07,388.5199890136719,388.69000244140625,387.25,361.44384765625,2500600,VOO,0
2021-06-08,389,389.0799865722656,386.44000244140625,361.49969482421875,2386600,VOO,0
2021-06-09,389.0799865722656,389.1300048828125,387.4100036621094,360.9317321777344,2968100,VOO,0
2021-06-10,388.8599853515625,390.3599853515625,387.5799865722656,362.5984802246094,2611800,VOO,0
2021-06-11,390,390.20001220703125,388.7300109863281,363.2316589355469,2241500,VOO,0
2021-06-14,390.2099914550781,391.07000732421875,389,364.1441650390625,2252200,VOO,0
2021-06-15,391.1499938964844,391.20001220703125,389.4100036621094,363.3805847167969,2405000,VOO,0
2021-06-16,390.4200134277344,390.5799865722656,386.0199890136719,361.3879699707031,4194300,VOO,0
2021-06-17,387.6199951171875,388.9100036621094,385.5,361.2575988769531,4065300,VOO,0
2021-06-18,384.7900085449219,385.3800048828125,382.5199890136719,356.462158203125,5211100,VOO,0
2021-06-21,384.5,388.3800048828125,383.6499938964844,361.4532165527344,4389800,VOO,0
2021-06-22,388.239990234375,391.0899963378906,387.4700012207031,363.37127685546875,2705400,VOO,0
2021-06-23,390.3500061035156,391.1400146484375,389.70001220703125,362.9801940917969,2404200,VOO,0
2021-06-24,391.8900146484375,392.5199890136719,391.6700134277344,365.05670166015625,2987800,VOO,0
2021-06-25,392.8999938964844,393.9200134277344,392.5400085449219,366.4068298339844,2862800,VOO,0
2021-06-28,394.0299987792969,394.45001220703125,392.8299865722656,367.17041015625,2418500,VOO,0
2021-06-29,393.3500061035156,393.94000244140625,392.6600036621094,367.33203125,2927600,VOO,0
2021-06-30,392.7200012207031,394.1300048828125,392.7200012207031,367.66839599609375,3795900,VOO,0
2021-07-01,394.29998779296875,395.8500061035156,394.2099914550781,369.7425537109375,3414500,VOO,0
2021-07-02,396.8500061035156,399.04998779296875,396.5299987792969,372.5547790527344,4363100,VOO,0
2021-07-06,398.7699890136719,398.989990234375,395.29998779296875,371.8540344238281,4331300,VOO,0
2021-07-07,398.6700134277344,399.6600036621094,396.67999267578125,373.1340637207031,4747800,VOO,0
2021-07-08,394.20001220703125,396.8800048828125,393.0199890136719,370.1629638671875,5817100,VOO,0
2021-07-09,397.6300048828125,400.6499938964844,397.4200134277344,374.068359375,3332200,VOO,0
2021-07-12,400.29998779296875,402.0299987792969,399.8699951171875,375.42315673828125,2929200,VOO,0
2021-07-13,401.0799865722656,402.5,400.17999267578125,374.1524658203125,4313100,VOO,0
2021-07-14,402.05999755859375,402.57000732421875,399.82000732421875,374.6662902832031,3332200,VOO,0
2021-07-15,399.739990234375,400.3800048828125,397.80999755859375,373.4610900878906,4483900,VOO,0
2021-07-16,400.8399963378906,400.8800048828125,396.1400146484375,370.5554504394531,4516600,VOO,0
2021-07-19,391.7799987792969,392.260009765625,387.92999267578125,365.0149230957031,12336200,VOO,0
2021-07-20,391.3500061035156,397.5,390.010009765625,370.1723327636719,4043100,VOO,0
2021-07-21,397.4800109863281,399.6199951171875,397.2699890136719,373.28363037109375,2996600,VOO,0
2021-07-22,399.7099914550781,400.55999755859375,398.70001220703125,374.0777282714844,2575700,VOO,0
2021-07-23,402.1700134277344,404.75,401.5799865722656,377.81500244140625,3151900,VOO,0
2021-07-26,403.9200134277344,405.4200134277344,403.82000732421875,378.7773132324219,2374300,VOO,0
2021-07-27,404.45001220703125,404.45001220703125,400.79998779296875,377.09552001953125,3626100,VOO,0
2021-07-28,404.1700134277344,404.760009765625,402.0400085449219,376.8900146484375,3763700,VOO,0
2021-07-29,404.3599853515625,406.1300048828125,404.3500061035156,378.51568603515625,2274200,VOO,0
2021-07-30,402.5899963378906,404.5299987792969,402.4700012207031,376.6657409667969,5204500,VOO,0
2021-08-02,404.7799987792969,405.3599853515625,401.94000244140625,375.8996276855469,5814700,VOO,0
2021-08-03,403.0799865722656,405.6600036621094,400.9200134277344,378.9360656738281,4129600,VOO,0
2021-08-04,404.30999755859375,404.8599853515625,403.3399963378906,377.1235656738281,3880200,VOO,0
2021-08-05,404.70001220703125,406.19000244140625,404.3800048828125,379.4779968261719,3052800,VOO,0
2021-08-06,406.44000244140625,407.17999267578125,406.1700134277344,380.1319580078125,2486900,VOO,0
2021-08-09,406.75,407.04998779296875,405.69000244140625,379.7676696777344,1984400,VOO,0
2021-08-10,406.9100036621094,407.6700134277344,406.2300109863281,380.2441711425781,2400700,VOO,0
2021-08-11,408,408.07000732421875,406.9100036621094,381.1597900390625,3554400,VOO,0
2021-08-12,407.82000732421875,409.3299865722656,406.9700012207031,382.2716064453125,2319300,VOO,0
2021-08-13,409.6400146484375,409.9599914550781,409.17999267578125,383.0284423828125,2253800,VOO,0
2021-08-16,408.7099914550781,411.010009765625,407.1499938964844,383.9440002441406,3379100,VOO,0
2021-08-17,408.4100036621094,409.04998779296875,405.30999755859375,381.412109375,5186300,VOO,0
2021-08-18,407.2200012207031,408.75,403.5400085449219,377.3104248046875,4878300,VOO,0
2021-08-19,401.0899963378906,405.54998779296875,400.92999267578125,377.8429870605469,5505700,VOO,0
2021-08-20,404.67999267578125,407.9200134277344,404.260009765625,380.8327331542969,3263600,VOO,0
2021-08-23,409.25,412.0799865722656,409.2300109863281,384.20556640625,3259400,VOO,0
2021-08-24,411.8999938964844,412.3599853515625,411.3500061035156,384.8128356933594,3006500,VOO,0
2021-08-25,412.05999755859375,413.2099914550781,411.6700134277344,385.5229797363281,3261400,VOO,0
2021-08-26,412.4100036621094,412.6600036621094,410.20001220703125,383.2713317871094,4707600,VOO,0
2021-08-27,411.0899963378906,414.3299865722656,411.0199890136719,386.67218017578125,3882200,VOO,0
2021-08-30,414.6600036621094,416.55999755859375,414.3900146484375,388.4474182128906,2811800,VOO,0
2021-08-31,415.6600036621094,416.0199890136719,414.5799865722656,387.78399658203125,6062900,VOO,0
2021-09-01,416.04998779296875,416.5899963378906,415.1600036621094,388.1950378417969,3256400,VOO,0
2021-09-02,416.79998779296875,417.44000244140625,415.5,389.3536071777344,2835500,VOO,0
2021-09-03,415.5799865722656,417.05999755859375,415.1600036621094,389.2041320800781,3740000,VOO,0
2021-09-07,416.2699890136719,416.2900085449219,414.4200134277344,387.76531982421875,3542500,VOO,0
2021-09-08,414.5299987792969,415.260009765625,412.6700134277344,387.3916320800781,4012600,VOO,0
2021-09-09,414.3399963378906,416.07000732421875,412.57000732421875,385.6537780761719,3887800,VOO,0
2021-09-10,414.69000244140625,415.1000061035156,409.4200134277344,382.6733703613281,4035500,VOO,0
2021-09-13,412.5199890136719,412.7099914550781,408.30999755859375,383.5703125,4738300,VOO,0
2021-09-14,412.0199890136719,412.17999267578125,407.489990234375,381.5802001953125,3657700,VOO,0
2021-09-15,408.7900085449219,412.260009765625,407.70001220703125,384.7662048339844,3891400,VOO,0
2021-09-16,411.2699890136719,412.19000244140625,408.2300109863281,384.102783203125,3351500,VOO,0
2021-09-17,410.3500061035156,410.7799987792969,406.7699890136719,380.3375549316406,5396100,VOO,0
2021-09-20,401.1099853515625,402.6400146484375,395.57000732421875,374.1243896484375,10942700,VOO,0
2021-09-21,402.6600036621094,403.8999938964844,399.44000244140625,373.7600402832031,6418100,VOO,0
2021-09-22,402.1700134277344,405.8500061035156,401.260009765625,377.366455078125,6004800,VOO,0
2021-09-23,405.7099914550781,410.32000732421875,405.4700012207031,381.9259033203125,4098000,VOO,0
2021-09-24,407.1700134277344,410.1300048828125,406.95001220703125,382.56121826171875,3417700,VOO,0
2021-09-27,408.4200134277344,409.57000732421875,407.5899963378906,381.47735595703125,3546600,VOO,0
2021-09-28,405.54998779296875,405.8699951171875,399.3299865722656,373.8535461425781,8234300,VOO,0
2021-09-29,400.1000061035156,401.7900085449219,398.8599853515625,374.4421691894531,4724200,VOO,0
2021-09-30,400.8500061035156,401.5199890136719,394.3399963378906,369.6990966796875,9511200,VOO,0
2021-10-01,396.2300109863281,400.8500061035156,392.7699890136719,374.12347412109375,8482200,VOO,0
2021-10-04,398.1199951171875,398.94000244140625,391.9599914550781,369.52093505859375,8820400,VOO,0
2021-10-05,395.55999755859375,400.3500061035156,394.7900085449219,373.111083984375,5523200,VOO,0
2021-10-06,394.6499938964844,400.0199890136719,393.05999755859375,374.7702941894531,6590000,VOO,0
2021-10-07,403.07000732421875,406.04998779296875,402.8500061035156,377.9948425292969,4409200,VOO,0
2021-10-08,404.0400085449219,404.3900146484375,401.94000244140625,377.28228759765625,3960900,VOO,0
2021-10-11,401.9100036621094,404.739990234375,399.55999755859375,374.5358581542969,3695700,VOO,0
2021-10-12,400.54998779296875,400.9200134277344,397.8699951171875,373.7859802246094,6201300,VOO,0
2021-10-13,399.6400146484375,400.8800048828125,396.75,374.9858093261719,6492400,VOO,0
2021-10-14,403.70001220703125,406.95001220703125,403.2200012207031,381.284912109375,3785200,VOO,0
2021-10-15,408.9200134277344,410.260009765625,408.2799987792969,384.25640869140625,3501600,VOO,0
2021-10-18,408.20001220703125,411.4599914550781,407.5299987792969,385.4281311035156,3402700,VOO,0
2021-10-19,412.739990234375,414.3800048828125,412.1400146484375,388.4277648925781,2838300,VOO,0
2021-10-20,414.739990234375,416.2200012207031,414.6499938964844,389.9367980957031,3208200,VOO,0
2021-10-21,415.3800048828125,417.239990234375,414.94000244140625,390.89300537109375,2579500,VOO,0
2021-10-22,416.5799865722656,418,414.70001220703125,390.4992980957031,3648900,VOO,0
2021-10-25,417.6400146484375,419.1400146484375,415.92999267578125,392.5240783691406,2511500,VOO,0
2021-10-26,420.2699890136719,421.5299987792969,418.8599853515625,392.8990478515625,3085300,VOO,0
2021-10-27,419.6600036621094,420.2900085449219,417.2799987792969,391.1929016113281,2873500,VOO,0
2021-10-28,418.7799987792969,421.44000244140625,418.75,395.01751708984375,3643600,VOO,0
2021-10-29,419.1499938964844,422.5199890136719,418.8699951171875,395.7204895019531,4637400,VOO,0
2021-11-01,423.19000244140625,423.57000732421875,421.2799987792969,396.5547180175781,3937300,VOO,0
2021-11-02,423.1499938964844,424.9599914550781,423.010009765625,398.0920715332031,2989200,VOO,0
2021-11-03,424.1400146484375,427.6600036621094,423.69000244140625,400.49176025390625,3562900,VOO,0
2021-11-04,427.8500061035156,429.3699951171875,427.5400085449219,402.366455078125,4287300,VOO,0
2021-11-05,431.54998779296875,432.760009765625,429.29998779296875,403.7350158691406,4942900,VOO,0
2021-11-08,431.8800048828125,432.3399963378906,430.5,404.2224426269531,3511600,VOO,0
2021-11-09,431.55999755859375,431.75,428.3399963378906,402.80694580078125,4696000,VOO,0
2021-11-10,428.0899963378906,429.7300109863281,424.80999755859375,399.56365966796875,6350700,VOO,0
2021-11-11,427.70001220703125,427.82000732421875,426.3900146484375,399.6949768066406,3634600,VOO,0
2021-11-12,427.6600036621094,430.1700134277344,426.7300109863281,402.6663513183594,3655500,VOO,0
2021-11-15,430.95001220703125,431.010009765625,428.6499938964844,402.8538513183594,3122300,VOO,0
2021-11-16,429.5199890136719,432.5899963378906,429.4700012207031,404.3911437988281,3267000,VOO,0
2021-11-17,431.239990234375,431.3900146484375,429.8399963378906,403.416259765625,3764900,VOO,0
2021-11-18,431.44000244140625,432.1700134277344,428.79998779296875,404.8128967285156,4732200,VOO,0
2021-11-19,431.8699951171875,432.989990234375,430.3800048828125,404.0536193847656,4886200,VOO,0
2021-11-22,432.92999267578125,435.4100036621094,429.7200012207031,402.9850769042969,4868300,VOO,0
2021-11-23,429.57000732421875,431.2900085449219,427.0400085449219,403.510009765625,6795200,VOO,0
2021-11-24,428.55999755859375,431.75,427.7099914550781,404.5036315917969,4569600,VOO,0
2021-11-26,425.19000244140625,426.5199890136719,420.8999938964844,395.7016906738281,7702500,VOO,0
2021-11-29,426.7099914550781,428.9800109863281,424.54998779296875,400.4823303222656,6300800,VOO,0
2021-11-30,424.79998779296875,426.6300048828125,418.6300048828125,392.8146057128906,8657600,VOO,0
2021-12-01,424.4700012207031,427.2200012207031,413.9700012207031,388.2964782714844,8337000,VOO,0
2021-12-02,414.4200134277344,422.05999755859375,414.0299987792969,394.22064208984375,10417700,VOO,0
2021-12-03,422.1199951171875,423.19000244140625,412.7699890136719,390.733642578125,10228900,VOO,0
2021-12-06,419.4100036621094,423.6600036621094,417,395.4017639160156,7289500,VOO,0
2021-12-07,426.9800109863281,431.1000061035156,426.94000244140625,403.52874755859375,4731900,VOO,0
2021-12-08,430.95001220703125,432.1400146484375,429.239990234375,404.6630554199219,4476500,VOO,0
2021-12-09,430.4599914550781,431.32000732421875,428.6099853515625,401.9071350097656,5035400,VOO,0
2021-12-10,431.44000244140625,432.9599914550781,428.95001220703125,405.740966796875,6238300,VOO,0
2021-12-13,432.3599853515625,432.6600036621094,428.75,402.1415100097656,5923900,VOO,0
2021-12-14,425.79998779296875,428.239990234375,423.20001220703125,399.4043273925781,6522900,VOO,0
2021-12-15,426.1099853515625,432.9800109863281,423.6700134277344,405.647216796875,6871300,VOO,0
2021-12-16,434.55999755859375,434.79998779296875,427.3500061035156,401.9821472167969,7159500,VOO,0
2021-12-17,425.8500061035156,428.7900085449219,422.6700134277344,397.81085205078125,8882700,VOO,0
2021-12-20,419.3900146484375,420.2200012207031,416.29998779296875,393.50823974609375,9903400,VOO,0
2021-12-21,421.6499938964844,425.8500061035156,419.5199890136719,400.4919738769531,6916700,VOO,0
2021-12-22,425.45001220703125,430.0899963378906,425.32000732421875,404.53741455078125,4992200,VOO,0
2021-12-23,430.9100036621094,434.1000061035156,430.8699951171875,407.030517578125,5032700,VOO,0
2021-12-27,433.9800109863281,438.82000732421875,433.95001220703125,412.83526611328125,4986300,VOO,0
2021-12-28,439.2799987792969,440.19000244140625,437.6600036621094,412.5247497558594,4865800,VOO,0
2021-12-29,438.5,439.95001220703125,437.5400085449219,413.02337646484375,4596700,VOO,0
2021-12-30,439.3900146484375,440.3599853515625,437.32000732421875,411.8567810058594,3751800,VOO,0
2021-12-31,437.2300109863281,438.3800048828125,436.3900146484375,410.7278747558594,5185600,VOO,0
2022-01-03,437.92999267578125,439.2699890136719,435.6400146484375,413.249267578125,6017300,VOO,0
2022-01-04,440.5799865722656,441.260009765625,437.2200012207031,413.0799255371094,6262200,VOO,0
2022-01-05,438.7799987792969,439.4100036621094,430.5299987792969,405.1676940917969,7539600,VOO,0
2022-01-06,430.20001220703125,432.8299865722656,427.8999938964844,404.6220397949219,7971500,VOO,0
2022-01-07,430.2099914550781,431.3599853515625,427.20001220703125,403.2201843261719,6157500,VOO,0
2022-01-10,425.3800048828125,428.19000244140625,419.7699890136719,402.6933898925781,10481500,VOO,0
2022-01-11,427.67999267578125,431.95001220703125,424.7799987792969,406.22137451171875,7282400,VOO,0
2022-01-12,433.55999755859375,435.0400085449219,431.1400146484375,407.43505859375,8270300,VOO,0
2022-01-13,434.0899963378906,434.7200012207031,426.0899963378906,401.8183898925781,7521300,VOO,0
2022-01-14,423.95001220703125,427.5799865722656,422.80999755859375,401.94073486328125,9960800,VOO,0
2022-01-18,422.6199951171875,424.9800109863281,417.3299865722656,394.89404296875,10681500,VOO,0
2022-01-19,421.1700134277344,422.5400085449219,415.07000732421875,390.7450866699219,8184100,VOO,0
2022-01-20,417.1700134277344,421.75,410.2900085449219,386.4457092285156,8907600,VOO,0
2022-01-21,409.7099914550781,411.92999267578125,402.6600036621094,378.8533630371094,16225900,VOO,0
2022-01-24,397.260009765625,404.8800048828125,386.8399963378906,380.43389892578125,22970700,VOO,0
2022-01-25,398.1700134277344,404.260009765625,392.7300109863281,375.81451416015625,16836300,VOO,0
2022-01-26,405.6600036621094,408.20001220703125,394.3399963378906,374.9677734375,14377300,VOO,0
2022-01-27,402.92999267578125,405.9700012207031,394.82000732421875,373.0673828125,12455200,VOO,0
2022-01-28,397.82000732421875,406.3299865722656,393.29998779296875,382.2120056152344,12096800,VOO,0
2022-01-31,405.6700134277344,413.9700012207031,404.3500061035156,389.2021789550781,9200400,VOO,0
2022-02-01,414.3399963378906,417.0400085449219,410.8999938964844,391.7424011230469,8154900,VOO,0
2022-02-02,418.9800109863281,421.17999267578125,416.5400085449219,395.4773864746094,6726500,VOO,0
2022-02-03,414.5899963378906,416.42999267578125,409.7900085449219,386.28570556640625,7658300,VOO,0
2022-02-04,410.3399963378906,416.239990234375,408.05999755859375,388.1014099121094,8210000,VOO,0
2022-02-07,413.2300109863281,414.6199951171875,409.8999938964844,386.82196044921875,5620900,VOO,0
2022-02-08,410.7200012207031,415.4599914550781,409.3500061035156,389.954833984375,5565700,VOO,0
2022-02-09,418.54998779296875,420.8699951171875,418.3500061035156,395.6749267578125,6284500,VOO,0
2022-02-10,414.92999267578125,420.79998779296875,411.1400146484375,388.7223205566406,9260500,VOO,0
2022-02-11,413.1499938964844,415.20001220703125,403.57000732421875,380.9701843261719,10458600,VOO,0
2022-02-14,404.42999267578125,405.989990234375,400.239990234375,379.72833251953125,10167600,VOO,0
2022-02-15,408.17999267578125,410.2900085449219,407.4599914550781,385.8246765136719,6815000,VOO,0
2022-02-16,408.20001220703125,411.8900146484375,406.32000732421875,386.28570556640625,7743800,VOO,0
2022-02-17,407.489990234375,407.9800109863281,401.2300109863281,378.0724182128906,7541000,VOO,0
2022-02-18,402.1499938964844,403.30999755859375,397,375.65460205078125,10570800,VOO,0
2022-02-22,397.04998779296875,400.3699951171875,391.510009765625,371.5433044433594,10414700,VOO,0
2022-02-23,397.739990234375,398.32000732421875,387.3800048828125,364.8541564941406,12154900,VOO,0
2022-02-24,377.760009765625,394.1700134277344,377.5,370.4613952636719,21277200,VOO,0
2022-02-25,394.95001220703125,402.5199890136719,393.3999938964844,378.5522766113281,11665200,VOO,0
2022-02-28,397.17999267578125,402.8500061035156,396,377.6020202636719,11855900,VOO,0
2022-03-01,400.010009765625,401.9200134277344,392.7900085449219,371.9383850097656,9124400,VOO,0
2022-03-02,397.7200012207031,404.1000061035156,396.7799987792969,378.7686462402344,8185200,VOO,0
2022-03-03,405.0199890136719,405.5400085449219,398.8800048828125,376.8681640625,8745300,VOO,0
2022-03-04,396.92999267578125,398.42999267578125,393.3699951171875,373.82000732421875,6317700,VOO,0
2022-03-07,396.7300109863281,397,385.55999755859375,362.7843322753906,8411500,VOO,0
2022-03-08,385.760009765625,392.739990234375,381.6400146484375,360.0466003417969,9356100,VOO,0
2022-03-09,390.8800048828125,394.8500061035156,388.7200012207031,369.64288330078125,5812600,VOO,0
2022-03-10,388.44000244140625,392.010009765625,386.5299987792969,367.9964599609375,6394800,VOO,0
2022-03-11,393.6199951171875,394.19000244140625,385.67999267578125,363.3017883300781,5872800,VOO,0
2022-03-14,387.07000732421875,390.2699890136719,382.25,360.6488037109375,6455000,VOO,0
2022-03-15,385.8599853515625,392.3699951171875,384.6300048828125,368.5609436035156,5739400,VOO,0
2022-03-16,395.5,400.54998779296875,390.54998779296875,376.8023986816406,7407300,VOO,0
2022-03-17,398.6400146484375,405.55999755859375,398.29998779296875,381.4123840332031,5177500,VOO,0
2022-03-18,403.9800109863281,410.2799987792969,403.239990234375,385.6271667480469,5875000,VOO,0
2022-03-21,409.8399963378906,411.75,406.42999267578125,385.6459045410156,4159500,VOO,0
2022-03-22,411.20001220703125,415.5199890136719,411.20001220703125,390.12420654296875,4231700,VOO,0
2022-03-23,412.1600036621094,413.6199951171875,409.2900085449219,385.10028076171875,3742600,VOO,0
2022-03-24,409.8900146484375,414.1000061035156,408.80999755859375,390.82452392578125,2977300,VOO,0
2022-03-25,414.7900085449219,416.3599853515625,412.2099914550781,392.8069152832031,3638000,VOO,0
2022-03-28,415.5,419.04998779296875,413.69000244140625,395.5160827636719,3395300,VOO,0
2022-03-29,422.9599914550781,424.7200012207031,420.25,400.5191955566406,5510600,VOO,0
2022-03-30,423.260009765625,424.010009765625,419.5899963378906,398.02703857421875,4794300,VOO,0
2022-03-31,420.9700012207031,421.6700134277344,415.04998779296875,391.9100646972656,5876600,VOO,0
2022-04-01,416.67999267578125,416.82000732421875,412.8699951171875,392.9957275390625,4663100,VOO,0
2022-04-04,416.45001220703125,419.9599914550781,415.7200012207031,396.32794189453125,5117200,VOO,0
2022-04-05,418.55999755859375,420.82000732421875,413.5,391.4287109375,4112000,VOO,0
2022-04-06,410.760009765625,412.6600036621094,407.6400146484375,387.4639892578125,5540700,VOO,0
2022-04-07,409.6000061035156,414.29998779296875,407.739990234375,389.41796875,4954100,VOO,0
2022-04-08,411.8500061035156,414.2200012207031,409.9800109863281,388.4740905761719,4752800,VOO,0
2022-04-11,408.5,409.05999755859375,403.92999267578125,381.74346923828125,3342800,VOO,0
2022-04-12,407.3299865722656,409.7099914550781,401.3699951171875,380.3464660644531,6615800,VOO,0
2022-04-13,402.57000732421875,408.20001220703125,402.4800109863281,384.6414794921875,4358700,VOO,0
2022-04-14,407.7200012207031,408.7799987792969,402.3399963378906,379.9687805175781,3735700,VOO,0
2022-04-18,401.54998779296875,404.2200012207031,400.44000244140625,380.0348815917969,4305900,VOO,0
2022-04-19,402.5799865722656,409.7699890136719,402.3599853515625,386.1046447753906,3841500,VOO,0
2022-04-20,410.82000732421875,411.3900146484375,407.6700134277344,385.8120422363281,5067100,VOO,0
2022-04-21,412.3800048828125,413.67999267578125,401.79998779296875,380.0915222167969,4670200,VOO,0
2022-04-22,401.6700134277344,401.8900146484375,391.1000061035156,369.7173156738281,6326400,VOO,0
2022-04-25,389.4200134277344,394.05999755859375,385,371.73736572265625,8141200,VOO,0
2022-04-26,391.3999938964844,391.5899963378906,382.44000244140625,361.1082458496094,8493000,VOO,0
2022-04-27,383.5,388.75,381.5,362.04278564453125,6415700,VOO,0
2022-04-28,388.2300109863281,394.8999938964844,383.8699951171875,371.1143798828125,7030200,VOO,0
2022-04-29,389.4200134277344,391.45001220703125,378,357.4833068847656,8221900,VOO,0
2022-05-02,378.7900085449219,382.2699890136719,372.3299865722656,359.7300109863281,10737000,VOO,0
2022-05-03,381.6199951171875,385.05999755859375,380,361.2875671386719,5607700,VOO,0
2022-05-04,383.3500061035156,394.92999267578125,380.2799987792969,372.24713134765625,7367500,VOO,0
2022-05-05,390.2200012207031,390.30999755859375,376.3500061035156,359.1730651855469,10477300,VOO,0
2022-05-06,378.010009765625,381.2799987792969,372.95001220703125,356.9170227050781,7959600,VOO,0
2022-05-09,372.3599853515625,373.55999755859375,364.5,345.4004211425781,10793200,VOO,0
2022-05-10,371.8999938964844,373.2200012207031,362.9100036621094,346.2877197265625,7870800,VOO,0
2022-05-11,365.9700012207031,371.3599853515625,360.2699890136719,340.7088928222656,8026900,VOO,0
2022-05-12,357.8399963378906,363.75,354.0199890136719,340.44464111328125,7679200,VOO,0
2022-05-13,364.7300109863281,370.5799865722656,363.6400146484375,348.4778137207031,5377400,VOO,0
2022-05-16,367.7099914550781,371.3500061035156,365.45001220703125,347.2317810058594,4719800,VOO,0
2022-05-17,373.6600036621094,375.55999755859375,370.0799865722656,354.17938232421875,4513300,VOO,0
2022-05-18,370.9800109863281,371.1600036621094,359,340.1520080566406,6883600,VOO,0
2022-05-19,357.1700134277344,362.2300109863281,355.8500061035156,337.8769226074219,6359500,VOO,0
2022-05-20,361.4100036621094,361.95001220703125,349.760009765625,337.9619140625,8755900,VOO,0
2022-05-23,361.0899963378906,365.57000732421875,358.8500061035156,344.37158203125,5254900,VOO,0
2022-05-24,360.8500061035156,363.2099914550781,355.70001220703125,341.88885498046875,5567300,VOO,0
2022-05-25,360.5400085449219,367.1600036621094,360.2699890136719,344.73974609375,5704600,VOO,0
2022-05-26,366.45001220703125,374.1300048828125,366.2699890136719,351.59295654296875,4248300,VOO,0
2022-05-27,374.94000244140625,381.8599853515625,374.79998779296875,360.40966796875,3911800,VOO,0
2022-05-31,380.2300109863281,382.8500061035156,376.9200134277344,358.408447265625,5016500,VOO,0
2022-06-01,381.6099853515625,382.6400146484375,374.1000061035156,355.4065856933594,4245800,VOO,0
2022-06-02,376.4100036621094,383.739990234375,374.20001220703125,362.15606689453125,3273700,VOO,0
2022-06-03,379.1099853515625,380.6000061035156,376.4800109863281,356.2939453125,2749500,VOO,0
2022-06-06,381.3299865722656,382.9599914550781,377.4100036621094,357.2662048339844,2659500,VOO,0
2022-06-07,375.1600036621094,382.6099853515625,374.7099914550781,360.7588806152344,2649900,VOO,0
2022-06-08,380.5,382.2300109863281,377.260009765625,356.8131408691406,3436400,VOO,0
2022-06-09,376.239990234375,378.44000244140625,369.0199890136719,348.4212341308594,3022000,VOO,0
2022-06-10,362.92999267578125,363.69000244140625,358.2300109863281,338.19793701171875,7629700,VOO,0
2022-06-13,349.1099853515625,350.8399963378906,343.05999755859375,325.16162109375,10399700,VOO,0
2022-06-14,346.3699951171875,347.32000732421875,340.57000732421875,324.3498229980469,7584200,VOO,0
2022-06-15,346.82000732421875,352.8399963378906,341.9700012207031,328.9942321777344,7887600,VOO,0
2022-06-16,340.4800109863281,340.8399963378906,334.57000732421875,318.1857604980469,8821900,VOO,0
2022-06-17,337.30999755859375,340.8699951171875,334.239990234375,319.0163879394531,7084000,VOO,0
2022-06-21,343.19000244140625,347.5,343.1099853515625,326.8324890136719,5628300,VOO,0
2022-06-22,342.0799865722656,349.510009765625,341.6300048828125,326.1434020996094,4876100,VOO,0
2022-06-23,347.6300048828125,349.6099853515625,344.1400146484375,329.5700378417969,6708800,VOO,0
2022-06-24,352.0299987792969,360.0199890136719,351.9700012207031,339.83099365234375,5458600,VOO,0
2022-06-27,361,361.1499938964844,357.57000732421875,338.556640625,4608600,VOO,0
2022-06-28,360.0799865722656,362.8399963378906,350.8999938964844,331.2408447265625,8797800,VOO,0
2022-06-29,350.42999267578125,351.3599853515625,347.80999755859375,331.4039001464844,3775900,VOO,0
2022-06-30,345.8800048828125,349.8399963378906,342.45001220703125,328.7878112792969,7159600,VOO,0
2022-07-01,346.1600036621094,350.8299865722656,343.5899963378906,332.1621398925781,7481500,VOO,0
2022-07-05,345.4800109863281,351.1000061035156,342.7799987792969,332.7497863769531,6180600,VOO,0
2022-07-06,351.2300109863281,354.67999267578125,348.92999267578125,333.9535827636719,5450900,VOO,0
2022-07-07,354.010009765625,358.29998779296875,354,338.85394287109375,3737500,VOO,0
2022-07-08,355.9100036621094,359.04998779296875,354.4700012207031,338.6549377441406,4791300,VOO,0
2022-07-11,354.8399963378906,355.57000732421875,352.510009765625,334.8255920410156,3491700,VOO,0
2022-07-12,352.6000061035156,354.8999938964844,348.3800048828125,331.7356262207031,4080300,VOO,0
2022-07-13,344.739990234375,351,344.3699951171875,330.1906433105469,5603500,VOO,0
2022-07-14,343.4100036621094,347.95001220703125,341.04998779296875,329.318603515625,4624800,VOO,0
2022-07-15,351.7300109863281,354.1099853515625,349.79998779296875,335.5459899902344,4520500,VOO,0
2022-07-18,356.9700012207031,357.6199951171875,349.9200134277344,332.7687072753906,3544900,VOO,0
2022-07-19,354.95001220703125,361.0899963378906,354.25,341.80169677734375,3620200,VOO,0
2022-07-20,360.70001220703125,364.239990234375,359.45001220703125,343.99127197265625,4270600,VOO,0
2022-07-21,362.3599853515625,366.6199951171875,360.010009765625,347.46978759765625,4604000,VOO,0
2022-07-22,366.69000244140625,367.8399963378906,361.010009765625,344.303955078125,4533900,VOO,0
2022-07-25,363.8399963378906,364.44000244140625,361.45001220703125,344.6451721191406,3902200,VOO,0
2022-07-26,362.1199951171875,362.2099914550781,358.45001220703125,340.5126647949219,2987200,VOO,0
2022-07-27,362.489990234375,370.3299865722656,362.2200012207031,349.4318542480469,4500300,VOO,0
2022-07-28,369.4200134277344,373.9100036621094,365.9800109863281,353.8487548828125,4345300,VOO,0
2022-07-29,374.7300109863281,379.6600036621094,373.92999267578125,359.033447265625,5246400,VOO,0
2022-08-01,376.1199951171875,380.010009765625,375.44000244140625,357.95294189453125,4421400,VOO,0
2022-08-02,376.1099853515625,379.6300048828125,373.95001220703125,355.64019775390625,4132600,VOO,0
2022-08-03,377.19000244140625,382.1000061035156,376.9100036621094,361.194580078125,3854800,VOO,0
2022-08-04,380.8800048828125,381.5299987792969,379.19000244140625,360.9101867675781,3410600,VOO,0
2022-08-05,376.6499938964844,380.70001220703125,376.5400085449219,360.1614990234375,2852100,VOO,0
2022-08-08,381.7799987792969,383.9100036621094,378.57000732421875,359.8392028808594,3450800,VOO,0
2022-08-09,379.0199890136719,379.4100036621094,377.1000061035156,358.41741943359375,2360500,VOO,0
2022-08-10,384.989990234375,386.2300109863281,383.1000061035156,365.9243469238281,3651000,VOO,0
2022-08-11,388.8699951171875,390.6499938964844,385.3999938964844,365.9243469238281,3575400,VOO,0
2022-08-12,387.95001220703125,392.7200012207031,387.0899963378906,372.1896057128906,3664400,VOO,0
2022-08-15,390.489990234375,394.760009765625,390.4599914550781,373.781982421875,3203900,VOO,0
2022-08-16,393.239990234375,396.8900146484375,392.44000244140625,374.4359436035156,3864800,VOO,0
2022-08-17,391.55999755859375,394.8500061035156,390.2900085449219,371.8768310546875,3222300,VOO,0
2022-08-18,392.4200134277344,394.0199890136719,391.1700134277344,373.023681640625,3258100,VOO,0
2022-08-19,390.70001220703125,390.95001220703125,387.25,367.8769226074219,2899000,VOO,0
2022-08-22,383.42999267578125,383.5400085449219,379.0899963378906,360.12353515625,4153700,VOO,0
2022-08-23,379.55999755859375,381.8699951171875,378.5199890136719,359.2704772949219,2869200,VOO,0
2022-08-24,378.8999938964844,381.5799865722656,378.17999267578125,360.3604736328125,2241200,VOO,0
2022-08-25,381.760009765625,385.7300109863281,380.70001220703125,365.61151123046875,2631300,VOO,0
2022-08-26,385.54998779296875,386.04998779296875,372.510009765625,353.0810852050781,5153200,VOO,0
2022-08-29,369.7699890136719,373.04998779296875,368.7799987792969,350.7493591308594,4953200,VOO,0
2022-08-30,371.29998779296875,371.45001220703125,364.0199890136719,346.9390869140625,5044500,VOO,0
2022-08-31,367.6099853515625,368.7900085449219,363.1099853515625,344.2091979980469,4062500,VOO,0
2022-09-01,361.1000061035156,364.70001220703125,358.510009765625,345.27081298828125,6126800,VOO,0
2022-09-02,367.95001220703125,369.1300048828125,358.7799987792969,341.6500549316406,4544200,VOO,0
2022-09-06,361.3599853515625,362.2799987792969,357,340.5031433105469,5680300,VOO,0
2022-09-07,358.8599853515625,366.3800048828125,358.69000244140625,346.6073303222656,4137000,VOO,0
2022-09-08,363.3800048828125,368.4800109863281,362.2699890136719,348.8726501464844,3692000,VOO,0
2022-09-09,370.239990234375,374.6099853515625,369.9800109863281,354.25640869140625,2621600,VOO,0
2022-09-12,375.82000732421875,378.510009765625,375.510009765625,358.1520080566406,2961400,VOO,0
2022-09-13,369.3399963378906,370.5299987792969,360.2799987792969,342.5315856933594,5549200,VOO,0
2022-09-14,362.5799865722656,364.1700134277344,359.5299987792969,343.8111267089844,3555500,VOO,0
2022-09-15,361.1600036621094,363.9700012207031,357.3999938964844,339.97235107421875,3807500,VOO,0
2022-09-16,354.55999755859375,356.4800109863281,352.69000244140625,337.2994079589844,4452300,VOO,0
2022-09-19,352.79998779296875,358.5899963378906,352.75,339.8870849609375,3412600,VOO,0
2022-09-20,355.3800048828125,356.3800048828125,351.8299865722656,336.0577697753906,3624000,VOO,0
2022-09-21,356.3800048828125,359.29998779296875,348.30999755859375,330.14324951171875,5102400,VOO,0
2022-09-22,347.54998779296875,348.5400085449219,344.6700134277344,327.35662841796875,5555600,VOO,0
2022-09-23,342.0799865722656,342.0799865722656,335.30999755859375,321.9159851074219,10491500,VOO,0
2022-09-26,338.2300109863281,341.6600036621094,335.07000732421875,318.79754638671875,5405700,VOO,0
2022-09-27,339.7900085449219,341.8399963378906,333.0799865722656,317.8971252441406,5795700,VOO,0
2022-09-28,334.79998779296875,342.1000061035156,333.17999267578125,324.14141845703125,8683900,VOO,0
2022-09-29,337.1499938964844,337.29998779296875,330.5299987792969,317.3820495605469,7230100,VOO,0
2022-09-30,332.57000732421875,336.19000244140625,328.1199951171875,312.5458068847656,7736600,VOO,0
2022-10-03,331.7900085449219,338.6600036621094,330.1000061035156,320.809326171875,5739000,VOO,0
2022-10-04,342.1400146484375,347.3299865722656,342.1300048828125,330.5483703613281,5110000,VOO,0
2022-10-05,343.1199951171875,348.6400146484375,340.8599853515625,329.97723388671875,4755800,VOO,0
2022-10-06,345.17999267578125,347.9800109863281,342.489990234375,326.5023498535156,3879600,VOO,0
2022-10-07,339.0799865722656,339.3399963378906,331.6499938964844,317.33447265625,5168100,VOO,0
2022-10-10,334.4700012207031,334.6700134277344,328.6600036621094,314.9639587402344,3933900,VOO,0
2022-10-11,329.20001220703125,333.55999755859375,326.8500061035156,312.8885498046875,4968100,VOO,0
2022-10-12,329.1499938964844,330.5799865722656,327.44000244140625,311.9175720214844,3235100,VOO,0
2022-10-13,320.8399963378906,337.67999267578125,319.8699951171875,320.0858154296875,6396900,VOO,0
2022-10-14,338.6199951171875,340.19000244140625,328.0299987792969,312.8790588378906,4879400,VOO,0
2022-10-17,334.57000732421875,338.1000061035156,334.4599914550781,320.828369140625,3889500,VOO,0
2022-10-18,344.67999267578125,345,337.7699890136719,324.60784912109375,4903300,VOO,0
2022-10-19,339.0400085449219,341.6700134277344,335.8999938964844,322.36102294921875,4403200,VOO,0
2022-10-20,338.1700134277344,342.4200134277344,335.04998779296875,319.7144775390625,3459100,VOO,0
2022-10-21,335.5,344.3900146484375,334.1300048828125,327.3972473144531,4362400,VOO,0
2022-10-24,345.45001220703125,349.2300109863281,342.8699951171875,331.3861999511719,5639400,VOO,0
2022-10-25,348.04998779296875,354.0299987792969,348.0299987792969,336.7745666503906,5203400,VOO,0
2022-10-26,350.70001220703125,356.1700134277344,350.44000244140625,334.2612609863281,4277700,VOO,0
2022-10-27,352.04998779296875,353.7900085449219,348.6000061035156,332.4715270996094,4145300,VOO,0
2022-10-28,349.0400085449219,357.9800109863281,348.95001220703125,340.2303771972656,4388100,VOO,0
2022-10-31,355.1600036621094,356.9200134277344,354.04998779296875,337.9169616699219,6431000,VOO,0
2022-11-01,358.5299987792969,358.7699890136719,352.2900085449219,336.5555725097656,8014300,VOO,0
2022-11-02,352.7799987792969,357.1300048828125,344.4100036621094,327.9685363769531,5022500,VOO,0
2022-11-03,341.3399963378906,343.80999755859375,338.8999938964844,324.4745788574219,4534800,VOO,0
2022-11-04,346.4100036621094,348.0199890136719,340,329.22515869140625,3655400,VOO,0
2022-11-07,347.05999755859375,349.7099914550781,345.1000061035156,332.3858337402344,3316600,VOO,0
2022-11-08,350.2099914550781,353.8699951171875,347.0799865722656,334.1947021484375,3237200,VOO,0
2022-11-09,349.0799865722656,350.2200012207031,343.3599853515625,327.3686218261719,3570800,VOO,0
2022-11-10,356.5199890136719,363.010009765625,354.4100036621094,345.28558349609375,4603600,VOO,0
2022-11-11,363.69000244140625,367.0199890136719,361.739990234375,348.5890808105469,4877400,VOO,0
2022-11-14,364.57000732421875,367.7900085449219,362.8900146484375,345.7900695800781,5274300,VOO,0
2022-11-15,368.6499938964844,369.739990234375,362.5899963378906,348.64617919921875,4597800,VOO,0
2022-11-16,364.70001220703125,365.5199890136719,362.8500061035156,345.9995422363281,2755100,VOO,0
2022-11-17,358.79998779296875,362.989990234375,358.57000732421875,344.99993896484375,3278500,VOO,0
2022-11-18,365.4599914550781,365.5899963378906,361.2300109863281,346.523193359375,2574400,VOO,0
2022-11-21,362.7699890136719,363.739990234375,360.8699951171875,345.3045959472656,2397900,VOO,0
2022-11-22,364.510009765625,367.67999267578125,363.2099914550781,349.90283203125,2316000,VOO,0
2022-11-23,367.2099914550781,370.3599853515625,367.0199890136719,352.0924987792969,2590900,VOO,0
2022-11-25,369.3900146484375,370.3399963378906,369.05999755859375,352.0544128417969,1423400,VOO,0
2022-11-28,366.8599853515625,368.3800048828125,363.1499938964844,346.4851379394531,3553600,VOO,0
2022-11-29,363.92999267578125,365.17999267578125,361.4800109863281,345.87579345703125,2507800,VOO,0
2022-11-30,363.45001220703125,374.5899963378906,361.6499938964844,356.51934814453125,4748800,VOO,0
2022-12-01,375.8699951171875,377,372.04998779296875,356.56695556640625,4608600,VOO,0
2022-12-02,369.6600036621094,374.8800048828125,369.6600036621094,356.0528259277344,3596000,VOO,0
2022-12-05,371.2799987792969,372.19000244140625,365.989990234375,349.7124328613281,3707000,VOO,0
2022-12-06,367.0899963378906,367.6099853515625,359.92999267578125,344.6572570800781,3911000,VOO,0
2022-12-07,361.04998779296875,363.6099853515625,360.30999755859375,343.9908752441406,3338000,VOO,0
2022-12-08,363.1300048828125,365.1499938964844,361.6000061035156,346.7041015625,3604500,VOO,0
2022-12-09,363,365.44000244140625,361.3399963378906,344.1717224121094,4271400,VOO,0
2022-12-12,362.2799987792969,366.67999267578125,361.5799865722656,349.0841369628906,2946200,VOO,0
2022-12-13,377.1099853515625,377.19000244140625,366.79998779296875,351.6640625,6161800,VOO,0
2022-12-14,369.1000061035156,372.79998779296875,364.25,349.54107666015625,4707100,VOO,0
2022-12-15,362.4700012207031,363.239990234375,356.4599914550781,340.9444274902344,5126800,VOO,0
2022-12-16,355.6499938964844,356.8299865722656,351.7900085449219,336.87933349609375,4533100,VOO,0
2022-12-19,354.1300048828125,354.3399963378906,349.25,333.97564697265625,5538500,VOO,0
2022-12-20,348.45001220703125,351.1700134277344,347.2099914550781,334.484619140625,5068200,VOO,0
2022-12-21,352.20001220703125,355.95001220703125,351.70001220703125,339.4873962402344,3832400,VOO,0
2022-12-22,351.9800109863281,352.25,344.3399963378906,334.714111328125,6458200,VOO,0
2022-12-23,348.92999267578125,351.95001220703125,347.3500061035156,336.5890197753906,4572000,VOO,0
2022-12-27,351.760009765625,352.0400085449219,348.8500061035156,335.2497863769531,4303200,VOO,0
2022-12-28,350.4200134277344,352.20001220703125,345.8999938964844,331.1365661621094,4464600,VOO,0
2022-12-29,348.9100036621094,353.1300048828125,348.4700012207031,337.0099182128906,4086600,VOO,0
2022-12-30,349.7900085449219,351.489990234375,347.760009765625,336.08209228515625,5325400,VOO,0
2023-01-03,353.17999267578125,355.0400085449219,347.19000244140625,334.7906188964844,4957300,VOO,0
2023-01-04,352.1000061035156,354.55999755859375,349.20001220703125,337.2012023925781,3119100,VOO,0
2023-01-05,350.7300109863281,350.79998779296875,348.05999755859375,333.5184020996094,3216500,VOO,0
2023-01-06,351.5899963378906,357.6700134277344,348.739990234375,341.10400390625,3464800,VOO,0
2023-01-09,358.7300109863281,361.7300109863281,356.2200012207031,340.85528564453125,3775300,VOO,0
2023-01-10,355.8399963378906,358.95001220703125,354.9599914550781,343.2850341796875,3495700,VOO,0
2023-01-11,360.4100036621094,363.510009765625,359.6600036621094,347.6661682128906,5710500,VOO,0
2023-01-12,364.4800109863281,366.1499938964844,360.6000061035156,348.9670715332031,4743500,VOO,0
2023-01-13,361.67999267578125,366.7300109863281,361.4700012207031,350.325439453125,3015200,VOO,0
2023-01-17,366.19000244140625,367.7200012207031,364.8699951171875,349.78973388671875,4942000,VOO,0
2023-01-18,366.6700134277344,367.6600036621094,359.5799865722656,344.10772705078125,3931800,VOO,0
2023-01-19,357.760009765625,359.3599853515625,355.8500061035156,341.6301574707031,3569900,VOO,0
2023-01-20,358.45001220703125,363.9100036621094,356.8800048828125,347.9148254394531,3265100,VOO,0
2023-01-23,364.510009765625,370,363.6499938964844,352.1524658203125,3243300,VOO,0
2023-01-24,366.57000732421875,368.6099853515625,365.4200134277344,351.7793273925781,2702400,VOO,0
2023-01-25,363.7799987792969,368.1600036621094,361.6600036621094,351.9036865234375,3061700,VOO,0
2023-01-26,370.4599914550781,372.05999755859375,367.6099853515625,355.6630859375,3460900,VOO,0
2023-01-27,370.8900146484375,375.0799865722656,370.760009765625,356.677001953125,5549500,VOO,0
2023-01-30,370.1499938964844,372.2900085449219,367.8599853515625,352.2194519042969,3280600,VOO,0
2023-01-31,368.6099853515625,373.5400085449219,368.3299865722656,357.2223205566406,4181700,VOO,0
2023-02-01,372.44000244140625,380.1600036621094,369.760009765625,361.1346435546875,4941700,VOO,0
2023-02-02,381.25,384.4100036621094,379.3999938964844,366.3097229003906,5207900,VOO,0
2023-02-03,378.2300109863281,383.20001220703125,377.7900085449219,362.3973388671875,6472500,VOO,0
2023-02-06,376.5799865722656,377.92999267578125,375.0199890136719,360.3024597167969,2880100,VOO,0
2023-02-07,375.7900085449219,382.75,374.6199951171875,364.9513854980469,4504600,VOO,0
2023-02-08,379.69000244140625,380.92999267578125,376.7300109863281,360.95294189453125,2921500,VOO,0
2023-02-09,380.9700012207031,381,372.95001220703125,357.8631591796875,3327700,VOO,0
2023-02-10,373,375.3900146484375,372.20001220703125,358.7336730957031,3256700,VOO,0
2023-02-13,375.6499938964844,379.44000244140625,375.20001220703125,362.8755798339844,2980600,VOO,0
2023-02-14,377.9599914550781,381.4200134277344,375.45001220703125,362.74163818359375,4718000,VOO,0
2023-02-15,377.1499938964844,380.5299987792969,376.3299865722656,363.95654296875,2820200,VOO,0
2023-02-16,375.6600036621094,379.42999267578125,375.0899963378906,358.896240234375,3077500,VOO,0
2023-02-17,373.17999267578125,374.45001220703125,371.32000732421875,357.9683837890625,3285300,VOO,0
2023-02-21,370.3999938964844,371.3399963378906,366.4800109863281,350.8610534667969,3109200,VOO,0
2023-02-22,367.17999267578125,368.6000061035156,364.8399963378906,350.4210510253906,3872000,VOO,0
2023-02-23,369.07000732421875,369.57000732421875,364.1300048828125,352.1811218261719,2867200,VOO,0
2023-02-24,363.30999755859375,365.0299987792969,361.7300109863281,348.4122619628906,4055000,VOO,0
2023-02-27,367.489990234375,368.7699890136719,364.5899963378906,349.6175231933594,3300100,VOO,0
2023-02-28,365.010009765625,366.8599853515625,364.04998779296875,348.2974548339844,3022200,VOO,0
2023-03-01,363.3399963378906,364.510009765625,361.45001220703125,347.0252685546875,3764700,VOO,0
2023-03-02,360.80999755859375,366.3599853515625,360.5299987792969,349.6175231933594,2727200,VOO,0
2023-03-03,367.2900085449219,371.6700134277344,366.70001220703125,355.1560974121094,4913600,VOO,0
2023-03-06,372.260009765625,374.44000244140625,371.29998779296875,355.5865478515625,2638300,VOO,0
2023-03-07,371.6300048828125,371.8900146484375,365.3900146484375,350.08624267578125,3546100,VOO,0
2023-03-08,366.1099853515625,367.29998779296875,364.44000244140625,350.63153076171875,2906300,VOO,0
2023-03-09,367.3500061035156,368.8800048828125,358.8500061035156,344.2129211425781,4409600,VOO,0
2023-03-10,359.3299865722656,361.239990234375,353.1400146484375,339.2769470214844,8360400,VOO,0
2023-03-13,350.760009765625,358.6700134277344,349.760009765625,338.70306396484375,6478700,VOO,0
2023-03-14,358.8800048828125,361.510009765625,355.6300048828125,344.3277282714844,4798800,VOO,0
2023-03-15,354.4599914550781,357.8800048828125,352.57000732421875,342.2041015625,6610400,VOO,0
2023-03-16,355.5400085449219,364.260009765625,354.989990234375,348.0583801269531,5016700,VOO,0
2023-03-17,362.760009765625,363.7900085449219,358.4200134277344,344.2511901855469,5189900,VOO,0
2023-03-20,360.4700012207031,363.5799865722656,359.82000732421875,347.3600769042969,3099800,VOO,0
2023-03-21,366.4200134277344,368.4100036621094,364.8800048828125,351.9036865234375,4117600,VOO,0
2023-03-22,367.7799987792969,371.2200012207031,361.6600036621094,346.0686340332031,4094800,VOO,0
2023-03-23,364.4800109863281,368.2900085449219,360.1199951171875,346.8913269042969,4787200,VOO,0
2023-03-24,359.9800109863281,363.6300048828125,357.7200012207031,349.2032165527344,3740400,VOO,0
2023-03-27,365.7300109863281,366.42999267578125,363.3999938964844,349.7795715332031,4144800,VOO,0
2023-03-28,363.5400085449219,364.20001220703125,361.67999267578125,349.1648254394531,2413700,VOO,0
2023-03-29,367.3999938964844,368.94000244140625,366.2900085449219,354.1307067871094,3636100,VOO,0
2023-03-30,371.2300109863281,371.4800109863281,369.1000061035156,356.2438049316406,3316700,VOO,0
2023-03-31,371.7799987792969,376.3399963378906,371.6499938964844,361.21923828125,4159800,VOO,0
2023-04-03,375.6000061035156,377.9100036621094,375.2200012207031,362.65045166015625,3525300,VOO,0
2023-04-04,378.19000244140625,378.3999938964844,374.1300048828125,360.6045227050781,2713300,VOO,0
2023-04-05,374.7099914550781,375.4200134277344,372.8900146484375,359.7304382324219,3227700,VOO,0
2023-04-06,373.6700134277344,376.19000244140625,372.7200012207031,361.10400390625,3076200,VOO,0
2023-04-10,373.54998779296875,376.3900146484375,372.9599914550781,361.497802734375,2671100,VOO,0
2023-04-11,376.8999938964844,377.760009765625,375.69000244140625,361.5458679199219,3069000,VOO,0
2023-04-12,378.3999938964844,378.6199951171875,374.32000732421875,360.10504150390625,3624200,VOO,0
2023-04-13,375.9100036621094,380.1700134277344,375.44000244140625,364.7730712890625,2680900,VOO,0
2023-04-14,379.2699890136719,381.3299865722656,376.7200012207031,364.0239562988281,2981700,VOO,0
2023-04-17,378.8399963378906,380.32000732421875,377.67999267578125,365.2629699707031,2721000,VOO,0
2023-04-18,381.8399963378906,381.9200134277344,379.239990234375,365.51275634765625,3019300,VOO,0
2023-04-19,378.7300109863281,381.3299865722656,378.6700134277344,365.4934997558594,2671300,VOO,0
2023-04-20,377.7799987792969,380.07000732421875,376.94000244140625,363.4283752441406,2953200,VOO,0
2023-04-21,378.67999267578125,379.1000061035156,376.82000732421875,363.63970947265625,2762300,VOO,0
2023-04-24,378.4800109863281,379.4700012207031,377.2300109863281,364.1199951171875,2310400,VOO,0
2023-04-25,377.17999267578125,377.70001220703125,373.0199890136719,358.3664855957031,3795400,VOO,0
2023-04-26,373.6600036621094,374.67999267578125,370.9800109863281,356.7721252441406,3766900,VOO,0
2023-04-27,373.8900146484375,379.1300048828125,373.6700134277344,363.85101318359375,4302400,VOO,0
2023-04-28,378.0400085449219,382.1199951171875,378,366.963134765625,3386900,VOO,0
2023-05-01,381.7300109863281,383.6400146484375,381.5199890136719,366.7134094238281,3069300,VOO,0
2023-05-02,381.05999755859375,381.1099853515625,374.6700134277344,362.6024475097656,4311600,VOO,0
2023-05-03,377.9100036621094,380.20001220703125,374.6000061035156,360.07623291015625,5513000,VOO,0
2023-05-04,373.8399963378906,374.1099853515625,370.9200134277344,357.4444274902344,4421500,VOO,0
2023-05-05,375.739990234375,380.0899963378906,375.42999267578125,364.0047607421875,3139400,VOO,0
2023-05-08,379.4100036621094,379.6199951171875,377.8800048828125,364.2063903808594,2957600,VOO,0
2023-05-09,377.7099914550781,378.5799865722656,377.3299865722656,362.6311950683594,2271000,VOO,0
2023-05-10,380.2799987792969,380.8299865722656,375.6400146484375,364.2160339355469,3512900,VOO,0
2023-05-11,378.4700012207031,378.8800048828125,376.6700134277344,363.7069396972656,2676600,VOO,0
2023-05-12,379.8500061035156,380.010009765625,375.8399963378906,363.21710205078125,2531000,VOO,0
2023-05-15,378.739990234375,379.8399963378906,376.9100036621094,364.4753112792969,3882600,VOO,0
2023-05-16,378.3900146484375,379.2799987792969,376.9100036621094,362.0645446777344,2275300,VOO,0
2023-05-17,378.8500061035156,382.0899963378906,377.2799987792969,366.3868103027344,3222600,VOO,0
2023-05-18,381.260009765625,385.57000732421875,381,369.969482421875,3340600,VOO,0
2023-05-19,386.0199890136719,386.5400085449219,383.44000244140625,369.38360595703125,3649000,VOO,0
2023-05-22,384.6600036621094,386.2300109863281,383.4700012207031,369.5853271484375,2784000,VOO,0
2023-05-23,383.19000244140625,384.1099853515625,380.0799865722656,365.4551086425781,2887300,VOO,0
2023-05-24,378.9100036621094,379.25,376.57000732421875,362.7176818847656,3611600,VOO,0
2023-05-25,380.989990234375,382.2799987792969,378.9200134277344,365.8777160644531,3315900,VOO,0
2023-05-26,381.6400146484375,386.57000732421875,381.5400085449219,370.63226318359375,3042800,VOO,0
2023-05-30,387.760009765625,388.260009765625,384.760009765625,370.7474670410156,3968500,VOO,0
2023-05-31,384.30999755859375,385.1600036621094,382.4200134277344,368.7304382324219,4205300,VOO,0
2023-06-01,384.20001220703125,388.57000732421875,382.9700012207031,372.26513671875,3563600,VOO,0
2023-06-02,390.0799865722656,393.9599914550781,389.5400085449219,377.7304382324219,7368900,VOO,0
2023-06-05,393.5400085449219,394.7699890136719,391.7900085449219,377.0003967285156,3481200,VOO,0
2023-06-06,392.04998779296875,393.7900085449219,391.4100036621094,377.7784729003906,2894700,VOO,0
2023-06-07,393.6700134277344,394.760009765625,391.5400085449219,376.53936767578125,3942900,VOO,0
2023-06-08,391.9599914550781,394.7300109863281,391.2900085449219,378.7966003417969,3455400,VOO,0
2023-06-09,395.04998779296875,396.92999267578125,394.0799865722656,379.4305725097656,3060100,VOO,0
2023-06-12,395.9800109863281,398.69000244140625,395.29998779296875,382.917236328125,3792700,VOO,0
2023-06-13,400.0199890136719,401.8500061035156,399.3999938964844,385.4432678222656,3913100,VOO,0
2023-06-14,401.6099853515625,403.44000244140625,398.4599914550781,385.7410888671875,5161300,VOO,0
2023-06-15,401,407.92999267578125,400.8900146484375,390.6877136230469,5285000,VOO,0
2023-06-16,408.69000244140625,408.760009765625,404.8900146484375,389.2469177246094,5141900,VOO,0
2023-06-20,403.489990234375,404.32000732421875,401.260009765625,387.4507751464844,4242900,VOO,0
2023-06-21,402.30999755859375,403.05999755859375,400.6700134277344,385.3280334472656,3423500,VOO,0
2023-06-22,400.2799987792969,402.7200012207031,399.95001220703125,386.73040771484375,3141000,VOO,0
2023-06-23,399.3299865722656,401.2799987792969,398.92999267578125,383.8296203613281,4215300,VOO,0
2023-06-26,399.0400085449219,400.8599853515625,397.7300109863281,382.2448425292969,3250700,VOO,0
2023-06-27,398.79998779296875,402.92999267578125,398.3900146484375,386.480712890625,4302400,VOO,0
2023-06-28,401.3500061035156,403.489990234375,400.7099914550781,386.653564453125,4320700,VOO,0
2023-06-29,400.6000061035156,402.6700134277344,400.19000244140625,388.1347351074219,3914800,VOO,0
2023-06-30,405.3999938964844,408.2200012207031,405.2900085449219,392.734375,5173700,VOO,0
2023-07-03,406.9200134277344,408.05999755859375,406.67999267578125,393.48651123046875,2372000,VOO,0
2023-07-05,406.010009765625,407.8399963378906,406.010009765625,392.60894775390625,4230100,VOO,0
2023-07-06,403.7799987792969,404.3500061035156,401.55999755859375,389.4075927734375,6040300,VOO,0
2023-07-07,403.0299987792969,406.67999267578125,402.7099914550781,388.5011901855469,3673200,VOO,0
2023-07-10,402.6300048828125,404.1099853515625,402.05999755859375,389.5425109863281,3362300,VOO,0
2023-07-11,404.7699890136719,407,403.7699890136719,392.0400695800781,3177800,VOO,0
2023-07-12,410.19000244140625,411.1300048828125,408.7900085449219,395.1257629394531,4246400,VOO,0
2023-07-13,411.5400085449219,413.80999755859375,411.1300048828125,398.3465576171875,3273400,VOO,0
2023-07-14,413.94000244140625,414.7099914550781,412.0799865722656,398.0282897949219,3680900,VOO,0
2023-07-17,412.6499938964844,415.25,412.6300048828125,399.41680908203125,2963700,VOO,0
2023-07-18,413.9100036621094,417.92999267578125,413.5400085449219,402.4447326660156,3594000,VOO,0
2023-07-19,418.07000732421875,419.3699951171875,417.489990234375,403.31256103515625,3494900,VOO,0
2023-07-20,417.29998779296875,418.1600036621094,414.82000732421875,400.6800842285156,4085000,VOO,0
2023-07-21,417.1099853515625,417.29998779296875,415.4800109863281,400.7282409667969,3176700,VOO,0
2023-07-24,416.5799865722656,418.1000061035156,416.0199890136719,402.4253845214844,3471100,VOO,0
2023-07-25,417.0799865722656,419.6499938964844,417.07000732421875,403.61151123046875,3949300,VOO,0
2023-07-26,417.6199951171875,419.8900146484375,416.5799865722656,403.7078857421875,6138800,VOO,0
2023-07-27,421.7900085449219,422.1499938964844,414.9200134277344,400.9693603515625,4149400,VOO,0
2023-07-28,418.92999267578125,420.6199951171875,418.1600036621094,404.87469482421875,2701200,VOO,0
2023-07-31,420.32000732421875,420.9700012207031,419.04998779296875,405.65582275390625,3452100,VOO,0
2023-08-01,419.260009765625,420.0799865722656,418.54998779296875,404.4022216796875,3118000,VOO,0
2023-08-02,416.4599914550781,416.70001220703125,412.8800048828125,398.79974365234375,4973700,VOO,0
2023-08-03,411.67999267578125,414.19000244140625,411.0899963378906,397.6715393066406,3022300,VOO,0
2023-08-04,414.1499938964844,416.1300048828125,410.0299987792969,395.7236633300781,5717300,VOO,0
2023-08-07,412.2900085449219,414.239990234375,411.6400146484375,399.29150390625,2598000,VOO,0
2023-08-08,411.760009765625,412.739990234375,409.1300048828125,397.56549072265625,3780100,VOO,0
2023-08-09,412.6600036621094,412.7300109863281,408.8500061035156,394.92327880859375,3145900,VOO,0
2023-08-10,411.79998779296875,415.04998779296875,408.6199951171875,395.1546936035156,4588300,VOO,0
2023-08-11,407.95001220703125,410.4100036621094,407.3399963378906,394.78826904296875,2918900,VOO,0
2023-08-14,408.55999755859375,411.739990234375,408.30999755859375,397.01580810546875,2772900,VOO,0
2023-08-15,410.0899963378906,411.7099914550781,406.4100036621094,392.4643859863281,4686100,VOO,0
2023-08-16,406.5899963378906,408.1099853515625,403.8699951171875,389.5617980957031,3353700,VOO,0
2023-08-17,405.3299865722656,405.5799865722656,400.3699951171875,386.40863037109375,7102500,VOO,0
2023-08-18,398.1700134277344,402.0199890136719,397.8500061035156,386.76544189453125,4157700,VOO,0
2023-08-21,402.1400146484375,404.3900146484375,399.989990234375,389.32080078125,3292400,VOO,0
2023-08-22,405.3500061035156,405.3999938964844,402.05999755859375,388.23114013671875,2646100,VOO,0
2023-08-23,403.55999755859375,407.6700134277344,403.4700012207031,392.4161376953125,3250000,VOO,0
2023-08-24,408.6000061035156,409.0799865722656,401.3999938964844,387.1993408203125,3458800,VOO,0
2023-08-25,403.0799865722656,405.79998779296875,399.7099914550781,389.7643737792969,4417800,VOO,0
2023-08-28,406.3599853515625,407.44000244140625,405.1000061035156,392.3293762207031,3236700,VOO,0
2023-08-29,406.7799987792969,412.9800109863281,406.57000732421875,397.9029541015625,3482700,VOO,0
2023-08-30,413.0299987792969,415.0299987792969,412.3999938964844,399.56146240234375,3004500,VOO,0
2023-08-31,414.9800109863281,416.1199951171875,413.6600036621094,399.0504455566406,4751100,VOO,0
2023-09-01,416.4599914550781,416.8800048828125,413.2099914550781,399.89898681640625,3588000,VOO,0
2023-09-05,414.20001220703125,414.4700012207031,412.7699890136719,398.15362548828125,4426700,VOO,0
2023-09-06,412.1000061035156,412.1300048828125,407.8299865722656,395.4053955078125,3744100,VOO,0
2023-09-07,407.1700134277344,409.42999267578125,406.8599853515625,394.2290344238281,2245800,VOO,0
2023-09-08,408.82000732421875,410.8399963378906,408.489990234375,394.7690734863281,4124400,VOO,0
2023-09-11,411.8800048828125,412.3800048828125,410.2900085449219,397.3629150390625,3346600,VOO,0
2023-09-12,410.70001220703125,412.1499938964844,409.2900085449219,395.2318420410156,7595300,VOO,0
2023-09-13,410.0299987792969,411.3999938964844,408.989990234375,395.6947021484375,2529700,VOO,0
2023-09-14,412.6700134277344,414.510009765625,411.4200134277344,399.1179504394531,3660900,VOO,0
2023-09-15,412.3399963378906,412.6700134277344,408.4800109863281,394.1422119140625,4004000,VOO,0
2023-09-18,408.5799865722656,410.3399963378906,408.1600036621094,394.5761413574219,3014600,VOO,0
2023-09-19,408.2200012207031,408.80999755859375,405.7099914550781,393.7854309082031,3623300,VOO,0
2023-09-20,409.4599914550781,409.8399963378906,404.3299865722656,390.10186767578125,4009400,VOO,0
2023-09-21,401.79998779296875,402.04998779296875,397.69000244140625,383.7086181640625,4633100,VOO,0
2023-09-22,398.79998779296875,400.3299865722656,396.55999755859375,382.78289794921875,7204200,VOO,0
2023-09-25,395.760009765625,398.6400146484375,395.3699951171875,384.3739929199219,3227900,VOO,0
2023-09-26,395.7200012207031,396.3599853515625,391.9599914550781,378.7328796386719,5734700,VOO,0
2023-09-27,393.8399963378906,394.3900146484375,389.45001220703125,378.8197326660156,4837700,VOO,0
2023-09-28,390.8699951171875,395.2699890136719,390.3299865722656,381.029541015625,4065800,VOO,0
2023-09-29,396.6199951171875,396.739990234375,391.29998779296875,380.11968994140625,5766600,VOO,0
2023-10-02,391.8999938964844,393.760009765625,389.9700012207031,380.0906677246094,5886200,VOO,0
2023-10-03,390.5799865722656,391.92999267578125,386.0299987792969,374.9798278808594,6886700,VOO,0
2023-10-04,387.7300109863281,390.8500061035156,386.3999938964844,377.7384338378906,4333700,VOO,0
2023-10-05,389.8900146484375,390.7900085449219,386.95001220703125,377.4190979003906,3329100,VOO,0
2023-10-06,387.69000244140625,396.0899963378906,386.4100036621094,381.92010498046875,4897200,VOO,0
2023-10-09,392.7699890136719,397.69000244140625,392.30999755859375,384.4659118652344,2959500,VOO,0
2023-10-10,397.7699890136719,401.67999267578125,397.3900146484375,386.4501647949219,3289600,VOO,0
2023-10-11,400.2699890136719,401.0899963378906,397.989990234375,388.0860595703125,4181800,VOO,0
2023-10-12,401.4800109863281,401.79998779296875,396.20001220703125,385.7532043457031,3872900,VOO,0
2023-10-13,399.80999755859375,400.9599914550781,394.9599914550781,383.7205505371094,3769800,VOO,0
2023-10-16,398.57000732421875,401.6000061035156,398.3399963378906,387.73760986328125,5150900,VOO,0
2023-10-17,397.6300048828125,402.5,397.30999755859375,387.74725341796875,4214600,VOO,0
2023-10-18,398.8900146484375,399.80999755859375,394.2200012207031,382.5589904785156,7329300,VOO,0
2023-10-19,395.9700012207031,397.6000061035156,391.1400146484375,379.3162536621094,6708900,VOO,0
2023-10-20,391.3800048828125,391.82000732421875,386.8399963378906,374.5926208496094,7549600,VOO,0
2023-10-23,385.4800109863281,389.94000244140625,383.8500061035156,373.9344177246094,5537100,VOO,0
2023-10-24,388.2799987792969,390.260009765625,386.54998779296875,376.7318115234375,4451500,VOO,0
2023-10-25,387.6000061035156,387.67999267578125,383.1199951171875,371.4176940917969,5471200,VOO,0
2023-10-26,382.6300048828125,383.3999938964844,378.1499938964844,366.85858154296875,6959400,VOO,0
2023-10-27,380.5299987792969,380.8900146484375,375.95001220703125,365.2323913574219,5638800,VOO,0
2023-10-30,379.9100036621094,382.79998779296875,378.7099914550781,369.626953125,5795800,VOO,0
2023-10-31,382.3500061035156,384.4800109863281,380.55999755859375,371.8630065917969,4523200,VOO,0
2023-11-01,385.0899963378906,389.0799865722656,384.6199951171875,375.9574279785156,5549200,VOO,0
2023-11-02,391.92999267578125,395.9100036621094,391.9200134277344,383.1010437011719,4752200,VOO,0
2023-11-03,397.9200134277344,400.8500061035156,397.8399963378906,386.6437683105469,5981400,VOO,0
2023-11-06,400.1199951171875,400.7300109863281,398.4599914550781,387.38909912109375,4007100,VOO,0
2023-11-07,400.260009765625,402.0400085449219,399.2300109863281,388.48291015625,3358600,VOO,0
2023-11-08,401.989990234375,402.5,399.55999755859375,388.8023681640625,3731900,VOO,0
2023-11-09,402.80999755859375,402.8800048828125,398.2099914550781,385.8694152832031,4145600,VOO,0
2023-11-10,400.5899963378906,405.1099853515625,399.1400146484375,391.89019775390625,3992800,VOO,0
2023-11-13,403.5899963378906,405.489990234375,402.82000732421875,391.49334716796875,2872900,VOO,0
2023-11-14,410.0400085449219,413.510009765625,409.8900146484375,399.01434326171875,6973100,VOO,0
2023-11-15,413.5400085449219,414.7200012207031,412.3699951171875,399.88555908203125,4414800,VOO,0
2023-11-16,412.739990234375,413.95001220703125,411.75,400.4469909667969,3798900,VOO,0
2023-11-17,413.94000244140625,414.7900085449219,412.8699951171875,401.03741455078125,4696200,VOO,0
2023-11-20,413.989990234375,418.20001220703125,413.9800109863281,404.0574645996094,3517600,VOO,0
2023-11-21,416.3999938964844,416.8399963378906,415.29998779296875,403.0024108886719,5248200,VOO,0
2023-11-22,418.07000732421875,419.30999755859375,417.05999755859375,404.74468994140625,3692800,VOO,0
2023-11-24,418.19000244140625,418.489990234375,417.8399963378906,404.9674072265625,1351300,VOO,0
2023-11-27,417.7900085449219,418.5299987792969,417.2300109863281,404.2607727050781,3632600,VOO,0
2023-11-28,417.25,419.25,416.7099914550781,404.6575927734375,3382400,VOO,0
2023-11-29,420.05999755859375,421.1199951171875,417.3699951171875,404.396240234375,4092600,VOO,0
2023-11-30,418.5400085449219,419.70001220703125,416.57000732421875,405.96435546875,4405700,VOO,0
2023-12-01,418.8299865722656,422.3699951171875,418.25,408.3455505371094,4973600,VOO,0
2023-12-04,418.6499938964844,419.8699951171875,417.5,406.29345703125,5806100,VOO,0
2023-12-05,418.3399963378906,420.4700012207031,418,406.1676330566406,3419300,VOO,0
2023-12-06,421.6099853515625,421.6700134277344,417.4599914550781,404.4736328125,4201800,VOO,0
2023-12-07,419.80999755859375,421.6700134277344,419.2799987792969,407.6389465332031,3248300,VOO,0
2023-12-08,420.3699951171875,423.3699951171875,420.1499938964844,409.37164306640625,5125300,VOO,0
2023-12-11,422.4100036621094,424.7099914550781,422.2200012207031,410.95904541015625,5247100,VOO,0
2023-12-12,424.2200012207031,426.6700134277344,423.2699890136719,413.00152587890625,5982600,VOO,0
2023-12-13,426.8800048828125,432.6099853515625,426.510009765625,418.6253356933594,8659100,VOO,0
2023-12-14,434.2200012207031,435.3599853515625,431.239990234375,419.8546142578125,8349100,VOO,0
2023-12-15,433.19000244140625,434.25,432.239990234375,419.21575927734375,5326000,VOO,0
2023-12-18,434.6400146484375,436.3999938964844,434.45001220703125,421.5872497558594,4280500,VOO,0
2023-12-19,436.0400085449219,438.2200012207031,435.95001220703125,424.15234375,4061500,VOO,0
2023-12-20,435.510009765625,437.30999755859375,429.8999938964844,418.03009033203125,5783200,VOO,0
2023-12-21,433.1300048828125,434.6400146484375,430.8599853515625,422.1025695800781,4621600,VOO,0
2023-12-22,435.4599914550781,436.8399963378906,433.4800109863281,423.08428955078125,4037800,VOO,0
2023-12-26,435.6700134277344,437.9200134277344,435.5799865722656,424.84344482421875,3835800,VOO,0
2023-12-27,436.8999938964844,438.0199890136719,436.4200134277344,425.62103271484375,4271000,VOO,0
2023-12-28,438.25,438.8399963378906,437.6600036621094,425.6890563964844,4703700,VOO,0
2023-12-29,437.8699951171875,438.3399963378906,434.94000244140625,424.5519104003906,4376900,VOO,0
2024-01-02,433.9100036621094,435.2699890136719,432.3599853515625,421.84014892578125,9076000,VOO,0
2024-01-03,432.32000732421875,433,430.25,418.71044921875,4805000,VOO,0
2024-01-04,430.3299865722656,432.7799987792969,429.2099914550781,417.3885192871094,3945300,VOO,0
2024-01-05,429.5899963378906,432.29998779296875,428.6400146484375,417.92315673828125,5724600,VOO,0
2024-01-08,430.45001220703125,436.2699890136719,430.3699951171875,423.9007263183594,7222400,VOO,0
2024-01-09,433.6199951171875,436.42999267578125,433.1600036621094,422.8703918457031,7939600,VOO,0
2024-01-10,435.7699890136719,438.739990234375,435.4800109863281,425.659912109375,4278800,VOO,0
2024-01-11,438.94000244140625,439.3599853515625,434,425.51409912109375,4796600,VOO,0
2024-01-12,439.1099853515625,439.79998779296875,436.7300109863281,425.70849609375,5182700,VOO,0
2024-01-16,436.7900085449219,437.9800109863281,434.739990234375,424.26031494140625,5730800,VOO,0
2024-01-17,433.6000061035156,434.4800109863281,431.80999755859375,421.8984069824219,6044600,VOO,0
2024-01-18,435.5799865722656,438.3900146484375,434.1600036621094,425.6501770019531,4331300,VOO,0
2024-01-19,439,443.6099853515625,438.30999755859375,430.85992431640625,4836800,VOO,0
2024-01-22,444.7699890136719,445.9200134277344,443.67999267578125,431.8415222167969,5870400,VOO,0
2024-01-23,444.8299865722656,445.82000732421875,443.7799987792969,433.12451171875,3251600,VOO,0
2024-01-24,448.32000732421875,449.19000244140625,445.75,433.48419189453125,4568200,VOO,0
2024-01-25,448.1400146484375,448.760009765625,446.1099853515625,435.923828125,4167100,VOO,0
2024-01-26,448.1000061035156,449.510009765625,447.1600036621094,435.66143798828125,6404000,VOO,0
2024-01-29,448.2300109863281,451.6099853515625,447.7099914550781,438.8299865722656,4543300,VOO,0
2024-01-30,450.8399963378906,451.80999755859375,450.44000244140625,438.5189514160156,3410000,VOO,0
2024-01-31,449.0400085449219,449.4700012207031,443.75,431.37506103515625,7108000,VOO,0
2024-02-01,445.3500061035156,449.6600036621094,444.6499938964844,437.05133056640625,6138400,VOO,0
2024-02-02,450.010009765625,455.8800048828125,449.69000244140625,441.5417785644531,6253500,VOO,0
2024-02-05,453.7300109863281,454.1499938964844,450.5400085449219,439.92828369140625,7101900,VOO,0
2024-02-06,453.5799865722656,454.2900085449219,452.2099914550781,441.2987976074219,4383600,VOO,0
2024-02-07,456.1499938964844,458.17999267578125,455.2699890136719,444.9241638183594,6763400,VOO,0
2024-02-08,457.80999755859375,458.3299865722656,457.0299987792969,445.2254943847656,4184600,VOO,0
2024-02-09,458.5400085449219,461.0299987792969,458.1700134277344,447.7525939941406,4002600,VOO,0
2024-02-12,460.6099853515625,462.739990234375,459.75,447.54840087890625,4564200,VOO,0
2024-02-13,454.4800109863281,455.70001220703125,451,441.24041748046875,8152200,VOO,0
2024-02-14,456.5799865722656,458.6700134277344,454.3999938964844,445.4393005371094,5624000,VOO,0
2024-02-15,458.8999938964844,461.5400085449219,458.42999267578125,448.452392578125,5695700,VOO,0
2024-02-16,461.0799865722656,462.1499938964844,458.3999938964844,446.1585388183594,5527900,VOO,0
2024-02-20,457.44000244140625,458.05999755859375,454.42999267578125,443.709228515625,5306800,VOO,0
2024-02-21,455.32000732421875,457.1199951171875,453.6000061035156,444.15631103515625,4208600,VOO,0
2024-02-22,463.2200012207031,467.3299865722656,462.32000732421875,453.4871520996094,4328500,VOO,0
2024-02-23,468.0899963378906,468.8699951171875,466.0899963378906,453.6912536621094,4050600,VOO,0
2024-02-26,467.19000244140625,467.5899963378906,464.94000244140625,452.02923583984375,3450800,VOO,0
2024-02-27,465.7099914550781,466.1199951171875,463.9100036621094,452.8650817871094,3586900,VOO,0
2024-02-28,464.489990234375,465.8299865722656,464.1099853515625,452.165283203125,2800600,VOO,0
2024-02-29,466.9700012207031,468.489990234375,464.4700012207031,453.8370361328125,7332900,VOO,0
2024-03-01,467.8299865722656,471.7699890136719,467.42999267578125,458.21087646484375,4839400,VOO,0
2024-03-04,470.6099853515625,472.6000061035156,470.6000061035156,457.6665344238281,3970200,VOO,0
2024-03-05,468.95001220703125,469.3800048828125,464.05999755859375,453.0789489746094,4616500,VOO,0
2024-03-06,469.25,470.6600036621094,467.32000732421875,455.4796142578125,5325100,VOO,0
2024-03-07,471.6300048828125,474.19000244140625,470.7799987792969,459.989501953125,7149800,VOO,0
2024-03-08,473.7699890136719,476.29998779296875,469.82000732421875,457.20001220703125,6285600,VOO,0
2024-03-11,469.20001220703125,470.4599914550781,467.3900146484375,456.8209533691406,5323900,VOO,0
2024-03-12,471.9200134277344,475.54998779296875,469.57000732421875,461.70989990234375,4811000,VOO,0
2024-03-13,475.30999755859375,475.4700012207031,472.8999938964844,461.0101318359375,3544500,VOO,0
2024-03-14,475.1600036621094,475.3299865722656,470.45001220703125,459.9992370605469,5153000,VOO,0
2024-03-15,470.4100036621094,471.7799987792969,468.7200012207031,456.8306579589844,6807100,VOO,0
2024-03-18,473.95001220703125,475.2799987792969,472.5,459.6882019042969,3939100,VOO,0
2024-03-19,472.20001220703125,475.739990234375,471.2900085449219,462.2639465332031,4550200,VOO,0
2024-03-20,475.5400085449219,480.0199890136719,474.92999267578125,466.2975158691406,6179400,VOO,0
2024-03-21,482.6199951171875,483.239990234375,481.2099914550781,467.8526916503906,5044700,VOO,0
2024-03-22,479.8699951171875,480.32000732421875,478.82000732421875,467.2412414550781,5881500,VOO,0
2024-03-25,477.7300109863281,478.7900085449219,477.54998779296875,466.0321960449219,6081300,VOO,0
2024-03-26,479.05999755859375,479.3699951171875,476.42999267578125,464.7255859375,8073500,VOO,0
2024-03-27,479.510009765625,480.8699951171875,477.45001220703125,468.7819519042969,4951400,VOO,0
2024-03-28,480.8699951171875,482.1600036621094,480.5,468.72344970703125,4065000,VOO,0
2024-04-01,481.44000244140625,481.9599914550781,478.8299865722656,468.109130859375,5734000,VOO,0
2024-04-02,476.3299865722656,476.989990234375,474.7099914550781,465.0473327636719,4817800,VOO,0
2024-04-03,475.8399963378906,478.79998779296875,475.7900085449219,465.4665832519531,6224800,VOO,0
2024-04-04,481.20001220703125,481.4800109863281,471.2699890136719,459.733154296875,6871200,VOO,0
2024-04-05,472.8500061035156,478.3299865722656,472.4200134277344,464.6182861328125,5588200,VOO,0
2024-04-08,477.1499938964844,478.07000732421875,475.9700012207031,464.8035888671875,4736800,VOO,0
2024-04-09,478.3800048828125,478.6000061035156,472.739990234375,465.3788146972656,5250400,VOO,0
2024-04-10,471.9100036621094,474.3900146484375,470.6700134277344,460.8739929199219,6933400,VOO,0
2024-04-11,473.9800109863281,477.42999267578125,470.6700134277344,464.1990051269531,5109900,VOO,0
2024-04-12,472.7699890136719,474.04998779296875,467.9100036621094,457.8707580566406,6959700,VOO,0
2024-04-15,473.4700012207031,473.5899963378906,462.8500061035156,452.0591735839844,9530000,VOO,0
2024-04-16,464.04998779296875,465.510009765625,461.5899963378906,451.2499084472656,6761400,VOO,0
2024-04-17,465.1099853515625,465.239990234375,458.7300109863281,448.5294189453125,7156200,VOO,0
2024-04-18,461.3599853515625,463.29998779296875,458.2099914550781,447.50555419921875,5637300,VOO,0
2024-04-19,458.989990234375,459.94000244140625,453.8999938964844,443.76123046875,9787500,VOO,0
2024-04-22,457.54998779296875,461.7300109863281,455.3500061035156,447.61279296875,5818100,VOO,0
2024-04-23,461.17999267578125,465.1300048828125,460.6700134277344,453.25860595703125,4257400,VOO,0
2024-04-24,465.57000732421875,466.30999755859375,462.44000244140625,452.927001953125,7687800,VOO,0
2024-04-25,458.7699890136719,463.4599914550781,457.260009765625,451.05487060546875,4876200,VOO,0
2024-04-26,465.3299865722656,468.6300048828125,464.80999755859375,455.56951904296875,4907100,VOO,0
2024-04-29,468.8399963378906,469.4200134277344,466.2099914550781,457.158935546875,3253200,VOO,0
2024-04-30,467.4200134277344,468.3399963378906,461.3599853515625,449.93353271484375,4364800,VOO,0
2024-05-01,460.7699890136719,467.07000732421875,459.44000244140625,448.4709167480469,6115400,VOO,0
2024-05-02,463.3599853515625,464.95001220703125,459.1600036621094,452.6540222167969,3972400,VOO,0
2024-05-03,469.760009765625,471,467.44000244140625,458.2705078125,4586900,VOO,0
2024-05-06,472.2200012207031,474.80999755859375,471.82000732421875,462.89239501953125,4782500,VOO,0
2024-05-07,475.70001220703125,476.6400146484375,474.7099914550781,463.5554504394531,3451300,VOO,0
2024-05-08,473.5899963378906,475.8599853515625,473.5,463.57501220703125,3214900,VOO,0
2024-05-09,475.5899963378906,478.1499938964844,474.94000244140625,466.2369079589844,3486000,VOO,0
2024-05-10,479.69000244140625,480.3900146484375,477.5899963378906,466.8122253417969,3347200,VOO,0
2024-05-13,480.3500061035156,480.4200134277344,477.7300109863281,466.8414611816406,3108400,VOO,0
2024-05-14,478.9800109863281,481.4700012207031,478.4800109863281,469.0549621582031,3257700,VOO,0
2024-05-15,483.3399963378906,487.2300109863281,482.739990234375,474.76898193359375,4399500,VOO,0
2024-05-16,487.04998779296875,488.57000732421875,485.8299865722656,473.8620910644531,3347400,VOO,0
2024-05-17,486.0899963378906,486.7300109863281,484.70001220703125,474.56414794921875,3274000,VOO,0
2024-05-20,486.7799987792969,488.6099853515625,486.45001220703125,475.0322570800781,2599600,VOO,0
2024-05-21,486.5299987792969,488.5799865722656,486.3500061035156,476.30963134765625,2453600,VOO,0
2024-05-22,487.7900085449219,488.42999267578125,484.94000244140625,474.9249267578125,3250600,VOO,0
2024-05-23,489.9100036621094,489.989990234375,482.2900085449219,471.3951416015625,3811300,VOO,0
2024-05-24,485.17999267578125,487.3999938964844,484.3299865722656,474.6031799316406,2555200,VOO,0
2024-05-28,487.3999938964844,487.6499938964844,484.5299987792969,474.9834289550781,4034700,VOO,0
2024-05-29,483.19000244140625,484.67999267578125,482.9599914550781,471.6389465332031,5605000,VOO,0
2024-05-30,482.1199951171875,482.75,479.20001220703125,468.4698791503906,3386800,VOO,0
2024-05-31,481.239990234375,484.9100036621094,476.4800109863281,472.5457763671875,5334000,VOO,0
2024-06-03,486.29998779296875,486.4100036621094,480.3999938964844,473.06256103515625,4211300,VOO,0
2024-06-04,484,486.4100036621094,482.55999755859375,473.6377868652344,2560300,VOO,0
2024-06-05,487.8699951171875,491.54998779296875,486.05999755859375,479.3030700683594,3026100,VOO,0
2024-06-06,491.8399963378906,492.17999267578125,489.6400146484375,479.1958312988281,21344000,VOO,0
2024-06-07,490.54998779296875,493.5299987792969,489.5400085449219,478.57177734375,3063600,VOO,0
2024-06-10,490.1700134277344,492.69000244140625,489.55999755859375,480.14166259765625,3461900,VOO,0
2024-06-11,490.989990234375,493.6600036621094,489.1099853515625,481.2337951660156,4028400,VOO,0
2024-06-12,497.92999267578125,500.1499938964844,496.7099914550781,485.2414245605469,3698800,VOO,0
2024-06-13,499.29998779296875,499.45001220703125,496.05999755859375,486.157958984375,8808900,VOO,0
2024-06-14,497.260009765625,499.0400085449219,496.2900085449219,486.5479736328125,5812000,VOO,0
2024-06-17,498.4800109863281,504.17999267578125,497.9100036621094,490.4093322753906,4609500,VOO,0
2024-06-18,503.04998779296875,504.3599853515625,502.6300048828125,491.7159423828125,3431700,VOO,0
2024-06-20,505.1400146484375,505.739990234375,501.19000244140625,490.3507995605469,4810900,VOO,0
2024-06-21,502.1000061035156,503.2200012207031,500.8500061035156,489.2781677246094,4338100,VOO,0
2024-06-24,502.0299987792969,504.44000244140625,500.42999267578125,487.9618225097656,7022800,VOO,0
2024-06-25,501.7099914550781,502.8299865722656,500.32000732421875,489.99005126953125,6325200,VOO,0
2024-06-26,501.4700012207031,503.7699890136719,500.8900146484375,490.5361022949219,3202700,VOO,0
2024-06-27,503,504.4800109863281,502.32000732421875,491.2966613769531,3619700,VOO,0
2024-06-28,502.9700012207031,505.7300109863281,499.010009765625,489.4022216796875,5598600,VOO,0
2024-07-01,501.489990234375,501.67999267578125,498.6000061035156,490.52752685546875,4368500,VOO,0
2024-07-02,499.69000244140625,504.6099853515625,499.6099853515625,493.7077941894531,4210100,VOO,0
2024-07-03,504.2200012207031,507.1400146484375,504.2200012207031,495.9388732910156,2131100,VOO,0
2024-07-05,507.1300048828125,510.1000061035156,506.489990234375,498.90386962890625,3156900,VOO,0
2024-07-08,510.5,511.2099914550781,509.32000732421875,499.3833923339844,3143400,VOO,0
2024-07-09,511.2099914550781,512.010009765625,510.5400085449219,499.931396484375,3140600,VOO,0
2024-07-10,511.9800109863281,516.1799926757812,511.69000244140625,504.7458190917969,3446900,VOO,0
2024-07-11,516,516.7899780273438,510.8299865722656,500.420654296875,5537800,VOO,0
2024-07-12,512.489990234375,518.030029296875,512.1699829101562,503.51287841796875,5238200,VOO,0
2024-07-15,516.5800170898438,519.1199951171875,514.3400268554688,505.0393981933594,7771500,VOO,0
2024-07-16,517.3300170898438,519.4000244140625,516.5999755859375,507.906494140625,4164300,VOO,0
2024-07-17,513.5599975585938,515.1099853515625,511.55999755859375,500.81207275390625,4984300,VOO,0
2024-07-18,513.25,514.1900024414062,505.8699951171875,497.0446472167969,5055900,VOO,0
2024-07-19,507.6400146484375,509.20001220703125,503.55999755859375,493.72735595703125,4039400,VOO,0
2024-07-22,508.2699890136719,510.32000732421875,506.44000244140625,498.85498046875,4342900,VOO,0
2024-07-23,509.6600036621094,511.6499938964844,508.489990234375,498.023193359375,3116000,VOO,0
2024-07-24,504.42999267578125,504.70001220703125,496.54998779296875,486.6230773925781,6157400,VOO,0
2024-07-25,497.54998779296875,503.1400146484375,493.9200134277344,484.1669006347656,5646600,VOO,0
2024-07-26,498.3599853515625,502.8900146484375,497.6700134277344,489.5978698730469,3636000,VOO,0
2024-07-29,501.82000732421875,502.7699890136719,498.7699890136719,489.9599304199219,3096200,VOO,0
2024-07-30,502.04998779296875,503.010009765625,494.9200134277344,487.3961181640625,3817800,VOO,0
2024-07-31,504.4800109863281,508.6499938964844,503.30999755859375,495.0777893066406,5367600,VOO,0
2024-08-01,507.8399963378906,509.8999938964844,495.75,488.3258056640625,6939200,VOO,0
2024-08-02,492.4100036621094,493.5199890136719,485.79998779296875,479.4013977050781,8561200,VOO,0
2024-08-05,470.1700134277344,481.17999267578125,468.8900146484375,465.0069274902344,15244300,VOO,0
2024-08-06,477.3900146484375,486.8599853515625,475.94000244140625,469.645263671875,8255000,VOO,0
2024-08-07,485.70001220703125,488.54998779296875,476.1099853515625,466.3866882324219,5976400,VOO,0
2024-08-08,481.489990234375,488.2699890136719,479.6400146484375,477.2681884765625,4177200,VOO,0
2024-08-09,486.92999267578125,491.2099914550781,485.82000732421875,479.3133544921875,7661300,VOO,0
2024-08-12,490.94000244140625,492.3500061035156,487.9800109863281,479.5579528808594,3578100,VOO,0
2024-08-13,493.1400146484375,498.3800048828125,492.9200134277344,487.5233459472656,3247900,VOO,0
2024-08-14,498.9200134277344,500.8500061035156,496.4800109863281,489.0792541503906,3700500,VOO,0
2024-08-15,505.0899963378906,508.5899963378906,504.489990234375,497.4751892089844,4279000,VOO,0
2024-08-16,506.8399963378906,510.1099853515625,506.6499938964844,498.5222473144531,3449300,VOO,0
2024-08-19,509.8599853515625,514.3499755859375,509.05999755859375,503.3171081542969,3804300,VOO,0
2024-08-20,513.9199829101562,515.47998046875,512.25,502.48541259765625,3156000,VOO,0
2024-08-21,514.469970703125,516.6599731445312,512.8499755859375,504.2467346191406,3344100,VOO,0
2024-08-22,517.0499877929688,517.6300048828125,510.1000061035156,500.1662292480469,3677100,VOO,0
2024-08-23,514.3300170898438,517.5499877929688,512.25,505.5776062011719,5102800,VOO,0
2024-08-26,517.6400146484375,518.2899780273438,513.8800048828125,504.3348388671875,3398600,VOO,0
2024-08-27,514.260009765625,516.5900268554688,513.1599731445312,505.0100402832031,3031800,VOO,0
2024-08-28,515.7999877929688,516.22998046875,510.1600036621094,502.12335205078125,3940400,VOO,0
2024-08-29,514.989990234375,518.0900268554688,512.1300048828125,502.20159912109375,3487100,VOO,0
2024-08-30,515.4199829101562,518.5800170898438,512.1199951171875,506.927978515625,5637700,VOO,0
2024-09-03,515.1199951171875,515.4299926757812,505.1000061035156,496.6728210449219,5866400,VOO,0
2024-09-04,505.67999267578125,509.5299987792969,505.0199890136719,495.4398193359375,3601400,VOO,0
2024-09-05,506.3599853515625,508.94000244140625,502.8399963378906,494.2166442871094,3425600,VOO,0
2024-09-06,505.3399963378906,506.94000244140625,495.79998779296875,485.987060546875,7411400,VOO,0
2024-09-09,500.6000061035156,503.3699951171875,498.75,491.4571533203125,3656800,VOO,0
2024-09-10,503.95001220703125,504.7099914550781,499.5,493.48272705078125,2975400,VOO,0
2024-09-11,504.30999755859375,510.44000244140625,496.25,498.5320129394531,5956900,VOO,0
2024-09-12,510.0899963378906,514.1400146484375,508.05999755859375,502.8181457519531,4092900,VOO,0
2024-09-13,514.4299926757812,517.530029296875,514.22998046875,505.48956298828125,4416600,VOO,0
2024-09-16,516.3400268554688,517.5900268554688,514.6500244140625,506.2528076171875,4256300,VOO,0
2024-09-17,519.4400024414062,520.739990234375,515.5,506.4877624511719,8150000,VOO,0
2024-09-18,518.1799926757812,522.72998046875,515.469970703125,504.8436584472656,6921300,VOO,0
2024-09-19,524.8800048828125,526.5999755859375,522.1900024414062,513.650634765625,5558400,VOO,0
2024-09-20,523.510009765625,524.9199829101562,521.1199951171875,512.6427612304688,5612700,VOO,0
2024-09-23,525,525.8300170898438,523.8300170898438,513.905029296875,29289200,VOO,0
2024-09-24,526.010009765625,526.8400268554688,523.3800048828125,515.3826293945312,4650600,VOO,0
2024-09-25,526.6099853515625,527.2999877929688,524.6500244140625,514.3356323242188,35418000,VOO,0
2024-09-26,529.6699829101562,529.9199829101562,525.489990234375,516.3807373046875,5273900,VOO,0
2024-09-27,527.0900268554688,527.77001953125,524.3200073242188,515.7122802734375,5598600,VOO,0
2024-09-30,524.3200073242188,527.9600219726562,522.1900024414062,517.960205078125,8013000,VOO,0
2024-10-01,527.0399780273438,527.0999755859375,520.22998046875,513.1209106445312,9198700,VOO,0
2024-10-02,521.8499755859375,523.8499755859375,519.5800170898438,513.209228515625,3270600,VOO,0
2024-10-03,521.5599975585938,523.760009765625,519.8200073242188,512.237548828125,4008000,VOO,0
2024-10-04,526.1599731445312,527.02001953125,522.2999877929688,516.9590454101562,5354400,VOO,0
2024-10-07,525.1400146484375,525.719970703125,520.8099975585938,512.30615234375,3970500,VOO,0
2024-10-08,524.3200073242188,527.3800048828125,523.5,517.1552124023438,2626700,VOO,0
2024-10-09,526.8699951171875,531.030029296875,526.3099975585938,520.6890258789062,2941800,VOO,0
2024-10-10,529.27001953125,530.9000244140625,528.0900268554688,519.8153686523438,3637600,VOO,0
2024-10-11,529.5,533.4299926757812,529.3900146484375,522.9074096679688,5429200,VOO,0
2024-10-14,534.25,537.97998046875,533.969970703125,527.187255859375,2638900,VOO,0
2024-10-15,537.3800048828125,537.6099853515625,531.8200073242188,523.1724243164062,4811300,VOO,0
2024-10-16,532.9299926757812,535.72998046875,532.219970703125,525.3712158203125,3237200,VOO,0
2024-10-17,538.6199951171875,538.760009765625,535.1500244140625,525.4498291015625,3225300,VOO,0
2024-10-18,536.9000244140625,538.0999755859375,535.5599975585938,527.4718017578125,5070400,VOO,0
2024-10-21,536.719970703125,537.6099853515625,533.7100219726562,526.6572265625,3671400,VOO,0
2024-10-22,534.1099853515625,537.280029296875,533.469970703125,526.2939453125,3366600,VOO,0
2024-10-23,534.280029296875,534.719970703125,528.02001953125,521.4939575195312,5227800,VOO,0
2024-10-24,533.1699829101562,533.1799926757812,530.0399780273438,522.671875,4477800,VOO,0
2024-10-25,534.6500244140625,537.260009765625,531.4099731445312,522.4657592773438,4327200,VOO,0
2024-10-28,535.530029296875,535.5700073242188,533.6699829101562,524.0951538085938,3408000,VOO,0
2024-10-29,533.1199951171875,535.8200073242188,531.75,524.9295654296875,3027600,VOO,0
2024-10-30,534.3499755859375,536.2000122070312,532.5900268554688,523.3491821289062,3067000,VOO,0
2024-10-31,529.0900268554688,529.22998046875,522.510009765625,513.0521850585938,7972800,VOO,0
2024-11-01,525.1599731445312,529.0800170898438,524.5399780273438,515.2804565429688,6106900,VOO,0
2024-11-04,525.0599975585938,526.280029296875,522.030029296875,514.1613159179688,3681500,VOO,0
2024-11-05,524.719970703125,530.1699829101562,524.47998046875,520.345458984375,3300300,VOO,0
2024-11-06,541.6500244140625,544.1400146484375,538.1699829101562,533.3026123046875,7483300,VOO,0
2024-11-07,545.219970703125,548.47998046875,545.1500244140625,537.4547729492188,6051300,VOO,0
2024-11-08,548.0700073242188,551.239990234375,548.0599975585938,539.8302001953125,6798000,VOO,0
2024-11-11,551.4299926757812,551.72998046875,548.8499755859375,540.2720336914062,4893100,VOO,0
2024-11-12,550.3900146484375,550.9400024414062,546.4299926757812,538.6522827148438,4818600,VOO,0
2024-11-13,549.1599731445312,550.8800048828125,546.969970703125,538.9271850585938,3701600,VOO,0
2024-11-14,549.0999755859375,549.5700073242188,544.8800048828125,535.5013427734375,3940300,VOO,0
2024-11-15,542.1300048828125,542.5700073242188,536.75,528.5908813476562,7360100,VOO,0
2024-11-18,538.9199829101562,541.9299926757812,538.1500244140625,530.7799072265625,4494500,VOO,0
2024-11-19,537.5,543.3699951171875,536.9000244140625,532.713623046875,6978400,VOO,0
2024-11-20,542.780029296875,543.0700073242188,537.4400024414062,532.909912109375,3949100,VOO,0
2024-11-21,545.5800170898438,547.0700073242188,540.0399780273438,535.5995483398438,4530600,VOO,0
2024-11-22,545.8200073242188,548.0499877929688,545.3699951171875,537.395751953125,5574600,VOO,0
2024-11-25,551.2000122070312,552.3800048828125,547.2000122070312,539.1234741210938,4305000,VOO,0
2024-11-26,550.5,552.8200073242188,549.8499755859375,542.1467895507812,4438600,VOO,0
2024-11-27,552.0399780273438,552.3800048828125,549.1099853515625,540.4191284179688,3312200,VOO,0
2024-11-29,551.2899780273438,554.7000122070312,551.0700073242188,543.265869140625,3988700,VOO,0
2024-12-02,554.3599853515625,555.5700073242188,553.8900146484375,544.797119140625,5441000,VOO,0
2024-12-03,554.7999877929688,555.4299926757812,553.7899780273438,544.9246826171875,4202900,VOO,0
2024-12-04,556.8300170898438,558.8800048828125,556.1699829101562,548.3603515625,5490300,VOO,0
2024-12-05,558.6300048828125,559.4099731445312,557.4600219726562,547.4474487304688,3021600,VOO,0
2024-12-06,558.469970703125,559.9600219726562,558.0800170898438,548.5369873046875,5134900,VOO,0
2024-12-09,558.7100219726562,558.8699951171875,555.3800048828125,545.6805419921875,4412300,VOO,0
2024-12-10,556.5800170898438,556.8800048828125,553.5700073242188,544.1296997070312,4110100,VOO,0
2024-12-11,556.9199829101562,559.3900146484375,556.6599731445312,548.2523803710938,3514400,VOO,0
2024-12-12,557.6699829101562,558.2000122070312,555.6199951171875,545.4253540039062,4048600,VOO,0
2024-12-13,557.510009765625,558.1599731445312,554.2000122070312,545.3861083984375,4666900,VOO,0
2024-12-16,557.1300048828125,558.7999877929688,556.4199829101562,547.5260009765625,22846800,VOO,0
2024-12-17,555.469970703125,556.3900146484375,554.2899780273438,545.22900390625,6110900,VOO,0
2024-12-18,555.2999877929688,557.530029296875,538.530029296875,529.2191772460938,24584900,VOO,0
2024-12-19,543.6900024414062,545.0999755859375,538.6500244140625,529.0228271484375,16792100,VOO,0
2024-12-20,536.6099853515625,549.5399780273438,535.8499755859375,535.010498046875,9389400,VOO,0
2024-12-23,543.3099975585938,547.3599853515625,540.3200073242188,538.8402099609375,7063400,VOO,0
2024-12-24,548.0599975585938,552.9000244140625,547.5399780273438,544.3843383789062,3439300,VOO,0
2024-12-26,551.2000122070312,553.969970703125,549.9199829101562,544.3744506835938,4492000,VOO,0
2024-12-27,549.3699951171875,549.6199951171875,543.2000122070312,538.7318725585938,7077100,VOO,0
2024-12-30,540.5599975585938,544.0900268554688,537.4000244140625,532.7348022460938,6505100,VOO,0
2024-12-31,542.4500122070312,543.0700073242188,537.4000244140625,530.5880126953125,6040800,VOO,0
2025-01-02,542.02001953125,543.5399780273438,533.7899780273438,529.2587280273438,7142700,VOO,0
2025-01-03,540.1900024414062,544.8800048828125,539.2000122070312,536.0927734375,6416300,VOO,0
2025-01-06,548.280029296875,551.4299926757812,545.8200073242188,539.21435546875,5983400,VOO,0
2025-01-07,549.3200073242188,549.5999755859375,539.5599975585938,533.1483764648438,5383200,VOO,0
2025-01-08,541.3200073242188,543,538.0800170898438,533.8672485351562,4317000,VOO,0
2025-01-10,538.7100219726562,538.75,532,525.7432250976562,7935200,VOO,0
2025-01-13,529.4000244140625,534.9099731445312,529.02001953125,526.4226684570312,5621000,VOO,0
2025-01-14,537.3200073242188,537.9099731445312,531.8099975585938,527.0922241210938,8820000,VOO,0
2025-01-15,542.8400268554688,546.1300048828125,541.760009765625,536.73291015625,5307300,VOO,0
2025-01-16,546.3499755859375,546.510009765625,543.3900146484375,535.9351806640625,3632800,VOO,0
2025-01-17,548.9199829101562,551.1199951171875,547.6799926757812,541.0756225585938,6558700,VOO,0
2025-01-21,552.3200073242188,554.4600219726562,550.5,545.9993286132812,5301700,VOO,0
2025-01-22,557.1900024414062,558.9299926757812,556.72998046875,549.1011962890625,4780000,VOO,0
2025-01-23,557.0399780273438,560.7000122070312,556.7999877929688,552.14404296875,6217900,VOO,0
2025-01-24,560.760009765625,561.6599731445312,558.02001953125,550.4798583984375,3612100,VOO,0
2025-01-27,546.9299926757812,551.3900146484375,546.8300170898438,542.8185424804688,7617400,VOO,0
2025-01-28,552.2999877929688,556.6500244140625,549.219970703125,547.3680419921875,4164700,VOO,0
2025-01-29,555.1699829101562,555.5,550.969970703125,544.9652709960938,4174500,VOO,0
2025-01-30,555.3699951171875,557.780029296875,552.3800048828125,547.811279296875,4296500,VOO,0
2025-01-31,558.6199951171875,560.8900146484375,552.7100219726562,544.8865356445312,6233900,VOO,0
2025-02-03,544.989990234375,551.9600219726562,542.97998046875,541.3119506835938,7824000,VOO,0
2025-02-04,549.7000122070312,553.8300170898438,549.22998046875,544.9061889648438,4181400,VOO,0
2025-02-05,552.3400268554688,555.72998046875,550.4099731445312,547.1415405273438,3424200,VOO,0
2025-02-06,557.2899780273438,557.6500244140625,554.1900024414062,549.1110229492188,3606300,VOO,0
2025-02-07,558.0999755859375,559.2000122070312,551.7899780273438,543.773681640625,10161600,VOO,0
2025-02-10,555.4400024414062,556.780029296875,554.239990234375,547.6635131835938,3517600,VOO,0
2025-02-11,554.0999755859375,557.1199951171875,553.989990234375,548.1558837890625,2752900,VOO,0
2025-02-12,551,555.9199829101562,550.3900146484375,546.343994140625,3579500,VOO,0
2025-02-13,555.8699951171875,560.8800048828125,554.7000122070312,552.114501953125,3388500,VOO,0
2025-02-14,560.9000244140625,561.8599853515625,560.0700073242188,552.1342163085938,3380600,VOO,0
2025-02-18,561.7999877929688,562.3099975585938,559.489990234375,553.7294921875,3844900,VOO,0
2025-02-19,561.02001953125,563.9199829101562,560.530029296875,555.0687255859375,3857600,VOO,0
2025-02-20,562.3900146484375,562.47998046875,558.219970703125,552.73486328125,4446800,VOO,0
2025-02-21,561.0999755859375,561.2000122070312,551.27001953125,543.3306274414062,6148700,VOO,0
2025-02-24,553.6099853515625,554.510009765625,548.510009765625,540.760498046875,4772300,VOO,0
2025-02-25,549.1799926757812,549.77001953125,542.1699829101562,538.072021484375,5491500,VOO,0
2025-02-26,548.010009765625,551.3499755859375,544.25,538.4069213867188,4180800,VOO,0
2025-02-27,548.8300170898438,549.8800048828125,537.5999755859375,529.7608032226562,5521400,VOO,0
2025-02-28,538.4199829101562,546.8900146484375,535.5800170898438,537.9932861328125,7328100,VOO,0
2025-03-03,548.2000122070312,549.2899780273438,533.25,528.7269897460938,7290000,VOO,0
2025-03-04,533.0599975585938,538.280029296875,526.1599731445312,522.3556518554688,10477400,VOO,0
2025-03-05,530.25,537.7899780273438,526.9299926757812,528.2149047851562,6221700,VOO,0
2025-03-06,529.1900024414062,533.4299926757812,524.219970703125,518.6333618164062,7228900,VOO,0
2025-03-07,524.9000244140625,530.8800048828125,520.1300048828125,521.4299926757812,7308300,VOO,0
2025-03-10,521.9000244140625,523.7000122070312,510.8299865722656,507.6436462402344,11176900,VOO,0
2025-03-11,514.3300170898438,517.530029296875,507.5299987792969,503.47821044921875,11208900,VOO,0
2025-03-12,516.8900146484375,517.739990234375,509.1000061035156,505.92034912109375,8590600,VOO,0
2025-03-13,513.510009765625,514.0599975585938,505.4200134277344,499.3127136230469,21650000,VOO,0
2025-03-14,511.2799987792969,518.4199829101562,510.8399963378906,509.56390380859375,7412300,VOO,0
2025-03-17,517.4500122070312,523.8400268554688,517.0800170898438,513.45361328125,6269800,VOO,0
2025-03-18,519.3200073242188,519.52001953125,514.0700073242188,508.0375061035156,6010600,VOO,0
2025-03-19,517.5399780273438,524.9600219726562,516.4199829101562,513.3748779296875,5373900,VOO,0
2025-03-20,517.9600219726562,524.6199951171875,517.3200073242188,512.193115234375,6029700,VOO,0
2025-03-21,515.7899780273438,520.9500122070312,514.6599731445312,512.3211669921875,5059000,VOO,0
2025-03-24,526.47998046875,530.3900146484375,525.8800048828125,521.3118286132812,22376300,VOO,0
2025-03-25,530.5900268554688,531.5999755859375,529.1099853515625,522.5526733398438,6260200,VOO,0
2025-03-26,530.5599975585938,531.4099731445312,523.0999755859375,516.45703125,4410200,VOO,0
2025-03-27,521.2899780273438,524.6799926757812,519.22998046875,515.0361328125,5534900,VOO,0
2025-03-28,519.760009765625,520.4600219726562,510.1600036621094,504.7493591308594,5831800,VOO,0
2025-03-31,505.30999755859375,515.3300170898438,502.6400146484375,507.8225402832031,8196700,VOO,0
2025-04-01,512.3599853515625,517.3499755859375,508.8800048828125,509.6901550292969,7697000,VOO,0
2025-04-02,510.1400146484375,521.489990234375,509.92999267578125,512.7633056640625,6308600,VOO,0
2025-04-03,501,503.6600036621094,493.5,488.3065185546875,16226000,VOO,0
2025-04-04,481.2799987792969,483.29998779296875,464.239990234375,460.0057373046875,30966500,VOO,0
2025-04-07,449.5400085449219,480.760009765625,442.79998779296875,458.0689697265625,31285300,VOO,0
2025-04-08,479.67999267578125,482.489990234375,449.6000061035156,451.3297424316406,19002700,VOO,0
2025-04-09,453.489990234375,502.05999755859375,453.1600036621094,493.18798828125,29286600,VOO,0
2025-04-10,489.1499938964844,490.29998779296875,468.3299865722656,476.349853515625,16651300,VOO,0
2025-04-11,480.69000244140625,493,478,484.7392578125,11541200,VOO,0
2025-04-14,500.04998779296875,500.260009765625,490.69000244140625,489.6108703613281,7701500,VOO,0
2025-04-15,496.0299987792969,499.2699890136719,493.4200134277344,488.2373352050781,8200600,VOO,0
2025-04-16,488.6499938964844,491.7699890136719,478.2300109863281,477.5059509277344,6374900,VOO,0
2025-04-17,484.7900085449219,488.1600036621094,481.5,478.16802978515625,5638900,VOO,0
2025-04-21,479.0199890136719,479.489990234375,467.3299865722656,466.77459716796875,7762500,VOO,0
2025-04-22,478.07000732421875,486.4800109863281,477.19000244140625,478.5534362792969,6236300,VOO,0
2025-04-23,496.69000244140625,501.17999267578125,490.70001220703125,486.24127197265625,8047600,VOO,0
2025-04-24,493.260009765625,503,492.2200012207031,496.45880126953125,6184300,VOO,0
2025-04-25,502.44000244140625,506.5199890136719,499.75,500.1149597167969,6933400,VOO,0
2025-04-28,506.80999755859375,508.739990234375,500.9599914550781,500.4212951660156,4210000,VOO,0
2025-04-29,504.5400085449219,510.54998779296875,504.260009765625,503.45489501953125,6525500,VOO,0
2025-04-30,503.260009765625,511.5,497.760009765625,503.70196533203125,7873700,VOO,0
2025-05-01,515.1300048828125,518.4400024414062,512.77001953125,507.2691650390625,5784500,VOO,0
2025-05-02,519.1199951171875,522.4099731445312,516.8900146484375,514.5419921875,6285400,VOO,0
2025-05-05,517.0800170898438,520.8499755859375,516.27001953125,511.854248046875,4793500,VOO,0
2025-05-06,512.8900146484375,517.8300170898438,511.94000244140625,507.4964904785156,4694300,VOO,0
2025-05-07,514.9199829101562,518.1799926757812,511.1000061035156,509.7890625,5460000,VOO,0
2025-05-08,519.5399780273438,524.22998046875,516.3499755859375,513.1882934570312,5088200,VOO,0
2025-05-09,520.6900024414062,521.6300048828125,517.3599853515625,512.5064086914062,4739500,VOO,0
2025-05-12,534.5,535.9199829101562,530.3900146484375,529.5718383789062,7793600,VOO,0
2025-05-13,536.3300170898438,541.47998046875,535.780029296875,533.0501098632812,7356800,VOO,0
2025-05-14,540.3699951171875,541.4199829101562,538.239990234375,533.712158203125,5031300,VOO,0
2025-05-15,538.260009765625,543.25,537.8400268554688,536.330810546875,7362200,VOO,0
2025-05-16,543.469970703125,546.469970703125,541.7000122070312,539.7893676757812,7255300,VOO,0
2025-05-19,540.6300048828125,547.4500122070312,540.5800170898438,540.3427734375,7766100,VOO,0
2025-05-20,545.219970703125,546.0599975585938,541.989990234375,538.4257202148438,7158200,VOO,0
2025-05-21,540.9099731445312,544.6900024414062,534.8200073242188,529.4237060546875,6339500,VOO,0
2025-05-22,535.5999755859375,539.22998046875,534.4400024414062,529.670654296875,5816600,VOO,0
2025-05-23,529.4299926757812,534.8099975585938,529.1099853515625,526.0935668945312,6455900,VOO,0
2025-05-27,538.719970703125,543.52001953125,537.1799926757812,536.9039916992188,6118100,VOO,0
2025-05-28,543.7899780273438,544.9000244140625,539.6099853515625,533.8406372070312,4910500,VOO,0
2025-05-29,545.1500244140625,545.280029296875,538.739990234375,535.8960571289062,4659500,VOO,0
2025-05-30,541.3499755859375,543.3900146484375,536.1599731445312,535.3426513671875,6171500,VOO,0
2025-06-02,540.25,544.9099731445312,537.7999877929688,538.4552612304688,5933500,VOO,0
2025-06-03,544.530029296875,548.8699951171875,544.0900268554688,541.5087890625,4993600,VOO,0
2025-06-04,548.75,549.6500244140625,547.4400024414062,541.1629028320312,4543400,VOO,0
2025-06-05,549.47998046875,550.6300048828125,543.3400268554688,538.6332397460938,6372100,VOO,0
2025-06-06,550.2999877929688,552.3200073242188,548.7000122070312,544.1372680664062,4736000,VOO,0
2025-06-09,551.2999877929688,552.7000122070312,550.2000122070312,544.72021484375,4516400,VOO,0
2025-06-10,551.780029296875,554.739990234375,550.739990234375,547.8230590820312,5984100,VOO,0
2025-06-11,555.4099731445312,556.22998046875,550.9099731445312,546.3111572265625,20800600,VOO,0
2025-06-12,551.5999755859375,555,551.1300048828125,548.3764038085938,8422900,VOO,0
2025-06-13,550.239990234375,553.25,547.4099731445312,542.2696533203125,7100600,VOO,0
2025-06-16,551.9400024414062,555.6900024414062,551.8699951171875,547.5068359375,7421300,VOO,0
2025-06-17,551.7899780273438,553.1599731445312,548.6400146484375,542.8427734375,4753300,VOO,0
2025-06-18,550.1599731445312,552.7100219726562,548.3900146484375,542.7340087890625,4602300,VOO,0
2025-06-20,551.719970703125,552.719970703125,546.6199951171875,541.2320556640625,9978500,VOO,0
2025-06-23,548.6599731445312,553.7000122070312,545.75,546.8052978515625,9820200,VOO,0
2025-06-24,557.1799926757812,560.4299926757812,556.3699951171875,552.813232421875,6770000,VOO,0
2025-06-25,560.52001953125,561.02001953125,558.3400268554688,553.0899047851562,16472300,VOO,0
2025-06-26,561.52001953125,564.5499877929688,560.9600219726562,557.4674682617188,6081400,VOO,0
2025-06-27,565.1099853515625,568.3300170898438,563.2100219726562,560.2343139648438,6056500,VOO,0
2025-06-30,567.5,569.1500244140625,565.3800048828125,563.034423828125,5750600,VOO,0
2025-07-01,566.5599975585938,568.7999877929688,565.7999877929688,562.7767333984375,7412700,VOO,0
2025-07-02,567.3699951171875,570.3400268554688,566.8099975585938,565.2745361328125,6164000,VOO,0
2025-07-03,572.1799926757812,575.6699829101562,572.1300048828125,570.1611938476562,4837000,VOO,0
2025-07-07,573,573.5900268554688,567.97998046875,565.5917358398438,6417800,VOO,0
2025-07-08,571.1500244140625,571.8300170898438,569.47998046875,565.2151489257812,6944600,VOO,0
2025-07-09,572.4600219726562,574.260009765625,570.760009765625,568.5653076171875,7156500,VOO,0
2025-07-10,573.780029296875,576.260009765625,572.7000122070312,570.2305908203125,4961700,VOO,0
2025-07-11,572.4500122070312,574.3800048828125,571.3699951171875,568.1787109375,4428900,VOO,0
2025-07-14,572.8499755859375,574.6799926757812,571.5800170898438,569.298828125,4747000,VOO,0
2025-07-15,576.8499755859375,577.1599731445312,571.8499755859375,566.8307495117188,5399000,VOO,0
2025-07-16,573.4000244140625,574.260009765625,568.1699829101562,568.6942138671875,6141200,VOO,0
2025-07-17,574.02001953125,577.6500244140625,573.7999877929688,572.1039428710938,6495300,VOO,0
2025-07-18,578.469970703125,578.5,575.8400268554688,571.8462524414062,4262400,VOO,0
2025-07-21,577.97998046875,580.530029296875,577.5900268554688,572.8672485351562,5913800,VOO,0
2025-07-22,578.280029296875,578.8400268554688,575.6400146484375,572.8672485351562,4767700,VOO,0
2025-07-23,580.5700073242188,582.9600219726562,578.8699951171875,577.7340087890625,4257300,VOO,0
2025-07-24,583.3400268554688,584.75,582.719970703125,578.1304931640625,3840900,VOO,0
2025-07-25,583.8099975585938,586.0399780273438,583.5900268554688,580.4301147460938,4210100,VOO,0
2025-07-28,586.0399780273438,586.5,584.239990234375,580.2913208007812,4193100,VOO,0
2025-07-29,586.8200073242188,587.0800170898438,583.1199951171875,578.7847290039062,5053400,VOO,0
2025-07-30,584.6599731445312,586.1500244140625,580.5499877929688,578.0809936523438,6974700,VOO,0
2025-07-31,587.8300170898438,588.1599731445312,579.8400268554688,575.9102172851562,7046800,VOO,0
2025-08-01,575.72998046875,575.739990234375,569.2899780273438,566.4243774414062,8781300,VOO,0
2025-08-04,575.1699829101562,580.2100219726562,575.0800170898438,575.0379638671875,6640100,VOO,0
2025-08-05,580.7899780273438,581.5,576.4000244140625,572.2724609375,4647400,VOO,0
2025-08-06,578.25,582.27001953125,577.4099731445312,576.5247802734375,4545000,VOO,0
2025-08-07,584.8699951171875,585.52001953125,578.3099975585938,576.1777954101562,4594300,VOO,0
2025-08-08,582.9299926757812,586.1699829101562,582.5999755859375,580.5886840820312,4342300,VOO,0
2025-08-11,586.030029296875,587.3599853515625,583.4400024414062,579.3992309570312,5373900,VOO,0
2025-08-12,586.75,590.9600219726562,585.4299926757812,585.5844116210938,5851900,VOO,0
2025-08-13,592.8599853515625,594.030029296875,590.8099975585938,587.626220703125,5393000,VOO,0
2025-08-14,590.9199829101562,593.510009765625,590.5,587.6361694335938,6236700,VOO,0
2025-08-15,593.8599853515625,593.9500122070312,590.6599731445312,586.367431640625,7196300,VOO,0
2025-08-18,590.97998046875,592.02001953125,590.3499755859375,586.1592407226562,5311700,VOO,0
2025-08-19,591.25,592.1199951171875,586.9400024414062,582.9577026367188,6739300,VOO,0
2025-08-20,587.8099975585938,588,581.8499755859375,581.4213256835938,7113600,VOO,0
2025-08-21,584.9299926757812,586.4600219726562,582.6500244140625,579.131591796875,4807300,VOO,0
2025-08-22,586.27001953125,594.3200073242188,585.8400268554688,587.9930419921875,6389300,VOO,0
2025-08-25,592.0499877929688,593.22998046875,590.5499877929688,585.5050659179688,6483000,VOO,0
2025-08-26,590.3800048828125,593.4299926757812,589.7899780273438,587.8442993164062,4776600,VOO,0
2025-08-27,592.52001953125,595.1400146484375,592.4400024414062,589.1922607421875,6171400,VOO,0
2025-08-28,595.0700073242188,597.0700073242188,593.27001953125,591.27392578125,5058700,VOO,0
2025-08-29,595.239990234375,595.5499877929688,591.25,587.8641357421875,7512000,VOO,0
2025-09-02,586.0599975585938,588.7999877929688,583.6699829101562,583.5325927734375,11116700,VOO,0
2025-09-03,590.8099975585938,592.22998046875,588.780029296875,586.5160522460938,8205900,VOO,0
2025-09-04,592.469970703125,596.77001953125,591.5999755859375,591.34326171875,8045600,VOO,0
2025-09-05,598.9099731445312,599.5999755859375,591.4500122070312,589.7276000976562,6641500,VOO,0
2025-09-08,596.3099975585938,597.4099731445312,595.030029296875,591.2540893554688,9472200,VOO,0
2025-09-09,596.6099853515625,598.3699951171875,595.010009765625,592.6913452148438,7844800,VOO,0
2025-09-10,600.9199829101562,601.75,598.1599731445312,594.4060668945312,21641100,VOO,0
2025-09-11,601.4299926757812,605.22998046875,600.8900146484375,599.2531127929688,9109700,VOO,0
2025-09-12,604.5900268554688,605.97998046875,603.9500122070312,599.124267578125,8130500,VOO,0
2025-09-15,606.469970703125,607.77001953125,606.2000122070312,602.2465209960938,7710700,VOO,0
2025-09-16,608.1599731445312,608.4199829101562,606.0599975585938,601.4534912109375,6393200,VOO,0
2025-09-17,606.8400268554688,608.3300170898438,601.5499877929688,600.759765625,11613600,VOO,0
2025-09-18,608.5499877929688,611.3099975585938,607.0700073242188,603.5846557617188,11057500,VOO,0
2025-09-19,610.6199951171875,612.6699829101562,608.8499755859375,606.3997802734375,6065700,VOO,0
2025-09-22,610.52001953125,615.219970703125,610.510009765625,609.353515625,11583800,VOO,0
2025-09-23,614.7100219726562,615.260009765625,610.3400268554688,606.1618041992188,10753000,VOO,0
2025-09-24,612.6300048828125,612.739990234375,608.1900024414062,604.1397094726562,23787300,VOO,0
2025-09-25,606.6199951171875,607.9299926757812,603.3499755859375,601.25537109375,6965700,VOO,0
2025-09-26,608.030029296875,610.7000122070312,606.5700073242188,604.7938842773438,6438600,VOO,0
2025-09-29,610.7899780273438,611.6799926757812,608.47998046875,606.4937744140625,5658800,VOO,0
2025-09-30,609.4299926757812,612.8599853515625,608.27001953125,608.7303466796875,6515700,VOO,0
2025-10-01,609.7000122070312,615.3900146484375,609.5700073242188,610.9072875976562,10020000,VOO,0
2025-10-02,616.4099731445312,616.47998046875,613.02001953125,611.5831909179688,7139500,VOO,0
2025-10-03,615.9500122070312,618.4199829101562,614.2899780273438,611.6329345703125,7210700,VOO,0
2025-10-06,617.4600219726562,618.280029296875,615.47998046875,613.720458984375,6056400,VOO,0
2025-10-07,618.2999877929688,618.739990234375,613.8200073242188,611.5335083007812,7466300,VOO,0
2025-10-08,616.219970703125,618.9000244140625,615.4600219726562,615.082275390625,5035200,VOO,0
2025-10-09,619.22998046875,619.5900268554688,615.280029296875,613.4221801757812,5898500,VOO,0
2025-10-10,617.989990234375,619.5999755859375,600.22998046875,596.9310913085938,13664200,VOO,0
2025-10-13,607.3699951171875,611.030029296875,606.5800170898438,605.976806640625,6968400,VOO,0
2025-10-14,604.2000122070312,612.1400146484375,600.510009765625,605.1220092773438,7493500,VOO,0
2025-10-15,613.0700073242188,616.2100219726562,605.8200073242188,607.7860107421875,6504900,VOO,0
2025-10-16,613.1099853515625,614.7999877929688,604.1400146484375,603.7701416015625,7594800,VOO,0
2025-10-17,606.3400268554688,612.02001953125,605.0999755859375,607.1199951171875,6911000,VOO,0
2025-10-20,613.510009765625,618.010009765625,613.510009765625,613.4917602539062,4086200,VOO,0
2025-10-21,617.3300170898438,618.739990234375,615.97998046875,613.4122924804688,4216200,VOO,0
2025-10-22,617.8300170898438,617.8300170898438,609.8300170898438,610.310791015625,6961600,VOO,0
2025-10-23,614.25,618.469970703125,613.989990234375,613.7601928710938,5851800,VOO,0
2025-10-24,621.9199829101562,623.7899780273438,621.2100219726562,618.8397216796875,5694900,VOO,0
2025-10-27,627.739990234375,630.2899780273438,627.1599731445312,626.2453002929688,7804300,VOO,0
2025-10-28,631.7100219726562,633.3900146484375,629.6400146484375,627.9252319335938,5625600,VOO,0
2025-10-29,633.2100219726562,634.1300048828125,627.8699951171875,628.1837158203125,6104500,VOO,0
2025-10-30,628.8099975585938,630.6300048828125,625.0999755859375,621.513671875,6243300,VOO,0
2025-10-31,629.8400268554688,629.9400024414062,624.5,623.3029174804688,7058600,VOO,0
2025-11-03,630.4199829101562,630.5399780273438,625.1599731445312,624.525634765625,5568100,VOO,0
2025-11-04,621.6500244140625,625.1699829101562,620.2000122070312,617.2890014648438,8390500,VOO,0
2025-11-05,620.5900268554688,626,619.8300170898438,619.1478271484375,10323100,VOO,0
2025-11-06,621.9600219726562,622.7899780273438,614.8200073242188,612.5673217773438,7099400,VOO,0
2025-11-07,614.0900268554688,617.02001953125,607.9199829101562,613.2134399414062,7571300,VOO,0
2025-11-10,622.6900024414062,627.2100219726562,620.6599731445312,622.736328125,8425000,VOO,0
2025-11-11,625.1599731445312,628.489990234375,624.0700073242188,624.1677856445312,5639200,VOO,0
2025-11-12,629.6500244140625,629.77001953125,626.0999755859375,624.4758911132812,6090200,VOO,0
2025-11-13,625.6699829101562,626.02001953125,616.510009765625,614.306884765625,13065800,VOO,0
2025-11-14,611.75,621.219970703125,609.8300170898438,614.1478881835938,9681700,VOO,0
2025-11-17,615.739990234375,619.4500122070312,608.8099975585938,608.3923950195312,8902500,VOO,0
2025-11-18,608.719970703125,611.510009765625,603,603.3824462890625,8542600,VOO,0
2025-11-19,607.52001953125,613.5700073242188,605.6699829101562,605.5693359375,7449400,VOO,0
2025-11-20,618.719970703125,621.1300048828125,599.3599853515625,596.3843994140625,13985000,VOO,0
2025-11-21,602.25,611.010009765625,598.3800048828125,602.3187866210938,9821400,VOO,0
2025-11-24,609.280029296875,616.0900268554688,608.3099975585938,611.2750244140625,6242700,VOO,0
2025-11-25,614.780029296875,621.75,610.989990234375,616.9609375,7389500,VOO,0
2025-11-26,623.0599975585938,626.8099975585938,622.260009765625,621.2254638671875,5323200,VOO,0
2025-11-28,626.030029296875,628.6300048828125,625.7100219726562,624.664794921875,2953200,VOO,0
2025-12-01,624.1699829101562,628.010009765625,624.0999755859375,621.7920532226562,9191600,VOO,0
2025-12-02,627.010009765625,628.77001953125,624.6199951171875,622.845703125,5280600,VOO,0
2025-12-03,625.77001953125,629.780029296875,624.9500122070312,625.0226440429688,6338400,VOO,0
2025-12-04,630.1300048828125,630.1799926757812,626.47998046875,625.5494384765625,5147700,VOO,0
2025-12-05,630.2999877929688,632.97998046875,629.47998046875,626.7224731445312,5693100,VOO,0
2025-12-08,631.3599853515625,631.469970703125,626.7000122070312,624.8635864257812,6876700,VOO,0
2025-12-09,628.1799926757812,630.2100219726562,627.6599731445312,624.3566284179688,12849000,VOO,0
2025-12-10,627.6300048828125,633.510009765625,626.469970703125,628.3923950195312,22457400,VOO,0
2025-12-11,630,633.8699951171875,627.27001953125,629.9332275390625,33921000,VOO,0
2025-12-12,632.7999877929688,633.4299926757812,624.47998046875,623.1339721679688,8534700,VOO,0
2025-12-15,630.5599975585938,630.5599975585938,624.5700073242188,622.2294311523438,11337200,VOO,0
2025-12-16,624.5499877929688,626.219970703125,620.6500244140625,620.4898681640625,15819600,VOO,0
2025-12-17,625.1900024414062,625.6400146484375,617.1599731445312,613.6707153320312,21356900,VOO,0
2025-12-18,623.0499877929688,625.9400024414062,620.5700073242188,618.302978515625,37062400,VOO,0
2025-12-19,623.97998046875,628.1300048828125,623.8599853515625,623.8198852539062,10487000,VOO,0
2025-12-22,628.969970703125,630.27001953125,627.7999877929688,627.7484130859375,9850100,VOO,0
2025-12-23,628.9400024414062,632.8800048828125,628.9199829101562,630.67919921875,13798500,VOO,0
2025-12-24,632.6699829101562,635.3200073242188,632.5399780273438,632.7825927734375,3275200,VOO,0
2025-12-26,635.1400146484375,636.0800170898438,633.8800048828125,632.8424072265625,3852100,VOO,0
2025-12-29,632.2999877929688,633.7899780273438,630.9500122070312,630.6094360351562,6579400,VOO,0
2025-12-30,632.2000122070312,633.2100219726562,631.4099731445312,629.732177734375,4180400,VOO,0
2025-12-31,631.9400024414062,632.1400146484375,626.9400024414062,625.1566772460938,5556800,VOO,0
2026-01-02,630.6400146484375,631.6599731445312,625.2100219726562,626.3229370117188,11337000,VOO,0
2026-01-05,631.3800048828125,634.0399780273438,631.22998046875,630.4699096679688,16175600,VOO,0
2026-01-06,632.6400146484375,636.6799926757812,632.530029296875,634.2080688476562,8672000,VOO,0
2026-01-07,636.5800170898438,638.219970703125,633.9299926757812,632.1744995117188,8820100,VOO,0
2026-01-08,633.47998046875,635.0999755859375,632.239990234375,632.0648193359375,9017400,VOO,0
2026-01-09,635.1500244140625,639.4400024414062,633.7999877929688,636.3014526367188,7864100,VOO,0
2026-01-12,635.1900024414062,640.1599731445312,635.1599731445312,637.3282470703125,7929800,VOO,0
2026-01-13,639.6799926757812,640.1500244140625,635.8200073242188,636.0223999023438,8860000,VOO,0
2026-01-14,635.489990234375,636.1199951171875,631,632.9420776367188,8683400,VOO,0
2026-01-15,638.77001953125,639.5800170898438,635.7000122070312,634.6167602539062,6937000,VOO,0
2026-01-16,637.9600219726562,638.510009765625,634.6799926757812,634.0885009765625,6733700,VOO,0
2026-01-20,626.760009765625,629.760009765625,622.219970703125,621.189208984375,14877600,VOO,0
2026-01-21,625.02001953125,633.4000244140625,623.6500244140625,628.3067016601562,10403800,VOO,0
2026-01-22,634.4299926757812,635.6199951171875,631.75,631.5763549804688,6085500,VOO,0
2026-01-23,632.8800048828125,635.469970703125,631.969970703125,631.8355712890625,5850400,VOO,0
2026-01-26,635.030029296875,638.3900146484375,634.52001953125,635.0853271484375,9007400,VOO,0
2026-01-27,638.4199829101562,640.5999755859375,637.8699951171875,637.6870727539062,4339600,VOO,0
2026-01-28,641.0499877929688,641.8099975585938,638.219970703125,637.58740234375,5568700,VOO,0
2026-01-29,640.4299926757812,641.0399780273438,629.8200073242188,636.2615966796875,8697200,VOO,0
2026-01-30,636.25,638.4500122070312,631.9500122070312,634.218017578125,6562300,VOO,0
2026-02-02,634.1799926757812,640.9600219726562,634.0700073242188,637.6671142578125,9490300,VOO,0
2026-02-03,640.3300170898438,641,629.1099853515625,632.1546020507812,9702800,VOO,0
2026-02-04,634.9299926757812,635.9199829101562,627,628.9247436523438,11322000,VOO,0
2026-02-05,626.239990234375,628.75,621.5,621.1392822265625,11714700,VOO,0
2026-02-06,626.719970703125,636.719970703125,626.2000122070312,633.2410888671875,12987900,VOO,0
2026-02-09,634.0700073242188,639.989990234375,633.1099853515625,636.2216796875,8908500,VOO,0
2026-02-10,639.1400146484375,640.6199951171875,636.0800170898438,634.4373779296875,13645300,VOO,0
2026-02-11,640.489990234375,641.1500244140625,633.8400268554688,634.3475952148438,5345000,VOO,0
2026-02-12,638.510009765625,639.52001953125,625.760009765625,624.5186767578125,8951100,VOO,0
2026-02-13,626.9299926757812,631.1699829101562,623.1199951171875,624.9174194335938,9312800,VOO,0
2026-02-17,625.5399780273438,629.9299926757812,621.510009765625,626.013916015625,8718600,VOO,0
2026-02-18,629.1099853515625,633.7999877929688,628,629.1640014648438,9509200,VOO,0
2026-02-19,628.9500122070312,631.0800170898438,626.8099975585938,627.5491333007812,5212400,VOO,0
2026-02-20,627.47998046875,634.5800170898438,627.030029296875,632.0249633789062,7482000,VOO,0
2026-02-23,632.6099853515625,634.6099853515625,625.75,625.6550903320312,10868700,VOO,0
2026-02-24,627.1500244140625,633.0900268554688,625.4000244140625,630.220703125,6930300,VOO,0
2026-02-25,634.77001953125,638,634.739990234375,635.52392578125,12135200,VOO,0
2026-02-26,637.6500244140625,637.77001953125,629.4299926757812,631.9552001953125,9497700,VOO,0
2026-02-27,628.239990234375,631.6900024414062,626.9400024414062,629.0543212890625,10471100,VOO,0
2026-03-02,624.1900024414062,633.3400268554688,623.5999755859375,629.2936401367188,9211400,VOO,0
2026-03-03,620.8099975585938,627.7899780273438,615.8800048828125,623.7510375976562,18493400,VOO,0
2026-03-04,626.9199829101562,631.9600219726562,625.0700073242188,628.197021484375,13489800,VOO,0
2026-03-05,627.2899780273438,630.5,621.4000244140625,624.837646484375,12198800,VOO,0
2026-03-06,619.3400268554688,621.8200073242188,616,616.4840087890625,9739200,VOO,0
2026-03-09,612.8599853515625,625.3200073242188,609.2000122070312,621.8370971679688,13929200,VOO,0
2026-03-10,623.3200073242188,628.5,620.6300048828125,620.760498046875,15570400,VOO,0
2026-03-11,623.2000122070312,625.4299926757812,619.2999877929688,620.0726928710938,6433300,VOO,0
2026-03-12,617.219970703125,617.7100219726562,612.4199829101562,610.5726928710938,15487600,VOO,0
2026-03-13,615.5399780273438,618.3300170898438,608.25,607.1734619140625,25527500,VOO,0
2026-03-16,614.719970703125,618.0800170898438,613.5399780273438,613.2542114257812,8303200,VOO,0
2026-03-17,618.3699951171875,620.27001953125,616.27001953125,614.9488525390625,9941800,VOO,0
2026-03-18,614.6900024414062,615.8900146484375,608.1300048828125,606.4656372070312,14276900,VOO,0
2026-03-19,604.1400146484375,609.6900024414062,602.5399780273438,604.8407592773438,10271900,VOO,0
2026-03-20,605.4299926757812,605.5999755859375,594.5700073242188,596.0584716796875,17685700,VOO,0
2026-03-23,606.8599853515625,611.030029296875,603.0599975585938,602.528076171875,24014300,VOO,0
2026-03-24,600.6300048828125,605.9099731445312,599.3200073242188,600.4844970703125,18363300,VOO,0
2026-03-25,607.4000244140625,609.4400024414062,603.3599853515625,603.754150390625,23288300,VOO,0
2026-03-26,601.2999877929688,603.9099731445312,594.6799926757812,593.0479736328125,7712600,VOO,0
2026-03-27,590.6799926757812,590.8300170898438,582.030029296875,582.9600219726562,11707700,VOO,0
2026-03-30,588.3900146484375,588.6699829101562,578.4600219726562,580.9299926757812,11839200,VOO,0
2026-03-31,587.3499755859375,598.8499755859375,586.5,597.5499877929688,12447300,VOO,0
2026-04-01,601.0599975585938,605.3499755859375,600.27001953125,602.2999877929688,11332500,VOO,0
2026-04-02,594.22998046875,604.7899780273438,593.030029296875,602.989990234375,12780100,VOO,0
2026-04-06,602.9199829101562,606.4400024414062,602.6099853515625,605.6699829101562,6316800,VOO,0
2026-04-07,603.5800170898438,606.3099975585938,598.5,606.0399780273438,6690000,VOO,0
2026-04-08,621.7999877929688,622.489990234375,617.2999877929688,621.3400268554688,9805100,VOO,0
2026-04-09,620.3400268554688,626.1699829101562,619.4000244140625,625.02001953125,5498300,VOO,0
2026-04-10,626.3300170898438,626.989990234375,623.719970703125,624.5999755859375,4609400,VOO,0
2026-04-13,622.75,630.9000244140625,621.97998046875,630.719970703125,5158400,VOO,0
2026-04-14,632.22998046875,638.52001953125,632.219970703125,638.3499755859375,5042900,VOO,0
2026-04-15,639.1900024414062,643.7899780273438,638.22998046875,643.4500122070312,5165600,VOO,0
2026-04-16,644.510009765625,646.0700073242188,642.1500244140625,644.8599853515625,5882400,VOO,0
2026-04-17,649.1799926757812,654.8800048828125,648.8599853515625,652.780029296875,7815300,VOO,0
2026-04-20,651.6199951171875,652.5999755859375,649.1699829101562,651.5399780273438,6384100,VOO,0
2026-04-21,652.9400024414062,653.8599853515625,645.9400024414062,647.25,8514900,VOO,0
2026-04-22,651.97998046875,654.1900024414062,651.0900268554688,653.9000244140625,4537200,VOO,0
2026-04-23,652.22998046875,654.9000244140625,645.6599731445312,651.260009765625,6519500,VOO,0
2026-04-24,653.4000244140625,656.8200073242188,651.8200073242188,656.4199829101562,4793800,VOO,0
2026-04-27,655.6699829101562,657.9000244140625,654.8400268554688,657.5,5319200,VOO,0
2026-04-28,654.4099731445312,655.3900146484375,652.010009765625,654.260009765625,5527100,VOO,0
2026-04-29,653.6199951171875,654.719970703125,651.260009765625,654.239990234375,6302000,VOO,0
2026-04-30,657,661.77001953125,653.1500244140625,660.5800170898438,5948400,VOO,0
2026-05-01,663.0900268554688,666.4199829101562,662.3800048828125,662.52001953125,5426500,VOO,0
2026-05-04,661.989990234375,663.8499755859375,657.3900146484375,660.1199951171875,5962400,VOO,0
2026-05-05,663.5800170898438,666.5499877929688,663.3300170898438,665.2999877929688,5052600,VOO,0
2026-05-06,669.4500122070312,675.3400268554688,669.1500244140625,674.6599731445312,6441500,VOO,0
2026-05-07,675.8200073242188,676.760009765625,670.9199829101562,672.5399780273438,6260300,VOO,0
2026-05-08,675.7000122070312,678.530029296875,675.3699951171875,678.0399780273438,4348100,VOO,0
2026-05-11,677.0800170898438,681.0599975585938,677.0800170898438,679.52001953125,5693400,VOO,0
2026-05-12,677.469970703125,679.260009765625,672.7999877929688,678.6699829101562,6073400,VOO,0
2026-05-13,678.9000244140625,683.9099731445312,676.2000122070312,682.4099731445312,4918000,VOO,0
2026-05-14,683.739990234375,689.0999755859375,683.6599731445312,687.72998046875,5370000,VOO,0
2026-05-15,682.0399780273438,683.52001953125,678.4400024414062,679.4400024414062,6448500,VOO,0
2026-05-18,680.1799926757812,681.6099853515625,674.25,678.9099731445312,7585400,VOO,0
2026-05-19,675.5599975585938,678.1500244140625,672.5499877929688,674.5900268554688,5664200,VOO,0
2026-05-20,676.3200073242188,682,674.739990234375,681.5700073242188,5506800,VOO,0
2026-05-21,679.0800170898438,684.8300170898438,677.6199951171875,682.8400268554688,7335400,VOO,0
2026-05-22,686.0999755859375,688.5800170898438,684.47998046875,685.5499877929688,4319800,VOO,0
2026-05-26,689.6500244140625,691.510009765625,688.0800170898438,690.010009765625,6633800,VOO,0
2026-05-27,690.3599853515625,690.780029296875,687.9199829101562,689.9600219726562,7386500,VOO,0
2026-05-28,689.760009765625,694.2899780273438,688.8499755859375,693.9099731445312,8477100,VOO,0
2026-05-29,695,697,693.8900146484375,695.489990234375,5080400,VOO,0
2026-06-01,694.5399780273438,699.0599975585938,693.9400024414062,697.2999877929688,10051200,VOO,0
2026-06-02,696.0599975585938,699.1500244140625,695.780029296875,698.260009765625,4750700,VOO,0
2026-06-03,697.0800170898438,697.6500244140625,692.8499755859375,693.3599853515625,5970400,VOO,0
2026-06-04,691.489990234375,697.2000122070312,690.9000244140625,696.0599975585938,6630000,VOO,0
2026-06-05,691.7100219726562,692.1799926757812,676.25,678,10846500,VOO,0
2026-06-08,683.469970703125,685.2899780273438,678.7000122070312,679.6799926757812,8867200,VOO,0
2026-06-09,683.7100219726562,686.760009765625,664.3200073242188,677.7000122070312,16197200,VOO,0
2026-06-10,674.3200073242188,678.8800048828125,666.8800048828125,667.0499877929688,16472700,VOO,0
2026-06-11,670.0999755859375,680.3800048828125,666,678.22998046875,19974200,VOO,0
2026-06-12,681.0800170898438,684.4400024414062,675.8099975585938,681.9500122070312,6314100,VOO,0
