date,precipitationMm,siteId,cropId,latitude,longitude,source
2000-01-01,51.57,coffee-minas-south,coffee,-21.5,-45,NASA POWER MERRA-2 PRECTOTCORR
2000-01-02,84.16,coffee-minas-south,coffee,-21.5,-45,NASA POWER MERRA-2 PRECTOTCORR
2000-01-03,38.04,coffee-minas-south,coffee,-21.5,-45,NASA POWER MERRA-2 PRECTOTCORR
2000-01-04,31.47,coffee-minas-south,coffee,-21.5,-45,NASA POWER MERRA-2 PRECTOTCORR
2000-01-05,8,coffee-minas-south,coffee,-21.5,-45,NASA POWER MERRA-2 PRECTOTCORR
2000-01-06,6.4,coffee-minas-south,coffee,-21.5,-45,NASA POWER MERRA-2 PRECTOTCORR
2000-01-07,0.58,coffee-minas-south,coffee,-21.5,-45,NASA POWER MERRA-2 PRECTOTCORR
2000-01-08,0.22,coffee-minas-south,coffee,-21.5,-45,NASA POWER MERRA-2 PRECTOTCORR
2000-01-09,0.06,coffee-minas-south,coffee,-21.5,-45,NASA POWER MERRA-2 PRECTOTCORR
2000-01-10,0.07,coffee-minas-south,coffee,-21.5,-45,NASA POWER MERRA-2 PRECTOTCORR
2000-01-11,0.39,coffee-minas-south,coffee,-21.5,-45,NASA POWER MERRA-2 PRECTOTCORR
2000-01-12,1.59,coffee-minas-south,coffee,-21.5,-45,NASA POWER MERRA-2 PRECTOTCORR
2000-01-13,1.08,coffee-minas-south,coffee,-21.5,-45,NASA POWER MERRA-2 PRECTOTCORR
2000-01-14,2.13,coffee-minas-south,coffee,-21.5,-45,NASA POWER MERRA-2 PRECTOTCORR
2000-01-15,3.33,coffee-minas-south,coffee,-21.5,-45,NASA POWER MERRA-2 PRECTOTCORR
2000-01-16,11.98,coffee-minas-south,coffee,-21.5,-45,NASA POWER MERRA-2 PRECTOTCORR
2000-01-17,11.67,coffee-minas-south,coffee,-21.5,-45,NASA POWER MERRA-2 PRECTOTCORR
2000-01-18,2.53,coffee-minas-south,coffee,-21.5,-45,NASA POWER MERRA-2 PRECTOTCORR
2000-01-19,14.47,coffee-minas-south,coffee,-21.5,-45,NASA POWER MERRA-2 PRECTOTCORR
2000-01-20,4.55,coffee-minas-south,coffee,-21.5,-45,NASA POWER MERRA-2 PRECTOTCORR
2000-01-21,1.55,coffee-minas-south,coffee,-21.5,-45,NASA POWER MERRA-2 PRECTOTCORR
2000-01-22,1.58,coffee-minas-south,coffee,-21.5,-45,NASA POWER MERRA-2 PRECTOTCORR
2000-01-23,3.24,coffee-minas-south,coffee,-21.5,-45,NASA POWER MERRA-2 PRECTOTCORR
2000-01-24,18.16,coffee-minas-south,coffee,-21.5,-45,NASA POWER MERRA-2 PRECTOTCORR
2000-01-25,22.08,coffee-minas-south,coffee,-21.5,-45,NASA POWER MERRA-2 PRECTOTCORR
2000-01-26,37.5,coffee-minas-south,coffee,-21.5,-45,NASA POWER MERRA-2 PRECTOTCORR
2000-01-27,26.27,coffee-minas-south,coffee,-21.5,-45,NASA POWER MERRA-2 PRECTOTCORR
2000-01-28,5.98,coffee-minas-south,coffee,-21.5,-45,NASA POWER MERRA-2 PRECTOTCORR
2000-01-29,4.32,coffee-minas-south,coffee,-21.5,-45,NASA POWER MERRA-2 PRECTOTCORR
2000-01-30,5.87,coffee-minas-south,coffee,-21.5,-45,NASA POWER MERRA-2 PRECTOTCORR
2000-01-31,15.04,coffee-minas-south,coffee,-21.5,-45,NASA POWER MERRA-2 PRECTOTCORR
2000-02-01,13.21,coffee-minas-south,coffee,-21.5,-45,NASA POWER MERRA-2 PRECTOTCORR
2000-02-02,4.86,coffee-minas-south,coffee,-21.5,-45,NASA POWER MERRA-2 PRECTOTCORR
2000-02-03,0.4,coffee-minas-south,coffee,-21.5,-45,NASA POWER MERRA-2 PRECTOTCORR
2000-02-04,1.27,coffee-minas-south,coffee,-21.5,-45,NASA POWER MERRA-2 PRECTOTCORR
2000-02-05,9.93,coffee-minas-south,coffee,-21.5,-45,NASA POWER MERRA-2 PRECTOTCORR
2000-02-06,12.84,coffee-minas-south,coffee,-21.5,-45,NASA POWER MERRA-2 PRECTOTCORR
2000-02-07,19.67,coffee-minas-south,coffee,-21.5,-45,NASA POWER MERRA-2 PRECTOTCORR
2000-02-08,28.17,coffee-minas-south,coffee,-21.5,-45,NASA POWER MERRA-2 PRECTOTCORR
2000-02-09,12.09,coffee-minas-south,coffee,-21.5,-45,NASA POWER MERRA-2 PRECTOTCORR
2000-02-10,7.69,coffee-minas-south,coffee,-21.5,-45,NASA POWER MERRA-2 PRECTOTCORR
2000-02-11,7.35,coffee-minas-south,coffee,-21.5,-45,NASA POWER MERRA-2 PRECTOTCORR
2000-02-12,8.84,coffee-minas-south,coffee,-21.5,-45,NASA POWER MERRA-2 PRECTOTCORR
2000-02-13,1.05,coffee-minas-south,coffee,-21.5,-45,NASA POWER MERRA-2 PRECTOTCORR
2000-02-14,2.18,coffee-minas-south,coffee,-21.5,-45,NASA POWER MERRA-2 PRECTOTCORR
2000-02-15,0.72,coffee-minas-south,coffee,-21.5,-45,NASA POWER MERRA-2 PRECTOTCORR
2000-02-16,10.64,coffee-minas-south,coffee,-21.5,-45,NASA POWER MERRA-2 PRECTOTCORR
2000-02-17,15.73,coffee-minas-south,coffee,-21.5,-45,NASA POWER MERRA-2 PRECTOTCORR
2000-02-18,3.16,coffee-minas-south,coffee,-21.5,-45,NASA POWER MERRA-2 PRECTOTCORR
2000-02-19,0.47,coffee-minas-south,coffee,-21.5,-45,NASA POWER MERRA-2 PRECTOTCORR
2000-02-20,0.1,coffee-minas-south,coffee,-21.5,-45,NASA POWER MERRA-2 PRECTOTCORR
2000-02-21,0.18,coffee-minas-south,coffee,-21.5,-45,NASA POWER MERRA-2 PRECTOTCORR
2000-02-22,0.39,coffee-minas-south,coffee,-21.5,-45,NASA POWER MERRA-2 PRECTOTCORR
2000-02-23,0.77,coffee-minas-south,coffee,-21.5,-45,NASA POWER MERRA-2 PRECTOTCORR
2000-02-24,3.01,coffee-minas-south,coffee,-21.5,-45,NASA POWER MERRA-2 PRECTOTCORR
2000-02-25,7.4,coffee-minas-south,coffee,-21.5,-45,NASA POWER MERRA-2 PRECTOTCORR
2000-02-26,8.45,coffee-minas-south,coffee,-21.5,-45,NASA POWER MERRA-2 PRECTOTCORR
2000-02-27,5.07,coffee-minas-south,coffee,-21.5,-45,NASA POWER MERRA-2 PRECTOTCORR
2000-02-28,7.8,coffee-minas-south,coffee,-21.5,-45,NASA POWER MERRA-2 PRECTOTCORR
2000-02-29,5.16,coffee-minas-south,coffee,-21.5,-45,NASA POWER MERRA-2 PRECTOTCORR
2000-03-01,0.35,coffee-minas-south,coffee,-21.5,-45,NASA POWER MERRA-2 PRECTOTCORR
2000-03-02,0.06,coffee-minas-south,coffee,-21.5,-45,NASA POWER MERRA-2 PRECTOTCORR
2000-03-03,0.24,coffee-minas-south,coffee,-21.5,-45,NASA POWER MERRA-2 PRECTOTCORR
2000-03-04,0.26,coffee-minas-south,coffee,-21.5,-45,NASA POWER MERRA-2 PRECTOTCORR
2000-03-05,0.39,coffee-minas-south,coffee,-21.5,-45,NASA POWER MERRA-2 PRECTOTCORR
2000-03-06,0.43,coffee-minas-south,coffee,-21.5,-45,NASA POWER MERRA-2 PRECTOTCORR
2000-03-07,8.64,coffee-minas-south,coffee,-21.5,-45,NASA POWER MERRA-2 PRECTOTCORR
2000-03-08,3.55,coffee-minas-south,coffee,-21.5,-45,NASA POWER MERRA-2 PRECTOTCORR
2000-03-09,7.02,coffee-minas-south,coffee,-21.5,-45,NASA POWER MERRA-2 PRECTOTCORR
2000-03-10,12.12,coffee-minas-south,coffee,-21.5,-45,NASA POWER MERRA-2 PRECTOTCORR
2000-03-11,26.1,coffee-minas-south,coffee,-21.5,-45,NASA POWER MERRA-2 PRECTOTCORR
2000-03-12,10.86,coffee-minas-south,coffee,-21.5,-45,NASA POWER MERRA-2 PRECTOTCORR
2000-03-13,1.29,coffee-minas-south,coffee,-21.5,-45,NASA POWER MERRA-2 PRECTOTCORR
2000-03-14,0.1,coffee-minas-south,coffee,-21.5,-45,NASA POWER MERRA-2 PRECTOTCORR
2000-03-15,1.51,coffee-minas-south,coffee,-21.5,-45,NASA POWER MERRA-2 PRECTOTCORR
2000-03-16,5.39,coffee-minas-south,coffee,-21.5,-45,NASA POWER MERRA-2 PRECTOTCORR
2000-03-17,13.99,coffee-minas-south,coffee,-21.5,-45,NASA POWER MERRA-2 PRECTOTCORR
2000-03-18,26.24,coffee-minas-south,coffee,-21.5,-45,NASA POWER MERRA-2 PRECTOTCORR
2000-03-19,18.81,coffee-minas-south,coffee,-21.5,-45,NASA POWER MERRA-2 PRECTOTCORR
2000-03-20,14.38,coffee-minas-south,coffee,-21.5,-45,NASA POWER MERRA-2 PRECTOTCORR
2000-03-21,3.6,coffee-minas-south,coffee,-21.5,-45,NASA POWER MERRA-2 PRECTOTCORR
2000-03-22,1.63,coffee-minas-south,coffee,-21.5,-45,NASA POWER MERRA-2 PRECTOTCORR
2000-03-23,0.64,coffee-minas-south,coffee,-21.5,-45,NASA POWER MERRA-2 PRECTOTCORR
2000-03-24,0.79,coffee-minas-south,coffee,-21.5,-45,NASA POWER MERRA-2 PRECTOTCORR
2000-03-25,9.19,coffee-minas-south,coffee,-21.5,-45,NASA POWER MERRA-2 PRECTOTCORR
2000-03-26,1.69,coffee-minas-south,coffee,-21.5,-45,NASA POWER MERRA-2 PRECTOTCORR
2000-03-27,1.21,coffee-minas-south,coffee,-21.5,-45,NASA POWER MERRA-2 PRECTOTCORR
2000-03-28,15.17,coffee-minas-south,coffee,-21.5,-45,NASA POWER MERRA-2 PRECTOTCORR
2000-03-29,9.08,coffee-minas-south,coffee,-21.5,-45,NASA POWER MERRA-2 PRECTOTCORR
2000-03-30,3.75,coffee-minas-south,coffee,-21.5,-45,NASA POWER MERRA-2 PRECTOTCORR
2000-03-31,2.27,coffee-minas-south,coffee,-21.5,-45,NASA POWER MERRA-2 PRECTOTCORR
2000-04-01,2.39,coffee-minas-south,coffee,-21.5,-45,NASA POWER MERRA-2 PRECTOTCORR
2000-04-02,2.41,coffee-minas-south,coffee,-21.5,-45,NASA POWER MERRA-2 PRECTOTCORR
2000-04-03,0.72,coffee-minas-south,coffee,-21.5,-45,NASA POWER MERRA-2 PRECTOTCORR
2000-04-04,0.04,coffee-minas-south,coffee,-21.5,-45,NASA POWER MERRA-2 PRECTOTCORR
2000-04-05,0,coffee-minas-south,coffee,-21.5,-45,NASA POWER MERRA-2 PRECTOTCORR
2000-04-06,0.05,coffee-minas-south,coffee,-21.5,-45,NASA POWER MERRA-2 PRECTOTCORR
2000-04-07,0.02,coffee-minas-south,coffee,-21.5,-45,NASA POWER MERRA-2 PRECTOTCORR
2000-04-08,0.01,coffee-minas-south,coffee,-21.5,-45,NASA POWER MERRA-2 PRECTOTCORR
2000-04-09,0.01,coffee-minas-south,coffee,-21.5,-45,NASA POWER MERRA-2 PRECTOTCORR
2000-04-10,0.03,coffee-minas-south,coffee,-21.5,-45,NASA POWER MERRA-2 PRECTOTCORR
2000-04-11,0.44,coffee-minas-south,coffee,-21.5,-45,NASA POWER MERRA-2 PRECTOTCORR
2000-04-12,1.72,coffee-minas-south,coffee,-21.5,-45,NASA POWER MERRA-2 PRECTOTCORR
2000-04-13,1.2,coffee-minas-south,coffee,-21.5,-45,NASA POWER MERRA-2 PRECTOTCORR
2000-04-14,1.27,coffee-minas-south,coffee,-21.5,-45,NASA POWER MERRA-2 PRECTOTCORR
2000-04-15,0.38,coffee-minas-south,coffee,-21.5,-45,NASA POWER MERRA-2 PRECTOTCORR
2000-04-16,0.05,coffee-minas-south,coffee,-21.5,-45,NASA POWER MERRA-2 PRECTOTCORR
2000-04-17,0.16,coffee-minas-south,coffee,-21.5,-45,NASA POWER MERRA-2 PRECTOTCORR
2000-04-18,2.98,coffee-minas-south,coffee,-21.5,-45,NASA POWER MERRA-2 PRECTOTCORR
2000-04-19,11.61,coffee-minas-south,coffee,-21.5,-45,NASA POWER MERRA-2 PRECTOTCORR
2000-04-20,0.45,coffee-minas-south,coffee,-21.5,-45,NASA POWER MERRA-2 PRECTOTCORR
2000-04-21,0,coffee-minas-south,coffee,-21.5,-45,NASA POWER MERRA-2 PRECTOTCORR
2000-04-22,0.01,coffee-minas-south,coffee,-21.5,-45,NASA POWER MERRA-2 PRECTOTCORR
2000-04-23,0.02,coffee-minas-south,coffee,-21.5,-45,NASA POWER MERRA-2 PRECTOTCORR
2000-04-24,0.02,coffee-minas-south,coffee,-21.5,-45,NASA POWER MERRA-2 PRECTOTCORR
2000-04-25,0,coffee-minas-south,coffee,-21.5,-45,NASA POWER MERRA-2 PRECTOTCORR
2000-04-26,0,coffee-minas-south,coffee,-21.5,-45,NASA POWER MERRA-2 PRECTOTCORR
2000-04-27,0,coffee-minas-south,coffee,-21.5,-45,NASA POWER MERRA-2 PRECTOTCORR
2000-04-28,0,coffee-minas-south,coffee,-21.5,-45,NASA POWER MERRA-2 PRECTOTCORR
2000-04-29,0.02,coffee-minas-south,coffee,-21.5,-45,NASA POWER MERRA-2 PRECTOTCORR
2000-04-30,0.86,coffee-minas-south,coffee,-21.5,-45,NASA POWER MERRA-2 PRECTOTCORR
2000-05-01,1.19,coffee-minas-south,coffee,-21.5,-45,NASA POWER MERRA-2 PRECTOTCORR
2000-05-02,0.73,coffee-minas-south,coffee,-21.5,-45,NASA POWER MERRA-2 PRECTOTCORR
2000-05-03,0.46,coffee-minas-south,coffee,-21.5,-45,NASA POWER MERRA-2 PRECTOTCORR
2000-05-04,0.09,coffee-minas-south,coffee,-21.5,-45,NASA POWER MERRA-2 PRECTOTCORR
2000-05-05,0.01,coffee-minas-south,coffee,-21.5,-45,NASA POWER MERRA-2 PRECTOTCORR
2000-05-06,1.51,coffee-minas-south,coffee,-21.5,-45,NASA POWER MERRA-2 PRECTOTCORR
2000-05-07,0.05,coffee-minas-south,coffee,-21.5,-45,NASA POWER MERRA-2 PRECTOTCORR
2000-05-08,0.23,coffee-minas-south,coffee,-21.5,-45,NASA POWER MERRA-2 PRECTOTCORR
2000-05-09,0.01,coffee-minas-south,coffee,-21.5,-45,NASA POWER MERRA-2 PRECTOTCORR
2000-05-10,0.01,coffee-minas-south,coffee,-21.5,-45,NASA POWER MERRA-2 PRECTOTCORR
2000-05-11,0.03,coffee-minas-south,coffee,-21.5,-45,NASA POWER MERRA-2 PRECTOTCORR
2000-05-12,0.02,coffee-minas-south,coffee,-21.5,-45,NASA POWER MERRA-2 PRECTOTCORR
2000-05-13,0.02,coffee-minas-south,coffee,-21.5,-45,NASA POWER MERRA-2 PRECTOTCORR
2000-05-14,0.04,coffee-minas-south,coffee,-21.5,-45,NASA POWER MERRA-2 PRECTOTCORR
2000-05-15,0,coffee-minas-south,coffee,-21.5,-45,NASA POWER MERRA-2 PRECTOTCORR
2000-05-16,0,coffee-minas-south,coffee,-21.5,-45,NASA POWER MERRA-2 PRECTOTCORR
2000-05-17,0,coffee-minas-south,coffee,-21.5,-45,NASA POWER MERRA-2 PRECTOTCORR
2000-05-18,0.01,coffee-minas-south,coffee,-21.5,-45,NASA POWER MERRA-2 PRECTOTCORR
2000-05-19,0.52,coffee-minas-south,coffee,-21.5,-45,NASA POWER MERRA-2 PRECTOTCORR
2000-05-20,0.08,coffee-minas-south,coffee,-21.5,-45,NASA POWER MERRA-2 PRECTOTCORR
2000-05-21,0,coffee-minas-south,coffee,-21.5,-45,NASA POWER MERRA-2 PRECTOTCORR
2000-05-22,0,coffee-minas-south,coffee,-21.5,-45,NASA POWER MERRA-2 PRECTOTCORR
2000-05-23,0,coffee-minas-south,coffee,-21.5,-45,NASA POWER MERRA-2 PRECTOTCORR
2000-05-24,0.01,coffee-minas-south,coffee,-21.5,-45,NASA POWER MERRA-2 PRECTOTCORR
2000-05-25,0,coffee-minas-south,coffee,-21.5,-45,NASA POWER MERRA-2 PRECTOTCORR
2000-05-26,0.12,coffee-minas-south,coffee,-21.5,-45,NASA POWER MERRA-2 PRECTOTCORR
2000-05-27,3.28,coffee-minas-south,coffee,-21.5,-45,NASA POWER MERRA-2 PRECTOTCORR
2000-05-28,1.24,coffee-minas-south,coffee,-21.5,-45,NASA POWER MERRA-2 PRECTOTCORR
2000-05-29,0.14,coffee-minas-south,coffee,-21.5,-45,NASA POWER MERRA-2 PRECTOTCORR
2000-05-30,0.03,coffee-minas-south,coffee,-21.5,-45,NASA POWER MERRA-2 PRECTOTCORR
2000-05-31,0.05,coffee-minas-south,coffee,-21.5,-45,NASA POWER MERRA-2 PRECTOTCORR
2000-06-01,1.43,coffee-minas-south,coffee,-21.5,-45,NASA POWER MERRA-2 PRECTOTCORR
2000-06-02,0.17,coffee-minas-south,coffee,-21.5,-45,NASA POWER MERRA-2 PRECTOTCORR
2000-06-03,0.02,coffee-minas-south,coffee,-21.5,-45,NASA POWER MERRA-2 PRECTOTCORR
2000-06-04,0.01,coffee-minas-south,coffee,-21.5,-45,NASA POWER MERRA-2 PRECTOTCORR
2000-06-05,0,coffee-minas-south,coffee,-21.5,-45,NASA POWER MERRA-2 PRECTOTCORR
2000-06-06,0,coffee-minas-south,coffee,-21.5,-45,NASA POWER MERRA-2 PRECTOTCORR
2000-06-07,0,coffee-minas-south,coffee,-21.5,-45,NASA POWER MERRA-2 PRECTOTCORR
2000-06-08,0,coffee-minas-south,coffee,-21.5,-45,NASA POWER MERRA-2 PRECTOTCORR
2000-06-09,0,coffee-minas-south,coffee,-21.5,-45,NASA POWER MERRA-2 PRECTOTCORR
2000-06-10,0,coffee-minas-south,coffee,-21.5,-45,NASA POWER MERRA-2 PRECTOTCORR
2000-06-11,0,coffee-minas-south,coffee,-21.5,-45,NASA POWER MERRA-2 PRECTOTCORR
2000-06-12,0,coffee-minas-south,coffee,-21.5,-45,NASA POWER MERRA-2 PRECTOTCORR
2000-06-13,0,coffee-minas-south,coffee,-21.5,-45,NASA POWER MERRA-2 PRECTOTCORR
2000-06-14,0.01,coffee-minas-south,coffee,-21.5,-45,NASA POWER MERRA-2 PRECTOTCORR
2000-06-15,0.07,coffee-minas-south,coffee,-21.5,-45,NASA POWER MERRA-2 PRECTOTCORR
2000-06-16,0,coffee-minas-south,coffee,-21.5,-45,NASA POWER MERRA-2 PRECTOTCORR
2000-06-17,0.01,coffee-minas-south,coffee,-21.5,-45,NASA POWER MERRA-2 PRECTOTCORR
2000-06-18,0,coffee-minas-south,coffee,-21.5,-45,NASA POWER MERRA-2 PRECTOTCORR
2000-06-19,0,coffee-minas-south,coffee,-21.5,-45,NASA POWER MERRA-2 PRECTOTCORR
2000-06-20,0,coffee-minas-south,coffee,-21.5,-45,NASA POWER MERRA-2 PRECTOTCORR
2000-06-21,0.02,coffee-minas-south,coffee,-21.5,-45,NASA POWER MERRA-2 PRECTOTCORR
2000-06-22,0,coffee-minas-south,coffee,-21.5,-45,NASA POWER MERRA-2 PRECTOTCORR
2000-06-23,0,coffee-minas-south,coffee,-21.5,-45,NASA POWER MERRA-2 PRECTOTCORR
2000-06-24,0,coffee-minas-south,coffee,-21.5,-45,NASA POWER MERRA-2 PRECTOTCORR
2000-06-25,0,coffee-minas-south,coffee,-21.5,-45,NASA POWER MERRA-2 PRECTOTCORR
2000-06-26,0,coffee-minas-south,coffee,-21.5,-45,NASA POWER MERRA-2 PRECTOTCORR
2000-06-27,0,coffee-minas-south,coffee,-21.5,-45,NASA POWER MERRA-2 PRECTOTCORR
2000-06-28,0,coffee-minas-south,coffee,-21.5,-45,NASA POWER MERRA-2 PRECTOTCORR
2000-06-29,0,coffee-minas-south,coffee,-21.5,-45,NASA POWER MERRA-2 PRECTOTCORR
2000-06-30,0,coffee-minas-south,coffee,-21.5,-45,NASA POWER MERRA-2 PRECTOTCORR
2000-07-01,0,coffee-minas-south,coffee,-21.5,-45,NASA POWER MERRA-2 PRECTOTCORR
2000-07-02,0.02,coffee-minas-south,coffee,-21.5,-45,NASA POWER MERRA-2 PRECTOTCORR
2000-07-03,0.08,coffee-minas-south,coffee,-21.5,-45,NASA POWER MERRA-2 PRECTOTCORR
2000-07-04,0.48,coffee-minas-south,coffee,-21.5,-45,NASA POWER MERRA-2 PRECTOTCORR
2000-07-05,0.14,coffee-minas-south,coffee,-21.5,-45,NASA POWER MERRA-2 PRECTOTCORR
2000-07-06,0.02,coffee-minas-south,coffee,-21.5,-45,NASA POWER MERRA-2 PRECTOTCORR
2000-07-07,0,coffee-minas-south,coffee,-21.5,-45,NASA POWER MERRA-2 PRECTOTCORR
2000-07-08,0,coffee-minas-south,coffee,-21.5,-45,NASA POWER MERRA-2 PRECTOTCORR
2000-07-09,0,coffee-minas-south,coffee,-21.5,-45,NASA POWER MERRA-2 PRECTOTCORR
2000-07-10,0,coffee-minas-south,coffee,-21.5,-45,NASA POWER MERRA-2 PRECTOTCORR
2000-07-11,0,coffee-minas-south,coffee,-21.5,-45,NASA POWER MERRA-2 PRECTOTCORR
2000-07-12,0.11,coffee-minas-south,coffee,-21.5,-45,NASA POWER MERRA-2 PRECTOTCORR
2000-07-13,0.1,coffee-minas-south,coffee,-21.5,-45,NASA POWER MERRA-2 PRECTOTCORR
2000-07-14,0.52,coffee-minas-south,coffee,-21.5,-45,NASA POWER MERRA-2 PRECTOTCORR
2000-07-15,8.43,coffee-minas-south,coffee,-21.5,-45,NASA POWER MERRA-2 PRECTOTCORR
2000-07-16,4.52,coffee-minas-south,coffee,-21.5,-45,NASA POWER MERRA-2 PRECTOTCORR
2000-07-17,0.05,coffee-minas-south,coffee,-21.5,-45,NASA POWER MERRA-2 PRECTOTCORR
2000-07-18,0.19,coffee-minas-south,coffee,-21.5,-45,NASA POWER MERRA-2 PRECTOTCORR
2000-07-19,0.04,coffee-minas-south,coffee,-21.5,-45,NASA POWER MERRA-2 PRECTOTCORR
2000-07-20,0.02,coffee-minas-south,coffee,-21.5,-45,NASA POWER MERRA-2 PRECTOTCORR
2000-07-21,0.17,coffee-minas-south,coffee,-21.5,-45,NASA POWER MERRA-2 PRECTOTCORR
2000-07-22,4.69,coffee-minas-south,coffee,-21.5,-45,NASA POWER MERRA-2 PRECTOTCORR
2000-07-23,0.94,coffee-minas-south,coffee,-21.5,-45,NASA POWER MERRA-2 PRECTOTCORR
2000-07-24,4.71,coffee-minas-south,coffee,-21.5,-45,NASA POWER MERRA-2 PRECTOTCORR
2000-07-25,0.27,coffee-minas-south,coffee,-21.5,-45,NASA POWER MERRA-2 PRECTOTCORR
2000-07-26,0.06,coffee-minas-south,coffee,-21.5,-45,NASA POWER MERRA-2 PRECTOTCORR
2000-07-27,0.02,coffee-minas-south,coffee,-21.5,-45,NASA POWER MERRA-2 PRECTOTCORR
2000-07-28,0,coffee-minas-south,coffee,-21.5,-45,NASA POWER MERRA-2 PRECTOTCORR
2000-07-29,0,coffee-minas-south,coffee,-21.5,-45,NASA POWER MERRA-2 PRECTOTCORR
2000-07-30,0,coffee-minas-south,coffee,-21.5,-45,NASA POWER MERRA-2 PRECTOTCORR
2000-07-31,0,coffee-minas-south,coffee,-21.5,-45,NASA POWER MERRA-2 PRECTOTCORR
2000-08-01,0.04,coffee-minas-south,coffee,-21.5,-45,NASA POWER MERRA-2 PRECTOTCORR
2000-08-02,0.27,coffee-minas-south,coffee,-21.5,-45,NASA POWER MERRA-2 PRECTOTCORR
2000-08-03,2.85,coffee-minas-south,coffee,-21.5,-45,NASA POWER MERRA-2 PRECTOTCORR
2000-08-04,2.9,coffee-minas-south,coffee,-21.5,-45,NASA POWER MERRA-2 PRECTOTCORR
2000-08-05,0.13,coffee-minas-south,coffee,-21.5,-45,NASA POWER MERRA-2 PRECTOTCORR
2000-08-06,0.02,coffee-minas-south,coffee,-21.5,-45,NASA POWER MERRA-2 PRECTOTCORR
2000-08-07,0.05,coffee-minas-south,coffee,-21.5,-45,NASA POWER MERRA-2 PRECTOTCORR
2000-08-08,0,coffee-minas-south,coffee,-21.5,-45,NASA POWER MERRA-2 PRECTOTCORR
2000-08-09,0.05,coffee-minas-south,coffee,-21.5,-45,NASA POWER MERRA-2 PRECTOTCORR
2000-08-10,0.1,coffee-minas-south,coffee,-21.5,-45,NASA POWER MERRA-2 PRECTOTCORR
2000-08-11,0.32,coffee-minas-south,coffee,-21.5,-45,NASA POWER MERRA-2 PRECTOTCORR
2000-08-12,0.05,coffee-minas-south,coffee,-21.5,-45,NASA POWER MERRA-2 PRECTOTCORR
2000-08-13,0.01,coffee-minas-south,coffee,-21.5,-45,NASA POWER MERRA-2 PRECTOTCORR
2000-08-14,0,coffee-minas-south,coffee,-21.5,-45,NASA POWER MERRA-2 PRECTOTCORR
2000-08-15,0.06,coffee-minas-south,coffee,-21.5,-45,NASA POWER MERRA-2 PRECTOTCORR
2000-08-16,1,coffee-minas-south,coffee,-21.5,-45,NASA POWER MERRA-2 PRECTOTCORR
2000-08-17,5.91,coffee-minas-south,coffee,-21.5,-45,NASA POWER MERRA-2 PRECTOTCORR
2000-08-18,0.74,coffee-minas-south,coffee,-21.5,-45,NASA POWER MERRA-2 PRECTOTCORR
2000-08-19,0.05,coffee-minas-south,coffee,-21.5,-45,NASA POWER MERRA-2 PRECTOTCORR
2000-08-20,0,coffee-minas-south,coffee,-21.5,-45,NASA POWER MERRA-2 PRECTOTCORR
2000-08-21,0,coffee-minas-south,coffee,-21.5,-45,NASA POWER MERRA-2 PRECTOTCORR
2000-08-22,0.11,coffee-minas-south,coffee,-21.5,-45,NASA POWER MERRA-2 PRECTOTCORR
2000-08-23,0,coffee-minas-south,coffee,-21.5,-45,NASA POWER MERRA-2 PRECTOTCORR
2000-08-24,0,coffee-minas-south,coffee,-21.5,-45,NASA POWER MERRA-2 PRECTOTCORR
2000-08-25,0,coffee-minas-south,coffee,-21.5,-45,NASA POWER MERRA-2 PRECTOTCORR
2000-08-26,0.5,coffee-minas-south,coffee,-21.5,-45,NASA POWER MERRA-2 PRECTOTCORR
2000-08-27,1.14,coffee-minas-south,coffee,-21.5,-45,NASA POWER MERRA-2 PRECTOTCORR
2000-08-28,6.75,coffee-minas-south,coffee,-21.5,-45,NASA POWER MERRA-2 PRECTOTCORR
2000-08-29,0.27,coffee-minas-south,coffee,-21.5,-45,NASA POWER MERRA-2 PRECTOTCORR
2000-08-30,0.22,coffee-minas-south,coffee,-21.5,-45,NASA POWER MERRA-2 PRECTOTCORR
2000-08-31,5.67,coffee-minas-south,coffee,-21.5,-45,NASA POWER MERRA-2 PRECTOTCORR
2000-09-01,5.7,coffee-minas-south,coffee,-21.5,-45,NASA POWER MERRA-2 PRECTOTCORR
2000-09-02,38.74,coffee-minas-south,coffee,-21.5,-45,NASA POWER MERRA-2 PRECTOTCORR
2000-09-03,10.01,coffee-minas-south,coffee,-21.5,-45,NASA POWER MERRA-2 PRECTOTCORR
2000-09-04,1.19,coffee-minas-south,coffee,-21.5,-45,NASA POWER MERRA-2 PRECTOTCORR
2000-09-05,1.79,coffee-minas-south,coffee,-21.5,-45,NASA POWER MERRA-2 PRECTOTCORR
2000-09-06,12.98,coffee-minas-south,coffee,-21.5,-45,NASA POWER MERRA-2 PRECTOTCORR
2000-09-07,1.84,coffee-minas-south,coffee,-21.5,-45,NASA POWER MERRA-2 PRECTOTCORR
2000-09-08,1.98,coffee-minas-south,coffee,-21.5,-45,NASA POWER MERRA-2 PRECTOTCORR
2000-09-09,3.6,coffee-minas-south,coffee,-21.5,-45,NASA POWER MERRA-2 PRECTOTCORR
2000-09-10,0.68,coffee-minas-south,coffee,-21.5,-45,NASA POWER MERRA-2 PRECTOTCORR
2000-09-11,0.3,coffee-minas-south,coffee,-21.5,-45,NASA POWER MERRA-2 PRECTOTCORR
2000-09-12,3.1,coffee-minas-south,coffee,-21.5,-45,NASA POWER MERRA-2 PRECTOTCORR
2000-09-13,0.74,coffee-minas-south,coffee,-21.5,-45,NASA POWER MERRA-2 PRECTOTCORR
2000-09-14,1.91,coffee-minas-south,coffee,-21.5,-45,NASA POWER MERRA-2 PRECTOTCORR
2000-09-15,7.37,coffee-minas-south,coffee,-21.5,-45,NASA POWER MERRA-2 PRECTOTCORR
2000-09-16,10.01,coffee-minas-south,coffee,-21.5,-45,NASA POWER MERRA-2 PRECTOTCORR
2000-09-17,1.08,coffee-minas-south,coffee,-21.5,-45,NASA POWER MERRA-2 PRECTOTCORR
2000-09-18,0.22,coffee-minas-south,coffee,-21.5,-45,NASA POWER MERRA-2 PRECTOTCORR
2000-09-19,0.02,coffee-minas-south,coffee,-21.5,-45,NASA POWER MERRA-2 PRECTOTCORR
2000-09-20,0.03,coffee-minas-south,coffee,-21.5,-45,NASA POWER MERRA-2 PRECTOTCORR
2000-09-21,0.04,coffee-minas-south,coffee,-21.5,-45,NASA POWER MERRA-2 PRECTOTCORR
2000-09-22,0.02,coffee-minas-south,coffee,-21.5,-45,NASA POWER MERRA-2 PRECTOTCORR
2000-09-23,0.19,coffee-minas-south,coffee,-21.5,-45,NASA POWER MERRA-2 PRECTOTCORR
2000-09-24,0.01,coffee-minas-south,coffee,-21.5,-45,NASA POWER MERRA-2 PRECTOTCORR
2000-09-25,2.49,coffee-minas-south,coffee,-21.5,-45,NASA POWER MERRA-2 PRECTOTCORR
2000-09-26,4.25,coffee-minas-south,coffee,-21.5,-45,NASA POWER MERRA-2 PRECTOTCORR
2000-09-27,0.62,coffee-minas-south,coffee,-21.5,-45,NASA POWER MERRA-2 PRECTOTCORR
2000-09-28,0.23,coffee-minas-south,coffee,-21.5,-45,NASA POWER MERRA-2 PRECTOTCORR
2000-09-29,1.75,coffee-minas-south,coffee,-21.5,-45,NASA POWER MERRA-2 PRECTOTCORR
2000-09-30,4.43,coffee-minas-south,coffee,-21.5,-45,NASA POWER MERRA-2 PRECTOTCORR
2000-10-01,5.51,coffee-minas-south,coffee,-21.5,-45,NASA POWER MERRA-2 PRECTOTCORR
2000-10-02,0.1,coffee-minas-south,coffee,-21.5,-45,NASA POWER MERRA-2 PRECTOTCORR
2000-10-03,0.19,coffee-minas-south,coffee,-21.5,-45,NASA POWER MERRA-2 PRECTOTCORR
2000-10-04,1.18,coffee-minas-south,coffee,-21.5,-45,NASA POWER MERRA-2 PRECTOTCORR
2000-10-05,5.44,coffee-minas-south,coffee,-21.5,-45,NASA POWER MERRA-2 PRECTOTCORR
2000-10-06,1.17,coffee-minas-south,coffee,-21.5,-45,NASA POWER MERRA-2 PRECTOTCORR
2000-10-07,0.14,coffee-minas-south,coffee,-21.5,-45,NASA POWER MERRA-2 PRECTOTCORR
2000-10-08,0.11,coffee-minas-south,coffee,-21.5,-45,NASA POWER MERRA-2 PRECTOTCORR
2000-10-09,0.03,coffee-minas-south,coffee,-21.5,-45,NASA POWER MERRA-2 PRECTOTCORR
2000-10-10,0.14,coffee-minas-south,coffee,-21.5,-45,NASA POWER MERRA-2 PRECTOTCORR
2000-10-11,0.06,coffee-minas-south,coffee,-21.5,-45,NASA POWER MERRA-2 PRECTOTCORR
2000-10-12,0,coffee-minas-south,coffee,-21.5,-45,NASA POWER MERRA-2 PRECTOTCORR
2000-10-13,0.01,coffee-minas-south,coffee,-21.5,-45,NASA POWER MERRA-2 PRECTOTCORR
2000-10-14,0.01,coffee-minas-south,coffee,-21.5,-45,NASA POWER MERRA-2 PRECTOTCORR
2000-10-15,0.16,coffee-minas-south,coffee,-21.5,-45,NASA POWER MERRA-2 PRECTOTCORR
2000-10-16,0.49,coffee-minas-south,coffee,-21.5,-45,NASA POWER MERRA-2 PRECTOTCORR
2000-10-17,1.81,coffee-minas-south,coffee,-21.5,-45,NASA POWER MERRA-2 PRECTOTCORR
2000-10-18,1.87,coffee-minas-south,coffee,-21.5,-45,NASA POWER MERRA-2 PRECTOTCORR
2000-10-19,1.14,coffee-minas-south,coffee,-21.5,-45,NASA POWER MERRA-2 PRECTOTCORR
2000-10-20,3.77,coffee-minas-south,coffee,-21.5,-45,NASA POWER MERRA-2 PRECTOTCORR
2000-10-21,3.2,coffee-minas-south,coffee,-21.5,-45,NASA POWER MERRA-2 PRECTOTCORR
2000-10-22,1.73,coffee-minas-south,coffee,-21.5,-45,NASA POWER MERRA-2 PRECTOTCORR
2000-10-23,4.72,coffee-minas-south,coffee,-21.5,-45,NASA POWER MERRA-2 PRECTOTCORR
2000-10-24,1.05,coffee-minas-south,coffee,-21.5,-45,NASA POWER MERRA-2 PRECTOTCORR
2000-10-25,2.75,coffee-minas-south,coffee,-21.5,-45,NASA POWER MERRA-2 PRECTOTCORR
2000-10-26,0.95,coffee-minas-south,coffee,-21.5,-45,NASA POWER MERRA-2 PRECTOTCORR
2000-10-27,0.44,coffee-minas-south,coffee,-21.5,-45,NASA POWER MERRA-2 PRECTOTCORR
2000-10-28,13.52,coffee-minas-south,coffee,-21.5,-45,NASA POWER MERRA-2 PRECTOTCORR
2000-10-29,3.07,coffee-minas-south,coffee,-21.5,-45,NASA POWER MERRA-2 PRECTOTCORR
2000-10-30,0.47,coffee-minas-south,coffee,-21.5,-45,NASA POWER MERRA-2 PRECTOTCORR
2000-10-31,0.1,coffee-minas-south,coffee,-21.5,-45,NASA POWER MERRA-2 PRECTOTCORR
2000-11-01,0.03,coffee-minas-south,coffee,-21.5,-45,NASA POWER MERRA-2 PRECTOTCORR
2000-11-02,0.36,coffee-minas-south,coffee,-21.5,-45,NASA POWER MERRA-2 PRECTOTCORR
2000-11-03,3.65,coffee-minas-south,coffee,-21.5,-45,NASA POWER MERRA-2 PRECTOTCORR
2000-11-04,10.35,coffee-minas-south,coffee,-21.5,-45,NASA POWER MERRA-2 PRECTOTCORR
2000-11-05,2.12,coffee-minas-south,coffee,-21.5,-45,NASA POWER MERRA-2 PRECTOTCORR
2000-11-06,1.6,coffee-minas-south,coffee,-21.5,-45,NASA POWER MERRA-2 PRECTOTCORR
2000-11-07,5.92,coffee-minas-south,coffee,-21.5,-45,NASA POWER MERRA-2 PRECTOTCORR
2000-11-08,0.41,coffee-minas-south,coffee,-21.5,-45,NASA POWER MERRA-2 PRECTOTCORR
2000-11-09,0.11,coffee-minas-south,coffee,-21.5,-45,NASA POWER MERRA-2 PRECTOTCORR
2000-11-10,0.73,coffee-minas-south,coffee,-21.5,-45,NASA POWER MERRA-2 PRECTOTCORR
2000-11-11,8.18,coffee-minas-south,coffee,-21.5,-45,NASA POWER MERRA-2 PRECTOTCORR
2000-11-12,8.46,coffee-minas-south,coffee,-21.5,-45,NASA POWER MERRA-2 PRECTOTCORR
2000-11-13,9.4,coffee-minas-south,coffee,-21.5,-45,NASA POWER MERRA-2 PRECTOTCORR
2000-11-14,28.74,coffee-minas-south,coffee,-21.5,-45,NASA POWER MERRA-2 PRECTOTCORR
2000-11-15,2.53,coffee-minas-south,coffee,-21.5,-45,NASA POWER MERRA-2 PRECTOTCORR
2000-11-16,1.33,coffee-minas-south,coffee,-21.5,-45,NASA POWER MERRA-2 PRECTOTCORR
2000-11-17,7.26,coffee-minas-south,coffee,-21.5,-45,NASA POWER MERRA-2 PRECTOTCORR
2000-11-18,43.85,coffee-minas-south,coffee,-21.5,-45,NASA POWER MERRA-2 PRECTOTCORR
2000-11-19,21.52,coffee-minas-south,coffee,-21.5,-45,NASA POWER MERRA-2 PRECTOTCORR
2000-11-20,3.9,coffee-minas-south,coffee,-21.5,-45,NASA POWER MERRA-2 PRECTOTCORR
2000-11-21,33.16,coffee-minas-south,coffee,-21.5,-45,NASA POWER MERRA-2 PRECTOTCORR
2000-11-22,1.82,coffee-minas-south,coffee,-21.5,-45,NASA POWER MERRA-2 PRECTOTCORR
2000-11-23,9.61,coffee-minas-south,coffee,-21.5,-45,NASA POWER MERRA-2 PRECTOTCORR
2000-11-24,0.79,coffee-minas-south,coffee,-21.5,-45,NASA POWER MERRA-2 PRECTOTCORR
2000-11-25,5.83,coffee-minas-south,coffee,-21.5,-45,NASA POWER MERRA-2 PRECTOTCORR
2000-11-26,5.76,coffee-minas-south,coffee,-21.5,-45,NASA POWER MERRA-2 PRECTOTCORR
2000-11-27,5.38,coffee-minas-south,coffee,-21.5,-45,NASA POWER MERRA-2 PRECTOTCORR
2000-11-28,7.8,coffee-minas-south,coffee,-21.5,-45,NASA POWER MERRA-2 PRECTOTCORR
2000-11-29,11.03,coffee-minas-south,coffee,-21.5,-45,NASA POWER MERRA-2 PRECTOTCORR
2000-11-30,8.33,coffee-minas-south,coffee,-21.5,-45,NASA POWER MERRA-2 PRECTOTCORR
2000-12-01,7.35,coffee-minas-south,coffee,-21.5,-45,NASA POWER MERRA-2 PRECTOTCORR
2000-12-02,3.51,coffee-minas-south,coffee,-21.5,-45,NASA POWER MERRA-2 PRECTOTCORR
2000-12-03,7.7,coffee-minas-south,coffee,-21.5,-45,NASA POWER MERRA-2 PRECTOTCORR
2000-12-04,16.95,coffee-minas-south,coffee,-21.5,-45,NASA POWER MERRA-2 PRECTOTCORR
2000-12-05,11.18,coffee-minas-south,coffee,-21.5,-45,NASA POWER MERRA-2 PRECTOTCORR
2000-12-06,3.2,coffee-minas-south,coffee,-21.5,-45,NASA POWER MERRA-2 PRECTOTCORR
2000-12-07,0.16,coffee-minas-south,coffee,-21.5,-45,NASA POWER MERRA-2 PRECTOTCORR
2000-12-08,0.13,coffee-minas-south,coffee,-21.5,-45,NASA POWER MERRA-2 PRECTOTCORR
2000-12-09,4.28,coffee-minas-south,coffee,-21.5,-45,NASA POWER MERRA-2 PRECTOTCORR
2000-12-10,8.77,coffee-minas-south,coffee,-21.5,-45,NASA POWER MERRA-2 PRECTOTCORR
2000-12-11,0.76,coffee-minas-south,coffee,-21.5,-45,NASA POWER MERRA-2 PRECTOTCORR
2000-12-12,2.24,coffee-minas-south,coffee,-21.5,-45,NASA POWER MERRA-2 PRECTOTCORR
2000-12-13,3.28,coffee-minas-south,coffee,-21.5,-45,NASA POWER MERRA-2 PRECTOTCORR
2000-12-14,1.78,coffee-minas-south,coffee,-21.5,-45,NASA POWER MERRA-2 PRECTOTCORR
2000-12-15,0.36,coffee-minas-south,coffee,-21.5,-45,NASA POWER MERRA-2 PRECTOTCORR
2000-12-16,5.83,coffee-minas-south,coffee,-21.5,-45,NASA POWER MERRA-2 PRECTOTCORR
2000-12-17,26.14,coffee-minas-south,coffee,-21.5,-45,NASA POWER MERRA-2 PRECTOTCORR
2000-12-18,32.35,coffee-minas-south,coffee,-21.5,-45,NASA POWER MERRA-2 PRECTOTCORR
2000-12-19,18.73,coffee-minas-south,coffee,-21.5,-45,NASA POWER MERRA-2 PRECTOTCORR
2000-12-20,1.56,coffee-minas-south,coffee,-21.5,-45,NASA POWER MERRA-2 PRECTOTCORR
2000-12-21,1.79,coffee-minas-south,coffee,-21.5,-45,NASA POWER MERRA-2 PRECTOTCORR
2000-12-22,4.11,coffee-minas-south,coffee,-21.5,-45,NASA POWER MERRA-2 PRECTOTCORR
2000-12-23,11.74,coffee-minas-south,coffee,-21.5,-45,NASA POWER MERRA-2 PRECTOTCORR
2000-12-24,16.91,coffee-minas-south,coffee,-21.5,-45,NASA POWER MERRA-2 PRECTOTCORR
2000-12-25,8.53,coffee-minas-south,coffee,-21.5,-45,NASA POWER MERRA-2 PRECTOTCORR
2000-12-26,7.92,coffee-minas-south,coffee,-21.5,-45,NASA POWER MERRA-2 PRECTOTCORR
2000-12-27,14.39,coffee-minas-south,coffee,-21.5,-45,NASA POWER MERRA-2 PRECTOTCORR
2000-12-28,7.13,coffee-minas-south,coffee,-21.5,-45,NASA POWER MERRA-2 PRECTOTCORR
2000-12-29,6.77,coffee-minas-south,coffee,-21.5,-45,NASA POWER MERRA-2 PRECTOTCORR
2000-12-30,12.43,coffee-minas-south,coffee,-21.5,-45,NASA POWER MERRA-2 PRECTOTCORR
2000-12-31,17.13,coffee-minas-south,coffee,-21.5,-45,NASA POWER MERRA-2 PRECTOTCORR
2001-01-01,4.63,coffee-minas-south,coffee,-21.5,-45,NASA POWER MERRA-2 PRECTOTCORR
2001-01-02,5.14,coffee-minas-south,coffee,-21.5,-45,NASA POWER MERRA-2 PRECTOTCORR
2001-01-03,14.54,coffee-minas-south,coffee,-21.5,-45,NASA POWER MERRA-2 PRECTOTCORR
2001-01-04,2.41,coffee-minas-south,coffee,-21.5,-45,NASA POWER MERRA-2 PRECTOTCORR
2001-01-05,0.84,coffee-minas-south,coffee,-21.5,-45,NASA POWER MERRA-2 PRECTOTCORR
2001-01-06,0.3,coffee-minas-south,coffee,-21.5,-45,NASA POWER MERRA-2 PRECTOTCORR
2001-01-07,0.43,coffee-minas-south,coffee,-21.5,-45,NASA POWER MERRA-2 PRECTOTCORR
2001-01-08,4.07,coffee-minas-south,coffee,-21.5,-45,NASA POWER MERRA-2 PRECTOTCORR
2001-01-09,6.89,coffee-minas-south,coffee,-21.5,-45,NASA POWER MERRA-2 PRECTOTCORR
2001-01-10,5.54,coffee-minas-south,coffee,-21.5,-45,NASA POWER MERRA-2 PRECTOTCORR
2001-01-11,2.37,coffee-minas-south,coffee,-21.5,-45,NASA POWER MERRA-2 PRECTOTCORR
2001-01-12,1.74,coffee-minas-south,coffee,-21.5,-45,NASA POWER MERRA-2 PRECTOTCORR
2001-01-13,4.4,coffee-minas-south,coffee,-21.5,-45,NASA POWER MERRA-2 PRECTOTCORR
2001-01-14,1.69,coffee-minas-south,coffee,-21.5,-45,NASA POWER MERRA-2 PRECTOTCORR
2001-01-15,0.24,coffee-minas-south,coffee,-21.5,-45,NASA POWER MERRA-2 PRECTOTCORR
2001-01-16,0.13,coffee-minas-south,coffee,-21.5,-45,NASA POWER MERRA-2 PRECTOTCORR
2001-01-17,0.05,coffee-minas-south,coffee,-21.5,-45,NASA POWER MERRA-2 PRECTOTCORR
2001-01-18,0.28,coffee-minas-south,coffee,-21.5,-45,NASA POWER MERRA-2 PRECTOTCORR
2001-01-19,9.51,coffee-minas-south,coffee,-21.5,-45,NASA POWER MERRA-2 PRECTOTCORR
2001-01-20,5.56,coffee-minas-south,coffee,-21.5,-45,NASA POWER MERRA-2 PRECTOTCORR
2001-01-21,15.1,coffee-minas-south,coffee,-21.5,-45,NASA POWER MERRA-2 PRECTOTCORR
2001-01-22,7.13,coffee-minas-south,coffee,-21.5,-45,NASA POWER MERRA-2 PRECTOTCORR
2001-01-23,10.51,coffee-minas-south,coffee,-21.5,-45,NASA POWER MERRA-2 PRECTOTCORR
2001-01-24,11.71,coffee-minas-south,coffee,-21.5,-45,NASA POWER MERRA-2 PRECTOTCORR
2001-01-25,2.99,coffee-minas-south,coffee,-21.5,-45,NASA POWER MERRA-2 PRECTOTCORR
2001-01-26,1.12,coffee-minas-south,coffee,-21.5,-45,NASA POWER MERRA-2 PRECTOTCORR
2001-01-27,7.85,coffee-minas-south,coffee,-21.5,-45,NASA POWER MERRA-2 PRECTOTCORR
2001-01-28,8.47,coffee-minas-south,coffee,-21.5,-45,NASA POWER MERRA-2 PRECTOTCORR
2001-01-29,2.57,coffee-minas-south,coffee,-21.5,-45,NASA POWER MERRA-2 PRECTOTCORR
2001-01-30,10.75,coffee-minas-south,coffee,-21.5,-45,NASA POWER MERRA-2 PRECTOTCORR
2001-01-31,1.68,coffee-minas-south,coffee,-21.5,-45,NASA POWER MERRA-2 PRECTOTCORR
2001-02-01,1.26,coffee-minas-south,coffee,-21.5,-45,NASA POWER MERRA-2 PRECTOTCORR
2001-02-02,1.35,coffee-minas-south,coffee,-21.5,-45,NASA POWER MERRA-2 PRECTOTCORR
2001-02-03,2.18,coffee-minas-south,coffee,-21.5,-45,NASA POWER MERRA-2 PRECTOTCORR
2001-02-04,3.42,coffee-minas-south,coffee,-21.5,-45,NASA POWER MERRA-2 PRECTOTCORR
2001-02-05,15.04,coffee-minas-south,coffee,-21.5,-45,NASA POWER MERRA-2 PRECTOTCORR
2001-02-06,3.15,coffee-minas-south,coffee,-21.5,-45,NASA POWER MERRA-2 PRECTOTCORR
2001-02-07,8.18,coffee-minas-south,coffee,-21.5,-45,NASA POWER MERRA-2 PRECTOTCORR
2001-02-08,12.89,coffee-minas-south,coffee,-21.5,-45,NASA POWER MERRA-2 PRECTOTCORR
2001-02-09,5.49,coffee-minas-south,coffee,-21.5,-45,NASA POWER MERRA-2 PRECTOTCORR
2001-02-10,4.33,coffee-minas-south,coffee,-21.5,-45,NASA POWER MERRA-2 PRECTOTCORR
2001-02-11,2.52,coffee-minas-south,coffee,-21.5,-45,NASA POWER MERRA-2 PRECTOTCORR
2001-02-12,4.04,coffee-minas-south,coffee,-21.5,-45,NASA POWER MERRA-2 PRECTOTCORR
2001-02-13,4.76,coffee-minas-south,coffee,-21.5,-45,NASA POWER MERRA-2 PRECTOTCORR
2001-02-14,3.4,coffee-minas-south,coffee,-21.5,-45,NASA POWER MERRA-2 PRECTOTCORR
2001-02-15,1.67,coffee-minas-south,coffee,-21.5,-45,NASA POWER MERRA-2 PRECTOTCORR
2001-02-16,17.55,coffee-minas-south,coffee,-21.5,-45,NASA POWER MERRA-2 PRECTOTCORR
2001-02-17,4.09,coffee-minas-south,coffee,-21.5,-45,NASA POWER MERRA-2 PRECTOTCORR
2001-02-18,0.51,coffee-minas-south,coffee,-21.5,-45,NASA POWER MERRA-2 PRECTOTCORR
2001-02-19,0.29,coffee-minas-south,coffee,-21.5,-45,NASA POWER MERRA-2 PRECTOTCORR
2001-02-20,0.12,coffee-minas-south,coffee,-21.5,-45,NASA POWER MERRA-2 PRECTOTCORR
2001-02-21,0.07,coffee-minas-south,coffee,-21.5,-45,NASA POWER MERRA-2 PRECTOTCORR
2001-02-22,0.65,coffee-minas-south,coffee,-21.5,-45,NASA POWER MERRA-2 PRECTOTCORR
2001-02-23,2.13,coffee-minas-south,coffee,-21.5,-45,NASA POWER MERRA-2 PRECTOTCORR
2001-02-24,1.96,coffee-minas-south,coffee,-21.5,-45,NASA POWER MERRA-2 PRECTOTCORR
2001-02-25,0.89,coffee-minas-south,coffee,-21.5,-45,NASA POWER MERRA-2 PRECTOTCORR
2001-02-26,0.37,coffee-minas-south,coffee,-21.5,-45,NASA POWER MERRA-2 PRECTOTCORR
2001-02-27,0.17,coffee-minas-south,coffee,-21.5,-45,NASA POWER MERRA-2 PRECTOTCORR
2001-02-28,0.39,coffee-minas-south,coffee,-21.5,-45,NASA POWER MERRA-2 PRECTOTCORR
2001-03-01,0.15,coffee-minas-south,coffee,-21.5,-45,NASA POWER MERRA-2 PRECTOTCORR
2001-03-02,0.3,coffee-minas-south,coffee,-21.5,-45,NASA POWER MERRA-2 PRECTOTCORR
2001-03-03,8.4,coffee-minas-south,coffee,-21.5,-45,NASA POWER MERRA-2 PRECTOTCORR
2001-03-04,2.32,coffee-minas-south,coffee,-21.5,-45,NASA POWER MERRA-2 PRECTOTCORR
2001-03-05,9.53,coffee-minas-south,coffee,-21.5,-45,NASA POWER MERRA-2 PRECTOTCORR
2001-03-06,2.5,coffee-minas-south,coffee,-21.5,-45,NASA POWER MERRA-2 PRECTOTCORR
2001-03-07,6.08,coffee-minas-south,coffee,-21.5,-45,NASA POWER MERRA-2 PRECTOTCORR
2001-03-08,5.15,coffee-minas-south,coffee,-21.5,-45,NASA POWER MERRA-2 PRECTOTCORR
2001-03-09,7.65,coffee-minas-south,coffee,-21.5,-45,NASA POWER MERRA-2 PRECTOTCORR
2001-03-10,10.56,coffee-minas-south,coffee,-21.5,-45,NASA POWER MERRA-2 PRECTOTCORR
2001-03-11,26.9,coffee-minas-south,coffee,-21.5,-45,NASA POWER MERRA-2 PRECTOTCORR
2001-03-12,10.95,coffee-minas-south,coffee,-21.5,-45,NASA POWER MERRA-2 PRECTOTCORR
2001-03-13,1.04,coffee-minas-south,coffee,-21.5,-45,NASA POWER MERRA-2 PRECTOTCORR
2001-03-14,0.28,coffee-minas-south,coffee,-21.5,-45,NASA POWER MERRA-2 PRECTOTCORR
2001-03-15,0.12,coffee-minas-south,coffee,-21.5,-45,NASA POWER MERRA-2 PRECTOTCORR
2001-03-16,0.05,coffee-minas-south,coffee,-21.5,-45,NASA POWER MERRA-2 PRECTOTCORR
2001-03-17,0.52,coffee-minas-south,coffee,-21.5,-45,NASA POWER MERRA-2 PRECTOTCORR
2001-03-18,1.42,coffee-minas-south,coffee,-21.5,-45,NASA POWER MERRA-2 PRECTOTCORR
2001-03-19,4.09,coffee-minas-south,coffee,-21.5,-45,NASA POWER MERRA-2 PRECTOTCORR
2001-03-20,5.89,coffee-minas-south,coffee,-21.5,-45,NASA POWER MERRA-2 PRECTOTCORR
2001-03-21,1.1,coffee-minas-south,coffee,-21.5,-45,NASA POWER MERRA-2 PRECTOTCORR
2001-03-22,0.3,coffee-minas-south,coffee,-21.5,-45,NASA POWER MERRA-2 PRECTOTCORR
2001-03-23,0.42,coffee-minas-south,coffee,-21.5,-45,NASA POWER MERRA-2 PRECTOTCORR
2001-03-24,0.66,coffee-minas-south,coffee,-21.5,-45,NASA POWER MERRA-2 PRECTOTCORR
2001-03-25,3.32,coffee-minas-south,coffee,-21.5,-45,NASA POWER MERRA-2 PRECTOTCORR
2001-03-26,3.89,coffee-minas-south,coffee,-21.5,-45,NASA POWER MERRA-2 PRECTOTCORR
2001-03-27,12.62,coffee-minas-south,coffee,-21.5,-45,NASA POWER MERRA-2 PRECTOTCORR
2001-03-28,22.07,coffee-minas-south,coffee,-21.5,-45,NASA POWER MERRA-2 PRECTOTCORR
2001-03-29,10.68,coffee-minas-south,coffee,-21.5,-45,NASA POWER MERRA-2 PRECTOTCORR
2001-03-30,16.8,coffee-minas-south,coffee,-21.5,-45,NASA POWER MERRA-2 PRECTOTCORR
2001-03-31,1.96,coffee-minas-south,coffee,-21.5,-45,NASA POWER MERRA-2 PRECTOTCORR
2001-04-01,1.04,coffee-minas-south,coffee,-21.5,-45,NASA POWER MERRA-2 PRECTOTCORR
2001-04-02,0.3,coffee-minas-south,coffee,-21.5,-45,NASA POWER MERRA-2 PRECTOTCORR
2001-04-03,1.91,coffee-minas-south,coffee,-21.5,-45,NASA POWER MERRA-2 PRECTOTCORR
2001-04-04,1.11,coffee-minas-south,coffee,-21.5,-45,NASA POWER MERRA-2 PRECTOTCORR
2001-04-05,0.4,coffee-minas-south,coffee,-21.5,-45,NASA POWER MERRA-2 PRECTOTCORR
2001-04-06,1.23,coffee-minas-south,coffee,-21.5,-45,NASA POWER MERRA-2 PRECTOTCORR
2001-04-07,0.38,coffee-minas-south,coffee,-21.5,-45,NASA POWER MERRA-2 PRECTOTCORR
2001-04-08,0.41,coffee-minas-south,coffee,-21.5,-45,NASA POWER MERRA-2 PRECTOTCORR
2001-04-09,0.11,coffee-minas-south,coffee,-21.5,-45,NASA POWER MERRA-2 PRECTOTCORR
2001-04-10,1.23,coffee-minas-south,coffee,-21.5,-45,NASA POWER MERRA-2 PRECTOTCORR
2001-04-11,2.2,coffee-minas-south,coffee,-21.5,-45,NASA POWER MERRA-2 PRECTOTCORR
2001-04-12,0.53,coffee-minas-south,coffee,-21.5,-45,NASA POWER MERRA-2 PRECTOTCORR
2001-04-13,0.05,coffee-minas-south,coffee,-21.5,-45,NASA POWER MERRA-2 PRECTOTCORR
2001-04-14,0.03,coffee-minas-south,coffee,-21.5,-45,NASA POWER MERRA-2 PRECTOTCORR
2001-04-15,0.48,coffee-minas-south,coffee,-21.5,-45,NASA POWER MERRA-2 PRECTOTCORR
2001-04-16,1.89,coffee-minas-south,coffee,-21.5,-45,NASA POWER MERRA-2 PRECTOTCORR
2001-04-17,0.45,coffee-minas-south,coffee,-21.5,-45,NASA POWER MERRA-2 PRECTOTCORR
2001-04-18,0.09,coffee-minas-south,coffee,-21.5,-45,NASA POWER MERRA-2 PRECTOTCORR
2001-04-19,0.04,coffee-minas-south,coffee,-21.5,-45,NASA POWER MERRA-2 PRECTOTCORR
2001-04-20,0,coffee-minas-south,coffee,-21.5,-45,NASA POWER MERRA-2 PRECTOTCORR
2001-04-21,0.13,coffee-minas-south,coffee,-21.5,-45,NASA POWER MERRA-2 PRECTOTCORR
2001-04-22,1.05,coffee-minas-south,coffee,-21.5,-45,NASA POWER MERRA-2 PRECTOTCORR
2001-04-23,0.03,coffee-minas-south,coffee,-21.5,-45,NASA POWER MERRA-2 PRECTOTCORR
2001-04-24,0,coffee-minas-south,coffee,-21.5,-45,NASA POWER MERRA-2 PRECTOTCORR
2001-04-25,0,coffee-minas-south,coffee,-21.5,-45,NASA POWER MERRA-2 PRECTOTCORR
2001-04-26,0.01,coffee-minas-south,coffee,-21.5,-45,NASA POWER MERRA-2 PRECTOTCORR
2001-04-27,0.04,coffee-minas-south,coffee,-21.5,-45,NASA POWER MERRA-2 PRECTOTCORR
2001-04-28,0,coffee-minas-south,coffee,-21.5,-45,NASA POWER MERRA-2 PRECTOTCORR
2001-04-29,0,coffee-minas-south,coffee,-21.5,-45,NASA POWER MERRA-2 PRECTOTCORR
2001-04-30,0,coffee-minas-south,coffee,-21.5,-45,NASA POWER MERRA-2 PRECTOTCORR
2001-05-01,0,coffee-minas-south,coffee,-21.5,-45,NASA POWER MERRA-2 PRECTOTCORR
2001-05-02,0.01,coffee-minas-south,coffee,-21.5,-45,NASA POWER MERRA-2 PRECTOTCORR
2001-05-03,0,coffee-minas-south,coffee,-21.5,-45,NASA POWER MERRA-2 PRECTOTCORR
2001-05-04,0.11,coffee-minas-south,coffee,-21.5,-45,NASA POWER MERRA-2 PRECTOTCORR
2001-05-05,0.12,coffee-minas-south,coffee,-21.5,-45,NASA POWER MERRA-2 PRECTOTCORR
2001-05-06,0.01,coffee-minas-south,coffee,-21.5,-45,NASA POWER MERRA-2 PRECTOTCORR
2001-05-07,0.01,coffee-minas-south,coffee,-21.5,-45,NASA POWER MERRA-2 PRECTOTCORR
2001-05-08,0.36,coffee-minas-south,coffee,-21.5,-45,NASA POWER MERRA-2 PRECTOTCORR
2001-05-09,0.01,coffee-minas-south,coffee,-21.5,-45,NASA POWER MERRA-2 PRECTOTCORR
2001-05-10,0.2,coffee-minas-south,coffee,-21.5,-45,NASA POWER MERRA-2 PRECTOTCORR
2001-05-11,3,coffee-minas-south,coffee,-21.5,-45,NASA POWER MERRA-2 PRECTOTCORR
2001-05-12,8.36,coffee-minas-south,coffee,-21.5,-45,NASA POWER MERRA-2 PRECTOTCORR
2001-05-13,5.19,coffee-minas-south,coffee,-21.5,-45,NASA POWER MERRA-2 PRECTOTCORR
2001-05-14,1.3,coffee-minas-south,coffee,-21.5,-45,NASA POWER MERRA-2 PRECTOTCORR
2001-05-15,3.03,coffee-minas-south,coffee,-21.5,-45,NASA POWER MERRA-2 PRECTOTCORR
2001-05-16,18.28,coffee-minas-south,coffee,-21.5,-45,NASA POWER MERRA-2 PRECTOTCORR
2001-05-17,2.94,coffee-minas-south,coffee,-21.5,-45,NASA POWER MERRA-2 PRECTOTCORR
2001-05-18,0,coffee-minas-south,coffee,-21.5,-45,NASA POWER MERRA-2 PRECTOTCORR
2001-05-19,0.02,coffee-minas-south,coffee,-21.5,-45,NASA POWER MERRA-2 PRECTOTCORR
2001-05-20,0.11,coffee-minas-south,coffee,-21.5,-45,NASA POWER MERRA-2 PRECTOTCORR
2001-05-21,0.03,coffee-minas-south,coffee,-21.5,-45,NASA POWER MERRA-2 PRECTOTCORR
2001-05-22,1.46,coffee-minas-south,coffee,-21.5,-45,NASA POWER MERRA-2 PRECTOTCORR
2001-05-23,0.4,coffee-minas-south,coffee,-21.5,-45,NASA POWER MERRA-2 PRECTOTCORR
2001-05-24,2.22,coffee-minas-south,coffee,-21.5,-45,NASA POWER MERRA-2 PRECTOTCORR
2001-05-25,0.79,coffee-minas-south,coffee,-21.5,-45,NASA POWER MERRA-2 PRECTOTCORR
2001-05-26,0.54,coffee-minas-south,coffee,-21.5,-45,NASA POWER MERRA-2 PRECTOTCORR
2001-05-27,1.37,coffee-minas-south,coffee,-21.5,-45,NASA POWER MERRA-2 PRECTOTCORR
2001-05-28,1.51,coffee-minas-south,coffee,-21.5,-45,NASA POWER MERRA-2 PRECTOTCORR
2001-05-29,1.99,coffee-minas-south,coffee,-21.5,-45,NASA POWER MERRA-2 PRECTOTCORR
2001-05-30,0.11,coffee-minas-south,coffee,-21.5,-45,NASA POWER MERRA-2 PRECTOTCORR
2001-05-31,0.01,coffee-minas-south,coffee,-21.5,-45,NASA POWER MERRA-2 PRECTOTCORR
2001-06-01,0,coffee-minas-south,coffee,-21.5,-45,NASA POWER MERRA-2 PRECTOTCORR
2001-06-02,0,coffee-minas-south,coffee,-21.5,-45,NASA POWER MERRA-2 PRECTOTCORR
2001-06-03,0,coffee-minas-south,coffee,-21.5,-45,NASA POWER MERRA-2 PRECTOTCORR
2001-06-04,0.01,coffee-minas-south,coffee,-21.5,-45,NASA POWER MERRA-2 PRECTOTCORR
2001-06-05,0,coffee-minas-south,coffee,-21.5,-45,NASA POWER MERRA-2 PRECTOTCORR
2001-06-06,0,coffee-minas-south,coffee,-21.5,-45,NASA POWER MERRA-2 PRECTOTCORR
2001-06-07,0,coffee-minas-south,coffee,-21.5,-45,NASA POWER MERRA-2 PRECTOTCORR
2001-06-08,0,coffee-minas-south,coffee,-21.5,-45,NASA POWER MERRA-2 PRECTOTCORR
2001-06-09,0,coffee-minas-south,coffee,-21.5,-45,NASA POWER MERRA-2 PRECTOTCORR
2001-06-10,0.04,coffee-minas-south,coffee,-21.5,-45,NASA POWER MERRA-2 PRECTOTCORR
2001-06-11,0.04,coffee-minas-south,coffee,-21.5,-45,NASA POWER MERRA-2 PRECTOTCORR
2001-06-12,0.01,coffee-minas-south,coffee,-21.5,-45,NASA POWER MERRA-2 PRECTOTCORR
2001-06-13,0.09,coffee-minas-south,coffee,-21.5,-45,NASA POWER MERRA-2 PRECTOTCORR
2001-06-14,0,coffee-minas-south,coffee,-21.5,-45,NASA POWER MERRA-2 PRECTOTCORR
2001-06-15,0,coffee-minas-south,coffee,-21.5,-45,NASA POWER MERRA-2 PRECTOTCORR
2001-06-16,0,coffee-minas-south,coffee,-21.5,-45,NASA POWER MERRA-2 PRECTOTCORR
2001-06-17,0,coffee-minas-south,coffee,-21.5,-45,NASA POWER MERRA-2 PRECTOTCORR
2001-06-18,0.07,coffee-minas-south,coffee,-21.5,-45,NASA POWER MERRA-2 PRECTOTCORR
2001-06-19,0.01,coffee-minas-south,coffee,-21.5,-45,NASA POWER MERRA-2 PRECTOTCORR
2001-06-20,0,coffee-minas-south,coffee,-21.5,-45,NASA POWER MERRA-2 PRECTOTCORR
2001-06-21,0,coffee-minas-south,coffee,-21.5,-45,NASA POWER MERRA-2 PRECTOTCORR
2001-06-22,0.03,coffee-minas-south,coffee,-21.5,-45,NASA POWER MERRA-2 PRECTOTCORR
2001-06-23,0.01,coffee-minas-south,coffee,-21.5,-45,NASA POWER MERRA-2 PRECTOTCORR
2001-06-24,0.01,coffee-minas-south,coffee,-21.5,-45,NASA POWER MERRA-2 PRECTOTCORR
2001-06-25,0.13,coffee-minas-south,coffee,-21.5,-45,NASA POWER MERRA-2 PRECTOTCORR
2001-06-26,0.01,coffee-minas-south,coffee,-21.5,-45,NASA POWER MERRA-2 PRECTOTCORR
2001-06-27,0.68,coffee-minas-south,coffee,-21.5,-45,NASA POWER MERRA-2 PRECTOTCORR
2001-06-28,0.01,coffee-minas-south,coffee,-21.5,-45,NASA POWER MERRA-2 PRECTOTCORR
2001-06-29,0,coffee-minas-south,coffee,-21.5,-45,NASA POWER MERRA-2 PRECTOTCORR
2001-06-30,0,coffee-minas-south,coffee,-21.5,-45,NASA POWER MERRA-2 PRECTOTCORR
2001-07-01,0,coffee-minas-south,coffee,-21.5,-45,NASA POWER MERRA-2 PRECTOTCORR
2001-07-02,0,coffee-minas-south,coffee,-21.5,-45,NASA POWER MERRA-2 PRECTOTCORR
2001-07-03,0,coffee-minas-south,coffee,-21.5,-45,NASA POWER MERRA-2 PRECTOTCORR
2001-07-04,0,coffee-minas-south,coffee,-21.5,-45,NASA POWER MERRA-2 PRECTOTCORR
2001-07-05,0,coffee-minas-south,coffee,-21.5,-45,NASA POWER MERRA-2 PRECTOTCORR
2001-07-06,0,coffee-minas-south,coffee,-21.5,-45,NASA POWER MERRA-2 PRECTOTCORR
2001-07-07,0,coffee-minas-south,coffee,-21.5,-45,NASA POWER MERRA-2 PRECTOTCORR
2001-07-08,0,coffee-minas-south,coffee,-21.5,-45,NASA POWER MERRA-2 PRECTOTCORR
2001-07-09,0,coffee-minas-south,coffee,-21.5,-45,NASA POWER MERRA-2 PRECTOTCORR
2001-07-10,0,coffee-minas-south,coffee,-21.5,-45,NASA POWER MERRA-2 PRECTOTCORR
2001-07-11,0,coffee-minas-south,coffee,-21.5,-45,NASA POWER MERRA-2 PRECTOTCORR
2001-07-12,0.08,coffee-minas-south,coffee,-21.5,-45,NASA POWER MERRA-2 PRECTOTCORR
2001-07-13,0.14,coffee-minas-south,coffee,-21.5,-45,NASA POWER MERRA-2 PRECTOTCORR
2001-07-14,0.03,coffee-minas-south,coffee,-21.5,-45,NASA POWER MERRA-2 PRECTOTCORR
2001-07-15,0,coffee-minas-south,coffee,-21.5,-45,NASA POWER MERRA-2 PRECTOTCORR
2001-07-16,0,coffee-minas-south,coffee,-21.5,-45,NASA POWER MERRA-2 PRECTOTCORR
2001-07-17,0,coffee-minas-south,coffee,-21.5,-45,NASA POWER MERRA-2 PRECTOTCORR
2001-07-18,0.12,coffee-minas-south,coffee,-21.5,-45,NASA POWER MERRA-2 PRECTOTCORR
2001-07-19,0.18,coffee-minas-south,coffee,-21.5,-45,NASA POWER MERRA-2 PRECTOTCORR
2001-07-20,1.28,coffee-minas-south,coffee,-21.5,-45,NASA POWER MERRA-2 PRECTOTCORR
2001-07-21,0.15,coffee-minas-south,coffee,-21.5,-45,NASA POWER MERRA-2 PRECTOTCORR
2001-07-22,0.2,coffee-minas-south,coffee,-21.5,-45,NASA POWER MERRA-2 PRECTOTCORR
2001-07-23,0.86,coffee-minas-south,coffee,-21.5,-45,NASA POWER MERRA-2 PRECTOTCORR
2001-07-24,1.28,coffee-minas-south,coffee,-21.5,-45,NASA POWER MERRA-2 PRECTOTCORR
2001-07-25,0.23,coffee-minas-south,coffee,-21.5,-45,NASA POWER MERRA-2 PRECTOTCORR
2001-07-26,0.03,coffee-minas-south,coffee,-21.5,-45,NASA POWER MERRA-2 PRECTOTCORR
2001-07-27,0.19,coffee-minas-south,coffee,-21.5,-45,NASA POWER MERRA-2 PRECTOTCORR
2001-07-28,0.73,coffee-minas-south,coffee,-21.5,-45,NASA POWER MERRA-2 PRECTOTCORR
2001-07-29,0.1,coffee-minas-south,coffee,-21.5,-45,NASA POWER MERRA-2 PRECTOTCORR
2001-07-30,0,coffee-minas-south,coffee,-21.5,-45,NASA POWER MERRA-2 PRECTOTCORR
2001-07-31,0,coffee-minas-south,coffee,-21.5,-45,NASA POWER MERRA-2 PRECTOTCORR
2001-08-01,0,coffee-minas-south,coffee,-21.5,-45,NASA POWER MERRA-2 PRECTOTCORR
2001-08-02,0,coffee-minas-south,coffee,-21.5,-45,NASA POWER MERRA-2 PRECTOTCORR
2001-08-03,0,coffee-minas-south,coffee,-21.5,-45,NASA POWER MERRA-2 PRECTOTCORR
2001-08-04,0,coffee-minas-south,coffee,-21.5,-45,NASA POWER MERRA-2 PRECTOTCORR
2001-08-05,0,coffee-minas-south,coffee,-21.5,-45,NASA POWER MERRA-2 PRECTOTCORR
2001-08-06,0,coffee-minas-south,coffee,-21.5,-45,NASA POWER MERRA-2 PRECTOTCORR
2001-08-07,0,coffee-minas-south,coffee,-21.5,-45,NASA POWER MERRA-2 PRECTOTCORR
2001-08-08,0,coffee-minas-south,coffee,-21.5,-45,NASA POWER MERRA-2 PRECTOTCORR
2001-08-09,0,coffee-minas-south,coffee,-21.5,-45,NASA POWER MERRA-2 PRECTOTCORR
2001-08-10,0,coffee-minas-south,coffee,-21.5,-45,NASA POWER MERRA-2 PRECTOTCORR
2001-08-11,0.08,coffee-minas-south,coffee,-21.5,-45,NASA POWER MERRA-2 PRECTOTCORR
2001-08-12,0.03,coffee-minas-south,coffee,-21.5,-45,NASA POWER MERRA-2 PRECTOTCORR
2001-08-13,0,coffee-minas-south,coffee,-21.5,-45,NASA POWER MERRA-2 PRECTOTCORR
2001-08-14,0,coffee-minas-south,coffee,-21.5,-45,NASA POWER MERRA-2 PRECTOTCORR
2001-08-15,0,coffee-minas-south,coffee,-21.5,-45,NASA POWER MERRA-2 PRECTOTCORR
2001-08-16,0,coffee-minas-south,coffee,-21.5,-45,NASA POWER MERRA-2 PRECTOTCORR
2001-08-17,0,coffee-minas-south,coffee,-21.5,-45,NASA POWER MERRA-2 PRECTOTCORR
2001-08-18,0.17,coffee-minas-south,coffee,-21.5,-45,NASA POWER MERRA-2 PRECTOTCORR
2001-08-19,0.15,coffee-minas-south,coffee,-21.5,-45,NASA POWER MERRA-2 PRECTOTCORR
2001-08-20,0,coffee-minas-south,coffee,-21.5,-45,NASA POWER MERRA-2 PRECTOTCORR
2001-08-21,0.11,coffee-minas-south,coffee,-21.5,-45,NASA POWER MERRA-2 PRECTOTCORR
2001-08-22,0.48,coffee-minas-south,coffee,-21.5,-45,NASA POWER MERRA-2 PRECTOTCORR
2001-08-23,8.01,coffee-minas-south,coffee,-21.5,-45,NASA POWER MERRA-2 PRECTOTCORR
2001-08-24,3.82,coffee-minas-south,coffee,-21.5,-45,NASA POWER MERRA-2 PRECTOTCORR
2001-08-25,0.06,coffee-minas-south,coffee,-21.5,-45,NASA POWER MERRA-2 PRECTOTCORR
2001-08-26,0.31,coffee-minas-south,coffee,-21.5,-45,NASA POWER MERRA-2 PRECTOTCORR
2001-08-27,3.99,coffee-minas-south,coffee,-21.5,-45,NASA POWER MERRA-2 PRECTOTCORR
2001-08-28,4,coffee-minas-south,coffee,-21.5,-45,NASA POWER MERRA-2 PRECTOTCORR
2001-08-29,15.21,coffee-minas-south,coffee,-21.5,-45,NASA POWER MERRA-2 PRECTOTCORR
2001-08-30,0.69,coffee-minas-south,coffee,-21.5,-45,NASA POWER MERRA-2 PRECTOTCORR
2001-08-31,1.59,coffee-minas-south,coffee,-21.5,-45,NASA POWER MERRA-2 PRECTOTCORR
2001-09-01,0.44,coffee-minas-south,coffee,-21.5,-45,NASA POWER MERRA-2 PRECTOTCORR
2001-09-02,0.01,coffee-minas-south,coffee,-21.5,-45,NASA POWER MERRA-2 PRECTOTCORR
2001-09-03,0.01,coffee-minas-south,coffee,-21.5,-45,NASA POWER MERRA-2 PRECTOTCORR
2001-09-04,0.01,coffee-minas-south,coffee,-21.5,-45,NASA POWER MERRA-2 PRECTOTCORR
2001-09-05,0.01,coffee-minas-south,coffee,-21.5,-45,NASA POWER MERRA-2 PRECTOTCORR
2001-09-06,0.36,coffee-minas-south,coffee,-21.5,-45,NASA POWER MERRA-2 PRECTOTCORR
2001-09-07,0.23,coffee-minas-south,coffee,-21.5,-45,NASA POWER MERRA-2 PRECTOTCORR
2001-09-08,0,coffee-minas-south,coffee,-21.5,-45,NASA POWER MERRA-2 PRECTOTCORR
2001-09-09,0,coffee-minas-south,coffee,-21.5,-45,NASA POWER MERRA-2 PRECTOTCORR
2001-09-10,0.01,coffee-minas-south,coffee,-21.5,-45,NASA POWER MERRA-2 PRECTOTCORR
2001-09-11,0.12,coffee-minas-south,coffee,-21.5,-45,NASA POWER MERRA-2 PRECTOTCORR
2001-09-12,0.12,coffee-minas-south,coffee,-21.5,-45,NASA POWER MERRA-2 PRECTOTCORR
2001-09-13,2.06,coffee-minas-south,coffee,-21.5,-45,NASA POWER MERRA-2 PRECTOTCORR
2001-09-14,15.19,coffee-minas-south,coffee,-21.5,-45,NASA POWER MERRA-2 PRECTOTCORR
2001-09-15,9.11,coffee-minas-south,coffee,-21.5,-45,NASA POWER MERRA-2 PRECTOTCORR
2001-09-16,2.4,coffee-minas-south,coffee,-21.5,-45,NASA POWER MERRA-2 PRECTOTCORR
2001-09-17,0.24,coffee-minas-south,coffee,-21.5,-45,NASA POWER MERRA-2 PRECTOTCORR
2001-09-18,0.22,coffee-minas-south,coffee,-21.5,-45,NASA POWER MERRA-2 PRECTOTCORR
2001-09-19,0,coffee-minas-south,coffee,-21.5,-45,NASA POWER MERRA-2 PRECTOTCORR
2001-09-20,0.01,coffee-minas-south,coffee,-21.5,-45,NASA POWER MERRA-2 PRECTOTCORR
2001-09-21,0.24,coffee-minas-south,coffee,-21.5,-45,NASA POWER MERRA-2 PRECTOTCORR
2001-09-22,1.61,coffee-minas-south,coffee,-21.5,-45,NASA POWER MERRA-2 PRECTOTCORR
2001-09-23,2.43,coffee-minas-south,coffee,-21.5,-45,NASA POWER MERRA-2 PRECTOTCORR
2001-09-24,0.41,coffee-minas-south,coffee,-21.5,-45,NASA POWER MERRA-2 PRECTOTCORR
2001-09-25,2.22,coffee-minas-south,coffee,-21.5,-45,NASA POWER MERRA-2 PRECTOTCORR
2001-09-26,4.4,coffee-minas-south,coffee,-21.5,-45,NASA POWER MERRA-2 PRECTOTCORR
2001-09-27,7.1,coffee-minas-south,coffee,-21.5,-45,NASA POWER MERRA-2 PRECTOTCORR
2001-09-28,1.2,coffee-minas-south,coffee,-21.5,-45,NASA POWER MERRA-2 PRECTOTCORR
2001-09-29,0.52,coffee-minas-south,coffee,-21.5,-45,NASA POWER MERRA-2 PRECTOTCORR
2001-09-30,3.09,coffee-minas-south,coffee,-21.5,-45,NASA POWER MERRA-2 PRECTOTCORR
2001-10-01,13.71,coffee-minas-south,coffee,-21.5,-45,NASA POWER MERRA-2 PRECTOTCORR
2001-10-02,31.75,coffee-minas-south,coffee,-21.5,-45,NASA POWER MERRA-2 PRECTOTCORR
2001-10-03,2.92,coffee-minas-south,coffee,-21.5,-45,NASA POWER MERRA-2 PRECTOTCORR
2001-10-04,0,coffee-minas-south,coffee,-21.5,-45,NASA POWER MERRA-2 PRECTOTCORR
2001-10-05,0.92,coffee-minas-south,coffee,-21.5,-45,NASA POWER MERRA-2 PRECTOTCORR
2001-10-06,0.88,coffee-minas-south,coffee,-21.5,-45,NASA POWER MERRA-2 PRECTOTCORR
2001-10-07,3.44,coffee-minas-south,coffee,-21.5,-45,NASA POWER MERRA-2 PRECTOTCORR
2001-10-08,7.01,coffee-minas-south,coffee,-21.5,-45,NASA POWER MERRA-2 PRECTOTCORR
2001-10-09,0.69,coffee-minas-south,coffee,-21.5,-45,NASA POWER MERRA-2 PRECTOTCORR
2001-10-10,0.13,coffee-minas-south,coffee,-21.5,-45,NASA POWER MERRA-2 PRECTOTCORR
2001-10-11,0.64,coffee-minas-south,coffee,-21.5,-45,NASA POWER MERRA-2 PRECTOTCORR
2001-10-12,0.19,coffee-minas-south,coffee,-21.5,-45,NASA POWER MERRA-2 PRECTOTCORR
2001-10-13,0.07,coffee-minas-south,coffee,-21.5,-45,NASA POWER MERRA-2 PRECTOTCORR
2001-10-14,0.12,coffee-minas-south,coffee,-21.5,-45,NASA POWER MERRA-2 PRECTOTCORR
2001-10-15,1.2,coffee-minas-south,coffee,-21.5,-45,NASA POWER MERRA-2 PRECTOTCORR
2001-10-16,0.73,coffee-minas-south,coffee,-21.5,-45,NASA POWER MERRA-2 PRECTOTCORR
2001-10-17,4.66,coffee-minas-south,coffee,-21.5,-45,NASA POWER MERRA-2 PRECTOTCORR
2001-10-18,2.34,coffee-minas-south,coffee,-21.5,-45,NASA POWER MERRA-2 PRECTOTCORR
2001-10-19,19.16,coffee-minas-south,coffee,-21.5,-45,NASA POWER MERRA-2 PRECTOTCORR
2001-10-20,13.61,coffee-minas-south,coffee,-21.5,-45,NASA POWER MERRA-2 PRECTOTCORR
2001-10-21,1.76,coffee-minas-south,coffee,-21.5,-45,NASA POWER MERRA-2 PRECTOTCORR
2001-10-22,10.81,coffee-minas-south,coffee,-21.5,-45,NASA POWER MERRA-2 PRECTOTCORR
2001-10-23,0.54,coffee-minas-south,coffee,-21.5,-45,NASA POWER MERRA-2 PRECTOTCORR
2001-10-24,0.12,coffee-minas-south,coffee,-21.5,-45,NASA POWER MERRA-2 PRECTOTCORR
2001-10-25,0.02,coffee-minas-south,coffee,-21.5,-45,NASA POWER MERRA-2 PRECTOTCORR
2001-10-26,0.05,coffee-minas-south,coffee,-21.5,-45,NASA POWER MERRA-2 PRECTOTCORR
2001-10-27,0.07,coffee-minas-south,coffee,-21.5,-45,NASA POWER MERRA-2 PRECTOTCORR
2001-10-28,0,coffee-minas-south,coffee,-21.5,-45,NASA POWER MERRA-2 PRECTOTCORR
2001-10-29,0.02,coffee-minas-south,coffee,-21.5,-45,NASA POWER MERRA-2 PRECTOTCORR
2001-10-30,0.72,coffee-minas-south,coffee,-21.5,-45,NASA POWER MERRA-2 PRECTOTCORR
2001-10-31,3.98,coffee-minas-south,coffee,-21.5,-45,NASA POWER MERRA-2 PRECTOTCORR
2001-11-01,5.21,coffee-minas-south,coffee,-21.5,-45,NASA POWER MERRA-2 PRECTOTCORR
2001-11-02,8.09,coffee-minas-south,coffee,-21.5,-45,NASA POWER MERRA-2 PRECTOTCORR
2001-11-03,16.66,coffee-minas-south,coffee,-21.5,-45,NASA POWER MERRA-2 PRECTOTCORR
2001-11-04,23.16,coffee-minas-south,coffee,-21.5,-45,NASA POWER MERRA-2 PRECTOTCORR
2001-11-05,4.76,coffee-minas-south,coffee,-21.5,-45,NASA POWER MERRA-2 PRECTOTCORR
2001-11-06,0.29,coffee-minas-south,coffee,-21.5,-45,NASA POWER MERRA-2 PRECTOTCORR
2001-11-07,0.29,coffee-minas-south,coffee,-21.5,-45,NASA POWER MERRA-2 PRECTOTCORR
2001-11-08,4.32,coffee-minas-south,coffee,-21.5,-45,NASA POWER MERRA-2 PRECTOTCORR
2001-11-09,4.14,coffee-minas-south,coffee,-21.5,-45,NASA POWER MERRA-2 PRECTOTCORR
2001-11-10,3.51,coffee-minas-south,coffee,-21.5,-45,NASA POWER MERRA-2 PRECTOTCORR
2001-11-11,9.81,coffee-minas-south,coffee,-21.5,-45,NASA POWER MERRA-2 PRECTOTCORR
2001-11-12,18.12,coffee-minas-south,coffee,-21.5,-45,NASA POWER MERRA-2 PRECTOTCORR
2001-11-13,10.95,coffee-minas-south,coffee,-21.5,-45,NASA POWER MERRA-2 PRECTOTCORR
2001-11-14,13.52,coffee-minas-south,coffee,-21.5,-45,NASA POWER MERRA-2 PRECTOTCORR
2001-11-15,4.09,coffee-minas-south,coffee,-21.5,-45,NASA POWER MERRA-2 PRECTOTCORR
2001-11-16,7.07,coffee-minas-south,coffee,-21.5,-45,NASA POWER MERRA-2 PRECTOTCORR
2001-11-17,17.8,coffee-minas-south,coffee,-21.5,-45,NASA POWER MERRA-2 PRECTOTCORR
2001-11-18,1.83,coffee-minas-south,coffee,-21.5,-45,NASA POWER MERRA-2 PRECTOTCORR
2001-11-19,12.35,coffee-minas-south,coffee,-21.5,-45,NASA POWER MERRA-2 PRECTOTCORR
2001-11-20,4.66,coffee-minas-south,coffee,-21.5,-45,NASA POWER MERRA-2 PRECTOTCORR
2001-11-21,2.97,coffee-minas-south,coffee,-21.5,-45,NASA POWER MERRA-2 PRECTOTCORR
2001-11-22,3.92,coffee-minas-south,coffee,-21.5,-45,NASA POWER MERRA-2 PRECTOTCORR
2001-11-23,4.31,coffee-minas-south,coffee,-21.5,-45,NASA POWER MERRA-2 PRECTOTCORR
2001-11-24,3.94,coffee-minas-south,coffee,-21.5,-45,NASA POWER MERRA-2 PRECTOTCORR
2001-11-25,1.91,coffee-minas-south,coffee,-21.5,-45,NASA POWER MERRA-2 PRECTOTCORR
2001-11-26,0.54,coffee-minas-south,coffee,-21.5,-45,NASA POWER MERRA-2 PRECTOTCORR
2001-11-27,4.55,coffee-minas-south,coffee,-21.5,-45,NASA POWER MERRA-2 PRECTOTCORR
2001-11-28,20.22,coffee-minas-south,coffee,-21.5,-45,NASA POWER MERRA-2 PRECTOTCORR
2001-11-29,3.05,coffee-minas-south,coffee,-21.5,-45,NASA POWER MERRA-2 PRECTOTCORR
2001-11-30,35.11,coffee-minas-south,coffee,-21.5,-45,NASA POWER MERRA-2 PRECTOTCORR
2001-12-01,10.92,coffee-minas-south,coffee,-21.5,-45,NASA POWER MERRA-2 PRECTOTCORR
2001-12-02,0.01,coffee-minas-south,coffee,-21.5,-45,NASA POWER MERRA-2 PRECTOTCORR
2001-12-03,0.06,coffee-minas-south,coffee,-21.5,-45,NASA POWER MERRA-2 PRECTOTCORR
2001-12-04,0.18,coffee-minas-south,coffee,-21.5,-45,NASA POWER MERRA-2 PRECTOTCORR
2001-12-05,0.37,coffee-minas-south,coffee,-21.5,-45,NASA POWER MERRA-2 PRECTOTCORR
2001-12-06,8.99,coffee-minas-south,coffee,-21.5,-45,NASA POWER MERRA-2 PRECTOTCORR
2001-12-07,12.49,coffee-minas-south,coffee,-21.5,-45,NASA POWER MERRA-2 PRECTOTCORR
2001-12-08,1.78,coffee-minas-south,coffee,-21.5,-45,NASA POWER MERRA-2 PRECTOTCORR
2001-12-09,0.86,coffee-minas-south,coffee,-21.5,-45,NASA POWER MERRA-2 PRECTOTCORR
2001-12-10,4.68,coffee-minas-south,coffee,-21.5,-45,NASA POWER MERRA-2 PRECTOTCORR
2001-12-11,0.34,coffee-minas-south,coffee,-21.5,-45,NASA POWER MERRA-2 PRECTOTCORR
2001-12-12,1.63,coffee-minas-south,coffee,-21.5,-45,NASA POWER MERRA-2 PRECTOTCORR
2001-12-13,12.37,coffee-minas-south,coffee,-21.5,-45,NASA POWER MERRA-2 PRECTOTCORR
2001-12-14,13.95,coffee-minas-south,coffee,-21.5,-45,NASA POWER MERRA-2 PRECTOTCORR
2001-12-15,26.11,coffee-minas-south,coffee,-21.5,-45,NASA POWER MERRA-2 PRECTOTCORR
2001-12-16,27.12,coffee-minas-south,coffee,-21.5,-45,NASA POWER MERRA-2 PRECTOTCORR
2001-12-17,14.4,coffee-minas-south,coffee,-21.5,-45,NASA POWER MERRA-2 PRECTOTCORR
2001-12-18,7.71,coffee-minas-south,coffee,-21.5,-45,NASA POWER MERRA-2 PRECTOTCORR
2001-12-19,9.13,coffee-minas-south,coffee,-21.5,-45,NASA POWER MERRA-2 PRECTOTCORR
2001-12-20,5.38,coffee-minas-south,coffee,-21.5,-45,NASA POWER MERRA-2 PRECTOTCORR
2001-12-21,4.17,coffee-minas-south,coffee,-21.5,-45,NASA POWER MERRA-2 PRECTOTCORR
2001-12-22,7.39,coffee-minas-south,coffee,-21.5,-45,NASA POWER MERRA-2 PRECTOTCORR
2001-12-23,9.82,coffee-minas-south,coffee,-21.5,-45,NASA POWER MERRA-2 PRECTOTCORR
2001-12-24,18.01,coffee-minas-south,coffee,-21.5,-45,NASA POWER MERRA-2 PRECTOTCORR
2001-12-25,6.49,coffee-minas-south,coffee,-21.5,-45,NASA POWER MERRA-2 PRECTOTCORR
2001-12-26,8.7,coffee-minas-south,coffee,-21.5,-45,NASA POWER MERRA-2 PRECTOTCORR
2001-12-27,11.32,coffee-minas-south,coffee,-21.5,-45,NASA POWER MERRA-2 PRECTOTCORR
2001-12-28,16.87,coffee-minas-south,coffee,-21.5,-45,NASA POWER MERRA-2 PRECTOTCORR
2001-12-29,24.1,coffee-minas-south,coffee,-21.5,-45,NASA POWER MERRA-2 PRECTOTCORR
2001-12-30,24.01,coffee-minas-south,coffee,-21.5,-45,NASA POWER MERRA-2 PRECTOTCORR
2001-12-31,3.68,coffee-minas-south,coffee,-21.5,-45,NASA POWER MERRA-2 PRECTOTCORR
2002-01-01,5.8,coffee-minas-south,coffee,-21.5,-45,NASA POWER MERRA-2 PRECTOTCORR
2002-01-02,2.57,coffee-minas-south,coffee,-21.5,-45,NASA POWER MERRA-2 PRECTOTCORR
2002-01-03,1.08,coffee-minas-south,coffee,-21.5,-45,NASA POWER MERRA-2 PRECTOTCORR
2002-01-04,3.45,coffee-minas-south,coffee,-21.5,-45,NASA POWER MERRA-2 PRECTOTCORR
2002-01-05,9.04,coffee-minas-south,coffee,-21.5,-45,NASA POWER MERRA-2 PRECTOTCORR
2002-01-06,7.7,coffee-minas-south,coffee,-21.5,-45,NASA POWER MERRA-2 PRECTOTCORR
2002-01-07,5.29,coffee-minas-south,coffee,-21.5,-45,NASA POWER MERRA-2 PRECTOTCORR
2002-01-08,4.53,coffee-minas-south,coffee,-21.5,-45,NASA POWER MERRA-2 PRECTOTCORR
2002-01-09,0.62,coffee-minas-south,coffee,-21.5,-45,NASA POWER MERRA-2 PRECTOTCORR
2002-01-10,0.16,coffee-minas-south,coffee,-21.5,-45,NASA POWER MERRA-2 PRECTOTCORR
2002-01-11,1.44,coffee-minas-south,coffee,-21.5,-45,NASA POWER MERRA-2 PRECTOTCORR
2002-01-12,6.76,coffee-minas-south,coffee,-21.5,-45,NASA POWER MERRA-2 PRECTOTCORR
2002-01-13,28.8,coffee-minas-south,coffee,-21.5,-45,NASA POWER MERRA-2 PRECTOTCORR
2002-01-14,21.66,coffee-minas-south,coffee,-21.5,-45,NASA POWER MERRA-2 PRECTOTCORR
2002-01-15,4.52,coffee-minas-south,coffee,-21.5,-45,NASA POWER MERRA-2 PRECTOTCORR
2002-01-16,1.15,coffee-minas-south,coffee,-21.5,-45,NASA POWER MERRA-2 PRECTOTCORR
2002-01-17,1.1,coffee-minas-south,coffee,-21.5,-45,NASA POWER MERRA-2 PRECTOTCORR
2002-01-18,5.45,coffee-minas-south,coffee,-21.5,-45,NASA POWER MERRA-2 PRECTOTCORR
2002-01-19,8.2,coffee-minas-south,coffee,-21.5,-45,NASA POWER MERRA-2 PRECTOTCORR
2002-01-20,3.19,coffee-minas-south,coffee,-21.5,-45,NASA POWER MERRA-2 PRECTOTCORR
2002-01-21,2.11,coffee-minas-south,coffee,-21.5,-45,NASA POWER MERRA-2 PRECTOTCORR
2002-01-22,2.31,coffee-minas-south,coffee,-21.5,-45,NASA POWER MERRA-2 PRECTOTCORR
2002-01-23,5.54,coffee-minas-south,coffee,-21.5,-45,NASA POWER MERRA-2 PRECTOTCORR
2002-01-24,14.86,coffee-minas-south,coffee,-21.5,-45,NASA POWER MERRA-2 PRECTOTCORR
2002-01-25,15.86,coffee-minas-south,coffee,-21.5,-45,NASA POWER MERRA-2 PRECTOTCORR
2002-01-26,10.03,coffee-minas-south,coffee,-21.5,-45,NASA POWER MERRA-2 PRECTOTCORR
2002-01-27,4.29,coffee-minas-south,coffee,-21.5,-45,NASA POWER MERRA-2 PRECTOTCORR
2002-01-28,6.56,coffee-minas-south,coffee,-21.5,-45,NASA POWER MERRA-2 PRECTOTCORR
2002-01-29,11.59,coffee-minas-south,coffee,-21.5,-45,NASA POWER MERRA-2 PRECTOTCORR
2002-01-30,6.49,coffee-minas-south,coffee,-21.5,-45,NASA POWER MERRA-2 PRECTOTCORR
2002-01-31,3.71,coffee-minas-south,coffee,-21.5,-45,NASA POWER MERRA-2 PRECTOTCORR
2002-02-01,18.18,coffee-minas-south,coffee,-21.5,-45,NASA POWER MERRA-2 PRECTOTCORR
2002-02-02,13.25,coffee-minas-south,coffee,-21.5,-45,NASA POWER MERRA-2 PRECTOTCORR
2002-02-03,6.69,coffee-minas-south,coffee,-21.5,-45,NASA POWER MERRA-2 PRECTOTCORR
2002-02-04,0.26,coffee-minas-south,coffee,-21.5,-45,NASA POWER MERRA-2 PRECTOTCORR
2002-02-05,1.92,coffee-minas-south,coffee,-21.5,-45,NASA POWER MERRA-2 PRECTOTCORR
2002-02-06,16.13,coffee-minas-south,coffee,-21.5,-45,NASA POWER MERRA-2 PRECTOTCORR
2002-02-07,12.49,coffee-minas-south,coffee,-21.5,-45,NASA POWER MERRA-2 PRECTOTCORR
2002-02-08,14.13,coffee-minas-south,coffee,-21.5,-45,NASA POWER MERRA-2 PRECTOTCORR
2002-02-09,36.99,coffee-minas-south,coffee,-21.5,-45,NASA POWER MERRA-2 PRECTOTCORR
2002-02-10,17.29,coffee-minas-south,coffee,-21.5,-45,NASA POWER MERRA-2 PRECTOTCORR
2002-02-11,4.68,coffee-minas-south,coffee,-21.5,-45,NASA POWER MERRA-2 PRECTOTCORR
2002-02-12,1.73,coffee-minas-south,coffee,-21.5,-45,NASA POWER MERRA-2 PRECTOTCORR
2002-02-13,0.36,coffee-minas-south,coffee,-21.5,-45,NASA POWER MERRA-2 PRECTOTCORR
2002-02-14,4.65,coffee-minas-south,coffee,-21.5,-45,NASA POWER MERRA-2 PRECTOTCORR
2002-02-15,3.73,coffee-minas-south,coffee,-21.5,-45,NASA POWER MERRA-2 PRECTOTCORR
2002-02-16,9.94,coffee-minas-south,coffee,-21.5,-45,NASA POWER MERRA-2 PRECTOTCORR
2002-02-17,13.39,coffee-minas-south,coffee,-21.5,-45,NASA POWER MERRA-2 PRECTOTCORR
2002-02-18,5.86,coffee-minas-south,coffee,-21.5,-45,NASA POWER MERRA-2 PRECTOTCORR
2002-02-19,4.49,coffee-minas-south,coffee,-21.5,-45,NASA POWER MERRA-2 PRECTOTCORR
2002-02-20,16.17,coffee-minas-south,coffee,-21.5,-45,NASA POWER MERRA-2 PRECTOTCORR
2002-02-21,6.91,coffee-minas-south,coffee,-21.5,-45,NASA POWER MERRA-2 PRECTOTCORR
2002-02-22,10.58,coffee-minas-south,coffee,-21.5,-45,NASA POWER MERRA-2 PRECTOTCORR
2002-02-23,9.91,coffee-minas-south,coffee,-21.5,-45,NASA POWER MERRA-2 PRECTOTCORR
2002-02-24,13.58,coffee-minas-south,coffee,-21.5,-45,NASA POWER MERRA-2 PRECTOTCORR
2002-02-25,0.84,coffee-minas-south,coffee,-21.5,-45,NASA POWER MERRA-2 PRECTOTCORR
2002-02-26,4.76,coffee-minas-south,coffee,-21.5,-45,NASA POWER MERRA-2 PRECTOTCORR
2002-02-27,8.39,coffee-minas-south,coffee,-21.5,-45,NASA POWER MERRA-2 PRECTOTCORR
2002-02-28,0.39,coffee-minas-south,coffee,-21.5,-45,NASA POWER MERRA-2 PRECTOTCORR
2002-03-01,7.25,coffee-minas-south,coffee,-21.5,-45,NASA POWER MERRA-2 PRECTOTCORR
2002-03-02,4.8,coffee-minas-south,coffee,-21.5,-45,NASA POWER MERRA-2 PRECTOTCORR
2002-03-03,5.87,coffee-minas-south,coffee,-21.5,-45,NASA POWER MERRA-2 PRECTOTCORR
2002-03-04,3.26,coffee-minas-south,coffee,-21.5,-45,NASA POWER MERRA-2 PRECTOTCORR
2002-03-05,1.24,coffee-minas-south,coffee,-21.5,-45,NASA POWER MERRA-2 PRECTOTCORR
2002-03-06,1.74,coffee-minas-south,coffee,-21.5,-45,NASA POWER MERRA-2 PRECTOTCORR
2002-03-07,1.87,coffee-minas-south,coffee,-21.5,-45,NASA POWER MERRA-2 PRECTOTCORR
2002-03-08,2.75,coffee-minas-south,coffee,-21.5,-45,NASA POWER MERRA-2 PRECTOTCORR
2002-03-09,0.1,coffee-minas-south,coffee,-21.5,-45,NASA POWER MERRA-2 PRECTOTCORR
2002-03-10,0.07,coffee-minas-south,coffee,-21.5,-45,NASA POWER MERRA-2 PRECTOTCORR
2002-03-11,0.03,coffee-minas-south,coffee,-21.5,-45,NASA POWER MERRA-2 PRECTOTCORR
2002-03-12,0.45,coffee-minas-south,coffee,-21.5,-45,NASA POWER MERRA-2 PRECTOTCORR
2002-03-13,3.34,coffee-minas-south,coffee,-21.5,-45,NASA POWER MERRA-2 PRECTOTCORR
2002-03-14,8.01,coffee-minas-south,coffee,-21.5,-45,NASA POWER MERRA-2 PRECTOTCORR
2002-03-15,6.75,coffee-minas-south,coffee,-21.5,-45,NASA POWER MERRA-2 PRECTOTCORR
2002-03-16,5.72,coffee-minas-south,coffee,-21.5,-45,NASA POWER MERRA-2 PRECTOTCORR
2002-03-17,3.33,coffee-minas-south,coffee,-21.5,-45,NASA POWER MERRA-2 PRECTOTCORR
2002-03-18,8.92,coffee-minas-south,coffee,-21.5,-45,NASA POWER MERRA-2 PRECTOTCORR
2002-03-19,9.29,coffee-minas-south,coffee,-21.5,-45,NASA POWER MERRA-2 PRECTOTCORR
2002-03-20,7.95,coffee-minas-south,coffee,-21.5,-45,NASA POWER MERRA-2 PRECTOTCORR
2002-03-21,6.34,coffee-minas-south,coffee,-21.5,-45,NASA POWER MERRA-2 PRECTOTCORR
2002-03-22,0.44,coffee-minas-south,coffee,-21.5,-45,NASA POWER MERRA-2 PRECTOTCORR
2002-03-23,0.61,coffee-minas-south,coffee,-21.5,-45,NASA POWER MERRA-2 PRECTOTCORR
2002-03-24,6.8,coffee-minas-south,coffee,-21.5,-45,NASA POWER MERRA-2 PRECTOTCORR
2002-03-25,5.08,coffee-minas-south,coffee,-21.5,-45,NASA POWER MERRA-2 PRECTOTCORR
2002-03-26,5.09,coffee-minas-south,coffee,-21.5,-45,NASA POWER MERRA-2 PRECTOTCORR
2002-03-27,13.51,coffee-minas-south,coffee,-21.5,-45,NASA POWER MERRA-2 PRECTOTCORR
2002-03-28,0.7,coffee-minas-south,coffee,-21.5,-45,NASA POWER MERRA-2 PRECTOTCORR
2002-03-29,0.03,coffee-minas-south,coffee,-21.5,-45,NASA POWER MERRA-2 PRECTOTCORR
2002-03-30,0,coffee-minas-south,coffee,-21.5,-45,NASA POWER MERRA-2 PRECTOTCORR
2002-03-31,0,coffee-minas-south,coffee,-21.5,-45,NASA POWER MERRA-2 PRECTOTCORR
2002-04-01,0,coffee-minas-south,coffee,-21.5,-45,NASA POWER MERRA-2 PRECTOTCORR
2002-04-02,0.07,coffee-minas-south,coffee,-21.5,-45,NASA POWER MERRA-2 PRECTOTCORR
2002-04-03,4.91,coffee-minas-south,coffee,-21.5,-45,NASA POWER MERRA-2 PRECTOTCORR
2002-04-04,2.04,coffee-minas-south,coffee,-21.5,-45,NASA POWER MERRA-2 PRECTOTCORR
2002-04-05,0.78,coffee-minas-south,coffee,-21.5,-45,NASA POWER MERRA-2 PRECTOTCORR
2002-04-06,1.93,coffee-minas-south,coffee,-21.5,-45,NASA POWER MERRA-2 PRECTOTCORR
2002-04-07,7.08,coffee-minas-south,coffee,-21.5,-45,NASA POWER MERRA-2 PRECTOTCORR
2002-04-08,1.54,coffee-minas-south,coffee,-21.5,-45,NASA POWER MERRA-2 PRECTOTCORR
2002-04-09,0.62,coffee-minas-south,coffee,-21.5,-45,NASA POWER MERRA-2 PRECTOTCORR
2002-04-10,0.07,coffee-minas-south,coffee,-21.5,-45,NASA POWER MERRA-2 PRECTOTCORR
2002-04-11,0.04,coffee-minas-south,coffee,-21.5,-45,NASA POWER MERRA-2 PRECTOTCORR
2002-04-12,0.01,coffee-minas-south,coffee,-21.5,-45,NASA POWER MERRA-2 PRECTOTCORR
2002-04-13,0.03,coffee-minas-south,coffee,-21.5,-45,NASA POWER MERRA-2 PRECTOTCORR
2002-04-14,0.29,coffee-minas-south,coffee,-21.5,-45,NASA POWER MERRA-2 PRECTOTCORR
2002-04-15,0.14,coffee-minas-south,coffee,-21.5,-45,NASA POWER MERRA-2 PRECTOTCORR
2002-04-16,0.02,coffee-minas-south,coffee,-21.5,-45,NASA POWER MERRA-2 PRECTOTCORR
2002-04-17,0,coffee-minas-south,coffee,-21.5,-45,NASA POWER MERRA-2 PRECTOTCORR
2002-04-18,0,coffee-minas-south,coffee,-21.5,-45,NASA POWER MERRA-2 PRECTOTCORR
2002-04-19,0,coffee-minas-south,coffee,-21.5,-45,NASA POWER MERRA-2 PRECTOTCORR
2002-04-20,0.01,coffee-minas-south,coffee,-21.5,-45,NASA POWER MERRA-2 PRECTOTCORR
2002-04-21,0.05,coffee-minas-south,coffee,-21.5,-45,NASA POWER MERRA-2 PRECTOTCORR
2002-04-22,0.06,coffee-minas-south,coffee,-21.5,-45,NASA POWER MERRA-2 PRECTOTCORR
2002-04-23,0,coffee-minas-south,coffee,-21.5,-45,NASA POWER MERRA-2 PRECTOTCORR
2002-04-24,0,coffee-minas-south,coffee,-21.5,-45,NASA POWER MERRA-2 PRECTOTCORR
2002-04-25,0,coffee-minas-south,coffee,-21.5,-45,NASA POWER MERRA-2 PRECTOTCORR
2002-04-26,0,coffee-minas-south,coffee,-21.5,-45,NASA POWER MERRA-2 PRECTOTCORR
2002-04-27,0.28,coffee-minas-south,coffee,-21.5,-45,NASA POWER MERRA-2 PRECTOTCORR
2002-04-28,0.25,coffee-minas-south,coffee,-21.5,-45,NASA POWER MERRA-2 PRECTOTCORR
2002-04-29,0.01,coffee-minas-south,coffee,-21.5,-45,NASA POWER MERRA-2 PRECTOTCORR
2002-04-30,0.07,coffee-minas-south,coffee,-21.5,-45,NASA POWER MERRA-2 PRECTOTCORR
2002-05-01,1.97,coffee-minas-south,coffee,-21.5,-45,NASA POWER MERRA-2 PRECTOTCORR
2002-05-02,1.18,coffee-minas-south,coffee,-21.5,-45,NASA POWER MERRA-2 PRECTOTCORR
2002-05-03,0.67,coffee-minas-south,coffee,-21.5,-45,NASA POWER MERRA-2 PRECTOTCORR
2002-05-04,2.08,coffee-minas-south,coffee,-21.5,-45,NASA POWER MERRA-2 PRECTOTCORR
2002-05-05,1.76,coffee-minas-south,coffee,-21.5,-45,NASA POWER MERRA-2 PRECTOTCORR
2002-05-06,7.55,coffee-minas-south,coffee,-21.5,-45,NASA POWER MERRA-2 PRECTOTCORR
2002-05-07,0.79,coffee-minas-south,coffee,-21.5,-45,NASA POWER MERRA-2 PRECTOTCORR
2002-05-08,0.75,coffee-minas-south,coffee,-21.5,-45,NASA POWER MERRA-2 PRECTOTCORR
2002-05-09,4.39,coffee-minas-south,coffee,-21.5,-45,NASA POWER MERRA-2 PRECTOTCORR
2002-05-10,0.48,coffee-minas-south,coffee,-21.5,-45,NASA POWER MERRA-2 PRECTOTCORR
2002-05-11,0.18,coffee-minas-south,coffee,-21.5,-45,NASA POWER MERRA-2 PRECTOTCORR
2002-05-12,0,coffee-minas-south,coffee,-21.5,-45,NASA POWER MERRA-2 PRECTOTCORR
2002-05-13,0.03,coffee-minas-south,coffee,-21.5,-45,NASA POWER MERRA-2 PRECTOTCORR
2002-05-14,0,coffee-minas-south,coffee,-21.5,-45,NASA POWER MERRA-2 PRECTOTCORR
2002-05-15,0,coffee-minas-south,coffee,-21.5,-45,NASA POWER MERRA-2 PRECTOTCORR
2002-05-16,0,coffee-minas-south,coffee,-21.5,-45,NASA POWER MERRA-2 PRECTOTCORR
2002-05-17,0.05,coffee-minas-south,coffee,-21.5,-45,NASA POWER MERRA-2 PRECTOTCORR
2002-05-18,0.06,coffee-minas-south,coffee,-21.5,-45,NASA POWER MERRA-2 PRECTOTCORR
2002-05-19,4.36,coffee-minas-south,coffee,-21.5,-45,NASA POWER MERRA-2 PRECTOTCORR
2002-05-20,3.29,coffee-minas-south,coffee,-21.5,-45,NASA POWER MERRA-2 PRECTOTCORR
2002-05-21,4.83,coffee-minas-south,coffee,-21.5,-45,NASA POWER MERRA-2 PRECTOTCORR
2002-05-22,3.68,coffee-minas-south,coffee,-21.5,-45,NASA POWER MERRA-2 PRECTOTCORR
2002-05-23,0.78,coffee-minas-south,coffee,-21.5,-45,NASA POWER MERRA-2 PRECTOTCORR
2002-05-24,0.37,coffee-minas-south,coffee,-21.5,-45,NASA POWER MERRA-2 PRECTOTCORR
2002-05-25,0.1,coffee-minas-south,coffee,-21.5,-45,NASA POWER MERRA-2 PRECTOTCORR
2002-05-26,0,coffee-minas-south,coffee,-21.5,-45,NASA POWER MERRA-2 PRECTOTCORR
2002-05-27,0,coffee-minas-south,coffee,-21.5,-45,NASA POWER MERRA-2 PRECTOTCORR
2002-05-28,0,coffee-minas-south,coffee,-21.5,-45,NASA POWER MERRA-2 PRECTOTCORR
2002-05-29,0,coffee-minas-south,coffee,-21.5,-45,NASA POWER MERRA-2 PRECTOTCORR
2002-05-30,0,coffee-minas-south,coffee,-21.5,-45,NASA POWER MERRA-2 PRECTOTCORR
2002-05-31,0,coffee-minas-south,coffee,-21.5,-45,NASA POWER MERRA-2 PRECTOTCORR
2002-06-01,0,coffee-minas-south,coffee,-21.5,-45,NASA POWER MERRA-2 PRECTOTCORR
2002-06-02,0,coffee-minas-south,coffee,-21.5,-45,NASA POWER MERRA-2 PRECTOTCORR
2002-06-03,0,coffee-minas-south,coffee,-21.5,-45,NASA POWER MERRA-2 PRECTOTCORR
2002-06-04,0,coffee-minas-south,coffee,-21.5,-45,NASA POWER MERRA-2 PRECTOTCORR
2002-06-05,0,coffee-minas-south,coffee,-21.5,-45,NASA POWER MERRA-2 PRECTOTCORR
2002-06-06,0,coffee-minas-south,coffee,-21.5,-45,NASA POWER MERRA-2 PRECTOTCORR
2002-06-07,0,coffee-minas-south,coffee,-21.5,-45,NASA POWER MERRA-2 PRECTOTCORR
2002-06-08,0,coffee-minas-south,coffee,-21.5,-45,NASA POWER MERRA-2 PRECTOTCORR
2002-06-09,0,coffee-minas-south,coffee,-21.5,-45,NASA POWER MERRA-2 PRECTOTCORR
2002-06-10,0,coffee-minas-south,coffee,-21.5,-45,NASA POWER MERRA-2 PRECTOTCORR
2002-06-11,0,coffee-minas-south,coffee,-21.5,-45,NASA POWER MERRA-2 PRECTOTCORR
2002-06-12,0,coffee-minas-south,coffee,-21.5,-45,NASA POWER MERRA-2 PRECTOTCORR
2002-06-13,0,coffee-minas-south,coffee,-21.5,-45,NASA POWER MERRA-2 PRECTOTCORR
2002-06-14,0,coffee-minas-south,coffee,-21.5,-45,NASA POWER MERRA-2 PRECTOTCORR
2002-06-15,0.02,coffee-minas-south,coffee,-21.5,-45,NASA POWER MERRA-2 PRECTOTCORR
2002-06-16,0.02,coffee-minas-south,coffee,-21.5,-45,NASA POWER MERRA-2 PRECTOTCORR
2002-06-17,0.01,coffee-minas-south,coffee,-21.5,-45,NASA POWER MERRA-2 PRECTOTCORR
2002-06-18,0,coffee-minas-south,coffee,-21.5,-45,NASA POWER MERRA-2 PRECTOTCORR
2002-06-19,0,coffee-minas-south,coffee,-21.5,-45,NASA POWER MERRA-2 PRECTOTCORR
2002-06-20,0,coffee-minas-south,coffee,-21.5,-45,NASA POWER MERRA-2 PRECTOTCORR
2002-06-21,0,coffee-minas-south,coffee,-21.5,-45,NASA POWER MERRA-2 PRECTOTCORR
2002-06-22,0.15,coffee-minas-south,coffee,-21.5,-45,NASA POWER MERRA-2 PRECTOTCORR
2002-06-23,0.16,coffee-minas-south,coffee,-21.5,-45,NASA POWER MERRA-2 PRECTOTCORR
2002-06-24,0.03,coffee-minas-south,coffee,-21.5,-45,NASA POWER MERRA-2 PRECTOTCORR
2002-06-25,0.06,coffee-minas-south,coffee,-21.5,-45,NASA POWER MERRA-2 PRECTOTCORR
2002-06-26,0.02,coffee-minas-south,coffee,-21.5,-45,NASA POWER MERRA-2 PRECTOTCORR
2002-06-27,0,coffee-minas-south,coffee,-21.5,-45,NASA POWER MERRA-2 PRECTOTCORR
2002-06-28,0,coffee-minas-south,coffee,-21.5,-45,NASA POWER MERRA-2 PRECTOTCORR
2002-06-29,0,coffee-minas-south,coffee,-21.5,-45,NASA POWER MERRA-2 PRECTOTCORR
2002-06-30,0,coffee-minas-south,coffee,-21.5,-45,NASA POWER MERRA-2 PRECTOTCORR
2002-07-01,0,coffee-minas-south,coffee,-21.5,-45,NASA POWER MERRA-2 PRECTOTCORR
2002-07-02,0.01,coffee-minas-south,coffee,-21.5,-45,NASA POWER MERRA-2 PRECTOTCORR
2002-07-03,0.06,coffee-minas-south,coffee,-21.5,-45,NASA POWER MERRA-2 PRECTOTCORR
2002-07-04,0,coffee-minas-south,coffee,-21.5,-45,NASA POWER MERRA-2 PRECTOTCORR
2002-07-05,0,coffee-minas-south,coffee,-21.5,-45,NASA POWER MERRA-2 PRECTOTCORR
2002-07-06,0,coffee-minas-south,coffee,-21.5,-45,NASA POWER MERRA-2 PRECTOTCORR
2002-07-07,0,coffee-minas-south,coffee,-21.5,-45,NASA POWER MERRA-2 PRECTOTCORR
2002-07-08,0,coffee-minas-south,coffee,-21.5,-45,NASA POWER MERRA-2 PRECTOTCORR
2002-07-09,0.06,coffee-minas-south,coffee,-21.5,-45,NASA POWER MERRA-2 PRECTOTCORR
2002-07-10,0.87,coffee-minas-south,coffee,-21.5,-45,NASA POWER MERRA-2 PRECTOTCORR
2002-07-11,2.48,coffee-minas-south,coffee,-21.5,-45,NASA POWER MERRA-2 PRECTOTCORR
2002-07-12,5.87,coffee-minas-south,coffee,-21.5,-45,NASA POWER MERRA-2 PRECTOTCORR
2002-07-13,1.25,coffee-minas-south,coffee,-21.5,-45,NASA POWER MERRA-2 PRECTOTCORR
2002-07-14,0.03,coffee-minas-south,coffee,-21.5,-45,NASA POWER MERRA-2 PRECTOTCORR
2002-07-15,0.04,coffee-minas-south,coffee,-21.5,-45,NASA POWER MERRA-2 PRECTOTCORR
2002-07-16,0.01,coffee-minas-south,coffee,-21.5,-45,NASA POWER MERRA-2 PRECTOTCORR
2002-07-17,0,coffee-minas-south,coffee,-21.5,-45,NASA POWER MERRA-2 PRECTOTCORR
2002-07-18,0.05,coffee-minas-south,coffee,-21.5,-45,NASA POWER MERRA-2 PRECTOTCORR
2002-07-19,0.05,coffee-minas-south,coffee,-21.5,-45,NASA POWER MERRA-2 PRECTOTCORR
2002-07-20,0,coffee-minas-south,coffee,-21.5,-45,NASA POWER MERRA-2 PRECTOTCORR
2002-07-21,0.02,coffee-minas-south,coffee,-21.5,-45,NASA POWER MERRA-2 PRECTOTCORR
2002-07-22,0.3,coffee-minas-south,coffee,-21.5,-45,NASA POWER MERRA-2 PRECTOTCORR
2002-07-23,0.05,coffee-minas-south,coffee,-21.5,-45,NASA POWER MERRA-2 PRECTOTCORR
2002-07-24,0.01,coffee-minas-south,coffee,-21.5,-45,NASA POWER MERRA-2 PRECTOTCORR
2002-07-25,0.03,coffee-minas-south,coffee,-21.5,-45,NASA POWER MERRA-2 PRECTOTCORR
2002-07-26,0,coffee-minas-south,coffee,-21.5,-45,NASA POWER MERRA-2 PRECTOTCORR
2002-07-27,2.12,coffee-minas-south,coffee,-21.5,-45,NASA POWER MERRA-2 PRECTOTCORR
2002-07-28,0.11,coffee-minas-south,coffee,-21.5,-45,NASA POWER MERRA-2 PRECTOTCORR
2002-07-29,0.05,coffee-minas-south,coffee,-21.5,-45,NASA POWER MERRA-2 PRECTOTCORR
2002-07-30,0,coffee-minas-south,coffee,-21.5,-45,NASA POWER MERRA-2 PRECTOTCORR
2002-07-31,0,coffee-minas-south,coffee,-21.5,-45,NASA POWER MERRA-2 PRECTOTCORR
2002-08-01,6.17,coffee-minas-south,coffee,-21.5,-45,NASA POWER MERRA-2 PRECTOTCORR
2002-08-02,6.38,coffee-minas-south,coffee,-21.5,-45,NASA POWER MERRA-2 PRECTOTCORR
2002-08-03,1.64,coffee-minas-south,coffee,-21.5,-45,NASA POWER MERRA-2 PRECTOTCORR
2002-08-04,0,coffee-minas-south,coffee,-21.5,-45,NASA POWER MERRA-2 PRECTOTCORR
2002-08-05,0.52,coffee-minas-south,coffee,-21.5,-45,NASA POWER MERRA-2 PRECTOTCORR
2002-08-06,1.01,coffee-minas-south,coffee,-21.5,-45,NASA POWER MERRA-2 PRECTOTCORR
2002-08-07,0.06,coffee-minas-south,coffee,-21.5,-45,NASA POWER MERRA-2 PRECTOTCORR
2002-08-08,0,coffee-minas-south,coffee,-21.5,-45,NASA POWER MERRA-2 PRECTOTCORR
2002-08-09,0.02,coffee-minas-south,coffee,-21.5,-45,NASA POWER MERRA-2 PRECTOTCORR
2002-08-10,0.03,coffee-minas-south,coffee,-21.5,-45,NASA POWER MERRA-2 PRECTOTCORR
2002-08-11,0.04,coffee-minas-south,coffee,-21.5,-45,NASA POWER MERRA-2 PRECTOTCORR
2002-08-12,0,coffee-minas-south,coffee,-21.5,-45,NASA POWER MERRA-2 PRECTOTCORR
2002-08-13,0,coffee-minas-south,coffee,-21.5,-45,NASA POWER MERRA-2 PRECTOTCORR
2002-08-14,0,coffee-minas-south,coffee,-21.5,-45,NASA POWER MERRA-2 PRECTOTCORR
2002-08-15,0,coffee-minas-south,coffee,-21.5,-45,NASA POWER MERRA-2 PRECTOTCORR
2002-08-16,0,coffee-minas-south,coffee,-21.5,-45,NASA POWER MERRA-2 PRECTOTCORR
2002-08-17,0.01,coffee-minas-south,coffee,-21.5,-45,NASA POWER MERRA-2 PRECTOTCORR
2002-08-18,0.01,coffee-minas-south,coffee,-21.5,-45,NASA POWER MERRA-2 PRECTOTCORR
2002-08-19,0.01,coffee-minas-south,coffee,-21.5,-45,NASA POWER MERRA-2 PRECTOTCORR
2002-08-20,0,coffee-minas-south,coffee,-21.5,-45,NASA POWER MERRA-2 PRECTOTCORR
2002-08-21,0,coffee-minas-south,coffee,-21.5,-45,NASA POWER MERRA-2 PRECTOTCORR
2002-08-22,0,coffee-minas-south,coffee,-21.5,-45,NASA POWER MERRA-2 PRECTOTCORR
2002-08-23,0,coffee-minas-south,coffee,-21.5,-45,NASA POWER MERRA-2 PRECTOTCORR
2002-08-24,0.18,coffee-minas-south,coffee,-21.5,-45,NASA POWER MERRA-2 PRECTOTCORR
2002-08-25,0.09,coffee-minas-south,coffee,-21.5,-45,NASA POWER MERRA-2 PRECTOTCORR
2002-08-26,0.57,coffee-minas-south,coffee,-21.5,-45,NASA POWER MERRA-2 PRECTOTCORR
2002-08-27,0.02,coffee-minas-south,coffee,-21.5,-45,NASA POWER MERRA-2 PRECTOTCORR
2002-08-28,0.44,coffee-minas-south,coffee,-21.5,-45,NASA POWER MERRA-2 PRECTOTCORR
2002-08-29,0.17,coffee-minas-south,coffee,-21.5,-45,NASA POWER MERRA-2 PRECTOTCORR
2002-08-30,1.83,coffee-minas-south,coffee,-21.5,-45,NASA POWER MERRA-2 PRECTOTCORR
2002-08-31,7.9,coffee-minas-south,coffee,-21.5,-45,NASA POWER MERRA-2 PRECTOTCORR
2002-09-01,5.29,coffee-minas-south,coffee,-21.5,-45,NASA POWER MERRA-2 PRECTOTCORR
2002-09-02,0.23,coffee-minas-south,coffee,-21.5,-45,NASA POWER MERRA-2 PRECTOTCORR
2002-09-03,0.04,coffee-minas-south,coffee,-21.5,-45,NASA POWER MERRA-2 PRECTOTCORR
2002-09-04,0,coffee-minas-south,coffee,-21.5,-45,NASA POWER MERRA-2 PRECTOTCORR
2002-09-05,0.41,coffee-minas-south,coffee,-21.5,-45,NASA POWER MERRA-2 PRECTOTCORR
2002-09-06,8.34,coffee-minas-south,coffee,-21.5,-45,NASA POWER MERRA-2 PRECTOTCORR
2002-09-07,1.26,coffee-minas-south,coffee,-21.5,-45,NASA POWER MERRA-2 PRECTOTCORR
2002-09-08,0.14,coffee-minas-south,coffee,-21.5,-45,NASA POWER MERRA-2 PRECTOTCORR
2002-09-09,1.12,coffee-minas-south,coffee,-21.5,-45,NASA POWER MERRA-2 PRECTOTCORR
2002-09-10,0.16,coffee-minas-south,coffee,-21.5,-45,NASA POWER MERRA-2 PRECTOTCORR
2002-09-11,0.02,coffee-minas-south,coffee,-21.5,-45,NASA POWER MERRA-2 PRECTOTCORR
2002-09-12,0.02,coffee-minas-south,coffee,-21.5,-45,NASA POWER MERRA-2 PRECTOTCORR
2002-09-13,0.18,coffee-minas-south,coffee,-21.5,-45,NASA POWER MERRA-2 PRECTOTCORR
2002-09-14,0.11,coffee-minas-south,coffee,-21.5,-45,NASA POWER MERRA-2 PRECTOTCORR
2002-09-15,0.01,coffee-minas-south,coffee,-21.5,-45,NASA POWER MERRA-2 PRECTOTCORR
2002-09-16,0,coffee-minas-south,coffee,-21.5,-45,NASA POWER MERRA-2 PRECTOTCORR
2002-09-17,0,coffee-minas-south,coffee,-21.5,-45,NASA POWER MERRA-2 PRECTOTCORR
2002-09-18,0.02,coffee-minas-south,coffee,-21.5,-45,NASA POWER MERRA-2 PRECTOTCORR
2002-09-19,0.26,coffee-minas-south,coffee,-21.5,-45,NASA POWER MERRA-2 PRECTOTCORR
2002-09-20,1.89,coffee-minas-south,coffee,-21.5,-45,NASA POWER MERRA-2 PRECTOTCORR
2002-09-21,8.23,coffee-minas-south,coffee,-21.5,-45,NASA POWER MERRA-2 PRECTOTCORR
2002-09-22,2.76,coffee-minas-south,coffee,-21.5,-45,NASA POWER MERRA-2 PRECTOTCORR
2002-09-23,8.1,coffee-minas-south,coffee,-21.5,-45,NASA POWER MERRA-2 PRECTOTCORR
2002-09-24,14.3,coffee-minas-south,coffee,-21.5,-45,NASA POWER MERRA-2 PRECTOTCORR
2002-09-25,0.76,coffee-minas-south,coffee,-21.5,-45,NASA POWER MERRA-2 PRECTOTCORR
2002-09-26,0.01,coffee-minas-south,coffee,-21.5,-45,NASA POWER MERRA-2 PRECTOTCORR
2002-09-27,0,coffee-minas-south,coffee,-21.5,-45,NASA POWER MERRA-2 PRECTOTCORR
2002-09-28,0.01,coffee-minas-south,coffee,-21.5,-45,NASA POWER MERRA-2 PRECTOTCORR
2002-09-29,0.04,coffee-minas-south,coffee,-21.5,-45,NASA POWER MERRA-2 PRECTOTCORR
2002-09-30,0.54,coffee-minas-south,coffee,-21.5,-45,NASA POWER MERRA-2 PRECTOTCORR
2002-10-01,6.26,coffee-minas-south,coffee,-21.5,-45,NASA POWER MERRA-2 PRECTOTCORR
2002-10-02,3.31,coffee-minas-south,coffee,-21.5,-45,NASA POWER MERRA-2 PRECTOTCORR
2002-10-03,0.04,coffee-minas-south,coffee,-21.5,-45,NASA POWER MERRA-2 PRECTOTCORR
2002-10-04,0.16,coffee-minas-south,coffee,-21.5,-45,NASA POWER MERRA-2 PRECTOTCORR
2002-10-05,0.16,coffee-minas-south,coffee,-21.5,-45,NASA POWER MERRA-2 PRECTOTCORR
2002-10-06,0.02,coffee-minas-south,coffee,-21.5,-45,NASA POWER MERRA-2 PRECTOTCORR
2002-10-07,0.01,coffee-minas-south,coffee,-21.5,-45,NASA POWER MERRA-2 PRECTOTCORR
2002-10-08,0.08,coffee-minas-south,coffee,-21.5,-45,NASA POWER MERRA-2 PRECTOTCORR
2002-10-09,0.02,coffee-minas-south,coffee,-21.5,-45,NASA POWER MERRA-2 PRECTOTCORR
2002-10-10,0,coffee-minas-south,coffee,-21.5,-45,NASA POWER MERRA-2 PRECTOTCORR
2002-10-11,0,coffee-minas-south,coffee,-21.5,-45,NASA POWER MERRA-2 PRECTOTCORR
2002-10-12,0,coffee-minas-south,coffee,-21.5,-45,NASA POWER MERRA-2 PRECTOTCORR
2002-10-13,0,coffee-minas-south,coffee,-21.5,-45,NASA POWER MERRA-2 PRECTOTCORR
2002-10-14,0.01,coffee-minas-south,coffee,-21.5,-45,NASA POWER MERRA-2 PRECTOTCORR
2002-10-15,0,coffee-minas-south,coffee,-21.5,-45,NASA POWER MERRA-2 PRECTOTCORR
2002-10-16,0,coffee-minas-south,coffee,-21.5,-45,NASA POWER MERRA-2 PRECTOTCORR
2002-10-17,0.01,coffee-minas-south,coffee,-21.5,-45,NASA POWER MERRA-2 PRECTOTCORR
2002-10-18,0.72,coffee-minas-south,coffee,-21.5,-45,NASA POWER MERRA-2 PRECTOTCORR
2002-10-19,0.13,coffee-minas-south,coffee,-21.5,-45,NASA POWER MERRA-2 PRECTOTCORR
2002-10-20,0.86,coffee-minas-south,coffee,-21.5,-45,NASA POWER MERRA-2 PRECTOTCORR
2002-10-21,9.29,coffee-minas-south,coffee,-21.5,-45,NASA POWER MERRA-2 PRECTOTCORR
2002-10-22,2.36,coffee-minas-south,coffee,-21.5,-45,NASA POWER MERRA-2 PRECTOTCORR
2002-10-23,0.37,coffee-minas-south,coffee,-21.5,-45,NASA POWER MERRA-2 PRECTOTCORR
2002-10-24,1.09,coffee-minas-south,coffee,-21.5,-45,NASA POWER MERRA-2 PRECTOTCORR
2002-10-25,2.66,coffee-minas-south,coffee,-21.5,-45,NASA POWER MERRA-2 PRECTOTCORR
2002-10-26,1.47,coffee-minas-south,coffee,-21.5,-45,NASA POWER MERRA-2 PRECTOTCORR
2002-10-27,1.56,coffee-minas-south,coffee,-21.5,-45,NASA POWER MERRA-2 PRECTOTCORR
2002-10-28,18.96,coffee-minas-south,coffee,-21.5,-45,NASA POWER MERRA-2 PRECTOTCORR
2002-10-29,9.97,coffee-minas-south,coffee,-21.5,-45,NASA POWER MERRA-2 PRECTOTCORR
2002-10-30,16.49,coffee-minas-south,coffee,-21.5,-45,NASA POWER MERRA-2 PRECTOTCORR
2002-10-31,16.06,coffee-minas-south,coffee,-21.5,-45,NASA POWER MERRA-2 PRECTOTCORR
2002-11-01,9.09,coffee-minas-south,coffee,-21.5,-45,NASA POWER MERRA-2 PRECTOTCORR
2002-11-02,1.07,coffee-minas-south,coffee,-21.5,-45,NASA POWER MERRA-2 PRECTOTCORR
2002-11-03,1.32,coffee-minas-south,coffee,-21.5,-45,NASA POWER MERRA-2 PRECTOTCORR
2002-11-04,2.71,coffee-minas-south,coffee,-21.5,-45,NASA POWER MERRA-2 PRECTOTCORR
2002-11-05,19.86,coffee-minas-south,coffee,-21.5,-45,NASA POWER MERRA-2 PRECTOTCORR
2002-11-06,5.5,coffee-minas-south,coffee,-21.5,-45,NASA POWER MERRA-2 PRECTOTCORR
2002-11-07,0.22,coffee-minas-south,coffee,-21.5,-45,NASA POWER MERRA-2 PRECTOTCORR
2002-11-08,0.05,coffee-minas-south,coffee,-21.5,-45,NASA POWER MERRA-2 PRECTOTCORR
2002-11-09,0.24,coffee-minas-south,coffee,-21.5,-45,NASA POWER MERRA-2 PRECTOTCORR
2002-11-10,2.88,coffee-minas-south,coffee,-21.5,-45,NASA POWER MERRA-2 PRECTOTCORR
2002-11-11,12.53,coffee-minas-south,coffee,-21.5,-45,NASA POWER MERRA-2 PRECTOTCORR
2002-11-12,2.78,coffee-minas-south,coffee,-21.5,-45,NASA POWER MERRA-2 PRECTOTCORR
2002-11-13,16.69,coffee-minas-south,coffee,-21.5,-45,NASA POWER MERRA-2 PRECTOTCORR
2002-11-14,8.79,coffee-minas-south,coffee,-21.5,-45,NASA POWER MERRA-2 PRECTOTCORR
2002-11-15,6.91,coffee-minas-south,coffee,-21.5,-45,NASA POWER MERRA-2 PRECTOTCORR
2002-11-16,6.75,coffee-minas-south,coffee,-21.5,-45,NASA POWER MERRA-2 PRECTOTCORR
2002-11-17,13.05,coffee-minas-south,coffee,-21.5,-45,NASA POWER MERRA-2 PRECTOTCORR
2002-11-18,7.78,coffee-minas-south,coffee,-21.5,-45,NASA POWER MERRA-2 PRECTOTCORR
2002-11-19,4.1,coffee-minas-south,coffee,-21.5,-45,NASA POWER MERRA-2 PRECTOTCORR
2002-11-20,6.05,coffee-minas-south,coffee,-21.5,-45,NASA POWER MERRA-2 PRECTOTCORR
2002-11-21,8.66,coffee-minas-south,coffee,-21.5,-45,NASA POWER MERRA-2 PRECTOTCORR
2002-11-22,7.54,coffee-minas-south,coffee,-21.5,-45,NASA POWER MERRA-2 PRECTOTCORR
2002-11-23,5.84,coffee-minas-south,coffee,-21.5,-45,NASA POWER MERRA-2 PRECTOTCORR
2002-11-24,9.67,coffee-minas-south,coffee,-21.5,-45,NASA POWER MERRA-2 PRECTOTCORR
2002-11-25,2.48,coffee-minas-south,coffee,-21.5,-45,NASA POWER MERRA-2 PRECTOTCORR
2002-11-26,3.81,coffee-minas-south,coffee,-21.5,-45,NASA POWER MERRA-2 PRECTOTCORR
2002-11-27,3.94,coffee-minas-south,coffee,-21.5,-45,NASA POWER MERRA-2 PRECTOTCORR
2002-11-28,0.1,coffee-minas-south,coffee,-21.5,-45,NASA POWER MERRA-2 PRECTOTCORR
2002-11-29,0.21,coffee-minas-south,coffee,-21.5,-45,NASA POWER MERRA-2 PRECTOTCORR
2002-11-30,1.83,coffee-minas-south,coffee,-21.5,-45,NASA POWER MERRA-2 PRECTOTCORR
2002-12-01,1.42,coffee-minas-south,coffee,-21.5,-45,NASA POWER MERRA-2 PRECTOTCORR
2002-12-02,14.12,coffee-minas-south,coffee,-21.5,-45,NASA POWER MERRA-2 PRECTOTCORR
2002-12-03,5.36,coffee-minas-south,coffee,-21.5,-45,NASA POWER MERRA-2 PRECTOTCORR
2002-12-04,7.45,coffee-minas-south,coffee,-21.5,-45,NASA POWER MERRA-2 PRECTOTCORR
2002-12-05,2.93,coffee-minas-south,coffee,-21.5,-45,NASA POWER MERRA-2 PRECTOTCORR
2002-12-06,10.7,coffee-minas-south,coffee,-21.5,-45,NASA POWER MERRA-2 PRECTOTCORR
2002-12-07,8.91,coffee-minas-south,coffee,-21.5,-45,NASA POWER MERRA-2 PRECTOTCORR
2002-12-08,5.61,coffee-minas-south,coffee,-21.5,-45,NASA POWER MERRA-2 PRECTOTCORR
2002-12-09,4.98,coffee-minas-south,coffee,-21.5,-45,NASA POWER MERRA-2 PRECTOTCORR
2002-12-10,8.32,coffee-minas-south,coffee,-21.5,-45,NASA POWER MERRA-2 PRECTOTCORR
2002-12-11,23.45,coffee-minas-south,coffee,-21.5,-45,NASA POWER MERRA-2 PRECTOTCORR
2002-12-12,34.5,coffee-minas-south,coffee,-21.5,-45,NASA POWER MERRA-2 PRECTOTCORR
2002-12-13,18.32,coffee-minas-south,coffee,-21.5,-45,NASA POWER MERRA-2 PRECTOTCORR
2002-12-14,13.25,coffee-minas-south,coffee,-21.5,-45,NASA POWER MERRA-2 PRECTOTCORR
2002-12-15,8.02,coffee-minas-south,coffee,-21.5,-45,NASA POWER MERRA-2 PRECTOTCORR
2002-12-16,36.68,coffee-minas-south,coffee,-21.5,-45,NASA POWER MERRA-2 PRECTOTCORR
2002-12-17,5.35,coffee-minas-south,coffee,-21.5,-45,NASA POWER MERRA-2 PRECTOTCORR
2002-12-18,0.95,coffee-minas-south,coffee,-21.5,-45,NASA POWER MERRA-2 PRECTOTCORR
2002-12-19,4.18,coffee-minas-south,coffee,-21.5,-45,NASA POWER MERRA-2 PRECTOTCORR
2002-12-20,6.22,coffee-minas-south,coffee,-21.5,-45,NASA POWER MERRA-2 PRECTOTCORR
2002-12-21,9.01,coffee-minas-south,coffee,-21.5,-45,NASA POWER MERRA-2 PRECTOTCORR
2002-12-22,4.35,coffee-minas-south,coffee,-21.5,-45,NASA POWER MERRA-2 PRECTOTCORR
2002-12-23,5.82,coffee-minas-south,coffee,-21.5,-45,NASA POWER MERRA-2 PRECTOTCORR
2002-12-24,3.87,coffee-minas-south,coffee,-21.5,-45,NASA POWER MERRA-2 PRECTOTCORR
2002-12-25,10.25,coffee-minas-south,coffee,-21.5,-45,NASA POWER MERRA-2 PRECTOTCORR
2002-12-26,2.63,coffee-minas-south,coffee,-21.5,-45,NASA POWER MERRA-2 PRECTOTCORR
2002-12-27,0.1,coffee-minas-south,coffee,-21.5,-45,NASA POWER MERRA-2 PRECTOTCORR
2002-12-28,0.73,coffee-minas-south,coffee,-21.5,-45,NASA POWER MERRA-2 PRECTOTCORR
2002-12-29,2.47,coffee-minas-south,coffee,-21.5,-45,NASA POWER MERRA-2 PRECTOTCORR
2002-12-30,3.71,coffee-minas-south,coffee,-21.5,-45,NASA POWER MERRA-2 PRECTOTCORR
2002-12-31,4.17,coffee-minas-south,coffee,-21.5,-45,NASA POWER MERRA-2 PRECTOTCORR
2003-01-01,6.85,coffee-minas-south,coffee,-21.5,-45,NASA POWER MERRA-2 PRECTOTCORR
2003-01-02,11.65,coffee-minas-south,coffee,-21.5,-45,NASA POWER MERRA-2 PRECTOTCORR
2003-01-03,13.79,coffee-minas-south,coffee,-21.5,-45,NASA POWER MERRA-2 PRECTOTCORR
2003-01-04,15.69,coffee-minas-south,coffee,-21.5,-45,NASA POWER MERRA-2 PRECTOTCORR
2003-01-05,21.37,coffee-minas-south,coffee,-21.5,-45,NASA POWER MERRA-2 PRECTOTCORR
2003-01-06,17.95,coffee-minas-south,coffee,-21.5,-45,NASA POWER MERRA-2 PRECTOTCORR
2003-01-07,7.29,coffee-minas-south,coffee,-21.5,-45,NASA POWER MERRA-2 PRECTOTCORR
2003-01-08,0.86,coffee-minas-south,coffee,-21.5,-45,NASA POWER MERRA-2 PRECTOTCORR
2003-01-09,4.07,coffee-minas-south,coffee,-21.5,-45,NASA POWER MERRA-2 PRECTOTCORR
2003-01-10,26.58,coffee-minas-south,coffee,-21.5,-45,NASA POWER MERRA-2 PRECTOTCORR
2003-01-11,6.74,coffee-minas-south,coffee,-21.5,-45,NASA POWER MERRA-2 PRECTOTCORR
2003-01-12,5.95,coffee-minas-south,coffee,-21.5,-45,NASA POWER MERRA-2 PRECTOTCORR
2003-01-13,12.89,coffee-minas-south,coffee,-21.5,-45,NASA POWER MERRA-2 PRECTOTCORR
2003-01-14,10.4,coffee-minas-south,coffee,-21.5,-45,NASA POWER MERRA-2 PRECTOTCORR
2003-01-15,3.78,coffee-minas-south,coffee,-21.5,-45,NASA POWER MERRA-2 PRECTOTCORR
2003-01-16,19.77,coffee-minas-south,coffee,-21.5,-45,NASA POWER MERRA-2 PRECTOTCORR
2003-01-17,24.01,coffee-minas-south,coffee,-21.5,-45,NASA POWER MERRA-2 PRECTOTCORR
2003-01-18,11.05,coffee-minas-south,coffee,-21.5,-45,NASA POWER MERRA-2 PRECTOTCORR
2003-01-19,12.02,coffee-minas-south,coffee,-21.5,-45,NASA POWER MERRA-2 PRECTOTCORR
2003-01-20,9.42,coffee-minas-south,coffee,-21.5,-45,NASA POWER MERRA-2 PRECTOTCORR
2003-01-21,22.08,coffee-minas-south,coffee,-21.5,-45,NASA POWER MERRA-2 PRECTOTCORR
2003-01-22,10.52,coffee-minas-south,coffee,-21.5,-45,NASA POWER MERRA-2 PRECTOTCORR
2003-01-23,7.53,coffee-minas-south,coffee,-21.5,-45,NASA POWER MERRA-2 PRECTOTCORR
2003-01-24,1.21,coffee-minas-south,coffee,-21.5,-45,NASA POWER MERRA-2 PRECTOTCORR
2003-01-25,10.61,coffee-minas-south,coffee,-21.5,-45,NASA POWER MERRA-2 PRECTOTCORR
2003-01-26,14.07,coffee-minas-south,coffee,-21.5,-45,NASA POWER MERRA-2 PRECTOTCORR
2003-01-27,26.03,coffee-minas-south,coffee,-21.5,-45,NASA POWER MERRA-2 PRECTOTCORR
2003-01-28,32.23,coffee-minas-south,coffee,-21.5,-45,NASA POWER MERRA-2 PRECTOTCORR
2003-01-29,33,coffee-minas-south,coffee,-21.5,-45,NASA POWER MERRA-2 PRECTOTCORR
2003-01-30,21.66,coffee-minas-south,coffee,-21.5,-45,NASA POWER MERRA-2 PRECTOTCORR
2003-01-31,4.19,coffee-minas-south,coffee,-21.5,-45,NASA POWER MERRA-2 PRECTOTCORR
2003-02-01,0.35,coffee-minas-south,coffee,-21.5,-45,NASA POWER MERRA-2 PRECTOTCORR
2003-02-02,0.19,coffee-minas-south,coffee,-21.5,-45,NASA POWER MERRA-2 PRECTOTCORR
2003-02-03,0.61,coffee-minas-south,coffee,-21.5,-45,NASA POWER MERRA-2 PRECTOTCORR
2003-02-04,5.4,coffee-minas-south,coffee,-21.5,-45,NASA POWER MERRA-2 PRECTOTCORR
2003-02-05,10.43,coffee-minas-south,coffee,-21.5,-45,NASA POWER MERRA-2 PRECTOTCORR
2003-02-06,1.5,coffee-minas-south,coffee,-21.5,-45,NASA POWER MERRA-2 PRECTOTCORR
2003-02-07,0.38,coffee-minas-south,coffee,-21.5,-45,NASA POWER MERRA-2 PRECTOTCORR
2003-02-08,0,coffee-minas-south,coffee,-21.5,-45,NASA POWER MERRA-2 PRECTOTCORR
2003-02-09,0,coffee-minas-south,coffee,-21.5,-45,NASA POWER MERRA-2 PRECTOTCORR
2003-02-10,0.01,coffee-minas-south,coffee,-21.5,-45,NASA POWER MERRA-2 PRECTOTCORR
2003-02-11,0.33,coffee-minas-south,coffee,-21.5,-45,NASA POWER MERRA-2 PRECTOTCORR
2003-02-12,0,coffee-minas-south,coffee,-21.5,-45,NASA POWER MERRA-2 PRECTOTCORR
2003-02-13,0.02,coffee-minas-south,coffee,-21.5,-45,NASA POWER MERRA-2 PRECTOTCORR
2003-02-14,0.63,coffee-minas-south,coffee,-21.5,-45,NASA POWER MERRA-2 PRECTOTCORR
2003-02-15,11.86,coffee-minas-south,coffee,-21.5,-45,NASA POWER MERRA-2 PRECTOTCORR
2003-02-16,2.48,coffee-minas-south,coffee,-21.5,-45,NASA POWER MERRA-2 PRECTOTCORR
2003-02-17,9.96,coffee-minas-south,coffee,-21.5,-45,NASA POWER MERRA-2 PRECTOTCORR
2003-02-18,4.86,coffee-minas-south,coffee,-21.5,-45,NASA POWER MERRA-2 PRECTOTCORR
2003-02-19,8.27,coffee-minas-south,coffee,-21.5,-45,NASA POWER MERRA-2 PRECTOTCORR
2003-02-20,3.54,coffee-minas-south,coffee,-21.5,-45,NASA POWER MERRA-2 PRECTOTCORR
2003-02-21,2.35,coffee-minas-south,coffee,-21.5,-45,NASA POWER MERRA-2 PRECTOTCORR
2003-02-22,0.23,coffee-minas-south,coffee,-21.5,-45,NASA POWER MERRA-2 PRECTOTCORR
2003-02-23,0.04,coffee-minas-south,coffee,-21.5,-45,NASA POWER MERRA-2 PRECTOTCORR
2003-02-24,0.01,coffee-minas-south,coffee,-21.5,-45,NASA POWER MERRA-2 PRECTOTCORR
2003-02-25,0.23,coffee-minas-south,coffee,-21.5,-45,NASA POWER MERRA-2 PRECTOTCORR
2003-02-26,0.89,coffee-minas-south,coffee,-21.5,-45,NASA POWER MERRA-2 PRECTOTCORR
2003-02-27,0.06,coffee-minas-south,coffee,-21.5,-45,NASA POWER MERRA-2 PRECTOTCORR
2003-02-28,0.12,coffee-minas-south,coffee,-21.5,-45,NASA POWER MERRA-2 PRECTOTCORR
2003-03-01,0.58,coffee-minas-south,coffee,-21.5,-45,NASA POWER MERRA-2 PRECTOTCORR
2003-03-02,2.51,coffee-minas-south,coffee,-21.5,-45,NASA POWER MERRA-2 PRECTOTCORR
2003-03-03,5.78,coffee-minas-south,coffee,-21.5,-45,NASA POWER MERRA-2 PRECTOTCORR
2003-03-04,3.49,coffee-minas-south,coffee,-21.5,-45,NASA POWER MERRA-2 PRECTOTCORR
2003-03-05,0.93,coffee-minas-south,coffee,-21.5,-45,NASA POWER MERRA-2 PRECTOTCORR
2003-03-06,3.42,coffee-minas-south,coffee,-21.5,-45,NASA POWER MERRA-2 PRECTOTCORR
2003-03-07,6.86,coffee-minas-south,coffee,-21.5,-45,NASA POWER MERRA-2 PRECTOTCORR
2003-03-08,16.32,coffee-minas-south,coffee,-21.5,-45,NASA POWER MERRA-2 PRECTOTCORR
2003-03-09,9.17,coffee-minas-south,coffee,-21.5,-45,NASA POWER MERRA-2 PRECTOTCORR
2003-03-10,4.93,coffee-minas-south,coffee,-21.5,-45,NASA POWER MERRA-2 PRECTOTCORR
2003-03-11,12.19,coffee-minas-south,coffee,-21.5,-45,NASA POWER MERRA-2 PRECTOTCORR
2003-03-12,22.39,coffee-minas-south,coffee,-21.5,-45,NASA POWER MERRA-2 PRECTOTCORR
2003-03-13,8.37,coffee-minas-south,coffee,-21.5,-45,NASA POWER MERRA-2 PRECTOTCORR
2003-03-14,3.84,coffee-minas-south,coffee,-21.5,-45,NASA POWER MERRA-2 PRECTOTCORR
2003-03-15,7.31,coffee-minas-south,coffee,-21.5,-45,NASA POWER MERRA-2 PRECTOTCORR
2003-03-16,10.79,coffee-minas-south,coffee,-21.5,-45,NASA POWER MERRA-2 PRECTOTCORR
2003-03-17,7.93,coffee-minas-south,coffee,-21.5,-45,NASA POWER MERRA-2 PRECTOTCORR
2003-03-18,7.06,coffee-minas-south,coffee,-21.5,-45,NASA POWER MERRA-2 PRECTOTCORR
2003-03-19,4.39,coffee-minas-south,coffee,-21.5,-45,NASA POWER MERRA-2 PRECTOTCORR
2003-03-20,6,coffee-minas-south,coffee,-21.5,-45,NASA POWER MERRA-2 PRECTOTCORR
2003-03-21,9.58,coffee-minas-south,coffee,-21.5,-45,NASA POWER MERRA-2 PRECTOTCORR
2003-03-22,6,coffee-minas-south,coffee,-21.5,-45,NASA POWER MERRA-2 PRECTOTCORR
2003-03-23,0.45,coffee-minas-south,coffee,-21.5,-45,NASA POWER MERRA-2 PRECTOTCORR
2003-03-24,0.28,coffee-minas-south,coffee,-21.5,-45,NASA POWER MERRA-2 PRECTOTCORR
2003-03-25,0.4,coffee-minas-south,coffee,-21.5,-45,NASA POWER MERRA-2 PRECTOTCORR
2003-03-26,1.65,coffee-minas-south,coffee,-21.5,-45,NASA POWER MERRA-2 PRECTOTCORR
2003-03-27,1.41,coffee-minas-south,coffee,-21.5,-45,NASA POWER MERRA-2 PRECTOTCORR
2003-03-28,0.51,coffee-minas-south,coffee,-21.5,-45,NASA POWER MERRA-2 PRECTOTCORR
2003-03-29,0.01,coffee-minas-south,coffee,-21.5,-45,NASA POWER MERRA-2 PRECTOTCORR
2003-03-30,0.01,coffee-minas-south,coffee,-21.5,-45,NASA POWER MERRA-2 PRECTOTCORR
2003-03-31,0.01,coffee-minas-south,coffee,-21.5,-45,NASA POWER MERRA-2 PRECTOTCORR
2003-04-01,0.35,coffee-minas-south,coffee,-21.5,-45,NASA POWER MERRA-2 PRECTOTCORR
2003-04-02,0.23,coffee-minas-south,coffee,-21.5,-45,NASA POWER MERRA-2 PRECTOTCORR
2003-04-03,0.71,coffee-minas-south,coffee,-21.5,-45,NASA POWER MERRA-2 PRECTOTCORR
2003-04-04,5.38,coffee-minas-south,coffee,-21.5,-45,NASA POWER MERRA-2 PRECTOTCORR
2003-04-05,0.54,coffee-minas-south,coffee,-21.5,-45,NASA POWER MERRA-2 PRECTOTCORR
2003-04-06,4.39,coffee-minas-south,coffee,-21.5,-45,NASA POWER MERRA-2 PRECTOTCORR
2003-04-07,0.74,coffee-minas-south,coffee,-21.5,-45,NASA POWER MERRA-2 PRECTOTCORR
2003-04-08,0.69,coffee-minas-south,coffee,-21.5,-45,NASA POWER MERRA-2 PRECTOTCORR
2003-04-09,8.87,coffee-minas-south,coffee,-21.5,-45,NASA POWER MERRA-2 PRECTOTCORR
2003-04-10,17.55,coffee-minas-south,coffee,-21.5,-45,NASA POWER MERRA-2 PRECTOTCORR
2003-04-11,2.37,coffee-minas-south,coffee,-21.5,-45,NASA POWER MERRA-2 PRECTOTCORR
2003-04-12,0.22,coffee-minas-south,coffee,-21.5,-45,NASA POWER MERRA-2 PRECTOTCORR
2003-04-13,0.02,coffee-minas-south,coffee,-21.5,-45,NASA POWER MERRA-2 PRECTOTCORR
2003-04-14,0.09,coffee-minas-south,coffee,-21.5,-45,NASA POWER MERRA-2 PRECTOTCORR
2003-04-15,0.55,coffee-minas-south,coffee,-21.5,-45,NASA POWER MERRA-2 PRECTOTCORR
2003-04-16,0.17,coffee-minas-south,coffee,-21.5,-45,NASA POWER MERRA-2 PRECTOTCORR
2003-04-17,0,coffee-minas-south,coffee,-21.5,-45,NASA POWER MERRA-2 PRECTOTCORR
2003-04-18,0,coffee-minas-south,coffee,-21.5,-45,NASA POWER MERRA-2 PRECTOTCORR
2003-04-19,0.18,coffee-minas-south,coffee,-21.5,-45,NASA POWER MERRA-2 PRECTOTCORR
2003-04-20,0.71,coffee-minas-south,coffee,-21.5,-45,NASA POWER MERRA-2 PRECTOTCORR
2003-04-21,0.42,coffee-minas-south,coffee,-21.5,-45,NASA POWER MERRA-2 PRECTOTCORR
2003-04-22,0.04,coffee-minas-south,coffee,-21.5,-45,NASA POWER MERRA-2 PRECTOTCORR
2003-04-23,0.01,coffee-minas-south,coffee,-21.5,-45,NASA POWER MERRA-2 PRECTOTCORR
2003-04-24,0.03,coffee-minas-south,coffee,-21.5,-45,NASA POWER MERRA-2 PRECTOTCORR
2003-04-25,0.13,coffee-minas-south,coffee,-21.5,-45,NASA POWER MERRA-2 PRECTOTCORR
2003-04-26,0,coffee-minas-south,coffee,-21.5,-45,NASA POWER MERRA-2 PRECTOTCORR
2003-04-27,0,coffee-minas-south,coffee,-21.5,-45,NASA POWER MERRA-2 PRECTOTCORR
2003-04-28,0,coffee-minas-south,coffee,-21.5,-45,NASA POWER MERRA-2 PRECTOTCORR
2003-04-29,0.13,coffee-minas-south,coffee,-21.5,-45,NASA POWER MERRA-2 PRECTOTCORR
2003-04-30,0.03,coffee-minas-south,coffee,-21.5,-45,NASA POWER MERRA-2 PRECTOTCORR
2003-05-01,0.03,coffee-minas-south,coffee,-21.5,-45,NASA POWER MERRA-2 PRECTOTCORR
2003-05-02,7.55,coffee-minas-south,coffee,-21.5,-45,NASA POWER MERRA-2 PRECTOTCORR
2003-05-03,0.51,coffee-minas-south,coffee,-21.5,-45,NASA POWER MERRA-2 PRECTOTCORR
2003-05-04,0.88,coffee-minas-south,coffee,-21.5,-45,NASA POWER MERRA-2 PRECTOTCORR
2003-05-05,14.95,coffee-minas-south,coffee,-21.5,-45,NASA POWER MERRA-2 PRECTOTCORR
2003-05-06,15.7,coffee-minas-south,coffee,-21.5,-45,NASA POWER MERRA-2 PRECTOTCORR
2003-05-07,0.01,coffee-minas-south,coffee,-21.5,-45,NASA POWER MERRA-2 PRECTOTCORR
2003-05-08,0.01,coffee-minas-south,coffee,-21.5,-45,NASA POWER MERRA-2 PRECTOTCORR
2003-05-09,0.01,coffee-minas-south,coffee,-21.5,-45,NASA POWER MERRA-2 PRECTOTCORR
2003-05-10,0.03,coffee-minas-south,coffee,-21.5,-45,NASA POWER MERRA-2 PRECTOTCORR
2003-05-11,0.01,coffee-minas-south,coffee,-21.5,-45,NASA POWER MERRA-2 PRECTOTCORR
2003-05-12,0.02,coffee-minas-south,coffee,-21.5,-45,NASA POWER MERRA-2 PRECTOTCORR
2003-05-13,0.01,coffee-minas-south,coffee,-21.5,-45,NASA POWER MERRA-2 PRECTOTCORR
2003-05-14,0.02,coffee-minas-south,coffee,-21.5,-45,NASA POWER MERRA-2 PRECTOTCORR
2003-05-15,0.02,coffee-minas-south,coffee,-21.5,-45,NASA POWER MERRA-2 PRECTOTCORR
2003-05-16,0,coffee-minas-south,coffee,-21.5,-45,NASA POWER MERRA-2 PRECTOTCORR
2003-05-17,0,coffee-minas-south,coffee,-21.5,-45,NASA POWER MERRA-2 PRECTOTCORR
2003-05-18,0,coffee-minas-south,coffee,-21.5,-45,NASA POWER MERRA-2 PRECTOTCORR
2003-05-19,0,coffee-minas-south,coffee,-21.5,-45,NASA POWER MERRA-2 PRECTOTCORR
2003-05-20,0,coffee-minas-south,coffee,-21.5,-45,NASA POWER MERRA-2 PRECTOTCORR
2003-05-21,0.01,coffee-minas-south,coffee,-21.5,-45,NASA POWER MERRA-2 PRECTOTCORR
2003-05-22,0.01,coffee-minas-south,coffee,-21.5,-45,NASA POWER MERRA-2 PRECTOTCORR
2003-05-23,4.22,coffee-minas-south,coffee,-21.5,-45,NASA POWER MERRA-2 PRECTOTCORR
2003-05-24,1.49,coffee-minas-south,coffee,-21.5,-45,NASA POWER MERRA-2 PRECTOTCORR
2003-05-25,0,coffee-minas-south,coffee,-21.5,-45,NASA POWER MERRA-2 PRECTOTCORR
2003-05-26,0,coffee-minas-south,coffee,-21.5,-45,NASA POWER MERRA-2 PRECTOTCORR
2003-05-27,0,coffee-minas-south,coffee,-21.5,-45,NASA POWER MERRA-2 PRECTOTCORR
2003-05-28,0,coffee-minas-south,coffee,-21.5,-45,NASA POWER MERRA-2 PRECTOTCORR
2003-05-29,0.04,coffee-minas-south,coffee,-21.5,-45,NASA POWER MERRA-2 PRECTOTCORR
2003-05-30,0,coffee-minas-south,coffee,-21.5,-45,NASA POWER MERRA-2 PRECTOTCORR
2003-05-31,0,coffee-minas-south,coffee,-21.5,-45,NASA POWER MERRA-2 PRECTOTCORR
2003-06-01,0,coffee-minas-south,coffee,-21.5,-45,NASA POWER MERRA-2 PRECTOTCORR
2003-06-02,0,coffee-minas-south,coffee,-21.5,-45,NASA POWER MERRA-2 PRECTOTCORR
2003-06-03,0,coffee-minas-south,coffee,-21.5,-45,NASA POWER MERRA-2 PRECTOTCORR
2003-06-04,0.02,coffee-minas-south,coffee,-21.5,-45,NASA POWER MERRA-2 PRECTOTCORR
2003-06-05,0.17,coffee-minas-south,coffee,-21.5,-45,NASA POWER MERRA-2 PRECTOTCORR
2003-06-06,0,coffee-minas-south,coffee,-21.5,-45,NASA POWER MERRA-2 PRECTOTCORR
2003-06-07,0.22,coffee-minas-south,coffee,-21.5,-45,NASA POWER MERRA-2 PRECTOTCORR
2003-06-08,2.06,coffee-minas-south,coffee,-21.5,-45,NASA POWER MERRA-2 PRECTOTCORR
2003-06-09,0.4,coffee-minas-south,coffee,-21.5,-45,NASA POWER MERRA-2 PRECTOTCORR
2003-06-10,0,coffee-minas-south,coffee,-21.5,-45,NASA POWER MERRA-2 PRECTOTCORR
2003-06-11,0,coffee-minas-south,coffee,-21.5,-45,NASA POWER MERRA-2 PRECTOTCORR
2003-06-12,0,coffee-minas-south,coffee,-21.5,-45,NASA POWER MERRA-2 PRECTOTCORR
2003-06-13,0,coffee-minas-south,coffee,-21.5,-45,NASA POWER MERRA-2 PRECTOTCORR
2003-06-14,0,coffee-minas-south,coffee,-21.5,-45,NASA POWER MERRA-2 PRECTOTCORR
2003-06-15,0,coffee-minas-south,coffee,-21.5,-45,NASA POWER MERRA-2 PRECTOTCORR
2003-06-16,0,coffee-minas-south,coffee,-21.5,-45,NASA POWER MERRA-2 PRECTOTCORR
2003-06-17,0,coffee-minas-south,coffee,-21.5,-45,NASA POWER MERRA-2 PRECTOTCORR
2003-06-18,0,coffee-minas-south,coffee,-21.5,-45,NASA POWER MERRA-2 PRECTOTCORR
2003-06-19,0.01,coffee-minas-south,coffee,-21.5,-45,NASA POWER MERRA-2 PRECTOTCORR
2003-06-20,0.03,coffee-minas-south,coffee,-21.5,-45,NASA POWER MERRA-2 PRECTOTCORR
2003-06-21,0.24,coffee-minas-south,coffee,-21.5,-45,NASA POWER MERRA-2 PRECTOTCORR
2003-06-22,0.01,coffee-minas-south,coffee,-21.5,-45,NASA POWER MERRA-2 PRECTOTCORR
2003-06-23,0,coffee-minas-south,coffee,-21.5,-45,NASA POWER MERRA-2 PRECTOTCORR
2003-06-24,0,coffee-minas-south,coffee,-21.5,-45,NASA POWER MERRA-2 PRECTOTCORR
2003-06-25,0,coffee-minas-south,coffee,-21.5,-45,NASA POWER MERRA-2 PRECTOTCORR
2003-06-26,0.01,coffee-minas-south,coffee,-21.5,-45,NASA POWER MERRA-2 PRECTOTCORR
2003-06-27,0,coffee-minas-south,coffee,-21.5,-45,NASA POWER MERRA-2 PRECTOTCORR
2003-06-28,0,coffee-minas-south,coffee,-21.5,-45,NASA POWER MERRA-2 PRECTOTCORR
2003-06-29,0,coffee-minas-south,coffee,-21.5,-45,NASA POWER MERRA-2 PRECTOTCORR
2003-06-30,0,coffee-minas-south,coffee,-21.5,-45,NASA POWER MERRA-2 PRECTOTCORR
2003-07-01,0,coffee-minas-south,coffee,-21.5,-45,NASA POWER MERRA-2 PRECTOTCORR
2003-07-02,0,coffee-minas-south,coffee,-21.5,-45,NASA POWER MERRA-2 PRECTOTCORR
2003-07-03,0,coffee-minas-south,coffee,-21.5,-45,NASA POWER MERRA-2 PRECTOTCORR
2003-07-04,0,coffee-minas-south,coffee,-21.5,-45,NASA POWER MERRA-2 PRECTOTCORR
2003-07-05,0,coffee-minas-south,coffee,-21.5,-45,NASA POWER MERRA-2 PRECTOTCORR
2003-07-06,0,coffee-minas-south,coffee,-21.5,-45,NASA POWER MERRA-2 PRECTOTCORR
2003-07-07,0.02,coffee-minas-south,coffee,-21.5,-45,NASA POWER MERRA-2 PRECTOTCORR
2003-07-08,0.01,coffee-minas-south,coffee,-21.5,-45,NASA POWER MERRA-2 PRECTOTCORR
2003-07-09,0.07,coffee-minas-south,coffee,-21.5,-45,NASA POWER MERRA-2 PRECTOTCORR
2003-07-10,0.13,coffee-minas-south,coffee,-21.5,-45,NASA POWER MERRA-2 PRECTOTCORR
2003-07-11,6.32,coffee-minas-south,coffee,-21.5,-45,NASA POWER MERRA-2 PRECTOTCORR
2003-07-12,9.34,coffee-minas-south,coffee,-21.5,-45,NASA POWER MERRA-2 PRECTOTCORR
2003-07-13,2.1,coffee-minas-south,coffee,-21.5,-45,NASA POWER MERRA-2 PRECTOTCORR
2003-07-14,0.26,coffee-minas-south,coffee,-21.5,-45,NASA POWER MERRA-2 PRECTOTCORR
2003-07-15,0.01,coffee-minas-south,coffee,-21.5,-45,NASA POWER MERRA-2 PRECTOTCORR
2003-07-16,0,coffee-minas-south,coffee,-21.5,-45,NASA POWER MERRA-2 PRECTOTCORR
2003-07-17,0,coffee-minas-south,coffee,-21.5,-45,NASA POWER MERRA-2 PRECTOTCORR
2003-07-18,0,coffee-minas-south,coffee,-21.5,-45,NASA POWER MERRA-2 PRECTOTCORR
2003-07-19,0,coffee-minas-south,coffee,-21.5,-45,NASA POWER MERRA-2 PRECTOTCORR
2003-07-20,0,coffee-minas-south,coffee,-21.5,-45,NASA POWER MERRA-2 PRECTOTCORR
2003-07-21,0,coffee-minas-south,coffee,-21.5,-45,NASA POWER MERRA-2 PRECTOTCORR
2003-07-22,0,coffee-minas-south,coffee,-21.5,-45,NASA POWER MERRA-2 PRECTOTCORR
2003-07-23,0,coffee-minas-south,coffee,-21.5,-45,NASA POWER MERRA-2 PRECTOTCORR
2003-07-24,0,coffee-minas-south,coffee,-21.5,-45,NASA POWER MERRA-2 PRECTOTCORR
2003-07-25,0,coffee-minas-south,coffee,-21.5,-45,NASA POWER MERRA-2 PRECTOTCORR
2003-07-26,0.01,coffee-minas-south,coffee,-21.5,-45,NASA POWER MERRA-2 PRECTOTCORR
2003-07-27,0.03,coffee-minas-south,coffee,-21.5,-45,NASA POWER MERRA-2 PRECTOTCORR
2003-07-28,0.01,coffee-minas-south,coffee,-21.5,-45,NASA POWER MERRA-2 PRECTOTCORR
2003-07-29,0,coffee-minas-south,coffee,-21.5,-45,NASA POWER MERRA-2 PRECTOTCORR
2003-07-30,0,coffee-minas-south,coffee,-21.5,-45,NASA POWER MERRA-2 PRECTOTCORR
2003-07-31,0,coffee-minas-south,coffee,-21.5,-45,NASA POWER MERRA-2 PRECTOTCORR
2003-08-01,0.01,coffee-minas-south,coffee,-21.5,-45,NASA POWER MERRA-2 PRECTOTCORR
2003-08-02,0.01,coffee-minas-south,coffee,-21.5,-45,NASA POWER MERRA-2 PRECTOTCORR
2003-08-03,0,coffee-minas-south,coffee,-21.5,-45,NASA POWER MERRA-2 PRECTOTCORR
2003-08-04,0,coffee-minas-south,coffee,-21.5,-45,NASA POWER MERRA-2 PRECTOTCORR
2003-08-05,0,coffee-minas-south,coffee,-21.5,-45,NASA POWER MERRA-2 PRECTOTCORR
2003-08-06,0,coffee-minas-south,coffee,-21.5,-45,NASA POWER MERRA-2 PRECTOTCORR
2003-08-07,0,coffee-minas-south,coffee,-21.5,-45,NASA POWER MERRA-2 PRECTOTCORR
2003-08-08,1.15,coffee-minas-south,coffee,-21.5,-45,NASA POWER MERRA-2 PRECTOTCORR
2003-08-09,1.03,coffee-minas-south,coffee,-21.5,-45,NASA POWER MERRA-2 PRECTOTCORR
2003-08-10,0.51,coffee-minas-south,coffee,-21.5,-45,NASA POWER MERRA-2 PRECTOTCORR
2003-08-11,0.18,coffee-minas-south,coffee,-21.5,-45,NASA POWER MERRA-2 PRECTOTCORR
2003-08-12,0.04,coffee-minas-south,coffee,-21.5,-45,NASA POWER MERRA-2 PRECTOTCORR
2003-08-13,0.03,coffee-minas-south,coffee,-21.5,-45,NASA POWER MERRA-2 PRECTOTCORR
2003-08-14,0,coffee-minas-south,coffee,-21.5,-45,NASA POWER MERRA-2 PRECTOTCORR
2003-08-15,2.43,coffee-minas-south,coffee,-21.5,-45,NASA POWER MERRA-2 PRECTOTCORR
2003-08-16,0.53,coffee-minas-south,coffee,-21.5,-45,NASA POWER MERRA-2 PRECTOTCORR
2003-08-17,0.09,coffee-minas-south,coffee,-21.5,-45,NASA POWER MERRA-2 PRECTOTCORR
2003-08-18,0.03,coffee-minas-south,coffee,-21.5,-45,NASA POWER MERRA-2 PRECTOTCORR
2003-08-19,0,coffee-minas-south,coffee,-21.5,-45,NASA POWER MERRA-2 PRECTOTCORR
2003-08-20,0,coffee-minas-south,coffee,-21.5,-45,NASA POWER MERRA-2 PRECTOTCORR
2003-08-21,0,coffee-minas-south,coffee,-21.5,-45,NASA POWER MERRA-2 PRECTOTCORR
2003-08-22,0,coffee-minas-south,coffee,-21.5,-45,NASA POWER MERRA-2 PRECTOTCORR
2003-08-23,0.01,coffee-minas-south,coffee,-21.5,-45,NASA POWER MERRA-2 PRECTOTCORR
2003-08-24,0.08,coffee-minas-south,coffee,-21.5,-45,NASA POWER MERRA-2 PRECTOTCORR
2003-08-25,6.71,coffee-minas-south,coffee,-21.5,-45,NASA POWER MERRA-2 PRECTOTCORR
2003-08-26,1.53,coffee-minas-south,coffee,-21.5,-45,NASA POWER MERRA-2 PRECTOTCORR
2003-08-27,0.37,coffee-minas-south,coffee,-21.5,-45,NASA POWER MERRA-2 PRECTOTCORR
2003-08-28,3.25,coffee-minas-south,coffee,-21.5,-45,NASA POWER MERRA-2 PRECTOTCORR
2003-08-29,0.77,coffee-minas-south,coffee,-21.5,-45,NASA POWER MERRA-2 PRECTOTCORR
2003-08-30,1.7,coffee-minas-south,coffee,-21.5,-45,NASA POWER MERRA-2 PRECTOTCORR
2003-08-31,0.35,coffee-minas-south,coffee,-21.5,-45,NASA POWER MERRA-2 PRECTOTCORR
2003-09-01,1.26,coffee-minas-south,coffee,-21.5,-45,NASA POWER MERRA-2 PRECTOTCORR
2003-09-02,0.08,coffee-minas-south,coffee,-21.5,-45,NASA POWER MERRA-2 PRECTOTCORR
2003-09-03,0.09,coffee-minas-south,coffee,-21.5,-45,NASA POWER MERRA-2 PRECTOTCORR
2003-09-04,0.02,coffee-minas-south,coffee,-21.5,-45,NASA POWER MERRA-2 PRECTOTCORR
2003-09-05,0,coffee-minas-south,coffee,-21.5,-45,NASA POWER MERRA-2 PRECTOTCORR
2003-09-06,0,coffee-minas-south,coffee,-21.5,-45,NASA POWER MERRA-2 PRECTOTCORR
2003-09-07,0.01,coffee-minas-south,coffee,-21.5,-45,NASA POWER MERRA-2 PRECTOTCORR
2003-09-08,0.04,coffee-minas-south,coffee,-21.5,-45,NASA POWER MERRA-2 PRECTOTCORR
2003-09-09,0.01,coffee-minas-south,coffee,-21.5,-45,NASA POWER MERRA-2 PRECTOTCORR
2003-09-10,0.12,coffee-minas-south,coffee,-21.5,-45,NASA POWER MERRA-2 PRECTOTCORR
2003-09-11,0.37,coffee-minas-south,coffee,-21.5,-45,NASA POWER MERRA-2 PRECTOTCORR
2003-09-12,2.33,coffee-minas-south,coffee,-21.5,-45,NASA POWER MERRA-2 PRECTOTCORR
2003-09-13,6.71,coffee-minas-south,coffee,-21.5,-45,NASA POWER MERRA-2 PRECTOTCORR
2003-09-14,0.63,coffee-minas-south,coffee,-21.5,-45,NASA POWER MERRA-2 PRECTOTCORR
2003-09-15,0.63,coffee-minas-south,coffee,-21.5,-45,NASA POWER MERRA-2 PRECTOTCORR
2003-09-16,3.79,coffee-minas-south,coffee,-21.5,-45,NASA POWER MERRA-2 PRECTOTCORR
2003-09-17,0.73,coffee-minas-south,coffee,-21.5,-45,NASA POWER MERRA-2 PRECTOTCORR
2003-09-18,0.19,coffee-minas-south,coffee,-21.5,-45,NASA POWER MERRA-2 PRECTOTCORR
2003-09-19,0.03,coffee-minas-south,coffee,-21.5,-45,NASA POWER MERRA-2 PRECTOTCORR
2003-09-20,0,coffee-minas-south,coffee,-21.5,-45,NASA POWER MERRA-2 PRECTOTCORR
2003-09-21,0,coffee-minas-south,coffee,-21.5,-45,NASA POWER MERRA-2 PRECTOTCORR
2003-09-22,0,coffee-minas-south,coffee,-21.5,-45,NASA POWER MERRA-2 PRECTOTCORR
2003-09-23,0,coffee-minas-south,coffee,-21.5,-45,NASA POWER MERRA-2 PRECTOTCORR
2003-09-24,0.02,coffee-minas-south,coffee,-21.5,-45,NASA POWER MERRA-2 PRECTOTCORR
2003-09-25,0.42,coffee-minas-south,coffee,-21.5,-45,NASA POWER MERRA-2 PRECTOTCORR
2003-09-26,1.57,coffee-minas-south,coffee,-21.5,-45,NASA POWER MERRA-2 PRECTOTCORR
2003-09-27,0.73,coffee-minas-south,coffee,-21.5,-45,NASA POWER MERRA-2 PRECTOTCORR
2003-09-28,2.94,coffee-minas-south,coffee,-21.5,-45,NASA POWER MERRA-2 PRECTOTCORR
2003-09-29,3.45,coffee-minas-south,coffee,-21.5,-45,NASA POWER MERRA-2 PRECTOTCORR
2003-09-30,0.34,coffee-minas-south,coffee,-21.5,-45,NASA POWER MERRA-2 PRECTOTCORR
2003-10-01,0.15,coffee-minas-south,coffee,-21.5,-45,NASA POWER MERRA-2 PRECTOTCORR
2003-10-02,0.03,coffee-minas-south,coffee,-21.5,-45,NASA POWER MERRA-2 PRECTOTCORR
2003-10-03,0,coffee-minas-south,coffee,-21.5,-45,NASA POWER MERRA-2 PRECTOTCORR
2003-10-04,0.02,coffee-minas-south,coffee,-21.5,-45,NASA POWER MERRA-2 PRECTOTCORR
2003-10-05,0.02,coffee-minas-south,coffee,-21.5,-45,NASA POWER MERRA-2 PRECTOTCORR
2003-10-06,1.2,coffee-minas-south,coffee,-21.5,-45,NASA POWER MERRA-2 PRECTOTCORR
2003-10-07,11.9,coffee-minas-south,coffee,-21.5,-45,NASA POWER MERRA-2 PRECTOTCORR
2003-10-08,10.37,coffee-minas-south,coffee,-21.5,-45,NASA POWER MERRA-2 PRECTOTCORR
2003-10-09,8,coffee-minas-south,coffee,-21.5,-45,NASA POWER MERRA-2 PRECTOTCORR
2003-10-10,3.88,coffee-minas-south,coffee,-21.5,-45,NASA POWER MERRA-2 PRECTOTCORR
2003-10-11,14.47,coffee-minas-south,coffee,-21.5,-45,NASA POWER MERRA-2 PRECTOTCORR
2003-10-12,0.89,coffee-minas-south,coffee,-21.5,-45,NASA POWER MERRA-2 PRECTOTCORR
2003-10-13,0.3,coffee-minas-south,coffee,-21.5,-45,NASA POWER MERRA-2 PRECTOTCORR
2003-10-14,0.43,coffee-minas-south,coffee,-21.5,-45,NASA POWER MERRA-2 PRECTOTCORR
2003-10-15,0.46,coffee-minas-south,coffee,-21.5,-45,NASA POWER MERRA-2 PRECTOTCORR
2003-10-16,0.22,coffee-minas-south,coffee,-21.5,-45,NASA POWER MERRA-2 PRECTOTCORR
2003-10-17,0.1,coffee-minas-south,coffee,-21.5,-45,NASA POWER MERRA-2 PRECTOTCORR
2003-10-18,0.1,coffee-minas-south,coffee,-21.5,-45,NASA POWER MERRA-2 PRECTOTCORR
2003-10-19,0.02,coffee-minas-south,coffee,-21.5,-45,NASA POWER MERRA-2 PRECTOTCORR
2003-10-20,0.01,coffee-minas-south,coffee,-21.5,-45,NASA POWER MERRA-2 PRECTOTCORR
2003-10-21,0.94,coffee-minas-south,coffee,-21.5,-45,NASA POWER MERRA-2 PRECTOTCORR
2003-10-22,6.81,coffee-minas-south,coffee,-21.5,-45,NASA POWER MERRA-2 PRECTOTCORR
2003-10-23,22.31,coffee-minas-south,coffee,-21.5,-45,NASA POWER MERRA-2 PRECTOTCORR
2003-10-24,2.3,coffee-minas-south,coffee,-21.5,-45,NASA POWER MERRA-2 PRECTOTCORR
2003-10-25,0.07,coffee-minas-south,coffee,-21.5,-45,NASA POWER MERRA-2 PRECTOTCORR
2003-10-26,0.18,coffee-minas-south,coffee,-21.5,-45,NASA POWER MERRA-2 PRECTOTCORR
2003-10-27,5.25,coffee-minas-south,coffee,-21.5,-45,NASA POWER MERRA-2 PRECTOTCORR
2003-10-28,1.38,coffee-minas-south,coffee,-21.5,-45,NASA POWER MERRA-2 PRECTOTCORR
2003-10-29,2.43,coffee-minas-south,coffee,-21.5,-45,NASA POWER MERRA-2 PRECTOTCORR
2003-10-30,4.17,coffee-minas-south,coffee,-21.5,-45,NASA POWER MERRA-2 PRECTOTCORR
2003-10-31,3.24,coffee-minas-south,coffee,-21.5,-45,NASA POWER MERRA-2 PRECTOTCORR
2003-11-01,3.38,coffee-minas-south,coffee,-21.5,-45,NASA POWER MERRA-2 PRECTOTCORR
2003-11-02,8.09,coffee-minas-south,coffee,-21.5,-45,NASA POWER MERRA-2 PRECTOTCORR
2003-11-03,1.7,coffee-minas-south,coffee,-21.5,-45,NASA POWER MERRA-2 PRECTOTCORR
2003-11-04,0.18,coffee-minas-south,coffee,-21.5,-45,NASA POWER MERRA-2 PRECTOTCORR
2003-11-05,2.88,coffee-minas-south,coffee,-21.5,-45,NASA POWER MERRA-2 PRECTOTCORR
2003-11-06,16.47,coffee-minas-south,coffee,-21.5,-45,NASA POWER MERRA-2 PRECTOTCORR
2003-11-07,15.44,coffee-minas-south,coffee,-21.5,-45,NASA POWER MERRA-2 PRECTOTCORR
2003-11-08,0.2,coffee-minas-south,coffee,-21.5,-45,NASA POWER MERRA-2 PRECTOTCORR
2003-11-09,0.58,coffee-minas-south,coffee,-21.5,-45,NASA POWER MERRA-2 PRECTOTCORR
2003-11-10,0.23,coffee-minas-south,coffee,-21.5,-45,NASA POWER MERRA-2 PRECTOTCORR
2003-11-11,0.7,coffee-minas-south,coffee,-21.5,-45,NASA POWER MERRA-2 PRECTOTCORR
2003-11-12,1.12,coffee-minas-south,coffee,-21.5,-45,NASA POWER MERRA-2 PRECTOTCORR
2003-11-13,3.83,coffee-minas-south,coffee,-21.5,-45,NASA POWER MERRA-2 PRECTOTCORR
2003-11-14,2.02,coffee-minas-south,coffee,-21.5,-45,NASA POWER MERRA-2 PRECTOTCORR
2003-11-15,2.73,coffee-minas-south,coffee,-21.5,-45,NASA POWER MERRA-2 PRECTOTCORR
2003-11-16,8.22,coffee-minas-south,coffee,-21.5,-45,NASA POWER MERRA-2 PRECTOTCORR
2003-11-17,7.74,coffee-minas-south,coffee,-21.5,-45,NASA POWER MERRA-2 PRECTOTCORR
2003-11-18,3.55,coffee-minas-south,coffee,-21.5,-45,NASA POWER MERRA-2 PRECTOTCORR
2003-11-19,11.17,coffee-minas-south,coffee,-21.5,-45,NASA POWER MERRA-2 PRECTOTCORR
2003-11-20,5.89,coffee-minas-south,coffee,-21.5,-45,NASA POWER MERRA-2 PRECTOTCORR
2003-11-21,3.88,coffee-minas-south,coffee,-21.5,-45,NASA POWER MERRA-2 PRECTOTCORR
2003-11-22,0.53,coffee-minas-south,coffee,-21.5,-45,NASA POWER MERRA-2 PRECTOTCORR
2003-11-23,0.83,coffee-minas-south,coffee,-21.5,-45,NASA POWER MERRA-2 PRECTOTCORR
2003-11-24,2.01,coffee-minas-south,coffee,-21.5,-45,NASA POWER MERRA-2 PRECTOTCORR
2003-11-25,6.65,coffee-minas-south,coffee,-21.5,-45,NASA POWER MERRA-2 PRECTOTCORR
2003-11-26,4.57,coffee-minas-south,coffee,-21.5,-45,NASA POWER MERRA-2 PRECTOTCORR
2003-11-27,9.01,coffee-minas-south,coffee,-21.5,-45,NASA POWER MERRA-2 PRECTOTCORR
2003-11-28,5.91,coffee-minas-south,coffee,-21.5,-45,NASA POWER MERRA-2 PRECTOTCORR
2003-11-29,22.92,coffee-minas-south,coffee,-21.5,-45,NASA POWER MERRA-2 PRECTOTCORR
2003-11-30,22.74,coffee-minas-south,coffee,-21.5,-45,NASA POWER MERRA-2 PRECTOTCORR
2003-12-01,20.39,coffee-minas-south,coffee,-21.5,-45,NASA POWER MERRA-2 PRECTOTCORR
2003-12-02,8.96,coffee-minas-south,coffee,-21.5,-45,NASA POWER MERRA-2 PRECTOTCORR
2003-12-03,15.17,coffee-minas-south,coffee,-21.5,-45,NASA POWER MERRA-2 PRECTOTCORR
2003-12-04,35.64,coffee-minas-south,coffee,-21.5,-45,NASA POWER MERRA-2 PRECTOTCORR
2003-12-05,13.38,coffee-minas-south,coffee,-21.5,-45,NASA POWER MERRA-2 PRECTOTCORR
2003-12-06,9.86,coffee-minas-south,coffee,-21.5,-45,NASA POWER MERRA-2 PRECTOTCORR
2003-12-07,5.56,coffee-minas-south,coffee,-21.5,-45,NASA POWER MERRA-2 PRECTOTCORR
2003-12-08,6.75,coffee-minas-south,coffee,-21.5,-45,NASA POWER MERRA-2 PRECTOTCORR
2003-12-09,7.23,coffee-minas-south,coffee,-21.5,-45,NASA POWER MERRA-2 PRECTOTCORR
2003-12-10,8.51,coffee-minas-south,coffee,-21.5,-45,NASA POWER MERRA-2 PRECTOTCORR
2003-12-11,4.92,coffee-minas-south,coffee,-21.5,-45,NASA POWER MERRA-2 PRECTOTCORR
2003-12-12,4.37,coffee-minas-south,coffee,-21.5,-45,NASA POWER MERRA-2 PRECTOTCORR
2003-12-13,4.5,coffee-minas-south,coffee,-21.5,-45,NASA POWER MERRA-2 PRECTOTCORR
2003-12-14,5.63,coffee-minas-south,coffee,-21.5,-45,NASA POWER MERRA-2 PRECTOTCORR
2003-12-15,0.23,coffee-minas-south,coffee,-21.5,-45,NASA POWER MERRA-2 PRECTOTCORR
2003-12-16,0.76,coffee-minas-south,coffee,-21.5,-45,NASA POWER MERRA-2 PRECTOTCORR
2003-12-17,4.12,coffee-minas-south,coffee,-21.5,-45,NASA POWER MERRA-2 PRECTOTCORR
2003-12-18,1.72,coffee-minas-south,coffee,-21.5,-45,NASA POWER MERRA-2 PRECTOTCORR
2003-12-19,0.4,coffee-minas-south,coffee,-21.5,-45,NASA POWER MERRA-2 PRECTOTCORR
2003-12-20,4.33,coffee-minas-south,coffee,-21.5,-45,NASA POWER MERRA-2 PRECTOTCORR
2003-12-21,18.18,coffee-minas-south,coffee,-21.5,-45,NASA POWER MERRA-2 PRECTOTCORR
2003-12-22,1.51,coffee-minas-south,coffee,-21.5,-45,NASA POWER MERRA-2 PRECTOTCORR
2003-12-23,7.77,coffee-minas-south,coffee,-21.5,-45,NASA POWER MERRA-2 PRECTOTCORR
2003-12-24,1.19,coffee-minas-south,coffee,-21.5,-45,NASA POWER MERRA-2 PRECTOTCORR
2003-12-25,2.54,coffee-minas-south,coffee,-21.5,-45,NASA POWER MERRA-2 PRECTOTCORR
2003-12-26,3.57,coffee-minas-south,coffee,-21.5,-45,NASA POWER MERRA-2 PRECTOTCORR
2003-12-27,2.32,coffee-minas-south,coffee,-21.5,-45,NASA POWER MERRA-2 PRECTOTCORR
2003-12-28,6.56,coffee-minas-south,coffee,-21.5,-45,NASA POWER MERRA-2 PRECTOTCORR
2003-12-29,5.3,coffee-minas-south,coffee,-21.5,-45,NASA POWER MERRA-2 PRECTOTCORR
2003-12-30,5.12,coffee-minas-south,coffee,-21.5,-45,NASA POWER MERRA-2 PRECTOTCORR
2003-12-31,2.98,coffee-minas-south,coffee,-21.5,-45,NASA POWER MERRA-2 PRECTOTCORR
2004-01-01,13.27,coffee-minas-south,coffee,-21.5,-45,NASA POWER MERRA-2 PRECTOTCORR
2004-01-02,7.83,coffee-minas-south,coffee,-21.5,-45,NASA POWER MERRA-2 PRECTOTCORR
2004-01-03,2.72,coffee-minas-south,coffee,-21.5,-45,NASA POWER MERRA-2 PRECTOTCORR
2004-01-04,1.33,coffee-minas-south,coffee,-21.5,-45,NASA POWER MERRA-2 PRECTOTCORR
2004-01-05,2.08,coffee-minas-south,coffee,-21.5,-45,NASA POWER MERRA-2 PRECTOTCORR
2004-01-06,7.03,coffee-minas-south,coffee,-21.5,-45,NASA POWER MERRA-2 PRECTOTCORR
2004-01-07,11.96,coffee-minas-south,coffee,-21.5,-45,NASA POWER MERRA-2 PRECTOTCORR
2004-01-08,27.6,coffee-minas-south,coffee,-21.5,-45,NASA POWER MERRA-2 PRECTOTCORR
2004-01-09,50.88,coffee-minas-south,coffee,-21.5,-45,NASA POWER MERRA-2 PRECTOTCORR
2004-01-10,6.36,coffee-minas-south,coffee,-21.5,-45,NASA POWER MERRA-2 PRECTOTCORR
2004-01-11,2.98,coffee-minas-south,coffee,-21.5,-45,NASA POWER MERRA-2 PRECTOTCORR
2004-01-12,9.56,coffee-minas-south,coffee,-21.5,-45,NASA POWER MERRA-2 PRECTOTCORR
2004-01-13,12.48,coffee-minas-south,coffee,-21.5,-45,NASA POWER MERRA-2 PRECTOTCORR
2004-01-14,14.58,coffee-minas-south,coffee,-21.5,-45,NASA POWER MERRA-2 PRECTOTCORR
2004-01-15,6.19,coffee-minas-south,coffee,-21.5,-45,NASA POWER MERRA-2 PRECTOTCORR
2004-01-16,2.69,coffee-minas-south,coffee,-21.5,-45,NASA POWER MERRA-2 PRECTOTCORR
2004-01-17,0.33,coffee-minas-south,coffee,-21.5,-45,NASA POWER MERRA-2 PRECTOTCORR
2004-01-18,0.11,coffee-minas-south,coffee,-21.5,-45,NASA POWER MERRA-2 PRECTOTCORR
2004-01-19,0.05,coffee-minas-south,coffee,-21.5,-45,NASA POWER MERRA-2 PRECTOTCORR
2004-01-20,0.1,coffee-minas-south,coffee,-21.5,-45,NASA POWER MERRA-2 PRECTOTCORR
2004-01-21,0.15,coffee-minas-south,coffee,-21.5,-45,NASA POWER MERRA-2 PRECTOTCORR
2004-01-22,3.39,coffee-minas-south,coffee,-21.5,-45,NASA POWER MERRA-2 PRECTOTCORR
2004-01-23,3.22,coffee-minas-south,coffee,-21.5,-45,NASA POWER MERRA-2 PRECTOTCORR
2004-01-24,2.25,coffee-minas-south,coffee,-21.5,-45,NASA POWER MERRA-2 PRECTOTCORR
2004-01-25,1.94,coffee-minas-south,coffee,-21.5,-45,NASA POWER MERRA-2 PRECTOTCORR
2004-01-26,2.96,coffee-minas-south,coffee,-21.5,-45,NASA POWER MERRA-2 PRECTOTCORR
2004-01-27,0.52,coffee-minas-south,coffee,-21.5,-45,NASA POWER MERRA-2 PRECTOTCORR
2004-01-28,0.05,coffee-minas-south,coffee,-21.5,-45,NASA POWER MERRA-2 PRECTOTCORR
2004-01-29,0.81,coffee-minas-south,coffee,-21.5,-45,NASA POWER MERRA-2 PRECTOTCORR
2004-01-30,0.74,coffee-minas-south,coffee,-21.5,-45,NASA POWER MERRA-2 PRECTOTCORR
2004-01-31,5.09,coffee-minas-south,coffee,-21.5,-45,NASA POWER MERRA-2 PRECTOTCORR
2004-02-01,6.23,coffee-minas-south,coffee,-21.5,-45,NASA POWER MERRA-2 PRECTOTCORR
2004-02-02,10.9,coffee-minas-south,coffee,-21.5,-45,NASA POWER MERRA-2 PRECTOTCORR
2004-02-03,8.16,coffee-minas-south,coffee,-21.5,-45,NASA POWER MERRA-2 PRECTOTCORR
2004-02-04,4.75,coffee-minas-south,coffee,-21.5,-45,NASA POWER MERRA-2 PRECTOTCORR
2004-02-05,3.36,coffee-minas-south,coffee,-21.5,-45,NASA POWER MERRA-2 PRECTOTCORR
2004-02-06,14.49,coffee-minas-south,coffee,-21.5,-45,NASA POWER MERRA-2 PRECTOTCORR
2004-02-07,6.29,coffee-minas-south,coffee,-21.5,-45,NASA POWER MERRA-2 PRECTOTCORR
2004-02-08,5.61,coffee-minas-south,coffee,-21.5,-45,NASA POWER MERRA-2 PRECTOTCORR
2004-02-09,3.35,coffee-minas-south,coffee,-21.5,-45,NASA POWER MERRA-2 PRECTOTCORR
2004-02-10,5.95,coffee-minas-south,coffee,-21.5,-45,NASA POWER MERRA-2 PRECTOTCORR
2004-02-11,2.97,coffee-minas-south,coffee,-21.5,-45,NASA POWER MERRA-2 PRECTOTCORR
2004-02-12,6.09,coffee-minas-south,coffee,-21.5,-45,NASA POWER MERRA-2 PRECTOTCORR
2004-02-13,4.77,coffee-minas-south,coffee,-21.5,-45,NASA POWER MERRA-2 PRECTOTCORR
2004-02-14,26.81,coffee-minas-south,coffee,-21.5,-45,NASA POWER MERRA-2 PRECTOTCORR
2004-02-15,24.26,coffee-minas-south,coffee,-21.5,-45,NASA POWER MERRA-2 PRECTOTCORR
2004-02-16,5.65,coffee-minas-south,coffee,-21.5,-45,NASA POWER MERRA-2 PRECTOTCORR
2004-02-17,3.11,coffee-minas-south,coffee,-21.5,-45,NASA POWER MERRA-2 PRECTOTCORR
2004-02-18,1.87,coffee-minas-south,coffee,-21.5,-45,NASA POWER MERRA-2 PRECTOTCORR
2004-02-19,9.9,coffee-minas-south,coffee,-21.5,-45,NASA POWER MERRA-2 PRECTOTCORR
2004-02-20,16.5,coffee-minas-south,coffee,-21.5,-45,NASA POWER MERRA-2 PRECTOTCORR
2004-02-21,21.79,coffee-minas-south,coffee,-21.5,-45,NASA POWER MERRA-2 PRECTOTCORR
2004-02-22,22.25,coffee-minas-south,coffee,-21.5,-45,NASA POWER MERRA-2 PRECTOTCORR
2004-02-23,27.09,coffee-minas-south,coffee,-21.5,-45,NASA POWER MERRA-2 PRECTOTCORR
2004-02-24,31.07,coffee-minas-south,coffee,-21.5,-45,NASA POWER MERRA-2 PRECTOTCORR
2004-02-25,11.96,coffee-minas-south,coffee,-21.5,-45,NASA POWER MERRA-2 PRECTOTCORR
2004-02-26,23.85,coffee-minas-south,coffee,-21.5,-45,NASA POWER MERRA-2 PRECTOTCORR
2004-02-27,6.7,coffee-minas-south,coffee,-21.5,-45,NASA POWER MERRA-2 PRECTOTCORR
2004-02-28,4.91,coffee-minas-south,coffee,-21.5,-45,NASA POWER MERRA-2 PRECTOTCORR
2004-02-29,3.04,coffee-minas-south,coffee,-21.5,-45,NASA POWER MERRA-2 PRECTOTCORR
2004-03-01,1.09,coffee-minas-south,coffee,-21.5,-45,NASA POWER MERRA-2 PRECTOTCORR
2004-03-02,3.2,coffee-minas-south,coffee,-21.5,-45,NASA POWER MERRA-2 PRECTOTCORR
2004-03-03,3.77,coffee-minas-south,coffee,-21.5,-45,NASA POWER MERRA-2 PRECTOTCORR
2004-03-04,3.79,coffee-minas-south,coffee,-21.5,-45,NASA POWER MERRA-2 PRECTOTCORR
2004-03-05,9.15,coffee-minas-south,coffee,-21.5,-45,NASA POWER MERRA-2 PRECTOTCORR
2004-03-06,5.79,coffee-minas-south,coffee,-21.5,-45,NASA POWER MERRA-2 PRECTOTCORR
2004-03-07,4.43,coffee-minas-south,coffee,-21.5,-45,NASA POWER MERRA-2 PRECTOTCORR
2004-03-08,0.15,coffee-minas-south,coffee,-21.5,-45,NASA POWER MERRA-2 PRECTOTCORR
2004-03-09,0.78,coffee-minas-south,coffee,-21.5,-45,NASA POWER MERRA-2 PRECTOTCORR
2004-03-10,3.85,coffee-minas-south,coffee,-21.5,-45,NASA POWER MERRA-2 PRECTOTCORR
2004-03-11,1.08,coffee-minas-south,coffee,-21.5,-45,NASA POWER MERRA-2 PRECTOTCORR
2004-03-12,0.37,coffee-minas-south,coffee,-21.5,-45,NASA POWER MERRA-2 PRECTOTCORR
2004-03-13,1.23,coffee-minas-south,coffee,-21.5,-45,NASA POWER MERRA-2 PRECTOTCORR
2004-03-14,8.3,coffee-minas-south,coffee,-21.5,-45,NASA POWER MERRA-2 PRECTOTCORR
2004-03-15,17.86,coffee-minas-south,coffee,-21.5,-45,NASA POWER MERRA-2 PRECTOTCORR
2004-03-16,1.02,coffee-minas-south,coffee,-21.5,-45,NASA POWER MERRA-2 PRECTOTCORR
2004-03-17,0.82,coffee-minas-south,coffee,-21.5,-45,NASA POWER MERRA-2 PRECTOTCORR
2004-03-18,4.32,coffee-minas-south,coffee,-21.5,-45,NASA POWER MERRA-2 PRECTOTCORR
2004-03-19,10.96,coffee-minas-south,coffee,-21.5,-45,NASA POWER MERRA-2 PRECTOTCORR
2004-03-20,7.77,coffee-minas-south,coffee,-21.5,-45,NASA POWER MERRA-2 PRECTOTCORR
2004-03-21,2.08,coffee-minas-south,coffee,-21.5,-45,NASA POWER MERRA-2 PRECTOTCORR
2004-03-22,0.83,coffee-minas-south,coffee,-21.5,-45,NASA POWER MERRA-2 PRECTOTCORR
2004-03-23,1.05,coffee-minas-south,coffee,-21.5,-45,NASA POWER MERRA-2 PRECTOTCORR
2004-03-24,0.36,coffee-minas-south,coffee,-21.5,-45,NASA POWER MERRA-2 PRECTOTCORR
2004-03-25,1.72,coffee-minas-south,coffee,-21.5,-45,NASA POWER MERRA-2 PRECTOTCORR
2004-03-26,8.34,coffee-minas-south,coffee,-21.5,-45,NASA POWER MERRA-2 PRECTOTCORR
2004-03-27,8.48,coffee-minas-south,coffee,-21.5,-45,NASA POWER MERRA-2 PRECTOTCORR
2004-03-28,1.98,coffee-minas-south,coffee,-21.5,-45,NASA POWER MERRA-2 PRECTOTCORR
2004-03-29,4.69,coffee-minas-south,coffee,-21.5,-45,NASA POWER MERRA-2 PRECTOTCORR
2004-03-30,3.75,coffee-minas-south,coffee,-21.5,-45,NASA POWER MERRA-2 PRECTOTCORR
2004-03-31,3.56,coffee-minas-south,coffee,-21.5,-45,NASA POWER MERRA-2 PRECTOTCORR
2004-04-01,0.6,coffee-minas-south,coffee,-21.5,-45,NASA POWER MERRA-2 PRECTOTCORR
2004-04-02,1.09,coffee-minas-south,coffee,-21.5,-45,NASA POWER MERRA-2 PRECTOTCORR
2004-04-03,4.41,coffee-minas-south,coffee,-21.5,-45,NASA POWER MERRA-2 PRECTOTCORR
2004-04-04,14.65,coffee-minas-south,coffee,-21.5,-45,NASA POWER MERRA-2 PRECTOTCORR
2004-04-05,10.7,coffee-minas-south,coffee,-21.5,-45,NASA POWER MERRA-2 PRECTOTCORR
2004-04-06,9.15,coffee-minas-south,coffee,-21.5,-45,NASA POWER MERRA-2 PRECTOTCORR
2004-04-07,4.67,coffee-minas-south,coffee,-21.5,-45,NASA POWER MERRA-2 PRECTOTCORR
2004-04-08,1.51,coffee-minas-south,coffee,-21.5,-45,NASA POWER MERRA-2 PRECTOTCORR
2004-04-09,6.72,coffee-minas-south,coffee,-21.5,-45,NASA POWER MERRA-2 PRECTOTCORR
2004-04-10,4.74,coffee-minas-south,coffee,-21.5,-45,NASA POWER MERRA-2 PRECTOTCORR
2004-04-11,4.13,coffee-minas-south,coffee,-21.5,-45,NASA POWER MERRA-2 PRECTOTCORR
2004-04-12,5.58,coffee-minas-south,coffee,-21.5,-45,NASA POWER MERRA-2 PRECTOTCORR
2004-04-13,3.3,coffee-minas-south,coffee,-21.5,-45,NASA POWER MERRA-2 PRECTOTCORR
2004-04-14,5.04,coffee-minas-south,coffee,-21.5,-45,NASA POWER MERRA-2 PRECTOTCORR
2004-04-15,14.13,coffee-minas-south,coffee,-21.5,-45,NASA POWER MERRA-2 PRECTOTCORR
2004-04-16,1.76,coffee-minas-south,coffee,-21.5,-45,NASA POWER MERRA-2 PRECTOTCORR
2004-04-17,3.93,coffee-minas-south,coffee,-21.5,-45,NASA POWER MERRA-2 PRECTOTCORR
2004-04-18,1.32,coffee-minas-south,coffee,-21.5,-45,NASA POWER MERRA-2 PRECTOTCORR
2004-04-19,3.04,coffee-minas-south,coffee,-21.5,-45,NASA POWER MERRA-2 PRECTOTCORR
2004-04-20,5.63,coffee-minas-south,coffee,-21.5,-45,NASA POWER MERRA-2 PRECTOTCORR
2004-04-21,3.3,coffee-minas-south,coffee,-21.5,-45,NASA POWER MERRA-2 PRECTOTCORR
2004-04-22,0.82,coffee-minas-south,coffee,-21.5,-45,NASA POWER MERRA-2 PRECTOTCORR
2004-04-23,0.18,coffee-minas-south,coffee,-21.5,-45,NASA POWER MERRA-2 PRECTOTCORR
2004-04-24,0.94,coffee-minas-south,coffee,-21.5,-45,NASA POWER MERRA-2 PRECTOTCORR
2004-04-25,7.37,coffee-minas-south,coffee,-21.5,-45,NASA POWER MERRA-2 PRECTOTCORR
2004-04-26,1.61,coffee-minas-south,coffee,-21.5,-45,NASA POWER MERRA-2 PRECTOTCORR
2004-04-27,1.58,coffee-minas-south,coffee,-21.5,-45,NASA POWER MERRA-2 PRECTOTCORR
2004-04-28,0.08,coffee-minas-south,coffee,-21.5,-45,NASA POWER MERRA-2 PRECTOTCORR
2004-04-29,0.01,coffee-minas-south,coffee,-21.5,-45,NASA POWER MERRA-2 PRECTOTCORR
2004-04-30,0.15,coffee-minas-south,coffee,-21.5,-45,NASA POWER MERRA-2 PRECTOTCORR
2004-05-01,0.13,coffee-minas-south,coffee,-21.5,-45,NASA POWER MERRA-2 PRECTOTCORR
2004-05-02,0.03,coffee-minas-south,coffee,-21.5,-45,NASA POWER MERRA-2 PRECTOTCORR
2004-05-03,0.01,coffee-minas-south,coffee,-21.5,-45,NASA POWER MERRA-2 PRECTOTCORR
2004-05-04,0.3,coffee-minas-south,coffee,-21.5,-45,NASA POWER MERRA-2 PRECTOTCORR
2004-05-05,1.32,coffee-minas-south,coffee,-21.5,-45,NASA POWER MERRA-2 PRECTOTCORR
2004-05-06,2,coffee-minas-south,coffee,-21.5,-45,NASA POWER MERRA-2 PRECTOTCORR
2004-05-07,4.27,coffee-minas-south,coffee,-21.5,-45,NASA POWER MERRA-2 PRECTOTCORR
2004-05-08,0.11,coffee-minas-south,coffee,-21.5,-45,NASA POWER MERRA-2 PRECTOTCORR
2004-05-09,0,coffee-minas-south,coffee,-21.5,-45,NASA POWER MERRA-2 PRECTOTCORR
2004-05-10,0.36,coffee-minas-south,coffee,-21.5,-45,NASA POWER MERRA-2 PRECTOTCORR
2004-05-11,0.61,coffee-minas-south,coffee,-21.5,-45,NASA POWER MERRA-2 PRECTOTCORR
2004-05-12,0.48,coffee-minas-south,coffee,-21.5,-45,NASA POWER MERRA-2 PRECTOTCORR
2004-05-13,1.71,coffee-minas-south,coffee,-21.5,-45,NASA POWER MERRA-2 PRECTOTCORR
2004-05-14,4.14,coffee-minas-south,coffee,-21.5,-45,NASA POWER MERRA-2 PRECTOTCORR
2004-05-15,24.8,coffee-minas-south,coffee,-21.5,-45,NASA POWER MERRA-2 PRECTOTCORR
2004-05-16,0,coffee-minas-south,coffee,-21.5,-45,NASA POWER MERRA-2 PRECTOTCORR
2004-05-17,0.45,coffee-minas-south,coffee,-21.5,-45,NASA POWER MERRA-2 PRECTOTCORR
2004-05-18,0.81,coffee-minas-south,coffee,-21.5,-45,NASA POWER MERRA-2 PRECTOTCORR
2004-05-19,3.53,coffee-minas-south,coffee,-21.5,-45,NASA POWER MERRA-2 PRECTOTCORR
2004-05-20,1.31,coffee-minas-south,coffee,-21.5,-45,NASA POWER MERRA-2 PRECTOTCORR
2004-05-21,0.99,coffee-minas-south,coffee,-21.5,-45,NASA POWER MERRA-2 PRECTOTCORR
2004-05-22,0.21,coffee-minas-south,coffee,-21.5,-45,NASA POWER MERRA-2 PRECTOTCORR
2004-05-23,0.03,coffee-minas-south,coffee,-21.5,-45,NASA POWER MERRA-2 PRECTOTCORR
2004-05-24,1.55,coffee-minas-south,coffee,-21.5,-45,NASA POWER MERRA-2 PRECTOTCORR
2004-05-25,6.31,coffee-minas-south,coffee,-21.5,-45,NASA POWER MERRA-2 PRECTOTCORR
2004-05-26,1.89,coffee-minas-south,coffee,-21.5,-45,NASA POWER MERRA-2 PRECTOTCORR
2004-05-27,0,coffee-minas-south,coffee,-21.5,-45,NASA POWER MERRA-2 PRECTOTCORR
2004-05-28,0.62,coffee-minas-south,coffee,-21.5,-45,NASA POWER MERRA-2 PRECTOTCORR
2004-05-29,2.06,coffee-minas-south,coffee,-21.5,-45,NASA POWER MERRA-2 PRECTOTCORR
2004-05-30,1.88,coffee-minas-south,coffee,-21.5,-45,NASA POWER MERRA-2 PRECTOTCORR
2004-05-31,10.12,coffee-minas-south,coffee,-21.5,-45,NASA POWER MERRA-2 PRECTOTCORR
2004-06-01,4.59,coffee-minas-south,coffee,-21.5,-45,NASA POWER MERRA-2 PRECTOTCORR
2004-06-02,6.81,coffee-minas-south,coffee,-21.5,-45,NASA POWER MERRA-2 PRECTOTCORR
2004-06-03,6.99,coffee-minas-south,coffee,-21.5,-45,NASA POWER MERRA-2 PRECTOTCORR
2004-06-04,4.17,coffee-minas-south,coffee,-21.5,-45,NASA POWER MERRA-2 PRECTOTCORR
2004-06-05,0.14,coffee-minas-south,coffee,-21.5,-45,NASA POWER MERRA-2 PRECTOTCORR
2004-06-06,0.15,coffee-minas-south,coffee,-21.5,-45,NASA POWER MERRA-2 PRECTOTCORR
2004-06-07,0.18,coffee-minas-south,coffee,-21.5,-45,NASA POWER MERRA-2 PRECTOTCORR
2004-06-08,0.06,coffee-minas-south,coffee,-21.5,-45,NASA POWER MERRA-2 PRECTOTCORR
2004-06-09,0,coffee-minas-south,coffee,-21.5,-45,NASA POWER MERRA-2 PRECTOTCORR
2004-06-10,0.22,coffee-minas-south,coffee,-21.5,-45,NASA POWER MERRA-2 PRECTOTCORR
2004-06-11,0.02,coffee-minas-south,coffee,-21.5,-45,NASA POWER MERRA-2 PRECTOTCORR
2004-06-12,0.26,coffee-minas-south,coffee,-21.5,-45,NASA POWER MERRA-2 PRECTOTCORR
2004-06-13,0.51,coffee-minas-south,coffee,-21.5,-45,NASA POWER MERRA-2 PRECTOTCORR
2004-06-14,0.45,coffee-minas-south,coffee,-21.5,-45,NASA POWER MERRA-2 PRECTOTCORR
2004-06-15,5.29,coffee-minas-south,coffee,-21.5,-45,NASA POWER MERRA-2 PRECTOTCORR
2004-06-16,0.14,coffee-minas-south,coffee,-21.5,-45,NASA POWER MERRA-2 PRECTOTCORR
2004-06-17,0.13,coffee-minas-south,coffee,-21.5,-45,NASA POWER MERRA-2 PRECTOTCORR
2004-06-18,0,coffee-minas-south,coffee,-21.5,-45,NASA POWER MERRA-2 PRECTOTCORR
2004-06-19,0,coffee-minas-south,coffee,-21.5,-45,NASA POWER MERRA-2 PRECTOTCORR
2004-06-20,0.33,coffee-minas-south,coffee,-21.5,-45,NASA POWER MERRA-2 PRECTOTCORR
2004-06-21,0,coffee-minas-south,coffee,-21.5,-45,NASA POWER MERRA-2 PRECTOTCORR
2004-06-22,0,coffee-minas-south,coffee,-21.5,-45,NASA POWER MERRA-2 PRECTOTCORR
2004-06-23,0.35,coffee-minas-south,coffee,-21.5,-45,NASA POWER MERRA-2 PRECTOTCORR
2004-06-24,0.22,coffee-minas-south,coffee,-21.5,-45,NASA POWER MERRA-2 PRECTOTCORR
2004-06-25,0.09,coffee-minas-south,coffee,-21.5,-45,NASA POWER MERRA-2 PRECTOTCORR
2004-06-26,0,coffee-minas-south,coffee,-21.5,-45,NASA POWER MERRA-2 PRECTOTCORR
2004-06-27,0.03,coffee-minas-south,coffee,-21.5,-45,NASA POWER MERRA-2 PRECTOTCORR
2004-06-28,0,coffee-minas-south,coffee,-21.5,-45,NASA POWER MERRA-2 PRECTOTCORR
2004-06-29,0,coffee-minas-south,coffee,-21.5,-45,NASA POWER MERRA-2 PRECTOTCORR
2004-06-30,0.02,coffee-minas-south,coffee,-21.5,-45,NASA POWER MERRA-2 PRECTOTCORR
2004-07-01,0.33,coffee-minas-south,coffee,-21.5,-45,NASA POWER MERRA-2 PRECTOTCORR
2004-07-02,0.02,coffee-minas-south,coffee,-21.5,-45,NASA POWER MERRA-2 PRECTOTCORR
2004-07-03,0,coffee-minas-south,coffee,-21.5,-45,NASA POWER MERRA-2 PRECTOTCORR
2004-07-04,0,coffee-minas-south,coffee,-21.5,-45,NASA POWER MERRA-2 PRECTOTCORR
2004-07-05,0.17,coffee-minas-south,coffee,-21.5,-45,NASA POWER MERRA-2 PRECTOTCORR
2004-07-06,0.07,coffee-minas-south,coffee,-21.5,-45,NASA POWER MERRA-2 PRECTOTCORR
2004-07-07,0.01,coffee-minas-south,coffee,-21.5,-45,NASA POWER MERRA-2 PRECTOTCORR
2004-07-08,0.02,coffee-minas-south,coffee,-21.5,-45,NASA POWER MERRA-2 PRECTOTCORR
2004-07-09,3.4,coffee-minas-south,coffee,-21.5,-45,NASA POWER MERRA-2 PRECTOTCORR
2004-07-10,8.87,coffee-minas-south,coffee,-21.5,-45,NASA POWER MERRA-2 PRECTOTCORR
2004-07-11,0.84,coffee-minas-south,coffee,-21.5,-45,NASA POWER MERRA-2 PRECTOTCORR
2004-07-12,0.08,coffee-minas-south,coffee,-21.5,-45,NASA POWER MERRA-2 PRECTOTCORR
2004-07-13,0.01,coffee-minas-south,coffee,-21.5,-45,NASA POWER MERRA-2 PRECTOTCORR
2004-07-14,0.21,coffee-minas-south,coffee,-21.5,-45,NASA POWER MERRA-2 PRECTOTCORR
2004-07-15,0.11,coffee-minas-south,coffee,-21.5,-45,NASA POWER MERRA-2 PRECTOTCORR
2004-07-16,0.46,coffee-minas-south,coffee,-21.5,-45,NASA POWER MERRA-2 PRECTOTCORR
2004-07-17,1.13,coffee-minas-south,coffee,-21.5,-45,NASA POWER MERRA-2 PRECTOTCORR
2004-07-18,1.64,coffee-minas-south,coffee,-21.5,-45,NASA POWER MERRA-2 PRECTOTCORR
2004-07-19,9.43,coffee-minas-south,coffee,-21.5,-45,NASA POWER MERRA-2 PRECTOTCORR
2004-07-20,4.18,coffee-minas-south,coffee,-21.5,-45,NASA POWER MERRA-2 PRECTOTCORR
2004-07-21,0.4,coffee-minas-south,coffee,-21.5,-45,NASA POWER MERRA-2 PRECTOTCORR
2004-07-22,0.08,coffee-minas-south,coffee,-21.5,-45,NASA POWER MERRA-2 PRECTOTCORR
2004-07-23,0.03,coffee-minas-south,coffee,-21.5,-45,NASA POWER MERRA-2 PRECTOTCORR
2004-07-24,0,coffee-minas-south,coffee,-21.5,-45,NASA POWER MERRA-2 PRECTOTCORR
2004-07-25,0,coffee-minas-south,coffee,-21.5,-45,NASA POWER MERRA-2 PRECTOTCORR
2004-07-26,0,coffee-minas-south,coffee,-21.5,-45,NASA POWER MERRA-2 PRECTOTCORR
2004-07-27,0,coffee-minas-south,coffee,-21.5,-45,NASA POWER MERRA-2 PRECTOTCORR
2004-07-28,0,coffee-minas-south,coffee,-21.5,-45,NASA POWER MERRA-2 PRECTOTCORR
2004-07-29,0,coffee-minas-south,coffee,-21.5,-45,NASA POWER MERRA-2 PRECTOTCORR
2004-07-30,0,coffee-minas-south,coffee,-21.5,-45,NASA POWER MERRA-2 PRECTOTCORR
2004-07-31,0,coffee-minas-south,coffee,-21.5,-45,NASA POWER MERRA-2 PRECTOTCORR
2004-08-01,0,coffee-minas-south,coffee,-21.5,-45,NASA POWER MERRA-2 PRECTOTCORR
2004-08-02,0,coffee-minas-south,coffee,-21.5,-45,NASA POWER MERRA-2 PRECTOTCORR
2004-08-03,0.05,coffee-minas-south,coffee,-21.5,-45,NASA POWER MERRA-2 PRECTOTCORR
2004-08-04,0.07,coffee-minas-south,coffee,-21.5,-45,NASA POWER MERRA-2 PRECTOTCORR
2004-08-05,0.01,coffee-minas-south,coffee,-21.5,-45,NASA POWER MERRA-2 PRECTOTCORR
2004-08-06,0,coffee-minas-south,coffee,-21.5,-45,NASA POWER MERRA-2 PRECTOTCORR
2004-08-07,0,coffee-minas-south,coffee,-21.5,-45,NASA POWER MERRA-2 PRECTOTCORR
2004-08-08,0.11,coffee-minas-south,coffee,-21.5,-45,NASA POWER MERRA-2 PRECTOTCORR
2004-08-09,0.02,coffee-minas-south,coffee,-21.5,-45,NASA POWER MERRA-2 PRECTOTCORR
2004-08-10,0.04,coffee-minas-south,coffee,-21.5,-45,NASA POWER MERRA-2 PRECTOTCORR
2004-08-11,0,coffee-minas-south,coffee,-21.5,-45,NASA POWER MERRA-2 PRECTOTCORR
2004-08-12,0,coffee-minas-south,coffee,-21.5,-45,NASA POWER MERRA-2 PRECTOTCORR
2004-08-13,0.01,coffee-minas-south,coffee,-21.5,-45,NASA POWER MERRA-2 PRECTOTCORR
2004-08-14,0,coffee-minas-south,coffee,-21.5,-45,NASA POWER MERRA-2 PRECTOTCORR
2004-08-15,0.01,coffee-minas-south,coffee,-21.5,-45,NASA POWER MERRA-2 PRECTOTCORR
2004-08-16,0.01,coffee-minas-south,coffee,-21.5,-45,NASA POWER MERRA-2 PRECTOTCORR
2004-08-17,0,coffee-minas-south,coffee,-21.5,-45,NASA POWER MERRA-2 PRECTOTCORR
2004-08-18,0,coffee-minas-south,coffee,-21.5,-45,NASA POWER MERRA-2 PRECTOTCORR
2004-08-19,0,coffee-minas-south,coffee,-21.5,-45,NASA POWER MERRA-2 PRECTOTCORR
2004-08-20,0.01,coffee-minas-south,coffee,-21.5,-45,NASA POWER MERRA-2 PRECTOTCORR
2004-08-21,0,coffee-minas-south,coffee,-21.5,-45,NASA POWER MERRA-2 PRECTOTCORR
2004-08-22,0,coffee-minas-south,coffee,-21.5,-45,NASA POWER MERRA-2 PRECTOTCORR
2004-08-23,0,coffee-minas-south,coffee,-21.5,-45,NASA POWER MERRA-2 PRECTOTCORR
2004-08-24,0.03,coffee-minas-south,coffee,-21.5,-45,NASA POWER MERRA-2 PRECTOTCORR
2004-08-25,0.06,coffee-minas-south,coffee,-21.5,-45,NASA POWER MERRA-2 PRECTOTCORR
2004-08-26,0.12,coffee-minas-south,coffee,-21.5,-45,NASA POWER MERRA-2 PRECTOTCORR
2004-08-27,0.8,coffee-minas-south,coffee,-21.5,-45,NASA POWER MERRA-2 PRECTOTCORR
2004-08-28,1.34,coffee-minas-south,coffee,-21.5,-45,NASA POWER MERRA-2 PRECTOTCORR
2004-08-29,0.04,coffee-minas-south,coffee,-21.5,-45,NASA POWER MERRA-2 PRECTOTCORR
2004-08-30,0,coffee-minas-south,coffee,-21.5,-45,NASA POWER MERRA-2 PRECTOTCORR
2004-08-31,0,coffee-minas-south,coffee,-21.5,-45,NASA POWER MERRA-2 PRECTOTCORR
2004-09-01,0,coffee-minas-south,coffee,-21.5,-45,NASA POWER MERRA-2 PRECTOTCORR
2004-09-02,0,coffee-minas-south,coffee,-21.5,-45,NASA POWER MERRA-2 PRECTOTCORR
2004-09-03,0.08,coffee-minas-south,coffee,-21.5,-45,NASA POWER MERRA-2 PRECTOTCORR
2004-09-04,0.01,coffee-minas-south,coffee,-21.5,-45,NASA POWER MERRA-2 PRECTOTCORR
2004-09-05,0,coffee-minas-south,coffee,-21.5,-45,NASA POWER MERRA-2 PRECTOTCORR
2004-09-06,0,coffee-minas-south,coffee,-21.5,-45,NASA POWER MERRA-2 PRECTOTCORR
2004-09-07,0,coffee-minas-south,coffee,-21.5,-45,NASA POWER MERRA-2 PRECTOTCORR
2004-09-08,0,coffee-minas-south,coffee,-21.5,-45,NASA POWER MERRA-2 PRECTOTCORR
2004-09-09,0,coffee-minas-south,coffee,-21.5,-45,NASA POWER MERRA-2 PRECTOTCORR
2004-09-10,0,coffee-minas-south,coffee,-21.5,-45,NASA POWER MERRA-2 PRECTOTCORR
2004-09-11,0.03,coffee-minas-south,coffee,-21.5,-45,NASA POWER MERRA-2 PRECTOTCORR
2004-09-12,0.09,coffee-minas-south,coffee,-21.5,-45,NASA POWER MERRA-2 PRECTOTCORR
2004-09-13,0.01,coffee-minas-south,coffee,-21.5,-45,NASA POWER MERRA-2 PRECTOTCORR
2004-09-14,0.05,coffee-minas-south,coffee,-21.5,-45,NASA POWER MERRA-2 PRECTOTCORR
2004-09-15,0.09,coffee-minas-south,coffee,-21.5,-45,NASA POWER MERRA-2 PRECTOTCORR
2004-09-16,0.08,coffee-minas-south,coffee,-21.5,-45,NASA POWER MERRA-2 PRECTOTCORR
2004-09-17,14.73,coffee-minas-south,coffee,-21.5,-45,NASA POWER MERRA-2 PRECTOTCORR
2004-09-18,4.78,coffee-minas-south,coffee,-21.5,-45,NASA POWER MERRA-2 PRECTOTCORR
2004-09-19,4.71,coffee-minas-south,coffee,-21.5,-45,NASA POWER MERRA-2 PRECTOTCORR
2004-09-20,0.08,coffee-minas-south,coffee,-21.5,-45,NASA POWER MERRA-2 PRECTOTCORR
2004-09-21,0.01,coffee-minas-south,coffee,-21.5,-45,NASA POWER MERRA-2 PRECTOTCORR
2004-09-22,0,coffee-minas-south,coffee,-21.5,-45,NASA POWER MERRA-2 PRECTOTCORR
2004-09-23,0,coffee-minas-south,coffee,-21.5,-45,NASA POWER MERRA-2 PRECTOTCORR
2004-09-24,0,coffee-minas-south,coffee,-21.5,-45,NASA POWER MERRA-2 PRECTOTCORR
2004-09-25,0,coffee-minas-south,coffee,-21.5,-45,NASA POWER MERRA-2 PRECTOTCORR
2004-09-26,0.1,coffee-minas-south,coffee,-21.5,-45,NASA POWER MERRA-2 PRECTOTCORR
2004-09-27,0.03,coffee-minas-south,coffee,-21.5,-45,NASA POWER MERRA-2 PRECTOTCORR
2004-09-28,0,coffee-minas-south,coffee,-21.5,-45,NASA POWER MERRA-2 PRECTOTCORR
2004-09-29,0.08,coffee-minas-south,coffee,-21.5,-45,NASA POWER MERRA-2 PRECTOTCORR
2004-09-30,1.92,coffee-minas-south,coffee,-21.5,-45,NASA POWER MERRA-2 PRECTOTCORR
2004-10-01,4.37,coffee-minas-south,coffee,-21.5,-45,NASA POWER MERRA-2 PRECTOTCORR
2004-10-02,11.48,coffee-minas-south,coffee,-21.5,-45,NASA POWER MERRA-2 PRECTOTCORR
2004-10-03,20.5,coffee-minas-south,coffee,-21.5,-45,NASA POWER MERRA-2 PRECTOTCORR
2004-10-04,4.02,coffee-minas-south,coffee,-21.5,-45,NASA POWER MERRA-2 PRECTOTCORR
2004-10-05,0.18,coffee-minas-south,coffee,-21.5,-45,NASA POWER MERRA-2 PRECTOTCORR
2004-10-06,0.16,coffee-minas-south,coffee,-21.5,-45,NASA POWER MERRA-2 PRECTOTCORR
2004-10-07,0.03,coffee-minas-south,coffee,-21.5,-45,NASA POWER MERRA-2 PRECTOTCORR
2004-10-08,0,coffee-minas-south,coffee,-21.5,-45,NASA POWER MERRA-2 PRECTOTCORR
2004-10-09,0.03,coffee-minas-south,coffee,-21.5,-45,NASA POWER MERRA-2 PRECTOTCORR
2004-10-10,12.53,coffee-minas-south,coffee,-21.5,-45,NASA POWER MERRA-2 PRECTOTCORR
2004-10-11,12.4,coffee-minas-south,coffee,-21.5,-45,NASA POWER MERRA-2 PRECTOTCORR
2004-10-12,7.21,coffee-minas-south,coffee,-21.5,-45,NASA POWER MERRA-2 PRECTOTCORR
2004-10-13,10.46,coffee-minas-south,coffee,-21.5,-45,NASA POWER MERRA-2 PRECTOTCORR
2004-10-14,1.67,coffee-minas-south,coffee,-21.5,-45,NASA POWER MERRA-2 PRECTOTCORR
2004-10-15,3.88,coffee-minas-south,coffee,-21.5,-45,NASA POWER MERRA-2 PRECTOTCORR
2004-10-16,0.65,coffee-minas-south,coffee,-21.5,-45,NASA POWER MERRA-2 PRECTOTCORR
2004-10-17,0.69,coffee-minas-south,coffee,-21.5,-45,NASA POWER MERRA-2 PRECTOTCORR
2004-10-18,9.06,coffee-minas-south,coffee,-21.5,-45,NASA POWER MERRA-2 PRECTOTCORR
2004-10-19,2.75,coffee-minas-south,coffee,-21.5,-45,NASA POWER MERRA-2 PRECTOTCORR
2004-10-20,0.41,coffee-minas-south,coffee,-21.5,-45,NASA POWER MERRA-2 PRECTOTCORR
2004-10-21,0.53,coffee-minas-south,coffee,-21.5,-45,NASA POWER MERRA-2 PRECTOTCORR
2004-10-22,0.27,coffee-minas-south,coffee,-21.5,-45,NASA POWER MERRA-2 PRECTOTCORR
2004-10-23,0.43,coffee-minas-south,coffee,-21.5,-45,NASA POWER MERRA-2 PRECTOTCORR
2004-10-24,5.66,coffee-minas-south,coffee,-21.5,-45,NASA POWER MERRA-2 PRECTOTCORR
2004-10-25,10.2,coffee-minas-south,coffee,-21.5,-45,NASA POWER MERRA-2 PRECTOTCORR
2004-10-26,3.53,coffee-minas-south,coffee,-21.5,-45,NASA POWER MERRA-2 PRECTOTCORR
2004-10-27,0.47,coffee-minas-south,coffee,-21.5,-45,NASA POWER MERRA-2 PRECTOTCORR
2004-10-28,0.17,coffee-minas-south,coffee,-21.5,-45,NASA POWER MERRA-2 PRECTOTCORR
2004-10-29,0.04,coffee-minas-south,coffee,-21.5,-45,NASA POWER MERRA-2 PRECTOTCORR
2004-10-30,0.03,coffee-minas-south,coffee,-21.5,-45,NASA POWER MERRA-2 PRECTOTCORR
2004-10-31,0.1,coffee-minas-south,coffee,-21.5,-45,NASA POWER MERRA-2 PRECTOTCORR
2004-11-01,10,coffee-minas-south,coffee,-21.5,-45,NASA POWER MERRA-2 PRECTOTCORR
2004-11-02,11.03,coffee-minas-south,coffee,-21.5,-45,NASA POWER MERRA-2 PRECTOTCORR
2004-11-03,0.04,coffee-minas-south,coffee,-21.5,-45,NASA POWER MERRA-2 PRECTOTCORR
2004-11-04,1.39,coffee-minas-south,coffee,-21.5,-45,NASA POWER MERRA-2 PRECTOTCORR
2004-11-05,4.02,coffee-minas-south,coffee,-21.5,-45,NASA POWER MERRA-2 PRECTOTCORR
2004-11-06,13.08,coffee-minas-south,coffee,-21.5,-45,NASA POWER MERRA-2 PRECTOTCORR
2004-11-07,5.34,coffee-minas-south,coffee,-21.5,-45,NASA POWER MERRA-2 PRECTOTCORR
2004-11-08,0.35,coffee-minas-south,coffee,-21.5,-45,NASA POWER MERRA-2 PRECTOTCORR
2004-11-09,0.03,coffee-minas-south,coffee,-21.5,-45,NASA POWER MERRA-2 PRECTOTCORR
2004-11-10,0,coffee-minas-south,coffee,-21.5,-45,NASA POWER MERRA-2 PRECTOTCORR
2004-11-11,0.16,coffee-minas-south,coffee,-21.5,-45,NASA POWER MERRA-2 PRECTOTCORR
2004-11-12,0.11,coffee-minas-south,coffee,-21.5,-45,NASA POWER MERRA-2 PRECTOTCORR
2004-11-13,0.06,coffee-minas-south,coffee,-21.5,-45,NASA POWER MERRA-2 PRECTOTCORR
2004-11-14,1.29,coffee-minas-south,coffee,-21.5,-45,NASA POWER MERRA-2 PRECTOTCORR
2004-11-15,14.54,coffee-minas-south,coffee,-21.5,-45,NASA POWER MERRA-2 PRECTOTCORR
2004-11-16,18.12,coffee-minas-south,coffee,-21.5,-45,NASA POWER MERRA-2 PRECTOTCORR
2004-11-17,21.61,coffee-minas-south,coffee,-21.5,-45,NASA POWER MERRA-2 PRECTOTCORR
2004-11-18,8.34,coffee-minas-south,coffee,-21.5,-45,NASA POWER MERRA-2 PRECTOTCORR
2004-11-19,5.52,coffee-minas-south,coffee,-21.5,-45,NASA POWER MERRA-2 PRECTOTCORR
2004-11-20,2.01,coffee-minas-south,coffee,-21.5,-45,NASA POWER MERRA-2 PRECTOTCORR
2004-11-21,0.87,coffee-minas-south,coffee,-21.5,-45,NASA POWER MERRA-2 PRECTOTCORR
2004-11-22,0.22,coffee-minas-south,coffee,-21.5,-45,NASA POWER MERRA-2 PRECTOTCORR
2004-11-23,0.02,coffee-minas-south,coffee,-21.5,-45,NASA POWER MERRA-2 PRECTOTCORR
2004-11-24,0.1,coffee-minas-south,coffee,-21.5,-45,NASA POWER MERRA-2 PRECTOTCORR
2004-11-25,0.17,coffee-minas-south,coffee,-21.5,-45,NASA POWER MERRA-2 PRECTOTCORR
2004-11-26,2.05,coffee-minas-south,coffee,-21.5,-45,NASA POWER MERRA-2 PRECTOTCORR
2004-11-27,11.29,coffee-minas-south,coffee,-21.5,-45,NASA POWER MERRA-2 PRECTOTCORR
2004-11-28,33.44,coffee-minas-south,coffee,-21.5,-45,NASA POWER MERRA-2 PRECTOTCORR
2004-11-29,32.23,coffee-minas-south,coffee,-21.5,-45,NASA POWER MERRA-2 PRECTOTCORR
2004-11-30,2.59,coffee-minas-south,coffee,-21.5,-45,NASA POWER MERRA-2 PRECTOTCORR
2004-12-01,3.92,coffee-minas-south,coffee,-21.5,-45,NASA POWER MERRA-2 PRECTOTCORR
2004-12-02,2.64,coffee-minas-south,coffee,-21.5,-45,NASA POWER MERRA-2 PRECTOTCORR
2004-12-03,15.17,coffee-minas-south,coffee,-21.5,-45,NASA POWER MERRA-2 PRECTOTCORR
2004-12-04,4.84,coffee-minas-south,coffee,-21.5,-45,NASA POWER MERRA-2 PRECTOTCORR
2004-12-05,4.74,coffee-minas-south,coffee,-21.5,-45,NASA POWER MERRA-2 PRECTOTCORR
2004-12-06,12.88,coffee-minas-south,coffee,-21.5,-45,NASA POWER MERRA-2 PRECTOTCORR
2004-12-07,11.17,coffee-minas-south,coffee,-21.5,-45,NASA POWER MERRA-2 PRECTOTCORR
2004-12-08,6.45,coffee-minas-south,coffee,-21.5,-45,NASA POWER MERRA-2 PRECTOTCORR
2004-12-09,16.7,coffee-minas-south,coffee,-21.5,-45,NASA POWER MERRA-2 PRECTOTCORR
2004-12-10,18.78,coffee-minas-south,coffee,-21.5,-45,NASA POWER MERRA-2 PRECTOTCORR
2004-12-11,12.25,coffee-minas-south,coffee,-21.5,-45,NASA POWER MERRA-2 PRECTOTCORR
2004-12-12,6.18,coffee-minas-south,coffee,-21.5,-45,NASA POWER MERRA-2 PRECTOTCORR
2004-12-13,0.4,coffee-minas-south,coffee,-21.5,-45,NASA POWER MERRA-2 PRECTOTCORR
2004-12-14,0.69,coffee-minas-south,coffee,-21.5,-45,NASA POWER MERRA-2 PRECTOTCORR
2004-12-15,0.63,coffee-minas-south,coffee,-21.5,-45,NASA POWER MERRA-2 PRECTOTCORR
2004-12-16,1.45,coffee-minas-south,coffee,-21.5,-45,NASA POWER MERRA-2 PRECTOTCORR
2004-12-17,4.55,coffee-minas-south,coffee,-21.5,-45,NASA POWER MERRA-2 PRECTOTCORR
2004-12-18,15.55,coffee-minas-south,coffee,-21.5,-45,NASA POWER MERRA-2 PRECTOTCORR
2004-12-19,29.66,coffee-minas-south,coffee,-21.5,-45,NASA POWER MERRA-2 PRECTOTCORR
2004-12-20,11.14,coffee-minas-south,coffee,-21.5,-45,NASA POWER MERRA-2 PRECTOTCORR
2004-12-21,25.24,coffee-minas-south,coffee,-21.5,-45,NASA POWER MERRA-2 PRECTOTCORR
2004-12-22,18.94,coffee-minas-south,coffee,-21.5,-45,NASA POWER MERRA-2 PRECTOTCORR
2004-12-23,37.7,coffee-minas-south,coffee,-21.5,-45,NASA POWER MERRA-2 PRECTOTCORR
2004-12-24,11.75,coffee-minas-south,coffee,-21.5,-45,NASA POWER MERRA-2 PRECTOTCORR
2004-12-25,2.53,coffee-minas-south,coffee,-21.5,-45,NASA POWER MERRA-2 PRECTOTCORR
2004-12-26,4.9,coffee-minas-south,coffee,-21.5,-45,NASA POWER MERRA-2 PRECTOTCORR
2004-12-27,1.41,coffee-minas-south,coffee,-21.5,-45,NASA POWER MERRA-2 PRECTOTCORR
2004-12-28,1.5,coffee-minas-south,coffee,-21.5,-45,NASA POWER MERRA-2 PRECTOTCORR
2004-12-29,3.34,coffee-minas-south,coffee,-21.5,-45,NASA POWER MERRA-2 PRECTOTCORR
2004-12-30,9.5,coffee-minas-south,coffee,-21.5,-45,NASA POWER MERRA-2 PRECTOTCORR
2004-12-31,1.3,coffee-minas-south,coffee,-21.5,-45,NASA POWER MERRA-2 PRECTOTCORR
2005-01-01,3.72,coffee-minas-south,coffee,-21.5,-45,NASA POWER MERRA-2 PRECTOTCORR
2005-01-02,4.44,coffee-minas-south,coffee,-21.5,-45,NASA POWER MERRA-2 PRECTOTCORR
2005-01-03,2.47,coffee-minas-south,coffee,-21.5,-45,NASA POWER MERRA-2 PRECTOTCORR
2005-01-04,12.24,coffee-minas-south,coffee,-21.5,-45,NASA POWER MERRA-2 PRECTOTCORR
2005-01-05,18.74,coffee-minas-south,coffee,-21.5,-45,NASA POWER MERRA-2 PRECTOTCORR
2005-01-06,8.72,coffee-minas-south,coffee,-21.5,-45,NASA POWER MERRA-2 PRECTOTCORR
2005-01-07,9.23,coffee-minas-south,coffee,-21.5,-45,NASA POWER MERRA-2 PRECTOTCORR
2005-01-08,5.85,coffee-minas-south,coffee,-21.5,-45,NASA POWER MERRA-2 PRECTOTCORR
2005-01-09,6.98,coffee-minas-south,coffee,-21.5,-45,NASA POWER MERRA-2 PRECTOTCORR
2005-01-10,2.54,coffee-minas-south,coffee,-21.5,-45,NASA POWER MERRA-2 PRECTOTCORR
2005-01-11,10.36,coffee-minas-south,coffee,-21.5,-45,NASA POWER MERRA-2 PRECTOTCORR
2005-01-12,12.81,coffee-minas-south,coffee,-21.5,-45,NASA POWER MERRA-2 PRECTOTCORR
2005-01-13,0.23,coffee-minas-south,coffee,-21.5,-45,NASA POWER MERRA-2 PRECTOTCORR
2005-01-14,0.05,coffee-minas-south,coffee,-21.5,-45,NASA POWER MERRA-2 PRECTOTCORR
2005-01-15,0.05,coffee-minas-south,coffee,-21.5,-45,NASA POWER MERRA-2 PRECTOTCORR
2005-01-16,11.7,coffee-minas-south,coffee,-21.5,-45,NASA POWER MERRA-2 PRECTOTCORR
2005-01-17,12.16,coffee-minas-south,coffee,-21.5,-45,NASA POWER MERRA-2 PRECTOTCORR
2005-01-18,24.99,coffee-minas-south,coffee,-21.5,-45,NASA POWER MERRA-2 PRECTOTCORR
2005-01-19,17.04,coffee-minas-south,coffee,-21.5,-45,NASA POWER MERRA-2 PRECTOTCORR
2005-01-20,10.2,coffee-minas-south,coffee,-21.5,-45,NASA POWER MERRA-2 PRECTOTCORR
2005-01-21,1.99,coffee-minas-south,coffee,-21.5,-45,NASA POWER MERRA-2 PRECTOTCORR
2005-01-22,4.32,coffee-minas-south,coffee,-21.5,-45,NASA POWER MERRA-2 PRECTOTCORR
2005-01-23,4.59,coffee-minas-south,coffee,-21.5,-45,NASA POWER MERRA-2 PRECTOTCORR
2005-01-24,11.04,coffee-minas-south,coffee,-21.5,-45,NASA POWER MERRA-2 PRECTOTCORR
2005-01-25,15.76,coffee-minas-south,coffee,-21.5,-45,NASA POWER MERRA-2 PRECTOTCORR
2005-01-26,21.96,coffee-minas-south,coffee,-21.5,-45,NASA POWER MERRA-2 PRECTOTCORR
2005-01-27,13.46,coffee-minas-south,coffee,-21.5,-45,NASA POWER MERRA-2 PRECTOTCORR
2005-01-28,9.97,coffee-minas-south,coffee,-21.5,-45,NASA POWER MERRA-2 PRECTOTCORR
2005-01-29,9.9,coffee-minas-south,coffee,-21.5,-45,NASA POWER MERRA-2 PRECTOTCORR
2005-01-30,3.2,coffee-minas-south,coffee,-21.5,-45,NASA POWER MERRA-2 PRECTOTCORR
2005-01-31,0.83,coffee-minas-south,coffee,-21.5,-45,NASA POWER MERRA-2 PRECTOTCORR
2005-02-01,5.2,coffee-minas-south,coffee,-21.5,-45,NASA POWER MERRA-2 PRECTOTCORR
2005-02-02,2.8,coffee-minas-south,coffee,-21.5,-45,NASA POWER MERRA-2 PRECTOTCORR
2005-02-03,18,coffee-minas-south,coffee,-21.5,-45,NASA POWER MERRA-2 PRECTOTCORR
2005-02-04,16.04,coffee-minas-south,coffee,-21.5,-45,NASA POWER MERRA-2 PRECTOTCORR
2005-02-05,5.81,coffee-minas-south,coffee,-21.5,-45,NASA POWER MERRA-2 PRECTOTCORR
2005-02-06,0.29,coffee-minas-south,coffee,-21.5,-45,NASA POWER MERRA-2 PRECTOTCORR
2005-02-07,0.02,coffee-minas-south,coffee,-21.5,-45,NASA POWER MERRA-2 PRECTOTCORR
2005-02-08,0.21,coffee-minas-south,coffee,-21.5,-45,NASA POWER MERRA-2 PRECTOTCORR
2005-02-09,0.5,coffee-minas-south,coffee,-21.5,-45,NASA POWER MERRA-2 PRECTOTCORR
2005-02-10,1.76,coffee-minas-south,coffee,-21.5,-45,NASA POWER MERRA-2 PRECTOTCORR
2005-02-11,1.53,coffee-minas-south,coffee,-21.5,-45,NASA POWER MERRA-2 PRECTOTCORR
2005-02-12,7.6,coffee-minas-south,coffee,-21.5,-45,NASA POWER MERRA-2 PRECTOTCORR
2005-02-13,1.67,coffee-minas-south,coffee,-21.5,-45,NASA POWER MERRA-2 PRECTOTCORR
2005-02-14,2.05,coffee-minas-south,coffee,-21.5,-45,NASA POWER MERRA-2 PRECTOTCORR
2005-02-15,0.26,coffee-minas-south,coffee,-21.5,-45,NASA POWER MERRA-2 PRECTOTCORR
2005-02-16,1.15,coffee-minas-south,coffee,-21.5,-45,NASA POWER MERRA-2 PRECTOTCORR
2005-02-17,2.2,coffee-minas-south,coffee,-21.5,-45,NASA POWER MERRA-2 PRECTOTCORR
2005-02-18,13.66,coffee-minas-south,coffee,-21.5,-45,NASA POWER MERRA-2 PRECTOTCORR
2005-02-19,4.45,coffee-minas-south,coffee,-21.5,-45,NASA POWER MERRA-2 PRECTOTCORR
2005-02-20,1.27,coffee-minas-south,coffee,-21.5,-45,NASA POWER MERRA-2 PRECTOTCORR
2005-02-21,0.06,coffee-minas-south,coffee,-21.5,-45,NASA POWER MERRA-2 PRECTOTCORR
2005-02-22,0,coffee-minas-south,coffee,-21.5,-45,NASA POWER MERRA-2 PRECTOTCORR
2005-02-23,0.08,coffee-minas-south,coffee,-21.5,-45,NASA POWER MERRA-2 PRECTOTCORR
2005-02-24,7.29,coffee-minas-south,coffee,-21.5,-45,NASA POWER MERRA-2 PRECTOTCORR
2005-02-25,30.12,coffee-minas-south,coffee,-21.5,-45,NASA POWER MERRA-2 PRECTOTCORR
2005-02-26,4.14,coffee-minas-south,coffee,-21.5,-45,NASA POWER MERRA-2 PRECTOTCORR
2005-02-27,10.98,coffee-minas-south,coffee,-21.5,-45,NASA POWER MERRA-2 PRECTOTCORR
2005-02-28,3.86,coffee-minas-south,coffee,-21.5,-45,NASA POWER MERRA-2 PRECTOTCORR
2005-03-01,2.18,coffee-minas-south,coffee,-21.5,-45,NASA POWER MERRA-2 PRECTOTCORR
2005-03-02,10.77,coffee-minas-south,coffee,-21.5,-45,NASA POWER MERRA-2 PRECTOTCORR
2005-03-03,15.49,coffee-minas-south,coffee,-21.5,-45,NASA POWER MERRA-2 PRECTOTCORR
2005-03-04,4.21,coffee-minas-south,coffee,-21.5,-45,NASA POWER MERRA-2 PRECTOTCORR
2005-03-05,2.78,coffee-minas-south,coffee,-21.5,-45,NASA POWER MERRA-2 PRECTOTCORR
2005-03-06,0.08,coffee-minas-south,coffee,-21.5,-45,NASA POWER MERRA-2 PRECTOTCORR
2005-03-07,0.04,coffee-minas-south,coffee,-21.5,-45,NASA POWER MERRA-2 PRECTOTCORR
2005-03-08,0.39,coffee-minas-south,coffee,-21.5,-45,NASA POWER MERRA-2 PRECTOTCORR
2005-03-09,2.53,coffee-minas-south,coffee,-21.5,-45,NASA POWER MERRA-2 PRECTOTCORR
2005-03-10,1.23,coffee-minas-south,coffee,-21.5,-45,NASA POWER MERRA-2 PRECTOTCORR
2005-03-11,0.49,coffee-minas-south,coffee,-21.5,-45,NASA POWER MERRA-2 PRECTOTCORR
2005-03-12,0.02,coffee-minas-south,coffee,-21.5,-45,NASA POWER MERRA-2 PRECTOTCORR
2005-03-13,0.12,coffee-minas-south,coffee,-21.5,-45,NASA POWER MERRA-2 PRECTOTCORR
2005-03-14,0.27,coffee-minas-south,coffee,-21.5,-45,NASA POWER MERRA-2 PRECTOTCORR
2005-03-15,6.49,coffee-minas-south,coffee,-21.5,-45,NASA POWER MERRA-2 PRECTOTCORR
2005-03-16,6.89,coffee-minas-south,coffee,-21.5,-45,NASA POWER MERRA-2 PRECTOTCORR
2005-03-17,15.72,coffee-minas-south,coffee,-21.5,-45,NASA POWER MERRA-2 PRECTOTCORR
2005-03-18,9.08,coffee-minas-south,coffee,-21.5,-45,NASA POWER MERRA-2 PRECTOTCORR
2005-03-19,3.05,coffee-minas-south,coffee,-21.5,-45,NASA POWER MERRA-2 PRECTOTCORR
2005-03-20,7.79,coffee-minas-south,coffee,-21.5,-45,NASA POWER MERRA-2 PRECTOTCORR
2005-03-21,8.72,coffee-minas-south,coffee,-21.5,-45,NASA POWER MERRA-2 PRECTOTCORR
2005-03-22,3.5,coffee-minas-south,coffee,-21.5,-45,NASA POWER MERRA-2 PRECTOTCORR
2005-03-23,6.18,coffee-minas-south,coffee,-21.5,-45,NASA POWER MERRA-2 PRECTOTCORR
2005-03-24,5.69,coffee-minas-south,coffee,-21.5,-45,NASA POWER MERRA-2 PRECTOTCORR
2005-03-25,21.82,coffee-minas-south,coffee,-21.5,-45,NASA POWER MERRA-2 PRECTOTCORR
2005-03-26,2.03,coffee-minas-south,coffee,-21.5,-45,NASA POWER MERRA-2 PRECTOTCORR
2005-03-27,2.26,coffee-minas-south,coffee,-21.5,-45,NASA POWER MERRA-2 PRECTOTCORR
2005-03-28,0.61,coffee-minas-south,coffee,-21.5,-45,NASA POWER MERRA-2 PRECTOTCORR
2005-03-29,0.35,coffee-minas-south,coffee,-21.5,-45,NASA POWER MERRA-2 PRECTOTCORR
2005-03-30,0.75,coffee-minas-south,coffee,-21.5,-45,NASA POWER MERRA-2 PRECTOTCORR
2005-03-31,0.34,coffee-minas-south,coffee,-21.5,-45,NASA POWER MERRA-2 PRECTOTCORR
2005-04-01,0.24,coffee-minas-south,coffee,-21.5,-45,NASA POWER MERRA-2 PRECTOTCORR
2005-04-02,0.05,coffee-minas-south,coffee,-21.5,-45,NASA POWER MERRA-2 PRECTOTCORR
2005-04-03,0,coffee-minas-south,coffee,-21.5,-45,NASA POWER MERRA-2 PRECTOTCORR
2005-04-04,6.47,coffee-minas-south,coffee,-21.5,-45,NASA POWER MERRA-2 PRECTOTCORR
2005-04-05,9.49,coffee-minas-south,coffee,-21.5,-45,NASA POWER MERRA-2 PRECTOTCORR
2005-04-06,0.98,coffee-minas-south,coffee,-21.5,-45,NASA POWER MERRA-2 PRECTOTCORR
2005-04-07,0.05,coffee-minas-south,coffee,-21.5,-45,NASA POWER MERRA-2 PRECTOTCORR
2005-04-08,0.3,coffee-minas-south,coffee,-21.5,-45,NASA POWER MERRA-2 PRECTOTCORR
2005-04-09,0.18,coffee-minas-south,coffee,-21.5,-45,NASA POWER MERRA-2 PRECTOTCORR
2005-04-10,0.04,coffee-minas-south,coffee,-21.5,-45,NASA POWER MERRA-2 PRECTOTCORR
2005-04-11,0,coffee-minas-south,coffee,-21.5,-45,NASA POWER MERRA-2 PRECTOTCORR
2005-04-12,0.3,coffee-minas-south,coffee,-21.5,-45,NASA POWER MERRA-2 PRECTOTCORR
2005-04-13,0.01,coffee-minas-south,coffee,-21.5,-45,NASA POWER MERRA-2 PRECTOTCORR
2005-04-14,0,coffee-minas-south,coffee,-21.5,-45,NASA POWER MERRA-2 PRECTOTCORR
2005-04-15,0.01,coffee-minas-south,coffee,-21.5,-45,NASA POWER MERRA-2 PRECTOTCORR
2005-04-16,0.05,coffee-minas-south,coffee,-21.5,-45,NASA POWER MERRA-2 PRECTOTCORR
2005-04-17,5.38,coffee-minas-south,coffee,-21.5,-45,NASA POWER MERRA-2 PRECTOTCORR
2005-04-18,0.41,coffee-minas-south,coffee,-21.5,-45,NASA POWER MERRA-2 PRECTOTCORR
2005-04-19,0.05,coffee-minas-south,coffee,-21.5,-45,NASA POWER MERRA-2 PRECTOTCORR
2005-04-20,1.14,coffee-minas-south,coffee,-21.5,-45,NASA POWER MERRA-2 PRECTOTCORR
2005-04-21,3.18,coffee-minas-south,coffee,-21.5,-45,NASA POWER MERRA-2 PRECTOTCORR
2005-04-22,3.19,coffee-minas-south,coffee,-21.5,-45,NASA POWER MERRA-2 PRECTOTCORR
2005-04-23,2.72,coffee-minas-south,coffee,-21.5,-45,NASA POWER MERRA-2 PRECTOTCORR
2005-04-24,0.38,coffee-minas-south,coffee,-21.5,-45,NASA POWER MERRA-2 PRECTOTCORR
2005-04-25,0.96,coffee-minas-south,coffee,-21.5,-45,NASA POWER MERRA-2 PRECTOTCORR
2005-04-26,12.83,coffee-minas-south,coffee,-21.5,-45,NASA POWER MERRA-2 PRECTOTCORR
2005-04-27,3,coffee-minas-south,coffee,-21.5,-45,NASA POWER MERRA-2 PRECTOTCORR
2005-04-28,6.79,coffee-minas-south,coffee,-21.5,-45,NASA POWER MERRA-2 PRECTOTCORR
2005-04-29,10.04,coffee-minas-south,coffee,-21.5,-45,NASA POWER MERRA-2 PRECTOTCORR
2005-04-30,0.9,coffee-minas-south,coffee,-21.5,-45,NASA POWER MERRA-2 PRECTOTCORR
2005-05-01,0.01,coffee-minas-south,coffee,-21.5,-45,NASA POWER MERRA-2 PRECTOTCORR
2005-05-02,0,coffee-minas-south,coffee,-21.5,-45,NASA POWER MERRA-2 PRECTOTCORR
2005-05-03,0,coffee-minas-south,coffee,-21.5,-45,NASA POWER MERRA-2 PRECTOTCORR
2005-05-04,0,coffee-minas-south,coffee,-21.5,-45,NASA POWER MERRA-2 PRECTOTCORR
2005-05-05,0,coffee-minas-south,coffee,-21.5,-45,NASA POWER MERRA-2 PRECTOTCORR
2005-05-06,0,coffee-minas-south,coffee,-21.5,-45,NASA POWER MERRA-2 PRECTOTCORR
2005-05-07,0,coffee-minas-south,coffee,-21.5,-45,NASA POWER MERRA-2 PRECTOTCORR
2005-05-08,0.22,coffee-minas-south,coffee,-21.5,-45,NASA POWER MERRA-2 PRECTOTCORR
2005-05-09,0.18,coffee-minas-south,coffee,-21.5,-45,NASA POWER MERRA-2 PRECTOTCORR
2005-05-10,0,coffee-minas-south,coffee,-21.5,-45,NASA POWER MERRA-2 PRECTOTCORR
2005-05-11,0,coffee-minas-south,coffee,-21.5,-45,NASA POWER MERRA-2 PRECTOTCORR
2005-05-12,0,coffee-minas-south,coffee,-21.5,-45,NASA POWER MERRA-2 PRECTOTCORR
2005-05-13,0,coffee-minas-south,coffee,-21.5,-45,NASA POWER MERRA-2 PRECTOTCORR
2005-05-14,0,coffee-minas-south,coffee,-21.5,-45,NASA POWER MERRA-2 PRECTOTCORR
2005-05-15,0,coffee-minas-south,coffee,-21.5,-45,NASA POWER MERRA-2 PRECTOTCORR
2005-05-16,0,coffee-minas-south,coffee,-21.5,-45,NASA POWER MERRA-2 PRECTOTCORR
2005-05-17,0,coffee-minas-south,coffee,-21.5,-45,NASA POWER MERRA-2 PRECTOTCORR
2005-05-18,0,coffee-minas-south,coffee,-21.5,-45,NASA POWER MERRA-2 PRECTOTCORR
2005-05-19,0,coffee-minas-south,coffee,-21.5,-45,NASA POWER MERRA-2 PRECTOTCORR
2005-05-20,0,coffee-minas-south,coffee,-21.5,-45,NASA POWER MERRA-2 PRECTOTCORR
2005-05-21,0.05,coffee-minas-south,coffee,-21.5,-45,NASA POWER MERRA-2 PRECTOTCORR
2005-05-22,17.65,coffee-minas-south,coffee,-21.5,-45,NASA POWER MERRA-2 PRECTOTCORR
2005-05-23,8.99,coffee-minas-south,coffee,-21.5,-45,NASA POWER MERRA-2 PRECTOTCORR
2005-05-24,16.07,coffee-minas-south,coffee,-21.5,-45,NASA POWER MERRA-2 PRECTOTCORR
2005-05-25,15.32,coffee-minas-south,coffee,-21.5,-45,NASA POWER MERRA-2 PRECTOTCORR
2005-05-26,9.52,coffee-minas-south,coffee,-21.5,-45,NASA POWER MERRA-2 PRECTOTCORR
2005-05-27,0,coffee-minas-south,coffee,-21.5,-45,NASA POWER MERRA-2 PRECTOTCORR
2005-05-28,0,coffee-minas-south,coffee,-21.5,-45,NASA POWER MERRA-2 PRECTOTCORR
2005-05-29,0,coffee-minas-south,coffee,-21.5,-45,NASA POWER MERRA-2 PRECTOTCORR
2005-05-30,1.25,coffee-minas-south,coffee,-21.5,-45,NASA POWER MERRA-2 PRECTOTCORR
2005-05-31,0.36,coffee-minas-south,coffee,-21.5,-45,NASA POWER MERRA-2 PRECTOTCORR
2005-06-01,0.02,coffee-minas-south,coffee,-21.5,-45,NASA POWER MERRA-2 PRECTOTCORR
2005-06-02,0.02,coffee-minas-south,coffee,-21.5,-45,NASA POWER MERRA-2 PRECTOTCORR
2005-06-03,0,coffee-minas-south,coffee,-21.5,-45,NASA POWER MERRA-2 PRECTOTCORR
2005-06-04,0,coffee-minas-south,coffee,-21.5,-45,NASA POWER MERRA-2 PRECTOTCORR
2005-06-05,0,coffee-minas-south,coffee,-21.5,-45,NASA POWER MERRA-2 PRECTOTCORR
2005-06-06,0,coffee-minas-south,coffee,-21.5,-45,NASA POWER MERRA-2 PRECTOTCORR
2005-06-07,0,coffee-minas-south,coffee,-21.5,-45,NASA POWER MERRA-2 PRECTOTCORR
2005-06-08,0.01,coffee-minas-south,coffee,-21.5,-45,NASA POWER MERRA-2 PRECTOTCORR
2005-06-09,0,coffee-minas-south,coffee,-21.5,-45,NASA POWER MERRA-2 PRECTOTCORR
2005-06-10,0,coffee-minas-south,coffee,-21.5,-45,NASA POWER MERRA-2 PRECTOTCORR
2005-06-11,0.01,coffee-minas-south,coffee,-21.5,-45,NASA POWER MERRA-2 PRECTOTCORR
2005-06-12,0.02,coffee-minas-south,coffee,-21.5,-45,NASA POWER MERRA-2 PRECTOTCORR
2005-06-13,0,coffee-minas-south,coffee,-21.5,-45,NASA POWER MERRA-2 PRECTOTCORR
2005-06-14,0,coffee-minas-south,coffee,-21.5,-45,NASA POWER MERRA-2 PRECTOTCORR
2005-06-15,0,coffee-minas-south,coffee,-21.5,-45,NASA POWER MERRA-2 PRECTOTCORR
2005-06-16,0,coffee-minas-south,coffee,-21.5,-45,NASA POWER MERRA-2 PRECTOTCORR
2005-06-17,0,coffee-minas-south,coffee,-21.5,-45,NASA POWER MERRA-2 PRECTOTCORR
2005-06-18,0,coffee-minas-south,coffee,-21.5,-45,NASA POWER MERRA-2 PRECTOTCORR
2005-06-19,4.29,coffee-minas-south,coffee,-21.5,-45,NASA POWER MERRA-2 PRECTOTCORR
2005-06-20,2.03,coffee-minas-south,coffee,-21.5,-45,NASA POWER MERRA-2 PRECTOTCORR
2005-06-21,4.43,coffee-minas-south,coffee,-21.5,-45,NASA POWER MERRA-2 PRECTOTCORR
2005-06-22,0.6,coffee-minas-south,coffee,-21.5,-45,NASA POWER MERRA-2 PRECTOTCORR
2005-06-23,0,coffee-minas-south,coffee,-21.5,-45,NASA POWER MERRA-2 PRECTOTCORR
2005-06-24,0,coffee-minas-south,coffee,-21.5,-45,NASA POWER MERRA-2 PRECTOTCORR
2005-06-25,0.05,coffee-minas-south,coffee,-21.5,-45,NASA POWER MERRA-2 PRECTOTCORR
2005-06-26,0,coffee-minas-south,coffee,-21.5,-45,NASA POWER MERRA-2 PRECTOTCORR
2005-06-27,0,coffee-minas-south,coffee,-21.5,-45,NASA POWER MERRA-2 PRECTOTCORR
2005-06-28,0.02,coffee-minas-south,coffee,-21.5,-45,NASA POWER MERRA-2 PRECTOTCORR
2005-06-29,0.12,coffee-minas-south,coffee,-21.5,-45,NASA POWER MERRA-2 PRECTOTCORR
2005-06-30,0,coffee-minas-south,coffee,-21.5,-45,NASA POWER MERRA-2 PRECTOTCORR
2005-07-01,0.03,coffee-minas-south,coffee,-21.5,-45,NASA POWER MERRA-2 PRECTOTCORR
2005-07-02,0,coffee-minas-south,coffee,-21.5,-45,NASA POWER MERRA-2 PRECTOTCORR
2005-07-03,0,coffee-minas-south,coffee,-21.5,-45,NASA POWER MERRA-2 PRECTOTCORR
2005-07-04,0,coffee-minas-south,coffee,-21.5,-45,NASA POWER MERRA-2 PRECTOTCORR
2005-07-05,0.01,coffee-minas-south,coffee,-21.5,-45,NASA POWER MERRA-2 PRECTOTCORR
2005-07-06,3.47,coffee-minas-south,coffee,-21.5,-45,NASA POWER MERRA-2 PRECTOTCORR
2005-07-07,3.14,coffee-minas-south,coffee,-21.5,-45,NASA POWER MERRA-2 PRECTOTCORR
2005-07-08,0.05,coffee-minas-south,coffee,-21.5,-45,NASA POWER MERRA-2 PRECTOTCORR
2005-07-09,0,coffee-minas-south,coffee,-21.5,-45,NASA POWER MERRA-2 PRECTOTCORR
2005-07-10,0,coffee-minas-south,coffee,-21.5,-45,NASA POWER MERRA-2 PRECTOTCORR
2005-07-11,0.01,coffee-minas-south,coffee,-21.5,-45,NASA POWER MERRA-2 PRECTOTCORR
2005-07-12,0,coffee-minas-south,coffee,-21.5,-45,NASA POWER MERRA-2 PRECTOTCORR
2005-07-13,0,coffee-minas-south,coffee,-21.5,-45,NASA POWER MERRA-2 PRECTOTCORR
2005-07-14,0.71,coffee-minas-south,coffee,-21.5,-45,NASA POWER MERRA-2 PRECTOTCORR
2005-07-15,4.22,coffee-minas-south,coffee,-21.5,-45,NASA POWER MERRA-2 PRECTOTCORR
2005-07-16,0,coffee-minas-south,coffee,-21.5,-45,NASA POWER MERRA-2 PRECTOTCORR
2005-07-17,0,coffee-minas-south,coffee,-21.5,-45,NASA POWER MERRA-2 PRECTOTCORR
2005-07-18,0.27,coffee-minas-south,coffee,-21.5,-45,NASA POWER MERRA-2 PRECTOTCORR
2005-07-19,6.23,coffee-minas-south,coffee,-21.5,-45,NASA POWER MERRA-2 PRECTOTCORR
2005-07-20,1.49,coffee-minas-south,coffee,-21.5,-45,NASA POWER MERRA-2 PRECTOTCORR
2005-07-21,0.07,coffee-minas-south,coffee,-21.5,-45,NASA POWER MERRA-2 PRECTOTCORR
2005-07-22,0,coffee-minas-south,coffee,-21.5,-45,NASA POWER MERRA-2 PRECTOTCORR
2005-07-23,0,coffee-minas-south,coffee,-21.5,-45,NASA POWER MERRA-2 PRECTOTCORR
2005-07-24,0,coffee-minas-south,coffee,-21.5,-45,NASA POWER MERRA-2 PRECTOTCORR
2005-07-25,0.48,coffee-minas-south,coffee,-21.5,-45,NASA POWER MERRA-2 PRECTOTCORR
2005-07-26,0.3,coffee-minas-south,coffee,-21.5,-45,NASA POWER MERRA-2 PRECTOTCORR
2005-07-27,0.81,coffee-minas-south,coffee,-21.5,-45,NASA POWER MERRA-2 PRECTOTCORR
2005-07-28,0.12,coffee-minas-south,coffee,-21.5,-45,NASA POWER MERRA-2 PRECTOTCORR
2005-07-29,0.08,coffee-minas-south,coffee,-21.5,-45,NASA POWER MERRA-2 PRECTOTCORR
2005-07-30,0,coffee-minas-south,coffee,-21.5,-45,NASA POWER MERRA-2 PRECTOTCORR
2005-07-31,0,coffee-minas-south,coffee,-21.5,-45,NASA POWER MERRA-2 PRECTOTCORR
2005-08-01,0,coffee-minas-south,coffee,-21.5,-45,NASA POWER MERRA-2 PRECTOTCORR
2005-08-02,0,coffee-minas-south,coffee,-21.5,-45,NASA POWER MERRA-2 PRECTOTCORR
2005-08-03,0,coffee-minas-south,coffee,-21.5,-45,NASA POWER MERRA-2 PRECTOTCORR
2005-08-04,0,coffee-minas-south,coffee,-21.5,-45,NASA POWER MERRA-2 PRECTOTCORR
2005-08-05,0,coffee-minas-south,coffee,-21.5,-45,NASA POWER MERRA-2 PRECTOTCORR
2005-08-06,0,coffee-minas-south,coffee,-21.5,-45,NASA POWER MERRA-2 PRECTOTCORR
2005-08-07,0,coffee-minas-south,coffee,-21.5,-45,NASA POWER MERRA-2 PRECTOTCORR
2005-08-08,0,coffee-minas-south,coffee,-21.5,-45,NASA POWER MERRA-2 PRECTOTCORR
2005-08-09,0.84,coffee-minas-south,coffee,-21.5,-45,NASA POWER MERRA-2 PRECTOTCORR
2005-08-10,0.05,coffee-minas-south,coffee,-21.5,-45,NASA POWER MERRA-2 PRECTOTCORR
2005-08-11,0.18,coffee-minas-south,coffee,-21.5,-45,NASA POWER MERRA-2 PRECTOTCORR
2005-08-12,0,coffee-minas-south,coffee,-21.5,-45,NASA POWER MERRA-2 PRECTOTCORR
2005-08-13,0.25,coffee-minas-south,coffee,-21.5,-45,NASA POWER MERRA-2 PRECTOTCORR
2005-08-14,0.38,coffee-minas-south,coffee,-21.5,-45,NASA POWER MERRA-2 PRECTOTCORR
2005-08-15,0.02,coffee-minas-south,coffee,-21.5,-45,NASA POWER MERRA-2 PRECTOTCORR
2005-08-16,0,coffee-minas-south,coffee,-21.5,-45,NASA POWER MERRA-2 PRECTOTCORR
2005-08-17,1.09,coffee-minas-south,coffee,-21.5,-45,NASA POWER MERRA-2 PRECTOTCORR
2005-08-18,0.11,coffee-minas-south,coffee,-21.5,-45,NASA POWER MERRA-2 PRECTOTCORR
2005-08-19,0.54,coffee-minas-south,coffee,-21.5,-45,NASA POWER MERRA-2 PRECTOTCORR
2005-08-20,0.06,coffee-minas-south,coffee,-21.5,-45,NASA POWER MERRA-2 PRECTOTCORR
2005-08-21,0,coffee-minas-south,coffee,-21.5,-45,NASA POWER MERRA-2 PRECTOTCORR
2005-08-22,0,coffee-minas-south,coffee,-21.5,-45,NASA POWER MERRA-2 PRECTOTCORR
2005-08-23,0,coffee-minas-south,coffee,-21.5,-45,NASA POWER MERRA-2 PRECTOTCORR
2005-08-24,0.32,coffee-minas-south,coffee,-21.5,-45,NASA POWER MERRA-2 PRECTOTCORR
2005-08-25,0.38,coffee-minas-south,coffee,-21.5,-45,NASA POWER MERRA-2 PRECTOTCORR
2005-08-26,1,coffee-minas-south,coffee,-21.5,-45,NASA POWER MERRA-2 PRECTOTCORR
2005-08-27,1.04,coffee-minas-south,coffee,-21.5,-45,NASA POWER MERRA-2 PRECTOTCORR
2005-08-28,0,coffee-minas-south,coffee,-21.5,-45,NASA POWER MERRA-2 PRECTOTCORR
2005-08-29,0,coffee-minas-south,coffee,-21.5,-45,NASA POWER MERRA-2 PRECTOTCORR
2005-08-30,0,coffee-minas-south,coffee,-21.5,-45,NASA POWER MERRA-2 PRECTOTCORR
2005-08-31,0.07,coffee-minas-south,coffee,-21.5,-45,NASA POWER MERRA-2 PRECTOTCORR
2005-09-01,3.5,coffee-minas-south,coffee,-21.5,-45,NASA POWER MERRA-2 PRECTOTCORR
2005-09-02,1.24,coffee-minas-south,coffee,-21.5,-45,NASA POWER MERRA-2 PRECTOTCORR
2005-09-03,0.04,coffee-minas-south,coffee,-21.5,-45,NASA POWER MERRA-2 PRECTOTCORR
2005-09-04,7.42,coffee-minas-south,coffee,-21.5,-45,NASA POWER MERRA-2 PRECTOTCORR
2005-09-05,0.89,coffee-minas-south,coffee,-21.5,-45,NASA POWER MERRA-2 PRECTOTCORR
2005-09-06,5.93,coffee-minas-south,coffee,-21.5,-45,NASA POWER MERRA-2 PRECTOTCORR
2005-09-07,3.09,coffee-minas-south,coffee,-21.5,-45,NASA POWER MERRA-2 PRECTOTCORR
2005-09-08,0.2,coffee-minas-south,coffee,-21.5,-45,NASA POWER MERRA-2 PRECTOTCORR
2005-09-09,0.03,coffee-minas-south,coffee,-21.5,-45,NASA POWER MERRA-2 PRECTOTCORR
2005-09-10,0.03,coffee-minas-south,coffee,-21.5,-45,NASA POWER MERRA-2 PRECTOTCORR
2005-09-11,0,coffee-minas-south,coffee,-21.5,-45,NASA POWER MERRA-2 PRECTOTCORR
2005-09-12,1.57,coffee-minas-south,coffee,-21.5,-45,NASA POWER MERRA-2 PRECTOTCORR
2005-09-13,0.42,coffee-minas-south,coffee,-21.5,-45,NASA POWER MERRA-2 PRECTOTCORR
2005-09-14,0.1,coffee-minas-south,coffee,-21.5,-45,NASA POWER MERRA-2 PRECTOTCORR
2005-09-15,0.01,coffee-minas-south,coffee,-21.5,-45,NASA POWER MERRA-2 PRECTOTCORR
2005-09-16,0.37,coffee-minas-south,coffee,-21.5,-45,NASA POWER MERRA-2 PRECTOTCORR
2005-09-17,5.15,coffee-minas-south,coffee,-21.5,-45,NASA POWER MERRA-2 PRECTOTCORR
2005-09-18,10.35,coffee-minas-south,coffee,-21.5,-45,NASA POWER MERRA-2 PRECTOTCORR
2005-09-19,5.48,coffee-minas-south,coffee,-21.5,-45,NASA POWER MERRA-2 PRECTOTCORR
2005-09-20,0,coffee-minas-south,coffee,-21.5,-45,NASA POWER MERRA-2 PRECTOTCORR
2005-09-21,0.01,coffee-minas-south,coffee,-21.5,-45,NASA POWER MERRA-2 PRECTOTCORR
2005-09-22,0,coffee-minas-south,coffee,-21.5,-45,NASA POWER MERRA-2 PRECTOTCORR
2005-09-23,0.51,coffee-minas-south,coffee,-21.5,-45,NASA POWER MERRA-2 PRECTOTCORR
2005-09-24,0.41,coffee-minas-south,coffee,-21.5,-45,NASA POWER MERRA-2 PRECTOTCORR
2005-09-25,6.09,coffee-minas-south,coffee,-21.5,-45,NASA POWER MERRA-2 PRECTOTCORR
2005-09-26,3.82,coffee-minas-south,coffee,-21.5,-45,NASA POWER MERRA-2 PRECTOTCORR
2005-09-27,5.32,coffee-minas-south,coffee,-21.5,-45,NASA POWER MERRA-2 PRECTOTCORR
2005-09-28,0.59,coffee-minas-south,coffee,-21.5,-45,NASA POWER MERRA-2 PRECTOTCORR
2005-09-29,0.01,coffee-minas-south,coffee,-21.5,-45,NASA POWER MERRA-2 PRECTOTCORR
2005-09-30,0,coffee-minas-south,coffee,-21.5,-45,NASA POWER MERRA-2 PRECTOTCORR
2005-10-01,0.12,coffee-minas-south,coffee,-21.5,-45,NASA POWER MERRA-2 PRECTOTCORR
2005-10-02,1.75,coffee-minas-south,coffee,-21.5,-45,NASA POWER MERRA-2 PRECTOTCORR
2005-10-03,0.02,coffee-minas-south,coffee,-21.5,-45,NASA POWER MERRA-2 PRECTOTCORR
2005-10-04,0,coffee-minas-south,coffee,-21.5,-45,NASA POWER MERRA-2 PRECTOTCORR
2005-10-05,0.17,coffee-minas-south,coffee,-21.5,-45,NASA POWER MERRA-2 PRECTOTCORR
2005-10-06,8.23,coffee-minas-south,coffee,-21.5,-45,NASA POWER MERRA-2 PRECTOTCORR
2005-10-07,0.67,coffee-minas-south,coffee,-21.5,-45,NASA POWER MERRA-2 PRECTOTCORR
2005-10-08,0.01,coffee-minas-south,coffee,-21.5,-45,NASA POWER MERRA-2 PRECTOTCORR
2005-10-09,0.02,coffee-minas-south,coffee,-21.5,-45,NASA POWER MERRA-2 PRECTOTCORR
2005-10-10,0.01,coffee-minas-south,coffee,-21.5,-45,NASA POWER MERRA-2 PRECTOTCORR
2005-10-11,0.71,coffee-minas-south,coffee,-21.5,-45,NASA POWER MERRA-2 PRECTOTCORR
2005-10-12,0.01,coffee-minas-south,coffee,-21.5,-45,NASA POWER MERRA-2 PRECTOTCORR
2005-10-13,0,coffee-minas-south,coffee,-21.5,-45,NASA POWER MERRA-2 PRECTOTCORR
2005-10-14,1.23,coffee-minas-south,coffee,-21.5,-45,NASA POWER MERRA-2 PRECTOTCORR
2005-10-15,2.57,coffee-minas-south,coffee,-21.5,-45,NASA POWER MERRA-2 PRECTOTCORR
2005-10-16,0.29,coffee-minas-south,coffee,-21.5,-45,NASA POWER MERRA-2 PRECTOTCORR
2005-10-17,0.03,coffee-minas-south,coffee,-21.5,-45,NASA POWER MERRA-2 PRECTOTCORR
2005-10-18,11.31,coffee-minas-south,coffee,-21.5,-45,NASA POWER MERRA-2 PRECTOTCORR
2005-10-19,9.74,coffee-minas-south,coffee,-21.5,-45,NASA POWER MERRA-2 PRECTOTCORR
2005-10-20,5.06,coffee-minas-south,coffee,-21.5,-45,NASA POWER MERRA-2 PRECTOTCORR
2005-10-21,1.8,coffee-minas-south,coffee,-21.5,-45,NASA POWER MERRA-2 PRECTOTCORR
2005-10-22,3.51,coffee-minas-south,coffee,-21.5,-45,NASA POWER MERRA-2 PRECTOTCORR
2005-10-23,0.59,coffee-minas-south,coffee,-21.5,-45,NASA POWER MERRA-2 PRECTOTCORR
2005-10-24,5.46,coffee-minas-south,coffee,-21.5,-45,NASA POWER MERRA-2 PRECTOTCORR
2005-10-25,3.64,coffee-minas-south,coffee,-21.5,-45,NASA POWER MERRA-2 PRECTOTCORR
2005-10-26,4.6,coffee-minas-south,coffee,-21.5,-45,NASA POWER MERRA-2 PRECTOTCORR
2005-10-27,5.08,coffee-minas-south,coffee,-21.5,-45,NASA POWER MERRA-2 PRECTOTCORR
2005-10-28,10.23,coffee-minas-south,coffee,-21.5,-45,NASA POWER MERRA-2 PRECTOTCORR
2005-10-29,2.01,coffee-minas-south,coffee,-21.5,-45,NASA POWER MERRA-2 PRECTOTCORR
2005-10-30,7.96,coffee-minas-south,coffee,-21.5,-45,NASA POWER MERRA-2 PRECTOTCORR
2005-10-31,2.68,coffee-minas-south,coffee,-21.5,-45,NASA POWER MERRA-2 PRECTOTCORR
2005-11-01,1.09,coffee-minas-south,coffee,-21.5,-45,NASA POWER MERRA-2 PRECTOTCORR
2005-11-02,7.77,coffee-minas-south,coffee,-21.5,-45,NASA POWER MERRA-2 PRECTOTCORR
2005-11-03,5,coffee-minas-south,coffee,-21.5,-45,NASA POWER MERRA-2 PRECTOTCORR
2005-11-04,8.3,coffee-minas-south,coffee,-21.5,-45,NASA POWER MERRA-2 PRECTOTCORR
2005-11-05,9.54,coffee-minas-south,coffee,-21.5,-45,NASA POWER MERRA-2 PRECTOTCORR
2005-11-06,7.65,coffee-minas-south,coffee,-21.5,-45,NASA POWER MERRA-2 PRECTOTCORR
2005-11-07,3.04,coffee-minas-south,coffee,-21.5,-45,NASA POWER MERRA-2 PRECTOTCORR
2005-11-08,2.55,coffee-minas-south,coffee,-21.5,-45,NASA POWER MERRA-2 PRECTOTCORR
2005-11-09,1.54,coffee-minas-south,coffee,-21.5,-45,NASA POWER MERRA-2 PRECTOTCORR
2005-11-10,4.74,coffee-minas-south,coffee,-21.5,-45,NASA POWER MERRA-2 PRECTOTCORR
2005-11-11,0.69,coffee-minas-south,coffee,-21.5,-45,NASA POWER MERRA-2 PRECTOTCORR
2005-11-12,0.4,coffee-minas-south,coffee,-21.5,-45,NASA POWER MERRA-2 PRECTOTCORR
2005-11-13,0.64,coffee-minas-south,coffee,-21.5,-45,NASA POWER MERRA-2 PRECTOTCORR
2005-11-14,0.69,coffee-minas-south,coffee,-21.5,-45,NASA POWER MERRA-2 PRECTOTCORR
2005-11-15,1.31,coffee-minas-south,coffee,-21.5,-45,NASA POWER MERRA-2 PRECTOTCORR
2005-11-16,3.7,coffee-minas-south,coffee,-21.5,-45,NASA POWER MERRA-2 PRECTOTCORR
2005-11-17,9.62,coffee-minas-south,coffee,-21.5,-45,NASA POWER MERRA-2 PRECTOTCORR
2005-11-18,4.46,coffee-minas-south,coffee,-21.5,-45,NASA POWER MERRA-2 PRECTOTCORR
2005-11-19,9.91,coffee-minas-south,coffee,-21.5,-45,NASA POWER MERRA-2 PRECTOTCORR
2005-11-20,5.43,coffee-minas-south,coffee,-21.5,-45,NASA POWER MERRA-2 PRECTOTCORR
2005-11-21,1.48,coffee-minas-south,coffee,-21.5,-45,NASA POWER MERRA-2 PRECTOTCORR
2005-11-22,2.1,coffee-minas-south,coffee,-21.5,-45,NASA POWER MERRA-2 PRECTOTCORR
2005-11-23,2.57,coffee-minas-south,coffee,-21.5,-45,NASA POWER MERRA-2 PRECTOTCORR
2005-11-24,3.23,coffee-minas-south,coffee,-21.5,-45,NASA POWER MERRA-2 PRECTOTCORR
2005-11-25,28.17,coffee-minas-south,coffee,-21.5,-45,NASA POWER MERRA-2 PRECTOTCORR
2005-11-26,10.86,coffee-minas-south,coffee,-21.5,-45,NASA POWER MERRA-2 PRECTOTCORR
2005-11-27,0.01,coffee-minas-south,coffee,-21.5,-45,NASA POWER MERRA-2 PRECTOTCORR
2005-11-28,0.1,coffee-minas-south,coffee,-21.5,-45,NASA POWER MERRA-2 PRECTOTCORR
2005-11-29,3.41,coffee-minas-south,coffee,-21.5,-45,NASA POWER MERRA-2 PRECTOTCORR
2005-11-30,5.37,coffee-minas-south,coffee,-21.5,-45,NASA POWER MERRA-2 PRECTOTCORR
2005-12-01,8.88,coffee-minas-south,coffee,-21.5,-45,NASA POWER MERRA-2 PRECTOTCORR
2005-12-02,18.25,coffee-minas-south,coffee,-21.5,-45,NASA POWER MERRA-2 PRECTOTCORR
2005-12-03,0.41,coffee-minas-south,coffee,-21.5,-45,NASA POWER MERRA-2 PRECTOTCORR
2005-12-04,0,coffee-minas-south,coffee,-21.5,-45,NASA POWER MERRA-2 PRECTOTCORR
2005-12-05,0.66,coffee-minas-south,coffee,-21.5,-45,NASA POWER MERRA-2 PRECTOTCORR
2005-12-06,20.41,coffee-minas-south,coffee,-21.5,-45,NASA POWER MERRA-2 PRECTOTCORR
2005-12-07,11.88,coffee-minas-south,coffee,-21.5,-45,NASA POWER MERRA-2 PRECTOTCORR
2005-12-08,4.05,coffee-minas-south,coffee,-21.5,-45,NASA POWER MERRA-2 PRECTOTCORR
2005-12-09,1.04,coffee-minas-south,coffee,-21.5,-45,NASA POWER MERRA-2 PRECTOTCORR
2005-12-10,7.87,coffee-minas-south,coffee,-21.5,-45,NASA POWER MERRA-2 PRECTOTCORR
2005-12-11,43.59,coffee-minas-south,coffee,-21.5,-45,NASA POWER MERRA-2 PRECTOTCORR
2005-12-12,8.74,coffee-minas-south,coffee,-21.5,-45,NASA POWER MERRA-2 PRECTOTCORR
2005-12-13,6.66,coffee-minas-south,coffee,-21.5,-45,NASA POWER MERRA-2 PRECTOTCORR
2005-12-14,9.09,coffee-minas-south,coffee,-21.5,-45,NASA POWER MERRA-2 PRECTOTCORR
2005-12-15,3.05,coffee-minas-south,coffee,-21.5,-45,NASA POWER MERRA-2 PRECTOTCORR
2005-12-16,6.48,coffee-minas-south,coffee,-21.5,-45,NASA POWER MERRA-2 PRECTOTCORR
2005-12-17,5.65,coffee-minas-south,coffee,-21.5,-45,NASA POWER MERRA-2 PRECTOTCORR
2005-12-18,16.02,coffee-minas-south,coffee,-21.5,-45,NASA POWER MERRA-2 PRECTOTCORR
2005-12-19,4.42,coffee-minas-south,coffee,-21.5,-45,NASA POWER MERRA-2 PRECTOTCORR
2005-12-20,4.5,coffee-minas-south,coffee,-21.5,-45,NASA POWER MERRA-2 PRECTOTCORR
2005-12-21,2.89,coffee-minas-south,coffee,-21.5,-45,NASA POWER MERRA-2 PRECTOTCORR
2005-12-22,7.57,coffee-minas-south,coffee,-21.5,-45,NASA POWER MERRA-2 PRECTOTCORR
2005-12-23,0,coffee-minas-south,coffee,-21.5,-45,NASA POWER MERRA-2 PRECTOTCORR
2005-12-24,2.55,coffee-minas-south,coffee,-21.5,-45,NASA POWER MERRA-2 PRECTOTCORR
2005-12-25,21.74,coffee-minas-south,coffee,-21.5,-45,NASA POWER MERRA-2 PRECTOTCORR
2005-12-26,1.14,coffee-minas-south,coffee,-21.5,-45,NASA POWER MERRA-2 PRECTOTCORR
2005-12-27,2.43,coffee-minas-south,coffee,-21.5,-45,NASA POWER MERRA-2 PRECTOTCORR
2005-12-28,0.27,coffee-minas-south,coffee,-21.5,-45,NASA POWER MERRA-2 PRECTOTCORR
2005-12-29,0.93,coffee-minas-south,coffee,-21.5,-45,NASA POWER MERRA-2 PRECTOTCORR
2005-12-30,3.93,coffee-minas-south,coffee,-21.5,-45,NASA POWER MERRA-2 PRECTOTCORR
2005-12-31,9.31,coffee-minas-south,coffee,-21.5,-45,NASA POWER MERRA-2 PRECTOTCORR
2006-01-01,7.19,coffee-minas-south,coffee,-21.5,-45,NASA POWER MERRA-2 PRECTOTCORR
2006-01-02,20.02,coffee-minas-south,coffee,-21.5,-45,NASA POWER MERRA-2 PRECTOTCORR
2006-01-03,7.12,coffee-minas-south,coffee,-21.5,-45,NASA POWER MERRA-2 PRECTOTCORR
2006-01-04,16.59,coffee-minas-south,coffee,-21.5,-45,NASA POWER MERRA-2 PRECTOTCORR
2006-01-05,15.47,coffee-minas-south,coffee,-21.5,-45,NASA POWER MERRA-2 PRECTOTCORR
2006-01-06,2.67,coffee-minas-south,coffee,-21.5,-45,NASA POWER MERRA-2 PRECTOTCORR
2006-01-07,0.74,coffee-minas-south,coffee,-21.5,-45,NASA POWER MERRA-2 PRECTOTCORR
2006-01-08,0.31,coffee-minas-south,coffee,-21.5,-45,NASA POWER MERRA-2 PRECTOTCORR
2006-01-09,0.16,coffee-minas-south,coffee,-21.5,-45,NASA POWER MERRA-2 PRECTOTCORR
2006-01-10,0.21,coffee-minas-south,coffee,-21.5,-45,NASA POWER MERRA-2 PRECTOTCORR
2006-01-11,0.02,coffee-minas-south,coffee,-21.5,-45,NASA POWER MERRA-2 PRECTOTCORR
2006-01-12,0,coffee-minas-south,coffee,-21.5,-45,NASA POWER MERRA-2 PRECTOTCORR
2006-01-13,0,coffee-minas-south,coffee,-21.5,-45,NASA POWER MERRA-2 PRECTOTCORR
2006-01-14,0,coffee-minas-south,coffee,-21.5,-45,NASA POWER MERRA-2 PRECTOTCORR
2006-01-15,0,coffee-minas-south,coffee,-21.5,-45,NASA POWER MERRA-2 PRECTOTCORR
2006-01-16,0,coffee-minas-south,coffee,-21.5,-45,NASA POWER MERRA-2 PRECTOTCORR
2006-01-17,0.06,coffee-minas-south,coffee,-21.5,-45,NASA POWER MERRA-2 PRECTOTCORR
2006-01-18,1.16,coffee-minas-south,coffee,-21.5,-45,NASA POWER MERRA-2 PRECTOTCORR
2006-01-19,0.92,coffee-minas-south,coffee,-21.5,-45,NASA POWER MERRA-2 PRECTOTCORR
2006-01-20,0,coffee-minas-south,coffee,-21.5,-45,NASA POWER MERRA-2 PRECTOTCORR
2006-01-21,0,coffee-minas-south,coffee,-21.5,-45,NASA POWER MERRA-2 PRECTOTCORR
2006-01-22,0,coffee-minas-south,coffee,-21.5,-45,NASA POWER MERRA-2 PRECTOTCORR
2006-01-23,1.21,coffee-minas-south,coffee,-21.5,-45,NASA POWER MERRA-2 PRECTOTCORR
2006-01-24,1.68,coffee-minas-south,coffee,-21.5,-45,NASA POWER MERRA-2 PRECTOTCORR
2006-01-25,2.4,coffee-minas-south,coffee,-21.5,-45,NASA POWER MERRA-2 PRECTOTCORR
2006-01-26,2.52,coffee-minas-south,coffee,-21.5,-45,NASA POWER MERRA-2 PRECTOTCORR
2006-01-27,13.67,coffee-minas-south,coffee,-21.5,-45,NASA POWER MERRA-2 PRECTOTCORR
2006-01-28,1.62,coffee-minas-south,coffee,-21.5,-45,NASA POWER MERRA-2 PRECTOTCORR
2006-01-29,12.51,coffee-minas-south,coffee,-21.5,-45,NASA POWER MERRA-2 PRECTOTCORR
2006-01-30,2.76,coffee-minas-south,coffee,-21.5,-45,NASA POWER MERRA-2 PRECTOTCORR
2006-01-31,5.38,coffee-minas-south,coffee,-21.5,-45,NASA POWER MERRA-2 PRECTOTCORR
2006-02-01,10.91,coffee-minas-south,coffee,-21.5,-45,NASA POWER MERRA-2 PRECTOTCORR
2006-02-02,4.66,coffee-minas-south,coffee,-21.5,-45,NASA POWER MERRA-2 PRECTOTCORR
2006-02-03,3.19,coffee-minas-south,coffee,-21.5,-45,NASA POWER MERRA-2 PRECTOTCORR
2006-02-04,0.18,coffee-minas-south,coffee,-21.5,-45,NASA POWER MERRA-2 PRECTOTCORR
2006-02-05,0.01,coffee-minas-south,coffee,-21.5,-45,NASA POWER MERRA-2 PRECTOTCORR
2006-02-06,0.01,coffee-minas-south,coffee,-21.5,-45,NASA POWER MERRA-2 PRECTOTCORR
2006-02-07,0.17,coffee-minas-south,coffee,-21.5,-45,NASA POWER MERRA-2 PRECTOTCORR
2006-02-08,7.18,coffee-minas-south,coffee,-21.5,-45,NASA POWER MERRA-2 PRECTOTCORR
2006-02-09,3.38,coffee-minas-south,coffee,-21.5,-45,NASA POWER MERRA-2 PRECTOTCORR
2006-02-10,9.98,coffee-minas-south,coffee,-21.5,-45,NASA POWER MERRA-2 PRECTOTCORR
2006-02-11,21.87,coffee-minas-south,coffee,-21.5,-45,NASA POWER MERRA-2 PRECTOTCORR
2006-02-12,30.72,coffee-minas-south,coffee,-21.5,-45,NASA POWER MERRA-2 PRECTOTCORR
2006-02-13,6.15,coffee-minas-south,coffee,-21.5,-45,NASA POWER MERRA-2 PRECTOTCORR
2006-02-14,6.66,coffee-minas-south,coffee,-21.5,-45,NASA POWER MERRA-2 PRECTOTCORR
2006-02-15,22.47,coffee-minas-south,coffee,-21.5,-45,NASA POWER MERRA-2 PRECTOTCORR
2006-02-16,3.82,coffee-minas-south,coffee,-21.5,-45,NASA POWER MERRA-2 PRECTOTCORR
2006-02-17,2.72,coffee-minas-south,coffee,-21.5,-45,NASA POWER MERRA-2 PRECTOTCORR
2006-02-18,1.33,coffee-minas-south,coffee,-21.5,-45,NASA POWER MERRA-2 PRECTOTCORR
2006-02-19,1.08,coffee-minas-south,coffee,-21.5,-45,NASA POWER MERRA-2 PRECTOTCORR
2006-02-20,0.3,coffee-minas-south,coffee,-21.5,-45,NASA POWER MERRA-2 PRECTOTCORR
2006-02-21,10.43,coffee-minas-south,coffee,-21.5,-45,NASA POWER MERRA-2 PRECTOTCORR
2006-02-22,3.94,coffee-minas-south,coffee,-21.5,-45,NASA POWER MERRA-2 PRECTOTCORR
2006-02-23,4.5,coffee-minas-south,coffee,-21.5,-45,NASA POWER MERRA-2 PRECTOTCORR
2006-02-24,3.3,coffee-minas-south,coffee,-21.5,-45,NASA POWER MERRA-2 PRECTOTCORR
2006-02-25,3.07,coffee-minas-south,coffee,-21.5,-45,NASA POWER MERRA-2 PRECTOTCORR
2006-02-26,3.73,coffee-minas-south,coffee,-21.5,-45,NASA POWER MERRA-2 PRECTOTCORR
2006-02-27,7.15,coffee-minas-south,coffee,-21.5,-45,NASA POWER MERRA-2 PRECTOTCORR
2006-02-28,3.76,coffee-minas-south,coffee,-21.5,-45,NASA POWER MERRA-2 PRECTOTCORR
2006-03-01,6.18,coffee-minas-south,coffee,-21.5,-45,NASA POWER MERRA-2 PRECTOTCORR
2006-03-02,1.92,coffee-minas-south,coffee,-21.5,-45,NASA POWER MERRA-2 PRECTOTCORR
2006-03-03,0.23,coffee-minas-south,coffee,-21.5,-45,NASA POWER MERRA-2 PRECTOTCORR
2006-03-04,35.2,coffee-minas-south,coffee,-21.5,-45,NASA POWER MERRA-2 PRECTOTCORR
2006-03-05,12.45,coffee-minas-south,coffee,-21.5,-45,NASA POWER MERRA-2 PRECTOTCORR
2006-03-06,31.83,coffee-minas-south,coffee,-21.5,-45,NASA POWER MERRA-2 PRECTOTCORR
2006-03-07,10.74,coffee-minas-south,coffee,-21.5,-45,NASA POWER MERRA-2 PRECTOTCORR
2006-03-08,0.43,coffee-minas-south,coffee,-21.5,-45,NASA POWER MERRA-2 PRECTOTCORR
2006-03-09,0.06,coffee-minas-south,coffee,-21.5,-45,NASA POWER MERRA-2 PRECTOTCORR
2006-03-10,20.12,coffee-minas-south,coffee,-21.5,-45,NASA POWER MERRA-2 PRECTOTCORR
2006-03-11,4.14,coffee-minas-south,coffee,-21.5,-45,NASA POWER MERRA-2 PRECTOTCORR
2006-03-12,0.13,coffee-minas-south,coffee,-21.5,-45,NASA POWER MERRA-2 PRECTOTCORR
2006-03-13,1.35,coffee-minas-south,coffee,-21.5,-45,NASA POWER MERRA-2 PRECTOTCORR
2006-03-14,9.31,coffee-minas-south,coffee,-21.5,-45,NASA POWER MERRA-2 PRECTOTCORR
2006-03-15,8.95,coffee-minas-south,coffee,-21.5,-45,NASA POWER MERRA-2 PRECTOTCORR
2006-03-16,6.49,coffee-minas-south,coffee,-21.5,-45,NASA POWER MERRA-2 PRECTOTCORR
2006-03-17,0.82,coffee-minas-south,coffee,-21.5,-45,NASA POWER MERRA-2 PRECTOTCORR
2006-03-18,10.27,coffee-minas-south,coffee,-21.5,-45,NASA POWER MERRA-2 PRECTOTCORR
2006-03-19,1.72,coffee-minas-south,coffee,-21.5,-45,NASA POWER MERRA-2 PRECTOTCORR
2006-03-20,12.63,coffee-minas-south,coffee,-21.5,-45,NASA POWER MERRA-2 PRECTOTCORR
2006-03-21,1.38,coffee-minas-south,coffee,-21.5,-45,NASA POWER MERRA-2 PRECTOTCORR
2006-03-22,2.09,coffee-minas-south,coffee,-21.5,-45,NASA POWER MERRA-2 PRECTOTCORR
2006-03-23,0.29,coffee-minas-south,coffee,-21.5,-45,NASA POWER MERRA-2 PRECTOTCORR
2006-03-24,6.79,coffee-minas-south,coffee,-21.5,-45,NASA POWER MERRA-2 PRECTOTCORR
2006-03-25,4,coffee-minas-south,coffee,-21.5,-45,NASA POWER MERRA-2 PRECTOTCORR
2006-03-26,1.46,coffee-minas-south,coffee,-21.5,-45,NASA POWER MERRA-2 PRECTOTCORR
2006-03-27,0.11,coffee-minas-south,coffee,-21.5,-45,NASA POWER MERRA-2 PRECTOTCORR
2006-03-28,0.1,coffee-minas-south,coffee,-21.5,-45,NASA POWER MERRA-2 PRECTOTCORR
2006-03-29,3.26,coffee-minas-south,coffee,-21.5,-45,NASA POWER MERRA-2 PRECTOTCORR
2006-03-30,2.94,coffee-minas-south,coffee,-21.5,-45,NASA POWER MERRA-2 PRECTOTCORR
2006-03-31,0.24,coffee-minas-south,coffee,-21.5,-45,NASA POWER MERRA-2 PRECTOTCORR
2006-04-01,0.04,coffee-minas-south,coffee,-21.5,-45,NASA POWER MERRA-2 PRECTOTCORR
2006-04-02,0.23,coffee-minas-south,coffee,-21.5,-45,NASA POWER MERRA-2 PRECTOTCORR
2006-04-03,0.37,coffee-minas-south,coffee,-21.5,-45,NASA POWER MERRA-2 PRECTOTCORR
2006-04-04,0.04,coffee-minas-south,coffee,-21.5,-45,NASA POWER MERRA-2 PRECTOTCORR
2006-04-05,0,coffee-minas-south,coffee,-21.5,-45,NASA POWER MERRA-2 PRECTOTCORR
2006-04-06,1.15,coffee-minas-south,coffee,-21.5,-45,NASA POWER MERRA-2 PRECTOTCORR
2006-04-07,0.39,coffee-minas-south,coffee,-21.5,-45,NASA POWER MERRA-2 PRECTOTCORR
2006-04-08,3.03,coffee-minas-south,coffee,-21.5,-45,NASA POWER MERRA-2 PRECTOTCORR
2006-04-09,9.16,coffee-minas-south,coffee,-21.5,-45,NASA POWER MERRA-2 PRECTOTCORR
2006-04-10,1.07,coffee-minas-south,coffee,-21.5,-45,NASA POWER MERRA-2 PRECTOTCORR
2006-04-11,0.84,coffee-minas-south,coffee,-21.5,-45,NASA POWER MERRA-2 PRECTOTCORR
2006-04-12,0.45,coffee-minas-south,coffee,-21.5,-45,NASA POWER MERRA-2 PRECTOTCORR
2006-04-13,0,coffee-minas-south,coffee,-21.5,-45,NASA POWER MERRA-2 PRECTOTCORR
2006-04-14,0.01,coffee-minas-south,coffee,-21.5,-45,NASA POWER MERRA-2 PRECTOTCORR
2006-04-15,0,coffee-minas-south,coffee,-21.5,-45,NASA POWER MERRA-2 PRECTOTCORR
2006-04-16,0.35,coffee-minas-south,coffee,-21.5,-45,NASA POWER MERRA-2 PRECTOTCORR
2006-04-17,1.48,coffee-minas-south,coffee,-21.5,-45,NASA POWER MERRA-2 PRECTOTCORR
2006-04-18,5.06,coffee-minas-south,coffee,-21.5,-45,NASA POWER MERRA-2 PRECTOTCORR
2006-04-19,2.79,coffee-minas-south,coffee,-21.5,-45,NASA POWER MERRA-2 PRECTOTCORR
2006-04-20,0.04,coffee-minas-south,coffee,-21.5,-45,NASA POWER MERRA-2 PRECTOTCORR
2006-04-21,0.06,coffee-minas-south,coffee,-21.5,-45,NASA POWER MERRA-2 PRECTOTCORR
2006-04-22,0,coffee-minas-south,coffee,-21.5,-45,NASA POWER MERRA-2 PRECTOTCORR
2006-04-23,0.23,coffee-minas-south,coffee,-21.5,-45,NASA POWER MERRA-2 PRECTOTCORR
2006-04-24,0.17,coffee-minas-south,coffee,-21.5,-45,NASA POWER MERRA-2 PRECTOTCORR
2006-04-25,0,coffee-minas-south,coffee,-21.5,-45,NASA POWER MERRA-2 PRECTOTCORR
2006-04-26,0.27,coffee-minas-south,coffee,-21.5,-45,NASA POWER MERRA-2 PRECTOTCORR
2006-04-27,0.07,coffee-minas-south,coffee,-21.5,-45,NASA POWER MERRA-2 PRECTOTCORR
2006-04-28,0,coffee-minas-south,coffee,-21.5,-45,NASA POWER MERRA-2 PRECTOTCORR
2006-04-29,0,coffee-minas-south,coffee,-21.5,-45,NASA POWER MERRA-2 PRECTOTCORR
2006-04-30,0,coffee-minas-south,coffee,-21.5,-45,NASA POWER MERRA-2 PRECTOTCORR
2006-05-01,0.08,coffee-minas-south,coffee,-21.5,-45,NASA POWER MERRA-2 PRECTOTCORR
2006-05-02,1.19,coffee-minas-south,coffee,-21.5,-45,NASA POWER MERRA-2 PRECTOTCORR
2006-05-03,0.03,coffee-minas-south,coffee,-21.5,-45,NASA POWER MERRA-2 PRECTOTCORR
2006-05-04,0,coffee-minas-south,coffee,-21.5,-45,NASA POWER MERRA-2 PRECTOTCORR
2006-05-05,0,coffee-minas-south,coffee,-21.5,-45,NASA POWER MERRA-2 PRECTOTCORR
2006-05-06,0,coffee-minas-south,coffee,-21.5,-45,NASA POWER MERRA-2 PRECTOTCORR
2006-05-07,0,coffee-minas-south,coffee,-21.5,-45,NASA POWER MERRA-2 PRECTOTCORR
2006-05-08,2.83,coffee-minas-south,coffee,-21.5,-45,NASA POWER MERRA-2 PRECTOTCORR
2006-05-09,0.5,coffee-minas-south,coffee,-21.5,-45,NASA POWER MERRA-2 PRECTOTCORR
2006-05-10,15,coffee-minas-south,coffee,-21.5,-45,NASA POWER MERRA-2 PRECTOTCORR
2006-05-11,0.22,coffee-minas-south,coffee,-21.5,-45,NASA POWER MERRA-2 PRECTOTCORR
2006-05-12,0.04,coffee-minas-south,coffee,-21.5,-45,NASA POWER MERRA-2 PRECTOTCORR
2006-05-13,0.01,coffee-minas-south,coffee,-21.5,-45,NASA POWER MERRA-2 PRECTOTCORR
2006-05-14,0.01,coffee-minas-south,coffee,-21.5,-45,NASA POWER MERRA-2 PRECTOTCORR
2006-05-15,0,coffee-minas-south,coffee,-21.5,-45,NASA POWER MERRA-2 PRECTOTCORR
2006-05-16,0,coffee-minas-south,coffee,-21.5,-45,NASA POWER MERRA-2 PRECTOTCORR
2006-05-17,0,coffee-minas-south,coffee,-21.5,-45,NASA POWER MERRA-2 PRECTOTCORR
2006-05-18,0,coffee-minas-south,coffee,-21.5,-45,NASA POWER MERRA-2 PRECTOTCORR
2006-05-19,0,coffee-minas-south,coffee,-21.5,-45,NASA POWER MERRA-2 PRECTOTCORR
2006-05-20,0,coffee-minas-south,coffee,-21.5,-45,NASA POWER MERRA-2 PRECTOTCORR
2006-05-21,0,coffee-minas-south,coffee,-21.5,-45,NASA POWER MERRA-2 PRECTOTCORR
2006-05-22,1.22,coffee-minas-south,coffee,-21.5,-45,NASA POWER MERRA-2 PRECTOTCORR
2006-05-23,3.7,coffee-minas-south,coffee,-21.5,-45,NASA POWER MERRA-2 PRECTOTCORR
2006-05-24,1.21,coffee-minas-south,coffee,-21.5,-45,NASA POWER MERRA-2 PRECTOTCORR
2006-05-25,0.22,coffee-minas-south,coffee,-21.5,-45,NASA POWER MERRA-2 PRECTOTCORR
2006-05-26,0,coffee-minas-south,coffee,-21.5,-45,NASA POWER MERRA-2 PRECTOTCORR
2006-05-27,0,coffee-minas-south,coffee,-21.5,-45,NASA POWER MERRA-2 PRECTOTCORR
2006-05-28,0.06,coffee-minas-south,coffee,-21.5,-45,NASA POWER MERRA-2 PRECTOTCORR
2006-05-29,0,coffee-minas-south,coffee,-21.5,-45,NASA POWER MERRA-2 PRECTOTCORR
2006-05-30,0,coffee-minas-south,coffee,-21.5,-45,NASA POWER MERRA-2 PRECTOTCORR
2006-05-31,0,coffee-minas-south,coffee,-21.5,-45,NASA POWER MERRA-2 PRECTOTCORR
2006-06-01,0,coffee-minas-south,coffee,-21.5,-45,NASA POWER MERRA-2 PRECTOTCORR
2006-06-02,0,coffee-minas-south,coffee,-21.5,-45,NASA POWER MERRA-2 PRECTOTCORR
2006-06-03,0,coffee-minas-south,coffee,-21.5,-45,NASA POWER MERRA-2 PRECTOTCORR
2006-06-04,0,coffee-minas-south,coffee,-21.5,-45,NASA POWER MERRA-2 PRECTOTCORR
2006-06-05,0,coffee-minas-south,coffee,-21.5,-45,NASA POWER MERRA-2 PRECTOTCORR
2006-06-06,0,coffee-minas-south,coffee,-21.5,-45,NASA POWER MERRA-2 PRECTOTCORR
2006-06-07,0.01,coffee-minas-south,coffee,-21.5,-45,NASA POWER MERRA-2 PRECTOTCORR
2006-06-08,0,coffee-minas-south,coffee,-21.5,-45,NASA POWER MERRA-2 PRECTOTCORR
2006-06-09,0,coffee-minas-south,coffee,-21.5,-45,NASA POWER MERRA-2 PRECTOTCORR
2006-06-10,0,coffee-minas-south,coffee,-21.5,-45,NASA POWER MERRA-2 PRECTOTCORR
2006-06-11,0.13,coffee-minas-south,coffee,-21.5,-45,NASA POWER MERRA-2 PRECTOTCORR
2006-06-12,0.16,coffee-minas-south,coffee,-21.5,-45,NASA POWER MERRA-2 PRECTOTCORR
2006-06-13,0.01,coffee-minas-south,coffee,-21.5,-45,NASA POWER MERRA-2 PRECTOTCORR
2006-06-14,0,coffee-minas-south,coffee,-21.5,-45,NASA POWER MERRA-2 PRECTOTCORR
2006-06-15,0,coffee-minas-south,coffee,-21.5,-45,NASA POWER MERRA-2 PRECTOTCORR
2006-06-16,0,coffee-minas-south,coffee,-21.5,-45,NASA POWER MERRA-2 PRECTOTCORR
2006-06-17,0,coffee-minas-south,coffee,-21.5,-45,NASA POWER MERRA-2 PRECTOTCORR
2006-06-18,0,coffee-minas-south,coffee,-21.5,-45,NASA POWER MERRA-2 PRECTOTCORR
2006-06-19,0,coffee-minas-south,coffee,-21.5,-45,NASA POWER MERRA-2 PRECTOTCORR
2006-06-20,0,coffee-minas-south,coffee,-21.5,-45,NASA POWER MERRA-2 PRECTOTCORR
2006-06-21,0,coffee-minas-south,coffee,-21.5,-45,NASA POWER MERRA-2 PRECTOTCORR
2006-06-22,0.01,coffee-minas-south,coffee,-21.5,-45,NASA POWER MERRA-2 PRECTOTCORR
2006-06-23,0.02,coffee-minas-south,coffee,-21.5,-45,NASA POWER MERRA-2 PRECTOTCORR
2006-06-24,0,coffee-minas-south,coffee,-21.5,-45,NASA POWER MERRA-2 PRECTOTCORR
2006-06-25,0.31,coffee-minas-south,coffee,-21.5,-45,NASA POWER MERRA-2 PRECTOTCORR
2006-06-26,8.1,coffee-minas-south,coffee,-21.5,-45,NASA POWER MERRA-2 PRECTOTCORR
2006-06-27,0.31,coffee-minas-south,coffee,-21.5,-45,NASA POWER MERRA-2 PRECTOTCORR
2006-06-28,0,coffee-minas-south,coffee,-21.5,-45,NASA POWER MERRA-2 PRECTOTCORR
2006-06-29,1.57,coffee-minas-south,coffee,-21.5,-45,NASA POWER MERRA-2 PRECTOTCORR
2006-06-30,0.09,coffee-minas-south,coffee,-21.5,-45,NASA POWER MERRA-2 PRECTOTCORR
2006-07-01,0,coffee-minas-south,coffee,-21.5,-45,NASA POWER MERRA-2 PRECTOTCORR
2006-07-02,0.43,coffee-minas-south,coffee,-21.5,-45,NASA POWER MERRA-2 PRECTOTCORR
2006-07-03,0.04,coffee-minas-south,coffee,-21.5,-45,NASA POWER MERRA-2 PRECTOTCORR
2006-07-04,0.01,coffee-minas-south,coffee,-21.5,-45,NASA POWER MERRA-2 PRECTOTCORR
2006-07-05,0,coffee-minas-south,coffee,-21.5,-45,NASA POWER MERRA-2 PRECTOTCORR
2006-07-06,0,coffee-minas-south,coffee,-21.5,-45,NASA POWER MERRA-2 PRECTOTCORR
2006-07-07,0,coffee-minas-south,coffee,-21.5,-45,NASA POWER MERRA-2 PRECTOTCORR
2006-07-08,0,coffee-minas-south,coffee,-21.5,-45,NASA POWER MERRA-2 PRECTOTCORR
2006-07-09,0,coffee-minas-south,coffee,-21.5,-45,NASA POWER MERRA-2 PRECTOTCORR
2006-07-10,0,coffee-minas-south,coffee,-21.5,-45,NASA POWER MERRA-2 PRECTOTCORR
2006-07-11,1.36,coffee-minas-south,coffee,-21.5,-45,NASA POWER MERRA-2 PRECTOTCORR
2006-07-12,0,coffee-minas-south,coffee,-21.5,-45,NASA POWER MERRA-2 PRECTOTCORR
2006-07-13,0,coffee-minas-south,coffee,-21.5,-45,NASA POWER MERRA-2 PRECTOTCORR
2006-07-14,0,coffee-minas-south,coffee,-21.5,-45,NASA POWER MERRA-2 PRECTOTCORR
2006-07-15,0,coffee-minas-south,coffee,-21.5,-45,NASA POWER MERRA-2 PRECTOTCORR
2006-07-16,0,coffee-minas-south,coffee,-21.5,-45,NASA POWER MERRA-2 PRECTOTCORR
2006-07-17,0,coffee-minas-south,coffee,-21.5,-45,NASA POWER MERRA-2 PRECTOTCORR
2006-07-18,0,coffee-minas-south,coffee,-21.5,-45,NASA POWER MERRA-2 PRECTOTCORR
2006-07-19,0,coffee-minas-south,coffee,-21.5,-45,NASA POWER MERRA-2 PRECTOTCORR
2006-07-20,0.13,coffee-minas-south,coffee,-21.5,-45,NASA POWER MERRA-2 PRECTOTCORR
2006-07-21,0,coffee-minas-south,coffee,-21.5,-45,NASA POWER MERRA-2 PRECTOTCORR
2006-07-22,0,coffee-minas-south,coffee,-21.5,-45,NASA POWER MERRA-2 PRECTOTCORR
2006-07-23,0,coffee-minas-south,coffee,-21.5,-45,NASA POWER MERRA-2 PRECTOTCORR
2006-07-24,0,coffee-minas-south,coffee,-21.5,-45,NASA POWER MERRA-2 PRECTOTCORR
2006-07-25,0,coffee-minas-south,coffee,-21.5,-45,NASA POWER MERRA-2 PRECTOTCORR
2006-07-26,0,coffee-minas-south,coffee,-21.5,-45,NASA POWER MERRA-2 PRECTOTCORR
2006-07-27,0,coffee-minas-south,coffee,-21.5,-45,NASA POWER MERRA-2 PRECTOTCORR
2006-07-28,0.11,coffee-minas-south,coffee,-21.5,-45,NASA POWER MERRA-2 PRECTOTCORR
2006-07-29,2.12,coffee-minas-south,coffee,-21.5,-45,NASA POWER MERRA-2 PRECTOTCORR
2006-07-30,3.73,coffee-minas-south,coffee,-21.5,-45,NASA POWER MERRA-2 PRECTOTCORR
2006-07-31,2.22,coffee-minas-south,coffee,-21.5,-45,NASA POWER MERRA-2 PRECTOTCORR
2006-08-01,1.78,coffee-minas-south,coffee,-21.5,-45,NASA POWER MERRA-2 PRECTOTCORR
2006-08-02,0.58,coffee-minas-south,coffee,-21.5,-45,NASA POWER MERRA-2 PRECTOTCORR
2006-08-03,0.16,coffee-minas-south,coffee,-21.5,-45,NASA POWER MERRA-2 PRECTOTCORR
2006-08-04,0.04,coffee-minas-south,coffee,-21.5,-45,NASA POWER MERRA-2 PRECTOTCORR
2006-08-05,0.45,coffee-minas-south,coffee,-21.5,-45,NASA POWER MERRA-2 PRECTOTCORR
2006-08-06,0,coffee-minas-south,coffee,-21.5,-45,NASA POWER MERRA-2 PRECTOTCORR
2006-08-07,0,coffee-minas-south,coffee,-21.5,-45,NASA POWER MERRA-2 PRECTOTCORR
2006-08-08,0,coffee-minas-south,coffee,-21.5,-45,NASA POWER MERRA-2 PRECTOTCORR
2006-08-09,0,coffee-minas-south,coffee,-21.5,-45,NASA POWER MERRA-2 PRECTOTCORR
2006-08-10,0,coffee-minas-south,coffee,-21.5,-45,NASA POWER MERRA-2 PRECTOTCORR
2006-08-11,0,coffee-minas-south,coffee,-21.5,-45,NASA POWER MERRA-2 PRECTOTCORR
2006-08-12,0,coffee-minas-south,coffee,-21.5,-45,NASA POWER MERRA-2 PRECTOTCORR
2006-08-13,0,coffee-minas-south,coffee,-21.5,-45,NASA POWER MERRA-2 PRECTOTCORR
2006-08-14,0,coffee-minas-south,coffee,-21.5,-45,NASA POWER MERRA-2 PRECTOTCORR
2006-08-15,0,coffee-minas-south,coffee,-21.5,-45,NASA POWER MERRA-2 PRECTOTCORR
2006-08-16,0,coffee-minas-south,coffee,-21.5,-45,NASA POWER MERRA-2 PRECTOTCORR
2006-08-17,0,coffee-minas-south,coffee,-21.5,-45,NASA POWER MERRA-2 PRECTOTCORR
2006-08-18,0,coffee-minas-south,coffee,-21.5,-45,NASA POWER MERRA-2 PRECTOTCORR
2006-08-19,2.04,coffee-minas-south,coffee,-21.5,-45,NASA POWER MERRA-2 PRECTOTCORR
2006-08-20,2.84,coffee-minas-south,coffee,-21.5,-45,NASA POWER MERRA-2 PRECTOTCORR
2006-08-21,0.11,coffee-minas-south,coffee,-21.5,-45,NASA POWER MERRA-2 PRECTOTCORR
2006-08-22,0,coffee-minas-south,coffee,-21.5,-45,NASA POWER MERRA-2 PRECTOTCORR
2006-08-23,0,coffee-minas-south,coffee,-21.5,-45,NASA POWER MERRA-2 PRECTOTCORR
2006-08-24,0,coffee-minas-south,coffee,-21.5,-45,NASA POWER MERRA-2 PRECTOTCORR
2006-08-25,0,coffee-minas-south,coffee,-21.5,-45,NASA POWER MERRA-2 PRECTOTCORR
2006-08-26,0.04,coffee-minas-south,coffee,-21.5,-45,NASA POWER MERRA-2 PRECTOTCORR
2006-08-27,6.17,coffee-minas-south,coffee,-21.5,-45,NASA POWER MERRA-2 PRECTOTCORR
2006-08-28,3.85,coffee-minas-south,coffee,-21.5,-45,NASA POWER MERRA-2 PRECTOTCORR
2006-08-29,0.38,coffee-minas-south,coffee,-21.5,-45,NASA POWER MERRA-2 PRECTOTCORR
2006-08-30,0.05,coffee-minas-south,coffee,-21.5,-45,NASA POWER MERRA-2 PRECTOTCORR
2006-08-31,0.01,coffee-minas-south,coffee,-21.5,-45,NASA POWER MERRA-2 PRECTOTCORR
2006-09-01,8.69,coffee-minas-south,coffee,-21.5,-45,NASA POWER MERRA-2 PRECTOTCORR
2006-09-02,2.84,coffee-minas-south,coffee,-21.5,-45,NASA POWER MERRA-2 PRECTOTCORR
2006-09-03,2.95,coffee-minas-south,coffee,-21.5,-45,NASA POWER MERRA-2 PRECTOTCORR
2006-09-04,1.34,coffee-minas-south,coffee,-21.5,-45,NASA POWER MERRA-2 PRECTOTCORR
2006-09-05,0.13,coffee-minas-south,coffee,-21.5,-45,NASA POWER MERRA-2 PRECTOTCORR
2006-09-06,0.01,coffee-minas-south,coffee,-21.5,-45,NASA POWER MERRA-2 PRECTOTCORR
2006-09-07,0.02,coffee-minas-south,coffee,-21.5,-45,NASA POWER MERRA-2 PRECTOTCORR
2006-09-08,0,coffee-minas-south,coffee,-21.5,-45,NASA POWER MERRA-2 PRECTOTCORR
2006-09-09,0,coffee-minas-south,coffee,-21.5,-45,NASA POWER MERRA-2 PRECTOTCORR
2006-09-10,0.13,coffee-minas-south,coffee,-21.5,-45,NASA POWER MERRA-2 PRECTOTCORR
2006-09-11,0,coffee-minas-south,coffee,-21.5,-45,NASA POWER MERRA-2 PRECTOTCORR
2006-09-12,0.11,coffee-minas-south,coffee,-21.5,-45,NASA POWER MERRA-2 PRECTOTCORR
2006-09-13,0.11,coffee-minas-south,coffee,-21.5,-45,NASA POWER MERRA-2 PRECTOTCORR
2006-09-14,0.18,coffee-minas-south,coffee,-21.5,-45,NASA POWER MERRA-2 PRECTOTCORR
2006-09-15,0.14,coffee-minas-south,coffee,-21.5,-45,NASA POWER MERRA-2 PRECTOTCORR
2006-09-16,0.3,coffee-minas-south,coffee,-21.5,-45,NASA POWER MERRA-2 PRECTOTCORR
2006-09-17,4.75,coffee-minas-south,coffee,-21.5,-45,NASA POWER MERRA-2 PRECTOTCORR
2006-09-18,5.36,coffee-minas-south,coffee,-21.5,-45,NASA POWER MERRA-2 PRECTOTCORR
2006-09-19,0.17,coffee-minas-south,coffee,-21.5,-45,NASA POWER MERRA-2 PRECTOTCORR
2006-09-20,25.25,coffee-minas-south,coffee,-21.5,-45,NASA POWER MERRA-2 PRECTOTCORR
2006-09-21,4.02,coffee-minas-south,coffee,-21.5,-45,NASA POWER MERRA-2 PRECTOTCORR
2006-09-22,0.54,coffee-minas-south,coffee,-21.5,-45,NASA POWER MERRA-2 PRECTOTCORR
2006-09-23,5.31,coffee-minas-south,coffee,-21.5,-45,NASA POWER MERRA-2 PRECTOTCORR
2006-09-24,2.76,coffee-minas-south,coffee,-21.5,-45,NASA POWER MERRA-2 PRECTOTCORR
2006-09-25,0.09,coffee-minas-south,coffee,-21.5,-45,NASA POWER MERRA-2 PRECTOTCORR
2006-09-26,0.29,coffee-minas-south,coffee,-21.5,-45,NASA POWER MERRA-2 PRECTOTCORR
2006-09-27,0.09,coffee-minas-south,coffee,-21.5,-45,NASA POWER MERRA-2 PRECTOTCORR
2006-09-28,0,coffee-minas-south,coffee,-21.5,-45,NASA POWER MERRA-2 PRECTOTCORR
2006-09-29,0.16,coffee-minas-south,coffee,-21.5,-45,NASA POWER MERRA-2 PRECTOTCORR
2006-09-30,1.13,coffee-minas-south,coffee,-21.5,-45,NASA POWER MERRA-2 PRECTOTCORR
2006-10-01,3.79,coffee-minas-south,coffee,-21.5,-45,NASA POWER MERRA-2 PRECTOTCORR
2006-10-02,5.82,coffee-minas-south,coffee,-21.5,-45,NASA POWER MERRA-2 PRECTOTCORR
2006-10-03,8.62,coffee-minas-south,coffee,-21.5,-45,NASA POWER MERRA-2 PRECTOTCORR
2006-10-04,2.91,coffee-minas-south,coffee,-21.5,-45,NASA POWER MERRA-2 PRECTOTCORR
2006-10-05,1.85,coffee-minas-south,coffee,-21.5,-45,NASA POWER MERRA-2 PRECTOTCORR
2006-10-06,22.35,coffee-minas-south,coffee,-21.5,-45,NASA POWER MERRA-2 PRECTOTCORR
2006-10-07,10.3,coffee-minas-south,coffee,-21.5,-45,NASA POWER MERRA-2 PRECTOTCORR
2006-10-08,1.37,coffee-minas-south,coffee,-21.5,-45,NASA POWER MERRA-2 PRECTOTCORR
2006-10-09,1.07,coffee-minas-south,coffee,-21.5,-45,NASA POWER MERRA-2 PRECTOTCORR
2006-10-10,0.82,coffee-minas-south,coffee,-21.5,-45,NASA POWER MERRA-2 PRECTOTCORR
2006-10-11,1.08,coffee-minas-south,coffee,-21.5,-45,NASA POWER MERRA-2 PRECTOTCORR
2006-10-12,7.35,coffee-minas-south,coffee,-21.5,-45,NASA POWER MERRA-2 PRECTOTCORR
2006-10-13,7.25,coffee-minas-south,coffee,-21.5,-45,NASA POWER MERRA-2 PRECTOTCORR
2006-10-14,0.23,coffee-minas-south,coffee,-21.5,-45,NASA POWER MERRA-2 PRECTOTCORR
2006-10-15,0.23,coffee-minas-south,coffee,-21.5,-45,NASA POWER MERRA-2 PRECTOTCORR
2006-10-16,2.65,coffee-minas-south,coffee,-21.5,-45,NASA POWER MERRA-2 PRECTOTCORR
2006-10-17,2.72,coffee-minas-south,coffee,-21.5,-45,NASA POWER MERRA-2 PRECTOTCORR
2006-10-18,3.55,coffee-minas-south,coffee,-21.5,-45,NASA POWER MERRA-2 PRECTOTCORR
2006-10-19,15.09,coffee-minas-south,coffee,-21.5,-45,NASA POWER MERRA-2 PRECTOTCORR
2006-10-20,0.9,coffee-minas-south,coffee,-21.5,-45,NASA POWER MERRA-2 PRECTOTCORR
2006-10-21,0.02,coffee-minas-south,coffee,-21.5,-45,NASA POWER MERRA-2 PRECTOTCORR
2006-10-22,0.85,coffee-minas-south,coffee,-21.5,-45,NASA POWER MERRA-2 PRECTOTCORR
2006-10-23,0.16,coffee-minas-south,coffee,-21.5,-45,NASA POWER MERRA-2 PRECTOTCORR
2006-10-24,0.02,coffee-minas-south,coffee,-21.5,-45,NASA POWER MERRA-2 PRECTOTCORR
2006-10-25,0.09,coffee-minas-south,coffee,-21.5,-45,NASA POWER MERRA-2 PRECTOTCORR
2006-10-26,0.03,coffee-minas-south,coffee,-21.5,-45,NASA POWER MERRA-2 PRECTOTCORR
2006-10-27,1.52,coffee-minas-south,coffee,-21.5,-45,NASA POWER MERRA-2 PRECTOTCORR
2006-10-28,0.19,coffee-minas-south,coffee,-21.5,-45,NASA POWER MERRA-2 PRECTOTCORR
2006-10-29,0,coffee-minas-south,coffee,-21.5,-45,NASA POWER MERRA-2 PRECTOTCORR
2006-10-30,0,coffee-minas-south,coffee,-21.5,-45,NASA POWER MERRA-2 PRECTOTCORR
2006-10-31,2.2,coffee-minas-south,coffee,-21.5,-45,NASA POWER MERRA-2 PRECTOTCORR
2006-11-01,8.26,coffee-minas-south,coffee,-21.5,-45,NASA POWER MERRA-2 PRECTOTCORR
2006-11-02,22.35,coffee-minas-south,coffee,-21.5,-45,NASA POWER MERRA-2 PRECTOTCORR
2006-11-03,11.59,coffee-minas-south,coffee,-21.5,-45,NASA POWER MERRA-2 PRECTOTCORR
2006-11-04,6.17,coffee-minas-south,coffee,-21.5,-45,NASA POWER MERRA-2 PRECTOTCORR
2006-11-05,0.07,coffee-minas-south,coffee,-21.5,-45,NASA POWER MERRA-2 PRECTOTCORR
2006-11-06,1.69,coffee-minas-south,coffee,-21.5,-45,NASA POWER MERRA-2 PRECTOTCORR
2006-11-07,1.39,coffee-minas-south,coffee,-21.5,-45,NASA POWER MERRA-2 PRECTOTCORR
2006-11-08,0.21,coffee-minas-south,coffee,-21.5,-45,NASA POWER MERRA-2 PRECTOTCORR
2006-11-09,3.71,coffee-minas-south,coffee,-21.5,-45,NASA POWER MERRA-2 PRECTOTCORR
2006-11-10,11.45,coffee-minas-south,coffee,-21.5,-45,NASA POWER MERRA-2 PRECTOTCORR
2006-11-11,6.65,coffee-minas-south,coffee,-21.5,-45,NASA POWER MERRA-2 PRECTOTCORR
2006-11-12,7.54,coffee-minas-south,coffee,-21.5,-45,NASA POWER MERRA-2 PRECTOTCORR
2006-11-13,14.13,coffee-minas-south,coffee,-21.5,-45,NASA POWER MERRA-2 PRECTOTCORR
2006-11-14,9.48,coffee-minas-south,coffee,-21.5,-45,NASA POWER MERRA-2 PRECTOTCORR
2006-11-15,1.14,coffee-minas-south,coffee,-21.5,-45,NASA POWER MERRA-2 PRECTOTCORR
2006-11-16,1.61,coffee-minas-south,coffee,-21.5,-45,NASA POWER MERRA-2 PRECTOTCORR
2006-11-17,0.33,coffee-minas-south,coffee,-21.5,-45,NASA POWER MERRA-2 PRECTOTCORR
2006-11-18,1.49,coffee-minas-south,coffee,-21.5,-45,NASA POWER MERRA-2 PRECTOTCORR
2006-11-19,21.25,coffee-minas-south,coffee,-21.5,-45,NASA POWER MERRA-2 PRECTOTCORR
2006-11-20,7.49,coffee-minas-south,coffee,-21.5,-45,NASA POWER MERRA-2 PRECTOTCORR
2006-11-21,1.52,coffee-minas-south,coffee,-21.5,-45,NASA POWER MERRA-2 PRECTOTCORR
2006-11-22,0.57,coffee-minas-south,coffee,-21.5,-45,NASA POWER MERRA-2 PRECTOTCORR
2006-11-23,0.81,coffee-minas-south,coffee,-21.5,-45,NASA POWER MERRA-2 PRECTOTCORR
2006-11-24,0.82,coffee-minas-south,coffee,-21.5,-45,NASA POWER MERRA-2 PRECTOTCORR
2006-11-25,21.79,coffee-minas-south,coffee,-21.5,-45,NASA POWER MERRA-2 PRECTOTCORR
2006-11-26,8.15,coffee-minas-south,coffee,-21.5,-45,NASA POWER MERRA-2 PRECTOTCORR
2006-11-27,15.53,coffee-minas-south,coffee,-21.5,-45,NASA POWER MERRA-2 PRECTOTCORR
2006-11-28,9.39,coffee-minas-south,coffee,-21.5,-45,NASA POWER MERRA-2 PRECTOTCORR
2006-11-29,6.02,coffee-minas-south,coffee,-21.5,-45,NASA POWER MERRA-2 PRECTOTCORR
2006-11-30,12.85,coffee-minas-south,coffee,-21.5,-45,NASA POWER MERRA-2 PRECTOTCORR
2006-12-01,0.3,coffee-minas-south,coffee,-21.5,-45,NASA POWER MERRA-2 PRECTOTCORR
2006-12-02,0.04,coffee-minas-south,coffee,-21.5,-45,NASA POWER MERRA-2 PRECTOTCORR
2006-12-03,0.06,coffee-minas-south,coffee,-21.5,-45,NASA POWER MERRA-2 PRECTOTCORR
2006-12-04,11.22,coffee-minas-south,coffee,-21.5,-45,NASA POWER MERRA-2 PRECTOTCORR
2006-12-05,9.04,coffee-minas-south,coffee,-21.5,-45,NASA POWER MERRA-2 PRECTOTCORR
2006-12-06,1.88,coffee-minas-south,coffee,-21.5,-45,NASA POWER MERRA-2 PRECTOTCORR
2006-12-07,2.83,coffee-minas-south,coffee,-21.5,-45,NASA POWER MERRA-2 PRECTOTCORR
2006-12-08,2.62,coffee-minas-south,coffee,-21.5,-45,NASA POWER MERRA-2 PRECTOTCORR
2006-12-09,5.98,coffee-minas-south,coffee,-21.5,-45,NASA POWER MERRA-2 PRECTOTCORR
2006-12-10,4.86,coffee-minas-south,coffee,-21.5,-45,NASA POWER MERRA-2 PRECTOTCORR
2006-12-11,4.31,coffee-minas-south,coffee,-21.5,-45,NASA POWER MERRA-2 PRECTOTCORR
2006-12-12,0.57,coffee-minas-south,coffee,-21.5,-45,NASA POWER MERRA-2 PRECTOTCORR
2006-12-13,7.86,coffee-minas-south,coffee,-21.5,-45,NASA POWER MERRA-2 PRECTOTCORR
2006-12-14,21.28,coffee-minas-south,coffee,-21.5,-45,NASA POWER MERRA-2 PRECTOTCORR
2006-12-15,35.51,coffee-minas-south,coffee,-21.5,-45,NASA POWER MERRA-2 PRECTOTCORR
2006-12-16,12.86,coffee-minas-south,coffee,-21.5,-45,NASA POWER MERRA-2 PRECTOTCORR
2006-12-17,0.92,coffee-minas-south,coffee,-21.5,-45,NASA POWER MERRA-2 PRECTOTCORR
2006-12-18,2.62,coffee-minas-south,coffee,-21.5,-45,NASA POWER MERRA-2 PRECTOTCORR
2006-12-19,0.62,coffee-minas-south,coffee,-21.5,-45,NASA POWER MERRA-2 PRECTOTCORR
2006-12-20,7.91,coffee-minas-south,coffee,-21.5,-45,NASA POWER MERRA-2 PRECTOTCORR
2006-12-21,5.27,coffee-minas-south,coffee,-21.5,-45,NASA POWER MERRA-2 PRECTOTCORR
2006-12-22,2.26,coffee-minas-south,coffee,-21.5,-45,NASA POWER MERRA-2 PRECTOTCORR
2006-12-23,13.49,coffee-minas-south,coffee,-21.5,-45,NASA POWER MERRA-2 PRECTOTCORR
2006-12-24,19.43,coffee-minas-south,coffee,-21.5,-45,NASA POWER MERRA-2 PRECTOTCORR
2006-12-25,7.61,coffee-minas-south,coffee,-21.5,-45,NASA POWER MERRA-2 PRECTOTCORR
2006-12-26,3.38,coffee-minas-south,coffee,-21.5,-45,NASA POWER MERRA-2 PRECTOTCORR
2006-12-27,10.29,coffee-minas-south,coffee,-21.5,-45,NASA POWER MERRA-2 PRECTOTCORR
2006-12-28,3,coffee-minas-south,coffee,-21.5,-45,NASA POWER MERRA-2 PRECTOTCORR
2006-12-29,0.9,coffee-minas-south,coffee,-21.5,-45,NASA POWER MERRA-2 PRECTOTCORR
2006-12-30,10.94,coffee-minas-south,coffee,-21.5,-45,NASA POWER MERRA-2 PRECTOTCORR
2006-12-31,21.72,coffee-minas-south,coffee,-21.5,-45,NASA POWER MERRA-2 PRECTOTCORR
2007-01-01,26.84,coffee-minas-south,coffee,-21.5,-45,NASA POWER MERRA-2 PRECTOTCORR
2007-01-02,13.32,coffee-minas-south,coffee,-21.5,-45,NASA POWER MERRA-2 PRECTOTCORR
2007-01-03,15.29,coffee-minas-south,coffee,-21.5,-45,NASA POWER MERRA-2 PRECTOTCORR
2007-01-04,26.66,coffee-minas-south,coffee,-21.5,-45,NASA POWER MERRA-2 PRECTOTCORR
2007-01-05,10.9,coffee-minas-south,coffee,-21.5,-45,NASA POWER MERRA-2 PRECTOTCORR
2007-01-06,6.24,coffee-minas-south,coffee,-21.5,-45,NASA POWER MERRA-2 PRECTOTCORR
2007-01-07,2.1,coffee-minas-south,coffee,-21.5,-45,NASA POWER MERRA-2 PRECTOTCORR
2007-01-08,1.65,coffee-minas-south,coffee,-21.5,-45,NASA POWER MERRA-2 PRECTOTCORR
2007-01-09,8.58,coffee-minas-south,coffee,-21.5,-45,NASA POWER MERRA-2 PRECTOTCORR
2007-01-10,2.55,coffee-minas-south,coffee,-21.5,-45,NASA POWER MERRA-2 PRECTOTCORR
2007-01-11,0.54,coffee-minas-south,coffee,-21.5,-45,NASA POWER MERRA-2 PRECTOTCORR
2007-01-12,1.19,coffee-minas-south,coffee,-21.5,-45,NASA POWER MERRA-2 PRECTOTCORR
2007-01-13,21.66,coffee-minas-south,coffee,-21.5,-45,NASA POWER MERRA-2 PRECTOTCORR
2007-01-14,26.08,coffee-minas-south,coffee,-21.5,-45,NASA POWER MERRA-2 PRECTOTCORR
2007-01-15,26.34,coffee-minas-south,coffee,-21.5,-45,NASA POWER MERRA-2 PRECTOTCORR
2007-01-16,24.71,coffee-minas-south,coffee,-21.5,-45,NASA POWER MERRA-2 PRECTOTCORR
2007-01-17,13.16,coffee-minas-south,coffee,-21.5,-45,NASA POWER MERRA-2 PRECTOTCORR
2007-01-18,15.99,coffee-minas-south,coffee,-21.5,-45,NASA POWER MERRA-2 PRECTOTCORR
2007-01-19,0.78,coffee-minas-south,coffee,-21.5,-45,NASA POWER MERRA-2 PRECTOTCORR
2007-01-20,7.67,coffee-minas-south,coffee,-21.5,-45,NASA POWER MERRA-2 PRECTOTCORR
2007-01-21,18.14,coffee-minas-south,coffee,-21.5,-45,NASA POWER MERRA-2 PRECTOTCORR
2007-01-22,18.7,coffee-minas-south,coffee,-21.5,-45,NASA POWER MERRA-2 PRECTOTCORR
2007-01-23,4.8,coffee-minas-south,coffee,-21.5,-45,NASA POWER MERRA-2 PRECTOTCORR
2007-01-24,14.04,coffee-minas-south,coffee,-21.5,-45,NASA POWER MERRA-2 PRECTOTCORR
2007-01-25,13.62,coffee-minas-south,coffee,-21.5,-45,NASA POWER MERRA-2 PRECTOTCORR
2007-01-26,12.02,coffee-minas-south,coffee,-21.5,-45,NASA POWER MERRA-2 PRECTOTCORR
2007-01-27,17.32,coffee-minas-south,coffee,-21.5,-45,NASA POWER MERRA-2 PRECTOTCORR
2007-01-28,20.53,coffee-minas-south,coffee,-21.5,-45,NASA POWER MERRA-2 PRECTOTCORR
2007-01-29,19.62,coffee-minas-south,coffee,-21.5,-45,NASA POWER MERRA-2 PRECTOTCORR
2007-01-30,12.22,coffee-minas-south,coffee,-21.5,-45,NASA POWER MERRA-2 PRECTOTCORR
2007-01-31,10.12,coffee-minas-south,coffee,-21.5,-45,NASA POWER MERRA-2 PRECTOTCORR
2007-02-01,6.9,coffee-minas-south,coffee,-21.5,-45,NASA POWER MERRA-2 PRECTOTCORR
2007-02-02,7.5,coffee-minas-south,coffee,-21.5,-45,NASA POWER MERRA-2 PRECTOTCORR
2007-02-03,3.35,coffee-minas-south,coffee,-21.5,-45,NASA POWER MERRA-2 PRECTOTCORR
2007-02-04,1.45,coffee-minas-south,coffee,-21.5,-45,NASA POWER MERRA-2 PRECTOTCORR
2007-02-05,6.23,coffee-minas-south,coffee,-21.5,-45,NASA POWER MERRA-2 PRECTOTCORR
2007-02-06,8.67,coffee-minas-south,coffee,-21.5,-45,NASA POWER MERRA-2 PRECTOTCORR
2007-02-07,4.67,coffee-minas-south,coffee,-21.5,-45,NASA POWER MERRA-2 PRECTOTCORR
2007-02-08,1.81,coffee-minas-south,coffee,-21.5,-45,NASA POWER MERRA-2 PRECTOTCORR
2007-02-09,0.01,coffee-minas-south,coffee,-21.5,-45,NASA POWER MERRA-2 PRECTOTCORR
2007-02-10,0,coffee-minas-south,coffee,-21.5,-45,NASA POWER MERRA-2 PRECTOTCORR
2007-02-11,8.95,coffee-minas-south,coffee,-21.5,-45,NASA POWER MERRA-2 PRECTOTCORR
2007-02-12,6.71,coffee-minas-south,coffee,-21.5,-45,NASA POWER MERRA-2 PRECTOTCORR
2007-02-13,0.03,coffee-minas-south,coffee,-21.5,-45,NASA POWER MERRA-2 PRECTOTCORR
2007-02-14,0.72,coffee-minas-south,coffee,-21.5,-45,NASA POWER MERRA-2 PRECTOTCORR
2007-02-15,0.36,coffee-minas-south,coffee,-21.5,-45,NASA POWER MERRA-2 PRECTOTCORR
2007-02-16,0.3,coffee-minas-south,coffee,-21.5,-45,NASA POWER MERRA-2 PRECTOTCORR
2007-02-17,2.58,coffee-minas-south,coffee,-21.5,-45,NASA POWER MERRA-2 PRECTOTCORR
2007-02-18,3,coffee-minas-south,coffee,-21.5,-45,NASA POWER MERRA-2 PRECTOTCORR
2007-02-19,2.68,coffee-minas-south,coffee,-21.5,-45,NASA POWER MERRA-2 PRECTOTCORR
2007-02-20,0.28,coffee-minas-south,coffee,-21.5,-45,NASA POWER MERRA-2 PRECTOTCORR
2007-02-21,0,coffee-minas-south,coffee,-21.5,-45,NASA POWER MERRA-2 PRECTOTCORR
2007-02-22,0,coffee-minas-south,coffee,-21.5,-45,NASA POWER MERRA-2 PRECTOTCORR
2007-02-23,0,coffee-minas-south,coffee,-21.5,-45,NASA POWER MERRA-2 PRECTOTCORR
2007-02-24,0.55,coffee-minas-south,coffee,-21.5,-45,NASA POWER MERRA-2 PRECTOTCORR
2007-02-25,1.78,coffee-minas-south,coffee,-21.5,-45,NASA POWER MERRA-2 PRECTOTCORR
2007-02-26,3.56,coffee-minas-south,coffee,-21.5,-45,NASA POWER MERRA-2 PRECTOTCORR
2007-02-27,2.2,coffee-minas-south,coffee,-21.5,-45,NASA POWER MERRA-2 PRECTOTCORR
2007-02-28,0.01,coffee-minas-south,coffee,-21.5,-45,NASA POWER MERRA-2 PRECTOTCORR
2007-03-01,0,coffee-minas-south,coffee,-21.5,-45,NASA POWER MERRA-2 PRECTOTCORR
2007-03-02,0,coffee-minas-south,coffee,-21.5,-45,NASA POWER MERRA-2 PRECTOTCORR
2007-03-03,0,coffee-minas-south,coffee,-21.5,-45,NASA POWER MERRA-2 PRECTOTCORR
2007-03-04,0,coffee-minas-south,coffee,-21.5,-45,NASA POWER MERRA-2 PRECTOTCORR
2007-03-05,0,coffee-minas-south,coffee,-21.5,-45,NASA POWER MERRA-2 PRECTOTCORR
2007-03-06,0.35,coffee-minas-south,coffee,-21.5,-45,NASA POWER MERRA-2 PRECTOTCORR
2007-03-07,0.08,coffee-minas-south,coffee,-21.5,-45,NASA POWER MERRA-2 PRECTOTCORR
2007-03-08,0,coffee-minas-south,coffee,-21.5,-45,NASA POWER MERRA-2 PRECTOTCORR
2007-03-09,0.32,coffee-minas-south,coffee,-21.5,-45,NASA POWER MERRA-2 PRECTOTCORR
2007-03-10,0.04,coffee-minas-south,coffee,-21.5,-45,NASA POWER MERRA-2 PRECTOTCORR
2007-03-11,0.03,coffee-minas-south,coffee,-21.5,-45,NASA POWER MERRA-2 PRECTOTCORR
2007-03-12,0,coffee-minas-south,coffee,-21.5,-45,NASA POWER MERRA-2 PRECTOTCORR
2007-03-13,0.1,coffee-minas-south,coffee,-21.5,-45,NASA POWER MERRA-2 PRECTOTCORR
2007-03-14,0.36,coffee-minas-south,coffee,-21.5,-45,NASA POWER MERRA-2 PRECTOTCORR
2007-03-15,0.04,coffee-minas-south,coffee,-21.5,-45,NASA POWER MERRA-2 PRECTOTCORR
2007-03-16,13.35,coffee-minas-south,coffee,-21.5,-45,NASA POWER MERRA-2 PRECTOTCORR
2007-03-17,11.54,coffee-minas-south,coffee,-21.5,-45,NASA POWER MERRA-2 PRECTOTCORR
2007-03-18,6.67,coffee-minas-south,coffee,-21.5,-45,NASA POWER MERRA-2 PRECTOTCORR
2007-03-19,4.35,coffee-minas-south,coffee,-21.5,-45,NASA POWER MERRA-2 PRECTOTCORR
2007-03-20,5.94,coffee-minas-south,coffee,-21.5,-45,NASA POWER MERRA-2 PRECTOTCORR
2007-03-21,5.97,coffee-minas-south,coffee,-21.5,-45,NASA POWER MERRA-2 PRECTOTCORR
2007-03-22,3.5,coffee-minas-south,coffee,-21.5,-45,NASA POWER MERRA-2 PRECTOTCORR
2007-03-23,0.69,coffee-minas-south,coffee,-21.5,-45,NASA POWER MERRA-2 PRECTOTCORR
2007-03-24,5.35,coffee-minas-south,coffee,-21.5,-45,NASA POWER MERRA-2 PRECTOTCORR
2007-03-25,3.79,coffee-minas-south,coffee,-21.5,-45,NASA POWER MERRA-2 PRECTOTCORR
2007-03-26,0.67,coffee-minas-south,coffee,-21.5,-45,NASA POWER MERRA-2 PRECTOTCORR
2007-03-27,0.33,coffee-minas-south,coffee,-21.5,-45,NASA POWER MERRA-2 PRECTOTCORR
2007-03-28,0.1,coffee-minas-south,coffee,-21.5,-45,NASA POWER MERRA-2 PRECTOTCORR
2007-03-29,0.03,coffee-minas-south,coffee,-21.5,-45,NASA POWER MERRA-2 PRECTOTCORR
2007-03-30,0.52,coffee-minas-south,coffee,-21.5,-45,NASA POWER MERRA-2 PRECTOTCORR
2007-03-31,0.01,coffee-minas-south,coffee,-21.5,-45,NASA POWER MERRA-2 PRECTOTCORR
2007-04-01,0,coffee-minas-south,coffee,-21.5,-45,NASA POWER MERRA-2 PRECTOTCORR
2007-04-02,0.04,coffee-minas-south,coffee,-21.5,-45,NASA POWER MERRA-2 PRECTOTCORR
2007-04-03,0.18,coffee-minas-south,coffee,-21.5,-45,NASA POWER MERRA-2 PRECTOTCORR
2007-04-04,2.7,coffee-minas-south,coffee,-21.5,-45,NASA POWER MERRA-2 PRECTOTCORR
2007-04-05,3.34,coffee-minas-south,coffee,-21.5,-45,NASA POWER MERRA-2 PRECTOTCORR
2007-04-06,0.68,coffee-minas-south,coffee,-21.5,-45,NASA POWER MERRA-2 PRECTOTCORR
2007-04-07,0.31,coffee-minas-south,coffee,-21.5,-45,NASA POWER MERRA-2 PRECTOTCORR
2007-04-08,15.75,coffee-minas-south,coffee,-21.5,-45,NASA POWER MERRA-2 PRECTOTCORR
2007-04-09,3.2,coffee-minas-south,coffee,-21.5,-45,NASA POWER MERRA-2 PRECTOTCORR
2007-04-10,0.87,coffee-minas-south,coffee,-21.5,-45,NASA POWER MERRA-2 PRECTOTCORR
2007-04-11,0.12,coffee-minas-south,coffee,-21.5,-45,NASA POWER MERRA-2 PRECTOTCORR
2007-04-12,0.06,coffee-minas-south,coffee,-21.5,-45,NASA POWER MERRA-2 PRECTOTCORR
2007-04-13,0.48,coffee-minas-south,coffee,-21.5,-45,NASA POWER MERRA-2 PRECTOTCORR
2007-04-14,0.74,coffee-minas-south,coffee,-21.5,-45,NASA POWER MERRA-2 PRECTOTCORR
2007-04-15,0.62,coffee-minas-south,coffee,-21.5,-45,NASA POWER MERRA-2 PRECTOTCORR
2007-04-16,0.63,coffee-minas-south,coffee,-21.5,-45,NASA POWER MERRA-2 PRECTOTCORR
2007-04-17,0.95,coffee-minas-south,coffee,-21.5,-45,NASA POWER MERRA-2 PRECTOTCORR
2007-04-18,0.17,coffee-minas-south,coffee,-21.5,-45,NASA POWER MERRA-2 PRECTOTCORR
2007-04-19,0.1,coffee-minas-south,coffee,-21.5,-45,NASA POWER MERRA-2 PRECTOTCORR
2007-04-20,1.72,coffee-minas-south,coffee,-21.5,-45,NASA POWER MERRA-2 PRECTOTCORR
2007-04-21,1.21,coffee-minas-south,coffee,-21.5,-45,NASA POWER MERRA-2 PRECTOTCORR
2007-04-22,4.84,coffee-minas-south,coffee,-21.5,-45,NASA POWER MERRA-2 PRECTOTCORR
2007-04-23,0.31,coffee-minas-south,coffee,-21.5,-45,NASA POWER MERRA-2 PRECTOTCORR
2007-04-24,0.09,coffee-minas-south,coffee,-21.5,-45,NASA POWER MERRA-2 PRECTOTCORR
2007-04-25,1.26,coffee-minas-south,coffee,-21.5,-45,NASA POWER MERRA-2 PRECTOTCORR
2007-04-26,1.2,coffee-minas-south,coffee,-21.5,-45,NASA POWER MERRA-2 PRECTOTCORR
2007-04-27,2.07,coffee-minas-south,coffee,-21.5,-45,NASA POWER MERRA-2 PRECTOTCORR
2007-04-28,0.77,coffee-minas-south,coffee,-21.5,-45,NASA POWER MERRA-2 PRECTOTCORR
2007-04-29,0.11,coffee-minas-south,coffee,-21.5,-45,NASA POWER MERRA-2 PRECTOTCORR
2007-04-30,1.02,coffee-minas-south,coffee,-21.5,-45,NASA POWER MERRA-2 PRECTOTCORR
2007-05-01,0.11,coffee-minas-south,coffee,-21.5,-45,NASA POWER MERRA-2 PRECTOTCORR
2007-05-02,0,coffee-minas-south,coffee,-21.5,-45,NASA POWER MERRA-2 PRECTOTCORR
2007-05-03,0.05,coffee-minas-south,coffee,-21.5,-45,NASA POWER MERRA-2 PRECTOTCORR
2007-05-04,0.11,coffee-minas-south,coffee,-21.5,-45,NASA POWER MERRA-2 PRECTOTCORR
2007-05-05,0,coffee-minas-south,coffee,-21.5,-45,NASA POWER MERRA-2 PRECTOTCORR
2007-05-06,2.07,coffee-minas-south,coffee,-21.5,-45,NASA POWER MERRA-2 PRECTOTCORR
2007-05-07,5.42,coffee-minas-south,coffee,-21.5,-45,NASA POWER MERRA-2 PRECTOTCORR
2007-05-08,0.07,coffee-minas-south,coffee,-21.5,-45,NASA POWER MERRA-2 PRECTOTCORR
2007-05-09,1.96,coffee-minas-south,coffee,-21.5,-45,NASA POWER MERRA-2 PRECTOTCORR
2007-05-10,0.35,coffee-minas-south,coffee,-21.5,-45,NASA POWER MERRA-2 PRECTOTCORR
2007-05-11,1.68,coffee-minas-south,coffee,-21.5,-45,NASA POWER MERRA-2 PRECTOTCORR
2007-05-12,0,coffee-minas-south,coffee,-21.5,-45,NASA POWER MERRA-2 PRECTOTCORR
2007-05-13,0,coffee-minas-south,coffee,-21.5,-45,NASA POWER MERRA-2 PRECTOTCORR
2007-05-14,0.04,coffee-minas-south,coffee,-21.5,-45,NASA POWER MERRA-2 PRECTOTCORR
2007-05-15,0.17,coffee-minas-south,coffee,-21.5,-45,NASA POWER MERRA-2 PRECTOTCORR
2007-05-16,0.02,coffee-minas-south,coffee,-21.5,-45,NASA POWER MERRA-2 PRECTOTCORR
2007-05-17,0,coffee-minas-south,coffee,-21.5,-45,NASA POWER MERRA-2 PRECTOTCORR
2007-05-18,0.21,coffee-minas-south,coffee,-21.5,-45,NASA POWER MERRA-2 PRECTOTCORR
2007-05-19,1.44,coffee-minas-south,coffee,-21.5,-45,NASA POWER MERRA-2 PRECTOTCORR
2007-05-20,0.81,coffee-minas-south,coffee,-21.5,-45,NASA POWER MERRA-2 PRECTOTCORR
2007-05-21,0.03,coffee-minas-south,coffee,-21.5,-45,NASA POWER MERRA-2 PRECTOTCORR
2007-05-22,0.8,coffee-minas-south,coffee,-21.5,-45,NASA POWER MERRA-2 PRECTOTCORR
2007-05-23,20.61,coffee-minas-south,coffee,-21.5,-45,NASA POWER MERRA-2 PRECTOTCORR
2007-05-24,3.8,coffee-minas-south,coffee,-21.5,-45,NASA POWER MERRA-2 PRECTOTCORR
2007-05-25,0,coffee-minas-south,coffee,-21.5,-45,NASA POWER MERRA-2 PRECTOTCORR
2007-05-26,0,coffee-minas-south,coffee,-21.5,-45,NASA POWER MERRA-2 PRECTOTCORR
2007-05-27,3.59,coffee-minas-south,coffee,-21.5,-45,NASA POWER MERRA-2 PRECTOTCORR
2007-05-28,0.14,coffee-minas-south,coffee,-21.5,-45,NASA POWER MERRA-2 PRECTOTCORR
2007-05-29,0.17,coffee-minas-south,coffee,-21.5,-45,NASA POWER MERRA-2 PRECTOTCORR
2007-05-30,0.01,coffee-minas-south,coffee,-21.5,-45,NASA POWER MERRA-2 PRECTOTCORR
2007-05-31,0,coffee-minas-south,coffee,-21.5,-45,NASA POWER MERRA-2 PRECTOTCORR
2007-06-01,0,coffee-minas-south,coffee,-21.5,-45,NASA POWER MERRA-2 PRECTOTCORR
2007-06-02,3.86,coffee-minas-south,coffee,-21.5,-45,NASA POWER MERRA-2 PRECTOTCORR
2007-06-03,1.04,coffee-minas-south,coffee,-21.5,-45,NASA POWER MERRA-2 PRECTOTCORR
2007-06-04,0,coffee-minas-south,coffee,-21.5,-45,NASA POWER MERRA-2 PRECTOTCORR
2007-06-05,0,coffee-minas-south,coffee,-21.5,-45,NASA POWER MERRA-2 PRECTOTCORR
2007-06-06,0,coffee-minas-south,coffee,-21.5,-45,NASA POWER MERRA-2 PRECTOTCORR
2007-06-07,0,coffee-minas-south,coffee,-21.5,-45,NASA POWER MERRA-2 PRECTOTCORR
2007-06-08,0,coffee-minas-south,coffee,-21.5,-45,NASA POWER MERRA-2 PRECTOTCORR
2007-06-09,0,coffee-minas-south,coffee,-21.5,-45,NASA POWER MERRA-2 PRECTOTCORR
2007-06-10,0,coffee-minas-south,coffee,-21.5,-45,NASA POWER MERRA-2 PRECTOTCORR
2007-06-11,0,coffee-minas-south,coffee,-21.5,-45,NASA POWER MERRA-2 PRECTOTCORR
2007-06-12,0,coffee-minas-south,coffee,-21.5,-45,NASA POWER MERRA-2 PRECTOTCORR
2007-06-13,0.1,coffee-minas-south,coffee,-21.5,-45,NASA POWER MERRA-2 PRECTOTCORR
2007-06-14,0.05,coffee-minas-south,coffee,-21.5,-45,NASA POWER MERRA-2 PRECTOTCORR
2007-06-15,0,coffee-minas-south,coffee,-21.5,-45,NASA POWER MERRA-2 PRECTOTCORR
2007-06-16,0,coffee-minas-south,coffee,-21.5,-45,NASA POWER MERRA-2 PRECTOTCORR
2007-06-17,0.03,coffee-minas-south,coffee,-21.5,-45,NASA POWER MERRA-2 PRECTOTCORR
2007-06-18,0,coffee-minas-south,coffee,-21.5,-45,NASA POWER MERRA-2 PRECTOTCORR
2007-06-19,0,coffee-minas-south,coffee,-21.5,-45,NASA POWER MERRA-2 PRECTOTCORR
2007-06-20,0.03,coffee-minas-south,coffee,-21.5,-45,NASA POWER MERRA-2 PRECTOTCORR
2007-06-21,0,coffee-minas-south,coffee,-21.5,-45,NASA POWER MERRA-2 PRECTOTCORR
2007-06-22,0,coffee-minas-south,coffee,-21.5,-45,NASA POWER MERRA-2 PRECTOTCORR
2007-06-23,0,coffee-minas-south,coffee,-21.5,-45,NASA POWER MERRA-2 PRECTOTCORR
2007-06-24,0.02,coffee-minas-south,coffee,-21.5,-45,NASA POWER MERRA-2 PRECTOTCORR
2007-06-25,0,coffee-minas-south,coffee,-21.5,-45,NASA POWER MERRA-2 PRECTOTCORR
2007-06-26,0,coffee-minas-south,coffee,-21.5,-45,NASA POWER MERRA-2 PRECTOTCORR
2007-06-27,0,coffee-minas-south,coffee,-21.5,-45,NASA POWER MERRA-2 PRECTOTCORR
2007-06-28,0,coffee-minas-south,coffee,-21.5,-45,NASA POWER MERRA-2 PRECTOTCORR
2007-06-29,0,coffee-minas-south,coffee,-21.5,-45,NASA POWER MERRA-2 PRECTOTCORR
2007-06-30,0.02,coffee-minas-south,coffee,-21.5,-45,NASA POWER MERRA-2 PRECTOTCORR
2007-07-01,0,coffee-minas-south,coffee,-21.5,-45,NASA POWER MERRA-2 PRECTOTCORR
2007-07-02,0,coffee-minas-south,coffee,-21.5,-45,NASA POWER MERRA-2 PRECTOTCORR
2007-07-03,0,coffee-minas-south,coffee,-21.5,-45,NASA POWER MERRA-2 PRECTOTCORR
2007-07-04,0,coffee-minas-south,coffee,-21.5,-45,NASA POWER MERRA-2 PRECTOTCORR
2007-07-05,0,coffee-minas-south,coffee,-21.5,-45,NASA POWER MERRA-2 PRECTOTCORR
2007-07-06,0,coffee-minas-south,coffee,-21.5,-45,NASA POWER MERRA-2 PRECTOTCORR
2007-07-07,0,coffee-minas-south,coffee,-21.5,-45,NASA POWER MERRA-2 PRECTOTCORR
2007-07-08,0,coffee-minas-south,coffee,-21.5,-45,NASA POWER MERRA-2 PRECTOTCORR
2007-07-09,0,coffee-minas-south,coffee,-21.5,-45,NASA POWER MERRA-2 PRECTOTCORR
2007-07-10,0,coffee-minas-south,coffee,-21.5,-45,NASA POWER MERRA-2 PRECTOTCORR
2007-07-11,0,coffee-minas-south,coffee,-21.5,-45,NASA POWER MERRA-2 PRECTOTCORR
2007-07-12,0,coffee-minas-south,coffee,-21.5,-45,NASA POWER MERRA-2 PRECTOTCORR
2007-07-13,0,coffee-minas-south,coffee,-21.5,-45,NASA POWER MERRA-2 PRECTOTCORR
2007-07-14,0,coffee-minas-south,coffee,-21.5,-45,NASA POWER MERRA-2 PRECTOTCORR
2007-07-15,0,coffee-minas-south,coffee,-21.5,-45,NASA POWER MERRA-2 PRECTOTCORR
2007-07-16,0.68,coffee-minas-south,coffee,-21.5,-45,NASA POWER MERRA-2 PRECTOTCORR
2007-07-17,0.96,coffee-minas-south,coffee,-21.5,-45,NASA POWER MERRA-2 PRECTOTCORR
2007-07-18,1.21,coffee-minas-south,coffee,-21.5,-45,NASA POWER MERRA-2 PRECTOTCORR
2007-07-19,0.02,coffee-minas-south,coffee,-21.5,-45,NASA POWER MERRA-2 PRECTOTCORR
2007-07-20,0,coffee-minas-south,coffee,-21.5,-45,NASA POWER MERRA-2 PRECTOTCORR
2007-07-21,0,coffee-minas-south,coffee,-21.5,-45,NASA POWER MERRA-2 PRECTOTCORR
2007-07-22,0,coffee-minas-south,coffee,-21.5,-45,NASA POWER MERRA-2 PRECTOTCORR
2007-07-23,2.19,coffee-minas-south,coffee,-21.5,-45,NASA POWER MERRA-2 PRECTOTCORR
2007-07-24,13.56,coffee-minas-south,coffee,-21.5,-45,NASA POWER MERRA-2 PRECTOTCORR
2007-07-25,5.86,coffee-minas-south,coffee,-21.5,-45,NASA POWER MERRA-2 PRECTOTCORR
2007-07-26,0.07,coffee-minas-south,coffee,-21.5,-45,NASA POWER MERRA-2 PRECTOTCORR
2007-07-27,3.37,coffee-minas-south,coffee,-21.5,-45,NASA POWER MERRA-2 PRECTOTCORR
2007-07-28,0.7,coffee-minas-south,coffee,-21.5,-45,NASA POWER MERRA-2 PRECTOTCORR
2007-07-29,0.03,coffee-minas-south,coffee,-21.5,-45,NASA POWER MERRA-2 PRECTOTCORR
2007-07-30,0,coffee-minas-south,coffee,-21.5,-45,NASA POWER MERRA-2 PRECTOTCORR
2007-07-31,0,coffee-minas-south,coffee,-21.5,-45,NASA POWER MERRA-2 PRECTOTCORR
2007-08-01,0.02,coffee-minas-south,coffee,-21.5,-45,NASA POWER MERRA-2 PRECTOTCORR
2007-08-02,0.01,coffee-minas-south,coffee,-21.5,-45,NASA POWER MERRA-2 PRECTOTCORR
2007-08-03,0,coffee-minas-south,coffee,-21.5,-45,NASA POWER MERRA-2 PRECTOTCORR
2007-08-04,0,coffee-minas-south,coffee,-21.5,-45,NASA POWER MERRA-2 PRECTOTCORR
2007-08-05,0,coffee-minas-south,coffee,-21.5,-45,NASA POWER MERRA-2 PRECTOTCORR
2007-08-06,0,coffee-minas-south,coffee,-21.5,-45,NASA POWER MERRA-2 PRECTOTCORR
2007-08-07,0,coffee-minas-south,coffee,-21.5,-45,NASA POWER MERRA-2 PRECTOTCORR
2007-08-08,0,coffee-minas-south,coffee,-21.5,-45,NASA POWER MERRA-2 PRECTOTCORR
2007-08-09,0,coffee-minas-south,coffee,-21.5,-45,NASA POWER MERRA-2 PRECTOTCORR
2007-08-10,0,coffee-minas-south,coffee,-21.5,-45,NASA POWER MERRA-2 PRECTOTCORR
2007-08-11,0,coffee-minas-south,coffee,-21.5,-45,NASA POWER MERRA-2 PRECTOTCORR
2007-08-12,0,coffee-minas-south,coffee,-21.5,-45,NASA POWER MERRA-2 PRECTOTCORR
2007-08-13,0,coffee-minas-south,coffee,-21.5,-45,NASA POWER MERRA-2 PRECTOTCORR
2007-08-14,0,coffee-minas-south,coffee,-21.5,-45,NASA POWER MERRA-2 PRECTOTCORR
2007-08-15,0,coffee-minas-south,coffee,-21.5,-45,NASA POWER MERRA-2 PRECTOTCORR
2007-08-16,0,coffee-minas-south,coffee,-21.5,-45,NASA POWER MERRA-2 PRECTOTCORR
2007-08-17,0,coffee-minas-south,coffee,-21.5,-45,NASA POWER MERRA-2 PRECTOTCORR
2007-08-18,0,coffee-minas-south,coffee,-21.5,-45,NASA POWER MERRA-2 PRECTOTCORR
2007-08-19,0,coffee-minas-south,coffee,-21.5,-45,NASA POWER MERRA-2 PRECTOTCORR
2007-08-20,0,coffee-minas-south,coffee,-21.5,-45,NASA POWER MERRA-2 PRECTOTCORR
2007-08-21,0,coffee-minas-south,coffee,-21.5,-45,NASA POWER MERRA-2 PRECTOTCORR
2007-08-22,0,coffee-minas-south,coffee,-21.5,-45,NASA POWER MERRA-2 PRECTOTCORR
2007-08-23,0,coffee-minas-south,coffee,-21.5,-45,NASA POWER MERRA-2 PRECTOTCORR
2007-08-24,0,coffee-minas-south,coffee,-21.5,-45,NASA POWER MERRA-2 PRECTOTCORR
2007-08-25,0,coffee-minas-south,coffee,-21.5,-45,NASA POWER MERRA-2 PRECTOTCORR
2007-08-26,0,coffee-minas-south,coffee,-21.5,-45,NASA POWER MERRA-2 PRECTOTCORR
2007-08-27,0,coffee-minas-south,coffee,-21.5,-45,NASA POWER MERRA-2 PRECTOTCORR
2007-08-28,0.01,coffee-minas-south,coffee,-21.5,-45,NASA POWER MERRA-2 PRECTOTCORR
2007-08-29,0.01,coffee-minas-south,coffee,-21.5,-45,NASA POWER MERRA-2 PRECTOTCORR
2007-08-30,0.11,coffee-minas-south,coffee,-21.5,-45,NASA POWER MERRA-2 PRECTOTCORR
2007-08-31,0.07,coffee-minas-south,coffee,-21.5,-45,NASA POWER MERRA-2 PRECTOTCORR
2007-09-01,0.22,coffee-minas-south,coffee,-21.5,-45,NASA POWER MERRA-2 PRECTOTCORR
2007-09-02,0.36,coffee-minas-south,coffee,-21.5,-45,NASA POWER MERRA-2 PRECTOTCORR
2007-09-03,1.41,coffee-minas-south,coffee,-21.5,-45,NASA POWER MERRA-2 PRECTOTCORR
2007-09-04,0.33,coffee-minas-south,coffee,-21.5,-45,NASA POWER MERRA-2 PRECTOTCORR
2007-09-05,0.15,coffee-minas-south,coffee,-21.5,-45,NASA POWER MERRA-2 PRECTOTCORR
2007-09-06,0.76,coffee-minas-south,coffee,-21.5,-45,NASA POWER MERRA-2 PRECTOTCORR
2007-09-07,0.09,coffee-minas-south,coffee,-21.5,-45,NASA POWER MERRA-2 PRECTOTCORR
2007-09-08,0,coffee-minas-south,coffee,-21.5,-45,NASA POWER MERRA-2 PRECTOTCORR
2007-09-09,0,coffee-minas-south,coffee,-21.5,-45,NASA POWER MERRA-2 PRECTOTCORR
2007-09-10,0,coffee-minas-south,coffee,-21.5,-45,NASA POWER MERRA-2 PRECTOTCORR
2007-09-11,0,coffee-minas-south,coffee,-21.5,-45,NASA POWER MERRA-2 PRECTOTCORR
2007-09-12,0,coffee-minas-south,coffee,-21.5,-45,NASA POWER MERRA-2 PRECTOTCORR
2007-09-13,0,coffee-minas-south,coffee,-21.5,-45,NASA POWER MERRA-2 PRECTOTCORR
2007-09-14,0,coffee-minas-south,coffee,-21.5,-45,NASA POWER MERRA-2 PRECTOTCORR
2007-09-15,0,coffee-minas-south,coffee,-21.5,-45,NASA POWER MERRA-2 PRECTOTCORR
2007-09-16,0,coffee-minas-south,coffee,-21.5,-45,NASA POWER MERRA-2 PRECTOTCORR
2007-09-17,0,coffee-minas-south,coffee,-21.5,-45,NASA POWER MERRA-2 PRECTOTCORR
2007-09-18,0,coffee-minas-south,coffee,-21.5,-45,NASA POWER MERRA-2 PRECTOTCORR
2007-09-19,0.04,coffee-minas-south,coffee,-21.5,-45,NASA POWER MERRA-2 PRECTOTCORR
2007-09-20,0.02,coffee-minas-south,coffee,-21.5,-45,NASA POWER MERRA-2 PRECTOTCORR
2007-09-21,0,coffee-minas-south,coffee,-21.5,-45,NASA POWER MERRA-2 PRECTOTCORR
2007-09-22,0,coffee-minas-south,coffee,-21.5,-45,NASA POWER MERRA-2 PRECTOTCORR
2007-09-23,0,coffee-minas-south,coffee,-21.5,-45,NASA POWER MERRA-2 PRECTOTCORR
2007-09-24,0,coffee-minas-south,coffee,-21.5,-45,NASA POWER MERRA-2 PRECTOTCORR
2007-09-25,0,coffee-minas-south,coffee,-21.5,-45,NASA POWER MERRA-2 PRECTOTCORR
2007-09-26,0.04,coffee-minas-south,coffee,-21.5,-45,NASA POWER MERRA-2 PRECTOTCORR
2007-09-27,0.07,coffee-minas-south,coffee,-21.5,-45,NASA POWER MERRA-2 PRECTOTCORR
2007-09-28,4.38,coffee-minas-south,coffee,-21.5,-45,NASA POWER MERRA-2 PRECTOTCORR
2007-09-29,0.26,coffee-minas-south,coffee,-21.5,-45,NASA POWER MERRA-2 PRECTOTCORR
2007-09-30,0.42,coffee-minas-south,coffee,-21.5,-45,NASA POWER MERRA-2 PRECTOTCORR
2007-10-01,0,coffee-minas-south,coffee,-21.5,-45,NASA POWER MERRA-2 PRECTOTCORR
2007-10-02,0,coffee-minas-south,coffee,-21.5,-45,NASA POWER MERRA-2 PRECTOTCORR
2007-10-03,0,coffee-minas-south,coffee,-21.5,-45,NASA POWER MERRA-2 PRECTOTCORR
2007-10-04,0,coffee-minas-south,coffee,-21.5,-45,NASA POWER MERRA-2 PRECTOTCORR
2007-10-05,0,coffee-minas-south,coffee,-21.5,-45,NASA POWER MERRA-2 PRECTOTCORR
2007-10-06,0,coffee-minas-south,coffee,-21.5,-45,NASA POWER MERRA-2 PRECTOTCORR
2007-10-07,1.86,coffee-minas-south,coffee,-21.5,-45,NASA POWER MERRA-2 PRECTOTCORR
2007-10-08,0.36,coffee-minas-south,coffee,-21.5,-45,NASA POWER MERRA-2 PRECTOTCORR
2007-10-09,0,coffee-minas-south,coffee,-21.5,-45,NASA POWER MERRA-2 PRECTOTCORR
2007-10-10,0,coffee-minas-south,coffee,-21.5,-45,NASA POWER MERRA-2 PRECTOTCORR
2007-10-11,0,coffee-minas-south,coffee,-21.5,-45,NASA POWER MERRA-2 PRECTOTCORR
2007-10-12,0,coffee-minas-south,coffee,-21.5,-45,NASA POWER MERRA-2 PRECTOTCORR
2007-10-13,0,coffee-minas-south,coffee,-21.5,-45,NASA POWER MERRA-2 PRECTOTCORR
2007-10-14,0.28,coffee-minas-south,coffee,-21.5,-45,NASA POWER MERRA-2 PRECTOTCORR
2007-10-15,0.13,coffee-minas-south,coffee,-21.5,-45,NASA POWER MERRA-2 PRECTOTCORR
2007-10-16,0,coffee-minas-south,coffee,-21.5,-45,NASA POWER MERRA-2 PRECTOTCORR
2007-10-17,4.93,coffee-minas-south,coffee,-21.5,-45,NASA POWER MERRA-2 PRECTOTCORR
2007-10-18,9.33,coffee-minas-south,coffee,-21.5,-45,NASA POWER MERRA-2 PRECTOTCORR
2007-10-19,5.18,coffee-minas-south,coffee,-21.5,-45,NASA POWER MERRA-2 PRECTOTCORR
2007-10-20,0.03,coffee-minas-south,coffee,-21.5,-45,NASA POWER MERRA-2 PRECTOTCORR
2007-10-21,2.08,coffee-minas-south,coffee,-21.5,-45,NASA POWER MERRA-2 PRECTOTCORR
2007-10-22,17.96,coffee-minas-south,coffee,-21.5,-45,NASA POWER MERRA-2 PRECTOTCORR
2007-10-23,4.53,coffee-minas-south,coffee,-21.5,-45,NASA POWER MERRA-2 PRECTOTCORR
2007-10-24,16.66,coffee-minas-south,coffee,-21.5,-45,NASA POWER MERRA-2 PRECTOTCORR
2007-10-25,9.71,coffee-minas-south,coffee,-21.5,-45,NASA POWER MERRA-2 PRECTOTCORR
2007-10-26,1.11,coffee-minas-south,coffee,-21.5,-45,NASA POWER MERRA-2 PRECTOTCORR
2007-10-27,5.37,coffee-minas-south,coffee,-21.5,-45,NASA POWER MERRA-2 PRECTOTCORR
2007-10-28,0.8,coffee-minas-south,coffee,-21.5,-45,NASA POWER MERRA-2 PRECTOTCORR
2007-10-29,0.34,coffee-minas-south,coffee,-21.5,-45,NASA POWER MERRA-2 PRECTOTCORR
2007-10-30,6.07,coffee-minas-south,coffee,-21.5,-45,NASA POWER MERRA-2 PRECTOTCORR
2007-10-31,4.82,coffee-minas-south,coffee,-21.5,-45,NASA POWER MERRA-2 PRECTOTCORR
2007-11-01,5.49,coffee-minas-south,coffee,-21.5,-45,NASA POWER MERRA-2 PRECTOTCORR
2007-11-02,2.36,coffee-minas-south,coffee,-21.5,-45,NASA POWER MERRA-2 PRECTOTCORR
2007-11-03,4.63,coffee-minas-south,coffee,-21.5,-45,NASA POWER MERRA-2 PRECTOTCORR
2007-11-04,10.32,coffee-minas-south,coffee,-21.5,-45,NASA POWER MERRA-2 PRECTOTCORR
2007-11-05,6.56,coffee-minas-south,coffee,-21.5,-45,NASA POWER MERRA-2 PRECTOTCORR
2007-11-06,9.34,coffee-minas-south,coffee,-21.5,-45,NASA POWER MERRA-2 PRECTOTCORR
2007-11-07,5.17,coffee-minas-south,coffee,-21.5,-45,NASA POWER MERRA-2 PRECTOTCORR
2007-11-08,6.63,coffee-minas-south,coffee,-21.5,-45,NASA POWER MERRA-2 PRECTOTCORR
2007-11-09,4.75,coffee-minas-south,coffee,-21.5,-45,NASA POWER MERRA-2 PRECTOTCORR
2007-11-10,5.49,coffee-minas-south,coffee,-21.5,-45,NASA POWER MERRA-2 PRECTOTCORR
2007-11-11,3.09,coffee-minas-south,coffee,-21.5,-45,NASA POWER MERRA-2 PRECTOTCORR
2007-11-12,17.52,coffee-minas-south,coffee,-21.5,-45,NASA POWER MERRA-2 PRECTOTCORR
2007-11-13,1.63,coffee-minas-south,coffee,-21.5,-45,NASA POWER MERRA-2 PRECTOTCORR
2007-11-14,0.71,coffee-minas-south,coffee,-21.5,-45,NASA POWER MERRA-2 PRECTOTCORR
2007-11-15,1.33,coffee-minas-south,coffee,-21.5,-45,NASA POWER MERRA-2 PRECTOTCORR
2007-11-16,1.69,coffee-minas-south,coffee,-21.5,-45,NASA POWER MERRA-2 PRECTOTCORR
2007-11-17,0.13,coffee-minas-south,coffee,-21.5,-45,NASA POWER MERRA-2 PRECTOTCORR
2007-11-18,0,coffee-minas-south,coffee,-21.5,-45,NASA POWER MERRA-2 PRECTOTCORR
2007-11-19,14.34,coffee-minas-south,coffee,-21.5,-45,NASA POWER MERRA-2 PRECTOTCORR
2007-11-20,5.31,coffee-minas-south,coffee,-21.5,-45,NASA POWER MERRA-2 PRECTOTCORR
2007-11-21,0.25,coffee-minas-south,coffee,-21.5,-45,NASA POWER MERRA-2 PRECTOTCORR
2007-11-22,0.51,coffee-minas-south,coffee,-21.5,-45,NASA POWER MERRA-2 PRECTOTCORR
2007-11-23,0.27,coffee-minas-south,coffee,-21.5,-45,NASA POWER MERRA-2 PRECTOTCORR
2007-11-24,4.47,coffee-minas-south,coffee,-21.5,-45,NASA POWER MERRA-2 PRECTOTCORR
2007-11-25,4.99,coffee-minas-south,coffee,-21.5,-45,NASA POWER MERRA-2 PRECTOTCORR
2007-11-26,19.75,coffee-minas-south,coffee,-21.5,-45,NASA POWER MERRA-2 PRECTOTCORR
2007-11-27,3.48,coffee-minas-south,coffee,-21.5,-45,NASA POWER MERRA-2 PRECTOTCORR
2007-11-28,0.01,coffee-minas-south,coffee,-21.5,-45,NASA POWER MERRA-2 PRECTOTCORR
2007-11-29,0.5,coffee-minas-south,coffee,-21.5,-45,NASA POWER MERRA-2 PRECTOTCORR
2007-11-30,0.31,coffee-minas-south,coffee,-21.5,-45,NASA POWER MERRA-2 PRECTOTCORR
2007-12-01,0.67,coffee-minas-south,coffee,-21.5,-45,NASA POWER MERRA-2 PRECTOTCORR
2007-12-02,0.28,coffee-minas-south,coffee,-21.5,-45,NASA POWER MERRA-2 PRECTOTCORR
2007-12-03,0.04,coffee-minas-south,coffee,-21.5,-45,NASA POWER MERRA-2 PRECTOTCORR
2007-12-04,10.89,coffee-minas-south,coffee,-21.5,-45,NASA POWER MERRA-2 PRECTOTCORR
2007-12-05,4.61,coffee-minas-south,coffee,-21.5,-45,NASA POWER MERRA-2 PRECTOTCORR
2007-12-06,3.02,coffee-minas-south,coffee,-21.5,-45,NASA POWER MERRA-2 PRECTOTCORR
2007-12-07,11.64,coffee-minas-south,coffee,-21.5,-45,NASA POWER MERRA-2 PRECTOTCORR
2007-12-08,3.95,coffee-minas-south,coffee,-21.5,-45,NASA POWER MERRA-2 PRECTOTCORR
2007-12-09,6.95,coffee-minas-south,coffee,-21.5,-45,NASA POWER MERRA-2 PRECTOTCORR
2007-12-10,9.59,coffee-minas-south,coffee,-21.5,-45,NASA POWER MERRA-2 PRECTOTCORR
2007-12-11,1.95,coffee-minas-south,coffee,-21.5,-45,NASA POWER MERRA-2 PRECTOTCORR
2007-12-12,12.16,coffee-minas-south,coffee,-21.5,-45,NASA POWER MERRA-2 PRECTOTCORR
2007-12-13,10.53,coffee-minas-south,coffee,-21.5,-45,NASA POWER MERRA-2 PRECTOTCORR
2007-12-14,17.64,coffee-minas-south,coffee,-21.5,-45,NASA POWER MERRA-2 PRECTOTCORR
2007-12-15,1.51,coffee-minas-south,coffee,-21.5,-45,NASA POWER MERRA-2 PRECTOTCORR
2007-12-16,0.42,coffee-minas-south,coffee,-21.5,-45,NASA POWER MERRA-2 PRECTOTCORR
2007-12-17,0.35,coffee-minas-south,coffee,-21.5,-45,NASA POWER MERRA-2 PRECTOTCORR
2007-12-18,0.6,coffee-minas-south,coffee,-21.5,-45,NASA POWER MERRA-2 PRECTOTCORR
2007-12-19,40.07,coffee-minas-south,coffee,-21.5,-45,NASA POWER MERRA-2 PRECTOTCORR
2007-12-20,6.96,coffee-minas-south,coffee,-21.5,-45,NASA POWER MERRA-2 PRECTOTCORR
2007-12-21,4.75,coffee-minas-south,coffee,-21.5,-45,NASA POWER MERRA-2 PRECTOTCORR
2007-12-22,6.03,coffee-minas-south,coffee,-21.5,-45,NASA POWER MERRA-2 PRECTOTCORR
2007-12-23,13.93,coffee-minas-south,coffee,-21.5,-45,NASA POWER MERRA-2 PRECTOTCORR
2007-12-24,4.94,coffee-minas-south,coffee,-21.5,-45,NASA POWER MERRA-2 PRECTOTCORR
2007-12-25,0.27,coffee-minas-south,coffee,-21.5,-45,NASA POWER MERRA-2 PRECTOTCORR
2007-12-26,0,coffee-minas-south,coffee,-21.5,-45,NASA POWER MERRA-2 PRECTOTCORR
2007-12-27,0,coffee-minas-south,coffee,-21.5,-45,NASA POWER MERRA-2 PRECTOTCORR
2007-12-28,1.38,coffee-minas-south,coffee,-21.5,-45,NASA POWER MERRA-2 PRECTOTCORR
2007-12-29,0,coffee-minas-south,coffee,-21.5,-45,NASA POWER MERRA-2 PRECTOTCORR
2007-12-30,0,coffee-minas-south,coffee,-21.5,-45,NASA POWER MERRA-2 PRECTOTCORR
2007-12-31,0.2,coffee-minas-south,coffee,-21.5,-45,NASA POWER MERRA-2 PRECTOTCORR
2008-01-01,0.01,coffee-minas-south,coffee,-21.5,-45,NASA POWER MERRA-2 PRECTOTCORR
2008-01-02,0.01,coffee-minas-south,coffee,-21.5,-45,NASA POWER MERRA-2 PRECTOTCORR
2008-01-03,0.14,coffee-minas-south,coffee,-21.5,-45,NASA POWER MERRA-2 PRECTOTCORR
2008-01-04,0.01,coffee-minas-south,coffee,-21.5,-45,NASA POWER MERRA-2 PRECTOTCORR
2008-01-05,10.33,coffee-minas-south,coffee,-21.5,-45,NASA POWER MERRA-2 PRECTOTCORR
2008-01-06,20.1,coffee-minas-south,coffee,-21.5,-45,NASA POWER MERRA-2 PRECTOTCORR
2008-01-07,9.16,coffee-minas-south,coffee,-21.5,-45,NASA POWER MERRA-2 PRECTOTCORR
2008-01-08,7.67,coffee-minas-south,coffee,-21.5,-45,NASA POWER MERRA-2 PRECTOTCORR
2008-01-09,13.88,coffee-minas-south,coffee,-21.5,-45,NASA POWER MERRA-2 PRECTOTCORR
2008-01-10,14.35,coffee-minas-south,coffee,-21.5,-45,NASA POWER MERRA-2 PRECTOTCORR
2008-01-11,13.34,coffee-minas-south,coffee,-21.5,-45,NASA POWER MERRA-2 PRECTOTCORR
2008-01-12,13.52,coffee-minas-south,coffee,-21.5,-45,NASA POWER MERRA-2 PRECTOTCORR
2008-01-13,9.5,coffee-minas-south,coffee,-21.5,-45,NASA POWER MERRA-2 PRECTOTCORR
2008-01-14,1.81,coffee-minas-south,coffee,-21.5,-45,NASA POWER MERRA-2 PRECTOTCORR
2008-01-15,0.12,coffee-minas-south,coffee,-21.5,-45,NASA POWER MERRA-2 PRECTOTCORR
2008-01-16,3.05,coffee-minas-south,coffee,-21.5,-45,NASA POWER MERRA-2 PRECTOTCORR
2008-01-17,10.87,coffee-minas-south,coffee,-21.5,-45,NASA POWER MERRA-2 PRECTOTCORR
2008-01-18,12.18,coffee-minas-south,coffee,-21.5,-45,NASA POWER MERRA-2 PRECTOTCORR
2008-01-19,3.41,coffee-minas-south,coffee,-21.5,-45,NASA POWER MERRA-2 PRECTOTCORR
2008-01-20,5.74,coffee-minas-south,coffee,-21.5,-45,NASA POWER MERRA-2 PRECTOTCORR
2008-01-21,32.03,coffee-minas-south,coffee,-21.5,-45,NASA POWER MERRA-2 PRECTOTCORR
2008-01-22,10.74,coffee-minas-south,coffee,-21.5,-45,NASA POWER MERRA-2 PRECTOTCORR
2008-01-23,1.25,coffee-minas-south,coffee,-21.5,-45,NASA POWER MERRA-2 PRECTOTCORR
2008-01-24,0.57,coffee-minas-south,coffee,-21.5,-45,NASA POWER MERRA-2 PRECTOTCORR
2008-01-25,2.68,coffee-minas-south,coffee,-21.5,-45,NASA POWER MERRA-2 PRECTOTCORR
2008-01-26,2.84,coffee-minas-south,coffee,-21.5,-45,NASA POWER MERRA-2 PRECTOTCORR
2008-01-27,5.02,coffee-minas-south,coffee,-21.5,-45,NASA POWER MERRA-2 PRECTOTCORR
2008-01-28,4.25,coffee-minas-south,coffee,-21.5,-45,NASA POWER MERRA-2 PRECTOTCORR
2008-01-29,17.92,coffee-minas-south,coffee,-21.5,-45,NASA POWER MERRA-2 PRECTOTCORR
2008-01-30,20.24,coffee-minas-south,coffee,-21.5,-45,NASA POWER MERRA-2 PRECTOTCORR
2008-01-31,5.95,coffee-minas-south,coffee,-21.5,-45,NASA POWER MERRA-2 PRECTOTCORR
2008-02-01,0.65,coffee-minas-south,coffee,-21.5,-45,NASA POWER MERRA-2 PRECTOTCORR
2008-02-02,14.62,coffee-minas-south,coffee,-21.5,-45,NASA POWER MERRA-2 PRECTOTCORR
2008-02-03,21.46,coffee-minas-south,coffee,-21.5,-45,NASA POWER MERRA-2 PRECTOTCORR
2008-02-04,26.23,coffee-minas-south,coffee,-21.5,-45,NASA POWER MERRA-2 PRECTOTCORR
2008-02-05,7.09,coffee-minas-south,coffee,-21.5,-45,NASA POWER MERRA-2 PRECTOTCORR
2008-02-06,20.5,coffee-minas-south,coffee,-21.5,-45,NASA POWER MERRA-2 PRECTOTCORR
2008-02-07,18.48,coffee-minas-south,coffee,-21.5,-45,NASA POWER MERRA-2 PRECTOTCORR
2008-02-08,2.22,coffee-minas-south,coffee,-21.5,-45,NASA POWER MERRA-2 PRECTOTCORR
2008-02-09,7.35,coffee-minas-south,coffee,-21.5,-45,NASA POWER MERRA-2 PRECTOTCORR
2008-02-10,1,coffee-minas-south,coffee,-21.5,-45,NASA POWER MERRA-2 PRECTOTCORR
2008-02-11,1.11,coffee-minas-south,coffee,-21.5,-45,NASA POWER MERRA-2 PRECTOTCORR
2008-02-12,4.72,coffee-minas-south,coffee,-21.5,-45,NASA POWER MERRA-2 PRECTOTCORR
2008-02-13,12.01,coffee-minas-south,coffee,-21.5,-45,NASA POWER MERRA-2 PRECTOTCORR
2008-02-14,2.45,coffee-minas-south,coffee,-21.5,-45,NASA POWER MERRA-2 PRECTOTCORR
2008-02-15,0.23,coffee-minas-south,coffee,-21.5,-45,NASA POWER MERRA-2 PRECTOTCORR
2008-02-16,1.49,coffee-minas-south,coffee,-21.5,-45,NASA POWER MERRA-2 PRECTOTCORR
2008-02-17,0.17,coffee-minas-south,coffee,-21.5,-45,NASA POWER MERRA-2 PRECTOTCORR
2008-02-18,4.94,coffee-minas-south,coffee,-21.5,-45,NASA POWER MERRA-2 PRECTOTCORR
2008-02-19,3.37,coffee-minas-south,coffee,-21.5,-45,NASA POWER MERRA-2 PRECTOTCORR
2008-02-20,10.46,coffee-minas-south,coffee,-21.5,-45,NASA POWER MERRA-2 PRECTOTCORR
2008-02-21,16.02,coffee-minas-south,coffee,-21.5,-45,NASA POWER MERRA-2 PRECTOTCORR
2008-02-22,4.26,coffee-minas-south,coffee,-21.5,-45,NASA POWER MERRA-2 PRECTOTCORR
2008-02-23,6.01,coffee-minas-south,coffee,-21.5,-45,NASA POWER MERRA-2 PRECTOTCORR
2008-02-24,12.56,coffee-minas-south,coffee,-21.5,-45,NASA POWER MERRA-2 PRECTOTCORR
2008-02-25,2.75,coffee-minas-south,coffee,-21.5,-45,NASA POWER MERRA-2 PRECTOTCORR
2008-02-26,0.84,coffee-minas-south,coffee,-21.5,-45,NASA POWER MERRA-2 PRECTOTCORR
2008-02-27,2,coffee-minas-south,coffee,-21.5,-45,NASA POWER MERRA-2 PRECTOTCORR
2008-02-28,0.08,coffee-minas-south,coffee,-21.5,-45,NASA POWER MERRA-2 PRECTOTCORR
2008-02-29,7.3,coffee-minas-south,coffee,-21.5,-45,NASA POWER MERRA-2 PRECTOTCORR
2008-03-01,26.96,coffee-minas-south,coffee,-21.5,-45,NASA POWER MERRA-2 PRECTOTCORR
2008-03-02,2.04,coffee-minas-south,coffee,-21.5,-45,NASA POWER MERRA-2 PRECTOTCORR
2008-03-03,0.08,coffee-minas-south,coffee,-21.5,-45,NASA POWER MERRA-2 PRECTOTCORR
2008-03-04,0.01,coffee-minas-south,coffee,-21.5,-45,NASA POWER MERRA-2 PRECTOTCORR
2008-03-05,1.22,coffee-minas-south,coffee,-21.5,-45,NASA POWER MERRA-2 PRECTOTCORR
2008-03-06,0.35,coffee-minas-south,coffee,-21.5,-45,NASA POWER MERRA-2 PRECTOTCORR
2008-03-07,5.83,coffee-minas-south,coffee,-21.5,-45,NASA POWER MERRA-2 PRECTOTCORR
2008-03-08,5.23,coffee-minas-south,coffee,-21.5,-45,NASA POWER MERRA-2 PRECTOTCORR
2008-03-09,5.9,coffee-minas-south,coffee,-21.5,-45,NASA POWER MERRA-2 PRECTOTCORR
2008-03-10,1.12,coffee-minas-south,coffee,-21.5,-45,NASA POWER MERRA-2 PRECTOTCORR
2008-03-11,6.13,coffee-minas-south,coffee,-21.5,-45,NASA POWER MERRA-2 PRECTOTCORR
2008-03-12,16.81,coffee-minas-south,coffee,-21.5,-45,NASA POWER MERRA-2 PRECTOTCORR
2008-03-13,18.86,coffee-minas-south,coffee,-21.5,-45,NASA POWER MERRA-2 PRECTOTCORR
2008-03-14,26.48,coffee-minas-south,coffee,-21.5,-45,NASA POWER MERRA-2 PRECTOTCORR
2008-03-15,37.14,coffee-minas-south,coffee,-21.5,-45,NASA POWER MERRA-2 PRECTOTCORR
2008-03-16,16.27,coffee-minas-south,coffee,-21.5,-45,NASA POWER MERRA-2 PRECTOTCORR
2008-03-17,5.84,coffee-minas-south,coffee,-21.5,-45,NASA POWER MERRA-2 PRECTOTCORR
2008-03-18,1.6,coffee-minas-south,coffee,-21.5,-45,NASA POWER MERRA-2 PRECTOTCORR
2008-03-19,0.03,coffee-minas-south,coffee,-21.5,-45,NASA POWER MERRA-2 PRECTOTCORR
2008-03-20,0.19,coffee-minas-south,coffee,-21.5,-45,NASA POWER MERRA-2 PRECTOTCORR
2008-03-21,0.02,coffee-minas-south,coffee,-21.5,-45,NASA POWER MERRA-2 PRECTOTCORR
2008-03-22,0.01,coffee-minas-south,coffee,-21.5,-45,NASA POWER MERRA-2 PRECTOTCORR
2008-03-23,4.72,coffee-minas-south,coffee,-21.5,-45,NASA POWER MERRA-2 PRECTOTCORR
2008-03-24,1.31,coffee-minas-south,coffee,-21.5,-45,NASA POWER MERRA-2 PRECTOTCORR
2008-03-25,1.05,coffee-minas-south,coffee,-21.5,-45,NASA POWER MERRA-2 PRECTOTCORR
2008-03-26,6.33,coffee-minas-south,coffee,-21.5,-45,NASA POWER MERRA-2 PRECTOTCORR
2008-03-27,9.11,coffee-minas-south,coffee,-21.5,-45,NASA POWER MERRA-2 PRECTOTCORR
2008-03-28,0.45,coffee-minas-south,coffee,-21.5,-45,NASA POWER MERRA-2 PRECTOTCORR
2008-03-29,0.35,coffee-minas-south,coffee,-21.5,-45,NASA POWER MERRA-2 PRECTOTCORR
2008-03-30,0.17,coffee-minas-south,coffee,-21.5,-45,NASA POWER MERRA-2 PRECTOTCORR
2008-03-31,0,coffee-minas-south,coffee,-21.5,-45,NASA POWER MERRA-2 PRECTOTCORR
2008-04-01,0,coffee-minas-south,coffee,-21.5,-45,NASA POWER MERRA-2 PRECTOTCORR
2008-04-02,0.02,coffee-minas-south,coffee,-21.5,-45,NASA POWER MERRA-2 PRECTOTCORR
2008-04-03,4.51,coffee-minas-south,coffee,-21.5,-45,NASA POWER MERRA-2 PRECTOTCORR
2008-04-04,8.6,coffee-minas-south,coffee,-21.5,-45,NASA POWER MERRA-2 PRECTOTCORR
2008-04-05,8.65,coffee-minas-south,coffee,-21.5,-45,NASA POWER MERRA-2 PRECTOTCORR
2008-04-06,22.79,coffee-minas-south,coffee,-21.5,-45,NASA POWER MERRA-2 PRECTOTCORR
2008-04-07,7.93,coffee-minas-south,coffee,-21.5,-45,NASA POWER MERRA-2 PRECTOTCORR
2008-04-08,6.91,coffee-minas-south,coffee,-21.5,-45,NASA POWER MERRA-2 PRECTOTCORR
2008-04-09,2.89,coffee-minas-south,coffee,-21.5,-45,NASA POWER MERRA-2 PRECTOTCORR
2008-04-10,13.49,coffee-minas-south,coffee,-21.5,-45,NASA POWER MERRA-2 PRECTOTCORR
2008-04-11,0.35,coffee-minas-south,coffee,-21.5,-45,NASA POWER MERRA-2 PRECTOTCORR
2008-04-12,0.57,coffee-minas-south,coffee,-21.5,-45,NASA POWER MERRA-2 PRECTOTCORR
2008-04-13,1.31,coffee-minas-south,coffee,-21.5,-45,NASA POWER MERRA-2 PRECTOTCORR
2008-04-14,11.88,coffee-minas-south,coffee,-21.5,-45,NASA POWER MERRA-2 PRECTOTCORR
2008-04-15,6.95,coffee-minas-south,coffee,-21.5,-45,NASA POWER MERRA-2 PRECTOTCORR
2008-04-16,1.53,coffee-minas-south,coffee,-21.5,-45,NASA POWER MERRA-2 PRECTOTCORR
2008-04-17,1.43,coffee-minas-south,coffee,-21.5,-45,NASA POWER MERRA-2 PRECTOTCORR
2008-04-18,0.6,coffee-minas-south,coffee,-21.5,-45,NASA POWER MERRA-2 PRECTOTCORR
2008-04-19,0.27,coffee-minas-south,coffee,-21.5,-45,NASA POWER MERRA-2 PRECTOTCORR
2008-04-20,12.53,coffee-minas-south,coffee,-21.5,-45,NASA POWER MERRA-2 PRECTOTCORR
2008-04-21,10.1,coffee-minas-south,coffee,-21.5,-45,NASA POWER MERRA-2 PRECTOTCORR
2008-04-22,4.98,coffee-minas-south,coffee,-21.5,-45,NASA POWER MERRA-2 PRECTOTCORR
2008-04-23,1.23,coffee-minas-south,coffee,-21.5,-45,NASA POWER MERRA-2 PRECTOTCORR
2008-04-24,0,coffee-minas-south,coffee,-21.5,-45,NASA POWER MERRA-2 PRECTOTCORR
2008-04-25,0,coffee-minas-south,coffee,-21.5,-45,NASA POWER MERRA-2 PRECTOTCORR
2008-04-26,0,coffee-minas-south,coffee,-21.5,-45,NASA POWER MERRA-2 PRECTOTCORR
2008-04-27,0,coffee-minas-south,coffee,-21.5,-45,NASA POWER MERRA-2 PRECTOTCORR
2008-04-28,1.88,coffee-minas-south,coffee,-21.5,-45,NASA POWER MERRA-2 PRECTOTCORR
2008-04-29,0.76,coffee-minas-south,coffee,-21.5,-45,NASA POWER MERRA-2 PRECTOTCORR
2008-04-30,0.73,coffee-minas-south,coffee,-21.5,-45,NASA POWER MERRA-2 PRECTOTCORR
2008-05-01,0.85,coffee-minas-south,coffee,-21.5,-45,NASA POWER MERRA-2 PRECTOTCORR
2008-05-02,7.19,coffee-minas-south,coffee,-21.5,-45,NASA POWER MERRA-2 PRECTOTCORR
2008-05-03,4.84,coffee-minas-south,coffee,-21.5,-45,NASA POWER MERRA-2 PRECTOTCORR
2008-05-04,0.03,coffee-minas-south,coffee,-21.5,-45,NASA POWER MERRA-2 PRECTOTCORR
2008-05-05,1.83,coffee-minas-south,coffee,-21.5,-45,NASA POWER MERRA-2 PRECTOTCORR
2008-05-06,0,coffee-minas-south,coffee,-21.5,-45,NASA POWER MERRA-2 PRECTOTCORR
2008-05-07,0.85,coffee-minas-south,coffee,-21.5,-45,NASA POWER MERRA-2 PRECTOTCORR
2008-05-08,0.29,coffee-minas-south,coffee,-21.5,-45,NASA POWER MERRA-2 PRECTOTCORR
2008-05-09,0,coffee-minas-south,coffee,-21.5,-45,NASA POWER MERRA-2 PRECTOTCORR
2008-05-10,0.07,coffee-minas-south,coffee,-21.5,-45,NASA POWER MERRA-2 PRECTOTCORR
2008-05-11,0.02,coffee-minas-south,coffee,-21.5,-45,NASA POWER MERRA-2 PRECTOTCORR
2008-05-12,0,coffee-minas-south,coffee,-21.5,-45,NASA POWER MERRA-2 PRECTOTCORR
2008-05-13,0,coffee-minas-south,coffee,-21.5,-45,NASA POWER MERRA-2 PRECTOTCORR
2008-05-14,0,coffee-minas-south,coffee,-21.5,-45,NASA POWER MERRA-2 PRECTOTCORR
2008-05-15,0,coffee-minas-south,coffee,-21.5,-45,NASA POWER MERRA-2 PRECTOTCORR
2008-05-16,0,coffee-minas-south,coffee,-21.5,-45,NASA POWER MERRA-2 PRECTOTCORR
2008-05-17,0.02,coffee-minas-south,coffee,-21.5,-45,NASA POWER MERRA-2 PRECTOTCORR
2008-05-18,0,coffee-minas-south,coffee,-21.5,-45,NASA POWER MERRA-2 PRECTOTCORR
2008-05-19,0,coffee-minas-south,coffee,-21.5,-45,NASA POWER MERRA-2 PRECTOTCORR
2008-05-20,0,coffee-minas-south,coffee,-21.5,-45,NASA POWER MERRA-2 PRECTOTCORR
2008-05-21,9.02,coffee-minas-south,coffee,-21.5,-45,NASA POWER MERRA-2 PRECTOTCORR
2008-05-22,0.19,coffee-minas-south,coffee,-21.5,-45,NASA POWER MERRA-2 PRECTOTCORR
2008-05-23,0,coffee-minas-south,coffee,-21.5,-45,NASA POWER MERRA-2 PRECTOTCORR
2008-05-24,0,coffee-minas-south,coffee,-21.5,-45,NASA POWER MERRA-2 PRECTOTCORR
2008-05-25,0,coffee-minas-south,coffee,-21.5,-45,NASA POWER MERRA-2 PRECTOTCORR
2008-05-26,0,coffee-minas-south,coffee,-21.5,-45,NASA POWER MERRA-2 PRECTOTCORR
2008-05-27,0,coffee-minas-south,coffee,-21.5,-45,NASA POWER MERRA-2 PRECTOTCORR
2008-05-28,0.01,coffee-minas-south,coffee,-21.5,-45,NASA POWER MERRA-2 PRECTOTCORR
2008-05-29,0.22,coffee-minas-south,coffee,-21.5,-45,NASA POWER MERRA-2 PRECTOTCORR
2008-05-30,1.21,coffee-minas-south,coffee,-21.5,-45,NASA POWER MERRA-2 PRECTOTCORR
2008-05-31,2.97,coffee-minas-south,coffee,-21.5,-45,NASA POWER MERRA-2 PRECTOTCORR
2008-06-01,3.94,coffee-minas-south,coffee,-21.5,-45,NASA POWER MERRA-2 PRECTOTCORR
2008-06-02,0.59,coffee-minas-south,coffee,-21.5,-45,NASA POWER MERRA-2 PRECTOTCORR
2008-06-03,0.27,coffee-minas-south,coffee,-21.5,-45,NASA POWER MERRA-2 PRECTOTCORR
2008-06-04,2,coffee-minas-south,coffee,-21.5,-45,NASA POWER MERRA-2 PRECTOTCORR
2008-06-05,0.15,coffee-minas-south,coffee,-21.5,-45,NASA POWER MERRA-2 PRECTOTCORR
2008-06-06,0,coffee-minas-south,coffee,-21.5,-45,NASA POWER MERRA-2 PRECTOTCORR
2008-06-07,0,coffee-minas-south,coffee,-21.5,-45,NASA POWER MERRA-2 PRECTOTCORR
2008-06-08,0,coffee-minas-south,coffee,-21.5,-45,NASA POWER MERRA-2 PRECTOTCORR
2008-06-09,0,coffee-minas-south,coffee,-21.5,-45,NASA POWER MERRA-2 PRECTOTCORR
2008-06-10,0,coffee-minas-south,coffee,-21.5,-45,NASA POWER MERRA-2 PRECTOTCORR
2008-06-11,0,coffee-minas-south,coffee,-21.5,-45,NASA POWER MERRA-2 PRECTOTCORR
2008-06-12,0,coffee-minas-south,coffee,-21.5,-45,NASA POWER MERRA-2 PRECTOTCORR
2008-06-13,0,coffee-minas-south,coffee,-21.5,-45,NASA POWER MERRA-2 PRECTOTCORR
2008-06-14,0,coffee-minas-south,coffee,-21.5,-45,NASA POWER MERRA-2 PRECTOTCORR
2008-06-15,0.02,coffee-minas-south,coffee,-21.5,-45,NASA POWER MERRA-2 PRECTOTCORR
2008-06-16,0.25,coffee-minas-south,coffee,-21.5,-45,NASA POWER MERRA-2 PRECTOTCORR
2008-06-17,0.06,coffee-minas-south,coffee,-21.5,-45,NASA POWER MERRA-2 PRECTOTCORR
2008-06-18,0,coffee-minas-south,coffee,-21.5,-45,NASA POWER MERRA-2 PRECTOTCORR
2008-06-19,0,coffee-minas-south,coffee,-21.5,-45,NASA POWER MERRA-2 PRECTOTCORR
2008-06-20,0,coffee-minas-south,coffee,-21.5,-45,NASA POWER MERRA-2 PRECTOTCORR
2008-06-21,0.01,coffee-minas-south,coffee,-21.5,-45,NASA POWER MERRA-2 PRECTOTCORR
2008-06-22,0.13,coffee-minas-south,coffee,-21.5,-45,NASA POWER MERRA-2 PRECTOTCORR
2008-06-23,1.8,coffee-minas-south,coffee,-21.5,-45,NASA POWER MERRA-2 PRECTOTCORR
2008-06-24,5.04,coffee-minas-south,coffee,-21.5,-45,NASA POWER MERRA-2 PRECTOTCORR
2008-06-25,0.5,coffee-minas-south,coffee,-21.5,-45,NASA POWER MERRA-2 PRECTOTCORR
2008-06-26,0.03,coffee-minas-south,coffee,-21.5,-45,NASA POWER MERRA-2 PRECTOTCORR
2008-06-27,0,coffee-minas-south,coffee,-21.5,-45,NASA POWER MERRA-2 PRECTOTCORR
2008-06-28,0,coffee-minas-south,coffee,-21.5,-45,NASA POWER MERRA-2 PRECTOTCORR
2008-06-29,0,coffee-minas-south,coffee,-21.5,-45,NASA POWER MERRA-2 PRECTOTCORR
2008-06-30,0,coffee-minas-south,coffee,-21.5,-45,NASA POWER MERRA-2 PRECTOTCORR
2008-07-01,0,coffee-minas-south,coffee,-21.5,-45,NASA POWER MERRA-2 PRECTOTCORR
2008-07-02,0,coffee-minas-south,coffee,-21.5,-45,NASA POWER MERRA-2 PRECTOTCORR
2008-07-03,0.21,coffee-minas-south,coffee,-21.5,-45,NASA POWER MERRA-2 PRECTOTCORR
2008-07-04,0.04,coffee-minas-south,coffee,-21.5,-45,NASA POWER MERRA-2 PRECTOTCORR
2008-07-05,0.01,coffee-minas-south,coffee,-21.5,-45,NASA POWER MERRA-2 PRECTOTCORR
2008-07-06,2.55,coffee-minas-south,coffee,-21.5,-45,NASA POWER MERRA-2 PRECTOTCORR
2008-07-07,0,coffee-minas-south,coffee,-21.5,-45,NASA POWER MERRA-2 PRECTOTCORR
2008-07-08,0,coffee-minas-south,coffee,-21.5,-45,NASA POWER MERRA-2 PRECTOTCORR
2008-07-09,0,coffee-minas-south,coffee,-21.5,-45,NASA POWER MERRA-2 PRECTOTCORR
2008-07-10,0.01,coffee-minas-south,coffee,-21.5,-45,NASA POWER MERRA-2 PRECTOTCORR
2008-07-11,0.08,coffee-minas-south,coffee,-21.5,-45,NASA POWER MERRA-2 PRECTOTCORR
2008-07-12,0.08,coffee-minas-south,coffee,-21.5,-45,NASA POWER MERRA-2 PRECTOTCORR
2008-07-13,0,coffee-minas-south,coffee,-21.5,-45,NASA POWER MERRA-2 PRECTOTCORR
2008-07-14,0,coffee-minas-south,coffee,-21.5,-45,NASA POWER MERRA-2 PRECTOTCORR
2008-07-15,0,coffee-minas-south,coffee,-21.5,-45,NASA POWER MERRA-2 PRECTOTCORR
2008-07-16,0,coffee-minas-south,coffee,-21.5,-45,NASA POWER MERRA-2 PRECTOTCORR
2008-07-17,0,coffee-minas-south,coffee,-21.5,-45,NASA POWER MERRA-2 PRECTOTCORR
2008-07-18,0,coffee-minas-south,coffee,-21.5,-45,NASA POWER MERRA-2 PRECTOTCORR
2008-07-19,0,coffee-minas-south,coffee,-21.5,-45,NASA POWER MERRA-2 PRECTOTCORR
2008-07-20,0,coffee-minas-south,coffee,-21.5,-45,NASA POWER MERRA-2 PRECTOTCORR
2008-07-21,0.1,coffee-minas-south,coffee,-21.5,-45,NASA POWER MERRA-2 PRECTOTCORR
2008-07-22,3.51,coffee-minas-south,coffee,-21.5,-45,NASA POWER MERRA-2 PRECTOTCORR
2008-07-23,0,coffee-minas-south,coffee,-21.5,-45,NASA POWER MERRA-2 PRECTOTCORR
2008-07-24,0,coffee-minas-south,coffee,-21.5,-45,NASA POWER MERRA-2 PRECTOTCORR
2008-07-25,0,coffee-minas-south,coffee,-21.5,-45,NASA POWER MERRA-2 PRECTOTCORR
2008-07-26,0,coffee-minas-south,coffee,-21.5,-45,NASA POWER MERRA-2 PRECTOTCORR
2008-07-27,0,coffee-minas-south,coffee,-21.5,-45,NASA POWER MERRA-2 PRECTOTCORR
2008-07-28,0,coffee-minas-south,coffee,-21.5,-45,NASA POWER MERRA-2 PRECTOTCORR
2008-07-29,0,coffee-minas-south,coffee,-21.5,-45,NASA POWER MERRA-2 PRECTOTCORR
2008-07-30,0,coffee-minas-south,coffee,-21.5,-45,NASA POWER MERRA-2 PRECTOTCORR
2008-07-31,0,coffee-minas-south,coffee,-21.5,-45,NASA POWER MERRA-2 PRECTOTCORR
2008-08-01,0.74,coffee-minas-south,coffee,-21.5,-45,NASA POWER MERRA-2 PRECTOTCORR
2008-08-02,0,coffee-minas-south,coffee,-21.5,-45,NASA POWER MERRA-2 PRECTOTCORR
2008-08-03,0.52,coffee-minas-south,coffee,-21.5,-45,NASA POWER MERRA-2 PRECTOTCORR
2008-08-04,0.76,coffee-minas-south,coffee,-21.5,-45,NASA POWER MERRA-2 PRECTOTCORR
2008-08-05,2.88,coffee-minas-south,coffee,-21.5,-45,NASA POWER MERRA-2 PRECTOTCORR
2008-08-06,0.61,coffee-minas-south,coffee,-21.5,-45,NASA POWER MERRA-2 PRECTOTCORR
2008-08-07,6.99,coffee-minas-south,coffee,-21.5,-45,NASA POWER MERRA-2 PRECTOTCORR
2008-08-08,0.22,coffee-minas-south,coffee,-21.5,-45,NASA POWER MERRA-2 PRECTOTCORR
2008-08-09,9.1,coffee-minas-south,coffee,-21.5,-45,NASA POWER MERRA-2 PRECTOTCORR
2008-08-10,0.88,coffee-minas-south,coffee,-21.5,-45,NASA POWER MERRA-2 PRECTOTCORR
2008-08-11,0.02,coffee-minas-south,coffee,-21.5,-45,NASA POWER MERRA-2 PRECTOTCORR
2008-08-12,0,coffee-minas-south,coffee,-21.5,-45,NASA POWER MERRA-2 PRECTOTCORR
2008-08-13,0,coffee-minas-south,coffee,-21.5,-45,NASA POWER MERRA-2 PRECTOTCORR
2008-08-14,0.01,coffee-minas-south,coffee,-21.5,-45,NASA POWER MERRA-2 PRECTOTCORR
2008-08-15,0,coffee-minas-south,coffee,-21.5,-45,NASA POWER MERRA-2 PRECTOTCORR
2008-08-16,0,coffee-minas-south,coffee,-21.5,-45,NASA POWER MERRA-2 PRECTOTCORR
2008-08-17,0.01,coffee-minas-south,coffee,-21.5,-45,NASA POWER MERRA-2 PRECTOTCORR
2008-08-18,0,coffee-minas-south,coffee,-21.5,-45,NASA POWER MERRA-2 PRECTOTCORR
2008-08-19,0.04,coffee-minas-south,coffee,-21.5,-45,NASA POWER MERRA-2 PRECTOTCORR
2008-08-20,0,coffee-minas-south,coffee,-21.5,-45,NASA POWER MERRA-2 PRECTOTCORR
2008-08-21,0,coffee-minas-south,coffee,-21.5,-45,NASA POWER MERRA-2 PRECTOTCORR
2008-08-22,0.54,coffee-minas-south,coffee,-21.5,-45,NASA POWER MERRA-2 PRECTOTCORR
2008-08-23,2,coffee-minas-south,coffee,-21.5,-45,NASA POWER MERRA-2 PRECTOTCORR
2008-08-24,0.04,coffee-minas-south,coffee,-21.5,-45,NASA POWER MERRA-2 PRECTOTCORR
2008-08-25,0,coffee-minas-south,coffee,-21.5,-45,NASA POWER MERRA-2 PRECTOTCORR
2008-08-26,0,coffee-minas-south,coffee,-21.5,-45,NASA POWER MERRA-2 PRECTOTCORR
2008-08-27,0,coffee-minas-south,coffee,-21.5,-45,NASA POWER MERRA-2 PRECTOTCORR
2008-08-28,0,coffee-minas-south,coffee,-21.5,-45,NASA POWER MERRA-2 PRECTOTCORR
2008-08-29,0.23,coffee-minas-south,coffee,-21.5,-45,NASA POWER MERRA-2 PRECTOTCORR
2008-08-30,7.85,coffee-minas-south,coffee,-21.5,-45,NASA POWER MERRA-2 PRECTOTCORR
2008-08-31,0.57,coffee-minas-south,coffee,-21.5,-45,NASA POWER MERRA-2 PRECTOTCORR
2008-09-01,0.08,coffee-minas-south,coffee,-21.5,-45,NASA POWER MERRA-2 PRECTOTCORR
2008-09-02,0.12,coffee-minas-south,coffee,-21.5,-45,NASA POWER MERRA-2 PRECTOTCORR
2008-09-03,0,coffee-minas-south,coffee,-21.5,-45,NASA POWER MERRA-2 PRECTOTCORR
2008-09-04,0,coffee-minas-south,coffee,-21.5,-45,NASA POWER MERRA-2 PRECTOTCORR
2008-09-05,0,coffee-minas-south,coffee,-21.5,-45,NASA POWER MERRA-2 PRECTOTCORR
2008-09-06,0.01,coffee-minas-south,coffee,-21.5,-45,NASA POWER MERRA-2 PRECTOTCORR
2008-09-07,2.56,coffee-minas-south,coffee,-21.5,-45,NASA POWER MERRA-2 PRECTOTCORR
2008-09-08,3.84,coffee-minas-south,coffee,-21.5,-45,NASA POWER MERRA-2 PRECTOTCORR
2008-09-09,0.18,coffee-minas-south,coffee,-21.5,-45,NASA POWER MERRA-2 PRECTOTCORR
2008-09-10,0.86,coffee-minas-south,coffee,-21.5,-45,NASA POWER MERRA-2 PRECTOTCORR
2008-09-11,0,coffee-minas-south,coffee,-21.5,-45,NASA POWER MERRA-2 PRECTOTCORR
2008-09-12,0,coffee-minas-south,coffee,-21.5,-45,NASA POWER MERRA-2 PRECTOTCORR
2008-09-13,0.05,coffee-minas-south,coffee,-21.5,-45,NASA POWER MERRA-2 PRECTOTCORR
2008-09-14,1.38,coffee-minas-south,coffee,-21.5,-45,NASA POWER MERRA-2 PRECTOTCORR
2008-09-15,4,coffee-minas-south,coffee,-21.5,-45,NASA POWER MERRA-2 PRECTOTCORR
2008-09-16,7.68,coffee-minas-south,coffee,-21.5,-45,NASA POWER MERRA-2 PRECTOTCORR
2008-09-17,0.34,coffee-minas-south,coffee,-21.5,-45,NASA POWER MERRA-2 PRECTOTCORR
2008-09-18,0.03,coffee-minas-south,coffee,-21.5,-45,NASA POWER MERRA-2 PRECTOTCORR
2008-09-19,0,coffee-minas-south,coffee,-21.5,-45,NASA POWER MERRA-2 PRECTOTCORR
2008-09-20,17.65,coffee-minas-south,coffee,-21.5,-45,NASA POWER MERRA-2 PRECTOTCORR
2008-09-21,14.64,coffee-minas-south,coffee,-21.5,-45,NASA POWER MERRA-2 PRECTOTCORR
2008-09-22,0.07,coffee-minas-south,coffee,-21.5,-45,NASA POWER MERRA-2 PRECTOTCORR
2008-09-23,0,coffee-minas-south,coffee,-21.5,-45,NASA POWER MERRA-2 PRECTOTCORR
2008-09-24,0,coffee-minas-south,coffee,-21.5,-45,NASA POWER MERRA-2 PRECTOTCORR
2008-09-25,0.04,coffee-minas-south,coffee,-21.5,-45,NASA POWER MERRA-2 PRECTOTCORR
2008-09-26,16.71,coffee-minas-south,coffee,-21.5,-45,NASA POWER MERRA-2 PRECTOTCORR
2008-09-27,4.95,coffee-minas-south,coffee,-21.5,-45,NASA POWER MERRA-2 PRECTOTCORR
2008-09-28,0.05,coffee-minas-south,coffee,-21.5,-45,NASA POWER MERRA-2 PRECTOTCORR
2008-09-29,0.02,coffee-minas-south,coffee,-21.5,-45,NASA POWER MERRA-2 PRECTOTCORR
2008-09-30,0,coffee-minas-south,coffee,-21.5,-45,NASA POWER MERRA-2 PRECTOTCORR
2008-10-01,14.63,coffee-minas-south,coffee,-21.5,-45,NASA POWER MERRA-2 PRECTOTCORR
2008-10-02,3.37,coffee-minas-south,coffee,-21.5,-45,NASA POWER MERRA-2 PRECTOTCORR
2008-10-03,0.26,coffee-minas-south,coffee,-21.5,-45,NASA POWER MERRA-2 PRECTOTCORR
2008-10-04,1.11,coffee-minas-south,coffee,-21.5,-45,NASA POWER MERRA-2 PRECTOTCORR
2008-10-05,2.2,coffee-minas-south,coffee,-21.5,-45,NASA POWER MERRA-2 PRECTOTCORR
2008-10-06,5.2,coffee-minas-south,coffee,-21.5,-45,NASA POWER MERRA-2 PRECTOTCORR
2008-10-07,3.25,coffee-minas-south,coffee,-21.5,-45,NASA POWER MERRA-2 PRECTOTCORR
2008-10-08,0.41,coffee-minas-south,coffee,-21.5,-45,NASA POWER MERRA-2 PRECTOTCORR
2008-10-09,0.25,coffee-minas-south,coffee,-21.5,-45,NASA POWER MERRA-2 PRECTOTCORR
2008-10-10,0.02,coffee-minas-south,coffee,-21.5,-45,NASA POWER MERRA-2 PRECTOTCORR
2008-10-11,0,coffee-minas-south,coffee,-21.5,-45,NASA POWER MERRA-2 PRECTOTCORR
2008-10-12,0,coffee-minas-south,coffee,-21.5,-45,NASA POWER MERRA-2 PRECTOTCORR
2008-10-13,0,coffee-minas-south,coffee,-21.5,-45,NASA POWER MERRA-2 PRECTOTCORR
2008-10-14,0.94,coffee-minas-south,coffee,-21.5,-45,NASA POWER MERRA-2 PRECTOTCORR
2008-10-15,0,coffee-minas-south,coffee,-21.5,-45,NASA POWER MERRA-2 PRECTOTCORR
2008-10-16,0.71,coffee-minas-south,coffee,-21.5,-45,NASA POWER MERRA-2 PRECTOTCORR
2008-10-17,9.51,coffee-minas-south,coffee,-21.5,-45,NASA POWER MERRA-2 PRECTOTCORR
2008-10-18,6.52,coffee-minas-south,coffee,-21.5,-45,NASA POWER MERRA-2 PRECTOTCORR
2008-10-19,9.23,coffee-minas-south,coffee,-21.5,-45,NASA POWER MERRA-2 PRECTOTCORR
2008-10-20,3.91,coffee-minas-south,coffee,-21.5,-45,NASA POWER MERRA-2 PRECTOTCORR
2008-10-21,0.05,coffee-minas-south,coffee,-21.5,-45,NASA POWER MERRA-2 PRECTOTCORR
2008-10-22,1,coffee-minas-south,coffee,-21.5,-45,NASA POWER MERRA-2 PRECTOTCORR
2008-10-23,0.19,coffee-minas-south,coffee,-21.5,-45,NASA POWER MERRA-2 PRECTOTCORR
2008-10-24,0,coffee-minas-south,coffee,-21.5,-45,NASA POWER MERRA-2 PRECTOTCORR
2008-10-25,0,coffee-minas-south,coffee,-21.5,-45,NASA POWER MERRA-2 PRECTOTCORR
2008-10-26,0,coffee-minas-south,coffee,-21.5,-45,NASA POWER MERRA-2 PRECTOTCORR
2008-10-27,0.53,coffee-minas-south,coffee,-21.5,-45,NASA POWER MERRA-2 PRECTOTCORR
2008-10-28,4.71,coffee-minas-south,coffee,-21.5,-45,NASA POWER MERRA-2 PRECTOTCORR
2008-10-29,10.72,coffee-minas-south,coffee,-21.5,-45,NASA POWER MERRA-2 PRECTOTCORR
2008-10-30,2.33,coffee-minas-south,coffee,-21.5,-45,NASA POWER MERRA-2 PRECTOTCORR
2008-10-31,3.23,coffee-minas-south,coffee,-21.5,-45,NASA POWER MERRA-2 PRECTOTCORR
2008-11-01,0.18,coffee-minas-south,coffee,-21.5,-45,NASA POWER MERRA-2 PRECTOTCORR
2008-11-02,4.67,coffee-minas-south,coffee,-21.5,-45,NASA POWER MERRA-2 PRECTOTCORR
2008-11-03,1.38,coffee-minas-south,coffee,-21.5,-45,NASA POWER MERRA-2 PRECTOTCORR
2008-11-04,14.91,coffee-minas-south,coffee,-21.5,-45,NASA POWER MERRA-2 PRECTOTCORR
2008-11-05,2.65,coffee-minas-south,coffee,-21.5,-45,NASA POWER MERRA-2 PRECTOTCORR
2008-11-06,17.34,coffee-minas-south,coffee,-21.5,-45,NASA POWER MERRA-2 PRECTOTCORR
2008-11-07,2.46,coffee-minas-south,coffee,-21.5,-45,NASA POWER MERRA-2 PRECTOTCORR
2008-11-08,2.41,coffee-minas-south,coffee,-21.5,-45,NASA POWER MERRA-2 PRECTOTCORR
2008-11-09,7.17,coffee-minas-south,coffee,-21.5,-45,NASA POWER MERRA-2 PRECTOTCORR
2008-11-10,11.06,coffee-minas-south,coffee,-21.5,-45,NASA POWER MERRA-2 PRECTOTCORR
2008-11-11,2.48,coffee-minas-south,coffee,-21.5,-45,NASA POWER MERRA-2 PRECTOTCORR
2008-11-12,7.04,coffee-minas-south,coffee,-21.5,-45,NASA POWER MERRA-2 PRECTOTCORR
2008-11-13,9.28,coffee-minas-south,coffee,-21.5,-45,NASA POWER MERRA-2 PRECTOTCORR
2008-11-14,12.94,coffee-minas-south,coffee,-21.5,-45,NASA POWER MERRA-2 PRECTOTCORR
2008-11-15,0.33,coffee-minas-south,coffee,-21.5,-45,NASA POWER MERRA-2 PRECTOTCORR
2008-11-16,0.67,coffee-minas-south,coffee,-21.5,-45,NASA POWER MERRA-2 PRECTOTCORR
2008-11-17,11.41,coffee-minas-south,coffee,-21.5,-45,NASA POWER MERRA-2 PRECTOTCORR
2008-11-18,6.93,coffee-minas-south,coffee,-21.5,-45,NASA POWER MERRA-2 PRECTOTCORR
2008-11-19,5.31,coffee-minas-south,coffee,-21.5,-45,NASA POWER MERRA-2 PRECTOTCORR
2008-11-20,0.14,coffee-minas-south,coffee,-21.5,-45,NASA POWER MERRA-2 PRECTOTCORR
2008-11-21,2.31,coffee-minas-south,coffee,-21.5,-45,NASA POWER MERRA-2 PRECTOTCORR
2008-11-22,1.35,coffee-minas-south,coffee,-21.5,-45,NASA POWER MERRA-2 PRECTOTCORR
2008-11-23,2.2,coffee-minas-south,coffee,-21.5,-45,NASA POWER MERRA-2 PRECTOTCORR
2008-11-24,2.36,coffee-minas-south,coffee,-21.5,-45,NASA POWER MERRA-2 PRECTOTCORR
2008-11-25,0.72,coffee-minas-south,coffee,-21.5,-45,NASA POWER MERRA-2 PRECTOTCORR
2008-11-26,1.73,coffee-minas-south,coffee,-21.5,-45,NASA POWER MERRA-2 PRECTOTCORR
2008-11-27,9.65,coffee-minas-south,coffee,-21.5,-45,NASA POWER MERRA-2 PRECTOTCORR
2008-11-28,4.61,coffee-minas-south,coffee,-21.5,-45,NASA POWER MERRA-2 PRECTOTCORR
2008-11-29,3.69,coffee-minas-south,coffee,-21.5,-45,NASA POWER MERRA-2 PRECTOTCORR
2008-11-30,5.77,coffee-minas-south,coffee,-21.5,-45,NASA POWER MERRA-2 PRECTOTCORR
2008-12-01,0.17,coffee-minas-south,coffee,-21.5,-45,NASA POWER MERRA-2 PRECTOTCORR
2008-12-02,3.48,coffee-minas-south,coffee,-21.5,-45,NASA POWER MERRA-2 PRECTOTCORR
2008-12-03,2.95,coffee-minas-south,coffee,-21.5,-45,NASA POWER MERRA-2 PRECTOTCORR
2008-12-04,0.02,coffee-minas-south,coffee,-21.5,-45,NASA POWER MERRA-2 PRECTOTCORR
2008-12-05,0.04,coffee-minas-south,coffee,-21.5,-45,NASA POWER MERRA-2 PRECTOTCORR
2008-12-06,0.15,coffee-minas-south,coffee,-21.5,-45,NASA POWER MERRA-2 PRECTOTCORR
2008-12-07,4.16,coffee-minas-south,coffee,-21.5,-45,NASA POWER MERRA-2 PRECTOTCORR
2008-12-08,6.28,coffee-minas-south,coffee,-21.5,-45,NASA POWER MERRA-2 PRECTOTCORR
2008-12-09,0.12,coffee-minas-south,coffee,-21.5,-45,NASA POWER MERRA-2 PRECTOTCORR
2008-12-10,3.49,coffee-minas-south,coffee,-21.5,-45,NASA POWER MERRA-2 PRECTOTCORR
2008-12-11,4.46,coffee-minas-south,coffee,-21.5,-45,NASA POWER MERRA-2 PRECTOTCORR
2008-12-12,11.57,coffee-minas-south,coffee,-21.5,-45,NASA POWER MERRA-2 PRECTOTCORR
2008-12-13,1.68,coffee-minas-south,coffee,-21.5,-45,NASA POWER MERRA-2 PRECTOTCORR
2008-12-14,18.93,coffee-minas-south,coffee,-21.5,-45,NASA POWER MERRA-2 PRECTOTCORR
2008-12-15,26.8,coffee-minas-south,coffee,-21.5,-45,NASA POWER MERRA-2 PRECTOTCORR
2008-12-16,39.06,coffee-minas-south,coffee,-21.5,-45,NASA POWER MERRA-2 PRECTOTCORR
2008-12-17,14,coffee-minas-south,coffee,-21.5,-45,NASA POWER MERRA-2 PRECTOTCORR
2008-12-18,3.43,coffee-minas-south,coffee,-21.5,-45,NASA POWER MERRA-2 PRECTOTCORR
2008-12-19,8.47,coffee-minas-south,coffee,-21.5,-45,NASA POWER MERRA-2 PRECTOTCORR
2008-12-20,10.23,coffee-minas-south,coffee,-21.5,-45,NASA POWER MERRA-2 PRECTOTCORR
2008-12-21,4.55,coffee-minas-south,coffee,-21.5,-45,NASA POWER MERRA-2 PRECTOTCORR
2008-12-22,15.56,coffee-minas-south,coffee,-21.5,-45,NASA POWER MERRA-2 PRECTOTCORR
2008-12-23,4.48,coffee-minas-south,coffee,-21.5,-45,NASA POWER MERRA-2 PRECTOTCORR
2008-12-24,4.95,coffee-minas-south,coffee,-21.5,-45,NASA POWER MERRA-2 PRECTOTCORR
2008-12-25,9.88,coffee-minas-south,coffee,-21.5,-45,NASA POWER MERRA-2 PRECTOTCORR
2008-12-26,24.11,coffee-minas-south,coffee,-21.5,-45,NASA POWER MERRA-2 PRECTOTCORR
2008-12-27,22.56,coffee-minas-south,coffee,-21.5,-45,NASA POWER MERRA-2 PRECTOTCORR
2008-12-28,10.82,coffee-minas-south,coffee,-21.5,-45,NASA POWER MERRA-2 PRECTOTCORR
2008-12-29,15.48,coffee-minas-south,coffee,-21.5,-45,NASA POWER MERRA-2 PRECTOTCORR
2008-12-30,7.47,coffee-minas-south,coffee,-21.5,-45,NASA POWER MERRA-2 PRECTOTCORR
2008-12-31,25.78,coffee-minas-south,coffee,-21.5,-45,NASA POWER MERRA-2 PRECTOTCORR
2009-01-01,0.45,coffee-minas-south,coffee,-21.5,-45,NASA POWER MERRA-2 PRECTOTCORR
2009-01-02,4.81,coffee-minas-south,coffee,-21.5,-45,NASA POWER MERRA-2 PRECTOTCORR
2009-01-03,5.52,coffee-minas-south,coffee,-21.5,-45,NASA POWER MERRA-2 PRECTOTCORR
2009-01-04,14.45,coffee-minas-south,coffee,-21.5,-45,NASA POWER MERRA-2 PRECTOTCORR
2009-01-05,5.38,coffee-minas-south,coffee,-21.5,-45,NASA POWER MERRA-2 PRECTOTCORR
2009-01-06,0.79,coffee-minas-south,coffee,-21.5,-45,NASA POWER MERRA-2 PRECTOTCORR
2009-01-07,1.52,coffee-minas-south,coffee,-21.5,-45,NASA POWER MERRA-2 PRECTOTCORR
2009-01-08,0.66,coffee-minas-south,coffee,-21.5,-45,NASA POWER MERRA-2 PRECTOTCORR
2009-01-09,2.28,coffee-minas-south,coffee,-21.5,-45,NASA POWER MERRA-2 PRECTOTCORR
2009-01-10,0.84,coffee-minas-south,coffee,-21.5,-45,NASA POWER MERRA-2 PRECTOTCORR
2009-01-11,0,coffee-minas-south,coffee,-21.5,-45,NASA POWER MERRA-2 PRECTOTCORR
2009-01-12,0.14,coffee-minas-south,coffee,-21.5,-45,NASA POWER MERRA-2 PRECTOTCORR
2009-01-13,1.88,coffee-minas-south,coffee,-21.5,-45,NASA POWER MERRA-2 PRECTOTCORR
2009-01-14,8.45,coffee-minas-south,coffee,-21.5,-45,NASA POWER MERRA-2 PRECTOTCORR
2009-01-15,16.42,coffee-minas-south,coffee,-21.5,-45,NASA POWER MERRA-2 PRECTOTCORR
2009-01-16,8.88,coffee-minas-south,coffee,-21.5,-45,NASA POWER MERRA-2 PRECTOTCORR
2009-01-17,13.79,coffee-minas-south,coffee,-21.5,-45,NASA POWER MERRA-2 PRECTOTCORR
2009-01-18,7.24,coffee-minas-south,coffee,-21.5,-45,NASA POWER MERRA-2 PRECTOTCORR
2009-01-19,1.93,coffee-minas-south,coffee,-21.5,-45,NASA POWER MERRA-2 PRECTOTCORR
2009-01-20,34.14,coffee-minas-south,coffee,-21.5,-45,NASA POWER MERRA-2 PRECTOTCORR
2009-01-21,22.41,coffee-minas-south,coffee,-21.5,-45,NASA POWER MERRA-2 PRECTOTCORR
2009-01-22,5.29,coffee-minas-south,coffee,-21.5,-45,NASA POWER MERRA-2 PRECTOTCORR
2009-01-23,1.99,coffee-minas-south,coffee,-21.5,-45,NASA POWER MERRA-2 PRECTOTCORR
2009-01-24,2.61,coffee-minas-south,coffee,-21.5,-45,NASA POWER MERRA-2 PRECTOTCORR
2009-01-25,4.25,coffee-minas-south,coffee,-21.5,-45,NASA POWER MERRA-2 PRECTOTCORR
2009-01-26,15.97,coffee-minas-south,coffee,-21.5,-45,NASA POWER MERRA-2 PRECTOTCORR
2009-01-27,10.48,coffee-minas-south,coffee,-21.5,-45,NASA POWER MERRA-2 PRECTOTCORR
2009-01-28,8.38,coffee-minas-south,coffee,-21.5,-45,NASA POWER MERRA-2 PRECTOTCORR
2009-01-29,9.47,coffee-minas-south,coffee,-21.5,-45,NASA POWER MERRA-2 PRECTOTCORR
2009-01-30,10.18,coffee-minas-south,coffee,-21.5,-45,NASA POWER MERRA-2 PRECTOTCORR
2009-01-31,4.98,coffee-minas-south,coffee,-21.5,-45,NASA POWER MERRA-2 PRECTOTCORR
2009-02-01,2.91,coffee-minas-south,coffee,-21.5,-45,NASA POWER MERRA-2 PRECTOTCORR
2009-02-02,15.24,coffee-minas-south,coffee,-21.5,-45,NASA POWER MERRA-2 PRECTOTCORR
2009-02-03,6.51,coffee-minas-south,coffee,-21.5,-45,NASA POWER MERRA-2 PRECTOTCORR
2009-02-04,3.24,coffee-minas-south,coffee,-21.5,-45,NASA POWER MERRA-2 PRECTOTCORR
2009-02-05,4.07,coffee-minas-south,coffee,-21.5,-45,NASA POWER MERRA-2 PRECTOTCORR
2009-02-06,6.54,coffee-minas-south,coffee,-21.5,-45,NASA POWER MERRA-2 PRECTOTCORR
2009-02-07,1.76,coffee-minas-south,coffee,-21.5,-45,NASA POWER MERRA-2 PRECTOTCORR
2009-02-08,9.83,coffee-minas-south,coffee,-21.5,-45,NASA POWER MERRA-2 PRECTOTCORR
2009-02-09,15.45,coffee-minas-south,coffee,-21.5,-45,NASA POWER MERRA-2 PRECTOTCORR
2009-02-10,21.04,coffee-minas-south,coffee,-21.5,-45,NASA POWER MERRA-2 PRECTOTCORR
2009-02-11,8.11,coffee-minas-south,coffee,-21.5,-45,NASA POWER MERRA-2 PRECTOTCORR
2009-02-12,14.93,coffee-minas-south,coffee,-21.5,-45,NASA POWER MERRA-2 PRECTOTCORR
2009-02-13,19.07,coffee-minas-south,coffee,-21.5,-45,NASA POWER MERRA-2 PRECTOTCORR
2009-02-14,18.88,coffee-minas-south,coffee,-21.5,-45,NASA POWER MERRA-2 PRECTOTCORR
2009-02-15,5.36,coffee-minas-south,coffee,-21.5,-45,NASA POWER MERRA-2 PRECTOTCORR
2009-02-16,0.04,coffee-minas-south,coffee,-21.5,-45,NASA POWER MERRA-2 PRECTOTCORR
2009-02-17,0.07,coffee-minas-south,coffee,-21.5,-45,NASA POWER MERRA-2 PRECTOTCORR
2009-02-18,1.61,coffee-minas-south,coffee,-21.5,-45,NASA POWER MERRA-2 PRECTOTCORR
2009-02-19,0.12,coffee-minas-south,coffee,-21.5,-45,NASA POWER MERRA-2 PRECTOTCORR
2009-02-20,0,coffee-minas-south,coffee,-21.5,-45,NASA POWER MERRA-2 PRECTOTCORR
2009-02-21,0,coffee-minas-south,coffee,-21.5,-45,NASA POWER MERRA-2 PRECTOTCORR
2009-02-22,11.81,coffee-minas-south,coffee,-21.5,-45,NASA POWER MERRA-2 PRECTOTCORR
2009-02-23,6.22,coffee-minas-south,coffee,-21.5,-45,NASA POWER MERRA-2 PRECTOTCORR
2009-02-24,19.94,coffee-minas-south,coffee,-21.5,-45,NASA POWER MERRA-2 PRECTOTCORR
2009-02-25,5.45,coffee-minas-south,coffee,-21.5,-45,NASA POWER MERRA-2 PRECTOTCORR
2009-02-26,5.27,coffee-minas-south,coffee,-21.5,-45,NASA POWER MERRA-2 PRECTOTCORR
2009-02-27,0.58,coffee-minas-south,coffee,-21.5,-45,NASA POWER MERRA-2 PRECTOTCORR
2009-02-28,0,coffee-minas-south,coffee,-21.5,-45,NASA POWER MERRA-2 PRECTOTCORR
2009-03-01,0,coffee-minas-south,coffee,-21.5,-45,NASA POWER MERRA-2 PRECTOTCORR
2009-03-02,0,coffee-minas-south,coffee,-21.5,-45,NASA POWER MERRA-2 PRECTOTCORR
2009-03-03,0.5,coffee-minas-south,coffee,-21.5,-45,NASA POWER MERRA-2 PRECTOTCORR
2009-03-04,5.67,coffee-minas-south,coffee,-21.5,-45,NASA POWER MERRA-2 PRECTOTCORR
2009-03-05,2.59,coffee-minas-south,coffee,-21.5,-45,NASA POWER MERRA-2 PRECTOTCORR
2009-03-06,0.29,coffee-minas-south,coffee,-21.5,-45,NASA POWER MERRA-2 PRECTOTCORR
2009-03-07,11.27,coffee-minas-south,coffee,-21.5,-45,NASA POWER MERRA-2 PRECTOTCORR
2009-03-08,1.06,coffee-minas-south,coffee,-21.5,-45,NASA POWER MERRA-2 PRECTOTCORR
2009-03-09,9.94,coffee-minas-south,coffee,-21.5,-45,NASA POWER MERRA-2 PRECTOTCORR
2009-03-10,1.68,coffee-minas-south,coffee,-21.5,-45,NASA POWER MERRA-2 PRECTOTCORR
2009-03-11,2.33,coffee-minas-south,coffee,-21.5,-45,NASA POWER MERRA-2 PRECTOTCORR
2009-03-12,0.13,coffee-minas-south,coffee,-21.5,-45,NASA POWER MERRA-2 PRECTOTCORR
2009-03-13,3.15,coffee-minas-south,coffee,-21.5,-45,NASA POWER MERRA-2 PRECTOTCORR
2009-03-14,1.48,coffee-minas-south,coffee,-21.5,-45,NASA POWER MERRA-2 PRECTOTCORR
2009-03-15,1.63,coffee-minas-south,coffee,-21.5,-45,NASA POWER MERRA-2 PRECTOTCORR
2009-03-16,0.46,coffee-minas-south,coffee,-21.5,-45,NASA POWER MERRA-2 PRECTOTCORR
2009-03-17,5.67,coffee-minas-south,coffee,-21.5,-45,NASA POWER MERRA-2 PRECTOTCORR
2009-03-18,1.7,coffee-minas-south,coffee,-21.5,-45,NASA POWER MERRA-2 PRECTOTCORR
2009-03-19,0.3,coffee-minas-south,coffee,-21.5,-45,NASA POWER MERRA-2 PRECTOTCORR
2009-03-20,0,coffee-minas-south,coffee,-21.5,-45,NASA POWER MERRA-2 PRECTOTCORR
2009-03-21,7.19,coffee-minas-south,coffee,-21.5,-45,NASA POWER MERRA-2 PRECTOTCORR
2009-03-22,13.13,coffee-minas-south,coffee,-21.5,-45,NASA POWER MERRA-2 PRECTOTCORR
2009-03-23,5.71,coffee-minas-south,coffee,-21.5,-45,NASA POWER MERRA-2 PRECTOTCORR
2009-03-24,8.97,coffee-minas-south,coffee,-21.5,-45,NASA POWER MERRA-2 PRECTOTCORR
2009-03-25,6.06,coffee-minas-south,coffee,-21.5,-45,NASA POWER MERRA-2 PRECTOTCORR
2009-03-26,0.78,coffee-minas-south,coffee,-21.5,-45,NASA POWER MERRA-2 PRECTOTCORR
2009-03-27,10.06,coffee-minas-south,coffee,-21.5,-45,NASA POWER MERRA-2 PRECTOTCORR
2009-03-28,20.56,coffee-minas-south,coffee,-21.5,-45,NASA POWER MERRA-2 PRECTOTCORR
2009-03-29,6.76,coffee-minas-south,coffee,-21.5,-45,NASA POWER MERRA-2 PRECTOTCORR
2009-03-30,15.8,coffee-minas-south,coffee,-21.5,-45,NASA POWER MERRA-2 PRECTOTCORR
2009-03-31,8.27,coffee-minas-south,coffee,-21.5,-45,NASA POWER MERRA-2 PRECTOTCORR
2009-04-01,0.75,coffee-minas-south,coffee,-21.5,-45,NASA POWER MERRA-2 PRECTOTCORR
2009-04-02,4.27,coffee-minas-south,coffee,-21.5,-45,NASA POWER MERRA-2 PRECTOTCORR
2009-04-03,0.31,coffee-minas-south,coffee,-21.5,-45,NASA POWER MERRA-2 PRECTOTCORR
2009-04-04,0.21,coffee-minas-south,coffee,-21.5,-45,NASA POWER MERRA-2 PRECTOTCORR
2009-04-05,4.71,coffee-minas-south,coffee,-21.5,-45,NASA POWER MERRA-2 PRECTOTCORR
2009-04-06,24.03,coffee-minas-south,coffee,-21.5,-45,NASA POWER MERRA-2 PRECTOTCORR
2009-04-07,7,coffee-minas-south,coffee,-21.5,-45,NASA POWER MERRA-2 PRECTOTCORR
2009-04-08,7.63,coffee-minas-south,coffee,-21.5,-45,NASA POWER MERRA-2 PRECTOTCORR
2009-04-09,0.26,coffee-minas-south,coffee,-21.5,-45,NASA POWER MERRA-2 PRECTOTCORR
2009-04-10,0.05,coffee-minas-south,coffee,-21.5,-45,NASA POWER MERRA-2 PRECTOTCORR
2009-04-11,0.14,coffee-minas-south,coffee,-21.5,-45,NASA POWER MERRA-2 PRECTOTCORR
2009-04-12,0.44,coffee-minas-south,coffee,-21.5,-45,NASA POWER MERRA-2 PRECTOTCORR
2009-04-13,18.3,coffee-minas-south,coffee,-21.5,-45,NASA POWER MERRA-2 PRECTOTCORR
2009-04-14,11.58,coffee-minas-south,coffee,-21.5,-45,NASA POWER MERRA-2 PRECTOTCORR
2009-04-15,5.56,coffee-minas-south,coffee,-21.5,-45,NASA POWER MERRA-2 PRECTOTCORR
2009-04-16,0.15,coffee-minas-south,coffee,-21.5,-45,NASA POWER MERRA-2 PRECTOTCORR
2009-04-17,0.01,coffee-minas-south,coffee,-21.5,-45,NASA POWER MERRA-2 PRECTOTCORR
2009-04-18,0.02,coffee-minas-south,coffee,-21.5,-45,NASA POWER MERRA-2 PRECTOTCORR
2009-04-19,0.01,coffee-minas-south,coffee,-21.5,-45,NASA POWER MERRA-2 PRECTOTCORR
2009-04-20,0.03,coffee-minas-south,coffee,-21.5,-45,NASA POWER MERRA-2 PRECTOTCORR
2009-04-21,0.03,coffee-minas-south,coffee,-21.5,-45,NASA POWER MERRA-2 PRECTOTCORR
2009-04-22,0,coffee-minas-south,coffee,-21.5,-45,NASA POWER MERRA-2 PRECTOTCORR
2009-04-23,5.33,coffee-minas-south,coffee,-21.5,-45,NASA POWER MERRA-2 PRECTOTCORR
2009-04-24,0.11,coffee-minas-south,coffee,-21.5,-45,NASA POWER MERRA-2 PRECTOTCORR
2009-04-25,0,coffee-minas-south,coffee,-21.5,-45,NASA POWER MERRA-2 PRECTOTCORR
2009-04-26,0,coffee-minas-south,coffee,-21.5,-45,NASA POWER MERRA-2 PRECTOTCORR
2009-04-27,0.01,coffee-minas-south,coffee,-21.5,-45,NASA POWER MERRA-2 PRECTOTCORR
2009-04-28,0,coffee-minas-south,coffee,-21.5,-45,NASA POWER MERRA-2 PRECTOTCORR
2009-04-29,0,coffee-minas-south,coffee,-21.5,-45,NASA POWER MERRA-2 PRECTOTCORR
2009-04-30,0.15,coffee-minas-south,coffee,-21.5,-45,NASA POWER MERRA-2 PRECTOTCORR
2009-05-01,0.92,coffee-minas-south,coffee,-21.5,-45,NASA POWER MERRA-2 PRECTOTCORR
2009-05-02,1.29,coffee-minas-south,coffee,-21.5,-45,NASA POWER MERRA-2 PRECTOTCORR
2009-05-03,0.44,coffee-minas-south,coffee,-21.5,-45,NASA POWER MERRA-2 PRECTOTCORR
2009-05-04,7.52,coffee-minas-south,coffee,-21.5,-45,NASA POWER MERRA-2 PRECTOTCORR
2009-05-05,2.04,coffee-minas-south,coffee,-21.5,-45,NASA POWER MERRA-2 PRECTOTCORR
2009-05-06,0.01,coffee-minas-south,coffee,-21.5,-45,NASA POWER MERRA-2 PRECTOTCORR
2009-05-07,0,coffee-minas-south,coffee,-21.5,-45,NASA POWER MERRA-2 PRECTOTCORR
2009-05-08,0,coffee-minas-south,coffee,-21.5,-45,NASA POWER MERRA-2 PRECTOTCORR
2009-05-09,2.12,coffee-minas-south,coffee,-21.5,-45,NASA POWER MERRA-2 PRECTOTCORR
2009-05-10,3.21,coffee-minas-south,coffee,-21.5,-45,NASA POWER MERRA-2 PRECTOTCORR
2009-05-11,0.52,coffee-minas-south,coffee,-21.5,-45,NASA POWER MERRA-2 PRECTOTCORR
2009-05-12,0.01,coffee-minas-south,coffee,-21.5,-45,NASA POWER MERRA-2 PRECTOTCORR
2009-05-13,0,coffee-minas-south,coffee,-21.5,-45,NASA POWER MERRA-2 PRECTOTCORR
2009-05-14,2.61,coffee-minas-south,coffee,-21.5,-45,NASA POWER MERRA-2 PRECTOTCORR
2009-05-15,2.98,coffee-minas-south,coffee,-21.5,-45,NASA POWER MERRA-2 PRECTOTCORR
2009-05-16,0.25,coffee-minas-south,coffee,-21.5,-45,NASA POWER MERRA-2 PRECTOTCORR
2009-05-17,0,coffee-minas-south,coffee,-21.5,-45,NASA POWER MERRA-2 PRECTOTCORR
2009-05-18,0,coffee-minas-south,coffee,-21.5,-45,NASA POWER MERRA-2 PRECTOTCORR
2009-05-19,0,coffee-minas-south,coffee,-21.5,-45,NASA POWER MERRA-2 PRECTOTCORR
2009-05-20,0,coffee-minas-south,coffee,-21.5,-45,NASA POWER MERRA-2 PRECTOTCORR
2009-05-21,0,coffee-minas-south,coffee,-21.5,-45,NASA POWER MERRA-2 PRECTOTCORR
2009-05-22,0,coffee-minas-south,coffee,-21.5,-45,NASA POWER MERRA-2 PRECTOTCORR
2009-05-23,0,coffee-minas-south,coffee,-21.5,-45,NASA POWER MERRA-2 PRECTOTCORR
2009-05-24,0,coffee-minas-south,coffee,-21.5,-45,NASA POWER MERRA-2 PRECTOTCORR
2009-05-25,0,coffee-minas-south,coffee,-21.5,-45,NASA POWER MERRA-2 PRECTOTCORR
2009-05-26,1.81,coffee-minas-south,coffee,-21.5,-45,NASA POWER MERRA-2 PRECTOTCORR
2009-05-27,0.07,coffee-minas-south,coffee,-21.5,-45,NASA POWER MERRA-2 PRECTOTCORR
2009-05-28,0.64,coffee-minas-south,coffee,-21.5,-45,NASA POWER MERRA-2 PRECTOTCORR
2009-05-29,0.69,coffee-minas-south,coffee,-21.5,-45,NASA POWER MERRA-2 PRECTOTCORR
2009-05-30,0.06,coffee-minas-south,coffee,-21.5,-45,NASA POWER MERRA-2 PRECTOTCORR
2009-05-31,0.52,coffee-minas-south,coffee,-21.5,-45,NASA POWER MERRA-2 PRECTOTCORR
2009-06-01,0.48,coffee-minas-south,coffee,-21.5,-45,NASA POWER MERRA-2 PRECTOTCORR
2009-06-02,0.01,coffee-minas-south,coffee,-21.5,-45,NASA POWER MERRA-2 PRECTOTCORR
2009-06-03,0,coffee-minas-south,coffee,-21.5,-45,NASA POWER MERRA-2 PRECTOTCORR
2009-06-04,0,coffee-minas-south,coffee,-21.5,-45,NASA POWER MERRA-2 PRECTOTCORR
2009-06-05,1.25,coffee-minas-south,coffee,-21.5,-45,NASA POWER MERRA-2 PRECTOTCORR
2009-06-06,2.04,coffee-minas-south,coffee,-21.5,-45,NASA POWER MERRA-2 PRECTOTCORR
2009-06-07,0.01,coffee-minas-south,coffee,-21.5,-45,NASA POWER MERRA-2 PRECTOTCORR
2009-06-08,0,coffee-minas-south,coffee,-21.5,-45,NASA POWER MERRA-2 PRECTOTCORR
2009-06-09,0,coffee-minas-south,coffee,-21.5,-45,NASA POWER MERRA-2 PRECTOTCORR
2009-06-10,0.94,coffee-minas-south,coffee,-21.5,-45,NASA POWER MERRA-2 PRECTOTCORR
2009-06-11,2.04,coffee-minas-south,coffee,-21.5,-45,NASA POWER MERRA-2 PRECTOTCORR
2009-06-12,3.45,coffee-minas-south,coffee,-21.5,-45,NASA POWER MERRA-2 PRECTOTCORR
2009-06-13,0.52,coffee-minas-south,coffee,-21.5,-45,NASA POWER MERRA-2 PRECTOTCORR
2009-06-14,0,coffee-minas-south,coffee,-21.5,-45,NASA POWER MERRA-2 PRECTOTCORR
2009-06-15,0,coffee-minas-south,coffee,-21.5,-45,NASA POWER MERRA-2 PRECTOTCORR
2009-06-16,0,coffee-minas-south,coffee,-21.5,-45,NASA POWER MERRA-2 PRECTOTCORR
2009-06-17,0,coffee-minas-south,coffee,-21.5,-45,NASA POWER MERRA-2 PRECTOTCORR
2009-06-18,0,coffee-minas-south,coffee,-21.5,-45,NASA POWER MERRA-2 PRECTOTCORR
2009-06-19,0,coffee-minas-south,coffee,-21.5,-45,NASA POWER MERRA-2 PRECTOTCORR
2009-06-20,0,coffee-minas-south,coffee,-21.5,-45,NASA POWER MERRA-2 PRECTOTCORR
2009-06-21,0,coffee-minas-south,coffee,-21.5,-45,NASA POWER MERRA-2 PRECTOTCORR
2009-06-22,0,coffee-minas-south,coffee,-21.5,-45,NASA POWER MERRA-2 PRECTOTCORR
2009-06-23,0,coffee-minas-south,coffee,-21.5,-45,NASA POWER MERRA-2 PRECTOTCORR
2009-06-24,0,coffee-minas-south,coffee,-21.5,-45,NASA POWER MERRA-2 PRECTOTCORR
2009-06-25,1.21,coffee-minas-south,coffee,-21.5,-45,NASA POWER MERRA-2 PRECTOTCORR
2009-06-26,1.36,coffee-minas-south,coffee,-21.5,-45,NASA POWER MERRA-2 PRECTOTCORR
2009-06-27,9.05,coffee-minas-south,coffee,-21.5,-45,NASA POWER MERRA-2 PRECTOTCORR
2009-06-28,1.8,coffee-minas-south,coffee,-21.5,-45,NASA POWER MERRA-2 PRECTOTCORR
2009-06-29,0.1,coffee-minas-south,coffee,-21.5,-45,NASA POWER MERRA-2 PRECTOTCORR
2009-06-30,0,coffee-minas-south,coffee,-21.5,-45,NASA POWER MERRA-2 PRECTOTCORR
2009-07-01,0.01,coffee-minas-south,coffee,-21.5,-45,NASA POWER MERRA-2 PRECTOTCORR
2009-07-02,0,coffee-minas-south,coffee,-21.5,-45,NASA POWER MERRA-2 PRECTOTCORR
2009-07-03,3.18,coffee-minas-south,coffee,-21.5,-45,NASA POWER MERRA-2 PRECTOTCORR
2009-07-04,0.19,coffee-minas-south,coffee,-21.5,-45,NASA POWER MERRA-2 PRECTOTCORR
2009-07-05,0,coffee-minas-south,coffee,-21.5,-45,NASA POWER MERRA-2 PRECTOTCORR
2009-07-06,0,coffee-minas-south,coffee,-21.5,-45,NASA POWER MERRA-2 PRECTOTCORR
2009-07-07,0,coffee-minas-south,coffee,-21.5,-45,NASA POWER MERRA-2 PRECTOTCORR
2009-07-08,0,coffee-minas-south,coffee,-21.5,-45,NASA POWER MERRA-2 PRECTOTCORR
2009-07-09,0.18,coffee-minas-south,coffee,-21.5,-45,NASA POWER MERRA-2 PRECTOTCORR
2009-07-10,0.03,coffee-minas-south,coffee,-21.5,-45,NASA POWER MERRA-2 PRECTOTCORR
2009-07-11,4.85,coffee-minas-south,coffee,-21.5,-45,NASA POWER MERRA-2 PRECTOTCORR
2009-07-12,8.04,coffee-minas-south,coffee,-21.5,-45,NASA POWER MERRA-2 PRECTOTCORR
2009-07-13,0,coffee-minas-south,coffee,-21.5,-45,NASA POWER MERRA-2 PRECTOTCORR
2009-07-14,0,coffee-minas-south,coffee,-21.5,-45,NASA POWER MERRA-2 PRECTOTCORR
2009-07-15,0,coffee-minas-south,coffee,-21.5,-45,NASA POWER MERRA-2 PRECTOTCORR
2009-07-16,0,coffee-minas-south,coffee,-21.5,-45,NASA POWER MERRA-2 PRECTOTCORR
2009-07-17,0,coffee-minas-south,coffee,-21.5,-45,NASA POWER MERRA-2 PRECTOTCORR
2009-07-18,0.39,coffee-minas-south,coffee,-21.5,-45,NASA POWER MERRA-2 PRECTOTCORR
2009-07-19,0.68,coffee-minas-south,coffee,-21.5,-45,NASA POWER MERRA-2 PRECTOTCORR
2009-07-20,0,coffee-minas-south,coffee,-21.5,-45,NASA POWER MERRA-2 PRECTOTCORR
2009-07-21,0,coffee-minas-south,coffee,-21.5,-45,NASA POWER MERRA-2 PRECTOTCORR
2009-07-22,0,coffee-minas-south,coffee,-21.5,-45,NASA POWER MERRA-2 PRECTOTCORR
2009-07-23,0.03,coffee-minas-south,coffee,-21.5,-45,NASA POWER MERRA-2 PRECTOTCORR
2009-07-24,1.13,coffee-minas-south,coffee,-21.5,-45,NASA POWER MERRA-2 PRECTOTCORR
2009-07-25,0.75,coffee-minas-south,coffee,-21.5,-45,NASA POWER MERRA-2 PRECTOTCORR
2009-07-26,0.1,coffee-minas-south,coffee,-21.5,-45,NASA POWER MERRA-2 PRECTOTCORR
2009-07-27,0.41,coffee-minas-south,coffee,-21.5,-45,NASA POWER MERRA-2 PRECTOTCORR
2009-07-28,0.14,coffee-minas-south,coffee,-21.5,-45,NASA POWER MERRA-2 PRECTOTCORR
2009-07-29,0.02,coffee-minas-south,coffee,-21.5,-45,NASA POWER MERRA-2 PRECTOTCORR
2009-07-30,0.71,coffee-minas-south,coffee,-21.5,-45,NASA POWER MERRA-2 PRECTOTCORR
2009-07-31,0.18,coffee-minas-south,coffee,-21.5,-45,NASA POWER MERRA-2 PRECTOTCORR
2009-08-01,0,coffee-minas-south,coffee,-21.5,-45,NASA POWER MERRA-2 PRECTOTCORR
2009-08-02,0,coffee-minas-south,coffee,-21.5,-45,NASA POWER MERRA-2 PRECTOTCORR
2009-08-03,0.04,coffee-minas-south,coffee,-21.5,-45,NASA POWER MERRA-2 PRECTOTCORR
2009-08-04,0,coffee-minas-south,coffee,-21.5,-45,NASA POWER MERRA-2 PRECTOTCORR
2009-08-05,0,coffee-minas-south,coffee,-21.5,-45,NASA POWER MERRA-2 PRECTOTCORR
2009-08-06,0,coffee-minas-south,coffee,-21.5,-45,NASA POWER MERRA-2 PRECTOTCORR
2009-08-07,0,coffee-minas-south,coffee,-21.5,-45,NASA POWER MERRA-2 PRECTOTCORR
2009-08-08,0,coffee-minas-south,coffee,-21.5,-45,NASA POWER MERRA-2 PRECTOTCORR
2009-08-09,0,coffee-minas-south,coffee,-21.5,-45,NASA POWER MERRA-2 PRECTOTCORR
2009-08-10,0,coffee-minas-south,coffee,-21.5,-45,NASA POWER MERRA-2 PRECTOTCORR
2009-08-11,0,coffee-minas-south,coffee,-21.5,-45,NASA POWER MERRA-2 PRECTOTCORR
2009-08-12,0,coffee-minas-south,coffee,-21.5,-45,NASA POWER MERRA-2 PRECTOTCORR
2009-08-13,0,coffee-minas-south,coffee,-21.5,-45,NASA POWER MERRA-2 PRECTOTCORR
2009-08-14,0,coffee-minas-south,coffee,-21.5,-45,NASA POWER MERRA-2 PRECTOTCORR
2009-08-15,0,coffee-minas-south,coffee,-21.5,-45,NASA POWER MERRA-2 PRECTOTCORR
2009-08-16,0,coffee-minas-south,coffee,-21.5,-45,NASA POWER MERRA-2 PRECTOTCORR
2009-08-17,0,coffee-minas-south,coffee,-21.5,-45,NASA POWER MERRA-2 PRECTOTCORR
2009-08-18,0.54,coffee-minas-south,coffee,-21.5,-45,NASA POWER MERRA-2 PRECTOTCORR
2009-08-19,6.1,coffee-minas-south,coffee,-21.5,-45,NASA POWER MERRA-2 PRECTOTCORR
2009-08-20,3.17,coffee-minas-south,coffee,-21.5,-45,NASA POWER MERRA-2 PRECTOTCORR
2009-08-21,0.71,coffee-minas-south,coffee,-21.5,-45,NASA POWER MERRA-2 PRECTOTCORR
2009-08-22,0.01,coffee-minas-south,coffee,-21.5,-45,NASA POWER MERRA-2 PRECTOTCORR
2009-08-23,10.03,coffee-minas-south,coffee,-21.5,-45,NASA POWER MERRA-2 PRECTOTCORR
2009-08-24,5.94,coffee-minas-south,coffee,-21.5,-45,NASA POWER MERRA-2 PRECTOTCORR
2009-08-25,4.42,coffee-minas-south,coffee,-21.5,-45,NASA POWER MERRA-2 PRECTOTCORR
2009-08-26,0.42,coffee-minas-south,coffee,-21.5,-45,NASA POWER MERRA-2 PRECTOTCORR
2009-08-27,0,coffee-minas-south,coffee,-21.5,-45,NASA POWER MERRA-2 PRECTOTCORR
2009-08-28,0,coffee-minas-south,coffee,-21.5,-45,NASA POWER MERRA-2 PRECTOTCORR
2009-08-29,0,coffee-minas-south,coffee,-21.5,-45,NASA POWER MERRA-2 PRECTOTCORR
2009-08-30,0,coffee-minas-south,coffee,-21.5,-45,NASA POWER MERRA-2 PRECTOTCORR
2009-08-31,0,coffee-minas-south,coffee,-21.5,-45,NASA POWER MERRA-2 PRECTOTCORR
2009-09-01,0,coffee-minas-south,coffee,-21.5,-45,NASA POWER MERRA-2 PRECTOTCORR
2009-09-02,0,coffee-minas-south,coffee,-21.5,-45,NASA POWER MERRA-2 PRECTOTCORR
2009-09-03,0.14,coffee-minas-south,coffee,-21.5,-45,NASA POWER MERRA-2 PRECTOTCORR
2009-09-04,2.43,coffee-minas-south,coffee,-21.5,-45,NASA POWER MERRA-2 PRECTOTCORR
2009-09-05,0.39,coffee-minas-south,coffee,-21.5,-45,NASA POWER MERRA-2 PRECTOTCORR
2009-09-06,15.35,coffee-minas-south,coffee,-21.5,-45,NASA POWER MERRA-2 PRECTOTCORR
2009-09-07,0.22,coffee-minas-south,coffee,-21.5,-45,NASA POWER MERRA-2 PRECTOTCORR
2009-09-08,17.02,coffee-minas-south,coffee,-21.5,-45,NASA POWER MERRA-2 PRECTOTCORR
2009-09-09,1.62,coffee-minas-south,coffee,-21.5,-45,NASA POWER MERRA-2 PRECTOTCORR
2009-09-10,0.02,coffee-minas-south,coffee,-21.5,-45,NASA POWER MERRA-2 PRECTOTCORR
2009-09-11,0,coffee-minas-south,coffee,-21.5,-45,NASA POWER MERRA-2 PRECTOTCORR
2009-09-12,0,coffee-minas-south,coffee,-21.5,-45,NASA POWER MERRA-2 PRECTOTCORR
2009-09-13,0,coffee-minas-south,coffee,-21.5,-45,NASA POWER MERRA-2 PRECTOTCORR
2009-09-14,0.17,coffee-minas-south,coffee,-21.5,-45,NASA POWER MERRA-2 PRECTOTCORR
2009-09-15,1.07,coffee-minas-south,coffee,-21.5,-45,NASA POWER MERRA-2 PRECTOTCORR
2009-09-16,0.08,coffee-minas-south,coffee,-21.5,-45,NASA POWER MERRA-2 PRECTOTCORR
2009-09-17,0,coffee-minas-south,coffee,-21.5,-45,NASA POWER MERRA-2 PRECTOTCORR
2009-09-18,0.05,coffee-minas-south,coffee,-21.5,-45,NASA POWER MERRA-2 PRECTOTCORR
2009-09-19,0.12,coffee-minas-south,coffee,-21.5,-45,NASA POWER MERRA-2 PRECTOTCORR
2009-09-20,0.13,coffee-minas-south,coffee,-21.5,-45,NASA POWER MERRA-2 PRECTOTCORR
2009-09-21,39.78,coffee-minas-south,coffee,-21.5,-45,NASA POWER MERRA-2 PRECTOTCORR
2009-09-22,0.9,coffee-minas-south,coffee,-21.5,-45,NASA POWER MERRA-2 PRECTOTCORR
2009-09-23,10.87,coffee-minas-south,coffee,-21.5,-45,NASA POWER MERRA-2 PRECTOTCORR
2009-09-24,1.7,coffee-minas-south,coffee,-21.5,-45,NASA POWER MERRA-2 PRECTOTCORR
2009-09-25,0.14,coffee-minas-south,coffee,-21.5,-45,NASA POWER MERRA-2 PRECTOTCORR
2009-09-26,0,coffee-minas-south,coffee,-21.5,-45,NASA POWER MERRA-2 PRECTOTCORR
2009-09-27,0,coffee-minas-south,coffee,-21.5,-45,NASA POWER MERRA-2 PRECTOTCORR
2009-09-28,0.04,coffee-minas-south,coffee,-21.5,-45,NASA POWER MERRA-2 PRECTOTCORR
2009-09-29,3.95,coffee-minas-south,coffee,-21.5,-45,NASA POWER MERRA-2 PRECTOTCORR
2009-09-30,0.15,coffee-minas-south,coffee,-21.5,-45,NASA POWER MERRA-2 PRECTOTCORR
2009-10-01,0.01,coffee-minas-south,coffee,-21.5,-45,NASA POWER MERRA-2 PRECTOTCORR
2009-10-02,0.67,coffee-minas-south,coffee,-21.5,-45,NASA POWER MERRA-2 PRECTOTCORR
2009-10-03,8.62,coffee-minas-south,coffee,-21.5,-45,NASA POWER MERRA-2 PRECTOTCORR
2009-10-04,0.23,coffee-minas-south,coffee,-21.5,-45,NASA POWER MERRA-2 PRECTOTCORR
2009-10-05,0.02,coffee-minas-south,coffee,-21.5,-45,NASA POWER MERRA-2 PRECTOTCORR
2009-10-06,2.35,coffee-minas-south,coffee,-21.5,-45,NASA POWER MERRA-2 PRECTOTCORR
2009-10-07,5.53,coffee-minas-south,coffee,-21.5,-45,NASA POWER MERRA-2 PRECTOTCORR
2009-10-08,17.56,coffee-minas-south,coffee,-21.5,-45,NASA POWER MERRA-2 PRECTOTCORR
2009-10-09,3.46,coffee-minas-south,coffee,-21.5,-45,NASA POWER MERRA-2 PRECTOTCORR
2009-10-10,1.8,coffee-minas-south,coffee,-21.5,-45,NASA POWER MERRA-2 PRECTOTCORR
2009-10-11,0.23,coffee-minas-south,coffee,-21.5,-45,NASA POWER MERRA-2 PRECTOTCORR
2009-10-12,0.15,coffee-minas-south,coffee,-21.5,-45,NASA POWER MERRA-2 PRECTOTCORR
2009-10-13,0.01,coffee-minas-south,coffee,-21.5,-45,NASA POWER MERRA-2 PRECTOTCORR
2009-10-14,5.25,coffee-minas-south,coffee,-21.5,-45,NASA POWER MERRA-2 PRECTOTCORR
2009-10-15,3,coffee-minas-south,coffee,-21.5,-45,NASA POWER MERRA-2 PRECTOTCORR
2009-10-16,5.8,coffee-minas-south,coffee,-21.5,-45,NASA POWER MERRA-2 PRECTOTCORR
2009-10-17,17.15,coffee-minas-south,coffee,-21.5,-45,NASA POWER MERRA-2 PRECTOTCORR
2009-10-18,2.95,coffee-minas-south,coffee,-21.5,-45,NASA POWER MERRA-2 PRECTOTCORR
2009-10-19,12.78,coffee-minas-south,coffee,-21.5,-45,NASA POWER MERRA-2 PRECTOTCORR
2009-10-20,1.46,coffee-minas-south,coffee,-21.5,-45,NASA POWER MERRA-2 PRECTOTCORR
2009-10-21,12.45,coffee-minas-south,coffee,-21.5,-45,NASA POWER MERRA-2 PRECTOTCORR
2009-10-22,5.51,coffee-minas-south,coffee,-21.5,-45,NASA POWER MERRA-2 PRECTOTCORR
2009-10-23,0.17,coffee-minas-south,coffee,-21.5,-45,NASA POWER MERRA-2 PRECTOTCORR
2009-10-24,0.05,coffee-minas-south,coffee,-21.5,-45,NASA POWER MERRA-2 PRECTOTCORR
2009-10-25,15.03,coffee-minas-south,coffee,-21.5,-45,NASA POWER MERRA-2 PRECTOTCORR
2009-10-26,7.97,coffee-minas-south,coffee,-21.5,-45,NASA POWER MERRA-2 PRECTOTCORR
2009-10-27,3.96,coffee-minas-south,coffee,-21.5,-45,NASA POWER MERRA-2 PRECTOTCORR
2009-10-28,0.56,coffee-minas-south,coffee,-21.5,-45,NASA POWER MERRA-2 PRECTOTCORR
2009-10-29,2.2,coffee-minas-south,coffee,-21.5,-45,NASA POWER MERRA-2 PRECTOTCORR
2009-10-30,0.28,coffee-minas-south,coffee,-21.5,-45,NASA POWER MERRA-2 PRECTOTCORR
2009-10-31,0.14,coffee-minas-south,coffee,-21.5,-45,NASA POWER MERRA-2 PRECTOTCORR
2009-11-01,2.9,coffee-minas-south,coffee,-21.5,-45,NASA POWER MERRA-2 PRECTOTCORR
2009-11-02,2.82,coffee-minas-south,coffee,-21.5,-45,NASA POWER MERRA-2 PRECTOTCORR
2009-11-03,10.78,coffee-minas-south,coffee,-21.5,-45,NASA POWER MERRA-2 PRECTOTCORR
2009-11-04,7.25,coffee-minas-south,coffee,-21.5,-45,NASA POWER MERRA-2 PRECTOTCORR
2009-11-05,2.22,coffee-minas-south,coffee,-21.5,-45,NASA POWER MERRA-2 PRECTOTCORR
2009-11-06,0.07,coffee-minas-south,coffee,-21.5,-45,NASA POWER MERRA-2 PRECTOTCORR
2009-11-07,1.26,coffee-minas-south,coffee,-21.5,-45,NASA POWER MERRA-2 PRECTOTCORR
2009-11-08,2.35,coffee-minas-south,coffee,-21.5,-45,NASA POWER MERRA-2 PRECTOTCORR
2009-11-09,7.69,coffee-minas-south,coffee,-21.5,-45,NASA POWER MERRA-2 PRECTOTCORR
2009-11-10,12.16,coffee-minas-south,coffee,-21.5,-45,NASA POWER MERRA-2 PRECTOTCORR
2009-11-11,3.91,coffee-minas-south,coffee,-21.5,-45,NASA POWER MERRA-2 PRECTOTCORR
2009-11-12,3.1,coffee-minas-south,coffee,-21.5,-45,NASA POWER MERRA-2 PRECTOTCORR
2009-11-13,0.68,coffee-minas-south,coffee,-21.5,-45,NASA POWER MERRA-2 PRECTOTCORR
2009-11-14,0,coffee-minas-south,coffee,-21.5,-45,NASA POWER MERRA-2 PRECTOTCORR
2009-11-15,15.68,coffee-minas-south,coffee,-21.5,-45,NASA POWER MERRA-2 PRECTOTCORR
2009-11-16,4.11,coffee-minas-south,coffee,-21.5,-45,NASA POWER MERRA-2 PRECTOTCORR
2009-11-17,0.19,coffee-minas-south,coffee,-21.5,-45,NASA POWER MERRA-2 PRECTOTCORR
2009-11-18,0,coffee-minas-south,coffee,-21.5,-45,NASA POWER MERRA-2 PRECTOTCORR
2009-11-19,0,coffee-minas-south,coffee,-21.5,-45,NASA POWER MERRA-2 PRECTOTCORR
2009-11-20,1.81,coffee-minas-south,coffee,-21.5,-45,NASA POWER MERRA-2 PRECTOTCORR
2009-11-21,0.17,coffee-minas-south,coffee,-21.5,-45,NASA POWER MERRA-2 PRECTOTCORR
2009-11-22,0,coffee-minas-south,coffee,-21.5,-45,NASA POWER MERRA-2 PRECTOTCORR
2009-11-23,0.01,coffee-minas-south,coffee,-21.5,-45,NASA POWER MERRA-2 PRECTOTCORR
2009-11-24,2.4,coffee-minas-south,coffee,-21.5,-45,NASA POWER MERRA-2 PRECTOTCORR
2009-11-25,9.85,coffee-minas-south,coffee,-21.5,-45,NASA POWER MERRA-2 PRECTOTCORR
2009-11-26,2.4,coffee-minas-south,coffee,-21.5,-45,NASA POWER MERRA-2 PRECTOTCORR
2009-11-27,10,coffee-minas-south,coffee,-21.5,-45,NASA POWER MERRA-2 PRECTOTCORR
2009-11-28,8.86,coffee-minas-south,coffee,-21.5,-45,NASA POWER MERRA-2 PRECTOTCORR
2009-11-29,3.27,coffee-minas-south,coffee,-21.5,-45,NASA POWER MERRA-2 PRECTOTCORR
2009-11-30,9.3,coffee-minas-south,coffee,-21.5,-45,NASA POWER MERRA-2 PRECTOTCORR
2009-12-01,5.5,coffee-minas-south,coffee,-21.5,-45,NASA POWER MERRA-2 PRECTOTCORR
2009-12-02,5.78,coffee-minas-south,coffee,-21.5,-45,NASA POWER MERRA-2 PRECTOTCORR
2009-12-03,9.52,coffee-minas-south,coffee,-21.5,-45,NASA POWER MERRA-2 PRECTOTCORR
2009-12-04,11.15,coffee-minas-south,coffee,-21.5,-45,NASA POWER MERRA-2 PRECTOTCORR
2009-12-05,10.39,coffee-minas-south,coffee,-21.5,-45,NASA POWER MERRA-2 PRECTOTCORR
2009-12-06,14.25,coffee-minas-south,coffee,-21.5,-45,NASA POWER MERRA-2 PRECTOTCORR
2009-12-07,21.9,coffee-minas-south,coffee,-21.5,-45,NASA POWER MERRA-2 PRECTOTCORR
2009-12-08,18.66,coffee-minas-south,coffee,-21.5,-45,NASA POWER MERRA-2 PRECTOTCORR
2009-12-09,28.55,coffee-minas-south,coffee,-21.5,-45,NASA POWER MERRA-2 PRECTOTCORR
2009-12-10,8.02,coffee-minas-south,coffee,-21.5,-45,NASA POWER MERRA-2 PRECTOTCORR
2009-12-11,3.92,coffee-minas-south,coffee,-21.5,-45,NASA POWER MERRA-2 PRECTOTCORR
2009-12-12,0.1,coffee-minas-south,coffee,-21.5,-45,NASA POWER MERRA-2 PRECTOTCORR
2009-12-13,5.97,coffee-minas-south,coffee,-21.5,-45,NASA POWER MERRA-2 PRECTOTCORR
2009-12-14,6.1,coffee-minas-south,coffee,-21.5,-45,NASA POWER MERRA-2 PRECTOTCORR
2009-12-15,0.97,coffee-minas-south,coffee,-21.5,-45,NASA POWER MERRA-2 PRECTOTCORR
2009-12-16,1.15,coffee-minas-south,coffee,-21.5,-45,NASA POWER MERRA-2 PRECTOTCORR
2009-12-17,3.07,coffee-minas-south,coffee,-21.5,-45,NASA POWER MERRA-2 PRECTOTCORR
2009-12-18,6.02,coffee-minas-south,coffee,-21.5,-45,NASA POWER MERRA-2 PRECTOTCORR
2009-12-19,0.75,coffee-minas-south,coffee,-21.5,-45,NASA POWER MERRA-2 PRECTOTCORR
2009-12-20,1.42,coffee-minas-south,coffee,-21.5,-45,NASA POWER MERRA-2 PRECTOTCORR
2009-12-21,10.35,coffee-minas-south,coffee,-21.5,-45,NASA POWER MERRA-2 PRECTOTCORR
2009-12-22,3.26,coffee-minas-south,coffee,-21.5,-45,NASA POWER MERRA-2 PRECTOTCORR
2009-12-23,3.22,coffee-minas-south,coffee,-21.5,-45,NASA POWER MERRA-2 PRECTOTCORR
2009-12-24,13.01,coffee-minas-south,coffee,-21.5,-45,NASA POWER MERRA-2 PRECTOTCORR
2009-12-25,14.68,coffee-minas-south,coffee,-21.5,-45,NASA POWER MERRA-2 PRECTOTCORR
2009-12-26,22.04,coffee-minas-south,coffee,-21.5,-45,NASA POWER MERRA-2 PRECTOTCORR
2009-12-27,33.03,coffee-minas-south,coffee,-21.5,-45,NASA POWER MERRA-2 PRECTOTCORR
2009-12-28,15,coffee-minas-south,coffee,-21.5,-45,NASA POWER MERRA-2 PRECTOTCORR
2009-12-29,16.81,coffee-minas-south,coffee,-21.5,-45,NASA POWER MERRA-2 PRECTOTCORR
2009-12-30,14.71,coffee-minas-south,coffee,-21.5,-45,NASA POWER MERRA-2 PRECTOTCORR
2009-12-31,8.01,coffee-minas-south,coffee,-21.5,-45,NASA POWER MERRA-2 PRECTOTCORR
2010-01-01,9.27,coffee-minas-south,coffee,-21.5,-45,NASA POWER MERRA-2 PRECTOTCORR
2010-01-02,0.13,coffee-minas-south,coffee,-21.5,-45,NASA POWER MERRA-2 PRECTOTCORR
2010-01-03,0,coffee-minas-south,coffee,-21.5,-45,NASA POWER MERRA-2 PRECTOTCORR
2010-01-04,0.41,coffee-minas-south,coffee,-21.5,-45,NASA POWER MERRA-2 PRECTOTCORR
2010-01-05,4.45,coffee-minas-south,coffee,-21.5,-45,NASA POWER MERRA-2 PRECTOTCORR
2010-01-06,3.13,coffee-minas-south,coffee,-21.5,-45,NASA POWER MERRA-2 PRECTOTCORR
2010-01-07,9.26,coffee-minas-south,coffee,-21.5,-45,NASA POWER MERRA-2 PRECTOTCORR
2010-01-08,1.06,coffee-minas-south,coffee,-21.5,-45,NASA POWER MERRA-2 PRECTOTCORR
2010-01-09,0.04,coffee-minas-south,coffee,-21.5,-45,NASA POWER MERRA-2 PRECTOTCORR
2010-01-10,0.01,coffee-minas-south,coffee,-21.5,-45,NASA POWER MERRA-2 PRECTOTCORR
2010-01-11,0.25,coffee-minas-south,coffee,-21.5,-45,NASA POWER MERRA-2 PRECTOTCORR
2010-01-12,3.23,coffee-minas-south,coffee,-21.5,-45,NASA POWER MERRA-2 PRECTOTCORR
2010-01-13,8.23,coffee-minas-south,coffee,-21.5,-45,NASA POWER MERRA-2 PRECTOTCORR
2010-01-14,13.03,coffee-minas-south,coffee,-21.5,-45,NASA POWER MERRA-2 PRECTOTCORR
2010-01-15,7.75,coffee-minas-south,coffee,-21.5,-45,NASA POWER MERRA-2 PRECTOTCORR
2010-01-16,2.77,coffee-minas-south,coffee,-21.5,-45,NASA POWER MERRA-2 PRECTOTCORR
2010-01-17,0.91,coffee-minas-south,coffee,-21.5,-45,NASA POWER MERRA-2 PRECTOTCORR
2010-01-18,1.32,coffee-minas-south,coffee,-21.5,-45,NASA POWER MERRA-2 PRECTOTCORR
2010-01-19,8.63,coffee-minas-south,coffee,-21.5,-45,NASA POWER MERRA-2 PRECTOTCORR
2010-01-20,8.56,coffee-minas-south,coffee,-21.5,-45,NASA POWER MERRA-2 PRECTOTCORR
2010-01-21,14.88,coffee-minas-south,coffee,-21.5,-45,NASA POWER MERRA-2 PRECTOTCORR
2010-01-22,9.11,coffee-minas-south,coffee,-21.5,-45,NASA POWER MERRA-2 PRECTOTCORR
2010-01-23,5.22,coffee-minas-south,coffee,-21.5,-45,NASA POWER MERRA-2 PRECTOTCORR
2010-01-24,27.64,coffee-minas-south,coffee,-21.5,-45,NASA POWER MERRA-2 PRECTOTCORR
2010-01-25,12.42,coffee-minas-south,coffee,-21.5,-45,NASA POWER MERRA-2 PRECTOTCORR
2010-01-26,14.01,coffee-minas-south,coffee,-21.5,-45,NASA POWER MERRA-2 PRECTOTCORR
2010-01-27,3.03,coffee-minas-south,coffee,-21.5,-45,NASA POWER MERRA-2 PRECTOTCORR
2010-01-28,2.48,coffee-minas-south,coffee,-21.5,-45,NASA POWER MERRA-2 PRECTOTCORR
2010-01-29,0.06,coffee-minas-south,coffee,-21.5,-45,NASA POWER MERRA-2 PRECTOTCORR
2010-01-30,0.01,coffee-minas-south,coffee,-21.5,-45,NASA POWER MERRA-2 PRECTOTCORR
2010-01-31,0.78,coffee-minas-south,coffee,-21.5,-45,NASA POWER MERRA-2 PRECTOTCORR
2010-02-01,0.35,coffee-minas-south,coffee,-21.5,-45,NASA POWER MERRA-2 PRECTOTCORR
2010-02-02,2.69,coffee-minas-south,coffee,-21.5,-45,NASA POWER MERRA-2 PRECTOTCORR
2010-02-03,0.56,coffee-minas-south,coffee,-21.5,-45,NASA POWER MERRA-2 PRECTOTCORR
2010-02-04,4.86,coffee-minas-south,coffee,-21.5,-45,NASA POWER MERRA-2 PRECTOTCORR
2010-02-05,2.68,coffee-minas-south,coffee,-21.5,-45,NASA POWER MERRA-2 PRECTOTCORR
2010-02-06,0.59,coffee-minas-south,coffee,-21.5,-45,NASA POWER MERRA-2 PRECTOTCORR
2010-02-07,0.25,coffee-minas-south,coffee,-21.5,-45,NASA POWER MERRA-2 PRECTOTCORR
2010-02-08,0.06,coffee-minas-south,coffee,-21.5,-45,NASA POWER MERRA-2 PRECTOTCORR
2010-02-09,3.85,coffee-minas-south,coffee,-21.5,-45,NASA POWER MERRA-2 PRECTOTCORR
2010-02-10,4.01,coffee-minas-south,coffee,-21.5,-45,NASA POWER MERRA-2 PRECTOTCORR
2010-02-11,0.08,coffee-minas-south,coffee,-21.5,-45,NASA POWER MERRA-2 PRECTOTCORR
2010-02-12,0,coffee-minas-south,coffee,-21.5,-45,NASA POWER MERRA-2 PRECTOTCORR
2010-02-13,0,coffee-minas-south,coffee,-21.5,-45,NASA POWER MERRA-2 PRECTOTCORR
2010-02-14,0.02,coffee-minas-south,coffee,-21.5,-45,NASA POWER MERRA-2 PRECTOTCORR
2010-02-15,0,coffee-minas-south,coffee,-21.5,-45,NASA POWER MERRA-2 PRECTOTCORR
2010-02-16,0.21,coffee-minas-south,coffee,-21.5,-45,NASA POWER MERRA-2 PRECTOTCORR
2010-02-17,8,coffee-minas-south,coffee,-21.5,-45,NASA POWER MERRA-2 PRECTOTCORR
2010-02-18,16.92,coffee-minas-south,coffee,-21.5,-45,NASA POWER MERRA-2 PRECTOTCORR
2010-02-19,3.11,coffee-minas-south,coffee,-21.5,-45,NASA POWER MERRA-2 PRECTOTCORR
2010-02-20,1.64,coffee-minas-south,coffee,-21.5,-45,NASA POWER MERRA-2 PRECTOTCORR
2010-02-21,0.12,coffee-minas-south,coffee,-21.5,-45,NASA POWER MERRA-2 PRECTOTCORR
2010-02-22,1.81,coffee-minas-south,coffee,-21.5,-45,NASA POWER MERRA-2 PRECTOTCORR
2010-02-23,3.32,coffee-minas-south,coffee,-21.5,-45,NASA POWER MERRA-2 PRECTOTCORR
2010-02-24,5.94,coffee-minas-south,coffee,-21.5,-45,NASA POWER MERRA-2 PRECTOTCORR
2010-02-25,17.22,coffee-minas-south,coffee,-21.5,-45,NASA POWER MERRA-2 PRECTOTCORR
2010-02-26,4.68,coffee-minas-south,coffee,-21.5,-45,NASA POWER MERRA-2 PRECTOTCORR
2010-02-27,0.2,coffee-minas-south,coffee,-21.5,-45,NASA POWER MERRA-2 PRECTOTCORR
2010-02-28,10.64,coffee-minas-south,coffee,-21.5,-45,NASA POWER MERRA-2 PRECTOTCORR
2010-03-01,23.61,coffee-minas-south,coffee,-21.5,-45,NASA POWER MERRA-2 PRECTOTCORR
2010-03-02,12.29,coffee-minas-south,coffee,-21.5,-45,NASA POWER MERRA-2 PRECTOTCORR
2010-03-03,8.81,coffee-minas-south,coffee,-21.5,-45,NASA POWER MERRA-2 PRECTOTCORR
2010-03-04,4.78,coffee-minas-south,coffee,-21.5,-45,NASA POWER MERRA-2 PRECTOTCORR
2010-03-05,3.58,coffee-minas-south,coffee,-21.5,-45,NASA POWER MERRA-2 PRECTOTCORR
2010-03-06,21.77,coffee-minas-south,coffee,-21.5,-45,NASA POWER MERRA-2 PRECTOTCORR
2010-03-07,1.12,coffee-minas-south,coffee,-21.5,-45,NASA POWER MERRA-2 PRECTOTCORR
2010-03-08,0.08,coffee-minas-south,coffee,-21.5,-45,NASA POWER MERRA-2 PRECTOTCORR
2010-03-09,0.16,coffee-minas-south,coffee,-21.5,-45,NASA POWER MERRA-2 PRECTOTCORR
2010-03-10,0.23,coffee-minas-south,coffee,-21.5,-45,NASA POWER MERRA-2 PRECTOTCORR
2010-03-11,0.01,coffee-minas-south,coffee,-21.5,-45,NASA POWER MERRA-2 PRECTOTCORR
2010-03-12,0.2,coffee-minas-south,coffee,-21.5,-45,NASA POWER MERRA-2 PRECTOTCORR
2010-03-13,3.23,coffee-minas-south,coffee,-21.5,-45,NASA POWER MERRA-2 PRECTOTCORR
2010-03-14,22.2,coffee-minas-south,coffee,-21.5,-45,NASA POWER MERRA-2 PRECTOTCORR
2010-03-15,11,coffee-minas-south,coffee,-21.5,-45,NASA POWER MERRA-2 PRECTOTCORR
2010-03-16,11.95,coffee-minas-south,coffee,-21.5,-45,NASA POWER MERRA-2 PRECTOTCORR
2010-03-17,0.61,coffee-minas-south,coffee,-21.5,-45,NASA POWER MERRA-2 PRECTOTCORR
2010-03-18,0.11,coffee-minas-south,coffee,-21.5,-45,NASA POWER MERRA-2 PRECTOTCORR
2010-03-19,4.01,coffee-minas-south,coffee,-21.5,-45,NASA POWER MERRA-2 PRECTOTCORR
2010-03-20,8.27,coffee-minas-south,coffee,-21.5,-45,NASA POWER MERRA-2 PRECTOTCORR
2010-03-21,11.72,coffee-minas-south,coffee,-21.5,-45,NASA POWER MERRA-2 PRECTOTCORR
2010-03-22,4.59,coffee-minas-south,coffee,-21.5,-45,NASA POWER MERRA-2 PRECTOTCORR
2010-03-23,3.36,coffee-minas-south,coffee,-21.5,-45,NASA POWER MERRA-2 PRECTOTCORR
2010-03-24,0.51,coffee-minas-south,coffee,-21.5,-45,NASA POWER MERRA-2 PRECTOTCORR
2010-03-25,0.26,coffee-minas-south,coffee,-21.5,-45,NASA POWER MERRA-2 PRECTOTCORR
2010-03-26,0.3,coffee-minas-south,coffee,-21.5,-45,NASA POWER MERRA-2 PRECTOTCORR
2010-03-27,0.34,coffee-minas-south,coffee,-21.5,-45,NASA POWER MERRA-2 PRECTOTCORR
2010-03-28,2.83,coffee-minas-south,coffee,-21.5,-45,NASA POWER MERRA-2 PRECTOTCORR
2010-03-29,4.76,coffee-minas-south,coffee,-21.5,-45,NASA POWER MERRA-2 PRECTOTCORR
2010-03-30,2.26,coffee-minas-south,coffee,-21.5,-45,NASA POWER MERRA-2 PRECTOTCORR
2010-03-31,4.1,coffee-minas-south,coffee,-21.5,-45,NASA POWER MERRA-2 PRECTOTCORR
2010-04-01,1.03,coffee-minas-south,coffee,-21.5,-45,NASA POWER MERRA-2 PRECTOTCORR
2010-04-02,0.21,coffee-minas-south,coffee,-21.5,-45,NASA POWER MERRA-2 PRECTOTCORR
2010-04-03,7.04,coffee-minas-south,coffee,-21.5,-45,NASA POWER MERRA-2 PRECTOTCORR
2010-04-04,20.62,coffee-minas-south,coffee,-21.5,-45,NASA POWER MERRA-2 PRECTOTCORR
2010-04-05,11.05,coffee-minas-south,coffee,-21.5,-45,NASA POWER MERRA-2 PRECTOTCORR
2010-04-06,8.75,coffee-minas-south,coffee,-21.5,-45,NASA POWER MERRA-2 PRECTOTCORR
2010-04-07,0.32,coffee-minas-south,coffee,-21.5,-45,NASA POWER MERRA-2 PRECTOTCORR
2010-04-08,0.07,coffee-minas-south,coffee,-21.5,-45,NASA POWER MERRA-2 PRECTOTCORR
2010-04-09,0.1,coffee-minas-south,coffee,-21.5,-45,NASA POWER MERRA-2 PRECTOTCORR
2010-04-10,0.01,coffee-minas-south,coffee,-21.5,-45,NASA POWER MERRA-2 PRECTOTCORR
2010-04-11,0.34,coffee-minas-south,coffee,-21.5,-45,NASA POWER MERRA-2 PRECTOTCORR
2010-04-12,0.19,coffee-minas-south,coffee,-21.5,-45,NASA POWER MERRA-2 PRECTOTCORR
2010-04-13,0.01,coffee-minas-south,coffee,-21.5,-45,NASA POWER MERRA-2 PRECTOTCORR
2010-04-14,0,coffee-minas-south,coffee,-21.5,-45,NASA POWER MERRA-2 PRECTOTCORR
2010-04-15,0,coffee-minas-south,coffee,-21.5,-45,NASA POWER MERRA-2 PRECTOTCORR
2010-04-16,0.01,coffee-minas-south,coffee,-21.5,-45,NASA POWER MERRA-2 PRECTOTCORR
2010-04-17,0,coffee-minas-south,coffee,-21.5,-45,NASA POWER MERRA-2 PRECTOTCORR
2010-04-18,0,coffee-minas-south,coffee,-21.5,-45,NASA POWER MERRA-2 PRECTOTCORR
2010-04-19,0,coffee-minas-south,coffee,-21.5,-45,NASA POWER MERRA-2 PRECTOTCORR
2010-04-20,0,coffee-minas-south,coffee,-21.5,-45,NASA POWER MERRA-2 PRECTOTCORR
2010-04-21,0,coffee-minas-south,coffee,-21.5,-45,NASA POWER MERRA-2 PRECTOTCORR
2010-04-22,0,coffee-minas-south,coffee,-21.5,-45,NASA POWER MERRA-2 PRECTOTCORR
2010-04-23,0.88,coffee-minas-south,coffee,-21.5,-45,NASA POWER MERRA-2 PRECTOTCORR
2010-04-24,0.93,coffee-minas-south,coffee,-21.5,-45,NASA POWER MERRA-2 PRECTOTCORR
2010-04-25,0.01,coffee-minas-south,coffee,-21.5,-45,NASA POWER MERRA-2 PRECTOTCORR
2010-04-26,0,coffee-minas-south,coffee,-21.5,-45,NASA POWER MERRA-2 PRECTOTCORR
2010-04-27,0.49,coffee-minas-south,coffee,-21.5,-45,NASA POWER MERRA-2 PRECTOTCORR
2010-04-28,0.53,coffee-minas-south,coffee,-21.5,-45,NASA POWER MERRA-2 PRECTOTCORR
2010-04-29,1.69,coffee-minas-south,coffee,-21.5,-45,NASA POWER MERRA-2 PRECTOTCORR
2010-04-30,0.53,coffee-minas-south,coffee,-21.5,-45,NASA POWER MERRA-2 PRECTOTCORR
2010-05-01,0.03,coffee-minas-south,coffee,-21.5,-45,NASA POWER MERRA-2 PRECTOTCORR
2010-05-02,0,coffee-minas-south,coffee,-21.5,-45,NASA POWER MERRA-2 PRECTOTCORR
2010-05-03,0,coffee-minas-south,coffee,-21.5,-45,NASA POWER MERRA-2 PRECTOTCORR
2010-05-04,0,coffee-minas-south,coffee,-21.5,-45,NASA POWER MERRA-2 PRECTOTCORR
2010-05-05,0,coffee-minas-south,coffee,-21.5,-45,NASA POWER MERRA-2 PRECTOTCORR
2010-05-06,0.12,coffee-minas-south,coffee,-21.5,-45,NASA POWER MERRA-2 PRECTOTCORR
2010-05-07,0.05,coffee-minas-south,coffee,-21.5,-45,NASA POWER MERRA-2 PRECTOTCORR
2010-05-08,5.25,coffee-minas-south,coffee,-21.5,-45,NASA POWER MERRA-2 PRECTOTCORR
2010-05-09,7.54,coffee-minas-south,coffee,-21.5,-45,NASA POWER MERRA-2 PRECTOTCORR
2010-05-10,0.48,coffee-minas-south,coffee,-21.5,-45,NASA POWER MERRA-2 PRECTOTCORR
2010-05-11,2.94,coffee-minas-south,coffee,-21.5,-45,NASA POWER MERRA-2 PRECTOTCORR
2010-05-12,0.7,coffee-minas-south,coffee,-21.5,-45,NASA POWER MERRA-2 PRECTOTCORR
2010-05-13,0,coffee-minas-south,coffee,-21.5,-45,NASA POWER MERRA-2 PRECTOTCORR
2010-05-14,0,coffee-minas-south,coffee,-21.5,-45,NASA POWER MERRA-2 PRECTOTCORR
2010-05-15,0,coffee-minas-south,coffee,-21.5,-45,NASA POWER MERRA-2 PRECTOTCORR
2010-05-16,0,coffee-minas-south,coffee,-21.5,-45,NASA POWER MERRA-2 PRECTOTCORR
2010-05-17,0,coffee-minas-south,coffee,-21.5,-45,NASA POWER MERRA-2 PRECTOTCORR
2010-05-18,0.13,coffee-minas-south,coffee,-21.5,-45,NASA POWER MERRA-2 PRECTOTCORR
2010-05-19,6.22,coffee-minas-south,coffee,-21.5,-45,NASA POWER MERRA-2 PRECTOTCORR
2010-05-20,0.93,coffee-minas-south,coffee,-21.5,-45,NASA POWER MERRA-2 PRECTOTCORR
2010-05-21,0,coffee-minas-south,coffee,-21.5,-45,NASA POWER MERRA-2 PRECTOTCORR
2010-05-22,0,coffee-minas-south,coffee,-21.5,-45,NASA POWER MERRA-2 PRECTOTCORR
2010-05-23,0,coffee-minas-south,coffee,-21.5,-45,NASA POWER MERRA-2 PRECTOTCORR
2010-05-24,0,coffee-minas-south,coffee,-21.5,-45,NASA POWER MERRA-2 PRECTOTCORR
2010-05-25,0.05,coffee-minas-south,coffee,-21.5,-45,NASA POWER MERRA-2 PRECTOTCORR
2010-05-26,0.05,coffee-minas-south,coffee,-21.5,-45,NASA POWER MERRA-2 PRECTOTCORR
2010-05-27,0.01,coffee-minas-south,coffee,-21.5,-45,NASA POWER MERRA-2 PRECTOTCORR
2010-05-28,0.04,coffee-minas-south,coffee,-21.5,-45,NASA POWER MERRA-2 PRECTOTCORR
2010-05-29,0.03,coffee-minas-south,coffee,-21.5,-45,NASA POWER MERRA-2 PRECTOTCORR
2010-05-30,0.35,coffee-minas-south,coffee,-21.5,-45,NASA POWER MERRA-2 PRECTOTCORR
2010-05-31,0.13,coffee-minas-south,coffee,-21.5,-45,NASA POWER MERRA-2 PRECTOTCORR
2010-06-01,0.02,coffee-minas-south,coffee,-21.5,-45,NASA POWER MERRA-2 PRECTOTCORR
2010-06-02,0.12,coffee-minas-south,coffee,-21.5,-45,NASA POWER MERRA-2 PRECTOTCORR
2010-06-03,0.15,coffee-minas-south,coffee,-21.5,-45,NASA POWER MERRA-2 PRECTOTCORR
2010-06-04,0.24,coffee-minas-south,coffee,-21.5,-45,NASA POWER MERRA-2 PRECTOTCORR
2010-06-05,4.98,coffee-minas-south,coffee,-21.5,-45,NASA POWER MERRA-2 PRECTOTCORR
2010-06-06,0.16,coffee-minas-south,coffee,-21.5,-45,NASA POWER MERRA-2 PRECTOTCORR
2010-06-07,0,coffee-minas-south,coffee,-21.5,-45,NASA POWER MERRA-2 PRECTOTCORR
2010-06-08,0,coffee-minas-south,coffee,-21.5,-45,NASA POWER MERRA-2 PRECTOTCORR
2010-06-09,0,coffee-minas-south,coffee,-21.5,-45,NASA POWER MERRA-2 PRECTOTCORR
2010-06-10,0.35,coffee-minas-south,coffee,-21.5,-45,NASA POWER MERRA-2 PRECTOTCORR
2010-06-11,0.07,coffee-minas-south,coffee,-21.5,-45,NASA POWER MERRA-2 PRECTOTCORR
2010-06-12,0.37,coffee-minas-south,coffee,-21.5,-45,NASA POWER MERRA-2 PRECTOTCORR
2010-06-13,0.16,coffee-minas-south,coffee,-21.5,-45,NASA POWER MERRA-2 PRECTOTCORR
2010-06-14,0.09,coffee-minas-south,coffee,-21.5,-45,NASA POWER MERRA-2 PRECTOTCORR
2010-06-15,0,coffee-minas-south,coffee,-21.5,-45,NASA POWER MERRA-2 PRECTOTCORR
2010-06-16,0,coffee-minas-south,coffee,-21.5,-45,NASA POWER MERRA-2 PRECTOTCORR
2010-06-17,0,coffee-minas-south,coffee,-21.5,-45,NASA POWER MERRA-2 PRECTOTCORR
2010-06-18,0.06,coffee-minas-south,coffee,-21.5,-45,NASA POWER MERRA-2 PRECTOTCORR
2010-06-19,0,coffee-minas-south,coffee,-21.5,-45,NASA POWER MERRA-2 PRECTOTCORR
2010-06-20,0,coffee-minas-south,coffee,-21.5,-45,NASA POWER MERRA-2 PRECTOTCORR
2010-06-21,0,coffee-minas-south,coffee,-21.5,-45,NASA POWER MERRA-2 PRECTOTCORR
2010-06-22,0.03,coffee-minas-south,coffee,-21.5,-45,NASA POWER MERRA-2 PRECTOTCORR
2010-06-23,0.03,coffee-minas-south,coffee,-21.5,-45,NASA POWER MERRA-2 PRECTOTCORR
2010-06-24,0,coffee-minas-south,coffee,-21.5,-45,NASA POWER MERRA-2 PRECTOTCORR
2010-06-25,0,coffee-minas-south,coffee,-21.5,-45,NASA POWER MERRA-2 PRECTOTCORR
2010-06-26,0,coffee-minas-south,coffee,-21.5,-45,NASA POWER MERRA-2 PRECTOTCORR
2010-06-27,0,coffee-minas-south,coffee,-21.5,-45,NASA POWER MERRA-2 PRECTOTCORR
2010-06-28,0,coffee-minas-south,coffee,-21.5,-45,NASA POWER MERRA-2 PRECTOTCORR
2010-06-29,0,coffee-minas-south,coffee,-21.5,-45,NASA POWER MERRA-2 PRECTOTCORR
2010-06-30,0,coffee-minas-south,coffee,-21.5,-45,NASA POWER MERRA-2 PRECTOTCORR
2010-07-01,0,coffee-minas-south,coffee,-21.5,-45,NASA POWER MERRA-2 PRECTOTCORR
2010-07-02,0,coffee-minas-south,coffee,-21.5,-45,NASA POWER MERRA-2 PRECTOTCORR
2010-07-03,0,coffee-minas-south,coffee,-21.5,-45,NASA POWER MERRA-2 PRECTOTCORR
2010-07-04,0,coffee-minas-south,coffee,-21.5,-45,NASA POWER MERRA-2 PRECTOTCORR
2010-07-05,0.02,coffee-minas-south,coffee,-21.5,-45,NASA POWER MERRA-2 PRECTOTCORR
2010-07-06,0,coffee-minas-south,coffee,-21.5,-45,NASA POWER MERRA-2 PRECTOTCORR
2010-07-07,0,coffee-minas-south,coffee,-21.5,-45,NASA POWER MERRA-2 PRECTOTCORR
2010-07-08,0,coffee-minas-south,coffee,-21.5,-45,NASA POWER MERRA-2 PRECTOTCORR
2010-07-09,0,coffee-minas-south,coffee,-21.5,-45,NASA POWER MERRA-2 PRECTOTCORR
2010-07-10,0.1,coffee-minas-south,coffee,-21.5,-45,NASA POWER MERRA-2 PRECTOTCORR
2010-07-11,0.13,coffee-minas-south,coffee,-21.5,-45,NASA POWER MERRA-2 PRECTOTCORR
2010-07-12,6.18,coffee-minas-south,coffee,-21.5,-45,NASA POWER MERRA-2 PRECTOTCORR
2010-07-13,0.23,coffee-minas-south,coffee,-21.5,-45,NASA POWER MERRA-2 PRECTOTCORR
2010-07-14,9.11,coffee-minas-south,coffee,-21.5,-45,NASA POWER MERRA-2 PRECTOTCORR
2010-07-15,1.72,coffee-minas-south,coffee,-21.5,-45,NASA POWER MERRA-2 PRECTOTCORR
2010-07-16,0.16,coffee-minas-south,coffee,-21.5,-45,NASA POWER MERRA-2 PRECTOTCORR
2010-07-17,0.42,coffee-minas-south,coffee,-21.5,-45,NASA POWER MERRA-2 PRECTOTCORR
2010-07-18,0.1,coffee-minas-south,coffee,-21.5,-45,NASA POWER MERRA-2 PRECTOTCORR
2010-07-19,0,coffee-minas-south,coffee,-21.5,-45,NASA POWER MERRA-2 PRECTOTCORR
2010-07-20,0,coffee-minas-south,coffee,-21.5,-45,NASA POWER MERRA-2 PRECTOTCORR
2010-07-21,0,coffee-minas-south,coffee,-21.5,-45,NASA POWER MERRA-2 PRECTOTCORR
2010-07-22,0.06,coffee-minas-south,coffee,-21.5,-45,NASA POWER MERRA-2 PRECTOTCORR
2010-07-23,0,coffee-minas-south,coffee,-21.5,-45,NASA POWER MERRA-2 PRECTOTCORR
2010-07-24,0,coffee-minas-south,coffee,-21.5,-45,NASA POWER MERRA-2 PRECTOTCORR
2010-07-25,0.04,coffee-minas-south,coffee,-21.5,-45,NASA POWER MERRA-2 PRECTOTCORR
2010-07-26,0.01,coffee-minas-south,coffee,-21.5,-45,NASA POWER MERRA-2 PRECTOTCORR
2010-07-27,0,coffee-minas-south,coffee,-21.5,-45,NASA POWER MERRA-2 PRECTOTCORR
2010-07-28,0,coffee-minas-south,coffee,-21.5,-45,NASA POWER MERRA-2 PRECTOTCORR
2010-07-29,0,coffee-minas-south,coffee,-21.5,-45,NASA POWER MERRA-2 PRECTOTCORR
2010-07-30,0,coffee-minas-south,coffee,-21.5,-45,NASA POWER MERRA-2 PRECTOTCORR
2010-07-31,0,coffee-minas-south,coffee,-21.5,-45,NASA POWER MERRA-2 PRECTOTCORR
2010-08-01,0,coffee-minas-south,coffee,-21.5,-45,NASA POWER MERRA-2 PRECTOTCORR
2010-08-02,0,coffee-minas-south,coffee,-21.5,-45,NASA POWER MERRA-2 PRECTOTCORR
2010-08-03,0,coffee-minas-south,coffee,-21.5,-45,NASA POWER MERRA-2 PRECTOTCORR
2010-08-04,0,coffee-minas-south,coffee,-21.5,-45,NASA POWER MERRA-2 PRECTOTCORR
2010-08-05,0,coffee-minas-south,coffee,-21.5,-45,NASA POWER MERRA-2 PRECTOTCORR
2010-08-06,0,coffee-minas-south,coffee,-21.5,-45,NASA POWER MERRA-2 PRECTOTCORR
2010-08-07,0,coffee-minas-south,coffee,-21.5,-45,NASA POWER MERRA-2 PRECTOTCORR
2010-08-08,0,coffee-minas-south,coffee,-21.5,-45,NASA POWER MERRA-2 PRECTOTCORR
2010-08-09,0,coffee-minas-south,coffee,-21.5,-45,NASA POWER MERRA-2 PRECTOTCORR
2010-08-10,0,coffee-minas-south,coffee,-21.5,-45,NASA POWER MERRA-2 PRECTOTCORR
2010-08-11,0,coffee-minas-south,coffee,-21.5,-45,NASA POWER MERRA-2 PRECTOTCORR
2010-08-12,0,coffee-minas-south,coffee,-21.5,-45,NASA POWER MERRA-2 PRECTOTCORR
2010-08-13,0,coffee-minas-south,coffee,-21.5,-45,NASA POWER MERRA-2 PRECTOTCORR
2010-08-14,0.05,coffee-minas-south,coffee,-21.5,-45,NASA POWER MERRA-2 PRECTOTCORR
2010-08-15,0.15,coffee-minas-south,coffee,-21.5,-45,NASA POWER MERRA-2 PRECTOTCORR
2010-08-16,0.06,coffee-minas-south,coffee,-21.5,-45,NASA POWER MERRA-2 PRECTOTCORR
2010-08-17,0.08,coffee-minas-south,coffee,-21.5,-45,NASA POWER MERRA-2 PRECTOTCORR
2010-08-18,0,coffee-minas-south,coffee,-21.5,-45,NASA POWER MERRA-2 PRECTOTCORR
2010-08-19,0,coffee-minas-south,coffee,-21.5,-45,NASA POWER MERRA-2 PRECTOTCORR
2010-08-20,0,coffee-minas-south,coffee,-21.5,-45,NASA POWER MERRA-2 PRECTOTCORR
2010-08-21,0,coffee-minas-south,coffee,-21.5,-45,NASA POWER MERRA-2 PRECTOTCORR
2010-08-22,0,coffee-minas-south,coffee,-21.5,-45,NASA POWER MERRA-2 PRECTOTCORR
2010-08-23,0,coffee-minas-south,coffee,-21.5,-45,NASA POWER MERRA-2 PRECTOTCORR
2010-08-24,0,coffee-minas-south,coffee,-21.5,-45,NASA POWER MERRA-2 PRECTOTCORR
2010-08-25,0,coffee-minas-south,coffee,-21.5,-45,NASA POWER MERRA-2 PRECTOTCORR
2010-08-26,0,coffee-minas-south,coffee,-21.5,-45,NASA POWER MERRA-2 PRECTOTCORR
2010-08-27,0,coffee-minas-south,coffee,-21.5,-45,NASA POWER MERRA-2 PRECTOTCORR
2010-08-28,0,coffee-minas-south,coffee,-21.5,-45,NASA POWER MERRA-2 PRECTOTCORR
2010-08-29,0,coffee-minas-south,coffee,-21.5,-45,NASA POWER MERRA-2 PRECTOTCORR
2010-08-30,0,coffee-minas-south,coffee,-21.5,-45,NASA POWER MERRA-2 PRECTOTCORR
2010-08-31,0,coffee-minas-south,coffee,-21.5,-45,NASA POWER MERRA-2 PRECTOTCORR
2010-09-01,0,coffee-minas-south,coffee,-21.5,-45,NASA POWER MERRA-2 PRECTOTCORR
2010-09-02,0,coffee-minas-south,coffee,-21.5,-45,NASA POWER MERRA-2 PRECTOTCORR
2010-09-03,0.01,coffee-minas-south,coffee,-21.5,-45,NASA POWER MERRA-2 PRECTOTCORR
2010-09-04,0,coffee-minas-south,coffee,-21.5,-45,NASA POWER MERRA-2 PRECTOTCORR
2010-09-05,0,coffee-minas-south,coffee,-21.5,-45,NASA POWER MERRA-2 PRECTOTCORR
2010-09-06,0.01,coffee-minas-south,coffee,-21.5,-45,NASA POWER MERRA-2 PRECTOTCORR
2010-09-07,3.9,coffee-minas-south,coffee,-21.5,-45,NASA POWER MERRA-2 PRECTOTCORR
2010-09-08,5.47,coffee-minas-south,coffee,-21.5,-45,NASA POWER MERRA-2 PRECTOTCORR
2010-09-09,0.02,coffee-minas-south,coffee,-21.5,-45,NASA POWER MERRA-2 PRECTOTCORR
2010-09-10,0,coffee-minas-south,coffee,-21.5,-45,NASA POWER MERRA-2 PRECTOTCORR
2010-09-11,0,coffee-minas-south,coffee,-21.5,-45,NASA POWER MERRA-2 PRECTOTCORR
2010-09-12,0,coffee-minas-south,coffee,-21.5,-45,NASA POWER MERRA-2 PRECTOTCORR
2010-09-13,0,coffee-minas-south,coffee,-21.5,-45,NASA POWER MERRA-2 PRECTOTCORR
2010-09-14,0,coffee-minas-south,coffee,-21.5,-45,NASA POWER MERRA-2 PRECTOTCORR
2010-09-15,2.27,coffee-minas-south,coffee,-21.5,-45,NASA POWER MERRA-2 PRECTOTCORR
2010-09-16,14.82,coffee-minas-south,coffee,-21.5,-45,NASA POWER MERRA-2 PRECTOTCORR
2010-09-17,1.37,coffee-minas-south,coffee,-21.5,-45,NASA POWER MERRA-2 PRECTOTCORR
2010-09-18,2.12,coffee-minas-south,coffee,-21.5,-45,NASA POWER MERRA-2 PRECTOTCORR
2010-09-19,0.18,coffee-minas-south,coffee,-21.5,-45,NASA POWER MERRA-2 PRECTOTCORR
2010-09-20,8.28,coffee-minas-south,coffee,-21.5,-45,NASA POWER MERRA-2 PRECTOTCORR
2010-09-21,0.16,coffee-minas-south,coffee,-21.5,-45,NASA POWER MERRA-2 PRECTOTCORR
2010-09-22,0,coffee-minas-south,coffee,-21.5,-45,NASA POWER MERRA-2 PRECTOTCORR
2010-09-23,0.03,coffee-minas-south,coffee,-21.5,-45,NASA POWER MERRA-2 PRECTOTCORR
2010-09-24,4.74,coffee-minas-south,coffee,-21.5,-45,NASA POWER MERRA-2 PRECTOTCORR
2010-09-25,3.24,coffee-minas-south,coffee,-21.5,-45,NASA POWER MERRA-2 PRECTOTCORR
2010-09-26,13.17,coffee-minas-south,coffee,-21.5,-45,NASA POWER MERRA-2 PRECTOTCORR
2010-09-27,5.98,coffee-minas-south,coffee,-21.5,-45,NASA POWER MERRA-2 PRECTOTCORR
2010-09-28,2.46,coffee-minas-south,coffee,-21.5,-45,NASA POWER MERRA-2 PRECTOTCORR
2010-09-29,0.35,coffee-minas-south,coffee,-21.5,-45,NASA POWER MERRA-2 PRECTOTCORR
2010-09-30,0.05,coffee-minas-south,coffee,-21.5,-45,NASA POWER MERRA-2 PRECTOTCORR
2010-10-01,9.7,coffee-minas-south,coffee,-21.5,-45,NASA POWER MERRA-2 PRECTOTCORR
2010-10-02,0.07,coffee-minas-south,coffee,-21.5,-45,NASA POWER MERRA-2 PRECTOTCORR
2010-10-03,0.04,coffee-minas-south,coffee,-21.5,-45,NASA POWER MERRA-2 PRECTOTCORR
2010-10-04,5.34,coffee-minas-south,coffee,-21.5,-45,NASA POWER MERRA-2 PRECTOTCORR
2010-10-05,0.64,coffee-minas-south,coffee,-21.5,-45,NASA POWER MERRA-2 PRECTOTCORR
2010-10-06,0.3,coffee-minas-south,coffee,-21.5,-45,NASA POWER MERRA-2 PRECTOTCORR
2010-10-07,11.72,coffee-minas-south,coffee,-21.5,-45,NASA POWER MERRA-2 PRECTOTCORR
2010-10-08,0.56,coffee-minas-south,coffee,-21.5,-45,NASA POWER MERRA-2 PRECTOTCORR
2010-10-09,0.01,coffee-minas-south,coffee,-21.5,-45,NASA POWER MERRA-2 PRECTOTCORR
2010-10-10,0,coffee-minas-south,coffee,-21.5,-45,NASA POWER MERRA-2 PRECTOTCORR
2010-10-11,1.6,coffee-minas-south,coffee,-21.5,-45,NASA POWER MERRA-2 PRECTOTCORR
2010-10-12,0.15,coffee-minas-south,coffee,-21.5,-45,NASA POWER MERRA-2 PRECTOTCORR
2010-10-13,0,coffee-minas-south,coffee,-21.5,-45,NASA POWER MERRA-2 PRECTOTCORR
2010-10-14,0.09,coffee-minas-south,coffee,-21.5,-45,NASA POWER MERRA-2 PRECTOTCORR
2010-10-15,0.03,coffee-minas-south,coffee,-21.5,-45,NASA POWER MERRA-2 PRECTOTCORR
2010-10-16,6.75,coffee-minas-south,coffee,-21.5,-45,NASA POWER MERRA-2 PRECTOTCORR
2010-10-17,13.3,coffee-minas-south,coffee,-21.5,-45,NASA POWER MERRA-2 PRECTOTCORR
2010-10-18,10.53,coffee-minas-south,coffee,-21.5,-45,NASA POWER MERRA-2 PRECTOTCORR
2010-10-19,0.08,coffee-minas-south,coffee,-21.5,-45,NASA POWER MERRA-2 PRECTOTCORR
2010-10-20,0,coffee-minas-south,coffee,-21.5,-45,NASA POWER MERRA-2 PRECTOTCORR
2010-10-21,0,coffee-minas-south,coffee,-21.5,-45,NASA POWER MERRA-2 PRECTOTCORR
2010-10-22,0.07,coffee-minas-south,coffee,-21.5,-45,NASA POWER MERRA-2 PRECTOTCORR
2010-10-23,3.22,coffee-minas-south,coffee,-21.5,-45,NASA POWER MERRA-2 PRECTOTCORR
2010-10-24,3.34,coffee-minas-south,coffee,-21.5,-45,NASA POWER MERRA-2 PRECTOTCORR
2010-10-25,16.19,coffee-minas-south,coffee,-21.5,-45,NASA POWER MERRA-2 PRECTOTCORR
2010-10-26,13.54,coffee-minas-south,coffee,-21.5,-45,NASA POWER MERRA-2 PRECTOTCORR
2010-10-27,0.14,coffee-minas-south,coffee,-21.5,-45,NASA POWER MERRA-2 PRECTOTCORR
2010-10-28,0,coffee-minas-south,coffee,-21.5,-45,NASA POWER MERRA-2 PRECTOTCORR
2010-10-29,0,coffee-minas-south,coffee,-21.5,-45,NASA POWER MERRA-2 PRECTOTCORR
2010-10-30,11.43,coffee-minas-south,coffee,-21.5,-45,NASA POWER MERRA-2 PRECTOTCORR
2010-10-31,3.6,coffee-minas-south,coffee,-21.5,-45,NASA POWER MERRA-2 PRECTOTCORR
2010-11-01,16.88,coffee-minas-south,coffee,-21.5,-45,NASA POWER MERRA-2 PRECTOTCORR
2010-11-02,6.69,coffee-minas-south,coffee,-21.5,-45,NASA POWER MERRA-2 PRECTOTCORR
2010-11-03,0.02,coffee-minas-south,coffee,-21.5,-45,NASA POWER MERRA-2 PRECTOTCORR
2010-11-04,0.01,coffee-minas-south,coffee,-21.5,-45,NASA POWER MERRA-2 PRECTOTCORR
2010-11-05,7.87,coffee-minas-south,coffee,-21.5,-45,NASA POWER MERRA-2 PRECTOTCORR
2010-11-06,25.97,coffee-minas-south,coffee,-21.5,-45,NASA POWER MERRA-2 PRECTOTCORR
2010-11-07,3.28,coffee-minas-south,coffee,-21.5,-45,NASA POWER MERRA-2 PRECTOTCORR
2010-11-08,15.12,coffee-minas-south,coffee,-21.5,-45,NASA POWER MERRA-2 PRECTOTCORR
2010-11-09,14.02,coffee-minas-south,coffee,-21.5,-45,NASA POWER MERRA-2 PRECTOTCORR
2010-11-10,10.13,coffee-minas-south,coffee,-21.5,-45,NASA POWER MERRA-2 PRECTOTCORR
2010-11-11,2.41,coffee-minas-south,coffee,-21.5,-45,NASA POWER MERRA-2 PRECTOTCORR
2010-11-12,3.69,coffee-minas-south,coffee,-21.5,-45,NASA POWER MERRA-2 PRECTOTCORR
2010-11-13,3.41,coffee-minas-south,coffee,-21.5,-45,NASA POWER MERRA-2 PRECTOTCORR
2010-11-14,8.56,coffee-minas-south,coffee,-21.5,-45,NASA POWER MERRA-2 PRECTOTCORR
2010-11-15,8.32,coffee-minas-south,coffee,-21.5,-45,NASA POWER MERRA-2 PRECTOTCORR
2010-11-16,8.73,coffee-minas-south,coffee,-21.5,-45,NASA POWER MERRA-2 PRECTOTCORR
2010-11-17,4.67,coffee-minas-south,coffee,-21.5,-45,NASA POWER MERRA-2 PRECTOTCORR
2010-11-18,0.38,coffee-minas-south,coffee,-21.5,-45,NASA POWER MERRA-2 PRECTOTCORR
2010-11-19,0,coffee-minas-south,coffee,-21.5,-45,NASA POWER MERRA-2 PRECTOTCORR
2010-11-20,0.44,coffee-minas-south,coffee,-21.5,-45,NASA POWER MERRA-2 PRECTOTCORR
2010-11-21,21.05,coffee-minas-south,coffee,-21.5,-45,NASA POWER MERRA-2 PRECTOTCORR
2010-11-22,11.68,coffee-minas-south,coffee,-21.5,-45,NASA POWER MERRA-2 PRECTOTCORR
2010-11-23,16.75,coffee-minas-south,coffee,-21.5,-45,NASA POWER MERRA-2 PRECTOTCORR
2010-11-24,13.29,coffee-minas-south,coffee,-21.5,-45,NASA POWER MERRA-2 PRECTOTCORR
2010-11-25,24.16,coffee-minas-south,coffee,-21.5,-45,NASA POWER MERRA-2 PRECTOTCORR
2010-11-26,4.13,coffee-minas-south,coffee,-21.5,-45,NASA POWER MERRA-2 PRECTOTCORR
2010-11-27,0.24,coffee-minas-south,coffee,-21.5,-45,NASA POWER MERRA-2 PRECTOTCORR
2010-11-28,1.12,coffee-minas-south,coffee,-21.5,-45,NASA POWER MERRA-2 PRECTOTCORR
2010-11-29,1.08,coffee-minas-south,coffee,-21.5,-45,NASA POWER MERRA-2 PRECTOTCORR
2010-11-30,7.64,coffee-minas-south,coffee,-21.5,-45,NASA POWER MERRA-2 PRECTOTCORR
2010-12-01,9.08,coffee-minas-south,coffee,-21.5,-45,NASA POWER MERRA-2 PRECTOTCORR
2010-12-02,7.14,coffee-minas-south,coffee,-21.5,-45,NASA POWER MERRA-2 PRECTOTCORR
2010-12-03,5.43,coffee-minas-south,coffee,-21.5,-45,NASA POWER MERRA-2 PRECTOTCORR
2010-12-04,1.47,coffee-minas-south,coffee,-21.5,-45,NASA POWER MERRA-2 PRECTOTCORR
2010-12-05,29.59,coffee-minas-south,coffee,-21.5,-45,NASA POWER MERRA-2 PRECTOTCORR
2010-12-06,6.1,coffee-minas-south,coffee,-21.5,-45,NASA POWER MERRA-2 PRECTOTCORR
2010-12-07,10.57,coffee-minas-south,coffee,-21.5,-45,NASA POWER MERRA-2 PRECTOTCORR
2010-12-08,5.18,coffee-minas-south,coffee,-21.5,-45,NASA POWER MERRA-2 PRECTOTCORR
2010-12-09,0.36,coffee-minas-south,coffee,-21.5,-45,NASA POWER MERRA-2 PRECTOTCORR
2010-12-10,0.06,coffee-minas-south,coffee,-21.5,-45,NASA POWER MERRA-2 PRECTOTCORR
2010-12-11,0,coffee-minas-south,coffee,-21.5,-45,NASA POWER MERRA-2 PRECTOTCORR
2010-12-12,9.19,coffee-minas-south,coffee,-21.5,-45,NASA POWER MERRA-2 PRECTOTCORR
2010-12-13,7.4,coffee-minas-south,coffee,-21.5,-45,NASA POWER MERRA-2 PRECTOTCORR
2010-12-14,18.03,coffee-minas-south,coffee,-21.5,-45,NASA POWER MERRA-2 PRECTOTCORR
2010-12-15,32.43,coffee-minas-south,coffee,-21.5,-45,NASA POWER MERRA-2 PRECTOTCORR
2010-12-16,19.27,coffee-minas-south,coffee,-21.5,-45,NASA POWER MERRA-2 PRECTOTCORR
2010-12-17,1.23,coffee-minas-south,coffee,-21.5,-45,NASA POWER MERRA-2 PRECTOTCORR
2010-12-18,4.61,coffee-minas-south,coffee,-21.5,-45,NASA POWER MERRA-2 PRECTOTCORR
2010-12-19,1.97,coffee-minas-south,coffee,-21.5,-45,NASA POWER MERRA-2 PRECTOTCORR
2010-12-20,0.32,coffee-minas-south,coffee,-21.5,-45,NASA POWER MERRA-2 PRECTOTCORR
2010-12-21,0.37,coffee-minas-south,coffee,-21.5,-45,NASA POWER MERRA-2 PRECTOTCORR
2010-12-22,9.27,coffee-minas-south,coffee,-21.5,-45,NASA POWER MERRA-2 PRECTOTCORR
2010-12-23,9.94,coffee-minas-south,coffee,-21.5,-45,NASA POWER MERRA-2 PRECTOTCORR
2010-12-24,8.35,coffee-minas-south,coffee,-21.5,-45,NASA POWER MERRA-2 PRECTOTCORR
2010-12-25,13.92,coffee-minas-south,coffee,-21.5,-45,NASA POWER MERRA-2 PRECTOTCORR
2010-12-26,15.2,coffee-minas-south,coffee,-21.5,-45,NASA POWER MERRA-2 PRECTOTCORR
2010-12-27,17.52,coffee-minas-south,coffee,-21.5,-45,NASA POWER MERRA-2 PRECTOTCORR
2010-12-28,10.54,coffee-minas-south,coffee,-21.5,-45,NASA POWER MERRA-2 PRECTOTCORR
2010-12-29,0.73,coffee-minas-south,coffee,-21.5,-45,NASA POWER MERRA-2 PRECTOTCORR
2010-12-30,0.32,coffee-minas-south,coffee,-21.5,-45,NASA POWER MERRA-2 PRECTOTCORR
2010-12-31,20.46,coffee-minas-south,coffee,-21.5,-45,NASA POWER MERRA-2 PRECTOTCORR
2011-01-01,8.99,coffee-minas-south,coffee,-21.5,-45,NASA POWER MERRA-2 PRECTOTCORR
2011-01-02,16.79,coffee-minas-south,coffee,-21.5,-45,NASA POWER MERRA-2 PRECTOTCORR
2011-01-03,31.43,coffee-minas-south,coffee,-21.5,-45,NASA POWER MERRA-2 PRECTOTCORR
2011-01-04,18.82,coffee-minas-south,coffee,-21.5,-45,NASA POWER MERRA-2 PRECTOTCORR
2011-01-05,16.54,coffee-minas-south,coffee,-21.5,-45,NASA POWER MERRA-2 PRECTOTCORR
2011-01-06,24.39,coffee-minas-south,coffee,-21.5,-45,NASA POWER MERRA-2 PRECTOTCORR
2011-01-07,6.97,coffee-minas-south,coffee,-21.5,-45,NASA POWER MERRA-2 PRECTOTCORR
2011-01-08,3.48,coffee-minas-south,coffee,-21.5,-45,NASA POWER MERRA-2 PRECTOTCORR
2011-01-09,0.04,coffee-minas-south,coffee,-21.5,-45,NASA POWER MERRA-2 PRECTOTCORR
2011-01-10,15.7,coffee-minas-south,coffee,-21.5,-45,NASA POWER MERRA-2 PRECTOTCORR
2011-01-11,23,coffee-minas-south,coffee,-21.5,-45,NASA POWER MERRA-2 PRECTOTCORR
2011-01-12,23.55,coffee-minas-south,coffee,-21.5,-45,NASA POWER MERRA-2 PRECTOTCORR
2011-01-13,53.17,coffee-minas-south,coffee,-21.5,-45,NASA POWER MERRA-2 PRECTOTCORR
2011-01-14,20.77,coffee-minas-south,coffee,-21.5,-45,NASA POWER MERRA-2 PRECTOTCORR
2011-01-15,9.84,coffee-minas-south,coffee,-21.5,-45,NASA POWER MERRA-2 PRECTOTCORR
2011-01-16,22.05,coffee-minas-south,coffee,-21.5,-45,NASA POWER MERRA-2 PRECTOTCORR
2011-01-17,4.54,coffee-minas-south,coffee,-21.5,-45,NASA POWER MERRA-2 PRECTOTCORR
2011-01-18,2.97,coffee-minas-south,coffee,-21.5,-45,NASA POWER MERRA-2 PRECTOTCORR
2011-01-19,2.93,coffee-minas-south,coffee,-21.5,-45,NASA POWER MERRA-2 PRECTOTCORR
2011-01-20,1.65,coffee-minas-south,coffee,-21.5,-45,NASA POWER MERRA-2 PRECTOTCORR
2011-01-21,0.75,coffee-minas-south,coffee,-21.5,-45,NASA POWER MERRA-2 PRECTOTCORR
2011-01-22,0.64,coffee-minas-south,coffee,-21.5,-45,NASA POWER MERRA-2 PRECTOTCORR
2011-01-23,1.59,coffee-minas-south,coffee,-21.5,-45,NASA POWER MERRA-2 PRECTOTCORR
2011-01-24,0.16,coffee-minas-south,coffee,-21.5,-45,NASA POWER MERRA-2 PRECTOTCORR
2011-01-25,0.03,coffee-minas-south,coffee,-21.5,-45,NASA POWER MERRA-2 PRECTOTCORR
2011-01-26,0.27,coffee-minas-south,coffee,-21.5,-45,NASA POWER MERRA-2 PRECTOTCORR
2011-01-27,0.39,coffee-minas-south,coffee,-21.5,-45,NASA POWER MERRA-2 PRECTOTCORR
2011-01-28,1.4,coffee-minas-south,coffee,-21.5,-45,NASA POWER MERRA-2 PRECTOTCORR
2011-01-29,0.35,coffee-minas-south,coffee,-21.5,-45,NASA POWER MERRA-2 PRECTOTCORR
2011-01-30,6.78,coffee-minas-south,coffee,-21.5,-45,NASA POWER MERRA-2 PRECTOTCORR
2011-01-31,11.7,coffee-minas-south,coffee,-21.5,-45,NASA POWER MERRA-2 PRECTOTCORR
2011-02-01,1.15,coffee-minas-south,coffee,-21.5,-45,NASA POWER MERRA-2 PRECTOTCORR
2011-02-02,3.16,coffee-minas-south,coffee,-21.5,-45,NASA POWER MERRA-2 PRECTOTCORR
2011-02-03,0.08,coffee-minas-south,coffee,-21.5,-45,NASA POWER MERRA-2 PRECTOTCORR
2011-02-04,0.01,coffee-minas-south,coffee,-21.5,-45,NASA POWER MERRA-2 PRECTOTCORR
2011-02-05,0.03,coffee-minas-south,coffee,-21.5,-45,NASA POWER MERRA-2 PRECTOTCORR
2011-02-06,0.28,coffee-minas-south,coffee,-21.5,-45,NASA POWER MERRA-2 PRECTOTCORR
2011-02-07,2.28,coffee-minas-south,coffee,-21.5,-45,NASA POWER MERRA-2 PRECTOTCORR
2011-02-08,0.01,coffee-minas-south,coffee,-21.5,-45,NASA POWER MERRA-2 PRECTOTCORR
2011-02-09,0,coffee-minas-south,coffee,-21.5,-45,NASA POWER MERRA-2 PRECTOTCORR
2011-02-10,0.54,coffee-minas-south,coffee,-21.5,-45,NASA POWER MERRA-2 PRECTOTCORR
2011-02-11,8.48,coffee-minas-south,coffee,-21.5,-45,NASA POWER MERRA-2 PRECTOTCORR
2011-02-12,2.08,coffee-minas-south,coffee,-21.5,-45,NASA POWER MERRA-2 PRECTOTCORR
2011-02-13,0.4,coffee-minas-south,coffee,-21.5,-45,NASA POWER MERRA-2 PRECTOTCORR
2011-02-14,5.75,coffee-minas-south,coffee,-21.5,-45,NASA POWER MERRA-2 PRECTOTCORR
2011-02-15,1.08,coffee-minas-south,coffee,-21.5,-45,NASA POWER MERRA-2 PRECTOTCORR
2011-02-16,8.62,coffee-minas-south,coffee,-21.5,-45,NASA POWER MERRA-2 PRECTOTCORR
2011-02-17,2.83,coffee-minas-south,coffee,-21.5,-45,NASA POWER MERRA-2 PRECTOTCORR
2011-02-18,0.35,coffee-minas-south,coffee,-21.5,-45,NASA POWER MERRA-2 PRECTOTCORR
2011-02-19,0.05,coffee-minas-south,coffee,-21.5,-45,NASA POWER MERRA-2 PRECTOTCORR
2011-02-20,1.05,coffee-minas-south,coffee,-21.5,-45,NASA POWER MERRA-2 PRECTOTCORR
2011-02-21,2.03,coffee-minas-south,coffee,-21.5,-45,NASA POWER MERRA-2 PRECTOTCORR
2011-02-22,2.71,coffee-minas-south,coffee,-21.5,-45,NASA POWER MERRA-2 PRECTOTCORR
2011-02-23,3.53,coffee-minas-south,coffee,-21.5,-45,NASA POWER MERRA-2 PRECTOTCORR
2011-02-24,1.7,coffee-minas-south,coffee,-21.5,-45,NASA POWER MERRA-2 PRECTOTCORR
2011-02-25,1.54,coffee-minas-south,coffee,-21.5,-45,NASA POWER MERRA-2 PRECTOTCORR
2011-02-26,7.21,coffee-minas-south,coffee,-21.5,-45,NASA POWER MERRA-2 PRECTOTCORR
2011-02-27,19.66,coffee-minas-south,coffee,-21.5,-45,NASA POWER MERRA-2 PRECTOTCORR
2011-02-28,18.4,coffee-minas-south,coffee,-21.5,-45,NASA POWER MERRA-2 PRECTOTCORR
2011-03-01,7.52,coffee-minas-south,coffee,-21.5,-45,NASA POWER MERRA-2 PRECTOTCORR
2011-03-02,21.68,coffee-minas-south,coffee,-21.5,-45,NASA POWER MERRA-2 PRECTOTCORR
2011-03-03,15.24,coffee-minas-south,coffee,-21.5,-45,NASA POWER MERRA-2 PRECTOTCORR
2011-03-04,19.65,coffee-minas-south,coffee,-21.5,-45,NASA POWER MERRA-2 PRECTOTCORR
2011-03-05,20.95,coffee-minas-south,coffee,-21.5,-45,NASA POWER MERRA-2 PRECTOTCORR
2011-03-06,14.18,coffee-minas-south,coffee,-21.5,-45,NASA POWER MERRA-2 PRECTOTCORR
2011-03-07,10.95,coffee-minas-south,coffee,-21.5,-45,NASA POWER MERRA-2 PRECTOTCORR
2011-03-08,8.45,coffee-minas-south,coffee,-21.5,-45,NASA POWER MERRA-2 PRECTOTCORR
2011-03-09,11.08,coffee-minas-south,coffee,-21.5,-45,NASA POWER MERRA-2 PRECTOTCORR
2011-03-10,0.77,coffee-minas-south,coffee,-21.5,-45,NASA POWER MERRA-2 PRECTOTCORR
2011-03-11,0.5,coffee-minas-south,coffee,-21.5,-45,NASA POWER MERRA-2 PRECTOTCORR
2011-03-12,17.9,coffee-minas-south,coffee,-21.5,-45,NASA POWER MERRA-2 PRECTOTCORR
2011-03-13,11.01,coffee-minas-south,coffee,-21.5,-45,NASA POWER MERRA-2 PRECTOTCORR
2011-03-14,17.03,coffee-minas-south,coffee,-21.5,-45,NASA POWER MERRA-2 PRECTOTCORR
2011-03-15,18.32,coffee-minas-south,coffee,-21.5,-45,NASA POWER MERRA-2 PRECTOTCORR
2011-03-16,3.95,coffee-minas-south,coffee,-21.5,-45,NASA POWER MERRA-2 PRECTOTCORR
2011-03-17,0.57,coffee-minas-south,coffee,-21.5,-45,NASA POWER MERRA-2 PRECTOTCORR
2011-03-18,0.23,coffee-minas-south,coffee,-21.5,-45,NASA POWER MERRA-2 PRECTOTCORR
2011-03-19,0.04,coffee-minas-south,coffee,-21.5,-45,NASA POWER MERRA-2 PRECTOTCORR
2011-03-20,0,coffee-minas-south,coffee,-21.5,-45,NASA POWER MERRA-2 PRECTOTCORR
2011-03-21,0.12,coffee-minas-south,coffee,-21.5,-45,NASA POWER MERRA-2 PRECTOTCORR
2011-03-22,0.26,coffee-minas-south,coffee,-21.5,-45,NASA POWER MERRA-2 PRECTOTCORR
2011-03-23,0.05,coffee-minas-south,coffee,-21.5,-45,NASA POWER MERRA-2 PRECTOTCORR
2011-03-24,0.02,coffee-minas-south,coffee,-21.5,-45,NASA POWER MERRA-2 PRECTOTCORR
2011-03-25,2.6,coffee-minas-south,coffee,-21.5,-45,NASA POWER MERRA-2 PRECTOTCORR
2011-03-26,2.18,coffee-minas-south,coffee,-21.5,-45,NASA POWER MERRA-2 PRECTOTCORR
2011-03-27,3.41,coffee-minas-south,coffee,-21.5,-45,NASA POWER MERRA-2 PRECTOTCORR
2011-03-28,1.83,coffee-minas-south,coffee,-21.5,-45,NASA POWER MERRA-2 PRECTOTCORR
2011-03-29,4.24,coffee-minas-south,coffee,-21.5,-45,NASA POWER MERRA-2 PRECTOTCORR
2011-03-30,3.73,coffee-minas-south,coffee,-21.5,-45,NASA POWER MERRA-2 PRECTOTCORR
2011-03-31,5.37,coffee-minas-south,coffee,-21.5,-45,NASA POWER MERRA-2 PRECTOTCORR
2011-04-01,0.03,coffee-minas-south,coffee,-21.5,-45,NASA POWER MERRA-2 PRECTOTCORR
2011-04-02,2.75,coffee-minas-south,coffee,-21.5,-45,NASA POWER MERRA-2 PRECTOTCORR
2011-04-03,12.17,coffee-minas-south,coffee,-21.5,-45,NASA POWER MERRA-2 PRECTOTCORR
2011-04-04,4.72,coffee-minas-south,coffee,-21.5,-45,NASA POWER MERRA-2 PRECTOTCORR
2011-04-05,5.02,coffee-minas-south,coffee,-21.5,-45,NASA POWER MERRA-2 PRECTOTCORR
2011-04-06,0.49,coffee-minas-south,coffee,-21.5,-45,NASA POWER MERRA-2 PRECTOTCORR
2011-04-07,0.01,coffee-minas-south,coffee,-21.5,-45,NASA POWER MERRA-2 PRECTOTCORR
2011-04-08,0.05,coffee-minas-south,coffee,-21.5,-45,NASA POWER MERRA-2 PRECTOTCORR
2011-04-09,5.56,coffee-minas-south,coffee,-21.5,-45,NASA POWER MERRA-2 PRECTOTCORR
2011-04-10,0.85,coffee-minas-south,coffee,-21.5,-45,NASA POWER MERRA-2 PRECTOTCORR
2011-04-11,0.57,coffee-minas-south,coffee,-21.5,-45,NASA POWER MERRA-2 PRECTOTCORR
2011-04-12,0.04,coffee-minas-south,coffee,-21.5,-45,NASA POWER MERRA-2 PRECTOTCORR
2011-04-13,0,coffee-minas-south,coffee,-21.5,-45,NASA POWER MERRA-2 PRECTOTCORR
2011-04-14,0.76,coffee-minas-south,coffee,-21.5,-45,NASA POWER MERRA-2 PRECTOTCORR
2011-04-15,0.07,coffee-minas-south,coffee,-21.5,-45,NASA POWER MERRA-2 PRECTOTCORR
2011-04-16,0,coffee-minas-south,coffee,-21.5,-45,NASA POWER MERRA-2 PRECTOTCORR
2011-04-17,0,coffee-minas-south,coffee,-21.5,-45,NASA POWER MERRA-2 PRECTOTCORR
2011-04-18,0,coffee-minas-south,coffee,-21.5,-45,NASA POWER MERRA-2 PRECTOTCORR
2011-04-19,0.02,coffee-minas-south,coffee,-21.5,-45,NASA POWER MERRA-2 PRECTOTCORR
2011-04-20,0.15,coffee-minas-south,coffee,-21.5,-45,NASA POWER MERRA-2 PRECTOTCORR
2011-04-21,0.02,coffee-minas-south,coffee,-21.5,-45,NASA POWER MERRA-2 PRECTOTCORR
2011-04-22,0.01,coffee-minas-south,coffee,-21.5,-45,NASA POWER MERRA-2 PRECTOTCORR
2011-04-23,0,coffee-minas-south,coffee,-21.5,-45,NASA POWER MERRA-2 PRECTOTCORR
2011-04-24,2.91,coffee-minas-south,coffee,-21.5,-45,NASA POWER MERRA-2 PRECTOTCORR
2011-04-25,1.61,coffee-minas-south,coffee,-21.5,-45,NASA POWER MERRA-2 PRECTOTCORR
2011-04-26,2.34,coffee-minas-south,coffee,-21.5,-45,NASA POWER MERRA-2 PRECTOTCORR
2011-04-27,0.56,coffee-minas-south,coffee,-21.5,-45,NASA POWER MERRA-2 PRECTOTCORR
2011-04-28,11.79,coffee-minas-south,coffee,-21.5,-45,NASA POWER MERRA-2 PRECTOTCORR
2011-04-29,3.53,coffee-minas-south,coffee,-21.5,-45,NASA POWER MERRA-2 PRECTOTCORR
2011-04-30,0.03,coffee-minas-south,coffee,-21.5,-45,NASA POWER MERRA-2 PRECTOTCORR
2011-05-01,0.61,coffee-minas-south,coffee,-21.5,-45,NASA POWER MERRA-2 PRECTOTCORR
2011-05-02,0.65,coffee-minas-south,coffee,-21.5,-45,NASA POWER MERRA-2 PRECTOTCORR
2011-05-03,0.57,coffee-minas-south,coffee,-21.5,-45,NASA POWER MERRA-2 PRECTOTCORR
2011-05-04,0.06,coffee-minas-south,coffee,-21.5,-45,NASA POWER MERRA-2 PRECTOTCORR
2011-05-05,0.04,coffee-minas-south,coffee,-21.5,-45,NASA POWER MERRA-2 PRECTOTCORR
2011-05-06,0,coffee-minas-south,coffee,-21.5,-45,NASA POWER MERRA-2 PRECTOTCORR
2011-05-07,0.01,coffee-minas-south,coffee,-21.5,-45,NASA POWER MERRA-2 PRECTOTCORR
2011-05-08,0.01,coffee-minas-south,coffee,-21.5,-45,NASA POWER MERRA-2 PRECTOTCORR
2011-05-09,0.01,coffee-minas-south,coffee,-21.5,-45,NASA POWER MERRA-2 PRECTOTCORR
2011-05-10,0.09,coffee-minas-south,coffee,-21.5,-45,NASA POWER MERRA-2 PRECTOTCORR
2011-05-11,0.08,coffee-minas-south,coffee,-21.5,-45,NASA POWER MERRA-2 PRECTOTCORR
2011-05-12,0.03,coffee-minas-south,coffee,-21.5,-45,NASA POWER MERRA-2 PRECTOTCORR
2011-05-13,0.06,coffee-minas-south,coffee,-21.5,-45,NASA POWER MERRA-2 PRECTOTCORR
2011-05-14,0,coffee-minas-south,coffee,-21.5,-45,NASA POWER MERRA-2 PRECTOTCORR
2011-05-15,5.45,coffee-minas-south,coffee,-21.5,-45,NASA POWER MERRA-2 PRECTOTCORR
2011-05-16,0.39,coffee-minas-south,coffee,-21.5,-45,NASA POWER MERRA-2 PRECTOTCORR
2011-05-17,0.24,coffee-minas-south,coffee,-21.5,-45,NASA POWER MERRA-2 PRECTOTCORR
2011-05-18,0,coffee-minas-south,coffee,-21.5,-45,NASA POWER MERRA-2 PRECTOTCORR
2011-05-19,0.55,coffee-minas-south,coffee,-21.5,-45,NASA POWER MERRA-2 PRECTOTCORR
2011-05-20,0.22,coffee-minas-south,coffee,-21.5,-45,NASA POWER MERRA-2 PRECTOTCORR
2011-05-21,0,coffee-minas-south,coffee,-21.5,-45,NASA POWER MERRA-2 PRECTOTCORR
2011-05-22,0,coffee-minas-south,coffee,-21.5,-45,NASA POWER MERRA-2 PRECTOTCORR
2011-05-23,0,coffee-minas-south,coffee,-21.5,-45,NASA POWER MERRA-2 PRECTOTCORR
2011-05-24,0,coffee-minas-south,coffee,-21.5,-45,NASA POWER MERRA-2 PRECTOTCORR
2011-05-25,0,coffee-minas-south,coffee,-21.5,-45,NASA POWER MERRA-2 PRECTOTCORR
2011-05-26,0,coffee-minas-south,coffee,-21.5,-45,NASA POWER MERRA-2 PRECTOTCORR
2011-05-27,0.02,coffee-minas-south,coffee,-21.5,-45,NASA POWER MERRA-2 PRECTOTCORR
2011-05-28,0.01,coffee-minas-south,coffee,-21.5,-45,NASA POWER MERRA-2 PRECTOTCORR
2011-05-29,0.02,coffee-minas-south,coffee,-21.5,-45,NASA POWER MERRA-2 PRECTOTCORR
2011-05-30,0,coffee-minas-south,coffee,-21.5,-45,NASA POWER MERRA-2 PRECTOTCORR
2011-05-31,0,coffee-minas-south,coffee,-21.5,-45,NASA POWER MERRA-2 PRECTOTCORR
2011-06-01,0.42,coffee-minas-south,coffee,-21.5,-45,NASA POWER MERRA-2 PRECTOTCORR
2011-06-02,0.12,coffee-minas-south,coffee,-21.5,-45,NASA POWER MERRA-2 PRECTOTCORR
2011-06-03,0,coffee-minas-south,coffee,-21.5,-45,NASA POWER MERRA-2 PRECTOTCORR
2011-06-04,0,coffee-minas-south,coffee,-21.5,-45,NASA POWER MERRA-2 PRECTOTCORR
2011-06-05,0,coffee-minas-south,coffee,-21.5,-45,NASA POWER MERRA-2 PRECTOTCORR
2011-06-06,0.05,coffee-minas-south,coffee,-21.5,-45,NASA POWER MERRA-2 PRECTOTCORR
2011-06-07,4.22,coffee-minas-south,coffee,-21.5,-45,NASA POWER MERRA-2 PRECTOTCORR
2011-06-08,5.76,coffee-minas-south,coffee,-21.5,-45,NASA POWER MERRA-2 PRECTOTCORR
2011-06-09,13.44,coffee-minas-south,coffee,-21.5,-45,NASA POWER MERRA-2 PRECTOTCORR
2011-06-10,0.35,coffee-minas-south,coffee,-21.5,-45,NASA POWER MERRA-2 PRECTOTCORR
2011-06-11,0.01,coffee-minas-south,coffee,-21.5,-45,NASA POWER MERRA-2 PRECTOTCORR
2011-06-12,0.04,coffee-minas-south,coffee,-21.5,-45,NASA POWER MERRA-2 PRECTOTCORR
2011-06-13,0.06,coffee-minas-south,coffee,-21.5,-45,NASA POWER MERRA-2 PRECTOTCORR
2011-06-14,0.01,coffee-minas-south,coffee,-21.5,-45,NASA POWER MERRA-2 PRECTOTCORR
2011-06-15,0.02,coffee-minas-south,coffee,-21.5,-45,NASA POWER MERRA-2 PRECTOTCORR
2011-06-16,0.01,coffee-minas-south,coffee,-21.5,-45,NASA POWER MERRA-2 PRECTOTCORR
2011-06-17,0.02,coffee-minas-south,coffee,-21.5,-45,NASA POWER MERRA-2 PRECTOTCORR
2011-06-18,0,coffee-minas-south,coffee,-21.5,-45,NASA POWER MERRA-2 PRECTOTCORR
2011-06-19,0,coffee-minas-south,coffee,-21.5,-45,NASA POWER MERRA-2 PRECTOTCORR
2011-06-20,0.02,coffee-minas-south,coffee,-21.5,-45,NASA POWER MERRA-2 PRECTOTCORR
2011-06-21,0,coffee-minas-south,coffee,-21.5,-45,NASA POWER MERRA-2 PRECTOTCORR
2011-06-22,0,coffee-minas-south,coffee,-21.5,-45,NASA POWER MERRA-2 PRECTOTCORR
2011-06-23,0,coffee-minas-south,coffee,-21.5,-45,NASA POWER MERRA-2 PRECTOTCORR
2011-06-24,0,coffee-minas-south,coffee,-21.5,-45,NASA POWER MERRA-2 PRECTOTCORR
2011-06-25,0.02,coffee-minas-south,coffee,-21.5,-45,NASA POWER MERRA-2 PRECTOTCORR
2011-06-26,0.72,coffee-minas-south,coffee,-21.5,-45,NASA POWER MERRA-2 PRECTOTCORR
2011-06-27,0.76,coffee-minas-south,coffee,-21.5,-45,NASA POWER MERRA-2 PRECTOTCORR
2011-06-28,0,coffee-minas-south,coffee,-21.5,-45,NASA POWER MERRA-2 PRECTOTCORR
2011-06-29,0.03,coffee-minas-south,coffee,-21.5,-45,NASA POWER MERRA-2 PRECTOTCORR
2011-06-30,0,coffee-minas-south,coffee,-21.5,-45,NASA POWER MERRA-2 PRECTOTCORR
2011-07-01,0.01,coffee-minas-south,coffee,-21.5,-45,NASA POWER MERRA-2 PRECTOTCORR
2011-07-02,0,coffee-minas-south,coffee,-21.5,-45,NASA POWER MERRA-2 PRECTOTCORR
2011-07-03,0,coffee-minas-south,coffee,-21.5,-45,NASA POWER MERRA-2 PRECTOTCORR
2011-07-04,0,coffee-minas-south,coffee,-21.5,-45,NASA POWER MERRA-2 PRECTOTCORR
2011-07-05,0.02,coffee-minas-south,coffee,-21.5,-45,NASA POWER MERRA-2 PRECTOTCORR
2011-07-06,0,coffee-minas-south,coffee,-21.5,-45,NASA POWER MERRA-2 PRECTOTCORR
2011-07-07,0.01,coffee-minas-south,coffee,-21.5,-45,NASA POWER MERRA-2 PRECTOTCORR
2011-07-08,0,coffee-minas-south,coffee,-21.5,-45,NASA POWER MERRA-2 PRECTOTCORR
2011-07-09,0,coffee-minas-south,coffee,-21.5,-45,NASA POWER MERRA-2 PRECTOTCORR
2011-07-10,0.1,coffee-minas-south,coffee,-21.5,-45,NASA POWER MERRA-2 PRECTOTCORR
2011-07-11,0,coffee-minas-south,coffee,-21.5,-45,NASA POWER MERRA-2 PRECTOTCORR
2011-07-12,0.01,coffee-minas-south,coffee,-21.5,-45,NASA POWER MERRA-2 PRECTOTCORR
2011-07-13,0,coffee-minas-south,coffee,-21.5,-45,NASA POWER MERRA-2 PRECTOTCORR
2011-07-14,0.01,coffee-minas-south,coffee,-21.5,-45,NASA POWER MERRA-2 PRECTOTCORR
2011-07-15,0.01,coffee-minas-south,coffee,-21.5,-45,NASA POWER MERRA-2 PRECTOTCORR
2011-07-16,0,coffee-minas-south,coffee,-21.5,-45,NASA POWER MERRA-2 PRECTOTCORR
2011-07-17,0.02,coffee-minas-south,coffee,-21.5,-45,NASA POWER MERRA-2 PRECTOTCORR
2011-07-18,0,coffee-minas-south,coffee,-21.5,-45,NASA POWER MERRA-2 PRECTOTCORR
2011-07-19,0.04,coffee-minas-south,coffee,-21.5,-45,NASA POWER MERRA-2 PRECTOTCORR
2011-07-20,0.01,coffee-minas-south,coffee,-21.5,-45,NASA POWER MERRA-2 PRECTOTCORR
2011-07-21,0,coffee-minas-south,coffee,-21.5,-45,NASA POWER MERRA-2 PRECTOTCORR
2011-07-22,0.08,coffee-minas-south,coffee,-21.5,-45,NASA POWER MERRA-2 PRECTOTCORR
2011-07-23,0.39,coffee-minas-south,coffee,-21.5,-45,NASA POWER MERRA-2 PRECTOTCORR
2011-07-24,0.04,coffee-minas-south,coffee,-21.5,-45,NASA POWER MERRA-2 PRECTOTCORR
2011-07-25,0.01,coffee-minas-south,coffee,-21.5,-45,NASA POWER MERRA-2 PRECTOTCORR
2011-07-26,0,coffee-minas-south,coffee,-21.5,-45,NASA POWER MERRA-2 PRECTOTCORR
2011-07-27,0.14,coffee-minas-south,coffee,-21.5,-45,NASA POWER MERRA-2 PRECTOTCORR
2011-07-28,0.06,coffee-minas-south,coffee,-21.5,-45,NASA POWER MERRA-2 PRECTOTCORR
2011-07-29,0,coffee-minas-south,coffee,-21.5,-45,NASA POWER MERRA-2 PRECTOTCORR
2011-07-30,0.01,coffee-minas-south,coffee,-21.5,-45,NASA POWER MERRA-2 PRECTOTCORR
2011-07-31,0.02,coffee-minas-south,coffee,-21.5,-45,NASA POWER MERRA-2 PRECTOTCORR
2011-08-01,0,coffee-minas-south,coffee,-21.5,-45,NASA POWER MERRA-2 PRECTOTCORR
2011-08-02,0.08,coffee-minas-south,coffee,-21.5,-45,NASA POWER MERRA-2 PRECTOTCORR
2011-08-03,6.1,coffee-minas-south,coffee,-21.5,-45,NASA POWER MERRA-2 PRECTOTCORR
2011-08-04,0.04,coffee-minas-south,coffee,-21.5,-45,NASA POWER MERRA-2 PRECTOTCORR
2011-08-05,0,coffee-minas-south,coffee,-21.5,-45,NASA POWER MERRA-2 PRECTOTCORR
2011-08-06,0.03,coffee-minas-south,coffee,-21.5,-45,NASA POWER MERRA-2 PRECTOTCORR
2011-08-07,0,coffee-minas-south,coffee,-21.5,-45,NASA POWER MERRA-2 PRECTOTCORR
2011-08-08,0,coffee-minas-south,coffee,-21.5,-45,NASA POWER MERRA-2 PRECTOTCORR
2011-08-09,0.03,coffee-minas-south,coffee,-21.5,-45,NASA POWER MERRA-2 PRECTOTCORR
2011-08-10,0.21,coffee-minas-south,coffee,-21.5,-45,NASA POWER MERRA-2 PRECTOTCORR
2011-08-11,0.02,coffee-minas-south,coffee,-21.5,-45,NASA POWER MERRA-2 PRECTOTCORR
2011-08-12,0,coffee-minas-south,coffee,-21.5,-45,NASA POWER MERRA-2 PRECTOTCORR
2011-08-13,0,coffee-minas-south,coffee,-21.5,-45,NASA POWER MERRA-2 PRECTOTCORR
2011-08-14,0,coffee-minas-south,coffee,-21.5,-45,NASA POWER MERRA-2 PRECTOTCORR
2011-08-15,0,coffee-minas-south,coffee,-21.5,-45,NASA POWER MERRA-2 PRECTOTCORR
2011-08-16,0.01,coffee-minas-south,coffee,-21.5,-45,NASA POWER MERRA-2 PRECTOTCORR
2011-08-17,0,coffee-minas-south,coffee,-21.5,-45,NASA POWER MERRA-2 PRECTOTCORR
2011-08-18,0,coffee-minas-south,coffee,-21.5,-45,NASA POWER MERRA-2 PRECTOTCORR
2011-08-19,0,coffee-minas-south,coffee,-21.5,-45,NASA POWER MERRA-2 PRECTOTCORR
2011-08-20,0.24,coffee-minas-south,coffee,-21.5,-45,NASA POWER MERRA-2 PRECTOTCORR
2011-08-21,0.2,coffee-minas-south,coffee,-21.5,-45,NASA POWER MERRA-2 PRECTOTCORR
2011-08-22,0.01,coffee-minas-south,coffee,-21.5,-45,NASA POWER MERRA-2 PRECTOTCORR
2011-08-23,0.05,coffee-minas-south,coffee,-21.5,-45,NASA POWER MERRA-2 PRECTOTCORR
2011-08-24,0.1,coffee-minas-south,coffee,-21.5,-45,NASA POWER MERRA-2 PRECTOTCORR
2011-08-25,0,coffee-minas-south,coffee,-21.5,-45,NASA POWER MERRA-2 PRECTOTCORR
2011-08-26,0.01,coffee-minas-south,coffee,-21.5,-45,NASA POWER MERRA-2 PRECTOTCORR
2011-08-27,0.01,coffee-minas-south,coffee,-21.5,-45,NASA POWER MERRA-2 PRECTOTCORR
2011-08-28,0,coffee-minas-south,coffee,-21.5,-45,NASA POWER MERRA-2 PRECTOTCORR
2011-08-29,0,coffee-minas-south,coffee,-21.5,-45,NASA POWER MERRA-2 PRECTOTCORR
2011-08-30,0,coffee-minas-south,coffee,-21.5,-45,NASA POWER MERRA-2 PRECTOTCORR
2011-08-31,0.98,coffee-minas-south,coffee,-21.5,-45,NASA POWER MERRA-2 PRECTOTCORR
2011-09-01,0.08,coffee-minas-south,coffee,-21.5,-45,NASA POWER MERRA-2 PRECTOTCORR
2011-09-02,0,coffee-minas-south,coffee,-21.5,-45,NASA POWER MERRA-2 PRECTOTCORR
2011-09-03,0,coffee-minas-south,coffee,-21.5,-45,NASA POWER MERRA-2 PRECTOTCORR
2011-09-04,0,coffee-minas-south,coffee,-21.5,-45,NASA POWER MERRA-2 PRECTOTCORR
2011-09-05,0,coffee-minas-south,coffee,-21.5,-45,NASA POWER MERRA-2 PRECTOTCORR
2011-09-06,0,coffee-minas-south,coffee,-21.5,-45,NASA POWER MERRA-2 PRECTOTCORR
2011-09-07,0,coffee-minas-south,coffee,-21.5,-45,NASA POWER MERRA-2 PRECTOTCORR
2011-09-08,0,coffee-minas-south,coffee,-21.5,-45,NASA POWER MERRA-2 PRECTOTCORR
2011-09-09,0,coffee-minas-south,coffee,-21.5,-45,NASA POWER MERRA-2 PRECTOTCORR
2011-09-10,0.01,coffee-minas-south,coffee,-21.5,-45,NASA POWER MERRA-2 PRECTOTCORR
2011-09-11,0.11,coffee-minas-south,coffee,-21.5,-45,NASA POWER MERRA-2 PRECTOTCORR
2011-09-12,0.01,coffee-minas-south,coffee,-21.5,-45,NASA POWER MERRA-2 PRECTOTCORR
2011-09-13,0.21,coffee-minas-south,coffee,-21.5,-45,NASA POWER MERRA-2 PRECTOTCORR
2011-09-14,0.12,coffee-minas-south,coffee,-21.5,-45,NASA POWER MERRA-2 PRECTOTCORR
2011-09-15,0.03,coffee-minas-south,coffee,-21.5,-45,NASA POWER MERRA-2 PRECTOTCORR
2011-09-16,0,coffee-minas-south,coffee,-21.5,-45,NASA POWER MERRA-2 PRECTOTCORR
2011-09-17,0,coffee-minas-south,coffee,-21.5,-45,NASA POWER MERRA-2 PRECTOTCORR
2011-09-18,0,coffee-minas-south,coffee,-21.5,-45,NASA POWER MERRA-2 PRECTOTCORR
2011-09-19,0.01,coffee-minas-south,coffee,-21.5,-45,NASA POWER MERRA-2 PRECTOTCORR
2011-09-20,0,coffee-minas-south,coffee,-21.5,-45,NASA POWER MERRA-2 PRECTOTCORR
2011-09-21,0.08,coffee-minas-south,coffee,-21.5,-45,NASA POWER MERRA-2 PRECTOTCORR
2011-09-22,0.08,coffee-minas-south,coffee,-21.5,-45,NASA POWER MERRA-2 PRECTOTCORR
2011-09-23,0,coffee-minas-south,coffee,-21.5,-45,NASA POWER MERRA-2 PRECTOTCORR
2011-09-24,0.36,coffee-minas-south,coffee,-21.5,-45,NASA POWER MERRA-2 PRECTOTCORR
2011-09-25,0.09,coffee-minas-south,coffee,-21.5,-45,NASA POWER MERRA-2 PRECTOTCORR
2011-09-26,0.01,coffee-minas-south,coffee,-21.5,-45,NASA POWER MERRA-2 PRECTOTCORR
2011-09-27,0,coffee-minas-south,coffee,-21.5,-45,NASA POWER MERRA-2 PRECTOTCORR
2011-09-28,0,coffee-minas-south,coffee,-21.5,-45,NASA POWER MERRA-2 PRECTOTCORR
2011-09-29,0,coffee-minas-south,coffee,-21.5,-45,NASA POWER MERRA-2 PRECTOTCORR
2011-09-30,0,coffee-minas-south,coffee,-21.5,-45,NASA POWER MERRA-2 PRECTOTCORR
2011-10-01,0,coffee-minas-south,coffee,-21.5,-45,NASA POWER MERRA-2 PRECTOTCORR
2011-10-02,9.12,coffee-minas-south,coffee,-21.5,-45,NASA POWER MERRA-2 PRECTOTCORR
2011-10-03,14.87,coffee-minas-south,coffee,-21.5,-45,NASA POWER MERRA-2 PRECTOTCORR
2011-10-04,0.17,coffee-minas-south,coffee,-21.5,-45,NASA POWER MERRA-2 PRECTOTCORR
2011-10-05,0.05,coffee-minas-south,coffee,-21.5,-45,NASA POWER MERRA-2 PRECTOTCORR
2011-10-06,0.17,coffee-minas-south,coffee,-21.5,-45,NASA POWER MERRA-2 PRECTOTCORR
2011-10-07,0,coffee-minas-south,coffee,-21.5,-45,NASA POWER MERRA-2 PRECTOTCORR
2011-10-08,0,coffee-minas-south,coffee,-21.5,-45,NASA POWER MERRA-2 PRECTOTCORR
2011-10-09,3.75,coffee-minas-south,coffee,-21.5,-45,NASA POWER MERRA-2 PRECTOTCORR
2011-10-10,0.14,coffee-minas-south,coffee,-21.5,-45,NASA POWER MERRA-2 PRECTOTCORR
2011-10-11,11,coffee-minas-south,coffee,-21.5,-45,NASA POWER MERRA-2 PRECTOTCORR
2011-10-12,1.35,coffee-minas-south,coffee,-21.5,-45,NASA POWER MERRA-2 PRECTOTCORR
2011-10-13,7.08,coffee-minas-south,coffee,-21.5,-45,NASA POWER MERRA-2 PRECTOTCORR
2011-10-14,9.54,coffee-minas-south,coffee,-21.5,-45,NASA POWER MERRA-2 PRECTOTCORR
2011-10-15,8.16,coffee-minas-south,coffee,-21.5,-45,NASA POWER MERRA-2 PRECTOTCORR
2011-10-16,10.17,coffee-minas-south,coffee,-21.5,-45,NASA POWER MERRA-2 PRECTOTCORR
2011-10-17,4.38,coffee-minas-south,coffee,-21.5,-45,NASA POWER MERRA-2 PRECTOTCORR
2011-10-18,0.28,coffee-minas-south,coffee,-21.5,-45,NASA POWER MERRA-2 PRECTOTCORR
2011-10-19,0.06,coffee-minas-south,coffee,-21.5,-45,NASA POWER MERRA-2 PRECTOTCORR
2011-10-20,0.04,coffee-minas-south,coffee,-21.5,-45,NASA POWER MERRA-2 PRECTOTCORR
2011-10-21,0.01,coffee-minas-south,coffee,-21.5,-45,NASA POWER MERRA-2 PRECTOTCORR
2011-10-22,3.54,coffee-minas-south,coffee,-21.5,-45,NASA POWER MERRA-2 PRECTOTCORR
2011-10-23,3.28,coffee-minas-south,coffee,-21.5,-45,NASA POWER MERRA-2 PRECTOTCORR
2011-10-24,0.19,coffee-minas-south,coffee,-21.5,-45,NASA POWER MERRA-2 PRECTOTCORR
2011-10-25,0.22,coffee-minas-south,coffee,-21.5,-45,NASA POWER MERRA-2 PRECTOTCORR
2011-10-26,0.82,coffee-minas-south,coffee,-21.5,-45,NASA POWER MERRA-2 PRECTOTCORR
2011-10-27,3.13,coffee-minas-south,coffee,-21.5,-45,NASA POWER MERRA-2 PRECTOTCORR
2011-10-28,0.27,coffee-minas-south,coffee,-21.5,-45,NASA POWER MERRA-2 PRECTOTCORR
2011-10-29,1.84,coffee-minas-south,coffee,-21.5,-45,NASA POWER MERRA-2 PRECTOTCORR
2011-10-30,2.77,coffee-minas-south,coffee,-21.5,-45,NASA POWER MERRA-2 PRECTOTCORR
2011-10-31,2.15,coffee-minas-south,coffee,-21.5,-45,NASA POWER MERRA-2 PRECTOTCORR
2011-11-01,0.62,coffee-minas-south,coffee,-21.5,-45,NASA POWER MERRA-2 PRECTOTCORR
2011-11-02,0,coffee-minas-south,coffee,-21.5,-45,NASA POWER MERRA-2 PRECTOTCORR
2011-11-03,0,coffee-minas-south,coffee,-21.5,-45,NASA POWER MERRA-2 PRECTOTCORR
2011-11-04,0.01,coffee-minas-south,coffee,-21.5,-45,NASA POWER MERRA-2 PRECTOTCORR
2011-11-05,0.01,coffee-minas-south,coffee,-21.5,-45,NASA POWER MERRA-2 PRECTOTCORR
2011-11-06,1.1,coffee-minas-south,coffee,-21.5,-45,NASA POWER MERRA-2 PRECTOTCORR
2011-11-07,7.5,coffee-minas-south,coffee,-21.5,-45,NASA POWER MERRA-2 PRECTOTCORR
2011-11-08,0.6,coffee-minas-south,coffee,-21.5,-45,NASA POWER MERRA-2 PRECTOTCORR
2011-11-09,0.68,coffee-minas-south,coffee,-21.5,-45,NASA POWER MERRA-2 PRECTOTCORR
2011-11-10,0.85,coffee-minas-south,coffee,-21.5,-45,NASA POWER MERRA-2 PRECTOTCORR
2011-11-11,1.08,coffee-minas-south,coffee,-21.5,-45,NASA POWER MERRA-2 PRECTOTCORR
2011-11-12,4.28,coffee-minas-south,coffee,-21.5,-45,NASA POWER MERRA-2 PRECTOTCORR
2011-11-13,6.39,coffee-minas-south,coffee,-21.5,-45,NASA POWER MERRA-2 PRECTOTCORR
2011-11-14,19.36,coffee-minas-south,coffee,-21.5,-45,NASA POWER MERRA-2 PRECTOTCORR
2011-11-15,18.35,coffee-minas-south,coffee,-21.5,-45,NASA POWER MERRA-2 PRECTOTCORR
2011-11-16,3.27,coffee-minas-south,coffee,-21.5,-45,NASA POWER MERRA-2 PRECTOTCORR
2011-11-17,0.58,coffee-minas-south,coffee,-21.5,-45,NASA POWER MERRA-2 PRECTOTCORR
2011-11-18,0.66,coffee-minas-south,coffee,-21.5,-45,NASA POWER MERRA-2 PRECTOTCORR
2011-11-19,0.74,coffee-minas-south,coffee,-21.5,-45,NASA POWER MERRA-2 PRECTOTCORR
2011-11-20,0.03,coffee-minas-south,coffee,-21.5,-45,NASA POWER MERRA-2 PRECTOTCORR
2011-11-21,0.05,coffee-minas-south,coffee,-21.5,-45,NASA POWER MERRA-2 PRECTOTCORR
2011-11-22,13.94,coffee-minas-south,coffee,-21.5,-45,NASA POWER MERRA-2 PRECTOTCORR
2011-11-23,9.88,coffee-minas-south,coffee,-21.5,-45,NASA POWER MERRA-2 PRECTOTCORR
2011-11-24,0.04,coffee-minas-south,coffee,-21.5,-45,NASA POWER MERRA-2 PRECTOTCORR
2011-11-25,0.32,coffee-minas-south,coffee,-21.5,-45,NASA POWER MERRA-2 PRECTOTCORR
2011-11-26,8.07,coffee-minas-south,coffee,-21.5,-45,NASA POWER MERRA-2 PRECTOTCORR
2011-11-27,13.47,coffee-minas-south,coffee,-21.5,-45,NASA POWER MERRA-2 PRECTOTCORR
2011-11-28,11.47,coffee-minas-south,coffee,-21.5,-45,NASA POWER MERRA-2 PRECTOTCORR
2011-11-29,6.13,coffee-minas-south,coffee,-21.5,-45,NASA POWER MERRA-2 PRECTOTCORR
2011-11-30,7.05,coffee-minas-south,coffee,-21.5,-45,NASA POWER MERRA-2 PRECTOTCORR
2011-12-01,7.21,coffee-minas-south,coffee,-21.5,-45,NASA POWER MERRA-2 PRECTOTCORR
2011-12-02,4.37,coffee-minas-south,coffee,-21.5,-45,NASA POWER MERRA-2 PRECTOTCORR
2011-12-03,0.22,coffee-minas-south,coffee,-21.5,-45,NASA POWER MERRA-2 PRECTOTCORR
2011-12-04,0.31,coffee-minas-south,coffee,-21.5,-45,NASA POWER MERRA-2 PRECTOTCORR
2011-12-05,4.24,coffee-minas-south,coffee,-21.5,-45,NASA POWER MERRA-2 PRECTOTCORR
2011-12-06,9.92,coffee-minas-south,coffee,-21.5,-45,NASA POWER MERRA-2 PRECTOTCORR
2011-12-07,9.13,coffee-minas-south,coffee,-21.5,-45,NASA POWER MERRA-2 PRECTOTCORR
2011-12-08,16.72,coffee-minas-south,coffee,-21.5,-45,NASA POWER MERRA-2 PRECTOTCORR
2011-12-09,22.65,coffee-minas-south,coffee,-21.5,-45,NASA POWER MERRA-2 PRECTOTCORR
2011-12-10,14.18,coffee-minas-south,coffee,-21.5,-45,NASA POWER MERRA-2 PRECTOTCORR
2011-12-11,0.46,coffee-minas-south,coffee,-21.5,-45,NASA POWER MERRA-2 PRECTOTCORR
2011-12-12,9.02,coffee-minas-south,coffee,-21.5,-45,NASA POWER MERRA-2 PRECTOTCORR
2011-12-13,10.12,coffee-minas-south,coffee,-21.5,-45,NASA POWER MERRA-2 PRECTOTCORR
2011-12-14,14.6,coffee-minas-south,coffee,-21.5,-45,NASA POWER MERRA-2 PRECTOTCORR
2011-12-15,10.99,coffee-minas-south,coffee,-21.5,-45,NASA POWER MERRA-2 PRECTOTCORR
2011-12-16,3.97,coffee-minas-south,coffee,-21.5,-45,NASA POWER MERRA-2 PRECTOTCORR
2011-12-17,3.19,coffee-minas-south,coffee,-21.5,-45,NASA POWER MERRA-2 PRECTOTCORR
2011-12-18,27.36,coffee-minas-south,coffee,-21.5,-45,NASA POWER MERRA-2 PRECTOTCORR
2011-12-19,2.12,coffee-minas-south,coffee,-21.5,-45,NASA POWER MERRA-2 PRECTOTCORR
2011-12-20,0.79,coffee-minas-south,coffee,-21.5,-45,NASA POWER MERRA-2 PRECTOTCORR
2011-12-21,2.55,coffee-minas-south,coffee,-21.5,-45,NASA POWER MERRA-2 PRECTOTCORR
2011-12-22,2.54,coffee-minas-south,coffee,-21.5,-45,NASA POWER MERRA-2 PRECTOTCORR
2011-12-23,0.5,coffee-minas-south,coffee,-21.5,-45,NASA POWER MERRA-2 PRECTOTCORR
2011-12-24,11.7,coffee-minas-south,coffee,-21.5,-45,NASA POWER MERRA-2 PRECTOTCORR
2011-12-25,9.18,coffee-minas-south,coffee,-21.5,-45,NASA POWER MERRA-2 PRECTOTCORR
2011-12-26,16.07,coffee-minas-south,coffee,-21.5,-45,NASA POWER MERRA-2 PRECTOTCORR
2011-12-27,4.22,coffee-minas-south,coffee,-21.5,-45,NASA POWER MERRA-2 PRECTOTCORR
2011-12-28,6.67,coffee-minas-south,coffee,-21.5,-45,NASA POWER MERRA-2 PRECTOTCORR
2011-12-29,4.2,coffee-minas-south,coffee,-21.5,-45,NASA POWER MERRA-2 PRECTOTCORR
2011-12-30,4.51,coffee-minas-south,coffee,-21.5,-45,NASA POWER MERRA-2 PRECTOTCORR
2011-12-31,17.89,coffee-minas-south,coffee,-21.5,-45,NASA POWER MERRA-2 PRECTOTCORR
2012-01-01,26.38,coffee-minas-south,coffee,-21.5,-45,NASA POWER MERRA-2 PRECTOTCORR
2012-01-02,31.89,coffee-minas-south,coffee,-21.5,-45,NASA POWER MERRA-2 PRECTOTCORR
2012-01-03,8.01,coffee-minas-south,coffee,-21.5,-45,NASA POWER MERRA-2 PRECTOTCORR
2012-01-04,5.98,coffee-minas-south,coffee,-21.5,-45,NASA POWER MERRA-2 PRECTOTCORR
2012-01-05,0.73,coffee-minas-south,coffee,-21.5,-45,NASA POWER MERRA-2 PRECTOTCORR
2012-01-06,5.55,coffee-minas-south,coffee,-21.5,-45,NASA POWER MERRA-2 PRECTOTCORR
2012-01-07,3.78,coffee-minas-south,coffee,-21.5,-45,NASA POWER MERRA-2 PRECTOTCORR
2012-01-08,47.69,coffee-minas-south,coffee,-21.5,-45,NASA POWER MERRA-2 PRECTOTCORR
2012-01-09,19.1,coffee-minas-south,coffee,-21.5,-45,NASA POWER MERRA-2 PRECTOTCORR
2012-01-10,8.61,coffee-minas-south,coffee,-21.5,-45,NASA POWER MERRA-2 PRECTOTCORR
2012-01-11,3.47,coffee-minas-south,coffee,-21.5,-45,NASA POWER MERRA-2 PRECTOTCORR
2012-01-12,1.82,coffee-minas-south,coffee,-21.5,-45,NASA POWER MERRA-2 PRECTOTCORR
2012-01-13,0.89,coffee-minas-south,coffee,-21.5,-45,NASA POWER MERRA-2 PRECTOTCORR
2012-01-14,3.36,coffee-minas-south,coffee,-21.5,-45,NASA POWER MERRA-2 PRECTOTCORR
2012-01-15,2.46,coffee-minas-south,coffee,-21.5,-45,NASA POWER MERRA-2 PRECTOTCORR
2012-01-16,6.84,coffee-minas-south,coffee,-21.5,-45,NASA POWER MERRA-2 PRECTOTCORR
2012-01-17,6.17,coffee-minas-south,coffee,-21.5,-45,NASA POWER MERRA-2 PRECTOTCORR
2012-01-18,11.23,coffee-minas-south,coffee,-21.5,-45,NASA POWER MERRA-2 PRECTOTCORR
2012-01-19,11.04,coffee-minas-south,coffee,-21.5,-45,NASA POWER MERRA-2 PRECTOTCORR
2012-01-20,0.05,coffee-minas-south,coffee,-21.5,-45,NASA POWER MERRA-2 PRECTOTCORR
2012-01-21,1.43,coffee-minas-south,coffee,-21.5,-45,NASA POWER MERRA-2 PRECTOTCORR
2012-01-22,0.23,coffee-minas-south,coffee,-21.5,-45,NASA POWER MERRA-2 PRECTOTCORR
2012-01-23,1.77,coffee-minas-south,coffee,-21.5,-45,NASA POWER MERRA-2 PRECTOTCORR
2012-01-24,0.38,coffee-minas-south,coffee,-21.5,-45,NASA POWER MERRA-2 PRECTOTCORR
2012-01-25,0.2,coffee-minas-south,coffee,-21.5,-45,NASA POWER MERRA-2 PRECTOTCORR
2012-01-26,2.52,coffee-minas-south,coffee,-21.5,-45,NASA POWER MERRA-2 PRECTOTCORR
2012-01-27,18.5,coffee-minas-south,coffee,-21.5,-45,NASA POWER MERRA-2 PRECTOTCORR
2012-01-28,14.38,coffee-minas-south,coffee,-21.5,-45,NASA POWER MERRA-2 PRECTOTCORR
2012-01-29,12.64,coffee-minas-south,coffee,-21.5,-45,NASA POWER MERRA-2 PRECTOTCORR
2012-01-30,2.08,coffee-minas-south,coffee,-21.5,-45,NASA POWER MERRA-2 PRECTOTCORR
2012-01-31,4.92,coffee-minas-south,coffee,-21.5,-45,NASA POWER MERRA-2 PRECTOTCORR
2012-02-01,6.07,coffee-minas-south,coffee,-21.5,-45,NASA POWER MERRA-2 PRECTOTCORR
2012-02-02,0.99,coffee-minas-south,coffee,-21.5,-45,NASA POWER MERRA-2 PRECTOTCORR
2012-02-03,0.02,coffee-minas-south,coffee,-21.5,-45,NASA POWER MERRA-2 PRECTOTCORR
2012-02-04,0.01,coffee-minas-south,coffee,-21.5,-45,NASA POWER MERRA-2 PRECTOTCORR
2012-02-05,0,coffee-minas-south,coffee,-21.5,-45,NASA POWER MERRA-2 PRECTOTCORR
2012-02-06,0.01,coffee-minas-south,coffee,-21.5,-45,NASA POWER MERRA-2 PRECTOTCORR
2012-02-07,2.72,coffee-minas-south,coffee,-21.5,-45,NASA POWER MERRA-2 PRECTOTCORR
2012-02-08,0.54,coffee-minas-south,coffee,-21.5,-45,NASA POWER MERRA-2 PRECTOTCORR
2012-02-09,6.21,coffee-minas-south,coffee,-21.5,-45,NASA POWER MERRA-2 PRECTOTCORR
2012-02-10,13.98,coffee-minas-south,coffee,-21.5,-45,NASA POWER MERRA-2 PRECTOTCORR
2012-02-11,10.74,coffee-minas-south,coffee,-21.5,-45,NASA POWER MERRA-2 PRECTOTCORR
2012-02-12,12.09,coffee-minas-south,coffee,-21.5,-45,NASA POWER MERRA-2 PRECTOTCORR
2012-02-13,9.31,coffee-minas-south,coffee,-21.5,-45,NASA POWER MERRA-2 PRECTOTCORR
2012-02-14,0.24,coffee-minas-south,coffee,-21.5,-45,NASA POWER MERRA-2 PRECTOTCORR
2012-02-15,0,coffee-minas-south,coffee,-21.5,-45,NASA POWER MERRA-2 PRECTOTCORR
2012-02-16,0.08,coffee-minas-south,coffee,-21.5,-45,NASA POWER MERRA-2 PRECTOTCORR
2012-02-17,0.92,coffee-minas-south,coffee,-21.5,-45,NASA POWER MERRA-2 PRECTOTCORR
2012-02-18,0.04,coffee-minas-south,coffee,-21.5,-45,NASA POWER MERRA-2 PRECTOTCORR
2012-02-19,0.01,coffee-minas-south,coffee,-21.5,-45,NASA POWER MERRA-2 PRECTOTCORR
2012-02-20,0.01,coffee-minas-south,coffee,-21.5,-45,NASA POWER MERRA-2 PRECTOTCORR
2012-02-21,0,coffee-minas-south,coffee,-21.5,-45,NASA POWER MERRA-2 PRECTOTCORR
2012-02-22,10.85,coffee-minas-south,coffee,-21.5,-45,NASA POWER MERRA-2 PRECTOTCORR
2012-02-23,1.96,coffee-minas-south,coffee,-21.5,-45,NASA POWER MERRA-2 PRECTOTCORR
2012-02-24,1.81,coffee-minas-south,coffee,-21.5,-45,NASA POWER MERRA-2 PRECTOTCORR
2012-02-25,0.19,coffee-minas-south,coffee,-21.5,-45,NASA POWER MERRA-2 PRECTOTCORR
2012-02-26,0.16,coffee-minas-south,coffee,-21.5,-45,NASA POWER MERRA-2 PRECTOTCORR
2012-02-27,0.43,coffee-minas-south,coffee,-21.5,-45,NASA POWER MERRA-2 PRECTOTCORR
2012-02-28,0.01,coffee-minas-south,coffee,-21.5,-45,NASA POWER MERRA-2 PRECTOTCORR
2012-02-29,0,coffee-minas-south,coffee,-21.5,-45,NASA POWER MERRA-2 PRECTOTCORR
2012-03-01,0.01,coffee-minas-south,coffee,-21.5,-45,NASA POWER MERRA-2 PRECTOTCORR
2012-03-02,0.91,coffee-minas-south,coffee,-21.5,-45,NASA POWER MERRA-2 PRECTOTCORR
2012-03-03,1.28,coffee-minas-south,coffee,-21.5,-45,NASA POWER MERRA-2 PRECTOTCORR
2012-03-04,0.09,coffee-minas-south,coffee,-21.5,-45,NASA POWER MERRA-2 PRECTOTCORR
2012-03-05,0.02,coffee-minas-south,coffee,-21.5,-45,NASA POWER MERRA-2 PRECTOTCORR
2012-03-06,0.28,coffee-minas-south,coffee,-21.5,-45,NASA POWER MERRA-2 PRECTOTCORR
2012-03-07,1.52,coffee-minas-south,coffee,-21.5,-45,NASA POWER MERRA-2 PRECTOTCORR
2012-03-08,0.78,coffee-minas-south,coffee,-21.5,-45,NASA POWER MERRA-2 PRECTOTCORR
2012-03-09,4.93,coffee-minas-south,coffee,-21.5,-45,NASA POWER MERRA-2 PRECTOTCORR
2012-03-10,2.73,coffee-minas-south,coffee,-21.5,-45,NASA POWER MERRA-2 PRECTOTCORR
2012-03-11,10.85,coffee-minas-south,coffee,-21.5,-45,NASA POWER MERRA-2 PRECTOTCORR
2012-03-12,4.4,coffee-minas-south,coffee,-21.5,-45,NASA POWER MERRA-2 PRECTOTCORR
2012-03-13,8.31,coffee-minas-south,coffee,-21.5,-45,NASA POWER MERRA-2 PRECTOTCORR
2012-03-14,3.85,coffee-minas-south,coffee,-21.5,-45,NASA POWER MERRA-2 PRECTOTCORR
2012-03-15,20.15,coffee-minas-south,coffee,-21.5,-45,NASA POWER MERRA-2 PRECTOTCORR
2012-03-16,7.35,coffee-minas-south,coffee,-21.5,-45,NASA POWER MERRA-2 PRECTOTCORR
2012-03-17,2.51,coffee-minas-south,coffee,-21.5,-45,NASA POWER MERRA-2 PRECTOTCORR
2012-03-18,0.03,coffee-minas-south,coffee,-21.5,-45,NASA POWER MERRA-2 PRECTOTCORR
2012-03-19,0.53,coffee-minas-south,coffee,-21.5,-45,NASA POWER MERRA-2 PRECTOTCORR
2012-03-20,0.19,coffee-minas-south,coffee,-21.5,-45,NASA POWER MERRA-2 PRECTOTCORR
2012-03-21,0.02,coffee-minas-south,coffee,-21.5,-45,NASA POWER MERRA-2 PRECTOTCORR
2012-03-22,1.06,coffee-minas-south,coffee,-21.5,-45,NASA POWER MERRA-2 PRECTOTCORR
2012-03-23,10.79,coffee-minas-south,coffee,-21.5,-45,NASA POWER MERRA-2 PRECTOTCORR
2012-03-24,5.7,coffee-minas-south,coffee,-21.5,-45,NASA POWER MERRA-2 PRECTOTCORR
2012-03-25,1.05,coffee-minas-south,coffee,-21.5,-45,NASA POWER MERRA-2 PRECTOTCORR
2012-03-26,0.05,coffee-minas-south,coffee,-21.5,-45,NASA POWER MERRA-2 PRECTOTCORR
2012-03-27,0.89,coffee-minas-south,coffee,-21.5,-45,NASA POWER MERRA-2 PRECTOTCORR
2012-03-28,10.89,coffee-minas-south,coffee,-21.5,-45,NASA POWER MERRA-2 PRECTOTCORR
2012-03-29,2.11,coffee-minas-south,coffee,-21.5,-45,NASA POWER MERRA-2 PRECTOTCORR
2012-03-30,4.01,coffee-minas-south,coffee,-21.5,-45,NASA POWER MERRA-2 PRECTOTCORR
2012-03-31,3.9,coffee-minas-south,coffee,-21.5,-45,NASA POWER MERRA-2 PRECTOTCORR
2012-04-01,0.46,coffee-minas-south,coffee,-21.5,-45,NASA POWER MERRA-2 PRECTOTCORR
2012-04-02,0.07,coffee-minas-south,coffee,-21.5,-45,NASA POWER MERRA-2 PRECTOTCORR
2012-04-03,0.5,coffee-minas-south,coffee,-21.5,-45,NASA POWER MERRA-2 PRECTOTCORR
2012-04-04,0.14,coffee-minas-south,coffee,-21.5,-45,NASA POWER MERRA-2 PRECTOTCORR
2012-04-05,0.7,coffee-minas-south,coffee,-21.5,-45,NASA POWER MERRA-2 PRECTOTCORR
2012-04-06,4.69,coffee-minas-south,coffee,-21.5,-45,NASA POWER MERRA-2 PRECTOTCORR
2012-04-07,0.99,coffee-minas-south,coffee,-21.5,-45,NASA POWER MERRA-2 PRECTOTCORR
2012-04-08,0.92,coffee-minas-south,coffee,-21.5,-45,NASA POWER MERRA-2 PRECTOTCORR
2012-04-09,0.57,coffee-minas-south,coffee,-21.5,-45,NASA POWER MERRA-2 PRECTOTCORR
2012-04-10,0.63,coffee-minas-south,coffee,-21.5,-45,NASA POWER MERRA-2 PRECTOTCORR
2012-04-11,0.13,coffee-minas-south,coffee,-21.5,-45,NASA POWER MERRA-2 PRECTOTCORR
2012-04-12,0.16,coffee-minas-south,coffee,-21.5,-45,NASA POWER MERRA-2 PRECTOTCORR
2012-04-13,0.09,coffee-minas-south,coffee,-21.5,-45,NASA POWER MERRA-2 PRECTOTCORR
2012-04-14,0.01,coffee-minas-south,coffee,-21.5,-45,NASA POWER MERRA-2 PRECTOTCORR
2012-04-15,2.63,coffee-minas-south,coffee,-21.5,-45,NASA POWER MERRA-2 PRECTOTCORR
2012-04-16,2.69,coffee-minas-south,coffee,-21.5,-45,NASA POWER MERRA-2 PRECTOTCORR
2012-04-17,0.16,coffee-minas-south,coffee,-21.5,-45,NASA POWER MERRA-2 PRECTOTCORR
2012-04-18,0.05,coffee-minas-south,coffee,-21.5,-45,NASA POWER MERRA-2 PRECTOTCORR
2012-04-19,0.02,coffee-minas-south,coffee,-21.5,-45,NASA POWER MERRA-2 PRECTOTCORR
2012-04-20,0.15,coffee-minas-south,coffee,-21.5,-45,NASA POWER MERRA-2 PRECTOTCORR
2012-04-21,6.65,coffee-minas-south,coffee,-21.5,-45,NASA POWER MERRA-2 PRECTOTCORR
2012-04-22,0.64,coffee-minas-south,coffee,-21.5,-45,NASA POWER MERRA-2 PRECTOTCORR
2012-04-23,0.12,coffee-minas-south,coffee,-21.5,-45,NASA POWER MERRA-2 PRECTOTCORR
2012-04-24,0.02,coffee-minas-south,coffee,-21.5,-45,NASA POWER MERRA-2 PRECTOTCORR
2012-04-25,0.01,coffee-minas-south,coffee,-21.5,-45,NASA POWER MERRA-2 PRECTOTCORR
2012-04-26,9.06,coffee-minas-south,coffee,-21.5,-45,NASA POWER MERRA-2 PRECTOTCORR
2012-04-27,1.15,coffee-minas-south,coffee,-21.5,-45,NASA POWER MERRA-2 PRECTOTCORR
2012-04-28,4.1,coffee-minas-south,coffee,-21.5,-45,NASA POWER MERRA-2 PRECTOTCORR
2012-04-29,3.66,coffee-minas-south,coffee,-21.5,-45,NASA POWER MERRA-2 PRECTOTCORR
2012-04-30,7.2,coffee-minas-south,coffee,-21.5,-45,NASA POWER MERRA-2 PRECTOTCORR
2012-05-01,2.44,coffee-minas-south,coffee,-21.5,-45,NASA POWER MERRA-2 PRECTOTCORR
2012-05-02,0.03,coffee-minas-south,coffee,-21.5,-45,NASA POWER MERRA-2 PRECTOTCORR
2012-05-03,0.03,coffee-minas-south,coffee,-21.5,-45,NASA POWER MERRA-2 PRECTOTCORR
2012-05-04,0.02,coffee-minas-south,coffee,-21.5,-45,NASA POWER MERRA-2 PRECTOTCORR
2012-05-05,0.02,coffee-minas-south,coffee,-21.5,-45,NASA POWER MERRA-2 PRECTOTCORR
2012-05-06,0.29,coffee-minas-south,coffee,-21.5,-45,NASA POWER MERRA-2 PRECTOTCORR
2012-05-07,0.11,coffee-minas-south,coffee,-21.5,-45,NASA POWER MERRA-2 PRECTOTCORR
2012-05-08,0.47,coffee-minas-south,coffee,-21.5,-45,NASA POWER MERRA-2 PRECTOTCORR
2012-05-09,0.59,coffee-minas-south,coffee,-21.5,-45,NASA POWER MERRA-2 PRECTOTCORR
2012-05-10,0.01,coffee-minas-south,coffee,-21.5,-45,NASA POWER MERRA-2 PRECTOTCORR
2012-05-11,0,coffee-minas-south,coffee,-21.5,-45,NASA POWER MERRA-2 PRECTOTCORR
2012-05-12,0.03,coffee-minas-south,coffee,-21.5,-45,NASA POWER MERRA-2 PRECTOTCORR
2012-05-13,0.1,coffee-minas-south,coffee,-21.5,-45,NASA POWER MERRA-2 PRECTOTCORR
2012-05-14,15.57,coffee-minas-south,coffee,-21.5,-45,NASA POWER MERRA-2 PRECTOTCORR
2012-05-15,5.21,coffee-minas-south,coffee,-21.5,-45,NASA POWER MERRA-2 PRECTOTCORR
2012-05-16,0.16,coffee-minas-south,coffee,-21.5,-45,NASA POWER MERRA-2 PRECTOTCORR
2012-05-17,0.18,coffee-minas-south,coffee,-21.5,-45,NASA POWER MERRA-2 PRECTOTCORR
2012-05-18,0.14,coffee-minas-south,coffee,-21.5,-45,NASA POWER MERRA-2 PRECTOTCORR
2012-05-19,0.07,coffee-minas-south,coffee,-21.5,-45,NASA POWER MERRA-2 PRECTOTCORR
2012-05-20,0.05,coffee-minas-south,coffee,-21.5,-45,NASA POWER MERRA-2 PRECTOTCORR
2012-05-21,0.07,coffee-minas-south,coffee,-21.5,-45,NASA POWER MERRA-2 PRECTOTCORR
2012-05-22,0.04,coffee-minas-south,coffee,-21.5,-45,NASA POWER MERRA-2 PRECTOTCORR
2012-05-23,0.01,coffee-minas-south,coffee,-21.5,-45,NASA POWER MERRA-2 PRECTOTCORR
2012-05-24,0.59,coffee-minas-south,coffee,-21.5,-45,NASA POWER MERRA-2 PRECTOTCORR
2012-05-25,7.54,coffee-minas-south,coffee,-21.5,-45,NASA POWER MERRA-2 PRECTOTCORR
2012-05-26,3.25,coffee-minas-south,coffee,-21.5,-45,NASA POWER MERRA-2 PRECTOTCORR
2012-05-27,0.09,coffee-minas-south,coffee,-21.5,-45,NASA POWER MERRA-2 PRECTOTCORR
2012-05-28,1.3,coffee-minas-south,coffee,-21.5,-45,NASA POWER MERRA-2 PRECTOTCORR
2012-05-29,0,coffee-minas-south,coffee,-21.5,-45,NASA POWER MERRA-2 PRECTOTCORR
2012-05-30,0.06,coffee-minas-south,coffee,-21.5,-45,NASA POWER MERRA-2 PRECTOTCORR
2012-05-31,0.05,coffee-minas-south,coffee,-21.5,-45,NASA POWER MERRA-2 PRECTOTCORR
2012-06-01,2.09,coffee-minas-south,coffee,-21.5,-45,NASA POWER MERRA-2 PRECTOTCORR
2012-06-02,0.2,coffee-minas-south,coffee,-21.5,-45,NASA POWER MERRA-2 PRECTOTCORR
2012-06-03,0.06,coffee-minas-south,coffee,-21.5,-45,NASA POWER MERRA-2 PRECTOTCORR
2012-06-04,2.8,coffee-minas-south,coffee,-21.5,-45,NASA POWER MERRA-2 PRECTOTCORR
2012-06-05,10.78,coffee-minas-south,coffee,-21.5,-45,NASA POWER MERRA-2 PRECTOTCORR
2012-06-06,7.2,coffee-minas-south,coffee,-21.5,-45,NASA POWER MERRA-2 PRECTOTCORR
2012-06-07,0.62,coffee-minas-south,coffee,-21.5,-45,NASA POWER MERRA-2 PRECTOTCORR
2012-06-08,1.91,coffee-minas-south,coffee,-21.5,-45,NASA POWER MERRA-2 PRECTOTCORR
2012-06-09,0.24,coffee-minas-south,coffee,-21.5,-45,NASA POWER MERRA-2 PRECTOTCORR
2012-06-10,0.01,coffee-minas-south,coffee,-21.5,-45,NASA POWER MERRA-2 PRECTOTCORR
2012-06-11,9.09,coffee-minas-south,coffee,-21.5,-45,NASA POWER MERRA-2 PRECTOTCORR
2012-06-12,0.01,coffee-minas-south,coffee,-21.5,-45,NASA POWER MERRA-2 PRECTOTCORR
2012-06-13,0.02,coffee-minas-south,coffee,-21.5,-45,NASA POWER MERRA-2 PRECTOTCORR
2012-06-14,0.01,coffee-minas-south,coffee,-21.5,-45,NASA POWER MERRA-2 PRECTOTCORR
2012-06-15,0.03,coffee-minas-south,coffee,-21.5,-45,NASA POWER MERRA-2 PRECTOTCORR
2012-06-16,0.03,coffee-minas-south,coffee,-21.5,-45,NASA POWER MERRA-2 PRECTOTCORR
2012-06-17,0.01,coffee-minas-south,coffee,-21.5,-45,NASA POWER MERRA-2 PRECTOTCORR
2012-06-18,0.02,coffee-minas-south,coffee,-21.5,-45,NASA POWER MERRA-2 PRECTOTCORR
2012-06-19,0.07,coffee-minas-south,coffee,-21.5,-45,NASA POWER MERRA-2 PRECTOTCORR
2012-06-20,14.36,coffee-minas-south,coffee,-21.5,-45,NASA POWER MERRA-2 PRECTOTCORR
2012-06-21,22.82,coffee-minas-south,coffee,-21.5,-45,NASA POWER MERRA-2 PRECTOTCORR
2012-06-22,1.97,coffee-minas-south,coffee,-21.5,-45,NASA POWER MERRA-2 PRECTOTCORR
2012-06-23,0.45,coffee-minas-south,coffee,-21.5,-45,NASA POWER MERRA-2 PRECTOTCORR
2012-06-24,0.14,coffee-minas-south,coffee,-21.5,-45,NASA POWER MERRA-2 PRECTOTCORR
2012-06-25,0.02,coffee-minas-south,coffee,-21.5,-45,NASA POWER MERRA-2 PRECTOTCORR
2012-06-26,0.01,coffee-minas-south,coffee,-21.5,-45,NASA POWER MERRA-2 PRECTOTCORR
2012-06-27,0,coffee-minas-south,coffee,-21.5,-45,NASA POWER MERRA-2 PRECTOTCORR
2012-06-28,0.07,coffee-minas-south,coffee,-21.5,-45,NASA POWER MERRA-2 PRECTOTCORR
2012-06-29,0,coffee-minas-south,coffee,-21.5,-45,NASA POWER MERRA-2 PRECTOTCORR
2012-06-30,0.01,coffee-minas-south,coffee,-21.5,-45,NASA POWER MERRA-2 PRECTOTCORR
2012-07-01,0.02,coffee-minas-south,coffee,-21.5,-45,NASA POWER MERRA-2 PRECTOTCORR
2012-07-02,0,coffee-minas-south,coffee,-21.5,-45,NASA POWER MERRA-2 PRECTOTCORR
2012-07-03,0.03,coffee-minas-south,coffee,-21.5,-45,NASA POWER MERRA-2 PRECTOTCORR
2012-07-04,0.03,coffee-minas-south,coffee,-21.5,-45,NASA POWER MERRA-2 PRECTOTCORR
2012-07-05,0.04,coffee-minas-south,coffee,-21.5,-45,NASA POWER MERRA-2 PRECTOTCORR
2012-07-06,0.02,coffee-minas-south,coffee,-21.5,-45,NASA POWER MERRA-2 PRECTOTCORR
2012-07-07,0,coffee-minas-south,coffee,-21.5,-45,NASA POWER MERRA-2 PRECTOTCORR
2012-07-08,0.31,coffee-minas-south,coffee,-21.5,-45,NASA POWER MERRA-2 PRECTOTCORR
2012-07-09,0.1,coffee-minas-south,coffee,-21.5,-45,NASA POWER MERRA-2 PRECTOTCORR
2012-07-10,0.04,coffee-minas-south,coffee,-21.5,-45,NASA POWER MERRA-2 PRECTOTCORR
2012-07-11,0.01,coffee-minas-south,coffee,-21.5,-45,NASA POWER MERRA-2 PRECTOTCORR
2012-07-12,3.53,coffee-minas-south,coffee,-21.5,-45,NASA POWER MERRA-2 PRECTOTCORR
2012-07-13,0.72,coffee-minas-south,coffee,-21.5,-45,NASA POWER MERRA-2 PRECTOTCORR
2012-07-14,1.28,coffee-minas-south,coffee,-21.5,-45,NASA POWER MERRA-2 PRECTOTCORR
2012-07-15,0,coffee-minas-south,coffee,-21.5,-45,NASA POWER MERRA-2 PRECTOTCORR
2012-07-16,0.93,coffee-minas-south,coffee,-21.5,-45,NASA POWER MERRA-2 PRECTOTCORR
2012-07-17,5.24,coffee-minas-south,coffee,-21.5,-45,NASA POWER MERRA-2 PRECTOTCORR
2012-07-18,5.85,coffee-minas-south,coffee,-21.5,-45,NASA POWER MERRA-2 PRECTOTCORR
2012-07-19,0,coffee-minas-south,coffee,-21.5,-45,NASA POWER MERRA-2 PRECTOTCORR
2012-07-20,0,coffee-minas-south,coffee,-21.5,-45,NASA POWER MERRA-2 PRECTOTCORR
2012-07-21,0.04,coffee-minas-south,coffee,-21.5,-45,NASA POWER MERRA-2 PRECTOTCORR
2012-07-22,0,coffee-minas-south,coffee,-21.5,-45,NASA POWER MERRA-2 PRECTOTCORR
2012-07-23,0.01,coffee-minas-south,coffee,-21.5,-45,NASA POWER MERRA-2 PRECTOTCORR
2012-07-24,0,coffee-minas-south,coffee,-21.5,-45,NASA POWER MERRA-2 PRECTOTCORR
2012-07-25,0,coffee-minas-south,coffee,-21.5,-45,NASA POWER MERRA-2 PRECTOTCORR
2012-07-26,0,coffee-minas-south,coffee,-21.5,-45,NASA POWER MERRA-2 PRECTOTCORR
2012-07-27,0.01,coffee-minas-south,coffee,-21.5,-45,NASA POWER MERRA-2 PRECTOTCORR
2012-07-28,0,coffee-minas-south,coffee,-21.5,-45,NASA POWER MERRA-2 PRECTOTCORR
2012-07-29,0.02,coffee-minas-south,coffee,-21.5,-45,NASA POWER MERRA-2 PRECTOTCORR
2012-07-30,0,coffee-minas-south,coffee,-21.5,-45,NASA POWER MERRA-2 PRECTOTCORR
2012-07-31,0.01,coffee-minas-south,coffee,-21.5,-45,NASA POWER MERRA-2 PRECTOTCORR
2012-08-01,0.1,coffee-minas-south,coffee,-21.5,-45,NASA POWER MERRA-2 PRECTOTCORR
2012-08-02,0.07,coffee-minas-south,coffee,-21.5,-45,NASA POWER MERRA-2 PRECTOTCORR
2012-08-03,0.01,coffee-minas-south,coffee,-21.5,-45,NASA POWER MERRA-2 PRECTOTCORR
2012-08-04,0,coffee-minas-south,coffee,-21.5,-45,NASA POWER MERRA-2 PRECTOTCORR
2012-08-05,0.01,coffee-minas-south,coffee,-21.5,-45,NASA POWER MERRA-2 PRECTOTCORR
2012-08-06,0.02,coffee-minas-south,coffee,-21.5,-45,NASA POWER MERRA-2 PRECTOTCORR
2012-08-07,0,coffee-minas-south,coffee,-21.5,-45,NASA POWER MERRA-2 PRECTOTCORR
2012-08-08,0,coffee-minas-south,coffee,-21.5,-45,NASA POWER MERRA-2 PRECTOTCORR
2012-08-09,0,coffee-minas-south,coffee,-21.5,-45,NASA POWER MERRA-2 PRECTOTCORR
2012-08-10,0.01,coffee-minas-south,coffee,-21.5,-45,NASA POWER MERRA-2 PRECTOTCORR
2012-08-11,0,coffee-minas-south,coffee,-21.5,-45,NASA POWER MERRA-2 PRECTOTCORR
2012-08-12,0.03,coffee-minas-south,coffee,-21.5,-45,NASA POWER MERRA-2 PRECTOTCORR
2012-08-13,0.05,coffee-minas-south,coffee,-21.5,-45,NASA POWER MERRA-2 PRECTOTCORR
2012-08-14,0.3,coffee-minas-south,coffee,-21.5,-45,NASA POWER MERRA-2 PRECTOTCORR
2012-08-15,0.24,coffee-minas-south,coffee,-21.5,-45,NASA POWER MERRA-2 PRECTOTCORR
2012-08-16,0.03,coffee-minas-south,coffee,-21.5,-45,NASA POWER MERRA-2 PRECTOTCORR
2012-08-17,0.05,coffee-minas-south,coffee,-21.5,-45,NASA POWER MERRA-2 PRECTOTCORR
2012-08-18,0.09,coffee-minas-south,coffee,-21.5,-45,NASA POWER MERRA-2 PRECTOTCORR
2012-08-19,0.02,coffee-minas-south,coffee,-21.5,-45,NASA POWER MERRA-2 PRECTOTCORR
2012-08-20,0,coffee-minas-south,coffee,-21.5,-45,NASA POWER MERRA-2 PRECTOTCORR
2012-08-21,0,coffee-minas-south,coffee,-21.5,-45,NASA POWER MERRA-2 PRECTOTCORR
2012-08-22,0,coffee-minas-south,coffee,-21.5,-45,NASA POWER MERRA-2 PRECTOTCORR
2012-08-23,0,coffee-minas-south,coffee,-21.5,-45,NASA POWER MERRA-2 PRECTOTCORR
2012-08-24,0,coffee-minas-south,coffee,-21.5,-45,NASA POWER MERRA-2 PRECTOTCORR
2012-08-25,0,coffee-minas-south,coffee,-21.5,-45,NASA POWER MERRA-2 PRECTOTCORR
2012-08-26,0,coffee-minas-south,coffee,-21.5,-45,NASA POWER MERRA-2 PRECTOTCORR
2012-08-27,0.04,coffee-minas-south,coffee,-21.5,-45,NASA POWER MERRA-2 PRECTOTCORR
2012-08-28,1.03,coffee-minas-south,coffee,-21.5,-45,NASA POWER MERRA-2 PRECTOTCORR
2012-08-29,0.74,coffee-minas-south,coffee,-21.5,-45,NASA POWER MERRA-2 PRECTOTCORR
2012-08-30,0.06,coffee-minas-south,coffee,-21.5,-45,NASA POWER MERRA-2 PRECTOTCORR
2012-08-31,0,coffee-minas-south,coffee,-21.5,-45,NASA POWER MERRA-2 PRECTOTCORR
2012-09-01,0.01,coffee-minas-south,coffee,-21.5,-45,NASA POWER MERRA-2 PRECTOTCORR
2012-09-02,0,coffee-minas-south,coffee,-21.5,-45,NASA POWER MERRA-2 PRECTOTCORR
2012-09-03,0,coffee-minas-south,coffee,-21.5,-45,NASA POWER MERRA-2 PRECTOTCORR
2012-09-04,0,coffee-minas-south,coffee,-21.5,-45,NASA POWER MERRA-2 PRECTOTCORR
2012-09-05,0,coffee-minas-south,coffee,-21.5,-45,NASA POWER MERRA-2 PRECTOTCORR
2012-09-06,0,coffee-minas-south,coffee,-21.5,-45,NASA POWER MERRA-2 PRECTOTCORR
2012-09-07,0,coffee-minas-south,coffee,-21.5,-45,NASA POWER MERRA-2 PRECTOTCORR
2012-09-08,0,coffee-minas-south,coffee,-21.5,-45,NASA POWER MERRA-2 PRECTOTCORR
2012-09-09,0,coffee-minas-south,coffee,-21.5,-45,NASA POWER MERRA-2 PRECTOTCORR
2012-09-10,0,coffee-minas-south,coffee,-21.5,-45,NASA POWER MERRA-2 PRECTOTCORR
2012-09-11,0,coffee-minas-south,coffee,-21.5,-45,NASA POWER MERRA-2 PRECTOTCORR
2012-09-12,0,coffee-minas-south,coffee,-21.5,-45,NASA POWER MERRA-2 PRECTOTCORR
2012-09-13,0.01,coffee-minas-south,coffee,-21.5,-45,NASA POWER MERRA-2 PRECTOTCORR
2012-09-14,0.01,coffee-minas-south,coffee,-21.5,-45,NASA POWER MERRA-2 PRECTOTCORR
2012-09-15,0,coffee-minas-south,coffee,-21.5,-45,NASA POWER MERRA-2 PRECTOTCORR
2012-09-16,0,coffee-minas-south,coffee,-21.5,-45,NASA POWER MERRA-2 PRECTOTCORR
2012-09-17,0,coffee-minas-south,coffee,-21.5,-45,NASA POWER MERRA-2 PRECTOTCORR
2012-09-18,0,coffee-minas-south,coffee,-21.5,-45,NASA POWER MERRA-2 PRECTOTCORR
2012-09-19,0.07,coffee-minas-south,coffee,-21.5,-45,NASA POWER MERRA-2 PRECTOTCORR
2012-09-20,1.67,coffee-minas-south,coffee,-21.5,-45,NASA POWER MERRA-2 PRECTOTCORR
2012-09-21,14.81,coffee-minas-south,coffee,-21.5,-45,NASA POWER MERRA-2 PRECTOTCORR
2012-09-22,1.02,coffee-minas-south,coffee,-21.5,-45,NASA POWER MERRA-2 PRECTOTCORR
2012-09-23,0.02,coffee-minas-south,coffee,-21.5,-45,NASA POWER MERRA-2 PRECTOTCORR
2012-09-24,1.7,coffee-minas-south,coffee,-21.5,-45,NASA POWER MERRA-2 PRECTOTCORR
2012-09-25,3.92,coffee-minas-south,coffee,-21.5,-45,NASA POWER MERRA-2 PRECTOTCORR
2012-09-26,5.37,coffee-minas-south,coffee,-21.5,-45,NASA POWER MERRA-2 PRECTOTCORR
2012-09-27,0,coffee-minas-south,coffee,-21.5,-45,NASA POWER MERRA-2 PRECTOTCORR
2012-09-28,0,coffee-minas-south,coffee,-21.5,-45,NASA POWER MERRA-2 PRECTOTCORR
2012-09-29,0,coffee-minas-south,coffee,-21.5,-45,NASA POWER MERRA-2 PRECTOTCORR
2012-09-30,0,coffee-minas-south,coffee,-21.5,-45,NASA POWER MERRA-2 PRECTOTCORR
2012-10-01,0,coffee-minas-south,coffee,-21.5,-45,NASA POWER MERRA-2 PRECTOTCORR
2012-10-02,0,coffee-minas-south,coffee,-21.5,-45,NASA POWER MERRA-2 PRECTOTCORR
2012-10-03,0,coffee-minas-south,coffee,-21.5,-45,NASA POWER MERRA-2 PRECTOTCORR
2012-10-04,0,coffee-minas-south,coffee,-21.5,-45,NASA POWER MERRA-2 PRECTOTCORR
2012-10-05,0.03,coffee-minas-south,coffee,-21.5,-45,NASA POWER MERRA-2 PRECTOTCORR
2012-10-06,0,coffee-minas-south,coffee,-21.5,-45,NASA POWER MERRA-2 PRECTOTCORR
2012-10-07,0,coffee-minas-south,coffee,-21.5,-45,NASA POWER MERRA-2 PRECTOTCORR
2012-10-08,0,coffee-minas-south,coffee,-21.5,-45,NASA POWER MERRA-2 PRECTOTCORR
2012-10-09,0,coffee-minas-south,coffee,-21.5,-45,NASA POWER MERRA-2 PRECTOTCORR
2012-10-10,0.07,coffee-minas-south,coffee,-21.5,-45,NASA POWER MERRA-2 PRECTOTCORR
2012-10-11,0.61,coffee-minas-south,coffee,-21.5,-45,NASA POWER MERRA-2 PRECTOTCORR
2012-10-12,13.86,coffee-minas-south,coffee,-21.5,-45,NASA POWER MERRA-2 PRECTOTCORR
2012-10-13,4.95,coffee-minas-south,coffee,-21.5,-45,NASA POWER MERRA-2 PRECTOTCORR
2012-10-14,1.5,coffee-minas-south,coffee,-21.5,-45,NASA POWER MERRA-2 PRECTOTCORR
2012-10-15,0.02,coffee-minas-south,coffee,-21.5,-45,NASA POWER MERRA-2 PRECTOTCORR
2012-10-16,0.31,coffee-minas-south,coffee,-21.5,-45,NASA POWER MERRA-2 PRECTOTCORR
2012-10-17,1.59,coffee-minas-south,coffee,-21.5,-45,NASA POWER MERRA-2 PRECTOTCORR
2012-10-18,0.07,coffee-minas-south,coffee,-21.5,-45,NASA POWER MERRA-2 PRECTOTCORR
2012-10-19,5.62,coffee-minas-south,coffee,-21.5,-45,NASA POWER MERRA-2 PRECTOTCORR
2012-10-20,2.09,coffee-minas-south,coffee,-21.5,-45,NASA POWER MERRA-2 PRECTOTCORR
2012-10-21,3.41,coffee-minas-south,coffee,-21.5,-45,NASA POWER MERRA-2 PRECTOTCORR
2012-10-22,0.45,coffee-minas-south,coffee,-21.5,-45,NASA POWER MERRA-2 PRECTOTCORR
2012-10-23,7.03,coffee-minas-south,coffee,-21.5,-45,NASA POWER MERRA-2 PRECTOTCORR
2012-10-24,0.57,coffee-minas-south,coffee,-21.5,-45,NASA POWER MERRA-2 PRECTOTCORR
2012-10-25,0.01,coffee-minas-south,coffee,-21.5,-45,NASA POWER MERRA-2 PRECTOTCORR
2012-10-26,0,coffee-minas-south,coffee,-21.5,-45,NASA POWER MERRA-2 PRECTOTCORR
2012-10-27,0,coffee-minas-south,coffee,-21.5,-45,NASA POWER MERRA-2 PRECTOTCORR
2012-10-28,4.41,coffee-minas-south,coffee,-21.5,-45,NASA POWER MERRA-2 PRECTOTCORR
2012-10-29,1.16,coffee-minas-south,coffee,-21.5,-45,NASA POWER MERRA-2 PRECTOTCORR
2012-10-30,0.21,coffee-minas-south,coffee,-21.5,-45,NASA POWER MERRA-2 PRECTOTCORR
2012-10-31,0.57,coffee-minas-south,coffee,-21.5,-45,NASA POWER MERRA-2 PRECTOTCORR
2012-11-01,5.33,coffee-minas-south,coffee,-21.5,-45,NASA POWER MERRA-2 PRECTOTCORR
2012-11-02,4.78,coffee-minas-south,coffee,-21.5,-45,NASA POWER MERRA-2 PRECTOTCORR
2012-11-03,25.41,coffee-minas-south,coffee,-21.5,-45,NASA POWER MERRA-2 PRECTOTCORR
2012-11-04,4.25,coffee-minas-south,coffee,-21.5,-45,NASA POWER MERRA-2 PRECTOTCORR
2012-11-05,1.87,coffee-minas-south,coffee,-21.5,-45,NASA POWER MERRA-2 PRECTOTCORR
2012-11-06,0.35,coffee-minas-south,coffee,-21.5,-45,NASA POWER MERRA-2 PRECTOTCORR
2012-11-07,3.19,coffee-minas-south,coffee,-21.5,-45,NASA POWER MERRA-2 PRECTOTCORR
2012-11-08,0.31,coffee-minas-south,coffee,-21.5,-45,NASA POWER MERRA-2 PRECTOTCORR
2012-11-09,26.04,coffee-minas-south,coffee,-21.5,-45,NASA POWER MERRA-2 PRECTOTCORR
2012-11-10,15.26,coffee-minas-south,coffee,-21.5,-45,NASA POWER MERRA-2 PRECTOTCORR
2012-11-11,3.87,coffee-minas-south,coffee,-21.5,-45,NASA POWER MERRA-2 PRECTOTCORR
2012-11-12,2.06,coffee-minas-south,coffee,-21.5,-45,NASA POWER MERRA-2 PRECTOTCORR
2012-11-13,4.25,coffee-minas-south,coffee,-21.5,-45,NASA POWER MERRA-2 PRECTOTCORR
2012-11-14,0.5,coffee-minas-south,coffee,-21.5,-45,NASA POWER MERRA-2 PRECTOTCORR
2012-11-15,5.28,coffee-minas-south,coffee,-21.5,-45,NASA POWER MERRA-2 PRECTOTCORR
2012-11-16,3.35,coffee-minas-south,coffee,-21.5,-45,NASA POWER MERRA-2 PRECTOTCORR
2012-11-17,0.03,coffee-minas-south,coffee,-21.5,-45,NASA POWER MERRA-2 PRECTOTCORR
2012-11-18,0,coffee-minas-south,coffee,-21.5,-45,NASA POWER MERRA-2 PRECTOTCORR
2012-11-19,8.24,coffee-minas-south,coffee,-21.5,-45,NASA POWER MERRA-2 PRECTOTCORR
2012-11-20,10.22,coffee-minas-south,coffee,-21.5,-45,NASA POWER MERRA-2 PRECTOTCORR
2012-11-21,0.01,coffee-minas-south,coffee,-21.5,-45,NASA POWER MERRA-2 PRECTOTCORR
2012-11-22,0,coffee-minas-south,coffee,-21.5,-45,NASA POWER MERRA-2 PRECTOTCORR
2012-11-23,0.21,coffee-minas-south,coffee,-21.5,-45,NASA POWER MERRA-2 PRECTOTCORR
2012-11-24,9.88,coffee-minas-south,coffee,-21.5,-45,NASA POWER MERRA-2 PRECTOTCORR
2012-11-25,18.22,coffee-minas-south,coffee,-21.5,-45,NASA POWER MERRA-2 PRECTOTCORR
2012-11-26,3.21,coffee-minas-south,coffee,-21.5,-45,NASA POWER MERRA-2 PRECTOTCORR
2012-11-27,3.34,coffee-minas-south,coffee,-21.5,-45,NASA POWER MERRA-2 PRECTOTCORR
2012-11-28,2.37,coffee-minas-south,coffee,-21.5,-45,NASA POWER MERRA-2 PRECTOTCORR
2012-11-29,0.09,coffee-minas-south,coffee,-21.5,-45,NASA POWER MERRA-2 PRECTOTCORR
2012-11-30,0.02,coffee-minas-south,coffee,-21.5,-45,NASA POWER MERRA-2 PRECTOTCORR
2012-12-01,2.6,coffee-minas-south,coffee,-21.5,-45,NASA POWER MERRA-2 PRECTOTCORR
2012-12-02,18.45,coffee-minas-south,coffee,-21.5,-45,NASA POWER MERRA-2 PRECTOTCORR
2012-12-03,0.94,coffee-minas-south,coffee,-21.5,-45,NASA POWER MERRA-2 PRECTOTCORR
2012-12-04,0.11,coffee-minas-south,coffee,-21.5,-45,NASA POWER MERRA-2 PRECTOTCORR
2012-12-05,2.87,coffee-minas-south,coffee,-21.5,-45,NASA POWER MERRA-2 PRECTOTCORR
2012-12-06,1.87,coffee-minas-south,coffee,-21.5,-45,NASA POWER MERRA-2 PRECTOTCORR
2012-12-07,7.91,coffee-minas-south,coffee,-21.5,-45,NASA POWER MERRA-2 PRECTOTCORR
2012-12-08,3.54,coffee-minas-south,coffee,-21.5,-45,NASA POWER MERRA-2 PRECTOTCORR
2012-12-09,20.7,coffee-minas-south,coffee,-21.5,-45,NASA POWER MERRA-2 PRECTOTCORR
2012-12-10,5.2,coffee-minas-south,coffee,-21.5,-45,NASA POWER MERRA-2 PRECTOTCORR
2012-12-11,1.77,coffee-minas-south,coffee,-21.5,-45,NASA POWER MERRA-2 PRECTOTCORR
2012-12-12,6.62,coffee-minas-south,coffee,-21.5,-45,NASA POWER MERRA-2 PRECTOTCORR
2012-12-13,9.26,coffee-minas-south,coffee,-21.5,-45,NASA POWER MERRA-2 PRECTOTCORR
2012-12-14,17.86,coffee-minas-south,coffee,-21.5,-45,NASA POWER MERRA-2 PRECTOTCORR
2012-12-15,10.63,coffee-minas-south,coffee,-21.5,-45,NASA POWER MERRA-2 PRECTOTCORR
2012-12-16,7.38,coffee-minas-south,coffee,-21.5,-45,NASA POWER MERRA-2 PRECTOTCORR
2012-12-17,6.73,coffee-minas-south,coffee,-21.5,-45,NASA POWER MERRA-2 PRECTOTCORR
2012-12-18,0.36,coffee-minas-south,coffee,-21.5,-45,NASA POWER MERRA-2 PRECTOTCORR
2012-12-19,8.81,coffee-minas-south,coffee,-21.5,-45,NASA POWER MERRA-2 PRECTOTCORR
2012-12-20,2.4,coffee-minas-south,coffee,-21.5,-45,NASA POWER MERRA-2 PRECTOTCORR
2012-12-21,2.75,coffee-minas-south,coffee,-21.5,-45,NASA POWER MERRA-2 PRECTOTCORR
2012-12-22,3.75,coffee-minas-south,coffee,-21.5,-45,NASA POWER MERRA-2 PRECTOTCORR
2012-12-23,3.55,coffee-minas-south,coffee,-21.5,-45,NASA POWER MERRA-2 PRECTOTCORR
2012-12-24,0.97,coffee-minas-south,coffee,-21.5,-45,NASA POWER MERRA-2 PRECTOTCORR
2012-12-25,0.02,coffee-minas-south,coffee,-21.5,-45,NASA POWER MERRA-2 PRECTOTCORR
2012-12-26,0.07,coffee-minas-south,coffee,-21.5,-45,NASA POWER MERRA-2 PRECTOTCORR
2012-12-27,1.98,coffee-minas-south,coffee,-21.5,-45,NASA POWER MERRA-2 PRECTOTCORR
2012-12-28,4.6,coffee-minas-south,coffee,-21.5,-45,NASA POWER MERRA-2 PRECTOTCORR
2012-12-29,6.39,coffee-minas-south,coffee,-21.5,-45,NASA POWER MERRA-2 PRECTOTCORR
2012-12-30,7.23,coffee-minas-south,coffee,-21.5,-45,NASA POWER MERRA-2 PRECTOTCORR
2012-12-31,1.87,coffee-minas-south,coffee,-21.5,-45,NASA POWER MERRA-2 PRECTOTCORR
2013-01-01,0.14,coffee-minas-south,coffee,-21.5,-45,NASA POWER MERRA-2 PRECTOTCORR
2013-01-02,5.23,coffee-minas-south,coffee,-21.5,-45,NASA POWER MERRA-2 PRECTOTCORR
2013-01-03,4.53,coffee-minas-south,coffee,-21.5,-45,NASA POWER MERRA-2 PRECTOTCORR
2013-01-04,5.05,coffee-minas-south,coffee,-21.5,-45,NASA POWER MERRA-2 PRECTOTCORR
2013-01-05,0.15,coffee-minas-south,coffee,-21.5,-45,NASA POWER MERRA-2 PRECTOTCORR
2013-01-06,2.89,coffee-minas-south,coffee,-21.5,-45,NASA POWER MERRA-2 PRECTOTCORR
2013-01-07,1.92,coffee-minas-south,coffee,-21.5,-45,NASA POWER MERRA-2 PRECTOTCORR
2013-01-08,35.77,coffee-minas-south,coffee,-21.5,-45,NASA POWER MERRA-2 PRECTOTCORR
2013-01-09,9.65,coffee-minas-south,coffee,-21.5,-45,NASA POWER MERRA-2 PRECTOTCORR
2013-01-10,38.53,coffee-minas-south,coffee,-21.5,-45,NASA POWER MERRA-2 PRECTOTCORR
2013-01-11,22.68,coffee-minas-south,coffee,-21.5,-45,NASA POWER MERRA-2 PRECTOTCORR
2013-01-12,17.26,coffee-minas-south,coffee,-21.5,-45,NASA POWER MERRA-2 PRECTOTCORR
2013-01-13,32.73,coffee-minas-south,coffee,-21.5,-45,NASA POWER MERRA-2 PRECTOTCORR
2013-01-14,7.67,coffee-minas-south,coffee,-21.5,-45,NASA POWER MERRA-2 PRECTOTCORR
2013-01-15,17.36,coffee-minas-south,coffee,-21.5,-45,NASA POWER MERRA-2 PRECTOTCORR
2013-01-16,15.28,coffee-minas-south,coffee,-21.5,-45,NASA POWER MERRA-2 PRECTOTCORR
2013-01-17,5.14,coffee-minas-south,coffee,-21.5,-45,NASA POWER MERRA-2 PRECTOTCORR
2013-01-18,1.69,coffee-minas-south,coffee,-21.5,-45,NASA POWER MERRA-2 PRECTOTCORR
2013-01-19,3.01,coffee-minas-south,coffee,-21.5,-45,NASA POWER MERRA-2 PRECTOTCORR
2013-01-20,3.02,coffee-minas-south,coffee,-21.5,-45,NASA POWER MERRA-2 PRECTOTCORR
2013-01-21,0.31,coffee-minas-south,coffee,-21.5,-45,NASA POWER MERRA-2 PRECTOTCORR
2013-01-22,0.54,coffee-minas-south,coffee,-21.5,-45,NASA POWER MERRA-2 PRECTOTCORR
2013-01-23,0.99,coffee-minas-south,coffee,-21.5,-45,NASA POWER MERRA-2 PRECTOTCORR
2013-01-24,1.81,coffee-minas-south,coffee,-21.5,-45,NASA POWER MERRA-2 PRECTOTCORR
2013-01-25,9.64,coffee-minas-south,coffee,-21.5,-45,NASA POWER MERRA-2 PRECTOTCORR
2013-01-26,21.68,coffee-minas-south,coffee,-21.5,-45,NASA POWER MERRA-2 PRECTOTCORR
2013-01-27,13.21,coffee-minas-south,coffee,-21.5,-45,NASA POWER MERRA-2 PRECTOTCORR
2013-01-28,3.49,coffee-minas-south,coffee,-21.5,-45,NASA POWER MERRA-2 PRECTOTCORR
2013-01-29,14.04,coffee-minas-south,coffee,-21.5,-45,NASA POWER MERRA-2 PRECTOTCORR
2013-01-30,15.54,coffee-minas-south,coffee,-21.5,-45,NASA POWER MERRA-2 PRECTOTCORR
2013-01-31,14.27,coffee-minas-south,coffee,-21.5,-45,NASA POWER MERRA-2 PRECTOTCORR
2013-02-01,13.53,coffee-minas-south,coffee,-21.5,-45,NASA POWER MERRA-2 PRECTOTCORR
2013-02-02,11.93,coffee-minas-south,coffee,-21.5,-45,NASA POWER MERRA-2 PRECTOTCORR
2013-02-03,8.69,coffee-minas-south,coffee,-21.5,-45,NASA POWER MERRA-2 PRECTOTCORR
2013-02-04,5.16,coffee-minas-south,coffee,-21.5,-45,NASA POWER MERRA-2 PRECTOTCORR
2013-02-05,11.03,coffee-minas-south,coffee,-21.5,-45,NASA POWER MERRA-2 PRECTOTCORR
2013-02-06,7.81,coffee-minas-south,coffee,-21.5,-45,NASA POWER MERRA-2 PRECTOTCORR
2013-02-07,7.03,coffee-minas-south,coffee,-21.5,-45,NASA POWER MERRA-2 PRECTOTCORR
2013-02-08,1.31,coffee-minas-south,coffee,-21.5,-45,NASA POWER MERRA-2 PRECTOTCORR
2013-02-09,0.75,coffee-minas-south,coffee,-21.5,-45,NASA POWER MERRA-2 PRECTOTCORR
2013-02-10,4.46,coffee-minas-south,coffee,-21.5,-45,NASA POWER MERRA-2 PRECTOTCORR
2013-02-11,0.23,coffee-minas-south,coffee,-21.5,-45,NASA POWER MERRA-2 PRECTOTCORR
2013-02-12,0.33,coffee-minas-south,coffee,-21.5,-45,NASA POWER MERRA-2 PRECTOTCORR
2013-02-13,0.22,coffee-minas-south,coffee,-21.5,-45,NASA POWER MERRA-2 PRECTOTCORR
2013-02-14,0.27,coffee-minas-south,coffee,-21.5,-45,NASA POWER MERRA-2 PRECTOTCORR
2013-02-15,0.4,coffee-minas-south,coffee,-21.5,-45,NASA POWER MERRA-2 PRECTOTCORR
2013-02-16,0.22,coffee-minas-south,coffee,-21.5,-45,NASA POWER MERRA-2 PRECTOTCORR
2013-02-17,0.26,coffee-minas-south,coffee,-21.5,-45,NASA POWER MERRA-2 PRECTOTCORR
2013-02-18,0.12,coffee-minas-south,coffee,-21.5,-45,NASA POWER MERRA-2 PRECTOTCORR
2013-02-19,1.95,coffee-minas-south,coffee,-21.5,-45,NASA POWER MERRA-2 PRECTOTCORR
2013-02-20,0.17,coffee-minas-south,coffee,-21.5,-45,NASA POWER MERRA-2 PRECTOTCORR
2013-02-21,0,coffee-minas-south,coffee,-21.5,-45,NASA POWER MERRA-2 PRECTOTCORR
2013-02-22,3.97,coffee-minas-south,coffee,-21.5,-45,NASA POWER MERRA-2 PRECTOTCORR
2013-02-23,1.43,coffee-minas-south,coffee,-21.5,-45,NASA POWER MERRA-2 PRECTOTCORR
2013-02-24,0.22,coffee-minas-south,coffee,-21.5,-45,NASA POWER MERRA-2 PRECTOTCORR
2013-02-25,0.29,coffee-minas-south,coffee,-21.5,-45,NASA POWER MERRA-2 PRECTOTCORR
2013-02-26,4,coffee-minas-south,coffee,-21.5,-45,NASA POWER MERRA-2 PRECTOTCORR
2013-02-27,2.05,coffee-minas-south,coffee,-21.5,-45,NASA POWER MERRA-2 PRECTOTCORR
2013-02-28,1.27,coffee-minas-south,coffee,-21.5,-45,NASA POWER MERRA-2 PRECTOTCORR
2013-03-01,17.6,coffee-minas-south,coffee,-21.5,-45,NASA POWER MERRA-2 PRECTOTCORR
2013-03-02,9.83,coffee-minas-south,coffee,-21.5,-45,NASA POWER MERRA-2 PRECTOTCORR
2013-03-03,2.44,coffee-minas-south,coffee,-21.5,-45,NASA POWER MERRA-2 PRECTOTCORR
2013-03-04,1.96,coffee-minas-south,coffee,-21.5,-45,NASA POWER MERRA-2 PRECTOTCORR
2013-03-05,0.74,coffee-minas-south,coffee,-21.5,-45,NASA POWER MERRA-2 PRECTOTCORR
2013-03-06,3.8,coffee-minas-south,coffee,-21.5,-45,NASA POWER MERRA-2 PRECTOTCORR
2013-03-07,9.89,coffee-minas-south,coffee,-21.5,-45,NASA POWER MERRA-2 PRECTOTCORR
2013-03-08,2.63,coffee-minas-south,coffee,-21.5,-45,NASA POWER MERRA-2 PRECTOTCORR
2013-03-09,16.21,coffee-minas-south,coffee,-21.5,-45,NASA POWER MERRA-2 PRECTOTCORR
2013-03-10,6.17,coffee-minas-south,coffee,-21.5,-45,NASA POWER MERRA-2 PRECTOTCORR
2013-03-11,7.56,coffee-minas-south,coffee,-21.5,-45,NASA POWER MERRA-2 PRECTOTCORR
2013-03-12,1.32,coffee-minas-south,coffee,-21.5,-45,NASA POWER MERRA-2 PRECTOTCORR
2013-03-13,2.39,coffee-minas-south,coffee,-21.5,-45,NASA POWER MERRA-2 PRECTOTCORR
2013-03-14,2.51,coffee-minas-south,coffee,-21.5,-45,NASA POWER MERRA-2 PRECTOTCORR
2013-03-15,0.11,coffee-minas-south,coffee,-21.5,-45,NASA POWER MERRA-2 PRECTOTCORR
2013-03-16,0.37,coffee-minas-south,coffee,-21.5,-45,NASA POWER MERRA-2 PRECTOTCORR
2013-03-17,2.93,coffee-minas-south,coffee,-21.5,-45,NASA POWER MERRA-2 PRECTOTCORR
2013-03-18,0.7,coffee-minas-south,coffee,-21.5,-45,NASA POWER MERRA-2 PRECTOTCORR
2013-03-19,0.43,coffee-minas-south,coffee,-21.5,-45,NASA POWER MERRA-2 PRECTOTCORR
2013-03-20,0.96,coffee-minas-south,coffee,-21.5,-45,NASA POWER MERRA-2 PRECTOTCORR
2013-03-21,1.74,coffee-minas-south,coffee,-21.5,-45,NASA POWER MERRA-2 PRECTOTCORR
2013-03-22,3.31,coffee-minas-south,coffee,-21.5,-45,NASA POWER MERRA-2 PRECTOTCORR
2013-03-23,1.91,coffee-minas-south,coffee,-21.5,-45,NASA POWER MERRA-2 PRECTOTCORR
2013-03-24,3.43,coffee-minas-south,coffee,-21.5,-45,NASA POWER MERRA-2 PRECTOTCORR
2013-03-25,3.57,coffee-minas-south,coffee,-21.5,-45,NASA POWER MERRA-2 PRECTOTCORR
2013-03-26,14.42,coffee-minas-south,coffee,-21.5,-45,NASA POWER MERRA-2 PRECTOTCORR
2013-03-27,23.32,coffee-minas-south,coffee,-21.5,-45,NASA POWER MERRA-2 PRECTOTCORR
2013-03-28,0.57,coffee-minas-south,coffee,-21.5,-45,NASA POWER MERRA-2 PRECTOTCORR
2013-03-29,0.05,coffee-minas-south,coffee,-21.5,-45,NASA POWER MERRA-2 PRECTOTCORR
2013-03-30,0.34,coffee-minas-south,coffee,-21.5,-45,NASA POWER MERRA-2 PRECTOTCORR
2013-03-31,0.29,coffee-minas-south,coffee,-21.5,-45,NASA POWER MERRA-2 PRECTOTCORR
2013-04-01,0.04,coffee-minas-south,coffee,-21.5,-45,NASA POWER MERRA-2 PRECTOTCORR
2013-04-02,6,coffee-minas-south,coffee,-21.5,-45,NASA POWER MERRA-2 PRECTOTCORR
2013-04-03,3.06,coffee-minas-south,coffee,-21.5,-45,NASA POWER MERRA-2 PRECTOTCORR
2013-04-04,3.02,coffee-minas-south,coffee,-21.5,-45,NASA POWER MERRA-2 PRECTOTCORR
2013-04-05,12.56,coffee-minas-south,coffee,-21.5,-45,NASA POWER MERRA-2 PRECTOTCORR
2013-04-06,2.37,coffee-minas-south,coffee,-21.5,-45,NASA POWER MERRA-2 PRECTOTCORR
2013-04-07,2.43,coffee-minas-south,coffee,-21.5,-45,NASA POWER MERRA-2 PRECTOTCORR
2013-04-08,13.47,coffee-minas-south,coffee,-21.5,-45,NASA POWER MERRA-2 PRECTOTCORR
2013-04-09,1.3,coffee-minas-south,coffee,-21.5,-45,NASA POWER MERRA-2 PRECTOTCORR
2013-04-10,0.33,coffee-minas-south,coffee,-21.5,-45,NASA POWER MERRA-2 PRECTOTCORR
2013-04-11,4.96,coffee-minas-south,coffee,-21.5,-45,NASA POWER MERRA-2 PRECTOTCORR
2013-04-12,0.97,coffee-minas-south,coffee,-21.5,-45,NASA POWER MERRA-2 PRECTOTCORR
2013-04-13,3.56,coffee-minas-south,coffee,-21.5,-45,NASA POWER MERRA-2 PRECTOTCORR
2013-04-14,0.62,coffee-minas-south,coffee,-21.5,-45,NASA POWER MERRA-2 PRECTOTCORR
2013-04-15,0.13,coffee-minas-south,coffee,-21.5,-45,NASA POWER MERRA-2 PRECTOTCORR
2013-04-16,0,coffee-minas-south,coffee,-21.5,-45,NASA POWER MERRA-2 PRECTOTCORR
2013-04-17,0.01,coffee-minas-south,coffee,-21.5,-45,NASA POWER MERRA-2 PRECTOTCORR
2013-04-18,0,coffee-minas-south,coffee,-21.5,-45,NASA POWER MERRA-2 PRECTOTCORR
2013-04-19,0.01,coffee-minas-south,coffee,-21.5,-45,NASA POWER MERRA-2 PRECTOTCORR
2013-04-20,0.01,coffee-minas-south,coffee,-21.5,-45,NASA POWER MERRA-2 PRECTOTCORR
2013-04-21,0.01,coffee-minas-south,coffee,-21.5,-45,NASA POWER MERRA-2 PRECTOTCORR
2013-04-22,0,coffee-minas-south,coffee,-21.5,-45,NASA POWER MERRA-2 PRECTOTCORR
2013-04-23,0,coffee-minas-south,coffee,-21.5,-45,NASA POWER MERRA-2 PRECTOTCORR
2013-04-24,0,coffee-minas-south,coffee,-21.5,-45,NASA POWER MERRA-2 PRECTOTCORR
2013-04-25,0.11,coffee-minas-south,coffee,-21.5,-45,NASA POWER MERRA-2 PRECTOTCORR
2013-04-26,0,coffee-minas-south,coffee,-21.5,-45,NASA POWER MERRA-2 PRECTOTCORR
2013-04-27,0,coffee-minas-south,coffee,-21.5,-45,NASA POWER MERRA-2 PRECTOTCORR
2013-04-28,0.01,coffee-minas-south,coffee,-21.5,-45,NASA POWER MERRA-2 PRECTOTCORR
2013-04-29,0.03,coffee-minas-south,coffee,-21.5,-45,NASA POWER MERRA-2 PRECTOTCORR
2013-04-30,0.01,coffee-minas-south,coffee,-21.5,-45,NASA POWER MERRA-2 PRECTOTCORR
2013-05-01,0.01,coffee-minas-south,coffee,-21.5,-45,NASA POWER MERRA-2 PRECTOTCORR
2013-05-02,0.03,coffee-minas-south,coffee,-21.5,-45,NASA POWER MERRA-2 PRECTOTCORR
2013-05-03,0,coffee-minas-south,coffee,-21.5,-45,NASA POWER MERRA-2 PRECTOTCORR
2013-05-04,0.01,coffee-minas-south,coffee,-21.5,-45,NASA POWER MERRA-2 PRECTOTCORR
2013-05-05,0.11,coffee-minas-south,coffee,-21.5,-45,NASA POWER MERRA-2 PRECTOTCORR
2013-05-06,0.24,coffee-minas-south,coffee,-21.5,-45,NASA POWER MERRA-2 PRECTOTCORR
2013-05-07,0.02,coffee-minas-south,coffee,-21.5,-45,NASA POWER MERRA-2 PRECTOTCORR
2013-05-08,0,coffee-minas-south,coffee,-21.5,-45,NASA POWER MERRA-2 PRECTOTCORR
2013-05-09,0.03,coffee-minas-south,coffee,-21.5,-45,NASA POWER MERRA-2 PRECTOTCORR
2013-05-10,0,coffee-minas-south,coffee,-21.5,-45,NASA POWER MERRA-2 PRECTOTCORR
2013-05-11,0.01,coffee-minas-south,coffee,-21.5,-45,NASA POWER MERRA-2 PRECTOTCORR
2013-05-12,0.02,coffee-minas-south,coffee,-21.5,-45,NASA POWER MERRA-2 PRECTOTCORR
2013-05-13,0.03,coffee-minas-south,coffee,-21.5,-45,NASA POWER MERRA-2 PRECTOTCORR
2013-05-14,0.03,coffee-minas-south,coffee,-21.5,-45,NASA POWER MERRA-2 PRECTOTCORR
2013-05-15,0.04,coffee-minas-south,coffee,-21.5,-45,NASA POWER MERRA-2 PRECTOTCORR
2013-05-16,0.08,coffee-minas-south,coffee,-21.5,-45,NASA POWER MERRA-2 PRECTOTCORR
2013-05-17,0.39,coffee-minas-south,coffee,-21.5,-45,NASA POWER MERRA-2 PRECTOTCORR
2013-05-18,0.13,coffee-minas-south,coffee,-21.5,-45,NASA POWER MERRA-2 PRECTOTCORR
2013-05-19,0.03,coffee-minas-south,coffee,-21.5,-45,NASA POWER MERRA-2 PRECTOTCORR
2013-05-20,0,coffee-minas-south,coffee,-21.5,-45,NASA POWER MERRA-2 PRECTOTCORR
2013-05-21,0.13,coffee-minas-south,coffee,-21.5,-45,NASA POWER MERRA-2 PRECTOTCORR
2013-05-22,3.75,coffee-minas-south,coffee,-21.5,-45,NASA POWER MERRA-2 PRECTOTCORR
2013-05-23,0.33,coffee-minas-south,coffee,-21.5,-45,NASA POWER MERRA-2 PRECTOTCORR
2013-05-24,7.34,coffee-minas-south,coffee,-21.5,-45,NASA POWER MERRA-2 PRECTOTCORR
2013-05-25,0.34,coffee-minas-south,coffee,-21.5,-45,NASA POWER MERRA-2 PRECTOTCORR
2013-05-26,0.01,coffee-minas-south,coffee,-21.5,-45,NASA POWER MERRA-2 PRECTOTCORR
2013-05-27,10.94,coffee-minas-south,coffee,-21.5,-45,NASA POWER MERRA-2 PRECTOTCORR
2013-05-28,18.92,coffee-minas-south,coffee,-21.5,-45,NASA POWER MERRA-2 PRECTOTCORR
2013-05-29,0.4,coffee-minas-south,coffee,-21.5,-45,NASA POWER MERRA-2 PRECTOTCORR
2013-05-30,0.12,coffee-minas-south,coffee,-21.5,-45,NASA POWER MERRA-2 PRECTOTCORR
2013-05-31,0.07,coffee-minas-south,coffee,-21.5,-45,NASA POWER MERRA-2 PRECTOTCORR
2013-06-01,0.08,coffee-minas-south,coffee,-21.5,-45,NASA POWER MERRA-2 PRECTOTCORR
2013-06-02,5.82,coffee-minas-south,coffee,-21.5,-45,NASA POWER MERRA-2 PRECTOTCORR
2013-06-03,7.37,coffee-minas-south,coffee,-21.5,-45,NASA POWER MERRA-2 PRECTOTCORR
2013-06-04,0.3,coffee-minas-south,coffee,-21.5,-45,NASA POWER MERRA-2 PRECTOTCORR
2013-06-05,0.02,coffee-minas-south,coffee,-21.5,-45,NASA POWER MERRA-2 PRECTOTCORR
2013-06-06,0.06,coffee-minas-south,coffee,-21.5,-45,NASA POWER MERRA-2 PRECTOTCORR
2013-06-07,0,coffee-minas-south,coffee,-21.5,-45,NASA POWER MERRA-2 PRECTOTCORR
2013-06-08,0,coffee-minas-south,coffee,-21.5,-45,NASA POWER MERRA-2 PRECTOTCORR
2013-06-09,0,coffee-minas-south,coffee,-21.5,-45,NASA POWER MERRA-2 PRECTOTCORR
2013-06-10,0.04,coffee-minas-south,coffee,-21.5,-45,NASA POWER MERRA-2 PRECTOTCORR
2013-06-11,0.03,coffee-minas-south,coffee,-21.5,-45,NASA POWER MERRA-2 PRECTOTCORR
2013-06-12,0.74,coffee-minas-south,coffee,-21.5,-45,NASA POWER MERRA-2 PRECTOTCORR
2013-06-13,0.16,coffee-minas-south,coffee,-21.5,-45,NASA POWER MERRA-2 PRECTOTCORR
2013-06-14,0.04,coffee-minas-south,coffee,-21.5,-45,NASA POWER MERRA-2 PRECTOTCORR
2013-06-15,0.11,coffee-minas-south,coffee,-21.5,-45,NASA POWER MERRA-2 PRECTOTCORR
2013-06-16,2.06,coffee-minas-south,coffee,-21.5,-45,NASA POWER MERRA-2 PRECTOTCORR
2013-06-17,1.02,coffee-minas-south,coffee,-21.5,-45,NASA POWER MERRA-2 PRECTOTCORR
2013-06-18,0.04,coffee-minas-south,coffee,-21.5,-45,NASA POWER MERRA-2 PRECTOTCORR
2013-06-19,0.04,coffee-minas-south,coffee,-21.5,-45,NASA POWER MERRA-2 PRECTOTCORR
2013-06-20,0.01,coffee-minas-south,coffee,-21.5,-45,NASA POWER MERRA-2 PRECTOTCORR
2013-06-21,0.04,coffee-minas-south,coffee,-21.5,-45,NASA POWER MERRA-2 PRECTOTCORR
2013-06-22,0.13,coffee-minas-south,coffee,-21.5,-45,NASA POWER MERRA-2 PRECTOTCORR
2013-06-23,0.55,coffee-minas-south,coffee,-21.5,-45,NASA POWER MERRA-2 PRECTOTCORR
2013-06-24,2,coffee-minas-south,coffee,-21.5,-45,NASA POWER MERRA-2 PRECTOTCORR
2013-06-25,0.01,coffee-minas-south,coffee,-21.5,-45,NASA POWER MERRA-2 PRECTOTCORR
2013-06-26,0.07,coffee-minas-south,coffee,-21.5,-45,NASA POWER MERRA-2 PRECTOTCORR
2013-06-27,1.68,coffee-minas-south,coffee,-21.5,-45,NASA POWER MERRA-2 PRECTOTCORR
2013-06-28,0.25,coffee-minas-south,coffee,-21.5,-45,NASA POWER MERRA-2 PRECTOTCORR
2013-06-29,0.01,coffee-minas-south,coffee,-21.5,-45,NASA POWER MERRA-2 PRECTOTCORR
2013-06-30,0.07,coffee-minas-south,coffee,-21.5,-45,NASA POWER MERRA-2 PRECTOTCORR
2013-07-01,4.85,coffee-minas-south,coffee,-21.5,-45,NASA POWER MERRA-2 PRECTOTCORR
2013-07-02,0.29,coffee-minas-south,coffee,-21.5,-45,NASA POWER MERRA-2 PRECTOTCORR
2013-07-03,0.02,coffee-minas-south,coffee,-21.5,-45,NASA POWER MERRA-2 PRECTOTCORR
2013-07-04,0,coffee-minas-south,coffee,-21.5,-45,NASA POWER MERRA-2 PRECTOTCORR
2013-07-05,0,coffee-minas-south,coffee,-21.5,-45,NASA POWER MERRA-2 PRECTOTCORR
2013-07-06,0.06,coffee-minas-south,coffee,-21.5,-45,NASA POWER MERRA-2 PRECTOTCORR
2013-07-07,0.02,coffee-minas-south,coffee,-21.5,-45,NASA POWER MERRA-2 PRECTOTCORR
2013-07-08,0.2,coffee-minas-south,coffee,-21.5,-45,NASA POWER MERRA-2 PRECTOTCORR
2013-07-09,0.43,coffee-minas-south,coffee,-21.5,-45,NASA POWER MERRA-2 PRECTOTCORR
2013-07-10,0.03,coffee-minas-south,coffee,-21.5,-45,NASA POWER MERRA-2 PRECTOTCORR
2013-07-11,0,coffee-minas-south,coffee,-21.5,-45,NASA POWER MERRA-2 PRECTOTCORR
2013-07-12,0.01,coffee-minas-south,coffee,-21.5,-45,NASA POWER MERRA-2 PRECTOTCORR
2013-07-13,0,coffee-minas-south,coffee,-21.5,-45,NASA POWER MERRA-2 PRECTOTCORR
2013-07-14,0.82,coffee-minas-south,coffee,-21.5,-45,NASA POWER MERRA-2 PRECTOTCORR
2013-07-15,0.15,coffee-minas-south,coffee,-21.5,-45,NASA POWER MERRA-2 PRECTOTCORR
2013-07-16,0.05,coffee-minas-south,coffee,-21.5,-45,NASA POWER MERRA-2 PRECTOTCORR
2013-07-17,0.01,coffee-minas-south,coffee,-21.5,-45,NASA POWER MERRA-2 PRECTOTCORR
2013-07-18,0.03,coffee-minas-south,coffee,-21.5,-45,NASA POWER MERRA-2 PRECTOTCORR
2013-07-19,1.76,coffee-minas-south,coffee,-21.5,-45,NASA POWER MERRA-2 PRECTOTCORR
2013-07-20,0.03,coffee-minas-south,coffee,-21.5,-45,NASA POWER MERRA-2 PRECTOTCORR
2013-07-21,0,coffee-minas-south,coffee,-21.5,-45,NASA POWER MERRA-2 PRECTOTCORR
2013-07-22,0.03,coffee-minas-south,coffee,-21.5,-45,NASA POWER MERRA-2 PRECTOTCORR
2013-07-23,0.36,coffee-minas-south,coffee,-21.5,-45,NASA POWER MERRA-2 PRECTOTCORR
2013-07-24,5.65,coffee-minas-south,coffee,-21.5,-45,NASA POWER MERRA-2 PRECTOTCORR
2013-07-25,12.16,coffee-minas-south,coffee,-21.5,-45,NASA POWER MERRA-2 PRECTOTCORR
2013-07-26,0.02,coffee-minas-south,coffee,-21.5,-45,NASA POWER MERRA-2 PRECTOTCORR
2013-07-27,0.07,coffee-minas-south,coffee,-21.5,-45,NASA POWER MERRA-2 PRECTOTCORR
2013-07-28,0.03,coffee-minas-south,coffee,-21.5,-45,NASA POWER MERRA-2 PRECTOTCORR
2013-07-29,0.03,coffee-minas-south,coffee,-21.5,-45,NASA POWER MERRA-2 PRECTOTCORR
2013-07-30,0.26,coffee-minas-south,coffee,-21.5,-45,NASA POWER MERRA-2 PRECTOTCORR
2013-07-31,0.01,coffee-minas-south,coffee,-21.5,-45,NASA POWER MERRA-2 PRECTOTCORR
2013-08-01,0.02,coffee-minas-south,coffee,-21.5,-45,NASA POWER MERRA-2 PRECTOTCORR
2013-08-02,0,coffee-minas-south,coffee,-21.5,-45,NASA POWER MERRA-2 PRECTOTCORR
2013-08-03,0,coffee-minas-south,coffee,-21.5,-45,NASA POWER MERRA-2 PRECTOTCORR
2013-08-04,0,coffee-minas-south,coffee,-21.5,-45,NASA POWER MERRA-2 PRECTOTCORR
2013-08-05,0,coffee-minas-south,coffee,-21.5,-45,NASA POWER MERRA-2 PRECTOTCORR
2013-08-06,0,coffee-minas-south,coffee,-21.5,-45,NASA POWER MERRA-2 PRECTOTCORR
2013-08-07,0.02,coffee-minas-south,coffee,-21.5,-45,NASA POWER MERRA-2 PRECTOTCORR
2013-08-08,0.02,coffee-minas-south,coffee,-21.5,-45,NASA POWER MERRA-2 PRECTOTCORR
2013-08-09,0,coffee-minas-south,coffee,-21.5,-45,NASA POWER MERRA-2 PRECTOTCORR
2013-08-10,0,coffee-minas-south,coffee,-21.5,-45,NASA POWER MERRA-2 PRECTOTCORR
2013-08-11,0,coffee-minas-south,coffee,-21.5,-45,NASA POWER MERRA-2 PRECTOTCORR
2013-08-12,0,coffee-minas-south,coffee,-21.5,-45,NASA POWER MERRA-2 PRECTOTCORR
2013-08-13,0.01,coffee-minas-south,coffee,-21.5,-45,NASA POWER MERRA-2 PRECTOTCORR
2013-08-14,0.39,coffee-minas-south,coffee,-21.5,-45,NASA POWER MERRA-2 PRECTOTCORR
2013-08-15,0.19,coffee-minas-south,coffee,-21.5,-45,NASA POWER MERRA-2 PRECTOTCORR
2013-08-16,0.01,coffee-minas-south,coffee,-21.5,-45,NASA POWER MERRA-2 PRECTOTCORR
2013-08-17,0.47,coffee-minas-south,coffee,-21.5,-45,NASA POWER MERRA-2 PRECTOTCORR
2013-08-18,0.79,coffee-minas-south,coffee,-21.5,-45,NASA POWER MERRA-2 PRECTOTCORR
2013-08-19,0.93,coffee-minas-south,coffee,-21.5,-45,NASA POWER MERRA-2 PRECTOTCORR
2013-08-20,0.22,coffee-minas-south,coffee,-21.5,-45,NASA POWER MERRA-2 PRECTOTCORR
2013-08-21,0,coffee-minas-south,coffee,-21.5,-45,NASA POWER MERRA-2 PRECTOTCORR
2013-08-22,0,coffee-minas-south,coffee,-21.5,-45,NASA POWER MERRA-2 PRECTOTCORR
2013-08-23,0,coffee-minas-south,coffee,-21.5,-45,NASA POWER MERRA-2 PRECTOTCORR
2013-08-24,0,coffee-minas-south,coffee,-21.5,-45,NASA POWER MERRA-2 PRECTOTCORR
2013-08-25,0,coffee-minas-south,coffee,-21.5,-45,NASA POWER MERRA-2 PRECTOTCORR
2013-08-26,0.03,coffee-minas-south,coffee,-21.5,-45,NASA POWER MERRA-2 PRECTOTCORR
2013-08-27,0.03,coffee-minas-south,coffee,-21.5,-45,NASA POWER MERRA-2 PRECTOTCORR
2013-08-28,0.01,coffee-minas-south,coffee,-21.5,-45,NASA POWER MERRA-2 PRECTOTCORR
2013-08-29,0,coffee-minas-south,coffee,-21.5,-45,NASA POWER MERRA-2 PRECTOTCORR
2013-08-30,0,coffee-minas-south,coffee,-21.5,-45,NASA POWER MERRA-2 PRECTOTCORR
2013-08-31,0,coffee-minas-south,coffee,-21.5,-45,NASA POWER MERRA-2 PRECTOTCORR
2013-09-01,0,coffee-minas-south,coffee,-21.5,-45,NASA POWER MERRA-2 PRECTOTCORR
2013-09-02,0,coffee-minas-south,coffee,-21.5,-45,NASA POWER MERRA-2 PRECTOTCORR
2013-09-03,1.69,coffee-minas-south,coffee,-21.5,-45,NASA POWER MERRA-2 PRECTOTCORR
2013-09-04,13.21,coffee-minas-south,coffee,-21.5,-45,NASA POWER MERRA-2 PRECTOTCORR
2013-09-05,0.46,coffee-minas-south,coffee,-21.5,-45,NASA POWER MERRA-2 PRECTOTCORR
2013-09-06,0.08,coffee-minas-south,coffee,-21.5,-45,NASA POWER MERRA-2 PRECTOTCORR
2013-09-07,0,coffee-minas-south,coffee,-21.5,-45,NASA POWER MERRA-2 PRECTOTCORR
2013-09-08,0,coffee-minas-south,coffee,-21.5,-45,NASA POWER MERRA-2 PRECTOTCORR
2013-09-09,0.05,coffee-minas-south,coffee,-21.5,-45,NASA POWER MERRA-2 PRECTOTCORR
2013-09-10,0,coffee-minas-south,coffee,-21.5,-45,NASA POWER MERRA-2 PRECTOTCORR
2013-09-11,0,coffee-minas-south,coffee,-21.5,-45,NASA POWER MERRA-2 PRECTOTCORR
2013-09-12,0.05,coffee-minas-south,coffee,-21.5,-45,NASA POWER MERRA-2 PRECTOTCORR
2013-09-13,0.08,coffee-minas-south,coffee,-21.5,-45,NASA POWER MERRA-2 PRECTOTCORR
2013-09-14,0.08,coffee-minas-south,coffee,-21.5,-45,NASA POWER MERRA-2 PRECTOTCORR
2013-09-15,0,coffee-minas-south,coffee,-21.5,-45,NASA POWER MERRA-2 PRECTOTCORR
2013-09-16,0.88,coffee-minas-south,coffee,-21.5,-45,NASA POWER MERRA-2 PRECTOTCORR
2013-09-17,6.54,coffee-minas-south,coffee,-21.5,-45,NASA POWER MERRA-2 PRECTOTCORR
2013-09-18,0.02,coffee-minas-south,coffee,-21.5,-45,NASA POWER MERRA-2 PRECTOTCORR
2013-09-19,0.69,coffee-minas-south,coffee,-21.5,-45,NASA POWER MERRA-2 PRECTOTCORR
2013-09-20,0.03,coffee-minas-south,coffee,-21.5,-45,NASA POWER MERRA-2 PRECTOTCORR
2013-09-21,0,coffee-minas-south,coffee,-21.5,-45,NASA POWER MERRA-2 PRECTOTCORR
2013-09-22,1.54,coffee-minas-south,coffee,-21.5,-45,NASA POWER MERRA-2 PRECTOTCORR
2013-09-23,2.31,coffee-minas-south,coffee,-21.5,-45,NASA POWER MERRA-2 PRECTOTCORR
2013-09-24,12,coffee-minas-south,coffee,-21.5,-45,NASA POWER MERRA-2 PRECTOTCORR
2013-09-25,0.02,coffee-minas-south,coffee,-21.5,-45,NASA POWER MERRA-2 PRECTOTCORR
2013-09-26,0,coffee-minas-south,coffee,-21.5,-45,NASA POWER MERRA-2 PRECTOTCORR
2013-09-27,0,coffee-minas-south,coffee,-21.5,-45,NASA POWER MERRA-2 PRECTOTCORR
2013-09-28,9.78,coffee-minas-south,coffee,-21.5,-45,NASA POWER MERRA-2 PRECTOTCORR
2013-09-29,8.76,coffee-minas-south,coffee,-21.5,-45,NASA POWER MERRA-2 PRECTOTCORR
2013-09-30,3.72,coffee-minas-south,coffee,-21.5,-45,NASA POWER MERRA-2 PRECTOTCORR
2013-10-01,2.07,coffee-minas-south,coffee,-21.5,-45,NASA POWER MERRA-2 PRECTOTCORR
2013-10-02,16.11,coffee-minas-south,coffee,-21.5,-45,NASA POWER MERRA-2 PRECTOTCORR
2013-10-03,9.15,coffee-minas-south,coffee,-21.5,-45,NASA POWER MERRA-2 PRECTOTCORR
2013-10-04,9.14,coffee-minas-south,coffee,-21.5,-45,NASA POWER MERRA-2 PRECTOTCORR
2013-10-05,0.17,coffee-minas-south,coffee,-21.5,-45,NASA POWER MERRA-2 PRECTOTCORR
2013-10-06,0,coffee-minas-south,coffee,-21.5,-45,NASA POWER MERRA-2 PRECTOTCORR
2013-10-07,0.01,coffee-minas-south,coffee,-21.5,-45,NASA POWER MERRA-2 PRECTOTCORR
2013-10-08,2.46,coffee-minas-south,coffee,-21.5,-45,NASA POWER MERRA-2 PRECTOTCORR
2013-10-09,0.13,coffee-minas-south,coffee,-21.5,-45,NASA POWER MERRA-2 PRECTOTCORR
2013-10-10,0,coffee-minas-south,coffee,-21.5,-45,NASA POWER MERRA-2 PRECTOTCORR
2013-10-11,0,coffee-minas-south,coffee,-21.5,-45,NASA POWER MERRA-2 PRECTOTCORR
2013-10-12,0,coffee-minas-south,coffee,-21.5,-45,NASA POWER MERRA-2 PRECTOTCORR
2013-10-13,0.01,coffee-minas-south,coffee,-21.5,-45,NASA POWER MERRA-2 PRECTOTCORR
2013-10-14,0.3,coffee-minas-south,coffee,-21.5,-45,NASA POWER MERRA-2 PRECTOTCORR
2013-10-15,7.08,coffee-minas-south,coffee,-21.5,-45,NASA POWER MERRA-2 PRECTOTCORR
2013-10-16,12.1,coffee-minas-south,coffee,-21.5,-45,NASA POWER MERRA-2 PRECTOTCORR
2013-10-17,11.28,coffee-minas-south,coffee,-21.5,-45,NASA POWER MERRA-2 PRECTOTCORR
2013-10-18,5.64,coffee-minas-south,coffee,-21.5,-45,NASA POWER MERRA-2 PRECTOTCORR
2013-10-19,0.69,coffee-minas-south,coffee,-21.5,-45,NASA POWER MERRA-2 PRECTOTCORR
2013-10-20,0.01,coffee-minas-south,coffee,-21.5,-45,NASA POWER MERRA-2 PRECTOTCORR
2013-10-21,5.29,coffee-minas-south,coffee,-21.5,-45,NASA POWER MERRA-2 PRECTOTCORR
2013-10-22,0.59,coffee-minas-south,coffee,-21.5,-45,NASA POWER MERRA-2 PRECTOTCORR
2013-10-23,0.49,coffee-minas-south,coffee,-21.5,-45,NASA POWER MERRA-2 PRECTOTCORR
2013-10-24,0,coffee-minas-south,coffee,-21.5,-45,NASA POWER MERRA-2 PRECTOTCORR
2013-10-25,0,coffee-minas-south,coffee,-21.5,-45,NASA POWER MERRA-2 PRECTOTCORR
2013-10-26,0,coffee-minas-south,coffee,-21.5,-45,NASA POWER MERRA-2 PRECTOTCORR
2013-10-27,1.71,coffee-minas-south,coffee,-21.5,-45,NASA POWER MERRA-2 PRECTOTCORR
2013-10-28,0.23,coffee-minas-south,coffee,-21.5,-45,NASA POWER MERRA-2 PRECTOTCORR
2013-10-29,0.01,coffee-minas-south,coffee,-21.5,-45,NASA POWER MERRA-2 PRECTOTCORR
2013-10-30,2.36,coffee-minas-south,coffee,-21.5,-45,NASA POWER MERRA-2 PRECTOTCORR
2013-10-31,0.74,coffee-minas-south,coffee,-21.5,-45,NASA POWER MERRA-2 PRECTOTCORR
2013-11-01,0.19,coffee-minas-south,coffee,-21.5,-45,NASA POWER MERRA-2 PRECTOTCORR
2013-11-02,0.01,coffee-minas-south,coffee,-21.5,-45,NASA POWER MERRA-2 PRECTOTCORR
2013-11-03,0,coffee-minas-south,coffee,-21.5,-45,NASA POWER MERRA-2 PRECTOTCORR
2013-11-04,1.43,coffee-minas-south,coffee,-21.5,-45,NASA POWER MERRA-2 PRECTOTCORR
2013-11-05,7.95,coffee-minas-south,coffee,-21.5,-45,NASA POWER MERRA-2 PRECTOTCORR
2013-11-06,19,coffee-minas-south,coffee,-21.5,-45,NASA POWER MERRA-2 PRECTOTCORR
2013-11-07,11.7,coffee-minas-south,coffee,-21.5,-45,NASA POWER MERRA-2 PRECTOTCORR
2013-11-08,0.31,coffee-minas-south,coffee,-21.5,-45,NASA POWER MERRA-2 PRECTOTCORR
2013-11-09,0.01,coffee-minas-south,coffee,-21.5,-45,NASA POWER MERRA-2 PRECTOTCORR
2013-11-10,0.02,coffee-minas-south,coffee,-21.5,-45,NASA POWER MERRA-2 PRECTOTCORR
2013-11-11,0.04,coffee-minas-south,coffee,-21.5,-45,NASA POWER MERRA-2 PRECTOTCORR
2013-11-12,0.07,coffee-minas-south,coffee,-21.5,-45,NASA POWER MERRA-2 PRECTOTCORR
2013-11-13,0.01,coffee-minas-south,coffee,-21.5,-45,NASA POWER MERRA-2 PRECTOTCORR
2013-11-14,0,coffee-minas-south,coffee,-21.5,-45,NASA POWER MERRA-2 PRECTOTCORR
2013-11-15,0.5,coffee-minas-south,coffee,-21.5,-45,NASA POWER MERRA-2 PRECTOTCORR
2013-11-16,2.98,coffee-minas-south,coffee,-21.5,-45,NASA POWER MERRA-2 PRECTOTCORR
2013-11-17,12.21,coffee-minas-south,coffee,-21.5,-45,NASA POWER MERRA-2 PRECTOTCORR
2013-11-18,8.35,coffee-minas-south,coffee,-21.5,-45,NASA POWER MERRA-2 PRECTOTCORR
2013-11-19,0.68,coffee-minas-south,coffee,-21.5,-45,NASA POWER MERRA-2 PRECTOTCORR
2013-11-20,0.05,coffee-minas-south,coffee,-21.5,-45,NASA POWER MERRA-2 PRECTOTCORR
2013-11-21,0.25,coffee-minas-south,coffee,-21.5,-45,NASA POWER MERRA-2 PRECTOTCORR
2013-11-22,10.11,coffee-minas-south,coffee,-21.5,-45,NASA POWER MERRA-2 PRECTOTCORR
2013-11-23,12.29,coffee-minas-south,coffee,-21.5,-45,NASA POWER MERRA-2 PRECTOTCORR
2013-11-24,14.07,coffee-minas-south,coffee,-21.5,-45,NASA POWER MERRA-2 PRECTOTCORR
2013-11-25,20.02,coffee-minas-south,coffee,-21.5,-45,NASA POWER MERRA-2 PRECTOTCORR
2013-11-26,12.58,coffee-minas-south,coffee,-21.5,-45,NASA POWER MERRA-2 PRECTOTCORR
2013-11-27,5.47,coffee-minas-south,coffee,-21.5,-45,NASA POWER MERRA-2 PRECTOTCORR
2013-11-28,0.38,coffee-minas-south,coffee,-21.5,-45,NASA POWER MERRA-2 PRECTOTCORR
2013-11-29,7.52,coffee-minas-south,coffee,-21.5,-45,NASA POWER MERRA-2 PRECTOTCORR
2013-11-30,13.11,coffee-minas-south,coffee,-21.5,-45,NASA POWER MERRA-2 PRECTOTCORR
2013-12-01,11.84,coffee-minas-south,coffee,-21.5,-45,NASA POWER MERRA-2 PRECTOTCORR
2013-12-02,11.46,coffee-minas-south,coffee,-21.5,-45,NASA POWER MERRA-2 PRECTOTCORR
2013-12-03,2.22,coffee-minas-south,coffee,-21.5,-45,NASA POWER MERRA-2 PRECTOTCORR
2013-12-04,0.73,coffee-minas-south,coffee,-21.5,-45,NASA POWER MERRA-2 PRECTOTCORR
2013-12-05,7.61,coffee-minas-south,coffee,-21.5,-45,NASA POWER MERRA-2 PRECTOTCORR
2013-12-06,0.23,coffee-minas-south,coffee,-21.5,-45,NASA POWER MERRA-2 PRECTOTCORR
2013-12-07,1.88,coffee-minas-south,coffee,-21.5,-45,NASA POWER MERRA-2 PRECTOTCORR
2013-12-08,8.54,coffee-minas-south,coffee,-21.5,-45,NASA POWER MERRA-2 PRECTOTCORR
2013-12-09,1.14,coffee-minas-south,coffee,-21.5,-45,NASA POWER MERRA-2 PRECTOTCORR
2013-12-10,5.42,coffee-minas-south,coffee,-21.5,-45,NASA POWER MERRA-2 PRECTOTCORR
2013-12-11,14.03,coffee-minas-south,coffee,-21.5,-45,NASA POWER MERRA-2 PRECTOTCORR
2013-12-12,1.52,coffee-minas-south,coffee,-21.5,-45,NASA POWER MERRA-2 PRECTOTCORR
2013-12-13,0.15,coffee-minas-south,coffee,-21.5,-45,NASA POWER MERRA-2 PRECTOTCORR
2013-12-14,0.35,coffee-minas-south,coffee,-21.5,-45,NASA POWER MERRA-2 PRECTOTCORR
2013-12-15,3.69,coffee-minas-south,coffee,-21.5,-45,NASA POWER MERRA-2 PRECTOTCORR
2013-12-16,5.14,coffee-minas-south,coffee,-21.5,-45,NASA POWER MERRA-2 PRECTOTCORR
2013-12-17,2.32,coffee-minas-south,coffee,-21.5,-45,NASA POWER MERRA-2 PRECTOTCORR
2013-12-18,2.15,coffee-minas-south,coffee,-21.5,-45,NASA POWER MERRA-2 PRECTOTCORR
2013-12-19,0.69,coffee-minas-south,coffee,-21.5,-45,NASA POWER MERRA-2 PRECTOTCORR
2013-12-20,7.57,coffee-minas-south,coffee,-21.5,-45,NASA POWER MERRA-2 PRECTOTCORR
2013-12-21,6.04,coffee-minas-south,coffee,-21.5,-45,NASA POWER MERRA-2 PRECTOTCORR
2013-12-22,3.01,coffee-minas-south,coffee,-21.5,-45,NASA POWER MERRA-2 PRECTOTCORR
2013-12-23,5.01,coffee-minas-south,coffee,-21.5,-45,NASA POWER MERRA-2 PRECTOTCORR
2013-12-24,7.23,coffee-minas-south,coffee,-21.5,-45,NASA POWER MERRA-2 PRECTOTCORR
2013-12-25,2.64,coffee-minas-south,coffee,-21.5,-45,NASA POWER MERRA-2 PRECTOTCORR
2013-12-26,1.76,coffee-minas-south,coffee,-21.5,-45,NASA POWER MERRA-2 PRECTOTCORR
2013-12-27,9.23,coffee-minas-south,coffee,-21.5,-45,NASA POWER MERRA-2 PRECTOTCORR
2013-12-28,7.24,coffee-minas-south,coffee,-21.5,-45,NASA POWER MERRA-2 PRECTOTCORR
2013-12-29,3.3,coffee-minas-south,coffee,-21.5,-45,NASA POWER MERRA-2 PRECTOTCORR
2013-12-30,4.67,coffee-minas-south,coffee,-21.5,-45,NASA POWER MERRA-2 PRECTOTCORR
2013-12-31,3.05,coffee-minas-south,coffee,-21.5,-45,NASA POWER MERRA-2 PRECTOTCORR
2014-01-01,5.47,coffee-minas-south,coffee,-21.5,-45,NASA POWER MERRA-2 PRECTOTCORR
2014-01-02,1.18,coffee-minas-south,coffee,-21.5,-45,NASA POWER MERRA-2 PRECTOTCORR
2014-01-03,0,coffee-minas-south,coffee,-21.5,-45,NASA POWER MERRA-2 PRECTOTCORR
2014-01-04,0,coffee-minas-south,coffee,-21.5,-45,NASA POWER MERRA-2 PRECTOTCORR
2014-01-05,0.46,coffee-minas-south,coffee,-21.5,-45,NASA POWER MERRA-2 PRECTOTCORR
2014-01-06,0.05,coffee-minas-south,coffee,-21.5,-45,NASA POWER MERRA-2 PRECTOTCORR
2014-01-07,0.01,coffee-minas-south,coffee,-21.5,-45,NASA POWER MERRA-2 PRECTOTCORR
2014-01-08,0.01,coffee-minas-south,coffee,-21.5,-45,NASA POWER MERRA-2 PRECTOTCORR
2014-01-09,1.83,coffee-minas-south,coffee,-21.5,-45,NASA POWER MERRA-2 PRECTOTCORR
2014-01-10,0.33,coffee-minas-south,coffee,-21.5,-45,NASA POWER MERRA-2 PRECTOTCORR
2014-01-11,1.5,coffee-minas-south,coffee,-21.5,-45,NASA POWER MERRA-2 PRECTOTCORR
2014-01-12,0.42,coffee-minas-south,coffee,-21.5,-45,NASA POWER MERRA-2 PRECTOTCORR
2014-01-13,0.35,coffee-minas-south,coffee,-21.5,-45,NASA POWER MERRA-2 PRECTOTCORR
2014-01-14,0.04,coffee-minas-south,coffee,-21.5,-45,NASA POWER MERRA-2 PRECTOTCORR
2014-01-15,0.04,coffee-minas-south,coffee,-21.5,-45,NASA POWER MERRA-2 PRECTOTCORR
2014-01-16,8.84,coffee-minas-south,coffee,-21.5,-45,NASA POWER MERRA-2 PRECTOTCORR
2014-01-17,15.9,coffee-minas-south,coffee,-21.5,-45,NASA POWER MERRA-2 PRECTOTCORR
2014-01-18,6.72,coffee-minas-south,coffee,-21.5,-45,NASA POWER MERRA-2 PRECTOTCORR
2014-01-19,1.12,coffee-minas-south,coffee,-21.5,-45,NASA POWER MERRA-2 PRECTOTCORR
2014-01-20,21.04,coffee-minas-south,coffee,-21.5,-45,NASA POWER MERRA-2 PRECTOTCORR
2014-01-21,3.15,coffee-minas-south,coffee,-21.5,-45,NASA POWER MERRA-2 PRECTOTCORR
2014-01-22,15.43,coffee-minas-south,coffee,-21.5,-45,NASA POWER MERRA-2 PRECTOTCORR
2014-01-23,9,coffee-minas-south,coffee,-21.5,-45,NASA POWER MERRA-2 PRECTOTCORR
2014-01-24,11.76,coffee-minas-south,coffee,-21.5,-45,NASA POWER MERRA-2 PRECTOTCORR
2014-01-25,0.72,coffee-minas-south,coffee,-21.5,-45,NASA POWER MERRA-2 PRECTOTCORR
2014-01-26,0.02,coffee-minas-south,coffee,-21.5,-45,NASA POWER MERRA-2 PRECTOTCORR
2014-01-27,0,coffee-minas-south,coffee,-21.5,-45,NASA POWER MERRA-2 PRECTOTCORR
2014-01-28,0,coffee-minas-south,coffee,-21.5,-45,NASA POWER MERRA-2 PRECTOTCORR
2014-01-29,0,coffee-minas-south,coffee,-21.5,-45,NASA POWER MERRA-2 PRECTOTCORR
2014-01-30,0,coffee-minas-south,coffee,-21.5,-45,NASA POWER MERRA-2 PRECTOTCORR
2014-01-31,0,coffee-minas-south,coffee,-21.5,-45,NASA POWER MERRA-2 PRECTOTCORR
2014-02-01,0,coffee-minas-south,coffee,-21.5,-45,NASA POWER MERRA-2 PRECTOTCORR
2014-02-02,0.07,coffee-minas-south,coffee,-21.5,-45,NASA POWER MERRA-2 PRECTOTCORR
2014-02-03,0,coffee-minas-south,coffee,-21.5,-45,NASA POWER MERRA-2 PRECTOTCORR
2014-02-04,0.04,coffee-minas-south,coffee,-21.5,-45,NASA POWER MERRA-2 PRECTOTCORR
2014-02-05,0,coffee-minas-south,coffee,-21.5,-45,NASA POWER MERRA-2 PRECTOTCORR
2014-02-06,0,coffee-minas-south,coffee,-21.5,-45,NASA POWER MERRA-2 PRECTOTCORR
2014-02-07,0.87,coffee-minas-south,coffee,-21.5,-45,NASA POWER MERRA-2 PRECTOTCORR
2014-02-08,0.01,coffee-minas-south,coffee,-21.5,-45,NASA POWER MERRA-2 PRECTOTCORR
2014-02-09,0.5,coffee-minas-south,coffee,-21.5,-45,NASA POWER MERRA-2 PRECTOTCORR
2014-02-10,0,coffee-minas-south,coffee,-21.5,-45,NASA POWER MERRA-2 PRECTOTCORR
2014-02-11,0,coffee-minas-south,coffee,-21.5,-45,NASA POWER MERRA-2 PRECTOTCORR
2014-02-12,0,coffee-minas-south,coffee,-21.5,-45,NASA POWER MERRA-2 PRECTOTCORR
2014-02-13,0,coffee-minas-south,coffee,-21.5,-45,NASA POWER MERRA-2 PRECTOTCORR
2014-02-14,5.92,coffee-minas-south,coffee,-21.5,-45,NASA POWER MERRA-2 PRECTOTCORR
2014-02-15,16.59,coffee-minas-south,coffee,-21.5,-45,NASA POWER MERRA-2 PRECTOTCORR
2014-02-16,6.84,coffee-minas-south,coffee,-21.5,-45,NASA POWER MERRA-2 PRECTOTCORR
2014-02-17,3.65,coffee-minas-south,coffee,-21.5,-45,NASA POWER MERRA-2 PRECTOTCORR
2014-02-18,0.43,coffee-minas-south,coffee,-21.5,-45,NASA POWER MERRA-2 PRECTOTCORR
2014-02-19,0.05,coffee-minas-south,coffee,-21.5,-45,NASA POWER MERRA-2 PRECTOTCORR
2014-02-20,0.01,coffee-minas-south,coffee,-21.5,-45,NASA POWER MERRA-2 PRECTOTCORR
2014-02-21,1.08,coffee-minas-south,coffee,-21.5,-45,NASA POWER MERRA-2 PRECTOTCORR
2014-02-22,0.42,coffee-minas-south,coffee,-21.5,-45,NASA POWER MERRA-2 PRECTOTCORR
2014-02-23,0.02,coffee-minas-south,coffee,-21.5,-45,NASA POWER MERRA-2 PRECTOTCORR
2014-02-24,0.04,coffee-minas-south,coffee,-21.5,-45,NASA POWER MERRA-2 PRECTOTCORR
2014-02-25,0.67,coffee-minas-south,coffee,-21.5,-45,NASA POWER MERRA-2 PRECTOTCORR
2014-02-26,0.01,coffee-minas-south,coffee,-21.5,-45,NASA POWER MERRA-2 PRECTOTCORR
2014-02-27,0.49,coffee-minas-south,coffee,-21.5,-45,NASA POWER MERRA-2 PRECTOTCORR
2014-02-28,12.11,coffee-minas-south,coffee,-21.5,-45,NASA POWER MERRA-2 PRECTOTCORR
2014-03-01,1.25,coffee-minas-south,coffee,-21.5,-45,NASA POWER MERRA-2 PRECTOTCORR
2014-03-02,0.87,coffee-minas-south,coffee,-21.5,-45,NASA POWER MERRA-2 PRECTOTCORR
2014-03-03,0.16,coffee-minas-south,coffee,-21.5,-45,NASA POWER MERRA-2 PRECTOTCORR
2014-03-04,0.03,coffee-minas-south,coffee,-21.5,-45,NASA POWER MERRA-2 PRECTOTCORR
2014-03-05,1.18,coffee-minas-south,coffee,-21.5,-45,NASA POWER MERRA-2 PRECTOTCORR
2014-03-06,17.4,coffee-minas-south,coffee,-21.5,-45,NASA POWER MERRA-2 PRECTOTCORR
2014-03-07,10.42,coffee-minas-south,coffee,-21.5,-45,NASA POWER MERRA-2 PRECTOTCORR
2014-03-08,6.88,coffee-minas-south,coffee,-21.5,-45,NASA POWER MERRA-2 PRECTOTCORR
2014-03-09,0.43,coffee-minas-south,coffee,-21.5,-45,NASA POWER MERRA-2 PRECTOTCORR
2014-03-10,0.03,coffee-minas-south,coffee,-21.5,-45,NASA POWER MERRA-2 PRECTOTCORR
2014-03-11,0.17,coffee-minas-south,coffee,-21.5,-45,NASA POWER MERRA-2 PRECTOTCORR
2014-03-12,0.15,coffee-minas-south,coffee,-21.5,-45,NASA POWER MERRA-2 PRECTOTCORR
2014-03-13,0.06,coffee-minas-south,coffee,-21.5,-45,NASA POWER MERRA-2 PRECTOTCORR
2014-03-14,0.68,coffee-minas-south,coffee,-21.5,-45,NASA POWER MERRA-2 PRECTOTCORR
2014-03-15,0,coffee-minas-south,coffee,-21.5,-45,NASA POWER MERRA-2 PRECTOTCORR
2014-03-16,0.03,coffee-minas-south,coffee,-21.5,-45,NASA POWER MERRA-2 PRECTOTCORR
2014-03-17,0.04,coffee-minas-south,coffee,-21.5,-45,NASA POWER MERRA-2 PRECTOTCORR
2014-03-18,0.13,coffee-minas-south,coffee,-21.5,-45,NASA POWER MERRA-2 PRECTOTCORR
2014-03-19,0.53,coffee-minas-south,coffee,-21.5,-45,NASA POWER MERRA-2 PRECTOTCORR
2014-03-20,2.64,coffee-minas-south,coffee,-21.5,-45,NASA POWER MERRA-2 PRECTOTCORR
2014-03-21,12.05,coffee-minas-south,coffee,-21.5,-45,NASA POWER MERRA-2 PRECTOTCORR
2014-03-22,3.13,coffee-minas-south,coffee,-21.5,-45,NASA POWER MERRA-2 PRECTOTCORR
2014-03-23,1.02,coffee-minas-south,coffee,-21.5,-45,NASA POWER MERRA-2 PRECTOTCORR
2014-03-24,0.21,coffee-minas-south,coffee,-21.5,-45,NASA POWER MERRA-2 PRECTOTCORR
2014-03-25,0.19,coffee-minas-south,coffee,-21.5,-45,NASA POWER MERRA-2 PRECTOTCORR
2014-03-26,2,coffee-minas-south,coffee,-21.5,-45,NASA POWER MERRA-2 PRECTOTCORR
2014-03-27,0.19,coffee-minas-south,coffee,-21.5,-45,NASA POWER MERRA-2 PRECTOTCORR
2014-03-28,0.05,coffee-minas-south,coffee,-21.5,-45,NASA POWER MERRA-2 PRECTOTCORR
2014-03-29,0,coffee-minas-south,coffee,-21.5,-45,NASA POWER MERRA-2 PRECTOTCORR
2014-03-30,3.58,coffee-minas-south,coffee,-21.5,-45,NASA POWER MERRA-2 PRECTOTCORR
2014-03-31,2.78,coffee-minas-south,coffee,-21.5,-45,NASA POWER MERRA-2 PRECTOTCORR
2014-04-01,7.78,coffee-minas-south,coffee,-21.5,-45,NASA POWER MERRA-2 PRECTOTCORR
2014-04-02,11.77,coffee-minas-south,coffee,-21.5,-45,NASA POWER MERRA-2 PRECTOTCORR
2014-04-03,4,coffee-minas-south,coffee,-21.5,-45,NASA POWER MERRA-2 PRECTOTCORR
2014-04-04,0.83,coffee-minas-south,coffee,-21.5,-45,NASA POWER MERRA-2 PRECTOTCORR
2014-04-05,0.13,coffee-minas-south,coffee,-21.5,-45,NASA POWER MERRA-2 PRECTOTCORR
2014-04-06,0.03,coffee-minas-south,coffee,-21.5,-45,NASA POWER MERRA-2 PRECTOTCORR
2014-04-07,0,coffee-minas-south,coffee,-21.5,-45,NASA POWER MERRA-2 PRECTOTCORR
2014-04-08,0.01,coffee-minas-south,coffee,-21.5,-45,NASA POWER MERRA-2 PRECTOTCORR
2014-04-09,0.11,coffee-minas-south,coffee,-21.5,-45,NASA POWER MERRA-2 PRECTOTCORR
2014-04-10,1.54,coffee-minas-south,coffee,-21.5,-45,NASA POWER MERRA-2 PRECTOTCORR
2014-04-11,0.51,coffee-minas-south,coffee,-21.5,-45,NASA POWER MERRA-2 PRECTOTCORR
2014-04-12,4.38,coffee-minas-south,coffee,-21.5,-45,NASA POWER MERRA-2 PRECTOTCORR
2014-04-13,3.14,coffee-minas-south,coffee,-21.5,-45,NASA POWER MERRA-2 PRECTOTCORR
2014-04-14,7.57,coffee-minas-south,coffee,-21.5,-45,NASA POWER MERRA-2 PRECTOTCORR
2014-04-15,10.01,coffee-minas-south,coffee,-21.5,-45,NASA POWER MERRA-2 PRECTOTCORR
2014-04-16,8.9,coffee-minas-south,coffee,-21.5,-45,NASA POWER MERRA-2 PRECTOTCORR
2014-04-17,0.13,coffee-minas-south,coffee,-21.5,-45,NASA POWER MERRA-2 PRECTOTCORR
2014-04-18,0,coffee-minas-south,coffee,-21.5,-45,NASA POWER MERRA-2 PRECTOTCORR
2014-04-19,1.54,coffee-minas-south,coffee,-21.5,-45,NASA POWER MERRA-2 PRECTOTCORR
2014-04-20,1.45,coffee-minas-south,coffee,-21.5,-45,NASA POWER MERRA-2 PRECTOTCORR
2014-04-21,0.18,coffee-minas-south,coffee,-21.5,-45,NASA POWER MERRA-2 PRECTOTCORR
2014-04-22,3.76,coffee-minas-south,coffee,-21.5,-45,NASA POWER MERRA-2 PRECTOTCORR
2014-04-23,2.61,coffee-minas-south,coffee,-21.5,-45,NASA POWER MERRA-2 PRECTOTCORR
2014-04-24,1.32,coffee-minas-south,coffee,-21.5,-45,NASA POWER MERRA-2 PRECTOTCORR
2014-04-25,1.36,coffee-minas-south,coffee,-21.5,-45,NASA POWER MERRA-2 PRECTOTCORR
2014-04-26,0.32,coffee-minas-south,coffee,-21.5,-45,NASA POWER MERRA-2 PRECTOTCORR
2014-04-27,0.12,coffee-minas-south,coffee,-21.5,-45,NASA POWER MERRA-2 PRECTOTCORR
2014-04-28,0.17,coffee-minas-south,coffee,-21.5,-45,NASA POWER MERRA-2 PRECTOTCORR
2014-04-29,0,coffee-minas-south,coffee,-21.5,-45,NASA POWER MERRA-2 PRECTOTCORR
2014-04-30,0.01,coffee-minas-south,coffee,-21.5,-45,NASA POWER MERRA-2 PRECTOTCORR
2014-05-01,0,coffee-minas-south,coffee,-21.5,-45,NASA POWER MERRA-2 PRECTOTCORR
2014-05-02,0.02,coffee-minas-south,coffee,-21.5,-45,NASA POWER MERRA-2 PRECTOTCORR
2014-05-03,0,coffee-minas-south,coffee,-21.5,-45,NASA POWER MERRA-2 PRECTOTCORR
2014-05-04,0.04,coffee-minas-south,coffee,-21.5,-45,NASA POWER MERRA-2 PRECTOTCORR
2014-05-05,0,coffee-minas-south,coffee,-21.5,-45,NASA POWER MERRA-2 PRECTOTCORR
2014-05-06,0.01,coffee-minas-south,coffee,-21.5,-45,NASA POWER MERRA-2 PRECTOTCORR
2014-05-07,0.01,coffee-minas-south,coffee,-21.5,-45,NASA POWER MERRA-2 PRECTOTCORR
2014-05-08,0.07,coffee-minas-south,coffee,-21.5,-45,NASA POWER MERRA-2 PRECTOTCORR
2014-05-09,0.19,coffee-minas-south,coffee,-21.5,-45,NASA POWER MERRA-2 PRECTOTCORR
2014-05-10,0.14,coffee-minas-south,coffee,-21.5,-45,NASA POWER MERRA-2 PRECTOTCORR
2014-05-11,0.08,coffee-minas-south,coffee,-21.5,-45,NASA POWER MERRA-2 PRECTOTCORR
2014-05-12,0.4,coffee-minas-south,coffee,-21.5,-45,NASA POWER MERRA-2 PRECTOTCORR
2014-05-13,0.1,coffee-minas-south,coffee,-21.5,-45,NASA POWER MERRA-2 PRECTOTCORR
2014-05-14,0,coffee-minas-south,coffee,-21.5,-45,NASA POWER MERRA-2 PRECTOTCORR
2014-05-15,0.02,coffee-minas-south,coffee,-21.5,-45,NASA POWER MERRA-2 PRECTOTCORR
2014-05-16,0.01,coffee-minas-south,coffee,-21.5,-45,NASA POWER MERRA-2 PRECTOTCORR
2014-05-17,0.01,coffee-minas-south,coffee,-21.5,-45,NASA POWER MERRA-2 PRECTOTCORR
2014-05-18,0.27,coffee-minas-south,coffee,-21.5,-45,NASA POWER MERRA-2 PRECTOTCORR
2014-05-19,0,coffee-minas-south,coffee,-21.5,-45,NASA POWER MERRA-2 PRECTOTCORR
2014-05-20,0.04,coffee-minas-south,coffee,-21.5,-45,NASA POWER MERRA-2 PRECTOTCORR
2014-05-21,0,coffee-minas-south,coffee,-21.5,-45,NASA POWER MERRA-2 PRECTOTCORR
2014-05-22,0,coffee-minas-south,coffee,-21.5,-45,NASA POWER MERRA-2 PRECTOTCORR
2014-05-23,1.83,coffee-minas-south,coffee,-21.5,-45,NASA POWER MERRA-2 PRECTOTCORR
2014-05-24,0.35,coffee-minas-south,coffee,-21.5,-45,NASA POWER MERRA-2 PRECTOTCORR
2014-05-25,5.16,coffee-minas-south,coffee,-21.5,-45,NASA POWER MERRA-2 PRECTOTCORR
2014-05-26,5.57,coffee-minas-south,coffee,-21.5,-45,NASA POWER MERRA-2 PRECTOTCORR
2014-05-27,0.02,coffee-minas-south,coffee,-21.5,-45,NASA POWER MERRA-2 PRECTOTCORR
2014-05-28,0.05,coffee-minas-south,coffee,-21.5,-45,NASA POWER MERRA-2 PRECTOTCORR
2014-05-29,0.01,coffee-minas-south,coffee,-21.5,-45,NASA POWER MERRA-2 PRECTOTCORR
2014-05-30,0,coffee-minas-south,coffee,-21.5,-45,NASA POWER MERRA-2 PRECTOTCORR
2014-05-31,0.04,coffee-minas-south,coffee,-21.5,-45,NASA POWER MERRA-2 PRECTOTCORR
2014-06-01,3.4,coffee-minas-south,coffee,-21.5,-45,NASA POWER MERRA-2 PRECTOTCORR
2014-06-02,1.88,coffee-minas-south,coffee,-21.5,-45,NASA POWER MERRA-2 PRECTOTCORR
2014-06-03,0.04,coffee-minas-south,coffee,-21.5,-45,NASA POWER MERRA-2 PRECTOTCORR
2014-06-04,0.04,coffee-minas-south,coffee,-21.5,-45,NASA POWER MERRA-2 PRECTOTCORR
2014-06-05,0,coffee-minas-south,coffee,-21.5,-45,NASA POWER MERRA-2 PRECTOTCORR
2014-06-06,0.02,coffee-minas-south,coffee,-21.5,-45,NASA POWER MERRA-2 PRECTOTCORR
2014-06-07,0.03,coffee-minas-south,coffee,-21.5,-45,NASA POWER MERRA-2 PRECTOTCORR
2014-06-08,0.02,coffee-minas-south,coffee,-21.5,-45,NASA POWER MERRA-2 PRECTOTCORR
2014-06-09,0.02,coffee-minas-south,coffee,-21.5,-45,NASA POWER MERRA-2 PRECTOTCORR
2014-06-10,0.14,coffee-minas-south,coffee,-21.5,-45,NASA POWER MERRA-2 PRECTOTCORR
2014-06-11,0.09,coffee-minas-south,coffee,-21.5,-45,NASA POWER MERRA-2 PRECTOTCORR
2014-06-12,0.09,coffee-minas-south,coffee,-21.5,-45,NASA POWER MERRA-2 PRECTOTCORR
2014-06-13,0.06,coffee-minas-south,coffee,-21.5,-45,NASA POWER MERRA-2 PRECTOTCORR
2014-06-14,0.03,coffee-minas-south,coffee,-21.5,-45,NASA POWER MERRA-2 PRECTOTCORR
2014-06-15,0.23,coffee-minas-south,coffee,-21.5,-45,NASA POWER MERRA-2 PRECTOTCORR
2014-06-16,0.13,coffee-minas-south,coffee,-21.5,-45,NASA POWER MERRA-2 PRECTOTCORR
2014-06-17,0,coffee-minas-south,coffee,-21.5,-45,NASA POWER MERRA-2 PRECTOTCORR
2014-06-18,3.88,coffee-minas-south,coffee,-21.5,-45,NASA POWER MERRA-2 PRECTOTCORR
2014-06-19,4.68,coffee-minas-south,coffee,-21.5,-45,NASA POWER MERRA-2 PRECTOTCORR
2014-06-20,0.2,coffee-minas-south,coffee,-21.5,-45,NASA POWER MERRA-2 PRECTOTCORR
2014-06-21,0,coffee-minas-south,coffee,-21.5,-45,NASA POWER MERRA-2 PRECTOTCORR
2014-06-22,0.01,coffee-minas-south,coffee,-21.5,-45,NASA POWER MERRA-2 PRECTOTCORR
2014-06-23,0.02,coffee-minas-south,coffee,-21.5,-45,NASA POWER MERRA-2 PRECTOTCORR
2014-06-24,0,coffee-minas-south,coffee,-21.5,-45,NASA POWER MERRA-2 PRECTOTCORR
2014-06-25,0.01,coffee-minas-south,coffee,-21.5,-45,NASA POWER MERRA-2 PRECTOTCORR
2014-06-26,0.04,coffee-minas-south,coffee,-21.5,-45,NASA POWER MERRA-2 PRECTOTCORR
2014-06-27,0.02,coffee-minas-south,coffee,-21.5,-45,NASA POWER MERRA-2 PRECTOTCORR
2014-06-28,0,coffee-minas-south,coffee,-21.5,-45,NASA POWER MERRA-2 PRECTOTCORR
2014-06-29,0,coffee-minas-south,coffee,-21.5,-45,NASA POWER MERRA-2 PRECTOTCORR
2014-06-30,0,coffee-minas-south,coffee,-21.5,-45,NASA POWER MERRA-2 PRECTOTCORR
2014-07-01,0.02,coffee-minas-south,coffee,-21.5,-45,NASA POWER MERRA-2 PRECTOTCORR
2014-07-02,0,coffee-minas-south,coffee,-21.5,-45,NASA POWER MERRA-2 PRECTOTCORR
2014-07-03,0,coffee-minas-south,coffee,-21.5,-45,NASA POWER MERRA-2 PRECTOTCORR
2014-07-04,0,coffee-minas-south,coffee,-21.5,-45,NASA POWER MERRA-2 PRECTOTCORR
2014-07-05,0,coffee-minas-south,coffee,-21.5,-45,NASA POWER MERRA-2 PRECTOTCORR
2014-07-06,0.01,coffee-minas-south,coffee,-21.5,-45,NASA POWER MERRA-2 PRECTOTCORR
2014-07-07,0,coffee-minas-south,coffee,-21.5,-45,NASA POWER MERRA-2 PRECTOTCORR
2014-07-08,0.09,coffee-minas-south,coffee,-21.5,-45,NASA POWER MERRA-2 PRECTOTCORR
2014-07-09,9.29,coffee-minas-south,coffee,-21.5,-45,NASA POWER MERRA-2 PRECTOTCORR
2014-07-10,3.39,coffee-minas-south,coffee,-21.5,-45,NASA POWER MERRA-2 PRECTOTCORR
2014-07-11,0.06,coffee-minas-south,coffee,-21.5,-45,NASA POWER MERRA-2 PRECTOTCORR
2014-07-12,0.03,coffee-minas-south,coffee,-21.5,-45,NASA POWER MERRA-2 PRECTOTCORR
2014-07-13,0.01,coffee-minas-south,coffee,-21.5,-45,NASA POWER MERRA-2 PRECTOTCORR
2014-07-14,0,coffee-minas-south,coffee,-21.5,-45,NASA POWER MERRA-2 PRECTOTCORR
2014-07-15,0.03,coffee-minas-south,coffee,-21.5,-45,NASA POWER MERRA-2 PRECTOTCORR
2014-07-16,0,coffee-minas-south,coffee,-21.5,-45,NASA POWER MERRA-2 PRECTOTCORR
2014-07-17,0.02,coffee-minas-south,coffee,-21.5,-45,NASA POWER MERRA-2 PRECTOTCORR
2014-07-18,0,coffee-minas-south,coffee,-21.5,-45,NASA POWER MERRA-2 PRECTOTCORR
2014-07-19,0,coffee-minas-south,coffee,-21.5,-45,NASA POWER MERRA-2 PRECTOTCORR
2014-07-20,0,coffee-minas-south,coffee,-21.5,-45,NASA POWER MERRA-2 PRECTOTCORR
2014-07-21,0.01,coffee-minas-south,coffee,-21.5,-45,NASA POWER MERRA-2 PRECTOTCORR
2014-07-22,0.01,coffee-minas-south,coffee,-21.5,-45,NASA POWER MERRA-2 PRECTOTCORR
2014-07-23,0,coffee-minas-south,coffee,-21.5,-45,NASA POWER MERRA-2 PRECTOTCORR
2014-07-24,2.22,coffee-minas-south,coffee,-21.5,-45,NASA POWER MERRA-2 PRECTOTCORR
2014-07-25,11.12,coffee-minas-south,coffee,-21.5,-45,NASA POWER MERRA-2 PRECTOTCORR
2014-07-26,6.2,coffee-minas-south,coffee,-21.5,-45,NASA POWER MERRA-2 PRECTOTCORR
2014-07-27,1.49,coffee-minas-south,coffee,-21.5,-45,NASA POWER MERRA-2 PRECTOTCORR
2014-07-28,0.2,coffee-minas-south,coffee,-21.5,-45,NASA POWER MERRA-2 PRECTOTCORR
2014-07-29,0.04,coffee-minas-south,coffee,-21.5,-45,NASA POWER MERRA-2 PRECTOTCORR
2014-07-30,0,coffee-minas-south,coffee,-21.5,-45,NASA POWER MERRA-2 PRECTOTCORR
2014-07-31,0.01,coffee-minas-south,coffee,-21.5,-45,NASA POWER MERRA-2 PRECTOTCORR
2014-08-01,0.01,coffee-minas-south,coffee,-21.5,-45,NASA POWER MERRA-2 PRECTOTCORR
2014-08-02,0,coffee-minas-south,coffee,-21.5,-45,NASA POWER MERRA-2 PRECTOTCORR
2014-08-03,0,coffee-minas-south,coffee,-21.5,-45,NASA POWER MERRA-2 PRECTOTCORR
2014-08-04,0,coffee-minas-south,coffee,-21.5,-45,NASA POWER MERRA-2 PRECTOTCORR
2014-08-05,0.07,coffee-minas-south,coffee,-21.5,-45,NASA POWER MERRA-2 PRECTOTCORR
2014-08-06,0,coffee-minas-south,coffee,-21.5,-45,NASA POWER MERRA-2 PRECTOTCORR
2014-08-07,0,coffee-minas-south,coffee,-21.5,-45,NASA POWER MERRA-2 PRECTOTCORR
2014-08-08,0.18,coffee-minas-south,coffee,-21.5,-45,NASA POWER MERRA-2 PRECTOTCORR
2014-08-09,0.03,coffee-minas-south,coffee,-21.5,-45,NASA POWER MERRA-2 PRECTOTCORR
2014-08-10,0,coffee-minas-south,coffee,-21.5,-45,NASA POWER MERRA-2 PRECTOTCORR
2014-08-11,0,coffee-minas-south,coffee,-21.5,-45,NASA POWER MERRA-2 PRECTOTCORR
2014-08-12,0,coffee-minas-south,coffee,-21.5,-45,NASA POWER MERRA-2 PRECTOTCORR
2014-08-13,0.42,coffee-minas-south,coffee,-21.5,-45,NASA POWER MERRA-2 PRECTOTCORR
2014-08-14,0.92,coffee-minas-south,coffee,-21.5,-45,NASA POWER MERRA-2 PRECTOTCORR
2014-08-15,0.02,coffee-minas-south,coffee,-21.5,-45,NASA POWER MERRA-2 PRECTOTCORR
2014-08-16,0.02,coffee-minas-south,coffee,-21.5,-45,NASA POWER MERRA-2 PRECTOTCORR
2014-08-17,3.99,coffee-minas-south,coffee,-21.5,-45,NASA POWER MERRA-2 PRECTOTCORR
2014-08-18,2.16,coffee-minas-south,coffee,-21.5,-45,NASA POWER MERRA-2 PRECTOTCORR
2014-08-19,0.14,coffee-minas-south,coffee,-21.5,-45,NASA POWER MERRA-2 PRECTOTCORR
2014-08-20,0,coffee-minas-south,coffee,-21.5,-45,NASA POWER MERRA-2 PRECTOTCORR
2014-08-21,0,coffee-minas-south,coffee,-21.5,-45,NASA POWER MERRA-2 PRECTOTCORR
2014-08-22,0,coffee-minas-south,coffee,-21.5,-45,NASA POWER MERRA-2 PRECTOTCORR
2014-08-23,0,coffee-minas-south,coffee,-21.5,-45,NASA POWER MERRA-2 PRECTOTCORR
2014-08-24,0,coffee-minas-south,coffee,-21.5,-45,NASA POWER MERRA-2 PRECTOTCORR
2014-08-25,0,coffee-minas-south,coffee,-21.5,-45,NASA POWER MERRA-2 PRECTOTCORR
2014-08-26,0,coffee-minas-south,coffee,-21.5,-45,NASA POWER MERRA-2 PRECTOTCORR
2014-08-27,0.1,coffee-minas-south,coffee,-21.5,-45,NASA POWER MERRA-2 PRECTOTCORR
2014-08-28,1.8,coffee-minas-south,coffee,-21.5,-45,NASA POWER MERRA-2 PRECTOTCORR
2014-08-29,0.25,coffee-minas-south,coffee,-21.5,-45,NASA POWER MERRA-2 PRECTOTCORR
2014-08-30,0.01,coffee-minas-south,coffee,-21.5,-45,NASA POWER MERRA-2 PRECTOTCORR
2014-08-31,2.77,coffee-minas-south,coffee,-21.5,-45,NASA POWER MERRA-2 PRECTOTCORR
2014-09-01,0.15,coffee-minas-south,coffee,-21.5,-45,NASA POWER MERRA-2 PRECTOTCORR
2014-09-02,0.28,coffee-minas-south,coffee,-21.5,-45,NASA POWER MERRA-2 PRECTOTCORR
2014-09-03,8.06,coffee-minas-south,coffee,-21.5,-45,NASA POWER MERRA-2 PRECTOTCORR
2014-09-04,0.03,coffee-minas-south,coffee,-21.5,-45,NASA POWER MERRA-2 PRECTOTCORR
2014-09-05,0.01,coffee-minas-south,coffee,-21.5,-45,NASA POWER MERRA-2 PRECTOTCORR
2014-09-06,0,coffee-minas-south,coffee,-21.5,-45,NASA POWER MERRA-2 PRECTOTCORR
2014-09-07,0,coffee-minas-south,coffee,-21.5,-45,NASA POWER MERRA-2 PRECTOTCORR
2014-09-08,0,coffee-minas-south,coffee,-21.5,-45,NASA POWER MERRA-2 PRECTOTCORR
2014-09-09,0,coffee-minas-south,coffee,-21.5,-45,NASA POWER MERRA-2 PRECTOTCORR
2014-09-10,0,coffee-minas-south,coffee,-21.5,-45,NASA POWER MERRA-2 PRECTOTCORR
2014-09-11,0,coffee-minas-south,coffee,-21.5,-45,NASA POWER MERRA-2 PRECTOTCORR
2014-09-12,0,coffee-minas-south,coffee,-21.5,-45,NASA POWER MERRA-2 PRECTOTCORR
2014-09-13,0,coffee-minas-south,coffee,-21.5,-45,NASA POWER MERRA-2 PRECTOTCORR
2014-09-14,0,coffee-minas-south,coffee,-21.5,-45,NASA POWER MERRA-2 PRECTOTCORR
2014-09-15,0.01,coffee-minas-south,coffee,-21.5,-45,NASA POWER MERRA-2 PRECTOTCORR
2014-09-16,0.52,coffee-minas-south,coffee,-21.5,-45,NASA POWER MERRA-2 PRECTOTCORR
2014-09-17,0.07,coffee-minas-south,coffee,-21.5,-45,NASA POWER MERRA-2 PRECTOTCORR
2014-09-18,0,coffee-minas-south,coffee,-21.5,-45,NASA POWER MERRA-2 PRECTOTCORR
2014-09-19,0.08,coffee-minas-south,coffee,-21.5,-45,NASA POWER MERRA-2 PRECTOTCORR
2014-09-20,0.45,coffee-minas-south,coffee,-21.5,-45,NASA POWER MERRA-2 PRECTOTCORR
2014-09-21,4,coffee-minas-south,coffee,-21.5,-45,NASA POWER MERRA-2 PRECTOTCORR
2014-09-22,0.01,coffee-minas-south,coffee,-21.5,-45,NASA POWER MERRA-2 PRECTOTCORR
2014-09-23,0.01,coffee-minas-south,coffee,-21.5,-45,NASA POWER MERRA-2 PRECTOTCORR
2014-09-24,0,coffee-minas-south,coffee,-21.5,-45,NASA POWER MERRA-2 PRECTOTCORR
2014-09-25,0.13,coffee-minas-south,coffee,-21.5,-45,NASA POWER MERRA-2 PRECTOTCORR
2014-09-26,1.73,coffee-minas-south,coffee,-21.5,-45,NASA POWER MERRA-2 PRECTOTCORR
2014-09-27,0.34,coffee-minas-south,coffee,-21.5,-45,NASA POWER MERRA-2 PRECTOTCORR
2014-09-28,0.72,coffee-minas-south,coffee,-21.5,-45,NASA POWER MERRA-2 PRECTOTCORR
2014-09-29,4.04,coffee-minas-south,coffee,-21.5,-45,NASA POWER MERRA-2 PRECTOTCORR
2014-09-30,1.84,coffee-minas-south,coffee,-21.5,-45,NASA POWER MERRA-2 PRECTOTCORR
2014-10-01,0.37,coffee-minas-south,coffee,-21.5,-45,NASA POWER MERRA-2 PRECTOTCORR
2014-10-02,0.02,coffee-minas-south,coffee,-21.5,-45,NASA POWER MERRA-2 PRECTOTCORR
2014-10-03,0,coffee-minas-south,coffee,-21.5,-45,NASA POWER MERRA-2 PRECTOTCORR
2014-10-04,0,coffee-minas-south,coffee,-21.5,-45,NASA POWER MERRA-2 PRECTOTCORR
2014-10-05,0,coffee-minas-south,coffee,-21.5,-45,NASA POWER MERRA-2 PRECTOTCORR
2014-10-06,0,coffee-minas-south,coffee,-21.5,-45,NASA POWER MERRA-2 PRECTOTCORR
2014-10-07,0,coffee-minas-south,coffee,-21.5,-45,NASA POWER MERRA-2 PRECTOTCORR
2014-10-08,0,coffee-minas-south,coffee,-21.5,-45,NASA POWER MERRA-2 PRECTOTCORR
2014-10-09,0,coffee-minas-south,coffee,-21.5,-45,NASA POWER MERRA-2 PRECTOTCORR
2014-10-10,0,coffee-minas-south,coffee,-21.5,-45,NASA POWER MERRA-2 PRECTOTCORR
2014-10-11,0,coffee-minas-south,coffee,-21.5,-45,NASA POWER MERRA-2 PRECTOTCORR
2014-10-12,0,coffee-minas-south,coffee,-21.5,-45,NASA POWER MERRA-2 PRECTOTCORR
2014-10-13,0,coffee-minas-south,coffee,-21.5,-45,NASA POWER MERRA-2 PRECTOTCORR
2014-10-14,0.01,coffee-minas-south,coffee,-21.5,-45,NASA POWER MERRA-2 PRECTOTCORR
2014-10-15,0.01,coffee-minas-south,coffee,-21.5,-45,NASA POWER MERRA-2 PRECTOTCORR
2014-10-16,0,coffee-minas-south,coffee,-21.5,-45,NASA POWER MERRA-2 PRECTOTCORR
2014-10-17,2.47,coffee-minas-south,coffee,-21.5,-45,NASA POWER MERRA-2 PRECTOTCORR
2014-10-18,1,coffee-minas-south,coffee,-21.5,-45,NASA POWER MERRA-2 PRECTOTCORR
2014-10-19,2.9,coffee-minas-south,coffee,-21.5,-45,NASA POWER MERRA-2 PRECTOTCORR
2014-10-20,5.32,coffee-minas-south,coffee,-21.5,-45,NASA POWER MERRA-2 PRECTOTCORR
2014-10-21,0.9,coffee-minas-south,coffee,-21.5,-45,NASA POWER MERRA-2 PRECTOTCORR
2014-10-22,0.24,coffee-minas-south,coffee,-21.5,-45,NASA POWER MERRA-2 PRECTOTCORR
2014-10-23,0.01,coffee-minas-south,coffee,-21.5,-45,NASA POWER MERRA-2 PRECTOTCORR
2014-10-24,1.59,coffee-minas-south,coffee,-21.5,-45,NASA POWER MERRA-2 PRECTOTCORR
2014-10-25,8.37,coffee-minas-south,coffee,-21.5,-45,NASA POWER MERRA-2 PRECTOTCORR
2014-10-26,6.71,coffee-minas-south,coffee,-21.5,-45,NASA POWER MERRA-2 PRECTOTCORR
2014-10-27,1.1,coffee-minas-south,coffee,-21.5,-45,NASA POWER MERRA-2 PRECTOTCORR
2014-10-28,0.01,coffee-minas-south,coffee,-21.5,-45,NASA POWER MERRA-2 PRECTOTCORR
2014-10-29,0,coffee-minas-south,coffee,-21.5,-45,NASA POWER MERRA-2 PRECTOTCORR
2014-10-30,2.67,coffee-minas-south,coffee,-21.5,-45,NASA POWER MERRA-2 PRECTOTCORR
2014-10-31,4.3,coffee-minas-south,coffee,-21.5,-45,NASA POWER MERRA-2 PRECTOTCORR
2014-11-01,7.55,coffee-minas-south,coffee,-21.5,-45,NASA POWER MERRA-2 PRECTOTCORR
2014-11-02,1.92,coffee-minas-south,coffee,-21.5,-45,NASA POWER MERRA-2 PRECTOTCORR
2014-11-03,0.41,coffee-minas-south,coffee,-21.5,-45,NASA POWER MERRA-2 PRECTOTCORR
2014-11-04,0.09,coffee-minas-south,coffee,-21.5,-45,NASA POWER MERRA-2 PRECTOTCORR
2014-11-05,0.8,coffee-minas-south,coffee,-21.5,-45,NASA POWER MERRA-2 PRECTOTCORR
2014-11-06,6.43,coffee-minas-south,coffee,-21.5,-45,NASA POWER MERRA-2 PRECTOTCORR
2014-11-07,7,coffee-minas-south,coffee,-21.5,-45,NASA POWER MERRA-2 PRECTOTCORR
2014-11-08,1.6,coffee-minas-south,coffee,-21.5,-45,NASA POWER MERRA-2 PRECTOTCORR
2014-11-09,5.86,coffee-minas-south,coffee,-21.5,-45,NASA POWER MERRA-2 PRECTOTCORR
2014-11-10,0.21,coffee-minas-south,coffee,-21.5,-45,NASA POWER MERRA-2 PRECTOTCORR
2014-11-11,0.25,coffee-minas-south,coffee,-21.5,-45,NASA POWER MERRA-2 PRECTOTCORR
2014-11-12,21.43,coffee-minas-south,coffee,-21.5,-45,NASA POWER MERRA-2 PRECTOTCORR
2014-11-13,12.52,coffee-minas-south,coffee,-21.5,-45,NASA POWER MERRA-2 PRECTOTCORR
2014-11-14,11.73,coffee-minas-south,coffee,-21.5,-45,NASA POWER MERRA-2 PRECTOTCORR
2014-11-15,1.81,coffee-minas-south,coffee,-21.5,-45,NASA POWER MERRA-2 PRECTOTCORR
2014-11-16,0,coffee-minas-south,coffee,-21.5,-45,NASA POWER MERRA-2 PRECTOTCORR
2014-11-17,0,coffee-minas-south,coffee,-21.5,-45,NASA POWER MERRA-2 PRECTOTCORR
2014-11-18,0,coffee-minas-south,coffee,-21.5,-45,NASA POWER MERRA-2 PRECTOTCORR
2014-11-19,0,coffee-minas-south,coffee,-21.5,-45,NASA POWER MERRA-2 PRECTOTCORR
2014-11-20,0.09,coffee-minas-south,coffee,-21.5,-45,NASA POWER MERRA-2 PRECTOTCORR
2014-11-21,0.02,coffee-minas-south,coffee,-21.5,-45,NASA POWER MERRA-2 PRECTOTCORR
2014-11-22,6.12,coffee-minas-south,coffee,-21.5,-45,NASA POWER MERRA-2 PRECTOTCORR
2014-11-23,7.07,coffee-minas-south,coffee,-21.5,-45,NASA POWER MERRA-2 PRECTOTCORR
2014-11-24,6.7,coffee-minas-south,coffee,-21.5,-45,NASA POWER MERRA-2 PRECTOTCORR
2014-11-25,4.44,coffee-minas-south,coffee,-21.5,-45,NASA POWER MERRA-2 PRECTOTCORR
2014-11-26,14.32,coffee-minas-south,coffee,-21.5,-45,NASA POWER MERRA-2 PRECTOTCORR
2014-11-27,21.49,coffee-minas-south,coffee,-21.5,-45,NASA POWER MERRA-2 PRECTOTCORR
2014-11-28,13.29,coffee-minas-south,coffee,-21.5,-45,NASA POWER MERRA-2 PRECTOTCORR
2014-11-29,2.56,coffee-minas-south,coffee,-21.5,-45,NASA POWER MERRA-2 PRECTOTCORR
2014-11-30,4.67,coffee-minas-south,coffee,-21.5,-45,NASA POWER MERRA-2 PRECTOTCORR
2014-12-01,6.13,coffee-minas-south,coffee,-21.5,-45,NASA POWER MERRA-2 PRECTOTCORR
2014-12-02,0.13,coffee-minas-south,coffee,-21.5,-45,NASA POWER MERRA-2 PRECTOTCORR
2014-12-03,0,coffee-minas-south,coffee,-21.5,-45,NASA POWER MERRA-2 PRECTOTCORR
2014-12-04,5.31,coffee-minas-south,coffee,-21.5,-45,NASA POWER MERRA-2 PRECTOTCORR
2014-12-05,6.89,coffee-minas-south,coffee,-21.5,-45,NASA POWER MERRA-2 PRECTOTCORR
2014-12-06,0.76,coffee-minas-south,coffee,-21.5,-45,NASA POWER MERRA-2 PRECTOTCORR
2014-12-07,0.01,coffee-minas-south,coffee,-21.5,-45,NASA POWER MERRA-2 PRECTOTCORR
2014-12-08,0.04,coffee-minas-south,coffee,-21.5,-45,NASA POWER MERRA-2 PRECTOTCORR
2014-12-09,4.21,coffee-minas-south,coffee,-21.5,-45,NASA POWER MERRA-2 PRECTOTCORR
2014-12-10,3.6,coffee-minas-south,coffee,-21.5,-45,NASA POWER MERRA-2 PRECTOTCORR
2014-12-11,6.24,coffee-minas-south,coffee,-21.5,-45,NASA POWER MERRA-2 PRECTOTCORR
2014-12-12,14.68,coffee-minas-south,coffee,-21.5,-45,NASA POWER MERRA-2 PRECTOTCORR
2014-12-13,9.09,coffee-minas-south,coffee,-21.5,-45,NASA POWER MERRA-2 PRECTOTCORR
2014-12-14,13.57,coffee-minas-south,coffee,-21.5,-45,NASA POWER MERRA-2 PRECTOTCORR
2014-12-15,0.14,coffee-minas-south,coffee,-21.5,-45,NASA POWER MERRA-2 PRECTOTCORR
2014-12-16,0,coffee-minas-south,coffee,-21.5,-45,NASA POWER MERRA-2 PRECTOTCORR
2014-12-17,0,coffee-minas-south,coffee,-21.5,-45,NASA POWER MERRA-2 PRECTOTCORR
2014-12-18,3.51,coffee-minas-south,coffee,-21.5,-45,NASA POWER MERRA-2 PRECTOTCORR
2014-12-19,8.6,coffee-minas-south,coffee,-21.5,-45,NASA POWER MERRA-2 PRECTOTCORR
2014-12-20,4.5,coffee-minas-south,coffee,-21.5,-45,NASA POWER MERRA-2 PRECTOTCORR
2014-12-21,9.71,coffee-minas-south,coffee,-21.5,-45,NASA POWER MERRA-2 PRECTOTCORR
2014-12-22,16.93,coffee-minas-south,coffee,-21.5,-45,NASA POWER MERRA-2 PRECTOTCORR
2014-12-23,9.49,coffee-minas-south,coffee,-21.5,-45,NASA POWER MERRA-2 PRECTOTCORR
2014-12-24,6.85,coffee-minas-south,coffee,-21.5,-45,NASA POWER MERRA-2 PRECTOTCORR
2014-12-25,0.4,coffee-minas-south,coffee,-21.5,-45,NASA POWER MERRA-2 PRECTOTCORR
2014-12-26,0,coffee-minas-south,coffee,-21.5,-45,NASA POWER MERRA-2 PRECTOTCORR
2014-12-27,0,coffee-minas-south,coffee,-21.5,-45,NASA POWER MERRA-2 PRECTOTCORR
2014-12-28,0.01,coffee-minas-south,coffee,-21.5,-45,NASA POWER MERRA-2 PRECTOTCORR
2014-12-29,1.04,coffee-minas-south,coffee,-21.5,-45,NASA POWER MERRA-2 PRECTOTCORR
2014-12-30,1.72,coffee-minas-south,coffee,-21.5,-45,NASA POWER MERRA-2 PRECTOTCORR
2014-12-31,0.44,coffee-minas-south,coffee,-21.5,-45,NASA POWER MERRA-2 PRECTOTCORR
2015-01-01,0.28,coffee-minas-south,coffee,-21.5,-45,NASA POWER MERRA-2 PRECTOTCORR
2015-01-02,0.54,coffee-minas-south,coffee,-21.5,-45,NASA POWER MERRA-2 PRECTOTCORR
2015-01-03,8.55,coffee-minas-south,coffee,-21.5,-45,NASA POWER MERRA-2 PRECTOTCORR
2015-01-04,3.44,coffee-minas-south,coffee,-21.5,-45,NASA POWER MERRA-2 PRECTOTCORR
2015-01-05,6.08,coffee-minas-south,coffee,-21.5,-45,NASA POWER MERRA-2 PRECTOTCORR
2015-01-06,3.55,coffee-minas-south,coffee,-21.5,-45,NASA POWER MERRA-2 PRECTOTCORR
2015-01-07,0.58,coffee-minas-south,coffee,-21.5,-45,NASA POWER MERRA-2 PRECTOTCORR
2015-01-08,0,coffee-minas-south,coffee,-21.5,-45,NASA POWER MERRA-2 PRECTOTCORR
2015-01-09,0,coffee-minas-south,coffee,-21.5,-45,NASA POWER MERRA-2 PRECTOTCORR
2015-01-10,0.04,coffee-minas-south,coffee,-21.5,-45,NASA POWER MERRA-2 PRECTOTCORR
2015-01-11,0.3,coffee-minas-south,coffee,-21.5,-45,NASA POWER MERRA-2 PRECTOTCORR
2015-01-12,0.7,coffee-minas-south,coffee,-21.5,-45,NASA POWER MERRA-2 PRECTOTCORR
2015-01-13,0.34,coffee-minas-south,coffee,-21.5,-45,NASA POWER MERRA-2 PRECTOTCORR
2015-01-14,1.38,coffee-minas-south,coffee,-21.5,-45,NASA POWER MERRA-2 PRECTOTCORR
2015-01-15,0.14,coffee-minas-south,coffee,-21.5,-45,NASA POWER MERRA-2 PRECTOTCORR
2015-01-16,0,coffee-minas-south,coffee,-21.5,-45,NASA POWER MERRA-2 PRECTOTCORR
2015-01-17,0,coffee-minas-south,coffee,-21.5,-45,NASA POWER MERRA-2 PRECTOTCORR
2015-01-18,0,coffee-minas-south,coffee,-21.5,-45,NASA POWER MERRA-2 PRECTOTCORR
2015-01-19,0,coffee-minas-south,coffee,-21.5,-45,NASA POWER MERRA-2 PRECTOTCORR
2015-01-20,0.36,coffee-minas-south,coffee,-21.5,-45,NASA POWER MERRA-2 PRECTOTCORR
2015-01-21,1.78,coffee-minas-south,coffee,-21.5,-45,NASA POWER MERRA-2 PRECTOTCORR
2015-01-22,14.49,coffee-minas-south,coffee,-21.5,-45,NASA POWER MERRA-2 PRECTOTCORR
2015-01-23,11.02,coffee-minas-south,coffee,-21.5,-45,NASA POWER MERRA-2 PRECTOTCORR
2015-01-24,9.45,coffee-minas-south,coffee,-21.5,-45,NASA POWER MERRA-2 PRECTOTCORR
2015-01-25,5.54,coffee-minas-south,coffee,-21.5,-45,NASA POWER MERRA-2 PRECTOTCORR
2015-01-26,6.55,coffee-minas-south,coffee,-21.5,-45,NASA POWER MERRA-2 PRECTOTCORR
2015-01-27,3.31,coffee-minas-south,coffee,-21.5,-45,NASA POWER MERRA-2 PRECTOTCORR
2015-01-28,0.9,coffee-minas-south,coffee,-21.5,-45,NASA POWER MERRA-2 PRECTOTCORR
2015-01-29,0.14,coffee-minas-south,coffee,-21.5,-45,NASA POWER MERRA-2 PRECTOTCORR
2015-01-30,2.04,coffee-minas-south,coffee,-21.5,-45,NASA POWER MERRA-2 PRECTOTCORR
2015-01-31,17.13,coffee-minas-south,coffee,-21.5,-45,NASA POWER MERRA-2 PRECTOTCORR
2015-02-01,9.56,coffee-minas-south,coffee,-21.5,-45,NASA POWER MERRA-2 PRECTOTCORR
2015-02-02,18.97,coffee-minas-south,coffee,-21.5,-45,NASA POWER MERRA-2 PRECTOTCORR
2015-02-03,9.32,coffee-minas-south,coffee,-21.5,-45,NASA POWER MERRA-2 PRECTOTCORR
2015-02-04,7.96,coffee-minas-south,coffee,-21.5,-45,NASA POWER MERRA-2 PRECTOTCORR
2015-02-05,8.93,coffee-minas-south,coffee,-21.5,-45,NASA POWER MERRA-2 PRECTOTCORR
2015-02-06,5.45,coffee-minas-south,coffee,-21.5,-45,NASA POWER MERRA-2 PRECTOTCORR
2015-02-07,1.12,coffee-minas-south,coffee,-21.5,-45,NASA POWER MERRA-2 PRECTOTCORR
2015-02-08,12.23,coffee-minas-south,coffee,-21.5,-45,NASA POWER MERRA-2 PRECTOTCORR
2015-02-09,11.51,coffee-minas-south,coffee,-21.5,-45,NASA POWER MERRA-2 PRECTOTCORR
2015-02-10,5.15,coffee-minas-south,coffee,-21.5,-45,NASA POWER MERRA-2 PRECTOTCORR
2015-02-11,2.84,coffee-minas-south,coffee,-21.5,-45,NASA POWER MERRA-2 PRECTOTCORR
2015-02-12,1.11,coffee-minas-south,coffee,-21.5,-45,NASA POWER MERRA-2 PRECTOTCORR
2015-02-13,1.01,coffee-minas-south,coffee,-21.5,-45,NASA POWER MERRA-2 PRECTOTCORR
2015-02-14,1.7,coffee-minas-south,coffee,-21.5,-45,NASA POWER MERRA-2 PRECTOTCORR
2015-02-15,2.19,coffee-minas-south,coffee,-21.5,-45,NASA POWER MERRA-2 PRECTOTCORR
2015-02-16,8.71,coffee-minas-south,coffee,-21.5,-45,NASA POWER MERRA-2 PRECTOTCORR
2015-02-17,9.78,coffee-minas-south,coffee,-21.5,-45,NASA POWER MERRA-2 PRECTOTCORR
2015-02-18,14.62,coffee-minas-south,coffee,-21.5,-45,NASA POWER MERRA-2 PRECTOTCORR
2015-02-19,3.91,coffee-minas-south,coffee,-21.5,-45,NASA POWER MERRA-2 PRECTOTCORR
2015-02-20,0.61,coffee-minas-south,coffee,-21.5,-45,NASA POWER MERRA-2 PRECTOTCORR
2015-02-21,0,coffee-minas-south,coffee,-21.5,-45,NASA POWER MERRA-2 PRECTOTCORR
2015-02-22,0,coffee-minas-south,coffee,-21.5,-45,NASA POWER MERRA-2 PRECTOTCORR
2015-02-23,0.01,coffee-minas-south,coffee,-21.5,-45,NASA POWER MERRA-2 PRECTOTCORR
2015-02-24,1.45,coffee-minas-south,coffee,-21.5,-45,NASA POWER MERRA-2 PRECTOTCORR
2015-02-25,0.88,coffee-minas-south,coffee,-21.5,-45,NASA POWER MERRA-2 PRECTOTCORR
2015-02-26,3.3,coffee-minas-south,coffee,-21.5,-45,NASA POWER MERRA-2 PRECTOTCORR
2015-02-27,5.82,coffee-minas-south,coffee,-21.5,-45,NASA POWER MERRA-2 PRECTOTCORR
2015-02-28,1.07,coffee-minas-south,coffee,-21.5,-45,NASA POWER MERRA-2 PRECTOTCORR
2015-03-01,0.03,coffee-minas-south,coffee,-21.5,-45,NASA POWER MERRA-2 PRECTOTCORR
2015-03-02,0.07,coffee-minas-south,coffee,-21.5,-45,NASA POWER MERRA-2 PRECTOTCORR
2015-03-03,0.01,coffee-minas-south,coffee,-21.5,-45,NASA POWER MERRA-2 PRECTOTCORR
2015-03-04,1.35,coffee-minas-south,coffee,-21.5,-45,NASA POWER MERRA-2 PRECTOTCORR
2015-03-05,0.45,coffee-minas-south,coffee,-21.5,-45,NASA POWER MERRA-2 PRECTOTCORR
2015-03-06,0.12,coffee-minas-south,coffee,-21.5,-45,NASA POWER MERRA-2 PRECTOTCORR
2015-03-07,6.47,coffee-minas-south,coffee,-21.5,-45,NASA POWER MERRA-2 PRECTOTCORR
2015-03-08,7.64,coffee-minas-south,coffee,-21.5,-45,NASA POWER MERRA-2 PRECTOTCORR
2015-03-09,21.84,coffee-minas-south,coffee,-21.5,-45,NASA POWER MERRA-2 PRECTOTCORR
2015-03-10,3.24,coffee-minas-south,coffee,-21.5,-45,NASA POWER MERRA-2 PRECTOTCORR
2015-03-11,5.61,coffee-minas-south,coffee,-21.5,-45,NASA POWER MERRA-2 PRECTOTCORR
2015-03-12,3.32,coffee-minas-south,coffee,-21.5,-45,NASA POWER MERRA-2 PRECTOTCORR
2015-03-13,0.49,coffee-minas-south,coffee,-21.5,-45,NASA POWER MERRA-2 PRECTOTCORR
2015-03-14,0.81,coffee-minas-south,coffee,-21.5,-45,NASA POWER MERRA-2 PRECTOTCORR
2015-03-15,0.49,coffee-minas-south,coffee,-21.5,-45,NASA POWER MERRA-2 PRECTOTCORR
2015-03-16,7.24,coffee-minas-south,coffee,-21.5,-45,NASA POWER MERRA-2 PRECTOTCORR
2015-03-17,12.66,coffee-minas-south,coffee,-21.5,-45,NASA POWER MERRA-2 PRECTOTCORR
2015-03-18,6.41,coffee-minas-south,coffee,-21.5,-45,NASA POWER MERRA-2 PRECTOTCORR
2015-03-19,0.44,coffee-minas-south,coffee,-21.5,-45,NASA POWER MERRA-2 PRECTOTCORR
2015-03-20,11.51,coffee-minas-south,coffee,-21.5,-45,NASA POWER MERRA-2 PRECTOTCORR
2015-03-21,5.85,coffee-minas-south,coffee,-21.5,-45,NASA POWER MERRA-2 PRECTOTCORR
2015-03-22,35.32,coffee-minas-south,coffee,-21.5,-45,NASA POWER MERRA-2 PRECTOTCORR
2015-03-23,10.11,coffee-minas-south,coffee,-21.5,-45,NASA POWER MERRA-2 PRECTOTCORR
2015-03-24,0.13,coffee-minas-south,coffee,-21.5,-45,NASA POWER MERRA-2 PRECTOTCORR
2015-03-25,0.01,coffee-minas-south,coffee,-21.5,-45,NASA POWER MERRA-2 PRECTOTCORR
2015-03-26,0.02,coffee-minas-south,coffee,-21.5,-45,NASA POWER MERRA-2 PRECTOTCORR
2015-03-27,0,coffee-minas-south,coffee,-21.5,-45,NASA POWER MERRA-2 PRECTOTCORR
2015-03-28,1.83,coffee-minas-south,coffee,-21.5,-45,NASA POWER MERRA-2 PRECTOTCORR
2015-03-29,3.47,coffee-minas-south,coffee,-21.5,-45,NASA POWER MERRA-2 PRECTOTCORR
2015-03-30,4.65,coffee-minas-south,coffee,-21.5,-45,NASA POWER MERRA-2 PRECTOTCORR
2015-03-31,4.09,coffee-minas-south,coffee,-21.5,-45,NASA POWER MERRA-2 PRECTOTCORR
2015-04-01,0.2,coffee-minas-south,coffee,-21.5,-45,NASA POWER MERRA-2 PRECTOTCORR
2015-04-02,0.06,coffee-minas-south,coffee,-21.5,-45,NASA POWER MERRA-2 PRECTOTCORR
2015-04-03,0,coffee-minas-south,coffee,-21.5,-45,NASA POWER MERRA-2 PRECTOTCORR
2015-04-04,0,coffee-minas-south,coffee,-21.5,-45,NASA POWER MERRA-2 PRECTOTCORR
2015-04-05,6.12,coffee-minas-south,coffee,-21.5,-45,NASA POWER MERRA-2 PRECTOTCORR
2015-04-06,2.26,coffee-minas-south,coffee,-21.5,-45,NASA POWER MERRA-2 PRECTOTCORR
2015-04-07,0.16,coffee-minas-south,coffee,-21.5,-45,NASA POWER MERRA-2 PRECTOTCORR
2015-04-08,0.02,coffee-minas-south,coffee,-21.5,-45,NASA POWER MERRA-2 PRECTOTCORR
2015-04-09,0,coffee-minas-south,coffee,-21.5,-45,NASA POWER MERRA-2 PRECTOTCORR
2015-04-10,0,coffee-minas-south,coffee,-21.5,-45,NASA POWER MERRA-2 PRECTOTCORR
2015-04-11,0,coffee-minas-south,coffee,-21.5,-45,NASA POWER MERRA-2 PRECTOTCORR
2015-04-12,0.17,coffee-minas-south,coffee,-21.5,-45,NASA POWER MERRA-2 PRECTOTCORR
2015-04-13,1.83,coffee-minas-south,coffee,-21.5,-45,NASA POWER MERRA-2 PRECTOTCORR
2015-04-14,0.79,coffee-minas-south,coffee,-21.5,-45,NASA POWER MERRA-2 PRECTOTCORR
2015-04-15,0.18,coffee-minas-south,coffee,-21.5,-45,NASA POWER MERRA-2 PRECTOTCORR
2015-04-16,1.58,coffee-minas-south,coffee,-21.5,-45,NASA POWER MERRA-2 PRECTOTCORR
2015-04-17,1.27,coffee-minas-south,coffee,-21.5,-45,NASA POWER MERRA-2 PRECTOTCORR
2015-04-18,0.17,coffee-minas-south,coffee,-21.5,-45,NASA POWER MERRA-2 PRECTOTCORR
2015-04-19,1.02,coffee-minas-south,coffee,-21.5,-45,NASA POWER MERRA-2 PRECTOTCORR
2015-04-20,3.11,coffee-minas-south,coffee,-21.5,-45,NASA POWER MERRA-2 PRECTOTCORR
2015-04-21,2.56,coffee-minas-south,coffee,-21.5,-45,NASA POWER MERRA-2 PRECTOTCORR
2015-04-22,11.09,coffee-minas-south,coffee,-21.5,-45,NASA POWER MERRA-2 PRECTOTCORR
2015-04-23,3.93,coffee-minas-south,coffee,-21.5,-45,NASA POWER MERRA-2 PRECTOTCORR
2015-04-24,0.51,coffee-minas-south,coffee,-21.5,-45,NASA POWER MERRA-2 PRECTOTCORR
2015-04-25,0.06,coffee-minas-south,coffee,-21.5,-45,NASA POWER MERRA-2 PRECTOTCORR
2015-04-26,0.01,coffee-minas-south,coffee,-21.5,-45,NASA POWER MERRA-2 PRECTOTCORR
2015-04-27,0.01,coffee-minas-south,coffee,-21.5,-45,NASA POWER MERRA-2 PRECTOTCORR
2015-04-28,0.23,coffee-minas-south,coffee,-21.5,-45,NASA POWER MERRA-2 PRECTOTCORR
2015-04-29,0.37,coffee-minas-south,coffee,-21.5,-45,NASA POWER MERRA-2 PRECTOTCORR
2015-04-30,0.6,coffee-minas-south,coffee,-21.5,-45,NASA POWER MERRA-2 PRECTOTCORR
2015-05-01,0.27,coffee-minas-south,coffee,-21.5,-45,NASA POWER MERRA-2 PRECTOTCORR
2015-05-02,0.3,coffee-minas-south,coffee,-21.5,-45,NASA POWER MERRA-2 PRECTOTCORR
2015-05-03,0.02,coffee-minas-south,coffee,-21.5,-45,NASA POWER MERRA-2 PRECTOTCORR
2015-05-04,2.32,coffee-minas-south,coffee,-21.5,-45,NASA POWER MERRA-2 PRECTOTCORR
2015-05-05,6.85,coffee-minas-south,coffee,-21.5,-45,NASA POWER MERRA-2 PRECTOTCORR
2015-05-06,0.81,coffee-minas-south,coffee,-21.5,-45,NASA POWER MERRA-2 PRECTOTCORR
2015-05-07,0.11,coffee-minas-south,coffee,-21.5,-45,NASA POWER MERRA-2 PRECTOTCORR
2015-05-08,0.09,coffee-minas-south,coffee,-21.5,-45,NASA POWER MERRA-2 PRECTOTCORR
2015-05-09,0.01,coffee-minas-south,coffee,-21.5,-45,NASA POWER MERRA-2 PRECTOTCORR
2015-05-10,16.38,coffee-minas-south,coffee,-21.5,-45,NASA POWER MERRA-2 PRECTOTCORR
2015-05-11,10.71,coffee-minas-south,coffee,-21.5,-45,NASA POWER MERRA-2 PRECTOTCORR
2015-05-12,0.31,coffee-minas-south,coffee,-21.5,-45,NASA POWER MERRA-2 PRECTOTCORR
2015-05-13,0.02,coffee-minas-south,coffee,-21.5,-45,NASA POWER MERRA-2 PRECTOTCORR
2015-05-14,0,coffee-minas-south,coffee,-21.5,-45,NASA POWER MERRA-2 PRECTOTCORR
2015-05-15,0,coffee-minas-south,coffee,-21.5,-45,NASA POWER MERRA-2 PRECTOTCORR
2015-05-16,0.03,coffee-minas-south,coffee,-21.5,-45,NASA POWER MERRA-2 PRECTOTCORR
2015-05-17,0.01,coffee-minas-south,coffee,-21.5,-45,NASA POWER MERRA-2 PRECTOTCORR
2015-05-18,1.33,coffee-minas-south,coffee,-21.5,-45,NASA POWER MERRA-2 PRECTOTCORR
2015-05-19,1.14,coffee-minas-south,coffee,-21.5,-45,NASA POWER MERRA-2 PRECTOTCORR
2015-05-20,0.03,coffee-minas-south,coffee,-21.5,-45,NASA POWER MERRA-2 PRECTOTCORR
2015-05-21,0,coffee-minas-south,coffee,-21.5,-45,NASA POWER MERRA-2 PRECTOTCORR
2015-05-22,0,coffee-minas-south,coffee,-21.5,-45,NASA POWER MERRA-2 PRECTOTCORR
2015-05-23,0,coffee-minas-south,coffee,-21.5,-45,NASA POWER MERRA-2 PRECTOTCORR
2015-05-24,0.01,coffee-minas-south,coffee,-21.5,-45,NASA POWER MERRA-2 PRECTOTCORR
2015-05-25,0.02,coffee-minas-south,coffee,-21.5,-45,NASA POWER MERRA-2 PRECTOTCORR
2015-05-26,0.18,coffee-minas-south,coffee,-21.5,-45,NASA POWER MERRA-2 PRECTOTCORR
2015-05-27,0.09,coffee-minas-south,coffee,-21.5,-45,NASA POWER MERRA-2 PRECTOTCORR
2015-05-28,0.2,coffee-minas-south,coffee,-21.5,-45,NASA POWER MERRA-2 PRECTOTCORR
2015-05-29,2.24,coffee-minas-south,coffee,-21.5,-45,NASA POWER MERRA-2 PRECTOTCORR
2015-05-30,0.11,coffee-minas-south,coffee,-21.5,-45,NASA POWER MERRA-2 PRECTOTCORR
2015-05-31,3.61,coffee-minas-south,coffee,-21.5,-45,NASA POWER MERRA-2 PRECTOTCORR
2015-06-01,1.71,coffee-minas-south,coffee,-21.5,-45,NASA POWER MERRA-2 PRECTOTCORR
2015-06-02,5.49,coffee-minas-south,coffee,-21.5,-45,NASA POWER MERRA-2 PRECTOTCORR
2015-06-03,0.57,coffee-minas-south,coffee,-21.5,-45,NASA POWER MERRA-2 PRECTOTCORR
2015-06-04,0,coffee-minas-south,coffee,-21.5,-45,NASA POWER MERRA-2 PRECTOTCORR
2015-06-05,0.05,coffee-minas-south,coffee,-21.5,-45,NASA POWER MERRA-2 PRECTOTCORR
2015-06-06,0.01,coffee-minas-south,coffee,-21.5,-45,NASA POWER MERRA-2 PRECTOTCORR
2015-06-07,0.03,coffee-minas-south,coffee,-21.5,-45,NASA POWER MERRA-2 PRECTOTCORR
2015-06-08,0,coffee-minas-south,coffee,-21.5,-45,NASA POWER MERRA-2 PRECTOTCORR
2015-06-09,0.01,coffee-minas-south,coffee,-21.5,-45,NASA POWER MERRA-2 PRECTOTCORR
2015-06-10,0.01,coffee-minas-south,coffee,-21.5,-45,NASA POWER MERRA-2 PRECTOTCORR
2015-06-11,0.01,coffee-minas-south,coffee,-21.5,-45,NASA POWER MERRA-2 PRECTOTCORR
2015-06-12,0.01,coffee-minas-south,coffee,-21.5,-45,NASA POWER MERRA-2 PRECTOTCORR
2015-06-13,0.01,coffee-minas-south,coffee,-21.5,-45,NASA POWER MERRA-2 PRECTOTCORR
2015-06-14,0,coffee-minas-south,coffee,-21.5,-45,NASA POWER MERRA-2 PRECTOTCORR
2015-06-15,1.19,coffee-minas-south,coffee,-21.5,-45,NASA POWER MERRA-2 PRECTOTCORR
2015-06-16,0.26,coffee-minas-south,coffee,-21.5,-45,NASA POWER MERRA-2 PRECTOTCORR
2015-06-17,0.01,coffee-minas-south,coffee,-21.5,-45,NASA POWER MERRA-2 PRECTOTCORR
2015-06-18,0.19,coffee-minas-south,coffee,-21.5,-45,NASA POWER MERRA-2 PRECTOTCORR
2015-06-19,2.69,coffee-minas-south,coffee,-21.5,-45,NASA POWER MERRA-2 PRECTOTCORR
2015-06-20,1.14,coffee-minas-south,coffee,-21.5,-45,NASA POWER MERRA-2 PRECTOTCORR
2015-06-21,0.58,coffee-minas-south,coffee,-21.5,-45,NASA POWER MERRA-2 PRECTOTCORR
2015-06-22,0.34,coffee-minas-south,coffee,-21.5,-45,NASA POWER MERRA-2 PRECTOTCORR
2015-06-23,0.17,coffee-minas-south,coffee,-21.5,-45,NASA POWER MERRA-2 PRECTOTCORR
2015-06-24,0.3,coffee-minas-south,coffee,-21.5,-45,NASA POWER MERRA-2 PRECTOTCORR
2015-06-25,0.04,coffee-minas-south,coffee,-21.5,-45,NASA POWER MERRA-2 PRECTOTCORR
2015-06-26,0,coffee-minas-south,coffee,-21.5,-45,NASA POWER MERRA-2 PRECTOTCORR
2015-06-27,0,coffee-minas-south,coffee,-21.5,-45,NASA POWER MERRA-2 PRECTOTCORR
2015-06-28,0.18,coffee-minas-south,coffee,-21.5,-45,NASA POWER MERRA-2 PRECTOTCORR
2015-06-29,0.25,coffee-minas-south,coffee,-21.5,-45,NASA POWER MERRA-2 PRECTOTCORR
2015-06-30,0,coffee-minas-south,coffee,-21.5,-45,NASA POWER MERRA-2 PRECTOTCORR
2015-07-01,0.22,coffee-minas-south,coffee,-21.5,-45,NASA POWER MERRA-2 PRECTOTCORR
2015-07-02,0.06,coffee-minas-south,coffee,-21.5,-45,NASA POWER MERRA-2 PRECTOTCORR
2015-07-03,0.36,coffee-minas-south,coffee,-21.5,-45,NASA POWER MERRA-2 PRECTOTCORR
2015-07-04,0.1,coffee-minas-south,coffee,-21.5,-45,NASA POWER MERRA-2 PRECTOTCORR
2015-07-05,0.16,coffee-minas-south,coffee,-21.5,-45,NASA POWER MERRA-2 PRECTOTCORR
2015-07-06,0.01,coffee-minas-south,coffee,-21.5,-45,NASA POWER MERRA-2 PRECTOTCORR
2015-07-07,0,coffee-minas-south,coffee,-21.5,-45,NASA POWER MERRA-2 PRECTOTCORR
2015-07-08,0.02,coffee-minas-south,coffee,-21.5,-45,NASA POWER MERRA-2 PRECTOTCORR
2015-07-09,0.04,coffee-minas-south,coffee,-21.5,-45,NASA POWER MERRA-2 PRECTOTCORR
2015-07-10,0,coffee-minas-south,coffee,-21.5,-45,NASA POWER MERRA-2 PRECTOTCORR
2015-07-11,0.01,coffee-minas-south,coffee,-21.5,-45,NASA POWER MERRA-2 PRECTOTCORR
2015-07-12,0.01,coffee-minas-south,coffee,-21.5,-45,NASA POWER MERRA-2 PRECTOTCORR
2015-07-13,0,coffee-minas-south,coffee,-21.5,-45,NASA POWER MERRA-2 PRECTOTCORR
2015-07-14,0.02,coffee-minas-south,coffee,-21.5,-45,NASA POWER MERRA-2 PRECTOTCORR
2015-07-15,0.01,coffee-minas-south,coffee,-21.5,-45,NASA POWER MERRA-2 PRECTOTCORR
2015-07-16,0.01,coffee-minas-south,coffee,-21.5,-45,NASA POWER MERRA-2 PRECTOTCORR
2015-07-17,0.01,coffee-minas-south,coffee,-21.5,-45,NASA POWER MERRA-2 PRECTOTCORR
2015-07-18,0,coffee-minas-south,coffee,-21.5,-45,NASA POWER MERRA-2 PRECTOTCORR
2015-07-19,0,coffee-minas-south,coffee,-21.5,-45,NASA POWER MERRA-2 PRECTOTCORR
2015-07-20,0,coffee-minas-south,coffee,-21.5,-45,NASA POWER MERRA-2 PRECTOTCORR
2015-07-21,0.06,coffee-minas-south,coffee,-21.5,-45,NASA POWER MERRA-2 PRECTOTCORR
2015-07-22,0.19,coffee-minas-south,coffee,-21.5,-45,NASA POWER MERRA-2 PRECTOTCORR
2015-07-23,0.02,coffee-minas-south,coffee,-21.5,-45,NASA POWER MERRA-2 PRECTOTCORR
2015-07-24,0.21,coffee-minas-south,coffee,-21.5,-45,NASA POWER MERRA-2 PRECTOTCORR
2015-07-25,0.85,coffee-minas-south,coffee,-21.5,-45,NASA POWER MERRA-2 PRECTOTCORR
2015-07-26,0.55,coffee-minas-south,coffee,-21.5,-45,NASA POWER MERRA-2 PRECTOTCORR
2015-07-27,0.03,coffee-minas-south,coffee,-21.5,-45,NASA POWER MERRA-2 PRECTOTCORR
2015-07-28,0,coffee-minas-south,coffee,-21.5,-45,NASA POWER MERRA-2 PRECTOTCORR
2015-07-29,0.01,coffee-minas-south,coffee,-21.5,-45,NASA POWER MERRA-2 PRECTOTCORR
2015-07-30,0.01,coffee-minas-south,coffee,-21.5,-45,NASA POWER MERRA-2 PRECTOTCORR
2015-07-31,0,coffee-minas-south,coffee,-21.5,-45,NASA POWER MERRA-2 PRECTOTCORR
2015-08-01,0,coffee-minas-south,coffee,-21.5,-45,NASA POWER MERRA-2 PRECTOTCORR
2015-08-02,0.01,coffee-minas-south,coffee,-21.5,-45,NASA POWER MERRA-2 PRECTOTCORR
2015-08-03,0.02,coffee-minas-south,coffee,-21.5,-45,NASA POWER MERRA-2 PRECTOTCORR
2015-08-04,0.02,coffee-minas-south,coffee,-21.5,-45,NASA POWER MERRA-2 PRECTOTCORR
2015-08-05,0,coffee-minas-south,coffee,-21.5,-45,NASA POWER MERRA-2 PRECTOTCORR
2015-08-06,0,coffee-minas-south,coffee,-21.5,-45,NASA POWER MERRA-2 PRECTOTCORR
2015-08-07,0.01,coffee-minas-south,coffee,-21.5,-45,NASA POWER MERRA-2 PRECTOTCORR
2015-08-08,0,coffee-minas-south,coffee,-21.5,-45,NASA POWER MERRA-2 PRECTOTCORR
2015-08-09,0.01,coffee-minas-south,coffee,-21.5,-45,NASA POWER MERRA-2 PRECTOTCORR
2015-08-10,0.01,coffee-minas-south,coffee,-21.5,-45,NASA POWER MERRA-2 PRECTOTCORR
2015-08-11,0.01,coffee-minas-south,coffee,-21.5,-45,NASA POWER MERRA-2 PRECTOTCORR
2015-08-12,0,coffee-minas-south,coffee,-21.5,-45,NASA POWER MERRA-2 PRECTOTCORR
2015-08-13,0,coffee-minas-south,coffee,-21.5,-45,NASA POWER MERRA-2 PRECTOTCORR
2015-08-14,0.12,coffee-minas-south,coffee,-21.5,-45,NASA POWER MERRA-2 PRECTOTCORR
2015-08-15,1.48,coffee-minas-south,coffee,-21.5,-45,NASA POWER MERRA-2 PRECTOTCORR
2015-08-16,0.06,coffee-minas-south,coffee,-21.5,-45,NASA POWER MERRA-2 PRECTOTCORR
2015-08-17,0,coffee-minas-south,coffee,-21.5,-45,NASA POWER MERRA-2 PRECTOTCORR
2015-08-18,0,coffee-minas-south,coffee,-21.5,-45,NASA POWER MERRA-2 PRECTOTCORR
2015-08-19,0.12,coffee-minas-south,coffee,-21.5,-45,NASA POWER MERRA-2 PRECTOTCORR
2015-08-20,0.05,coffee-minas-south,coffee,-21.5,-45,NASA POWER MERRA-2 PRECTOTCORR
2015-08-21,0.02,coffee-minas-south,coffee,-21.5,-45,NASA POWER MERRA-2 PRECTOTCORR
2015-08-22,0.03,coffee-minas-south,coffee,-21.5,-45,NASA POWER MERRA-2 PRECTOTCORR
2015-08-23,0,coffee-minas-south,coffee,-21.5,-45,NASA POWER MERRA-2 PRECTOTCORR
2015-08-24,0.56,coffee-minas-south,coffee,-21.5,-45,NASA POWER MERRA-2 PRECTOTCORR
2015-08-25,15.48,coffee-minas-south,coffee,-21.5,-45,NASA POWER MERRA-2 PRECTOTCORR
2015-08-26,2.78,coffee-minas-south,coffee,-21.5,-45,NASA POWER MERRA-2 PRECTOTCORR
2015-08-27,0.07,coffee-minas-south,coffee,-21.5,-45,NASA POWER MERRA-2 PRECTOTCORR
2015-08-28,0.03,coffee-minas-south,coffee,-21.5,-45,NASA POWER MERRA-2 PRECTOTCORR
2015-08-29,0.01,coffee-minas-south,coffee,-21.5,-45,NASA POWER MERRA-2 PRECTOTCORR
2015-08-30,0,coffee-minas-south,coffee,-21.5,-45,NASA POWER MERRA-2 PRECTOTCORR
2015-08-31,0,coffee-minas-south,coffee,-21.5,-45,NASA POWER MERRA-2 PRECTOTCORR
2015-09-01,0,coffee-minas-south,coffee,-21.5,-45,NASA POWER MERRA-2 PRECTOTCORR
2015-09-02,0,coffee-minas-south,coffee,-21.5,-45,NASA POWER MERRA-2 PRECTOTCORR
2015-09-03,0,coffee-minas-south,coffee,-21.5,-45,NASA POWER MERRA-2 PRECTOTCORR
2015-09-04,0.01,coffee-minas-south,coffee,-21.5,-45,NASA POWER MERRA-2 PRECTOTCORR
2015-09-05,3.48,coffee-minas-south,coffee,-21.5,-45,NASA POWER MERRA-2 PRECTOTCORR
2015-09-06,8.35,coffee-minas-south,coffee,-21.5,-45,NASA POWER MERRA-2 PRECTOTCORR
2015-09-07,7.78,coffee-minas-south,coffee,-21.5,-45,NASA POWER MERRA-2 PRECTOTCORR
2015-09-08,23.2,coffee-minas-south,coffee,-21.5,-45,NASA POWER MERRA-2 PRECTOTCORR
2015-09-09,6.55,coffee-minas-south,coffee,-21.5,-45,NASA POWER MERRA-2 PRECTOTCORR
2015-09-10,12.86,coffee-minas-south,coffee,-21.5,-45,NASA POWER MERRA-2 PRECTOTCORR
2015-09-11,16.09,coffee-minas-south,coffee,-21.5,-45,NASA POWER MERRA-2 PRECTOTCORR
2015-09-12,13.36,coffee-minas-south,coffee,-21.5,-45,NASA POWER MERRA-2 PRECTOTCORR
2015-09-13,6.89,coffee-minas-south,coffee,-21.5,-45,NASA POWER MERRA-2 PRECTOTCORR
2015-09-14,0.03,coffee-minas-south,coffee,-21.5,-45,NASA POWER MERRA-2 PRECTOTCORR
2015-09-15,0.01,coffee-minas-south,coffee,-21.5,-45,NASA POWER MERRA-2 PRECTOTCORR
2015-09-16,0.02,coffee-minas-south,coffee,-21.5,-45,NASA POWER MERRA-2 PRECTOTCORR
2015-09-17,0,coffee-minas-south,coffee,-21.5,-45,NASA POWER MERRA-2 PRECTOTCORR
2015-09-18,0,coffee-minas-south,coffee,-21.5,-45,NASA POWER MERRA-2 PRECTOTCORR
2015-09-19,0,coffee-minas-south,coffee,-21.5,-45,NASA POWER MERRA-2 PRECTOTCORR
2015-09-20,0,coffee-minas-south,coffee,-21.5,-45,NASA POWER MERRA-2 PRECTOTCORR
2015-09-21,0,coffee-minas-south,coffee,-21.5,-45,NASA POWER MERRA-2 PRECTOTCORR
2015-09-22,0,coffee-minas-south,coffee,-21.5,-45,NASA POWER MERRA-2 PRECTOTCORR
2015-09-23,0,coffee-minas-south,coffee,-21.5,-45,NASA POWER MERRA-2 PRECTOTCORR
2015-09-24,0,coffee-minas-south,coffee,-21.5,-45,NASA POWER MERRA-2 PRECTOTCORR
2015-09-25,0.08,coffee-minas-south,coffee,-21.5,-45,NASA POWER MERRA-2 PRECTOTCORR
2015-09-26,0.01,coffee-minas-south,coffee,-21.5,-45,NASA POWER MERRA-2 PRECTOTCORR
2015-09-27,3.9,coffee-minas-south,coffee,-21.5,-45,NASA POWER MERRA-2 PRECTOTCORR
2015-09-28,0.66,coffee-minas-south,coffee,-21.5,-45,NASA POWER MERRA-2 PRECTOTCORR
2015-09-29,0.09,coffee-minas-south,coffee,-21.5,-45,NASA POWER MERRA-2 PRECTOTCORR
2015-09-30,0.65,coffee-minas-south,coffee,-21.5,-45,NASA POWER MERRA-2 PRECTOTCORR
2015-10-01,2.4,coffee-minas-south,coffee,-21.5,-45,NASA POWER MERRA-2 PRECTOTCORR
2015-10-02,0.9,coffee-minas-south,coffee,-21.5,-45,NASA POWER MERRA-2 PRECTOTCORR
2015-10-03,0.7,coffee-minas-south,coffee,-21.5,-45,NASA POWER MERRA-2 PRECTOTCORR
2015-10-04,0.23,coffee-minas-south,coffee,-21.5,-45,NASA POWER MERRA-2 PRECTOTCORR
2015-10-05,0.01,coffee-minas-south,coffee,-21.5,-45,NASA POWER MERRA-2 PRECTOTCORR
2015-10-06,0,coffee-minas-south,coffee,-21.5,-45,NASA POWER MERRA-2 PRECTOTCORR
2015-10-07,0,coffee-minas-south,coffee,-21.5,-45,NASA POWER MERRA-2 PRECTOTCORR
2015-10-08,0,coffee-minas-south,coffee,-21.5,-45,NASA POWER MERRA-2 PRECTOTCORR
2015-10-09,0,coffee-minas-south,coffee,-21.5,-45,NASA POWER MERRA-2 PRECTOTCORR
2015-10-10,0,coffee-minas-south,coffee,-21.5,-45,NASA POWER MERRA-2 PRECTOTCORR
2015-10-11,0,coffee-minas-south,coffee,-21.5,-45,NASA POWER MERRA-2 PRECTOTCORR
2015-10-12,0,coffee-minas-south,coffee,-21.5,-45,NASA POWER MERRA-2 PRECTOTCORR
2015-10-13,0.01,coffee-minas-south,coffee,-21.5,-45,NASA POWER MERRA-2 PRECTOTCORR
2015-10-14,0,coffee-minas-south,coffee,-21.5,-45,NASA POWER MERRA-2 PRECTOTCORR
2015-10-15,0,coffee-minas-south,coffee,-21.5,-45,NASA POWER MERRA-2 PRECTOTCORR
2015-10-16,0,coffee-minas-south,coffee,-21.5,-45,NASA POWER MERRA-2 PRECTOTCORR
2015-10-17,0.01,coffee-minas-south,coffee,-21.5,-45,NASA POWER MERRA-2 PRECTOTCORR
2015-10-18,0.06,coffee-minas-south,coffee,-21.5,-45,NASA POWER MERRA-2 PRECTOTCORR
2015-10-19,0.02,coffee-minas-south,coffee,-21.5,-45,NASA POWER MERRA-2 PRECTOTCORR
2015-10-20,0.43,coffee-minas-south,coffee,-21.5,-45,NASA POWER MERRA-2 PRECTOTCORR
2015-10-21,1.29,coffee-minas-south,coffee,-21.5,-45,NASA POWER MERRA-2 PRECTOTCORR
2015-10-22,11.84,coffee-minas-south,coffee,-21.5,-45,NASA POWER MERRA-2 PRECTOTCORR
2015-10-23,2.03,coffee-minas-south,coffee,-21.5,-45,NASA POWER MERRA-2 PRECTOTCORR
2015-10-24,0.01,coffee-minas-south,coffee,-21.5,-45,NASA POWER MERRA-2 PRECTOTCORR
2015-10-25,0.02,coffee-minas-south,coffee,-21.5,-45,NASA POWER MERRA-2 PRECTOTCORR
2015-10-26,3.52,coffee-minas-south,coffee,-21.5,-45,NASA POWER MERRA-2 PRECTOTCORR
2015-10-27,4.58,coffee-minas-south,coffee,-21.5,-45,NASA POWER MERRA-2 PRECTOTCORR
2015-10-28,9.69,coffee-minas-south,coffee,-21.5,-45,NASA POWER MERRA-2 PRECTOTCORR
2015-10-29,1.43,coffee-minas-south,coffee,-21.5,-45,NASA POWER MERRA-2 PRECTOTCORR
2015-10-30,0.04,coffee-minas-south,coffee,-21.5,-45,NASA POWER MERRA-2 PRECTOTCORR
2015-10-31,0.24,coffee-minas-south,coffee,-21.5,-45,NASA POWER MERRA-2 PRECTOTCORR
2015-11-01,6.72,coffee-minas-south,coffee,-21.5,-45,NASA POWER MERRA-2 PRECTOTCORR
2015-11-02,31.05,coffee-minas-south,coffee,-21.5,-45,NASA POWER MERRA-2 PRECTOTCORR
2015-11-03,1.66,coffee-minas-south,coffee,-21.5,-45,NASA POWER MERRA-2 PRECTOTCORR
2015-11-04,0.43,coffee-minas-south,coffee,-21.5,-45,NASA POWER MERRA-2 PRECTOTCORR
2015-11-05,0.05,coffee-minas-south,coffee,-21.5,-45,NASA POWER MERRA-2 PRECTOTCORR
2015-11-06,1.89,coffee-minas-south,coffee,-21.5,-45,NASA POWER MERRA-2 PRECTOTCORR
2015-11-07,19.63,coffee-minas-south,coffee,-21.5,-45,NASA POWER MERRA-2 PRECTOTCORR
2015-11-08,8.61,coffee-minas-south,coffee,-21.5,-45,NASA POWER MERRA-2 PRECTOTCORR
2015-11-09,10.33,coffee-minas-south,coffee,-21.5,-45,NASA POWER MERRA-2 PRECTOTCORR
2015-11-10,0.3,coffee-minas-south,coffee,-21.5,-45,NASA POWER MERRA-2 PRECTOTCORR
2015-11-11,0.21,coffee-minas-south,coffee,-21.5,-45,NASA POWER MERRA-2 PRECTOTCORR
2015-11-12,4.8,coffee-minas-south,coffee,-21.5,-45,NASA POWER MERRA-2 PRECTOTCORR
2015-11-13,5.53,coffee-minas-south,coffee,-21.5,-45,NASA POWER MERRA-2 PRECTOTCORR
2015-11-14,3.08,coffee-minas-south,coffee,-21.5,-45,NASA POWER MERRA-2 PRECTOTCORR
2015-11-15,2.28,coffee-minas-south,coffee,-21.5,-45,NASA POWER MERRA-2 PRECTOTCORR
2015-11-16,11.54,coffee-minas-south,coffee,-21.5,-45,NASA POWER MERRA-2 PRECTOTCORR
2015-11-17,19.72,coffee-minas-south,coffee,-21.5,-45,NASA POWER MERRA-2 PRECTOTCORR
2015-11-18,5.09,coffee-minas-south,coffee,-21.5,-45,NASA POWER MERRA-2 PRECTOTCORR
2015-11-19,13.96,coffee-minas-south,coffee,-21.5,-45,NASA POWER MERRA-2 PRECTOTCORR
2015-11-20,9.25,coffee-minas-south,coffee,-21.5,-45,NASA POWER MERRA-2 PRECTOTCORR
2015-11-21,3.41,coffee-minas-south,coffee,-21.5,-45,NASA POWER MERRA-2 PRECTOTCORR
2015-11-22,3.45,coffee-minas-south,coffee,-21.5,-45,NASA POWER MERRA-2 PRECTOTCORR
2015-11-23,8.13,coffee-minas-south,coffee,-21.5,-45,NASA POWER MERRA-2 PRECTOTCORR
2015-11-24,8.52,coffee-minas-south,coffee,-21.5,-45,NASA POWER MERRA-2 PRECTOTCORR
2015-11-25,0.78,coffee-minas-south,coffee,-21.5,-45,NASA POWER MERRA-2 PRECTOTCORR
2015-11-26,0.57,coffee-minas-south,coffee,-21.5,-45,NASA POWER MERRA-2 PRECTOTCORR
2015-11-27,0.06,coffee-minas-south,coffee,-21.5,-45,NASA POWER MERRA-2 PRECTOTCORR
2015-11-28,2.66,coffee-minas-south,coffee,-21.5,-45,NASA POWER MERRA-2 PRECTOTCORR
2015-11-29,9.96,coffee-minas-south,coffee,-21.5,-45,NASA POWER MERRA-2 PRECTOTCORR
2015-11-30,15.91,coffee-minas-south,coffee,-21.5,-45,NASA POWER MERRA-2 PRECTOTCORR
2015-12-01,6.46,coffee-minas-south,coffee,-21.5,-45,NASA POWER MERRA-2 PRECTOTCORR
2015-12-02,24,coffee-minas-south,coffee,-21.5,-45,NASA POWER MERRA-2 PRECTOTCORR
2015-12-03,4.46,coffee-minas-south,coffee,-21.5,-45,NASA POWER MERRA-2 PRECTOTCORR
2015-12-04,6.33,coffee-minas-south,coffee,-21.5,-45,NASA POWER MERRA-2 PRECTOTCORR
2015-12-05,2.19,coffee-minas-south,coffee,-21.5,-45,NASA POWER MERRA-2 PRECTOTCORR
2015-12-06,9.02,coffee-minas-south,coffee,-21.5,-45,NASA POWER MERRA-2 PRECTOTCORR
2015-12-07,7.67,coffee-minas-south,coffee,-21.5,-45,NASA POWER MERRA-2 PRECTOTCORR
2015-12-08,5.85,coffee-minas-south,coffee,-21.5,-45,NASA POWER MERRA-2 PRECTOTCORR
2015-12-09,2.89,coffee-minas-south,coffee,-21.5,-45,NASA POWER MERRA-2 PRECTOTCORR
2015-12-10,9.93,coffee-minas-south,coffee,-21.5,-45,NASA POWER MERRA-2 PRECTOTCORR
2015-12-11,2.18,coffee-minas-south,coffee,-21.5,-45,NASA POWER MERRA-2 PRECTOTCORR
2015-12-12,10.06,coffee-minas-south,coffee,-21.5,-45,NASA POWER MERRA-2 PRECTOTCORR
2015-12-13,8.49,coffee-minas-south,coffee,-21.5,-45,NASA POWER MERRA-2 PRECTOTCORR
2015-12-14,2.82,coffee-minas-south,coffee,-21.5,-45,NASA POWER MERRA-2 PRECTOTCORR
2015-12-15,4.33,coffee-minas-south,coffee,-21.5,-45,NASA POWER MERRA-2 PRECTOTCORR
2015-12-16,9.8,coffee-minas-south,coffee,-21.5,-45,NASA POWER MERRA-2 PRECTOTCORR
2015-12-17,9.11,coffee-minas-south,coffee,-21.5,-45,NASA POWER MERRA-2 PRECTOTCORR
2015-12-18,4.64,coffee-minas-south,coffee,-21.5,-45,NASA POWER MERRA-2 PRECTOTCORR
2015-12-19,5.99,coffee-minas-south,coffee,-21.5,-45,NASA POWER MERRA-2 PRECTOTCORR
2015-12-20,2.63,coffee-minas-south,coffee,-21.5,-45,NASA POWER MERRA-2 PRECTOTCORR
2015-12-21,4.61,coffee-minas-south,coffee,-21.5,-45,NASA POWER MERRA-2 PRECTOTCORR
2015-12-22,1.97,coffee-minas-south,coffee,-21.5,-45,NASA POWER MERRA-2 PRECTOTCORR
2015-12-23,0.38,coffee-minas-south,coffee,-21.5,-45,NASA POWER MERRA-2 PRECTOTCORR
2015-12-24,0.01,coffee-minas-south,coffee,-21.5,-45,NASA POWER MERRA-2 PRECTOTCORR
2015-12-25,10.03,coffee-minas-south,coffee,-21.5,-45,NASA POWER MERRA-2 PRECTOTCORR
2015-12-26,10.63,coffee-minas-south,coffee,-21.5,-45,NASA POWER MERRA-2 PRECTOTCORR
2015-12-27,3.55,coffee-minas-south,coffee,-21.5,-45,NASA POWER MERRA-2 PRECTOTCORR
2015-12-28,3.5,coffee-minas-south,coffee,-21.5,-45,NASA POWER MERRA-2 PRECTOTCORR
2015-12-29,4.67,coffee-minas-south,coffee,-21.5,-45,NASA POWER MERRA-2 PRECTOTCORR
2015-12-30,2.08,coffee-minas-south,coffee,-21.5,-45,NASA POWER MERRA-2 PRECTOTCORR
2015-12-31,0.59,coffee-minas-south,coffee,-21.5,-45,NASA POWER MERRA-2 PRECTOTCORR
2016-01-01,4.05,coffee-minas-south,coffee,-21.5,-45,NASA POWER MERRA-2 PRECTOTCORR
2016-01-02,6.74,coffee-minas-south,coffee,-21.5,-45,NASA POWER MERRA-2 PRECTOTCORR
2016-01-03,35.34,coffee-minas-south,coffee,-21.5,-45,NASA POWER MERRA-2 PRECTOTCORR
2016-01-04,6.21,coffee-minas-south,coffee,-21.5,-45,NASA POWER MERRA-2 PRECTOTCORR
2016-01-05,0.17,coffee-minas-south,coffee,-21.5,-45,NASA POWER MERRA-2 PRECTOTCORR
2016-01-06,0.26,coffee-minas-south,coffee,-21.5,-45,NASA POWER MERRA-2 PRECTOTCORR
2016-01-07,4.57,coffee-minas-south,coffee,-21.5,-45,NASA POWER MERRA-2 PRECTOTCORR
2016-01-08,4.78,coffee-minas-south,coffee,-21.5,-45,NASA POWER MERRA-2 PRECTOTCORR
2016-01-09,9.06,coffee-minas-south,coffee,-21.5,-45,NASA POWER MERRA-2 PRECTOTCORR
2016-01-10,6.04,coffee-minas-south,coffee,-21.5,-45,NASA POWER MERRA-2 PRECTOTCORR
2016-01-11,15.33,coffee-minas-south,coffee,-21.5,-45,NASA POWER MERRA-2 PRECTOTCORR
2016-01-12,12.61,coffee-minas-south,coffee,-21.5,-45,NASA POWER MERRA-2 PRECTOTCORR
2016-01-13,12,coffee-minas-south,coffee,-21.5,-45,NASA POWER MERRA-2 PRECTOTCORR
2016-01-14,23.32,coffee-minas-south,coffee,-21.5,-45,NASA POWER MERRA-2 PRECTOTCORR
2016-01-15,48.32,coffee-minas-south,coffee,-21.5,-45,NASA POWER MERRA-2 PRECTOTCORR
2016-01-16,40.03,coffee-minas-south,coffee,-21.5,-45,NASA POWER MERRA-2 PRECTOTCORR
2016-01-17,4.22,coffee-minas-south,coffee,-21.5,-45,NASA POWER MERRA-2 PRECTOTCORR
2016-01-18,2.15,coffee-minas-south,coffee,-21.5,-45,NASA POWER MERRA-2 PRECTOTCORR
2016-01-19,11.55,coffee-minas-south,coffee,-21.5,-45,NASA POWER MERRA-2 PRECTOTCORR
2016-01-20,14.9,coffee-minas-south,coffee,-21.5,-45,NASA POWER MERRA-2 PRECTOTCORR
2016-01-21,0.21,coffee-minas-south,coffee,-21.5,-45,NASA POWER MERRA-2 PRECTOTCORR
2016-01-22,0.07,coffee-minas-south,coffee,-21.5,-45,NASA POWER MERRA-2 PRECTOTCORR
2016-01-23,1.24,coffee-minas-south,coffee,-21.5,-45,NASA POWER MERRA-2 PRECTOTCORR
2016-01-24,1.79,coffee-minas-south,coffee,-21.5,-45,NASA POWER MERRA-2 PRECTOTCORR
2016-01-25,4.44,coffee-minas-south,coffee,-21.5,-45,NASA POWER MERRA-2 PRECTOTCORR
2016-01-26,1.75,coffee-minas-south,coffee,-21.5,-45,NASA POWER MERRA-2 PRECTOTCORR
2016-01-27,19.93,coffee-minas-south,coffee,-21.5,-45,NASA POWER MERRA-2 PRECTOTCORR
2016-01-28,25.28,coffee-minas-south,coffee,-21.5,-45,NASA POWER MERRA-2 PRECTOTCORR
2016-01-29,16.14,coffee-minas-south,coffee,-21.5,-45,NASA POWER MERRA-2 PRECTOTCORR
2016-01-30,0.26,coffee-minas-south,coffee,-21.5,-45,NASA POWER MERRA-2 PRECTOTCORR
2016-01-31,0.01,coffee-minas-south,coffee,-21.5,-45,NASA POWER MERRA-2 PRECTOTCORR
2016-02-01,0,coffee-minas-south,coffee,-21.5,-45,NASA POWER MERRA-2 PRECTOTCORR
2016-02-02,0.06,coffee-minas-south,coffee,-21.5,-45,NASA POWER MERRA-2 PRECTOTCORR
2016-02-03,1.79,coffee-minas-south,coffee,-21.5,-45,NASA POWER MERRA-2 PRECTOTCORR
2016-02-04,0.54,coffee-minas-south,coffee,-21.5,-45,NASA POWER MERRA-2 PRECTOTCORR
2016-02-05,0.36,coffee-minas-south,coffee,-21.5,-45,NASA POWER MERRA-2 PRECTOTCORR
2016-02-06,1.67,coffee-minas-south,coffee,-21.5,-45,NASA POWER MERRA-2 PRECTOTCORR
2016-02-07,3.04,coffee-minas-south,coffee,-21.5,-45,NASA POWER MERRA-2 PRECTOTCORR
2016-02-08,3.03,coffee-minas-south,coffee,-21.5,-45,NASA POWER MERRA-2 PRECTOTCORR
2016-02-09,0.22,coffee-minas-south,coffee,-21.5,-45,NASA POWER MERRA-2 PRECTOTCORR
2016-02-10,0.16,coffee-minas-south,coffee,-21.5,-45,NASA POWER MERRA-2 PRECTOTCORR
2016-02-11,10.09,coffee-minas-south,coffee,-21.5,-45,NASA POWER MERRA-2 PRECTOTCORR
2016-02-12,0.23,coffee-minas-south,coffee,-21.5,-45,NASA POWER MERRA-2 PRECTOTCORR
2016-02-13,0.08,coffee-minas-south,coffee,-21.5,-45,NASA POWER MERRA-2 PRECTOTCORR
2016-02-14,0.71,coffee-minas-south,coffee,-21.5,-45,NASA POWER MERRA-2 PRECTOTCORR
2016-02-15,12.57,coffee-minas-south,coffee,-21.5,-45,NASA POWER MERRA-2 PRECTOTCORR
2016-02-16,6.67,coffee-minas-south,coffee,-21.5,-45,NASA POWER MERRA-2 PRECTOTCORR
2016-02-17,7.66,coffee-minas-south,coffee,-21.5,-45,NASA POWER MERRA-2 PRECTOTCORR
2016-02-18,8.81,coffee-minas-south,coffee,-21.5,-45,NASA POWER MERRA-2 PRECTOTCORR
2016-02-19,5.02,coffee-minas-south,coffee,-21.5,-45,NASA POWER MERRA-2 PRECTOTCORR
2016-02-20,15.71,coffee-minas-south,coffee,-21.5,-45,NASA POWER MERRA-2 PRECTOTCORR
2016-02-21,7.37,coffee-minas-south,coffee,-21.5,-45,NASA POWER MERRA-2 PRECTOTCORR
2016-02-22,11.22,coffee-minas-south,coffee,-21.5,-45,NASA POWER MERRA-2 PRECTOTCORR
2016-02-23,2.16,coffee-minas-south,coffee,-21.5,-45,NASA POWER MERRA-2 PRECTOTCORR
2016-02-24,1.13,coffee-minas-south,coffee,-21.5,-45,NASA POWER MERRA-2 PRECTOTCORR
2016-02-25,4.2,coffee-minas-south,coffee,-21.5,-45,NASA POWER MERRA-2 PRECTOTCORR
2016-02-26,3.58,coffee-minas-south,coffee,-21.5,-45,NASA POWER MERRA-2 PRECTOTCORR
2016-02-27,2.48,coffee-minas-south,coffee,-21.5,-45,NASA POWER MERRA-2 PRECTOTCORR
2016-02-28,5.34,coffee-minas-south,coffee,-21.5,-45,NASA POWER MERRA-2 PRECTOTCORR
2016-02-29,14.03,coffee-minas-south,coffee,-21.5,-45,NASA POWER MERRA-2 PRECTOTCORR
2016-03-01,4.5,coffee-minas-south,coffee,-21.5,-45,NASA POWER MERRA-2 PRECTOTCORR
2016-03-02,3.45,coffee-minas-south,coffee,-21.5,-45,NASA POWER MERRA-2 PRECTOTCORR
2016-03-03,10.35,coffee-minas-south,coffee,-21.5,-45,NASA POWER MERRA-2 PRECTOTCORR
2016-03-04,15.17,coffee-minas-south,coffee,-21.5,-45,NASA POWER MERRA-2 PRECTOTCORR
2016-03-05,3.15,coffee-minas-south,coffee,-21.5,-45,NASA POWER MERRA-2 PRECTOTCORR
2016-03-06,3.3,coffee-minas-south,coffee,-21.5,-45,NASA POWER MERRA-2 PRECTOTCORR
2016-03-07,5.56,coffee-minas-south,coffee,-21.5,-45,NASA POWER MERRA-2 PRECTOTCORR
2016-03-08,1.38,coffee-minas-south,coffee,-21.5,-45,NASA POWER MERRA-2 PRECTOTCORR
2016-03-09,0,coffee-minas-south,coffee,-21.5,-45,NASA POWER MERRA-2 PRECTOTCORR
2016-03-10,13.18,coffee-minas-south,coffee,-21.5,-45,NASA POWER MERRA-2 PRECTOTCORR
2016-03-11,7.58,coffee-minas-south,coffee,-21.5,-45,NASA POWER MERRA-2 PRECTOTCORR
2016-03-12,4.41,coffee-minas-south,coffee,-21.5,-45,NASA POWER MERRA-2 PRECTOTCORR
2016-03-13,2.52,coffee-minas-south,coffee,-21.5,-45,NASA POWER MERRA-2 PRECTOTCORR
2016-03-14,0.91,coffee-minas-south,coffee,-21.5,-45,NASA POWER MERRA-2 PRECTOTCORR
2016-03-15,0.33,coffee-minas-south,coffee,-21.5,-45,NASA POWER MERRA-2 PRECTOTCORR
2016-03-16,1.58,coffee-minas-south,coffee,-21.5,-45,NASA POWER MERRA-2 PRECTOTCORR
2016-03-17,1.51,coffee-minas-south,coffee,-21.5,-45,NASA POWER MERRA-2 PRECTOTCORR
2016-03-18,0.68,coffee-minas-south,coffee,-21.5,-45,NASA POWER MERRA-2 PRECTOTCORR
2016-03-19,0.03,coffee-minas-south,coffee,-21.5,-45,NASA POWER MERRA-2 PRECTOTCORR
2016-03-20,0.01,coffee-minas-south,coffee,-21.5,-45,NASA POWER MERRA-2 PRECTOTCORR
2016-03-21,0,coffee-minas-south,coffee,-21.5,-45,NASA POWER MERRA-2 PRECTOTCORR
2016-03-22,1.12,coffee-minas-south,coffee,-21.5,-45,NASA POWER MERRA-2 PRECTOTCORR
2016-03-23,9.87,coffee-minas-south,coffee,-21.5,-45,NASA POWER MERRA-2 PRECTOTCORR
2016-03-24,6.82,coffee-minas-south,coffee,-21.5,-45,NASA POWER MERRA-2 PRECTOTCORR
2016-03-25,8.66,coffee-minas-south,coffee,-21.5,-45,NASA POWER MERRA-2 PRECTOTCORR
2016-03-26,10.35,coffee-minas-south,coffee,-21.5,-45,NASA POWER MERRA-2 PRECTOTCORR
2016-03-27,1.24,coffee-minas-south,coffee,-21.5,-45,NASA POWER MERRA-2 PRECTOTCORR
2016-03-28,4.34,coffee-minas-south,coffee,-21.5,-45,NASA POWER MERRA-2 PRECTOTCORR
2016-03-29,7.22,coffee-minas-south,coffee,-21.5,-45,NASA POWER MERRA-2 PRECTOTCORR
2016-03-30,0.32,coffee-minas-south,coffee,-21.5,-45,NASA POWER MERRA-2 PRECTOTCORR
2016-03-31,0.13,coffee-minas-south,coffee,-21.5,-45,NASA POWER MERRA-2 PRECTOTCORR
2016-04-01,3.12,coffee-minas-south,coffee,-21.5,-45,NASA POWER MERRA-2 PRECTOTCORR
2016-04-02,0.65,coffee-minas-south,coffee,-21.5,-45,NASA POWER MERRA-2 PRECTOTCORR
2016-04-03,0.01,coffee-minas-south,coffee,-21.5,-45,NASA POWER MERRA-2 PRECTOTCORR
2016-04-04,0.06,coffee-minas-south,coffee,-21.5,-45,NASA POWER MERRA-2 PRECTOTCORR
2016-04-05,0,coffee-minas-south,coffee,-21.5,-45,NASA POWER MERRA-2 PRECTOTCORR
2016-04-06,0,coffee-minas-south,coffee,-21.5,-45,NASA POWER MERRA-2 PRECTOTCORR
2016-04-07,0,coffee-minas-south,coffee,-21.5,-45,NASA POWER MERRA-2 PRECTOTCORR
2016-04-08,0.01,coffee-minas-south,coffee,-21.5,-45,NASA POWER MERRA-2 PRECTOTCORR
2016-04-09,0,coffee-minas-south,coffee,-21.5,-45,NASA POWER MERRA-2 PRECTOTCORR
2016-04-10,0,coffee-minas-south,coffee,-21.5,-45,NASA POWER MERRA-2 PRECTOTCORR
2016-04-11,0,coffee-minas-south,coffee,-21.5,-45,NASA POWER MERRA-2 PRECTOTCORR
2016-04-12,0,coffee-minas-south,coffee,-21.5,-45,NASA POWER MERRA-2 PRECTOTCORR
2016-04-13,0,coffee-minas-south,coffee,-21.5,-45,NASA POWER MERRA-2 PRECTOTCORR
2016-04-14,0,coffee-minas-south,coffee,-21.5,-45,NASA POWER MERRA-2 PRECTOTCORR
2016-04-15,0,coffee-minas-south,coffee,-21.5,-45,NASA POWER MERRA-2 PRECTOTCORR
2016-04-16,0,coffee-minas-south,coffee,-21.5,-45,NASA POWER MERRA-2 PRECTOTCORR
2016-04-17,0,coffee-minas-south,coffee,-21.5,-45,NASA POWER MERRA-2 PRECTOTCORR
2016-04-18,0,coffee-minas-south,coffee,-21.5,-45,NASA POWER MERRA-2 PRECTOTCORR
2016-04-19,0,coffee-minas-south,coffee,-21.5,-45,NASA POWER MERRA-2 PRECTOTCORR
2016-04-20,0,coffee-minas-south,coffee,-21.5,-45,NASA POWER MERRA-2 PRECTOTCORR
2016-04-21,0,coffee-minas-south,coffee,-21.5,-45,NASA POWER MERRA-2 PRECTOTCORR
2016-04-22,0,coffee-minas-south,coffee,-21.5,-45,NASA POWER MERRA-2 PRECTOTCORR
2016-04-23,0,coffee-minas-south,coffee,-21.5,-45,NASA POWER MERRA-2 PRECTOTCORR
2016-04-24,0,coffee-minas-south,coffee,-21.5,-45,NASA POWER MERRA-2 PRECTOTCORR
2016-04-25,0,coffee-minas-south,coffee,-21.5,-45,NASA POWER MERRA-2 PRECTOTCORR
2016-04-26,2.58,coffee-minas-south,coffee,-21.5,-45,NASA POWER MERRA-2 PRECTOTCORR
2016-04-27,4.39,coffee-minas-south,coffee,-21.5,-45,NASA POWER MERRA-2 PRECTOTCORR
2016-04-28,2.06,coffee-minas-south,coffee,-21.5,-45,NASA POWER MERRA-2 PRECTOTCORR
2016-04-29,8.81,coffee-minas-south,coffee,-21.5,-45,NASA POWER MERRA-2 PRECTOTCORR
2016-04-30,0.57,coffee-minas-south,coffee,-21.5,-45,NASA POWER MERRA-2 PRECTOTCORR
2016-05-01,0.09,coffee-minas-south,coffee,-21.5,-45,NASA POWER MERRA-2 PRECTOTCORR
2016-05-02,0,coffee-minas-south,coffee,-21.5,-45,NASA POWER MERRA-2 PRECTOTCORR
2016-05-03,0,coffee-minas-south,coffee,-21.5,-45,NASA POWER MERRA-2 PRECTOTCORR
2016-05-04,0,coffee-minas-south,coffee,-21.5,-45,NASA POWER MERRA-2 PRECTOTCORR
2016-05-05,0,coffee-minas-south,coffee,-21.5,-45,NASA POWER MERRA-2 PRECTOTCORR
2016-05-06,0,coffee-minas-south,coffee,-21.5,-45,NASA POWER MERRA-2 PRECTOTCORR
2016-05-07,0.11,coffee-minas-south,coffee,-21.5,-45,NASA POWER MERRA-2 PRECTOTCORR
2016-05-08,0.02,coffee-minas-south,coffee,-21.5,-45,NASA POWER MERRA-2 PRECTOTCORR
2016-05-09,0.01,coffee-minas-south,coffee,-21.5,-45,NASA POWER MERRA-2 PRECTOTCORR
2016-05-10,0.04,coffee-minas-south,coffee,-21.5,-45,NASA POWER MERRA-2 PRECTOTCORR
2016-05-11,0.47,coffee-minas-south,coffee,-21.5,-45,NASA POWER MERRA-2 PRECTOTCORR
2016-05-12,0.23,coffee-minas-south,coffee,-21.5,-45,NASA POWER MERRA-2 PRECTOTCORR
2016-05-13,0.04,coffee-minas-south,coffee,-21.5,-45,NASA POWER MERRA-2 PRECTOTCORR
2016-05-14,0.01,coffee-minas-south,coffee,-21.5,-45,NASA POWER MERRA-2 PRECTOTCORR
2016-05-15,0.02,coffee-minas-south,coffee,-21.5,-45,NASA POWER MERRA-2 PRECTOTCORR
2016-05-16,0.16,coffee-minas-south,coffee,-21.5,-45,NASA POWER MERRA-2 PRECTOTCORR
2016-05-17,0.45,coffee-minas-south,coffee,-21.5,-45,NASA POWER MERRA-2 PRECTOTCORR
2016-05-18,1.67,coffee-minas-south,coffee,-21.5,-45,NASA POWER MERRA-2 PRECTOTCORR
2016-05-19,3,coffee-minas-south,coffee,-21.5,-45,NASA POWER MERRA-2 PRECTOTCORR
2016-05-20,1.22,coffee-minas-south,coffee,-21.5,-45,NASA POWER MERRA-2 PRECTOTCORR
2016-05-21,1.61,coffee-minas-south,coffee,-21.5,-45,NASA POWER MERRA-2 PRECTOTCORR
2016-05-22,0.08,coffee-minas-south,coffee,-21.5,-45,NASA POWER MERRA-2 PRECTOTCORR
2016-05-23,0.04,coffee-minas-south,coffee,-21.5,-45,NASA POWER MERRA-2 PRECTOTCORR
2016-05-24,0,coffee-minas-south,coffee,-21.5,-45,NASA POWER MERRA-2 PRECTOTCORR
2016-05-25,0,coffee-minas-south,coffee,-21.5,-45,NASA POWER MERRA-2 PRECTOTCORR
2016-05-26,0,coffee-minas-south,coffee,-21.5,-45,NASA POWER MERRA-2 PRECTOTCORR
2016-05-27,0,coffee-minas-south,coffee,-21.5,-45,NASA POWER MERRA-2 PRECTOTCORR
2016-05-28,0,coffee-minas-south,coffee,-21.5,-45,NASA POWER MERRA-2 PRECTOTCORR
2016-05-29,0,coffee-minas-south,coffee,-21.5,-45,NASA POWER MERRA-2 PRECTOTCORR
2016-05-30,8.34,coffee-minas-south,coffee,-21.5,-45,NASA POWER MERRA-2 PRECTOTCORR
2016-05-31,0.3,coffee-minas-south,coffee,-21.5,-45,NASA POWER MERRA-2 PRECTOTCORR
2016-06-01,13.76,coffee-minas-south,coffee,-21.5,-45,NASA POWER MERRA-2 PRECTOTCORR
2016-06-02,6.42,coffee-minas-south,coffee,-21.5,-45,NASA POWER MERRA-2 PRECTOTCORR
2016-06-03,14.17,coffee-minas-south,coffee,-21.5,-45,NASA POWER MERRA-2 PRECTOTCORR
2016-06-04,7.51,coffee-minas-south,coffee,-21.5,-45,NASA POWER MERRA-2 PRECTOTCORR
2016-06-05,4.6,coffee-minas-south,coffee,-21.5,-45,NASA POWER MERRA-2 PRECTOTCORR
2016-06-06,6.03,coffee-minas-south,coffee,-21.5,-45,NASA POWER MERRA-2 PRECTOTCORR
2016-06-07,5.62,coffee-minas-south,coffee,-21.5,-45,NASA POWER MERRA-2 PRECTOTCORR
2016-06-08,0.9,coffee-minas-south,coffee,-21.5,-45,NASA POWER MERRA-2 PRECTOTCORR
2016-06-09,0.03,coffee-minas-south,coffee,-21.5,-45,NASA POWER MERRA-2 PRECTOTCORR
2016-06-10,0.02,coffee-minas-south,coffee,-21.5,-45,NASA POWER MERRA-2 PRECTOTCORR
2016-06-11,0,coffee-minas-south,coffee,-21.5,-45,NASA POWER MERRA-2 PRECTOTCORR
2016-06-12,0.02,coffee-minas-south,coffee,-21.5,-45,NASA POWER MERRA-2 PRECTOTCORR
2016-06-13,0,coffee-minas-south,coffee,-21.5,-45,NASA POWER MERRA-2 PRECTOTCORR
2016-06-14,0,coffee-minas-south,coffee,-21.5,-45,NASA POWER MERRA-2 PRECTOTCORR
2016-06-15,0,coffee-minas-south,coffee,-21.5,-45,NASA POWER MERRA-2 PRECTOTCORR
2016-06-16,0,coffee-minas-south,coffee,-21.5,-45,NASA POWER MERRA-2 PRECTOTCORR
2016-06-17,0,coffee-minas-south,coffee,-21.5,-45,NASA POWER MERRA-2 PRECTOTCORR
2016-06-18,0,coffee-minas-south,coffee,-21.5,-45,NASA POWER MERRA-2 PRECTOTCORR
2016-06-19,0,coffee-minas-south,coffee,-21.5,-45,NASA POWER MERRA-2 PRECTOTCORR
2016-06-20,0,coffee-minas-south,coffee,-21.5,-45,NASA POWER MERRA-2 PRECTOTCORR
2016-06-21,0.09,coffee-minas-south,coffee,-21.5,-45,NASA POWER MERRA-2 PRECTOTCORR
2016-06-22,0.02,coffee-minas-south,coffee,-21.5,-45,NASA POWER MERRA-2 PRECTOTCORR
2016-06-23,0.21,coffee-minas-south,coffee,-21.5,-45,NASA POWER MERRA-2 PRECTOTCORR
2016-06-24,0.18,coffee-minas-south,coffee,-21.5,-45,NASA POWER MERRA-2 PRECTOTCORR
2016-06-25,0.23,coffee-minas-south,coffee,-21.5,-45,NASA POWER MERRA-2 PRECTOTCORR
2016-06-26,0,coffee-minas-south,coffee,-21.5,-45,NASA POWER MERRA-2 PRECTOTCORR
2016-06-27,0,coffee-minas-south,coffee,-21.5,-45,NASA POWER MERRA-2 PRECTOTCORR
2016-06-28,0,coffee-minas-south,coffee,-21.5,-45,NASA POWER MERRA-2 PRECTOTCORR
2016-06-29,0,coffee-minas-south,coffee,-21.5,-45,NASA POWER MERRA-2 PRECTOTCORR
2016-06-30,0.01,coffee-minas-south,coffee,-21.5,-45,NASA POWER MERRA-2 PRECTOTCORR
2016-07-01,0.03,coffee-minas-south,coffee,-21.5,-45,NASA POWER MERRA-2 PRECTOTCORR
2016-07-02,0,coffee-minas-south,coffee,-21.5,-45,NASA POWER MERRA-2 PRECTOTCORR
2016-07-03,0.01,coffee-minas-south,coffee,-21.5,-45,NASA POWER MERRA-2 PRECTOTCORR
2016-07-04,0,coffee-minas-south,coffee,-21.5,-45,NASA POWER MERRA-2 PRECTOTCORR
2016-07-05,0.01,coffee-minas-south,coffee,-21.5,-45,NASA POWER MERRA-2 PRECTOTCORR
2016-07-06,0,coffee-minas-south,coffee,-21.5,-45,NASA POWER MERRA-2 PRECTOTCORR
2016-07-07,0,coffee-minas-south,coffee,-21.5,-45,NASA POWER MERRA-2 PRECTOTCORR
2016-07-08,0,coffee-minas-south,coffee,-21.5,-45,NASA POWER MERRA-2 PRECTOTCORR
2016-07-09,0,coffee-minas-south,coffee,-21.5,-45,NASA POWER MERRA-2 PRECTOTCORR
2016-07-10,0,coffee-minas-south,coffee,-21.5,-45,NASA POWER MERRA-2 PRECTOTCORR
2016-07-11,0,coffee-minas-south,coffee,-21.5,-45,NASA POWER MERRA-2 PRECTOTCORR
2016-07-12,0,coffee-minas-south,coffee,-21.5,-45,NASA POWER MERRA-2 PRECTOTCORR
2016-07-13,0,coffee-minas-south,coffee,-21.5,-45,NASA POWER MERRA-2 PRECTOTCORR
2016-07-14,0,coffee-minas-south,coffee,-21.5,-45,NASA POWER MERRA-2 PRECTOTCORR
2016-07-15,0,coffee-minas-south,coffee,-21.5,-45,NASA POWER MERRA-2 PRECTOTCORR
2016-07-16,0,coffee-minas-south,coffee,-21.5,-45,NASA POWER MERRA-2 PRECTOTCORR
2016-07-17,0.02,coffee-minas-south,coffee,-21.5,-45,NASA POWER MERRA-2 PRECTOTCORR
2016-07-18,0,coffee-minas-south,coffee,-21.5,-45,NASA POWER MERRA-2 PRECTOTCORR
2016-07-19,0,coffee-minas-south,coffee,-21.5,-45,NASA POWER MERRA-2 PRECTOTCORR
2016-07-20,0,coffee-minas-south,coffee,-21.5,-45,NASA POWER MERRA-2 PRECTOTCORR
2016-07-21,0,coffee-minas-south,coffee,-21.5,-45,NASA POWER MERRA-2 PRECTOTCORR
2016-07-22,0,coffee-minas-south,coffee,-21.5,-45,NASA POWER MERRA-2 PRECTOTCORR
2016-07-23,0,coffee-minas-south,coffee,-21.5,-45,NASA POWER MERRA-2 PRECTOTCORR
2016-07-24,0.01,coffee-minas-south,coffee,-21.5,-45,NASA POWER MERRA-2 PRECTOTCORR
2016-07-25,0,coffee-minas-south,coffee,-21.5,-45,NASA POWER MERRA-2 PRECTOTCORR
2016-07-26,0,coffee-minas-south,coffee,-21.5,-45,NASA POWER MERRA-2 PRECTOTCORR
2016-07-27,0.01,coffee-minas-south,coffee,-21.5,-45,NASA POWER MERRA-2 PRECTOTCORR
2016-07-28,0.04,coffee-minas-south,coffee,-21.5,-45,NASA POWER MERRA-2 PRECTOTCORR
2016-07-29,0,coffee-minas-south,coffee,-21.5,-45,NASA POWER MERRA-2 PRECTOTCORR
2016-07-30,0,coffee-minas-south,coffee,-21.5,-45,NASA POWER MERRA-2 PRECTOTCORR
2016-07-31,0,coffee-minas-south,coffee,-21.5,-45,NASA POWER MERRA-2 PRECTOTCORR
2016-08-01,0,coffee-minas-south,coffee,-21.5,-45,NASA POWER MERRA-2 PRECTOTCORR
2016-08-02,0,coffee-minas-south,coffee,-21.5,-45,NASA POWER MERRA-2 PRECTOTCORR
2016-08-03,0,coffee-minas-south,coffee,-21.5,-45,NASA POWER MERRA-2 PRECTOTCORR
2016-08-04,0,coffee-minas-south,coffee,-21.5,-45,NASA POWER MERRA-2 PRECTOTCORR
2016-08-05,0,coffee-minas-south,coffee,-21.5,-45,NASA POWER MERRA-2 PRECTOTCORR
2016-08-06,0,coffee-minas-south,coffee,-21.5,-45,NASA POWER MERRA-2 PRECTOTCORR
2016-08-07,0,coffee-minas-south,coffee,-21.5,-45,NASA POWER MERRA-2 PRECTOTCORR
2016-08-08,0,coffee-minas-south,coffee,-21.5,-45,NASA POWER MERRA-2 PRECTOTCORR
2016-08-09,0,coffee-minas-south,coffee,-21.5,-45,NASA POWER MERRA-2 PRECTOTCORR
2016-08-10,0.31,coffee-minas-south,coffee,-21.5,-45,NASA POWER MERRA-2 PRECTOTCORR
2016-08-11,0,coffee-minas-south,coffee,-21.5,-45,NASA POWER MERRA-2 PRECTOTCORR
2016-08-12,0,coffee-minas-south,coffee,-21.5,-45,NASA POWER MERRA-2 PRECTOTCORR
2016-08-13,0,coffee-minas-south,coffee,-21.5,-45,NASA POWER MERRA-2 PRECTOTCORR
2016-08-14,0,coffee-minas-south,coffee,-21.5,-45,NASA POWER MERRA-2 PRECTOTCORR
2016-08-15,5.99,coffee-minas-south,coffee,-21.5,-45,NASA POWER MERRA-2 PRECTOTCORR
2016-08-16,1.01,coffee-minas-south,coffee,-21.5,-45,NASA POWER MERRA-2 PRECTOTCORR
2016-08-17,0,coffee-minas-south,coffee,-21.5,-45,NASA POWER MERRA-2 PRECTOTCORR
2016-08-18,0,coffee-minas-south,coffee,-21.5,-45,NASA POWER MERRA-2 PRECTOTCORR
2016-08-19,0.05,coffee-minas-south,coffee,-21.5,-45,NASA POWER MERRA-2 PRECTOTCORR
2016-08-20,9.27,coffee-minas-south,coffee,-21.5,-45,NASA POWER MERRA-2 PRECTOTCORR
2016-08-21,6.69,coffee-minas-south,coffee,-21.5,-45,NASA POWER MERRA-2 PRECTOTCORR
2016-08-22,0.08,coffee-minas-south,coffee,-21.5,-45,NASA POWER MERRA-2 PRECTOTCORR
2016-08-23,0.01,coffee-minas-south,coffee,-21.5,-45,NASA POWER MERRA-2 PRECTOTCORR
2016-08-24,0,coffee-minas-south,coffee,-21.5,-45,NASA POWER MERRA-2 PRECTOTCORR
2016-08-25,0,coffee-minas-south,coffee,-21.5,-45,NASA POWER MERRA-2 PRECTOTCORR
2016-08-26,0,coffee-minas-south,coffee,-21.5,-45,NASA POWER MERRA-2 PRECTOTCORR
2016-08-27,0,coffee-minas-south,coffee,-21.5,-45,NASA POWER MERRA-2 PRECTOTCORR
2016-08-28,0,coffee-minas-south,coffee,-21.5,-45,NASA POWER MERRA-2 PRECTOTCORR
2016-08-29,0,coffee-minas-south,coffee,-21.5,-45,NASA POWER MERRA-2 PRECTOTCORR
2016-08-30,0.01,coffee-minas-south,coffee,-21.5,-45,NASA POWER MERRA-2 PRECTOTCORR
2016-08-31,4.73,coffee-minas-south,coffee,-21.5,-45,NASA POWER MERRA-2 PRECTOTCORR
2016-09-01,3.6,coffee-minas-south,coffee,-21.5,-45,NASA POWER MERRA-2 PRECTOTCORR
2016-09-02,0.24,coffee-minas-south,coffee,-21.5,-45,NASA POWER MERRA-2 PRECTOTCORR
2016-09-03,0,coffee-minas-south,coffee,-21.5,-45,NASA POWER MERRA-2 PRECTOTCORR
2016-09-04,0,coffee-minas-south,coffee,-21.5,-45,NASA POWER MERRA-2 PRECTOTCORR
2016-09-05,0.03,coffee-minas-south,coffee,-21.5,-45,NASA POWER MERRA-2 PRECTOTCORR
2016-09-06,0,coffee-minas-south,coffee,-21.5,-45,NASA POWER MERRA-2 PRECTOTCORR
2016-09-07,0.52,coffee-minas-south,coffee,-21.5,-45,NASA POWER MERRA-2 PRECTOTCORR
2016-09-08,0.04,coffee-minas-south,coffee,-21.5,-45,NASA POWER MERRA-2 PRECTOTCORR
2016-09-09,0.06,coffee-minas-south,coffee,-21.5,-45,NASA POWER MERRA-2 PRECTOTCORR
2016-09-10,0.01,coffee-minas-south,coffee,-21.5,-45,NASA POWER MERRA-2 PRECTOTCORR
2016-09-11,0,coffee-minas-south,coffee,-21.5,-45,NASA POWER MERRA-2 PRECTOTCORR
2016-09-12,0.27,coffee-minas-south,coffee,-21.5,-45,NASA POWER MERRA-2 PRECTOTCORR
2016-09-13,0.01,coffee-minas-south,coffee,-21.5,-45,NASA POWER MERRA-2 PRECTOTCORR
2016-09-14,0,coffee-minas-south,coffee,-21.5,-45,NASA POWER MERRA-2 PRECTOTCORR
2016-09-15,0.09,coffee-minas-south,coffee,-21.5,-45,NASA POWER MERRA-2 PRECTOTCORR
2016-09-16,0.77,coffee-minas-south,coffee,-21.5,-45,NASA POWER MERRA-2 PRECTOTCORR
2016-09-17,1.07,coffee-minas-south,coffee,-21.5,-45,NASA POWER MERRA-2 PRECTOTCORR
2016-09-18,0.94,coffee-minas-south,coffee,-21.5,-45,NASA POWER MERRA-2 PRECTOTCORR
2016-09-19,0.8,coffee-minas-south,coffee,-21.5,-45,NASA POWER MERRA-2 PRECTOTCORR
2016-09-20,1.46,coffee-minas-south,coffee,-21.5,-45,NASA POWER MERRA-2 PRECTOTCORR
2016-09-21,0.02,coffee-minas-south,coffee,-21.5,-45,NASA POWER MERRA-2 PRECTOTCORR
2016-09-22,0.02,coffee-minas-south,coffee,-21.5,-45,NASA POWER MERRA-2 PRECTOTCORR
2016-09-23,0,coffee-minas-south,coffee,-21.5,-45,NASA POWER MERRA-2 PRECTOTCORR
2016-09-24,0.2,coffee-minas-south,coffee,-21.5,-45,NASA POWER MERRA-2 PRECTOTCORR
2016-09-25,3.35,coffee-minas-south,coffee,-21.5,-45,NASA POWER MERRA-2 PRECTOTCORR
2016-09-26,1.2,coffee-minas-south,coffee,-21.5,-45,NASA POWER MERRA-2 PRECTOTCORR
2016-09-27,0.02,coffee-minas-south,coffee,-21.5,-45,NASA POWER MERRA-2 PRECTOTCORR
2016-09-28,0,coffee-minas-south,coffee,-21.5,-45,NASA POWER MERRA-2 PRECTOTCORR
2016-09-29,0,coffee-minas-south,coffee,-21.5,-45,NASA POWER MERRA-2 PRECTOTCORR
2016-09-30,0.07,coffee-minas-south,coffee,-21.5,-45,NASA POWER MERRA-2 PRECTOTCORR
2016-10-01,0.72,coffee-minas-south,coffee,-21.5,-45,NASA POWER MERRA-2 PRECTOTCORR
2016-10-02,0.19,coffee-minas-south,coffee,-21.5,-45,NASA POWER MERRA-2 PRECTOTCORR
2016-10-03,15.75,coffee-minas-south,coffee,-21.5,-45,NASA POWER MERRA-2 PRECTOTCORR
2016-10-04,9.27,coffee-minas-south,coffee,-21.5,-45,NASA POWER MERRA-2 PRECTOTCORR
2016-10-05,0.07,coffee-minas-south,coffee,-21.5,-45,NASA POWER MERRA-2 PRECTOTCORR
2016-10-06,0.54,coffee-minas-south,coffee,-21.5,-45,NASA POWER MERRA-2 PRECTOTCORR
2016-10-07,0,coffee-minas-south,coffee,-21.5,-45,NASA POWER MERRA-2 PRECTOTCORR
2016-10-08,0,coffee-minas-south,coffee,-21.5,-45,NASA POWER MERRA-2 PRECTOTCORR
2016-10-09,0.09,coffee-minas-south,coffee,-21.5,-45,NASA POWER MERRA-2 PRECTOTCORR
2016-10-10,0.18,coffee-minas-south,coffee,-21.5,-45,NASA POWER MERRA-2 PRECTOTCORR
2016-10-11,8.85,coffee-minas-south,coffee,-21.5,-45,NASA POWER MERRA-2 PRECTOTCORR
2016-10-12,2.91,coffee-minas-south,coffee,-21.5,-45,NASA POWER MERRA-2 PRECTOTCORR
2016-10-13,15.77,coffee-minas-south,coffee,-21.5,-45,NASA POWER MERRA-2 PRECTOTCORR
2016-10-14,18.49,coffee-minas-south,coffee,-21.5,-45,NASA POWER MERRA-2 PRECTOTCORR
2016-10-15,8.44,coffee-minas-south,coffee,-21.5,-45,NASA POWER MERRA-2 PRECTOTCORR
2016-10-16,1.52,coffee-minas-south,coffee,-21.5,-45,NASA POWER MERRA-2 PRECTOTCORR
2016-10-17,0.8,coffee-minas-south,coffee,-21.5,-45,NASA POWER MERRA-2 PRECTOTCORR
2016-10-18,0.55,coffee-minas-south,coffee,-21.5,-45,NASA POWER MERRA-2 PRECTOTCORR
2016-10-19,1.14,coffee-minas-south,coffee,-21.5,-45,NASA POWER MERRA-2 PRECTOTCORR
2016-10-20,5.51,coffee-minas-south,coffee,-21.5,-45,NASA POWER MERRA-2 PRECTOTCORR
2016-10-21,14.56,coffee-minas-south,coffee,-21.5,-45,NASA POWER MERRA-2 PRECTOTCORR
2016-10-22,1.24,coffee-minas-south,coffee,-21.5,-45,NASA POWER MERRA-2 PRECTOTCORR
2016-10-23,0.96,coffee-minas-south,coffee,-21.5,-45,NASA POWER MERRA-2 PRECTOTCORR
2016-10-24,8.28,coffee-minas-south,coffee,-21.5,-45,NASA POWER MERRA-2 PRECTOTCORR
2016-10-25,5.61,coffee-minas-south,coffee,-21.5,-45,NASA POWER MERRA-2 PRECTOTCORR
2016-10-26,2.77,coffee-minas-south,coffee,-21.5,-45,NASA POWER MERRA-2 PRECTOTCORR
2016-10-27,4.63,coffee-minas-south,coffee,-21.5,-45,NASA POWER MERRA-2 PRECTOTCORR
2016-10-28,0.11,coffee-minas-south,coffee,-21.5,-45,NASA POWER MERRA-2 PRECTOTCORR
2016-10-29,0.12,coffee-minas-south,coffee,-21.5,-45,NASA POWER MERRA-2 PRECTOTCORR
2016-10-30,0.06,coffee-minas-south,coffee,-21.5,-45,NASA POWER MERRA-2 PRECTOTCORR
2016-10-31,0.03,coffee-minas-south,coffee,-21.5,-45,NASA POWER MERRA-2 PRECTOTCORR
2016-11-01,1.43,coffee-minas-south,coffee,-21.5,-45,NASA POWER MERRA-2 PRECTOTCORR
2016-11-02,0.37,coffee-minas-south,coffee,-21.5,-45,NASA POWER MERRA-2 PRECTOTCORR
2016-11-03,12.34,coffee-minas-south,coffee,-21.5,-45,NASA POWER MERRA-2 PRECTOTCORR
2016-11-04,13.18,coffee-minas-south,coffee,-21.5,-45,NASA POWER MERRA-2 PRECTOTCORR
2016-11-05,3.5,coffee-minas-south,coffee,-21.5,-45,NASA POWER MERRA-2 PRECTOTCORR
2016-11-06,0.9,coffee-minas-south,coffee,-21.5,-45,NASA POWER MERRA-2 PRECTOTCORR
2016-11-07,8.62,coffee-minas-south,coffee,-21.5,-45,NASA POWER MERRA-2 PRECTOTCORR
2016-11-08,4.09,coffee-minas-south,coffee,-21.5,-45,NASA POWER MERRA-2 PRECTOTCORR
2016-11-09,3.01,coffee-minas-south,coffee,-21.5,-45,NASA POWER MERRA-2 PRECTOTCORR
2016-11-10,4.2,coffee-minas-south,coffee,-21.5,-45,NASA POWER MERRA-2 PRECTOTCORR
2016-11-11,5.51,coffee-minas-south,coffee,-21.5,-45,NASA POWER MERRA-2 PRECTOTCORR
2016-11-12,15.57,coffee-minas-south,coffee,-21.5,-45,NASA POWER MERRA-2 PRECTOTCORR
2016-11-13,25.08,coffee-minas-south,coffee,-21.5,-45,NASA POWER MERRA-2 PRECTOTCORR
2016-11-14,46.71,coffee-minas-south,coffee,-21.5,-45,NASA POWER MERRA-2 PRECTOTCORR
2016-11-15,1.22,coffee-minas-south,coffee,-21.5,-45,NASA POWER MERRA-2 PRECTOTCORR
2016-11-16,1.97,coffee-minas-south,coffee,-21.5,-45,NASA POWER MERRA-2 PRECTOTCORR
2016-11-17,4.49,coffee-minas-south,coffee,-21.5,-45,NASA POWER MERRA-2 PRECTOTCORR
2016-11-18,5.72,coffee-minas-south,coffee,-21.5,-45,NASA POWER MERRA-2 PRECTOTCORR
2016-11-19,0.06,coffee-minas-south,coffee,-21.5,-45,NASA POWER MERRA-2 PRECTOTCORR
2016-11-20,0,coffee-minas-south,coffee,-21.5,-45,NASA POWER MERRA-2 PRECTOTCORR
2016-11-21,0,coffee-minas-south,coffee,-21.5,-45,NASA POWER MERRA-2 PRECTOTCORR
2016-11-22,6.23,coffee-minas-south,coffee,-21.5,-45,NASA POWER MERRA-2 PRECTOTCORR
2016-11-23,7.16,coffee-minas-south,coffee,-21.5,-45,NASA POWER MERRA-2 PRECTOTCORR
2016-11-24,2.65,coffee-minas-south,coffee,-21.5,-45,NASA POWER MERRA-2 PRECTOTCORR
2016-11-25,0.26,coffee-minas-south,coffee,-21.5,-45,NASA POWER MERRA-2 PRECTOTCORR
2016-11-26,0.05,coffee-minas-south,coffee,-21.5,-45,NASA POWER MERRA-2 PRECTOTCORR
2016-11-27,2.03,coffee-minas-south,coffee,-21.5,-45,NASA POWER MERRA-2 PRECTOTCORR
2016-11-28,13.31,coffee-minas-south,coffee,-21.5,-45,NASA POWER MERRA-2 PRECTOTCORR
2016-11-29,19.09,coffee-minas-south,coffee,-21.5,-45,NASA POWER MERRA-2 PRECTOTCORR
2016-11-30,4.19,coffee-minas-south,coffee,-21.5,-45,NASA POWER MERRA-2 PRECTOTCORR
2016-12-01,0.61,coffee-minas-south,coffee,-21.5,-45,NASA POWER MERRA-2 PRECTOTCORR
2016-12-02,0.77,coffee-minas-south,coffee,-21.5,-45,NASA POWER MERRA-2 PRECTOTCORR
2016-12-03,4.58,coffee-minas-south,coffee,-21.5,-45,NASA POWER MERRA-2 PRECTOTCORR
2016-12-04,13.05,coffee-minas-south,coffee,-21.5,-45,NASA POWER MERRA-2 PRECTOTCORR
2016-12-05,5.4,coffee-minas-south,coffee,-21.5,-45,NASA POWER MERRA-2 PRECTOTCORR
2016-12-06,0.24,coffee-minas-south,coffee,-21.5,-45,NASA POWER MERRA-2 PRECTOTCORR
2016-12-07,0.73,coffee-minas-south,coffee,-21.5,-45,NASA POWER MERRA-2 PRECTOTCORR
2016-12-08,4.78,coffee-minas-south,coffee,-21.5,-45,NASA POWER MERRA-2 PRECTOTCORR
2016-12-09,17.6,coffee-minas-south,coffee,-21.5,-45,NASA POWER MERRA-2 PRECTOTCORR
2016-12-10,10.76,coffee-minas-south,coffee,-21.5,-45,NASA POWER MERRA-2 PRECTOTCORR
2016-12-11,7.68,coffee-minas-south,coffee,-21.5,-45,NASA POWER MERRA-2 PRECTOTCORR
2016-12-12,14.02,coffee-minas-south,coffee,-21.5,-45,NASA POWER MERRA-2 PRECTOTCORR
2016-12-13,10.47,coffee-minas-south,coffee,-21.5,-45,NASA POWER MERRA-2 PRECTOTCORR
2016-12-14,9.15,coffee-minas-south,coffee,-21.5,-45,NASA POWER MERRA-2 PRECTOTCORR
2016-12-15,12.85,coffee-minas-south,coffee,-21.5,-45,NASA POWER MERRA-2 PRECTOTCORR
2016-12-16,0.83,coffee-minas-south,coffee,-21.5,-45,NASA POWER MERRA-2 PRECTOTCORR
2016-12-17,0.48,coffee-minas-south,coffee,-21.5,-45,NASA POWER MERRA-2 PRECTOTCORR
2016-12-18,1.26,coffee-minas-south,coffee,-21.5,-45,NASA POWER MERRA-2 PRECTOTCORR
2016-12-19,5.15,coffee-minas-south,coffee,-21.5,-45,NASA POWER MERRA-2 PRECTOTCORR
2016-12-20,1.82,coffee-minas-south,coffee,-21.5,-45,NASA POWER MERRA-2 PRECTOTCORR
2016-12-21,0.79,coffee-minas-south,coffee,-21.5,-45,NASA POWER MERRA-2 PRECTOTCORR
2016-12-22,4.89,coffee-minas-south,coffee,-21.5,-45,NASA POWER MERRA-2 PRECTOTCORR
2016-12-23,4.16,coffee-minas-south,coffee,-21.5,-45,NASA POWER MERRA-2 PRECTOTCORR
2016-12-24,0.42,coffee-minas-south,coffee,-21.5,-45,NASA POWER MERRA-2 PRECTOTCORR
2016-12-25,3.23,coffee-minas-south,coffee,-21.5,-45,NASA POWER MERRA-2 PRECTOTCORR
2016-12-26,1.33,coffee-minas-south,coffee,-21.5,-45,NASA POWER MERRA-2 PRECTOTCORR
2016-12-27,8.22,coffee-minas-south,coffee,-21.5,-45,NASA POWER MERRA-2 PRECTOTCORR
2016-12-28,1.65,coffee-minas-south,coffee,-21.5,-45,NASA POWER MERRA-2 PRECTOTCORR
2016-12-29,0.48,coffee-minas-south,coffee,-21.5,-45,NASA POWER MERRA-2 PRECTOTCORR
2016-12-30,0.15,coffee-minas-south,coffee,-21.5,-45,NASA POWER MERRA-2 PRECTOTCORR
2016-12-31,0.67,coffee-minas-south,coffee,-21.5,-45,NASA POWER MERRA-2 PRECTOTCORR
2017-01-01,0.78,coffee-minas-south,coffee,-21.5,-45,NASA POWER MERRA-2 PRECTOTCORR
2017-01-02,0.65,coffee-minas-south,coffee,-21.5,-45,NASA POWER MERRA-2 PRECTOTCORR
2017-01-03,13.02,coffee-minas-south,coffee,-21.5,-45,NASA POWER MERRA-2 PRECTOTCORR
2017-01-04,6.41,coffee-minas-south,coffee,-21.5,-45,NASA POWER MERRA-2 PRECTOTCORR
2017-01-05,1.67,coffee-minas-south,coffee,-21.5,-45,NASA POWER MERRA-2 PRECTOTCORR
2017-01-06,1.81,coffee-minas-south,coffee,-21.5,-45,NASA POWER MERRA-2 PRECTOTCORR
2017-01-07,16.25,coffee-minas-south,coffee,-21.5,-45,NASA POWER MERRA-2 PRECTOTCORR
2017-01-08,19.97,coffee-minas-south,coffee,-21.5,-45,NASA POWER MERRA-2 PRECTOTCORR
2017-01-09,3.76,coffee-minas-south,coffee,-21.5,-45,NASA POWER MERRA-2 PRECTOTCORR
2017-01-10,4.13,coffee-minas-south,coffee,-21.5,-45,NASA POWER MERRA-2 PRECTOTCORR
2017-01-11,11.7,coffee-minas-south,coffee,-21.5,-45,NASA POWER MERRA-2 PRECTOTCORR
2017-01-12,8.41,coffee-minas-south,coffee,-21.5,-45,NASA POWER MERRA-2 PRECTOTCORR
2017-01-13,9.58,coffee-minas-south,coffee,-21.5,-45,NASA POWER MERRA-2 PRECTOTCORR
2017-01-14,1.39,coffee-minas-south,coffee,-21.5,-45,NASA POWER MERRA-2 PRECTOTCORR
2017-01-15,16.68,coffee-minas-south,coffee,-21.5,-45,NASA POWER MERRA-2 PRECTOTCORR
2017-01-16,7.47,coffee-minas-south,coffee,-21.5,-45,NASA POWER MERRA-2 PRECTOTCORR
2017-01-17,2.58,coffee-minas-south,coffee,-21.5,-45,NASA POWER MERRA-2 PRECTOTCORR
2017-01-18,3.59,coffee-minas-south,coffee,-21.5,-45,NASA POWER MERRA-2 PRECTOTCORR
2017-01-19,6.03,coffee-minas-south,coffee,-21.5,-45,NASA POWER MERRA-2 PRECTOTCORR
2017-01-20,3.91,coffee-minas-south,coffee,-21.5,-45,NASA POWER MERRA-2 PRECTOTCORR
2017-01-21,0.56,coffee-minas-south,coffee,-21.5,-45,NASA POWER MERRA-2 PRECTOTCORR
2017-01-22,4.7,coffee-minas-south,coffee,-21.5,-45,NASA POWER MERRA-2 PRECTOTCORR
2017-01-23,3.61,coffee-minas-south,coffee,-21.5,-45,NASA POWER MERRA-2 PRECTOTCORR
2017-01-24,7.45,coffee-minas-south,coffee,-21.5,-45,NASA POWER MERRA-2 PRECTOTCORR
2017-01-25,5.6,coffee-minas-south,coffee,-21.5,-45,NASA POWER MERRA-2 PRECTOTCORR
2017-01-26,1.99,coffee-minas-south,coffee,-21.5,-45,NASA POWER MERRA-2 PRECTOTCORR
2017-01-27,1.35,coffee-minas-south,coffee,-21.5,-45,NASA POWER MERRA-2 PRECTOTCORR
2017-01-28,0.11,coffee-minas-south,coffee,-21.5,-45,NASA POWER MERRA-2 PRECTOTCORR
2017-01-29,1.3,coffee-minas-south,coffee,-21.5,-45,NASA POWER MERRA-2 PRECTOTCORR
2017-01-30,2.1,coffee-minas-south,coffee,-21.5,-45,NASA POWER MERRA-2 PRECTOTCORR
2017-01-31,2.39,coffee-minas-south,coffee,-21.5,-45,NASA POWER MERRA-2 PRECTOTCORR
2017-02-01,4.62,coffee-minas-south,coffee,-21.5,-45,NASA POWER MERRA-2 PRECTOTCORR
2017-02-02,6.19,coffee-minas-south,coffee,-21.5,-45,NASA POWER MERRA-2 PRECTOTCORR
2017-02-03,6.08,coffee-minas-south,coffee,-21.5,-45,NASA POWER MERRA-2 PRECTOTCORR
2017-02-04,12.66,coffee-minas-south,coffee,-21.5,-45,NASA POWER MERRA-2 PRECTOTCORR
2017-02-05,8.23,coffee-minas-south,coffee,-21.5,-45,NASA POWER MERRA-2 PRECTOTCORR
2017-02-06,7.05,coffee-minas-south,coffee,-21.5,-45,NASA POWER MERRA-2 PRECTOTCORR
2017-02-07,2.53,coffee-minas-south,coffee,-21.5,-45,NASA POWER MERRA-2 PRECTOTCORR
2017-02-08,0.81,coffee-minas-south,coffee,-21.5,-45,NASA POWER MERRA-2 PRECTOTCORR
2017-02-09,0.22,coffee-minas-south,coffee,-21.5,-45,NASA POWER MERRA-2 PRECTOTCORR
2017-02-10,0.3,coffee-minas-south,coffee,-21.5,-45,NASA POWER MERRA-2 PRECTOTCORR
2017-02-11,1.08,coffee-minas-south,coffee,-21.5,-45,NASA POWER MERRA-2 PRECTOTCORR
2017-02-12,0.29,coffee-minas-south,coffee,-21.5,-45,NASA POWER MERRA-2 PRECTOTCORR
2017-02-13,0.03,coffee-minas-south,coffee,-21.5,-45,NASA POWER MERRA-2 PRECTOTCORR
2017-02-14,0.02,coffee-minas-south,coffee,-21.5,-45,NASA POWER MERRA-2 PRECTOTCORR
2017-02-15,0.01,coffee-minas-south,coffee,-21.5,-45,NASA POWER MERRA-2 PRECTOTCORR
2017-02-16,0,coffee-minas-south,coffee,-21.5,-45,NASA POWER MERRA-2 PRECTOTCORR
2017-02-17,0.12,coffee-minas-south,coffee,-21.5,-45,NASA POWER MERRA-2 PRECTOTCORR
2017-02-18,0.35,coffee-minas-south,coffee,-21.5,-45,NASA POWER MERRA-2 PRECTOTCORR
2017-02-19,0.1,coffee-minas-south,coffee,-21.5,-45,NASA POWER MERRA-2 PRECTOTCORR
2017-02-20,0.02,coffee-minas-south,coffee,-21.5,-45,NASA POWER MERRA-2 PRECTOTCORR
2017-02-21,0.03,coffee-minas-south,coffee,-21.5,-45,NASA POWER MERRA-2 PRECTOTCORR
2017-02-22,0.01,coffee-minas-south,coffee,-21.5,-45,NASA POWER MERRA-2 PRECTOTCORR
2017-02-23,0.42,coffee-minas-south,coffee,-21.5,-45,NASA POWER MERRA-2 PRECTOTCORR
2017-02-24,2.23,coffee-minas-south,coffee,-21.5,-45,NASA POWER MERRA-2 PRECTOTCORR
2017-02-25,4.43,coffee-minas-south,coffee,-21.5,-45,NASA POWER MERRA-2 PRECTOTCORR
2017-02-26,7.14,coffee-minas-south,coffee,-21.5,-45,NASA POWER MERRA-2 PRECTOTCORR
2017-02-27,6.59,coffee-minas-south,coffee,-21.5,-45,NASA POWER MERRA-2 PRECTOTCORR
2017-02-28,12.95,coffee-minas-south,coffee,-21.5,-45,NASA POWER MERRA-2 PRECTOTCORR
2017-03-01,5.16,coffee-minas-south,coffee,-21.5,-45,NASA POWER MERRA-2 PRECTOTCORR
2017-03-02,3.33,coffee-minas-south,coffee,-21.5,-45,NASA POWER MERRA-2 PRECTOTCORR
2017-03-03,6.48,coffee-minas-south,coffee,-21.5,-45,NASA POWER MERRA-2 PRECTOTCORR
2017-03-04,8.72,coffee-minas-south,coffee,-21.5,-45,NASA POWER MERRA-2 PRECTOTCORR
2017-03-05,3.8,coffee-minas-south,coffee,-21.5,-45,NASA POWER MERRA-2 PRECTOTCORR
2017-03-06,3.3,coffee-minas-south,coffee,-21.5,-45,NASA POWER MERRA-2 PRECTOTCORR
2017-03-07,1.55,coffee-minas-south,coffee,-21.5,-45,NASA POWER MERRA-2 PRECTOTCORR
2017-03-08,4.91,coffee-minas-south,coffee,-21.5,-45,NASA POWER MERRA-2 PRECTOTCORR
2017-03-09,0.15,coffee-minas-south,coffee,-21.5,-45,NASA POWER MERRA-2 PRECTOTCORR
2017-03-10,7.87,coffee-minas-south,coffee,-21.5,-45,NASA POWER MERRA-2 PRECTOTCORR
2017-03-11,0.7,coffee-minas-south,coffee,-21.5,-45,NASA POWER MERRA-2 PRECTOTCORR
2017-03-12,0.01,coffee-minas-south,coffee,-21.5,-45,NASA POWER MERRA-2 PRECTOTCORR
2017-03-13,0.19,coffee-minas-south,coffee,-21.5,-45,NASA POWER MERRA-2 PRECTOTCORR
2017-03-14,5.73,coffee-minas-south,coffee,-21.5,-45,NASA POWER MERRA-2 PRECTOTCORR
2017-03-15,0.13,coffee-minas-south,coffee,-21.5,-45,NASA POWER MERRA-2 PRECTOTCORR
2017-03-16,0.17,coffee-minas-south,coffee,-21.5,-45,NASA POWER MERRA-2 PRECTOTCORR
2017-03-17,0.07,coffee-minas-south,coffee,-21.5,-45,NASA POWER MERRA-2 PRECTOTCORR
2017-03-18,25.15,coffee-minas-south,coffee,-21.5,-45,NASA POWER MERRA-2 PRECTOTCORR
2017-03-19,30.79,coffee-minas-south,coffee,-21.5,-45,NASA POWER MERRA-2 PRECTOTCORR
2017-03-20,1.15,coffee-minas-south,coffee,-21.5,-45,NASA POWER MERRA-2 PRECTOTCORR
2017-03-21,0.03,coffee-minas-south,coffee,-21.5,-45,NASA POWER MERRA-2 PRECTOTCORR
2017-03-22,0.01,coffee-minas-south,coffee,-21.5,-45,NASA POWER MERRA-2 PRECTOTCORR
2017-03-23,0,coffee-minas-south,coffee,-21.5,-45,NASA POWER MERRA-2 PRECTOTCORR
2017-03-24,0.01,coffee-minas-south,coffee,-21.5,-45,NASA POWER MERRA-2 PRECTOTCORR
2017-03-25,0.75,coffee-minas-south,coffee,-21.5,-45,NASA POWER MERRA-2 PRECTOTCORR
2017-03-26,0.03,coffee-minas-south,coffee,-21.5,-45,NASA POWER MERRA-2 PRECTOTCORR
2017-03-27,1.8,coffee-minas-south,coffee,-21.5,-45,NASA POWER MERRA-2 PRECTOTCORR
2017-03-28,1.13,coffee-minas-south,coffee,-21.5,-45,NASA POWER MERRA-2 PRECTOTCORR
2017-03-29,0.2,coffee-minas-south,coffee,-21.5,-45,NASA POWER MERRA-2 PRECTOTCORR
2017-03-30,0.06,coffee-minas-south,coffee,-21.5,-45,NASA POWER MERRA-2 PRECTOTCORR
2017-03-31,0,coffee-minas-south,coffee,-21.5,-45,NASA POWER MERRA-2 PRECTOTCORR
2017-04-01,0,coffee-minas-south,coffee,-21.5,-45,NASA POWER MERRA-2 PRECTOTCORR
2017-04-02,0,coffee-minas-south,coffee,-21.5,-45,NASA POWER MERRA-2 PRECTOTCORR
2017-04-03,0,coffee-minas-south,coffee,-21.5,-45,NASA POWER MERRA-2 PRECTOTCORR
2017-04-04,0,coffee-minas-south,coffee,-21.5,-45,NASA POWER MERRA-2 PRECTOTCORR
2017-04-05,0,coffee-minas-south,coffee,-21.5,-45,NASA POWER MERRA-2 PRECTOTCORR
2017-04-06,2.94,coffee-minas-south,coffee,-21.5,-45,NASA POWER MERRA-2 PRECTOTCORR
2017-04-07,20.96,coffee-minas-south,coffee,-21.5,-45,NASA POWER MERRA-2 PRECTOTCORR
2017-04-08,1.8,coffee-minas-south,coffee,-21.5,-45,NASA POWER MERRA-2 PRECTOTCORR
2017-04-09,0.99,coffee-minas-south,coffee,-21.5,-45,NASA POWER MERRA-2 PRECTOTCORR
2017-04-10,0.32,coffee-minas-south,coffee,-21.5,-45,NASA POWER MERRA-2 PRECTOTCORR
2017-04-11,0.45,coffee-minas-south,coffee,-21.5,-45,NASA POWER MERRA-2 PRECTOTCORR
2017-04-12,5.84,coffee-minas-south,coffee,-21.5,-45,NASA POWER MERRA-2 PRECTOTCORR
2017-04-13,1.02,coffee-minas-south,coffee,-21.5,-45,NASA POWER MERRA-2 PRECTOTCORR
2017-04-14,0.31,coffee-minas-south,coffee,-21.5,-45,NASA POWER MERRA-2 PRECTOTCORR
2017-04-15,0.1,coffee-minas-south,coffee,-21.5,-45,NASA POWER MERRA-2 PRECTOTCORR
2017-04-16,0,coffee-minas-south,coffee,-21.5,-45,NASA POWER MERRA-2 PRECTOTCORR
2017-04-17,0.9,coffee-minas-south,coffee,-21.5,-45,NASA POWER MERRA-2 PRECTOTCORR
2017-04-18,1.03,coffee-minas-south,coffee,-21.5,-45,NASA POWER MERRA-2 PRECTOTCORR
2017-04-19,0.04,coffee-minas-south,coffee,-21.5,-45,NASA POWER MERRA-2 PRECTOTCORR
2017-04-20,0,coffee-minas-south,coffee,-21.5,-45,NASA POWER MERRA-2 PRECTOTCORR
2017-04-21,0.43,coffee-minas-south,coffee,-21.5,-45,NASA POWER MERRA-2 PRECTOTCORR
2017-04-22,2.09,coffee-minas-south,coffee,-21.5,-45,NASA POWER MERRA-2 PRECTOTCORR
2017-04-23,0.61,coffee-minas-south,coffee,-21.5,-45,NASA POWER MERRA-2 PRECTOTCORR
2017-04-24,0.04,coffee-minas-south,coffee,-21.5,-45,NASA POWER MERRA-2 PRECTOTCORR
2017-04-25,0,coffee-minas-south,coffee,-21.5,-45,NASA POWER MERRA-2 PRECTOTCORR
2017-04-26,11.91,coffee-minas-south,coffee,-21.5,-45,NASA POWER MERRA-2 PRECTOTCORR
2017-04-27,2.96,coffee-minas-south,coffee,-21.5,-45,NASA POWER MERRA-2 PRECTOTCORR
2017-04-28,3.8,coffee-minas-south,coffee,-21.5,-45,NASA POWER MERRA-2 PRECTOTCORR
2017-04-29,1.1,coffee-minas-south,coffee,-21.5,-45,NASA POWER MERRA-2 PRECTOTCORR
2017-04-30,0.15,coffee-minas-south,coffee,-21.5,-45,NASA POWER MERRA-2 PRECTOTCORR
2017-05-01,0.03,coffee-minas-south,coffee,-21.5,-45,NASA POWER MERRA-2 PRECTOTCORR
2017-05-02,0.65,coffee-minas-south,coffee,-21.5,-45,NASA POWER MERRA-2 PRECTOTCORR
2017-05-03,0.14,coffee-minas-south,coffee,-21.5,-45,NASA POWER MERRA-2 PRECTOTCORR
2017-05-04,0.01,coffee-minas-south,coffee,-21.5,-45,NASA POWER MERRA-2 PRECTOTCORR
2017-05-05,3.79,coffee-minas-south,coffee,-21.5,-45,NASA POWER MERRA-2 PRECTOTCORR
2017-05-06,2.7,coffee-minas-south,coffee,-21.5,-45,NASA POWER MERRA-2 PRECTOTCORR
2017-05-07,0.03,coffee-minas-south,coffee,-21.5,-45,NASA POWER MERRA-2 PRECTOTCORR
2017-05-08,0.02,coffee-minas-south,coffee,-21.5,-45,NASA POWER MERRA-2 PRECTOTCORR
2017-05-09,0,coffee-minas-south,coffee,-21.5,-45,NASA POWER MERRA-2 PRECTOTCORR
2017-05-10,0.01,coffee-minas-south,coffee,-21.5,-45,NASA POWER MERRA-2 PRECTOTCORR
2017-05-11,0.08,coffee-minas-south,coffee,-21.5,-45,NASA POWER MERRA-2 PRECTOTCORR
2017-05-12,0.02,coffee-minas-south,coffee,-21.5,-45,NASA POWER MERRA-2 PRECTOTCORR
2017-05-13,0.02,coffee-minas-south,coffee,-21.5,-45,NASA POWER MERRA-2 PRECTOTCORR
2017-05-14,0.25,coffee-minas-south,coffee,-21.5,-45,NASA POWER MERRA-2 PRECTOTCORR
2017-05-15,0.15,coffee-minas-south,coffee,-21.5,-45,NASA POWER MERRA-2 PRECTOTCORR
2017-05-16,0.26,coffee-minas-south,coffee,-21.5,-45,NASA POWER MERRA-2 PRECTOTCORR
2017-05-17,0.09,coffee-minas-south,coffee,-21.5,-45,NASA POWER MERRA-2 PRECTOTCORR
2017-05-18,4.23,coffee-minas-south,coffee,-21.5,-45,NASA POWER MERRA-2 PRECTOTCORR
2017-05-19,22.06,coffee-minas-south,coffee,-21.5,-45,NASA POWER MERRA-2 PRECTOTCORR
2017-05-20,7.06,coffee-minas-south,coffee,-21.5,-45,NASA POWER MERRA-2 PRECTOTCORR
2017-05-21,8.76,coffee-minas-south,coffee,-21.5,-45,NASA POWER MERRA-2 PRECTOTCORR
2017-05-22,2.3,coffee-minas-south,coffee,-21.5,-45,NASA POWER MERRA-2 PRECTOTCORR
2017-05-23,0.04,coffee-minas-south,coffee,-21.5,-45,NASA POWER MERRA-2 PRECTOTCORR
2017-05-24,0.03,coffee-minas-south,coffee,-21.5,-45,NASA POWER MERRA-2 PRECTOTCORR
2017-05-25,0.02,coffee-minas-south,coffee,-21.5,-45,NASA POWER MERRA-2 PRECTOTCORR
2017-05-26,0.02,coffee-minas-south,coffee,-21.5,-45,NASA POWER MERRA-2 PRECTOTCORR
2017-05-27,0.03,coffee-minas-south,coffee,-21.5,-45,NASA POWER MERRA-2 PRECTOTCORR
2017-05-28,0.01,coffee-minas-south,coffee,-21.5,-45,NASA POWER MERRA-2 PRECTOTCORR
2017-05-29,0,coffee-minas-south,coffee,-21.5,-45,NASA POWER MERRA-2 PRECTOTCORR
2017-05-30,0,coffee-minas-south,coffee,-21.5,-45,NASA POWER MERRA-2 PRECTOTCORR
2017-05-31,0,coffee-minas-south,coffee,-21.5,-45,NASA POWER MERRA-2 PRECTOTCORR
2017-06-01,0.17,coffee-minas-south,coffee,-21.5,-45,NASA POWER MERRA-2 PRECTOTCORR
2017-06-02,0.02,coffee-minas-south,coffee,-21.5,-45,NASA POWER MERRA-2 PRECTOTCORR
2017-06-03,0,coffee-minas-south,coffee,-21.5,-45,NASA POWER MERRA-2 PRECTOTCORR
2017-06-04,0.02,coffee-minas-south,coffee,-21.5,-45,NASA POWER MERRA-2 PRECTOTCORR
2017-06-05,0.02,coffee-minas-south,coffee,-21.5,-45,NASA POWER MERRA-2 PRECTOTCORR
2017-06-06,0.01,coffee-minas-south,coffee,-21.5,-45,NASA POWER MERRA-2 PRECTOTCORR
2017-06-07,0.01,coffee-minas-south,coffee,-21.5,-45,NASA POWER MERRA-2 PRECTOTCORR
2017-06-08,0.01,coffee-minas-south,coffee,-21.5,-45,NASA POWER MERRA-2 PRECTOTCORR
2017-06-09,0.7,coffee-minas-south,coffee,-21.5,-45,NASA POWER MERRA-2 PRECTOTCORR
2017-06-10,0.05,coffee-minas-south,coffee,-21.5,-45,NASA POWER MERRA-2 PRECTOTCORR
2017-06-11,0.01,coffee-minas-south,coffee,-21.5,-45,NASA POWER MERRA-2 PRECTOTCORR
2017-06-12,3.62,coffee-minas-south,coffee,-21.5,-45,NASA POWER MERRA-2 PRECTOTCORR
2017-06-13,7.07,coffee-minas-south,coffee,-21.5,-45,NASA POWER MERRA-2 PRECTOTCORR
2017-06-14,13.96,coffee-minas-south,coffee,-21.5,-45,NASA POWER MERRA-2 PRECTOTCORR
2017-06-15,0.03,coffee-minas-south,coffee,-21.5,-45,NASA POWER MERRA-2 PRECTOTCORR
2017-06-16,0.02,coffee-minas-south,coffee,-21.5,-45,NASA POWER MERRA-2 PRECTOTCORR
2017-06-17,0.04,coffee-minas-south,coffee,-21.5,-45,NASA POWER MERRA-2 PRECTOTCORR
2017-06-18,0.01,coffee-minas-south,coffee,-21.5,-45,NASA POWER MERRA-2 PRECTOTCORR
2017-06-19,0,coffee-minas-south,coffee,-21.5,-45,NASA POWER MERRA-2 PRECTOTCORR
2017-06-20,0.06,coffee-minas-south,coffee,-21.5,-45,NASA POWER MERRA-2 PRECTOTCORR
2017-06-21,0.09,coffee-minas-south,coffee,-21.5,-45,NASA POWER MERRA-2 PRECTOTCORR
2017-06-22,0.09,coffee-minas-south,coffee,-21.5,-45,NASA POWER MERRA-2 PRECTOTCORR
2017-06-23,0.08,coffee-minas-south,coffee,-21.5,-45,NASA POWER MERRA-2 PRECTOTCORR
2017-06-24,0.03,coffee-minas-south,coffee,-21.5,-45,NASA POWER MERRA-2 PRECTOTCORR
2017-06-25,0,coffee-minas-south,coffee,-21.5,-45,NASA POWER MERRA-2 PRECTOTCORR
2017-06-26,0.01,coffee-minas-south,coffee,-21.5,-45,NASA POWER MERRA-2 PRECTOTCORR
2017-06-27,0,coffee-minas-south,coffee,-21.5,-45,NASA POWER MERRA-2 PRECTOTCORR
2017-06-28,0,coffee-minas-south,coffee,-21.5,-45,NASA POWER MERRA-2 PRECTOTCORR
2017-06-29,0.01,coffee-minas-south,coffee,-21.5,-45,NASA POWER MERRA-2 PRECTOTCORR
2017-06-30,0,coffee-minas-south,coffee,-21.5,-45,NASA POWER MERRA-2 PRECTOTCORR
2017-07-01,0.04,coffee-minas-south,coffee,-21.5,-45,NASA POWER MERRA-2 PRECTOTCORR
2017-07-02,0.54,coffee-minas-south,coffee,-21.5,-45,NASA POWER MERRA-2 PRECTOTCORR
2017-07-03,0.13,coffee-minas-south,coffee,-21.5,-45,NASA POWER MERRA-2 PRECTOTCORR
2017-07-04,0,coffee-minas-south,coffee,-21.5,-45,NASA POWER MERRA-2 PRECTOTCORR
2017-07-05,0,coffee-minas-south,coffee,-21.5,-45,NASA POWER MERRA-2 PRECTOTCORR
2017-07-06,0,coffee-minas-south,coffee,-21.5,-45,NASA POWER MERRA-2 PRECTOTCORR
2017-07-07,0.01,coffee-minas-south,coffee,-21.5,-45,NASA POWER MERRA-2 PRECTOTCORR
2017-07-08,0.01,coffee-minas-south,coffee,-21.5,-45,NASA POWER MERRA-2 PRECTOTCORR
2017-07-09,0,coffee-minas-south,coffee,-21.5,-45,NASA POWER MERRA-2 PRECTOTCORR
2017-07-10,0,coffee-minas-south,coffee,-21.5,-45,NASA POWER MERRA-2 PRECTOTCORR
2017-07-11,0,coffee-minas-south,coffee,-21.5,-45,NASA POWER MERRA-2 PRECTOTCORR
2017-07-12,0,coffee-minas-south,coffee,-21.5,-45,NASA POWER MERRA-2 PRECTOTCORR
2017-07-13,0,coffee-minas-south,coffee,-21.5,-45,NASA POWER MERRA-2 PRECTOTCORR
2017-07-14,0,coffee-minas-south,coffee,-21.5,-45,NASA POWER MERRA-2 PRECTOTCORR
2017-07-15,0,coffee-minas-south,coffee,-21.5,-45,NASA POWER MERRA-2 PRECTOTCORR
2017-07-16,0,coffee-minas-south,coffee,-21.5,-45,NASA POWER MERRA-2 PRECTOTCORR
2017-07-17,0,coffee-minas-south,coffee,-21.5,-45,NASA POWER MERRA-2 PRECTOTCORR
2017-07-18,0.06,coffee-minas-south,coffee,-21.5,-45,NASA POWER MERRA-2 PRECTOTCORR
2017-07-19,0.26,coffee-minas-south,coffee,-21.5,-45,NASA POWER MERRA-2 PRECTOTCORR
2017-07-20,0,coffee-minas-south,coffee,-21.5,-45,NASA POWER MERRA-2 PRECTOTCORR
2017-07-21,0,coffee-minas-south,coffee,-21.5,-45,NASA POWER MERRA-2 PRECTOTCORR
2017-07-22,0,coffee-minas-south,coffee,-21.5,-45,NASA POWER MERRA-2 PRECTOTCORR
2017-07-23,0,coffee-minas-south,coffee,-21.5,-45,NASA POWER MERRA-2 PRECTOTCORR
2017-07-24,0,coffee-minas-south,coffee,-21.5,-45,NASA POWER MERRA-2 PRECTOTCORR
2017-07-25,0,coffee-minas-south,coffee,-21.5,-45,NASA POWER MERRA-2 PRECTOTCORR
2017-07-26,0,coffee-minas-south,coffee,-21.5,-45,NASA POWER MERRA-2 PRECTOTCORR
2017-07-27,0,coffee-minas-south,coffee,-21.5,-45,NASA POWER MERRA-2 PRECTOTCORR
2017-07-28,0,coffee-minas-south,coffee,-21.5,-45,NASA POWER MERRA-2 PRECTOTCORR
2017-07-29,0.04,coffee-minas-south,coffee,-21.5,-45,NASA POWER MERRA-2 PRECTOTCORR
2017-07-30,0.01,coffee-minas-south,coffee,-21.5,-45,NASA POWER MERRA-2 PRECTOTCORR
2017-07-31,0,coffee-minas-south,coffee,-21.5,-45,NASA POWER MERRA-2 PRECTOTCORR
2017-08-01,0,coffee-minas-south,coffee,-21.5,-45,NASA POWER MERRA-2 PRECTOTCORR
2017-08-02,0,coffee-minas-south,coffee,-21.5,-45,NASA POWER MERRA-2 PRECTOTCORR
2017-08-03,0.04,coffee-minas-south,coffee,-21.5,-45,NASA POWER MERRA-2 PRECTOTCORR
2017-08-04,0.04,coffee-minas-south,coffee,-21.5,-45,NASA POWER MERRA-2 PRECTOTCORR
2017-08-05,0.06,coffee-minas-south,coffee,-21.5,-45,NASA POWER MERRA-2 PRECTOTCORR
2017-08-06,0.02,coffee-minas-south,coffee,-21.5,-45,NASA POWER MERRA-2 PRECTOTCORR
2017-08-07,0.01,coffee-minas-south,coffee,-21.5,-45,NASA POWER MERRA-2 PRECTOTCORR
2017-08-08,0,coffee-minas-south,coffee,-21.5,-45,NASA POWER MERRA-2 PRECTOTCORR
2017-08-09,0,coffee-minas-south,coffee,-21.5,-45,NASA POWER MERRA-2 PRECTOTCORR
2017-08-10,0,coffee-minas-south,coffee,-21.5,-45,NASA POWER MERRA-2 PRECTOTCORR
2017-08-11,0,coffee-minas-south,coffee,-21.5,-45,NASA POWER MERRA-2 PRECTOTCORR
2017-08-12,0,coffee-minas-south,coffee,-21.5,-45,NASA POWER MERRA-2 PRECTOTCORR
2017-08-13,0,coffee-minas-south,coffee,-21.5,-45,NASA POWER MERRA-2 PRECTOTCORR
2017-08-14,0,coffee-minas-south,coffee,-21.5,-45,NASA POWER MERRA-2 PRECTOTCORR
2017-08-15,1.24,coffee-minas-south,coffee,-21.5,-45,NASA POWER MERRA-2 PRECTOTCORR
2017-08-16,0.91,coffee-minas-south,coffee,-21.5,-45,NASA POWER MERRA-2 PRECTOTCORR
2017-08-17,3.27,coffee-minas-south,coffee,-21.5,-45,NASA POWER MERRA-2 PRECTOTCORR
2017-08-18,3.46,coffee-minas-south,coffee,-21.5,-45,NASA POWER MERRA-2 PRECTOTCORR
2017-08-19,0.23,coffee-minas-south,coffee,-21.5,-45,NASA POWER MERRA-2 PRECTOTCORR
2017-08-20,1.06,coffee-minas-south,coffee,-21.5,-45,NASA POWER MERRA-2 PRECTOTCORR
2017-08-21,1.52,coffee-minas-south,coffee,-21.5,-45,NASA POWER MERRA-2 PRECTOTCORR
2017-08-22,0.06,coffee-minas-south,coffee,-21.5,-45,NASA POWER MERRA-2 PRECTOTCORR
2017-08-23,0.01,coffee-minas-south,coffee,-21.5,-45,NASA POWER MERRA-2 PRECTOTCORR
2017-08-24,0,coffee-minas-south,coffee,-21.5,-45,NASA POWER MERRA-2 PRECTOTCORR
2017-08-25,0,coffee-minas-south,coffee,-21.5,-45,NASA POWER MERRA-2 PRECTOTCORR
2017-08-26,0,coffee-minas-south,coffee,-21.5,-45,NASA POWER MERRA-2 PRECTOTCORR
2017-08-27,0,coffee-minas-south,coffee,-21.5,-45,NASA POWER MERRA-2 PRECTOTCORR
2017-08-28,0,coffee-minas-south,coffee,-21.5,-45,NASA POWER MERRA-2 PRECTOTCORR
2017-08-29,0,coffee-minas-south,coffee,-21.5,-45,NASA POWER MERRA-2 PRECTOTCORR
2017-08-30,0,coffee-minas-south,coffee,-21.5,-45,NASA POWER MERRA-2 PRECTOTCORR
2017-08-31,0,coffee-minas-south,coffee,-21.5,-45,NASA POWER MERRA-2 PRECTOTCORR
2017-09-01,0.01,coffee-minas-south,coffee,-21.5,-45,NASA POWER MERRA-2 PRECTOTCORR
2017-09-02,0,coffee-minas-south,coffee,-21.5,-45,NASA POWER MERRA-2 PRECTOTCORR
2017-09-03,0,coffee-minas-south,coffee,-21.5,-45,NASA POWER MERRA-2 PRECTOTCORR
2017-09-04,0,coffee-minas-south,coffee,-21.5,-45,NASA POWER MERRA-2 PRECTOTCORR
2017-09-05,0,coffee-minas-south,coffee,-21.5,-45,NASA POWER MERRA-2 PRECTOTCORR
2017-09-06,0,coffee-minas-south,coffee,-21.5,-45,NASA POWER MERRA-2 PRECTOTCORR
2017-09-07,0,coffee-minas-south,coffee,-21.5,-45,NASA POWER MERRA-2 PRECTOTCORR
2017-09-08,0,coffee-minas-south,coffee,-21.5,-45,NASA POWER MERRA-2 PRECTOTCORR
2017-09-09,0,coffee-minas-south,coffee,-21.5,-45,NASA POWER MERRA-2 PRECTOTCORR
2017-09-10,0,coffee-minas-south,coffee,-21.5,-45,NASA POWER MERRA-2 PRECTOTCORR
2017-09-11,0,coffee-minas-south,coffee,-21.5,-45,NASA POWER MERRA-2 PRECTOTCORR
2017-09-12,0,coffee-minas-south,coffee,-21.5,-45,NASA POWER MERRA-2 PRECTOTCORR
2017-09-13,0,coffee-minas-south,coffee,-21.5,-45,NASA POWER MERRA-2 PRECTOTCORR
2017-09-14,0,coffee-minas-south,coffee,-21.5,-45,NASA POWER MERRA-2 PRECTOTCORR
2017-09-15,0,coffee-minas-south,coffee,-21.5,-45,NASA POWER MERRA-2 PRECTOTCORR
2017-09-16,0,coffee-minas-south,coffee,-21.5,-45,NASA POWER MERRA-2 PRECTOTCORR
2017-09-17,0,coffee-minas-south,coffee,-21.5,-45,NASA POWER MERRA-2 PRECTOTCORR
2017-09-18,0,coffee-minas-south,coffee,-21.5,-45,NASA POWER MERRA-2 PRECTOTCORR
2017-09-19,0,coffee-minas-south,coffee,-21.5,-45,NASA POWER MERRA-2 PRECTOTCORR
2017-09-20,0.04,coffee-minas-south,coffee,-21.5,-45,NASA POWER MERRA-2 PRECTOTCORR
2017-09-21,0,coffee-minas-south,coffee,-21.5,-45,NASA POWER MERRA-2 PRECTOTCORR
2017-09-22,0,coffee-minas-south,coffee,-21.5,-45,NASA POWER MERRA-2 PRECTOTCORR
2017-09-23,0,coffee-minas-south,coffee,-21.5,-45,NASA POWER MERRA-2 PRECTOTCORR
2017-09-24,0,coffee-minas-south,coffee,-21.5,-45,NASA POWER MERRA-2 PRECTOTCORR
2017-09-25,0,coffee-minas-south,coffee,-21.5,-45,NASA POWER MERRA-2 PRECTOTCORR
2017-09-26,0,coffee-minas-south,coffee,-21.5,-45,NASA POWER MERRA-2 PRECTOTCORR
2017-09-27,2.89,coffee-minas-south,coffee,-21.5,-45,NASA POWER MERRA-2 PRECTOTCORR
2017-09-28,0.91,coffee-minas-south,coffee,-21.5,-45,NASA POWER MERRA-2 PRECTOTCORR
2017-09-29,3.7,coffee-minas-south,coffee,-21.5,-45,NASA POWER MERRA-2 PRECTOTCORR
2017-09-30,30.28,coffee-minas-south,coffee,-21.5,-45,NASA POWER MERRA-2 PRECTOTCORR
2017-10-01,0.79,coffee-minas-south,coffee,-21.5,-45,NASA POWER MERRA-2 PRECTOTCORR
2017-10-02,17.7,coffee-minas-south,coffee,-21.5,-45,NASA POWER MERRA-2 PRECTOTCORR
2017-10-03,34.97,coffee-minas-south,coffee,-21.5,-45,NASA POWER MERRA-2 PRECTOTCORR
2017-10-04,0.28,coffee-minas-south,coffee,-21.5,-45,NASA POWER MERRA-2 PRECTOTCORR
2017-10-05,0.02,coffee-minas-south,coffee,-21.5,-45,NASA POWER MERRA-2 PRECTOTCORR
2017-10-06,0.02,coffee-minas-south,coffee,-21.5,-45,NASA POWER MERRA-2 PRECTOTCORR
2017-10-07,1.35,coffee-minas-south,coffee,-21.5,-45,NASA POWER MERRA-2 PRECTOTCORR
2017-10-08,0.98,coffee-minas-south,coffee,-21.5,-45,NASA POWER MERRA-2 PRECTOTCORR
2017-10-09,0.19,coffee-minas-south,coffee,-21.5,-45,NASA POWER MERRA-2 PRECTOTCORR
2017-10-10,1.72,coffee-minas-south,coffee,-21.5,-45,NASA POWER MERRA-2 PRECTOTCORR
2017-10-11,0.73,coffee-minas-south,coffee,-21.5,-45,NASA POWER MERRA-2 PRECTOTCORR
2017-10-12,0.47,coffee-minas-south,coffee,-21.5,-45,NASA POWER MERRA-2 PRECTOTCORR
2017-10-13,0.3,coffee-minas-south,coffee,-21.5,-45,NASA POWER MERRA-2 PRECTOTCORR
2017-10-14,0.18,coffee-minas-south,coffee,-21.5,-45,NASA POWER MERRA-2 PRECTOTCORR
2017-10-15,0.29,coffee-minas-south,coffee,-21.5,-45,NASA POWER MERRA-2 PRECTOTCORR
2017-10-16,0,coffee-minas-south,coffee,-21.5,-45,NASA POWER MERRA-2 PRECTOTCORR
2017-10-17,0,coffee-minas-south,coffee,-21.5,-45,NASA POWER MERRA-2 PRECTOTCORR
2017-10-18,0,coffee-minas-south,coffee,-21.5,-45,NASA POWER MERRA-2 PRECTOTCORR
2017-10-19,0,coffee-minas-south,coffee,-21.5,-45,NASA POWER MERRA-2 PRECTOTCORR
2017-10-20,0.01,coffee-minas-south,coffee,-21.5,-45,NASA POWER MERRA-2 PRECTOTCORR
2017-10-21,0.57,coffee-minas-south,coffee,-21.5,-45,NASA POWER MERRA-2 PRECTOTCORR
2017-10-22,3.41,coffee-minas-south,coffee,-21.5,-45,NASA POWER MERRA-2 PRECTOTCORR
2017-10-23,4.41,coffee-minas-south,coffee,-21.5,-45,NASA POWER MERRA-2 PRECTOTCORR
2017-10-24,0.28,coffee-minas-south,coffee,-21.5,-45,NASA POWER MERRA-2 PRECTOTCORR
2017-10-25,1.09,coffee-minas-south,coffee,-21.5,-45,NASA POWER MERRA-2 PRECTOTCORR
2017-10-26,1.26,coffee-minas-south,coffee,-21.5,-45,NASA POWER MERRA-2 PRECTOTCORR
2017-10-27,20.94,coffee-minas-south,coffee,-21.5,-45,NASA POWER MERRA-2 PRECTOTCORR
2017-10-28,1.85,coffee-minas-south,coffee,-21.5,-45,NASA POWER MERRA-2 PRECTOTCORR
2017-10-29,2.94,coffee-minas-south,coffee,-21.5,-45,NASA POWER MERRA-2 PRECTOTCORR
2017-10-30,14.37,coffee-minas-south,coffee,-21.5,-45,NASA POWER MERRA-2 PRECTOTCORR
2017-10-31,1.07,coffee-minas-south,coffee,-21.5,-45,NASA POWER MERRA-2 PRECTOTCORR
2017-11-01,0.44,coffee-minas-south,coffee,-21.5,-45,NASA POWER MERRA-2 PRECTOTCORR
2017-11-02,0.01,coffee-minas-south,coffee,-21.5,-45,NASA POWER MERRA-2 PRECTOTCORR
2017-11-03,0,coffee-minas-south,coffee,-21.5,-45,NASA POWER MERRA-2 PRECTOTCORR
2017-11-04,0.48,coffee-minas-south,coffee,-21.5,-45,NASA POWER MERRA-2 PRECTOTCORR
2017-11-05,3.04,coffee-minas-south,coffee,-21.5,-45,NASA POWER MERRA-2 PRECTOTCORR
2017-11-06,0.29,coffee-minas-south,coffee,-21.5,-45,NASA POWER MERRA-2 PRECTOTCORR
2017-11-07,0.09,coffee-minas-south,coffee,-21.5,-45,NASA POWER MERRA-2 PRECTOTCORR
2017-11-08,0.04,coffee-minas-south,coffee,-21.5,-45,NASA POWER MERRA-2 PRECTOTCORR
2017-11-09,0.17,coffee-minas-south,coffee,-21.5,-45,NASA POWER MERRA-2 PRECTOTCORR
2017-11-10,8.22,coffee-minas-south,coffee,-21.5,-45,NASA POWER MERRA-2 PRECTOTCORR
2017-11-11,9.37,coffee-minas-south,coffee,-21.5,-45,NASA POWER MERRA-2 PRECTOTCORR
2017-11-12,2.98,coffee-minas-south,coffee,-21.5,-45,NASA POWER MERRA-2 PRECTOTCORR
2017-11-13,0.04,coffee-minas-south,coffee,-21.5,-45,NASA POWER MERRA-2 PRECTOTCORR
2017-11-14,0,coffee-minas-south,coffee,-21.5,-45,NASA POWER MERRA-2 PRECTOTCORR
2017-11-15,0,coffee-minas-south,coffee,-21.5,-45,NASA POWER MERRA-2 PRECTOTCORR
2017-11-16,0.38,coffee-minas-south,coffee,-21.5,-45,NASA POWER MERRA-2 PRECTOTCORR
2017-11-17,0.37,coffee-minas-south,coffee,-21.5,-45,NASA POWER MERRA-2 PRECTOTCORR
2017-11-18,6.46,coffee-minas-south,coffee,-21.5,-45,NASA POWER MERRA-2 PRECTOTCORR
2017-11-19,7.39,coffee-minas-south,coffee,-21.5,-45,NASA POWER MERRA-2 PRECTOTCORR
2017-11-20,24.89,coffee-minas-south,coffee,-21.5,-45,NASA POWER MERRA-2 PRECTOTCORR
2017-11-21,22.55,coffee-minas-south,coffee,-21.5,-45,NASA POWER MERRA-2 PRECTOTCORR
2017-11-22,13.61,coffee-minas-south,coffee,-21.5,-45,NASA POWER MERRA-2 PRECTOTCORR
2017-11-23,2.72,coffee-minas-south,coffee,-21.5,-45,NASA POWER MERRA-2 PRECTOTCORR
2017-11-24,0.02,coffee-minas-south,coffee,-21.5,-45,NASA POWER MERRA-2 PRECTOTCORR
2017-11-25,3.48,coffee-minas-south,coffee,-21.5,-45,NASA POWER MERRA-2 PRECTOTCORR
2017-11-26,5.38,coffee-minas-south,coffee,-21.5,-45,NASA POWER MERRA-2 PRECTOTCORR
2017-11-27,1.63,coffee-minas-south,coffee,-21.5,-45,NASA POWER MERRA-2 PRECTOTCORR
2017-11-28,11.58,coffee-minas-south,coffee,-21.5,-45,NASA POWER MERRA-2 PRECTOTCORR
2017-11-29,0.84,coffee-minas-south,coffee,-21.5,-45,NASA POWER MERRA-2 PRECTOTCORR
2017-11-30,14.16,coffee-minas-south,coffee,-21.5,-45,NASA POWER MERRA-2 PRECTOTCORR
2017-12-01,26.88,coffee-minas-south,coffee,-21.5,-45,NASA POWER MERRA-2 PRECTOTCORR
2017-12-02,2.86,coffee-minas-south,coffee,-21.5,-45,NASA POWER MERRA-2 PRECTOTCORR
2017-12-03,21.35,coffee-minas-south,coffee,-21.5,-45,NASA POWER MERRA-2 PRECTOTCORR
2017-12-04,7.07,coffee-minas-south,coffee,-21.5,-45,NASA POWER MERRA-2 PRECTOTCORR
2017-12-05,4.11,coffee-minas-south,coffee,-21.5,-45,NASA POWER MERRA-2 PRECTOTCORR
2017-12-06,5.98,coffee-minas-south,coffee,-21.5,-45,NASA POWER MERRA-2 PRECTOTCORR
2017-12-07,11.12,coffee-minas-south,coffee,-21.5,-45,NASA POWER MERRA-2 PRECTOTCORR
2017-12-08,17.45,coffee-minas-south,coffee,-21.5,-45,NASA POWER MERRA-2 PRECTOTCORR
2017-12-09,0.6,coffee-minas-south,coffee,-21.5,-45,NASA POWER MERRA-2 PRECTOTCORR
2017-12-10,0.13,coffee-minas-south,coffee,-21.5,-45,NASA POWER MERRA-2 PRECTOTCORR
2017-12-11,0.13,coffee-minas-south,coffee,-21.5,-45,NASA POWER MERRA-2 PRECTOTCORR
2017-12-12,0.17,coffee-minas-south,coffee,-21.5,-45,NASA POWER MERRA-2 PRECTOTCORR
2017-12-13,0.07,coffee-minas-south,coffee,-21.5,-45,NASA POWER MERRA-2 PRECTOTCORR
2017-12-14,0.01,coffee-minas-south,coffee,-21.5,-45,NASA POWER MERRA-2 PRECTOTCORR
2017-12-15,1.74,coffee-minas-south,coffee,-21.5,-45,NASA POWER MERRA-2 PRECTOTCORR
2017-12-16,4.98,coffee-minas-south,coffee,-21.5,-45,NASA POWER MERRA-2 PRECTOTCORR
2017-12-17,3.76,coffee-minas-south,coffee,-21.5,-45,NASA POWER MERRA-2 PRECTOTCORR
2017-12-18,0.82,coffee-minas-south,coffee,-21.5,-45,NASA POWER MERRA-2 PRECTOTCORR
2017-12-19,1.1,coffee-minas-south,coffee,-21.5,-45,NASA POWER MERRA-2 PRECTOTCORR
2017-12-20,0.07,coffee-minas-south,coffee,-21.5,-45,NASA POWER MERRA-2 PRECTOTCORR
2017-12-21,5.1,coffee-minas-south,coffee,-21.5,-45,NASA POWER MERRA-2 PRECTOTCORR
2017-12-22,6.41,coffee-minas-south,coffee,-21.5,-45,NASA POWER MERRA-2 PRECTOTCORR
2017-12-23,1.69,coffee-minas-south,coffee,-21.5,-45,NASA POWER MERRA-2 PRECTOTCORR
2017-12-24,0.4,coffee-minas-south,coffee,-21.5,-45,NASA POWER MERRA-2 PRECTOTCORR
2017-12-25,2.41,coffee-minas-south,coffee,-21.5,-45,NASA POWER MERRA-2 PRECTOTCORR
2017-12-26,3.36,coffee-minas-south,coffee,-21.5,-45,NASA POWER MERRA-2 PRECTOTCORR
2017-12-27,10.34,coffee-minas-south,coffee,-21.5,-45,NASA POWER MERRA-2 PRECTOTCORR
2017-12-28,12.95,coffee-minas-south,coffee,-21.5,-45,NASA POWER MERRA-2 PRECTOTCORR
2017-12-29,12.62,coffee-minas-south,coffee,-21.5,-45,NASA POWER MERRA-2 PRECTOTCORR
2017-12-30,31.31,coffee-minas-south,coffee,-21.5,-45,NASA POWER MERRA-2 PRECTOTCORR
2017-12-31,5.49,coffee-minas-south,coffee,-21.5,-45,NASA POWER MERRA-2 PRECTOTCORR
2018-01-01,8.25,coffee-minas-south,coffee,-21.5,-45,NASA POWER MERRA-2 PRECTOTCORR
2018-01-02,7.96,coffee-minas-south,coffee,-21.5,-45,NASA POWER MERRA-2 PRECTOTCORR
2018-01-03,6.39,coffee-minas-south,coffee,-21.5,-45,NASA POWER MERRA-2 PRECTOTCORR
2018-01-04,9.61,coffee-minas-south,coffee,-21.5,-45,NASA POWER MERRA-2 PRECTOTCORR
2018-01-05,18.94,coffee-minas-south,coffee,-21.5,-45,NASA POWER MERRA-2 PRECTOTCORR
2018-01-06,28.48,coffee-minas-south,coffee,-21.5,-45,NASA POWER MERRA-2 PRECTOTCORR
2018-01-07,14.38,coffee-minas-south,coffee,-21.5,-45,NASA POWER MERRA-2 PRECTOTCORR
2018-01-08,20.46,coffee-minas-south,coffee,-21.5,-45,NASA POWER MERRA-2 PRECTOTCORR
2018-01-09,0.54,coffee-minas-south,coffee,-21.5,-45,NASA POWER MERRA-2 PRECTOTCORR
2018-01-10,0,coffee-minas-south,coffee,-21.5,-45,NASA POWER MERRA-2 PRECTOTCORR
2018-01-11,0.67,coffee-minas-south,coffee,-21.5,-45,NASA POWER MERRA-2 PRECTOTCORR
2018-01-12,3,coffee-minas-south,coffee,-21.5,-45,NASA POWER MERRA-2 PRECTOTCORR
2018-01-13,1.04,coffee-minas-south,coffee,-21.5,-45,NASA POWER MERRA-2 PRECTOTCORR
2018-01-14,10.76,coffee-minas-south,coffee,-21.5,-45,NASA POWER MERRA-2 PRECTOTCORR
2018-01-15,7.9,coffee-minas-south,coffee,-21.5,-45,NASA POWER MERRA-2 PRECTOTCORR
2018-01-16,5.22,coffee-minas-south,coffee,-21.5,-45,NASA POWER MERRA-2 PRECTOTCORR
2018-01-17,0.88,coffee-minas-south,coffee,-21.5,-45,NASA POWER MERRA-2 PRECTOTCORR
2018-01-18,0.02,coffee-minas-south,coffee,-21.5,-45,NASA POWER MERRA-2 PRECTOTCORR
2018-01-19,0.17,coffee-minas-south,coffee,-21.5,-45,NASA POWER MERRA-2 PRECTOTCORR
2018-01-20,0.41,coffee-minas-south,coffee,-21.5,-45,NASA POWER MERRA-2 PRECTOTCORR
2018-01-21,0.27,coffee-minas-south,coffee,-21.5,-45,NASA POWER MERRA-2 PRECTOTCORR
2018-01-22,0.82,coffee-minas-south,coffee,-21.5,-45,NASA POWER MERRA-2 PRECTOTCORR
2018-01-23,6.24,coffee-minas-south,coffee,-21.5,-45,NASA POWER MERRA-2 PRECTOTCORR
2018-01-24,3.09,coffee-minas-south,coffee,-21.5,-45,NASA POWER MERRA-2 PRECTOTCORR
2018-01-25,4.05,coffee-minas-south,coffee,-21.5,-45,NASA POWER MERRA-2 PRECTOTCORR
2018-01-26,5.28,coffee-minas-south,coffee,-21.5,-45,NASA POWER MERRA-2 PRECTOTCORR
2018-01-27,2.1,coffee-minas-south,coffee,-21.5,-45,NASA POWER MERRA-2 PRECTOTCORR
2018-01-28,1.84,coffee-minas-south,coffee,-21.5,-45,NASA POWER MERRA-2 PRECTOTCORR
2018-01-29,8.42,coffee-minas-south,coffee,-21.5,-45,NASA POWER MERRA-2 PRECTOTCORR
2018-01-30,24.18,coffee-minas-south,coffee,-21.5,-45,NASA POWER MERRA-2 PRECTOTCORR
2018-01-31,0.49,coffee-minas-south,coffee,-21.5,-45,NASA POWER MERRA-2 PRECTOTCORR
2018-02-01,0.07,coffee-minas-south,coffee,-21.5,-45,NASA POWER MERRA-2 PRECTOTCORR
2018-02-02,0.67,coffee-minas-south,coffee,-21.5,-45,NASA POWER MERRA-2 PRECTOTCORR
2018-02-03,0.85,coffee-minas-south,coffee,-21.5,-45,NASA POWER MERRA-2 PRECTOTCORR
2018-02-04,5.54,coffee-minas-south,coffee,-21.5,-45,NASA POWER MERRA-2 PRECTOTCORR
2018-02-05,8.41,coffee-minas-south,coffee,-21.5,-45,NASA POWER MERRA-2 PRECTOTCORR
2018-02-06,15.78,coffee-minas-south,coffee,-21.5,-45,NASA POWER MERRA-2 PRECTOTCORR
2018-02-07,3.87,coffee-minas-south,coffee,-21.5,-45,NASA POWER MERRA-2 PRECTOTCORR
2018-02-08,0,coffee-minas-south,coffee,-21.5,-45,NASA POWER MERRA-2 PRECTOTCORR
2018-02-09,0.16,coffee-minas-south,coffee,-21.5,-45,NASA POWER MERRA-2 PRECTOTCORR
2018-02-10,1.02,coffee-minas-south,coffee,-21.5,-45,NASA POWER MERRA-2 PRECTOTCORR
2018-02-11,1.07,coffee-minas-south,coffee,-21.5,-45,NASA POWER MERRA-2 PRECTOTCORR
2018-02-12,1.4,coffee-minas-south,coffee,-21.5,-45,NASA POWER MERRA-2 PRECTOTCORR
2018-02-13,2.25,coffee-minas-south,coffee,-21.5,-45,NASA POWER MERRA-2 PRECTOTCORR
2018-02-14,5.76,coffee-minas-south,coffee,-21.5,-45,NASA POWER MERRA-2 PRECTOTCORR
2018-02-15,5.89,coffee-minas-south,coffee,-21.5,-45,NASA POWER MERRA-2 PRECTOTCORR
2018-02-16,0.61,coffee-minas-south,coffee,-21.5,-45,NASA POWER MERRA-2 PRECTOTCORR
2018-02-17,1.05,coffee-minas-south,coffee,-21.5,-45,NASA POWER MERRA-2 PRECTOTCORR
2018-02-18,1.92,coffee-minas-south,coffee,-21.5,-45,NASA POWER MERRA-2 PRECTOTCORR
2018-02-19,41.76,coffee-minas-south,coffee,-21.5,-45,NASA POWER MERRA-2 PRECTOTCORR
2018-02-20,35.69,coffee-minas-south,coffee,-21.5,-45,NASA POWER MERRA-2 PRECTOTCORR
2018-02-21,6.65,coffee-minas-south,coffee,-21.5,-45,NASA POWER MERRA-2 PRECTOTCORR
2018-02-22,14.2,coffee-minas-south,coffee,-21.5,-45,NASA POWER MERRA-2 PRECTOTCORR
2018-02-23,2.92,coffee-minas-south,coffee,-21.5,-45,NASA POWER MERRA-2 PRECTOTCORR
2018-02-24,4.15,coffee-minas-south,coffee,-21.5,-45,NASA POWER MERRA-2 PRECTOTCORR
2018-02-25,0.95,coffee-minas-south,coffee,-21.5,-45,NASA POWER MERRA-2 PRECTOTCORR
2018-02-26,7.99,coffee-minas-south,coffee,-21.5,-45,NASA POWER MERRA-2 PRECTOTCORR
2018-02-27,7.98,coffee-minas-south,coffee,-21.5,-45,NASA POWER MERRA-2 PRECTOTCORR
2018-02-28,8.75,coffee-minas-south,coffee,-21.5,-45,NASA POWER MERRA-2 PRECTOTCORR
2018-03-01,2.32,coffee-minas-south,coffee,-21.5,-45,NASA POWER MERRA-2 PRECTOTCORR
2018-03-02,8.92,coffee-minas-south,coffee,-21.5,-45,NASA POWER MERRA-2 PRECTOTCORR
2018-03-03,6.3,coffee-minas-south,coffee,-21.5,-45,NASA POWER MERRA-2 PRECTOTCORR
2018-03-04,1.52,coffee-minas-south,coffee,-21.5,-45,NASA POWER MERRA-2 PRECTOTCORR
2018-03-05,3.28,coffee-minas-south,coffee,-21.5,-45,NASA POWER MERRA-2 PRECTOTCORR
2018-03-06,2.14,coffee-minas-south,coffee,-21.5,-45,NASA POWER MERRA-2 PRECTOTCORR
2018-03-07,6.88,coffee-minas-south,coffee,-21.5,-45,NASA POWER MERRA-2 PRECTOTCORR
2018-03-08,12.61,coffee-minas-south,coffee,-21.5,-45,NASA POWER MERRA-2 PRECTOTCORR
2018-03-09,4.29,coffee-minas-south,coffee,-21.5,-45,NASA POWER MERRA-2 PRECTOTCORR
2018-03-10,12.69,coffee-minas-south,coffee,-21.5,-45,NASA POWER MERRA-2 PRECTOTCORR
2018-03-11,0.59,coffee-minas-south,coffee,-21.5,-45,NASA POWER MERRA-2 PRECTOTCORR
2018-03-12,0,coffee-minas-south,coffee,-21.5,-45,NASA POWER MERRA-2 PRECTOTCORR
2018-03-13,0.11,coffee-minas-south,coffee,-21.5,-45,NASA POWER MERRA-2 PRECTOTCORR
2018-03-14,4.95,coffee-minas-south,coffee,-21.5,-45,NASA POWER MERRA-2 PRECTOTCORR
2018-03-15,0.32,coffee-minas-south,coffee,-21.5,-45,NASA POWER MERRA-2 PRECTOTCORR
2018-03-16,5.16,coffee-minas-south,coffee,-21.5,-45,NASA POWER MERRA-2 PRECTOTCORR
2018-03-17,1.08,coffee-minas-south,coffee,-21.5,-45,NASA POWER MERRA-2 PRECTOTCORR
2018-03-18,0.13,coffee-minas-south,coffee,-21.5,-45,NASA POWER MERRA-2 PRECTOTCORR
2018-03-19,0.13,coffee-minas-south,coffee,-21.5,-45,NASA POWER MERRA-2 PRECTOTCORR
2018-03-20,4.02,coffee-minas-south,coffee,-21.5,-45,NASA POWER MERRA-2 PRECTOTCORR
2018-03-21,8.91,coffee-minas-south,coffee,-21.5,-45,NASA POWER MERRA-2 PRECTOTCORR
2018-03-22,3,coffee-minas-south,coffee,-21.5,-45,NASA POWER MERRA-2 PRECTOTCORR
2018-03-23,0.47,coffee-minas-south,coffee,-21.5,-45,NASA POWER MERRA-2 PRECTOTCORR
2018-03-24,0.04,coffee-minas-south,coffee,-21.5,-45,NASA POWER MERRA-2 PRECTOTCORR
2018-03-25,0,coffee-minas-south,coffee,-21.5,-45,NASA POWER MERRA-2 PRECTOTCORR
2018-03-26,0.56,coffee-minas-south,coffee,-21.5,-45,NASA POWER MERRA-2 PRECTOTCORR
2018-03-27,0.11,coffee-minas-south,coffee,-21.5,-45,NASA POWER MERRA-2 PRECTOTCORR
2018-03-28,0.01,coffee-minas-south,coffee,-21.5,-45,NASA POWER MERRA-2 PRECTOTCORR
2018-03-29,0.02,coffee-minas-south,coffee,-21.5,-45,NASA POWER MERRA-2 PRECTOTCORR
2018-03-30,0.39,coffee-minas-south,coffee,-21.5,-45,NASA POWER MERRA-2 PRECTOTCORR
2018-03-31,0.21,coffee-minas-south,coffee,-21.5,-45,NASA POWER MERRA-2 PRECTOTCORR
2018-04-01,1,coffee-minas-south,coffee,-21.5,-45,NASA POWER MERRA-2 PRECTOTCORR
2018-04-02,1.98,coffee-minas-south,coffee,-21.5,-45,NASA POWER MERRA-2 PRECTOTCORR
2018-04-03,5.75,coffee-minas-south,coffee,-21.5,-45,NASA POWER MERRA-2 PRECTOTCORR
2018-04-04,2.43,coffee-minas-south,coffee,-21.5,-45,NASA POWER MERRA-2 PRECTOTCORR
2018-04-05,0.31,coffee-minas-south,coffee,-21.5,-45,NASA POWER MERRA-2 PRECTOTCORR
2018-04-06,2.03,coffee-minas-south,coffee,-21.5,-45,NASA POWER MERRA-2 PRECTOTCORR
2018-04-07,0.72,coffee-minas-south,coffee,-21.5,-45,NASA POWER MERRA-2 PRECTOTCORR
2018-04-08,0.11,coffee-minas-south,coffee,-21.5,-45,NASA POWER MERRA-2 PRECTOTCORR
2018-04-09,0.38,coffee-minas-south,coffee,-21.5,-45,NASA POWER MERRA-2 PRECTOTCORR
2018-04-10,0.04,coffee-minas-south,coffee,-21.5,-45,NASA POWER MERRA-2 PRECTOTCORR
2018-04-11,0,coffee-minas-south,coffee,-21.5,-45,NASA POWER MERRA-2 PRECTOTCORR
2018-04-12,0.15,coffee-minas-south,coffee,-21.5,-45,NASA POWER MERRA-2 PRECTOTCORR
2018-04-13,0.01,coffee-minas-south,coffee,-21.5,-45,NASA POWER MERRA-2 PRECTOTCORR
2018-04-14,0.01,coffee-minas-south,coffee,-21.5,-45,NASA POWER MERRA-2 PRECTOTCORR
2018-04-15,3.46,coffee-minas-south,coffee,-21.5,-45,NASA POWER MERRA-2 PRECTOTCORR
2018-04-16,0.56,coffee-minas-south,coffee,-21.5,-45,NASA POWER MERRA-2 PRECTOTCORR
2018-04-17,0.05,coffee-minas-south,coffee,-21.5,-45,NASA POWER MERRA-2 PRECTOTCORR
2018-04-18,0,coffee-minas-south,coffee,-21.5,-45,NASA POWER MERRA-2 PRECTOTCORR
2018-04-19,0,coffee-minas-south,coffee,-21.5,-45,NASA POWER MERRA-2 PRECTOTCORR
2018-04-20,0,coffee-minas-south,coffee,-21.5,-45,NASA POWER MERRA-2 PRECTOTCORR
2018-04-21,0,coffee-minas-south,coffee,-21.5,-45,NASA POWER MERRA-2 PRECTOTCORR
2018-04-22,0.01,coffee-minas-south,coffee,-21.5,-45,NASA POWER MERRA-2 PRECTOTCORR
2018-04-23,0.08,coffee-minas-south,coffee,-21.5,-45,NASA POWER MERRA-2 PRECTOTCORR
2018-04-24,0.03,coffee-minas-south,coffee,-21.5,-45,NASA POWER MERRA-2 PRECTOTCORR
2018-04-25,0.02,coffee-minas-south,coffee,-21.5,-45,NASA POWER MERRA-2 PRECTOTCORR
2018-04-26,0.1,coffee-minas-south,coffee,-21.5,-45,NASA POWER MERRA-2 PRECTOTCORR
2018-04-27,0.61,coffee-minas-south,coffee,-21.5,-45,NASA POWER MERRA-2 PRECTOTCORR
2018-04-28,0.37,coffee-minas-south,coffee,-21.5,-45,NASA POWER MERRA-2 PRECTOTCORR
2018-04-29,0.01,coffee-minas-south,coffee,-21.5,-45,NASA POWER MERRA-2 PRECTOTCORR
2018-04-30,0,coffee-minas-south,coffee,-21.5,-45,NASA POWER MERRA-2 PRECTOTCORR
2018-05-01,0,coffee-minas-south,coffee,-21.5,-45,NASA POWER MERRA-2 PRECTOTCORR
2018-05-02,0,coffee-minas-south,coffee,-21.5,-45,NASA POWER MERRA-2 PRECTOTCORR
2018-05-03,0,coffee-minas-south,coffee,-21.5,-45,NASA POWER MERRA-2 PRECTOTCORR
2018-05-04,0,coffee-minas-south,coffee,-21.5,-45,NASA POWER MERRA-2 PRECTOTCORR
2018-05-05,0.71,coffee-minas-south,coffee,-21.5,-45,NASA POWER MERRA-2 PRECTOTCORR
2018-05-06,0.12,coffee-minas-south,coffee,-21.5,-45,NASA POWER MERRA-2 PRECTOTCORR
2018-05-07,0.15,coffee-minas-south,coffee,-21.5,-45,NASA POWER MERRA-2 PRECTOTCORR
2018-05-08,0.44,coffee-minas-south,coffee,-21.5,-45,NASA POWER MERRA-2 PRECTOTCORR
2018-05-09,0.05,coffee-minas-south,coffee,-21.5,-45,NASA POWER MERRA-2 PRECTOTCORR
2018-05-10,0,coffee-minas-south,coffee,-21.5,-45,NASA POWER MERRA-2 PRECTOTCORR
2018-05-11,0,coffee-minas-south,coffee,-21.5,-45,NASA POWER MERRA-2 PRECTOTCORR
2018-05-12,0,coffee-minas-south,coffee,-21.5,-45,NASA POWER MERRA-2 PRECTOTCORR
2018-05-13,0.04,coffee-minas-south,coffee,-21.5,-45,NASA POWER MERRA-2 PRECTOTCORR
2018-05-14,0.07,coffee-minas-south,coffee,-21.5,-45,NASA POWER MERRA-2 PRECTOTCORR
2018-05-15,0.04,coffee-minas-south,coffee,-21.5,-45,NASA POWER MERRA-2 PRECTOTCORR
2018-05-16,3.47,coffee-minas-south,coffee,-21.5,-45,NASA POWER MERRA-2 PRECTOTCORR
2018-05-17,4.16,coffee-minas-south,coffee,-21.5,-45,NASA POWER MERRA-2 PRECTOTCORR
2018-05-18,1.01,coffee-minas-south,coffee,-21.5,-45,NASA POWER MERRA-2 PRECTOTCORR
2018-05-19,13.69,coffee-minas-south,coffee,-21.5,-45,NASA POWER MERRA-2 PRECTOTCORR
2018-05-20,1.2,coffee-minas-south,coffee,-21.5,-45,NASA POWER MERRA-2 PRECTOTCORR
2018-05-21,0.08,coffee-minas-south,coffee,-21.5,-45,NASA POWER MERRA-2 PRECTOTCORR
2018-05-22,0.01,coffee-minas-south,coffee,-21.5,-45,NASA POWER MERRA-2 PRECTOTCORR
2018-05-23,0.01,coffee-minas-south,coffee,-21.5,-45,NASA POWER MERRA-2 PRECTOTCORR
2018-05-24,0,coffee-minas-south,coffee,-21.5,-45,NASA POWER MERRA-2 PRECTOTCORR
2018-05-25,0.01,coffee-minas-south,coffee,-21.5,-45,NASA POWER MERRA-2 PRECTOTCORR
2018-05-26,0.01,coffee-minas-south,coffee,-21.5,-45,NASA POWER MERRA-2 PRECTOTCORR
2018-05-27,0.01,coffee-minas-south,coffee,-21.5,-45,NASA POWER MERRA-2 PRECTOTCORR
2018-05-28,0,coffee-minas-south,coffee,-21.5,-45,NASA POWER MERRA-2 PRECTOTCORR
2018-05-29,0,coffee-minas-south,coffee,-21.5,-45,NASA POWER MERRA-2 PRECTOTCORR
2018-05-30,0,coffee-minas-south,coffee,-21.5,-45,NASA POWER MERRA-2 PRECTOTCORR
2018-05-31,0,coffee-minas-south,coffee,-21.5,-45,NASA POWER MERRA-2 PRECTOTCORR
2018-06-01,0,coffee-minas-south,coffee,-21.5,-45,NASA POWER MERRA-2 PRECTOTCORR
2018-06-02,0,coffee-minas-south,coffee,-21.5,-45,NASA POWER MERRA-2 PRECTOTCORR
2018-06-03,0.06,coffee-minas-south,coffee,-21.5,-45,NASA POWER MERRA-2 PRECTOTCORR
2018-06-04,0.04,coffee-minas-south,coffee,-21.5,-45,NASA POWER MERRA-2 PRECTOTCORR
2018-06-05,6.79,coffee-minas-south,coffee,-21.5,-45,NASA POWER MERRA-2 PRECTOTCORR
2018-06-06,2.01,coffee-minas-south,coffee,-21.5,-45,NASA POWER MERRA-2 PRECTOTCORR
2018-06-07,2.25,coffee-minas-south,coffee,-21.5,-45,NASA POWER MERRA-2 PRECTOTCORR
2018-06-08,0.29,coffee-minas-south,coffee,-21.5,-45,NASA POWER MERRA-2 PRECTOTCORR
2018-06-09,0,coffee-minas-south,coffee,-21.5,-45,NASA POWER MERRA-2 PRECTOTCORR
2018-06-10,0.01,coffee-minas-south,coffee,-21.5,-45,NASA POWER MERRA-2 PRECTOTCORR
2018-06-11,0,coffee-minas-south,coffee,-21.5,-45,NASA POWER MERRA-2 PRECTOTCORR
2018-06-12,0,coffee-minas-south,coffee,-21.5,-45,NASA POWER MERRA-2 PRECTOTCORR
2018-06-13,0,coffee-minas-south,coffee,-21.5,-45,NASA POWER MERRA-2 PRECTOTCORR
2018-06-14,3.59,coffee-minas-south,coffee,-21.5,-45,NASA POWER MERRA-2 PRECTOTCORR
2018-06-15,5.05,coffee-minas-south,coffee,-21.5,-45,NASA POWER MERRA-2 PRECTOTCORR
2018-06-16,0.56,coffee-minas-south,coffee,-21.5,-45,NASA POWER MERRA-2 PRECTOTCORR
2018-06-17,0.02,coffee-minas-south,coffee,-21.5,-45,NASA POWER MERRA-2 PRECTOTCORR
2018-06-18,0,coffee-minas-south,coffee,-21.5,-45,NASA POWER MERRA-2 PRECTOTCORR
2018-06-19,0,coffee-minas-south,coffee,-21.5,-45,NASA POWER MERRA-2 PRECTOTCORR
2018-06-20,0.03,coffee-minas-south,coffee,-21.5,-45,NASA POWER MERRA-2 PRECTOTCORR
2018-06-21,0.01,coffee-minas-south,coffee,-21.5,-45,NASA POWER MERRA-2 PRECTOTCORR
2018-06-22,0.01,coffee-minas-south,coffee,-21.5,-45,NASA POWER MERRA-2 PRECTOTCORR
2018-06-23,0,coffee-minas-south,coffee,-21.5,-45,NASA POWER MERRA-2 PRECTOTCORR
2018-06-24,0,coffee-minas-south,coffee,-21.5,-45,NASA POWER MERRA-2 PRECTOTCORR
2018-06-25,0,coffee-minas-south,coffee,-21.5,-45,NASA POWER MERRA-2 PRECTOTCORR
2018-06-26,0,coffee-minas-south,coffee,-21.5,-45,NASA POWER MERRA-2 PRECTOTCORR
2018-06-27,0,coffee-minas-south,coffee,-21.5,-45,NASA POWER MERRA-2 PRECTOTCORR
2018-06-28,0.01,coffee-minas-south,coffee,-21.5,-45,NASA POWER MERRA-2 PRECTOTCORR
2018-06-29,0,coffee-minas-south,coffee,-21.5,-45,NASA POWER MERRA-2 PRECTOTCORR
2018-06-30,0.01,coffee-minas-south,coffee,-21.5,-45,NASA POWER MERRA-2 PRECTOTCORR
2018-07-01,0,coffee-minas-south,coffee,-21.5,-45,NASA POWER MERRA-2 PRECTOTCORR
2018-07-02,0,coffee-minas-south,coffee,-21.5,-45,NASA POWER MERRA-2 PRECTOTCORR
2018-07-03,0,coffee-minas-south,coffee,-21.5,-45,NASA POWER MERRA-2 PRECTOTCORR
2018-07-04,0,coffee-minas-south,coffee,-21.5,-45,NASA POWER MERRA-2 PRECTOTCORR
2018-07-05,0.01,coffee-minas-south,coffee,-21.5,-45,NASA POWER MERRA-2 PRECTOTCORR
2018-07-06,0,coffee-minas-south,coffee,-21.5,-45,NASA POWER MERRA-2 PRECTOTCORR
2018-07-07,0,coffee-minas-south,coffee,-21.5,-45,NASA POWER MERRA-2 PRECTOTCORR
2018-07-08,0,coffee-minas-south,coffee,-21.5,-45,NASA POWER MERRA-2 PRECTOTCORR
2018-07-09,0,coffee-minas-south,coffee,-21.5,-45,NASA POWER MERRA-2 PRECTOTCORR
2018-07-10,2.98,coffee-minas-south,coffee,-21.5,-45,NASA POWER MERRA-2 PRECTOTCORR
2018-07-11,0.69,coffee-minas-south,coffee,-21.5,-45,NASA POWER MERRA-2 PRECTOTCORR
2018-07-12,0,coffee-minas-south,coffee,-21.5,-45,NASA POWER MERRA-2 PRECTOTCORR
2018-07-13,0,coffee-minas-south,coffee,-21.5,-45,NASA POWER MERRA-2 PRECTOTCORR
2018-07-14,0,coffee-minas-south,coffee,-21.5,-45,NASA POWER MERRA-2 PRECTOTCORR
2018-07-15,0,coffee-minas-south,coffee,-21.5,-45,NASA POWER MERRA-2 PRECTOTCORR
2018-07-16,0,coffee-minas-south,coffee,-21.5,-45,NASA POWER MERRA-2 PRECTOTCORR
2018-07-17,0,coffee-minas-south,coffee,-21.5,-45,NASA POWER MERRA-2 PRECTOTCORR
2018-07-18,0,coffee-minas-south,coffee,-21.5,-45,NASA POWER MERRA-2 PRECTOTCORR
2018-07-19,0,coffee-minas-south,coffee,-21.5,-45,NASA POWER MERRA-2 PRECTOTCORR
2018-07-20,0,coffee-minas-south,coffee,-21.5,-45,NASA POWER MERRA-2 PRECTOTCORR
2018-07-21,0.01,coffee-minas-south,coffee,-21.5,-45,NASA POWER MERRA-2 PRECTOTCORR
2018-07-22,0,coffee-minas-south,coffee,-21.5,-45,NASA POWER MERRA-2 PRECTOTCORR
2018-07-23,0,coffee-minas-south,coffee,-21.5,-45,NASA POWER MERRA-2 PRECTOTCORR
2018-07-24,0.01,coffee-minas-south,coffee,-21.5,-45,NASA POWER MERRA-2 PRECTOTCORR
2018-07-25,0.02,coffee-minas-south,coffee,-21.5,-45,NASA POWER MERRA-2 PRECTOTCORR
2018-07-26,0,coffee-minas-south,coffee,-21.5,-45,NASA POWER MERRA-2 PRECTOTCORR
2018-07-27,0,coffee-minas-south,coffee,-21.5,-45,NASA POWER MERRA-2 PRECTOTCORR
2018-07-28,0,coffee-minas-south,coffee,-21.5,-45,NASA POWER MERRA-2 PRECTOTCORR
2018-07-29,0,coffee-minas-south,coffee,-21.5,-45,NASA POWER MERRA-2 PRECTOTCORR
2018-07-30,0.01,coffee-minas-south,coffee,-21.5,-45,NASA POWER MERRA-2 PRECTOTCORR
2018-07-31,1.23,coffee-minas-south,coffee,-21.5,-45,NASA POWER MERRA-2 PRECTOTCORR
2018-08-01,7.18,coffee-minas-south,coffee,-21.5,-45,NASA POWER MERRA-2 PRECTOTCORR
2018-08-02,2.32,coffee-minas-south,coffee,-21.5,-45,NASA POWER MERRA-2 PRECTOTCORR
2018-08-03,29.93,coffee-minas-south,coffee,-21.5,-45,NASA POWER MERRA-2 PRECTOTCORR
2018-08-04,3.16,coffee-minas-south,coffee,-21.5,-45,NASA POWER MERRA-2 PRECTOTCORR
2018-08-05,0.51,coffee-minas-south,coffee,-21.5,-45,NASA POWER MERRA-2 PRECTOTCORR
2018-08-06,6.45,coffee-minas-south,coffee,-21.5,-45,NASA POWER MERRA-2 PRECTOTCORR
2018-08-07,2.07,coffee-minas-south,coffee,-21.5,-45,NASA POWER MERRA-2 PRECTOTCORR
2018-08-08,0.09,coffee-minas-south,coffee,-21.5,-45,NASA POWER MERRA-2 PRECTOTCORR
2018-08-09,1.78,coffee-minas-south,coffee,-21.5,-45,NASA POWER MERRA-2 PRECTOTCORR
2018-08-10,0.02,coffee-minas-south,coffee,-21.5,-45,NASA POWER MERRA-2 PRECTOTCORR
2018-08-11,0,coffee-minas-south,coffee,-21.5,-45,NASA POWER MERRA-2 PRECTOTCORR
2018-08-12,0,coffee-minas-south,coffee,-21.5,-45,NASA POWER MERRA-2 PRECTOTCORR
2018-08-13,0,coffee-minas-south,coffee,-21.5,-45,NASA POWER MERRA-2 PRECTOTCORR
2018-08-14,0,coffee-minas-south,coffee,-21.5,-45,NASA POWER MERRA-2 PRECTOTCORR
2018-08-15,0,coffee-minas-south,coffee,-21.5,-45,NASA POWER MERRA-2 PRECTOTCORR
2018-08-16,0.05,coffee-minas-south,coffee,-21.5,-45,NASA POWER MERRA-2 PRECTOTCORR
2018-08-17,3.78,coffee-minas-south,coffee,-21.5,-45,NASA POWER MERRA-2 PRECTOTCORR
2018-08-18,0.38,coffee-minas-south,coffee,-21.5,-45,NASA POWER MERRA-2 PRECTOTCORR
2018-08-19,0.03,coffee-minas-south,coffee,-21.5,-45,NASA POWER MERRA-2 PRECTOTCORR
2018-08-20,0,coffee-minas-south,coffee,-21.5,-45,NASA POWER MERRA-2 PRECTOTCORR
2018-08-21,0,coffee-minas-south,coffee,-21.5,-45,NASA POWER MERRA-2 PRECTOTCORR
2018-08-22,0.01,coffee-minas-south,coffee,-21.5,-45,NASA POWER MERRA-2 PRECTOTCORR
2018-08-23,0,coffee-minas-south,coffee,-21.5,-45,NASA POWER MERRA-2 PRECTOTCORR
2018-08-24,0.19,coffee-minas-south,coffee,-21.5,-45,NASA POWER MERRA-2 PRECTOTCORR
2018-08-25,0.76,coffee-minas-south,coffee,-21.5,-45,NASA POWER MERRA-2 PRECTOTCORR
2018-08-26,1.38,coffee-minas-south,coffee,-21.5,-45,NASA POWER MERRA-2 PRECTOTCORR
2018-08-27,0.08,coffee-minas-south,coffee,-21.5,-45,NASA POWER MERRA-2 PRECTOTCORR
2018-08-28,0,coffee-minas-south,coffee,-21.5,-45,NASA POWER MERRA-2 PRECTOTCORR
2018-08-29,0,coffee-minas-south,coffee,-21.5,-45,NASA POWER MERRA-2 PRECTOTCORR
2018-08-30,0,coffee-minas-south,coffee,-21.5,-45,NASA POWER MERRA-2 PRECTOTCORR
2018-08-31,0,coffee-minas-south,coffee,-21.5,-45,NASA POWER MERRA-2 PRECTOTCORR
2018-09-01,0,coffee-minas-south,coffee,-21.5,-45,NASA POWER MERRA-2 PRECTOTCORR
2018-09-02,0,coffee-minas-south,coffee,-21.5,-45,NASA POWER MERRA-2 PRECTOTCORR
2018-09-03,3.46,coffee-minas-south,coffee,-21.5,-45,NASA POWER MERRA-2 PRECTOTCORR
2018-09-04,1.09,coffee-minas-south,coffee,-21.5,-45,NASA POWER MERRA-2 PRECTOTCORR
2018-09-05,0.05,coffee-minas-south,coffee,-21.5,-45,NASA POWER MERRA-2 PRECTOTCORR
2018-09-06,0,coffee-minas-south,coffee,-21.5,-45,NASA POWER MERRA-2 PRECTOTCORR
2018-09-07,0,coffee-minas-south,coffee,-21.5,-45,NASA POWER MERRA-2 PRECTOTCORR
2018-09-08,0,coffee-minas-south,coffee,-21.5,-45,NASA POWER MERRA-2 PRECTOTCORR
2018-09-09,0,coffee-minas-south,coffee,-21.5,-45,NASA POWER MERRA-2 PRECTOTCORR
2018-09-10,0.01,coffee-minas-south,coffee,-21.5,-45,NASA POWER MERRA-2 PRECTOTCORR
2018-09-11,0,coffee-minas-south,coffee,-21.5,-45,NASA POWER MERRA-2 PRECTOTCORR
2018-09-12,0,coffee-minas-south,coffee,-21.5,-45,NASA POWER MERRA-2 PRECTOTCORR
2018-09-13,0.04,coffee-minas-south,coffee,-21.5,-45,NASA POWER MERRA-2 PRECTOTCORR
2018-09-14,16.51,coffee-minas-south,coffee,-21.5,-45,NASA POWER MERRA-2 PRECTOTCORR
2018-09-15,5.44,coffee-minas-south,coffee,-21.5,-45,NASA POWER MERRA-2 PRECTOTCORR
2018-09-16,7.33,coffee-minas-south,coffee,-21.5,-45,NASA POWER MERRA-2 PRECTOTCORR
2018-09-17,5.18,coffee-minas-south,coffee,-21.5,-45,NASA POWER MERRA-2 PRECTOTCORR
2018-09-18,3.88,coffee-minas-south,coffee,-21.5,-45,NASA POWER MERRA-2 PRECTOTCORR
2018-09-19,0.97,coffee-minas-south,coffee,-21.5,-45,NASA POWER MERRA-2 PRECTOTCORR
2018-09-20,5.15,coffee-minas-south,coffee,-21.5,-45,NASA POWER MERRA-2 PRECTOTCORR
2018-09-21,4.93,coffee-minas-south,coffee,-21.5,-45,NASA POWER MERRA-2 PRECTOTCORR
2018-09-22,0,coffee-minas-south,coffee,-21.5,-45,NASA POWER MERRA-2 PRECTOTCORR
2018-09-23,0,coffee-minas-south,coffee,-21.5,-45,NASA POWER MERRA-2 PRECTOTCORR
2018-09-24,0,coffee-minas-south,coffee,-21.5,-45,NASA POWER MERRA-2 PRECTOTCORR
2018-09-25,0,coffee-minas-south,coffee,-21.5,-45,NASA POWER MERRA-2 PRECTOTCORR
2018-09-26,0.02,coffee-minas-south,coffee,-21.5,-45,NASA POWER MERRA-2 PRECTOTCORR
2018-09-27,0.4,coffee-minas-south,coffee,-21.5,-45,NASA POWER MERRA-2 PRECTOTCORR
2018-09-28,1.48,coffee-minas-south,coffee,-21.5,-45,NASA POWER MERRA-2 PRECTOTCORR
2018-09-29,1.99,coffee-minas-south,coffee,-21.5,-45,NASA POWER MERRA-2 PRECTOTCORR
2018-09-30,14.09,coffee-minas-south,coffee,-21.5,-45,NASA POWER MERRA-2 PRECTOTCORR
2018-10-01,2.02,coffee-minas-south,coffee,-21.5,-45,NASA POWER MERRA-2 PRECTOTCORR
2018-10-02,0.04,coffee-minas-south,coffee,-21.5,-45,NASA POWER MERRA-2 PRECTOTCORR
2018-10-03,1.66,coffee-minas-south,coffee,-21.5,-45,NASA POWER MERRA-2 PRECTOTCORR
2018-10-04,0.51,coffee-minas-south,coffee,-21.5,-45,NASA POWER MERRA-2 PRECTOTCORR
2018-10-05,2.53,coffee-minas-south,coffee,-21.5,-45,NASA POWER MERRA-2 PRECTOTCORR
2018-10-06,5.24,coffee-minas-south,coffee,-21.5,-45,NASA POWER MERRA-2 PRECTOTCORR
2018-10-07,8.49,coffee-minas-south,coffee,-21.5,-45,NASA POWER MERRA-2 PRECTOTCORR
2018-10-08,7.05,coffee-minas-south,coffee,-21.5,-45,NASA POWER MERRA-2 PRECTOTCORR
2018-10-09,5.84,coffee-minas-south,coffee,-21.5,-45,NASA POWER MERRA-2 PRECTOTCORR
2018-10-10,1.81,coffee-minas-south,coffee,-21.5,-45,NASA POWER MERRA-2 PRECTOTCORR
2018-10-11,5.97,coffee-minas-south,coffee,-21.5,-45,NASA POWER MERRA-2 PRECTOTCORR
2018-10-12,2.48,coffee-minas-south,coffee,-21.5,-45,NASA POWER MERRA-2 PRECTOTCORR
2018-10-13,3.27,coffee-minas-south,coffee,-21.5,-45,NASA POWER MERRA-2 PRECTOTCORR
2018-10-14,3.36,coffee-minas-south,coffee,-21.5,-45,NASA POWER MERRA-2 PRECTOTCORR
2018-10-15,4.56,coffee-minas-south,coffee,-21.5,-45,NASA POWER MERRA-2 PRECTOTCORR
2018-10-16,1.32,coffee-minas-south,coffee,-21.5,-45,NASA POWER MERRA-2 PRECTOTCORR
2018-10-17,7.35,coffee-minas-south,coffee,-21.5,-45,NASA POWER MERRA-2 PRECTOTCORR
2018-10-18,25.98,coffee-minas-south,coffee,-21.5,-45,NASA POWER MERRA-2 PRECTOTCORR
2018-10-19,14.86,coffee-minas-south,coffee,-21.5,-45,NASA POWER MERRA-2 PRECTOTCORR
2018-10-20,0.91,coffee-minas-south,coffee,-21.5,-45,NASA POWER MERRA-2 PRECTOTCORR
2018-10-21,0,coffee-minas-south,coffee,-21.5,-45,NASA POWER MERRA-2 PRECTOTCORR
2018-10-22,0,coffee-minas-south,coffee,-21.5,-45,NASA POWER MERRA-2 PRECTOTCORR
2018-10-23,0.82,coffee-minas-south,coffee,-21.5,-45,NASA POWER MERRA-2 PRECTOTCORR
2018-10-24,15.68,coffee-minas-south,coffee,-21.5,-45,NASA POWER MERRA-2 PRECTOTCORR
2018-10-25,28.09,coffee-minas-south,coffee,-21.5,-45,NASA POWER MERRA-2 PRECTOTCORR
2018-10-26,11.21,coffee-minas-south,coffee,-21.5,-45,NASA POWER MERRA-2 PRECTOTCORR
2018-10-27,4.86,coffee-minas-south,coffee,-21.5,-45,NASA POWER MERRA-2 PRECTOTCORR
2018-10-28,0.25,coffee-minas-south,coffee,-21.5,-45,NASA POWER MERRA-2 PRECTOTCORR
2018-10-29,0.26,coffee-minas-south,coffee,-21.5,-45,NASA POWER MERRA-2 PRECTOTCORR
2018-10-30,0.01,coffee-minas-south,coffee,-21.5,-45,NASA POWER MERRA-2 PRECTOTCORR
2018-10-31,0.88,coffee-minas-south,coffee,-21.5,-45,NASA POWER MERRA-2 PRECTOTCORR
2018-11-01,3.52,coffee-minas-south,coffee,-21.5,-45,NASA POWER MERRA-2 PRECTOTCORR
2018-11-02,0.75,coffee-minas-south,coffee,-21.5,-45,NASA POWER MERRA-2 PRECTOTCORR
2018-11-03,5.91,coffee-minas-south,coffee,-21.5,-45,NASA POWER MERRA-2 PRECTOTCORR
2018-11-04,10.4,coffee-minas-south,coffee,-21.5,-45,NASA POWER MERRA-2 PRECTOTCORR
2018-11-05,3.17,coffee-minas-south,coffee,-21.5,-45,NASA POWER MERRA-2 PRECTOTCORR
2018-11-06,0.26,coffee-minas-south,coffee,-21.5,-45,NASA POWER MERRA-2 PRECTOTCORR
2018-11-07,12.51,coffee-minas-south,coffee,-21.5,-45,NASA POWER MERRA-2 PRECTOTCORR
2018-11-08,16.87,coffee-minas-south,coffee,-21.5,-45,NASA POWER MERRA-2 PRECTOTCORR
2018-11-09,6.89,coffee-minas-south,coffee,-21.5,-45,NASA POWER MERRA-2 PRECTOTCORR
2018-11-10,7.87,coffee-minas-south,coffee,-21.5,-45,NASA POWER MERRA-2 PRECTOTCORR
2018-11-11,0.9,coffee-minas-south,coffee,-21.5,-45,NASA POWER MERRA-2 PRECTOTCORR
2018-11-12,0.77,coffee-minas-south,coffee,-21.5,-45,NASA POWER MERRA-2 PRECTOTCORR
2018-11-13,0.45,coffee-minas-south,coffee,-21.5,-45,NASA POWER MERRA-2 PRECTOTCORR
2018-11-14,0.2,coffee-minas-south,coffee,-21.5,-45,NASA POWER MERRA-2 PRECTOTCORR
2018-11-15,2.75,coffee-minas-south,coffee,-21.5,-45,NASA POWER MERRA-2 PRECTOTCORR
2018-11-16,2.42,coffee-minas-south,coffee,-21.5,-45,NASA POWER MERRA-2 PRECTOTCORR
2018-11-17,0.06,coffee-minas-south,coffee,-21.5,-45,NASA POWER MERRA-2 PRECTOTCORR
2018-11-18,3.56,coffee-minas-south,coffee,-21.5,-45,NASA POWER MERRA-2 PRECTOTCORR
2018-11-19,25.64,coffee-minas-south,coffee,-21.5,-45,NASA POWER MERRA-2 PRECTOTCORR
2018-11-20,36.55,coffee-minas-south,coffee,-21.5,-45,NASA POWER MERRA-2 PRECTOTCORR
2018-11-21,19.84,coffee-minas-south,coffee,-21.5,-45,NASA POWER MERRA-2 PRECTOTCORR
2018-11-22,5.59,coffee-minas-south,coffee,-21.5,-45,NASA POWER MERRA-2 PRECTOTCORR
2018-11-23,3.02,coffee-minas-south,coffee,-21.5,-45,NASA POWER MERRA-2 PRECTOTCORR
2018-11-24,13.83,coffee-minas-south,coffee,-21.5,-45,NASA POWER MERRA-2 PRECTOTCORR
2018-11-25,3.6,coffee-minas-south,coffee,-21.5,-45,NASA POWER MERRA-2 PRECTOTCORR
2018-11-26,9.12,coffee-minas-south,coffee,-21.5,-45,NASA POWER MERRA-2 PRECTOTCORR
2018-11-27,0.55,coffee-minas-south,coffee,-21.5,-45,NASA POWER MERRA-2 PRECTOTCORR
2018-11-28,0.11,coffee-minas-south,coffee,-21.5,-45,NASA POWER MERRA-2 PRECTOTCORR
2018-11-29,0.41,coffee-minas-south,coffee,-21.5,-45,NASA POWER MERRA-2 PRECTOTCORR
2018-11-30,15.97,coffee-minas-south,coffee,-21.5,-45,NASA POWER MERRA-2 PRECTOTCORR
2018-12-01,36.89,coffee-minas-south,coffee,-21.5,-45,NASA POWER MERRA-2 PRECTOTCORR
2018-12-02,13.32,coffee-minas-south,coffee,-21.5,-45,NASA POWER MERRA-2 PRECTOTCORR
2018-12-03,1.77,coffee-minas-south,coffee,-21.5,-45,NASA POWER MERRA-2 PRECTOTCORR
2018-12-04,0.32,coffee-minas-south,coffee,-21.5,-45,NASA POWER MERRA-2 PRECTOTCORR
2018-12-05,3.37,coffee-minas-south,coffee,-21.5,-45,NASA POWER MERRA-2 PRECTOTCORR
2018-12-06,4.72,coffee-minas-south,coffee,-21.5,-45,NASA POWER MERRA-2 PRECTOTCORR
2018-12-07,18.08,coffee-minas-south,coffee,-21.5,-45,NASA POWER MERRA-2 PRECTOTCORR
2018-12-08,0.73,coffee-minas-south,coffee,-21.5,-45,NASA POWER MERRA-2 PRECTOTCORR
2018-12-09,0.03,coffee-minas-south,coffee,-21.5,-45,NASA POWER MERRA-2 PRECTOTCORR
2018-12-10,0.08,coffee-minas-south,coffee,-21.5,-45,NASA POWER MERRA-2 PRECTOTCORR
2018-12-11,0.02,coffee-minas-south,coffee,-21.5,-45,NASA POWER MERRA-2 PRECTOTCORR
2018-12-12,2.78,coffee-minas-south,coffee,-21.5,-45,NASA POWER MERRA-2 PRECTOTCORR
2018-12-13,10.47,coffee-minas-south,coffee,-21.5,-45,NASA POWER MERRA-2 PRECTOTCORR
2018-12-14,2.77,coffee-minas-south,coffee,-21.5,-45,NASA POWER MERRA-2 PRECTOTCORR
2018-12-15,0.99,coffee-minas-south,coffee,-21.5,-45,NASA POWER MERRA-2 PRECTOTCORR
2018-12-16,8.16,coffee-minas-south,coffee,-21.5,-45,NASA POWER MERRA-2 PRECTOTCORR
2018-12-17,1.28,coffee-minas-south,coffee,-21.5,-45,NASA POWER MERRA-2 PRECTOTCORR
2018-12-18,7.45,coffee-minas-south,coffee,-21.5,-45,NASA POWER MERRA-2 PRECTOTCORR
2018-12-19,9.19,coffee-minas-south,coffee,-21.5,-45,NASA POWER MERRA-2 PRECTOTCORR
2018-12-20,5.56,coffee-minas-south,coffee,-21.5,-45,NASA POWER MERRA-2 PRECTOTCORR
2018-12-21,2.1,coffee-minas-south,coffee,-21.5,-45,NASA POWER MERRA-2 PRECTOTCORR
2018-12-22,7.85,coffee-minas-south,coffee,-21.5,-45,NASA POWER MERRA-2 PRECTOTCORR
2018-12-23,4.71,coffee-minas-south,coffee,-21.5,-45,NASA POWER MERRA-2 PRECTOTCORR
2018-12-24,12.97,coffee-minas-south,coffee,-21.5,-45,NASA POWER MERRA-2 PRECTOTCORR
2018-12-25,3.47,coffee-minas-south,coffee,-21.5,-45,NASA POWER MERRA-2 PRECTOTCORR
2018-12-26,19.92,coffee-minas-south,coffee,-21.5,-45,NASA POWER MERRA-2 PRECTOTCORR
2018-12-27,10.57,coffee-minas-south,coffee,-21.5,-45,NASA POWER MERRA-2 PRECTOTCORR
2018-12-28,5.6,coffee-minas-south,coffee,-21.5,-45,NASA POWER MERRA-2 PRECTOTCORR
2018-12-29,2.45,coffee-minas-south,coffee,-21.5,-45,NASA POWER MERRA-2 PRECTOTCORR
2018-12-30,3.61,coffee-minas-south,coffee,-21.5,-45,NASA POWER MERRA-2 PRECTOTCORR
2018-12-31,6.21,coffee-minas-south,coffee,-21.5,-45,NASA POWER MERRA-2 PRECTOTCORR
2019-01-01,7.11,coffee-minas-south,coffee,-21.5,-45,NASA POWER MERRA-2 PRECTOTCORR
2019-01-02,1.32,coffee-minas-south,coffee,-21.5,-45,NASA POWER MERRA-2 PRECTOTCORR
2019-01-03,11.27,coffee-minas-south,coffee,-21.5,-45,NASA POWER MERRA-2 PRECTOTCORR
2019-01-04,16.41,coffee-minas-south,coffee,-21.5,-45,NASA POWER MERRA-2 PRECTOTCORR
2019-01-05,10.22,coffee-minas-south,coffee,-21.5,-45,NASA POWER MERRA-2 PRECTOTCORR
2019-01-06,0.51,coffee-minas-south,coffee,-21.5,-45,NASA POWER MERRA-2 PRECTOTCORR
2019-01-07,0.11,coffee-minas-south,coffee,-21.5,-45,NASA POWER MERRA-2 PRECTOTCORR
2019-01-08,0.56,coffee-minas-south,coffee,-21.5,-45,NASA POWER MERRA-2 PRECTOTCORR
2019-01-09,0.14,coffee-minas-south,coffee,-21.5,-45,NASA POWER MERRA-2 PRECTOTCORR
2019-01-10,0,coffee-minas-south,coffee,-21.5,-45,NASA POWER MERRA-2 PRECTOTCORR
2019-01-11,0.36,coffee-minas-south,coffee,-21.5,-45,NASA POWER MERRA-2 PRECTOTCORR
2019-01-12,0.39,coffee-minas-south,coffee,-21.5,-45,NASA POWER MERRA-2 PRECTOTCORR
2019-01-13,0.35,coffee-minas-south,coffee,-21.5,-45,NASA POWER MERRA-2 PRECTOTCORR
2019-01-14,0.2,coffee-minas-south,coffee,-21.5,-45,NASA POWER MERRA-2 PRECTOTCORR
2019-01-15,0.9,coffee-minas-south,coffee,-21.5,-45,NASA POWER MERRA-2 PRECTOTCORR
2019-01-16,3.37,coffee-minas-south,coffee,-21.5,-45,NASA POWER MERRA-2 PRECTOTCORR
2019-01-17,3,coffee-minas-south,coffee,-21.5,-45,NASA POWER MERRA-2 PRECTOTCORR
2019-01-18,9.62,coffee-minas-south,coffee,-21.5,-45,NASA POWER MERRA-2 PRECTOTCORR
2019-01-19,5.1,coffee-minas-south,coffee,-21.5,-45,NASA POWER MERRA-2 PRECTOTCORR
2019-01-20,1.93,coffee-minas-south,coffee,-21.5,-45,NASA POWER MERRA-2 PRECTOTCORR
2019-01-21,2.66,coffee-minas-south,coffee,-21.5,-45,NASA POWER MERRA-2 PRECTOTCORR
2019-01-22,2.48,coffee-minas-south,coffee,-21.5,-45,NASA POWER MERRA-2 PRECTOTCORR
2019-01-23,0.97,coffee-minas-south,coffee,-21.5,-45,NASA POWER MERRA-2 PRECTOTCORR
2019-01-24,0.15,coffee-minas-south,coffee,-21.5,-45,NASA POWER MERRA-2 PRECTOTCORR
2019-01-25,9.97,coffee-minas-south,coffee,-21.5,-45,NASA POWER MERRA-2 PRECTOTCORR
2019-01-26,10.9,coffee-minas-south,coffee,-21.5,-45,NASA POWER MERRA-2 PRECTOTCORR
2019-01-27,0.29,coffee-minas-south,coffee,-21.5,-45,NASA POWER MERRA-2 PRECTOTCORR
2019-01-28,0,coffee-minas-south,coffee,-21.5,-45,NASA POWER MERRA-2 PRECTOTCORR
2019-01-29,3.23,coffee-minas-south,coffee,-21.5,-45,NASA POWER MERRA-2 PRECTOTCORR
2019-01-30,0.39,coffee-minas-south,coffee,-21.5,-45,NASA POWER MERRA-2 PRECTOTCORR
2019-01-31,0.21,coffee-minas-south,coffee,-21.5,-45,NASA POWER MERRA-2 PRECTOTCORR
2019-02-01,0.01,coffee-minas-south,coffee,-21.5,-45,NASA POWER MERRA-2 PRECTOTCORR
2019-02-02,1.09,coffee-minas-south,coffee,-21.5,-45,NASA POWER MERRA-2 PRECTOTCORR
2019-02-03,22.73,coffee-minas-south,coffee,-21.5,-45,NASA POWER MERRA-2 PRECTOTCORR
2019-02-04,9.8,coffee-minas-south,coffee,-21.5,-45,NASA POWER MERRA-2 PRECTOTCORR
2019-02-05,3.66,coffee-minas-south,coffee,-21.5,-45,NASA POWER MERRA-2 PRECTOTCORR
2019-02-06,15.67,coffee-minas-south,coffee,-21.5,-45,NASA POWER MERRA-2 PRECTOTCORR
2019-02-07,17.17,coffee-minas-south,coffee,-21.5,-45,NASA POWER MERRA-2 PRECTOTCORR
2019-02-08,0.81,coffee-minas-south,coffee,-21.5,-45,NASA POWER MERRA-2 PRECTOTCORR
2019-02-09,0.21,coffee-minas-south,coffee,-21.5,-45,NASA POWER MERRA-2 PRECTOTCORR
2019-02-10,4.71,coffee-minas-south,coffee,-21.5,-45,NASA POWER MERRA-2 PRECTOTCORR
2019-02-11,1.29,coffee-minas-south,coffee,-21.5,-45,NASA POWER MERRA-2 PRECTOTCORR
2019-02-12,2.58,coffee-minas-south,coffee,-21.5,-45,NASA POWER MERRA-2 PRECTOTCORR
2019-02-13,8.53,coffee-minas-south,coffee,-21.5,-45,NASA POWER MERRA-2 PRECTOTCORR
2019-02-14,2.52,coffee-minas-south,coffee,-21.5,-45,NASA POWER MERRA-2 PRECTOTCORR
2019-02-15,3.18,coffee-minas-south,coffee,-21.5,-45,NASA POWER MERRA-2 PRECTOTCORR
2019-02-16,17.41,coffee-minas-south,coffee,-21.5,-45,NASA POWER MERRA-2 PRECTOTCORR
2019-02-17,2.33,coffee-minas-south,coffee,-21.5,-45,NASA POWER MERRA-2 PRECTOTCORR
2019-02-18,8.98,coffee-minas-south,coffee,-21.5,-45,NASA POWER MERRA-2 PRECTOTCORR
2019-02-19,6.1,coffee-minas-south,coffee,-21.5,-45,NASA POWER MERRA-2 PRECTOTCORR
2019-02-20,4.47,coffee-minas-south,coffee,-21.5,-45,NASA POWER MERRA-2 PRECTOTCORR
2019-02-21,13.43,coffee-minas-south,coffee,-21.5,-45,NASA POWER MERRA-2 PRECTOTCORR
2019-02-22,2.04,coffee-minas-south,coffee,-21.5,-45,NASA POWER MERRA-2 PRECTOTCORR
2019-02-23,0.43,coffee-minas-south,coffee,-21.5,-45,NASA POWER MERRA-2 PRECTOTCORR
2019-02-24,0.12,coffee-minas-south,coffee,-21.5,-45,NASA POWER MERRA-2 PRECTOTCORR
2019-02-25,1.41,coffee-minas-south,coffee,-21.5,-45,NASA POWER MERRA-2 PRECTOTCORR
2019-02-26,4.96,coffee-minas-south,coffee,-21.5,-45,NASA POWER MERRA-2 PRECTOTCORR
2019-02-27,13.37,coffee-minas-south,coffee,-21.5,-45,NASA POWER MERRA-2 PRECTOTCORR
2019-02-28,8.36,coffee-minas-south,coffee,-21.5,-45,NASA POWER MERRA-2 PRECTOTCORR
2019-03-01,20.17,coffee-minas-south,coffee,-21.5,-45,NASA POWER MERRA-2 PRECTOTCORR
2019-03-02,11.52,coffee-minas-south,coffee,-21.5,-45,NASA POWER MERRA-2 PRECTOTCORR
2019-03-03,12.02,coffee-minas-south,coffee,-21.5,-45,NASA POWER MERRA-2 PRECTOTCORR
2019-03-04,12.61,coffee-minas-south,coffee,-21.5,-45,NASA POWER MERRA-2 PRECTOTCORR
2019-03-05,2.44,coffee-minas-south,coffee,-21.5,-45,NASA POWER MERRA-2 PRECTOTCORR
2019-03-06,3.73,coffee-minas-south,coffee,-21.5,-45,NASA POWER MERRA-2 PRECTOTCORR
2019-03-07,5.06,coffee-minas-south,coffee,-21.5,-45,NASA POWER MERRA-2 PRECTOTCORR
2019-03-08,0.78,coffee-minas-south,coffee,-21.5,-45,NASA POWER MERRA-2 PRECTOTCORR
2019-03-09,0.74,coffee-minas-south,coffee,-21.5,-45,NASA POWER MERRA-2 PRECTOTCORR
2019-03-10,4.14,coffee-minas-south,coffee,-21.5,-45,NASA POWER MERRA-2 PRECTOTCORR
2019-03-11,7.71,coffee-minas-south,coffee,-21.5,-45,NASA POWER MERRA-2 PRECTOTCORR
2019-03-12,11.14,coffee-minas-south,coffee,-21.5,-45,NASA POWER MERRA-2 PRECTOTCORR
2019-03-13,7.39,coffee-minas-south,coffee,-21.5,-45,NASA POWER MERRA-2 PRECTOTCORR
2019-03-14,8.41,coffee-minas-south,coffee,-21.5,-45,NASA POWER MERRA-2 PRECTOTCORR
2019-03-15,3.21,coffee-minas-south,coffee,-21.5,-45,NASA POWER MERRA-2 PRECTOTCORR
2019-03-16,3.88,coffee-minas-south,coffee,-21.5,-45,NASA POWER MERRA-2 PRECTOTCORR
2019-03-17,16.33,coffee-minas-south,coffee,-21.5,-45,NASA POWER MERRA-2 PRECTOTCORR
2019-03-18,8.83,coffee-minas-south,coffee,-21.5,-45,NASA POWER MERRA-2 PRECTOTCORR
2019-03-19,1.15,coffee-minas-south,coffee,-21.5,-45,NASA POWER MERRA-2 PRECTOTCORR
2019-03-20,9.8,coffee-minas-south,coffee,-21.5,-45,NASA POWER MERRA-2 PRECTOTCORR
2019-03-21,6.42,coffee-minas-south,coffee,-21.5,-45,NASA POWER MERRA-2 PRECTOTCORR
2019-03-22,0.73,coffee-minas-south,coffee,-21.5,-45,NASA POWER MERRA-2 PRECTOTCORR
2019-03-23,0.09,coffee-minas-south,coffee,-21.5,-45,NASA POWER MERRA-2 PRECTOTCORR
2019-03-24,0.15,coffee-minas-south,coffee,-21.5,-45,NASA POWER MERRA-2 PRECTOTCORR
2019-03-25,0.07,coffee-minas-south,coffee,-21.5,-45,NASA POWER MERRA-2 PRECTOTCORR
2019-03-26,0.04,coffee-minas-south,coffee,-21.5,-45,NASA POWER MERRA-2 PRECTOTCORR
2019-03-27,0.01,coffee-minas-south,coffee,-21.5,-45,NASA POWER MERRA-2 PRECTOTCORR
2019-03-28,0.58,coffee-minas-south,coffee,-21.5,-45,NASA POWER MERRA-2 PRECTOTCORR
2019-03-29,0.42,coffee-minas-south,coffee,-21.5,-45,NASA POWER MERRA-2 PRECTOTCORR
2019-03-30,0.02,coffee-minas-south,coffee,-21.5,-45,NASA POWER MERRA-2 PRECTOTCORR
2019-03-31,0,coffee-minas-south,coffee,-21.5,-45,NASA POWER MERRA-2 PRECTOTCORR
2019-04-01,0.92,coffee-minas-south,coffee,-21.5,-45,NASA POWER MERRA-2 PRECTOTCORR
2019-04-02,4.38,coffee-minas-south,coffee,-21.5,-45,NASA POWER MERRA-2 PRECTOTCORR
2019-04-03,1.8,coffee-minas-south,coffee,-21.5,-45,NASA POWER MERRA-2 PRECTOTCORR
2019-04-04,0.02,coffee-minas-south,coffee,-21.5,-45,NASA POWER MERRA-2 PRECTOTCORR
2019-04-05,2.33,coffee-minas-south,coffee,-21.5,-45,NASA POWER MERRA-2 PRECTOTCORR
2019-04-06,10.72,coffee-minas-south,coffee,-21.5,-45,NASA POWER MERRA-2 PRECTOTCORR
2019-04-07,10.8,coffee-minas-south,coffee,-21.5,-45,NASA POWER MERRA-2 PRECTOTCORR
2019-04-08,16.82,coffee-minas-south,coffee,-21.5,-45,NASA POWER MERRA-2 PRECTOTCORR
2019-04-09,9.17,coffee-minas-south,coffee,-21.5,-45,NASA POWER MERRA-2 PRECTOTCORR
2019-04-10,0.63,coffee-minas-south,coffee,-21.5,-45,NASA POWER MERRA-2 PRECTOTCORR
2019-04-11,0.36,coffee-minas-south,coffee,-21.5,-45,NASA POWER MERRA-2 PRECTOTCORR
2019-04-12,0,coffee-minas-south,coffee,-21.5,-45,NASA POWER MERRA-2 PRECTOTCORR
2019-04-13,0.52,coffee-minas-south,coffee,-21.5,-45,NASA POWER MERRA-2 PRECTOTCORR
2019-04-14,12.74,coffee-minas-south,coffee,-21.5,-45,NASA POWER MERRA-2 PRECTOTCORR
2019-04-15,5.78,coffee-minas-south,coffee,-21.5,-45,NASA POWER MERRA-2 PRECTOTCORR
2019-04-16,9.45,coffee-minas-south,coffee,-21.5,-45,NASA POWER MERRA-2 PRECTOTCORR
2019-04-17,1.96,coffee-minas-south,coffee,-21.5,-45,NASA POWER MERRA-2 PRECTOTCORR
2019-04-18,0.01,coffee-minas-south,coffee,-21.5,-45,NASA POWER MERRA-2 PRECTOTCORR
2019-04-19,0.06,coffee-minas-south,coffee,-21.5,-45,NASA POWER MERRA-2 PRECTOTCORR
2019-04-20,0,coffee-minas-south,coffee,-21.5,-45,NASA POWER MERRA-2 PRECTOTCORR
2019-04-21,0,coffee-minas-south,coffee,-21.5,-45,NASA POWER MERRA-2 PRECTOTCORR
2019-04-22,0.13,coffee-minas-south,coffee,-21.5,-45,NASA POWER MERRA-2 PRECTOTCORR
2019-04-23,0.41,coffee-minas-south,coffee,-21.5,-45,NASA POWER MERRA-2 PRECTOTCORR
2019-04-24,0.6,coffee-minas-south,coffee,-21.5,-45,NASA POWER MERRA-2 PRECTOTCORR
2019-04-25,0.01,coffee-minas-south,coffee,-21.5,-45,NASA POWER MERRA-2 PRECTOTCORR
2019-04-26,0.03,coffee-minas-south,coffee,-21.5,-45,NASA POWER MERRA-2 PRECTOTCORR
2019-04-27,0,coffee-minas-south,coffee,-21.5,-45,NASA POWER MERRA-2 PRECTOTCORR
2019-04-28,0.57,coffee-minas-south,coffee,-21.5,-45,NASA POWER MERRA-2 PRECTOTCORR
2019-04-29,1.9,coffee-minas-south,coffee,-21.5,-45,NASA POWER MERRA-2 PRECTOTCORR
2019-04-30,0.01,coffee-minas-south,coffee,-21.5,-45,NASA POWER MERRA-2 PRECTOTCORR
2019-05-01,0.03,coffee-minas-south,coffee,-21.5,-45,NASA POWER MERRA-2 PRECTOTCORR
2019-05-02,0.11,coffee-minas-south,coffee,-21.5,-45,NASA POWER MERRA-2 PRECTOTCORR
2019-05-03,0.17,coffee-minas-south,coffee,-21.5,-45,NASA POWER MERRA-2 PRECTOTCORR
2019-05-04,2.79,coffee-minas-south,coffee,-21.5,-45,NASA POWER MERRA-2 PRECTOTCORR
2019-05-05,0.44,coffee-minas-south,coffee,-21.5,-45,NASA POWER MERRA-2 PRECTOTCORR
2019-05-06,0.14,coffee-minas-south,coffee,-21.5,-45,NASA POWER MERRA-2 PRECTOTCORR
2019-05-07,0.55,coffee-minas-south,coffee,-21.5,-45,NASA POWER MERRA-2 PRECTOTCORR
2019-05-08,1.32,coffee-minas-south,coffee,-21.5,-45,NASA POWER MERRA-2 PRECTOTCORR
2019-05-09,0.02,coffee-minas-south,coffee,-21.5,-45,NASA POWER MERRA-2 PRECTOTCORR
2019-05-10,0.01,coffee-minas-south,coffee,-21.5,-45,NASA POWER MERRA-2 PRECTOTCORR
2019-05-11,0,coffee-minas-south,coffee,-21.5,-45,NASA POWER MERRA-2 PRECTOTCORR
2019-05-12,0.58,coffee-minas-south,coffee,-21.5,-45,NASA POWER MERRA-2 PRECTOTCORR
2019-05-13,0.28,coffee-minas-south,coffee,-21.5,-45,NASA POWER MERRA-2 PRECTOTCORR
2019-05-14,2.67,coffee-minas-south,coffee,-21.5,-45,NASA POWER MERRA-2 PRECTOTCORR
2019-05-15,8.42,coffee-minas-south,coffee,-21.5,-45,NASA POWER MERRA-2 PRECTOTCORR
2019-05-16,1.13,coffee-minas-south,coffee,-21.5,-45,NASA POWER MERRA-2 PRECTOTCORR
2019-05-17,13.53,coffee-minas-south,coffee,-21.5,-45,NASA POWER MERRA-2 PRECTOTCORR
2019-05-18,4.23,coffee-minas-south,coffee,-21.5,-45,NASA POWER MERRA-2 PRECTOTCORR
2019-05-19,0.5,coffee-minas-south,coffee,-21.5,-45,NASA POWER MERRA-2 PRECTOTCORR
2019-05-20,0.03,coffee-minas-south,coffee,-21.5,-45,NASA POWER MERRA-2 PRECTOTCORR
2019-05-21,0,coffee-minas-south,coffee,-21.5,-45,NASA POWER MERRA-2 PRECTOTCORR
2019-05-22,0.01,coffee-minas-south,coffee,-21.5,-45,NASA POWER MERRA-2 PRECTOTCORR
2019-05-23,0.01,coffee-minas-south,coffee,-21.5,-45,NASA POWER MERRA-2 PRECTOTCORR
2019-05-24,0.02,coffee-minas-south,coffee,-21.5,-45,NASA POWER MERRA-2 PRECTOTCORR
2019-05-25,0,coffee-minas-south,coffee,-21.5,-45,NASA POWER MERRA-2 PRECTOTCORR
2019-05-26,0,coffee-minas-south,coffee,-21.5,-45,NASA POWER MERRA-2 PRECTOTCORR
2019-05-27,0,coffee-minas-south,coffee,-21.5,-45,NASA POWER MERRA-2 PRECTOTCORR
2019-05-28,0.03,coffee-minas-south,coffee,-21.5,-45,NASA POWER MERRA-2 PRECTOTCORR
2019-05-29,0.02,coffee-minas-south,coffee,-21.5,-45,NASA POWER MERRA-2 PRECTOTCORR
2019-05-30,0,coffee-minas-south,coffee,-21.5,-45,NASA POWER MERRA-2 PRECTOTCORR
2019-05-31,0,coffee-minas-south,coffee,-21.5,-45,NASA POWER MERRA-2 PRECTOTCORR
2019-06-01,0,coffee-minas-south,coffee,-21.5,-45,NASA POWER MERRA-2 PRECTOTCORR
2019-06-02,0.02,coffee-minas-south,coffee,-21.5,-45,NASA POWER MERRA-2 PRECTOTCORR
2019-06-03,7.26,coffee-minas-south,coffee,-21.5,-45,NASA POWER MERRA-2 PRECTOTCORR
2019-06-04,1,coffee-minas-south,coffee,-21.5,-45,NASA POWER MERRA-2 PRECTOTCORR
2019-06-05,0.05,coffee-minas-south,coffee,-21.5,-45,NASA POWER MERRA-2 PRECTOTCORR
2019-06-06,0.03,coffee-minas-south,coffee,-21.5,-45,NASA POWER MERRA-2 PRECTOTCORR
2019-06-07,0,coffee-minas-south,coffee,-21.5,-45,NASA POWER MERRA-2 PRECTOTCORR
2019-06-08,0,coffee-minas-south,coffee,-21.5,-45,NASA POWER MERRA-2 PRECTOTCORR
2019-06-09,0,coffee-minas-south,coffee,-21.5,-45,NASA POWER MERRA-2 PRECTOTCORR
2019-06-10,0,coffee-minas-south,coffee,-21.5,-45,NASA POWER MERRA-2 PRECTOTCORR
2019-06-11,0,coffee-minas-south,coffee,-21.5,-45,NASA POWER MERRA-2 PRECTOTCORR
2019-06-12,0,coffee-minas-south,coffee,-21.5,-45,NASA POWER MERRA-2 PRECTOTCORR
2019-06-13,0,coffee-minas-south,coffee,-21.5,-45,NASA POWER MERRA-2 PRECTOTCORR
2019-06-14,0,coffee-minas-south,coffee,-21.5,-45,NASA POWER MERRA-2 PRECTOTCORR
2019-06-15,0,coffee-minas-south,coffee,-21.5,-45,NASA POWER MERRA-2 PRECTOTCORR
2019-06-16,0,coffee-minas-south,coffee,-21.5,-45,NASA POWER MERRA-2 PRECTOTCORR
2019-06-17,0.04,coffee-minas-south,coffee,-21.5,-45,NASA POWER MERRA-2 PRECTOTCORR
2019-06-18,0.03,coffee-minas-south,coffee,-21.5,-45,NASA POWER MERRA-2 PRECTOTCORR
2019-06-19,0,coffee-minas-south,coffee,-21.5,-45,NASA POWER MERRA-2 PRECTOTCORR
2019-06-20,0.05,coffee-minas-south,coffee,-21.5,-45,NASA POWER MERRA-2 PRECTOTCORR
2019-06-21,0.22,coffee-minas-south,coffee,-21.5,-45,NASA POWER MERRA-2 PRECTOTCORR
2019-06-22,0,coffee-minas-south,coffee,-21.5,-45,NASA POWER MERRA-2 PRECTOTCORR
2019-06-23,0,coffee-minas-south,coffee,-21.5,-45,NASA POWER MERRA-2 PRECTOTCORR
2019-06-24,0.01,coffee-minas-south,coffee,-21.5,-45,NASA POWER MERRA-2 PRECTOTCORR
2019-06-25,0.01,coffee-minas-south,coffee,-21.5,-45,NASA POWER MERRA-2 PRECTOTCORR
2019-06-26,0.15,coffee-minas-south,coffee,-21.5,-45,NASA POWER MERRA-2 PRECTOTCORR
2019-06-27,0.03,coffee-minas-south,coffee,-21.5,-45,NASA POWER MERRA-2 PRECTOTCORR
2019-06-28,0,coffee-minas-south,coffee,-21.5,-45,NASA POWER MERRA-2 PRECTOTCORR
2019-06-29,0,coffee-minas-south,coffee,-21.5,-45,NASA POWER MERRA-2 PRECTOTCORR
2019-06-30,0.01,coffee-minas-south,coffee,-21.5,-45,NASA POWER MERRA-2 PRECTOTCORR
2019-07-01,0,coffee-minas-south,coffee,-21.5,-45,NASA POWER MERRA-2 PRECTOTCORR
2019-07-02,0.01,coffee-minas-south,coffee,-21.5,-45,NASA POWER MERRA-2 PRECTOTCORR
2019-07-03,0.07,coffee-minas-south,coffee,-21.5,-45,NASA POWER MERRA-2 PRECTOTCORR
2019-07-04,4.16,coffee-minas-south,coffee,-21.5,-45,NASA POWER MERRA-2 PRECTOTCORR
2019-07-05,4.92,coffee-minas-south,coffee,-21.5,-45,NASA POWER MERRA-2 PRECTOTCORR
2019-07-06,0.12,coffee-minas-south,coffee,-21.5,-45,NASA POWER MERRA-2 PRECTOTCORR
2019-07-07,0,coffee-minas-south,coffee,-21.5,-45,NASA POWER MERRA-2 PRECTOTCORR
2019-07-08,0,coffee-minas-south,coffee,-21.5,-45,NASA POWER MERRA-2 PRECTOTCORR
2019-07-09,0,coffee-minas-south,coffee,-21.5,-45,NASA POWER MERRA-2 PRECTOTCORR
2019-07-10,0.01,coffee-minas-south,coffee,-21.5,-45,NASA POWER MERRA-2 PRECTOTCORR
2019-07-11,0,coffee-minas-south,coffee,-21.5,-45,NASA POWER MERRA-2 PRECTOTCORR
2019-07-12,0.01,coffee-minas-south,coffee,-21.5,-45,NASA POWER MERRA-2 PRECTOTCORR
2019-07-13,0,coffee-minas-south,coffee,-21.5,-45,NASA POWER MERRA-2 PRECTOTCORR
2019-07-14,0,coffee-minas-south,coffee,-21.5,-45,NASA POWER MERRA-2 PRECTOTCORR
2019-07-15,0.01,coffee-minas-south,coffee,-21.5,-45,NASA POWER MERRA-2 PRECTOTCORR
2019-07-16,0.09,coffee-minas-south,coffee,-21.5,-45,NASA POWER MERRA-2 PRECTOTCORR
2019-07-17,0,coffee-minas-south,coffee,-21.5,-45,NASA POWER MERRA-2 PRECTOTCORR
2019-07-18,0.01,coffee-minas-south,coffee,-21.5,-45,NASA POWER MERRA-2 PRECTOTCORR
2019-07-19,0,coffee-minas-south,coffee,-21.5,-45,NASA POWER MERRA-2 PRECTOTCORR
2019-07-20,0,coffee-minas-south,coffee,-21.5,-45,NASA POWER MERRA-2 PRECTOTCORR
2019-07-21,0,coffee-minas-south,coffee,-21.5,-45,NASA POWER MERRA-2 PRECTOTCORR
2019-07-22,0,coffee-minas-south,coffee,-21.5,-45,NASA POWER MERRA-2 PRECTOTCORR
2019-07-23,0,coffee-minas-south,coffee,-21.5,-45,NASA POWER MERRA-2 PRECTOTCORR
2019-07-24,0,coffee-minas-south,coffee,-21.5,-45,NASA POWER MERRA-2 PRECTOTCORR
2019-07-25,0,coffee-minas-south,coffee,-21.5,-45,NASA POWER MERRA-2 PRECTOTCORR
2019-07-26,0,coffee-minas-south,coffee,-21.5,-45,NASA POWER MERRA-2 PRECTOTCORR
2019-07-27,0,coffee-minas-south,coffee,-21.5,-45,NASA POWER MERRA-2 PRECTOTCORR
2019-07-28,0,coffee-minas-south,coffee,-21.5,-45,NASA POWER MERRA-2 PRECTOTCORR
2019-07-29,0,coffee-minas-south,coffee,-21.5,-45,NASA POWER MERRA-2 PRECTOTCORR
2019-07-30,0.81,coffee-minas-south,coffee,-21.5,-45,NASA POWER MERRA-2 PRECTOTCORR
2019-07-31,0.06,coffee-minas-south,coffee,-21.5,-45,NASA POWER MERRA-2 PRECTOTCORR
2019-08-01,0.01,coffee-minas-south,coffee,-21.5,-45,NASA POWER MERRA-2 PRECTOTCORR
2019-08-02,0.02,coffee-minas-south,coffee,-21.5,-45,NASA POWER MERRA-2 PRECTOTCORR
2019-08-03,0.89,coffee-minas-south,coffee,-21.5,-45,NASA POWER MERRA-2 PRECTOTCORR
2019-08-04,2.68,coffee-minas-south,coffee,-21.5,-45,NASA POWER MERRA-2 PRECTOTCORR
2019-08-05,2.1,coffee-minas-south,coffee,-21.5,-45,NASA POWER MERRA-2 PRECTOTCORR
2019-08-06,0.02,coffee-minas-south,coffee,-21.5,-45,NASA POWER MERRA-2 PRECTOTCORR
2019-08-07,0.01,coffee-minas-south,coffee,-21.5,-45,NASA POWER MERRA-2 PRECTOTCORR
2019-08-08,0.01,coffee-minas-south,coffee,-21.5,-45,NASA POWER MERRA-2 PRECTOTCORR
2019-08-09,0,coffee-minas-south,coffee,-21.5,-45,NASA POWER MERRA-2 PRECTOTCORR
2019-08-10,0.01,coffee-minas-south,coffee,-21.5,-45,NASA POWER MERRA-2 PRECTOTCORR
2019-08-11,0,coffee-minas-south,coffee,-21.5,-45,NASA POWER MERRA-2 PRECTOTCORR
2019-08-12,0,coffee-minas-south,coffee,-21.5,-45,NASA POWER MERRA-2 PRECTOTCORR
2019-08-13,0.02,coffee-minas-south,coffee,-21.5,-45,NASA POWER MERRA-2 PRECTOTCORR
2019-08-14,0.03,coffee-minas-south,coffee,-21.5,-45,NASA POWER MERRA-2 PRECTOTCORR
2019-08-15,0,coffee-minas-south,coffee,-21.5,-45,NASA POWER MERRA-2 PRECTOTCORR
2019-08-16,0.01,coffee-minas-south,coffee,-21.5,-45,NASA POWER MERRA-2 PRECTOTCORR
2019-08-17,0,coffee-minas-south,coffee,-21.5,-45,NASA POWER MERRA-2 PRECTOTCORR
2019-08-18,0.02,coffee-minas-south,coffee,-21.5,-45,NASA POWER MERRA-2 PRECTOTCORR
2019-08-19,0.31,coffee-minas-south,coffee,-21.5,-45,NASA POWER MERRA-2 PRECTOTCORR
2019-08-20,4.48,coffee-minas-south,coffee,-21.5,-45,NASA POWER MERRA-2 PRECTOTCORR
2019-08-21,0.34,coffee-minas-south,coffee,-21.5,-45,NASA POWER MERRA-2 PRECTOTCORR
2019-08-22,0.03,coffee-minas-south,coffee,-21.5,-45,NASA POWER MERRA-2 PRECTOTCORR
2019-08-23,1.52,coffee-minas-south,coffee,-21.5,-45,NASA POWER MERRA-2 PRECTOTCORR
2019-08-24,0.19,coffee-minas-south,coffee,-21.5,-45,NASA POWER MERRA-2 PRECTOTCORR
2019-08-25,0,coffee-minas-south,coffee,-21.5,-45,NASA POWER MERRA-2 PRECTOTCORR
2019-08-26,0,coffee-minas-south,coffee,-21.5,-45,NASA POWER MERRA-2 PRECTOTCORR
2019-08-27,0,coffee-minas-south,coffee,-21.5,-45,NASA POWER MERRA-2 PRECTOTCORR
2019-08-28,0,coffee-minas-south,coffee,-21.5,-45,NASA POWER MERRA-2 PRECTOTCORR
2019-08-29,0,coffee-minas-south,coffee,-21.5,-45,NASA POWER MERRA-2 PRECTOTCORR
2019-08-30,0,coffee-minas-south,coffee,-21.5,-45,NASA POWER MERRA-2 PRECTOTCORR
2019-08-31,0.06,coffee-minas-south,coffee,-21.5,-45,NASA POWER MERRA-2 PRECTOTCORR
2019-09-01,3.26,coffee-minas-south,coffee,-21.5,-45,NASA POWER MERRA-2 PRECTOTCORR
2019-09-02,5.11,coffee-minas-south,coffee,-21.5,-45,NASA POWER MERRA-2 PRECTOTCORR
2019-09-03,1.08,coffee-minas-south,coffee,-21.5,-45,NASA POWER MERRA-2 PRECTOTCORR
2019-09-04,0.13,coffee-minas-south,coffee,-21.5,-45,NASA POWER MERRA-2 PRECTOTCORR
2019-09-05,0.63,coffee-minas-south,coffee,-21.5,-45,NASA POWER MERRA-2 PRECTOTCORR
2019-09-06,0.07,coffee-minas-south,coffee,-21.5,-45,NASA POWER MERRA-2 PRECTOTCORR
2019-09-07,0.01,coffee-minas-south,coffee,-21.5,-45,NASA POWER MERRA-2 PRECTOTCORR
2019-09-08,0,coffee-minas-south,coffee,-21.5,-45,NASA POWER MERRA-2 PRECTOTCORR
2019-09-09,0,coffee-minas-south,coffee,-21.5,-45,NASA POWER MERRA-2 PRECTOTCORR
2019-09-10,0,coffee-minas-south,coffee,-21.5,-45,NASA POWER MERRA-2 PRECTOTCORR
2019-09-11,0,coffee-minas-south,coffee,-21.5,-45,NASA POWER MERRA-2 PRECTOTCORR
2019-09-12,0,coffee-minas-south,coffee,-21.5,-45,NASA POWER MERRA-2 PRECTOTCORR
2019-09-13,0,coffee-minas-south,coffee,-21.5,-45,NASA POWER MERRA-2 PRECTOTCORR
2019-09-14,0,coffee-minas-south,coffee,-21.5,-45,NASA POWER MERRA-2 PRECTOTCORR
2019-09-15,0,coffee-minas-south,coffee,-21.5,-45,NASA POWER MERRA-2 PRECTOTCORR
2019-09-16,0,coffee-minas-south,coffee,-21.5,-45,NASA POWER MERRA-2 PRECTOTCORR
2019-09-17,0,coffee-minas-south,coffee,-21.5,-45,NASA POWER MERRA-2 PRECTOTCORR
2019-09-18,0,coffee-minas-south,coffee,-21.5,-45,NASA POWER MERRA-2 PRECTOTCORR
2019-09-19,0,coffee-minas-south,coffee,-21.5,-45,NASA POWER MERRA-2 PRECTOTCORR
2019-09-20,0,coffee-minas-south,coffee,-21.5,-45,NASA POWER MERRA-2 PRECTOTCORR
2019-09-21,0,coffee-minas-south,coffee,-21.5,-45,NASA POWER MERRA-2 PRECTOTCORR
2019-09-22,0.42,coffee-minas-south,coffee,-21.5,-45,NASA POWER MERRA-2 PRECTOTCORR
2019-09-23,0.06,coffee-minas-south,coffee,-21.5,-45,NASA POWER MERRA-2 PRECTOTCORR
2019-09-24,0.98,coffee-minas-south,coffee,-21.5,-45,NASA POWER MERRA-2 PRECTOTCORR
2019-09-25,20.82,coffee-minas-south,coffee,-21.5,-45,NASA POWER MERRA-2 PRECTOTCORR
2019-09-26,29.35,coffee-minas-south,coffee,-21.5,-45,NASA POWER MERRA-2 PRECTOTCORR
2019-09-27,0.08,coffee-minas-south,coffee,-21.5,-45,NASA POWER MERRA-2 PRECTOTCORR
2019-09-28,0,coffee-minas-south,coffee,-21.5,-45,NASA POWER MERRA-2 PRECTOTCORR
2019-09-29,0,coffee-minas-south,coffee,-21.5,-45,NASA POWER MERRA-2 PRECTOTCORR
2019-09-30,0,coffee-minas-south,coffee,-21.5,-45,NASA POWER MERRA-2 PRECTOTCORR
2019-10-01,0,coffee-minas-south,coffee,-21.5,-45,NASA POWER MERRA-2 PRECTOTCORR
2019-10-02,0.21,coffee-minas-south,coffee,-21.5,-45,NASA POWER MERRA-2 PRECTOTCORR
2019-10-03,0,coffee-minas-south,coffee,-21.5,-45,NASA POWER MERRA-2 PRECTOTCORR
2019-10-04,0,coffee-minas-south,coffee,-21.5,-45,NASA POWER MERRA-2 PRECTOTCORR
2019-10-05,0.01,coffee-minas-south,coffee,-21.5,-45,NASA POWER MERRA-2 PRECTOTCORR
2019-10-06,0.05,coffee-minas-south,coffee,-21.5,-45,NASA POWER MERRA-2 PRECTOTCORR
2019-10-07,5.77,coffee-minas-south,coffee,-21.5,-45,NASA POWER MERRA-2 PRECTOTCORR
2019-10-08,5.65,coffee-minas-south,coffee,-21.5,-45,NASA POWER MERRA-2 PRECTOTCORR
2019-10-09,11.75,coffee-minas-south,coffee,-21.5,-45,NASA POWER MERRA-2 PRECTOTCORR
2019-10-10,3.2,coffee-minas-south,coffee,-21.5,-45,NASA POWER MERRA-2 PRECTOTCORR
2019-10-11,2.12,coffee-minas-south,coffee,-21.5,-45,NASA POWER MERRA-2 PRECTOTCORR
2019-10-12,0.01,coffee-minas-south,coffee,-21.5,-45,NASA POWER MERRA-2 PRECTOTCORR
2019-10-13,0,coffee-minas-south,coffee,-21.5,-45,NASA POWER MERRA-2 PRECTOTCORR
2019-10-14,0,coffee-minas-south,coffee,-21.5,-45,NASA POWER MERRA-2 PRECTOTCORR
2019-10-15,0.9,coffee-minas-south,coffee,-21.5,-45,NASA POWER MERRA-2 PRECTOTCORR
2019-10-16,1.65,coffee-minas-south,coffee,-21.5,-45,NASA POWER MERRA-2 PRECTOTCORR
2019-10-17,0,coffee-minas-south,coffee,-21.5,-45,NASA POWER MERRA-2 PRECTOTCORR
2019-10-18,0.07,coffee-minas-south,coffee,-21.5,-45,NASA POWER MERRA-2 PRECTOTCORR
2019-10-19,4.38,coffee-minas-south,coffee,-21.5,-45,NASA POWER MERRA-2 PRECTOTCORR
2019-10-20,0.36,coffee-minas-south,coffee,-21.5,-45,NASA POWER MERRA-2 PRECTOTCORR
2019-10-21,3.89,coffee-minas-south,coffee,-21.5,-45,NASA POWER MERRA-2 PRECTOTCORR
2019-10-22,0.39,coffee-minas-south,coffee,-21.5,-45,NASA POWER MERRA-2 PRECTOTCORR
2019-10-23,0.12,coffee-minas-south,coffee,-21.5,-45,NASA POWER MERRA-2 PRECTOTCORR
2019-10-24,0.12,coffee-minas-south,coffee,-21.5,-45,NASA POWER MERRA-2 PRECTOTCORR
2019-10-25,0.94,coffee-minas-south,coffee,-21.5,-45,NASA POWER MERRA-2 PRECTOTCORR
2019-10-26,1.39,coffee-minas-south,coffee,-21.5,-45,NASA POWER MERRA-2 PRECTOTCORR
2019-10-27,2.85,coffee-minas-south,coffee,-21.5,-45,NASA POWER MERRA-2 PRECTOTCORR
2019-10-28,15.6,coffee-minas-south,coffee,-21.5,-45,NASA POWER MERRA-2 PRECTOTCORR
2019-10-29,5.8,coffee-minas-south,coffee,-21.5,-45,NASA POWER MERRA-2 PRECTOTCORR
2019-10-30,2.21,coffee-minas-south,coffee,-21.5,-45,NASA POWER MERRA-2 PRECTOTCORR
2019-10-31,7.4,coffee-minas-south,coffee,-21.5,-45,NASA POWER MERRA-2 PRECTOTCORR
2019-11-01,3.86,coffee-minas-south,coffee,-21.5,-45,NASA POWER MERRA-2 PRECTOTCORR
2019-11-02,0.15,coffee-minas-south,coffee,-21.5,-45,NASA POWER MERRA-2 PRECTOTCORR
2019-11-03,0,coffee-minas-south,coffee,-21.5,-45,NASA POWER MERRA-2 PRECTOTCORR
2019-11-04,0.01,coffee-minas-south,coffee,-21.5,-45,NASA POWER MERRA-2 PRECTOTCORR
2019-11-05,0.3,coffee-minas-south,coffee,-21.5,-45,NASA POWER MERRA-2 PRECTOTCORR
2019-11-06,7.48,coffee-minas-south,coffee,-21.5,-45,NASA POWER MERRA-2 PRECTOTCORR
2019-11-07,15.04,coffee-minas-south,coffee,-21.5,-45,NASA POWER MERRA-2 PRECTOTCORR
2019-11-08,6.62,coffee-minas-south,coffee,-21.5,-45,NASA POWER MERRA-2 PRECTOTCORR
2019-11-09,2.45,coffee-minas-south,coffee,-21.5,-45,NASA POWER MERRA-2 PRECTOTCORR
2019-11-10,0.85,coffee-minas-south,coffee,-21.5,-45,NASA POWER MERRA-2 PRECTOTCORR
2019-11-11,5.06,coffee-minas-south,coffee,-21.5,-45,NASA POWER MERRA-2 PRECTOTCORR
2019-11-12,1.5,coffee-minas-south,coffee,-21.5,-45,NASA POWER MERRA-2 PRECTOTCORR
2019-11-13,3.98,coffee-minas-south,coffee,-21.5,-45,NASA POWER MERRA-2 PRECTOTCORR
2019-11-14,43.8,coffee-minas-south,coffee,-21.5,-45,NASA POWER MERRA-2 PRECTOTCORR
2019-11-15,5.85,coffee-minas-south,coffee,-21.5,-45,NASA POWER MERRA-2 PRECTOTCORR
2019-11-16,2.72,coffee-minas-south,coffee,-21.5,-45,NASA POWER MERRA-2 PRECTOTCORR
2019-11-17,2.22,coffee-minas-south,coffee,-21.5,-45,NASA POWER MERRA-2 PRECTOTCORR
2019-11-18,3.17,coffee-minas-south,coffee,-21.5,-45,NASA POWER MERRA-2 PRECTOTCORR
2019-11-19,5.93,coffee-minas-south,coffee,-21.5,-45,NASA POWER MERRA-2 PRECTOTCORR
2019-11-20,4.38,coffee-minas-south,coffee,-21.5,-45,NASA POWER MERRA-2 PRECTOTCORR
2019-11-21,1.26,coffee-minas-south,coffee,-21.5,-45,NASA POWER MERRA-2 PRECTOTCORR
2019-11-22,3.68,coffee-minas-south,coffee,-21.5,-45,NASA POWER MERRA-2 PRECTOTCORR
2019-11-23,12.54,coffee-minas-south,coffee,-21.5,-45,NASA POWER MERRA-2 PRECTOTCORR
2019-11-24,5.92,coffee-minas-south,coffee,-21.5,-45,NASA POWER MERRA-2 PRECTOTCORR
2019-11-25,0.19,coffee-minas-south,coffee,-21.5,-45,NASA POWER MERRA-2 PRECTOTCORR
2019-11-26,0,coffee-minas-south,coffee,-21.5,-45,NASA POWER MERRA-2 PRECTOTCORR
2019-11-27,2.19,coffee-minas-south,coffee,-21.5,-45,NASA POWER MERRA-2 PRECTOTCORR
2019-11-28,10.82,coffee-minas-south,coffee,-21.5,-45,NASA POWER MERRA-2 PRECTOTCORR
2019-11-29,5.3,coffee-minas-south,coffee,-21.5,-45,NASA POWER MERRA-2 PRECTOTCORR
2019-11-30,1.44,coffee-minas-south,coffee,-21.5,-45,NASA POWER MERRA-2 PRECTOTCORR
2019-12-01,5.58,coffee-minas-south,coffee,-21.5,-45,NASA POWER MERRA-2 PRECTOTCORR
2019-12-02,0.31,coffee-minas-south,coffee,-21.5,-45,NASA POWER MERRA-2 PRECTOTCORR
2019-12-03,0.16,coffee-minas-south,coffee,-21.5,-45,NASA POWER MERRA-2 PRECTOTCORR
2019-12-04,3.89,coffee-minas-south,coffee,-21.5,-45,NASA POWER MERRA-2 PRECTOTCORR
2019-12-05,16.13,coffee-minas-south,coffee,-21.5,-45,NASA POWER MERRA-2 PRECTOTCORR
2019-12-06,10.38,coffee-minas-south,coffee,-21.5,-45,NASA POWER MERRA-2 PRECTOTCORR
2019-12-07,0.6,coffee-minas-south,coffee,-21.5,-45,NASA POWER MERRA-2 PRECTOTCORR
2019-12-08,0.02,coffee-minas-south,coffee,-21.5,-45,NASA POWER MERRA-2 PRECTOTCORR
2019-12-09,1.05,coffee-minas-south,coffee,-21.5,-45,NASA POWER MERRA-2 PRECTOTCORR
2019-12-10,10.15,coffee-minas-south,coffee,-21.5,-45,NASA POWER MERRA-2 PRECTOTCORR
2019-12-11,9.76,coffee-minas-south,coffee,-21.5,-45,NASA POWER MERRA-2 PRECTOTCORR
2019-12-12,10.5,coffee-minas-south,coffee,-21.5,-45,NASA POWER MERRA-2 PRECTOTCORR
2019-12-13,11.4,coffee-minas-south,coffee,-21.5,-45,NASA POWER MERRA-2 PRECTOTCORR
2019-12-14,2.4,coffee-minas-south,coffee,-21.5,-45,NASA POWER MERRA-2 PRECTOTCORR
2019-12-15,0.45,coffee-minas-south,coffee,-21.5,-45,NASA POWER MERRA-2 PRECTOTCORR
2019-12-16,0,coffee-minas-south,coffee,-21.5,-45,NASA POWER MERRA-2 PRECTOTCORR
2019-12-17,0,coffee-minas-south,coffee,-21.5,-45,NASA POWER MERRA-2 PRECTOTCORR
2019-12-18,1.09,coffee-minas-south,coffee,-21.5,-45,NASA POWER MERRA-2 PRECTOTCORR
2019-12-19,10.97,coffee-minas-south,coffee,-21.5,-45,NASA POWER MERRA-2 PRECTOTCORR
2019-12-20,3.47,coffee-minas-south,coffee,-21.5,-45,NASA POWER MERRA-2 PRECTOTCORR
2019-12-21,2.23,coffee-minas-south,coffee,-21.5,-45,NASA POWER MERRA-2 PRECTOTCORR
2019-12-22,5.34,coffee-minas-south,coffee,-21.5,-45,NASA POWER MERRA-2 PRECTOTCORR
2019-12-23,8.85,coffee-minas-south,coffee,-21.5,-45,NASA POWER MERRA-2 PRECTOTCORR
2019-12-24,8.33,coffee-minas-south,coffee,-21.5,-45,NASA POWER MERRA-2 PRECTOTCORR
2019-12-25,0.09,coffee-minas-south,coffee,-21.5,-45,NASA POWER MERRA-2 PRECTOTCORR
2019-12-26,0.23,coffee-minas-south,coffee,-21.5,-45,NASA POWER MERRA-2 PRECTOTCORR
2019-12-27,0.21,coffee-minas-south,coffee,-21.5,-45,NASA POWER MERRA-2 PRECTOTCORR
2019-12-28,0.33,coffee-minas-south,coffee,-21.5,-45,NASA POWER MERRA-2 PRECTOTCORR
2019-12-29,0.47,coffee-minas-south,coffee,-21.5,-45,NASA POWER MERRA-2 PRECTOTCORR
2019-12-30,0.35,coffee-minas-south,coffee,-21.5,-45,NASA POWER MERRA-2 PRECTOTCORR
2019-12-31,1.07,coffee-minas-south,coffee,-21.5,-45,NASA POWER MERRA-2 PRECTOTCORR
2020-01-01,5.94,coffee-minas-south,coffee,-21.5,-45,NASA POWER MERRA-2 PRECTOTCORR
2020-01-02,12.38,coffee-minas-south,coffee,-21.5,-45,NASA POWER MERRA-2 PRECTOTCORR
2020-01-03,3.69,coffee-minas-south,coffee,-21.5,-45,NASA POWER MERRA-2 PRECTOTCORR
2020-01-04,7.99,coffee-minas-south,coffee,-21.5,-45,NASA POWER MERRA-2 PRECTOTCORR
2020-01-05,11.63,coffee-minas-south,coffee,-21.5,-45,NASA POWER MERRA-2 PRECTOTCORR
2020-01-06,12.84,coffee-minas-south,coffee,-21.5,-45,NASA POWER MERRA-2 PRECTOTCORR
2020-01-07,1.54,coffee-minas-south,coffee,-21.5,-45,NASA POWER MERRA-2 PRECTOTCORR
2020-01-08,8.38,coffee-minas-south,coffee,-21.5,-45,NASA POWER MERRA-2 PRECTOTCORR
2020-01-09,2.98,coffee-minas-south,coffee,-21.5,-45,NASA POWER MERRA-2 PRECTOTCORR
2020-01-10,3.19,coffee-minas-south,coffee,-21.5,-45,NASA POWER MERRA-2 PRECTOTCORR
2020-01-11,5.43,coffee-minas-south,coffee,-21.5,-45,NASA POWER MERRA-2 PRECTOTCORR
2020-01-12,8.62,coffee-minas-south,coffee,-21.5,-45,NASA POWER MERRA-2 PRECTOTCORR
2020-01-13,10.1,coffee-minas-south,coffee,-21.5,-45,NASA POWER MERRA-2 PRECTOTCORR
2020-01-14,2.2,coffee-minas-south,coffee,-21.5,-45,NASA POWER MERRA-2 PRECTOTCORR
2020-01-15,0.03,coffee-minas-south,coffee,-21.5,-45,NASA POWER MERRA-2 PRECTOTCORR
2020-01-16,3.54,coffee-minas-south,coffee,-21.5,-45,NASA POWER MERRA-2 PRECTOTCORR
2020-01-17,4.5,coffee-minas-south,coffee,-21.5,-45,NASA POWER MERRA-2 PRECTOTCORR
2020-01-18,2.09,coffee-minas-south,coffee,-21.5,-45,NASA POWER MERRA-2 PRECTOTCORR
2020-01-19,1.7,coffee-minas-south,coffee,-21.5,-45,NASA POWER MERRA-2 PRECTOTCORR
2020-01-20,6.45,coffee-minas-south,coffee,-21.5,-45,NASA POWER MERRA-2 PRECTOTCORR
2020-01-21,0.48,coffee-minas-south,coffee,-21.5,-45,NASA POWER MERRA-2 PRECTOTCORR
2020-01-22,3.36,coffee-minas-south,coffee,-21.5,-45,NASA POWER MERRA-2 PRECTOTCORR
2020-01-23,9.5,coffee-minas-south,coffee,-21.5,-45,NASA POWER MERRA-2 PRECTOTCORR
2020-01-24,21.75,coffee-minas-south,coffee,-21.5,-45,NASA POWER MERRA-2 PRECTOTCORR
2020-01-25,0.91,coffee-minas-south,coffee,-21.5,-45,NASA POWER MERRA-2 PRECTOTCORR
2020-01-26,3.68,coffee-minas-south,coffee,-21.5,-45,NASA POWER MERRA-2 PRECTOTCORR
2020-01-27,3.32,coffee-minas-south,coffee,-21.5,-45,NASA POWER MERRA-2 PRECTOTCORR
2020-01-28,6.1,coffee-minas-south,coffee,-21.5,-45,NASA POWER MERRA-2 PRECTOTCORR
2020-01-29,8.61,coffee-minas-south,coffee,-21.5,-45,NASA POWER MERRA-2 PRECTOTCORR
2020-01-30,1.34,coffee-minas-south,coffee,-21.5,-45,NASA POWER MERRA-2 PRECTOTCORR
2020-01-31,0.72,coffee-minas-south,coffee,-21.5,-45,NASA POWER MERRA-2 PRECTOTCORR
2020-02-01,7.7,coffee-minas-south,coffee,-21.5,-45,NASA POWER MERRA-2 PRECTOTCORR
2020-02-02,7.56,coffee-minas-south,coffee,-21.5,-45,NASA POWER MERRA-2 PRECTOTCORR
2020-02-03,15.27,coffee-minas-south,coffee,-21.5,-45,NASA POWER MERRA-2 PRECTOTCORR
2020-02-04,9.8,coffee-minas-south,coffee,-21.5,-45,NASA POWER MERRA-2 PRECTOTCORR
2020-02-05,23.8,coffee-minas-south,coffee,-21.5,-45,NASA POWER MERRA-2 PRECTOTCORR
2020-02-06,31.36,coffee-minas-south,coffee,-21.5,-45,NASA POWER MERRA-2 PRECTOTCORR
2020-02-07,1.35,coffee-minas-south,coffee,-21.5,-45,NASA POWER MERRA-2 PRECTOTCORR
2020-02-08,3.7,coffee-minas-south,coffee,-21.5,-45,NASA POWER MERRA-2 PRECTOTCORR
2020-02-09,4.82,coffee-minas-south,coffee,-21.5,-45,NASA POWER MERRA-2 PRECTOTCORR
2020-02-10,14.5,coffee-minas-south,coffee,-21.5,-45,NASA POWER MERRA-2 PRECTOTCORR
2020-02-11,49.82,coffee-minas-south,coffee,-21.5,-45,NASA POWER MERRA-2 PRECTOTCORR
2020-02-12,39.26,coffee-minas-south,coffee,-21.5,-45,NASA POWER MERRA-2 PRECTOTCORR
2020-02-13,14.34,coffee-minas-south,coffee,-21.5,-45,NASA POWER MERRA-2 PRECTOTCORR
2020-02-14,0.99,coffee-minas-south,coffee,-21.5,-45,NASA POWER MERRA-2 PRECTOTCORR
2020-02-15,0.44,coffee-minas-south,coffee,-21.5,-45,NASA POWER MERRA-2 PRECTOTCORR
2020-02-16,18.04,coffee-minas-south,coffee,-21.5,-45,NASA POWER MERRA-2 PRECTOTCORR
2020-02-17,9.53,coffee-minas-south,coffee,-21.5,-45,NASA POWER MERRA-2 PRECTOTCORR
2020-02-18,18.39,coffee-minas-south,coffee,-21.5,-45,NASA POWER MERRA-2 PRECTOTCORR
2020-02-19,1.37,coffee-minas-south,coffee,-21.5,-45,NASA POWER MERRA-2 PRECTOTCORR
2020-02-20,6.2,coffee-minas-south,coffee,-21.5,-45,NASA POWER MERRA-2 PRECTOTCORR
2020-02-21,21.99,coffee-minas-south,coffee,-21.5,-45,NASA POWER MERRA-2 PRECTOTCORR
2020-02-22,5.67,coffee-minas-south,coffee,-21.5,-45,NASA POWER MERRA-2 PRECTOTCORR
2020-02-23,2.01,coffee-minas-south,coffee,-21.5,-45,NASA POWER MERRA-2 PRECTOTCORR
2020-02-24,9.38,coffee-minas-south,coffee,-21.5,-45,NASA POWER MERRA-2 PRECTOTCORR
2020-02-25,7.56,coffee-minas-south,coffee,-21.5,-45,NASA POWER MERRA-2 PRECTOTCORR
2020-02-26,5.01,coffee-minas-south,coffee,-21.5,-45,NASA POWER MERRA-2 PRECTOTCORR
2020-02-27,32.75,coffee-minas-south,coffee,-21.5,-45,NASA POWER MERRA-2 PRECTOTCORR
2020-02-28,9.36,coffee-minas-south,coffee,-21.5,-45,NASA POWER MERRA-2 PRECTOTCORR
2020-02-29,9.38,coffee-minas-south,coffee,-21.5,-45,NASA POWER MERRA-2 PRECTOTCORR
2020-03-01,13.91,coffee-minas-south,coffee,-21.5,-45,NASA POWER MERRA-2 PRECTOTCORR
2020-03-02,6.58,coffee-minas-south,coffee,-21.5,-45,NASA POWER MERRA-2 PRECTOTCORR
2020-03-03,3.13,coffee-minas-south,coffee,-21.5,-45,NASA POWER MERRA-2 PRECTOTCORR
2020-03-04,4.05,coffee-minas-south,coffee,-21.5,-45,NASA POWER MERRA-2 PRECTOTCORR
2020-03-05,0.19,coffee-minas-south,coffee,-21.5,-45,NASA POWER MERRA-2 PRECTOTCORR
2020-03-06,0.14,coffee-minas-south,coffee,-21.5,-45,NASA POWER MERRA-2 PRECTOTCORR
2020-03-07,0.37,coffee-minas-south,coffee,-21.5,-45,NASA POWER MERRA-2 PRECTOTCORR
2020-03-08,6.01,coffee-minas-south,coffee,-21.5,-45,NASA POWER MERRA-2 PRECTOTCORR
2020-03-09,4.29,coffee-minas-south,coffee,-21.5,-45,NASA POWER MERRA-2 PRECTOTCORR
2020-03-10,0.99,coffee-minas-south,coffee,-21.5,-45,NASA POWER MERRA-2 PRECTOTCORR
2020-03-11,0.4,coffee-minas-south,coffee,-21.5,-45,NASA POWER MERRA-2 PRECTOTCORR
2020-03-12,0.21,coffee-minas-south,coffee,-21.5,-45,NASA POWER MERRA-2 PRECTOTCORR
2020-03-13,0.76,coffee-minas-south,coffee,-21.5,-45,NASA POWER MERRA-2 PRECTOTCORR
2020-03-14,2.87,coffee-minas-south,coffee,-21.5,-45,NASA POWER MERRA-2 PRECTOTCORR
2020-03-15,8.33,coffee-minas-south,coffee,-21.5,-45,NASA POWER MERRA-2 PRECTOTCORR
2020-03-16,2.74,coffee-minas-south,coffee,-21.5,-45,NASA POWER MERRA-2 PRECTOTCORR
2020-03-17,7.62,coffee-minas-south,coffee,-21.5,-45,NASA POWER MERRA-2 PRECTOTCORR
2020-03-18,2.39,coffee-minas-south,coffee,-21.5,-45,NASA POWER MERRA-2 PRECTOTCORR
2020-03-19,7.45,coffee-minas-south,coffee,-21.5,-45,NASA POWER MERRA-2 PRECTOTCORR
2020-03-20,9.82,coffee-minas-south,coffee,-21.5,-45,NASA POWER MERRA-2 PRECTOTCORR
2020-03-21,16.9,coffee-minas-south,coffee,-21.5,-45,NASA POWER MERRA-2 PRECTOTCORR
2020-03-22,1.13,coffee-minas-south,coffee,-21.5,-45,NASA POWER MERRA-2 PRECTOTCORR
2020-03-23,0.11,coffee-minas-south,coffee,-21.5,-45,NASA POWER MERRA-2 PRECTOTCORR
2020-03-24,0.03,coffee-minas-south,coffee,-21.5,-45,NASA POWER MERRA-2 PRECTOTCORR
2020-03-25,0.02,coffee-minas-south,coffee,-21.5,-45,NASA POWER MERRA-2 PRECTOTCORR
2020-03-26,0.04,coffee-minas-south,coffee,-21.5,-45,NASA POWER MERRA-2 PRECTOTCORR
2020-03-27,0.05,coffee-minas-south,coffee,-21.5,-45,NASA POWER MERRA-2 PRECTOTCORR
2020-03-28,0.11,coffee-minas-south,coffee,-21.5,-45,NASA POWER MERRA-2 PRECTOTCORR
2020-03-29,5.48,coffee-minas-south,coffee,-21.5,-45,NASA POWER MERRA-2 PRECTOTCORR
2020-03-30,14.28,coffee-minas-south,coffee,-21.5,-45,NASA POWER MERRA-2 PRECTOTCORR
2020-03-31,8.94,coffee-minas-south,coffee,-21.5,-45,NASA POWER MERRA-2 PRECTOTCORR
2020-04-01,5.23,coffee-minas-south,coffee,-21.5,-45,NASA POWER MERRA-2 PRECTOTCORR
2020-04-02,2.84,coffee-minas-south,coffee,-21.5,-45,NASA POWER MERRA-2 PRECTOTCORR
2020-04-03,3.87,coffee-minas-south,coffee,-21.5,-45,NASA POWER MERRA-2 PRECTOTCORR
2020-04-04,0.17,coffee-minas-south,coffee,-21.5,-45,NASA POWER MERRA-2 PRECTOTCORR
2020-04-05,0.37,coffee-minas-south,coffee,-21.5,-45,NASA POWER MERRA-2 PRECTOTCORR
2020-04-06,0.59,coffee-minas-south,coffee,-21.5,-45,NASA POWER MERRA-2 PRECTOTCORR
2020-04-07,2,coffee-minas-south,coffee,-21.5,-45,NASA POWER MERRA-2 PRECTOTCORR
2020-04-08,1.94,coffee-minas-south,coffee,-21.5,-45,NASA POWER MERRA-2 PRECTOTCORR
2020-04-09,0.1,coffee-minas-south,coffee,-21.5,-45,NASA POWER MERRA-2 PRECTOTCORR
2020-04-10,0.34,coffee-minas-south,coffee,-21.5,-45,NASA POWER MERRA-2 PRECTOTCORR
2020-04-11,3.11,coffee-minas-south,coffee,-21.5,-45,NASA POWER MERRA-2 PRECTOTCORR
2020-04-12,1.13,coffee-minas-south,coffee,-21.5,-45,NASA POWER MERRA-2 PRECTOTCORR
2020-04-13,0.38,coffee-minas-south,coffee,-21.5,-45,NASA POWER MERRA-2 PRECTOTCORR
2020-04-14,2.64,coffee-minas-south,coffee,-21.5,-45,NASA POWER MERRA-2 PRECTOTCORR
2020-04-15,2.13,coffee-minas-south,coffee,-21.5,-45,NASA POWER MERRA-2 PRECTOTCORR
2020-04-16,1.55,coffee-minas-south,coffee,-21.5,-45,NASA POWER MERRA-2 PRECTOTCORR
2020-04-17,2.98,coffee-minas-south,coffee,-21.5,-45,NASA POWER MERRA-2 PRECTOTCORR
2020-04-18,0.05,coffee-minas-south,coffee,-21.5,-45,NASA POWER MERRA-2 PRECTOTCORR
2020-04-19,0.01,coffee-minas-south,coffee,-21.5,-45,NASA POWER MERRA-2 PRECTOTCORR
2020-04-20,0.03,coffee-minas-south,coffee,-21.5,-45,NASA POWER MERRA-2 PRECTOTCORR
2020-04-21,0.01,coffee-minas-south,coffee,-21.5,-45,NASA POWER MERRA-2 PRECTOTCORR
2020-04-22,0.04,coffee-minas-south,coffee,-21.5,-45,NASA POWER MERRA-2 PRECTOTCORR
2020-04-23,0.01,coffee-minas-south,coffee,-21.5,-45,NASA POWER MERRA-2 PRECTOTCORR
2020-04-24,0.01,coffee-minas-south,coffee,-21.5,-45,NASA POWER MERRA-2 PRECTOTCORR
2020-04-25,0,coffee-minas-south,coffee,-21.5,-45,NASA POWER MERRA-2 PRECTOTCORR
2020-04-26,0.02,coffee-minas-south,coffee,-21.5,-45,NASA POWER MERRA-2 PRECTOTCORR
2020-04-27,0.03,coffee-minas-south,coffee,-21.5,-45,NASA POWER MERRA-2 PRECTOTCORR
2020-04-28,0.02,coffee-minas-south,coffee,-21.5,-45,NASA POWER MERRA-2 PRECTOTCORR
2020-04-29,0.07,coffee-minas-south,coffee,-21.5,-45,NASA POWER MERRA-2 PRECTOTCORR
2020-04-30,0.02,coffee-minas-south,coffee,-21.5,-45,NASA POWER MERRA-2 PRECTOTCORR
2020-05-01,0.02,coffee-minas-south,coffee,-21.5,-45,NASA POWER MERRA-2 PRECTOTCORR
2020-05-02,0.16,coffee-minas-south,coffee,-21.5,-45,NASA POWER MERRA-2 PRECTOTCORR
2020-05-03,0.1,coffee-minas-south,coffee,-21.5,-45,NASA POWER MERRA-2 PRECTOTCORR
2020-05-04,0,coffee-minas-south,coffee,-21.5,-45,NASA POWER MERRA-2 PRECTOTCORR
2020-05-05,0.01,coffee-minas-south,coffee,-21.5,-45,NASA POWER MERRA-2 PRECTOTCORR
2020-05-06,0.11,coffee-minas-south,coffee,-21.5,-45,NASA POWER MERRA-2 PRECTOTCORR
2020-05-07,1.41,coffee-minas-south,coffee,-21.5,-45,NASA POWER MERRA-2 PRECTOTCORR
2020-05-08,0.13,coffee-minas-south,coffee,-21.5,-45,NASA POWER MERRA-2 PRECTOTCORR
2020-05-09,0.01,coffee-minas-south,coffee,-21.5,-45,NASA POWER MERRA-2 PRECTOTCORR
2020-05-10,0.01,coffee-minas-south,coffee,-21.5,-45,NASA POWER MERRA-2 PRECTOTCORR
2020-05-11,0.02,coffee-minas-south,coffee,-21.5,-45,NASA POWER MERRA-2 PRECTOTCORR
2020-05-12,0.87,coffee-minas-south,coffee,-21.5,-45,NASA POWER MERRA-2 PRECTOTCORR
2020-05-13,0.02,coffee-minas-south,coffee,-21.5,-45,NASA POWER MERRA-2 PRECTOTCORR
2020-05-14,3.03,coffee-minas-south,coffee,-21.5,-45,NASA POWER MERRA-2 PRECTOTCORR
2020-05-15,1.66,coffee-minas-south,coffee,-21.5,-45,NASA POWER MERRA-2 PRECTOTCORR
2020-05-16,0.68,coffee-minas-south,coffee,-21.5,-45,NASA POWER MERRA-2 PRECTOTCORR
2020-05-17,0.26,coffee-minas-south,coffee,-21.5,-45,NASA POWER MERRA-2 PRECTOTCORR
2020-05-18,0.12,coffee-minas-south,coffee,-21.5,-45,NASA POWER MERRA-2 PRECTOTCORR
2020-05-19,0.04,coffee-minas-south,coffee,-21.5,-45,NASA POWER MERRA-2 PRECTOTCORR
2020-05-20,0.02,coffee-minas-south,coffee,-21.5,-45,NASA POWER MERRA-2 PRECTOTCORR
2020-05-21,0.02,coffee-minas-south,coffee,-21.5,-45,NASA POWER MERRA-2 PRECTOTCORR
2020-05-22,0.06,coffee-minas-south,coffee,-21.5,-45,NASA POWER MERRA-2 PRECTOTCORR
2020-05-23,0.59,coffee-minas-south,coffee,-21.5,-45,NASA POWER MERRA-2 PRECTOTCORR
2020-05-24,14.86,coffee-minas-south,coffee,-21.5,-45,NASA POWER MERRA-2 PRECTOTCORR
2020-05-25,0.21,coffee-minas-south,coffee,-21.5,-45,NASA POWER MERRA-2 PRECTOTCORR
2020-05-26,0.08,coffee-minas-south,coffee,-21.5,-45,NASA POWER MERRA-2 PRECTOTCORR
2020-05-27,1.7,coffee-minas-south,coffee,-21.5,-45,NASA POWER MERRA-2 PRECTOTCORR
2020-05-28,0,coffee-minas-south,coffee,-21.5,-45,NASA POWER MERRA-2 PRECTOTCORR
2020-05-29,0.05,coffee-minas-south,coffee,-21.5,-45,NASA POWER MERRA-2 PRECTOTCORR
2020-05-30,0.01,coffee-minas-south,coffee,-21.5,-45,NASA POWER MERRA-2 PRECTOTCORR
2020-05-31,0.11,coffee-minas-south,coffee,-21.5,-45,NASA POWER MERRA-2 PRECTOTCORR
2020-06-01,0.03,coffee-minas-south,coffee,-21.5,-45,NASA POWER MERRA-2 PRECTOTCORR
2020-06-02,0.11,coffee-minas-south,coffee,-21.5,-45,NASA POWER MERRA-2 PRECTOTCORR
2020-06-03,0.06,coffee-minas-south,coffee,-21.5,-45,NASA POWER MERRA-2 PRECTOTCORR
2020-06-04,0.08,coffee-minas-south,coffee,-21.5,-45,NASA POWER MERRA-2 PRECTOTCORR
2020-06-05,0.06,coffee-minas-south,coffee,-21.5,-45,NASA POWER MERRA-2 PRECTOTCORR
2020-06-06,3.07,coffee-minas-south,coffee,-21.5,-45,NASA POWER MERRA-2 PRECTOTCORR
2020-06-07,2.77,coffee-minas-south,coffee,-21.5,-45,NASA POWER MERRA-2 PRECTOTCORR
2020-06-08,0.39,coffee-minas-south,coffee,-21.5,-45,NASA POWER MERRA-2 PRECTOTCORR
2020-06-09,0.16,coffee-minas-south,coffee,-21.5,-45,NASA POWER MERRA-2 PRECTOTCORR
2020-06-10,0.3,coffee-minas-south,coffee,-21.5,-45,NASA POWER MERRA-2 PRECTOTCORR
2020-06-11,0.12,coffee-minas-south,coffee,-21.5,-45,NASA POWER MERRA-2 PRECTOTCORR
2020-06-12,0.04,coffee-minas-south,coffee,-21.5,-45,NASA POWER MERRA-2 PRECTOTCORR
2020-06-13,0.01,coffee-minas-south,coffee,-21.5,-45,NASA POWER MERRA-2 PRECTOTCORR
2020-06-14,0.09,coffee-minas-south,coffee,-21.5,-45,NASA POWER MERRA-2 PRECTOTCORR
2020-06-15,0.09,coffee-minas-south,coffee,-21.5,-45,NASA POWER MERRA-2 PRECTOTCORR
2020-06-16,0.13,coffee-minas-south,coffee,-21.5,-45,NASA POWER MERRA-2 PRECTOTCORR
2020-06-17,0.04,coffee-minas-south,coffee,-21.5,-45,NASA POWER MERRA-2 PRECTOTCORR
2020-06-18,0.04,coffee-minas-south,coffee,-21.5,-45,NASA POWER MERRA-2 PRECTOTCORR
2020-06-19,0.05,coffee-minas-south,coffee,-21.5,-45,NASA POWER MERRA-2 PRECTOTCORR
2020-06-20,1.03,coffee-minas-south,coffee,-21.5,-45,NASA POWER MERRA-2 PRECTOTCORR
2020-06-21,0.03,coffee-minas-south,coffee,-21.5,-45,NASA POWER MERRA-2 PRECTOTCORR
2020-06-22,0.04,coffee-minas-south,coffee,-21.5,-45,NASA POWER MERRA-2 PRECTOTCORR
2020-06-23,0.02,coffee-minas-south,coffee,-21.5,-45,NASA POWER MERRA-2 PRECTOTCORR
2020-06-24,0.08,coffee-minas-south,coffee,-21.5,-45,NASA POWER MERRA-2 PRECTOTCORR
2020-06-25,0.05,coffee-minas-south,coffee,-21.5,-45,NASA POWER MERRA-2 PRECTOTCORR
2020-06-26,0.04,coffee-minas-south,coffee,-21.5,-45,NASA POWER MERRA-2 PRECTOTCORR
2020-06-27,0.37,coffee-minas-south,coffee,-21.5,-45,NASA POWER MERRA-2 PRECTOTCORR
2020-06-28,0.06,coffee-minas-south,coffee,-21.5,-45,NASA POWER MERRA-2 PRECTOTCORR
2020-06-29,0.08,coffee-minas-south,coffee,-21.5,-45,NASA POWER MERRA-2 PRECTOTCORR
2020-06-30,0.05,coffee-minas-south,coffee,-21.5,-45,NASA POWER MERRA-2 PRECTOTCORR
2020-07-01,0.11,coffee-minas-south,coffee,-21.5,-45,NASA POWER MERRA-2 PRECTOTCORR
2020-07-02,0,coffee-minas-south,coffee,-21.5,-45,NASA POWER MERRA-2 PRECTOTCORR
2020-07-03,0,coffee-minas-south,coffee,-21.5,-45,NASA POWER MERRA-2 PRECTOTCORR
2020-07-04,0.01,coffee-minas-south,coffee,-21.5,-45,NASA POWER MERRA-2 PRECTOTCORR
2020-07-05,0.03,coffee-minas-south,coffee,-21.5,-45,NASA POWER MERRA-2 PRECTOTCORR
2020-07-06,0.11,coffee-minas-south,coffee,-21.5,-45,NASA POWER MERRA-2 PRECTOTCORR
2020-07-07,0.05,coffee-minas-south,coffee,-21.5,-45,NASA POWER MERRA-2 PRECTOTCORR
2020-07-08,0,coffee-minas-south,coffee,-21.5,-45,NASA POWER MERRA-2 PRECTOTCORR
2020-07-09,2.21,coffee-minas-south,coffee,-21.5,-45,NASA POWER MERRA-2 PRECTOTCORR
2020-07-10,0.08,coffee-minas-south,coffee,-21.5,-45,NASA POWER MERRA-2 PRECTOTCORR
2020-07-11,0,coffee-minas-south,coffee,-21.5,-45,NASA POWER MERRA-2 PRECTOTCORR
2020-07-12,0,coffee-minas-south,coffee,-21.5,-45,NASA POWER MERRA-2 PRECTOTCORR
2020-07-13,0,coffee-minas-south,coffee,-21.5,-45,NASA POWER MERRA-2 PRECTOTCORR
2020-07-14,0.12,coffee-minas-south,coffee,-21.5,-45,NASA POWER MERRA-2 PRECTOTCORR
2020-07-15,0.08,coffee-minas-south,coffee,-21.5,-45,NASA POWER MERRA-2 PRECTOTCORR
2020-07-16,0.13,coffee-minas-south,coffee,-21.5,-45,NASA POWER MERRA-2 PRECTOTCORR
2020-07-17,0.53,coffee-minas-south,coffee,-21.5,-45,NASA POWER MERRA-2 PRECTOTCORR
2020-07-18,0.02,coffee-minas-south,coffee,-21.5,-45,NASA POWER MERRA-2 PRECTOTCORR
2020-07-19,0.09,coffee-minas-south,coffee,-21.5,-45,NASA POWER MERRA-2 PRECTOTCORR
2020-07-20,0.01,coffee-minas-south,coffee,-21.5,-45,NASA POWER MERRA-2 PRECTOTCORR
2020-07-21,0.03,coffee-minas-south,coffee,-21.5,-45,NASA POWER MERRA-2 PRECTOTCORR
2020-07-22,0,coffee-minas-south,coffee,-21.5,-45,NASA POWER MERRA-2 PRECTOTCORR
2020-07-23,0.04,coffee-minas-south,coffee,-21.5,-45,NASA POWER MERRA-2 PRECTOTCORR
2020-07-24,0.01,coffee-minas-south,coffee,-21.5,-45,NASA POWER MERRA-2 PRECTOTCORR
2020-07-25,0.26,coffee-minas-south,coffee,-21.5,-45,NASA POWER MERRA-2 PRECTOTCORR
2020-07-26,0,coffee-minas-south,coffee,-21.5,-45,NASA POWER MERRA-2 PRECTOTCORR
2020-07-27,0.02,coffee-minas-south,coffee,-21.5,-45,NASA POWER MERRA-2 PRECTOTCORR
2020-07-28,0,coffee-minas-south,coffee,-21.5,-45,NASA POWER MERRA-2 PRECTOTCORR
2020-07-29,0.22,coffee-minas-south,coffee,-21.5,-45,NASA POWER MERRA-2 PRECTOTCORR
2020-07-30,0.42,coffee-minas-south,coffee,-21.5,-45,NASA POWER MERRA-2 PRECTOTCORR
2020-07-31,0.18,coffee-minas-south,coffee,-21.5,-45,NASA POWER MERRA-2 PRECTOTCORR
2020-08-01,0,coffee-minas-south,coffee,-21.5,-45,NASA POWER MERRA-2 PRECTOTCORR
2020-08-02,0.01,coffee-minas-south,coffee,-21.5,-45,NASA POWER MERRA-2 PRECTOTCORR
2020-08-03,0.06,coffee-minas-south,coffee,-21.5,-45,NASA POWER MERRA-2 PRECTOTCORR
2020-08-04,0.02,coffee-minas-south,coffee,-21.5,-45,NASA POWER MERRA-2 PRECTOTCORR
2020-08-05,0.05,coffee-minas-south,coffee,-21.5,-45,NASA POWER MERRA-2 PRECTOTCORR
2020-08-06,0.77,coffee-minas-south,coffee,-21.5,-45,NASA POWER MERRA-2 PRECTOTCORR
2020-08-07,0,coffee-minas-south,coffee,-21.5,-45,NASA POWER MERRA-2 PRECTOTCORR
2020-08-08,0.05,coffee-minas-south,coffee,-21.5,-45,NASA POWER MERRA-2 PRECTOTCORR
2020-08-09,0.06,coffee-minas-south,coffee,-21.5,-45,NASA POWER MERRA-2 PRECTOTCORR
2020-08-10,0.01,coffee-minas-south,coffee,-21.5,-45,NASA POWER MERRA-2 PRECTOTCORR
2020-08-11,0.84,coffee-minas-south,coffee,-21.5,-45,NASA POWER MERRA-2 PRECTOTCORR
2020-08-12,0.05,coffee-minas-south,coffee,-21.5,-45,NASA POWER MERRA-2 PRECTOTCORR
2020-08-13,0.14,coffee-minas-south,coffee,-21.5,-45,NASA POWER MERRA-2 PRECTOTCORR
2020-08-14,0,coffee-minas-south,coffee,-21.5,-45,NASA POWER MERRA-2 PRECTOTCORR
2020-08-15,0,coffee-minas-south,coffee,-21.5,-45,NASA POWER MERRA-2 PRECTOTCORR
2020-08-16,0,coffee-minas-south,coffee,-21.5,-45,NASA POWER MERRA-2 PRECTOTCORR
2020-08-17,0.18,coffee-minas-south,coffee,-21.5,-45,NASA POWER MERRA-2 PRECTOTCORR
2020-08-18,0.08,coffee-minas-south,coffee,-21.5,-45,NASA POWER MERRA-2 PRECTOTCORR
2020-08-19,0.05,coffee-minas-south,coffee,-21.5,-45,NASA POWER MERRA-2 PRECTOTCORR
2020-08-20,5.68,coffee-minas-south,coffee,-21.5,-45,NASA POWER MERRA-2 PRECTOTCORR
2020-08-21,6.76,coffee-minas-south,coffee,-21.5,-45,NASA POWER MERRA-2 PRECTOTCORR
2020-08-22,4.34,coffee-minas-south,coffee,-21.5,-45,NASA POWER MERRA-2 PRECTOTCORR
2020-08-23,0.04,coffee-minas-south,coffee,-21.5,-45,NASA POWER MERRA-2 PRECTOTCORR
2020-08-24,0.05,coffee-minas-south,coffee,-21.5,-45,NASA POWER MERRA-2 PRECTOTCORR
2020-08-25,0.03,coffee-minas-south,coffee,-21.5,-45,NASA POWER MERRA-2 PRECTOTCORR
2020-08-26,0.02,coffee-minas-south,coffee,-21.5,-45,NASA POWER MERRA-2 PRECTOTCORR
2020-08-27,0.04,coffee-minas-south,coffee,-21.5,-45,NASA POWER MERRA-2 PRECTOTCORR
2020-08-28,0,coffee-minas-south,coffee,-21.5,-45,NASA POWER MERRA-2 PRECTOTCORR
2020-08-29,0,coffee-minas-south,coffee,-21.5,-45,NASA POWER MERRA-2 PRECTOTCORR
2020-08-30,0,coffee-minas-south,coffee,-21.5,-45,NASA POWER MERRA-2 PRECTOTCORR
2020-08-31,0.05,coffee-minas-south,coffee,-21.5,-45,NASA POWER MERRA-2 PRECTOTCORR
2020-09-01,0.11,coffee-minas-south,coffee,-21.5,-45,NASA POWER MERRA-2 PRECTOTCORR
2020-09-02,0.62,coffee-minas-south,coffee,-21.5,-45,NASA POWER MERRA-2 PRECTOTCORR
2020-09-03,0.04,coffee-minas-south,coffee,-21.5,-45,NASA POWER MERRA-2 PRECTOTCORR
2020-09-04,0.18,coffee-minas-south,coffee,-21.5,-45,NASA POWER MERRA-2 PRECTOTCORR
2020-09-05,0.38,coffee-minas-south,coffee,-21.5,-45,NASA POWER MERRA-2 PRECTOTCORR
2020-09-06,0,coffee-minas-south,coffee,-21.5,-45,NASA POWER MERRA-2 PRECTOTCORR
2020-09-07,0,coffee-minas-south,coffee,-21.5,-45,NASA POWER MERRA-2 PRECTOTCORR
2020-09-08,0,coffee-minas-south,coffee,-21.5,-45,NASA POWER MERRA-2 PRECTOTCORR
2020-09-09,0.01,coffee-minas-south,coffee,-21.5,-45,NASA POWER MERRA-2 PRECTOTCORR
2020-09-10,0.03,coffee-minas-south,coffee,-21.5,-45,NASA POWER MERRA-2 PRECTOTCORR
2020-09-11,0.12,coffee-minas-south,coffee,-21.5,-45,NASA POWER MERRA-2 PRECTOTCORR
2020-09-12,0,coffee-minas-south,coffee,-21.5,-45,NASA POWER MERRA-2 PRECTOTCORR
2020-09-13,0,coffee-minas-south,coffee,-21.5,-45,NASA POWER MERRA-2 PRECTOTCORR
2020-09-14,0,coffee-minas-south,coffee,-21.5,-45,NASA POWER MERRA-2 PRECTOTCORR
2020-09-15,0.02,coffee-minas-south,coffee,-21.5,-45,NASA POWER MERRA-2 PRECTOTCORR
2020-09-16,0.02,coffee-minas-south,coffee,-21.5,-45,NASA POWER MERRA-2 PRECTOTCORR
2020-09-17,0,coffee-minas-south,coffee,-21.5,-45,NASA POWER MERRA-2 PRECTOTCORR
2020-09-18,0.01,coffee-minas-south,coffee,-21.5,-45,NASA POWER MERRA-2 PRECTOTCORR
2020-09-19,0.78,coffee-minas-south,coffee,-21.5,-45,NASA POWER MERRA-2 PRECTOTCORR
2020-09-20,3.2,coffee-minas-south,coffee,-21.5,-45,NASA POWER MERRA-2 PRECTOTCORR
2020-09-21,14.57,coffee-minas-south,coffee,-21.5,-45,NASA POWER MERRA-2 PRECTOTCORR
2020-09-22,8.62,coffee-minas-south,coffee,-21.5,-45,NASA POWER MERRA-2 PRECTOTCORR
2020-09-23,0.51,coffee-minas-south,coffee,-21.5,-45,NASA POWER MERRA-2 PRECTOTCORR
2020-09-24,0.02,coffee-minas-south,coffee,-21.5,-45,NASA POWER MERRA-2 PRECTOTCORR
2020-09-25,0.02,coffee-minas-south,coffee,-21.5,-45,NASA POWER MERRA-2 PRECTOTCORR
2020-09-26,0.15,coffee-minas-south,coffee,-21.5,-45,NASA POWER MERRA-2 PRECTOTCORR
2020-09-27,0,coffee-minas-south,coffee,-21.5,-45,NASA POWER MERRA-2 PRECTOTCORR
2020-09-28,0.02,coffee-minas-south,coffee,-21.5,-45,NASA POWER MERRA-2 PRECTOTCORR
2020-09-29,1.18,coffee-minas-south,coffee,-21.5,-45,NASA POWER MERRA-2 PRECTOTCORR
2020-09-30,5.56,coffee-minas-south,coffee,-21.5,-45,NASA POWER MERRA-2 PRECTOTCORR
2020-10-01,0.71,coffee-minas-south,coffee,-21.5,-45,NASA POWER MERRA-2 PRECTOTCORR
2020-10-02,0.02,coffee-minas-south,coffee,-21.5,-45,NASA POWER MERRA-2 PRECTOTCORR
2020-10-03,0.5,coffee-minas-south,coffee,-21.5,-45,NASA POWER MERRA-2 PRECTOTCORR
2020-10-04,0.46,coffee-minas-south,coffee,-21.5,-45,NASA POWER MERRA-2 PRECTOTCORR
2020-10-05,0.04,coffee-minas-south,coffee,-21.5,-45,NASA POWER MERRA-2 PRECTOTCORR
2020-10-06,0.47,coffee-minas-south,coffee,-21.5,-45,NASA POWER MERRA-2 PRECTOTCORR
2020-10-07,1.61,coffee-minas-south,coffee,-21.5,-45,NASA POWER MERRA-2 PRECTOTCORR
2020-10-08,0.17,coffee-minas-south,coffee,-21.5,-45,NASA POWER MERRA-2 PRECTOTCORR
2020-10-09,8.93,coffee-minas-south,coffee,-21.5,-45,NASA POWER MERRA-2 PRECTOTCORR
2020-10-10,2.87,coffee-minas-south,coffee,-21.5,-45,NASA POWER MERRA-2 PRECTOTCORR
2020-10-11,0.52,coffee-minas-south,coffee,-21.5,-45,NASA POWER MERRA-2 PRECTOTCORR
2020-10-12,0.62,coffee-minas-south,coffee,-21.5,-45,NASA POWER MERRA-2 PRECTOTCORR
2020-10-13,1.14,coffee-minas-south,coffee,-21.5,-45,NASA POWER MERRA-2 PRECTOTCORR
2020-10-14,1.41,coffee-minas-south,coffee,-21.5,-45,NASA POWER MERRA-2 PRECTOTCORR
2020-10-15,3.49,coffee-minas-south,coffee,-21.5,-45,NASA POWER MERRA-2 PRECTOTCORR
2020-10-16,0.57,coffee-minas-south,coffee,-21.5,-45,NASA POWER MERRA-2 PRECTOTCORR
2020-10-17,1.23,coffee-minas-south,coffee,-21.5,-45,NASA POWER MERRA-2 PRECTOTCORR
2020-10-18,0.7,coffee-minas-south,coffee,-21.5,-45,NASA POWER MERRA-2 PRECTOTCORR
2020-10-19,0.26,coffee-minas-south,coffee,-21.5,-45,NASA POWER MERRA-2 PRECTOTCORR
2020-10-20,1.35,coffee-minas-south,coffee,-21.5,-45,NASA POWER MERRA-2 PRECTOTCORR
2020-10-21,2.78,coffee-minas-south,coffee,-21.5,-45,NASA POWER MERRA-2 PRECTOTCORR
2020-10-22,1.07,coffee-minas-south,coffee,-21.5,-45,NASA POWER MERRA-2 PRECTOTCORR
2020-10-23,0.23,coffee-minas-south,coffee,-21.5,-45,NASA POWER MERRA-2 PRECTOTCORR
2020-10-24,4.69,coffee-minas-south,coffee,-21.5,-45,NASA POWER MERRA-2 PRECTOTCORR
2020-10-25,9.08,coffee-minas-south,coffee,-21.5,-45,NASA POWER MERRA-2 PRECTOTCORR
2020-10-26,0.21,coffee-minas-south,coffee,-21.5,-45,NASA POWER MERRA-2 PRECTOTCORR
2020-10-27,0.12,coffee-minas-south,coffee,-21.5,-45,NASA POWER MERRA-2 PRECTOTCORR
2020-10-28,0.06,coffee-minas-south,coffee,-21.5,-45,NASA POWER MERRA-2 PRECTOTCORR
2020-10-29,5.72,coffee-minas-south,coffee,-21.5,-45,NASA POWER MERRA-2 PRECTOTCORR
2020-10-30,7.74,coffee-minas-south,coffee,-21.5,-45,NASA POWER MERRA-2 PRECTOTCORR
2020-10-31,2.08,coffee-minas-south,coffee,-21.5,-45,NASA POWER MERRA-2 PRECTOTCORR
2020-11-01,2.51,coffee-minas-south,coffee,-21.5,-45,NASA POWER MERRA-2 PRECTOTCORR
2020-11-02,0.16,coffee-minas-south,coffee,-21.5,-45,NASA POWER MERRA-2 PRECTOTCORR
2020-11-03,13.01,coffee-minas-south,coffee,-21.5,-45,NASA POWER MERRA-2 PRECTOTCORR
2020-11-04,2.5,coffee-minas-south,coffee,-21.5,-45,NASA POWER MERRA-2 PRECTOTCORR
2020-11-05,0.27,coffee-minas-south,coffee,-21.5,-45,NASA POWER MERRA-2 PRECTOTCORR
2020-11-06,0.06,coffee-minas-south,coffee,-21.5,-45,NASA POWER MERRA-2 PRECTOTCORR
2020-11-07,0.08,coffee-minas-south,coffee,-21.5,-45,NASA POWER MERRA-2 PRECTOTCORR
2020-11-08,5.91,coffee-minas-south,coffee,-21.5,-45,NASA POWER MERRA-2 PRECTOTCORR
2020-11-09,7.27,coffee-minas-south,coffee,-21.5,-45,NASA POWER MERRA-2 PRECTOTCORR
2020-11-10,17.33,coffee-minas-south,coffee,-21.5,-45,NASA POWER MERRA-2 PRECTOTCORR
2020-11-11,15.67,coffee-minas-south,coffee,-21.5,-45,NASA POWER MERRA-2 PRECTOTCORR
2020-11-12,8.66,coffee-minas-south,coffee,-21.5,-45,NASA POWER MERRA-2 PRECTOTCORR
2020-11-13,10.51,coffee-minas-south,coffee,-21.5,-45,NASA POWER MERRA-2 PRECTOTCORR
2020-11-14,1.55,coffee-minas-south,coffee,-21.5,-45,NASA POWER MERRA-2 PRECTOTCORR
2020-11-15,2.19,coffee-minas-south,coffee,-21.5,-45,NASA POWER MERRA-2 PRECTOTCORR
2020-11-16,7.79,coffee-minas-south,coffee,-21.5,-45,NASA POWER MERRA-2 PRECTOTCORR
2020-11-17,8.97,coffee-minas-south,coffee,-21.5,-45,NASA POWER MERRA-2 PRECTOTCORR
2020-11-18,8.24,coffee-minas-south,coffee,-21.5,-45,NASA POWER MERRA-2 PRECTOTCORR
2020-11-19,9.08,coffee-minas-south,coffee,-21.5,-45,NASA POWER MERRA-2 PRECTOTCORR
2020-11-20,0.97,coffee-minas-south,coffee,-21.5,-45,NASA POWER MERRA-2 PRECTOTCORR
2020-11-21,0.23,coffee-minas-south,coffee,-21.5,-45,NASA POWER MERRA-2 PRECTOTCORR
2020-11-22,3.73,coffee-minas-south,coffee,-21.5,-45,NASA POWER MERRA-2 PRECTOTCORR
2020-11-23,2.16,coffee-minas-south,coffee,-21.5,-45,NASA POWER MERRA-2 PRECTOTCORR
2020-11-24,0.57,coffee-minas-south,coffee,-21.5,-45,NASA POWER MERRA-2 PRECTOTCORR
2020-11-25,0.36,coffee-minas-south,coffee,-21.5,-45,NASA POWER MERRA-2 PRECTOTCORR
2020-11-26,2.11,coffee-minas-south,coffee,-21.5,-45,NASA POWER MERRA-2 PRECTOTCORR
2020-11-27,0.11,coffee-minas-south,coffee,-21.5,-45,NASA POWER MERRA-2 PRECTOTCORR
2020-11-28,0.06,coffee-minas-south,coffee,-21.5,-45,NASA POWER MERRA-2 PRECTOTCORR
2020-11-29,0.08,coffee-minas-south,coffee,-21.5,-45,NASA POWER MERRA-2 PRECTOTCORR
2020-11-30,4.8,coffee-minas-south,coffee,-21.5,-45,NASA POWER MERRA-2 PRECTOTCORR
2020-12-01,3.08,coffee-minas-south,coffee,-21.5,-45,NASA POWER MERRA-2 PRECTOTCORR
2020-12-02,4.8,coffee-minas-south,coffee,-21.5,-45,NASA POWER MERRA-2 PRECTOTCORR
2020-12-03,9.05,coffee-minas-south,coffee,-21.5,-45,NASA POWER MERRA-2 PRECTOTCORR
2020-12-04,6.11,coffee-minas-south,coffee,-21.5,-45,NASA POWER MERRA-2 PRECTOTCORR
2020-12-05,12.56,coffee-minas-south,coffee,-21.5,-45,NASA POWER MERRA-2 PRECTOTCORR
2020-12-06,19.55,coffee-minas-south,coffee,-21.5,-45,NASA POWER MERRA-2 PRECTOTCORR
2020-12-07,21.69,coffee-minas-south,coffee,-21.5,-45,NASA POWER MERRA-2 PRECTOTCORR
2020-12-08,7.89,coffee-minas-south,coffee,-21.5,-45,NASA POWER MERRA-2 PRECTOTCORR
2020-12-09,6.99,coffee-minas-south,coffee,-21.5,-45,NASA POWER MERRA-2 PRECTOTCORR
2020-12-10,7.22,coffee-minas-south,coffee,-21.5,-45,NASA POWER MERRA-2 PRECTOTCORR
2020-12-11,3.48,coffee-minas-south,coffee,-21.5,-45,NASA POWER MERRA-2 PRECTOTCORR
2020-12-12,24.47,coffee-minas-south,coffee,-21.5,-45,NASA POWER MERRA-2 PRECTOTCORR
2020-12-13,7.55,coffee-minas-south,coffee,-21.5,-45,NASA POWER MERRA-2 PRECTOTCORR
2020-12-14,4.01,coffee-minas-south,coffee,-21.5,-45,NASA POWER MERRA-2 PRECTOTCORR
2020-12-15,1.1,coffee-minas-south,coffee,-21.5,-45,NASA POWER MERRA-2 PRECTOTCORR
2020-12-16,3.91,coffee-minas-south,coffee,-21.5,-45,NASA POWER MERRA-2 PRECTOTCORR
2020-12-17,4.33,coffee-minas-south,coffee,-21.5,-45,NASA POWER MERRA-2 PRECTOTCORR
2020-12-18,10.32,coffee-minas-south,coffee,-21.5,-45,NASA POWER MERRA-2 PRECTOTCORR
2020-12-19,2.29,coffee-minas-south,coffee,-21.5,-45,NASA POWER MERRA-2 PRECTOTCORR
2020-12-20,2.86,coffee-minas-south,coffee,-21.5,-45,NASA POWER MERRA-2 PRECTOTCORR
2020-12-21,1.35,coffee-minas-south,coffee,-21.5,-45,NASA POWER MERRA-2 PRECTOTCORR
2020-12-22,8.1,coffee-minas-south,coffee,-21.5,-45,NASA POWER MERRA-2 PRECTOTCORR
2020-12-23,7.42,coffee-minas-south,coffee,-21.5,-45,NASA POWER MERRA-2 PRECTOTCORR
2020-12-24,10.52,coffee-minas-south,coffee,-21.5,-45,NASA POWER MERRA-2 PRECTOTCORR
2020-12-25,14.13,coffee-minas-south,coffee,-21.5,-45,NASA POWER MERRA-2 PRECTOTCORR
2020-12-26,6.82,coffee-minas-south,coffee,-21.5,-45,NASA POWER MERRA-2 PRECTOTCORR
2020-12-27,11.57,coffee-minas-south,coffee,-21.5,-45,NASA POWER MERRA-2 PRECTOTCORR
2020-12-28,6.02,coffee-minas-south,coffee,-21.5,-45,NASA POWER MERRA-2 PRECTOTCORR
2020-12-29,3.76,coffee-minas-south,coffee,-21.5,-45,NASA POWER MERRA-2 PRECTOTCORR
2020-12-30,1.33,coffee-minas-south,coffee,-21.5,-45,NASA POWER MERRA-2 PRECTOTCORR
2020-12-31,3.34,coffee-minas-south,coffee,-21.5,-45,NASA POWER MERRA-2 PRECTOTCORR
2021-01-01,14.2,coffee-minas-south,coffee,-21.5,-45,NASA POWER MERRA-2 PRECTOTCORR
2021-01-02,20.97,coffee-minas-south,coffee,-21.5,-45,NASA POWER MERRA-2 PRECTOTCORR
2021-01-03,10.29,coffee-minas-south,coffee,-21.5,-45,NASA POWER MERRA-2 PRECTOTCORR
2021-01-04,18.52,coffee-minas-south,coffee,-21.5,-45,NASA POWER MERRA-2 PRECTOTCORR
2021-01-05,4.4,coffee-minas-south,coffee,-21.5,-45,NASA POWER MERRA-2 PRECTOTCORR
2021-01-06,5.82,coffee-minas-south,coffee,-21.5,-45,NASA POWER MERRA-2 PRECTOTCORR
2021-01-07,16.76,coffee-minas-south,coffee,-21.5,-45,NASA POWER MERRA-2 PRECTOTCORR
2021-01-08,3.92,coffee-minas-south,coffee,-21.5,-45,NASA POWER MERRA-2 PRECTOTCORR
2021-01-09,10.48,coffee-minas-south,coffee,-21.5,-45,NASA POWER MERRA-2 PRECTOTCORR
2021-01-10,12.35,coffee-minas-south,coffee,-21.5,-45,NASA POWER MERRA-2 PRECTOTCORR
2021-01-11,14.14,coffee-minas-south,coffee,-21.5,-45,NASA POWER MERRA-2 PRECTOTCORR
2021-01-12,5.5,coffee-minas-south,coffee,-21.5,-45,NASA POWER MERRA-2 PRECTOTCORR
2021-01-13,7.3,coffee-minas-south,coffee,-21.5,-45,NASA POWER MERRA-2 PRECTOTCORR
2021-01-14,4.63,coffee-minas-south,coffee,-21.5,-45,NASA POWER MERRA-2 PRECTOTCORR
2021-01-15,11.48,coffee-minas-south,coffee,-21.5,-45,NASA POWER MERRA-2 PRECTOTCORR
2021-01-16,3.26,coffee-minas-south,coffee,-21.5,-45,NASA POWER MERRA-2 PRECTOTCORR
2021-01-17,4.01,coffee-minas-south,coffee,-21.5,-45,NASA POWER MERRA-2 PRECTOTCORR
2021-01-18,1.08,coffee-minas-south,coffee,-21.5,-45,NASA POWER MERRA-2 PRECTOTCORR
2021-01-19,0.07,coffee-minas-south,coffee,-21.5,-45,NASA POWER MERRA-2 PRECTOTCORR
2021-01-20,0.02,coffee-minas-south,coffee,-21.5,-45,NASA POWER MERRA-2 PRECTOTCORR
2021-01-21,0.12,coffee-minas-south,coffee,-21.5,-45,NASA POWER MERRA-2 PRECTOTCORR
2021-01-22,0.55,coffee-minas-south,coffee,-21.5,-45,NASA POWER MERRA-2 PRECTOTCORR
2021-01-23,0.93,coffee-minas-south,coffee,-21.5,-45,NASA POWER MERRA-2 PRECTOTCORR
2021-01-24,0.76,coffee-minas-south,coffee,-21.5,-45,NASA POWER MERRA-2 PRECTOTCORR
2021-01-25,0.29,coffee-minas-south,coffee,-21.5,-45,NASA POWER MERRA-2 PRECTOTCORR
2021-01-26,0.2,coffee-minas-south,coffee,-21.5,-45,NASA POWER MERRA-2 PRECTOTCORR
2021-01-27,0.01,coffee-minas-south,coffee,-21.5,-45,NASA POWER MERRA-2 PRECTOTCORR
2021-01-28,0,coffee-minas-south,coffee,-21.5,-45,NASA POWER MERRA-2 PRECTOTCORR
2021-01-29,0,coffee-minas-south,coffee,-21.5,-45,NASA POWER MERRA-2 PRECTOTCORR
2021-01-30,0.04,coffee-minas-south,coffee,-21.5,-45,NASA POWER MERRA-2 PRECTOTCORR
2021-01-31,0.58,coffee-minas-south,coffee,-21.5,-45,NASA POWER MERRA-2 PRECTOTCORR
2021-02-01,13.64,coffee-minas-south,coffee,-21.5,-45,NASA POWER MERRA-2 PRECTOTCORR
2021-02-02,1.47,coffee-minas-south,coffee,-21.5,-45,NASA POWER MERRA-2 PRECTOTCORR
2021-02-03,5.78,coffee-minas-south,coffee,-21.5,-45,NASA POWER MERRA-2 PRECTOTCORR
2021-02-04,6.63,coffee-minas-south,coffee,-21.5,-45,NASA POWER MERRA-2 PRECTOTCORR
2021-02-05,9.7,coffee-minas-south,coffee,-21.5,-45,NASA POWER MERRA-2 PRECTOTCORR
2021-02-06,26.03,coffee-minas-south,coffee,-21.5,-45,NASA POWER MERRA-2 PRECTOTCORR
2021-02-07,1.48,coffee-minas-south,coffee,-21.5,-45,NASA POWER MERRA-2 PRECTOTCORR
2021-02-08,11.09,coffee-minas-south,coffee,-21.5,-45,NASA POWER MERRA-2 PRECTOTCORR
2021-02-09,6.27,coffee-minas-south,coffee,-21.5,-45,NASA POWER MERRA-2 PRECTOTCORR
2021-02-10,2.54,coffee-minas-south,coffee,-21.5,-45,NASA POWER MERRA-2 PRECTOTCORR
2021-02-11,8.18,coffee-minas-south,coffee,-21.5,-45,NASA POWER MERRA-2 PRECTOTCORR
2021-02-12,10.96,coffee-minas-south,coffee,-21.5,-45,NASA POWER MERRA-2 PRECTOTCORR
2021-02-13,12.05,coffee-minas-south,coffee,-21.5,-45,NASA POWER MERRA-2 PRECTOTCORR
2021-02-14,2.71,coffee-minas-south,coffee,-21.5,-45,NASA POWER MERRA-2 PRECTOTCORR
2021-02-15,6.33,coffee-minas-south,coffee,-21.5,-45,NASA POWER MERRA-2 PRECTOTCORR
2021-02-16,0.4,coffee-minas-south,coffee,-21.5,-45,NASA POWER MERRA-2 PRECTOTCORR
2021-02-17,2.04,coffee-minas-south,coffee,-21.5,-45,NASA POWER MERRA-2 PRECTOTCORR
2021-02-18,7.49,coffee-minas-south,coffee,-21.5,-45,NASA POWER MERRA-2 PRECTOTCORR
2021-02-19,2.67,coffee-minas-south,coffee,-21.5,-45,NASA POWER MERRA-2 PRECTOTCORR
2021-02-20,3.6,coffee-minas-south,coffee,-21.5,-45,NASA POWER MERRA-2 PRECTOTCORR
2021-02-21,5.7,coffee-minas-south,coffee,-21.5,-45,NASA POWER MERRA-2 PRECTOTCORR
2021-02-22,7.56,coffee-minas-south,coffee,-21.5,-45,NASA POWER MERRA-2 PRECTOTCORR
2021-02-23,0.17,coffee-minas-south,coffee,-21.5,-45,NASA POWER MERRA-2 PRECTOTCORR
2021-02-24,0.23,coffee-minas-south,coffee,-21.5,-45,NASA POWER MERRA-2 PRECTOTCORR
2021-02-25,3.97,coffee-minas-south,coffee,-21.5,-45,NASA POWER MERRA-2 PRECTOTCORR
2021-02-26,19.12,coffee-minas-south,coffee,-21.5,-45,NASA POWER MERRA-2 PRECTOTCORR
2021-02-27,9.32,coffee-minas-south,coffee,-21.5,-45,NASA POWER MERRA-2 PRECTOTCORR
2021-02-28,1.41,coffee-minas-south,coffee,-21.5,-45,NASA POWER MERRA-2 PRECTOTCORR
2021-03-01,0.03,coffee-minas-south,coffee,-21.5,-45,NASA POWER MERRA-2 PRECTOTCORR
2021-03-02,0.05,coffee-minas-south,coffee,-21.5,-45,NASA POWER MERRA-2 PRECTOTCORR
2021-03-03,0.02,coffee-minas-south,coffee,-21.5,-45,NASA POWER MERRA-2 PRECTOTCORR
2021-03-04,0.18,coffee-minas-south,coffee,-21.5,-45,NASA POWER MERRA-2 PRECTOTCORR
2021-03-05,4.98,coffee-minas-south,coffee,-21.5,-45,NASA POWER MERRA-2 PRECTOTCORR
2021-03-06,14.36,coffee-minas-south,coffee,-21.5,-45,NASA POWER MERRA-2 PRECTOTCORR
2021-03-07,18.25,coffee-minas-south,coffee,-21.5,-45,NASA POWER MERRA-2 PRECTOTCORR
2021-03-08,4.93,coffee-minas-south,coffee,-21.5,-45,NASA POWER MERRA-2 PRECTOTCORR
2021-03-09,4.74,coffee-minas-south,coffee,-21.5,-45,NASA POWER MERRA-2 PRECTOTCORR
2021-03-10,0.4,coffee-minas-south,coffee,-21.5,-45,NASA POWER MERRA-2 PRECTOTCORR
2021-03-11,2.61,coffee-minas-south,coffee,-21.5,-45,NASA POWER MERRA-2 PRECTOTCORR
2021-03-12,2.21,coffee-minas-south,coffee,-21.5,-45,NASA POWER MERRA-2 PRECTOTCORR
2021-03-13,4.72,coffee-minas-south,coffee,-21.5,-45,NASA POWER MERRA-2 PRECTOTCORR
2021-03-14,16.75,coffee-minas-south,coffee,-21.5,-45,NASA POWER MERRA-2 PRECTOTCORR
2021-03-15,0.37,coffee-minas-south,coffee,-21.5,-45,NASA POWER MERRA-2 PRECTOTCORR
2021-03-16,0.76,coffee-minas-south,coffee,-21.5,-45,NASA POWER MERRA-2 PRECTOTCORR
2021-03-17,2.02,coffee-minas-south,coffee,-21.5,-45,NASA POWER MERRA-2 PRECTOTCORR
2021-03-18,0.82,coffee-minas-south,coffee,-21.5,-45,NASA POWER MERRA-2 PRECTOTCORR
2021-03-19,1.42,coffee-minas-south,coffee,-21.5,-45,NASA POWER MERRA-2 PRECTOTCORR
2021-03-20,0.07,coffee-minas-south,coffee,-21.5,-45,NASA POWER MERRA-2 PRECTOTCORR
2021-03-21,0.65,coffee-minas-south,coffee,-21.5,-45,NASA POWER MERRA-2 PRECTOTCORR
2021-03-22,0.28,coffee-minas-south,coffee,-21.5,-45,NASA POWER MERRA-2 PRECTOTCORR
2021-03-23,0.09,coffee-minas-south,coffee,-21.5,-45,NASA POWER MERRA-2 PRECTOTCORR
2021-03-24,0.18,coffee-minas-south,coffee,-21.5,-45,NASA POWER MERRA-2 PRECTOTCORR
2021-03-25,0.8,coffee-minas-south,coffee,-21.5,-45,NASA POWER MERRA-2 PRECTOTCORR
2021-03-26,2.21,coffee-minas-south,coffee,-21.5,-45,NASA POWER MERRA-2 PRECTOTCORR
2021-03-27,0.45,coffee-minas-south,coffee,-21.5,-45,NASA POWER MERRA-2 PRECTOTCORR
2021-03-28,2.1,coffee-minas-south,coffee,-21.5,-45,NASA POWER MERRA-2 PRECTOTCORR
2021-03-29,4.85,coffee-minas-south,coffee,-21.5,-45,NASA POWER MERRA-2 PRECTOTCORR
2021-03-30,3.21,coffee-minas-south,coffee,-21.5,-45,NASA POWER MERRA-2 PRECTOTCORR
2021-03-31,2.86,coffee-minas-south,coffee,-21.5,-45,NASA POWER MERRA-2 PRECTOTCORR
2021-04-01,0.19,coffee-minas-south,coffee,-21.5,-45,NASA POWER MERRA-2 PRECTOTCORR
2021-04-02,0.02,coffee-minas-south,coffee,-21.5,-45,NASA POWER MERRA-2 PRECTOTCORR
2021-04-03,0.09,coffee-minas-south,coffee,-21.5,-45,NASA POWER MERRA-2 PRECTOTCORR
2021-04-04,0.02,coffee-minas-south,coffee,-21.5,-45,NASA POWER MERRA-2 PRECTOTCORR
2021-04-05,0.01,coffee-minas-south,coffee,-21.5,-45,NASA POWER MERRA-2 PRECTOTCORR
2021-04-06,1.83,coffee-minas-south,coffee,-21.5,-45,NASA POWER MERRA-2 PRECTOTCORR
2021-04-07,1.52,coffee-minas-south,coffee,-21.5,-45,NASA POWER MERRA-2 PRECTOTCORR
2021-04-08,0.33,coffee-minas-south,coffee,-21.5,-45,NASA POWER MERRA-2 PRECTOTCORR
2021-04-09,0.65,coffee-minas-south,coffee,-21.5,-45,NASA POWER MERRA-2 PRECTOTCORR
2021-04-10,0.06,coffee-minas-south,coffee,-21.5,-45,NASA POWER MERRA-2 PRECTOTCORR
2021-04-11,0.01,coffee-minas-south,coffee,-21.5,-45,NASA POWER MERRA-2 PRECTOTCORR
2021-04-12,0.27,coffee-minas-south,coffee,-21.5,-45,NASA POWER MERRA-2 PRECTOTCORR
2021-04-13,0.79,coffee-minas-south,coffee,-21.5,-45,NASA POWER MERRA-2 PRECTOTCORR
2021-04-14,0.52,coffee-minas-south,coffee,-21.5,-45,NASA POWER MERRA-2 PRECTOTCORR
2021-04-15,0.02,coffee-minas-south,coffee,-21.5,-45,NASA POWER MERRA-2 PRECTOTCORR
2021-04-16,0.03,coffee-minas-south,coffee,-21.5,-45,NASA POWER MERRA-2 PRECTOTCORR
2021-04-17,1.02,coffee-minas-south,coffee,-21.5,-45,NASA POWER MERRA-2 PRECTOTCORR
2021-04-18,3.76,coffee-minas-south,coffee,-21.5,-45,NASA POWER MERRA-2 PRECTOTCORR
2021-04-19,0.99,coffee-minas-south,coffee,-21.5,-45,NASA POWER MERRA-2 PRECTOTCORR
2021-04-20,0.08,coffee-minas-south,coffee,-21.5,-45,NASA POWER MERRA-2 PRECTOTCORR
2021-04-21,0.8,coffee-minas-south,coffee,-21.5,-45,NASA POWER MERRA-2 PRECTOTCORR
2021-04-22,1.4,coffee-minas-south,coffee,-21.5,-45,NASA POWER MERRA-2 PRECTOTCORR
2021-04-23,0.04,coffee-minas-south,coffee,-21.5,-45,NASA POWER MERRA-2 PRECTOTCORR
2021-04-24,0.01,coffee-minas-south,coffee,-21.5,-45,NASA POWER MERRA-2 PRECTOTCORR
2021-04-25,0.01,coffee-minas-south,coffee,-21.5,-45,NASA POWER MERRA-2 PRECTOTCORR
2021-04-26,0.02,coffee-minas-south,coffee,-21.5,-45,NASA POWER MERRA-2 PRECTOTCORR
2021-04-27,1.33,coffee-minas-south,coffee,-21.5,-45,NASA POWER MERRA-2 PRECTOTCORR
2021-04-28,0.27,coffee-minas-south,coffee,-21.5,-45,NASA POWER MERRA-2 PRECTOTCORR
2021-04-29,0.14,coffee-minas-south,coffee,-21.5,-45,NASA POWER MERRA-2 PRECTOTCORR
2021-04-30,0.01,coffee-minas-south,coffee,-21.5,-45,NASA POWER MERRA-2 PRECTOTCORR
2021-05-01,0.06,coffee-minas-south,coffee,-21.5,-45,NASA POWER MERRA-2 PRECTOTCORR
2021-05-02,0.6,coffee-minas-south,coffee,-21.5,-45,NASA POWER MERRA-2 PRECTOTCORR
2021-05-03,1.86,coffee-minas-south,coffee,-21.5,-45,NASA POWER MERRA-2 PRECTOTCORR
2021-05-04,0.05,coffee-minas-south,coffee,-21.5,-45,NASA POWER MERRA-2 PRECTOTCORR
2021-05-05,0,coffee-minas-south,coffee,-21.5,-45,NASA POWER MERRA-2 PRECTOTCORR
2021-05-06,0.01,coffee-minas-south,coffee,-21.5,-45,NASA POWER MERRA-2 PRECTOTCORR
2021-05-07,0.22,coffee-minas-south,coffee,-21.5,-45,NASA POWER MERRA-2 PRECTOTCORR
2021-05-08,0.23,coffee-minas-south,coffee,-21.5,-45,NASA POWER MERRA-2 PRECTOTCORR
2021-05-09,0.01,coffee-minas-south,coffee,-21.5,-45,NASA POWER MERRA-2 PRECTOTCORR
2021-05-10,0.01,coffee-minas-south,coffee,-21.5,-45,NASA POWER MERRA-2 PRECTOTCORR
2021-05-11,0.04,coffee-minas-south,coffee,-21.5,-45,NASA POWER MERRA-2 PRECTOTCORR
2021-05-12,0.19,coffee-minas-south,coffee,-21.5,-45,NASA POWER MERRA-2 PRECTOTCORR
2021-05-13,2.18,coffee-minas-south,coffee,-21.5,-45,NASA POWER MERRA-2 PRECTOTCORR
2021-05-14,0.07,coffee-minas-south,coffee,-21.5,-45,NASA POWER MERRA-2 PRECTOTCORR
2021-05-15,3.35,coffee-minas-south,coffee,-21.5,-45,NASA POWER MERRA-2 PRECTOTCORR
2021-05-16,0.42,coffee-minas-south,coffee,-21.5,-45,NASA POWER MERRA-2 PRECTOTCORR
2021-05-17,0.22,coffee-minas-south,coffee,-21.5,-45,NASA POWER MERRA-2 PRECTOTCORR
2021-05-18,0.01,coffee-minas-south,coffee,-21.5,-45,NASA POWER MERRA-2 PRECTOTCORR
2021-05-19,0.06,coffee-minas-south,coffee,-21.5,-45,NASA POWER MERRA-2 PRECTOTCORR
2021-05-20,0.01,coffee-minas-south,coffee,-21.5,-45,NASA POWER MERRA-2 PRECTOTCORR
2021-05-21,0.06,coffee-minas-south,coffee,-21.5,-45,NASA POWER MERRA-2 PRECTOTCORR
2021-05-22,0.23,coffee-minas-south,coffee,-21.5,-45,NASA POWER MERRA-2 PRECTOTCORR
2021-05-23,2.07,coffee-minas-south,coffee,-21.5,-45,NASA POWER MERRA-2 PRECTOTCORR
2021-05-24,0.04,coffee-minas-south,coffee,-21.5,-45,NASA POWER MERRA-2 PRECTOTCORR
2021-05-25,0,coffee-minas-south,coffee,-21.5,-45,NASA POWER MERRA-2 PRECTOTCORR
2021-05-26,0.01,coffee-minas-south,coffee,-21.5,-45,NASA POWER MERRA-2 PRECTOTCORR
2021-05-27,0,coffee-minas-south,coffee,-21.5,-45,NASA POWER MERRA-2 PRECTOTCORR
2021-05-28,0.03,coffee-minas-south,coffee,-21.5,-45,NASA POWER MERRA-2 PRECTOTCORR
2021-05-29,3.13,coffee-minas-south,coffee,-21.5,-45,NASA POWER MERRA-2 PRECTOTCORR
2021-05-30,3.99,coffee-minas-south,coffee,-21.5,-45,NASA POWER MERRA-2 PRECTOTCORR
2021-05-31,15.11,coffee-minas-south,coffee,-21.5,-45,NASA POWER MERRA-2 PRECTOTCORR
2021-06-01,0.95,coffee-minas-south,coffee,-21.5,-45,NASA POWER MERRA-2 PRECTOTCORR
2021-06-02,0.42,coffee-minas-south,coffee,-21.5,-45,NASA POWER MERRA-2 PRECTOTCORR
2021-06-03,0.02,coffee-minas-south,coffee,-21.5,-45,NASA POWER MERRA-2 PRECTOTCORR
2021-06-04,0.08,coffee-minas-south,coffee,-21.5,-45,NASA POWER MERRA-2 PRECTOTCORR
2021-06-05,0.18,coffee-minas-south,coffee,-21.5,-45,NASA POWER MERRA-2 PRECTOTCORR
2021-06-06,0.27,coffee-minas-south,coffee,-21.5,-45,NASA POWER MERRA-2 PRECTOTCORR
2021-06-07,0.63,coffee-minas-south,coffee,-21.5,-45,NASA POWER MERRA-2 PRECTOTCORR
2021-06-08,0.51,coffee-minas-south,coffee,-21.5,-45,NASA POWER MERRA-2 PRECTOTCORR
2021-06-09,5.08,coffee-minas-south,coffee,-21.5,-45,NASA POWER MERRA-2 PRECTOTCORR
2021-06-10,1.88,coffee-minas-south,coffee,-21.5,-45,NASA POWER MERRA-2 PRECTOTCORR
2021-06-11,1.87,coffee-minas-south,coffee,-21.5,-45,NASA POWER MERRA-2 PRECTOTCORR
2021-06-12,0.12,coffee-minas-south,coffee,-21.5,-45,NASA POWER MERRA-2 PRECTOTCORR
2021-06-13,0.07,coffee-minas-south,coffee,-21.5,-45,NASA POWER MERRA-2 PRECTOTCORR
2021-06-14,0.06,coffee-minas-south,coffee,-21.5,-45,NASA POWER MERRA-2 PRECTOTCORR
2021-06-15,0.09,coffee-minas-south,coffee,-21.5,-45,NASA POWER MERRA-2 PRECTOTCORR
2021-06-16,0.06,coffee-minas-south,coffee,-21.5,-45,NASA POWER MERRA-2 PRECTOTCORR
2021-06-17,0.09,coffee-minas-south,coffee,-21.5,-45,NASA POWER MERRA-2 PRECTOTCORR
2021-06-18,0.08,coffee-minas-south,coffee,-21.5,-45,NASA POWER MERRA-2 PRECTOTCORR
2021-06-19,0.05,coffee-minas-south,coffee,-21.5,-45,NASA POWER MERRA-2 PRECTOTCORR
2021-06-20,0.04,coffee-minas-south,coffee,-21.5,-45,NASA POWER MERRA-2 PRECTOTCORR
2021-06-21,0.12,coffee-minas-south,coffee,-21.5,-45,NASA POWER MERRA-2 PRECTOTCORR
2021-06-22,3.41,coffee-minas-south,coffee,-21.5,-45,NASA POWER MERRA-2 PRECTOTCORR
2021-06-23,1.09,coffee-minas-south,coffee,-21.5,-45,NASA POWER MERRA-2 PRECTOTCORR
2021-06-24,0.18,coffee-minas-south,coffee,-21.5,-45,NASA POWER MERRA-2 PRECTOTCORR
2021-06-25,0.05,coffee-minas-south,coffee,-21.5,-45,NASA POWER MERRA-2 PRECTOTCORR
2021-06-26,0.09,coffee-minas-south,coffee,-21.5,-45,NASA POWER MERRA-2 PRECTOTCORR
2021-06-27,0.19,coffee-minas-south,coffee,-21.5,-45,NASA POWER MERRA-2 PRECTOTCORR
2021-06-28,0.12,coffee-minas-south,coffee,-21.5,-45,NASA POWER MERRA-2 PRECTOTCORR
2021-06-29,0.08,coffee-minas-south,coffee,-21.5,-45,NASA POWER MERRA-2 PRECTOTCORR
2021-06-30,0.02,coffee-minas-south,coffee,-21.5,-45,NASA POWER MERRA-2 PRECTOTCORR
2021-07-01,0,coffee-minas-south,coffee,-21.5,-45,NASA POWER MERRA-2 PRECTOTCORR
2021-07-02,0.01,coffee-minas-south,coffee,-21.5,-45,NASA POWER MERRA-2 PRECTOTCORR
2021-07-03,0.03,coffee-minas-south,coffee,-21.5,-45,NASA POWER MERRA-2 PRECTOTCORR
2021-07-04,0.02,coffee-minas-south,coffee,-21.5,-45,NASA POWER MERRA-2 PRECTOTCORR
2021-07-05,0,coffee-minas-south,coffee,-21.5,-45,NASA POWER MERRA-2 PRECTOTCORR
2021-07-06,0.14,coffee-minas-south,coffee,-21.5,-45,NASA POWER MERRA-2 PRECTOTCORR
2021-07-07,0.1,coffee-minas-south,coffee,-21.5,-45,NASA POWER MERRA-2 PRECTOTCORR
2021-07-08,0,coffee-minas-south,coffee,-21.5,-45,NASA POWER MERRA-2 PRECTOTCORR
2021-07-09,0.11,coffee-minas-south,coffee,-21.5,-45,NASA POWER MERRA-2 PRECTOTCORR
2021-07-10,0.08,coffee-minas-south,coffee,-21.5,-45,NASA POWER MERRA-2 PRECTOTCORR
2021-07-11,0.11,coffee-minas-south,coffee,-21.5,-45,NASA POWER MERRA-2 PRECTOTCORR
2021-07-12,0.03,coffee-minas-south,coffee,-21.5,-45,NASA POWER MERRA-2 PRECTOTCORR
2021-07-13,0,coffee-minas-south,coffee,-21.5,-45,NASA POWER MERRA-2 PRECTOTCORR
2021-07-14,0.12,coffee-minas-south,coffee,-21.5,-45,NASA POWER MERRA-2 PRECTOTCORR
2021-07-15,0,coffee-minas-south,coffee,-21.5,-45,NASA POWER MERRA-2 PRECTOTCORR
2021-07-16,0.07,coffee-minas-south,coffee,-21.5,-45,NASA POWER MERRA-2 PRECTOTCORR
2021-07-17,0.08,coffee-minas-south,coffee,-21.5,-45,NASA POWER MERRA-2 PRECTOTCORR
2021-07-18,0.09,coffee-minas-south,coffee,-21.5,-45,NASA POWER MERRA-2 PRECTOTCORR
2021-07-19,0,coffee-minas-south,coffee,-21.5,-45,NASA POWER MERRA-2 PRECTOTCORR
2021-07-20,0.13,coffee-minas-south,coffee,-21.5,-45,NASA POWER MERRA-2 PRECTOTCORR
2021-07-21,0,coffee-minas-south,coffee,-21.5,-45,NASA POWER MERRA-2 PRECTOTCORR
2021-07-22,0,coffee-minas-south,coffee,-21.5,-45,NASA POWER MERRA-2 PRECTOTCORR
2021-07-23,0.02,coffee-minas-south,coffee,-21.5,-45,NASA POWER MERRA-2 PRECTOTCORR
2021-07-24,0.06,coffee-minas-south,coffee,-21.5,-45,NASA POWER MERRA-2 PRECTOTCORR
2021-07-25,0.02,coffee-minas-south,coffee,-21.5,-45,NASA POWER MERRA-2 PRECTOTCORR
2021-07-26,0,coffee-minas-south,coffee,-21.5,-45,NASA POWER MERRA-2 PRECTOTCORR
2021-07-27,0.15,coffee-minas-south,coffee,-21.5,-45,NASA POWER MERRA-2 PRECTOTCORR
2021-07-28,1.88,coffee-minas-south,coffee,-21.5,-45,NASA POWER MERRA-2 PRECTOTCORR
2021-07-29,0.01,coffee-minas-south,coffee,-21.5,-45,NASA POWER MERRA-2 PRECTOTCORR
2021-07-30,0.07,coffee-minas-south,coffee,-21.5,-45,NASA POWER MERRA-2 PRECTOTCORR
2021-07-31,0.16,coffee-minas-south,coffee,-21.5,-45,NASA POWER MERRA-2 PRECTOTCORR
2021-08-01,0,coffee-minas-south,coffee,-21.5,-45,NASA POWER MERRA-2 PRECTOTCORR
2021-08-02,0,coffee-minas-south,coffee,-21.5,-45,NASA POWER MERRA-2 PRECTOTCORR
2021-08-03,0.17,coffee-minas-south,coffee,-21.5,-45,NASA POWER MERRA-2 PRECTOTCORR
2021-08-04,0.34,coffee-minas-south,coffee,-21.5,-45,NASA POWER MERRA-2 PRECTOTCORR
2021-08-05,0.08,coffee-minas-south,coffee,-21.5,-45,NASA POWER MERRA-2 PRECTOTCORR
2021-08-06,0.11,coffee-minas-south,coffee,-21.5,-45,NASA POWER MERRA-2 PRECTOTCORR
2021-08-07,0.02,coffee-minas-south,coffee,-21.5,-45,NASA POWER MERRA-2 PRECTOTCORR
2021-08-08,0,coffee-minas-south,coffee,-21.5,-45,NASA POWER MERRA-2 PRECTOTCORR
2021-08-09,0,coffee-minas-south,coffee,-21.5,-45,NASA POWER MERRA-2 PRECTOTCORR
2021-08-10,0.06,coffee-minas-south,coffee,-21.5,-45,NASA POWER MERRA-2 PRECTOTCORR
2021-08-11,0.01,coffee-minas-south,coffee,-21.5,-45,NASA POWER MERRA-2 PRECTOTCORR
2021-08-12,0.02,coffee-minas-south,coffee,-21.5,-45,NASA POWER MERRA-2 PRECTOTCORR
2021-08-13,0.41,coffee-minas-south,coffee,-21.5,-45,NASA POWER MERRA-2 PRECTOTCORR
2021-08-14,0.23,coffee-minas-south,coffee,-21.5,-45,NASA POWER MERRA-2 PRECTOTCORR
2021-08-15,0.06,coffee-minas-south,coffee,-21.5,-45,NASA POWER MERRA-2 PRECTOTCORR
2021-08-16,3.25,coffee-minas-south,coffee,-21.5,-45,NASA POWER MERRA-2 PRECTOTCORR
2021-08-17,1.49,coffee-minas-south,coffee,-21.5,-45,NASA POWER MERRA-2 PRECTOTCORR
2021-08-18,0.32,coffee-minas-south,coffee,-21.5,-45,NASA POWER MERRA-2 PRECTOTCORR
2021-08-19,0,coffee-minas-south,coffee,-21.5,-45,NASA POWER MERRA-2 PRECTOTCORR
2021-08-20,0,coffee-minas-south,coffee,-21.5,-45,NASA POWER MERRA-2 PRECTOTCORR
2021-08-21,0,coffee-minas-south,coffee,-21.5,-45,NASA POWER MERRA-2 PRECTOTCORR
2021-08-22,0,coffee-minas-south,coffee,-21.5,-45,NASA POWER MERRA-2 PRECTOTCORR
2021-08-23,0.04,coffee-minas-south,coffee,-21.5,-45,NASA POWER MERRA-2 PRECTOTCORR
2021-08-24,0,coffee-minas-south,coffee,-21.5,-45,NASA POWER MERRA-2 PRECTOTCORR
2021-08-25,0,coffee-minas-south,coffee,-21.5,-45,NASA POWER MERRA-2 PRECTOTCORR
2021-08-26,0.05,coffee-minas-south,coffee,-21.5,-45,NASA POWER MERRA-2 PRECTOTCORR
2021-08-27,0,coffee-minas-south,coffee,-21.5,-45,NASA POWER MERRA-2 PRECTOTCORR
2021-08-28,0.01,coffee-minas-south,coffee,-21.5,-45,NASA POWER MERRA-2 PRECTOTCORR
2021-08-29,0.09,coffee-minas-south,coffee,-21.5,-45,NASA POWER MERRA-2 PRECTOTCORR
2021-08-30,0.16,coffee-minas-south,coffee,-21.5,-45,NASA POWER MERRA-2 PRECTOTCORR
2021-08-31,0.2,coffee-minas-south,coffee,-21.5,-45,NASA POWER MERRA-2 PRECTOTCORR
2021-09-01,0.07,coffee-minas-south,coffee,-21.5,-45,NASA POWER MERRA-2 PRECTOTCORR
2021-09-02,0.02,coffee-minas-south,coffee,-21.5,-45,NASA POWER MERRA-2 PRECTOTCORR
2021-09-03,0,coffee-minas-south,coffee,-21.5,-45,NASA POWER MERRA-2 PRECTOTCORR
2021-09-04,0.17,coffee-minas-south,coffee,-21.5,-45,NASA POWER MERRA-2 PRECTOTCORR
2021-09-05,0.03,coffee-minas-south,coffee,-21.5,-45,NASA POWER MERRA-2 PRECTOTCORR
2021-09-06,0.09,coffee-minas-south,coffee,-21.5,-45,NASA POWER MERRA-2 PRECTOTCORR
2021-09-07,0.78,coffee-minas-south,coffee,-21.5,-45,NASA POWER MERRA-2 PRECTOTCORR
2021-09-08,0.9,coffee-minas-south,coffee,-21.5,-45,NASA POWER MERRA-2 PRECTOTCORR
2021-09-09,0.16,coffee-minas-south,coffee,-21.5,-45,NASA POWER MERRA-2 PRECTOTCORR
2021-09-10,2.85,coffee-minas-south,coffee,-21.5,-45,NASA POWER MERRA-2 PRECTOTCORR
2021-09-11,11.28,coffee-minas-south,coffee,-21.5,-45,NASA POWER MERRA-2 PRECTOTCORR
2021-09-12,4.06,coffee-minas-south,coffee,-21.5,-45,NASA POWER MERRA-2 PRECTOTCORR
2021-09-13,0.15,coffee-minas-south,coffee,-21.5,-45,NASA POWER MERRA-2 PRECTOTCORR
2021-09-14,0,coffee-minas-south,coffee,-21.5,-45,NASA POWER MERRA-2 PRECTOTCORR
2021-09-15,0.33,coffee-minas-south,coffee,-21.5,-45,NASA POWER MERRA-2 PRECTOTCORR
2021-09-16,1.37,coffee-minas-south,coffee,-21.5,-45,NASA POWER MERRA-2 PRECTOTCORR
2021-09-17,0.12,coffee-minas-south,coffee,-21.5,-45,NASA POWER MERRA-2 PRECTOTCORR
2021-09-18,0.22,coffee-minas-south,coffee,-21.5,-45,NASA POWER MERRA-2 PRECTOTCORR
2021-09-19,0.08,coffee-minas-south,coffee,-21.5,-45,NASA POWER MERRA-2 PRECTOTCORR
2021-09-20,0.02,coffee-minas-south,coffee,-21.5,-45,NASA POWER MERRA-2 PRECTOTCORR
2021-09-21,0.68,coffee-minas-south,coffee,-21.5,-45,NASA POWER MERRA-2 PRECTOTCORR
2021-09-22,0.16,coffee-minas-south,coffee,-21.5,-45,NASA POWER MERRA-2 PRECTOTCORR
2021-09-23,0.02,coffee-minas-south,coffee,-21.5,-45,NASA POWER MERRA-2 PRECTOTCORR
2021-09-24,0.41,coffee-minas-south,coffee,-21.5,-45,NASA POWER MERRA-2 PRECTOTCORR
2021-09-25,2.17,coffee-minas-south,coffee,-21.5,-45,NASA POWER MERRA-2 PRECTOTCORR
2021-09-26,5.24,coffee-minas-south,coffee,-21.5,-45,NASA POWER MERRA-2 PRECTOTCORR
2021-09-27,0.45,coffee-minas-south,coffee,-21.5,-45,NASA POWER MERRA-2 PRECTOTCORR
2021-09-28,0.01,coffee-minas-south,coffee,-21.5,-45,NASA POWER MERRA-2 PRECTOTCORR
2021-09-29,2,coffee-minas-south,coffee,-21.5,-45,NASA POWER MERRA-2 PRECTOTCORR
2021-09-30,2.12,coffee-minas-south,coffee,-21.5,-45,NASA POWER MERRA-2 PRECTOTCORR
2021-10-01,3.28,coffee-minas-south,coffee,-21.5,-45,NASA POWER MERRA-2 PRECTOTCORR
2021-10-02,9.2,coffee-minas-south,coffee,-21.5,-45,NASA POWER MERRA-2 PRECTOTCORR
2021-10-03,8.29,coffee-minas-south,coffee,-21.5,-45,NASA POWER MERRA-2 PRECTOTCORR
2021-10-04,3.37,coffee-minas-south,coffee,-21.5,-45,NASA POWER MERRA-2 PRECTOTCORR
2021-10-05,0.84,coffee-minas-south,coffee,-21.5,-45,NASA POWER MERRA-2 PRECTOTCORR
2021-10-06,12.17,coffee-minas-south,coffee,-21.5,-45,NASA POWER MERRA-2 PRECTOTCORR
2021-10-07,11.83,coffee-minas-south,coffee,-21.5,-45,NASA POWER MERRA-2 PRECTOTCORR
2021-10-08,0.66,coffee-minas-south,coffee,-21.5,-45,NASA POWER MERRA-2 PRECTOTCORR
2021-10-09,12.56,coffee-minas-south,coffee,-21.5,-45,NASA POWER MERRA-2 PRECTOTCORR
2021-10-10,24.08,coffee-minas-south,coffee,-21.5,-45,NASA POWER MERRA-2 PRECTOTCORR
2021-10-11,19.36,coffee-minas-south,coffee,-21.5,-45,NASA POWER MERRA-2 PRECTOTCORR
2021-10-12,0.39,coffee-minas-south,coffee,-21.5,-45,NASA POWER MERRA-2 PRECTOTCORR
2021-10-13,0.28,coffee-minas-south,coffee,-21.5,-45,NASA POWER MERRA-2 PRECTOTCORR
2021-10-14,2.6,coffee-minas-south,coffee,-21.5,-45,NASA POWER MERRA-2 PRECTOTCORR
2021-10-15,10.52,coffee-minas-south,coffee,-21.5,-45,NASA POWER MERRA-2 PRECTOTCORR
2021-10-16,2.49,coffee-minas-south,coffee,-21.5,-45,NASA POWER MERRA-2 PRECTOTCORR
2021-10-17,8.63,coffee-minas-south,coffee,-21.5,-45,NASA POWER MERRA-2 PRECTOTCORR
2021-10-18,11.07,coffee-minas-south,coffee,-21.5,-45,NASA POWER MERRA-2 PRECTOTCORR
2021-10-19,21.19,coffee-minas-south,coffee,-21.5,-45,NASA POWER MERRA-2 PRECTOTCORR
2021-10-20,1.53,coffee-minas-south,coffee,-21.5,-45,NASA POWER MERRA-2 PRECTOTCORR
2021-10-21,0.14,coffee-minas-south,coffee,-21.5,-45,NASA POWER MERRA-2 PRECTOTCORR
2021-10-22,0.09,coffee-minas-south,coffee,-21.5,-45,NASA POWER MERRA-2 PRECTOTCORR
2021-10-23,0.65,coffee-minas-south,coffee,-21.5,-45,NASA POWER MERRA-2 PRECTOTCORR
2021-10-24,3.55,coffee-minas-south,coffee,-21.5,-45,NASA POWER MERRA-2 PRECTOTCORR
2021-10-25,6.51,coffee-minas-south,coffee,-21.5,-45,NASA POWER MERRA-2 PRECTOTCORR
2021-10-26,4.53,coffee-minas-south,coffee,-21.5,-45,NASA POWER MERRA-2 PRECTOTCORR
2021-10-27,6.45,coffee-minas-south,coffee,-21.5,-45,NASA POWER MERRA-2 PRECTOTCORR
2021-10-28,1.28,coffee-minas-south,coffee,-21.5,-45,NASA POWER MERRA-2 PRECTOTCORR
2021-10-29,1.34,coffee-minas-south,coffee,-21.5,-45,NASA POWER MERRA-2 PRECTOTCORR
2021-10-30,0.95,coffee-minas-south,coffee,-21.5,-45,NASA POWER MERRA-2 PRECTOTCORR
2021-10-31,19.68,coffee-minas-south,coffee,-21.5,-45,NASA POWER MERRA-2 PRECTOTCORR
2021-11-01,34.35,coffee-minas-south,coffee,-21.5,-45,NASA POWER MERRA-2 PRECTOTCORR
2021-11-02,1.59,coffee-minas-south,coffee,-21.5,-45,NASA POWER MERRA-2 PRECTOTCORR
2021-11-03,0.22,coffee-minas-south,coffee,-21.5,-45,NASA POWER MERRA-2 PRECTOTCORR
2021-11-04,0.1,coffee-minas-south,coffee,-21.5,-45,NASA POWER MERRA-2 PRECTOTCORR
2021-11-05,0.04,coffee-minas-south,coffee,-21.5,-45,NASA POWER MERRA-2 PRECTOTCORR
2021-11-06,1.19,coffee-minas-south,coffee,-21.5,-45,NASA POWER MERRA-2 PRECTOTCORR
2021-11-07,2.86,coffee-minas-south,coffee,-21.5,-45,NASA POWER MERRA-2 PRECTOTCORR
2021-11-08,11.63,coffee-minas-south,coffee,-21.5,-45,NASA POWER MERRA-2 PRECTOTCORR
2021-11-09,8.51,coffee-minas-south,coffee,-21.5,-45,NASA POWER MERRA-2 PRECTOTCORR
2021-11-10,4.92,coffee-minas-south,coffee,-21.5,-45,NASA POWER MERRA-2 PRECTOTCORR
2021-11-11,8.81,coffee-minas-south,coffee,-21.5,-45,NASA POWER MERRA-2 PRECTOTCORR
2021-11-12,3.06,coffee-minas-south,coffee,-21.5,-45,NASA POWER MERRA-2 PRECTOTCORR
2021-11-13,0.18,coffee-minas-south,coffee,-21.5,-45,NASA POWER MERRA-2 PRECTOTCORR
2021-11-14,2.96,coffee-minas-south,coffee,-21.5,-45,NASA POWER MERRA-2 PRECTOTCORR
2021-11-15,1.19,coffee-minas-south,coffee,-21.5,-45,NASA POWER MERRA-2 PRECTOTCORR
2021-11-16,0,coffee-minas-south,coffee,-21.5,-45,NASA POWER MERRA-2 PRECTOTCORR
2021-11-17,0.01,coffee-minas-south,coffee,-21.5,-45,NASA POWER MERRA-2 PRECTOTCORR
2021-11-18,12.3,coffee-minas-south,coffee,-21.5,-45,NASA POWER MERRA-2 PRECTOTCORR
2021-11-19,24.37,coffee-minas-south,coffee,-21.5,-45,NASA POWER MERRA-2 PRECTOTCORR
2021-11-20,2.98,coffee-minas-south,coffee,-21.5,-45,NASA POWER MERRA-2 PRECTOTCORR
2021-11-21,0.38,coffee-minas-south,coffee,-21.5,-45,NASA POWER MERRA-2 PRECTOTCORR
2021-11-22,0.04,coffee-minas-south,coffee,-21.5,-45,NASA POWER MERRA-2 PRECTOTCORR
2021-11-23,0.05,coffee-minas-south,coffee,-21.5,-45,NASA POWER MERRA-2 PRECTOTCORR
2021-11-24,0.11,coffee-minas-south,coffee,-21.5,-45,NASA POWER MERRA-2 PRECTOTCORR
2021-11-25,2.29,coffee-minas-south,coffee,-21.5,-45,NASA POWER MERRA-2 PRECTOTCORR
2021-11-26,13.53,coffee-minas-south,coffee,-21.5,-45,NASA POWER MERRA-2 PRECTOTCORR
2021-11-27,1.94,coffee-minas-south,coffee,-21.5,-45,NASA POWER MERRA-2 PRECTOTCORR
2021-11-28,0.37,coffee-minas-south,coffee,-21.5,-45,NASA POWER MERRA-2 PRECTOTCORR
2021-11-29,0.6,coffee-minas-south,coffee,-21.5,-45,NASA POWER MERRA-2 PRECTOTCORR
2021-11-30,24.99,coffee-minas-south,coffee,-21.5,-45,NASA POWER MERRA-2 PRECTOTCORR
2021-12-01,4.11,coffee-minas-south,coffee,-21.5,-45,NASA POWER MERRA-2 PRECTOTCORR
2021-12-02,2.89,coffee-minas-south,coffee,-21.5,-45,NASA POWER MERRA-2 PRECTOTCORR
2021-12-03,13.57,coffee-minas-south,coffee,-21.5,-45,NASA POWER MERRA-2 PRECTOTCORR
2021-12-04,1.24,coffee-minas-south,coffee,-21.5,-45,NASA POWER MERRA-2 PRECTOTCORR
2021-12-05,6.78,coffee-minas-south,coffee,-21.5,-45,NASA POWER MERRA-2 PRECTOTCORR
2021-12-06,26.64,coffee-minas-south,coffee,-21.5,-45,NASA POWER MERRA-2 PRECTOTCORR
2021-12-07,9.28,coffee-minas-south,coffee,-21.5,-45,NASA POWER MERRA-2 PRECTOTCORR
2021-12-08,13.87,coffee-minas-south,coffee,-21.5,-45,NASA POWER MERRA-2 PRECTOTCORR
2021-12-09,0.27,coffee-minas-south,coffee,-21.5,-45,NASA POWER MERRA-2 PRECTOTCORR
2021-12-10,0.09,coffee-minas-south,coffee,-21.5,-45,NASA POWER MERRA-2 PRECTOTCORR
2021-12-11,0.11,coffee-minas-south,coffee,-21.5,-45,NASA POWER MERRA-2 PRECTOTCORR
2021-12-12,16.6,coffee-minas-south,coffee,-21.5,-45,NASA POWER MERRA-2 PRECTOTCORR
2021-12-13,11.19,coffee-minas-south,coffee,-21.5,-45,NASA POWER MERRA-2 PRECTOTCORR
2021-12-14,15.27,coffee-minas-south,coffee,-21.5,-45,NASA POWER MERRA-2 PRECTOTCORR
2021-12-15,12,coffee-minas-south,coffee,-21.5,-45,NASA POWER MERRA-2 PRECTOTCORR
2021-12-16,5.63,coffee-minas-south,coffee,-21.5,-45,NASA POWER MERRA-2 PRECTOTCORR
2021-12-17,47.3,coffee-minas-south,coffee,-21.5,-45,NASA POWER MERRA-2 PRECTOTCORR
2021-12-18,4.21,coffee-minas-south,coffee,-21.5,-45,NASA POWER MERRA-2 PRECTOTCORR
2021-12-19,0.71,coffee-minas-south,coffee,-21.5,-45,NASA POWER MERRA-2 PRECTOTCORR
2021-12-20,0.02,coffee-minas-south,coffee,-21.5,-45,NASA POWER MERRA-2 PRECTOTCORR
2021-12-21,0.11,coffee-minas-south,coffee,-21.5,-45,NASA POWER MERRA-2 PRECTOTCORR
2021-12-22,1.72,coffee-minas-south,coffee,-21.5,-45,NASA POWER MERRA-2 PRECTOTCORR
2021-12-23,4.01,coffee-minas-south,coffee,-21.5,-45,NASA POWER MERRA-2 PRECTOTCORR
2021-12-24,0.15,coffee-minas-south,coffee,-21.5,-45,NASA POWER MERRA-2 PRECTOTCORR
2021-12-25,0.15,coffee-minas-south,coffee,-21.5,-45,NASA POWER MERRA-2 PRECTOTCORR
2021-12-26,0.91,coffee-minas-south,coffee,-21.5,-45,NASA POWER MERRA-2 PRECTOTCORR
2021-12-27,5.48,coffee-minas-south,coffee,-21.5,-45,NASA POWER MERRA-2 PRECTOTCORR
2021-12-28,8.03,coffee-minas-south,coffee,-21.5,-45,NASA POWER MERRA-2 PRECTOTCORR
2021-12-29,10.69,coffee-minas-south,coffee,-21.5,-45,NASA POWER MERRA-2 PRECTOTCORR
2021-12-30,19.08,coffee-minas-south,coffee,-21.5,-45,NASA POWER MERRA-2 PRECTOTCORR
2021-12-31,27.94,coffee-minas-south,coffee,-21.5,-45,NASA POWER MERRA-2 PRECTOTCORR
2022-01-01,32.6,coffee-minas-south,coffee,-21.5,-45,NASA POWER MERRA-2 PRECTOTCORR
2022-01-02,13.36,coffee-minas-south,coffee,-21.5,-45,NASA POWER MERRA-2 PRECTOTCORR
2022-01-03,19.74,coffee-minas-south,coffee,-21.5,-45,NASA POWER MERRA-2 PRECTOTCORR
2022-01-04,11.48,coffee-minas-south,coffee,-21.5,-45,NASA POWER MERRA-2 PRECTOTCORR
2022-01-05,35.25,coffee-minas-south,coffee,-21.5,-45,NASA POWER MERRA-2 PRECTOTCORR
2022-01-06,19.2,coffee-minas-south,coffee,-21.5,-45,NASA POWER MERRA-2 PRECTOTCORR
2022-01-07,32.26,coffee-minas-south,coffee,-21.5,-45,NASA POWER MERRA-2 PRECTOTCORR
2022-01-08,11.29,coffee-minas-south,coffee,-21.5,-45,NASA POWER MERRA-2 PRECTOTCORR
2022-01-09,11.38,coffee-minas-south,coffee,-21.5,-45,NASA POWER MERRA-2 PRECTOTCORR
2022-01-10,6.72,coffee-minas-south,coffee,-21.5,-45,NASA POWER MERRA-2 PRECTOTCORR
2022-01-11,18.99,coffee-minas-south,coffee,-21.5,-45,NASA POWER MERRA-2 PRECTOTCORR
2022-01-12,2.34,coffee-minas-south,coffee,-21.5,-45,NASA POWER MERRA-2 PRECTOTCORR
2022-01-13,3.87,coffee-minas-south,coffee,-21.5,-45,NASA POWER MERRA-2 PRECTOTCORR
2022-01-14,1.38,coffee-minas-south,coffee,-21.5,-45,NASA POWER MERRA-2 PRECTOTCORR
2022-01-15,4.23,coffee-minas-south,coffee,-21.5,-45,NASA POWER MERRA-2 PRECTOTCORR
2022-01-16,10.65,coffee-minas-south,coffee,-21.5,-45,NASA POWER MERRA-2 PRECTOTCORR
2022-01-17,6.59,coffee-minas-south,coffee,-21.5,-45,NASA POWER MERRA-2 PRECTOTCORR
2022-01-18,3.23,coffee-minas-south,coffee,-21.5,-45,NASA POWER MERRA-2 PRECTOTCORR
2022-01-19,11.64,coffee-minas-south,coffee,-21.5,-45,NASA POWER MERRA-2 PRECTOTCORR
2022-01-20,1.87,coffee-minas-south,coffee,-21.5,-45,NASA POWER MERRA-2 PRECTOTCORR
2022-01-21,2.24,coffee-minas-south,coffee,-21.5,-45,NASA POWER MERRA-2 PRECTOTCORR
2022-01-22,0.73,coffee-minas-south,coffee,-21.5,-45,NASA POWER MERRA-2 PRECTOTCORR
2022-01-23,1.84,coffee-minas-south,coffee,-21.5,-45,NASA POWER MERRA-2 PRECTOTCORR
2022-01-24,0.95,coffee-minas-south,coffee,-21.5,-45,NASA POWER MERRA-2 PRECTOTCORR
2022-01-25,0.53,coffee-minas-south,coffee,-21.5,-45,NASA POWER MERRA-2 PRECTOTCORR
2022-01-26,6.63,coffee-minas-south,coffee,-21.5,-45,NASA POWER MERRA-2 PRECTOTCORR
2022-01-27,1.46,coffee-minas-south,coffee,-21.5,-45,NASA POWER MERRA-2 PRECTOTCORR
2022-01-28,1.48,coffee-minas-south,coffee,-21.5,-45,NASA POWER MERRA-2 PRECTOTCORR
2022-01-29,26.72,coffee-minas-south,coffee,-21.5,-45,NASA POWER MERRA-2 PRECTOTCORR
2022-01-30,33.11,coffee-minas-south,coffee,-21.5,-45,NASA POWER MERRA-2 PRECTOTCORR
2022-01-31,15.91,coffee-minas-south,coffee,-21.5,-45,NASA POWER MERRA-2 PRECTOTCORR
2022-02-01,7.4,coffee-minas-south,coffee,-21.5,-45,NASA POWER MERRA-2 PRECTOTCORR
2022-02-02,7.15,coffee-minas-south,coffee,-21.5,-45,NASA POWER MERRA-2 PRECTOTCORR
2022-02-03,11.66,coffee-minas-south,coffee,-21.5,-45,NASA POWER MERRA-2 PRECTOTCORR
2022-02-04,2.19,coffee-minas-south,coffee,-21.5,-45,NASA POWER MERRA-2 PRECTOTCORR
2022-02-05,19.78,coffee-minas-south,coffee,-21.5,-45,NASA POWER MERRA-2 PRECTOTCORR
2022-02-06,19,coffee-minas-south,coffee,-21.5,-45,NASA POWER MERRA-2 PRECTOTCORR
2022-02-07,43.48,coffee-minas-south,coffee,-21.5,-45,NASA POWER MERRA-2 PRECTOTCORR
2022-02-08,23.59,coffee-minas-south,coffee,-21.5,-45,NASA POWER MERRA-2 PRECTOTCORR
2022-02-09,10.03,coffee-minas-south,coffee,-21.5,-45,NASA POWER MERRA-2 PRECTOTCORR
2022-02-10,4.95,coffee-minas-south,coffee,-21.5,-45,NASA POWER MERRA-2 PRECTOTCORR
2022-02-11,6.06,coffee-minas-south,coffee,-21.5,-45,NASA POWER MERRA-2 PRECTOTCORR
2022-02-12,6.11,coffee-minas-south,coffee,-21.5,-45,NASA POWER MERRA-2 PRECTOTCORR
2022-02-13,2.97,coffee-minas-south,coffee,-21.5,-45,NASA POWER MERRA-2 PRECTOTCORR
2022-02-14,3.37,coffee-minas-south,coffee,-21.5,-45,NASA POWER MERRA-2 PRECTOTCORR
2022-02-15,3.3,coffee-minas-south,coffee,-21.5,-45,NASA POWER MERRA-2 PRECTOTCORR
2022-02-16,3.86,coffee-minas-south,coffee,-21.5,-45,NASA POWER MERRA-2 PRECTOTCORR
2022-02-17,7.5,coffee-minas-south,coffee,-21.5,-45,NASA POWER MERRA-2 PRECTOTCORR
2022-02-18,6.98,coffee-minas-south,coffee,-21.5,-45,NASA POWER MERRA-2 PRECTOTCORR
2022-02-19,11.58,coffee-minas-south,coffee,-21.5,-45,NASA POWER MERRA-2 PRECTOTCORR
2022-02-20,3.15,coffee-minas-south,coffee,-21.5,-45,NASA POWER MERRA-2 PRECTOTCORR
2022-02-21,6.26,coffee-minas-south,coffee,-21.5,-45,NASA POWER MERRA-2 PRECTOTCORR
2022-02-22,6.11,coffee-minas-south,coffee,-21.5,-45,NASA POWER MERRA-2 PRECTOTCORR
2022-02-23,1.18,coffee-minas-south,coffee,-21.5,-45,NASA POWER MERRA-2 PRECTOTCORR
2022-02-24,2.96,coffee-minas-south,coffee,-21.5,-45,NASA POWER MERRA-2 PRECTOTCORR
2022-02-25,4.07,coffee-minas-south,coffee,-21.5,-45,NASA POWER MERRA-2 PRECTOTCORR
2022-02-26,0.43,coffee-minas-south,coffee,-21.5,-45,NASA POWER MERRA-2 PRECTOTCORR
2022-02-27,0.71,coffee-minas-south,coffee,-21.5,-45,NASA POWER MERRA-2 PRECTOTCORR
2022-02-28,1.07,coffee-minas-south,coffee,-21.5,-45,NASA POWER MERRA-2 PRECTOTCORR
2022-03-01,4.39,coffee-minas-south,coffee,-21.5,-45,NASA POWER MERRA-2 PRECTOTCORR
2022-03-02,4.34,coffee-minas-south,coffee,-21.5,-45,NASA POWER MERRA-2 PRECTOTCORR
2022-03-03,0.03,coffee-minas-south,coffee,-21.5,-45,NASA POWER MERRA-2 PRECTOTCORR
2022-03-04,1.55,coffee-minas-south,coffee,-21.5,-45,NASA POWER MERRA-2 PRECTOTCORR
2022-03-05,1.53,coffee-minas-south,coffee,-21.5,-45,NASA POWER MERRA-2 PRECTOTCORR
2022-03-06,0.78,coffee-minas-south,coffee,-21.5,-45,NASA POWER MERRA-2 PRECTOTCORR
2022-03-07,0.08,coffee-minas-south,coffee,-21.5,-45,NASA POWER MERRA-2 PRECTOTCORR
2022-03-08,0.32,coffee-minas-south,coffee,-21.5,-45,NASA POWER MERRA-2 PRECTOTCORR
2022-03-09,0.62,coffee-minas-south,coffee,-21.5,-45,NASA POWER MERRA-2 PRECTOTCORR
2022-03-10,0.49,coffee-minas-south,coffee,-21.5,-45,NASA POWER MERRA-2 PRECTOTCORR
2022-03-11,4.18,coffee-minas-south,coffee,-21.5,-45,NASA POWER MERRA-2 PRECTOTCORR
2022-03-12,3.04,coffee-minas-south,coffee,-21.5,-45,NASA POWER MERRA-2 PRECTOTCORR
2022-03-13,7.75,coffee-minas-south,coffee,-21.5,-45,NASA POWER MERRA-2 PRECTOTCORR
2022-03-14,11.61,coffee-minas-south,coffee,-21.5,-45,NASA POWER MERRA-2 PRECTOTCORR
2022-03-15,14,coffee-minas-south,coffee,-21.5,-45,NASA POWER MERRA-2 PRECTOTCORR
2022-03-16,9.2,coffee-minas-south,coffee,-21.5,-45,NASA POWER MERRA-2 PRECTOTCORR
2022-03-17,0.07,coffee-minas-south,coffee,-21.5,-45,NASA POWER MERRA-2 PRECTOTCORR
2022-03-18,0.07,coffee-minas-south,coffee,-21.5,-45,NASA POWER MERRA-2 PRECTOTCORR
2022-03-19,0.06,coffee-minas-south,coffee,-21.5,-45,NASA POWER MERRA-2 PRECTOTCORR
2022-03-20,3.68,coffee-minas-south,coffee,-21.5,-45,NASA POWER MERRA-2 PRECTOTCORR
2022-03-21,3.13,coffee-minas-south,coffee,-21.5,-45,NASA POWER MERRA-2 PRECTOTCORR
2022-03-22,0.07,coffee-minas-south,coffee,-21.5,-45,NASA POWER MERRA-2 PRECTOTCORR
2022-03-23,0.43,coffee-minas-south,coffee,-21.5,-45,NASA POWER MERRA-2 PRECTOTCORR
2022-03-24,0.27,coffee-minas-south,coffee,-21.5,-45,NASA POWER MERRA-2 PRECTOTCORR
2022-03-25,1.4,coffee-minas-south,coffee,-21.5,-45,NASA POWER MERRA-2 PRECTOTCORR
2022-03-26,2.45,coffee-minas-south,coffee,-21.5,-45,NASA POWER MERRA-2 PRECTOTCORR
2022-03-27,2.84,coffee-minas-south,coffee,-21.5,-45,NASA POWER MERRA-2 PRECTOTCORR
2022-03-28,12.7,coffee-minas-south,coffee,-21.5,-45,NASA POWER MERRA-2 PRECTOTCORR
2022-03-29,5.69,coffee-minas-south,coffee,-21.5,-45,NASA POWER MERRA-2 PRECTOTCORR
2022-03-30,0.31,coffee-minas-south,coffee,-21.5,-45,NASA POWER MERRA-2 PRECTOTCORR
2022-03-31,7.01,coffee-minas-south,coffee,-21.5,-45,NASA POWER MERRA-2 PRECTOTCORR
2022-04-01,8.94,coffee-minas-south,coffee,-21.5,-45,NASA POWER MERRA-2 PRECTOTCORR
2022-04-02,2.65,coffee-minas-south,coffee,-21.5,-45,NASA POWER MERRA-2 PRECTOTCORR
2022-04-03,1.04,coffee-minas-south,coffee,-21.5,-45,NASA POWER MERRA-2 PRECTOTCORR
2022-04-04,3.56,coffee-minas-south,coffee,-21.5,-45,NASA POWER MERRA-2 PRECTOTCORR
2022-04-05,3.4,coffee-minas-south,coffee,-21.5,-45,NASA POWER MERRA-2 PRECTOTCORR
2022-04-06,1.47,coffee-minas-south,coffee,-21.5,-45,NASA POWER MERRA-2 PRECTOTCORR
2022-04-07,0.15,coffee-minas-south,coffee,-21.5,-45,NASA POWER MERRA-2 PRECTOTCORR
2022-04-08,3.04,coffee-minas-south,coffee,-21.5,-45,NASA POWER MERRA-2 PRECTOTCORR
2022-04-09,5.43,coffee-minas-south,coffee,-21.5,-45,NASA POWER MERRA-2 PRECTOTCORR
2022-04-10,1.23,coffee-minas-south,coffee,-21.5,-45,NASA POWER MERRA-2 PRECTOTCORR
2022-04-11,0.01,coffee-minas-south,coffee,-21.5,-45,NASA POWER MERRA-2 PRECTOTCORR
2022-04-12,3.34,coffee-minas-south,coffee,-21.5,-45,NASA POWER MERRA-2 PRECTOTCORR
2022-04-13,1.1,coffee-minas-south,coffee,-21.5,-45,NASA POWER MERRA-2 PRECTOTCORR
2022-04-14,2.85,coffee-minas-south,coffee,-21.5,-45,NASA POWER MERRA-2 PRECTOTCORR
2022-04-15,0.25,coffee-minas-south,coffee,-21.5,-45,NASA POWER MERRA-2 PRECTOTCORR
2022-04-16,0.02,coffee-minas-south,coffee,-21.5,-45,NASA POWER MERRA-2 PRECTOTCORR
2022-04-17,0.04,coffee-minas-south,coffee,-21.5,-45,NASA POWER MERRA-2 PRECTOTCORR
2022-04-18,0.08,coffee-minas-south,coffee,-21.5,-45,NASA POWER MERRA-2 PRECTOTCORR
2022-04-19,0.04,coffee-minas-south,coffee,-21.5,-45,NASA POWER MERRA-2 PRECTOTCORR
2022-04-20,0.02,coffee-minas-south,coffee,-21.5,-45,NASA POWER MERRA-2 PRECTOTCORR
2022-04-21,0.21,coffee-minas-south,coffee,-21.5,-45,NASA POWER MERRA-2 PRECTOTCORR
2022-04-22,0.08,coffee-minas-south,coffee,-21.5,-45,NASA POWER MERRA-2 PRECTOTCORR
2022-04-23,0,coffee-minas-south,coffee,-21.5,-45,NASA POWER MERRA-2 PRECTOTCORR
2022-04-24,0.07,coffee-minas-south,coffee,-21.5,-45,NASA POWER MERRA-2 PRECTOTCORR
2022-04-25,0.1,coffee-minas-south,coffee,-21.5,-45,NASA POWER MERRA-2 PRECTOTCORR
2022-04-26,0.12,coffee-minas-south,coffee,-21.5,-45,NASA POWER MERRA-2 PRECTOTCORR
2022-04-27,0.18,coffee-minas-south,coffee,-21.5,-45,NASA POWER MERRA-2 PRECTOTCORR
2022-04-28,0.01,coffee-minas-south,coffee,-21.5,-45,NASA POWER MERRA-2 PRECTOTCORR
2022-04-29,0.11,coffee-minas-south,coffee,-21.5,-45,NASA POWER MERRA-2 PRECTOTCORR
2022-04-30,0.33,coffee-minas-south,coffee,-21.5,-45,NASA POWER MERRA-2 PRECTOTCORR
2022-05-01,0.22,coffee-minas-south,coffee,-21.5,-45,NASA POWER MERRA-2 PRECTOTCORR
2022-05-02,0.14,coffee-minas-south,coffee,-21.5,-45,NASA POWER MERRA-2 PRECTOTCORR
2022-05-03,0,coffee-minas-south,coffee,-21.5,-45,NASA POWER MERRA-2 PRECTOTCORR
2022-05-04,4.25,coffee-minas-south,coffee,-21.5,-45,NASA POWER MERRA-2 PRECTOTCORR
2022-05-05,0.04,coffee-minas-south,coffee,-21.5,-45,NASA POWER MERRA-2 PRECTOTCORR
2022-05-06,0.05,coffee-minas-south,coffee,-21.5,-45,NASA POWER MERRA-2 PRECTOTCORR
2022-05-07,0,coffee-minas-south,coffee,-21.5,-45,NASA POWER MERRA-2 PRECTOTCORR
2022-05-08,0.03,coffee-minas-south,coffee,-21.5,-45,NASA POWER MERRA-2 PRECTOTCORR
2022-05-09,0.02,coffee-minas-south,coffee,-21.5,-45,NASA POWER MERRA-2 PRECTOTCORR
2022-05-10,0.02,coffee-minas-south,coffee,-21.5,-45,NASA POWER MERRA-2 PRECTOTCORR
2022-05-11,0.05,coffee-minas-south,coffee,-21.5,-45,NASA POWER MERRA-2 PRECTOTCORR
2022-05-12,0.06,coffee-minas-south,coffee,-21.5,-45,NASA POWER MERRA-2 PRECTOTCORR
2022-05-13,0.02,coffee-minas-south,coffee,-21.5,-45,NASA POWER MERRA-2 PRECTOTCORR
2022-05-14,0.41,coffee-minas-south,coffee,-21.5,-45,NASA POWER MERRA-2 PRECTOTCORR
2022-05-15,8.42,coffee-minas-south,coffee,-21.5,-45,NASA POWER MERRA-2 PRECTOTCORR
2022-05-16,2.13,coffee-minas-south,coffee,-21.5,-45,NASA POWER MERRA-2 PRECTOTCORR
2022-05-17,0.06,coffee-minas-south,coffee,-21.5,-45,NASA POWER MERRA-2 PRECTOTCORR
2022-05-18,0.02,coffee-minas-south,coffee,-21.5,-45,NASA POWER MERRA-2 PRECTOTCORR
2022-05-19,0,coffee-minas-south,coffee,-21.5,-45,NASA POWER MERRA-2 PRECTOTCORR
2022-05-20,0.02,coffee-minas-south,coffee,-21.5,-45,NASA POWER MERRA-2 PRECTOTCORR
2022-05-21,0.02,coffee-minas-south,coffee,-21.5,-45,NASA POWER MERRA-2 PRECTOTCORR
2022-05-22,0,coffee-minas-south,coffee,-21.5,-45,NASA POWER MERRA-2 PRECTOTCORR
2022-05-23,0.04,coffee-minas-south,coffee,-21.5,-45,NASA POWER MERRA-2 PRECTOTCORR
2022-05-24,0,coffee-minas-south,coffee,-21.5,-45,NASA POWER MERRA-2 PRECTOTCORR
2022-05-25,0.2,coffee-minas-south,coffee,-21.5,-45,NASA POWER MERRA-2 PRECTOTCORR
2022-05-26,0.71,coffee-minas-south,coffee,-21.5,-45,NASA POWER MERRA-2 PRECTOTCORR
2022-05-27,0.01,coffee-minas-south,coffee,-21.5,-45,NASA POWER MERRA-2 PRECTOTCORR
2022-05-28,0,coffee-minas-south,coffee,-21.5,-45,NASA POWER MERRA-2 PRECTOTCORR
2022-05-29,0.03,coffee-minas-south,coffee,-21.5,-45,NASA POWER MERRA-2 PRECTOTCORR
2022-05-30,0.02,coffee-minas-south,coffee,-21.5,-45,NASA POWER MERRA-2 PRECTOTCORR
2022-05-31,0.13,coffee-minas-south,coffee,-21.5,-45,NASA POWER MERRA-2 PRECTOTCORR
2022-06-01,0,coffee-minas-south,coffee,-21.5,-45,NASA POWER MERRA-2 PRECTOTCORR
2022-06-02,0,coffee-minas-south,coffee,-21.5,-45,NASA POWER MERRA-2 PRECTOTCORR
2022-06-03,0.11,coffee-minas-south,coffee,-21.5,-45,NASA POWER MERRA-2 PRECTOTCORR
2022-06-04,0.09,coffee-minas-south,coffee,-21.5,-45,NASA POWER MERRA-2 PRECTOTCORR
2022-06-05,0.04,coffee-minas-south,coffee,-21.5,-45,NASA POWER MERRA-2 PRECTOTCORR
2022-06-06,0.03,coffee-minas-south,coffee,-21.5,-45,NASA POWER MERRA-2 PRECTOTCORR
2022-06-07,0.01,coffee-minas-south,coffee,-21.5,-45,NASA POWER MERRA-2 PRECTOTCORR
2022-06-08,0.54,coffee-minas-south,coffee,-21.5,-45,NASA POWER MERRA-2 PRECTOTCORR
2022-06-09,1.55,coffee-minas-south,coffee,-21.5,-45,NASA POWER MERRA-2 PRECTOTCORR
2022-06-10,2.72,coffee-minas-south,coffee,-21.5,-45,NASA POWER MERRA-2 PRECTOTCORR
2022-06-11,0.83,coffee-minas-south,coffee,-21.5,-45,NASA POWER MERRA-2 PRECTOTCORR
2022-06-12,0,coffee-minas-south,coffee,-21.5,-45,NASA POWER MERRA-2 PRECTOTCORR
2022-06-13,0.01,coffee-minas-south,coffee,-21.5,-45,NASA POWER MERRA-2 PRECTOTCORR
2022-06-14,0.03,coffee-minas-south,coffee,-21.5,-45,NASA POWER MERRA-2 PRECTOTCORR
2022-06-15,0.01,coffee-minas-south,coffee,-21.5,-45,NASA POWER MERRA-2 PRECTOTCORR
2022-06-16,0.05,coffee-minas-south,coffee,-21.5,-45,NASA POWER MERRA-2 PRECTOTCORR
2022-06-17,0.01,coffee-minas-south,coffee,-21.5,-45,NASA POWER MERRA-2 PRECTOTCORR
2022-06-18,0.16,coffee-minas-south,coffee,-21.5,-45,NASA POWER MERRA-2 PRECTOTCORR
2022-06-19,0.19,coffee-minas-south,coffee,-21.5,-45,NASA POWER MERRA-2 PRECTOTCORR
2022-06-20,0.42,coffee-minas-south,coffee,-21.5,-45,NASA POWER MERRA-2 PRECTOTCORR
2022-06-21,0,coffee-minas-south,coffee,-21.5,-45,NASA POWER MERRA-2 PRECTOTCORR
2022-06-22,0.04,coffee-minas-south,coffee,-21.5,-45,NASA POWER MERRA-2 PRECTOTCORR
2022-06-23,0.02,coffee-minas-south,coffee,-21.5,-45,NASA POWER MERRA-2 PRECTOTCORR
2022-06-24,0.01,coffee-minas-south,coffee,-21.5,-45,NASA POWER MERRA-2 PRECTOTCORR
2022-06-25,0,coffee-minas-south,coffee,-21.5,-45,NASA POWER MERRA-2 PRECTOTCORR
2022-06-26,0.04,coffee-minas-south,coffee,-21.5,-45,NASA POWER MERRA-2 PRECTOTCORR
2022-06-27,0.01,coffee-minas-south,coffee,-21.5,-45,NASA POWER MERRA-2 PRECTOTCORR
2022-06-28,0.04,coffee-minas-south,coffee,-21.5,-45,NASA POWER MERRA-2 PRECTOTCORR
2022-06-29,0.15,coffee-minas-south,coffee,-21.5,-45,NASA POWER MERRA-2 PRECTOTCORR
2022-06-30,0.02,coffee-minas-south,coffee,-21.5,-45,NASA POWER MERRA-2 PRECTOTCORR
2022-07-01,0.02,coffee-minas-south,coffee,-21.5,-45,NASA POWER MERRA-2 PRECTOTCORR
2022-07-02,0.01,coffee-minas-south,coffee,-21.5,-45,NASA POWER MERRA-2 PRECTOTCORR
2022-07-03,0.02,coffee-minas-south,coffee,-21.5,-45,NASA POWER MERRA-2 PRECTOTCORR
2022-07-04,0.03,coffee-minas-south,coffee,-21.5,-45,NASA POWER MERRA-2 PRECTOTCORR
2022-07-05,0.04,coffee-minas-south,coffee,-21.5,-45,NASA POWER MERRA-2 PRECTOTCORR
2022-07-06,0.03,coffee-minas-south,coffee,-21.5,-45,NASA POWER MERRA-2 PRECTOTCORR
2022-07-07,0.04,coffee-minas-south,coffee,-21.5,-45,NASA POWER MERRA-2 PRECTOTCORR
2022-07-08,0.02,coffee-minas-south,coffee,-21.5,-45,NASA POWER MERRA-2 PRECTOTCORR
2022-07-09,0.04,coffee-minas-south,coffee,-21.5,-45,NASA POWER MERRA-2 PRECTOTCORR
2022-07-10,0.02,coffee-minas-south,coffee,-21.5,-45,NASA POWER MERRA-2 PRECTOTCORR
2022-07-11,0.05,coffee-minas-south,coffee,-21.5,-45,NASA POWER MERRA-2 PRECTOTCORR
2022-07-12,0.02,coffee-minas-south,coffee,-21.5,-45,NASA POWER MERRA-2 PRECTOTCORR
2022-07-13,0.04,coffee-minas-south,coffee,-21.5,-45,NASA POWER MERRA-2 PRECTOTCORR
2022-07-14,0.05,coffee-minas-south,coffee,-21.5,-45,NASA POWER MERRA-2 PRECTOTCORR
2022-07-15,0.06,coffee-minas-south,coffee,-21.5,-45,NASA POWER MERRA-2 PRECTOTCORR
2022-07-16,0.01,coffee-minas-south,coffee,-21.5,-45,NASA POWER MERRA-2 PRECTOTCORR
2022-07-17,0.04,coffee-minas-south,coffee,-21.5,-45,NASA POWER MERRA-2 PRECTOTCORR
2022-07-18,0.03,coffee-minas-south,coffee,-21.5,-45,NASA POWER MERRA-2 PRECTOTCORR
2022-07-19,0.01,coffee-minas-south,coffee,-21.5,-45,NASA POWER MERRA-2 PRECTOTCORR
2022-07-20,0.05,coffee-minas-south,coffee,-21.5,-45,NASA POWER MERRA-2 PRECTOTCORR
2022-07-21,0.13,coffee-minas-south,coffee,-21.5,-45,NASA POWER MERRA-2 PRECTOTCORR
2022-07-22,0.04,coffee-minas-south,coffee,-21.5,-45,NASA POWER MERRA-2 PRECTOTCORR
2022-07-23,0.06,coffee-minas-south,coffee,-21.5,-45,NASA POWER MERRA-2 PRECTOTCORR
2022-07-24,0.05,coffee-minas-south,coffee,-21.5,-45,NASA POWER MERRA-2 PRECTOTCORR
2022-07-25,0.06,coffee-minas-south,coffee,-21.5,-45,NASA POWER MERRA-2 PRECTOTCORR
2022-07-26,0.06,coffee-minas-south,coffee,-21.5,-45,NASA POWER MERRA-2 PRECTOTCORR
2022-07-27,0.06,coffee-minas-south,coffee,-21.5,-45,NASA POWER MERRA-2 PRECTOTCORR
2022-07-28,0.04,coffee-minas-south,coffee,-21.5,-45,NASA POWER MERRA-2 PRECTOTCORR
2022-07-29,0.56,coffee-minas-south,coffee,-21.5,-45,NASA POWER MERRA-2 PRECTOTCORR
2022-07-30,0.4,coffee-minas-south,coffee,-21.5,-45,NASA POWER MERRA-2 PRECTOTCORR
2022-07-31,0.07,coffee-minas-south,coffee,-21.5,-45,NASA POWER MERRA-2 PRECTOTCORR
2022-08-01,0.15,coffee-minas-south,coffee,-21.5,-45,NASA POWER MERRA-2 PRECTOTCORR
2022-08-02,0,coffee-minas-south,coffee,-21.5,-45,NASA POWER MERRA-2 PRECTOTCORR
2022-08-03,0,coffee-minas-south,coffee,-21.5,-45,NASA POWER MERRA-2 PRECTOTCORR
2022-08-04,0.14,coffee-minas-south,coffee,-21.5,-45,NASA POWER MERRA-2 PRECTOTCORR
2022-08-05,0.03,coffee-minas-south,coffee,-21.5,-45,NASA POWER MERRA-2 PRECTOTCORR
2022-08-06,0.11,coffee-minas-south,coffee,-21.5,-45,NASA POWER MERRA-2 PRECTOTCORR
2022-08-07,0.02,coffee-minas-south,coffee,-21.5,-45,NASA POWER MERRA-2 PRECTOTCORR
2022-08-08,0.39,coffee-minas-south,coffee,-21.5,-45,NASA POWER MERRA-2 PRECTOTCORR
2022-08-09,5.03,coffee-minas-south,coffee,-21.5,-45,NASA POWER MERRA-2 PRECTOTCORR
2022-08-10,7.18,coffee-minas-south,coffee,-21.5,-45,NASA POWER MERRA-2 PRECTOTCORR
2022-08-11,0.12,coffee-minas-south,coffee,-21.5,-45,NASA POWER MERRA-2 PRECTOTCORR
2022-08-12,0.59,coffee-minas-south,coffee,-21.5,-45,NASA POWER MERRA-2 PRECTOTCORR
2022-08-13,0.54,coffee-minas-south,coffee,-21.5,-45,NASA POWER MERRA-2 PRECTOTCORR
2022-08-14,0.78,coffee-minas-south,coffee,-21.5,-45,NASA POWER MERRA-2 PRECTOTCORR
2022-08-15,0.55,coffee-minas-south,coffee,-21.5,-45,NASA POWER MERRA-2 PRECTOTCORR
2022-08-16,1.13,coffee-minas-south,coffee,-21.5,-45,NASA POWER MERRA-2 PRECTOTCORR
2022-08-17,0.07,coffee-minas-south,coffee,-21.5,-45,NASA POWER MERRA-2 PRECTOTCORR
2022-08-18,0.64,coffee-minas-south,coffee,-21.5,-45,NASA POWER MERRA-2 PRECTOTCORR
2022-08-19,1.25,coffee-minas-south,coffee,-21.5,-45,NASA POWER MERRA-2 PRECTOTCORR
2022-08-20,0.86,coffee-minas-south,coffee,-21.5,-45,NASA POWER MERRA-2 PRECTOTCORR
2022-08-21,0.27,coffee-minas-south,coffee,-21.5,-45,NASA POWER MERRA-2 PRECTOTCORR
2022-08-22,0.49,coffee-minas-south,coffee,-21.5,-45,NASA POWER MERRA-2 PRECTOTCORR
2022-08-23,0.77,coffee-minas-south,coffee,-21.5,-45,NASA POWER MERRA-2 PRECTOTCORR
2022-08-24,0.7,coffee-minas-south,coffee,-21.5,-45,NASA POWER MERRA-2 PRECTOTCORR
2022-08-25,0.96,coffee-minas-south,coffee,-21.5,-45,NASA POWER MERRA-2 PRECTOTCORR
2022-08-26,1.07,coffee-minas-south,coffee,-21.5,-45,NASA POWER MERRA-2 PRECTOTCORR
2022-08-27,0.76,coffee-minas-south,coffee,-21.5,-45,NASA POWER MERRA-2 PRECTOTCORR
2022-08-28,0.03,coffee-minas-south,coffee,-21.5,-45,NASA POWER MERRA-2 PRECTOTCORR
2022-08-29,1.24,coffee-minas-south,coffee,-21.5,-45,NASA POWER MERRA-2 PRECTOTCORR
2022-08-30,0.31,coffee-minas-south,coffee,-21.5,-45,NASA POWER MERRA-2 PRECTOTCORR
2022-08-31,0.57,coffee-minas-south,coffee,-21.5,-45,NASA POWER MERRA-2 PRECTOTCORR
2022-09-01,0.56,coffee-minas-south,coffee,-21.5,-45,NASA POWER MERRA-2 PRECTOTCORR
2022-09-02,0.73,coffee-minas-south,coffee,-21.5,-45,NASA POWER MERRA-2 PRECTOTCORR
2022-09-03,0.54,coffee-minas-south,coffee,-21.5,-45,NASA POWER MERRA-2 PRECTOTCORR
2022-09-04,0.39,coffee-minas-south,coffee,-21.5,-45,NASA POWER MERRA-2 PRECTOTCORR
2022-09-05,1.05,coffee-minas-south,coffee,-21.5,-45,NASA POWER MERRA-2 PRECTOTCORR
2022-09-06,0.74,coffee-minas-south,coffee,-21.5,-45,NASA POWER MERRA-2 PRECTOTCORR
2022-09-07,0.12,coffee-minas-south,coffee,-21.5,-45,NASA POWER MERRA-2 PRECTOTCORR
2022-09-08,0.29,coffee-minas-south,coffee,-21.5,-45,NASA POWER MERRA-2 PRECTOTCORR
2022-09-09,0.21,coffee-minas-south,coffee,-21.5,-45,NASA POWER MERRA-2 PRECTOTCORR
2022-09-10,0.05,coffee-minas-south,coffee,-21.5,-45,NASA POWER MERRA-2 PRECTOTCORR
2022-09-11,1.92,coffee-minas-south,coffee,-21.5,-45,NASA POWER MERRA-2 PRECTOTCORR
2022-09-12,2.49,coffee-minas-south,coffee,-21.5,-45,NASA POWER MERRA-2 PRECTOTCORR
2022-09-13,0.61,coffee-minas-south,coffee,-21.5,-45,NASA POWER MERRA-2 PRECTOTCORR
2022-09-14,1.61,coffee-minas-south,coffee,-21.5,-45,NASA POWER MERRA-2 PRECTOTCORR
2022-09-15,4.39,coffee-minas-south,coffee,-21.5,-45,NASA POWER MERRA-2 PRECTOTCORR
2022-09-16,6.99,coffee-minas-south,coffee,-21.5,-45,NASA POWER MERRA-2 PRECTOTCORR
2022-09-17,0.29,coffee-minas-south,coffee,-21.5,-45,NASA POWER MERRA-2 PRECTOTCORR
2022-09-18,0.07,coffee-minas-south,coffee,-21.5,-45,NASA POWER MERRA-2 PRECTOTCORR
2022-09-19,0.94,coffee-minas-south,coffee,-21.5,-45,NASA POWER MERRA-2 PRECTOTCORR
2022-09-20,0.01,coffee-minas-south,coffee,-21.5,-45,NASA POWER MERRA-2 PRECTOTCORR
2022-09-21,2.36,coffee-minas-south,coffee,-21.5,-45,NASA POWER MERRA-2 PRECTOTCORR
2022-09-22,27.27,coffee-minas-south,coffee,-21.5,-45,NASA POWER MERRA-2 PRECTOTCORR
2022-09-23,0.42,coffee-minas-south,coffee,-21.5,-45,NASA POWER MERRA-2 PRECTOTCORR
2022-09-24,0.3,coffee-minas-south,coffee,-21.5,-45,NASA POWER MERRA-2 PRECTOTCORR
2022-09-25,0.01,coffee-minas-south,coffee,-21.5,-45,NASA POWER MERRA-2 PRECTOTCORR
2022-09-26,16.23,coffee-minas-south,coffee,-21.5,-45,NASA POWER MERRA-2 PRECTOTCORR
2022-09-27,26.21,coffee-minas-south,coffee,-21.5,-45,NASA POWER MERRA-2 PRECTOTCORR
2022-09-28,16.25,coffee-minas-south,coffee,-21.5,-45,NASA POWER MERRA-2 PRECTOTCORR
2022-09-29,1.12,coffee-minas-south,coffee,-21.5,-45,NASA POWER MERRA-2 PRECTOTCORR
2022-09-30,8.48,coffee-minas-south,coffee,-21.5,-45,NASA POWER MERRA-2 PRECTOTCORR
2022-10-01,6.9,coffee-minas-south,coffee,-21.5,-45,NASA POWER MERRA-2 PRECTOTCORR
2022-10-02,3.7,coffee-minas-south,coffee,-21.5,-45,NASA POWER MERRA-2 PRECTOTCORR
2022-10-03,12.43,coffee-minas-south,coffee,-21.5,-45,NASA POWER MERRA-2 PRECTOTCORR
2022-10-04,12.64,coffee-minas-south,coffee,-21.5,-45,NASA POWER MERRA-2 PRECTOTCORR
2022-10-05,0.47,coffee-minas-south,coffee,-21.5,-45,NASA POWER MERRA-2 PRECTOTCORR
2022-10-06,2.55,coffee-minas-south,coffee,-21.5,-45,NASA POWER MERRA-2 PRECTOTCORR
2022-10-07,22.55,coffee-minas-south,coffee,-21.5,-45,NASA POWER MERRA-2 PRECTOTCORR
2022-10-08,0,coffee-minas-south,coffee,-21.5,-45,NASA POWER MERRA-2 PRECTOTCORR
2022-10-09,4.24,coffee-minas-south,coffee,-21.5,-45,NASA POWER MERRA-2 PRECTOTCORR
2022-10-10,1.26,coffee-minas-south,coffee,-21.5,-45,NASA POWER MERRA-2 PRECTOTCORR
2022-10-11,0.25,coffee-minas-south,coffee,-21.5,-45,NASA POWER MERRA-2 PRECTOTCORR
2022-10-12,0.03,coffee-minas-south,coffee,-21.5,-45,NASA POWER MERRA-2 PRECTOTCORR
2022-10-13,0,coffee-minas-south,coffee,-21.5,-45,NASA POWER MERRA-2 PRECTOTCORR
2022-10-14,0.02,coffee-minas-south,coffee,-21.5,-45,NASA POWER MERRA-2 PRECTOTCORR
2022-10-15,0.1,coffee-minas-south,coffee,-21.5,-45,NASA POWER MERRA-2 PRECTOTCORR
2022-10-16,0.01,coffee-minas-south,coffee,-21.5,-45,NASA POWER MERRA-2 PRECTOTCORR
2022-10-17,2.61,coffee-minas-south,coffee,-21.5,-45,NASA POWER MERRA-2 PRECTOTCORR
2022-10-18,1.63,coffee-minas-south,coffee,-21.5,-45,NASA POWER MERRA-2 PRECTOTCORR
2022-10-19,6.21,coffee-minas-south,coffee,-21.5,-45,NASA POWER MERRA-2 PRECTOTCORR
2022-10-20,2.24,coffee-minas-south,coffee,-21.5,-45,NASA POWER MERRA-2 PRECTOTCORR
2022-10-21,4.56,coffee-minas-south,coffee,-21.5,-45,NASA POWER MERRA-2 PRECTOTCORR
2022-10-22,1.04,coffee-minas-south,coffee,-21.5,-45,NASA POWER MERRA-2 PRECTOTCORR
2022-10-23,0.71,coffee-minas-south,coffee,-21.5,-45,NASA POWER MERRA-2 PRECTOTCORR
2022-10-24,1.9,coffee-minas-south,coffee,-21.5,-45,NASA POWER MERRA-2 PRECTOTCORR
2022-10-25,0.66,coffee-minas-south,coffee,-21.5,-45,NASA POWER MERRA-2 PRECTOTCORR
2022-10-26,0.07,coffee-minas-south,coffee,-21.5,-45,NASA POWER MERRA-2 PRECTOTCORR
2022-10-27,0.54,coffee-minas-south,coffee,-21.5,-45,NASA POWER MERRA-2 PRECTOTCORR
2022-10-28,4.16,coffee-minas-south,coffee,-21.5,-45,NASA POWER MERRA-2 PRECTOTCORR
2022-10-29,16.91,coffee-minas-south,coffee,-21.5,-45,NASA POWER MERRA-2 PRECTOTCORR
2022-10-30,1.48,coffee-minas-south,coffee,-21.5,-45,NASA POWER MERRA-2 PRECTOTCORR
2022-10-31,8.3,coffee-minas-south,coffee,-21.5,-45,NASA POWER MERRA-2 PRECTOTCORR
2022-11-01,3.44,coffee-minas-south,coffee,-21.5,-45,NASA POWER MERRA-2 PRECTOTCORR
2022-11-02,1.97,coffee-minas-south,coffee,-21.5,-45,NASA POWER MERRA-2 PRECTOTCORR
2022-11-03,0.86,coffee-minas-south,coffee,-21.5,-45,NASA POWER MERRA-2 PRECTOTCORR
2022-11-04,0.25,coffee-minas-south,coffee,-21.5,-45,NASA POWER MERRA-2 PRECTOTCORR
2022-11-05,1.27,coffee-minas-south,coffee,-21.5,-45,NASA POWER MERRA-2 PRECTOTCORR
2022-11-06,3.79,coffee-minas-south,coffee,-21.5,-45,NASA POWER MERRA-2 PRECTOTCORR
2022-11-07,9.93,coffee-minas-south,coffee,-21.5,-45,NASA POWER MERRA-2 PRECTOTCORR
2022-11-08,10.87,coffee-minas-south,coffee,-21.5,-45,NASA POWER MERRA-2 PRECTOTCORR
2022-11-09,8.47,coffee-minas-south,coffee,-21.5,-45,NASA POWER MERRA-2 PRECTOTCORR
2022-11-10,0.66,coffee-minas-south,coffee,-21.5,-45,NASA POWER MERRA-2 PRECTOTCORR
2022-11-11,6.75,coffee-minas-south,coffee,-21.5,-45,NASA POWER MERRA-2 PRECTOTCORR
2022-11-12,1.96,coffee-minas-south,coffee,-21.5,-45,NASA POWER MERRA-2 PRECTOTCORR
2022-11-13,6.46,coffee-minas-south,coffee,-21.5,-45,NASA POWER MERRA-2 PRECTOTCORR
2022-11-14,23.34,coffee-minas-south,coffee,-21.5,-45,NASA POWER MERRA-2 PRECTOTCORR
2022-11-15,7.24,coffee-minas-south,coffee,-21.5,-45,NASA POWER MERRA-2 PRECTOTCORR
2022-11-16,7.02,coffee-minas-south,coffee,-21.5,-45,NASA POWER MERRA-2 PRECTOTCORR
2022-11-17,5.97,coffee-minas-south,coffee,-21.5,-45,NASA POWER MERRA-2 PRECTOTCORR
2022-11-18,0.03,coffee-minas-south,coffee,-21.5,-45,NASA POWER MERRA-2 PRECTOTCORR
2022-11-19,0.06,coffee-minas-south,coffee,-21.5,-45,NASA POWER MERRA-2 PRECTOTCORR
2022-11-20,0.5,coffee-minas-south,coffee,-21.5,-45,NASA POWER MERRA-2 PRECTOTCORR
2022-11-21,0.14,coffee-minas-south,coffee,-21.5,-45,NASA POWER MERRA-2 PRECTOTCORR
2022-11-22,0.03,coffee-minas-south,coffee,-21.5,-45,NASA POWER MERRA-2 PRECTOTCORR
2022-11-23,8.04,coffee-minas-south,coffee,-21.5,-45,NASA POWER MERRA-2 PRECTOTCORR
2022-11-24,8.94,coffee-minas-south,coffee,-21.5,-45,NASA POWER MERRA-2 PRECTOTCORR
2022-11-25,4.41,coffee-minas-south,coffee,-21.5,-45,NASA POWER MERRA-2 PRECTOTCORR
2022-11-26,4.1,coffee-minas-south,coffee,-21.5,-45,NASA POWER MERRA-2 PRECTOTCORR
2022-11-27,1.08,coffee-minas-south,coffee,-21.5,-45,NASA POWER MERRA-2 PRECTOTCORR
2022-11-28,10.6,coffee-minas-south,coffee,-21.5,-45,NASA POWER MERRA-2 PRECTOTCORR
2022-11-29,5.15,coffee-minas-south,coffee,-21.5,-45,NASA POWER MERRA-2 PRECTOTCORR
2022-11-30,7.21,coffee-minas-south,coffee,-21.5,-45,NASA POWER MERRA-2 PRECTOTCORR
2022-12-01,10.09,coffee-minas-south,coffee,-21.5,-45,NASA POWER MERRA-2 PRECTOTCORR
2022-12-02,2.85,coffee-minas-south,coffee,-21.5,-45,NASA POWER MERRA-2 PRECTOTCORR
2022-12-03,13.3,coffee-minas-south,coffee,-21.5,-45,NASA POWER MERRA-2 PRECTOTCORR
2022-12-04,14.58,coffee-minas-south,coffee,-21.5,-45,NASA POWER MERRA-2 PRECTOTCORR
2022-12-05,18.1,coffee-minas-south,coffee,-21.5,-45,NASA POWER MERRA-2 PRECTOTCORR
2022-12-06,32.81,coffee-minas-south,coffee,-21.5,-45,NASA POWER MERRA-2 PRECTOTCORR
2022-12-07,18.03,coffee-minas-south,coffee,-21.5,-45,NASA POWER MERRA-2 PRECTOTCORR
2022-12-08,2.61,coffee-minas-south,coffee,-21.5,-45,NASA POWER MERRA-2 PRECTOTCORR
2022-12-09,0.03,coffee-minas-south,coffee,-21.5,-45,NASA POWER MERRA-2 PRECTOTCORR
2022-12-10,4.36,coffee-minas-south,coffee,-21.5,-45,NASA POWER MERRA-2 PRECTOTCORR
2022-12-11,2.83,coffee-minas-south,coffee,-21.5,-45,NASA POWER MERRA-2 PRECTOTCORR
2022-12-12,7.97,coffee-minas-south,coffee,-21.5,-45,NASA POWER MERRA-2 PRECTOTCORR
2022-12-13,18.37,coffee-minas-south,coffee,-21.5,-45,NASA POWER MERRA-2 PRECTOTCORR
2022-12-14,0.15,coffee-minas-south,coffee,-21.5,-45,NASA POWER MERRA-2 PRECTOTCORR
2022-12-15,1.69,coffee-minas-south,coffee,-21.5,-45,NASA POWER MERRA-2 PRECTOTCORR
2022-12-16,4.08,coffee-minas-south,coffee,-21.5,-45,NASA POWER MERRA-2 PRECTOTCORR
2022-12-17,7.79,coffee-minas-south,coffee,-21.5,-45,NASA POWER MERRA-2 PRECTOTCORR
2022-12-18,0.66,coffee-minas-south,coffee,-21.5,-45,NASA POWER MERRA-2 PRECTOTCORR
2022-12-19,7.7,coffee-minas-south,coffee,-21.5,-45,NASA POWER MERRA-2 PRECTOTCORR
2022-12-20,23.35,coffee-minas-south,coffee,-21.5,-45,NASA POWER MERRA-2 PRECTOTCORR
2022-12-21,1.79,coffee-minas-south,coffee,-21.5,-45,NASA POWER MERRA-2 PRECTOTCORR
2022-12-22,7.84,coffee-minas-south,coffee,-21.5,-45,NASA POWER MERRA-2 PRECTOTCORR
2022-12-23,0.71,coffee-minas-south,coffee,-21.5,-45,NASA POWER MERRA-2 PRECTOTCORR
2022-12-24,0.96,coffee-minas-south,coffee,-21.5,-45,NASA POWER MERRA-2 PRECTOTCORR
2022-12-25,10.65,coffee-minas-south,coffee,-21.5,-45,NASA POWER MERRA-2 PRECTOTCORR
2022-12-26,25.8,coffee-minas-south,coffee,-21.5,-45,NASA POWER MERRA-2 PRECTOTCORR
2022-12-27,4.19,coffee-minas-south,coffee,-21.5,-45,NASA POWER MERRA-2 PRECTOTCORR
2022-12-28,29.6,coffee-minas-south,coffee,-21.5,-45,NASA POWER MERRA-2 PRECTOTCORR
2022-12-29,11.09,coffee-minas-south,coffee,-21.5,-45,NASA POWER MERRA-2 PRECTOTCORR
2022-12-30,16.87,coffee-minas-south,coffee,-21.5,-45,NASA POWER MERRA-2 PRECTOTCORR
2022-12-31,12.64,coffee-minas-south,coffee,-21.5,-45,NASA POWER MERRA-2 PRECTOTCORR
2023-01-01,7.18,coffee-minas-south,coffee,-21.5,-45,NASA POWER MERRA-2 PRECTOTCORR
2023-01-02,6.34,coffee-minas-south,coffee,-21.5,-45,NASA POWER MERRA-2 PRECTOTCORR
2023-01-03,11.63,coffee-minas-south,coffee,-21.5,-45,NASA POWER MERRA-2 PRECTOTCORR
2023-01-04,19.95,coffee-minas-south,coffee,-21.5,-45,NASA POWER MERRA-2 PRECTOTCORR
2023-01-05,20.67,coffee-minas-south,coffee,-21.5,-45,NASA POWER MERRA-2 PRECTOTCORR
2023-01-06,47.52,coffee-minas-south,coffee,-21.5,-45,NASA POWER MERRA-2 PRECTOTCORR
2023-01-07,6.72,coffee-minas-south,coffee,-21.5,-45,NASA POWER MERRA-2 PRECTOTCORR
2023-01-08,14.6,coffee-minas-south,coffee,-21.5,-45,NASA POWER MERRA-2 PRECTOTCORR
2023-01-09,28.02,coffee-minas-south,coffee,-21.5,-45,NASA POWER MERRA-2 PRECTOTCORR
2023-01-10,10.41,coffee-minas-south,coffee,-21.5,-45,NASA POWER MERRA-2 PRECTOTCORR
2023-01-11,18.05,coffee-minas-south,coffee,-21.5,-45,NASA POWER MERRA-2 PRECTOTCORR
2023-01-12,9.2,coffee-minas-south,coffee,-21.5,-45,NASA POWER MERRA-2 PRECTOTCORR
2023-01-13,12.1,coffee-minas-south,coffee,-21.5,-45,NASA POWER MERRA-2 PRECTOTCORR
2023-01-14,7.57,coffee-minas-south,coffee,-21.5,-45,NASA POWER MERRA-2 PRECTOTCORR
2023-01-15,4.89,coffee-minas-south,coffee,-21.5,-45,NASA POWER MERRA-2 PRECTOTCORR
2023-01-16,12.53,coffee-minas-south,coffee,-21.5,-45,NASA POWER MERRA-2 PRECTOTCORR
2023-01-17,1.73,coffee-minas-south,coffee,-21.5,-45,NASA POWER MERRA-2 PRECTOTCORR
2023-01-18,5.82,coffee-minas-south,coffee,-21.5,-45,NASA POWER MERRA-2 PRECTOTCORR
2023-01-19,14.55,coffee-minas-south,coffee,-21.5,-45,NASA POWER MERRA-2 PRECTOTCORR
2023-01-20,31.66,coffee-minas-south,coffee,-21.5,-45,NASA POWER MERRA-2 PRECTOTCORR
2023-01-21,11.87,coffee-minas-south,coffee,-21.5,-45,NASA POWER MERRA-2 PRECTOTCORR
2023-01-22,10.27,coffee-minas-south,coffee,-21.5,-45,NASA POWER MERRA-2 PRECTOTCORR
2023-01-23,8.35,coffee-minas-south,coffee,-21.5,-45,NASA POWER MERRA-2 PRECTOTCORR
2023-01-24,17.26,coffee-minas-south,coffee,-21.5,-45,NASA POWER MERRA-2 PRECTOTCORR
2023-01-25,1.85,coffee-minas-south,coffee,-21.5,-45,NASA POWER MERRA-2 PRECTOTCORR
2023-01-26,0.02,coffee-minas-south,coffee,-21.5,-45,NASA POWER MERRA-2 PRECTOTCORR
2023-01-27,7.74,coffee-minas-south,coffee,-21.5,-45,NASA POWER MERRA-2 PRECTOTCORR
2023-01-28,14.17,coffee-minas-south,coffee,-21.5,-45,NASA POWER MERRA-2 PRECTOTCORR
2023-01-29,10.57,coffee-minas-south,coffee,-21.5,-45,NASA POWER MERRA-2 PRECTOTCORR
2023-01-30,11.53,coffee-minas-south,coffee,-21.5,-45,NASA POWER MERRA-2 PRECTOTCORR
2023-01-31,5.89,coffee-minas-south,coffee,-21.5,-45,NASA POWER MERRA-2 PRECTOTCORR
2023-02-01,8.43,coffee-minas-south,coffee,-21.5,-45,NASA POWER MERRA-2 PRECTOTCORR
2023-02-02,15.63,coffee-minas-south,coffee,-21.5,-45,NASA POWER MERRA-2 PRECTOTCORR
2023-02-03,4.06,coffee-minas-south,coffee,-21.5,-45,NASA POWER MERRA-2 PRECTOTCORR
2023-02-04,1.78,coffee-minas-south,coffee,-21.5,-45,NASA POWER MERRA-2 PRECTOTCORR
2023-02-05,6.23,coffee-minas-south,coffee,-21.5,-45,NASA POWER MERRA-2 PRECTOTCORR
2023-02-06,5.2,coffee-minas-south,coffee,-21.5,-45,NASA POWER MERRA-2 PRECTOTCORR
2023-02-07,2.76,coffee-minas-south,coffee,-21.5,-45,NASA POWER MERRA-2 PRECTOTCORR
2023-02-08,8.76,coffee-minas-south,coffee,-21.5,-45,NASA POWER MERRA-2 PRECTOTCORR
2023-02-09,4.52,coffee-minas-south,coffee,-21.5,-45,NASA POWER MERRA-2 PRECTOTCORR
2023-02-10,10.48,coffee-minas-south,coffee,-21.5,-45,NASA POWER MERRA-2 PRECTOTCORR
2023-02-11,28.57,coffee-minas-south,coffee,-21.5,-45,NASA POWER MERRA-2 PRECTOTCORR
2023-02-12,15.91,coffee-minas-south,coffee,-21.5,-45,NASA POWER MERRA-2 PRECTOTCORR
2023-02-13,14.89,coffee-minas-south,coffee,-21.5,-45,NASA POWER MERRA-2 PRECTOTCORR
2023-02-14,3.41,coffee-minas-south,coffee,-21.5,-45,NASA POWER MERRA-2 PRECTOTCORR
2023-02-15,10.54,coffee-minas-south,coffee,-21.5,-45,NASA POWER MERRA-2 PRECTOTCORR
2023-02-16,4.49,coffee-minas-south,coffee,-21.5,-45,NASA POWER MERRA-2 PRECTOTCORR
2023-02-17,2.51,coffee-minas-south,coffee,-21.5,-45,NASA POWER MERRA-2 PRECTOTCORR
2023-02-18,2.9,coffee-minas-south,coffee,-21.5,-45,NASA POWER MERRA-2 PRECTOTCORR
2023-02-19,12.49,coffee-minas-south,coffee,-21.5,-45,NASA POWER MERRA-2 PRECTOTCORR
2023-02-20,7.06,coffee-minas-south,coffee,-21.5,-45,NASA POWER MERRA-2 PRECTOTCORR
2023-02-21,11.16,coffee-minas-south,coffee,-21.5,-45,NASA POWER MERRA-2 PRECTOTCORR
2023-02-22,10.05,coffee-minas-south,coffee,-21.5,-45,NASA POWER MERRA-2 PRECTOTCORR
2023-02-23,16.32,coffee-minas-south,coffee,-21.5,-45,NASA POWER MERRA-2 PRECTOTCORR
2023-02-24,4.59,coffee-minas-south,coffee,-21.5,-45,NASA POWER MERRA-2 PRECTOTCORR
2023-02-25,7.11,coffee-minas-south,coffee,-21.5,-45,NASA POWER MERRA-2 PRECTOTCORR
2023-02-26,0.88,coffee-minas-south,coffee,-21.5,-45,NASA POWER MERRA-2 PRECTOTCORR
2023-02-27,3.05,coffee-minas-south,coffee,-21.5,-45,NASA POWER MERRA-2 PRECTOTCORR
2023-02-28,1.87,coffee-minas-south,coffee,-21.5,-45,NASA POWER MERRA-2 PRECTOTCORR
2023-03-01,0.32,coffee-minas-south,coffee,-21.5,-45,NASA POWER MERRA-2 PRECTOTCORR
2023-03-02,3.46,coffee-minas-south,coffee,-21.5,-45,NASA POWER MERRA-2 PRECTOTCORR
2023-03-03,2.96,coffee-minas-south,coffee,-21.5,-45,NASA POWER MERRA-2 PRECTOTCORR
2023-03-04,1.33,coffee-minas-south,coffee,-21.5,-45,NASA POWER MERRA-2 PRECTOTCORR
2023-03-05,18.75,coffee-minas-south,coffee,-21.5,-45,NASA POWER MERRA-2 PRECTOTCORR
2023-03-06,7.8,coffee-minas-south,coffee,-21.5,-45,NASA POWER MERRA-2 PRECTOTCORR
2023-03-07,7.48,coffee-minas-south,coffee,-21.5,-45,NASA POWER MERRA-2 PRECTOTCORR
2023-03-08,6.21,coffee-minas-south,coffee,-21.5,-45,NASA POWER MERRA-2 PRECTOTCORR
2023-03-09,3.37,coffee-minas-south,coffee,-21.5,-45,NASA POWER MERRA-2 PRECTOTCORR
2023-03-10,6.85,coffee-minas-south,coffee,-21.5,-45,NASA POWER MERRA-2 PRECTOTCORR
2023-03-11,13.19,coffee-minas-south,coffee,-21.5,-45,NASA POWER MERRA-2 PRECTOTCORR
2023-03-12,6.9,coffee-minas-south,coffee,-21.5,-45,NASA POWER MERRA-2 PRECTOTCORR
2023-03-13,1.81,coffee-minas-south,coffee,-21.5,-45,NASA POWER MERRA-2 PRECTOTCORR
2023-03-14,0.98,coffee-minas-south,coffee,-21.5,-45,NASA POWER MERRA-2 PRECTOTCORR
2023-03-15,0.13,coffee-minas-south,coffee,-21.5,-45,NASA POWER MERRA-2 PRECTOTCORR
2023-03-16,0.74,coffee-minas-south,coffee,-21.5,-45,NASA POWER MERRA-2 PRECTOTCORR
2023-03-17,0.21,coffee-minas-south,coffee,-21.5,-45,NASA POWER MERRA-2 PRECTOTCORR
2023-03-18,0.04,coffee-minas-south,coffee,-21.5,-45,NASA POWER MERRA-2 PRECTOTCORR
2023-03-19,0.42,coffee-minas-south,coffee,-21.5,-45,NASA POWER MERRA-2 PRECTOTCORR
2023-03-20,5.28,coffee-minas-south,coffee,-21.5,-45,NASA POWER MERRA-2 PRECTOTCORR
2023-03-21,2.98,coffee-minas-south,coffee,-21.5,-45,NASA POWER MERRA-2 PRECTOTCORR
2023-03-22,3.22,coffee-minas-south,coffee,-21.5,-45,NASA POWER MERRA-2 PRECTOTCORR
2023-03-23,0.52,coffee-minas-south,coffee,-21.5,-45,NASA POWER MERRA-2 PRECTOTCORR
2023-03-24,0.04,coffee-minas-south,coffee,-21.5,-45,NASA POWER MERRA-2 PRECTOTCORR
2023-03-25,0.08,coffee-minas-south,coffee,-21.5,-45,NASA POWER MERRA-2 PRECTOTCORR
2023-03-26,0.29,coffee-minas-south,coffee,-21.5,-45,NASA POWER MERRA-2 PRECTOTCORR
2023-03-27,1.12,coffee-minas-south,coffee,-21.5,-45,NASA POWER MERRA-2 PRECTOTCORR
2023-03-28,1.89,coffee-minas-south,coffee,-21.5,-45,NASA POWER MERRA-2 PRECTOTCORR
2023-03-29,3.92,coffee-minas-south,coffee,-21.5,-45,NASA POWER MERRA-2 PRECTOTCORR
2023-03-30,1.61,coffee-minas-south,coffee,-21.5,-45,NASA POWER MERRA-2 PRECTOTCORR
2023-03-31,2.95,coffee-minas-south,coffee,-21.5,-45,NASA POWER MERRA-2 PRECTOTCORR
2023-04-01,0.4,coffee-minas-south,coffee,-21.5,-45,NASA POWER MERRA-2 PRECTOTCORR
2023-04-02,0.23,coffee-minas-south,coffee,-21.5,-45,NASA POWER MERRA-2 PRECTOTCORR
2023-04-03,0.11,coffee-minas-south,coffee,-21.5,-45,NASA POWER MERRA-2 PRECTOTCORR
2023-04-04,0.01,coffee-minas-south,coffee,-21.5,-45,NASA POWER MERRA-2 PRECTOTCORR
2023-04-05,0.18,coffee-minas-south,coffee,-21.5,-45,NASA POWER MERRA-2 PRECTOTCORR
2023-04-06,0.49,coffee-minas-south,coffee,-21.5,-45,NASA POWER MERRA-2 PRECTOTCORR
2023-04-07,7.98,coffee-minas-south,coffee,-21.5,-45,NASA POWER MERRA-2 PRECTOTCORR
2023-04-08,3.16,coffee-minas-south,coffee,-21.5,-45,NASA POWER MERRA-2 PRECTOTCORR
2023-04-09,5.01,coffee-minas-south,coffee,-21.5,-45,NASA POWER MERRA-2 PRECTOTCORR
2023-04-10,0.15,coffee-minas-south,coffee,-21.5,-45,NASA POWER MERRA-2 PRECTOTCORR
2023-04-11,0.02,coffee-minas-south,coffee,-21.5,-45,NASA POWER MERRA-2 PRECTOTCORR
2023-04-12,0.27,coffee-minas-south,coffee,-21.5,-45,NASA POWER MERRA-2 PRECTOTCORR
2023-04-13,1.84,coffee-minas-south,coffee,-21.5,-45,NASA POWER MERRA-2 PRECTOTCORR
2023-04-14,17.69,coffee-minas-south,coffee,-21.5,-45,NASA POWER MERRA-2 PRECTOTCORR
2023-04-15,0.49,coffee-minas-south,coffee,-21.5,-45,NASA POWER MERRA-2 PRECTOTCORR
2023-04-16,0.02,coffee-minas-south,coffee,-21.5,-45,NASA POWER MERRA-2 PRECTOTCORR
2023-04-17,1.18,coffee-minas-south,coffee,-21.5,-45,NASA POWER MERRA-2 PRECTOTCORR
2023-04-18,15.83,coffee-minas-south,coffee,-21.5,-45,NASA POWER MERRA-2 PRECTOTCORR
2023-04-19,0.4,coffee-minas-south,coffee,-21.5,-45,NASA POWER MERRA-2 PRECTOTCORR
2023-04-20,0.03,coffee-minas-south,coffee,-21.5,-45,NASA POWER MERRA-2 PRECTOTCORR
2023-04-21,0.01,coffee-minas-south,coffee,-21.5,-45,NASA POWER MERRA-2 PRECTOTCORR
2023-04-22,0.03,coffee-minas-south,coffee,-21.5,-45,NASA POWER MERRA-2 PRECTOTCORR
2023-04-23,0.04,coffee-minas-south,coffee,-21.5,-45,NASA POWER MERRA-2 PRECTOTCORR
2023-04-24,0.04,coffee-minas-south,coffee,-21.5,-45,NASA POWER MERRA-2 PRECTOTCORR
2023-04-25,0.03,coffee-minas-south,coffee,-21.5,-45,NASA POWER MERRA-2 PRECTOTCORR
2023-04-26,4.39,coffee-minas-south,coffee,-21.5,-45,NASA POWER MERRA-2 PRECTOTCORR
2023-04-27,0.94,coffee-minas-south,coffee,-21.5,-45,NASA POWER MERRA-2 PRECTOTCORR
2023-04-28,1.48,coffee-minas-south,coffee,-21.5,-45,NASA POWER MERRA-2 PRECTOTCORR
2023-04-29,0.41,coffee-minas-south,coffee,-21.5,-45,NASA POWER MERRA-2 PRECTOTCORR
2023-04-30,0.68,coffee-minas-south,coffee,-21.5,-45,NASA POWER MERRA-2 PRECTOTCORR
2023-05-01,2.86,coffee-minas-south,coffee,-21.5,-45,NASA POWER MERRA-2 PRECTOTCORR
2023-05-02,0.44,coffee-minas-south,coffee,-21.5,-45,NASA POWER MERRA-2 PRECTOTCORR
2023-05-03,0.03,coffee-minas-south,coffee,-21.5,-45,NASA POWER MERRA-2 PRECTOTCORR
2023-05-04,0.01,coffee-minas-south,coffee,-21.5,-45,NASA POWER MERRA-2 PRECTOTCORR
2023-05-05,0.08,coffee-minas-south,coffee,-21.5,-45,NASA POWER MERRA-2 PRECTOTCORR
2023-05-06,0.06,coffee-minas-south,coffee,-21.5,-45,NASA POWER MERRA-2 PRECTOTCORR
2023-05-07,0.01,coffee-minas-south,coffee,-21.5,-45,NASA POWER MERRA-2 PRECTOTCORR
2023-05-08,0.02,coffee-minas-south,coffee,-21.5,-45,NASA POWER MERRA-2 PRECTOTCORR
2023-05-09,0.01,coffee-minas-south,coffee,-21.5,-45,NASA POWER MERRA-2 PRECTOTCORR
2023-05-10,0.25,coffee-minas-south,coffee,-21.5,-45,NASA POWER MERRA-2 PRECTOTCORR
2023-05-11,0.03,coffee-minas-south,coffee,-21.5,-45,NASA POWER MERRA-2 PRECTOTCORR
2023-05-12,0.02,coffee-minas-south,coffee,-21.5,-45,NASA POWER MERRA-2 PRECTOTCORR
2023-05-13,0.02,coffee-minas-south,coffee,-21.5,-45,NASA POWER MERRA-2 PRECTOTCORR
2023-05-14,0.02,coffee-minas-south,coffee,-21.5,-45,NASA POWER MERRA-2 PRECTOTCORR
2023-05-15,0.03,coffee-minas-south,coffee,-21.5,-45,NASA POWER MERRA-2 PRECTOTCORR
2023-05-16,0.02,coffee-minas-south,coffee,-21.5,-45,NASA POWER MERRA-2 PRECTOTCORR
2023-05-17,0.03,coffee-minas-south,coffee,-21.5,-45,NASA POWER MERRA-2 PRECTOTCORR
2023-05-18,0.01,coffee-minas-south,coffee,-21.5,-45,NASA POWER MERRA-2 PRECTOTCORR
2023-05-19,0.03,coffee-minas-south,coffee,-21.5,-45,NASA POWER MERRA-2 PRECTOTCORR
2023-05-20,0.04,coffee-minas-south,coffee,-21.5,-45,NASA POWER MERRA-2 PRECTOTCORR
2023-05-21,0.03,coffee-minas-south,coffee,-21.5,-45,NASA POWER MERRA-2 PRECTOTCORR
2023-05-22,0.01,coffee-minas-south,coffee,-21.5,-45,NASA POWER MERRA-2 PRECTOTCORR
2023-05-23,0,coffee-minas-south,coffee,-21.5,-45,NASA POWER MERRA-2 PRECTOTCORR
2023-05-24,0.02,coffee-minas-south,coffee,-21.5,-45,NASA POWER MERRA-2 PRECTOTCORR
2023-05-25,0.01,coffee-minas-south,coffee,-21.5,-45,NASA POWER MERRA-2 PRECTOTCORR
2023-05-26,0.01,coffee-minas-south,coffee,-21.5,-45,NASA POWER MERRA-2 PRECTOTCORR
2023-05-27,0.01,coffee-minas-south,coffee,-21.5,-45,NASA POWER MERRA-2 PRECTOTCORR
2023-05-28,0.13,coffee-minas-south,coffee,-21.5,-45,NASA POWER MERRA-2 PRECTOTCORR
2023-05-29,0.23,coffee-minas-south,coffee,-21.5,-45,NASA POWER MERRA-2 PRECTOTCORR
2023-05-30,0.96,coffee-minas-south,coffee,-21.5,-45,NASA POWER MERRA-2 PRECTOTCORR
2023-05-31,9.82,coffee-minas-south,coffee,-21.5,-45,NASA POWER MERRA-2 PRECTOTCORR
2023-06-01,0.12,coffee-minas-south,coffee,-21.5,-45,NASA POWER MERRA-2 PRECTOTCORR
2023-06-02,0.04,coffee-minas-south,coffee,-21.5,-45,NASA POWER MERRA-2 PRECTOTCORR
2023-06-03,0.02,coffee-minas-south,coffee,-21.5,-45,NASA POWER MERRA-2 PRECTOTCORR
2023-06-04,0.04,coffee-minas-south,coffee,-21.5,-45,NASA POWER MERRA-2 PRECTOTCORR
2023-06-05,0.07,coffee-minas-south,coffee,-21.5,-45,NASA POWER MERRA-2 PRECTOTCORR
2023-06-06,0.02,coffee-minas-south,coffee,-21.5,-45,NASA POWER MERRA-2 PRECTOTCORR
2023-06-07,0.09,coffee-minas-south,coffee,-21.5,-45,NASA POWER MERRA-2 PRECTOTCORR
2023-06-08,0.09,coffee-minas-south,coffee,-21.5,-45,NASA POWER MERRA-2 PRECTOTCORR
2023-06-09,0.04,coffee-minas-south,coffee,-21.5,-45,NASA POWER MERRA-2 PRECTOTCORR
2023-06-10,0.04,coffee-minas-south,coffee,-21.5,-45,NASA POWER MERRA-2 PRECTOTCORR
2023-06-11,0.07,coffee-minas-south,coffee,-21.5,-45,NASA POWER MERRA-2 PRECTOTCORR
2023-06-12,0,coffee-minas-south,coffee,-21.5,-45,NASA POWER MERRA-2 PRECTOTCORR
2023-06-13,0.02,coffee-minas-south,coffee,-21.5,-45,NASA POWER MERRA-2 PRECTOTCORR
2023-06-14,8.73,coffee-minas-south,coffee,-21.5,-45,NASA POWER MERRA-2 PRECTOTCORR
2023-06-15,1.36,coffee-minas-south,coffee,-21.5,-45,NASA POWER MERRA-2 PRECTOTCORR
2023-06-16,0.68,coffee-minas-south,coffee,-21.5,-45,NASA POWER MERRA-2 PRECTOTCORR
2023-06-17,0.03,coffee-minas-south,coffee,-21.5,-45,NASA POWER MERRA-2 PRECTOTCORR
2023-06-18,0.02,coffee-minas-south,coffee,-21.5,-45,NASA POWER MERRA-2 PRECTOTCORR
2023-06-19,0.05,coffee-minas-south,coffee,-21.5,-45,NASA POWER MERRA-2 PRECTOTCORR
2023-06-20,0.11,coffee-minas-south,coffee,-21.5,-45,NASA POWER MERRA-2 PRECTOTCORR
2023-06-21,0.56,coffee-minas-south,coffee,-21.5,-45,NASA POWER MERRA-2 PRECTOTCORR
2023-06-22,0.39,coffee-minas-south,coffee,-21.5,-45,NASA POWER MERRA-2 PRECTOTCORR
2023-06-23,0.07,coffee-minas-south,coffee,-21.5,-45,NASA POWER MERRA-2 PRECTOTCORR
2023-06-24,0.03,coffee-minas-south,coffee,-21.5,-45,NASA POWER MERRA-2 PRECTOTCORR
2023-06-25,0.03,coffee-minas-south,coffee,-21.5,-45,NASA POWER MERRA-2 PRECTOTCORR
2023-06-26,0.04,coffee-minas-south,coffee,-21.5,-45,NASA POWER MERRA-2 PRECTOTCORR
2023-06-27,0.03,coffee-minas-south,coffee,-21.5,-45,NASA POWER MERRA-2 PRECTOTCORR
2023-06-28,0.01,coffee-minas-south,coffee,-21.5,-45,NASA POWER MERRA-2 PRECTOTCORR
2023-06-29,0.03,coffee-minas-south,coffee,-21.5,-45,NASA POWER MERRA-2 PRECTOTCORR
2023-06-30,0.04,coffee-minas-south,coffee,-21.5,-45,NASA POWER MERRA-2 PRECTOTCORR
2023-07-01,0.06,coffee-minas-south,coffee,-21.5,-45,NASA POWER MERRA-2 PRECTOTCORR
2023-07-02,0.08,coffee-minas-south,coffee,-21.5,-45,NASA POWER MERRA-2 PRECTOTCORR
2023-07-03,0.17,coffee-minas-south,coffee,-21.5,-45,NASA POWER MERRA-2 PRECTOTCORR
2023-07-04,0.02,coffee-minas-south,coffee,-21.5,-45,NASA POWER MERRA-2 PRECTOTCORR
2023-07-05,0.03,coffee-minas-south,coffee,-21.5,-45,NASA POWER MERRA-2 PRECTOTCORR
2023-07-06,0.01,coffee-minas-south,coffee,-21.5,-45,NASA POWER MERRA-2 PRECTOTCORR
2023-07-07,0,coffee-minas-south,coffee,-21.5,-45,NASA POWER MERRA-2 PRECTOTCORR
2023-07-08,0.06,coffee-minas-south,coffee,-21.5,-45,NASA POWER MERRA-2 PRECTOTCORR
2023-07-09,0.17,coffee-minas-south,coffee,-21.5,-45,NASA POWER MERRA-2 PRECTOTCORR
2023-07-10,0.02,coffee-minas-south,coffee,-21.5,-45,NASA POWER MERRA-2 PRECTOTCORR
2023-07-11,0,coffee-minas-south,coffee,-21.5,-45,NASA POWER MERRA-2 PRECTOTCORR
2023-07-12,0,coffee-minas-south,coffee,-21.5,-45,NASA POWER MERRA-2 PRECTOTCORR
2023-07-13,0.02,coffee-minas-south,coffee,-21.5,-45,NASA POWER MERRA-2 PRECTOTCORR
2023-07-14,3.35,coffee-minas-south,coffee,-21.5,-45,NASA POWER MERRA-2 PRECTOTCORR
2023-07-15,0,coffee-minas-south,coffee,-21.5,-45,NASA POWER MERRA-2 PRECTOTCORR
2023-07-16,0,coffee-minas-south,coffee,-21.5,-45,NASA POWER MERRA-2 PRECTOTCORR
2023-07-17,0,coffee-minas-south,coffee,-21.5,-45,NASA POWER MERRA-2 PRECTOTCORR
2023-07-18,0.11,coffee-minas-south,coffee,-21.5,-45,NASA POWER MERRA-2 PRECTOTCORR
2023-07-19,0.09,coffee-minas-south,coffee,-21.5,-45,NASA POWER MERRA-2 PRECTOTCORR
2023-07-20,0.04,coffee-minas-south,coffee,-21.5,-45,NASA POWER MERRA-2 PRECTOTCORR
2023-07-21,0.01,coffee-minas-south,coffee,-21.5,-45,NASA POWER MERRA-2 PRECTOTCORR
2023-07-22,0,coffee-minas-south,coffee,-21.5,-45,NASA POWER MERRA-2 PRECTOTCORR
2023-07-23,0,coffee-minas-south,coffee,-21.5,-45,NASA POWER MERRA-2 PRECTOTCORR
2023-07-24,0,coffee-minas-south,coffee,-21.5,-45,NASA POWER MERRA-2 PRECTOTCORR
2023-07-25,0,coffee-minas-south,coffee,-21.5,-45,NASA POWER MERRA-2 PRECTOTCORR
2023-07-26,0,coffee-minas-south,coffee,-21.5,-45,NASA POWER MERRA-2 PRECTOTCORR
2023-07-27,0,coffee-minas-south,coffee,-21.5,-45,NASA POWER MERRA-2 PRECTOTCORR
2023-07-28,0.09,coffee-minas-south,coffee,-21.5,-45,NASA POWER MERRA-2 PRECTOTCORR
2023-07-29,0.39,coffee-minas-south,coffee,-21.5,-45,NASA POWER MERRA-2 PRECTOTCORR
2023-07-30,0.07,coffee-minas-south,coffee,-21.5,-45,NASA POWER MERRA-2 PRECTOTCORR
2023-07-31,0,coffee-minas-south,coffee,-21.5,-45,NASA POWER MERRA-2 PRECTOTCORR
2023-08-01,0.08,coffee-minas-south,coffee,-21.5,-45,NASA POWER MERRA-2 PRECTOTCORR
2023-08-02,0.02,coffee-minas-south,coffee,-21.5,-45,NASA POWER MERRA-2 PRECTOTCORR
2023-08-03,0,coffee-minas-south,coffee,-21.5,-45,NASA POWER MERRA-2 PRECTOTCORR
2023-08-04,0,coffee-minas-south,coffee,-21.5,-45,NASA POWER MERRA-2 PRECTOTCORR
2023-08-05,0,coffee-minas-south,coffee,-21.5,-45,NASA POWER MERRA-2 PRECTOTCORR
2023-08-06,0,coffee-minas-south,coffee,-21.5,-45,NASA POWER MERRA-2 PRECTOTCORR
2023-08-07,0,coffee-minas-south,coffee,-21.5,-45,NASA POWER MERRA-2 PRECTOTCORR
2023-08-08,0.08,coffee-minas-south,coffee,-21.5,-45,NASA POWER MERRA-2 PRECTOTCORR
2023-08-09,0.03,coffee-minas-south,coffee,-21.5,-45,NASA POWER MERRA-2 PRECTOTCORR
2023-08-10,0,coffee-minas-south,coffee,-21.5,-45,NASA POWER MERRA-2 PRECTOTCORR
2023-08-11,0.01,coffee-minas-south,coffee,-21.5,-45,NASA POWER MERRA-2 PRECTOTCORR
2023-08-12,0.1,coffee-minas-south,coffee,-21.5,-45,NASA POWER MERRA-2 PRECTOTCORR
2023-08-13,0.12,coffee-minas-south,coffee,-21.5,-45,NASA POWER MERRA-2 PRECTOTCORR
2023-08-14,0.27,coffee-minas-south,coffee,-21.5,-45,NASA POWER MERRA-2 PRECTOTCORR
2023-08-15,0.32,coffee-minas-south,coffee,-21.5,-45,NASA POWER MERRA-2 PRECTOTCORR
2023-08-16,0.04,coffee-minas-south,coffee,-21.5,-45,NASA POWER MERRA-2 PRECTOTCORR
2023-08-17,0.34,coffee-minas-south,coffee,-21.5,-45,NASA POWER MERRA-2 PRECTOTCORR
2023-08-18,0.02,coffee-minas-south,coffee,-21.5,-45,NASA POWER MERRA-2 PRECTOTCORR
2023-08-19,0.12,coffee-minas-south,coffee,-21.5,-45,NASA POWER MERRA-2 PRECTOTCORR
2023-08-20,6.19,coffee-minas-south,coffee,-21.5,-45,NASA POWER MERRA-2 PRECTOTCORR
2023-08-21,0.03,coffee-minas-south,coffee,-21.5,-45,NASA POWER MERRA-2 PRECTOTCORR
2023-08-22,0,coffee-minas-south,coffee,-21.5,-45,NASA POWER MERRA-2 PRECTOTCORR
2023-08-23,0,coffee-minas-south,coffee,-21.5,-45,NASA POWER MERRA-2 PRECTOTCORR
2023-08-24,0.06,coffee-minas-south,coffee,-21.5,-45,NASA POWER MERRA-2 PRECTOTCORR
2023-08-25,1.4,coffee-minas-south,coffee,-21.5,-45,NASA POWER MERRA-2 PRECTOTCORR
2023-08-26,3.92,coffee-minas-south,coffee,-21.5,-45,NASA POWER MERRA-2 PRECTOTCORR
2023-08-27,8.24,coffee-minas-south,coffee,-21.5,-45,NASA POWER MERRA-2 PRECTOTCORR
2023-08-28,2.8,coffee-minas-south,coffee,-21.5,-45,NASA POWER MERRA-2 PRECTOTCORR
2023-08-29,0.61,coffee-minas-south,coffee,-21.5,-45,NASA POWER MERRA-2 PRECTOTCORR
2023-08-30,0.11,coffee-minas-south,coffee,-21.5,-45,NASA POWER MERRA-2 PRECTOTCORR
2023-08-31,0.08,coffee-minas-south,coffee,-21.5,-45,NASA POWER MERRA-2 PRECTOTCORR
2023-09-01,0.01,coffee-minas-south,coffee,-21.5,-45,NASA POWER MERRA-2 PRECTOTCORR
2023-09-02,4.4,coffee-minas-south,coffee,-21.5,-45,NASA POWER MERRA-2 PRECTOTCORR
2023-09-03,0.4,coffee-minas-south,coffee,-21.5,-45,NASA POWER MERRA-2 PRECTOTCORR
2023-09-04,0.01,coffee-minas-south,coffee,-21.5,-45,NASA POWER MERRA-2 PRECTOTCORR
2023-09-05,0.53,coffee-minas-south,coffee,-21.5,-45,NASA POWER MERRA-2 PRECTOTCORR
2023-09-06,0.13,coffee-minas-south,coffee,-21.5,-45,NASA POWER MERRA-2 PRECTOTCORR
2023-09-07,0.02,coffee-minas-south,coffee,-21.5,-45,NASA POWER MERRA-2 PRECTOTCORR
2023-09-08,0,coffee-minas-south,coffee,-21.5,-45,NASA POWER MERRA-2 PRECTOTCORR
2023-09-09,0,coffee-minas-south,coffee,-21.5,-45,NASA POWER MERRA-2 PRECTOTCORR
2023-09-10,0,coffee-minas-south,coffee,-21.5,-45,NASA POWER MERRA-2 PRECTOTCORR
2023-09-11,0,coffee-minas-south,coffee,-21.5,-45,NASA POWER MERRA-2 PRECTOTCORR
2023-09-12,0,coffee-minas-south,coffee,-21.5,-45,NASA POWER MERRA-2 PRECTOTCORR
2023-09-13,0,coffee-minas-south,coffee,-21.5,-45,NASA POWER MERRA-2 PRECTOTCORR
2023-09-14,1.05,coffee-minas-south,coffee,-21.5,-45,NASA POWER MERRA-2 PRECTOTCORR
2023-09-15,0.27,coffee-minas-south,coffee,-21.5,-45,NASA POWER MERRA-2 PRECTOTCORR
2023-09-16,0.01,coffee-minas-south,coffee,-21.5,-45,NASA POWER MERRA-2 PRECTOTCORR
2023-09-17,0,coffee-minas-south,coffee,-21.5,-45,NASA POWER MERRA-2 PRECTOTCORR
2023-09-18,0,coffee-minas-south,coffee,-21.5,-45,NASA POWER MERRA-2 PRECTOTCORR
2023-09-19,0,coffee-minas-south,coffee,-21.5,-45,NASA POWER MERRA-2 PRECTOTCORR
2023-09-20,0.17,coffee-minas-south,coffee,-21.5,-45,NASA POWER MERRA-2 PRECTOTCORR
2023-09-21,0.18,coffee-minas-south,coffee,-21.5,-45,NASA POWER MERRA-2 PRECTOTCORR
2023-09-22,0,coffee-minas-south,coffee,-21.5,-45,NASA POWER MERRA-2 PRECTOTCORR
2023-09-23,0,coffee-minas-south,coffee,-21.5,-45,NASA POWER MERRA-2 PRECTOTCORR
2023-09-24,0,coffee-minas-south,coffee,-21.5,-45,NASA POWER MERRA-2 PRECTOTCORR
2023-09-25,0.06,coffee-minas-south,coffee,-21.5,-45,NASA POWER MERRA-2 PRECTOTCORR
2023-09-26,0.43,coffee-minas-south,coffee,-21.5,-45,NASA POWER MERRA-2 PRECTOTCORR
2023-09-27,16.02,coffee-minas-south,coffee,-21.5,-45,NASA POWER MERRA-2 PRECTOTCORR
2023-09-28,2.39,coffee-minas-south,coffee,-21.5,-45,NASA POWER MERRA-2 PRECTOTCORR
2023-09-29,0.01,coffee-minas-south,coffee,-21.5,-45,NASA POWER MERRA-2 PRECTOTCORR
2023-09-30,1.57,coffee-minas-south,coffee,-21.5,-45,NASA POWER MERRA-2 PRECTOTCORR
2023-10-01,29.22,coffee-minas-south,coffee,-21.5,-45,NASA POWER MERRA-2 PRECTOTCORR
2023-10-02,7.08,coffee-minas-south,coffee,-21.5,-45,NASA POWER MERRA-2 PRECTOTCORR
2023-10-03,7.33,coffee-minas-south,coffee,-21.5,-45,NASA POWER MERRA-2 PRECTOTCORR
2023-10-04,1.91,coffee-minas-south,coffee,-21.5,-45,NASA POWER MERRA-2 PRECTOTCORR
2023-10-05,6.08,coffee-minas-south,coffee,-21.5,-45,NASA POWER MERRA-2 PRECTOTCORR
2023-10-06,4.53,coffee-minas-south,coffee,-21.5,-45,NASA POWER MERRA-2 PRECTOTCORR
2023-10-07,6.59,coffee-minas-south,coffee,-21.5,-45,NASA POWER MERRA-2 PRECTOTCORR
2023-10-08,6.29,coffee-minas-south,coffee,-21.5,-45,NASA POWER MERRA-2 PRECTOTCORR
2023-10-09,5.55,coffee-minas-south,coffee,-21.5,-45,NASA POWER MERRA-2 PRECTOTCORR
2023-10-10,0.1,coffee-minas-south,coffee,-21.5,-45,NASA POWER MERRA-2 PRECTOTCORR
2023-10-11,0.06,coffee-minas-south,coffee,-21.5,-45,NASA POWER MERRA-2 PRECTOTCORR
2023-10-12,3.88,coffee-minas-south,coffee,-21.5,-45,NASA POWER MERRA-2 PRECTOTCORR
2023-10-13,7.63,coffee-minas-south,coffee,-21.5,-45,NASA POWER MERRA-2 PRECTOTCORR
2023-10-14,0.02,coffee-minas-south,coffee,-21.5,-45,NASA POWER MERRA-2 PRECTOTCORR
2023-10-15,0.01,coffee-minas-south,coffee,-21.5,-45,NASA POWER MERRA-2 PRECTOTCORR
2023-10-16,11.16,coffee-minas-south,coffee,-21.5,-45,NASA POWER MERRA-2 PRECTOTCORR
2023-10-17,3.73,coffee-minas-south,coffee,-21.5,-45,NASA POWER MERRA-2 PRECTOTCORR
2023-10-18,2.78,coffee-minas-south,coffee,-21.5,-45,NASA POWER MERRA-2 PRECTOTCORR
2023-10-19,1.13,coffee-minas-south,coffee,-21.5,-45,NASA POWER MERRA-2 PRECTOTCORR
2023-10-20,1.67,coffee-minas-south,coffee,-21.5,-45,NASA POWER MERRA-2 PRECTOTCORR
2023-10-21,0.31,coffee-minas-south,coffee,-21.5,-45,NASA POWER MERRA-2 PRECTOTCORR
2023-10-22,0.04,coffee-minas-south,coffee,-21.5,-45,NASA POWER MERRA-2 PRECTOTCORR
2023-10-23,0.27,coffee-minas-south,coffee,-21.5,-45,NASA POWER MERRA-2 PRECTOTCORR
2023-10-24,0.68,coffee-minas-south,coffee,-21.5,-45,NASA POWER MERRA-2 PRECTOTCORR
2023-10-25,1.53,coffee-minas-south,coffee,-21.5,-45,NASA POWER MERRA-2 PRECTOTCORR
2023-10-26,11.26,coffee-minas-south,coffee,-21.5,-45,NASA POWER MERRA-2 PRECTOTCORR
2023-10-27,6.88,coffee-minas-south,coffee,-21.5,-45,NASA POWER MERRA-2 PRECTOTCORR
2023-10-28,0.7,coffee-minas-south,coffee,-21.5,-45,NASA POWER MERRA-2 PRECTOTCORR
2023-10-29,7.84,coffee-minas-south,coffee,-21.5,-45,NASA POWER MERRA-2 PRECTOTCORR
2023-10-30,1.41,coffee-minas-south,coffee,-21.5,-45,NASA POWER MERRA-2 PRECTOTCORR
2023-10-31,13.41,coffee-minas-south,coffee,-21.5,-45,NASA POWER MERRA-2 PRECTOTCORR
2023-11-01,0.33,coffee-minas-south,coffee,-21.5,-45,NASA POWER MERRA-2 PRECTOTCORR
2023-11-02,1.95,coffee-minas-south,coffee,-21.5,-45,NASA POWER MERRA-2 PRECTOTCORR
2023-11-03,12,coffee-minas-south,coffee,-21.5,-45,NASA POWER MERRA-2 PRECTOTCORR
2023-11-04,3.22,coffee-minas-south,coffee,-21.5,-45,NASA POWER MERRA-2 PRECTOTCORR
2023-11-05,0.03,coffee-minas-south,coffee,-21.5,-45,NASA POWER MERRA-2 PRECTOTCORR
2023-11-06,0.16,coffee-minas-south,coffee,-21.5,-45,NASA POWER MERRA-2 PRECTOTCORR
2023-11-07,0,coffee-minas-south,coffee,-21.5,-45,NASA POWER MERRA-2 PRECTOTCORR
2023-11-08,0,coffee-minas-south,coffee,-21.5,-45,NASA POWER MERRA-2 PRECTOTCORR
2023-11-09,0.09,coffee-minas-south,coffee,-21.5,-45,NASA POWER MERRA-2 PRECTOTCORR
2023-11-10,0.22,coffee-minas-south,coffee,-21.5,-45,NASA POWER MERRA-2 PRECTOTCORR
2023-11-11,0.04,coffee-minas-south,coffee,-21.5,-45,NASA POWER MERRA-2 PRECTOTCORR
2023-11-12,0.04,coffee-minas-south,coffee,-21.5,-45,NASA POWER MERRA-2 PRECTOTCORR
2023-11-13,0.02,coffee-minas-south,coffee,-21.5,-45,NASA POWER MERRA-2 PRECTOTCORR
2023-11-14,0.07,coffee-minas-south,coffee,-21.5,-45,NASA POWER MERRA-2 PRECTOTCORR
2023-11-15,0.91,coffee-minas-south,coffee,-21.5,-45,NASA POWER MERRA-2 PRECTOTCORR
2023-11-16,0.63,coffee-minas-south,coffee,-21.5,-45,NASA POWER MERRA-2 PRECTOTCORR
2023-11-17,0.66,coffee-minas-south,coffee,-21.5,-45,NASA POWER MERRA-2 PRECTOTCORR
2023-11-18,2.39,coffee-minas-south,coffee,-21.5,-45,NASA POWER MERRA-2 PRECTOTCORR
2023-11-19,7.61,coffee-minas-south,coffee,-21.5,-45,NASA POWER MERRA-2 PRECTOTCORR
2023-11-20,11.87,coffee-minas-south,coffee,-21.5,-45,NASA POWER MERRA-2 PRECTOTCORR
2023-11-21,3.59,coffee-minas-south,coffee,-21.5,-45,NASA POWER MERRA-2 PRECTOTCORR
2023-11-22,2.56,coffee-minas-south,coffee,-21.5,-45,NASA POWER MERRA-2 PRECTOTCORR
2023-11-23,4.99,coffee-minas-south,coffee,-21.5,-45,NASA POWER MERRA-2 PRECTOTCORR
2023-11-24,5.75,coffee-minas-south,coffee,-21.5,-45,NASA POWER MERRA-2 PRECTOTCORR
2023-11-25,1.99,coffee-minas-south,coffee,-21.5,-45,NASA POWER MERRA-2 PRECTOTCORR
2023-11-26,1.42,coffee-minas-south,coffee,-21.5,-45,NASA POWER MERRA-2 PRECTOTCORR
2023-11-27,1.6,coffee-minas-south,coffee,-21.5,-45,NASA POWER MERRA-2 PRECTOTCORR
2023-11-28,8.06,coffee-minas-south,coffee,-21.5,-45,NASA POWER MERRA-2 PRECTOTCORR
2023-11-29,10.37,coffee-minas-south,coffee,-21.5,-45,NASA POWER MERRA-2 PRECTOTCORR
2023-11-30,2.51,coffee-minas-south,coffee,-21.5,-45,NASA POWER MERRA-2 PRECTOTCORR
2023-12-01,0.13,coffee-minas-south,coffee,-21.5,-45,NASA POWER MERRA-2 PRECTOTCORR
2023-12-02,0.12,coffee-minas-south,coffee,-21.5,-45,NASA POWER MERRA-2 PRECTOTCORR
2023-12-03,3.13,coffee-minas-south,coffee,-21.5,-45,NASA POWER MERRA-2 PRECTOTCORR
2023-12-04,5.98,coffee-minas-south,coffee,-21.5,-45,NASA POWER MERRA-2 PRECTOTCORR
2023-12-05,4.1,coffee-minas-south,coffee,-21.5,-45,NASA POWER MERRA-2 PRECTOTCORR
2023-12-06,10.64,coffee-minas-south,coffee,-21.5,-45,NASA POWER MERRA-2 PRECTOTCORR
2023-12-07,9.4,coffee-minas-south,coffee,-21.5,-45,NASA POWER MERRA-2 PRECTOTCORR
2023-12-08,3.47,coffee-minas-south,coffee,-21.5,-45,NASA POWER MERRA-2 PRECTOTCORR
2023-12-09,4.97,coffee-minas-south,coffee,-21.5,-45,NASA POWER MERRA-2 PRECTOTCORR
2023-12-10,3.19,coffee-minas-south,coffee,-21.5,-45,NASA POWER MERRA-2 PRECTOTCORR
2023-12-11,21.39,coffee-minas-south,coffee,-21.5,-45,NASA POWER MERRA-2 PRECTOTCORR
2023-12-12,4.01,coffee-minas-south,coffee,-21.5,-45,NASA POWER MERRA-2 PRECTOTCORR
2023-12-13,1.19,coffee-minas-south,coffee,-21.5,-45,NASA POWER MERRA-2 PRECTOTCORR
2023-12-14,6.57,coffee-minas-south,coffee,-21.5,-45,NASA POWER MERRA-2 PRECTOTCORR
2023-12-15,3.46,coffee-minas-south,coffee,-21.5,-45,NASA POWER MERRA-2 PRECTOTCORR
2023-12-16,2.16,coffee-minas-south,coffee,-21.5,-45,NASA POWER MERRA-2 PRECTOTCORR
2023-12-17,11.31,coffee-minas-south,coffee,-21.5,-45,NASA POWER MERRA-2 PRECTOTCORR
2023-12-18,5.35,coffee-minas-south,coffee,-21.5,-45,NASA POWER MERRA-2 PRECTOTCORR
2023-12-19,2.66,coffee-minas-south,coffee,-21.5,-45,NASA POWER MERRA-2 PRECTOTCORR
2023-12-20,0.28,coffee-minas-south,coffee,-21.5,-45,NASA POWER MERRA-2 PRECTOTCORR
2023-12-21,2.93,coffee-minas-south,coffee,-21.5,-45,NASA POWER MERRA-2 PRECTOTCORR
2023-12-22,2.61,coffee-minas-south,coffee,-21.5,-45,NASA POWER MERRA-2 PRECTOTCORR
2023-12-23,16.13,coffee-minas-south,coffee,-21.5,-45,NASA POWER MERRA-2 PRECTOTCORR
2023-12-24,2.71,coffee-minas-south,coffee,-21.5,-45,NASA POWER MERRA-2 PRECTOTCORR
2023-12-25,3.23,coffee-minas-south,coffee,-21.5,-45,NASA POWER MERRA-2 PRECTOTCORR
2023-12-26,4.24,coffee-minas-south,coffee,-21.5,-45,NASA POWER MERRA-2 PRECTOTCORR
2023-12-27,3.11,coffee-minas-south,coffee,-21.5,-45,NASA POWER MERRA-2 PRECTOTCORR
2023-12-28,0.8,coffee-minas-south,coffee,-21.5,-45,NASA POWER MERRA-2 PRECTOTCORR
2023-12-29,2.31,coffee-minas-south,coffee,-21.5,-45,NASA POWER MERRA-2 PRECTOTCORR
2023-12-30,4.39,coffee-minas-south,coffee,-21.5,-45,NASA POWER MERRA-2 PRECTOTCORR
2023-12-31,4.99,coffee-minas-south,coffee,-21.5,-45,NASA POWER MERRA-2 PRECTOTCORR
2024-01-01,6.73,coffee-minas-south,coffee,-21.5,-45,NASA POWER MERRA-2 PRECTOTCORR
2024-01-02,5.19,coffee-minas-south,coffee,-21.5,-45,NASA POWER MERRA-2 PRECTOTCORR
2024-01-03,14.4,coffee-minas-south,coffee,-21.5,-45,NASA POWER MERRA-2 PRECTOTCORR
2024-01-04,18.34,coffee-minas-south,coffee,-21.5,-45,NASA POWER MERRA-2 PRECTOTCORR
2024-01-05,2.76,coffee-minas-south,coffee,-21.5,-45,NASA POWER MERRA-2 PRECTOTCORR
2024-01-06,2.48,coffee-minas-south,coffee,-21.5,-45,NASA POWER MERRA-2 PRECTOTCORR
2024-01-07,1.96,coffee-minas-south,coffee,-21.5,-45,NASA POWER MERRA-2 PRECTOTCORR
2024-01-08,9.01,coffee-minas-south,coffee,-21.5,-45,NASA POWER MERRA-2 PRECTOTCORR
2024-01-09,2.27,coffee-minas-south,coffee,-21.5,-45,NASA POWER MERRA-2 PRECTOTCORR
2024-01-10,3.18,coffee-minas-south,coffee,-21.5,-45,NASA POWER MERRA-2 PRECTOTCORR
2024-01-11,3.44,coffee-minas-south,coffee,-21.5,-45,NASA POWER MERRA-2 PRECTOTCORR
2024-01-12,3.03,coffee-minas-south,coffee,-21.5,-45,NASA POWER MERRA-2 PRECTOTCORR
2024-01-13,18.56,coffee-minas-south,coffee,-21.5,-45,NASA POWER MERRA-2 PRECTOTCORR
2024-01-14,10.96,coffee-minas-south,coffee,-21.5,-45,NASA POWER MERRA-2 PRECTOTCORR
2024-01-15,11.09,coffee-minas-south,coffee,-21.5,-45,NASA POWER MERRA-2 PRECTOTCORR
2024-01-16,1.55,coffee-minas-south,coffee,-21.5,-45,NASA POWER MERRA-2 PRECTOTCORR
2024-01-17,1.57,coffee-minas-south,coffee,-21.5,-45,NASA POWER MERRA-2 PRECTOTCORR
2024-01-18,5.65,coffee-minas-south,coffee,-21.5,-45,NASA POWER MERRA-2 PRECTOTCORR
2024-01-19,10.28,coffee-minas-south,coffee,-21.5,-45,NASA POWER MERRA-2 PRECTOTCORR
2024-01-20,10.89,coffee-minas-south,coffee,-21.5,-45,NASA POWER MERRA-2 PRECTOTCORR
2024-01-21,2.75,coffee-minas-south,coffee,-21.5,-45,NASA POWER MERRA-2 PRECTOTCORR
2024-01-22,3.49,coffee-minas-south,coffee,-21.5,-45,NASA POWER MERRA-2 PRECTOTCORR
2024-01-23,3.05,coffee-minas-south,coffee,-21.5,-45,NASA POWER MERRA-2 PRECTOTCORR
2024-01-24,4.14,coffee-minas-south,coffee,-21.5,-45,NASA POWER MERRA-2 PRECTOTCORR
2024-01-25,2.38,coffee-minas-south,coffee,-21.5,-45,NASA POWER MERRA-2 PRECTOTCORR
2024-01-26,1.52,coffee-minas-south,coffee,-21.5,-45,NASA POWER MERRA-2 PRECTOTCORR
2024-01-27,1.69,coffee-minas-south,coffee,-21.5,-45,NASA POWER MERRA-2 PRECTOTCORR
2024-01-28,6.23,coffee-minas-south,coffee,-21.5,-45,NASA POWER MERRA-2 PRECTOTCORR
2024-01-29,1.83,coffee-minas-south,coffee,-21.5,-45,NASA POWER MERRA-2 PRECTOTCORR
2024-01-30,1.34,coffee-minas-south,coffee,-21.5,-45,NASA POWER MERRA-2 PRECTOTCORR
2024-01-31,6.05,coffee-minas-south,coffee,-21.5,-45,NASA POWER MERRA-2 PRECTOTCORR
2024-02-01,5.36,coffee-minas-south,coffee,-21.5,-45,NASA POWER MERRA-2 PRECTOTCORR
2024-02-02,7.7,coffee-minas-south,coffee,-21.5,-45,NASA POWER MERRA-2 PRECTOTCORR
2024-02-03,3.78,coffee-minas-south,coffee,-21.5,-45,NASA POWER MERRA-2 PRECTOTCORR
2024-02-04,3.04,coffee-minas-south,coffee,-21.5,-45,NASA POWER MERRA-2 PRECTOTCORR
2024-02-05,4.69,coffee-minas-south,coffee,-21.5,-45,NASA POWER MERRA-2 PRECTOTCORR
2024-02-06,0.98,coffee-minas-south,coffee,-21.5,-45,NASA POWER MERRA-2 PRECTOTCORR
2024-02-07,2.52,coffee-minas-south,coffee,-21.5,-45,NASA POWER MERRA-2 PRECTOTCORR
2024-02-08,3.62,coffee-minas-south,coffee,-21.5,-45,NASA POWER MERRA-2 PRECTOTCORR
2024-02-09,3.53,coffee-minas-south,coffee,-21.5,-45,NASA POWER MERRA-2 PRECTOTCORR
2024-02-10,0.45,coffee-minas-south,coffee,-21.5,-45,NASA POWER MERRA-2 PRECTOTCORR
2024-02-11,3.96,coffee-minas-south,coffee,-21.5,-45,NASA POWER MERRA-2 PRECTOTCORR
2024-02-12,1.99,coffee-minas-south,coffee,-21.5,-45,NASA POWER MERRA-2 PRECTOTCORR
2024-02-13,1.44,coffee-minas-south,coffee,-21.5,-45,NASA POWER MERRA-2 PRECTOTCORR
2024-02-14,5.45,coffee-minas-south,coffee,-21.5,-45,NASA POWER MERRA-2 PRECTOTCORR
2024-02-15,12.38,coffee-minas-south,coffee,-21.5,-45,NASA POWER MERRA-2 PRECTOTCORR
2024-02-16,0.64,coffee-minas-south,coffee,-21.5,-45,NASA POWER MERRA-2 PRECTOTCORR
2024-02-17,2.67,coffee-minas-south,coffee,-21.5,-45,NASA POWER MERRA-2 PRECTOTCORR
2024-02-18,2.47,coffee-minas-south,coffee,-21.5,-45,NASA POWER MERRA-2 PRECTOTCORR
2024-02-19,2.59,coffee-minas-south,coffee,-21.5,-45,NASA POWER MERRA-2 PRECTOTCORR
2024-02-20,12.36,coffee-minas-south,coffee,-21.5,-45,NASA POWER MERRA-2 PRECTOTCORR
2024-02-21,3.52,coffee-minas-south,coffee,-21.5,-45,NASA POWER MERRA-2 PRECTOTCORR
2024-02-22,8.58,coffee-minas-south,coffee,-21.5,-45,NASA POWER MERRA-2 PRECTOTCORR
2024-02-23,15.01,coffee-minas-south,coffee,-21.5,-45,NASA POWER MERRA-2 PRECTOTCORR
2024-02-24,1.68,coffee-minas-south,coffee,-21.5,-45,NASA POWER MERRA-2 PRECTOTCORR
2024-02-25,1.73,coffee-minas-south,coffee,-21.5,-45,NASA POWER MERRA-2 PRECTOTCORR
2024-02-26,1.99,coffee-minas-south,coffee,-21.5,-45,NASA POWER MERRA-2 PRECTOTCORR
2024-02-27,0.54,coffee-minas-south,coffee,-21.5,-45,NASA POWER MERRA-2 PRECTOTCORR
2024-02-28,0.6,coffee-minas-south,coffee,-21.5,-45,NASA POWER MERRA-2 PRECTOTCORR
2024-02-29,3.82,coffee-minas-south,coffee,-21.5,-45,NASA POWER MERRA-2 PRECTOTCORR
2024-03-01,5.56,coffee-minas-south,coffee,-21.5,-45,NASA POWER MERRA-2 PRECTOTCORR
2024-03-02,0.84,coffee-minas-south,coffee,-21.5,-45,NASA POWER MERRA-2 PRECTOTCORR
2024-03-03,0.53,coffee-minas-south,coffee,-21.5,-45,NASA POWER MERRA-2 PRECTOTCORR
2024-03-04,1.3,coffee-minas-south,coffee,-21.5,-45,NASA POWER MERRA-2 PRECTOTCORR
2024-03-05,3.86,coffee-minas-south,coffee,-21.5,-45,NASA POWER MERRA-2 PRECTOTCORR
2024-03-06,8.16,coffee-minas-south,coffee,-21.5,-45,NASA POWER MERRA-2 PRECTOTCORR
2024-03-07,3.79,coffee-minas-south,coffee,-21.5,-45,NASA POWER MERRA-2 PRECTOTCORR
2024-03-08,11.22,coffee-minas-south,coffee,-21.5,-45,NASA POWER MERRA-2 PRECTOTCORR
2024-03-09,7.08,coffee-minas-south,coffee,-21.5,-45,NASA POWER MERRA-2 PRECTOTCORR
2024-03-10,2.25,coffee-minas-south,coffee,-21.5,-45,NASA POWER MERRA-2 PRECTOTCORR
2024-03-11,2.4,coffee-minas-south,coffee,-21.5,-45,NASA POWER MERRA-2 PRECTOTCORR
2024-03-12,0.36,coffee-minas-south,coffee,-21.5,-45,NASA POWER MERRA-2 PRECTOTCORR
2024-03-13,0.14,coffee-minas-south,coffee,-21.5,-45,NASA POWER MERRA-2 PRECTOTCORR
2024-03-14,0.09,coffee-minas-south,coffee,-21.5,-45,NASA POWER MERRA-2 PRECTOTCORR
2024-03-15,0.33,coffee-minas-south,coffee,-21.5,-45,NASA POWER MERRA-2 PRECTOTCORR
2024-03-16,0.49,coffee-minas-south,coffee,-21.5,-45,NASA POWER MERRA-2 PRECTOTCORR
2024-03-17,0.02,coffee-minas-south,coffee,-21.5,-45,NASA POWER MERRA-2 PRECTOTCORR
2024-03-18,3.71,coffee-minas-south,coffee,-21.5,-45,NASA POWER MERRA-2 PRECTOTCORR
2024-03-19,2.68,coffee-minas-south,coffee,-21.5,-45,NASA POWER MERRA-2 PRECTOTCORR
2024-03-20,3.62,coffee-minas-south,coffee,-21.5,-45,NASA POWER MERRA-2 PRECTOTCORR
2024-03-21,4.55,coffee-minas-south,coffee,-21.5,-45,NASA POWER MERRA-2 PRECTOTCORR
2024-03-22,7.35,coffee-minas-south,coffee,-21.5,-45,NASA POWER MERRA-2 PRECTOTCORR
2024-03-23,0.68,coffee-minas-south,coffee,-21.5,-45,NASA POWER MERRA-2 PRECTOTCORR
2024-03-24,1.87,coffee-minas-south,coffee,-21.5,-45,NASA POWER MERRA-2 PRECTOTCORR
2024-03-25,5.73,coffee-minas-south,coffee,-21.5,-45,NASA POWER MERRA-2 PRECTOTCORR
2024-03-26,4.9,coffee-minas-south,coffee,-21.5,-45,NASA POWER MERRA-2 PRECTOTCORR
2024-03-27,13.19,coffee-minas-south,coffee,-21.5,-45,NASA POWER MERRA-2 PRECTOTCORR
2024-03-28,22.64,coffee-minas-south,coffee,-21.5,-45,NASA POWER MERRA-2 PRECTOTCORR
2024-03-29,4.12,coffee-minas-south,coffee,-21.5,-45,NASA POWER MERRA-2 PRECTOTCORR
2024-03-30,6.84,coffee-minas-south,coffee,-21.5,-45,NASA POWER MERRA-2 PRECTOTCORR
2024-03-31,0.3,coffee-minas-south,coffee,-21.5,-45,NASA POWER MERRA-2 PRECTOTCORR
2024-04-01,0.76,coffee-minas-south,coffee,-21.5,-45,NASA POWER MERRA-2 PRECTOTCORR
2024-04-02,0.3,coffee-minas-south,coffee,-21.5,-45,NASA POWER MERRA-2 PRECTOTCORR
2024-04-03,0.11,coffee-minas-south,coffee,-21.5,-45,NASA POWER MERRA-2 PRECTOTCORR
2024-04-04,0.85,coffee-minas-south,coffee,-21.5,-45,NASA POWER MERRA-2 PRECTOTCORR
2024-04-05,0.06,coffee-minas-south,coffee,-21.5,-45,NASA POWER MERRA-2 PRECTOTCORR
2024-04-06,0.03,coffee-minas-south,coffee,-21.5,-45,NASA POWER MERRA-2 PRECTOTCORR
2024-04-07,0.01,coffee-minas-south,coffee,-21.5,-45,NASA POWER MERRA-2 PRECTOTCORR
2024-04-08,0.01,coffee-minas-south,coffee,-21.5,-45,NASA POWER MERRA-2 PRECTOTCORR
2024-04-09,0.24,coffee-minas-south,coffee,-21.5,-45,NASA POWER MERRA-2 PRECTOTCORR
2024-04-10,0.1,coffee-minas-south,coffee,-21.5,-45,NASA POWER MERRA-2 PRECTOTCORR
2024-04-11,1.61,coffee-minas-south,coffee,-21.5,-45,NASA POWER MERRA-2 PRECTOTCORR
2024-04-12,0.93,coffee-minas-south,coffee,-21.5,-45,NASA POWER MERRA-2 PRECTOTCORR
2024-04-13,0.19,coffee-minas-south,coffee,-21.5,-45,NASA POWER MERRA-2 PRECTOTCORR
2024-04-14,0.18,coffee-minas-south,coffee,-21.5,-45,NASA POWER MERRA-2 PRECTOTCORR
2024-04-15,0.05,coffee-minas-south,coffee,-21.5,-45,NASA POWER MERRA-2 PRECTOTCORR
2024-04-16,0.06,coffee-minas-south,coffee,-21.5,-45,NASA POWER MERRA-2 PRECTOTCORR
2024-04-17,0.16,coffee-minas-south,coffee,-21.5,-45,NASA POWER MERRA-2 PRECTOTCORR
2024-04-18,6.25,coffee-minas-south,coffee,-21.5,-45,NASA POWER MERRA-2 PRECTOTCORR
2024-04-19,0.79,coffee-minas-south,coffee,-21.5,-45,NASA POWER MERRA-2 PRECTOTCORR
2024-04-20,0.08,coffee-minas-south,coffee,-21.5,-45,NASA POWER MERRA-2 PRECTOTCORR
2024-04-21,0.16,coffee-minas-south,coffee,-21.5,-45,NASA POWER MERRA-2 PRECTOTCORR
2024-04-22,0.93,coffee-minas-south,coffee,-21.5,-45,NASA POWER MERRA-2 PRECTOTCORR
2024-04-23,0.21,coffee-minas-south,coffee,-21.5,-45,NASA POWER MERRA-2 PRECTOTCORR
2024-04-24,0.95,coffee-minas-south,coffee,-21.5,-45,NASA POWER MERRA-2 PRECTOTCORR
2024-04-25,0.04,coffee-minas-south,coffee,-21.5,-45,NASA POWER MERRA-2 PRECTOTCORR
2024-04-26,0.03,coffee-minas-south,coffee,-21.5,-45,NASA POWER MERRA-2 PRECTOTCORR
2024-04-27,0,coffee-minas-south,coffee,-21.5,-45,NASA POWER MERRA-2 PRECTOTCORR
2024-04-28,0.02,coffee-minas-south,coffee,-21.5,-45,NASA POWER MERRA-2 PRECTOTCORR
2024-04-29,0.02,coffee-minas-south,coffee,-21.5,-45,NASA POWER MERRA-2 PRECTOTCORR
2024-04-30,0.01,coffee-minas-south,coffee,-21.5,-45,NASA POWER MERRA-2 PRECTOTCORR
2024-05-01,0.02,coffee-minas-south,coffee,-21.5,-45,NASA POWER MERRA-2 PRECTOTCORR
2024-05-02,0,coffee-minas-south,coffee,-21.5,-45,NASA POWER MERRA-2 PRECTOTCORR
2024-05-03,0.27,coffee-minas-south,coffee,-21.5,-45,NASA POWER MERRA-2 PRECTOTCORR
2024-05-04,0.19,coffee-minas-south,coffee,-21.5,-45,NASA POWER MERRA-2 PRECTOTCORR
2024-05-05,0.18,coffee-minas-south,coffee,-21.5,-45,NASA POWER MERRA-2 PRECTOTCORR
2024-05-06,0.17,coffee-minas-south,coffee,-21.5,-45,NASA POWER MERRA-2 PRECTOTCORR
2024-05-07,0.17,coffee-minas-south,coffee,-21.5,-45,NASA POWER MERRA-2 PRECTOTCORR
2024-05-08,0.21,coffee-minas-south,coffee,-21.5,-45,NASA POWER MERRA-2 PRECTOTCORR
2024-05-09,0,coffee-minas-south,coffee,-21.5,-45,NASA POWER MERRA-2 PRECTOTCORR
2024-05-10,0.14,coffee-minas-south,coffee,-21.5,-45,NASA POWER MERRA-2 PRECTOTCORR
2024-05-11,0.02,coffee-minas-south,coffee,-21.5,-45,NASA POWER MERRA-2 PRECTOTCORR
2024-05-12,0.14,coffee-minas-south,coffee,-21.5,-45,NASA POWER MERRA-2 PRECTOTCORR
2024-05-13,0,coffee-minas-south,coffee,-21.5,-45,NASA POWER MERRA-2 PRECTOTCORR
2024-05-14,0.07,coffee-minas-south,coffee,-21.5,-45,NASA POWER MERRA-2 PRECTOTCORR
2024-05-15,0.22,coffee-minas-south,coffee,-21.5,-45,NASA POWER MERRA-2 PRECTOTCORR
2024-05-16,0.75,coffee-minas-south,coffee,-21.5,-45,NASA POWER MERRA-2 PRECTOTCORR
2024-05-17,0.08,coffee-minas-south,coffee,-21.5,-45,NASA POWER MERRA-2 PRECTOTCORR
2024-05-18,0.07,coffee-minas-south,coffee,-21.5,-45,NASA POWER MERRA-2 PRECTOTCORR
2024-05-19,0,coffee-minas-south,coffee,-21.5,-45,NASA POWER MERRA-2 PRECTOTCORR
2024-05-20,0.1,coffee-minas-south,coffee,-21.5,-45,NASA POWER MERRA-2 PRECTOTCORR
2024-05-21,0.21,coffee-minas-south,coffee,-21.5,-45,NASA POWER MERRA-2 PRECTOTCORR
2024-05-22,0.16,coffee-minas-south,coffee,-21.5,-45,NASA POWER MERRA-2 PRECTOTCORR
2024-05-23,0.04,coffee-minas-south,coffee,-21.5,-45,NASA POWER MERRA-2 PRECTOTCORR
2024-05-24,0.15,coffee-minas-south,coffee,-21.5,-45,NASA POWER MERRA-2 PRECTOTCORR
2024-05-25,0.3,coffee-minas-south,coffee,-21.5,-45,NASA POWER MERRA-2 PRECTOTCORR
2024-05-26,6.84,coffee-minas-south,coffee,-21.5,-45,NASA POWER MERRA-2 PRECTOTCORR
2024-05-27,8.34,coffee-minas-south,coffee,-21.5,-45,NASA POWER MERRA-2 PRECTOTCORR
2024-05-28,0.25,coffee-minas-south,coffee,-21.5,-45,NASA POWER MERRA-2 PRECTOTCORR
2024-05-29,0.04,coffee-minas-south,coffee,-21.5,-45,NASA POWER MERRA-2 PRECTOTCORR
2024-05-30,0.42,coffee-minas-south,coffee,-21.5,-45,NASA POWER MERRA-2 PRECTOTCORR
2024-05-31,0.2,coffee-minas-south,coffee,-21.5,-45,NASA POWER MERRA-2 PRECTOTCORR
2024-06-01,0.57,coffee-minas-south,coffee,-21.5,-45,NASA POWER MERRA-2 PRECTOTCORR
2024-06-02,0.06,coffee-minas-south,coffee,-21.5,-45,NASA POWER MERRA-2 PRECTOTCORR
2024-06-03,0.02,coffee-minas-south,coffee,-21.5,-45,NASA POWER MERRA-2 PRECTOTCORR
2024-06-04,0.1,coffee-minas-south,coffee,-21.5,-45,NASA POWER MERRA-2 PRECTOTCORR
2024-06-05,0.08,coffee-minas-south,coffee,-21.5,-45,NASA POWER MERRA-2 PRECTOTCORR
2024-06-06,0.08,coffee-minas-south,coffee,-21.5,-45,NASA POWER MERRA-2 PRECTOTCORR
2024-06-07,0.13,coffee-minas-south,coffee,-21.5,-45,NASA POWER MERRA-2 PRECTOTCORR
2024-06-08,0.09,coffee-minas-south,coffee,-21.5,-45,NASA POWER MERRA-2 PRECTOTCORR
2024-06-09,0.16,coffee-minas-south,coffee,-21.5,-45,NASA POWER MERRA-2 PRECTOTCORR
2024-06-10,0.12,coffee-minas-south,coffee,-21.5,-45,NASA POWER MERRA-2 PRECTOTCORR
2024-06-11,0.21,coffee-minas-south,coffee,-21.5,-45,NASA POWER MERRA-2 PRECTOTCORR
2024-06-12,0.22,coffee-minas-south,coffee,-21.5,-45,NASA POWER MERRA-2 PRECTOTCORR
2024-06-13,1.25,coffee-minas-south,coffee,-21.5,-45,NASA POWER MERRA-2 PRECTOTCORR
2024-06-14,0.01,coffee-minas-south,coffee,-21.5,-45,NASA POWER MERRA-2 PRECTOTCORR
2024-06-15,0.05,coffee-minas-south,coffee,-21.5,-45,NASA POWER MERRA-2 PRECTOTCORR
2024-06-16,1.02,coffee-minas-south,coffee,-21.5,-45,NASA POWER MERRA-2 PRECTOTCORR
2024-06-17,0.25,coffee-minas-south,coffee,-21.5,-45,NASA POWER MERRA-2 PRECTOTCORR
2024-06-18,0.19,coffee-minas-south,coffee,-21.5,-45,NASA POWER MERRA-2 PRECTOTCORR
2024-06-19,0.29,coffee-minas-south,coffee,-21.5,-45,NASA POWER MERRA-2 PRECTOTCORR
2024-06-20,0.29,coffee-minas-south,coffee,-21.5,-45,NASA POWER MERRA-2 PRECTOTCORR
2024-06-21,0.41,coffee-minas-south,coffee,-21.5,-45,NASA POWER MERRA-2 PRECTOTCORR
2024-06-22,0.08,coffee-minas-south,coffee,-21.5,-45,NASA POWER MERRA-2 PRECTOTCORR
2024-06-23,0.24,coffee-minas-south,coffee,-21.5,-45,NASA POWER MERRA-2 PRECTOTCORR
2024-06-24,0.06,coffee-minas-south,coffee,-21.5,-45,NASA POWER MERRA-2 PRECTOTCORR
2024-06-25,0,coffee-minas-south,coffee,-21.5,-45,NASA POWER MERRA-2 PRECTOTCORR
2024-06-26,0.19,coffee-minas-south,coffee,-21.5,-45,NASA POWER MERRA-2 PRECTOTCORR
2024-06-27,0.05,coffee-minas-south,coffee,-21.5,-45,NASA POWER MERRA-2 PRECTOTCORR
2024-06-28,0.12,coffee-minas-south,coffee,-21.5,-45,NASA POWER MERRA-2 PRECTOTCORR
2024-06-29,0.16,coffee-minas-south,coffee,-21.5,-45,NASA POWER MERRA-2 PRECTOTCORR
2024-06-30,1.23,coffee-minas-south,coffee,-21.5,-45,NASA POWER MERRA-2 PRECTOTCORR
2024-07-01,3,coffee-minas-south,coffee,-21.5,-45,NASA POWER MERRA-2 PRECTOTCORR
2024-07-02,0.26,coffee-minas-south,coffee,-21.5,-45,NASA POWER MERRA-2 PRECTOTCORR
2024-07-03,1.12,coffee-minas-south,coffee,-21.5,-45,NASA POWER MERRA-2 PRECTOTCORR
2024-07-04,0.35,coffee-minas-south,coffee,-21.5,-45,NASA POWER MERRA-2 PRECTOTCORR
2024-07-05,0.17,coffee-minas-south,coffee,-21.5,-45,NASA POWER MERRA-2 PRECTOTCORR
2024-07-06,0.28,coffee-minas-south,coffee,-21.5,-45,NASA POWER MERRA-2 PRECTOTCORR
2024-07-07,0.64,coffee-minas-south,coffee,-21.5,-45,NASA POWER MERRA-2 PRECTOTCORR
2024-07-08,0.48,coffee-minas-south,coffee,-21.5,-45,NASA POWER MERRA-2 PRECTOTCORR
2024-07-09,1.14,coffee-minas-south,coffee,-21.5,-45,NASA POWER MERRA-2 PRECTOTCORR
2024-07-10,0.82,coffee-minas-south,coffee,-21.5,-45,NASA POWER MERRA-2 PRECTOTCORR
2024-07-11,0.31,coffee-minas-south,coffee,-21.5,-45,NASA POWER MERRA-2 PRECTOTCORR
2024-07-12,0.21,coffee-minas-south,coffee,-21.5,-45,NASA POWER MERRA-2 PRECTOTCORR
2024-07-13,0.35,coffee-minas-south,coffee,-21.5,-45,NASA POWER MERRA-2 PRECTOTCORR
2024-07-14,0.2,coffee-minas-south,coffee,-21.5,-45,NASA POWER MERRA-2 PRECTOTCORR
2024-07-15,0.01,coffee-minas-south,coffee,-21.5,-45,NASA POWER MERRA-2 PRECTOTCORR
2024-07-16,0.08,coffee-minas-south,coffee,-21.5,-45,NASA POWER MERRA-2 PRECTOTCORR
2024-07-17,0.06,coffee-minas-south,coffee,-21.5,-45,NASA POWER MERRA-2 PRECTOTCORR
2024-07-18,0.01,coffee-minas-south,coffee,-21.5,-45,NASA POWER MERRA-2 PRECTOTCORR
2024-07-19,0,coffee-minas-south,coffee,-21.5,-45,NASA POWER MERRA-2 PRECTOTCORR
2024-07-20,0.02,coffee-minas-south,coffee,-21.5,-45,NASA POWER MERRA-2 PRECTOTCORR
2024-07-21,0.23,coffee-minas-south,coffee,-21.5,-45,NASA POWER MERRA-2 PRECTOTCORR
2024-07-22,0.12,coffee-minas-south,coffee,-21.5,-45,NASA POWER MERRA-2 PRECTOTCORR
2024-07-23,0,coffee-minas-south,coffee,-21.5,-45,NASA POWER MERRA-2 PRECTOTCORR
2024-07-24,0.13,coffee-minas-south,coffee,-21.5,-45,NASA POWER MERRA-2 PRECTOTCORR
2024-07-25,0.11,coffee-minas-south,coffee,-21.5,-45,NASA POWER MERRA-2 PRECTOTCORR
2024-07-26,0.01,coffee-minas-south,coffee,-21.5,-45,NASA POWER MERRA-2 PRECTOTCORR
2024-07-27,0,coffee-minas-south,coffee,-21.5,-45,NASA POWER MERRA-2 PRECTOTCORR
2024-07-28,0.16,coffee-minas-south,coffee,-21.5,-45,NASA POWER MERRA-2 PRECTOTCORR
2024-07-29,0.12,coffee-minas-south,coffee,-21.5,-45,NASA POWER MERRA-2 PRECTOTCORR
2024-07-30,0.26,coffee-minas-south,coffee,-21.5,-45,NASA POWER MERRA-2 PRECTOTCORR
2024-07-31,0.04,coffee-minas-south,coffee,-21.5,-45,NASA POWER MERRA-2 PRECTOTCORR
2024-08-01,0,coffee-minas-south,coffee,-21.5,-45,NASA POWER MERRA-2 PRECTOTCORR
2024-08-02,0.03,coffee-minas-south,coffee,-21.5,-45,NASA POWER MERRA-2 PRECTOTCORR
2024-08-03,0.05,coffee-minas-south,coffee,-21.5,-45,NASA POWER MERRA-2 PRECTOTCORR
2024-08-04,0.15,coffee-minas-south,coffee,-21.5,-45,NASA POWER MERRA-2 PRECTOTCORR
2024-08-05,0.03,coffee-minas-south,coffee,-21.5,-45,NASA POWER MERRA-2 PRECTOTCORR
2024-08-06,0.02,coffee-minas-south,coffee,-21.5,-45,NASA POWER MERRA-2 PRECTOTCORR
2024-08-07,0.04,coffee-minas-south,coffee,-21.5,-45,NASA POWER MERRA-2 PRECTOTCORR
2024-08-08,0.14,coffee-minas-south,coffee,-21.5,-45,NASA POWER MERRA-2 PRECTOTCORR
2024-08-09,0.13,coffee-minas-south,coffee,-21.5,-45,NASA POWER MERRA-2 PRECTOTCORR
2024-08-10,3.76,coffee-minas-south,coffee,-21.5,-45,NASA POWER MERRA-2 PRECTOTCORR
2024-08-11,0.05,coffee-minas-south,coffee,-21.5,-45,NASA POWER MERRA-2 PRECTOTCORR
2024-08-12,0.09,coffee-minas-south,coffee,-21.5,-45,NASA POWER MERRA-2 PRECTOTCORR
2024-08-13,0.05,coffee-minas-south,coffee,-21.5,-45,NASA POWER MERRA-2 PRECTOTCORR
2024-08-14,0.07,coffee-minas-south,coffee,-21.5,-45,NASA POWER MERRA-2 PRECTOTCORR
2024-08-15,0.22,coffee-minas-south,coffee,-21.5,-45,NASA POWER MERRA-2 PRECTOTCORR
2024-08-16,0.11,coffee-minas-south,coffee,-21.5,-45,NASA POWER MERRA-2 PRECTOTCORR
2024-08-17,0.34,coffee-minas-south,coffee,-21.5,-45,NASA POWER MERRA-2 PRECTOTCORR
2024-08-18,0,coffee-minas-south,coffee,-21.5,-45,NASA POWER MERRA-2 PRECTOTCORR
2024-08-19,0.06,coffee-minas-south,coffee,-21.5,-45,NASA POWER MERRA-2 PRECTOTCORR
2024-08-20,0.12,coffee-minas-south,coffee,-21.5,-45,NASA POWER MERRA-2 PRECTOTCORR
2024-08-21,0.14,coffee-minas-south,coffee,-21.5,-45,NASA POWER MERRA-2 PRECTOTCORR
2024-08-22,0.17,coffee-minas-south,coffee,-21.5,-45,NASA POWER MERRA-2 PRECTOTCORR
2024-08-23,0.12,coffee-minas-south,coffee,-21.5,-45,NASA POWER MERRA-2 PRECTOTCORR
2024-08-24,0.15,coffee-minas-south,coffee,-21.5,-45,NASA POWER MERRA-2 PRECTOTCORR
2024-08-25,2.37,coffee-minas-south,coffee,-21.5,-45,NASA POWER MERRA-2 PRECTOTCORR
2024-08-26,1.36,coffee-minas-south,coffee,-21.5,-45,NASA POWER MERRA-2 PRECTOTCORR
2024-08-27,0.01,coffee-minas-south,coffee,-21.5,-45,NASA POWER MERRA-2 PRECTOTCORR
2024-08-28,0.04,coffee-minas-south,coffee,-21.5,-45,NASA POWER MERRA-2 PRECTOTCORR
2024-08-29,0.07,coffee-minas-south,coffee,-21.5,-45,NASA POWER MERRA-2 PRECTOTCORR
2024-08-30,0.1,coffee-minas-south,coffee,-21.5,-45,NASA POWER MERRA-2 PRECTOTCORR
2024-08-31,0.11,coffee-minas-south,coffee,-21.5,-45,NASA POWER MERRA-2 PRECTOTCORR
2024-09-01,0.2,coffee-minas-south,coffee,-21.5,-45,NASA POWER MERRA-2 PRECTOTCORR
2024-09-02,0.17,coffee-minas-south,coffee,-21.5,-45,NASA POWER MERRA-2 PRECTOTCORR
2024-09-03,0.2,coffee-minas-south,coffee,-21.5,-45,NASA POWER MERRA-2 PRECTOTCORR
2024-09-04,0,coffee-minas-south,coffee,-21.5,-45,NASA POWER MERRA-2 PRECTOTCORR
2024-09-05,0.05,coffee-minas-south,coffee,-21.5,-45,NASA POWER MERRA-2 PRECTOTCORR
2024-09-06,0.19,coffee-minas-south,coffee,-21.5,-45,NASA POWER MERRA-2 PRECTOTCORR
2024-09-07,0.24,coffee-minas-south,coffee,-21.5,-45,NASA POWER MERRA-2 PRECTOTCORR
2024-09-08,0,coffee-minas-south,coffee,-21.5,-45,NASA POWER MERRA-2 PRECTOTCORR
2024-09-09,0.03,coffee-minas-south,coffee,-21.5,-45,NASA POWER MERRA-2 PRECTOTCORR
2024-09-10,0.13,coffee-minas-south,coffee,-21.5,-45,NASA POWER MERRA-2 PRECTOTCORR
2024-09-11,0.14,coffee-minas-south,coffee,-21.5,-45,NASA POWER MERRA-2 PRECTOTCORR
2024-09-12,0,coffee-minas-south,coffee,-21.5,-45,NASA POWER MERRA-2 PRECTOTCORR
2024-09-13,0.13,coffee-minas-south,coffee,-21.5,-45,NASA POWER MERRA-2 PRECTOTCORR
2024-09-14,0.12,coffee-minas-south,coffee,-21.5,-45,NASA POWER MERRA-2 PRECTOTCORR
2024-09-15,0.12,coffee-minas-south,coffee,-21.5,-45,NASA POWER MERRA-2 PRECTOTCORR
2024-09-16,0.15,coffee-minas-south,coffee,-21.5,-45,NASA POWER MERRA-2 PRECTOTCORR
2024-09-17,0.11,coffee-minas-south,coffee,-21.5,-45,NASA POWER MERRA-2 PRECTOTCORR
2024-09-18,0.02,coffee-minas-south,coffee,-21.5,-45,NASA POWER MERRA-2 PRECTOTCORR
2024-09-19,0.14,coffee-minas-south,coffee,-21.5,-45,NASA POWER MERRA-2 PRECTOTCORR
2024-09-20,0.13,coffee-minas-south,coffee,-21.5,-45,NASA POWER MERRA-2 PRECTOTCORR
2024-09-21,4.24,coffee-minas-south,coffee,-21.5,-45,NASA POWER MERRA-2 PRECTOTCORR
2024-09-22,4.61,coffee-minas-south,coffee,-21.5,-45,NASA POWER MERRA-2 PRECTOTCORR
2024-09-23,0,coffee-minas-south,coffee,-21.5,-45,NASA POWER MERRA-2 PRECTOTCORR
2024-09-24,0,coffee-minas-south,coffee,-21.5,-45,NASA POWER MERRA-2 PRECTOTCORR
2024-09-25,0,coffee-minas-south,coffee,-21.5,-45,NASA POWER MERRA-2 PRECTOTCORR
2024-09-26,0.11,coffee-minas-south,coffee,-21.5,-45,NASA POWER MERRA-2 PRECTOTCORR
2024-09-27,0.45,coffee-minas-south,coffee,-21.5,-45,NASA POWER MERRA-2 PRECTOTCORR
2024-09-28,0.17,coffee-minas-south,coffee,-21.5,-45,NASA POWER MERRA-2 PRECTOTCORR
2024-09-29,0.1,coffee-minas-south,coffee,-21.5,-45,NASA POWER MERRA-2 PRECTOTCORR
2024-09-30,0.06,coffee-minas-south,coffee,-21.5,-45,NASA POWER MERRA-2 PRECTOTCORR
2024-10-01,0.24,coffee-minas-south,coffee,-21.5,-45,NASA POWER MERRA-2 PRECTOTCORR
2024-10-02,0.22,coffee-minas-south,coffee,-21.5,-45,NASA POWER MERRA-2 PRECTOTCORR
2024-10-03,0.51,coffee-minas-south,coffee,-21.5,-45,NASA POWER MERRA-2 PRECTOTCORR
2024-10-04,0.45,coffee-minas-south,coffee,-21.5,-45,NASA POWER MERRA-2 PRECTOTCORR
2024-10-05,0.08,coffee-minas-south,coffee,-21.5,-45,NASA POWER MERRA-2 PRECTOTCORR
2024-10-06,0.05,coffee-minas-south,coffee,-21.5,-45,NASA POWER MERRA-2 PRECTOTCORR
2024-10-07,0.23,coffee-minas-south,coffee,-21.5,-45,NASA POWER MERRA-2 PRECTOTCORR
2024-10-08,0.46,coffee-minas-south,coffee,-21.5,-45,NASA POWER MERRA-2 PRECTOTCORR
2024-10-09,1.79,coffee-minas-south,coffee,-21.5,-45,NASA POWER MERRA-2 PRECTOTCORR
2024-10-10,14.56,coffee-minas-south,coffee,-21.5,-45,NASA POWER MERRA-2 PRECTOTCORR
2024-10-11,10.26,coffee-minas-south,coffee,-21.5,-45,NASA POWER MERRA-2 PRECTOTCORR
2024-10-12,0.14,coffee-minas-south,coffee,-21.5,-45,NASA POWER MERRA-2 PRECTOTCORR
2024-10-13,0.2,coffee-minas-south,coffee,-21.5,-45,NASA POWER MERRA-2 PRECTOTCORR
2024-10-14,0.17,coffee-minas-south,coffee,-21.5,-45,NASA POWER MERRA-2 PRECTOTCORR
2024-10-15,0,coffee-minas-south,coffee,-21.5,-45,NASA POWER MERRA-2 PRECTOTCORR
2024-10-16,6.46,coffee-minas-south,coffee,-21.5,-45,NASA POWER MERRA-2 PRECTOTCORR
2024-10-17,0.21,coffee-minas-south,coffee,-21.5,-45,NASA POWER MERRA-2 PRECTOTCORR
2024-10-18,2.7,coffee-minas-south,coffee,-21.5,-45,NASA POWER MERRA-2 PRECTOTCORR
2024-10-19,26.31,coffee-minas-south,coffee,-21.5,-45,NASA POWER MERRA-2 PRECTOTCORR
2024-10-20,14.5,coffee-minas-south,coffee,-21.5,-45,NASA POWER MERRA-2 PRECTOTCORR
2024-10-21,0.41,coffee-minas-south,coffee,-21.5,-45,NASA POWER MERRA-2 PRECTOTCORR
2024-10-22,0.99,coffee-minas-south,coffee,-21.5,-45,NASA POWER MERRA-2 PRECTOTCORR
2024-10-23,3.73,coffee-minas-south,coffee,-21.5,-45,NASA POWER MERRA-2 PRECTOTCORR
2024-10-24,21.17,coffee-minas-south,coffee,-21.5,-45,NASA POWER MERRA-2 PRECTOTCORR
2024-10-25,7.03,coffee-minas-south,coffee,-21.5,-45,NASA POWER MERRA-2 PRECTOTCORR
2024-10-26,2.33,coffee-minas-south,coffee,-21.5,-45,NASA POWER MERRA-2 PRECTOTCORR
2024-10-27,9.26,coffee-minas-south,coffee,-21.5,-45,NASA POWER MERRA-2 PRECTOTCORR
2024-10-28,7.97,coffee-minas-south,coffee,-21.5,-45,NASA POWER MERRA-2 PRECTOTCORR
2024-10-29,0.27,coffee-minas-south,coffee,-21.5,-45,NASA POWER MERRA-2 PRECTOTCORR
2024-10-30,0.12,coffee-minas-south,coffee,-21.5,-45,NASA POWER MERRA-2 PRECTOTCORR
2024-10-31,0.02,coffee-minas-south,coffee,-21.5,-45,NASA POWER MERRA-2 PRECTOTCORR
2024-11-01,0,coffee-minas-south,coffee,-21.5,-45,NASA POWER MERRA-2 PRECTOTCORR
2024-11-02,0.39,coffee-minas-south,coffee,-21.5,-45,NASA POWER MERRA-2 PRECTOTCORR
2024-11-03,3.44,coffee-minas-south,coffee,-21.5,-45,NASA POWER MERRA-2 PRECTOTCORR
2024-11-04,14.21,coffee-minas-south,coffee,-21.5,-45,NASA POWER MERRA-2 PRECTOTCORR
2024-11-05,53.67,coffee-minas-south,coffee,-21.5,-45,NASA POWER MERRA-2 PRECTOTCORR
2024-11-06,6.8,coffee-minas-south,coffee,-21.5,-45,NASA POWER MERRA-2 PRECTOTCORR
2024-11-07,5.86,coffee-minas-south,coffee,-21.5,-45,NASA POWER MERRA-2 PRECTOTCORR
2024-11-08,11.02,coffee-minas-south,coffee,-21.5,-45,NASA POWER MERRA-2 PRECTOTCORR
2024-11-09,7.9,coffee-minas-south,coffee,-21.5,-45,NASA POWER MERRA-2 PRECTOTCORR
2024-11-10,0.28,coffee-minas-south,coffee,-21.5,-45,NASA POWER MERRA-2 PRECTOTCORR
2024-11-11,0.05,coffee-minas-south,coffee,-21.5,-45,NASA POWER MERRA-2 PRECTOTCORR
2024-11-12,0.36,coffee-minas-south,coffee,-21.5,-45,NASA POWER MERRA-2 PRECTOTCORR
2024-11-13,13.17,coffee-minas-south,coffee,-21.5,-45,NASA POWER MERRA-2 PRECTOTCORR
2024-11-14,2.09,coffee-minas-south,coffee,-21.5,-45,NASA POWER MERRA-2 PRECTOTCORR
2024-11-15,20.87,coffee-minas-south,coffee,-21.5,-45,NASA POWER MERRA-2 PRECTOTCORR
2024-11-16,38.38,coffee-minas-south,coffee,-21.5,-45,NASA POWER MERRA-2 PRECTOTCORR
2024-11-17,3.92,coffee-minas-south,coffee,-21.5,-45,NASA POWER MERRA-2 PRECTOTCORR
2024-11-18,0.35,coffee-minas-south,coffee,-21.5,-45,NASA POWER MERRA-2 PRECTOTCORR
2024-11-19,0.77,coffee-minas-south,coffee,-21.5,-45,NASA POWER MERRA-2 PRECTOTCORR
2024-11-20,0.83,coffee-minas-south,coffee,-21.5,-45,NASA POWER MERRA-2 PRECTOTCORR
2024-11-21,1.29,coffee-minas-south,coffee,-21.5,-45,NASA POWER MERRA-2 PRECTOTCORR
2024-11-22,2.5,coffee-minas-south,coffee,-21.5,-45,NASA POWER MERRA-2 PRECTOTCORR
2024-11-23,1.33,coffee-minas-south,coffee,-21.5,-45,NASA POWER MERRA-2 PRECTOTCORR
2024-11-24,0.11,coffee-minas-south,coffee,-21.5,-45,NASA POWER MERRA-2 PRECTOTCORR
2024-11-25,0.01,coffee-minas-south,coffee,-21.5,-45,NASA POWER MERRA-2 PRECTOTCORR
2024-11-26,0.02,coffee-minas-south,coffee,-21.5,-45,NASA POWER MERRA-2 PRECTOTCORR
2024-11-27,0,coffee-minas-south,coffee,-21.5,-45,NASA POWER MERRA-2 PRECTOTCORR
2024-11-28,1.12,coffee-minas-south,coffee,-21.5,-45,NASA POWER MERRA-2 PRECTOTCORR
2024-11-29,2.43,coffee-minas-south,coffee,-21.5,-45,NASA POWER MERRA-2 PRECTOTCORR
2024-11-30,1.18,coffee-minas-south,coffee,-21.5,-45,NASA POWER MERRA-2 PRECTOTCORR
2024-12-01,0.31,coffee-minas-south,coffee,-21.5,-45,NASA POWER MERRA-2 PRECTOTCORR
2024-12-02,4.93,coffee-minas-south,coffee,-21.5,-45,NASA POWER MERRA-2 PRECTOTCORR
2024-12-03,18.14,coffee-minas-south,coffee,-21.5,-45,NASA POWER MERRA-2 PRECTOTCORR
2024-12-04,8.64,coffee-minas-south,coffee,-21.5,-45,NASA POWER MERRA-2 PRECTOTCORR
2024-12-05,7,coffee-minas-south,coffee,-21.5,-45,NASA POWER MERRA-2 PRECTOTCORR
2024-12-06,0.09,coffee-minas-south,coffee,-21.5,-45,NASA POWER MERRA-2 PRECTOTCORR
2024-12-07,0.22,coffee-minas-south,coffee,-21.5,-45,NASA POWER MERRA-2 PRECTOTCORR
2024-12-08,0.06,coffee-minas-south,coffee,-21.5,-45,NASA POWER MERRA-2 PRECTOTCORR
2024-12-09,4.11,coffee-minas-south,coffee,-21.5,-45,NASA POWER MERRA-2 PRECTOTCORR
2024-12-10,6.22,coffee-minas-south,coffee,-21.5,-45,NASA POWER MERRA-2 PRECTOTCORR
2024-12-11,0.63,coffee-minas-south,coffee,-21.5,-45,NASA POWER MERRA-2 PRECTOTCORR
2024-12-12,0.77,coffee-minas-south,coffee,-21.5,-45,NASA POWER MERRA-2 PRECTOTCORR
2024-12-13,0.22,coffee-minas-south,coffee,-21.5,-45,NASA POWER MERRA-2 PRECTOTCORR
2024-12-14,8.17,coffee-minas-south,coffee,-21.5,-45,NASA POWER MERRA-2 PRECTOTCORR
2024-12-15,5.15,coffee-minas-south,coffee,-21.5,-45,NASA POWER MERRA-2 PRECTOTCORR
2024-12-16,3.15,coffee-minas-south,coffee,-21.5,-45,NASA POWER MERRA-2 PRECTOTCORR
2024-12-17,1.26,coffee-minas-south,coffee,-21.5,-45,NASA POWER MERRA-2 PRECTOTCORR
2024-12-18,0.56,coffee-minas-south,coffee,-21.5,-45,NASA POWER MERRA-2 PRECTOTCORR
2024-12-19,0.64,coffee-minas-south,coffee,-21.5,-45,NASA POWER MERRA-2 PRECTOTCORR
2024-12-20,14.34,coffee-minas-south,coffee,-21.5,-45,NASA POWER MERRA-2 PRECTOTCORR
2024-12-21,5.47,coffee-minas-south,coffee,-21.5,-45,NASA POWER MERRA-2 PRECTOTCORR
2024-12-22,9.78,coffee-minas-south,coffee,-21.5,-45,NASA POWER MERRA-2 PRECTOTCORR
2024-12-23,1.45,coffee-minas-south,coffee,-21.5,-45,NASA POWER MERRA-2 PRECTOTCORR
2024-12-24,0.62,coffee-minas-south,coffee,-21.5,-45,NASA POWER MERRA-2 PRECTOTCORR
2024-12-25,3.5,coffee-minas-south,coffee,-21.5,-45,NASA POWER MERRA-2 PRECTOTCORR
2024-12-26,22.14,coffee-minas-south,coffee,-21.5,-45,NASA POWER MERRA-2 PRECTOTCORR
2024-12-27,7.52,coffee-minas-south,coffee,-21.5,-45,NASA POWER MERRA-2 PRECTOTCORR
2024-12-28,9.18,coffee-minas-south,coffee,-21.5,-45,NASA POWER MERRA-2 PRECTOTCORR
2024-12-29,12.31,coffee-minas-south,coffee,-21.5,-45,NASA POWER MERRA-2 PRECTOTCORR
2024-12-30,2.28,coffee-minas-south,coffee,-21.5,-45,NASA POWER MERRA-2 PRECTOTCORR
2024-12-31,2.95,coffee-minas-south,coffee,-21.5,-45,NASA POWER MERRA-2 PRECTOTCORR
2025-01-01,2.26,coffee-minas-south,coffee,-21.5,-45,NASA POWER MERRA-2 PRECTOTCORR
2025-01-02,2.32,coffee-minas-south,coffee,-21.5,-45,NASA POWER MERRA-2 PRECTOTCORR
2025-01-03,2.14,coffee-minas-south,coffee,-21.5,-45,NASA POWER MERRA-2 PRECTOTCORR
2025-01-04,3.66,coffee-minas-south,coffee,-21.5,-45,NASA POWER MERRA-2 PRECTOTCORR
2025-01-05,2.32,coffee-minas-south,coffee,-21.5,-45,NASA POWER MERRA-2 PRECTOTCORR
2025-01-06,0.73,coffee-minas-south,coffee,-21.5,-45,NASA POWER MERRA-2 PRECTOTCORR
2025-01-07,1.82,coffee-minas-south,coffee,-21.5,-45,NASA POWER MERRA-2 PRECTOTCORR
2025-01-08,2.37,coffee-minas-south,coffee,-21.5,-45,NASA POWER MERRA-2 PRECTOTCORR
2025-01-09,6.2,coffee-minas-south,coffee,-21.5,-45,NASA POWER MERRA-2 PRECTOTCORR
2025-01-10,0.63,coffee-minas-south,coffee,-21.5,-45,NASA POWER MERRA-2 PRECTOTCORR
2025-01-11,0.51,coffee-minas-south,coffee,-21.5,-45,NASA POWER MERRA-2 PRECTOTCORR
2025-01-12,3.69,coffee-minas-south,coffee,-21.5,-45,NASA POWER MERRA-2 PRECTOTCORR
2025-01-13,1.31,coffee-minas-south,coffee,-21.5,-45,NASA POWER MERRA-2 PRECTOTCORR
2025-01-14,7.19,coffee-minas-south,coffee,-21.5,-45,NASA POWER MERRA-2 PRECTOTCORR
2025-01-15,0.9,coffee-minas-south,coffee,-21.5,-45,NASA POWER MERRA-2 PRECTOTCORR
2025-01-16,4.76,coffee-minas-south,coffee,-21.5,-45,NASA POWER MERRA-2 PRECTOTCORR
2025-01-17,3.34,coffee-minas-south,coffee,-21.5,-45,NASA POWER MERRA-2 PRECTOTCORR
2025-01-18,0.08,coffee-minas-south,coffee,-21.5,-45,NASA POWER MERRA-2 PRECTOTCORR
2025-01-19,2.66,coffee-minas-south,coffee,-21.5,-45,NASA POWER MERRA-2 PRECTOTCORR
2025-01-20,2.25,coffee-minas-south,coffee,-21.5,-45,NASA POWER MERRA-2 PRECTOTCORR
2025-01-21,0.38,coffee-minas-south,coffee,-21.5,-45,NASA POWER MERRA-2 PRECTOTCORR
2025-01-22,1.47,coffee-minas-south,coffee,-21.5,-45,NASA POWER MERRA-2 PRECTOTCORR
2025-01-23,1.13,coffee-minas-south,coffee,-21.5,-45,NASA POWER MERRA-2 PRECTOTCORR
2025-01-24,0.56,coffee-minas-south,coffee,-21.5,-45,NASA POWER MERRA-2 PRECTOTCORR
2025-01-25,1.45,coffee-minas-south,coffee,-21.5,-45,NASA POWER MERRA-2 PRECTOTCORR
2025-01-26,3.16,coffee-minas-south,coffee,-21.5,-45,NASA POWER MERRA-2 PRECTOTCORR
2025-01-27,4.68,coffee-minas-south,coffee,-21.5,-45,NASA POWER MERRA-2 PRECTOTCORR
2025-01-28,3.34,coffee-minas-south,coffee,-21.5,-45,NASA POWER MERRA-2 PRECTOTCORR
2025-01-29,7.58,coffee-minas-south,coffee,-21.5,-45,NASA POWER MERRA-2 PRECTOTCORR
2025-01-30,11.85,coffee-minas-south,coffee,-21.5,-45,NASA POWER MERRA-2 PRECTOTCORR
2025-01-31,9.74,coffee-minas-south,coffee,-21.5,-45,NASA POWER MERRA-2 PRECTOTCORR
2025-02-01,11.05,coffee-minas-south,coffee,-21.5,-45,NASA POWER MERRA-2 PRECTOTCORR
2025-02-02,9.71,coffee-minas-south,coffee,-21.5,-45,NASA POWER MERRA-2 PRECTOTCORR
2025-02-03,2.29,coffee-minas-south,coffee,-21.5,-45,NASA POWER MERRA-2 PRECTOTCORR
2025-02-04,0.86,coffee-minas-south,coffee,-21.5,-45,NASA POWER MERRA-2 PRECTOTCORR
2025-02-05,1.69,coffee-minas-south,coffee,-21.5,-45,NASA POWER MERRA-2 PRECTOTCORR
2025-02-06,0.03,coffee-minas-south,coffee,-21.5,-45,NASA POWER MERRA-2 PRECTOTCORR
2025-02-07,0.74,coffee-minas-south,coffee,-21.5,-45,NASA POWER MERRA-2 PRECTOTCORR
2025-02-08,0.1,coffee-minas-south,coffee,-21.5,-45,NASA POWER MERRA-2 PRECTOTCORR
2025-02-09,0.69,coffee-minas-south,coffee,-21.5,-45,NASA POWER MERRA-2 PRECTOTCORR
2025-02-10,0.74,coffee-minas-south,coffee,-21.5,-45,NASA POWER MERRA-2 PRECTOTCORR
2025-02-11,0.08,coffee-minas-south,coffee,-21.5,-45,NASA POWER MERRA-2 PRECTOTCORR
2025-02-12,0.03,coffee-minas-south,coffee,-21.5,-45,NASA POWER MERRA-2 PRECTOTCORR
2025-02-13,0.04,coffee-minas-south,coffee,-21.5,-45,NASA POWER MERRA-2 PRECTOTCORR
2025-02-14,0.75,coffee-minas-south,coffee,-21.5,-45,NASA POWER MERRA-2 PRECTOTCORR
2025-02-15,0.56,coffee-minas-south,coffee,-21.5,-45,NASA POWER MERRA-2 PRECTOTCORR
2025-02-16,0,coffee-minas-south,coffee,-21.5,-45,NASA POWER MERRA-2 PRECTOTCORR
2025-02-17,0,coffee-minas-south,coffee,-21.5,-45,NASA POWER MERRA-2 PRECTOTCORR
2025-02-18,0.01,coffee-minas-south,coffee,-21.5,-45,NASA POWER MERRA-2 PRECTOTCORR
2025-02-19,0.02,coffee-minas-south,coffee,-21.5,-45,NASA POWER MERRA-2 PRECTOTCORR
2025-02-20,0.15,coffee-minas-south,coffee,-21.5,-45,NASA POWER MERRA-2 PRECTOTCORR
2025-02-21,1,coffee-minas-south,coffee,-21.5,-45,NASA POWER MERRA-2 PRECTOTCORR
2025-02-22,0.19,coffee-minas-south,coffee,-21.5,-45,NASA POWER MERRA-2 PRECTOTCORR
2025-02-23,1.29,coffee-minas-south,coffee,-21.5,-45,NASA POWER MERRA-2 PRECTOTCORR
2025-02-24,0.27,coffee-minas-south,coffee,-21.5,-45,NASA POWER MERRA-2 PRECTOTCORR
2025-02-25,0,coffee-minas-south,coffee,-21.5,-45,NASA POWER MERRA-2 PRECTOTCORR
2025-02-26,0,coffee-minas-south,coffee,-21.5,-45,NASA POWER MERRA-2 PRECTOTCORR
2025-02-27,0.85,coffee-minas-south,coffee,-21.5,-45,NASA POWER MERRA-2 PRECTOTCORR
2025-02-28,0.23,coffee-minas-south,coffee,-21.5,-45,NASA POWER MERRA-2 PRECTOTCORR
2025-03-01,0.15,coffee-minas-south,coffee,-21.5,-45,NASA POWER MERRA-2 PRECTOTCORR
2025-03-02,0.04,coffee-minas-south,coffee,-21.5,-45,NASA POWER MERRA-2 PRECTOTCORR
2025-03-03,0.06,coffee-minas-south,coffee,-21.5,-45,NASA POWER MERRA-2 PRECTOTCORR
2025-03-04,0.07,coffee-minas-south,coffee,-21.5,-45,NASA POWER MERRA-2 PRECTOTCORR
2025-03-05,0.02,coffee-minas-south,coffee,-21.5,-45,NASA POWER MERRA-2 PRECTOTCORR
2025-03-06,0.07,coffee-minas-south,coffee,-21.5,-45,NASA POWER MERRA-2 PRECTOTCORR
2025-03-07,0.09,coffee-minas-south,coffee,-21.5,-45,NASA POWER MERRA-2 PRECTOTCORR
2025-03-08,0.53,coffee-minas-south,coffee,-21.5,-45,NASA POWER MERRA-2 PRECTOTCORR
2025-03-09,2.72,coffee-minas-south,coffee,-21.5,-45,NASA POWER MERRA-2 PRECTOTCORR
2025-03-10,0.69,coffee-minas-south,coffee,-21.5,-45,NASA POWER MERRA-2 PRECTOTCORR
2025-03-11,1.5,coffee-minas-south,coffee,-21.5,-45,NASA POWER MERRA-2 PRECTOTCORR
2025-03-12,1.77,coffee-minas-south,coffee,-21.5,-45,NASA POWER MERRA-2 PRECTOTCORR
2025-03-13,2.71,coffee-minas-south,coffee,-21.5,-45,NASA POWER MERRA-2 PRECTOTCORR
2025-03-14,1.13,coffee-minas-south,coffee,-21.5,-45,NASA POWER MERRA-2 PRECTOTCORR
2025-03-15,1.24,coffee-minas-south,coffee,-21.5,-45,NASA POWER MERRA-2 PRECTOTCORR
2025-03-16,18.6,coffee-minas-south,coffee,-21.5,-45,NASA POWER MERRA-2 PRECTOTCORR
2025-03-17,18.68,coffee-minas-south,coffee,-21.5,-45,NASA POWER MERRA-2 PRECTOTCORR
2025-03-18,2.25,coffee-minas-south,coffee,-21.5,-45,NASA POWER MERRA-2 PRECTOTCORR
2025-03-19,4.99,coffee-minas-south,coffee,-21.5,-45,NASA POWER MERRA-2 PRECTOTCORR
2025-03-20,0.15,coffee-minas-south,coffee,-21.5,-45,NASA POWER MERRA-2 PRECTOTCORR
2025-03-21,0.12,coffee-minas-south,coffee,-21.5,-45,NASA POWER MERRA-2 PRECTOTCORR
2025-03-22,0.63,coffee-minas-south,coffee,-21.5,-45,NASA POWER MERRA-2 PRECTOTCORR
2025-03-23,22.36,coffee-minas-south,coffee,-21.5,-45,NASA POWER MERRA-2 PRECTOTCORR
2025-03-24,21.55,coffee-minas-south,coffee,-21.5,-45,NASA POWER MERRA-2 PRECTOTCORR
2025-03-25,6.36,coffee-minas-south,coffee,-21.5,-45,NASA POWER MERRA-2 PRECTOTCORR
2025-03-26,1.77,coffee-minas-south,coffee,-21.5,-45,NASA POWER MERRA-2 PRECTOTCORR
2025-03-27,0.27,coffee-minas-south,coffee,-21.5,-45,NASA POWER MERRA-2 PRECTOTCORR
2025-03-28,0.54,coffee-minas-south,coffee,-21.5,-45,NASA POWER MERRA-2 PRECTOTCORR
2025-03-29,0.35,coffee-minas-south,coffee,-21.5,-45,NASA POWER MERRA-2 PRECTOTCORR
2025-03-30,1.88,coffee-minas-south,coffee,-21.5,-45,NASA POWER MERRA-2 PRECTOTCORR
2025-03-31,2.33,coffee-minas-south,coffee,-21.5,-45,NASA POWER MERRA-2 PRECTOTCORR
2025-04-01,21.69,coffee-minas-south,coffee,-21.5,-45,NASA POWER MERRA-2 PRECTOTCORR
2025-04-02,3.54,coffee-minas-south,coffee,-21.5,-45,NASA POWER MERRA-2 PRECTOTCORR
2025-04-03,6.78,coffee-minas-south,coffee,-21.5,-45,NASA POWER MERRA-2 PRECTOTCORR
2025-04-04,25.68,coffee-minas-south,coffee,-21.5,-45,NASA POWER MERRA-2 PRECTOTCORR
2025-04-05,17.21,coffee-minas-south,coffee,-21.5,-45,NASA POWER MERRA-2 PRECTOTCORR
2025-04-06,0.06,coffee-minas-south,coffee,-21.5,-45,NASA POWER MERRA-2 PRECTOTCORR
2025-04-07,0.01,coffee-minas-south,coffee,-21.5,-45,NASA POWER MERRA-2 PRECTOTCORR
2025-04-08,0.16,coffee-minas-south,coffee,-21.5,-45,NASA POWER MERRA-2 PRECTOTCORR
2025-04-09,6.79,coffee-minas-south,coffee,-21.5,-45,NASA POWER MERRA-2 PRECTOTCORR
2025-04-10,3.3,coffee-minas-south,coffee,-21.5,-45,NASA POWER MERRA-2 PRECTOTCORR
2025-04-11,0.07,coffee-minas-south,coffee,-21.5,-45,NASA POWER MERRA-2 PRECTOTCORR
2025-04-12,0.01,coffee-minas-south,coffee,-21.5,-45,NASA POWER MERRA-2 PRECTOTCORR
2025-04-13,0.26,coffee-minas-south,coffee,-21.5,-45,NASA POWER MERRA-2 PRECTOTCORR
2025-04-14,0.43,coffee-minas-south,coffee,-21.5,-45,NASA POWER MERRA-2 PRECTOTCORR
2025-04-15,3.7,coffee-minas-south,coffee,-21.5,-45,NASA POWER MERRA-2 PRECTOTCORR
2025-04-16,5.26,coffee-minas-south,coffee,-21.5,-45,NASA POWER MERRA-2 PRECTOTCORR
2025-04-17,0.14,coffee-minas-south,coffee,-21.5,-45,NASA POWER MERRA-2 PRECTOTCORR
2025-04-18,0.09,coffee-minas-south,coffee,-21.5,-45,NASA POWER MERRA-2 PRECTOTCORR
2025-04-19,4.36,coffee-minas-south,coffee,-21.5,-45,NASA POWER MERRA-2 PRECTOTCORR
2025-04-20,0.31,coffee-minas-south,coffee,-21.5,-45,NASA POWER MERRA-2 PRECTOTCORR
2025-04-21,0.8,coffee-minas-south,coffee,-21.5,-45,NASA POWER MERRA-2 PRECTOTCORR
2025-04-22,0.37,coffee-minas-south,coffee,-21.5,-45,NASA POWER MERRA-2 PRECTOTCORR
2025-04-23,0.35,coffee-minas-south,coffee,-21.5,-45,NASA POWER MERRA-2 PRECTOTCORR
2025-04-24,5.8,coffee-minas-south,coffee,-21.5,-45,NASA POWER MERRA-2 PRECTOTCORR
2025-04-25,6.17,coffee-minas-south,coffee,-21.5,-45,NASA POWER MERRA-2 PRECTOTCORR
2025-04-26,1.92,coffee-minas-south,coffee,-21.5,-45,NASA POWER MERRA-2 PRECTOTCORR
2025-04-27,0.13,coffee-minas-south,coffee,-21.5,-45,NASA POWER MERRA-2 PRECTOTCORR
2025-04-28,0.73,coffee-minas-south,coffee,-21.5,-45,NASA POWER MERRA-2 PRECTOTCORR
2025-04-29,0.24,coffee-minas-south,coffee,-21.5,-45,NASA POWER MERRA-2 PRECTOTCORR
2025-04-30,0.07,coffee-minas-south,coffee,-21.5,-45,NASA POWER MERRA-2 PRECTOTCORR
2025-05-01,0.04,coffee-minas-south,coffee,-21.5,-45,NASA POWER MERRA-2 PRECTOTCORR
2025-05-02,0.04,coffee-minas-south,coffee,-21.5,-45,NASA POWER MERRA-2 PRECTOTCORR
2025-05-03,0,coffee-minas-south,coffee,-21.5,-45,NASA POWER MERRA-2 PRECTOTCORR
2025-05-04,0,coffee-minas-south,coffee,-21.5,-45,NASA POWER MERRA-2 PRECTOTCORR
2025-05-05,0.25,coffee-minas-south,coffee,-21.5,-45,NASA POWER MERRA-2 PRECTOTCORR
2025-05-06,0.48,coffee-minas-south,coffee,-21.5,-45,NASA POWER MERRA-2 PRECTOTCORR
2025-05-07,0.71,coffee-minas-south,coffee,-21.5,-45,NASA POWER MERRA-2 PRECTOTCORR
2025-05-08,0.33,coffee-minas-south,coffee,-21.5,-45,NASA POWER MERRA-2 PRECTOTCORR
2025-05-09,0.58,coffee-minas-south,coffee,-21.5,-45,NASA POWER MERRA-2 PRECTOTCORR
2025-05-10,0.18,coffee-minas-south,coffee,-21.5,-45,NASA POWER MERRA-2 PRECTOTCORR
2025-05-11,2.08,coffee-minas-south,coffee,-21.5,-45,NASA POWER MERRA-2 PRECTOTCORR
2025-05-12,1.2,coffee-minas-south,coffee,-21.5,-45,NASA POWER MERRA-2 PRECTOTCORR
2025-05-13,0.3,coffee-minas-south,coffee,-21.5,-45,NASA POWER MERRA-2 PRECTOTCORR
2025-05-14,1.13,coffee-minas-south,coffee,-21.5,-45,NASA POWER MERRA-2 PRECTOTCORR
2025-05-15,0.74,coffee-minas-south,coffee,-21.5,-45,NASA POWER MERRA-2 PRECTOTCORR
2025-05-16,0.2,coffee-minas-south,coffee,-21.5,-45,NASA POWER MERRA-2 PRECTOTCORR
2025-05-17,0.36,coffee-minas-south,coffee,-21.5,-45,NASA POWER MERRA-2 PRECTOTCORR
2025-05-18,0.04,coffee-minas-south,coffee,-21.5,-45,NASA POWER MERRA-2 PRECTOTCORR
2025-05-19,0.04,coffee-minas-south,coffee,-21.5,-45,NASA POWER MERRA-2 PRECTOTCORR
2025-05-20,0.01,coffee-minas-south,coffee,-21.5,-45,NASA POWER MERRA-2 PRECTOTCORR
2025-05-21,1.73,coffee-minas-south,coffee,-21.5,-45,NASA POWER MERRA-2 PRECTOTCORR
2025-05-22,1.75,coffee-minas-south,coffee,-21.5,-45,NASA POWER MERRA-2 PRECTOTCORR
2025-05-23,1.2,coffee-minas-south,coffee,-21.5,-45,NASA POWER MERRA-2 PRECTOTCORR
2025-05-24,0.49,coffee-minas-south,coffee,-21.5,-45,NASA POWER MERRA-2 PRECTOTCORR
2025-05-25,0.05,coffee-minas-south,coffee,-21.5,-45,NASA POWER MERRA-2 PRECTOTCORR
2025-05-26,0.01,coffee-minas-south,coffee,-21.5,-45,NASA POWER MERRA-2 PRECTOTCORR
2025-05-27,1.62,coffee-minas-south,coffee,-21.5,-45,NASA POWER MERRA-2 PRECTOTCORR
2025-05-28,0,coffee-minas-south,coffee,-21.5,-45,NASA POWER MERRA-2 PRECTOTCORR
2025-05-29,0.51,coffee-minas-south,coffee,-21.5,-45,NASA POWER MERRA-2 PRECTOTCORR
2025-05-30,0.12,coffee-minas-south,coffee,-21.5,-45,NASA POWER MERRA-2 PRECTOTCORR
2025-05-31,1.9,coffee-minas-south,coffee,-21.5,-45,NASA POWER MERRA-2 PRECTOTCORR
2025-06-01,0.41,coffee-minas-south,coffee,-21.5,-45,NASA POWER MERRA-2 PRECTOTCORR
2025-06-02,0.84,coffee-minas-south,coffee,-21.5,-45,NASA POWER MERRA-2 PRECTOTCORR
2025-06-03,0.97,coffee-minas-south,coffee,-21.5,-45,NASA POWER MERRA-2 PRECTOTCORR
2025-06-04,0.09,coffee-minas-south,coffee,-21.5,-45,NASA POWER MERRA-2 PRECTOTCORR
2025-06-05,0.52,coffee-minas-south,coffee,-21.5,-45,NASA POWER MERRA-2 PRECTOTCORR
2025-06-06,1.38,coffee-minas-south,coffee,-21.5,-45,NASA POWER MERRA-2 PRECTOTCORR
2025-06-07,3.02,coffee-minas-south,coffee,-21.5,-45,NASA POWER MERRA-2 PRECTOTCORR
2025-06-08,3.99,coffee-minas-south,coffee,-21.5,-45,NASA POWER MERRA-2 PRECTOTCORR
2025-06-09,36.54,coffee-minas-south,coffee,-21.5,-45,NASA POWER MERRA-2 PRECTOTCORR
2025-06-10,10.42,coffee-minas-south,coffee,-21.5,-45,NASA POWER MERRA-2 PRECTOTCORR
2025-06-11,0.04,coffee-minas-south,coffee,-21.5,-45,NASA POWER MERRA-2 PRECTOTCORR
2025-06-12,0.03,coffee-minas-south,coffee,-21.5,-45,NASA POWER MERRA-2 PRECTOTCORR
2025-06-13,0,coffee-minas-south,coffee,-21.5,-45,NASA POWER MERRA-2 PRECTOTCORR
2025-06-14,0,coffee-minas-south,coffee,-21.5,-45,NASA POWER MERRA-2 PRECTOTCORR
2025-06-15,0,coffee-minas-south,coffee,-21.5,-45,NASA POWER MERRA-2 PRECTOTCORR
2025-06-16,0,coffee-minas-south,coffee,-21.5,-45,NASA POWER MERRA-2 PRECTOTCORR
2025-06-17,0.29,coffee-minas-south,coffee,-21.5,-45,NASA POWER MERRA-2 PRECTOTCORR
2025-06-18,0.3,coffee-minas-south,coffee,-21.5,-45,NASA POWER MERRA-2 PRECTOTCORR
2025-06-19,0.34,coffee-minas-south,coffee,-21.5,-45,NASA POWER MERRA-2 PRECTOTCORR
2025-06-20,0.22,coffee-minas-south,coffee,-21.5,-45,NASA POWER MERRA-2 PRECTOTCORR
2025-06-21,0.08,coffee-minas-south,coffee,-21.5,-45,NASA POWER MERRA-2 PRECTOTCORR
2025-06-22,0,coffee-minas-south,coffee,-21.5,-45,NASA POWER MERRA-2 PRECTOTCORR
2025-06-23,0,coffee-minas-south,coffee,-21.5,-45,NASA POWER MERRA-2 PRECTOTCORR
2025-06-24,0.23,coffee-minas-south,coffee,-21.5,-45,NASA POWER MERRA-2 PRECTOTCORR
2025-06-25,0,coffee-minas-south,coffee,-21.5,-45,NASA POWER MERRA-2 PRECTOTCORR
2025-06-26,0.03,coffee-minas-south,coffee,-21.5,-45,NASA POWER MERRA-2 PRECTOTCORR
2025-06-27,0.01,coffee-minas-south,coffee,-21.5,-45,NASA POWER MERRA-2 PRECTOTCORR
2025-06-28,0.02,coffee-minas-south,coffee,-21.5,-45,NASA POWER MERRA-2 PRECTOTCORR
2025-06-29,0.01,coffee-minas-south,coffee,-21.5,-45,NASA POWER MERRA-2 PRECTOTCORR
2025-06-30,0,coffee-minas-south,coffee,-21.5,-45,NASA POWER MERRA-2 PRECTOTCORR
2025-07-01,0,coffee-minas-south,coffee,-21.5,-45,NASA POWER MERRA-2 PRECTOTCORR
2025-07-02,0.04,coffee-minas-south,coffee,-21.5,-45,NASA POWER MERRA-2 PRECTOTCORR
2025-07-03,0.07,coffee-minas-south,coffee,-21.5,-45,NASA POWER MERRA-2 PRECTOTCORR
2025-07-04,0.02,coffee-minas-south,coffee,-21.5,-45,NASA POWER MERRA-2 PRECTOTCORR
2025-07-05,0,coffee-minas-south,coffee,-21.5,-45,NASA POWER MERRA-2 PRECTOTCORR
2025-07-06,0,coffee-minas-south,coffee,-21.5,-45,NASA POWER MERRA-2 PRECTOTCORR
2025-07-07,0,coffee-minas-south,coffee,-21.5,-45,NASA POWER MERRA-2 PRECTOTCORR
2025-07-08,0,coffee-minas-south,coffee,-21.5,-45,NASA POWER MERRA-2 PRECTOTCORR
2025-07-09,0.01,coffee-minas-south,coffee,-21.5,-45,NASA POWER MERRA-2 PRECTOTCORR
2025-07-10,0,coffee-minas-south,coffee,-21.5,-45,NASA POWER MERRA-2 PRECTOTCORR
2025-07-11,0,coffee-minas-south,coffee,-21.5,-45,NASA POWER MERRA-2 PRECTOTCORR
2025-07-12,0,coffee-minas-south,coffee,-21.5,-45,NASA POWER MERRA-2 PRECTOTCORR
2025-07-13,0,coffee-minas-south,coffee,-21.5,-45,NASA POWER MERRA-2 PRECTOTCORR
2025-07-14,0,coffee-minas-south,coffee,-21.5,-45,NASA POWER MERRA-2 PRECTOTCORR
2025-07-15,0,coffee-minas-south,coffee,-21.5,-45,NASA POWER MERRA-2 PRECTOTCORR
2025-07-16,0,coffee-minas-south,coffee,-21.5,-45,NASA POWER MERRA-2 PRECTOTCORR
2025-07-17,0,coffee-minas-south,coffee,-21.5,-45,NASA POWER MERRA-2 PRECTOTCORR
2025-07-18,0,coffee-minas-south,coffee,-21.5,-45,NASA POWER MERRA-2 PRECTOTCORR
2025-07-19,0,coffee-minas-south,coffee,-21.5,-45,NASA POWER MERRA-2 PRECTOTCORR
2025-07-20,0,coffee-minas-south,coffee,-21.5,-45,NASA POWER MERRA-2 PRECTOTCORR
2025-07-21,0,coffee-minas-south,coffee,-21.5,-45,NASA POWER MERRA-2 PRECTOTCORR
2025-07-22,0.01,coffee-minas-south,coffee,-21.5,-45,NASA POWER MERRA-2 PRECTOTCORR
2025-07-23,0,coffee-minas-south,coffee,-21.5,-45,NASA POWER MERRA-2 PRECTOTCORR
2025-07-24,0,coffee-minas-south,coffee,-21.5,-45,NASA POWER MERRA-2 PRECTOTCORR
2025-07-25,5.88,coffee-minas-south,coffee,-21.5,-45,NASA POWER MERRA-2 PRECTOTCORR
2025-07-26,0.38,coffee-minas-south,coffee,-21.5,-45,NASA POWER MERRA-2 PRECTOTCORR
2025-07-27,0.02,coffee-minas-south,coffee,-21.5,-45,NASA POWER MERRA-2 PRECTOTCORR
2025-07-28,1.49,coffee-minas-south,coffee,-21.5,-45,NASA POWER MERRA-2 PRECTOTCORR
2025-07-29,0.17,coffee-minas-south,coffee,-21.5,-45,NASA POWER MERRA-2 PRECTOTCORR
2025-07-30,0,coffee-minas-south,coffee,-21.5,-45,NASA POWER MERRA-2 PRECTOTCORR
2025-07-31,0,coffee-minas-south,coffee,-21.5,-45,NASA POWER MERRA-2 PRECTOTCORR
2025-08-01,0.01,coffee-minas-south,coffee,-21.5,-45,NASA POWER MERRA-2 PRECTOTCORR
2025-08-02,0.01,coffee-minas-south,coffee,-21.5,-45,NASA POWER MERRA-2 PRECTOTCORR
2025-08-03,0.14,coffee-minas-south,coffee,-21.5,-45,NASA POWER MERRA-2 PRECTOTCORR
2025-08-04,0.01,coffee-minas-south,coffee,-21.5,-45,NASA POWER MERRA-2 PRECTOTCORR
2025-08-05,0.01,coffee-minas-south,coffee,-21.5,-45,NASA POWER MERRA-2 PRECTOTCORR
2025-08-06,0.13,coffee-minas-south,coffee,-21.5,-45,NASA POWER MERRA-2 PRECTOTCORR
2025-08-07,0.08,coffee-minas-south,coffee,-21.5,-45,NASA POWER MERRA-2 PRECTOTCORR
2025-08-08,0.74,coffee-minas-south,coffee,-21.5,-45,NASA POWER MERRA-2 PRECTOTCORR
2025-08-09,0.42,coffee-minas-south,coffee,-21.5,-45,NASA POWER MERRA-2 PRECTOTCORR
2025-08-10,0,coffee-minas-south,coffee,-21.5,-45,NASA POWER MERRA-2 PRECTOTCORR
2025-08-11,0,coffee-minas-south,coffee,-21.5,-45,NASA POWER MERRA-2 PRECTOTCORR
2025-08-12,0.01,coffee-minas-south,coffee,-21.5,-45,NASA POWER MERRA-2 PRECTOTCORR
2025-08-13,0.01,coffee-minas-south,coffee,-21.5,-45,NASA POWER MERRA-2 PRECTOTCORR
2025-08-14,0,coffee-minas-south,coffee,-21.5,-45,NASA POWER MERRA-2 PRECTOTCORR
2025-08-15,0.15,coffee-minas-south,coffee,-21.5,-45,NASA POWER MERRA-2 PRECTOTCORR
2025-08-16,0.01,coffee-minas-south,coffee,-21.5,-45,NASA POWER MERRA-2 PRECTOTCORR
2025-08-17,0.02,coffee-minas-south,coffee,-21.5,-45,NASA POWER MERRA-2 PRECTOTCORR
2025-08-18,0,coffee-minas-south,coffee,-21.5,-45,NASA POWER MERRA-2 PRECTOTCORR
2025-08-19,0.02,coffee-minas-south,coffee,-21.5,-45,NASA POWER MERRA-2 PRECTOTCORR
2025-08-20,0.16,coffee-minas-south,coffee,-21.5,-45,NASA POWER MERRA-2 PRECTOTCORR
2025-08-21,0,coffee-minas-south,coffee,-21.5,-45,NASA POWER MERRA-2 PRECTOTCORR
2025-08-22,0,coffee-minas-south,coffee,-21.5,-45,NASA POWER MERRA-2 PRECTOTCORR
2025-08-23,0.01,coffee-minas-south,coffee,-21.5,-45,NASA POWER MERRA-2 PRECTOTCORR
2025-08-24,0.14,coffee-minas-south,coffee,-21.5,-45,NASA POWER MERRA-2 PRECTOTCORR
2025-08-25,0,coffee-minas-south,coffee,-21.5,-45,NASA POWER MERRA-2 PRECTOTCORR
2025-08-26,0.01,coffee-minas-south,coffee,-21.5,-45,NASA POWER MERRA-2 PRECTOTCORR
2025-08-27,0.73,coffee-minas-south,coffee,-21.5,-45,NASA POWER MERRA-2 PRECTOTCORR
2025-08-28,0.05,coffee-minas-south,coffee,-21.5,-45,NASA POWER MERRA-2 PRECTOTCORR
2025-08-29,1.82,coffee-minas-south,coffee,-21.5,-45,NASA POWER MERRA-2 PRECTOTCORR
2025-08-30,0.73,coffee-minas-south,coffee,-21.5,-45,NASA POWER MERRA-2 PRECTOTCORR
2025-08-31,0.11,coffee-minas-south,coffee,-21.5,-45,NASA POWER MERRA-2 PRECTOTCORR
2025-09-01,0.11,coffee-minas-south,coffee,-21.5,-45,NASA POWER MERRA-2 PRECTOTCORR
2025-09-02,0.04,coffee-minas-south,coffee,-21.5,-45,NASA POWER MERRA-2 PRECTOTCORR
2025-09-03,0.01,coffee-minas-south,coffee,-21.5,-45,NASA POWER MERRA-2 PRECTOTCORR
2025-09-04,0,coffee-minas-south,coffee,-21.5,-45,NASA POWER MERRA-2 PRECTOTCORR
2025-09-05,0,coffee-minas-south,coffee,-21.5,-45,NASA POWER MERRA-2 PRECTOTCORR
2025-09-06,0.01,coffee-minas-south,coffee,-21.5,-45,NASA POWER MERRA-2 PRECTOTCORR
2025-09-07,0.01,coffee-minas-south,coffee,-21.5,-45,NASA POWER MERRA-2 PRECTOTCORR
2025-09-08,0,coffee-minas-south,coffee,-21.5,-45,NASA POWER MERRA-2 PRECTOTCORR
2025-09-09,0,coffee-minas-south,coffee,-21.5,-45,NASA POWER MERRA-2 PRECTOTCORR
2025-09-10,0,coffee-minas-south,coffee,-21.5,-45,NASA POWER MERRA-2 PRECTOTCORR
2025-09-11,0,coffee-minas-south,coffee,-21.5,-45,NASA POWER MERRA-2 PRECTOTCORR
2025-09-12,0,coffee-minas-south,coffee,-21.5,-45,NASA POWER MERRA-2 PRECTOTCORR
2025-09-13,0.06,coffee-minas-south,coffee,-21.5,-45,NASA POWER MERRA-2 PRECTOTCORR
2025-09-14,0.01,coffee-minas-south,coffee,-21.5,-45,NASA POWER MERRA-2 PRECTOTCORR
2025-09-15,0,coffee-minas-south,coffee,-21.5,-45,NASA POWER MERRA-2 PRECTOTCORR
2025-09-16,2.15,coffee-minas-south,coffee,-21.5,-45,NASA POWER MERRA-2 PRECTOTCORR
2025-09-17,0.02,coffee-minas-south,coffee,-21.5,-45,NASA POWER MERRA-2 PRECTOTCORR
2025-09-18,0,coffee-minas-south,coffee,-21.5,-45,NASA POWER MERRA-2 PRECTOTCORR
2025-09-19,0.6,coffee-minas-south,coffee,-21.5,-45,NASA POWER MERRA-2 PRECTOTCORR
2025-09-20,0.69,coffee-minas-south,coffee,-21.5,-45,NASA POWER MERRA-2 PRECTOTCORR
2025-09-21,0.01,coffee-minas-south,coffee,-21.5,-45,NASA POWER MERRA-2 PRECTOTCORR
2025-09-22,7.76,coffee-minas-south,coffee,-21.5,-45,NASA POWER MERRA-2 PRECTOTCORR
2025-09-23,0.16,coffee-minas-south,coffee,-21.5,-45,NASA POWER MERRA-2 PRECTOTCORR
2025-09-24,0.14,coffee-minas-south,coffee,-21.5,-45,NASA POWER MERRA-2 PRECTOTCORR
2025-09-25,0.13,coffee-minas-south,coffee,-21.5,-45,NASA POWER MERRA-2 PRECTOTCORR
2025-09-26,0.54,coffee-minas-south,coffee,-21.5,-45,NASA POWER MERRA-2 PRECTOTCORR
2025-09-27,0.04,coffee-minas-south,coffee,-21.5,-45,NASA POWER MERRA-2 PRECTOTCORR
2025-09-28,0,coffee-minas-south,coffee,-21.5,-45,NASA POWER MERRA-2 PRECTOTCORR
2025-09-29,0.02,coffee-minas-south,coffee,-21.5,-45,NASA POWER MERRA-2 PRECTOTCORR
2025-09-30,0.03,coffee-minas-south,coffee,-21.5,-45,NASA POWER MERRA-2 PRECTOTCORR
2025-10-01,0.16,coffee-minas-south,coffee,-21.5,-45,NASA POWER MERRA-2 PRECTOTCORR
2025-10-02,0.31,coffee-minas-south,coffee,-21.5,-45,NASA POWER MERRA-2 PRECTOTCORR
2025-10-03,0,coffee-minas-south,coffee,-21.5,-45,NASA POWER MERRA-2 PRECTOTCORR
2025-10-04,0.02,coffee-minas-south,coffee,-21.5,-45,NASA POWER MERRA-2 PRECTOTCORR
2025-10-05,0.02,coffee-minas-south,coffee,-21.5,-45,NASA POWER MERRA-2 PRECTOTCORR
2025-10-06,0,coffee-minas-south,coffee,-21.5,-45,NASA POWER MERRA-2 PRECTOTCORR
2025-10-07,0.03,coffee-minas-south,coffee,-21.5,-45,NASA POWER MERRA-2 PRECTOTCORR
2025-10-08,3.95,coffee-minas-south,coffee,-21.5,-45,NASA POWER MERRA-2 PRECTOTCORR
2025-10-09,12.85,coffee-minas-south,coffee,-21.5,-45,NASA POWER MERRA-2 PRECTOTCORR
2025-10-10,3.04,coffee-minas-south,coffee,-21.5,-45,NASA POWER MERRA-2 PRECTOTCORR
2025-10-11,1.62,coffee-minas-south,coffee,-21.5,-45,NASA POWER MERRA-2 PRECTOTCORR
2025-10-12,5.17,coffee-minas-south,coffee,-21.5,-45,NASA POWER MERRA-2 PRECTOTCORR
2025-10-13,2.11,coffee-minas-south,coffee,-21.5,-45,NASA POWER MERRA-2 PRECTOTCORR
2025-10-14,1.06,coffee-minas-south,coffee,-21.5,-45,NASA POWER MERRA-2 PRECTOTCORR
2025-10-15,0.05,coffee-minas-south,coffee,-21.5,-45,NASA POWER MERRA-2 PRECTOTCORR
2025-10-16,0,coffee-minas-south,coffee,-21.5,-45,NASA POWER MERRA-2 PRECTOTCORR
2025-10-17,0.01,coffee-minas-south,coffee,-21.5,-45,NASA POWER MERRA-2 PRECTOTCORR
2025-10-18,3.27,coffee-minas-south,coffee,-21.5,-45,NASA POWER MERRA-2 PRECTOTCORR
2025-10-19,2.29,coffee-minas-south,coffee,-21.5,-45,NASA POWER MERRA-2 PRECTOTCORR
2025-10-20,0,coffee-minas-south,coffee,-21.5,-45,NASA POWER MERRA-2 PRECTOTCORR
2025-10-21,0.09,coffee-minas-south,coffee,-21.5,-45,NASA POWER MERRA-2 PRECTOTCORR
2025-10-22,0.11,coffee-minas-south,coffee,-21.5,-45,NASA POWER MERRA-2 PRECTOTCORR
2025-10-23,0.22,coffee-minas-south,coffee,-21.5,-45,NASA POWER MERRA-2 PRECTOTCORR
2025-10-24,0.14,coffee-minas-south,coffee,-21.5,-45,NASA POWER MERRA-2 PRECTOTCORR
2025-10-25,0.28,coffee-minas-south,coffee,-21.5,-45,NASA POWER MERRA-2 PRECTOTCORR
2025-10-26,0.11,coffee-minas-south,coffee,-21.5,-45,NASA POWER MERRA-2 PRECTOTCORR
2025-10-27,2.61,coffee-minas-south,coffee,-21.5,-45,NASA POWER MERRA-2 PRECTOTCORR
2025-10-28,2.99,coffee-minas-south,coffee,-21.5,-45,NASA POWER MERRA-2 PRECTOTCORR
2025-10-29,0.45,coffee-minas-south,coffee,-21.5,-45,NASA POWER MERRA-2 PRECTOTCORR
2025-10-30,2.86,coffee-minas-south,coffee,-21.5,-45,NASA POWER MERRA-2 PRECTOTCORR
2025-10-31,5.99,coffee-minas-south,coffee,-21.5,-45,NASA POWER MERRA-2 PRECTOTCORR
2025-11-01,3.4,coffee-minas-south,coffee,-21.5,-45,NASA POWER MERRA-2 PRECTOTCORR
2025-11-02,10.22,coffee-minas-south,coffee,-21.5,-45,NASA POWER MERRA-2 PRECTOTCORR
2025-11-03,1.51,coffee-minas-south,coffee,-21.5,-45,NASA POWER MERRA-2 PRECTOTCORR
2025-11-04,5.06,coffee-minas-south,coffee,-21.5,-45,NASA POWER MERRA-2 PRECTOTCORR
2025-11-05,1.33,coffee-minas-south,coffee,-21.5,-45,NASA POWER MERRA-2 PRECTOTCORR
2025-11-06,0.24,coffee-minas-south,coffee,-21.5,-45,NASA POWER MERRA-2 PRECTOTCORR
2025-11-07,2.45,coffee-minas-south,coffee,-21.5,-45,NASA POWER MERRA-2 PRECTOTCORR
2025-11-08,17.67,coffee-minas-south,coffee,-21.5,-45,NASA POWER MERRA-2 PRECTOTCORR
2025-11-09,5.22,coffee-minas-south,coffee,-21.5,-45,NASA POWER MERRA-2 PRECTOTCORR
2025-11-10,0.49,coffee-minas-south,coffee,-21.5,-45,NASA POWER MERRA-2 PRECTOTCORR
2025-11-11,0,coffee-minas-south,coffee,-21.5,-45,NASA POWER MERRA-2 PRECTOTCORR
2025-11-12,0,coffee-minas-south,coffee,-21.5,-45,NASA POWER MERRA-2 PRECTOTCORR
2025-11-13,0.02,coffee-minas-south,coffee,-21.5,-45,NASA POWER MERRA-2 PRECTOTCORR
2025-11-14,1.29,coffee-minas-south,coffee,-21.5,-45,NASA POWER MERRA-2 PRECTOTCORR
2025-11-15,0.66,coffee-minas-south,coffee,-21.5,-45,NASA POWER MERRA-2 PRECTOTCORR
2025-11-16,10.06,coffee-minas-south,coffee,-21.5,-45,NASA POWER MERRA-2 PRECTOTCORR
2025-11-17,4.6,coffee-minas-south,coffee,-21.5,-45,NASA POWER MERRA-2 PRECTOTCORR
2025-11-18,2.66,coffee-minas-south,coffee,-21.5,-45,NASA POWER MERRA-2 PRECTOTCORR
2025-11-19,0.04,coffee-minas-south,coffee,-21.5,-45,NASA POWER MERRA-2 PRECTOTCORR
2025-11-20,0,coffee-minas-south,coffee,-21.5,-45,NASA POWER MERRA-2 PRECTOTCORR
2025-11-21,0,coffee-minas-south,coffee,-21.5,-45,NASA POWER MERRA-2 PRECTOTCORR
2025-11-22,2.87,coffee-minas-south,coffee,-21.5,-45,NASA POWER MERRA-2 PRECTOTCORR
2025-11-23,4.06,coffee-minas-south,coffee,-21.5,-45,NASA POWER MERRA-2 PRECTOTCORR
2025-11-24,4.34,coffee-minas-south,coffee,-21.5,-45,NASA POWER MERRA-2 PRECTOTCORR
2025-11-25,0.19,coffee-minas-south,coffee,-21.5,-45,NASA POWER MERRA-2 PRECTOTCORR
2025-11-26,0,coffee-minas-south,coffee,-21.5,-45,NASA POWER MERRA-2 PRECTOTCORR
2025-11-27,0,coffee-minas-south,coffee,-21.5,-45,NASA POWER MERRA-2 PRECTOTCORR
2025-11-28,1.25,coffee-minas-south,coffee,-21.5,-45,NASA POWER MERRA-2 PRECTOTCORR
2025-11-29,0.09,coffee-minas-south,coffee,-21.5,-45,NASA POWER MERRA-2 PRECTOTCORR
2025-11-30,0,coffee-minas-south,coffee,-21.5,-45,NASA POWER MERRA-2 PRECTOTCORR
2025-12-01,0.37,coffee-minas-south,coffee,-21.5,-45,NASA POWER MERRA-2 PRECTOTCORR
2025-12-02,0.76,coffee-minas-south,coffee,-21.5,-45,NASA POWER MERRA-2 PRECTOTCORR
2025-12-03,8.2,coffee-minas-south,coffee,-21.5,-45,NASA POWER MERRA-2 PRECTOTCORR
2025-12-04,2.26,coffee-minas-south,coffee,-21.5,-45,NASA POWER MERRA-2 PRECTOTCORR
2025-12-05,0.14,coffee-minas-south,coffee,-21.5,-45,NASA POWER MERRA-2 PRECTOTCORR
2025-12-06,0.12,coffee-minas-south,coffee,-21.5,-45,NASA POWER MERRA-2 PRECTOTCORR
2025-12-07,0,coffee-minas-south,coffee,-21.5,-45,NASA POWER MERRA-2 PRECTOTCORR
2025-12-08,1.93,coffee-minas-south,coffee,-21.5,-45,NASA POWER MERRA-2 PRECTOTCORR
2025-12-09,13.27,coffee-minas-south,coffee,-21.5,-45,NASA POWER MERRA-2 PRECTOTCORR
2025-12-10,11.3,coffee-minas-south,coffee,-21.5,-45,NASA POWER MERRA-2 PRECTOTCORR
2025-12-11,0.74,coffee-minas-south,coffee,-21.5,-45,NASA POWER MERRA-2 PRECTOTCORR
2025-12-12,0.53,coffee-minas-south,coffee,-21.5,-45,NASA POWER MERRA-2 PRECTOTCORR
2025-12-13,21.68,coffee-minas-south,coffee,-21.5,-45,NASA POWER MERRA-2 PRECTOTCORR
2025-12-14,5.15,coffee-minas-south,coffee,-21.5,-45,NASA POWER MERRA-2 PRECTOTCORR
2025-12-15,5.65,coffee-minas-south,coffee,-21.5,-45,NASA POWER MERRA-2 PRECTOTCORR
2025-12-16,4.42,coffee-minas-south,coffee,-21.5,-45,NASA POWER MERRA-2 PRECTOTCORR
2025-12-17,7.17,coffee-minas-south,coffee,-21.5,-45,NASA POWER MERRA-2 PRECTOTCORR
2025-12-18,3.08,coffee-minas-south,coffee,-21.5,-45,NASA POWER MERRA-2 PRECTOTCORR
2025-12-19,7.76,coffee-minas-south,coffee,-21.5,-45,NASA POWER MERRA-2 PRECTOTCORR
2025-12-20,3.06,coffee-minas-south,coffee,-21.5,-45,NASA POWER MERRA-2 PRECTOTCORR
2025-12-21,0.03,coffee-minas-south,coffee,-21.5,-45,NASA POWER MERRA-2 PRECTOTCORR
2025-12-22,0.01,coffee-minas-south,coffee,-21.5,-45,NASA POWER MERRA-2 PRECTOTCORR
2025-12-23,0,coffee-minas-south,coffee,-21.5,-45,NASA POWER MERRA-2 PRECTOTCORR
2025-12-24,0,coffee-minas-south,coffee,-21.5,-45,NASA POWER MERRA-2 PRECTOTCORR
2025-12-25,4.75,coffee-minas-south,coffee,-21.5,-45,NASA POWER MERRA-2 PRECTOTCORR
2025-12-26,1.17,coffee-minas-south,coffee,-21.5,-45,NASA POWER MERRA-2 PRECTOTCORR
2025-12-27,1.24,coffee-minas-south,coffee,-21.5,-45,NASA POWER MERRA-2 PRECTOTCORR
2025-12-28,1.9,coffee-minas-south,coffee,-21.5,-45,NASA POWER MERRA-2 PRECTOTCORR
2025-12-29,0.91,coffee-minas-south,coffee,-21.5,-45,NASA POWER MERRA-2 PRECTOTCORR
2025-12-30,17.41,coffee-minas-south,coffee,-21.5,-45,NASA POWER MERRA-2 PRECTOTCORR
2025-12-31,2.28,coffee-minas-south,coffee,-21.5,-45,NASA POWER MERRA-2 PRECTOTCORR
2026-01-01,6.11,coffee-minas-south,coffee,-21.5,-45,NASA POWER MERRA-2 PRECTOTCORR
2026-01-02,3.43,coffee-minas-south,coffee,-21.5,-45,NASA POWER MERRA-2 PRECTOTCORR
2026-01-03,7.58,coffee-minas-south,coffee,-21.5,-45,NASA POWER MERRA-2 PRECTOTCORR
2026-01-04,1.7,coffee-minas-south,coffee,-21.5,-45,NASA POWER MERRA-2 PRECTOTCORR
2026-01-05,3.09,coffee-minas-south,coffee,-21.5,-45,NASA POWER MERRA-2 PRECTOTCORR
2026-01-06,0.69,coffee-minas-south,coffee,-21.5,-45,NASA POWER MERRA-2 PRECTOTCORR
2026-01-07,1.73,coffee-minas-south,coffee,-21.5,-45,NASA POWER MERRA-2 PRECTOTCORR
2026-01-08,0.04,coffee-minas-south,coffee,-21.5,-45,NASA POWER MERRA-2 PRECTOTCORR
2026-01-09,0.05,coffee-minas-south,coffee,-21.5,-45,NASA POWER MERRA-2 PRECTOTCORR
2026-01-10,0.02,coffee-minas-south,coffee,-21.5,-45,NASA POWER MERRA-2 PRECTOTCORR
2026-01-11,0,coffee-minas-south,coffee,-21.5,-45,NASA POWER MERRA-2 PRECTOTCORR
2026-01-12,0.04,coffee-minas-south,coffee,-21.5,-45,NASA POWER MERRA-2 PRECTOTCORR
2026-01-13,5.63,coffee-minas-south,coffee,-21.5,-45,NASA POWER MERRA-2 PRECTOTCORR
2026-01-14,2.49,coffee-minas-south,coffee,-21.5,-45,NASA POWER MERRA-2 PRECTOTCORR
2026-01-15,9.32,coffee-minas-south,coffee,-21.5,-45,NASA POWER MERRA-2 PRECTOTCORR
2026-01-16,1.44,coffee-minas-south,coffee,-21.5,-45,NASA POWER MERRA-2 PRECTOTCORR
2026-01-17,6.42,coffee-minas-south,coffee,-21.5,-45,NASA POWER MERRA-2 PRECTOTCORR
2026-01-18,12.08,coffee-minas-south,coffee,-21.5,-45,NASA POWER MERRA-2 PRECTOTCORR
2026-01-19,5.65,coffee-minas-south,coffee,-21.5,-45,NASA POWER MERRA-2 PRECTOTCORR
2026-01-20,0.84,coffee-minas-south,coffee,-21.5,-45,NASA POWER MERRA-2 PRECTOTCORR
2026-01-21,1.22,coffee-minas-south,coffee,-21.5,-45,NASA POWER MERRA-2 PRECTOTCORR
2026-01-22,12.4,coffee-minas-south,coffee,-21.5,-45,NASA POWER MERRA-2 PRECTOTCORR
2026-01-23,19.45,coffee-minas-south,coffee,-21.5,-45,NASA POWER MERRA-2 PRECTOTCORR
2026-01-24,15.43,coffee-minas-south,coffee,-21.5,-45,NASA POWER MERRA-2 PRECTOTCORR
2026-01-25,10.9,coffee-minas-south,coffee,-21.5,-45,NASA POWER MERRA-2 PRECTOTCORR
2026-01-26,3.29,coffee-minas-south,coffee,-21.5,-45,NASA POWER MERRA-2 PRECTOTCORR
2026-01-27,13.76,coffee-minas-south,coffee,-21.5,-45,NASA POWER MERRA-2 PRECTOTCORR
2026-01-28,5.93,coffee-minas-south,coffee,-21.5,-45,NASA POWER MERRA-2 PRECTOTCORR
2026-01-29,10.2,coffee-minas-south,coffee,-21.5,-45,NASA POWER MERRA-2 PRECTOTCORR
2026-01-30,7.02,coffee-minas-south,coffee,-21.5,-45,NASA POWER MERRA-2 PRECTOTCORR
2026-01-31,0.73,coffee-minas-south,coffee,-21.5,-45,NASA POWER MERRA-2 PRECTOTCORR
2026-02-01,6.25,coffee-minas-south,coffee,-21.5,-45,NASA POWER MERRA-2 PRECTOTCORR
2026-02-02,11.73,coffee-minas-south,coffee,-21.5,-45,NASA POWER MERRA-2 PRECTOTCORR
2026-02-03,6.47,coffee-minas-south,coffee,-21.5,-45,NASA POWER MERRA-2 PRECTOTCORR
2026-02-04,1.88,coffee-minas-south,coffee,-21.5,-45,NASA POWER MERRA-2 PRECTOTCORR
2026-02-05,1.16,coffee-minas-south,coffee,-21.5,-45,NASA POWER MERRA-2 PRECTOTCORR
2026-02-06,2.69,coffee-minas-south,coffee,-21.5,-45,NASA POWER MERRA-2 PRECTOTCORR
2026-02-07,9.87,coffee-minas-south,coffee,-21.5,-45,NASA POWER MERRA-2 PRECTOTCORR
2026-02-08,8.03,coffee-minas-south,coffee,-21.5,-45,NASA POWER MERRA-2 PRECTOTCORR
2026-02-09,12.64,coffee-minas-south,coffee,-21.5,-45,NASA POWER MERRA-2 PRECTOTCORR
2026-02-10,8.92,coffee-minas-south,coffee,-21.5,-45,NASA POWER MERRA-2 PRECTOTCORR
2026-02-11,3.98,coffee-minas-south,coffee,-21.5,-45,NASA POWER MERRA-2 PRECTOTCORR
2026-02-12,0.61,coffee-minas-south,coffee,-21.5,-45,NASA POWER MERRA-2 PRECTOTCORR
2026-02-13,0.24,coffee-minas-south,coffee,-21.5,-45,NASA POWER MERRA-2 PRECTOTCORR
2026-02-14,0.01,coffee-minas-south,coffee,-21.5,-45,NASA POWER MERRA-2 PRECTOTCORR
2026-02-15,0.01,coffee-minas-south,coffee,-21.5,-45,NASA POWER MERRA-2 PRECTOTCORR
2026-02-16,0.04,coffee-minas-south,coffee,-21.5,-45,NASA POWER MERRA-2 PRECTOTCORR
2026-02-17,1.05,coffee-minas-south,coffee,-21.5,-45,NASA POWER MERRA-2 PRECTOTCORR
2026-02-18,2.75,coffee-minas-south,coffee,-21.5,-45,NASA POWER MERRA-2 PRECTOTCORR
2026-02-19,2.26,coffee-minas-south,coffee,-21.5,-45,NASA POWER MERRA-2 PRECTOTCORR
2026-02-20,5.81,coffee-minas-south,coffee,-21.5,-45,NASA POWER MERRA-2 PRECTOTCORR
2026-02-21,2.27,coffee-minas-south,coffee,-21.5,-45,NASA POWER MERRA-2 PRECTOTCORR
2026-02-22,1.86,coffee-minas-south,coffee,-21.5,-45,NASA POWER MERRA-2 PRECTOTCORR
2026-02-23,10.43,coffee-minas-south,coffee,-21.5,-45,NASA POWER MERRA-2 PRECTOTCORR
2026-02-24,9.93,coffee-minas-south,coffee,-21.5,-45,NASA POWER MERRA-2 PRECTOTCORR
2026-02-25,3.93,coffee-minas-south,coffee,-21.5,-45,NASA POWER MERRA-2 PRECTOTCORR
2026-02-26,5.28,coffee-minas-south,coffee,-21.5,-45,NASA POWER MERRA-2 PRECTOTCORR
2026-02-27,1.11,coffee-minas-south,coffee,-21.5,-45,NASA POWER MERRA-2 PRECTOTCORR
2026-02-28,0.09,coffee-minas-south,coffee,-21.5,-45,NASA POWER MERRA-2 PRECTOTCORR
2026-03-01,0.02,coffee-minas-south,coffee,-21.5,-45,NASA POWER MERRA-2 PRECTOTCORR
2026-03-02,0.01,coffee-minas-south,coffee,-21.5,-45,NASA POWER MERRA-2 PRECTOTCORR
2026-03-03,1.26,coffee-minas-south,coffee,-21.5,-45,NASA POWER MERRA-2 PRECTOTCORR
2026-03-04,0.95,coffee-minas-south,coffee,-21.5,-45,NASA POWER MERRA-2 PRECTOTCORR
2026-03-05,1.15,coffee-minas-south,coffee,-21.5,-45,NASA POWER MERRA-2 PRECTOTCORR
2026-03-06,1.99,coffee-minas-south,coffee,-21.5,-45,NASA POWER MERRA-2 PRECTOTCORR
2026-03-07,6.95,coffee-minas-south,coffee,-21.5,-45,NASA POWER MERRA-2 PRECTOTCORR
2026-03-08,1.22,coffee-minas-south,coffee,-21.5,-45,NASA POWER MERRA-2 PRECTOTCORR
2026-03-09,11.46,coffee-minas-south,coffee,-21.5,-45,NASA POWER MERRA-2 PRECTOTCORR
2026-03-10,2.56,coffee-minas-south,coffee,-21.5,-45,NASA POWER MERRA-2 PRECTOTCORR
2026-03-11,5.33,coffee-minas-south,coffee,-21.5,-45,NASA POWER MERRA-2 PRECTOTCORR
2026-03-12,7.97,coffee-minas-south,coffee,-21.5,-45,NASA POWER MERRA-2 PRECTOTCORR
2026-03-13,8.69,coffee-minas-south,coffee,-21.5,-45,NASA POWER MERRA-2 PRECTOTCORR
2026-03-14,1.91,coffee-minas-south,coffee,-21.5,-45,NASA POWER MERRA-2 PRECTOTCORR
2026-03-15,0.33,coffee-minas-south,coffee,-21.5,-45,NASA POWER MERRA-2 PRECTOTCORR
2026-03-16,0.04,coffee-minas-south,coffee,-21.5,-45,NASA POWER MERRA-2 PRECTOTCORR
2026-03-17,0.03,coffee-minas-south,coffee,-21.5,-45,NASA POWER MERRA-2 PRECTOTCORR
2026-03-18,10.21,coffee-minas-south,coffee,-21.5,-45,NASA POWER MERRA-2 PRECTOTCORR
2026-03-19,12.87,coffee-minas-south,coffee,-21.5,-45,NASA POWER MERRA-2 PRECTOTCORR
2026-03-20,4.45,coffee-minas-south,coffee,-21.5,-45,NASA POWER MERRA-2 PRECTOTCORR
2026-03-21,0.19,coffee-minas-south,coffee,-21.5,-45,NASA POWER MERRA-2 PRECTOTCORR
2026-03-22,0.01,coffee-minas-south,coffee,-21.5,-45,NASA POWER MERRA-2 PRECTOTCORR
2026-03-23,0.03,coffee-minas-south,coffee,-21.5,-45,NASA POWER MERRA-2 PRECTOTCORR
2026-03-24,0.8,coffee-minas-south,coffee,-21.5,-45,NASA POWER MERRA-2 PRECTOTCORR
2026-03-25,0.55,coffee-minas-south,coffee,-21.5,-45,NASA POWER MERRA-2 PRECTOTCORR
2026-03-26,0.31,coffee-minas-south,coffee,-21.5,-45,NASA POWER MERRA-2 PRECTOTCORR
2026-03-27,0.02,coffee-minas-south,coffee,-21.5,-45,NASA POWER MERRA-2 PRECTOTCORR
2026-03-28,0.01,coffee-minas-south,coffee,-21.5,-45,NASA POWER MERRA-2 PRECTOTCORR
2026-03-29,0.06,coffee-minas-south,coffee,-21.5,-45,NASA POWER MERRA-2 PRECTOTCORR
2026-03-30,0.26,coffee-minas-south,coffee,-21.5,-45,NASA POWER MERRA-2 PRECTOTCORR
2026-03-31,16.88,coffee-minas-south,coffee,-21.5,-45,NASA POWER MERRA-2 PRECTOTCORR
2026-04-01,1.39,coffee-minas-south,coffee,-21.5,-45,NASA POWER MERRA-2 PRECTOTCORR
2026-04-02,1.77,coffee-minas-south,coffee,-21.5,-45,NASA POWER MERRA-2 PRECTOTCORR
2026-04-03,3.89,coffee-minas-south,coffee,-21.5,-45,NASA POWER MERRA-2 PRECTOTCORR
2026-04-04,4.39,coffee-minas-south,coffee,-21.5,-45,NASA POWER MERRA-2 PRECTOTCORR
2026-04-05,1.16,coffee-minas-south,coffee,-21.5,-45,NASA POWER MERRA-2 PRECTOTCORR
2026-04-06,4.31,coffee-minas-south,coffee,-21.5,-45,NASA POWER MERRA-2 PRECTOTCORR
2026-04-07,0.92,coffee-minas-south,coffee,-21.5,-45,NASA POWER MERRA-2 PRECTOTCORR
2026-04-08,8.29,coffee-minas-south,coffee,-21.5,-45,NASA POWER MERRA-2 PRECTOTCORR
2026-04-09,1.85,coffee-minas-south,coffee,-21.5,-45,NASA POWER MERRA-2 PRECTOTCORR
2026-04-10,0.99,coffee-minas-south,coffee,-21.5,-45,NASA POWER MERRA-2 PRECTOTCORR
2026-04-11,2.4,coffee-minas-south,coffee,-21.5,-45,NASA POWER MERRA-2 PRECTOTCORR
2026-04-12,0.22,coffee-minas-south,coffee,-21.5,-45,NASA POWER MERRA-2 PRECTOTCORR
2026-04-13,0.03,coffee-minas-south,coffee,-21.5,-45,NASA POWER MERRA-2 PRECTOTCORR
2026-04-14,0.03,coffee-minas-south,coffee,-21.5,-45,NASA POWER MERRA-2 PRECTOTCORR
2026-04-15,0.01,coffee-minas-south,coffee,-21.5,-45,NASA POWER MERRA-2 PRECTOTCORR
2026-04-16,0.11,coffee-minas-south,coffee,-21.5,-45,NASA POWER MERRA-2 PRECTOTCORR
2026-04-17,0,coffee-minas-south,coffee,-21.5,-45,NASA POWER MERRA-2 PRECTOTCORR
2026-04-18,0,coffee-minas-south,coffee,-21.5,-45,NASA POWER MERRA-2 PRECTOTCORR
2026-04-19,0.02,coffee-minas-south,coffee,-21.5,-45,NASA POWER MERRA-2 PRECTOTCORR
2026-04-20,1.26,coffee-minas-south,coffee,-21.5,-45,NASA POWER MERRA-2 PRECTOTCORR
2026-04-21,0,coffee-minas-south,coffee,-21.5,-45,NASA POWER MERRA-2 PRECTOTCORR
2026-04-22,0.03,coffee-minas-south,coffee,-21.5,-45,NASA POWER MERRA-2 PRECTOTCORR
2026-04-23,0.01,coffee-minas-south,coffee,-21.5,-45,NASA POWER MERRA-2 PRECTOTCORR
2026-04-24,0,coffee-minas-south,coffee,-21.5,-45,NASA POWER MERRA-2 PRECTOTCORR
2026-04-25,0.01,coffee-minas-south,coffee,-21.5,-45,NASA POWER MERRA-2 PRECTOTCORR
2026-04-26,0,coffee-minas-south,coffee,-21.5,-45,NASA POWER MERRA-2 PRECTOTCORR
2026-04-27,0,coffee-minas-south,coffee,-21.5,-45,NASA POWER MERRA-2 PRECTOTCORR
2026-04-28,0.93,coffee-minas-south,coffee,-21.5,-45,NASA POWER MERRA-2 PRECTOTCORR
2026-04-29,0.81,coffee-minas-south,coffee,-21.5,-45,NASA POWER MERRA-2 PRECTOTCORR
2026-04-30,0.07,coffee-minas-south,coffee,-21.5,-45,NASA POWER MERRA-2 PRECTOTCORR
2026-05-01,0.09,coffee-minas-south,coffee,-21.5,-45,NASA POWER MERRA-2 PRECTOTCORR
2026-05-02,0.01,coffee-minas-south,coffee,-21.5,-45,NASA POWER MERRA-2 PRECTOTCORR
2026-05-03,0.08,coffee-minas-south,coffee,-21.5,-45,NASA POWER MERRA-2 PRECTOTCORR
2026-05-04,0.03,coffee-minas-south,coffee,-21.5,-45,NASA POWER MERRA-2 PRECTOTCORR
2026-05-05,0.02,coffee-minas-south,coffee,-21.5,-45,NASA POWER MERRA-2 PRECTOTCORR
2026-05-06,0.02,coffee-minas-south,coffee,-21.5,-45,NASA POWER MERRA-2 PRECTOTCORR
2026-05-07,0,coffee-minas-south,coffee,-21.5,-45,NASA POWER MERRA-2 PRECTOTCORR
2026-05-08,0,coffee-minas-south,coffee,-21.5,-45,NASA POWER MERRA-2 PRECTOTCORR
2026-05-09,0.01,coffee-minas-south,coffee,-21.5,-45,NASA POWER MERRA-2 PRECTOTCORR
2026-05-10,0.27,coffee-minas-south,coffee,-21.5,-45,NASA POWER MERRA-2 PRECTOTCORR
2026-05-11,0.63,coffee-minas-south,coffee,-21.5,-45,NASA POWER MERRA-2 PRECTOTCORR
2026-05-12,0.13,coffee-minas-south,coffee,-21.5,-45,NASA POWER MERRA-2 PRECTOTCORR
2026-05-13,0.07,coffee-minas-south,coffee,-21.5,-45,NASA POWER MERRA-2 PRECTOTCORR
2026-05-14,0.09,coffee-minas-south,coffee,-21.5,-45,NASA POWER MERRA-2 PRECTOTCORR
2026-05-15,0.19,coffee-minas-south,coffee,-21.5,-45,NASA POWER MERRA-2 PRECTOTCORR
2026-05-16,0.04,coffee-minas-south,coffee,-21.5,-45,NASA POWER MERRA-2 PRECTOTCORR
2026-05-17,0.3,coffee-minas-south,coffee,-21.5,-45,NASA POWER MERRA-2 PRECTOTCORR
2026-05-18,0.4,coffee-minas-south,coffee,-21.5,-45,NASA POWER MERRA-2 PRECTOTCORR
2026-05-19,1.67,coffee-minas-south,coffee,-21.5,-45,NASA POWER MERRA-2 PRECTOTCORR
2026-05-20,14.96,coffee-minas-south,coffee,-21.5,-45,NASA POWER MERRA-2 PRECTOTCORR
2026-05-21,1.34,coffee-minas-south,coffee,-21.5,-45,NASA POWER MERRA-2 PRECTOTCORR
2026-05-22,0.06,coffee-minas-south,coffee,-21.5,-45,NASA POWER MERRA-2 PRECTOTCORR
2026-05-23,0.01,coffee-minas-south,coffee,-21.5,-45,NASA POWER MERRA-2 PRECTOTCORR
2026-05-24,0.02,coffee-minas-south,coffee,-21.5,-45,NASA POWER MERRA-2 PRECTOTCORR
2026-05-25,0.01,coffee-minas-south,coffee,-21.5,-45,NASA POWER MERRA-2 PRECTOTCORR
2026-05-26,0.01,coffee-minas-south,coffee,-21.5,-45,NASA POWER MERRA-2 PRECTOTCORR
2026-05-27,0,coffee-minas-south,coffee,-21.5,-45,NASA POWER MERRA-2 PRECTOTCORR
2026-05-28,0,coffee-minas-south,coffee,-21.5,-45,NASA POWER MERRA-2 PRECTOTCORR
2026-05-29,0.04,coffee-minas-south,coffee,-21.5,-45,NASA POWER MERRA-2 PRECTOTCORR
2026-05-30,0.21,coffee-minas-south,coffee,-21.5,-45,NASA POWER MERRA-2 PRECTOTCORR
2026-05-31,0.08,coffee-minas-south,coffee,-21.5,-45,NASA POWER MERRA-2 PRECTOTCORR
2026-06-01,0.77,coffee-minas-south,coffee,-21.5,-45,NASA POWER MERRA-2 PRECTOTCORR
2026-06-02,0.94,coffee-minas-south,coffee,-21.5,-45,NASA POWER MERRA-2 PRECTOTCORR
2026-06-03,1.11,coffee-minas-south,coffee,-21.5,-45,NASA POWER MERRA-2 PRECTOTCORR
2026-06-04,0.12,coffee-minas-south,coffee,-21.5,-45,NASA POWER MERRA-2 PRECTOTCORR
2026-06-05,0.13,coffee-minas-south,coffee,-21.5,-45,NASA POWER MERRA-2 PRECTOTCORR
2026-06-06,0.08,coffee-minas-south,coffee,-21.5,-45,NASA POWER MERRA-2 PRECTOTCORR
2026-06-07,0,coffee-minas-south,coffee,-21.5,-45,NASA POWER MERRA-2 PRECTOTCORR
2026-06-08,0,coffee-minas-south,coffee,-21.5,-45,NASA POWER MERRA-2 PRECTOTCORR
2026-06-09,0,coffee-minas-south,coffee,-21.5,-45,NASA POWER MERRA-2 PRECTOTCORR
2026-06-10,0,coffee-minas-south,coffee,-21.5,-45,NASA POWER MERRA-2 PRECTOTCORR
2026-06-11,2.56,coffee-minas-south,coffee,-21.5,-45,NASA POWER MERRA-2 PRECTOTCORR
2026-06-12,0.98,coffee-minas-south,coffee,-21.5,-45,NASA POWER MERRA-2 PRECTOTCORR
2026-06-13,1.82,coffee-minas-south,coffee,-21.5,-45,NASA POWER MERRA-2 PRECTOTCORR
2026-06-14,1.78,coffee-minas-south,coffee,-21.5,-45,NASA POWER MERRA-2 PRECTOTCORR
2026-06-15,9.31,coffee-minas-south,coffee,-21.5,-45,NASA POWER MERRA-2 PRECTOTCORR
2026-06-16,1.79,coffee-minas-south,coffee,-21.5,-45,NASA POWER MERRA-2 PRECTOTCORR
2026-06-17,0.22,coffee-minas-south,coffee,-21.5,-45,NASA POWER MERRA-2 PRECTOTCORR
2026-06-18,0.07,coffee-minas-south,coffee,-21.5,-45,NASA POWER MERRA-2 PRECTOTCORR
2026-06-19,0.06,coffee-minas-south,coffee,-21.5,-45,NASA POWER MERRA-2 PRECTOTCORR
2026-06-20,0,coffee-minas-south,coffee,-21.5,-45,NASA POWER MERRA-2 PRECTOTCORR
2026-06-21,0,coffee-minas-south,coffee,-21.5,-45,NASA POWER MERRA-2 PRECTOTCORR
2026-06-22,0.22,coffee-minas-south,coffee,-21.5,-45,NASA POWER MERRA-2 PRECTOTCORR
2026-06-23,0.01,coffee-minas-south,coffee,-21.5,-45,NASA POWER MERRA-2 PRECTOTCORR
2026-06-24,4.08,coffee-minas-south,coffee,-21.5,-45,NASA POWER MERRA-2 PRECTOTCORR
2026-06-25,2.07,coffee-minas-south,coffee,-21.5,-45,NASA POWER MERRA-2 PRECTOTCORR
2026-06-26,0.78,coffee-minas-south,coffee,-21.5,-45,NASA POWER MERRA-2 PRECTOTCORR
2026-06-27,0.2,coffee-minas-south,coffee,-21.5,-45,NASA POWER MERRA-2 PRECTOTCORR
2026-06-28,0.16,coffee-minas-south,coffee,-21.5,-45,NASA POWER MERRA-2 PRECTOTCORR
2026-06-29,0,coffee-minas-south,coffee,-21.5,-45,NASA POWER MERRA-2 PRECTOTCORR
2026-06-30,0,coffee-minas-south,coffee,-21.5,-45,NASA POWER MERRA-2 PRECTOTCORR
2026-07-01,0.01,coffee-minas-south,coffee,-21.5,-45,NASA POWER MERRA-2 PRECTOTCORR
2026-07-02,0,coffee-minas-south,coffee,-21.5,-45,NASA POWER MERRA-2 PRECTOTCORR
2026-07-03,0,coffee-minas-south,coffee,-21.5,-45,NASA POWER MERRA-2 PRECTOTCORR
2026-07-04,0.09,coffee-minas-south,coffee,-21.5,-45,NASA POWER MERRA-2 PRECTOTCORR
2026-07-05,0.14,coffee-minas-south,coffee,-21.5,-45,NASA POWER MERRA-2 PRECTOTCORR
2026-07-06,0.18,coffee-minas-south,coffee,-21.5,-45,NASA POWER MERRA-2 PRECTOTCORR
2026-07-07,0.15,coffee-minas-south,coffee,-21.5,-45,NASA POWER MERRA-2 PRECTOTCORR
2026-07-08,0.07,coffee-minas-south,coffee,-21.5,-45,NASA POWER MERRA-2 PRECTOTCORR
2026-07-09,0.05,coffee-minas-south,coffee,-21.5,-45,NASA POWER MERRA-2 PRECTOTCORR
2026-07-10,0,coffee-minas-south,coffee,-21.5,-45,NASA POWER MERRA-2 PRECTOTCORR
2026-07-11,0,coffee-minas-south,coffee,-21.5,-45,NASA POWER MERRA-2 PRECTOTCORR
2026-07-12,1.43,coffee-minas-south,coffee,-21.5,-45,NASA POWER MERRA-2 PRECTOTCORR
2026-07-13,0.57,coffee-minas-south,coffee,-21.5,-45,NASA POWER MERRA-2 PRECTOTCORR
