date,precipitationMm,siteId,cropId,latitude,longitude,source
2000-01-01,13.52,corn-mato-grosso,corn,-13.5,-56,NASA POWER MERRA-2 PRECTOTCORR
2000-01-02,7.96,corn-mato-grosso,corn,-13.5,-56,NASA POWER MERRA-2 PRECTOTCORR
2000-01-03,0.93,corn-mato-grosso,corn,-13.5,-56,NASA POWER MERRA-2 PRECTOTCORR
2000-01-04,5.27,corn-mato-grosso,corn,-13.5,-56,NASA POWER MERRA-2 PRECTOTCORR
2000-01-05,18.49,corn-mato-grosso,corn,-13.5,-56,NASA POWER MERRA-2 PRECTOTCORR
2000-01-06,5.13,corn-mato-grosso,corn,-13.5,-56,NASA POWER MERRA-2 PRECTOTCORR
2000-01-07,2.01,corn-mato-grosso,corn,-13.5,-56,NASA POWER MERRA-2 PRECTOTCORR
2000-01-08,3.89,corn-mato-grosso,corn,-13.5,-56,NASA POWER MERRA-2 PRECTOTCORR
2000-01-09,12.44,corn-mato-grosso,corn,-13.5,-56,NASA POWER MERRA-2 PRECTOTCORR
2000-01-10,5.98,corn-mato-grosso,corn,-13.5,-56,NASA POWER MERRA-2 PRECTOTCORR
2000-01-11,1.33,corn-mato-grosso,corn,-13.5,-56,NASA POWER MERRA-2 PRECTOTCORR
2000-01-12,13.62,corn-mato-grosso,corn,-13.5,-56,NASA POWER MERRA-2 PRECTOTCORR
2000-01-13,6.93,corn-mato-grosso,corn,-13.5,-56,NASA POWER MERRA-2 PRECTOTCORR
2000-01-14,2.6,corn-mato-grosso,corn,-13.5,-56,NASA POWER MERRA-2 PRECTOTCORR
2000-01-15,5.93,corn-mato-grosso,corn,-13.5,-56,NASA POWER MERRA-2 PRECTOTCORR
2000-01-16,5.15,corn-mato-grosso,corn,-13.5,-56,NASA POWER MERRA-2 PRECTOTCORR
2000-01-17,0.25,corn-mato-grosso,corn,-13.5,-56,NASA POWER MERRA-2 PRECTOTCORR
2000-01-18,1.57,corn-mato-grosso,corn,-13.5,-56,NASA POWER MERRA-2 PRECTOTCORR
2000-01-19,0.77,corn-mato-grosso,corn,-13.5,-56,NASA POWER MERRA-2 PRECTOTCORR
2000-01-20,1.21,corn-mato-grosso,corn,-13.5,-56,NASA POWER MERRA-2 PRECTOTCORR
2000-01-21,1.16,corn-mato-grosso,corn,-13.5,-56,NASA POWER MERRA-2 PRECTOTCORR
2000-01-22,12.45,corn-mato-grosso,corn,-13.5,-56,NASA POWER MERRA-2 PRECTOTCORR
2000-01-23,5.71,corn-mato-grosso,corn,-13.5,-56,NASA POWER MERRA-2 PRECTOTCORR
2000-01-24,19.24,corn-mato-grosso,corn,-13.5,-56,NASA POWER MERRA-2 PRECTOTCORR
2000-01-25,30.27,corn-mato-grosso,corn,-13.5,-56,NASA POWER MERRA-2 PRECTOTCORR
2000-01-26,11.38,corn-mato-grosso,corn,-13.5,-56,NASA POWER MERRA-2 PRECTOTCORR
2000-01-27,6.59,corn-mato-grosso,corn,-13.5,-56,NASA POWER MERRA-2 PRECTOTCORR
2000-01-28,9.2,corn-mato-grosso,corn,-13.5,-56,NASA POWER MERRA-2 PRECTOTCORR
2000-01-29,2.73,corn-mato-grosso,corn,-13.5,-56,NASA POWER MERRA-2 PRECTOTCORR
2000-01-30,2.54,corn-mato-grosso,corn,-13.5,-56,NASA POWER MERRA-2 PRECTOTCORR
2000-01-31,4.66,corn-mato-grosso,corn,-13.5,-56,NASA POWER MERRA-2 PRECTOTCORR
2000-02-01,1.9,corn-mato-grosso,corn,-13.5,-56,NASA POWER MERRA-2 PRECTOTCORR
2000-02-02,2.24,corn-mato-grosso,corn,-13.5,-56,NASA POWER MERRA-2 PRECTOTCORR
2000-02-03,14.17,corn-mato-grosso,corn,-13.5,-56,NASA POWER MERRA-2 PRECTOTCORR
2000-02-04,60.8,corn-mato-grosso,corn,-13.5,-56,NASA POWER MERRA-2 PRECTOTCORR
2000-02-05,5.86,corn-mato-grosso,corn,-13.5,-56,NASA POWER MERRA-2 PRECTOTCORR
2000-02-06,26.25,corn-mato-grosso,corn,-13.5,-56,NASA POWER MERRA-2 PRECTOTCORR
2000-02-07,21.2,corn-mato-grosso,corn,-13.5,-56,NASA POWER MERRA-2 PRECTOTCORR
2000-02-08,10.55,corn-mato-grosso,corn,-13.5,-56,NASA POWER MERRA-2 PRECTOTCORR
2000-02-09,11.7,corn-mato-grosso,corn,-13.5,-56,NASA POWER MERRA-2 PRECTOTCORR
2000-02-10,9.87,corn-mato-grosso,corn,-13.5,-56,NASA POWER MERRA-2 PRECTOTCORR
2000-02-11,7.52,corn-mato-grosso,corn,-13.5,-56,NASA POWER MERRA-2 PRECTOTCORR
2000-02-12,8.71,corn-mato-grosso,corn,-13.5,-56,NASA POWER MERRA-2 PRECTOTCORR
2000-02-13,18.75,corn-mato-grosso,corn,-13.5,-56,NASA POWER MERRA-2 PRECTOTCORR
2000-02-14,7.09,corn-mato-grosso,corn,-13.5,-56,NASA POWER MERRA-2 PRECTOTCORR
2000-02-15,3.59,corn-mato-grosso,corn,-13.5,-56,NASA POWER MERRA-2 PRECTOTCORR
2000-02-16,11.37,corn-mato-grosso,corn,-13.5,-56,NASA POWER MERRA-2 PRECTOTCORR
2000-02-17,4.97,corn-mato-grosso,corn,-13.5,-56,NASA POWER MERRA-2 PRECTOTCORR
2000-02-18,15.67,corn-mato-grosso,corn,-13.5,-56,NASA POWER MERRA-2 PRECTOTCORR
2000-02-19,9.74,corn-mato-grosso,corn,-13.5,-56,NASA POWER MERRA-2 PRECTOTCORR
2000-02-20,9.92,corn-mato-grosso,corn,-13.5,-56,NASA POWER MERRA-2 PRECTOTCORR
2000-02-21,7.47,corn-mato-grosso,corn,-13.5,-56,NASA POWER MERRA-2 PRECTOTCORR
2000-02-22,3.1,corn-mato-grosso,corn,-13.5,-56,NASA POWER MERRA-2 PRECTOTCORR
2000-02-23,1.66,corn-mato-grosso,corn,-13.5,-56,NASA POWER MERRA-2 PRECTOTCORR
2000-02-24,9.8,corn-mato-grosso,corn,-13.5,-56,NASA POWER MERRA-2 PRECTOTCORR
2000-02-25,3.46,corn-mato-grosso,corn,-13.5,-56,NASA POWER MERRA-2 PRECTOTCORR
2000-02-26,12.99,corn-mato-grosso,corn,-13.5,-56,NASA POWER MERRA-2 PRECTOTCORR
2000-02-27,3.31,corn-mato-grosso,corn,-13.5,-56,NASA POWER MERRA-2 PRECTOTCORR
2000-02-28,19.03,corn-mato-grosso,corn,-13.5,-56,NASA POWER MERRA-2 PRECTOTCORR
2000-02-29,18.39,corn-mato-grosso,corn,-13.5,-56,NASA POWER MERRA-2 PRECTOTCORR
2000-03-01,40.58,corn-mato-grosso,corn,-13.5,-56,NASA POWER MERRA-2 PRECTOTCORR
2000-03-02,11.91,corn-mato-grosso,corn,-13.5,-56,NASA POWER MERRA-2 PRECTOTCORR
2000-03-03,5.55,corn-mato-grosso,corn,-13.5,-56,NASA POWER MERRA-2 PRECTOTCORR
2000-03-04,6.58,corn-mato-grosso,corn,-13.5,-56,NASA POWER MERRA-2 PRECTOTCORR
2000-03-05,20.76,corn-mato-grosso,corn,-13.5,-56,NASA POWER MERRA-2 PRECTOTCORR
2000-03-06,7.61,corn-mato-grosso,corn,-13.5,-56,NASA POWER MERRA-2 PRECTOTCORR
2000-03-07,10.11,corn-mato-grosso,corn,-13.5,-56,NASA POWER MERRA-2 PRECTOTCORR
2000-03-08,2.08,corn-mato-grosso,corn,-13.5,-56,NASA POWER MERRA-2 PRECTOTCORR
2000-03-09,12.07,corn-mato-grosso,corn,-13.5,-56,NASA POWER MERRA-2 PRECTOTCORR
2000-03-10,9.38,corn-mato-grosso,corn,-13.5,-56,NASA POWER MERRA-2 PRECTOTCORR
2000-03-11,9.08,corn-mato-grosso,corn,-13.5,-56,NASA POWER MERRA-2 PRECTOTCORR
2000-03-12,13.02,corn-mato-grosso,corn,-13.5,-56,NASA POWER MERRA-2 PRECTOTCORR
2000-03-13,18.28,corn-mato-grosso,corn,-13.5,-56,NASA POWER MERRA-2 PRECTOTCORR
2000-03-14,12.24,corn-mato-grosso,corn,-13.5,-56,NASA POWER MERRA-2 PRECTOTCORR
2000-03-15,5.21,corn-mato-grosso,corn,-13.5,-56,NASA POWER MERRA-2 PRECTOTCORR
2000-03-16,13.53,corn-mato-grosso,corn,-13.5,-56,NASA POWER MERRA-2 PRECTOTCORR
2000-03-17,7.45,corn-mato-grosso,corn,-13.5,-56,NASA POWER MERRA-2 PRECTOTCORR
2000-03-18,4.05,corn-mato-grosso,corn,-13.5,-56,NASA POWER MERRA-2 PRECTOTCORR
2000-03-19,2.09,corn-mato-grosso,corn,-13.5,-56,NASA POWER MERRA-2 PRECTOTCORR
2000-03-20,5,corn-mato-grosso,corn,-13.5,-56,NASA POWER MERRA-2 PRECTOTCORR
2000-03-21,3,corn-mato-grosso,corn,-13.5,-56,NASA POWER MERRA-2 PRECTOTCORR
2000-03-22,0.54,corn-mato-grosso,corn,-13.5,-56,NASA POWER MERRA-2 PRECTOTCORR
2000-03-23,8.91,corn-mato-grosso,corn,-13.5,-56,NASA POWER MERRA-2 PRECTOTCORR
2000-03-24,1.41,corn-mato-grosso,corn,-13.5,-56,NASA POWER MERRA-2 PRECTOTCORR
2000-03-25,0.69,corn-mato-grosso,corn,-13.5,-56,NASA POWER MERRA-2 PRECTOTCORR
2000-03-26,0.07,corn-mato-grosso,corn,-13.5,-56,NASA POWER MERRA-2 PRECTOTCORR
2000-03-27,2.03,corn-mato-grosso,corn,-13.5,-56,NASA POWER MERRA-2 PRECTOTCORR
2000-03-28,1.48,corn-mato-grosso,corn,-13.5,-56,NASA POWER MERRA-2 PRECTOTCORR
2000-03-29,9.21,corn-mato-grosso,corn,-13.5,-56,NASA POWER MERRA-2 PRECTOTCORR
2000-03-30,6.12,corn-mato-grosso,corn,-13.5,-56,NASA POWER MERRA-2 PRECTOTCORR
2000-03-31,7.66,corn-mato-grosso,corn,-13.5,-56,NASA POWER MERRA-2 PRECTOTCORR
2000-04-01,8.38,corn-mato-grosso,corn,-13.5,-56,NASA POWER MERRA-2 PRECTOTCORR
2000-04-02,0.14,corn-mato-grosso,corn,-13.5,-56,NASA POWER MERRA-2 PRECTOTCORR
2000-04-03,3.27,corn-mato-grosso,corn,-13.5,-56,NASA POWER MERRA-2 PRECTOTCORR
2000-04-04,6.07,corn-mato-grosso,corn,-13.5,-56,NASA POWER MERRA-2 PRECTOTCORR
2000-04-05,7.68,corn-mato-grosso,corn,-13.5,-56,NASA POWER MERRA-2 PRECTOTCORR
2000-04-06,0.11,corn-mato-grosso,corn,-13.5,-56,NASA POWER MERRA-2 PRECTOTCORR
2000-04-07,0.01,corn-mato-grosso,corn,-13.5,-56,NASA POWER MERRA-2 PRECTOTCORR
2000-04-08,0.55,corn-mato-grosso,corn,-13.5,-56,NASA POWER MERRA-2 PRECTOTCORR
2000-04-09,1.57,corn-mato-grosso,corn,-13.5,-56,NASA POWER MERRA-2 PRECTOTCORR
2000-04-10,1.74,corn-mato-grosso,corn,-13.5,-56,NASA POWER MERRA-2 PRECTOTCORR
2000-04-11,6.07,corn-mato-grosso,corn,-13.5,-56,NASA POWER MERRA-2 PRECTOTCORR
2000-04-12,2.6,corn-mato-grosso,corn,-13.5,-56,NASA POWER MERRA-2 PRECTOTCORR
2000-04-13,2.19,corn-mato-grosso,corn,-13.5,-56,NASA POWER MERRA-2 PRECTOTCORR
2000-04-14,3.83,corn-mato-grosso,corn,-13.5,-56,NASA POWER MERRA-2 PRECTOTCORR
2000-04-15,1.4,corn-mato-grosso,corn,-13.5,-56,NASA POWER MERRA-2 PRECTOTCORR
2000-04-16,0.68,corn-mato-grosso,corn,-13.5,-56,NASA POWER MERRA-2 PRECTOTCORR
2000-04-17,4.73,corn-mato-grosso,corn,-13.5,-56,NASA POWER MERRA-2 PRECTOTCORR
2000-04-18,6.34,corn-mato-grosso,corn,-13.5,-56,NASA POWER MERRA-2 PRECTOTCORR
2000-04-19,4.8,corn-mato-grosso,corn,-13.5,-56,NASA POWER MERRA-2 PRECTOTCORR
2000-04-20,3.15,corn-mato-grosso,corn,-13.5,-56,NASA POWER MERRA-2 PRECTOTCORR
2000-04-21,0,corn-mato-grosso,corn,-13.5,-56,NASA POWER MERRA-2 PRECTOTCORR
2000-04-22,9.65,corn-mato-grosso,corn,-13.5,-56,NASA POWER MERRA-2 PRECTOTCORR
2000-04-23,1.79,corn-mato-grosso,corn,-13.5,-56,NASA POWER MERRA-2 PRECTOTCORR
2000-04-24,0.33,corn-mato-grosso,corn,-13.5,-56,NASA POWER MERRA-2 PRECTOTCORR
2000-04-25,0.22,corn-mato-grosso,corn,-13.5,-56,NASA POWER MERRA-2 PRECTOTCORR
2000-04-26,0.34,corn-mato-grosso,corn,-13.5,-56,NASA POWER MERRA-2 PRECTOTCORR
2000-04-27,0.58,corn-mato-grosso,corn,-13.5,-56,NASA POWER MERRA-2 PRECTOTCORR
2000-04-28,1.51,corn-mato-grosso,corn,-13.5,-56,NASA POWER MERRA-2 PRECTOTCORR
2000-04-29,7.08,corn-mato-grosso,corn,-13.5,-56,NASA POWER MERRA-2 PRECTOTCORR
2000-04-30,3.4,corn-mato-grosso,corn,-13.5,-56,NASA POWER MERRA-2 PRECTOTCORR
2000-05-01,0.48,corn-mato-grosso,corn,-13.5,-56,NASA POWER MERRA-2 PRECTOTCORR
2000-05-02,0,corn-mato-grosso,corn,-13.5,-56,NASA POWER MERRA-2 PRECTOTCORR
2000-05-03,0,corn-mato-grosso,corn,-13.5,-56,NASA POWER MERRA-2 PRECTOTCORR
2000-05-04,0.06,corn-mato-grosso,corn,-13.5,-56,NASA POWER MERRA-2 PRECTOTCORR
2000-05-05,1.01,corn-mato-grosso,corn,-13.5,-56,NASA POWER MERRA-2 PRECTOTCORR
2000-05-06,0.24,corn-mato-grosso,corn,-13.5,-56,NASA POWER MERRA-2 PRECTOTCORR
2000-05-07,0.19,corn-mato-grosso,corn,-13.5,-56,NASA POWER MERRA-2 PRECTOTCORR
2000-05-08,0.78,corn-mato-grosso,corn,-13.5,-56,NASA POWER MERRA-2 PRECTOTCORR
2000-05-09,0,corn-mato-grosso,corn,-13.5,-56,NASA POWER MERRA-2 PRECTOTCORR
2000-05-10,0,corn-mato-grosso,corn,-13.5,-56,NASA POWER MERRA-2 PRECTOTCORR
2000-05-11,0,corn-mato-grosso,corn,-13.5,-56,NASA POWER MERRA-2 PRECTOTCORR
2000-05-12,0,corn-mato-grosso,corn,-13.5,-56,NASA POWER MERRA-2 PRECTOTCORR
2000-05-13,0,corn-mato-grosso,corn,-13.5,-56,NASA POWER MERRA-2 PRECTOTCORR
2000-05-14,0.04,corn-mato-grosso,corn,-13.5,-56,NASA POWER MERRA-2 PRECTOTCORR
2000-05-15,0,corn-mato-grosso,corn,-13.5,-56,NASA POWER MERRA-2 PRECTOTCORR
2000-05-16,0,corn-mato-grosso,corn,-13.5,-56,NASA POWER MERRA-2 PRECTOTCORR
2000-05-17,0.01,corn-mato-grosso,corn,-13.5,-56,NASA POWER MERRA-2 PRECTOTCORR
2000-05-18,0,corn-mato-grosso,corn,-13.5,-56,NASA POWER MERRA-2 PRECTOTCORR
2000-05-19,0,corn-mato-grosso,corn,-13.5,-56,NASA POWER MERRA-2 PRECTOTCORR
2000-05-20,0,corn-mato-grosso,corn,-13.5,-56,NASA POWER MERRA-2 PRECTOTCORR
2000-05-21,0,corn-mato-grosso,corn,-13.5,-56,NASA POWER MERRA-2 PRECTOTCORR
2000-05-22,0,corn-mato-grosso,corn,-13.5,-56,NASA POWER MERRA-2 PRECTOTCORR
2000-05-23,0,corn-mato-grosso,corn,-13.5,-56,NASA POWER MERRA-2 PRECTOTCORR
2000-05-24,0,corn-mato-grosso,corn,-13.5,-56,NASA POWER MERRA-2 PRECTOTCORR
2000-05-25,0,corn-mato-grosso,corn,-13.5,-56,NASA POWER MERRA-2 PRECTOTCORR
2000-05-26,0,corn-mato-grosso,corn,-13.5,-56,NASA POWER MERRA-2 PRECTOTCORR
2000-05-27,0,corn-mato-grosso,corn,-13.5,-56,NASA POWER MERRA-2 PRECTOTCORR
2000-05-28,0,corn-mato-grosso,corn,-13.5,-56,NASA POWER MERRA-2 PRECTOTCORR
2000-05-29,0,corn-mato-grosso,corn,-13.5,-56,NASA POWER MERRA-2 PRECTOTCORR
2000-05-30,0,corn-mato-grosso,corn,-13.5,-56,NASA POWER MERRA-2 PRECTOTCORR
2000-05-31,0,corn-mato-grosso,corn,-13.5,-56,NASA POWER MERRA-2 PRECTOTCORR
2000-06-01,0,corn-mato-grosso,corn,-13.5,-56,NASA POWER MERRA-2 PRECTOTCORR
2000-06-02,0,corn-mato-grosso,corn,-13.5,-56,NASA POWER MERRA-2 PRECTOTCORR
2000-06-03,0,corn-mato-grosso,corn,-13.5,-56,NASA POWER MERRA-2 PRECTOTCORR
2000-06-04,0,corn-mato-grosso,corn,-13.5,-56,NASA POWER MERRA-2 PRECTOTCORR
2000-06-05,0,corn-mato-grosso,corn,-13.5,-56,NASA POWER MERRA-2 PRECTOTCORR
2000-06-06,0,corn-mato-grosso,corn,-13.5,-56,NASA POWER MERRA-2 PRECTOTCORR
2000-06-07,0,corn-mato-grosso,corn,-13.5,-56,NASA POWER MERRA-2 PRECTOTCORR
2000-06-08,0,corn-mato-grosso,corn,-13.5,-56,NASA POWER MERRA-2 PRECTOTCORR
2000-06-09,0,corn-mato-grosso,corn,-13.5,-56,NASA POWER MERRA-2 PRECTOTCORR
2000-06-10,0,corn-mato-grosso,corn,-13.5,-56,NASA POWER MERRA-2 PRECTOTCORR
2000-06-11,0,corn-mato-grosso,corn,-13.5,-56,NASA POWER MERRA-2 PRECTOTCORR
2000-06-12,0,corn-mato-grosso,corn,-13.5,-56,NASA POWER MERRA-2 PRECTOTCORR
2000-06-13,0,corn-mato-grosso,corn,-13.5,-56,NASA POWER MERRA-2 PRECTOTCORR
2000-06-14,0,corn-mato-grosso,corn,-13.5,-56,NASA POWER MERRA-2 PRECTOTCORR
2000-06-15,0,corn-mato-grosso,corn,-13.5,-56,NASA POWER MERRA-2 PRECTOTCORR
2000-06-16,0,corn-mato-grosso,corn,-13.5,-56,NASA POWER MERRA-2 PRECTOTCORR
2000-06-17,1.18,corn-mato-grosso,corn,-13.5,-56,NASA POWER MERRA-2 PRECTOTCORR
2000-06-18,0,corn-mato-grosso,corn,-13.5,-56,NASA POWER MERRA-2 PRECTOTCORR
2000-06-19,0,corn-mato-grosso,corn,-13.5,-56,NASA POWER MERRA-2 PRECTOTCORR
2000-06-20,0,corn-mato-grosso,corn,-13.5,-56,NASA POWER MERRA-2 PRECTOTCORR
2000-06-21,0,corn-mato-grosso,corn,-13.5,-56,NASA POWER MERRA-2 PRECTOTCORR
2000-06-22,0,corn-mato-grosso,corn,-13.5,-56,NASA POWER MERRA-2 PRECTOTCORR
2000-06-23,0,corn-mato-grosso,corn,-13.5,-56,NASA POWER MERRA-2 PRECTOTCORR
2000-06-24,0.01,corn-mato-grosso,corn,-13.5,-56,NASA POWER MERRA-2 PRECTOTCORR
2000-06-25,0.13,corn-mato-grosso,corn,-13.5,-56,NASA POWER MERRA-2 PRECTOTCORR
2000-06-26,0,corn-mato-grosso,corn,-13.5,-56,NASA POWER MERRA-2 PRECTOTCORR
2000-06-27,0,corn-mato-grosso,corn,-13.5,-56,NASA POWER MERRA-2 PRECTOTCORR
2000-06-28,0,corn-mato-grosso,corn,-13.5,-56,NASA POWER MERRA-2 PRECTOTCORR
2000-06-29,0,corn-mato-grosso,corn,-13.5,-56,NASA POWER MERRA-2 PRECTOTCORR
2000-06-30,0,corn-mato-grosso,corn,-13.5,-56,NASA POWER MERRA-2 PRECTOTCORR
2000-07-01,0,corn-mato-grosso,corn,-13.5,-56,NASA POWER MERRA-2 PRECTOTCORR
2000-07-02,0,corn-mato-grosso,corn,-13.5,-56,NASA POWER MERRA-2 PRECTOTCORR
2000-07-03,0,corn-mato-grosso,corn,-13.5,-56,NASA POWER MERRA-2 PRECTOTCORR
2000-07-04,0,corn-mato-grosso,corn,-13.5,-56,NASA POWER MERRA-2 PRECTOTCORR
2000-07-05,0.01,corn-mato-grosso,corn,-13.5,-56,NASA POWER MERRA-2 PRECTOTCORR
2000-07-06,0.2,corn-mato-grosso,corn,-13.5,-56,NASA POWER MERRA-2 PRECTOTCORR
2000-07-07,0,corn-mato-grosso,corn,-13.5,-56,NASA POWER MERRA-2 PRECTOTCORR
2000-07-08,0,corn-mato-grosso,corn,-13.5,-56,NASA POWER MERRA-2 PRECTOTCORR
2000-07-09,0,corn-mato-grosso,corn,-13.5,-56,NASA POWER MERRA-2 PRECTOTCORR
2000-07-10,0,corn-mato-grosso,corn,-13.5,-56,NASA POWER MERRA-2 PRECTOTCORR
2000-07-11,0,corn-mato-grosso,corn,-13.5,-56,NASA POWER MERRA-2 PRECTOTCORR
2000-07-12,0,corn-mato-grosso,corn,-13.5,-56,NASA POWER MERRA-2 PRECTOTCORR
2000-07-13,0,corn-mato-grosso,corn,-13.5,-56,NASA POWER MERRA-2 PRECTOTCORR
2000-07-14,0,corn-mato-grosso,corn,-13.5,-56,NASA POWER MERRA-2 PRECTOTCORR
2000-07-15,0,corn-mato-grosso,corn,-13.5,-56,NASA POWER MERRA-2 PRECTOTCORR
2000-07-16,0,corn-mato-grosso,corn,-13.5,-56,NASA POWER MERRA-2 PRECTOTCORR
2000-07-17,0,corn-mato-grosso,corn,-13.5,-56,NASA POWER MERRA-2 PRECTOTCORR
2000-07-18,0,corn-mato-grosso,corn,-13.5,-56,NASA POWER MERRA-2 PRECTOTCORR
2000-07-19,0,corn-mato-grosso,corn,-13.5,-56,NASA POWER MERRA-2 PRECTOTCORR
2000-07-20,0,corn-mato-grosso,corn,-13.5,-56,NASA POWER MERRA-2 PRECTOTCORR
2000-07-21,0,corn-mato-grosso,corn,-13.5,-56,NASA POWER MERRA-2 PRECTOTCORR
2000-07-22,0,corn-mato-grosso,corn,-13.5,-56,NASA POWER MERRA-2 PRECTOTCORR
2000-07-23,0.19,corn-mato-grosso,corn,-13.5,-56,NASA POWER MERRA-2 PRECTOTCORR
2000-07-24,0,corn-mato-grosso,corn,-13.5,-56,NASA POWER MERRA-2 PRECTOTCORR
2000-07-25,0,corn-mato-grosso,corn,-13.5,-56,NASA POWER MERRA-2 PRECTOTCORR
2000-07-26,0,corn-mato-grosso,corn,-13.5,-56,NASA POWER MERRA-2 PRECTOTCORR
2000-07-27,0,corn-mato-grosso,corn,-13.5,-56,NASA POWER MERRA-2 PRECTOTCORR
2000-07-28,0.02,corn-mato-grosso,corn,-13.5,-56,NASA POWER MERRA-2 PRECTOTCORR
2000-07-29,0,corn-mato-grosso,corn,-13.5,-56,NASA POWER MERRA-2 PRECTOTCORR
2000-07-30,0,corn-mato-grosso,corn,-13.5,-56,NASA POWER MERRA-2 PRECTOTCORR
2000-07-31,0,corn-mato-grosso,corn,-13.5,-56,NASA POWER MERRA-2 PRECTOTCORR
2000-08-01,0,corn-mato-grosso,corn,-13.5,-56,NASA POWER MERRA-2 PRECTOTCORR
2000-08-02,0,corn-mato-grosso,corn,-13.5,-56,NASA POWER MERRA-2 PRECTOTCORR
2000-08-03,0,corn-mato-grosso,corn,-13.5,-56,NASA POWER MERRA-2 PRECTOTCORR
2000-08-04,0,corn-mato-grosso,corn,-13.5,-56,NASA POWER MERRA-2 PRECTOTCORR
2000-08-05,0,corn-mato-grosso,corn,-13.5,-56,NASA POWER MERRA-2 PRECTOTCORR
2000-08-06,0,corn-mato-grosso,corn,-13.5,-56,NASA POWER MERRA-2 PRECTOTCORR
2000-08-07,0,corn-mato-grosso,corn,-13.5,-56,NASA POWER MERRA-2 PRECTOTCORR
2000-08-08,0,corn-mato-grosso,corn,-13.5,-56,NASA POWER MERRA-2 PRECTOTCORR
2000-08-09,0.13,corn-mato-grosso,corn,-13.5,-56,NASA POWER MERRA-2 PRECTOTCORR
2000-08-10,0.07,corn-mato-grosso,corn,-13.5,-56,NASA POWER MERRA-2 PRECTOTCORR
2000-08-11,0.01,corn-mato-grosso,corn,-13.5,-56,NASA POWER MERRA-2 PRECTOTCORR
2000-08-12,0,corn-mato-grosso,corn,-13.5,-56,NASA POWER MERRA-2 PRECTOTCORR
2000-08-13,0,corn-mato-grosso,corn,-13.5,-56,NASA POWER MERRA-2 PRECTOTCORR
2000-08-14,0,corn-mato-grosso,corn,-13.5,-56,NASA POWER MERRA-2 PRECTOTCORR
2000-08-15,0.32,corn-mato-grosso,corn,-13.5,-56,NASA POWER MERRA-2 PRECTOTCORR
2000-08-16,0.29,corn-mato-grosso,corn,-13.5,-56,NASA POWER MERRA-2 PRECTOTCORR
2000-08-17,0,corn-mato-grosso,corn,-13.5,-56,NASA POWER MERRA-2 PRECTOTCORR
2000-08-18,0,corn-mato-grosso,corn,-13.5,-56,NASA POWER MERRA-2 PRECTOTCORR
2000-08-19,0,corn-mato-grosso,corn,-13.5,-56,NASA POWER MERRA-2 PRECTOTCORR
2000-08-20,0,corn-mato-grosso,corn,-13.5,-56,NASA POWER MERRA-2 PRECTOTCORR
2000-08-21,0,corn-mato-grosso,corn,-13.5,-56,NASA POWER MERRA-2 PRECTOTCORR
2000-08-22,0,corn-mato-grosso,corn,-13.5,-56,NASA POWER MERRA-2 PRECTOTCORR
2000-08-23,0,corn-mato-grosso,corn,-13.5,-56,NASA POWER MERRA-2 PRECTOTCORR
2000-08-24,0,corn-mato-grosso,corn,-13.5,-56,NASA POWER MERRA-2 PRECTOTCORR
2000-08-25,0,corn-mato-grosso,corn,-13.5,-56,NASA POWER MERRA-2 PRECTOTCORR
2000-08-26,0,corn-mato-grosso,corn,-13.5,-56,NASA POWER MERRA-2 PRECTOTCORR
2000-08-27,0,corn-mato-grosso,corn,-13.5,-56,NASA POWER MERRA-2 PRECTOTCORR
2000-08-28,1.47,corn-mato-grosso,corn,-13.5,-56,NASA POWER MERRA-2 PRECTOTCORR
2000-08-29,0.45,corn-mato-grosso,corn,-13.5,-56,NASA POWER MERRA-2 PRECTOTCORR
2000-08-30,1.06,corn-mato-grosso,corn,-13.5,-56,NASA POWER MERRA-2 PRECTOTCORR
2000-08-31,0.26,corn-mato-grosso,corn,-13.5,-56,NASA POWER MERRA-2 PRECTOTCORR
2000-09-01,1.81,corn-mato-grosso,corn,-13.5,-56,NASA POWER MERRA-2 PRECTOTCORR
2000-09-02,3.02,corn-mato-grosso,corn,-13.5,-56,NASA POWER MERRA-2 PRECTOTCORR
2000-09-03,0.1,corn-mato-grosso,corn,-13.5,-56,NASA POWER MERRA-2 PRECTOTCORR
2000-09-04,0,corn-mato-grosso,corn,-13.5,-56,NASA POWER MERRA-2 PRECTOTCORR
2000-09-05,0.66,corn-mato-grosso,corn,-13.5,-56,NASA POWER MERRA-2 PRECTOTCORR
2000-09-06,0.15,corn-mato-grosso,corn,-13.5,-56,NASA POWER MERRA-2 PRECTOTCORR
2000-09-07,0.51,corn-mato-grosso,corn,-13.5,-56,NASA POWER MERRA-2 PRECTOTCORR
2000-09-08,0.15,corn-mato-grosso,corn,-13.5,-56,NASA POWER MERRA-2 PRECTOTCORR
2000-09-09,1.36,corn-mato-grosso,corn,-13.5,-56,NASA POWER MERRA-2 PRECTOTCORR
2000-09-10,0.44,corn-mato-grosso,corn,-13.5,-56,NASA POWER MERRA-2 PRECTOTCORR
2000-09-11,7.73,corn-mato-grosso,corn,-13.5,-56,NASA POWER MERRA-2 PRECTOTCORR
2000-09-12,0.01,corn-mato-grosso,corn,-13.5,-56,NASA POWER MERRA-2 PRECTOTCORR
2000-09-13,1.98,corn-mato-grosso,corn,-13.5,-56,NASA POWER MERRA-2 PRECTOTCORR
2000-09-14,2.7,corn-mato-grosso,corn,-13.5,-56,NASA POWER MERRA-2 PRECTOTCORR
2000-09-15,3.97,corn-mato-grosso,corn,-13.5,-56,NASA POWER MERRA-2 PRECTOTCORR
2000-09-16,0.72,corn-mato-grosso,corn,-13.5,-56,NASA POWER MERRA-2 PRECTOTCORR
2000-09-17,0.21,corn-mato-grosso,corn,-13.5,-56,NASA POWER MERRA-2 PRECTOTCORR
2000-09-18,0.09,corn-mato-grosso,corn,-13.5,-56,NASA POWER MERRA-2 PRECTOTCORR
2000-09-19,0,corn-mato-grosso,corn,-13.5,-56,NASA POWER MERRA-2 PRECTOTCORR
2000-09-20,0.23,corn-mato-grosso,corn,-13.5,-56,NASA POWER MERRA-2 PRECTOTCORR
2000-09-21,0,corn-mato-grosso,corn,-13.5,-56,NASA POWER MERRA-2 PRECTOTCORR
2000-09-22,0,corn-mato-grosso,corn,-13.5,-56,NASA POWER MERRA-2 PRECTOTCORR
2000-09-23,0,corn-mato-grosso,corn,-13.5,-56,NASA POWER MERRA-2 PRECTOTCORR
2000-09-24,8.02,corn-mato-grosso,corn,-13.5,-56,NASA POWER MERRA-2 PRECTOTCORR
2000-09-25,0.41,corn-mato-grosso,corn,-13.5,-56,NASA POWER MERRA-2 PRECTOTCORR
2000-09-26,0.18,corn-mato-grosso,corn,-13.5,-56,NASA POWER MERRA-2 PRECTOTCORR
2000-09-27,0.36,corn-mato-grosso,corn,-13.5,-56,NASA POWER MERRA-2 PRECTOTCORR
2000-09-28,7.37,corn-mato-grosso,corn,-13.5,-56,NASA POWER MERRA-2 PRECTOTCORR
2000-09-29,8.45,corn-mato-grosso,corn,-13.5,-56,NASA POWER MERRA-2 PRECTOTCORR
2000-09-30,1.01,corn-mato-grosso,corn,-13.5,-56,NASA POWER MERRA-2 PRECTOTCORR
2000-10-01,2.17,corn-mato-grosso,corn,-13.5,-56,NASA POWER MERRA-2 PRECTOTCORR
2000-10-02,2.15,corn-mato-grosso,corn,-13.5,-56,NASA POWER MERRA-2 PRECTOTCORR
2000-10-03,0.01,corn-mato-grosso,corn,-13.5,-56,NASA POWER MERRA-2 PRECTOTCORR
2000-10-04,3.96,corn-mato-grosso,corn,-13.5,-56,NASA POWER MERRA-2 PRECTOTCORR
2000-10-05,10.25,corn-mato-grosso,corn,-13.5,-56,NASA POWER MERRA-2 PRECTOTCORR
2000-10-06,2.51,corn-mato-grosso,corn,-13.5,-56,NASA POWER MERRA-2 PRECTOTCORR
2000-10-07,0.38,corn-mato-grosso,corn,-13.5,-56,NASA POWER MERRA-2 PRECTOTCORR
2000-10-08,0.01,corn-mato-grosso,corn,-13.5,-56,NASA POWER MERRA-2 PRECTOTCORR
2000-10-09,0.25,corn-mato-grosso,corn,-13.5,-56,NASA POWER MERRA-2 PRECTOTCORR
2000-10-10,0.65,corn-mato-grosso,corn,-13.5,-56,NASA POWER MERRA-2 PRECTOTCORR
2000-10-11,0.97,corn-mato-grosso,corn,-13.5,-56,NASA POWER MERRA-2 PRECTOTCORR
2000-10-12,6.24,corn-mato-grosso,corn,-13.5,-56,NASA POWER MERRA-2 PRECTOTCORR
2000-10-13,0.58,corn-mato-grosso,corn,-13.5,-56,NASA POWER MERRA-2 PRECTOTCORR
2000-10-14,0.23,corn-mato-grosso,corn,-13.5,-56,NASA POWER MERRA-2 PRECTOTCORR
2000-10-15,0.95,corn-mato-grosso,corn,-13.5,-56,NASA POWER MERRA-2 PRECTOTCORR
2000-10-16,2.33,corn-mato-grosso,corn,-13.5,-56,NASA POWER MERRA-2 PRECTOTCORR
2000-10-17,13.29,corn-mato-grosso,corn,-13.5,-56,NASA POWER MERRA-2 PRECTOTCORR
2000-10-18,0,corn-mato-grosso,corn,-13.5,-56,NASA POWER MERRA-2 PRECTOTCORR
2000-10-19,3.14,corn-mato-grosso,corn,-13.5,-56,NASA POWER MERRA-2 PRECTOTCORR
2000-10-20,0.5,corn-mato-grosso,corn,-13.5,-56,NASA POWER MERRA-2 PRECTOTCORR
2000-10-21,2.23,corn-mato-grosso,corn,-13.5,-56,NASA POWER MERRA-2 PRECTOTCORR
2000-10-22,1.13,corn-mato-grosso,corn,-13.5,-56,NASA POWER MERRA-2 PRECTOTCORR
2000-10-23,2.66,corn-mato-grosso,corn,-13.5,-56,NASA POWER MERRA-2 PRECTOTCORR
2000-10-24,2.03,corn-mato-grosso,corn,-13.5,-56,NASA POWER MERRA-2 PRECTOTCORR
2000-10-25,1.72,corn-mato-grosso,corn,-13.5,-56,NASA POWER MERRA-2 PRECTOTCORR
2000-10-26,2.81,corn-mato-grosso,corn,-13.5,-56,NASA POWER MERRA-2 PRECTOTCORR
2000-10-27,9.44,corn-mato-grosso,corn,-13.5,-56,NASA POWER MERRA-2 PRECTOTCORR
2000-10-28,2.33,corn-mato-grosso,corn,-13.5,-56,NASA POWER MERRA-2 PRECTOTCORR
2000-10-29,5.15,corn-mato-grosso,corn,-13.5,-56,NASA POWER MERRA-2 PRECTOTCORR
2000-10-30,22.53,corn-mato-grosso,corn,-13.5,-56,NASA POWER MERRA-2 PRECTOTCORR
2000-10-31,20.68,corn-mato-grosso,corn,-13.5,-56,NASA POWER MERRA-2 PRECTOTCORR
2000-11-01,1.98,corn-mato-grosso,corn,-13.5,-56,NASA POWER MERRA-2 PRECTOTCORR
2000-11-02,17.19,corn-mato-grosso,corn,-13.5,-56,NASA POWER MERRA-2 PRECTOTCORR
2000-11-03,10.02,corn-mato-grosso,corn,-13.5,-56,NASA POWER MERRA-2 PRECTOTCORR
2000-11-04,37.71,corn-mato-grosso,corn,-13.5,-56,NASA POWER MERRA-2 PRECTOTCORR
2000-11-05,32,corn-mato-grosso,corn,-13.5,-56,NASA POWER MERRA-2 PRECTOTCORR
2000-11-06,7.5,corn-mato-grosso,corn,-13.5,-56,NASA POWER MERRA-2 PRECTOTCORR
2000-11-07,3.95,corn-mato-grosso,corn,-13.5,-56,NASA POWER MERRA-2 PRECTOTCORR
2000-11-08,0.4,corn-mato-grosso,corn,-13.5,-56,NASA POWER MERRA-2 PRECTOTCORR
2000-11-09,1.13,corn-mato-grosso,corn,-13.5,-56,NASA POWER MERRA-2 PRECTOTCORR
2000-11-10,4.04,corn-mato-grosso,corn,-13.5,-56,NASA POWER MERRA-2 PRECTOTCORR
2000-11-11,4.62,corn-mato-grosso,corn,-13.5,-56,NASA POWER MERRA-2 PRECTOTCORR
2000-11-12,3.49,corn-mato-grosso,corn,-13.5,-56,NASA POWER MERRA-2 PRECTOTCORR
2000-11-13,21.23,corn-mato-grosso,corn,-13.5,-56,NASA POWER MERRA-2 PRECTOTCORR
2000-11-14,18.26,corn-mato-grosso,corn,-13.5,-56,NASA POWER MERRA-2 PRECTOTCORR
2000-11-15,17.21,corn-mato-grosso,corn,-13.5,-56,NASA POWER MERRA-2 PRECTOTCORR
2000-11-16,2.97,corn-mato-grosso,corn,-13.5,-56,NASA POWER MERRA-2 PRECTOTCORR
2000-11-17,10.18,corn-mato-grosso,corn,-13.5,-56,NASA POWER MERRA-2 PRECTOTCORR
2000-11-18,2.01,corn-mato-grosso,corn,-13.5,-56,NASA POWER MERRA-2 PRECTOTCORR
2000-11-19,6.7,corn-mato-grosso,corn,-13.5,-56,NASA POWER MERRA-2 PRECTOTCORR
2000-11-20,15.77,corn-mato-grosso,corn,-13.5,-56,NASA POWER MERRA-2 PRECTOTCORR
2000-11-21,5.46,corn-mato-grosso,corn,-13.5,-56,NASA POWER MERRA-2 PRECTOTCORR
2000-11-22,17.43,corn-mato-grosso,corn,-13.5,-56,NASA POWER MERRA-2 PRECTOTCORR
2000-11-23,1.65,corn-mato-grosso,corn,-13.5,-56,NASA POWER MERRA-2 PRECTOTCORR
2000-11-24,4.31,corn-mato-grosso,corn,-13.5,-56,NASA POWER MERRA-2 PRECTOTCORR
2000-11-25,14.46,corn-mato-grosso,corn,-13.5,-56,NASA POWER MERRA-2 PRECTOTCORR
2000-11-26,8.52,corn-mato-grosso,corn,-13.5,-56,NASA POWER MERRA-2 PRECTOTCORR
2000-11-27,16.99,corn-mato-grosso,corn,-13.5,-56,NASA POWER MERRA-2 PRECTOTCORR
2000-11-28,20.85,corn-mato-grosso,corn,-13.5,-56,NASA POWER MERRA-2 PRECTOTCORR
2000-11-29,1.58,corn-mato-grosso,corn,-13.5,-56,NASA POWER MERRA-2 PRECTOTCORR
2000-11-30,6.21,corn-mato-grosso,corn,-13.5,-56,NASA POWER MERRA-2 PRECTOTCORR
2000-12-01,23.42,corn-mato-grosso,corn,-13.5,-56,NASA POWER MERRA-2 PRECTOTCORR
2000-12-02,8.68,corn-mato-grosso,corn,-13.5,-56,NASA POWER MERRA-2 PRECTOTCORR
2000-12-03,2.18,corn-mato-grosso,corn,-13.5,-56,NASA POWER MERRA-2 PRECTOTCORR
2000-12-04,15.75,corn-mato-grosso,corn,-13.5,-56,NASA POWER MERRA-2 PRECTOTCORR
2000-12-05,6.88,corn-mato-grosso,corn,-13.5,-56,NASA POWER MERRA-2 PRECTOTCORR
2000-12-06,3.08,corn-mato-grosso,corn,-13.5,-56,NASA POWER MERRA-2 PRECTOTCORR
2000-12-07,2.57,corn-mato-grosso,corn,-13.5,-56,NASA POWER MERRA-2 PRECTOTCORR
2000-12-08,22.82,corn-mato-grosso,corn,-13.5,-56,NASA POWER MERRA-2 PRECTOTCORR
2000-12-09,3.62,corn-mato-grosso,corn,-13.5,-56,NASA POWER MERRA-2 PRECTOTCORR
2000-12-10,23.05,corn-mato-grosso,corn,-13.5,-56,NASA POWER MERRA-2 PRECTOTCORR
2000-12-11,17.48,corn-mato-grosso,corn,-13.5,-56,NASA POWER MERRA-2 PRECTOTCORR
2000-12-12,5.27,corn-mato-grosso,corn,-13.5,-56,NASA POWER MERRA-2 PRECTOTCORR
2000-12-13,4.25,corn-mato-grosso,corn,-13.5,-56,NASA POWER MERRA-2 PRECTOTCORR
2000-12-14,10.13,corn-mato-grosso,corn,-13.5,-56,NASA POWER MERRA-2 PRECTOTCORR
2000-12-15,12.01,corn-mato-grosso,corn,-13.5,-56,NASA POWER MERRA-2 PRECTOTCORR
2000-12-16,21.5,corn-mato-grosso,corn,-13.5,-56,NASA POWER MERRA-2 PRECTOTCORR
2000-12-17,0.08,corn-mato-grosso,corn,-13.5,-56,NASA POWER MERRA-2 PRECTOTCORR
2000-12-18,0.04,corn-mato-grosso,corn,-13.5,-56,NASA POWER MERRA-2 PRECTOTCORR
2000-12-19,2.08,corn-mato-grosso,corn,-13.5,-56,NASA POWER MERRA-2 PRECTOTCORR
2000-12-20,7.18,corn-mato-grosso,corn,-13.5,-56,NASA POWER MERRA-2 PRECTOTCORR
2000-12-21,0.05,corn-mato-grosso,corn,-13.5,-56,NASA POWER MERRA-2 PRECTOTCORR
2000-12-22,0.16,corn-mato-grosso,corn,-13.5,-56,NASA POWER MERRA-2 PRECTOTCORR
2000-12-23,4.03,corn-mato-grosso,corn,-13.5,-56,NASA POWER MERRA-2 PRECTOTCORR
2000-12-24,7.79,corn-mato-grosso,corn,-13.5,-56,NASA POWER MERRA-2 PRECTOTCORR
2000-12-25,5.97,corn-mato-grosso,corn,-13.5,-56,NASA POWER MERRA-2 PRECTOTCORR
2000-12-26,2.29,corn-mato-grosso,corn,-13.5,-56,NASA POWER MERRA-2 PRECTOTCORR
2000-12-27,0.76,corn-mato-grosso,corn,-13.5,-56,NASA POWER MERRA-2 PRECTOTCORR
2000-12-28,0.99,corn-mato-grosso,corn,-13.5,-56,NASA POWER MERRA-2 PRECTOTCORR
2000-12-29,0.18,corn-mato-grosso,corn,-13.5,-56,NASA POWER MERRA-2 PRECTOTCORR
2000-12-30,23.44,corn-mato-grosso,corn,-13.5,-56,NASA POWER MERRA-2 PRECTOTCORR
2000-12-31,6.71,corn-mato-grosso,corn,-13.5,-56,NASA POWER MERRA-2 PRECTOTCORR
2001-01-01,14.33,corn-mato-grosso,corn,-13.5,-56,NASA POWER MERRA-2 PRECTOTCORR
2001-01-02,14.83,corn-mato-grosso,corn,-13.5,-56,NASA POWER MERRA-2 PRECTOTCORR
2001-01-03,12.91,corn-mato-grosso,corn,-13.5,-56,NASA POWER MERRA-2 PRECTOTCORR
2001-01-04,18.59,corn-mato-grosso,corn,-13.5,-56,NASA POWER MERRA-2 PRECTOTCORR
2001-01-05,4.61,corn-mato-grosso,corn,-13.5,-56,NASA POWER MERRA-2 PRECTOTCORR
2001-01-06,2.84,corn-mato-grosso,corn,-13.5,-56,NASA POWER MERRA-2 PRECTOTCORR
2001-01-07,9.97,corn-mato-grosso,corn,-13.5,-56,NASA POWER MERRA-2 PRECTOTCORR
2001-01-08,16.03,corn-mato-grosso,corn,-13.5,-56,NASA POWER MERRA-2 PRECTOTCORR
2001-01-09,6.89,corn-mato-grosso,corn,-13.5,-56,NASA POWER MERRA-2 PRECTOTCORR
2001-01-10,4.29,corn-mato-grosso,corn,-13.5,-56,NASA POWER MERRA-2 PRECTOTCORR
2001-01-11,20.07,corn-mato-grosso,corn,-13.5,-56,NASA POWER MERRA-2 PRECTOTCORR
2001-01-12,13.03,corn-mato-grosso,corn,-13.5,-56,NASA POWER MERRA-2 PRECTOTCORR
2001-01-13,13.2,corn-mato-grosso,corn,-13.5,-56,NASA POWER MERRA-2 PRECTOTCORR
2001-01-14,5.8,corn-mato-grosso,corn,-13.5,-56,NASA POWER MERRA-2 PRECTOTCORR
2001-01-15,8.13,corn-mato-grosso,corn,-13.5,-56,NASA POWER MERRA-2 PRECTOTCORR
2001-01-16,3.01,corn-mato-grosso,corn,-13.5,-56,NASA POWER MERRA-2 PRECTOTCORR
2001-01-17,1.09,corn-mato-grosso,corn,-13.5,-56,NASA POWER MERRA-2 PRECTOTCORR
2001-01-18,8.6,corn-mato-grosso,corn,-13.5,-56,NASA POWER MERRA-2 PRECTOTCORR
2001-01-19,6.72,corn-mato-grosso,corn,-13.5,-56,NASA POWER MERRA-2 PRECTOTCORR
2001-01-20,3.02,corn-mato-grosso,corn,-13.5,-56,NASA POWER MERRA-2 PRECTOTCORR
2001-01-21,7.87,corn-mato-grosso,corn,-13.5,-56,NASA POWER MERRA-2 PRECTOTCORR
2001-01-22,6.97,corn-mato-grosso,corn,-13.5,-56,NASA POWER MERRA-2 PRECTOTCORR
2001-01-23,18.12,corn-mato-grosso,corn,-13.5,-56,NASA POWER MERRA-2 PRECTOTCORR
2001-01-24,5.63,corn-mato-grosso,corn,-13.5,-56,NASA POWER MERRA-2 PRECTOTCORR
2001-01-25,22.34,corn-mato-grosso,corn,-13.5,-56,NASA POWER MERRA-2 PRECTOTCORR
2001-01-26,4.09,corn-mato-grosso,corn,-13.5,-56,NASA POWER MERRA-2 PRECTOTCORR
2001-01-27,3.05,corn-mato-grosso,corn,-13.5,-56,NASA POWER MERRA-2 PRECTOTCORR
2001-01-28,18.74,corn-mato-grosso,corn,-13.5,-56,NASA POWER MERRA-2 PRECTOTCORR
2001-01-29,9.86,corn-mato-grosso,corn,-13.5,-56,NASA POWER MERRA-2 PRECTOTCORR
2001-01-30,1.59,corn-mato-grosso,corn,-13.5,-56,NASA POWER MERRA-2 PRECTOTCORR
2001-01-31,28.58,corn-mato-grosso,corn,-13.5,-56,NASA POWER MERRA-2 PRECTOTCORR
2001-02-01,9.44,corn-mato-grosso,corn,-13.5,-56,NASA POWER MERRA-2 PRECTOTCORR
2001-02-02,0.98,corn-mato-grosso,corn,-13.5,-56,NASA POWER MERRA-2 PRECTOTCORR
2001-02-03,31.82,corn-mato-grosso,corn,-13.5,-56,NASA POWER MERRA-2 PRECTOTCORR
2001-02-04,14.53,corn-mato-grosso,corn,-13.5,-56,NASA POWER MERRA-2 PRECTOTCORR
2001-02-05,0.32,corn-mato-grosso,corn,-13.5,-56,NASA POWER MERRA-2 PRECTOTCORR
2001-02-06,0.02,corn-mato-grosso,corn,-13.5,-56,NASA POWER MERRA-2 PRECTOTCORR
2001-02-07,2.56,corn-mato-grosso,corn,-13.5,-56,NASA POWER MERRA-2 PRECTOTCORR
2001-02-08,14.29,corn-mato-grosso,corn,-13.5,-56,NASA POWER MERRA-2 PRECTOTCORR
2001-02-09,8.49,corn-mato-grosso,corn,-13.5,-56,NASA POWER MERRA-2 PRECTOTCORR
2001-02-10,3.74,corn-mato-grosso,corn,-13.5,-56,NASA POWER MERRA-2 PRECTOTCORR
2001-02-11,1.15,corn-mato-grosso,corn,-13.5,-56,NASA POWER MERRA-2 PRECTOTCORR
2001-02-12,0.48,corn-mato-grosso,corn,-13.5,-56,NASA POWER MERRA-2 PRECTOTCORR
2001-02-13,8.43,corn-mato-grosso,corn,-13.5,-56,NASA POWER MERRA-2 PRECTOTCORR
2001-02-14,4.18,corn-mato-grosso,corn,-13.5,-56,NASA POWER MERRA-2 PRECTOTCORR
2001-02-15,12.11,corn-mato-grosso,corn,-13.5,-56,NASA POWER MERRA-2 PRECTOTCORR
2001-02-16,3.75,corn-mato-grosso,corn,-13.5,-56,NASA POWER MERRA-2 PRECTOTCORR
2001-02-17,8.84,corn-mato-grosso,corn,-13.5,-56,NASA POWER MERRA-2 PRECTOTCORR
2001-02-18,11.06,corn-mato-grosso,corn,-13.5,-56,NASA POWER MERRA-2 PRECTOTCORR
2001-02-19,22.42,corn-mato-grosso,corn,-13.5,-56,NASA POWER MERRA-2 PRECTOTCORR
2001-02-20,3.22,corn-mato-grosso,corn,-13.5,-56,NASA POWER MERRA-2 PRECTOTCORR
2001-02-21,9.13,corn-mato-grosso,corn,-13.5,-56,NASA POWER MERRA-2 PRECTOTCORR
2001-02-22,2.01,corn-mato-grosso,corn,-13.5,-56,NASA POWER MERRA-2 PRECTOTCORR
2001-02-23,10.61,corn-mato-grosso,corn,-13.5,-56,NASA POWER MERRA-2 PRECTOTCORR
2001-02-24,1.93,corn-mato-grosso,corn,-13.5,-56,NASA POWER MERRA-2 PRECTOTCORR
2001-02-25,7.21,corn-mato-grosso,corn,-13.5,-56,NASA POWER MERRA-2 PRECTOTCORR
2001-02-26,6.21,corn-mato-grosso,corn,-13.5,-56,NASA POWER MERRA-2 PRECTOTCORR
2001-02-27,8.97,corn-mato-grosso,corn,-13.5,-56,NASA POWER MERRA-2 PRECTOTCORR
2001-02-28,16.17,corn-mato-grosso,corn,-13.5,-56,NASA POWER MERRA-2 PRECTOTCORR
2001-03-01,10.42,corn-mato-grosso,corn,-13.5,-56,NASA POWER MERRA-2 PRECTOTCORR
2001-03-02,7.87,corn-mato-grosso,corn,-13.5,-56,NASA POWER MERRA-2 PRECTOTCORR
2001-03-03,13.82,corn-mato-grosso,corn,-13.5,-56,NASA POWER MERRA-2 PRECTOTCORR
2001-03-04,36.73,corn-mato-grosso,corn,-13.5,-56,NASA POWER MERRA-2 PRECTOTCORR
2001-03-05,23.16,corn-mato-grosso,corn,-13.5,-56,NASA POWER MERRA-2 PRECTOTCORR
2001-03-06,15.82,corn-mato-grosso,corn,-13.5,-56,NASA POWER MERRA-2 PRECTOTCORR
2001-03-07,2.69,corn-mato-grosso,corn,-13.5,-56,NASA POWER MERRA-2 PRECTOTCORR
2001-03-08,4.08,corn-mato-grosso,corn,-13.5,-56,NASA POWER MERRA-2 PRECTOTCORR
2001-03-09,16.91,corn-mato-grosso,corn,-13.5,-56,NASA POWER MERRA-2 PRECTOTCORR
2001-03-10,16.88,corn-mato-grosso,corn,-13.5,-56,NASA POWER MERRA-2 PRECTOTCORR
2001-03-11,21.08,corn-mato-grosso,corn,-13.5,-56,NASA POWER MERRA-2 PRECTOTCORR
2001-03-12,21.88,corn-mato-grosso,corn,-13.5,-56,NASA POWER MERRA-2 PRECTOTCORR
2001-03-13,27.83,corn-mato-grosso,corn,-13.5,-56,NASA POWER MERRA-2 PRECTOTCORR
2001-03-14,29.77,corn-mato-grosso,corn,-13.5,-56,NASA POWER MERRA-2 PRECTOTCORR
2001-03-15,1.87,corn-mato-grosso,corn,-13.5,-56,NASA POWER MERRA-2 PRECTOTCORR
2001-03-16,0.46,corn-mato-grosso,corn,-13.5,-56,NASA POWER MERRA-2 PRECTOTCORR
2001-03-17,0.07,corn-mato-grosso,corn,-13.5,-56,NASA POWER MERRA-2 PRECTOTCORR
2001-03-18,0.29,corn-mato-grosso,corn,-13.5,-56,NASA POWER MERRA-2 PRECTOTCORR
2001-03-19,2.84,corn-mato-grosso,corn,-13.5,-56,NASA POWER MERRA-2 PRECTOTCORR
2001-03-20,6.53,corn-mato-grosso,corn,-13.5,-56,NASA POWER MERRA-2 PRECTOTCORR
2001-03-21,1.29,corn-mato-grosso,corn,-13.5,-56,NASA POWER MERRA-2 PRECTOTCORR
2001-03-22,6.73,corn-mato-grosso,corn,-13.5,-56,NASA POWER MERRA-2 PRECTOTCORR
2001-03-23,2.03,corn-mato-grosso,corn,-13.5,-56,NASA POWER MERRA-2 PRECTOTCORR
2001-03-24,0.79,corn-mato-grosso,corn,-13.5,-56,NASA POWER MERRA-2 PRECTOTCORR
2001-03-25,7.02,corn-mato-grosso,corn,-13.5,-56,NASA POWER MERRA-2 PRECTOTCORR
2001-03-26,3.07,corn-mato-grosso,corn,-13.5,-56,NASA POWER MERRA-2 PRECTOTCORR
2001-03-27,5.73,corn-mato-grosso,corn,-13.5,-56,NASA POWER MERRA-2 PRECTOTCORR
2001-03-28,8.97,corn-mato-grosso,corn,-13.5,-56,NASA POWER MERRA-2 PRECTOTCORR
2001-03-29,1.73,corn-mato-grosso,corn,-13.5,-56,NASA POWER MERRA-2 PRECTOTCORR
2001-03-30,0.14,corn-mato-grosso,corn,-13.5,-56,NASA POWER MERRA-2 PRECTOTCORR
2001-03-31,16.15,corn-mato-grosso,corn,-13.5,-56,NASA POWER MERRA-2 PRECTOTCORR
2001-04-01,11.48,corn-mato-grosso,corn,-13.5,-56,NASA POWER MERRA-2 PRECTOTCORR
2001-04-02,13.27,corn-mato-grosso,corn,-13.5,-56,NASA POWER MERRA-2 PRECTOTCORR
2001-04-03,3.89,corn-mato-grosso,corn,-13.5,-56,NASA POWER MERRA-2 PRECTOTCORR
2001-04-04,1.55,corn-mato-grosso,corn,-13.5,-56,NASA POWER MERRA-2 PRECTOTCORR
2001-04-05,0.55,corn-mato-grosso,corn,-13.5,-56,NASA POWER MERRA-2 PRECTOTCORR
2001-04-06,8.65,corn-mato-grosso,corn,-13.5,-56,NASA POWER MERRA-2 PRECTOTCORR
2001-04-07,3.82,corn-mato-grosso,corn,-13.5,-56,NASA POWER MERRA-2 PRECTOTCORR
2001-04-08,0,corn-mato-grosso,corn,-13.5,-56,NASA POWER MERRA-2 PRECTOTCORR
2001-04-09,0,corn-mato-grosso,corn,-13.5,-56,NASA POWER MERRA-2 PRECTOTCORR
2001-04-10,0.04,corn-mato-grosso,corn,-13.5,-56,NASA POWER MERRA-2 PRECTOTCORR
2001-04-11,0.24,corn-mato-grosso,corn,-13.5,-56,NASA POWER MERRA-2 PRECTOTCORR
2001-04-12,0.03,corn-mato-grosso,corn,-13.5,-56,NASA POWER MERRA-2 PRECTOTCORR
2001-04-13,6.1,corn-mato-grosso,corn,-13.5,-56,NASA POWER MERRA-2 PRECTOTCORR
2001-04-14,0.05,corn-mato-grosso,corn,-13.5,-56,NASA POWER MERRA-2 PRECTOTCORR
2001-04-15,0.05,corn-mato-grosso,corn,-13.5,-56,NASA POWER MERRA-2 PRECTOTCORR
2001-04-16,0.41,corn-mato-grosso,corn,-13.5,-56,NASA POWER MERRA-2 PRECTOTCORR
2001-04-17,1.03,corn-mato-grosso,corn,-13.5,-56,NASA POWER MERRA-2 PRECTOTCORR
2001-04-18,8.02,corn-mato-grosso,corn,-13.5,-56,NASA POWER MERRA-2 PRECTOTCORR
2001-04-19,6.58,corn-mato-grosso,corn,-13.5,-56,NASA POWER MERRA-2 PRECTOTCORR
2001-04-20,0.38,corn-mato-grosso,corn,-13.5,-56,NASA POWER MERRA-2 PRECTOTCORR
2001-04-21,6.07,corn-mato-grosso,corn,-13.5,-56,NASA POWER MERRA-2 PRECTOTCORR
2001-04-22,7.25,corn-mato-grosso,corn,-13.5,-56,NASA POWER MERRA-2 PRECTOTCORR
2001-04-23,5.82,corn-mato-grosso,corn,-13.5,-56,NASA POWER MERRA-2 PRECTOTCORR
2001-04-24,13.4,corn-mato-grosso,corn,-13.5,-56,NASA POWER MERRA-2 PRECTOTCORR
2001-04-25,8.07,corn-mato-grosso,corn,-13.5,-56,NASA POWER MERRA-2 PRECTOTCORR
2001-04-26,0,corn-mato-grosso,corn,-13.5,-56,NASA POWER MERRA-2 PRECTOTCORR
2001-04-27,0,corn-mato-grosso,corn,-13.5,-56,NASA POWER MERRA-2 PRECTOTCORR
2001-04-28,0,corn-mato-grosso,corn,-13.5,-56,NASA POWER MERRA-2 PRECTOTCORR
2001-04-29,0,corn-mato-grosso,corn,-13.5,-56,NASA POWER MERRA-2 PRECTOTCORR
2001-04-30,0,corn-mato-grosso,corn,-13.5,-56,NASA POWER MERRA-2 PRECTOTCORR
2001-05-01,0.06,corn-mato-grosso,corn,-13.5,-56,NASA POWER MERRA-2 PRECTOTCORR
2001-05-02,0,corn-mato-grosso,corn,-13.5,-56,NASA POWER MERRA-2 PRECTOTCORR
2001-05-03,0.33,corn-mato-grosso,corn,-13.5,-56,NASA POWER MERRA-2 PRECTOTCORR
2001-05-04,1.17,corn-mato-grosso,corn,-13.5,-56,NASA POWER MERRA-2 PRECTOTCORR
2001-05-05,0,corn-mato-grosso,corn,-13.5,-56,NASA POWER MERRA-2 PRECTOTCORR
2001-05-06,0,corn-mato-grosso,corn,-13.5,-56,NASA POWER MERRA-2 PRECTOTCORR
2001-05-07,1.14,corn-mato-grosso,corn,-13.5,-56,NASA POWER MERRA-2 PRECTOTCORR
2001-05-08,0,corn-mato-grosso,corn,-13.5,-56,NASA POWER MERRA-2 PRECTOTCORR
2001-05-09,0,corn-mato-grosso,corn,-13.5,-56,NASA POWER MERRA-2 PRECTOTCORR
2001-05-10,0.03,corn-mato-grosso,corn,-13.5,-56,NASA POWER MERRA-2 PRECTOTCORR
2001-05-11,1.3,corn-mato-grosso,corn,-13.5,-56,NASA POWER MERRA-2 PRECTOTCORR
2001-05-12,0,corn-mato-grosso,corn,-13.5,-56,NASA POWER MERRA-2 PRECTOTCORR
2001-05-13,0.09,corn-mato-grosso,corn,-13.5,-56,NASA POWER MERRA-2 PRECTOTCORR
2001-05-14,0,corn-mato-grosso,corn,-13.5,-56,NASA POWER MERRA-2 PRECTOTCORR
2001-05-15,2.38,corn-mato-grosso,corn,-13.5,-56,NASA POWER MERRA-2 PRECTOTCORR
2001-05-16,4.59,corn-mato-grosso,corn,-13.5,-56,NASA POWER MERRA-2 PRECTOTCORR
2001-05-17,0.42,corn-mato-grosso,corn,-13.5,-56,NASA POWER MERRA-2 PRECTOTCORR
2001-05-18,0,corn-mato-grosso,corn,-13.5,-56,NASA POWER MERRA-2 PRECTOTCORR
2001-05-19,0,corn-mato-grosso,corn,-13.5,-56,NASA POWER MERRA-2 PRECTOTCORR
2001-05-20,0,corn-mato-grosso,corn,-13.5,-56,NASA POWER MERRA-2 PRECTOTCORR
2001-05-21,0,corn-mato-grosso,corn,-13.5,-56,NASA POWER MERRA-2 PRECTOTCORR
2001-05-22,0,corn-mato-grosso,corn,-13.5,-56,NASA POWER MERRA-2 PRECTOTCORR
2001-05-23,2.62,corn-mato-grosso,corn,-13.5,-56,NASA POWER MERRA-2 PRECTOTCORR
2001-05-24,28.65,corn-mato-grosso,corn,-13.5,-56,NASA POWER MERRA-2 PRECTOTCORR
2001-05-25,0.02,corn-mato-grosso,corn,-13.5,-56,NASA POWER MERRA-2 PRECTOTCORR
2001-05-26,13.91,corn-mato-grosso,corn,-13.5,-56,NASA POWER MERRA-2 PRECTOTCORR
2001-05-27,4.96,corn-mato-grosso,corn,-13.5,-56,NASA POWER MERRA-2 PRECTOTCORR
2001-05-28,0.17,corn-mato-grosso,corn,-13.5,-56,NASA POWER MERRA-2 PRECTOTCORR
2001-05-29,0,corn-mato-grosso,corn,-13.5,-56,NASA POWER MERRA-2 PRECTOTCORR
2001-05-30,0.15,corn-mato-grosso,corn,-13.5,-56,NASA POWER MERRA-2 PRECTOTCORR
2001-05-31,3.35,corn-mato-grosso,corn,-13.5,-56,NASA POWER MERRA-2 PRECTOTCORR
2001-06-01,2.22,corn-mato-grosso,corn,-13.5,-56,NASA POWER MERRA-2 PRECTOTCORR
2001-06-02,0.49,corn-mato-grosso,corn,-13.5,-56,NASA POWER MERRA-2 PRECTOTCORR
2001-06-03,0.08,corn-mato-grosso,corn,-13.5,-56,NASA POWER MERRA-2 PRECTOTCORR
2001-06-04,0.02,corn-mato-grosso,corn,-13.5,-56,NASA POWER MERRA-2 PRECTOTCORR
2001-06-05,0,corn-mato-grosso,corn,-13.5,-56,NASA POWER MERRA-2 PRECTOTCORR
2001-06-06,0,corn-mato-grosso,corn,-13.5,-56,NASA POWER MERRA-2 PRECTOTCORR
2001-06-07,0,corn-mato-grosso,corn,-13.5,-56,NASA POWER MERRA-2 PRECTOTCORR
2001-06-08,0,corn-mato-grosso,corn,-13.5,-56,NASA POWER MERRA-2 PRECTOTCORR
2001-06-09,0,corn-mato-grosso,corn,-13.5,-56,NASA POWER MERRA-2 PRECTOTCORR
2001-06-10,0,corn-mato-grosso,corn,-13.5,-56,NASA POWER MERRA-2 PRECTOTCORR
2001-06-11,0,corn-mato-grosso,corn,-13.5,-56,NASA POWER MERRA-2 PRECTOTCORR
2001-06-12,0,corn-mato-grosso,corn,-13.5,-56,NASA POWER MERRA-2 PRECTOTCORR
2001-06-13,0,corn-mato-grosso,corn,-13.5,-56,NASA POWER MERRA-2 PRECTOTCORR
2001-06-14,0,corn-mato-grosso,corn,-13.5,-56,NASA POWER MERRA-2 PRECTOTCORR
2001-06-15,0,corn-mato-grosso,corn,-13.5,-56,NASA POWER MERRA-2 PRECTOTCORR
2001-06-16,0.12,corn-mato-grosso,corn,-13.5,-56,NASA POWER MERRA-2 PRECTOTCORR
2001-06-17,0.14,corn-mato-grosso,corn,-13.5,-56,NASA POWER MERRA-2 PRECTOTCORR
2001-06-18,0.32,corn-mato-grosso,corn,-13.5,-56,NASA POWER MERRA-2 PRECTOTCORR
2001-06-19,0.19,corn-mato-grosso,corn,-13.5,-56,NASA POWER MERRA-2 PRECTOTCORR
2001-06-20,0,corn-mato-grosso,corn,-13.5,-56,NASA POWER MERRA-2 PRECTOTCORR
2001-06-21,0,corn-mato-grosso,corn,-13.5,-56,NASA POWER MERRA-2 PRECTOTCORR
2001-06-22,0,corn-mato-grosso,corn,-13.5,-56,NASA POWER MERRA-2 PRECTOTCORR
2001-06-23,0,corn-mato-grosso,corn,-13.5,-56,NASA POWER MERRA-2 PRECTOTCORR
2001-06-24,0,corn-mato-grosso,corn,-13.5,-56,NASA POWER MERRA-2 PRECTOTCORR
2001-06-25,0.05,corn-mato-grosso,corn,-13.5,-56,NASA POWER MERRA-2 PRECTOTCORR
2001-06-26,0,corn-mato-grosso,corn,-13.5,-56,NASA POWER MERRA-2 PRECTOTCORR
2001-06-27,0,corn-mato-grosso,corn,-13.5,-56,NASA POWER MERRA-2 PRECTOTCORR
2001-06-28,0,corn-mato-grosso,corn,-13.5,-56,NASA POWER MERRA-2 PRECTOTCORR
2001-06-29,0,corn-mato-grosso,corn,-13.5,-56,NASA POWER MERRA-2 PRECTOTCORR
2001-06-30,0,corn-mato-grosso,corn,-13.5,-56,NASA POWER MERRA-2 PRECTOTCORR
2001-07-01,0,corn-mato-grosso,corn,-13.5,-56,NASA POWER MERRA-2 PRECTOTCORR
2001-07-02,0,corn-mato-grosso,corn,-13.5,-56,NASA POWER MERRA-2 PRECTOTCORR
2001-07-03,0,corn-mato-grosso,corn,-13.5,-56,NASA POWER MERRA-2 PRECTOTCORR
2001-07-04,0,corn-mato-grosso,corn,-13.5,-56,NASA POWER MERRA-2 PRECTOTCORR
2001-07-05,0,corn-mato-grosso,corn,-13.5,-56,NASA POWER MERRA-2 PRECTOTCORR
2001-07-06,0,corn-mato-grosso,corn,-13.5,-56,NASA POWER MERRA-2 PRECTOTCORR
2001-07-07,0,corn-mato-grosso,corn,-13.5,-56,NASA POWER MERRA-2 PRECTOTCORR
2001-07-08,0,corn-mato-grosso,corn,-13.5,-56,NASA POWER MERRA-2 PRECTOTCORR
2001-07-09,0,corn-mato-grosso,corn,-13.5,-56,NASA POWER MERRA-2 PRECTOTCORR
2001-07-10,0,corn-mato-grosso,corn,-13.5,-56,NASA POWER MERRA-2 PRECTOTCORR
2001-07-11,0,corn-mato-grosso,corn,-13.5,-56,NASA POWER MERRA-2 PRECTOTCORR
2001-07-12,0.03,corn-mato-grosso,corn,-13.5,-56,NASA POWER MERRA-2 PRECTOTCORR
2001-07-13,0,corn-mato-grosso,corn,-13.5,-56,NASA POWER MERRA-2 PRECTOTCORR
2001-07-14,0,corn-mato-grosso,corn,-13.5,-56,NASA POWER MERRA-2 PRECTOTCORR
2001-07-15,0.09,corn-mato-grosso,corn,-13.5,-56,NASA POWER MERRA-2 PRECTOTCORR
2001-07-16,0,corn-mato-grosso,corn,-13.5,-56,NASA POWER MERRA-2 PRECTOTCORR
2001-07-17,0,corn-mato-grosso,corn,-13.5,-56,NASA POWER MERRA-2 PRECTOTCORR
2001-07-18,0,corn-mato-grosso,corn,-13.5,-56,NASA POWER MERRA-2 PRECTOTCORR
2001-07-19,0,corn-mato-grosso,corn,-13.5,-56,NASA POWER MERRA-2 PRECTOTCORR
2001-07-20,0,corn-mato-grosso,corn,-13.5,-56,NASA POWER MERRA-2 PRECTOTCORR
2001-07-21,0.07,corn-mato-grosso,corn,-13.5,-56,NASA POWER MERRA-2 PRECTOTCORR
2001-07-22,0.04,corn-mato-grosso,corn,-13.5,-56,NASA POWER MERRA-2 PRECTOTCORR
2001-07-23,0.01,corn-mato-grosso,corn,-13.5,-56,NASA POWER MERRA-2 PRECTOTCORR
2001-07-24,0,corn-mato-grosso,corn,-13.5,-56,NASA POWER MERRA-2 PRECTOTCORR
2001-07-25,0.03,corn-mato-grosso,corn,-13.5,-56,NASA POWER MERRA-2 PRECTOTCORR
2001-07-26,0.4,corn-mato-grosso,corn,-13.5,-56,NASA POWER MERRA-2 PRECTOTCORR
2001-07-27,0.55,corn-mato-grosso,corn,-13.5,-56,NASA POWER MERRA-2 PRECTOTCORR
2001-07-28,0,corn-mato-grosso,corn,-13.5,-56,NASA POWER MERRA-2 PRECTOTCORR
2001-07-29,0,corn-mato-grosso,corn,-13.5,-56,NASA POWER MERRA-2 PRECTOTCORR
2001-07-30,0,corn-mato-grosso,corn,-13.5,-56,NASA POWER MERRA-2 PRECTOTCORR
2001-07-31,0,corn-mato-grosso,corn,-13.5,-56,NASA POWER MERRA-2 PRECTOTCORR
2001-08-01,0,corn-mato-grosso,corn,-13.5,-56,NASA POWER MERRA-2 PRECTOTCORR
2001-08-02,0,corn-mato-grosso,corn,-13.5,-56,NASA POWER MERRA-2 PRECTOTCORR
2001-08-03,0,corn-mato-grosso,corn,-13.5,-56,NASA POWER MERRA-2 PRECTOTCORR
2001-08-04,0,corn-mato-grosso,corn,-13.5,-56,NASA POWER MERRA-2 PRECTOTCORR
2001-08-05,0,corn-mato-grosso,corn,-13.5,-56,NASA POWER MERRA-2 PRECTOTCORR
2001-08-06,0,corn-mato-grosso,corn,-13.5,-56,NASA POWER MERRA-2 PRECTOTCORR
2001-08-07,0,corn-mato-grosso,corn,-13.5,-56,NASA POWER MERRA-2 PRECTOTCORR
2001-08-08,0,corn-mato-grosso,corn,-13.5,-56,NASA POWER MERRA-2 PRECTOTCORR
2001-08-09,0,corn-mato-grosso,corn,-13.5,-56,NASA POWER MERRA-2 PRECTOTCORR
2001-08-10,0,corn-mato-grosso,corn,-13.5,-56,NASA POWER MERRA-2 PRECTOTCORR
2001-08-11,0,corn-mato-grosso,corn,-13.5,-56,NASA POWER MERRA-2 PRECTOTCORR
2001-08-12,0,corn-mato-grosso,corn,-13.5,-56,NASA POWER MERRA-2 PRECTOTCORR
2001-08-13,0,corn-mato-grosso,corn,-13.5,-56,NASA POWER MERRA-2 PRECTOTCORR
2001-08-14,0,corn-mato-grosso,corn,-13.5,-56,NASA POWER MERRA-2 PRECTOTCORR
2001-08-15,0,corn-mato-grosso,corn,-13.5,-56,NASA POWER MERRA-2 PRECTOTCORR
2001-08-16,0,corn-mato-grosso,corn,-13.5,-56,NASA POWER MERRA-2 PRECTOTCORR
2001-08-17,0,corn-mato-grosso,corn,-13.5,-56,NASA POWER MERRA-2 PRECTOTCORR
2001-08-18,0,corn-mato-grosso,corn,-13.5,-56,NASA POWER MERRA-2 PRECTOTCORR
2001-08-19,0,corn-mato-grosso,corn,-13.5,-56,NASA POWER MERRA-2 PRECTOTCORR
2001-08-20,0,corn-mato-grosso,corn,-13.5,-56,NASA POWER MERRA-2 PRECTOTCORR
2001-08-21,0,corn-mato-grosso,corn,-13.5,-56,NASA POWER MERRA-2 PRECTOTCORR
2001-08-22,0,corn-mato-grosso,corn,-13.5,-56,NASA POWER MERRA-2 PRECTOTCORR
2001-08-23,0.01,corn-mato-grosso,corn,-13.5,-56,NASA POWER MERRA-2 PRECTOTCORR
2001-08-24,0.06,corn-mato-grosso,corn,-13.5,-56,NASA POWER MERRA-2 PRECTOTCORR
2001-08-25,0.5,corn-mato-grosso,corn,-13.5,-56,NASA POWER MERRA-2 PRECTOTCORR
2001-08-26,0.15,corn-mato-grosso,corn,-13.5,-56,NASA POWER MERRA-2 PRECTOTCORR
2001-08-27,1.7,corn-mato-grosso,corn,-13.5,-56,NASA POWER MERRA-2 PRECTOTCORR
2001-08-28,1.62,corn-mato-grosso,corn,-13.5,-56,NASA POWER MERRA-2 PRECTOTCORR
2001-08-29,0.17,corn-mato-grosso,corn,-13.5,-56,NASA POWER MERRA-2 PRECTOTCORR
2001-08-30,1.8,corn-mato-grosso,corn,-13.5,-56,NASA POWER MERRA-2 PRECTOTCORR
2001-08-31,0.52,corn-mato-grosso,corn,-13.5,-56,NASA POWER MERRA-2 PRECTOTCORR
2001-09-01,0.46,corn-mato-grosso,corn,-13.5,-56,NASA POWER MERRA-2 PRECTOTCORR
2001-09-02,0.93,corn-mato-grosso,corn,-13.5,-56,NASA POWER MERRA-2 PRECTOTCORR
2001-09-03,0.29,corn-mato-grosso,corn,-13.5,-56,NASA POWER MERRA-2 PRECTOTCORR
2001-09-04,0.98,corn-mato-grosso,corn,-13.5,-56,NASA POWER MERRA-2 PRECTOTCORR
2001-09-05,0.04,corn-mato-grosso,corn,-13.5,-56,NASA POWER MERRA-2 PRECTOTCORR
2001-09-06,0,corn-mato-grosso,corn,-13.5,-56,NASA POWER MERRA-2 PRECTOTCORR
2001-09-07,0,corn-mato-grosso,corn,-13.5,-56,NASA POWER MERRA-2 PRECTOTCORR
2001-09-08,0,corn-mato-grosso,corn,-13.5,-56,NASA POWER MERRA-2 PRECTOTCORR
2001-09-09,0.92,corn-mato-grosso,corn,-13.5,-56,NASA POWER MERRA-2 PRECTOTCORR
2001-09-10,0.1,corn-mato-grosso,corn,-13.5,-56,NASA POWER MERRA-2 PRECTOTCORR
2001-09-11,0.16,corn-mato-grosso,corn,-13.5,-56,NASA POWER MERRA-2 PRECTOTCORR
2001-09-12,2.51,corn-mato-grosso,corn,-13.5,-56,NASA POWER MERRA-2 PRECTOTCORR
2001-09-13,0.19,corn-mato-grosso,corn,-13.5,-56,NASA POWER MERRA-2 PRECTOTCORR
2001-09-14,4.81,corn-mato-grosso,corn,-13.5,-56,NASA POWER MERRA-2 PRECTOTCORR
2001-09-15,1.93,corn-mato-grosso,corn,-13.5,-56,NASA POWER MERRA-2 PRECTOTCORR
2001-09-16,7.77,corn-mato-grosso,corn,-13.5,-56,NASA POWER MERRA-2 PRECTOTCORR
2001-09-17,0,corn-mato-grosso,corn,-13.5,-56,NASA POWER MERRA-2 PRECTOTCORR
2001-09-18,0,corn-mato-grosso,corn,-13.5,-56,NASA POWER MERRA-2 PRECTOTCORR
2001-09-19,0,corn-mato-grosso,corn,-13.5,-56,NASA POWER MERRA-2 PRECTOTCORR
2001-09-20,0.03,corn-mato-grosso,corn,-13.5,-56,NASA POWER MERRA-2 PRECTOTCORR
2001-09-21,0.49,corn-mato-grosso,corn,-13.5,-56,NASA POWER MERRA-2 PRECTOTCORR
2001-09-22,0.56,corn-mato-grosso,corn,-13.5,-56,NASA POWER MERRA-2 PRECTOTCORR
2001-09-23,1.37,corn-mato-grosso,corn,-13.5,-56,NASA POWER MERRA-2 PRECTOTCORR
2001-09-24,0.31,corn-mato-grosso,corn,-13.5,-56,NASA POWER MERRA-2 PRECTOTCORR
2001-09-25,1.04,corn-mato-grosso,corn,-13.5,-56,NASA POWER MERRA-2 PRECTOTCORR
2001-09-26,6.12,corn-mato-grosso,corn,-13.5,-56,NASA POWER MERRA-2 PRECTOTCORR
2001-09-27,3.45,corn-mato-grosso,corn,-13.5,-56,NASA POWER MERRA-2 PRECTOTCORR
2001-09-28,0.44,corn-mato-grosso,corn,-13.5,-56,NASA POWER MERRA-2 PRECTOTCORR
2001-09-29,0.34,corn-mato-grosso,corn,-13.5,-56,NASA POWER MERRA-2 PRECTOTCORR
2001-09-30,3.54,corn-mato-grosso,corn,-13.5,-56,NASA POWER MERRA-2 PRECTOTCORR
2001-10-01,1.15,corn-mato-grosso,corn,-13.5,-56,NASA POWER MERRA-2 PRECTOTCORR
2001-10-02,6.05,corn-mato-grosso,corn,-13.5,-56,NASA POWER MERRA-2 PRECTOTCORR
2001-10-03,0.57,corn-mato-grosso,corn,-13.5,-56,NASA POWER MERRA-2 PRECTOTCORR
2001-10-04,0.38,corn-mato-grosso,corn,-13.5,-56,NASA POWER MERRA-2 PRECTOTCORR
2001-10-05,1.77,corn-mato-grosso,corn,-13.5,-56,NASA POWER MERRA-2 PRECTOTCORR
2001-10-06,0.02,corn-mato-grosso,corn,-13.5,-56,NASA POWER MERRA-2 PRECTOTCORR
2001-10-07,5.38,corn-mato-grosso,corn,-13.5,-56,NASA POWER MERRA-2 PRECTOTCORR
2001-10-08,3.98,corn-mato-grosso,corn,-13.5,-56,NASA POWER MERRA-2 PRECTOTCORR
2001-10-09,5.55,corn-mato-grosso,corn,-13.5,-56,NASA POWER MERRA-2 PRECTOTCORR
2001-10-10,10.15,corn-mato-grosso,corn,-13.5,-56,NASA POWER MERRA-2 PRECTOTCORR
2001-10-11,20.3,corn-mato-grosso,corn,-13.5,-56,NASA POWER MERRA-2 PRECTOTCORR
2001-10-12,31.13,corn-mato-grosso,corn,-13.5,-56,NASA POWER MERRA-2 PRECTOTCORR
2001-10-13,7.19,corn-mato-grosso,corn,-13.5,-56,NASA POWER MERRA-2 PRECTOTCORR
2001-10-14,10.93,corn-mato-grosso,corn,-13.5,-56,NASA POWER MERRA-2 PRECTOTCORR
2001-10-15,1.1,corn-mato-grosso,corn,-13.5,-56,NASA POWER MERRA-2 PRECTOTCORR
2001-10-16,6.56,corn-mato-grosso,corn,-13.5,-56,NASA POWER MERRA-2 PRECTOTCORR
2001-10-17,14.37,corn-mato-grosso,corn,-13.5,-56,NASA POWER MERRA-2 PRECTOTCORR
2001-10-18,11.24,corn-mato-grosso,corn,-13.5,-56,NASA POWER MERRA-2 PRECTOTCORR
2001-10-19,13.37,corn-mato-grosso,corn,-13.5,-56,NASA POWER MERRA-2 PRECTOTCORR
2001-10-20,2.15,corn-mato-grosso,corn,-13.5,-56,NASA POWER MERRA-2 PRECTOTCORR
2001-10-21,3.29,corn-mato-grosso,corn,-13.5,-56,NASA POWER MERRA-2 PRECTOTCORR
2001-10-22,0.03,corn-mato-grosso,corn,-13.5,-56,NASA POWER MERRA-2 PRECTOTCORR
2001-10-23,0,corn-mato-grosso,corn,-13.5,-56,NASA POWER MERRA-2 PRECTOTCORR
2001-10-24,0,corn-mato-grosso,corn,-13.5,-56,NASA POWER MERRA-2 PRECTOTCORR
2001-10-25,0,corn-mato-grosso,corn,-13.5,-56,NASA POWER MERRA-2 PRECTOTCORR
2001-10-26,0.52,corn-mato-grosso,corn,-13.5,-56,NASA POWER MERRA-2 PRECTOTCORR
2001-10-27,11.26,corn-mato-grosso,corn,-13.5,-56,NASA POWER MERRA-2 PRECTOTCORR
2001-10-28,2.12,corn-mato-grosso,corn,-13.5,-56,NASA POWER MERRA-2 PRECTOTCORR
2001-10-29,3.45,corn-mato-grosso,corn,-13.5,-56,NASA POWER MERRA-2 PRECTOTCORR
2001-10-30,0.41,corn-mato-grosso,corn,-13.5,-56,NASA POWER MERRA-2 PRECTOTCORR
2001-10-31,7.78,corn-mato-grosso,corn,-13.5,-56,NASA POWER MERRA-2 PRECTOTCORR
2001-11-01,3.15,corn-mato-grosso,corn,-13.5,-56,NASA POWER MERRA-2 PRECTOTCORR
2001-11-02,2.5,corn-mato-grosso,corn,-13.5,-56,NASA POWER MERRA-2 PRECTOTCORR
2001-11-03,17.19,corn-mato-grosso,corn,-13.5,-56,NASA POWER MERRA-2 PRECTOTCORR
2001-11-04,1.18,corn-mato-grosso,corn,-13.5,-56,NASA POWER MERRA-2 PRECTOTCORR
2001-11-05,4,corn-mato-grosso,corn,-13.5,-56,NASA POWER MERRA-2 PRECTOTCORR
2001-11-06,5.57,corn-mato-grosso,corn,-13.5,-56,NASA POWER MERRA-2 PRECTOTCORR
2001-11-07,21.89,corn-mato-grosso,corn,-13.5,-56,NASA POWER MERRA-2 PRECTOTCORR
2001-11-08,8.55,corn-mato-grosso,corn,-13.5,-56,NASA POWER MERRA-2 PRECTOTCORR
2001-11-09,1,corn-mato-grosso,corn,-13.5,-56,NASA POWER MERRA-2 PRECTOTCORR
2001-11-10,1.01,corn-mato-grosso,corn,-13.5,-56,NASA POWER MERRA-2 PRECTOTCORR
2001-11-11,6.15,corn-mato-grosso,corn,-13.5,-56,NASA POWER MERRA-2 PRECTOTCORR
2001-11-12,3.62,corn-mato-grosso,corn,-13.5,-56,NASA POWER MERRA-2 PRECTOTCORR
2001-11-13,2.26,corn-mato-grosso,corn,-13.5,-56,NASA POWER MERRA-2 PRECTOTCORR
2001-11-14,3.64,corn-mato-grosso,corn,-13.5,-56,NASA POWER MERRA-2 PRECTOTCORR
2001-11-15,30.9,corn-mato-grosso,corn,-13.5,-56,NASA POWER MERRA-2 PRECTOTCORR
2001-11-16,14.62,corn-mato-grosso,corn,-13.5,-56,NASA POWER MERRA-2 PRECTOTCORR
2001-11-17,22.76,corn-mato-grosso,corn,-13.5,-56,NASA POWER MERRA-2 PRECTOTCORR
2001-11-18,14.3,corn-mato-grosso,corn,-13.5,-56,NASA POWER MERRA-2 PRECTOTCORR
2001-11-19,17.9,corn-mato-grosso,corn,-13.5,-56,NASA POWER MERRA-2 PRECTOTCORR
2001-11-20,0.16,corn-mato-grosso,corn,-13.5,-56,NASA POWER MERRA-2 PRECTOTCORR
2001-11-21,3.38,corn-mato-grosso,corn,-13.5,-56,NASA POWER MERRA-2 PRECTOTCORR
2001-11-22,1.79,corn-mato-grosso,corn,-13.5,-56,NASA POWER MERRA-2 PRECTOTCORR
2001-11-23,0.81,corn-mato-grosso,corn,-13.5,-56,NASA POWER MERRA-2 PRECTOTCORR
2001-11-24,7.11,corn-mato-grosso,corn,-13.5,-56,NASA POWER MERRA-2 PRECTOTCORR
2001-11-25,2.82,corn-mato-grosso,corn,-13.5,-56,NASA POWER MERRA-2 PRECTOTCORR
2001-11-26,10.04,corn-mato-grosso,corn,-13.5,-56,NASA POWER MERRA-2 PRECTOTCORR
2001-11-27,10.92,corn-mato-grosso,corn,-13.5,-56,NASA POWER MERRA-2 PRECTOTCORR
2001-11-28,18.29,corn-mato-grosso,corn,-13.5,-56,NASA POWER MERRA-2 PRECTOTCORR
2001-11-29,3.4,corn-mato-grosso,corn,-13.5,-56,NASA POWER MERRA-2 PRECTOTCORR
2001-11-30,16.81,corn-mato-grosso,corn,-13.5,-56,NASA POWER MERRA-2 PRECTOTCORR
2001-12-01,10.19,corn-mato-grosso,corn,-13.5,-56,NASA POWER MERRA-2 PRECTOTCORR
2001-12-02,6.63,corn-mato-grosso,corn,-13.5,-56,NASA POWER MERRA-2 PRECTOTCORR
2001-12-03,6.75,corn-mato-grosso,corn,-13.5,-56,NASA POWER MERRA-2 PRECTOTCORR
2001-12-04,6.51,corn-mato-grosso,corn,-13.5,-56,NASA POWER MERRA-2 PRECTOTCORR
2001-12-05,9.57,corn-mato-grosso,corn,-13.5,-56,NASA POWER MERRA-2 PRECTOTCORR
2001-12-06,17.8,corn-mato-grosso,corn,-13.5,-56,NASA POWER MERRA-2 PRECTOTCORR
2001-12-07,4.4,corn-mato-grosso,corn,-13.5,-56,NASA POWER MERRA-2 PRECTOTCORR
2001-12-08,26.34,corn-mato-grosso,corn,-13.5,-56,NASA POWER MERRA-2 PRECTOTCORR
2001-12-09,21.64,corn-mato-grosso,corn,-13.5,-56,NASA POWER MERRA-2 PRECTOTCORR
2001-12-10,7.75,corn-mato-grosso,corn,-13.5,-56,NASA POWER MERRA-2 PRECTOTCORR
2001-12-11,9.83,corn-mato-grosso,corn,-13.5,-56,NASA POWER MERRA-2 PRECTOTCORR
2001-12-12,6.49,corn-mato-grosso,corn,-13.5,-56,NASA POWER MERRA-2 PRECTOTCORR
2001-12-13,18.62,corn-mato-grosso,corn,-13.5,-56,NASA POWER MERRA-2 PRECTOTCORR
2001-12-14,6.05,corn-mato-grosso,corn,-13.5,-56,NASA POWER MERRA-2 PRECTOTCORR
2001-12-15,3.76,corn-mato-grosso,corn,-13.5,-56,NASA POWER MERRA-2 PRECTOTCORR
2001-12-16,13.42,corn-mato-grosso,corn,-13.5,-56,NASA POWER MERRA-2 PRECTOTCORR
2001-12-17,2.88,corn-mato-grosso,corn,-13.5,-56,NASA POWER MERRA-2 PRECTOTCORR
2001-12-18,5.88,corn-mato-grosso,corn,-13.5,-56,NASA POWER MERRA-2 PRECTOTCORR
2001-12-19,26.3,corn-mato-grosso,corn,-13.5,-56,NASA POWER MERRA-2 PRECTOTCORR
2001-12-20,28.15,corn-mato-grosso,corn,-13.5,-56,NASA POWER MERRA-2 PRECTOTCORR
2001-12-21,9.4,corn-mato-grosso,corn,-13.5,-56,NASA POWER MERRA-2 PRECTOTCORR
2001-12-22,17.28,corn-mato-grosso,corn,-13.5,-56,NASA POWER MERRA-2 PRECTOTCORR
2001-12-23,11.66,corn-mato-grosso,corn,-13.5,-56,NASA POWER MERRA-2 PRECTOTCORR
2001-12-24,16.48,corn-mato-grosso,corn,-13.5,-56,NASA POWER MERRA-2 PRECTOTCORR
2001-12-25,9.76,corn-mato-grosso,corn,-13.5,-56,NASA POWER MERRA-2 PRECTOTCORR
2001-12-26,13.52,corn-mato-grosso,corn,-13.5,-56,NASA POWER MERRA-2 PRECTOTCORR
2001-12-27,5.76,corn-mato-grosso,corn,-13.5,-56,NASA POWER MERRA-2 PRECTOTCORR
2001-12-28,7.87,corn-mato-grosso,corn,-13.5,-56,NASA POWER MERRA-2 PRECTOTCORR
2001-12-29,5.44,corn-mato-grosso,corn,-13.5,-56,NASA POWER MERRA-2 PRECTOTCORR
2001-12-30,8.12,corn-mato-grosso,corn,-13.5,-56,NASA POWER MERRA-2 PRECTOTCORR
2001-12-31,23.58,corn-mato-grosso,corn,-13.5,-56,NASA POWER MERRA-2 PRECTOTCORR
2002-01-01,13.39,corn-mato-grosso,corn,-13.5,-56,NASA POWER MERRA-2 PRECTOTCORR
2002-01-02,19.87,corn-mato-grosso,corn,-13.5,-56,NASA POWER MERRA-2 PRECTOTCORR
2002-01-03,3.31,corn-mato-grosso,corn,-13.5,-56,NASA POWER MERRA-2 PRECTOTCORR
2002-01-04,3.64,corn-mato-grosso,corn,-13.5,-56,NASA POWER MERRA-2 PRECTOTCORR
2002-01-05,23.1,corn-mato-grosso,corn,-13.5,-56,NASA POWER MERRA-2 PRECTOTCORR
2002-01-06,19.77,corn-mato-grosso,corn,-13.5,-56,NASA POWER MERRA-2 PRECTOTCORR
2002-01-07,23.96,corn-mato-grosso,corn,-13.5,-56,NASA POWER MERRA-2 PRECTOTCORR
2002-01-08,14.26,corn-mato-grosso,corn,-13.5,-56,NASA POWER MERRA-2 PRECTOTCORR
2002-01-09,12.28,corn-mato-grosso,corn,-13.5,-56,NASA POWER MERRA-2 PRECTOTCORR
2002-01-10,45.5,corn-mato-grosso,corn,-13.5,-56,NASA POWER MERRA-2 PRECTOTCORR
2002-01-11,35.25,corn-mato-grosso,corn,-13.5,-56,NASA POWER MERRA-2 PRECTOTCORR
2002-01-12,3.85,corn-mato-grosso,corn,-13.5,-56,NASA POWER MERRA-2 PRECTOTCORR
2002-01-13,10.84,corn-mato-grosso,corn,-13.5,-56,NASA POWER MERRA-2 PRECTOTCORR
2002-01-14,6.26,corn-mato-grosso,corn,-13.5,-56,NASA POWER MERRA-2 PRECTOTCORR
2002-01-15,25.88,corn-mato-grosso,corn,-13.5,-56,NASA POWER MERRA-2 PRECTOTCORR
2002-01-16,2.73,corn-mato-grosso,corn,-13.5,-56,NASA POWER MERRA-2 PRECTOTCORR
2002-01-17,0.79,corn-mato-grosso,corn,-13.5,-56,NASA POWER MERRA-2 PRECTOTCORR
2002-01-18,4.05,corn-mato-grosso,corn,-13.5,-56,NASA POWER MERRA-2 PRECTOTCORR
2002-01-19,0.05,corn-mato-grosso,corn,-13.5,-56,NASA POWER MERRA-2 PRECTOTCORR
2002-01-20,3.14,corn-mato-grosso,corn,-13.5,-56,NASA POWER MERRA-2 PRECTOTCORR
2002-01-21,1.73,corn-mato-grosso,corn,-13.5,-56,NASA POWER MERRA-2 PRECTOTCORR
2002-01-22,2.72,corn-mato-grosso,corn,-13.5,-56,NASA POWER MERRA-2 PRECTOTCORR
2002-01-23,0.49,corn-mato-grosso,corn,-13.5,-56,NASA POWER MERRA-2 PRECTOTCORR
2002-01-24,3.71,corn-mato-grosso,corn,-13.5,-56,NASA POWER MERRA-2 PRECTOTCORR
2002-01-25,0.68,corn-mato-grosso,corn,-13.5,-56,NASA POWER MERRA-2 PRECTOTCORR
2002-01-26,1.45,corn-mato-grosso,corn,-13.5,-56,NASA POWER MERRA-2 PRECTOTCORR
2002-01-27,2.86,corn-mato-grosso,corn,-13.5,-56,NASA POWER MERRA-2 PRECTOTCORR
2002-01-28,10.37,corn-mato-grosso,corn,-13.5,-56,NASA POWER MERRA-2 PRECTOTCORR
2002-01-29,7.39,corn-mato-grosso,corn,-13.5,-56,NASA POWER MERRA-2 PRECTOTCORR
2002-01-30,1.65,corn-mato-grosso,corn,-13.5,-56,NASA POWER MERRA-2 PRECTOTCORR
2002-01-31,0.39,corn-mato-grosso,corn,-13.5,-56,NASA POWER MERRA-2 PRECTOTCORR
2002-02-01,0.99,corn-mato-grosso,corn,-13.5,-56,NASA POWER MERRA-2 PRECTOTCORR
2002-02-02,3.73,corn-mato-grosso,corn,-13.5,-56,NASA POWER MERRA-2 PRECTOTCORR
2002-02-03,8.35,corn-mato-grosso,corn,-13.5,-56,NASA POWER MERRA-2 PRECTOTCORR
2002-02-04,36.72,corn-mato-grosso,corn,-13.5,-56,NASA POWER MERRA-2 PRECTOTCORR
2002-02-05,22.18,corn-mato-grosso,corn,-13.5,-56,NASA POWER MERRA-2 PRECTOTCORR
2002-02-06,12.86,corn-mato-grosso,corn,-13.5,-56,NASA POWER MERRA-2 PRECTOTCORR
2002-02-07,12.46,corn-mato-grosso,corn,-13.5,-56,NASA POWER MERRA-2 PRECTOTCORR
2002-02-08,14.45,corn-mato-grosso,corn,-13.5,-56,NASA POWER MERRA-2 PRECTOTCORR
2002-02-09,15.12,corn-mato-grosso,corn,-13.5,-56,NASA POWER MERRA-2 PRECTOTCORR
2002-02-10,8.58,corn-mato-grosso,corn,-13.5,-56,NASA POWER MERRA-2 PRECTOTCORR
2002-02-11,27.72,corn-mato-grosso,corn,-13.5,-56,NASA POWER MERRA-2 PRECTOTCORR
2002-02-12,5.24,corn-mato-grosso,corn,-13.5,-56,NASA POWER MERRA-2 PRECTOTCORR
2002-02-13,1.37,corn-mato-grosso,corn,-13.5,-56,NASA POWER MERRA-2 PRECTOTCORR
2002-02-14,14.39,corn-mato-grosso,corn,-13.5,-56,NASA POWER MERRA-2 PRECTOTCORR
2002-02-15,17.05,corn-mato-grosso,corn,-13.5,-56,NASA POWER MERRA-2 PRECTOTCORR
2002-02-16,6.97,corn-mato-grosso,corn,-13.5,-56,NASA POWER MERRA-2 PRECTOTCORR
2002-02-17,2.95,corn-mato-grosso,corn,-13.5,-56,NASA POWER MERRA-2 PRECTOTCORR
2002-02-18,13.74,corn-mato-grosso,corn,-13.5,-56,NASA POWER MERRA-2 PRECTOTCORR
2002-02-19,10.55,corn-mato-grosso,corn,-13.5,-56,NASA POWER MERRA-2 PRECTOTCORR
2002-02-20,39.96,corn-mato-grosso,corn,-13.5,-56,NASA POWER MERRA-2 PRECTOTCORR
2002-02-21,15.04,corn-mato-grosso,corn,-13.5,-56,NASA POWER MERRA-2 PRECTOTCORR
2002-02-22,9.29,corn-mato-grosso,corn,-13.5,-56,NASA POWER MERRA-2 PRECTOTCORR
2002-02-23,15.35,corn-mato-grosso,corn,-13.5,-56,NASA POWER MERRA-2 PRECTOTCORR
2002-02-24,10.26,corn-mato-grosso,corn,-13.5,-56,NASA POWER MERRA-2 PRECTOTCORR
2002-02-25,16.62,corn-mato-grosso,corn,-13.5,-56,NASA POWER MERRA-2 PRECTOTCORR
2002-02-26,18.72,corn-mato-grosso,corn,-13.5,-56,NASA POWER MERRA-2 PRECTOTCORR
2002-02-27,29.12,corn-mato-grosso,corn,-13.5,-56,NASA POWER MERRA-2 PRECTOTCORR
2002-02-28,6.2,corn-mato-grosso,corn,-13.5,-56,NASA POWER MERRA-2 PRECTOTCORR
2002-03-01,7.22,corn-mato-grosso,corn,-13.5,-56,NASA POWER MERRA-2 PRECTOTCORR
2002-03-02,0.44,corn-mato-grosso,corn,-13.5,-56,NASA POWER MERRA-2 PRECTOTCORR
2002-03-03,0.81,corn-mato-grosso,corn,-13.5,-56,NASA POWER MERRA-2 PRECTOTCORR
2002-03-04,12.18,corn-mato-grosso,corn,-13.5,-56,NASA POWER MERRA-2 PRECTOTCORR
2002-03-05,3.14,corn-mato-grosso,corn,-13.5,-56,NASA POWER MERRA-2 PRECTOTCORR
2002-03-06,4.19,corn-mato-grosso,corn,-13.5,-56,NASA POWER MERRA-2 PRECTOTCORR
2002-03-07,15.11,corn-mato-grosso,corn,-13.5,-56,NASA POWER MERRA-2 PRECTOTCORR
2002-03-08,8.52,corn-mato-grosso,corn,-13.5,-56,NASA POWER MERRA-2 PRECTOTCORR
2002-03-09,3.73,corn-mato-grosso,corn,-13.5,-56,NASA POWER MERRA-2 PRECTOTCORR
2002-03-10,7.79,corn-mato-grosso,corn,-13.5,-56,NASA POWER MERRA-2 PRECTOTCORR
2002-03-11,3.29,corn-mato-grosso,corn,-13.5,-56,NASA POWER MERRA-2 PRECTOTCORR
2002-03-12,0.7,corn-mato-grosso,corn,-13.5,-56,NASA POWER MERRA-2 PRECTOTCORR
2002-03-13,0,corn-mato-grosso,corn,-13.5,-56,NASA POWER MERRA-2 PRECTOTCORR
2002-03-14,0.52,corn-mato-grosso,corn,-13.5,-56,NASA POWER MERRA-2 PRECTOTCORR
2002-03-15,14.41,corn-mato-grosso,corn,-13.5,-56,NASA POWER MERRA-2 PRECTOTCORR
2002-03-16,3.27,corn-mato-grosso,corn,-13.5,-56,NASA POWER MERRA-2 PRECTOTCORR
2002-03-17,1.21,corn-mato-grosso,corn,-13.5,-56,NASA POWER MERRA-2 PRECTOTCORR
2002-03-18,19.16,corn-mato-grosso,corn,-13.5,-56,NASA POWER MERRA-2 PRECTOTCORR
2002-03-19,3.88,corn-mato-grosso,corn,-13.5,-56,NASA POWER MERRA-2 PRECTOTCORR
2002-03-20,7.54,corn-mato-grosso,corn,-13.5,-56,NASA POWER MERRA-2 PRECTOTCORR
2002-03-21,16.73,corn-mato-grosso,corn,-13.5,-56,NASA POWER MERRA-2 PRECTOTCORR
2002-03-22,27.46,corn-mato-grosso,corn,-13.5,-56,NASA POWER MERRA-2 PRECTOTCORR
2002-03-23,31.21,corn-mato-grosso,corn,-13.5,-56,NASA POWER MERRA-2 PRECTOTCORR
2002-03-24,5.15,corn-mato-grosso,corn,-13.5,-56,NASA POWER MERRA-2 PRECTOTCORR
2002-03-25,17.36,corn-mato-grosso,corn,-13.5,-56,NASA POWER MERRA-2 PRECTOTCORR
2002-03-26,19.43,corn-mato-grosso,corn,-13.5,-56,NASA POWER MERRA-2 PRECTOTCORR
2002-03-27,5.86,corn-mato-grosso,corn,-13.5,-56,NASA POWER MERRA-2 PRECTOTCORR
2002-03-28,6.72,corn-mato-grosso,corn,-13.5,-56,NASA POWER MERRA-2 PRECTOTCORR
2002-03-29,0.01,corn-mato-grosso,corn,-13.5,-56,NASA POWER MERRA-2 PRECTOTCORR
2002-03-30,0.63,corn-mato-grosso,corn,-13.5,-56,NASA POWER MERRA-2 PRECTOTCORR
2002-03-31,2.61,corn-mato-grosso,corn,-13.5,-56,NASA POWER MERRA-2 PRECTOTCORR
2002-04-01,2.97,corn-mato-grosso,corn,-13.5,-56,NASA POWER MERRA-2 PRECTOTCORR
2002-04-02,0.37,corn-mato-grosso,corn,-13.5,-56,NASA POWER MERRA-2 PRECTOTCORR
2002-04-03,3.44,corn-mato-grosso,corn,-13.5,-56,NASA POWER MERRA-2 PRECTOTCORR
2002-04-04,1.91,corn-mato-grosso,corn,-13.5,-56,NASA POWER MERRA-2 PRECTOTCORR
2002-04-05,0.23,corn-mato-grosso,corn,-13.5,-56,NASA POWER MERRA-2 PRECTOTCORR
2002-04-06,0.19,corn-mato-grosso,corn,-13.5,-56,NASA POWER MERRA-2 PRECTOTCORR
2002-04-07,0.17,corn-mato-grosso,corn,-13.5,-56,NASA POWER MERRA-2 PRECTOTCORR
2002-04-08,9.4,corn-mato-grosso,corn,-13.5,-56,NASA POWER MERRA-2 PRECTOTCORR
2002-04-09,1.52,corn-mato-grosso,corn,-13.5,-56,NASA POWER MERRA-2 PRECTOTCORR
2002-04-10,3.69,corn-mato-grosso,corn,-13.5,-56,NASA POWER MERRA-2 PRECTOTCORR
2002-04-11,3.49,corn-mato-grosso,corn,-13.5,-56,NASA POWER MERRA-2 PRECTOTCORR
2002-04-12,6.39,corn-mato-grosso,corn,-13.5,-56,NASA POWER MERRA-2 PRECTOTCORR
2002-04-13,6.42,corn-mato-grosso,corn,-13.5,-56,NASA POWER MERRA-2 PRECTOTCORR
2002-04-14,23.5,corn-mato-grosso,corn,-13.5,-56,NASA POWER MERRA-2 PRECTOTCORR
2002-04-15,5.36,corn-mato-grosso,corn,-13.5,-56,NASA POWER MERRA-2 PRECTOTCORR
2002-04-16,6.61,corn-mato-grosso,corn,-13.5,-56,NASA POWER MERRA-2 PRECTOTCORR
2002-04-17,1.27,corn-mato-grosso,corn,-13.5,-56,NASA POWER MERRA-2 PRECTOTCORR
2002-04-18,0.77,corn-mato-grosso,corn,-13.5,-56,NASA POWER MERRA-2 PRECTOTCORR
2002-04-19,3.54,corn-mato-grosso,corn,-13.5,-56,NASA POWER MERRA-2 PRECTOTCORR
2002-04-20,0.71,corn-mato-grosso,corn,-13.5,-56,NASA POWER MERRA-2 PRECTOTCORR
2002-04-21,0.07,corn-mato-grosso,corn,-13.5,-56,NASA POWER MERRA-2 PRECTOTCORR
2002-04-22,0.01,corn-mato-grosso,corn,-13.5,-56,NASA POWER MERRA-2 PRECTOTCORR
2002-04-23,0.03,corn-mato-grosso,corn,-13.5,-56,NASA POWER MERRA-2 PRECTOTCORR
2002-04-24,0,corn-mato-grosso,corn,-13.5,-56,NASA POWER MERRA-2 PRECTOTCORR
2002-04-25,0.1,corn-mato-grosso,corn,-13.5,-56,NASA POWER MERRA-2 PRECTOTCORR
2002-04-26,0.02,corn-mato-grosso,corn,-13.5,-56,NASA POWER MERRA-2 PRECTOTCORR
2002-04-27,0.07,corn-mato-grosso,corn,-13.5,-56,NASA POWER MERRA-2 PRECTOTCORR
2002-04-28,0.37,corn-mato-grosso,corn,-13.5,-56,NASA POWER MERRA-2 PRECTOTCORR
2002-04-29,1.69,corn-mato-grosso,corn,-13.5,-56,NASA POWER MERRA-2 PRECTOTCORR
2002-04-30,1.8,corn-mato-grosso,corn,-13.5,-56,NASA POWER MERRA-2 PRECTOTCORR
2002-05-01,0,corn-mato-grosso,corn,-13.5,-56,NASA POWER MERRA-2 PRECTOTCORR
2002-05-02,0.46,corn-mato-grosso,corn,-13.5,-56,NASA POWER MERRA-2 PRECTOTCORR
2002-05-03,0,corn-mato-grosso,corn,-13.5,-56,NASA POWER MERRA-2 PRECTOTCORR
2002-05-04,0.03,corn-mato-grosso,corn,-13.5,-56,NASA POWER MERRA-2 PRECTOTCORR
2002-05-05,0.87,corn-mato-grosso,corn,-13.5,-56,NASA POWER MERRA-2 PRECTOTCORR
2002-05-06,1,corn-mato-grosso,corn,-13.5,-56,NASA POWER MERRA-2 PRECTOTCORR
2002-05-07,4.39,corn-mato-grosso,corn,-13.5,-56,NASA POWER MERRA-2 PRECTOTCORR
2002-05-08,8.25,corn-mato-grosso,corn,-13.5,-56,NASA POWER MERRA-2 PRECTOTCORR
2002-05-09,0.02,corn-mato-grosso,corn,-13.5,-56,NASA POWER MERRA-2 PRECTOTCORR
2002-05-10,0,corn-mato-grosso,corn,-13.5,-56,NASA POWER MERRA-2 PRECTOTCORR
2002-05-11,0,corn-mato-grosso,corn,-13.5,-56,NASA POWER MERRA-2 PRECTOTCORR
2002-05-12,0,corn-mato-grosso,corn,-13.5,-56,NASA POWER MERRA-2 PRECTOTCORR
2002-05-13,0,corn-mato-grosso,corn,-13.5,-56,NASA POWER MERRA-2 PRECTOTCORR
2002-05-14,0.01,corn-mato-grosso,corn,-13.5,-56,NASA POWER MERRA-2 PRECTOTCORR
2002-05-15,0,corn-mato-grosso,corn,-13.5,-56,NASA POWER MERRA-2 PRECTOTCORR
2002-05-16,0.01,corn-mato-grosso,corn,-13.5,-56,NASA POWER MERRA-2 PRECTOTCORR
2002-05-17,0,corn-mato-grosso,corn,-13.5,-56,NASA POWER MERRA-2 PRECTOTCORR
2002-05-18,0.02,corn-mato-grosso,corn,-13.5,-56,NASA POWER MERRA-2 PRECTOTCORR
2002-05-19,0.02,corn-mato-grosso,corn,-13.5,-56,NASA POWER MERRA-2 PRECTOTCORR
2002-05-20,8.14,corn-mato-grosso,corn,-13.5,-56,NASA POWER MERRA-2 PRECTOTCORR
2002-05-21,6.9,corn-mato-grosso,corn,-13.5,-56,NASA POWER MERRA-2 PRECTOTCORR
2002-05-22,0,corn-mato-grosso,corn,-13.5,-56,NASA POWER MERRA-2 PRECTOTCORR
2002-05-23,0,corn-mato-grosso,corn,-13.5,-56,NASA POWER MERRA-2 PRECTOTCORR
2002-05-24,0,corn-mato-grosso,corn,-13.5,-56,NASA POWER MERRA-2 PRECTOTCORR
2002-05-25,0,corn-mato-grosso,corn,-13.5,-56,NASA POWER MERRA-2 PRECTOTCORR
2002-05-26,0,corn-mato-grosso,corn,-13.5,-56,NASA POWER MERRA-2 PRECTOTCORR
2002-05-27,0,corn-mato-grosso,corn,-13.5,-56,NASA POWER MERRA-2 PRECTOTCORR
2002-05-28,0,corn-mato-grosso,corn,-13.5,-56,NASA POWER MERRA-2 PRECTOTCORR
2002-05-29,0,corn-mato-grosso,corn,-13.5,-56,NASA POWER MERRA-2 PRECTOTCORR
2002-05-30,0,corn-mato-grosso,corn,-13.5,-56,NASA POWER MERRA-2 PRECTOTCORR
2002-05-31,0,corn-mato-grosso,corn,-13.5,-56,NASA POWER MERRA-2 PRECTOTCORR
2002-06-01,0,corn-mato-grosso,corn,-13.5,-56,NASA POWER MERRA-2 PRECTOTCORR
2002-06-02,0,corn-mato-grosso,corn,-13.5,-56,NASA POWER MERRA-2 PRECTOTCORR
2002-06-03,0,corn-mato-grosso,corn,-13.5,-56,NASA POWER MERRA-2 PRECTOTCORR
2002-06-04,0,corn-mato-grosso,corn,-13.5,-56,NASA POWER MERRA-2 PRECTOTCORR
2002-06-05,0,corn-mato-grosso,corn,-13.5,-56,NASA POWER MERRA-2 PRECTOTCORR
2002-06-06,0,corn-mato-grosso,corn,-13.5,-56,NASA POWER MERRA-2 PRECTOTCORR
2002-06-07,0,corn-mato-grosso,corn,-13.5,-56,NASA POWER MERRA-2 PRECTOTCORR
2002-06-08,0,corn-mato-grosso,corn,-13.5,-56,NASA POWER MERRA-2 PRECTOTCORR
2002-06-09,0,corn-mato-grosso,corn,-13.5,-56,NASA POWER MERRA-2 PRECTOTCORR
2002-06-10,0,corn-mato-grosso,corn,-13.5,-56,NASA POWER MERRA-2 PRECTOTCORR
2002-06-11,0,corn-mato-grosso,corn,-13.5,-56,NASA POWER MERRA-2 PRECTOTCORR
2002-06-12,0,corn-mato-grosso,corn,-13.5,-56,NASA POWER MERRA-2 PRECTOTCORR
2002-06-13,0,corn-mato-grosso,corn,-13.5,-56,NASA POWER MERRA-2 PRECTOTCORR
2002-06-14,0,corn-mato-grosso,corn,-13.5,-56,NASA POWER MERRA-2 PRECTOTCORR
2002-06-15,0,corn-mato-grosso,corn,-13.5,-56,NASA POWER MERRA-2 PRECTOTCORR
2002-06-16,0,corn-mato-grosso,corn,-13.5,-56,NASA POWER MERRA-2 PRECTOTCORR
2002-06-17,0.22,corn-mato-grosso,corn,-13.5,-56,NASA POWER MERRA-2 PRECTOTCORR
2002-06-18,0.05,corn-mato-grosso,corn,-13.5,-56,NASA POWER MERRA-2 PRECTOTCORR
2002-06-19,0,corn-mato-grosso,corn,-13.5,-56,NASA POWER MERRA-2 PRECTOTCORR
2002-06-20,0,corn-mato-grosso,corn,-13.5,-56,NASA POWER MERRA-2 PRECTOTCORR
2002-06-21,0,corn-mato-grosso,corn,-13.5,-56,NASA POWER MERRA-2 PRECTOTCORR
2002-06-22,0,corn-mato-grosso,corn,-13.5,-56,NASA POWER MERRA-2 PRECTOTCORR
2002-06-23,0,corn-mato-grosso,corn,-13.5,-56,NASA POWER MERRA-2 PRECTOTCORR
2002-06-24,0,corn-mato-grosso,corn,-13.5,-56,NASA POWER MERRA-2 PRECTOTCORR
2002-06-25,0,corn-mato-grosso,corn,-13.5,-56,NASA POWER MERRA-2 PRECTOTCORR
2002-06-26,0,corn-mato-grosso,corn,-13.5,-56,NASA POWER MERRA-2 PRECTOTCORR
2002-06-27,0,corn-mato-grosso,corn,-13.5,-56,NASA POWER MERRA-2 PRECTOTCORR
2002-06-28,0,corn-mato-grosso,corn,-13.5,-56,NASA POWER MERRA-2 PRECTOTCORR
2002-06-29,0,corn-mato-grosso,corn,-13.5,-56,NASA POWER MERRA-2 PRECTOTCORR
2002-06-30,0,corn-mato-grosso,corn,-13.5,-56,NASA POWER MERRA-2 PRECTOTCORR
2002-07-01,0,corn-mato-grosso,corn,-13.5,-56,NASA POWER MERRA-2 PRECTOTCORR
2002-07-02,0,corn-mato-grosso,corn,-13.5,-56,NASA POWER MERRA-2 PRECTOTCORR
2002-07-03,0,corn-mato-grosso,corn,-13.5,-56,NASA POWER MERRA-2 PRECTOTCORR
2002-07-04,0.15,corn-mato-grosso,corn,-13.5,-56,NASA POWER MERRA-2 PRECTOTCORR
2002-07-05,0,corn-mato-grosso,corn,-13.5,-56,NASA POWER MERRA-2 PRECTOTCORR
2002-07-06,0,corn-mato-grosso,corn,-13.5,-56,NASA POWER MERRA-2 PRECTOTCORR
2002-07-07,0,corn-mato-grosso,corn,-13.5,-56,NASA POWER MERRA-2 PRECTOTCORR
2002-07-08,0,corn-mato-grosso,corn,-13.5,-56,NASA POWER MERRA-2 PRECTOTCORR
2002-07-09,0,corn-mato-grosso,corn,-13.5,-56,NASA POWER MERRA-2 PRECTOTCORR
2002-07-10,0,corn-mato-grosso,corn,-13.5,-56,NASA POWER MERRA-2 PRECTOTCORR
2002-07-11,0,corn-mato-grosso,corn,-13.5,-56,NASA POWER MERRA-2 PRECTOTCORR
2002-07-12,0,corn-mato-grosso,corn,-13.5,-56,NASA POWER MERRA-2 PRECTOTCORR
2002-07-13,0,corn-mato-grosso,corn,-13.5,-56,NASA POWER MERRA-2 PRECTOTCORR
2002-07-14,0,corn-mato-grosso,corn,-13.5,-56,NASA POWER MERRA-2 PRECTOTCORR
2002-07-15,0,corn-mato-grosso,corn,-13.5,-56,NASA POWER MERRA-2 PRECTOTCORR
2002-07-16,0,corn-mato-grosso,corn,-13.5,-56,NASA POWER MERRA-2 PRECTOTCORR
2002-07-17,0,corn-mato-grosso,corn,-13.5,-56,NASA POWER MERRA-2 PRECTOTCORR
2002-07-18,0,corn-mato-grosso,corn,-13.5,-56,NASA POWER MERRA-2 PRECTOTCORR
2002-07-19,0,corn-mato-grosso,corn,-13.5,-56,NASA POWER MERRA-2 PRECTOTCORR
2002-07-20,0.07,corn-mato-grosso,corn,-13.5,-56,NASA POWER MERRA-2 PRECTOTCORR
2002-07-21,0.17,corn-mato-grosso,corn,-13.5,-56,NASA POWER MERRA-2 PRECTOTCORR
2002-07-22,1.27,corn-mato-grosso,corn,-13.5,-56,NASA POWER MERRA-2 PRECTOTCORR
2002-07-23,0.17,corn-mato-grosso,corn,-13.5,-56,NASA POWER MERRA-2 PRECTOTCORR
2002-07-24,0,corn-mato-grosso,corn,-13.5,-56,NASA POWER MERRA-2 PRECTOTCORR
2002-07-25,0,corn-mato-grosso,corn,-13.5,-56,NASA POWER MERRA-2 PRECTOTCORR
2002-07-26,0,corn-mato-grosso,corn,-13.5,-56,NASA POWER MERRA-2 PRECTOTCORR
2002-07-27,24.29,corn-mato-grosso,corn,-13.5,-56,NASA POWER MERRA-2 PRECTOTCORR
2002-07-28,0.09,corn-mato-grosso,corn,-13.5,-56,NASA POWER MERRA-2 PRECTOTCORR
2002-07-29,0,corn-mato-grosso,corn,-13.5,-56,NASA POWER MERRA-2 PRECTOTCORR
2002-07-30,0,corn-mato-grosso,corn,-13.5,-56,NASA POWER MERRA-2 PRECTOTCORR
2002-07-31,3.39,corn-mato-grosso,corn,-13.5,-56,NASA POWER MERRA-2 PRECTOTCORR
2002-08-01,1.89,corn-mato-grosso,corn,-13.5,-56,NASA POWER MERRA-2 PRECTOTCORR
2002-08-02,0.08,corn-mato-grosso,corn,-13.5,-56,NASA POWER MERRA-2 PRECTOTCORR
2002-08-03,0,corn-mato-grosso,corn,-13.5,-56,NASA POWER MERRA-2 PRECTOTCORR
2002-08-04,0.01,corn-mato-grosso,corn,-13.5,-56,NASA POWER MERRA-2 PRECTOTCORR
2002-08-05,0,corn-mato-grosso,corn,-13.5,-56,NASA POWER MERRA-2 PRECTOTCORR
2002-08-06,0,corn-mato-grosso,corn,-13.5,-56,NASA POWER MERRA-2 PRECTOTCORR
2002-08-07,0,corn-mato-grosso,corn,-13.5,-56,NASA POWER MERRA-2 PRECTOTCORR
2002-08-08,0,corn-mato-grosso,corn,-13.5,-56,NASA POWER MERRA-2 PRECTOTCORR
2002-08-09,0,corn-mato-grosso,corn,-13.5,-56,NASA POWER MERRA-2 PRECTOTCORR
2002-08-10,0,corn-mato-grosso,corn,-13.5,-56,NASA POWER MERRA-2 PRECTOTCORR
2002-08-11,0,corn-mato-grosso,corn,-13.5,-56,NASA POWER MERRA-2 PRECTOTCORR
2002-08-12,0,corn-mato-grosso,corn,-13.5,-56,NASA POWER MERRA-2 PRECTOTCORR
2002-08-13,0,corn-mato-grosso,corn,-13.5,-56,NASA POWER MERRA-2 PRECTOTCORR
2002-08-14,0,corn-mato-grosso,corn,-13.5,-56,NASA POWER MERRA-2 PRECTOTCORR
2002-08-15,0,corn-mato-grosso,corn,-13.5,-56,NASA POWER MERRA-2 PRECTOTCORR
2002-08-16,0,corn-mato-grosso,corn,-13.5,-56,NASA POWER MERRA-2 PRECTOTCORR
2002-08-17,0,corn-mato-grosso,corn,-13.5,-56,NASA POWER MERRA-2 PRECTOTCORR
2002-08-18,0,corn-mato-grosso,corn,-13.5,-56,NASA POWER MERRA-2 PRECTOTCORR
2002-08-19,0,corn-mato-grosso,corn,-13.5,-56,NASA POWER MERRA-2 PRECTOTCORR
2002-08-20,0,corn-mato-grosso,corn,-13.5,-56,NASA POWER MERRA-2 PRECTOTCORR
2002-08-21,0,corn-mato-grosso,corn,-13.5,-56,NASA POWER MERRA-2 PRECTOTCORR
2002-08-22,0,corn-mato-grosso,corn,-13.5,-56,NASA POWER MERRA-2 PRECTOTCORR
2002-08-23,0,corn-mato-grosso,corn,-13.5,-56,NASA POWER MERRA-2 PRECTOTCORR
2002-08-24,0,corn-mato-grosso,corn,-13.5,-56,NASA POWER MERRA-2 PRECTOTCORR
2002-08-25,0,corn-mato-grosso,corn,-13.5,-56,NASA POWER MERRA-2 PRECTOTCORR
2002-08-26,0,corn-mato-grosso,corn,-13.5,-56,NASA POWER MERRA-2 PRECTOTCORR
2002-08-27,0,corn-mato-grosso,corn,-13.5,-56,NASA POWER MERRA-2 PRECTOTCORR
2002-08-28,0,corn-mato-grosso,corn,-13.5,-56,NASA POWER MERRA-2 PRECTOTCORR
2002-08-29,14.5,corn-mato-grosso,corn,-13.5,-56,NASA POWER MERRA-2 PRECTOTCORR
2002-08-30,2.85,corn-mato-grosso,corn,-13.5,-56,NASA POWER MERRA-2 PRECTOTCORR
2002-08-31,0.25,corn-mato-grosso,corn,-13.5,-56,NASA POWER MERRA-2 PRECTOTCORR
2002-09-01,0,corn-mato-grosso,corn,-13.5,-56,NASA POWER MERRA-2 PRECTOTCORR
2002-09-02,0,corn-mato-grosso,corn,-13.5,-56,NASA POWER MERRA-2 PRECTOTCORR
2002-09-03,0,corn-mato-grosso,corn,-13.5,-56,NASA POWER MERRA-2 PRECTOTCORR
2002-09-04,0,corn-mato-grosso,corn,-13.5,-56,NASA POWER MERRA-2 PRECTOTCORR
2002-09-05,1.02,corn-mato-grosso,corn,-13.5,-56,NASA POWER MERRA-2 PRECTOTCORR
2002-09-06,1.35,corn-mato-grosso,corn,-13.5,-56,NASA POWER MERRA-2 PRECTOTCORR
2002-09-07,9.55,corn-mato-grosso,corn,-13.5,-56,NASA POWER MERRA-2 PRECTOTCORR
2002-09-08,7.81,corn-mato-grosso,corn,-13.5,-56,NASA POWER MERRA-2 PRECTOTCORR
2002-09-09,2.34,corn-mato-grosso,corn,-13.5,-56,NASA POWER MERRA-2 PRECTOTCORR
2002-09-10,5.24,corn-mato-grosso,corn,-13.5,-56,NASA POWER MERRA-2 PRECTOTCORR
2002-09-11,1.31,corn-mato-grosso,corn,-13.5,-56,NASA POWER MERRA-2 PRECTOTCORR
2002-09-12,0,corn-mato-grosso,corn,-13.5,-56,NASA POWER MERRA-2 PRECTOTCORR
2002-09-13,1.02,corn-mato-grosso,corn,-13.5,-56,NASA POWER MERRA-2 PRECTOTCORR
2002-09-14,3.26,corn-mato-grosso,corn,-13.5,-56,NASA POWER MERRA-2 PRECTOTCORR
2002-09-15,2.24,corn-mato-grosso,corn,-13.5,-56,NASA POWER MERRA-2 PRECTOTCORR
2002-09-16,1.62,corn-mato-grosso,corn,-13.5,-56,NASA POWER MERRA-2 PRECTOTCORR
2002-09-17,4.01,corn-mato-grosso,corn,-13.5,-56,NASA POWER MERRA-2 PRECTOTCORR
2002-09-18,0,corn-mato-grosso,corn,-13.5,-56,NASA POWER MERRA-2 PRECTOTCORR
2002-09-19,0,corn-mato-grosso,corn,-13.5,-56,NASA POWER MERRA-2 PRECTOTCORR
2002-09-20,0.63,corn-mato-grosso,corn,-13.5,-56,NASA POWER MERRA-2 PRECTOTCORR
2002-09-21,0,corn-mato-grosso,corn,-13.5,-56,NASA POWER MERRA-2 PRECTOTCORR
2002-09-22,2.1,corn-mato-grosso,corn,-13.5,-56,NASA POWER MERRA-2 PRECTOTCORR
2002-09-23,22.47,corn-mato-grosso,corn,-13.5,-56,NASA POWER MERRA-2 PRECTOTCORR
2002-09-24,5.02,corn-mato-grosso,corn,-13.5,-56,NASA POWER MERRA-2 PRECTOTCORR
2002-09-25,0,corn-mato-grosso,corn,-13.5,-56,NASA POWER MERRA-2 PRECTOTCORR
2002-09-26,0,corn-mato-grosso,corn,-13.5,-56,NASA POWER MERRA-2 PRECTOTCORR
2002-09-27,2.86,corn-mato-grosso,corn,-13.5,-56,NASA POWER MERRA-2 PRECTOTCORR
2002-09-28,0.52,corn-mato-grosso,corn,-13.5,-56,NASA POWER MERRA-2 PRECTOTCORR
2002-09-29,2.26,corn-mato-grosso,corn,-13.5,-56,NASA POWER MERRA-2 PRECTOTCORR
2002-09-30,0.46,corn-mato-grosso,corn,-13.5,-56,NASA POWER MERRA-2 PRECTOTCORR
2002-10-01,1.97,corn-mato-grosso,corn,-13.5,-56,NASA POWER MERRA-2 PRECTOTCORR
2002-10-02,0.01,corn-mato-grosso,corn,-13.5,-56,NASA POWER MERRA-2 PRECTOTCORR
2002-10-03,1.02,corn-mato-grosso,corn,-13.5,-56,NASA POWER MERRA-2 PRECTOTCORR
2002-10-04,0.01,corn-mato-grosso,corn,-13.5,-56,NASA POWER MERRA-2 PRECTOTCORR
2002-10-05,9.64,corn-mato-grosso,corn,-13.5,-56,NASA POWER MERRA-2 PRECTOTCORR
2002-10-06,9.22,corn-mato-grosso,corn,-13.5,-56,NASA POWER MERRA-2 PRECTOTCORR
2002-10-07,3.53,corn-mato-grosso,corn,-13.5,-56,NASA POWER MERRA-2 PRECTOTCORR
2002-10-08,0.06,corn-mato-grosso,corn,-13.5,-56,NASA POWER MERRA-2 PRECTOTCORR
2002-10-09,0.09,corn-mato-grosso,corn,-13.5,-56,NASA POWER MERRA-2 PRECTOTCORR
2002-10-10,1.97,corn-mato-grosso,corn,-13.5,-56,NASA POWER MERRA-2 PRECTOTCORR
2002-10-11,0.54,corn-mato-grosso,corn,-13.5,-56,NASA POWER MERRA-2 PRECTOTCORR
2002-10-12,0.02,corn-mato-grosso,corn,-13.5,-56,NASA POWER MERRA-2 PRECTOTCORR
2002-10-13,15.97,corn-mato-grosso,corn,-13.5,-56,NASA POWER MERRA-2 PRECTOTCORR
2002-10-14,3.65,corn-mato-grosso,corn,-13.5,-56,NASA POWER MERRA-2 PRECTOTCORR
2002-10-15,4.24,corn-mato-grosso,corn,-13.5,-56,NASA POWER MERRA-2 PRECTOTCORR
2002-10-16,3.44,corn-mato-grosso,corn,-13.5,-56,NASA POWER MERRA-2 PRECTOTCORR
2002-10-17,30.04,corn-mato-grosso,corn,-13.5,-56,NASA POWER MERRA-2 PRECTOTCORR
2002-10-18,1.05,corn-mato-grosso,corn,-13.5,-56,NASA POWER MERRA-2 PRECTOTCORR
2002-10-19,4.36,corn-mato-grosso,corn,-13.5,-56,NASA POWER MERRA-2 PRECTOTCORR
2002-10-20,0.75,corn-mato-grosso,corn,-13.5,-56,NASA POWER MERRA-2 PRECTOTCORR
2002-10-21,1.99,corn-mato-grosso,corn,-13.5,-56,NASA POWER MERRA-2 PRECTOTCORR
2002-10-22,2.41,corn-mato-grosso,corn,-13.5,-56,NASA POWER MERRA-2 PRECTOTCORR
2002-10-23,0.49,corn-mato-grosso,corn,-13.5,-56,NASA POWER MERRA-2 PRECTOTCORR
2002-10-24,1.94,corn-mato-grosso,corn,-13.5,-56,NASA POWER MERRA-2 PRECTOTCORR
2002-10-25,0.59,corn-mato-grosso,corn,-13.5,-56,NASA POWER MERRA-2 PRECTOTCORR
2002-10-26,3.49,corn-mato-grosso,corn,-13.5,-56,NASA POWER MERRA-2 PRECTOTCORR
2002-10-27,2.11,corn-mato-grosso,corn,-13.5,-56,NASA POWER MERRA-2 PRECTOTCORR
2002-10-28,2.22,corn-mato-grosso,corn,-13.5,-56,NASA POWER MERRA-2 PRECTOTCORR
2002-10-29,0.59,corn-mato-grosso,corn,-13.5,-56,NASA POWER MERRA-2 PRECTOTCORR
2002-10-30,17.24,corn-mato-grosso,corn,-13.5,-56,NASA POWER MERRA-2 PRECTOTCORR
2002-10-31,12.49,corn-mato-grosso,corn,-13.5,-56,NASA POWER MERRA-2 PRECTOTCORR
2002-11-01,4.76,corn-mato-grosso,corn,-13.5,-56,NASA POWER MERRA-2 PRECTOTCORR
2002-11-02,2.76,corn-mato-grosso,corn,-13.5,-56,NASA POWER MERRA-2 PRECTOTCORR
2002-11-03,3.88,corn-mato-grosso,corn,-13.5,-56,NASA POWER MERRA-2 PRECTOTCORR
2002-11-04,4.94,corn-mato-grosso,corn,-13.5,-56,NASA POWER MERRA-2 PRECTOTCORR
2002-11-05,3.92,corn-mato-grosso,corn,-13.5,-56,NASA POWER MERRA-2 PRECTOTCORR
2002-11-06,1.8,corn-mato-grosso,corn,-13.5,-56,NASA POWER MERRA-2 PRECTOTCORR
2002-11-07,2.25,corn-mato-grosso,corn,-13.5,-56,NASA POWER MERRA-2 PRECTOTCORR
2002-11-08,3.68,corn-mato-grosso,corn,-13.5,-56,NASA POWER MERRA-2 PRECTOTCORR
2002-11-09,15.36,corn-mato-grosso,corn,-13.5,-56,NASA POWER MERRA-2 PRECTOTCORR
2002-11-10,21.53,corn-mato-grosso,corn,-13.5,-56,NASA POWER MERRA-2 PRECTOTCORR
2002-11-11,6.94,corn-mato-grosso,corn,-13.5,-56,NASA POWER MERRA-2 PRECTOTCORR
2002-11-12,9.2,corn-mato-grosso,corn,-13.5,-56,NASA POWER MERRA-2 PRECTOTCORR
2002-11-13,11.38,corn-mato-grosso,corn,-13.5,-56,NASA POWER MERRA-2 PRECTOTCORR
2002-11-14,9.41,corn-mato-grosso,corn,-13.5,-56,NASA POWER MERRA-2 PRECTOTCORR
2002-11-15,0.8,corn-mato-grosso,corn,-13.5,-56,NASA POWER MERRA-2 PRECTOTCORR
2002-11-16,0.53,corn-mato-grosso,corn,-13.5,-56,NASA POWER MERRA-2 PRECTOTCORR
2002-11-17,0.18,corn-mato-grosso,corn,-13.5,-56,NASA POWER MERRA-2 PRECTOTCORR
2002-11-18,0.05,corn-mato-grosso,corn,-13.5,-56,NASA POWER MERRA-2 PRECTOTCORR
2002-11-19,1.25,corn-mato-grosso,corn,-13.5,-56,NASA POWER MERRA-2 PRECTOTCORR
2002-11-20,0.41,corn-mato-grosso,corn,-13.5,-56,NASA POWER MERRA-2 PRECTOTCORR
2002-11-21,3.18,corn-mato-grosso,corn,-13.5,-56,NASA POWER MERRA-2 PRECTOTCORR
2002-11-22,29.23,corn-mato-grosso,corn,-13.5,-56,NASA POWER MERRA-2 PRECTOTCORR
2002-11-23,27.75,corn-mato-grosso,corn,-13.5,-56,NASA POWER MERRA-2 PRECTOTCORR
2002-11-24,4.59,corn-mato-grosso,corn,-13.5,-56,NASA POWER MERRA-2 PRECTOTCORR
2002-11-25,3.49,corn-mato-grosso,corn,-13.5,-56,NASA POWER MERRA-2 PRECTOTCORR
2002-11-26,1.26,corn-mato-grosso,corn,-13.5,-56,NASA POWER MERRA-2 PRECTOTCORR
2002-11-27,1.21,corn-mato-grosso,corn,-13.5,-56,NASA POWER MERRA-2 PRECTOTCORR
2002-11-28,19.29,corn-mato-grosso,corn,-13.5,-56,NASA POWER MERRA-2 PRECTOTCORR
2002-11-29,7.27,corn-mato-grosso,corn,-13.5,-56,NASA POWER MERRA-2 PRECTOTCORR
2002-11-30,2.39,corn-mato-grosso,corn,-13.5,-56,NASA POWER MERRA-2 PRECTOTCORR
2002-12-01,1.68,corn-mato-grosso,corn,-13.5,-56,NASA POWER MERRA-2 PRECTOTCORR
2002-12-02,22.1,corn-mato-grosso,corn,-13.5,-56,NASA POWER MERRA-2 PRECTOTCORR
2002-12-03,3.09,corn-mato-grosso,corn,-13.5,-56,NASA POWER MERRA-2 PRECTOTCORR
2002-12-04,0.99,corn-mato-grosso,corn,-13.5,-56,NASA POWER MERRA-2 PRECTOTCORR
2002-12-05,0.2,corn-mato-grosso,corn,-13.5,-56,NASA POWER MERRA-2 PRECTOTCORR
2002-12-06,2.29,corn-mato-grosso,corn,-13.5,-56,NASA POWER MERRA-2 PRECTOTCORR
2002-12-07,2.79,corn-mato-grosso,corn,-13.5,-56,NASA POWER MERRA-2 PRECTOTCORR
2002-12-08,12.63,corn-mato-grosso,corn,-13.5,-56,NASA POWER MERRA-2 PRECTOTCORR
2002-12-09,6.06,corn-mato-grosso,corn,-13.5,-56,NASA POWER MERRA-2 PRECTOTCORR
2002-12-10,25.11,corn-mato-grosso,corn,-13.5,-56,NASA POWER MERRA-2 PRECTOTCORR
2002-12-11,16,corn-mato-grosso,corn,-13.5,-56,NASA POWER MERRA-2 PRECTOTCORR
2002-12-12,37.32,corn-mato-grosso,corn,-13.5,-56,NASA POWER MERRA-2 PRECTOTCORR
2002-12-13,15,corn-mato-grosso,corn,-13.5,-56,NASA POWER MERRA-2 PRECTOTCORR
2002-12-14,16.4,corn-mato-grosso,corn,-13.5,-56,NASA POWER MERRA-2 PRECTOTCORR
2002-12-15,8.92,corn-mato-grosso,corn,-13.5,-56,NASA POWER MERRA-2 PRECTOTCORR
2002-12-16,31.39,corn-mato-grosso,corn,-13.5,-56,NASA POWER MERRA-2 PRECTOTCORR
2002-12-17,6.78,corn-mato-grosso,corn,-13.5,-56,NASA POWER MERRA-2 PRECTOTCORR
2002-12-18,13.44,corn-mato-grosso,corn,-13.5,-56,NASA POWER MERRA-2 PRECTOTCORR
2002-12-19,4.45,corn-mato-grosso,corn,-13.5,-56,NASA POWER MERRA-2 PRECTOTCORR
2002-12-20,8.4,corn-mato-grosso,corn,-13.5,-56,NASA POWER MERRA-2 PRECTOTCORR
2002-12-21,0.19,corn-mato-grosso,corn,-13.5,-56,NASA POWER MERRA-2 PRECTOTCORR
2002-12-22,0,corn-mato-grosso,corn,-13.5,-56,NASA POWER MERRA-2 PRECTOTCORR
2002-12-23,0.74,corn-mato-grosso,corn,-13.5,-56,NASA POWER MERRA-2 PRECTOTCORR
2002-12-24,0.75,corn-mato-grosso,corn,-13.5,-56,NASA POWER MERRA-2 PRECTOTCORR
2002-12-25,29.74,corn-mato-grosso,corn,-13.5,-56,NASA POWER MERRA-2 PRECTOTCORR
2002-12-26,6.7,corn-mato-grosso,corn,-13.5,-56,NASA POWER MERRA-2 PRECTOTCORR
2002-12-27,16.47,corn-mato-grosso,corn,-13.5,-56,NASA POWER MERRA-2 PRECTOTCORR
2002-12-28,32.01,corn-mato-grosso,corn,-13.5,-56,NASA POWER MERRA-2 PRECTOTCORR
2002-12-29,20.53,corn-mato-grosso,corn,-13.5,-56,NASA POWER MERRA-2 PRECTOTCORR
2002-12-30,52.72,corn-mato-grosso,corn,-13.5,-56,NASA POWER MERRA-2 PRECTOTCORR
2002-12-31,31.32,corn-mato-grosso,corn,-13.5,-56,NASA POWER MERRA-2 PRECTOTCORR
2003-01-01,10.2,corn-mato-grosso,corn,-13.5,-56,NASA POWER MERRA-2 PRECTOTCORR
2003-01-02,6.2,corn-mato-grosso,corn,-13.5,-56,NASA POWER MERRA-2 PRECTOTCORR
2003-01-03,8.77,corn-mato-grosso,corn,-13.5,-56,NASA POWER MERRA-2 PRECTOTCORR
2003-01-04,7.93,corn-mato-grosso,corn,-13.5,-56,NASA POWER MERRA-2 PRECTOTCORR
2003-01-05,2.54,corn-mato-grosso,corn,-13.5,-56,NASA POWER MERRA-2 PRECTOTCORR
2003-01-06,8.74,corn-mato-grosso,corn,-13.5,-56,NASA POWER MERRA-2 PRECTOTCORR
2003-01-07,7.23,corn-mato-grosso,corn,-13.5,-56,NASA POWER MERRA-2 PRECTOTCORR
2003-01-08,13.28,corn-mato-grosso,corn,-13.5,-56,NASA POWER MERRA-2 PRECTOTCORR
2003-01-09,2.31,corn-mato-grosso,corn,-13.5,-56,NASA POWER MERRA-2 PRECTOTCORR
2003-01-10,7.6,corn-mato-grosso,corn,-13.5,-56,NASA POWER MERRA-2 PRECTOTCORR
2003-01-11,0.53,corn-mato-grosso,corn,-13.5,-56,NASA POWER MERRA-2 PRECTOTCORR
2003-01-12,6.3,corn-mato-grosso,corn,-13.5,-56,NASA POWER MERRA-2 PRECTOTCORR
2003-01-13,7.01,corn-mato-grosso,corn,-13.5,-56,NASA POWER MERRA-2 PRECTOTCORR
2003-01-14,9.89,corn-mato-grosso,corn,-13.5,-56,NASA POWER MERRA-2 PRECTOTCORR
2003-01-15,5.51,corn-mato-grosso,corn,-13.5,-56,NASA POWER MERRA-2 PRECTOTCORR
2003-01-16,31.91,corn-mato-grosso,corn,-13.5,-56,NASA POWER MERRA-2 PRECTOTCORR
2003-01-17,10.55,corn-mato-grosso,corn,-13.5,-56,NASA POWER MERRA-2 PRECTOTCORR
2003-01-18,42.45,corn-mato-grosso,corn,-13.5,-56,NASA POWER MERRA-2 PRECTOTCORR
2003-01-19,23.64,corn-mato-grosso,corn,-13.5,-56,NASA POWER MERRA-2 PRECTOTCORR
2003-01-20,7.07,corn-mato-grosso,corn,-13.5,-56,NASA POWER MERRA-2 PRECTOTCORR
2003-01-21,3.11,corn-mato-grosso,corn,-13.5,-56,NASA POWER MERRA-2 PRECTOTCORR
2003-01-22,0.17,corn-mato-grosso,corn,-13.5,-56,NASA POWER MERRA-2 PRECTOTCORR
2003-01-23,29.48,corn-mato-grosso,corn,-13.5,-56,NASA POWER MERRA-2 PRECTOTCORR
2003-01-24,18.31,corn-mato-grosso,corn,-13.5,-56,NASA POWER MERRA-2 PRECTOTCORR
2003-01-25,12.47,corn-mato-grosso,corn,-13.5,-56,NASA POWER MERRA-2 PRECTOTCORR
2003-01-26,13.24,corn-mato-grosso,corn,-13.5,-56,NASA POWER MERRA-2 PRECTOTCORR
2003-01-27,7.38,corn-mato-grosso,corn,-13.5,-56,NASA POWER MERRA-2 PRECTOTCORR
2003-01-28,8.94,corn-mato-grosso,corn,-13.5,-56,NASA POWER MERRA-2 PRECTOTCORR
2003-01-29,8.68,corn-mato-grosso,corn,-13.5,-56,NASA POWER MERRA-2 PRECTOTCORR
2003-01-30,7.04,corn-mato-grosso,corn,-13.5,-56,NASA POWER MERRA-2 PRECTOTCORR
2003-01-31,4.77,corn-mato-grosso,corn,-13.5,-56,NASA POWER MERRA-2 PRECTOTCORR
2003-02-01,25.79,corn-mato-grosso,corn,-13.5,-56,NASA POWER MERRA-2 PRECTOTCORR
2003-02-02,2.64,corn-mato-grosso,corn,-13.5,-56,NASA POWER MERRA-2 PRECTOTCORR
2003-02-03,17.4,corn-mato-grosso,corn,-13.5,-56,NASA POWER MERRA-2 PRECTOTCORR
2003-02-04,1.82,corn-mato-grosso,corn,-13.5,-56,NASA POWER MERRA-2 PRECTOTCORR
2003-02-05,0.35,corn-mato-grosso,corn,-13.5,-56,NASA POWER MERRA-2 PRECTOTCORR
2003-02-06,0.87,corn-mato-grosso,corn,-13.5,-56,NASA POWER MERRA-2 PRECTOTCORR
2003-02-07,0.84,corn-mato-grosso,corn,-13.5,-56,NASA POWER MERRA-2 PRECTOTCORR
2003-02-08,6.09,corn-mato-grosso,corn,-13.5,-56,NASA POWER MERRA-2 PRECTOTCORR
2003-02-09,2.23,corn-mato-grosso,corn,-13.5,-56,NASA POWER MERRA-2 PRECTOTCORR
2003-02-10,0.73,corn-mato-grosso,corn,-13.5,-56,NASA POWER MERRA-2 PRECTOTCORR
2003-02-11,0.74,corn-mato-grosso,corn,-13.5,-56,NASA POWER MERRA-2 PRECTOTCORR
2003-02-12,1.42,corn-mato-grosso,corn,-13.5,-56,NASA POWER MERRA-2 PRECTOTCORR
2003-02-13,7.1,corn-mato-grosso,corn,-13.5,-56,NASA POWER MERRA-2 PRECTOTCORR
2003-02-14,21.36,corn-mato-grosso,corn,-13.5,-56,NASA POWER MERRA-2 PRECTOTCORR
2003-02-15,24.72,corn-mato-grosso,corn,-13.5,-56,NASA POWER MERRA-2 PRECTOTCORR
2003-02-16,2.39,corn-mato-grosso,corn,-13.5,-56,NASA POWER MERRA-2 PRECTOTCORR
2003-02-17,27.59,corn-mato-grosso,corn,-13.5,-56,NASA POWER MERRA-2 PRECTOTCORR
2003-02-18,23.6,corn-mato-grosso,corn,-13.5,-56,NASA POWER MERRA-2 PRECTOTCORR
2003-02-19,6.33,corn-mato-grosso,corn,-13.5,-56,NASA POWER MERRA-2 PRECTOTCORR
2003-02-20,19.9,corn-mato-grosso,corn,-13.5,-56,NASA POWER MERRA-2 PRECTOTCORR
2003-02-21,15.77,corn-mato-grosso,corn,-13.5,-56,NASA POWER MERRA-2 PRECTOTCORR
2003-02-22,3.45,corn-mato-grosso,corn,-13.5,-56,NASA POWER MERRA-2 PRECTOTCORR
2003-02-23,4.63,corn-mato-grosso,corn,-13.5,-56,NASA POWER MERRA-2 PRECTOTCORR
2003-02-24,3.89,corn-mato-grosso,corn,-13.5,-56,NASA POWER MERRA-2 PRECTOTCORR
2003-02-25,2.8,corn-mato-grosso,corn,-13.5,-56,NASA POWER MERRA-2 PRECTOTCORR
2003-02-26,3.74,corn-mato-grosso,corn,-13.5,-56,NASA POWER MERRA-2 PRECTOTCORR
2003-02-27,1.77,corn-mato-grosso,corn,-13.5,-56,NASA POWER MERRA-2 PRECTOTCORR
2003-02-28,9.34,corn-mato-grosso,corn,-13.5,-56,NASA POWER MERRA-2 PRECTOTCORR
2003-03-01,12.24,corn-mato-grosso,corn,-13.5,-56,NASA POWER MERRA-2 PRECTOTCORR
2003-03-02,11.06,corn-mato-grosso,corn,-13.5,-56,NASA POWER MERRA-2 PRECTOTCORR
2003-03-03,14.32,corn-mato-grosso,corn,-13.5,-56,NASA POWER MERRA-2 PRECTOTCORR
2003-03-04,3.06,corn-mato-grosso,corn,-13.5,-56,NASA POWER MERRA-2 PRECTOTCORR
2003-03-05,0.3,corn-mato-grosso,corn,-13.5,-56,NASA POWER MERRA-2 PRECTOTCORR
2003-03-06,4.91,corn-mato-grosso,corn,-13.5,-56,NASA POWER MERRA-2 PRECTOTCORR
2003-03-07,18.18,corn-mato-grosso,corn,-13.5,-56,NASA POWER MERRA-2 PRECTOTCORR
2003-03-08,20.28,corn-mato-grosso,corn,-13.5,-56,NASA POWER MERRA-2 PRECTOTCORR
2003-03-09,7.89,corn-mato-grosso,corn,-13.5,-56,NASA POWER MERRA-2 PRECTOTCORR
2003-03-10,9,corn-mato-grosso,corn,-13.5,-56,NASA POWER MERRA-2 PRECTOTCORR
2003-03-11,18.68,corn-mato-grosso,corn,-13.5,-56,NASA POWER MERRA-2 PRECTOTCORR
2003-03-12,5.94,corn-mato-grosso,corn,-13.5,-56,NASA POWER MERRA-2 PRECTOTCORR
2003-03-13,14.82,corn-mato-grosso,corn,-13.5,-56,NASA POWER MERRA-2 PRECTOTCORR
2003-03-14,7.63,corn-mato-grosso,corn,-13.5,-56,NASA POWER MERRA-2 PRECTOTCORR
2003-03-15,8.89,corn-mato-grosso,corn,-13.5,-56,NASA POWER MERRA-2 PRECTOTCORR
2003-03-16,2.86,corn-mato-grosso,corn,-13.5,-56,NASA POWER MERRA-2 PRECTOTCORR
2003-03-17,45.84,corn-mato-grosso,corn,-13.5,-56,NASA POWER MERRA-2 PRECTOTCORR
2003-03-18,4.21,corn-mato-grosso,corn,-13.5,-56,NASA POWER MERRA-2 PRECTOTCORR
2003-03-19,4.23,corn-mato-grosso,corn,-13.5,-56,NASA POWER MERRA-2 PRECTOTCORR
2003-03-20,7.29,corn-mato-grosso,corn,-13.5,-56,NASA POWER MERRA-2 PRECTOTCORR
2003-03-21,14.21,corn-mato-grosso,corn,-13.5,-56,NASA POWER MERRA-2 PRECTOTCORR
2003-03-22,5.86,corn-mato-grosso,corn,-13.5,-56,NASA POWER MERRA-2 PRECTOTCORR
2003-03-23,12.96,corn-mato-grosso,corn,-13.5,-56,NASA POWER MERRA-2 PRECTOTCORR
2003-03-24,12.48,corn-mato-grosso,corn,-13.5,-56,NASA POWER MERRA-2 PRECTOTCORR
2003-03-25,21.52,corn-mato-grosso,corn,-13.5,-56,NASA POWER MERRA-2 PRECTOTCORR
2003-03-26,14.28,corn-mato-grosso,corn,-13.5,-56,NASA POWER MERRA-2 PRECTOTCORR
2003-03-27,10.21,corn-mato-grosso,corn,-13.5,-56,NASA POWER MERRA-2 PRECTOTCORR
2003-03-28,18.29,corn-mato-grosso,corn,-13.5,-56,NASA POWER MERRA-2 PRECTOTCORR
2003-03-29,2.63,corn-mato-grosso,corn,-13.5,-56,NASA POWER MERRA-2 PRECTOTCORR
2003-03-30,1.93,corn-mato-grosso,corn,-13.5,-56,NASA POWER MERRA-2 PRECTOTCORR
2003-03-31,10.44,corn-mato-grosso,corn,-13.5,-56,NASA POWER MERRA-2 PRECTOTCORR
2003-04-01,4.4,corn-mato-grosso,corn,-13.5,-56,NASA POWER MERRA-2 PRECTOTCORR
2003-04-02,6.89,corn-mato-grosso,corn,-13.5,-56,NASA POWER MERRA-2 PRECTOTCORR
2003-04-03,1.54,corn-mato-grosso,corn,-13.5,-56,NASA POWER MERRA-2 PRECTOTCORR
2003-04-04,0.98,corn-mato-grosso,corn,-13.5,-56,NASA POWER MERRA-2 PRECTOTCORR
2003-04-05,29.69,corn-mato-grosso,corn,-13.5,-56,NASA POWER MERRA-2 PRECTOTCORR
2003-04-06,4.86,corn-mato-grosso,corn,-13.5,-56,NASA POWER MERRA-2 PRECTOTCORR
2003-04-07,10.4,corn-mato-grosso,corn,-13.5,-56,NASA POWER MERRA-2 PRECTOTCORR
2003-04-08,6.5,corn-mato-grosso,corn,-13.5,-56,NASA POWER MERRA-2 PRECTOTCORR
2003-04-09,5.36,corn-mato-grosso,corn,-13.5,-56,NASA POWER MERRA-2 PRECTOTCORR
2003-04-10,5.15,corn-mato-grosso,corn,-13.5,-56,NASA POWER MERRA-2 PRECTOTCORR
2003-04-11,1.03,corn-mato-grosso,corn,-13.5,-56,NASA POWER MERRA-2 PRECTOTCORR
2003-04-12,2.13,corn-mato-grosso,corn,-13.5,-56,NASA POWER MERRA-2 PRECTOTCORR
2003-04-13,0.75,corn-mato-grosso,corn,-13.5,-56,NASA POWER MERRA-2 PRECTOTCORR
2003-04-14,0.92,corn-mato-grosso,corn,-13.5,-56,NASA POWER MERRA-2 PRECTOTCORR
2003-04-15,16.16,corn-mato-grosso,corn,-13.5,-56,NASA POWER MERRA-2 PRECTOTCORR
2003-04-16,5.95,corn-mato-grosso,corn,-13.5,-56,NASA POWER MERRA-2 PRECTOTCORR
2003-04-17,0.19,corn-mato-grosso,corn,-13.5,-56,NASA POWER MERRA-2 PRECTOTCORR
2003-04-18,0.66,corn-mato-grosso,corn,-13.5,-56,NASA POWER MERRA-2 PRECTOTCORR
2003-04-19,9.64,corn-mato-grosso,corn,-13.5,-56,NASA POWER MERRA-2 PRECTOTCORR
2003-04-20,8.6,corn-mato-grosso,corn,-13.5,-56,NASA POWER MERRA-2 PRECTOTCORR
2003-04-21,10.21,corn-mato-grosso,corn,-13.5,-56,NASA POWER MERRA-2 PRECTOTCORR
2003-04-22,0.14,corn-mato-grosso,corn,-13.5,-56,NASA POWER MERRA-2 PRECTOTCORR
2003-04-23,0.01,corn-mato-grosso,corn,-13.5,-56,NASA POWER MERRA-2 PRECTOTCORR
2003-04-24,0.23,corn-mato-grosso,corn,-13.5,-56,NASA POWER MERRA-2 PRECTOTCORR
2003-04-25,0,corn-mato-grosso,corn,-13.5,-56,NASA POWER MERRA-2 PRECTOTCORR
2003-04-26,0.81,corn-mato-grosso,corn,-13.5,-56,NASA POWER MERRA-2 PRECTOTCORR
2003-04-27,0.25,corn-mato-grosso,corn,-13.5,-56,NASA POWER MERRA-2 PRECTOTCORR
2003-04-28,0.17,corn-mato-grosso,corn,-13.5,-56,NASA POWER MERRA-2 PRECTOTCORR
2003-04-29,0,corn-mato-grosso,corn,-13.5,-56,NASA POWER MERRA-2 PRECTOTCORR
2003-04-30,0.05,corn-mato-grosso,corn,-13.5,-56,NASA POWER MERRA-2 PRECTOTCORR
2003-05-01,0.29,corn-mato-grosso,corn,-13.5,-56,NASA POWER MERRA-2 PRECTOTCORR
2003-05-02,0.42,corn-mato-grosso,corn,-13.5,-56,NASA POWER MERRA-2 PRECTOTCORR
2003-05-03,2.38,corn-mato-grosso,corn,-13.5,-56,NASA POWER MERRA-2 PRECTOTCORR
2003-05-04,0.5,corn-mato-grosso,corn,-13.5,-56,NASA POWER MERRA-2 PRECTOTCORR
2003-05-05,8.57,corn-mato-grosso,corn,-13.5,-56,NASA POWER MERRA-2 PRECTOTCORR
2003-05-06,0.06,corn-mato-grosso,corn,-13.5,-56,NASA POWER MERRA-2 PRECTOTCORR
2003-05-07,0,corn-mato-grosso,corn,-13.5,-56,NASA POWER MERRA-2 PRECTOTCORR
2003-05-08,0,corn-mato-grosso,corn,-13.5,-56,NASA POWER MERRA-2 PRECTOTCORR
2003-05-09,0,corn-mato-grosso,corn,-13.5,-56,NASA POWER MERRA-2 PRECTOTCORR
2003-05-10,0.01,corn-mato-grosso,corn,-13.5,-56,NASA POWER MERRA-2 PRECTOTCORR
2003-05-11,0,corn-mato-grosso,corn,-13.5,-56,NASA POWER MERRA-2 PRECTOTCORR
2003-05-12,0,corn-mato-grosso,corn,-13.5,-56,NASA POWER MERRA-2 PRECTOTCORR
2003-05-13,0,corn-mato-grosso,corn,-13.5,-56,NASA POWER MERRA-2 PRECTOTCORR
2003-05-14,0,corn-mato-grosso,corn,-13.5,-56,NASA POWER MERRA-2 PRECTOTCORR
2003-05-15,0,corn-mato-grosso,corn,-13.5,-56,NASA POWER MERRA-2 PRECTOTCORR
2003-05-16,0,corn-mato-grosso,corn,-13.5,-56,NASA POWER MERRA-2 PRECTOTCORR
2003-05-17,0.7,corn-mato-grosso,corn,-13.5,-56,NASA POWER MERRA-2 PRECTOTCORR
2003-05-18,0,corn-mato-grosso,corn,-13.5,-56,NASA POWER MERRA-2 PRECTOTCORR
2003-05-19,0,corn-mato-grosso,corn,-13.5,-56,NASA POWER MERRA-2 PRECTOTCORR
2003-05-20,1.06,corn-mato-grosso,corn,-13.5,-56,NASA POWER MERRA-2 PRECTOTCORR
2003-05-21,0,corn-mato-grosso,corn,-13.5,-56,NASA POWER MERRA-2 PRECTOTCORR
2003-05-22,0,corn-mato-grosso,corn,-13.5,-56,NASA POWER MERRA-2 PRECTOTCORR
2003-05-23,4.85,corn-mato-grosso,corn,-13.5,-56,NASA POWER MERRA-2 PRECTOTCORR
2003-05-24,5.61,corn-mato-grosso,corn,-13.5,-56,NASA POWER MERRA-2 PRECTOTCORR
2003-05-25,0.71,corn-mato-grosso,corn,-13.5,-56,NASA POWER MERRA-2 PRECTOTCORR
2003-05-26,3.04,corn-mato-grosso,corn,-13.5,-56,NASA POWER MERRA-2 PRECTOTCORR
2003-05-27,5.26,corn-mato-grosso,corn,-13.5,-56,NASA POWER MERRA-2 PRECTOTCORR
2003-05-28,0,corn-mato-grosso,corn,-13.5,-56,NASA POWER MERRA-2 PRECTOTCORR
2003-05-29,0.21,corn-mato-grosso,corn,-13.5,-56,NASA POWER MERRA-2 PRECTOTCORR
2003-05-30,0.01,corn-mato-grosso,corn,-13.5,-56,NASA POWER MERRA-2 PRECTOTCORR
2003-05-31,0,corn-mato-grosso,corn,-13.5,-56,NASA POWER MERRA-2 PRECTOTCORR
2003-06-01,0.01,corn-mato-grosso,corn,-13.5,-56,NASA POWER MERRA-2 PRECTOTCORR
2003-06-02,0,corn-mato-grosso,corn,-13.5,-56,NASA POWER MERRA-2 PRECTOTCORR
2003-06-03,0,corn-mato-grosso,corn,-13.5,-56,NASA POWER MERRA-2 PRECTOTCORR
2003-06-04,0.05,corn-mato-grosso,corn,-13.5,-56,NASA POWER MERRA-2 PRECTOTCORR
2003-06-05,0,corn-mato-grosso,corn,-13.5,-56,NASA POWER MERRA-2 PRECTOTCORR
2003-06-06,0,corn-mato-grosso,corn,-13.5,-56,NASA POWER MERRA-2 PRECTOTCORR
2003-06-07,0,corn-mato-grosso,corn,-13.5,-56,NASA POWER MERRA-2 PRECTOTCORR
2003-06-08,0,corn-mato-grosso,corn,-13.5,-56,NASA POWER MERRA-2 PRECTOTCORR
2003-06-09,0,corn-mato-grosso,corn,-13.5,-56,NASA POWER MERRA-2 PRECTOTCORR
2003-06-10,0,corn-mato-grosso,corn,-13.5,-56,NASA POWER MERRA-2 PRECTOTCORR
2003-06-11,0,corn-mato-grosso,corn,-13.5,-56,NASA POWER MERRA-2 PRECTOTCORR
2003-06-12,0,corn-mato-grosso,corn,-13.5,-56,NASA POWER MERRA-2 PRECTOTCORR
2003-06-13,0,corn-mato-grosso,corn,-13.5,-56,NASA POWER MERRA-2 PRECTOTCORR
2003-06-14,0,corn-mato-grosso,corn,-13.5,-56,NASA POWER MERRA-2 PRECTOTCORR
2003-06-15,0,corn-mato-grosso,corn,-13.5,-56,NASA POWER MERRA-2 PRECTOTCORR
2003-06-16,0,corn-mato-grosso,corn,-13.5,-56,NASA POWER MERRA-2 PRECTOTCORR
2003-06-17,0,corn-mato-grosso,corn,-13.5,-56,NASA POWER MERRA-2 PRECTOTCORR
2003-06-18,0,corn-mato-grosso,corn,-13.5,-56,NASA POWER MERRA-2 PRECTOTCORR
2003-06-19,0,corn-mato-grosso,corn,-13.5,-56,NASA POWER MERRA-2 PRECTOTCORR
2003-06-20,2.55,corn-mato-grosso,corn,-13.5,-56,NASA POWER MERRA-2 PRECTOTCORR
2003-06-21,0,corn-mato-grosso,corn,-13.5,-56,NASA POWER MERRA-2 PRECTOTCORR
2003-06-22,0.03,corn-mato-grosso,corn,-13.5,-56,NASA POWER MERRA-2 PRECTOTCORR
2003-06-23,0,corn-mato-grosso,corn,-13.5,-56,NASA POWER MERRA-2 PRECTOTCORR
2003-06-24,0,corn-mato-grosso,corn,-13.5,-56,NASA POWER MERRA-2 PRECTOTCORR
2003-06-25,0,corn-mato-grosso,corn,-13.5,-56,NASA POWER MERRA-2 PRECTOTCORR
2003-06-26,0,corn-mato-grosso,corn,-13.5,-56,NASA POWER MERRA-2 PRECTOTCORR
2003-06-27,0,corn-mato-grosso,corn,-13.5,-56,NASA POWER MERRA-2 PRECTOTCORR
2003-06-28,0,corn-mato-grosso,corn,-13.5,-56,NASA POWER MERRA-2 PRECTOTCORR
2003-06-29,0.33,corn-mato-grosso,corn,-13.5,-56,NASA POWER MERRA-2 PRECTOTCORR
2003-06-30,0,corn-mato-grosso,corn,-13.5,-56,NASA POWER MERRA-2 PRECTOTCORR
2003-07-01,0,corn-mato-grosso,corn,-13.5,-56,NASA POWER MERRA-2 PRECTOTCORR
2003-07-02,0,corn-mato-grosso,corn,-13.5,-56,NASA POWER MERRA-2 PRECTOTCORR
2003-07-03,0,corn-mato-grosso,corn,-13.5,-56,NASA POWER MERRA-2 PRECTOTCORR
2003-07-04,0,corn-mato-grosso,corn,-13.5,-56,NASA POWER MERRA-2 PRECTOTCORR
2003-07-05,0,corn-mato-grosso,corn,-13.5,-56,NASA POWER MERRA-2 PRECTOTCORR
2003-07-06,0,corn-mato-grosso,corn,-13.5,-56,NASA POWER MERRA-2 PRECTOTCORR
2003-07-07,0,corn-mato-grosso,corn,-13.5,-56,NASA POWER MERRA-2 PRECTOTCORR
2003-07-08,0,corn-mato-grosso,corn,-13.5,-56,NASA POWER MERRA-2 PRECTOTCORR
2003-07-09,0,corn-mato-grosso,corn,-13.5,-56,NASA POWER MERRA-2 PRECTOTCORR
2003-07-10,0,corn-mato-grosso,corn,-13.5,-56,NASA POWER MERRA-2 PRECTOTCORR
2003-07-11,0,corn-mato-grosso,corn,-13.5,-56,NASA POWER MERRA-2 PRECTOTCORR
2003-07-12,0.01,corn-mato-grosso,corn,-13.5,-56,NASA POWER MERRA-2 PRECTOTCORR
2003-07-13,0,corn-mato-grosso,corn,-13.5,-56,NASA POWER MERRA-2 PRECTOTCORR
2003-07-14,0,corn-mato-grosso,corn,-13.5,-56,NASA POWER MERRA-2 PRECTOTCORR
2003-07-15,0,corn-mato-grosso,corn,-13.5,-56,NASA POWER MERRA-2 PRECTOTCORR
2003-07-16,0,corn-mato-grosso,corn,-13.5,-56,NASA POWER MERRA-2 PRECTOTCORR
2003-07-17,0,corn-mato-grosso,corn,-13.5,-56,NASA POWER MERRA-2 PRECTOTCORR
2003-07-18,0,corn-mato-grosso,corn,-13.5,-56,NASA POWER MERRA-2 PRECTOTCORR
2003-07-19,0,corn-mato-grosso,corn,-13.5,-56,NASA POWER MERRA-2 PRECTOTCORR
2003-07-20,0,corn-mato-grosso,corn,-13.5,-56,NASA POWER MERRA-2 PRECTOTCORR
2003-07-21,0,corn-mato-grosso,corn,-13.5,-56,NASA POWER MERRA-2 PRECTOTCORR
2003-07-22,0,corn-mato-grosso,corn,-13.5,-56,NASA POWER MERRA-2 PRECTOTCORR
2003-07-23,0,corn-mato-grosso,corn,-13.5,-56,NASA POWER MERRA-2 PRECTOTCORR
2003-07-24,0,corn-mato-grosso,corn,-13.5,-56,NASA POWER MERRA-2 PRECTOTCORR
2003-07-25,0,corn-mato-grosso,corn,-13.5,-56,NASA POWER MERRA-2 PRECTOTCORR
2003-07-26,0,corn-mato-grosso,corn,-13.5,-56,NASA POWER MERRA-2 PRECTOTCORR
2003-07-27,0,corn-mato-grosso,corn,-13.5,-56,NASA POWER MERRA-2 PRECTOTCORR
2003-07-28,0,corn-mato-grosso,corn,-13.5,-56,NASA POWER MERRA-2 PRECTOTCORR
2003-07-29,0,corn-mato-grosso,corn,-13.5,-56,NASA POWER MERRA-2 PRECTOTCORR
2003-07-30,0,corn-mato-grosso,corn,-13.5,-56,NASA POWER MERRA-2 PRECTOTCORR
2003-07-31,0,corn-mato-grosso,corn,-13.5,-56,NASA POWER MERRA-2 PRECTOTCORR
2003-08-01,0,corn-mato-grosso,corn,-13.5,-56,NASA POWER MERRA-2 PRECTOTCORR
2003-08-02,0,corn-mato-grosso,corn,-13.5,-56,NASA POWER MERRA-2 PRECTOTCORR
2003-08-03,0,corn-mato-grosso,corn,-13.5,-56,NASA POWER MERRA-2 PRECTOTCORR
2003-08-04,0,corn-mato-grosso,corn,-13.5,-56,NASA POWER MERRA-2 PRECTOTCORR
2003-08-05,0,corn-mato-grosso,corn,-13.5,-56,NASA POWER MERRA-2 PRECTOTCORR
2003-08-06,0,corn-mato-grosso,corn,-13.5,-56,NASA POWER MERRA-2 PRECTOTCORR
2003-08-07,0,corn-mato-grosso,corn,-13.5,-56,NASA POWER MERRA-2 PRECTOTCORR
2003-08-08,0,corn-mato-grosso,corn,-13.5,-56,NASA POWER MERRA-2 PRECTOTCORR
2003-08-09,0.6,corn-mato-grosso,corn,-13.5,-56,NASA POWER MERRA-2 PRECTOTCORR
2003-08-10,0,corn-mato-grosso,corn,-13.5,-56,NASA POWER MERRA-2 PRECTOTCORR
2003-08-11,0,corn-mato-grosso,corn,-13.5,-56,NASA POWER MERRA-2 PRECTOTCORR
2003-08-12,0,corn-mato-grosso,corn,-13.5,-56,NASA POWER MERRA-2 PRECTOTCORR
2003-08-13,0,corn-mato-grosso,corn,-13.5,-56,NASA POWER MERRA-2 PRECTOTCORR
2003-08-14,0,corn-mato-grosso,corn,-13.5,-56,NASA POWER MERRA-2 PRECTOTCORR
2003-08-15,0.55,corn-mato-grosso,corn,-13.5,-56,NASA POWER MERRA-2 PRECTOTCORR
2003-08-16,0.05,corn-mato-grosso,corn,-13.5,-56,NASA POWER MERRA-2 PRECTOTCORR
2003-08-17,0,corn-mato-grosso,corn,-13.5,-56,NASA POWER MERRA-2 PRECTOTCORR
2003-08-18,0,corn-mato-grosso,corn,-13.5,-56,NASA POWER MERRA-2 PRECTOTCORR
2003-08-19,0,corn-mato-grosso,corn,-13.5,-56,NASA POWER MERRA-2 PRECTOTCORR
2003-08-20,0,corn-mato-grosso,corn,-13.5,-56,NASA POWER MERRA-2 PRECTOTCORR
2003-08-21,0,corn-mato-grosso,corn,-13.5,-56,NASA POWER MERRA-2 PRECTOTCORR
2003-08-22,0.12,corn-mato-grosso,corn,-13.5,-56,NASA POWER MERRA-2 PRECTOTCORR
2003-08-23,0,corn-mato-grosso,corn,-13.5,-56,NASA POWER MERRA-2 PRECTOTCORR
2003-08-24,1.36,corn-mato-grosso,corn,-13.5,-56,NASA POWER MERRA-2 PRECTOTCORR
2003-08-25,0.44,corn-mato-grosso,corn,-13.5,-56,NASA POWER MERRA-2 PRECTOTCORR
2003-08-26,0,corn-mato-grosso,corn,-13.5,-56,NASA POWER MERRA-2 PRECTOTCORR
2003-08-27,0.02,corn-mato-grosso,corn,-13.5,-56,NASA POWER MERRA-2 PRECTOTCORR
2003-08-28,0,corn-mato-grosso,corn,-13.5,-56,NASA POWER MERRA-2 PRECTOTCORR
2003-08-29,0,corn-mato-grosso,corn,-13.5,-56,NASA POWER MERRA-2 PRECTOTCORR
2003-08-30,0,corn-mato-grosso,corn,-13.5,-56,NASA POWER MERRA-2 PRECTOTCORR
2003-08-31,0,corn-mato-grosso,corn,-13.5,-56,NASA POWER MERRA-2 PRECTOTCORR
2003-09-01,1.37,corn-mato-grosso,corn,-13.5,-56,NASA POWER MERRA-2 PRECTOTCORR
2003-09-02,2.78,corn-mato-grosso,corn,-13.5,-56,NASA POWER MERRA-2 PRECTOTCORR
2003-09-03,6.57,corn-mato-grosso,corn,-13.5,-56,NASA POWER MERRA-2 PRECTOTCORR
2003-09-04,0.37,corn-mato-grosso,corn,-13.5,-56,NASA POWER MERRA-2 PRECTOTCORR
2003-09-05,0,corn-mato-grosso,corn,-13.5,-56,NASA POWER MERRA-2 PRECTOTCORR
2003-09-06,0,corn-mato-grosso,corn,-13.5,-56,NASA POWER MERRA-2 PRECTOTCORR
2003-09-07,0.05,corn-mato-grosso,corn,-13.5,-56,NASA POWER MERRA-2 PRECTOTCORR
2003-09-08,1.98,corn-mato-grosso,corn,-13.5,-56,NASA POWER MERRA-2 PRECTOTCORR
2003-09-09,43.59,corn-mato-grosso,corn,-13.5,-56,NASA POWER MERRA-2 PRECTOTCORR
2003-09-10,0,corn-mato-grosso,corn,-13.5,-56,NASA POWER MERRA-2 PRECTOTCORR
2003-09-11,0,corn-mato-grosso,corn,-13.5,-56,NASA POWER MERRA-2 PRECTOTCORR
2003-09-12,0,corn-mato-grosso,corn,-13.5,-56,NASA POWER MERRA-2 PRECTOTCORR
2003-09-13,0,corn-mato-grosso,corn,-13.5,-56,NASA POWER MERRA-2 PRECTOTCORR
2003-09-14,0,corn-mato-grosso,corn,-13.5,-56,NASA POWER MERRA-2 PRECTOTCORR
2003-09-15,1.95,corn-mato-grosso,corn,-13.5,-56,NASA POWER MERRA-2 PRECTOTCORR
2003-09-16,1.19,corn-mato-grosso,corn,-13.5,-56,NASA POWER MERRA-2 PRECTOTCORR
2003-09-17,0.08,corn-mato-grosso,corn,-13.5,-56,NASA POWER MERRA-2 PRECTOTCORR
2003-09-18,0.04,corn-mato-grosso,corn,-13.5,-56,NASA POWER MERRA-2 PRECTOTCORR
2003-09-19,0.04,corn-mato-grosso,corn,-13.5,-56,NASA POWER MERRA-2 PRECTOTCORR
2003-09-20,3.89,corn-mato-grosso,corn,-13.5,-56,NASA POWER MERRA-2 PRECTOTCORR
2003-09-21,2.38,corn-mato-grosso,corn,-13.5,-56,NASA POWER MERRA-2 PRECTOTCORR
2003-09-22,0,corn-mato-grosso,corn,-13.5,-56,NASA POWER MERRA-2 PRECTOTCORR
2003-09-23,0.17,corn-mato-grosso,corn,-13.5,-56,NASA POWER MERRA-2 PRECTOTCORR
2003-09-24,9.58,corn-mato-grosso,corn,-13.5,-56,NASA POWER MERRA-2 PRECTOTCORR
2003-09-25,0.15,corn-mato-grosso,corn,-13.5,-56,NASA POWER MERRA-2 PRECTOTCORR
2003-09-26,0.18,corn-mato-grosso,corn,-13.5,-56,NASA POWER MERRA-2 PRECTOTCORR
2003-09-27,7.04,corn-mato-grosso,corn,-13.5,-56,NASA POWER MERRA-2 PRECTOTCORR
2003-09-28,12.03,corn-mato-grosso,corn,-13.5,-56,NASA POWER MERRA-2 PRECTOTCORR
2003-09-29,2.53,corn-mato-grosso,corn,-13.5,-56,NASA POWER MERRA-2 PRECTOTCORR
2003-09-30,0.19,corn-mato-grosso,corn,-13.5,-56,NASA POWER MERRA-2 PRECTOTCORR
2003-10-01,5.83,corn-mato-grosso,corn,-13.5,-56,NASA POWER MERRA-2 PRECTOTCORR
2003-10-02,3.87,corn-mato-grosso,corn,-13.5,-56,NASA POWER MERRA-2 PRECTOTCORR
2003-10-03,0.21,corn-mato-grosso,corn,-13.5,-56,NASA POWER MERRA-2 PRECTOTCORR
2003-10-04,2.47,corn-mato-grosso,corn,-13.5,-56,NASA POWER MERRA-2 PRECTOTCORR
2003-10-05,14.47,corn-mato-grosso,corn,-13.5,-56,NASA POWER MERRA-2 PRECTOTCORR
2003-10-06,10.61,corn-mato-grosso,corn,-13.5,-56,NASA POWER MERRA-2 PRECTOTCORR
2003-10-07,0.37,corn-mato-grosso,corn,-13.5,-56,NASA POWER MERRA-2 PRECTOTCORR
2003-10-08,0,corn-mato-grosso,corn,-13.5,-56,NASA POWER MERRA-2 PRECTOTCORR
2003-10-09,10.12,corn-mato-grosso,corn,-13.5,-56,NASA POWER MERRA-2 PRECTOTCORR
2003-10-10,0.46,corn-mato-grosso,corn,-13.5,-56,NASA POWER MERRA-2 PRECTOTCORR
2003-10-11,9.37,corn-mato-grosso,corn,-13.5,-56,NASA POWER MERRA-2 PRECTOTCORR
2003-10-12,2.36,corn-mato-grosso,corn,-13.5,-56,NASA POWER MERRA-2 PRECTOTCORR
2003-10-13,0.1,corn-mato-grosso,corn,-13.5,-56,NASA POWER MERRA-2 PRECTOTCORR
2003-10-14,0.08,corn-mato-grosso,corn,-13.5,-56,NASA POWER MERRA-2 PRECTOTCORR
2003-10-15,4.44,corn-mato-grosso,corn,-13.5,-56,NASA POWER MERRA-2 PRECTOTCORR
2003-10-16,0.04,corn-mato-grosso,corn,-13.5,-56,NASA POWER MERRA-2 PRECTOTCORR
2003-10-17,5.75,corn-mato-grosso,corn,-13.5,-56,NASA POWER MERRA-2 PRECTOTCORR
2003-10-18,0,corn-mato-grosso,corn,-13.5,-56,NASA POWER MERRA-2 PRECTOTCORR
2003-10-19,26,corn-mato-grosso,corn,-13.5,-56,NASA POWER MERRA-2 PRECTOTCORR
2003-10-20,2.32,corn-mato-grosso,corn,-13.5,-56,NASA POWER MERRA-2 PRECTOTCORR
2003-10-21,3.26,corn-mato-grosso,corn,-13.5,-56,NASA POWER MERRA-2 PRECTOTCORR
2003-10-22,21.49,corn-mato-grosso,corn,-13.5,-56,NASA POWER MERRA-2 PRECTOTCORR
2003-10-23,3.78,corn-mato-grosso,corn,-13.5,-56,NASA POWER MERRA-2 PRECTOTCORR
2003-10-24,5.2,corn-mato-grosso,corn,-13.5,-56,NASA POWER MERRA-2 PRECTOTCORR
2003-10-25,1.34,corn-mato-grosso,corn,-13.5,-56,NASA POWER MERRA-2 PRECTOTCORR
2003-10-26,0.18,corn-mato-grosso,corn,-13.5,-56,NASA POWER MERRA-2 PRECTOTCORR
2003-10-27,13.16,corn-mato-grosso,corn,-13.5,-56,NASA POWER MERRA-2 PRECTOTCORR
2003-10-28,10.04,corn-mato-grosso,corn,-13.5,-56,NASA POWER MERRA-2 PRECTOTCORR
2003-10-29,0.9,corn-mato-grosso,corn,-13.5,-56,NASA POWER MERRA-2 PRECTOTCORR
2003-10-30,5.02,corn-mato-grosso,corn,-13.5,-56,NASA POWER MERRA-2 PRECTOTCORR
2003-10-31,7.93,corn-mato-grosso,corn,-13.5,-56,NASA POWER MERRA-2 PRECTOTCORR
2003-11-01,2.4,corn-mato-grosso,corn,-13.5,-56,NASA POWER MERRA-2 PRECTOTCORR
2003-11-02,3.54,corn-mato-grosso,corn,-13.5,-56,NASA POWER MERRA-2 PRECTOTCORR
2003-11-03,0,corn-mato-grosso,corn,-13.5,-56,NASA POWER MERRA-2 PRECTOTCORR
2003-11-04,0.01,corn-mato-grosso,corn,-13.5,-56,NASA POWER MERRA-2 PRECTOTCORR
2003-11-05,2.69,corn-mato-grosso,corn,-13.5,-56,NASA POWER MERRA-2 PRECTOTCORR
2003-11-06,0.28,corn-mato-grosso,corn,-13.5,-56,NASA POWER MERRA-2 PRECTOTCORR
2003-11-07,1.18,corn-mato-grosso,corn,-13.5,-56,NASA POWER MERRA-2 PRECTOTCORR
2003-11-08,0.99,corn-mato-grosso,corn,-13.5,-56,NASA POWER MERRA-2 PRECTOTCORR
2003-11-09,0.07,corn-mato-grosso,corn,-13.5,-56,NASA POWER MERRA-2 PRECTOTCORR
2003-11-10,0.89,corn-mato-grosso,corn,-13.5,-56,NASA POWER MERRA-2 PRECTOTCORR
2003-11-11,0.78,corn-mato-grosso,corn,-13.5,-56,NASA POWER MERRA-2 PRECTOTCORR
2003-11-12,24.26,corn-mato-grosso,corn,-13.5,-56,NASA POWER MERRA-2 PRECTOTCORR
2003-11-13,1.29,corn-mato-grosso,corn,-13.5,-56,NASA POWER MERRA-2 PRECTOTCORR
2003-11-14,11.33,corn-mato-grosso,corn,-13.5,-56,NASA POWER MERRA-2 PRECTOTCORR
2003-11-15,31.65,corn-mato-grosso,corn,-13.5,-56,NASA POWER MERRA-2 PRECTOTCORR
2003-11-16,7.97,corn-mato-grosso,corn,-13.5,-56,NASA POWER MERRA-2 PRECTOTCORR
2003-11-17,5.28,corn-mato-grosso,corn,-13.5,-56,NASA POWER MERRA-2 PRECTOTCORR
2003-11-18,13.44,corn-mato-grosso,corn,-13.5,-56,NASA POWER MERRA-2 PRECTOTCORR
2003-11-19,8.01,corn-mato-grosso,corn,-13.5,-56,NASA POWER MERRA-2 PRECTOTCORR
2003-11-20,10.07,corn-mato-grosso,corn,-13.5,-56,NASA POWER MERRA-2 PRECTOTCORR
2003-11-21,21.75,corn-mato-grosso,corn,-13.5,-56,NASA POWER MERRA-2 PRECTOTCORR
2003-11-22,1.36,corn-mato-grosso,corn,-13.5,-56,NASA POWER MERRA-2 PRECTOTCORR
2003-11-23,15.07,corn-mato-grosso,corn,-13.5,-56,NASA POWER MERRA-2 PRECTOTCORR
2003-11-24,2.71,corn-mato-grosso,corn,-13.5,-56,NASA POWER MERRA-2 PRECTOTCORR
2003-11-25,0.82,corn-mato-grosso,corn,-13.5,-56,NASA POWER MERRA-2 PRECTOTCORR
2003-11-26,0.13,corn-mato-grosso,corn,-13.5,-56,NASA POWER MERRA-2 PRECTOTCORR
2003-11-27,1.24,corn-mato-grosso,corn,-13.5,-56,NASA POWER MERRA-2 PRECTOTCORR
2003-11-28,15.05,corn-mato-grosso,corn,-13.5,-56,NASA POWER MERRA-2 PRECTOTCORR
2003-11-29,28.44,corn-mato-grosso,corn,-13.5,-56,NASA POWER MERRA-2 PRECTOTCORR
2003-11-30,12.76,corn-mato-grosso,corn,-13.5,-56,NASA POWER MERRA-2 PRECTOTCORR
2003-12-01,19.83,corn-mato-grosso,corn,-13.5,-56,NASA POWER MERRA-2 PRECTOTCORR
2003-12-02,8.39,corn-mato-grosso,corn,-13.5,-56,NASA POWER MERRA-2 PRECTOTCORR
2003-12-03,4.44,corn-mato-grosso,corn,-13.5,-56,NASA POWER MERRA-2 PRECTOTCORR
2003-12-04,13.59,corn-mato-grosso,corn,-13.5,-56,NASA POWER MERRA-2 PRECTOTCORR
2003-12-05,28.79,corn-mato-grosso,corn,-13.5,-56,NASA POWER MERRA-2 PRECTOTCORR
2003-12-06,5.79,corn-mato-grosso,corn,-13.5,-56,NASA POWER MERRA-2 PRECTOTCORR
2003-12-07,4.41,corn-mato-grosso,corn,-13.5,-56,NASA POWER MERRA-2 PRECTOTCORR
2003-12-08,3.63,corn-mato-grosso,corn,-13.5,-56,NASA POWER MERRA-2 PRECTOTCORR
2003-12-09,44.96,corn-mato-grosso,corn,-13.5,-56,NASA POWER MERRA-2 PRECTOTCORR
2003-12-10,2.71,corn-mato-grosso,corn,-13.5,-56,NASA POWER MERRA-2 PRECTOTCORR
2003-12-11,0.55,corn-mato-grosso,corn,-13.5,-56,NASA POWER MERRA-2 PRECTOTCORR
2003-12-12,1.55,corn-mato-grosso,corn,-13.5,-56,NASA POWER MERRA-2 PRECTOTCORR
2003-12-13,3.35,corn-mato-grosso,corn,-13.5,-56,NASA POWER MERRA-2 PRECTOTCORR
2003-12-14,3.93,corn-mato-grosso,corn,-13.5,-56,NASA POWER MERRA-2 PRECTOTCORR
2003-12-15,2.4,corn-mato-grosso,corn,-13.5,-56,NASA POWER MERRA-2 PRECTOTCORR
2003-12-16,24.83,corn-mato-grosso,corn,-13.5,-56,NASA POWER MERRA-2 PRECTOTCORR
2003-12-17,3.28,corn-mato-grosso,corn,-13.5,-56,NASA POWER MERRA-2 PRECTOTCORR
2003-12-18,6.02,corn-mato-grosso,corn,-13.5,-56,NASA POWER MERRA-2 PRECTOTCORR
2003-12-19,2.26,corn-mato-grosso,corn,-13.5,-56,NASA POWER MERRA-2 PRECTOTCORR
2003-12-20,0.44,corn-mato-grosso,corn,-13.5,-56,NASA POWER MERRA-2 PRECTOTCORR
2003-12-21,0.07,corn-mato-grosso,corn,-13.5,-56,NASA POWER MERRA-2 PRECTOTCORR
2003-12-22,1.71,corn-mato-grosso,corn,-13.5,-56,NASA POWER MERRA-2 PRECTOTCORR
2003-12-23,6.55,corn-mato-grosso,corn,-13.5,-56,NASA POWER MERRA-2 PRECTOTCORR
2003-12-24,12.38,corn-mato-grosso,corn,-13.5,-56,NASA POWER MERRA-2 PRECTOTCORR
2003-12-25,11.8,corn-mato-grosso,corn,-13.5,-56,NASA POWER MERRA-2 PRECTOTCORR
2003-12-26,12.38,corn-mato-grosso,corn,-13.5,-56,NASA POWER MERRA-2 PRECTOTCORR
2003-12-27,10.64,corn-mato-grosso,corn,-13.5,-56,NASA POWER MERRA-2 PRECTOTCORR
2003-12-28,18.53,corn-mato-grosso,corn,-13.5,-56,NASA POWER MERRA-2 PRECTOTCORR
2003-12-29,15.25,corn-mato-grosso,corn,-13.5,-56,NASA POWER MERRA-2 PRECTOTCORR
2003-12-30,5.25,corn-mato-grosso,corn,-13.5,-56,NASA POWER MERRA-2 PRECTOTCORR
2003-12-31,6.22,corn-mato-grosso,corn,-13.5,-56,NASA POWER MERRA-2 PRECTOTCORR
2004-01-01,14.75,corn-mato-grosso,corn,-13.5,-56,NASA POWER MERRA-2 PRECTOTCORR
2004-01-02,14.21,corn-mato-grosso,corn,-13.5,-56,NASA POWER MERRA-2 PRECTOTCORR
2004-01-03,7.72,corn-mato-grosso,corn,-13.5,-56,NASA POWER MERRA-2 PRECTOTCORR
2004-01-04,5.3,corn-mato-grosso,corn,-13.5,-56,NASA POWER MERRA-2 PRECTOTCORR
2004-01-05,24.16,corn-mato-grosso,corn,-13.5,-56,NASA POWER MERRA-2 PRECTOTCORR
2004-01-06,20.86,corn-mato-grosso,corn,-13.5,-56,NASA POWER MERRA-2 PRECTOTCORR
2004-01-07,3.27,corn-mato-grosso,corn,-13.5,-56,NASA POWER MERRA-2 PRECTOTCORR
2004-01-08,7.59,corn-mato-grosso,corn,-13.5,-56,NASA POWER MERRA-2 PRECTOTCORR
2004-01-09,31.77,corn-mato-grosso,corn,-13.5,-56,NASA POWER MERRA-2 PRECTOTCORR
2004-01-10,14.7,corn-mato-grosso,corn,-13.5,-56,NASA POWER MERRA-2 PRECTOTCORR
2004-01-11,5.01,corn-mato-grosso,corn,-13.5,-56,NASA POWER MERRA-2 PRECTOTCORR
2004-01-12,8.32,corn-mato-grosso,corn,-13.5,-56,NASA POWER MERRA-2 PRECTOTCORR
2004-01-13,21.52,corn-mato-grosso,corn,-13.5,-56,NASA POWER MERRA-2 PRECTOTCORR
2004-01-14,21.83,corn-mato-grosso,corn,-13.5,-56,NASA POWER MERRA-2 PRECTOTCORR
2004-01-15,17.09,corn-mato-grosso,corn,-13.5,-56,NASA POWER MERRA-2 PRECTOTCORR
2004-01-16,16.22,corn-mato-grosso,corn,-13.5,-56,NASA POWER MERRA-2 PRECTOTCORR
2004-01-17,5.78,corn-mato-grosso,corn,-13.5,-56,NASA POWER MERRA-2 PRECTOTCORR
2004-01-18,8,corn-mato-grosso,corn,-13.5,-56,NASA POWER MERRA-2 PRECTOTCORR
2004-01-19,16.85,corn-mato-grosso,corn,-13.5,-56,NASA POWER MERRA-2 PRECTOTCORR
2004-01-20,23.04,corn-mato-grosso,corn,-13.5,-56,NASA POWER MERRA-2 PRECTOTCORR
2004-01-21,8.96,corn-mato-grosso,corn,-13.5,-56,NASA POWER MERRA-2 PRECTOTCORR
2004-01-22,18.33,corn-mato-grosso,corn,-13.5,-56,NASA POWER MERRA-2 PRECTOTCORR
2004-01-23,18.77,corn-mato-grosso,corn,-13.5,-56,NASA POWER MERRA-2 PRECTOTCORR
2004-01-24,24,corn-mato-grosso,corn,-13.5,-56,NASA POWER MERRA-2 PRECTOTCORR
2004-01-25,42.46,corn-mato-grosso,corn,-13.5,-56,NASA POWER MERRA-2 PRECTOTCORR
2004-01-26,8.42,corn-mato-grosso,corn,-13.5,-56,NASA POWER MERRA-2 PRECTOTCORR
2004-01-27,4.77,corn-mato-grosso,corn,-13.5,-56,NASA POWER MERRA-2 PRECTOTCORR
2004-01-28,10.71,corn-mato-grosso,corn,-13.5,-56,NASA POWER MERRA-2 PRECTOTCORR
2004-01-29,12.22,corn-mato-grosso,corn,-13.5,-56,NASA POWER MERRA-2 PRECTOTCORR
2004-01-30,22.96,corn-mato-grosso,corn,-13.5,-56,NASA POWER MERRA-2 PRECTOTCORR
2004-01-31,25.54,corn-mato-grosso,corn,-13.5,-56,NASA POWER MERRA-2 PRECTOTCORR
2004-02-01,18.47,corn-mato-grosso,corn,-13.5,-56,NASA POWER MERRA-2 PRECTOTCORR
2004-02-02,15.39,corn-mato-grosso,corn,-13.5,-56,NASA POWER MERRA-2 PRECTOTCORR
2004-02-03,23.9,corn-mato-grosso,corn,-13.5,-56,NASA POWER MERRA-2 PRECTOTCORR
2004-02-04,27.38,corn-mato-grosso,corn,-13.5,-56,NASA POWER MERRA-2 PRECTOTCORR
2004-02-05,16,corn-mato-grosso,corn,-13.5,-56,NASA POWER MERRA-2 PRECTOTCORR
2004-02-06,11.23,corn-mato-grosso,corn,-13.5,-56,NASA POWER MERRA-2 PRECTOTCORR
2004-02-07,7.27,corn-mato-grosso,corn,-13.5,-56,NASA POWER MERRA-2 PRECTOTCORR
2004-02-08,32.7,corn-mato-grosso,corn,-13.5,-56,NASA POWER MERRA-2 PRECTOTCORR
2004-02-09,21.53,corn-mato-grosso,corn,-13.5,-56,NASA POWER MERRA-2 PRECTOTCORR
2004-02-10,36.87,corn-mato-grosso,corn,-13.5,-56,NASA POWER MERRA-2 PRECTOTCORR
2004-02-11,22.97,corn-mato-grosso,corn,-13.5,-56,NASA POWER MERRA-2 PRECTOTCORR
2004-02-12,15.71,corn-mato-grosso,corn,-13.5,-56,NASA POWER MERRA-2 PRECTOTCORR
2004-02-13,13.89,corn-mato-grosso,corn,-13.5,-56,NASA POWER MERRA-2 PRECTOTCORR
2004-02-14,16,corn-mato-grosso,corn,-13.5,-56,NASA POWER MERRA-2 PRECTOTCORR
2004-02-15,9.58,corn-mato-grosso,corn,-13.5,-56,NASA POWER MERRA-2 PRECTOTCORR
2004-02-16,13.95,corn-mato-grosso,corn,-13.5,-56,NASA POWER MERRA-2 PRECTOTCORR
2004-02-17,6.38,corn-mato-grosso,corn,-13.5,-56,NASA POWER MERRA-2 PRECTOTCORR
2004-02-18,9.97,corn-mato-grosso,corn,-13.5,-56,NASA POWER MERRA-2 PRECTOTCORR
2004-02-19,20.83,corn-mato-grosso,corn,-13.5,-56,NASA POWER MERRA-2 PRECTOTCORR
2004-02-20,18.52,corn-mato-grosso,corn,-13.5,-56,NASA POWER MERRA-2 PRECTOTCORR
2004-02-21,11.51,corn-mato-grosso,corn,-13.5,-56,NASA POWER MERRA-2 PRECTOTCORR
2004-02-22,6.19,corn-mato-grosso,corn,-13.5,-56,NASA POWER MERRA-2 PRECTOTCORR
2004-02-23,10.7,corn-mato-grosso,corn,-13.5,-56,NASA POWER MERRA-2 PRECTOTCORR
2004-02-24,33.77,corn-mato-grosso,corn,-13.5,-56,NASA POWER MERRA-2 PRECTOTCORR
2004-02-25,3.84,corn-mato-grosso,corn,-13.5,-56,NASA POWER MERRA-2 PRECTOTCORR
2004-02-26,0.87,corn-mato-grosso,corn,-13.5,-56,NASA POWER MERRA-2 PRECTOTCORR
2004-02-27,3.37,corn-mato-grosso,corn,-13.5,-56,NASA POWER MERRA-2 PRECTOTCORR
2004-02-28,1.34,corn-mato-grosso,corn,-13.5,-56,NASA POWER MERRA-2 PRECTOTCORR
2004-02-29,16.93,corn-mato-grosso,corn,-13.5,-56,NASA POWER MERRA-2 PRECTOTCORR
2004-03-01,0.58,corn-mato-grosso,corn,-13.5,-56,NASA POWER MERRA-2 PRECTOTCORR
2004-03-02,4.21,corn-mato-grosso,corn,-13.5,-56,NASA POWER MERRA-2 PRECTOTCORR
2004-03-03,5.62,corn-mato-grosso,corn,-13.5,-56,NASA POWER MERRA-2 PRECTOTCORR
2004-03-04,12.76,corn-mato-grosso,corn,-13.5,-56,NASA POWER MERRA-2 PRECTOTCORR
2004-03-05,20.63,corn-mato-grosso,corn,-13.5,-56,NASA POWER MERRA-2 PRECTOTCORR
2004-03-06,4.05,corn-mato-grosso,corn,-13.5,-56,NASA POWER MERRA-2 PRECTOTCORR
2004-03-07,13.24,corn-mato-grosso,corn,-13.5,-56,NASA POWER MERRA-2 PRECTOTCORR
2004-03-08,6.02,corn-mato-grosso,corn,-13.5,-56,NASA POWER MERRA-2 PRECTOTCORR
2004-03-09,7.93,corn-mato-grosso,corn,-13.5,-56,NASA POWER MERRA-2 PRECTOTCORR
2004-03-10,2.14,corn-mato-grosso,corn,-13.5,-56,NASA POWER MERRA-2 PRECTOTCORR
2004-03-11,3.64,corn-mato-grosso,corn,-13.5,-56,NASA POWER MERRA-2 PRECTOTCORR
2004-03-12,8.26,corn-mato-grosso,corn,-13.5,-56,NASA POWER MERRA-2 PRECTOTCORR
2004-03-13,4.1,corn-mato-grosso,corn,-13.5,-56,NASA POWER MERRA-2 PRECTOTCORR
2004-03-14,2.5,corn-mato-grosso,corn,-13.5,-56,NASA POWER MERRA-2 PRECTOTCORR
2004-03-15,2.92,corn-mato-grosso,corn,-13.5,-56,NASA POWER MERRA-2 PRECTOTCORR
2004-03-16,17.67,corn-mato-grosso,corn,-13.5,-56,NASA POWER MERRA-2 PRECTOTCORR
2004-03-17,1.44,corn-mato-grosso,corn,-13.5,-56,NASA POWER MERRA-2 PRECTOTCORR
2004-03-18,3.95,corn-mato-grosso,corn,-13.5,-56,NASA POWER MERRA-2 PRECTOTCORR
2004-03-19,1.01,corn-mato-grosso,corn,-13.5,-56,NASA POWER MERRA-2 PRECTOTCORR
2004-03-20,5.11,corn-mato-grosso,corn,-13.5,-56,NASA POWER MERRA-2 PRECTOTCORR
2004-03-21,2.28,corn-mato-grosso,corn,-13.5,-56,NASA POWER MERRA-2 PRECTOTCORR
2004-03-22,0.19,corn-mato-grosso,corn,-13.5,-56,NASA POWER MERRA-2 PRECTOTCORR
2004-03-23,1.37,corn-mato-grosso,corn,-13.5,-56,NASA POWER MERRA-2 PRECTOTCORR
2004-03-24,1.98,corn-mato-grosso,corn,-13.5,-56,NASA POWER MERRA-2 PRECTOTCORR
2004-03-25,3.53,corn-mato-grosso,corn,-13.5,-56,NASA POWER MERRA-2 PRECTOTCORR
2004-03-26,3.9,corn-mato-grosso,corn,-13.5,-56,NASA POWER MERRA-2 PRECTOTCORR
2004-03-27,0.57,corn-mato-grosso,corn,-13.5,-56,NASA POWER MERRA-2 PRECTOTCORR
2004-03-28,2.14,corn-mato-grosso,corn,-13.5,-56,NASA POWER MERRA-2 PRECTOTCORR
2004-03-29,0.34,corn-mato-grosso,corn,-13.5,-56,NASA POWER MERRA-2 PRECTOTCORR
2004-03-30,1.14,corn-mato-grosso,corn,-13.5,-56,NASA POWER MERRA-2 PRECTOTCORR
2004-03-31,25.05,corn-mato-grosso,corn,-13.5,-56,NASA POWER MERRA-2 PRECTOTCORR
2004-04-01,7.97,corn-mato-grosso,corn,-13.5,-56,NASA POWER MERRA-2 PRECTOTCORR
2004-04-02,4.16,corn-mato-grosso,corn,-13.5,-56,NASA POWER MERRA-2 PRECTOTCORR
2004-04-03,0.24,corn-mato-grosso,corn,-13.5,-56,NASA POWER MERRA-2 PRECTOTCORR
2004-04-04,5.37,corn-mato-grosso,corn,-13.5,-56,NASA POWER MERRA-2 PRECTOTCORR
2004-04-05,8.79,corn-mato-grosso,corn,-13.5,-56,NASA POWER MERRA-2 PRECTOTCORR
2004-04-06,3.86,corn-mato-grosso,corn,-13.5,-56,NASA POWER MERRA-2 PRECTOTCORR
2004-04-07,1.71,corn-mato-grosso,corn,-13.5,-56,NASA POWER MERRA-2 PRECTOTCORR
2004-04-08,0.87,corn-mato-grosso,corn,-13.5,-56,NASA POWER MERRA-2 PRECTOTCORR
2004-04-09,2.05,corn-mato-grosso,corn,-13.5,-56,NASA POWER MERRA-2 PRECTOTCORR
2004-04-10,6.99,corn-mato-grosso,corn,-13.5,-56,NASA POWER MERRA-2 PRECTOTCORR
2004-04-11,3.11,corn-mato-grosso,corn,-13.5,-56,NASA POWER MERRA-2 PRECTOTCORR
2004-04-12,0.81,corn-mato-grosso,corn,-13.5,-56,NASA POWER MERRA-2 PRECTOTCORR
2004-04-13,0.48,corn-mato-grosso,corn,-13.5,-56,NASA POWER MERRA-2 PRECTOTCORR
2004-04-14,2.42,corn-mato-grosso,corn,-13.5,-56,NASA POWER MERRA-2 PRECTOTCORR
2004-04-15,0.76,corn-mato-grosso,corn,-13.5,-56,NASA POWER MERRA-2 PRECTOTCORR
2004-04-16,3.06,corn-mato-grosso,corn,-13.5,-56,NASA POWER MERRA-2 PRECTOTCORR
2004-04-17,0.45,corn-mato-grosso,corn,-13.5,-56,NASA POWER MERRA-2 PRECTOTCORR
2004-04-18,0.09,corn-mato-grosso,corn,-13.5,-56,NASA POWER MERRA-2 PRECTOTCORR
2004-04-19,2.6,corn-mato-grosso,corn,-13.5,-56,NASA POWER MERRA-2 PRECTOTCORR
2004-04-20,0.4,corn-mato-grosso,corn,-13.5,-56,NASA POWER MERRA-2 PRECTOTCORR
2004-04-21,2.89,corn-mato-grosso,corn,-13.5,-56,NASA POWER MERRA-2 PRECTOTCORR
2004-04-22,3.55,corn-mato-grosso,corn,-13.5,-56,NASA POWER MERRA-2 PRECTOTCORR
2004-04-23,5.22,corn-mato-grosso,corn,-13.5,-56,NASA POWER MERRA-2 PRECTOTCORR
2004-04-24,4.64,corn-mato-grosso,corn,-13.5,-56,NASA POWER MERRA-2 PRECTOTCORR
2004-04-25,4.27,corn-mato-grosso,corn,-13.5,-56,NASA POWER MERRA-2 PRECTOTCORR
2004-04-26,0.3,corn-mato-grosso,corn,-13.5,-56,NASA POWER MERRA-2 PRECTOTCORR
2004-04-27,0.01,corn-mato-grosso,corn,-13.5,-56,NASA POWER MERRA-2 PRECTOTCORR
2004-04-28,2.27,corn-mato-grosso,corn,-13.5,-56,NASA POWER MERRA-2 PRECTOTCORR
2004-04-29,0.05,corn-mato-grosso,corn,-13.5,-56,NASA POWER MERRA-2 PRECTOTCORR
2004-04-30,2.72,corn-mato-grosso,corn,-13.5,-56,NASA POWER MERRA-2 PRECTOTCORR
2004-05-01,0.58,corn-mato-grosso,corn,-13.5,-56,NASA POWER MERRA-2 PRECTOTCORR
2004-05-02,0,corn-mato-grosso,corn,-13.5,-56,NASA POWER MERRA-2 PRECTOTCORR
2004-05-03,2.66,corn-mato-grosso,corn,-13.5,-56,NASA POWER MERRA-2 PRECTOTCORR
2004-05-04,1.98,corn-mato-grosso,corn,-13.5,-56,NASA POWER MERRA-2 PRECTOTCORR
2004-05-05,1.47,corn-mato-grosso,corn,-13.5,-56,NASA POWER MERRA-2 PRECTOTCORR
2004-05-06,0.86,corn-mato-grosso,corn,-13.5,-56,NASA POWER MERRA-2 PRECTOTCORR
2004-05-07,0.1,corn-mato-grosso,corn,-13.5,-56,NASA POWER MERRA-2 PRECTOTCORR
2004-05-08,0.01,corn-mato-grosso,corn,-13.5,-56,NASA POWER MERRA-2 PRECTOTCORR
2004-05-09,0.35,corn-mato-grosso,corn,-13.5,-56,NASA POWER MERRA-2 PRECTOTCORR
2004-05-10,0.13,corn-mato-grosso,corn,-13.5,-56,NASA POWER MERRA-2 PRECTOTCORR
2004-05-11,0,corn-mato-grosso,corn,-13.5,-56,NASA POWER MERRA-2 PRECTOTCORR
2004-05-12,0.77,corn-mato-grosso,corn,-13.5,-56,NASA POWER MERRA-2 PRECTOTCORR
2004-05-13,7.67,corn-mato-grosso,corn,-13.5,-56,NASA POWER MERRA-2 PRECTOTCORR
2004-05-14,0.27,corn-mato-grosso,corn,-13.5,-56,NASA POWER MERRA-2 PRECTOTCORR
2004-05-15,0.01,corn-mato-grosso,corn,-13.5,-56,NASA POWER MERRA-2 PRECTOTCORR
2004-05-16,0.45,corn-mato-grosso,corn,-13.5,-56,NASA POWER MERRA-2 PRECTOTCORR
2004-05-17,1.6,corn-mato-grosso,corn,-13.5,-56,NASA POWER MERRA-2 PRECTOTCORR
2004-05-18,0.14,corn-mato-grosso,corn,-13.5,-56,NASA POWER MERRA-2 PRECTOTCORR
2004-05-19,1.77,corn-mato-grosso,corn,-13.5,-56,NASA POWER MERRA-2 PRECTOTCORR
2004-05-20,15.98,corn-mato-grosso,corn,-13.5,-56,NASA POWER MERRA-2 PRECTOTCORR
2004-05-21,5.26,corn-mato-grosso,corn,-13.5,-56,NASA POWER MERRA-2 PRECTOTCORR
2004-05-22,0.71,corn-mato-grosso,corn,-13.5,-56,NASA POWER MERRA-2 PRECTOTCORR
2004-05-23,0.44,corn-mato-grosso,corn,-13.5,-56,NASA POWER MERRA-2 PRECTOTCORR
2004-05-24,0,corn-mato-grosso,corn,-13.5,-56,NASA POWER MERRA-2 PRECTOTCORR
2004-05-25,0,corn-mato-grosso,corn,-13.5,-56,NASA POWER MERRA-2 PRECTOTCORR
2004-05-26,0,corn-mato-grosso,corn,-13.5,-56,NASA POWER MERRA-2 PRECTOTCORR
2004-05-27,0,corn-mato-grosso,corn,-13.5,-56,NASA POWER MERRA-2 PRECTOTCORR
2004-05-28,0,corn-mato-grosso,corn,-13.5,-56,NASA POWER MERRA-2 PRECTOTCORR
2004-05-29,0,corn-mato-grosso,corn,-13.5,-56,NASA POWER MERRA-2 PRECTOTCORR
2004-05-30,0,corn-mato-grosso,corn,-13.5,-56,NASA POWER MERRA-2 PRECTOTCORR
2004-05-31,0.3,corn-mato-grosso,corn,-13.5,-56,NASA POWER MERRA-2 PRECTOTCORR
2004-06-01,0.71,corn-mato-grosso,corn,-13.5,-56,NASA POWER MERRA-2 PRECTOTCORR
2004-06-02,0.09,corn-mato-grosso,corn,-13.5,-56,NASA POWER MERRA-2 PRECTOTCORR
2004-06-03,0,corn-mato-grosso,corn,-13.5,-56,NASA POWER MERRA-2 PRECTOTCORR
2004-06-04,0,corn-mato-grosso,corn,-13.5,-56,NASA POWER MERRA-2 PRECTOTCORR
2004-06-05,0,corn-mato-grosso,corn,-13.5,-56,NASA POWER MERRA-2 PRECTOTCORR
2004-06-06,0,corn-mato-grosso,corn,-13.5,-56,NASA POWER MERRA-2 PRECTOTCORR
2004-06-07,0,corn-mato-grosso,corn,-13.5,-56,NASA POWER MERRA-2 PRECTOTCORR
2004-06-08,0,corn-mato-grosso,corn,-13.5,-56,NASA POWER MERRA-2 PRECTOTCORR
2004-06-09,0,corn-mato-grosso,corn,-13.5,-56,NASA POWER MERRA-2 PRECTOTCORR
2004-06-10,0.35,corn-mato-grosso,corn,-13.5,-56,NASA POWER MERRA-2 PRECTOTCORR
2004-06-11,0,corn-mato-grosso,corn,-13.5,-56,NASA POWER MERRA-2 PRECTOTCORR
2004-06-12,0,corn-mato-grosso,corn,-13.5,-56,NASA POWER MERRA-2 PRECTOTCORR
2004-06-13,0,corn-mato-grosso,corn,-13.5,-56,NASA POWER MERRA-2 PRECTOTCORR
2004-06-14,0,corn-mato-grosso,corn,-13.5,-56,NASA POWER MERRA-2 PRECTOTCORR
2004-06-15,0.17,corn-mato-grosso,corn,-13.5,-56,NASA POWER MERRA-2 PRECTOTCORR
2004-06-16,0,corn-mato-grosso,corn,-13.5,-56,NASA POWER MERRA-2 PRECTOTCORR
2004-06-17,0,corn-mato-grosso,corn,-13.5,-56,NASA POWER MERRA-2 PRECTOTCORR
2004-06-18,0,corn-mato-grosso,corn,-13.5,-56,NASA POWER MERRA-2 PRECTOTCORR
2004-06-19,0,corn-mato-grosso,corn,-13.5,-56,NASA POWER MERRA-2 PRECTOTCORR
2004-06-20,0,corn-mato-grosso,corn,-13.5,-56,NASA POWER MERRA-2 PRECTOTCORR
2004-06-21,0,corn-mato-grosso,corn,-13.5,-56,NASA POWER MERRA-2 PRECTOTCORR
2004-06-22,0.42,corn-mato-grosso,corn,-13.5,-56,NASA POWER MERRA-2 PRECTOTCORR
2004-06-23,0,corn-mato-grosso,corn,-13.5,-56,NASA POWER MERRA-2 PRECTOTCORR
2004-06-24,0,corn-mato-grosso,corn,-13.5,-56,NASA POWER MERRA-2 PRECTOTCORR
2004-06-25,0,corn-mato-grosso,corn,-13.5,-56,NASA POWER MERRA-2 PRECTOTCORR
2004-06-26,0.4,corn-mato-grosso,corn,-13.5,-56,NASA POWER MERRA-2 PRECTOTCORR
2004-06-27,0,corn-mato-grosso,corn,-13.5,-56,NASA POWER MERRA-2 PRECTOTCORR
2004-06-28,0,corn-mato-grosso,corn,-13.5,-56,NASA POWER MERRA-2 PRECTOTCORR
2004-06-29,0,corn-mato-grosso,corn,-13.5,-56,NASA POWER MERRA-2 PRECTOTCORR
2004-06-30,0,corn-mato-grosso,corn,-13.5,-56,NASA POWER MERRA-2 PRECTOTCORR
2004-07-01,0,corn-mato-grosso,corn,-13.5,-56,NASA POWER MERRA-2 PRECTOTCORR
2004-07-02,0,corn-mato-grosso,corn,-13.5,-56,NASA POWER MERRA-2 PRECTOTCORR
2004-07-03,0.03,corn-mato-grosso,corn,-13.5,-56,NASA POWER MERRA-2 PRECTOTCORR
2004-07-04,0.25,corn-mato-grosso,corn,-13.5,-56,NASA POWER MERRA-2 PRECTOTCORR
2004-07-05,0,corn-mato-grosso,corn,-13.5,-56,NASA POWER MERRA-2 PRECTOTCORR
2004-07-06,0.41,corn-mato-grosso,corn,-13.5,-56,NASA POWER MERRA-2 PRECTOTCORR
2004-07-07,0,corn-mato-grosso,corn,-13.5,-56,NASA POWER MERRA-2 PRECTOTCORR
2004-07-08,3.07,corn-mato-grosso,corn,-13.5,-56,NASA POWER MERRA-2 PRECTOTCORR
2004-07-09,6.22,corn-mato-grosso,corn,-13.5,-56,NASA POWER MERRA-2 PRECTOTCORR
2004-07-10,0.34,corn-mato-grosso,corn,-13.5,-56,NASA POWER MERRA-2 PRECTOTCORR
2004-07-11,3.27,corn-mato-grosso,corn,-13.5,-56,NASA POWER MERRA-2 PRECTOTCORR
2004-07-12,0,corn-mato-grosso,corn,-13.5,-56,NASA POWER MERRA-2 PRECTOTCORR
2004-07-13,0.01,corn-mato-grosso,corn,-13.5,-56,NASA POWER MERRA-2 PRECTOTCORR
2004-07-14,1.8,corn-mato-grosso,corn,-13.5,-56,NASA POWER MERRA-2 PRECTOTCORR
2004-07-15,0,corn-mato-grosso,corn,-13.5,-56,NASA POWER MERRA-2 PRECTOTCORR
2004-07-16,0,corn-mato-grosso,corn,-13.5,-56,NASA POWER MERRA-2 PRECTOTCORR
2004-07-17,0,corn-mato-grosso,corn,-13.5,-56,NASA POWER MERRA-2 PRECTOTCORR
2004-07-18,0,corn-mato-grosso,corn,-13.5,-56,NASA POWER MERRA-2 PRECTOTCORR
2004-07-19,0.03,corn-mato-grosso,corn,-13.5,-56,NASA POWER MERRA-2 PRECTOTCORR
2004-07-20,0.01,corn-mato-grosso,corn,-13.5,-56,NASA POWER MERRA-2 PRECTOTCORR
2004-07-21,0.02,corn-mato-grosso,corn,-13.5,-56,NASA POWER MERRA-2 PRECTOTCORR
2004-07-22,0,corn-mato-grosso,corn,-13.5,-56,NASA POWER MERRA-2 PRECTOTCORR
2004-07-23,0,corn-mato-grosso,corn,-13.5,-56,NASA POWER MERRA-2 PRECTOTCORR
2004-07-24,0,corn-mato-grosso,corn,-13.5,-56,NASA POWER MERRA-2 PRECTOTCORR
2004-07-25,0,corn-mato-grosso,corn,-13.5,-56,NASA POWER MERRA-2 PRECTOTCORR
2004-07-26,0,corn-mato-grosso,corn,-13.5,-56,NASA POWER MERRA-2 PRECTOTCORR
2004-07-27,0,corn-mato-grosso,corn,-13.5,-56,NASA POWER MERRA-2 PRECTOTCORR
2004-07-28,0,corn-mato-grosso,corn,-13.5,-56,NASA POWER MERRA-2 PRECTOTCORR
2004-07-29,0.44,corn-mato-grosso,corn,-13.5,-56,NASA POWER MERRA-2 PRECTOTCORR
2004-07-30,0,corn-mato-grosso,corn,-13.5,-56,NASA POWER MERRA-2 PRECTOTCORR
2004-07-31,0,corn-mato-grosso,corn,-13.5,-56,NASA POWER MERRA-2 PRECTOTCORR
2004-08-01,0,corn-mato-grosso,corn,-13.5,-56,NASA POWER MERRA-2 PRECTOTCORR
2004-08-02,0,corn-mato-grosso,corn,-13.5,-56,NASA POWER MERRA-2 PRECTOTCORR
2004-08-03,0,corn-mato-grosso,corn,-13.5,-56,NASA POWER MERRA-2 PRECTOTCORR
2004-08-04,0,corn-mato-grosso,corn,-13.5,-56,NASA POWER MERRA-2 PRECTOTCORR
2004-08-05,0,corn-mato-grosso,corn,-13.5,-56,NASA POWER MERRA-2 PRECTOTCORR
2004-08-06,0,corn-mato-grosso,corn,-13.5,-56,NASA POWER MERRA-2 PRECTOTCORR
2004-08-07,0,corn-mato-grosso,corn,-13.5,-56,NASA POWER MERRA-2 PRECTOTCORR
2004-08-08,0,corn-mato-grosso,corn,-13.5,-56,NASA POWER MERRA-2 PRECTOTCORR
2004-08-09,0.95,corn-mato-grosso,corn,-13.5,-56,NASA POWER MERRA-2 PRECTOTCORR
2004-08-10,0,corn-mato-grosso,corn,-13.5,-56,NASA POWER MERRA-2 PRECTOTCORR
2004-08-11,0,corn-mato-grosso,corn,-13.5,-56,NASA POWER MERRA-2 PRECTOTCORR
2004-08-12,0,corn-mato-grosso,corn,-13.5,-56,NASA POWER MERRA-2 PRECTOTCORR
2004-08-13,0,corn-mato-grosso,corn,-13.5,-56,NASA POWER MERRA-2 PRECTOTCORR
2004-08-14,0,corn-mato-grosso,corn,-13.5,-56,NASA POWER MERRA-2 PRECTOTCORR
2004-08-15,0,corn-mato-grosso,corn,-13.5,-56,NASA POWER MERRA-2 PRECTOTCORR
2004-08-16,0,corn-mato-grosso,corn,-13.5,-56,NASA POWER MERRA-2 PRECTOTCORR
2004-08-17,0,corn-mato-grosso,corn,-13.5,-56,NASA POWER MERRA-2 PRECTOTCORR
2004-08-18,0.75,corn-mato-grosso,corn,-13.5,-56,NASA POWER MERRA-2 PRECTOTCORR
2004-08-19,0,corn-mato-grosso,corn,-13.5,-56,NASA POWER MERRA-2 PRECTOTCORR
2004-08-20,0.07,corn-mato-grosso,corn,-13.5,-56,NASA POWER MERRA-2 PRECTOTCORR
2004-08-21,0,corn-mato-grosso,corn,-13.5,-56,NASA POWER MERRA-2 PRECTOTCORR
2004-08-22,0,corn-mato-grosso,corn,-13.5,-56,NASA POWER MERRA-2 PRECTOTCORR
2004-08-23,0,corn-mato-grosso,corn,-13.5,-56,NASA POWER MERRA-2 PRECTOTCORR
2004-08-24,0,corn-mato-grosso,corn,-13.5,-56,NASA POWER MERRA-2 PRECTOTCORR
2004-08-25,0.11,corn-mato-grosso,corn,-13.5,-56,NASA POWER MERRA-2 PRECTOTCORR
2004-08-26,6.24,corn-mato-grosso,corn,-13.5,-56,NASA POWER MERRA-2 PRECTOTCORR
2004-08-27,0,corn-mato-grosso,corn,-13.5,-56,NASA POWER MERRA-2 PRECTOTCORR
2004-08-28,0.31,corn-mato-grosso,corn,-13.5,-56,NASA POWER MERRA-2 PRECTOTCORR
2004-08-29,2.3,corn-mato-grosso,corn,-13.5,-56,NASA POWER MERRA-2 PRECTOTCORR
2004-08-30,0,corn-mato-grosso,corn,-13.5,-56,NASA POWER MERRA-2 PRECTOTCORR
2004-08-31,0,corn-mato-grosso,corn,-13.5,-56,NASA POWER MERRA-2 PRECTOTCORR
2004-09-01,0.24,corn-mato-grosso,corn,-13.5,-56,NASA POWER MERRA-2 PRECTOTCORR
2004-09-02,0,corn-mato-grosso,corn,-13.5,-56,NASA POWER MERRA-2 PRECTOTCORR
2004-09-03,9.55,corn-mato-grosso,corn,-13.5,-56,NASA POWER MERRA-2 PRECTOTCORR
2004-09-04,0,corn-mato-grosso,corn,-13.5,-56,NASA POWER MERRA-2 PRECTOTCORR
2004-09-05,0,corn-mato-grosso,corn,-13.5,-56,NASA POWER MERRA-2 PRECTOTCORR
2004-09-06,0,corn-mato-grosso,corn,-13.5,-56,NASA POWER MERRA-2 PRECTOTCORR
2004-09-07,0,corn-mato-grosso,corn,-13.5,-56,NASA POWER MERRA-2 PRECTOTCORR
2004-09-08,0.1,corn-mato-grosso,corn,-13.5,-56,NASA POWER MERRA-2 PRECTOTCORR
2004-09-09,0,corn-mato-grosso,corn,-13.5,-56,NASA POWER MERRA-2 PRECTOTCORR
2004-09-10,0,corn-mato-grosso,corn,-13.5,-56,NASA POWER MERRA-2 PRECTOTCORR
2004-09-11,0.01,corn-mato-grosso,corn,-13.5,-56,NASA POWER MERRA-2 PRECTOTCORR
2004-09-12,0.37,corn-mato-grosso,corn,-13.5,-56,NASA POWER MERRA-2 PRECTOTCORR
2004-09-13,0,corn-mato-grosso,corn,-13.5,-56,NASA POWER MERRA-2 PRECTOTCORR
2004-09-14,0,corn-mato-grosso,corn,-13.5,-56,NASA POWER MERRA-2 PRECTOTCORR
2004-09-15,0.93,corn-mato-grosso,corn,-13.5,-56,NASA POWER MERRA-2 PRECTOTCORR
2004-09-16,0.09,corn-mato-grosso,corn,-13.5,-56,NASA POWER MERRA-2 PRECTOTCORR
2004-09-17,0,corn-mato-grosso,corn,-13.5,-56,NASA POWER MERRA-2 PRECTOTCORR
2004-09-18,0,corn-mato-grosso,corn,-13.5,-56,NASA POWER MERRA-2 PRECTOTCORR
2004-09-19,1.02,corn-mato-grosso,corn,-13.5,-56,NASA POWER MERRA-2 PRECTOTCORR
2004-09-20,2.11,corn-mato-grosso,corn,-13.5,-56,NASA POWER MERRA-2 PRECTOTCORR
2004-09-21,0,corn-mato-grosso,corn,-13.5,-56,NASA POWER MERRA-2 PRECTOTCORR
2004-09-22,3.8,corn-mato-grosso,corn,-13.5,-56,NASA POWER MERRA-2 PRECTOTCORR
2004-09-23,1.55,corn-mato-grosso,corn,-13.5,-56,NASA POWER MERRA-2 PRECTOTCORR
2004-09-24,6.54,corn-mato-grosso,corn,-13.5,-56,NASA POWER MERRA-2 PRECTOTCORR
2004-09-25,3.13,corn-mato-grosso,corn,-13.5,-56,NASA POWER MERRA-2 PRECTOTCORR
2004-09-26,0.34,corn-mato-grosso,corn,-13.5,-56,NASA POWER MERRA-2 PRECTOTCORR
2004-09-27,0,corn-mato-grosso,corn,-13.5,-56,NASA POWER MERRA-2 PRECTOTCORR
2004-09-28,1.47,corn-mato-grosso,corn,-13.5,-56,NASA POWER MERRA-2 PRECTOTCORR
2004-09-29,1.22,corn-mato-grosso,corn,-13.5,-56,NASA POWER MERRA-2 PRECTOTCORR
2004-09-30,1.39,corn-mato-grosso,corn,-13.5,-56,NASA POWER MERRA-2 PRECTOTCORR
2004-10-01,3.06,corn-mato-grosso,corn,-13.5,-56,NASA POWER MERRA-2 PRECTOTCORR
2004-10-02,2.16,corn-mato-grosso,corn,-13.5,-56,NASA POWER MERRA-2 PRECTOTCORR
2004-10-03,0.38,corn-mato-grosso,corn,-13.5,-56,NASA POWER MERRA-2 PRECTOTCORR
2004-10-04,0,corn-mato-grosso,corn,-13.5,-56,NASA POWER MERRA-2 PRECTOTCORR
2004-10-05,0.1,corn-mato-grosso,corn,-13.5,-56,NASA POWER MERRA-2 PRECTOTCORR
2004-10-06,0,corn-mato-grosso,corn,-13.5,-56,NASA POWER MERRA-2 PRECTOTCORR
2004-10-07,0.46,corn-mato-grosso,corn,-13.5,-56,NASA POWER MERRA-2 PRECTOTCORR
2004-10-08,0.18,corn-mato-grosso,corn,-13.5,-56,NASA POWER MERRA-2 PRECTOTCORR
2004-10-09,23.48,corn-mato-grosso,corn,-13.5,-56,NASA POWER MERRA-2 PRECTOTCORR
2004-10-10,0.32,corn-mato-grosso,corn,-13.5,-56,NASA POWER MERRA-2 PRECTOTCORR
2004-10-11,15.07,corn-mato-grosso,corn,-13.5,-56,NASA POWER MERRA-2 PRECTOTCORR
2004-10-12,0.98,corn-mato-grosso,corn,-13.5,-56,NASA POWER MERRA-2 PRECTOTCORR
2004-10-13,4.45,corn-mato-grosso,corn,-13.5,-56,NASA POWER MERRA-2 PRECTOTCORR
2004-10-14,4.65,corn-mato-grosso,corn,-13.5,-56,NASA POWER MERRA-2 PRECTOTCORR
2004-10-15,1.69,corn-mato-grosso,corn,-13.5,-56,NASA POWER MERRA-2 PRECTOTCORR
2004-10-16,3.39,corn-mato-grosso,corn,-13.5,-56,NASA POWER MERRA-2 PRECTOTCORR
2004-10-17,1.2,corn-mato-grosso,corn,-13.5,-56,NASA POWER MERRA-2 PRECTOTCORR
2004-10-18,15.82,corn-mato-grosso,corn,-13.5,-56,NASA POWER MERRA-2 PRECTOTCORR
2004-10-19,6.29,corn-mato-grosso,corn,-13.5,-56,NASA POWER MERRA-2 PRECTOTCORR
2004-10-20,6.88,corn-mato-grosso,corn,-13.5,-56,NASA POWER MERRA-2 PRECTOTCORR
2004-10-21,27.18,corn-mato-grosso,corn,-13.5,-56,NASA POWER MERRA-2 PRECTOTCORR
2004-10-22,0.87,corn-mato-grosso,corn,-13.5,-56,NASA POWER MERRA-2 PRECTOTCORR
2004-10-23,0.2,corn-mato-grosso,corn,-13.5,-56,NASA POWER MERRA-2 PRECTOTCORR
2004-10-24,2.29,corn-mato-grosso,corn,-13.5,-56,NASA POWER MERRA-2 PRECTOTCORR
2004-10-25,24.63,corn-mato-grosso,corn,-13.5,-56,NASA POWER MERRA-2 PRECTOTCORR
2004-10-26,19.43,corn-mato-grosso,corn,-13.5,-56,NASA POWER MERRA-2 PRECTOTCORR
2004-10-27,28.65,corn-mato-grosso,corn,-13.5,-56,NASA POWER MERRA-2 PRECTOTCORR
2004-10-28,1.57,corn-mato-grosso,corn,-13.5,-56,NASA POWER MERRA-2 PRECTOTCORR
2004-10-29,6.35,corn-mato-grosso,corn,-13.5,-56,NASA POWER MERRA-2 PRECTOTCORR
2004-10-30,10.09,corn-mato-grosso,corn,-13.5,-56,NASA POWER MERRA-2 PRECTOTCORR
2004-10-31,0.43,corn-mato-grosso,corn,-13.5,-56,NASA POWER MERRA-2 PRECTOTCORR
2004-11-01,0.43,corn-mato-grosso,corn,-13.5,-56,NASA POWER MERRA-2 PRECTOTCORR
2004-11-02,12.83,corn-mato-grosso,corn,-13.5,-56,NASA POWER MERRA-2 PRECTOTCORR
2004-11-03,1.17,corn-mato-grosso,corn,-13.5,-56,NASA POWER MERRA-2 PRECTOTCORR
2004-11-04,4.91,corn-mato-grosso,corn,-13.5,-56,NASA POWER MERRA-2 PRECTOTCORR
2004-11-05,1.18,corn-mato-grosso,corn,-13.5,-56,NASA POWER MERRA-2 PRECTOTCORR
2004-11-06,1.95,corn-mato-grosso,corn,-13.5,-56,NASA POWER MERRA-2 PRECTOTCORR
2004-11-07,1.84,corn-mato-grosso,corn,-13.5,-56,NASA POWER MERRA-2 PRECTOTCORR
2004-11-08,0.46,corn-mato-grosso,corn,-13.5,-56,NASA POWER MERRA-2 PRECTOTCORR
2004-11-09,2.6,corn-mato-grosso,corn,-13.5,-56,NASA POWER MERRA-2 PRECTOTCORR
2004-11-10,6.04,corn-mato-grosso,corn,-13.5,-56,NASA POWER MERRA-2 PRECTOTCORR
2004-11-11,16.71,corn-mato-grosso,corn,-13.5,-56,NASA POWER MERRA-2 PRECTOTCORR
2004-11-12,2.29,corn-mato-grosso,corn,-13.5,-56,NASA POWER MERRA-2 PRECTOTCORR
2004-11-13,11,corn-mato-grosso,corn,-13.5,-56,NASA POWER MERRA-2 PRECTOTCORR
2004-11-14,23.02,corn-mato-grosso,corn,-13.5,-56,NASA POWER MERRA-2 PRECTOTCORR
2004-11-15,6.92,corn-mato-grosso,corn,-13.5,-56,NASA POWER MERRA-2 PRECTOTCORR
2004-11-16,4.36,corn-mato-grosso,corn,-13.5,-56,NASA POWER MERRA-2 PRECTOTCORR
2004-11-17,8.77,corn-mato-grosso,corn,-13.5,-56,NASA POWER MERRA-2 PRECTOTCORR
2004-11-18,4.71,corn-mato-grosso,corn,-13.5,-56,NASA POWER MERRA-2 PRECTOTCORR
2004-11-19,10.33,corn-mato-grosso,corn,-13.5,-56,NASA POWER MERRA-2 PRECTOTCORR
2004-11-20,7.65,corn-mato-grosso,corn,-13.5,-56,NASA POWER MERRA-2 PRECTOTCORR
2004-11-21,0,corn-mato-grosso,corn,-13.5,-56,NASA POWER MERRA-2 PRECTOTCORR
2004-11-22,0.35,corn-mato-grosso,corn,-13.5,-56,NASA POWER MERRA-2 PRECTOTCORR
2004-11-23,2.35,corn-mato-grosso,corn,-13.5,-56,NASA POWER MERRA-2 PRECTOTCORR
2004-11-24,2.82,corn-mato-grosso,corn,-13.5,-56,NASA POWER MERRA-2 PRECTOTCORR
2004-11-25,8.83,corn-mato-grosso,corn,-13.5,-56,NASA POWER MERRA-2 PRECTOTCORR
2004-11-26,13.53,corn-mato-grosso,corn,-13.5,-56,NASA POWER MERRA-2 PRECTOTCORR
2004-11-27,4.91,corn-mato-grosso,corn,-13.5,-56,NASA POWER MERRA-2 PRECTOTCORR
2004-11-28,25.93,corn-mato-grosso,corn,-13.5,-56,NASA POWER MERRA-2 PRECTOTCORR
2004-11-29,11.08,corn-mato-grosso,corn,-13.5,-56,NASA POWER MERRA-2 PRECTOTCORR
2004-11-30,1.29,corn-mato-grosso,corn,-13.5,-56,NASA POWER MERRA-2 PRECTOTCORR
2004-12-01,0.21,corn-mato-grosso,corn,-13.5,-56,NASA POWER MERRA-2 PRECTOTCORR
2004-12-02,0.42,corn-mato-grosso,corn,-13.5,-56,NASA POWER MERRA-2 PRECTOTCORR
2004-12-03,0.26,corn-mato-grosso,corn,-13.5,-56,NASA POWER MERRA-2 PRECTOTCORR
2004-12-04,4.52,corn-mato-grosso,corn,-13.5,-56,NASA POWER MERRA-2 PRECTOTCORR
2004-12-05,9.6,corn-mato-grosso,corn,-13.5,-56,NASA POWER MERRA-2 PRECTOTCORR
2004-12-06,7.73,corn-mato-grosso,corn,-13.5,-56,NASA POWER MERRA-2 PRECTOTCORR
2004-12-07,1.34,corn-mato-grosso,corn,-13.5,-56,NASA POWER MERRA-2 PRECTOTCORR
2004-12-08,2.86,corn-mato-grosso,corn,-13.5,-56,NASA POWER MERRA-2 PRECTOTCORR
2004-12-09,5.88,corn-mato-grosso,corn,-13.5,-56,NASA POWER MERRA-2 PRECTOTCORR
2004-12-10,13.02,corn-mato-grosso,corn,-13.5,-56,NASA POWER MERRA-2 PRECTOTCORR
2004-12-11,7.7,corn-mato-grosso,corn,-13.5,-56,NASA POWER MERRA-2 PRECTOTCORR
2004-12-12,4.26,corn-mato-grosso,corn,-13.5,-56,NASA POWER MERRA-2 PRECTOTCORR
2004-12-13,2.42,corn-mato-grosso,corn,-13.5,-56,NASA POWER MERRA-2 PRECTOTCORR
2004-12-14,0.02,corn-mato-grosso,corn,-13.5,-56,NASA POWER MERRA-2 PRECTOTCORR
2004-12-15,2.41,corn-mato-grosso,corn,-13.5,-56,NASA POWER MERRA-2 PRECTOTCORR
2004-12-16,5.64,corn-mato-grosso,corn,-13.5,-56,NASA POWER MERRA-2 PRECTOTCORR
2004-12-17,16.02,corn-mato-grosso,corn,-13.5,-56,NASA POWER MERRA-2 PRECTOTCORR
2004-12-18,13.49,corn-mato-grosso,corn,-13.5,-56,NASA POWER MERRA-2 PRECTOTCORR
2004-12-19,1.5,corn-mato-grosso,corn,-13.5,-56,NASA POWER MERRA-2 PRECTOTCORR
2004-12-20,3.25,corn-mato-grosso,corn,-13.5,-56,NASA POWER MERRA-2 PRECTOTCORR
2004-12-21,14.63,corn-mato-grosso,corn,-13.5,-56,NASA POWER MERRA-2 PRECTOTCORR
2004-12-22,17.44,corn-mato-grosso,corn,-13.5,-56,NASA POWER MERRA-2 PRECTOTCORR
2004-12-23,7.73,corn-mato-grosso,corn,-13.5,-56,NASA POWER MERRA-2 PRECTOTCORR
2004-12-24,1.13,corn-mato-grosso,corn,-13.5,-56,NASA POWER MERRA-2 PRECTOTCORR
2004-12-25,1.84,corn-mato-grosso,corn,-13.5,-56,NASA POWER MERRA-2 PRECTOTCORR
2004-12-26,23.02,corn-mato-grosso,corn,-13.5,-56,NASA POWER MERRA-2 PRECTOTCORR
2004-12-27,11.75,corn-mato-grosso,corn,-13.5,-56,NASA POWER MERRA-2 PRECTOTCORR
2004-12-28,1.6,corn-mato-grosso,corn,-13.5,-56,NASA POWER MERRA-2 PRECTOTCORR
2004-12-29,21.05,corn-mato-grosso,corn,-13.5,-56,NASA POWER MERRA-2 PRECTOTCORR
2004-12-30,7.59,corn-mato-grosso,corn,-13.5,-56,NASA POWER MERRA-2 PRECTOTCORR
2004-12-31,10.84,corn-mato-grosso,corn,-13.5,-56,NASA POWER MERRA-2 PRECTOTCORR
2005-01-01,14.49,corn-mato-grosso,corn,-13.5,-56,NASA POWER MERRA-2 PRECTOTCORR
2005-01-02,14.61,corn-mato-grosso,corn,-13.5,-56,NASA POWER MERRA-2 PRECTOTCORR
2005-01-03,14.17,corn-mato-grosso,corn,-13.5,-56,NASA POWER MERRA-2 PRECTOTCORR
2005-01-04,20.44,corn-mato-grosso,corn,-13.5,-56,NASA POWER MERRA-2 PRECTOTCORR
2005-01-05,9.1,corn-mato-grosso,corn,-13.5,-56,NASA POWER MERRA-2 PRECTOTCORR
2005-01-06,5.17,corn-mato-grosso,corn,-13.5,-56,NASA POWER MERRA-2 PRECTOTCORR
2005-01-07,16.41,corn-mato-grosso,corn,-13.5,-56,NASA POWER MERRA-2 PRECTOTCORR
2005-01-08,0.71,corn-mato-grosso,corn,-13.5,-56,NASA POWER MERRA-2 PRECTOTCORR
2005-01-09,15.36,corn-mato-grosso,corn,-13.5,-56,NASA POWER MERRA-2 PRECTOTCORR
2005-01-10,45.49,corn-mato-grosso,corn,-13.5,-56,NASA POWER MERRA-2 PRECTOTCORR
2005-01-11,3.66,corn-mato-grosso,corn,-13.5,-56,NASA POWER MERRA-2 PRECTOTCORR
2005-01-12,4.1,corn-mato-grosso,corn,-13.5,-56,NASA POWER MERRA-2 PRECTOTCORR
2005-01-13,28.17,corn-mato-grosso,corn,-13.5,-56,NASA POWER MERRA-2 PRECTOTCORR
2005-01-14,17.39,corn-mato-grosso,corn,-13.5,-56,NASA POWER MERRA-2 PRECTOTCORR
2005-01-15,13.01,corn-mato-grosso,corn,-13.5,-56,NASA POWER MERRA-2 PRECTOTCORR
2005-01-16,1.22,corn-mato-grosso,corn,-13.5,-56,NASA POWER MERRA-2 PRECTOTCORR
2005-01-17,24.32,corn-mato-grosso,corn,-13.5,-56,NASA POWER MERRA-2 PRECTOTCORR
2005-01-18,22.48,corn-mato-grosso,corn,-13.5,-56,NASA POWER MERRA-2 PRECTOTCORR
2005-01-19,5.6,corn-mato-grosso,corn,-13.5,-56,NASA POWER MERRA-2 PRECTOTCORR
2005-01-20,0.98,corn-mato-grosso,corn,-13.5,-56,NASA POWER MERRA-2 PRECTOTCORR
2005-01-21,0.13,corn-mato-grosso,corn,-13.5,-56,NASA POWER MERRA-2 PRECTOTCORR
2005-01-22,21.27,corn-mato-grosso,corn,-13.5,-56,NASA POWER MERRA-2 PRECTOTCORR
2005-01-23,5.08,corn-mato-grosso,corn,-13.5,-56,NASA POWER MERRA-2 PRECTOTCORR
2005-01-24,41.13,corn-mato-grosso,corn,-13.5,-56,NASA POWER MERRA-2 PRECTOTCORR
2005-01-25,28.23,corn-mato-grosso,corn,-13.5,-56,NASA POWER MERRA-2 PRECTOTCORR
2005-01-26,16.62,corn-mato-grosso,corn,-13.5,-56,NASA POWER MERRA-2 PRECTOTCORR
2005-01-27,4.01,corn-mato-grosso,corn,-13.5,-56,NASA POWER MERRA-2 PRECTOTCORR
2005-01-28,10.96,corn-mato-grosso,corn,-13.5,-56,NASA POWER MERRA-2 PRECTOTCORR
2005-01-29,1.75,corn-mato-grosso,corn,-13.5,-56,NASA POWER MERRA-2 PRECTOTCORR
2005-01-30,4.41,corn-mato-grosso,corn,-13.5,-56,NASA POWER MERRA-2 PRECTOTCORR
2005-01-31,29.71,corn-mato-grosso,corn,-13.5,-56,NASA POWER MERRA-2 PRECTOTCORR
2005-02-01,17.01,corn-mato-grosso,corn,-13.5,-56,NASA POWER MERRA-2 PRECTOTCORR
2005-02-02,1.5,corn-mato-grosso,corn,-13.5,-56,NASA POWER MERRA-2 PRECTOTCORR
2005-02-03,14.67,corn-mato-grosso,corn,-13.5,-56,NASA POWER MERRA-2 PRECTOTCORR
2005-02-04,3.3,corn-mato-grosso,corn,-13.5,-56,NASA POWER MERRA-2 PRECTOTCORR
2005-02-05,0.24,corn-mato-grosso,corn,-13.5,-56,NASA POWER MERRA-2 PRECTOTCORR
2005-02-06,0.18,corn-mato-grosso,corn,-13.5,-56,NASA POWER MERRA-2 PRECTOTCORR
2005-02-07,1.82,corn-mato-grosso,corn,-13.5,-56,NASA POWER MERRA-2 PRECTOTCORR
2005-02-08,9.61,corn-mato-grosso,corn,-13.5,-56,NASA POWER MERRA-2 PRECTOTCORR
2005-02-09,3.94,corn-mato-grosso,corn,-13.5,-56,NASA POWER MERRA-2 PRECTOTCORR
2005-02-10,19.06,corn-mato-grosso,corn,-13.5,-56,NASA POWER MERRA-2 PRECTOTCORR
2005-02-11,0.97,corn-mato-grosso,corn,-13.5,-56,NASA POWER MERRA-2 PRECTOTCORR
2005-02-12,0.02,corn-mato-grosso,corn,-13.5,-56,NASA POWER MERRA-2 PRECTOTCORR
2005-02-13,0.01,corn-mato-grosso,corn,-13.5,-56,NASA POWER MERRA-2 PRECTOTCORR
2005-02-14,0.97,corn-mato-grosso,corn,-13.5,-56,NASA POWER MERRA-2 PRECTOTCORR
2005-02-15,0.01,corn-mato-grosso,corn,-13.5,-56,NASA POWER MERRA-2 PRECTOTCORR
2005-02-16,9.52,corn-mato-grosso,corn,-13.5,-56,NASA POWER MERRA-2 PRECTOTCORR
2005-02-17,13.55,corn-mato-grosso,corn,-13.5,-56,NASA POWER MERRA-2 PRECTOTCORR
2005-02-18,10.84,corn-mato-grosso,corn,-13.5,-56,NASA POWER MERRA-2 PRECTOTCORR
2005-02-19,0.69,corn-mato-grosso,corn,-13.5,-56,NASA POWER MERRA-2 PRECTOTCORR
2005-02-20,2.94,corn-mato-grosso,corn,-13.5,-56,NASA POWER MERRA-2 PRECTOTCORR
2005-02-21,0.96,corn-mato-grosso,corn,-13.5,-56,NASA POWER MERRA-2 PRECTOTCORR
2005-02-22,0,corn-mato-grosso,corn,-13.5,-56,NASA POWER MERRA-2 PRECTOTCORR
2005-02-23,0.02,corn-mato-grosso,corn,-13.5,-56,NASA POWER MERRA-2 PRECTOTCORR
2005-02-24,0.67,corn-mato-grosso,corn,-13.5,-56,NASA POWER MERRA-2 PRECTOTCORR
2005-02-25,0.79,corn-mato-grosso,corn,-13.5,-56,NASA POWER MERRA-2 PRECTOTCORR
2005-02-26,0.95,corn-mato-grosso,corn,-13.5,-56,NASA POWER MERRA-2 PRECTOTCORR
2005-02-27,8.42,corn-mato-grosso,corn,-13.5,-56,NASA POWER MERRA-2 PRECTOTCORR
2005-02-28,11.7,corn-mato-grosso,corn,-13.5,-56,NASA POWER MERRA-2 PRECTOTCORR
2005-03-01,11.77,corn-mato-grosso,corn,-13.5,-56,NASA POWER MERRA-2 PRECTOTCORR
2005-03-02,11.87,corn-mato-grosso,corn,-13.5,-56,NASA POWER MERRA-2 PRECTOTCORR
2005-03-03,11.74,corn-mato-grosso,corn,-13.5,-56,NASA POWER MERRA-2 PRECTOTCORR
2005-03-04,16.1,corn-mato-grosso,corn,-13.5,-56,NASA POWER MERRA-2 PRECTOTCORR
2005-03-05,3.93,corn-mato-grosso,corn,-13.5,-56,NASA POWER MERRA-2 PRECTOTCORR
2005-03-06,11.86,corn-mato-grosso,corn,-13.5,-56,NASA POWER MERRA-2 PRECTOTCORR
2005-03-07,4.02,corn-mato-grosso,corn,-13.5,-56,NASA POWER MERRA-2 PRECTOTCORR
2005-03-08,18.51,corn-mato-grosso,corn,-13.5,-56,NASA POWER MERRA-2 PRECTOTCORR
2005-03-09,4.18,corn-mato-grosso,corn,-13.5,-56,NASA POWER MERRA-2 PRECTOTCORR
2005-03-10,0.36,corn-mato-grosso,corn,-13.5,-56,NASA POWER MERRA-2 PRECTOTCORR
2005-03-11,9.92,corn-mato-grosso,corn,-13.5,-56,NASA POWER MERRA-2 PRECTOTCORR
2005-03-12,0.12,corn-mato-grosso,corn,-13.5,-56,NASA POWER MERRA-2 PRECTOTCORR
2005-03-13,3.83,corn-mato-grosso,corn,-13.5,-56,NASA POWER MERRA-2 PRECTOTCORR
2005-03-14,7.2,corn-mato-grosso,corn,-13.5,-56,NASA POWER MERRA-2 PRECTOTCORR
2005-03-15,2.58,corn-mato-grosso,corn,-13.5,-56,NASA POWER MERRA-2 PRECTOTCORR
2005-03-16,16.23,corn-mato-grosso,corn,-13.5,-56,NASA POWER MERRA-2 PRECTOTCORR
2005-03-17,9.78,corn-mato-grosso,corn,-13.5,-56,NASA POWER MERRA-2 PRECTOTCORR
2005-03-18,17.27,corn-mato-grosso,corn,-13.5,-56,NASA POWER MERRA-2 PRECTOTCORR
2005-03-19,14.33,corn-mato-grosso,corn,-13.5,-56,NASA POWER MERRA-2 PRECTOTCORR
2005-03-20,8.82,corn-mato-grosso,corn,-13.5,-56,NASA POWER MERRA-2 PRECTOTCORR
2005-03-21,25.71,corn-mato-grosso,corn,-13.5,-56,NASA POWER MERRA-2 PRECTOTCORR
2005-03-22,5.19,corn-mato-grosso,corn,-13.5,-56,NASA POWER MERRA-2 PRECTOTCORR
2005-03-23,12.61,corn-mato-grosso,corn,-13.5,-56,NASA POWER MERRA-2 PRECTOTCORR
2005-03-24,4.97,corn-mato-grosso,corn,-13.5,-56,NASA POWER MERRA-2 PRECTOTCORR
2005-03-25,2.72,corn-mato-grosso,corn,-13.5,-56,NASA POWER MERRA-2 PRECTOTCORR
2005-03-26,3.61,corn-mato-grosso,corn,-13.5,-56,NASA POWER MERRA-2 PRECTOTCORR
2005-03-27,0.33,corn-mato-grosso,corn,-13.5,-56,NASA POWER MERRA-2 PRECTOTCORR
2005-03-28,11.02,corn-mato-grosso,corn,-13.5,-56,NASA POWER MERRA-2 PRECTOTCORR
2005-03-29,16.1,corn-mato-grosso,corn,-13.5,-56,NASA POWER MERRA-2 PRECTOTCORR
2005-03-30,0.91,corn-mato-grosso,corn,-13.5,-56,NASA POWER MERRA-2 PRECTOTCORR
2005-03-31,0.4,corn-mato-grosso,corn,-13.5,-56,NASA POWER MERRA-2 PRECTOTCORR
2005-04-01,11.23,corn-mato-grosso,corn,-13.5,-56,NASA POWER MERRA-2 PRECTOTCORR
2005-04-02,11.81,corn-mato-grosso,corn,-13.5,-56,NASA POWER MERRA-2 PRECTOTCORR
2005-04-03,9.36,corn-mato-grosso,corn,-13.5,-56,NASA POWER MERRA-2 PRECTOTCORR
2005-04-04,0.02,corn-mato-grosso,corn,-13.5,-56,NASA POWER MERRA-2 PRECTOTCORR
2005-04-05,7.99,corn-mato-grosso,corn,-13.5,-56,NASA POWER MERRA-2 PRECTOTCORR
2005-04-06,8.52,corn-mato-grosso,corn,-13.5,-56,NASA POWER MERRA-2 PRECTOTCORR
2005-04-07,0,corn-mato-grosso,corn,-13.5,-56,NASA POWER MERRA-2 PRECTOTCORR
2005-04-08,0.08,corn-mato-grosso,corn,-13.5,-56,NASA POWER MERRA-2 PRECTOTCORR
2005-04-09,0.35,corn-mato-grosso,corn,-13.5,-56,NASA POWER MERRA-2 PRECTOTCORR
2005-04-10,0.08,corn-mato-grosso,corn,-13.5,-56,NASA POWER MERRA-2 PRECTOTCORR
2005-04-11,0.1,corn-mato-grosso,corn,-13.5,-56,NASA POWER MERRA-2 PRECTOTCORR
2005-04-12,0,corn-mato-grosso,corn,-13.5,-56,NASA POWER MERRA-2 PRECTOTCORR
2005-04-13,0.01,corn-mato-grosso,corn,-13.5,-56,NASA POWER MERRA-2 PRECTOTCORR
2005-04-14,0.01,corn-mato-grosso,corn,-13.5,-56,NASA POWER MERRA-2 PRECTOTCORR
2005-04-15,0,corn-mato-grosso,corn,-13.5,-56,NASA POWER MERRA-2 PRECTOTCORR
2005-04-16,0.04,corn-mato-grosso,corn,-13.5,-56,NASA POWER MERRA-2 PRECTOTCORR
2005-04-17,0,corn-mato-grosso,corn,-13.5,-56,NASA POWER MERRA-2 PRECTOTCORR
2005-04-18,0.09,corn-mato-grosso,corn,-13.5,-56,NASA POWER MERRA-2 PRECTOTCORR
2005-04-19,0.05,corn-mato-grosso,corn,-13.5,-56,NASA POWER MERRA-2 PRECTOTCORR
2005-04-20,0.18,corn-mato-grosso,corn,-13.5,-56,NASA POWER MERRA-2 PRECTOTCORR
2005-04-21,0.74,corn-mato-grosso,corn,-13.5,-56,NASA POWER MERRA-2 PRECTOTCORR
2005-04-22,2.9,corn-mato-grosso,corn,-13.5,-56,NASA POWER MERRA-2 PRECTOTCORR
2005-04-23,5.08,corn-mato-grosso,corn,-13.5,-56,NASA POWER MERRA-2 PRECTOTCORR
2005-04-24,5.03,corn-mato-grosso,corn,-13.5,-56,NASA POWER MERRA-2 PRECTOTCORR
2005-04-25,10.6,corn-mato-grosso,corn,-13.5,-56,NASA POWER MERRA-2 PRECTOTCORR
2005-04-26,2.93,corn-mato-grosso,corn,-13.5,-56,NASA POWER MERRA-2 PRECTOTCORR
2005-04-27,0.11,corn-mato-grosso,corn,-13.5,-56,NASA POWER MERRA-2 PRECTOTCORR
2005-04-28,0,corn-mato-grosso,corn,-13.5,-56,NASA POWER MERRA-2 PRECTOTCORR
2005-04-29,4.29,corn-mato-grosso,corn,-13.5,-56,NASA POWER MERRA-2 PRECTOTCORR
2005-04-30,0,corn-mato-grosso,corn,-13.5,-56,NASA POWER MERRA-2 PRECTOTCORR
2005-05-01,0,corn-mato-grosso,corn,-13.5,-56,NASA POWER MERRA-2 PRECTOTCORR
2005-05-02,0,corn-mato-grosso,corn,-13.5,-56,NASA POWER MERRA-2 PRECTOTCORR
2005-05-03,0,corn-mato-grosso,corn,-13.5,-56,NASA POWER MERRA-2 PRECTOTCORR
2005-05-04,0,corn-mato-grosso,corn,-13.5,-56,NASA POWER MERRA-2 PRECTOTCORR
2005-05-05,0,corn-mato-grosso,corn,-13.5,-56,NASA POWER MERRA-2 PRECTOTCORR
2005-05-06,0,corn-mato-grosso,corn,-13.5,-56,NASA POWER MERRA-2 PRECTOTCORR
2005-05-07,0,corn-mato-grosso,corn,-13.5,-56,NASA POWER MERRA-2 PRECTOTCORR
2005-05-08,0,corn-mato-grosso,corn,-13.5,-56,NASA POWER MERRA-2 PRECTOTCORR
2005-05-09,2.46,corn-mato-grosso,corn,-13.5,-56,NASA POWER MERRA-2 PRECTOTCORR
2005-05-10,2.51,corn-mato-grosso,corn,-13.5,-56,NASA POWER MERRA-2 PRECTOTCORR
2005-05-11,0.6,corn-mato-grosso,corn,-13.5,-56,NASA POWER MERRA-2 PRECTOTCORR
2005-05-12,0,corn-mato-grosso,corn,-13.5,-56,NASA POWER MERRA-2 PRECTOTCORR
2005-05-13,0,corn-mato-grosso,corn,-13.5,-56,NASA POWER MERRA-2 PRECTOTCORR
2005-05-14,0,corn-mato-grosso,corn,-13.5,-56,NASA POWER MERRA-2 PRECTOTCORR
2005-05-15,0,corn-mato-grosso,corn,-13.5,-56,NASA POWER MERRA-2 PRECTOTCORR
2005-05-16,0,corn-mato-grosso,corn,-13.5,-56,NASA POWER MERRA-2 PRECTOTCORR
2005-05-17,0,corn-mato-grosso,corn,-13.5,-56,NASA POWER MERRA-2 PRECTOTCORR
2005-05-18,0,corn-mato-grosso,corn,-13.5,-56,NASA POWER MERRA-2 PRECTOTCORR
2005-05-19,0,corn-mato-grosso,corn,-13.5,-56,NASA POWER MERRA-2 PRECTOTCORR
2005-05-20,0,corn-mato-grosso,corn,-13.5,-56,NASA POWER MERRA-2 PRECTOTCORR
2005-05-21,3.97,corn-mato-grosso,corn,-13.5,-56,NASA POWER MERRA-2 PRECTOTCORR
2005-05-22,1.35,corn-mato-grosso,corn,-13.5,-56,NASA POWER MERRA-2 PRECTOTCORR
2005-05-23,0,corn-mato-grosso,corn,-13.5,-56,NASA POWER MERRA-2 PRECTOTCORR
2005-05-24,0.11,corn-mato-grosso,corn,-13.5,-56,NASA POWER MERRA-2 PRECTOTCORR
2005-05-25,0.67,corn-mato-grosso,corn,-13.5,-56,NASA POWER MERRA-2 PRECTOTCORR
2005-05-26,0,corn-mato-grosso,corn,-13.5,-56,NASA POWER MERRA-2 PRECTOTCORR
2005-05-27,3,corn-mato-grosso,corn,-13.5,-56,NASA POWER MERRA-2 PRECTOTCORR
2005-05-28,0.03,corn-mato-grosso,corn,-13.5,-56,NASA POWER MERRA-2 PRECTOTCORR
2005-05-29,0,corn-mato-grosso,corn,-13.5,-56,NASA POWER MERRA-2 PRECTOTCORR
2005-05-30,0,corn-mato-grosso,corn,-13.5,-56,NASA POWER MERRA-2 PRECTOTCORR
2005-05-31,0,corn-mato-grosso,corn,-13.5,-56,NASA POWER MERRA-2 PRECTOTCORR
2005-06-01,0,corn-mato-grosso,corn,-13.5,-56,NASA POWER MERRA-2 PRECTOTCORR
2005-06-02,0,corn-mato-grosso,corn,-13.5,-56,NASA POWER MERRA-2 PRECTOTCORR
2005-06-03,0,corn-mato-grosso,corn,-13.5,-56,NASA POWER MERRA-2 PRECTOTCORR
2005-06-04,0,corn-mato-grosso,corn,-13.5,-56,NASA POWER MERRA-2 PRECTOTCORR
2005-06-05,0,corn-mato-grosso,corn,-13.5,-56,NASA POWER MERRA-2 PRECTOTCORR
2005-06-06,0,corn-mato-grosso,corn,-13.5,-56,NASA POWER MERRA-2 PRECTOTCORR
2005-06-07,0,corn-mato-grosso,corn,-13.5,-56,NASA POWER MERRA-2 PRECTOTCORR
2005-06-08,0,corn-mato-grosso,corn,-13.5,-56,NASA POWER MERRA-2 PRECTOTCORR
2005-06-09,0,corn-mato-grosso,corn,-13.5,-56,NASA POWER MERRA-2 PRECTOTCORR
2005-06-10,0,corn-mato-grosso,corn,-13.5,-56,NASA POWER MERRA-2 PRECTOTCORR
2005-06-11,0,corn-mato-grosso,corn,-13.5,-56,NASA POWER MERRA-2 PRECTOTCORR
2005-06-12,0,corn-mato-grosso,corn,-13.5,-56,NASA POWER MERRA-2 PRECTOTCORR
2005-06-13,0,corn-mato-grosso,corn,-13.5,-56,NASA POWER MERRA-2 PRECTOTCORR
2005-06-14,0,corn-mato-grosso,corn,-13.5,-56,NASA POWER MERRA-2 PRECTOTCORR
2005-06-15,0,corn-mato-grosso,corn,-13.5,-56,NASA POWER MERRA-2 PRECTOTCORR
2005-06-16,0,corn-mato-grosso,corn,-13.5,-56,NASA POWER MERRA-2 PRECTOTCORR
2005-06-17,0,corn-mato-grosso,corn,-13.5,-56,NASA POWER MERRA-2 PRECTOTCORR
2005-06-18,0,corn-mato-grosso,corn,-13.5,-56,NASA POWER MERRA-2 PRECTOTCORR
2005-06-19,0,corn-mato-grosso,corn,-13.5,-56,NASA POWER MERRA-2 PRECTOTCORR
2005-06-20,0,corn-mato-grosso,corn,-13.5,-56,NASA POWER MERRA-2 PRECTOTCORR
2005-06-21,12.95,corn-mato-grosso,corn,-13.5,-56,NASA POWER MERRA-2 PRECTOTCORR
2005-06-22,0,corn-mato-grosso,corn,-13.5,-56,NASA POWER MERRA-2 PRECTOTCORR
2005-06-23,0,corn-mato-grosso,corn,-13.5,-56,NASA POWER MERRA-2 PRECTOTCORR
2005-06-24,0,corn-mato-grosso,corn,-13.5,-56,NASA POWER MERRA-2 PRECTOTCORR
2005-06-25,0,corn-mato-grosso,corn,-13.5,-56,NASA POWER MERRA-2 PRECTOTCORR
2005-06-26,0.18,corn-mato-grosso,corn,-13.5,-56,NASA POWER MERRA-2 PRECTOTCORR
2005-06-27,0.3,corn-mato-grosso,corn,-13.5,-56,NASA POWER MERRA-2 PRECTOTCORR
2005-06-28,0.15,corn-mato-grosso,corn,-13.5,-56,NASA POWER MERRA-2 PRECTOTCORR
2005-06-29,0.11,corn-mato-grosso,corn,-13.5,-56,NASA POWER MERRA-2 PRECTOTCORR
2005-06-30,0,corn-mato-grosso,corn,-13.5,-56,NASA POWER MERRA-2 PRECTOTCORR
2005-07-01,0,corn-mato-grosso,corn,-13.5,-56,NASA POWER MERRA-2 PRECTOTCORR
2005-07-02,0,corn-mato-grosso,corn,-13.5,-56,NASA POWER MERRA-2 PRECTOTCORR
2005-07-03,0,corn-mato-grosso,corn,-13.5,-56,NASA POWER MERRA-2 PRECTOTCORR
2005-07-04,0,corn-mato-grosso,corn,-13.5,-56,NASA POWER MERRA-2 PRECTOTCORR
2005-07-05,0,corn-mato-grosso,corn,-13.5,-56,NASA POWER MERRA-2 PRECTOTCORR
2005-07-06,0,corn-mato-grosso,corn,-13.5,-56,NASA POWER MERRA-2 PRECTOTCORR
2005-07-07,0,corn-mato-grosso,corn,-13.5,-56,NASA POWER MERRA-2 PRECTOTCORR
2005-07-08,0,corn-mato-grosso,corn,-13.5,-56,NASA POWER MERRA-2 PRECTOTCORR
2005-07-09,0,corn-mato-grosso,corn,-13.5,-56,NASA POWER MERRA-2 PRECTOTCORR
2005-07-10,0,corn-mato-grosso,corn,-13.5,-56,NASA POWER MERRA-2 PRECTOTCORR
2005-07-11,0,corn-mato-grosso,corn,-13.5,-56,NASA POWER MERRA-2 PRECTOTCORR
2005-07-12,0,corn-mato-grosso,corn,-13.5,-56,NASA POWER MERRA-2 PRECTOTCORR
2005-07-13,0,corn-mato-grosso,corn,-13.5,-56,NASA POWER MERRA-2 PRECTOTCORR
2005-07-14,0,corn-mato-grosso,corn,-13.5,-56,NASA POWER MERRA-2 PRECTOTCORR
2005-07-15,0,corn-mato-grosso,corn,-13.5,-56,NASA POWER MERRA-2 PRECTOTCORR
2005-07-16,0,corn-mato-grosso,corn,-13.5,-56,NASA POWER MERRA-2 PRECTOTCORR
2005-07-17,0,corn-mato-grosso,corn,-13.5,-56,NASA POWER MERRA-2 PRECTOTCORR
2005-07-18,0,corn-mato-grosso,corn,-13.5,-56,NASA POWER MERRA-2 PRECTOTCORR
2005-07-19,0,corn-mato-grosso,corn,-13.5,-56,NASA POWER MERRA-2 PRECTOTCORR
2005-07-20,0,corn-mato-grosso,corn,-13.5,-56,NASA POWER MERRA-2 PRECTOTCORR
2005-07-21,0,corn-mato-grosso,corn,-13.5,-56,NASA POWER MERRA-2 PRECTOTCORR
2005-07-22,0,corn-mato-grosso,corn,-13.5,-56,NASA POWER MERRA-2 PRECTOTCORR
2005-07-23,0,corn-mato-grosso,corn,-13.5,-56,NASA POWER MERRA-2 PRECTOTCORR
2005-07-24,0,corn-mato-grosso,corn,-13.5,-56,NASA POWER MERRA-2 PRECTOTCORR
2005-07-25,0,corn-mato-grosso,corn,-13.5,-56,NASA POWER MERRA-2 PRECTOTCORR
2005-07-26,0,corn-mato-grosso,corn,-13.5,-56,NASA POWER MERRA-2 PRECTOTCORR
2005-07-27,0,corn-mato-grosso,corn,-13.5,-56,NASA POWER MERRA-2 PRECTOTCORR
2005-07-28,0,corn-mato-grosso,corn,-13.5,-56,NASA POWER MERRA-2 PRECTOTCORR
2005-07-29,0,corn-mato-grosso,corn,-13.5,-56,NASA POWER MERRA-2 PRECTOTCORR
2005-07-30,0,corn-mato-grosso,corn,-13.5,-56,NASA POWER MERRA-2 PRECTOTCORR
2005-07-31,0,corn-mato-grosso,corn,-13.5,-56,NASA POWER MERRA-2 PRECTOTCORR
2005-08-01,0,corn-mato-grosso,corn,-13.5,-56,NASA POWER MERRA-2 PRECTOTCORR
2005-08-02,0,corn-mato-grosso,corn,-13.5,-56,NASA POWER MERRA-2 PRECTOTCORR
2005-08-03,0,corn-mato-grosso,corn,-13.5,-56,NASA POWER MERRA-2 PRECTOTCORR
2005-08-04,0,corn-mato-grosso,corn,-13.5,-56,NASA POWER MERRA-2 PRECTOTCORR
2005-08-05,0,corn-mato-grosso,corn,-13.5,-56,NASA POWER MERRA-2 PRECTOTCORR
2005-08-06,0,corn-mato-grosso,corn,-13.5,-56,NASA POWER MERRA-2 PRECTOTCORR
2005-08-07,0,corn-mato-grosso,corn,-13.5,-56,NASA POWER MERRA-2 PRECTOTCORR
2005-08-08,0,corn-mato-grosso,corn,-13.5,-56,NASA POWER MERRA-2 PRECTOTCORR
2005-08-09,0,corn-mato-grosso,corn,-13.5,-56,NASA POWER MERRA-2 PRECTOTCORR
2005-08-10,0,corn-mato-grosso,corn,-13.5,-56,NASA POWER MERRA-2 PRECTOTCORR
2005-08-11,0,corn-mato-grosso,corn,-13.5,-56,NASA POWER MERRA-2 PRECTOTCORR
2005-08-12,0,corn-mato-grosso,corn,-13.5,-56,NASA POWER MERRA-2 PRECTOTCORR
2005-08-13,0,corn-mato-grosso,corn,-13.5,-56,NASA POWER MERRA-2 PRECTOTCORR
2005-08-14,0,corn-mato-grosso,corn,-13.5,-56,NASA POWER MERRA-2 PRECTOTCORR
2005-08-15,0,corn-mato-grosso,corn,-13.5,-56,NASA POWER MERRA-2 PRECTOTCORR
2005-08-16,0,corn-mato-grosso,corn,-13.5,-56,NASA POWER MERRA-2 PRECTOTCORR
2005-08-17,0,corn-mato-grosso,corn,-13.5,-56,NASA POWER MERRA-2 PRECTOTCORR
2005-08-18,0,corn-mato-grosso,corn,-13.5,-56,NASA POWER MERRA-2 PRECTOTCORR
2005-08-19,0,corn-mato-grosso,corn,-13.5,-56,NASA POWER MERRA-2 PRECTOTCORR
2005-08-20,0,corn-mato-grosso,corn,-13.5,-56,NASA POWER MERRA-2 PRECTOTCORR
2005-08-21,0,corn-mato-grosso,corn,-13.5,-56,NASA POWER MERRA-2 PRECTOTCORR
2005-08-22,0.35,corn-mato-grosso,corn,-13.5,-56,NASA POWER MERRA-2 PRECTOTCORR
2005-08-23,0,corn-mato-grosso,corn,-13.5,-56,NASA POWER MERRA-2 PRECTOTCORR
2005-08-24,0.18,corn-mato-grosso,corn,-13.5,-56,NASA POWER MERRA-2 PRECTOTCORR
2005-08-25,0,corn-mato-grosso,corn,-13.5,-56,NASA POWER MERRA-2 PRECTOTCORR
2005-08-26,0,corn-mato-grosso,corn,-13.5,-56,NASA POWER MERRA-2 PRECTOTCORR
2005-08-27,0,corn-mato-grosso,corn,-13.5,-56,NASA POWER MERRA-2 PRECTOTCORR
2005-08-28,0,corn-mato-grosso,corn,-13.5,-56,NASA POWER MERRA-2 PRECTOTCORR
2005-08-29,0.07,corn-mato-grosso,corn,-13.5,-56,NASA POWER MERRA-2 PRECTOTCORR
2005-08-30,0,corn-mato-grosso,corn,-13.5,-56,NASA POWER MERRA-2 PRECTOTCORR
2005-08-31,0.31,corn-mato-grosso,corn,-13.5,-56,NASA POWER MERRA-2 PRECTOTCORR
2005-09-01,25.96,corn-mato-grosso,corn,-13.5,-56,NASA POWER MERRA-2 PRECTOTCORR
2005-09-02,0,corn-mato-grosso,corn,-13.5,-56,NASA POWER MERRA-2 PRECTOTCORR
2005-09-03,0,corn-mato-grosso,corn,-13.5,-56,NASA POWER MERRA-2 PRECTOTCORR
2005-09-04,0,corn-mato-grosso,corn,-13.5,-56,NASA POWER MERRA-2 PRECTOTCORR
2005-09-05,0.95,corn-mato-grosso,corn,-13.5,-56,NASA POWER MERRA-2 PRECTOTCORR
2005-09-06,0.41,corn-mato-grosso,corn,-13.5,-56,NASA POWER MERRA-2 PRECTOTCORR
2005-09-07,0,corn-mato-grosso,corn,-13.5,-56,NASA POWER MERRA-2 PRECTOTCORR
2005-09-08,0.91,corn-mato-grosso,corn,-13.5,-56,NASA POWER MERRA-2 PRECTOTCORR
2005-09-09,5.02,corn-mato-grosso,corn,-13.5,-56,NASA POWER MERRA-2 PRECTOTCORR
2005-09-10,5.84,corn-mato-grosso,corn,-13.5,-56,NASA POWER MERRA-2 PRECTOTCORR
2005-09-11,0.24,corn-mato-grosso,corn,-13.5,-56,NASA POWER MERRA-2 PRECTOTCORR
2005-09-12,0.08,corn-mato-grosso,corn,-13.5,-56,NASA POWER MERRA-2 PRECTOTCORR
2005-09-13,0,corn-mato-grosso,corn,-13.5,-56,NASA POWER MERRA-2 PRECTOTCORR
2005-09-14,0,corn-mato-grosso,corn,-13.5,-56,NASA POWER MERRA-2 PRECTOTCORR
2005-09-15,0,corn-mato-grosso,corn,-13.5,-56,NASA POWER MERRA-2 PRECTOTCORR
2005-09-16,0,corn-mato-grosso,corn,-13.5,-56,NASA POWER MERRA-2 PRECTOTCORR
2005-09-17,0,corn-mato-grosso,corn,-13.5,-56,NASA POWER MERRA-2 PRECTOTCORR
2005-09-18,0,corn-mato-grosso,corn,-13.5,-56,NASA POWER MERRA-2 PRECTOTCORR
2005-09-19,0,corn-mato-grosso,corn,-13.5,-56,NASA POWER MERRA-2 PRECTOTCORR
2005-09-20,0,corn-mato-grosso,corn,-13.5,-56,NASA POWER MERRA-2 PRECTOTCORR
2005-09-21,0.18,corn-mato-grosso,corn,-13.5,-56,NASA POWER MERRA-2 PRECTOTCORR
2005-09-22,0.01,corn-mato-grosso,corn,-13.5,-56,NASA POWER MERRA-2 PRECTOTCORR
2005-09-23,0.23,corn-mato-grosso,corn,-13.5,-56,NASA POWER MERRA-2 PRECTOTCORR
2005-09-24,0.85,corn-mato-grosso,corn,-13.5,-56,NASA POWER MERRA-2 PRECTOTCORR
2005-09-25,7.58,corn-mato-grosso,corn,-13.5,-56,NASA POWER MERRA-2 PRECTOTCORR
2005-09-26,7.81,corn-mato-grosso,corn,-13.5,-56,NASA POWER MERRA-2 PRECTOTCORR
2005-09-27,0.01,corn-mato-grosso,corn,-13.5,-56,NASA POWER MERRA-2 PRECTOTCORR
2005-09-28,0.2,corn-mato-grosso,corn,-13.5,-56,NASA POWER MERRA-2 PRECTOTCORR
2005-09-29,13.49,corn-mato-grosso,corn,-13.5,-56,NASA POWER MERRA-2 PRECTOTCORR
2005-09-30,0.14,corn-mato-grosso,corn,-13.5,-56,NASA POWER MERRA-2 PRECTOTCORR
2005-10-01,0.06,corn-mato-grosso,corn,-13.5,-56,NASA POWER MERRA-2 PRECTOTCORR
2005-10-02,0.49,corn-mato-grosso,corn,-13.5,-56,NASA POWER MERRA-2 PRECTOTCORR
2005-10-03,1.99,corn-mato-grosso,corn,-13.5,-56,NASA POWER MERRA-2 PRECTOTCORR
2005-10-04,4.84,corn-mato-grosso,corn,-13.5,-56,NASA POWER MERRA-2 PRECTOTCORR
2005-10-05,20.71,corn-mato-grosso,corn,-13.5,-56,NASA POWER MERRA-2 PRECTOTCORR
2005-10-06,0.83,corn-mato-grosso,corn,-13.5,-56,NASA POWER MERRA-2 PRECTOTCORR
2005-10-07,2.42,corn-mato-grosso,corn,-13.5,-56,NASA POWER MERRA-2 PRECTOTCORR
2005-10-08,3.93,corn-mato-grosso,corn,-13.5,-56,NASA POWER MERRA-2 PRECTOTCORR
2005-10-09,0.32,corn-mato-grosso,corn,-13.5,-56,NASA POWER MERRA-2 PRECTOTCORR
2005-10-10,0.35,corn-mato-grosso,corn,-13.5,-56,NASA POWER MERRA-2 PRECTOTCORR
2005-10-11,0,corn-mato-grosso,corn,-13.5,-56,NASA POWER MERRA-2 PRECTOTCORR
2005-10-12,18.65,corn-mato-grosso,corn,-13.5,-56,NASA POWER MERRA-2 PRECTOTCORR
2005-10-13,0.65,corn-mato-grosso,corn,-13.5,-56,NASA POWER MERRA-2 PRECTOTCORR
2005-10-14,15.22,corn-mato-grosso,corn,-13.5,-56,NASA POWER MERRA-2 PRECTOTCORR
2005-10-15,5.42,corn-mato-grosso,corn,-13.5,-56,NASA POWER MERRA-2 PRECTOTCORR
2005-10-16,4.84,corn-mato-grosso,corn,-13.5,-56,NASA POWER MERRA-2 PRECTOTCORR
2005-10-17,1.08,corn-mato-grosso,corn,-13.5,-56,NASA POWER MERRA-2 PRECTOTCORR
2005-10-18,1.82,corn-mato-grosso,corn,-13.5,-56,NASA POWER MERRA-2 PRECTOTCORR
2005-10-19,5.64,corn-mato-grosso,corn,-13.5,-56,NASA POWER MERRA-2 PRECTOTCORR
2005-10-20,5.46,corn-mato-grosso,corn,-13.5,-56,NASA POWER MERRA-2 PRECTOTCORR
2005-10-21,2.15,corn-mato-grosso,corn,-13.5,-56,NASA POWER MERRA-2 PRECTOTCORR
2005-10-22,3.24,corn-mato-grosso,corn,-13.5,-56,NASA POWER MERRA-2 PRECTOTCORR
2005-10-23,0.16,corn-mato-grosso,corn,-13.5,-56,NASA POWER MERRA-2 PRECTOTCORR
2005-10-24,0.18,corn-mato-grosso,corn,-13.5,-56,NASA POWER MERRA-2 PRECTOTCORR
2005-10-25,8.05,corn-mato-grosso,corn,-13.5,-56,NASA POWER MERRA-2 PRECTOTCORR
2005-10-26,0.88,corn-mato-grosso,corn,-13.5,-56,NASA POWER MERRA-2 PRECTOTCORR
2005-10-27,0.05,corn-mato-grosso,corn,-13.5,-56,NASA POWER MERRA-2 PRECTOTCORR
2005-10-28,0.68,corn-mato-grosso,corn,-13.5,-56,NASA POWER MERRA-2 PRECTOTCORR
2005-10-29,34.59,corn-mato-grosso,corn,-13.5,-56,NASA POWER MERRA-2 PRECTOTCORR
2005-10-30,9.19,corn-mato-grosso,corn,-13.5,-56,NASA POWER MERRA-2 PRECTOTCORR
2005-10-31,0.43,corn-mato-grosso,corn,-13.5,-56,NASA POWER MERRA-2 PRECTOTCORR
2005-11-01,1.44,corn-mato-grosso,corn,-13.5,-56,NASA POWER MERRA-2 PRECTOTCORR
2005-11-02,37.41,corn-mato-grosso,corn,-13.5,-56,NASA POWER MERRA-2 PRECTOTCORR
2005-11-03,1.31,corn-mato-grosso,corn,-13.5,-56,NASA POWER MERRA-2 PRECTOTCORR
2005-11-04,0.17,corn-mato-grosso,corn,-13.5,-56,NASA POWER MERRA-2 PRECTOTCORR
2005-11-05,2.02,corn-mato-grosso,corn,-13.5,-56,NASA POWER MERRA-2 PRECTOTCORR
2005-11-06,8.73,corn-mato-grosso,corn,-13.5,-56,NASA POWER MERRA-2 PRECTOTCORR
2005-11-07,2.92,corn-mato-grosso,corn,-13.5,-56,NASA POWER MERRA-2 PRECTOTCORR
2005-11-08,2.81,corn-mato-grosso,corn,-13.5,-56,NASA POWER MERRA-2 PRECTOTCORR
2005-11-09,1.37,corn-mato-grosso,corn,-13.5,-56,NASA POWER MERRA-2 PRECTOTCORR
2005-11-10,0.59,corn-mato-grosso,corn,-13.5,-56,NASA POWER MERRA-2 PRECTOTCORR
2005-11-11,2.68,corn-mato-grosso,corn,-13.5,-56,NASA POWER MERRA-2 PRECTOTCORR
2005-11-12,3.62,corn-mato-grosso,corn,-13.5,-56,NASA POWER MERRA-2 PRECTOTCORR
2005-11-13,12.04,corn-mato-grosso,corn,-13.5,-56,NASA POWER MERRA-2 PRECTOTCORR
2005-11-14,7.42,corn-mato-grosso,corn,-13.5,-56,NASA POWER MERRA-2 PRECTOTCORR
2005-11-15,14.4,corn-mato-grosso,corn,-13.5,-56,NASA POWER MERRA-2 PRECTOTCORR
2005-11-16,0.41,corn-mato-grosso,corn,-13.5,-56,NASA POWER MERRA-2 PRECTOTCORR
2005-11-17,2.19,corn-mato-grosso,corn,-13.5,-56,NASA POWER MERRA-2 PRECTOTCORR
2005-11-18,21.27,corn-mato-grosso,corn,-13.5,-56,NASA POWER MERRA-2 PRECTOTCORR
2005-11-19,25.17,corn-mato-grosso,corn,-13.5,-56,NASA POWER MERRA-2 PRECTOTCORR
2005-11-20,6.67,corn-mato-grosso,corn,-13.5,-56,NASA POWER MERRA-2 PRECTOTCORR
2005-11-21,3.51,corn-mato-grosso,corn,-13.5,-56,NASA POWER MERRA-2 PRECTOTCORR
2005-11-22,0.15,corn-mato-grosso,corn,-13.5,-56,NASA POWER MERRA-2 PRECTOTCORR
2005-11-23,0.34,corn-mato-grosso,corn,-13.5,-56,NASA POWER MERRA-2 PRECTOTCORR
2005-11-24,21.09,corn-mato-grosso,corn,-13.5,-56,NASA POWER MERRA-2 PRECTOTCORR
2005-11-25,6.8,corn-mato-grosso,corn,-13.5,-56,NASA POWER MERRA-2 PRECTOTCORR
2005-11-26,0.81,corn-mato-grosso,corn,-13.5,-56,NASA POWER MERRA-2 PRECTOTCORR
2005-11-27,6.12,corn-mato-grosso,corn,-13.5,-56,NASA POWER MERRA-2 PRECTOTCORR
2005-11-28,3.78,corn-mato-grosso,corn,-13.5,-56,NASA POWER MERRA-2 PRECTOTCORR
2005-11-29,28.42,corn-mato-grosso,corn,-13.5,-56,NASA POWER MERRA-2 PRECTOTCORR
2005-11-30,17.5,corn-mato-grosso,corn,-13.5,-56,NASA POWER MERRA-2 PRECTOTCORR
2005-12-01,20.16,corn-mato-grosso,corn,-13.5,-56,NASA POWER MERRA-2 PRECTOTCORR
2005-12-02,9.58,corn-mato-grosso,corn,-13.5,-56,NASA POWER MERRA-2 PRECTOTCORR
2005-12-03,11.89,corn-mato-grosso,corn,-13.5,-56,NASA POWER MERRA-2 PRECTOTCORR
2005-12-04,0.79,corn-mato-grosso,corn,-13.5,-56,NASA POWER MERRA-2 PRECTOTCORR
2005-12-05,3.2,corn-mato-grosso,corn,-13.5,-56,NASA POWER MERRA-2 PRECTOTCORR
2005-12-06,26.84,corn-mato-grosso,corn,-13.5,-56,NASA POWER MERRA-2 PRECTOTCORR
2005-12-07,17.03,corn-mato-grosso,corn,-13.5,-56,NASA POWER MERRA-2 PRECTOTCORR
2005-12-08,3.91,corn-mato-grosso,corn,-13.5,-56,NASA POWER MERRA-2 PRECTOTCORR
2005-12-09,5.51,corn-mato-grosso,corn,-13.5,-56,NASA POWER MERRA-2 PRECTOTCORR
2005-12-10,6.97,corn-mato-grosso,corn,-13.5,-56,NASA POWER MERRA-2 PRECTOTCORR
2005-12-11,13.97,corn-mato-grosso,corn,-13.5,-56,NASA POWER MERRA-2 PRECTOTCORR
2005-12-12,15.08,corn-mato-grosso,corn,-13.5,-56,NASA POWER MERRA-2 PRECTOTCORR
2005-12-13,10.73,corn-mato-grosso,corn,-13.5,-56,NASA POWER MERRA-2 PRECTOTCORR
2005-12-14,3.87,corn-mato-grosso,corn,-13.5,-56,NASA POWER MERRA-2 PRECTOTCORR
2005-12-15,2.61,corn-mato-grosso,corn,-13.5,-56,NASA POWER MERRA-2 PRECTOTCORR
2005-12-16,13.34,corn-mato-grosso,corn,-13.5,-56,NASA POWER MERRA-2 PRECTOTCORR
2005-12-17,13.85,corn-mato-grosso,corn,-13.5,-56,NASA POWER MERRA-2 PRECTOTCORR
2005-12-18,2.86,corn-mato-grosso,corn,-13.5,-56,NASA POWER MERRA-2 PRECTOTCORR
2005-12-19,0.03,corn-mato-grosso,corn,-13.5,-56,NASA POWER MERRA-2 PRECTOTCORR
2005-12-20,3.93,corn-mato-grosso,corn,-13.5,-56,NASA POWER MERRA-2 PRECTOTCORR
2005-12-21,2.35,corn-mato-grosso,corn,-13.5,-56,NASA POWER MERRA-2 PRECTOTCORR
2005-12-22,11.39,corn-mato-grosso,corn,-13.5,-56,NASA POWER MERRA-2 PRECTOTCORR
2005-12-23,4.07,corn-mato-grosso,corn,-13.5,-56,NASA POWER MERRA-2 PRECTOTCORR
2005-12-24,2.68,corn-mato-grosso,corn,-13.5,-56,NASA POWER MERRA-2 PRECTOTCORR
2005-12-25,5.8,corn-mato-grosso,corn,-13.5,-56,NASA POWER MERRA-2 PRECTOTCORR
2005-12-26,10.15,corn-mato-grosso,corn,-13.5,-56,NASA POWER MERRA-2 PRECTOTCORR
2005-12-27,31.41,corn-mato-grosso,corn,-13.5,-56,NASA POWER MERRA-2 PRECTOTCORR
2005-12-28,25.56,corn-mato-grosso,corn,-13.5,-56,NASA POWER MERRA-2 PRECTOTCORR
2005-12-29,16.03,corn-mato-grosso,corn,-13.5,-56,NASA POWER MERRA-2 PRECTOTCORR
2005-12-30,16.81,corn-mato-grosso,corn,-13.5,-56,NASA POWER MERRA-2 PRECTOTCORR
2005-12-31,7.82,corn-mato-grosso,corn,-13.5,-56,NASA POWER MERRA-2 PRECTOTCORR
2006-01-01,26.05,corn-mato-grosso,corn,-13.5,-56,NASA POWER MERRA-2 PRECTOTCORR
2006-01-02,28.27,corn-mato-grosso,corn,-13.5,-56,NASA POWER MERRA-2 PRECTOTCORR
2006-01-03,12.25,corn-mato-grosso,corn,-13.5,-56,NASA POWER MERRA-2 PRECTOTCORR
2006-01-04,32.13,corn-mato-grosso,corn,-13.5,-56,NASA POWER MERRA-2 PRECTOTCORR
2006-01-05,25.56,corn-mato-grosso,corn,-13.5,-56,NASA POWER MERRA-2 PRECTOTCORR
2006-01-06,6.96,corn-mato-grosso,corn,-13.5,-56,NASA POWER MERRA-2 PRECTOTCORR
2006-01-07,3.67,corn-mato-grosso,corn,-13.5,-56,NASA POWER MERRA-2 PRECTOTCORR
2006-01-08,6.27,corn-mato-grosso,corn,-13.5,-56,NASA POWER MERRA-2 PRECTOTCORR
2006-01-09,7.84,corn-mato-grosso,corn,-13.5,-56,NASA POWER MERRA-2 PRECTOTCORR
2006-01-10,26.52,corn-mato-grosso,corn,-13.5,-56,NASA POWER MERRA-2 PRECTOTCORR
2006-01-11,13.54,corn-mato-grosso,corn,-13.5,-56,NASA POWER MERRA-2 PRECTOTCORR
2006-01-12,8.81,corn-mato-grosso,corn,-13.5,-56,NASA POWER MERRA-2 PRECTOTCORR
2006-01-13,9.29,corn-mato-grosso,corn,-13.5,-56,NASA POWER MERRA-2 PRECTOTCORR
2006-01-14,0.03,corn-mato-grosso,corn,-13.5,-56,NASA POWER MERRA-2 PRECTOTCORR
2006-01-15,0.34,corn-mato-grosso,corn,-13.5,-56,NASA POWER MERRA-2 PRECTOTCORR
2006-01-16,6.12,corn-mato-grosso,corn,-13.5,-56,NASA POWER MERRA-2 PRECTOTCORR
2006-01-17,0,corn-mato-grosso,corn,-13.5,-56,NASA POWER MERRA-2 PRECTOTCORR
2006-01-18,1.08,corn-mato-grosso,corn,-13.5,-56,NASA POWER MERRA-2 PRECTOTCORR
2006-01-19,0.09,corn-mato-grosso,corn,-13.5,-56,NASA POWER MERRA-2 PRECTOTCORR
2006-01-20,0.05,corn-mato-grosso,corn,-13.5,-56,NASA POWER MERRA-2 PRECTOTCORR
2006-01-21,4.35,corn-mato-grosso,corn,-13.5,-56,NASA POWER MERRA-2 PRECTOTCORR
2006-01-22,8.3,corn-mato-grosso,corn,-13.5,-56,NASA POWER MERRA-2 PRECTOTCORR
2006-01-23,1.76,corn-mato-grosso,corn,-13.5,-56,NASA POWER MERRA-2 PRECTOTCORR
2006-01-24,0.44,corn-mato-grosso,corn,-13.5,-56,NASA POWER MERRA-2 PRECTOTCORR
2006-01-25,2.69,corn-mato-grosso,corn,-13.5,-56,NASA POWER MERRA-2 PRECTOTCORR
2006-01-26,3.38,corn-mato-grosso,corn,-13.5,-56,NASA POWER MERRA-2 PRECTOTCORR
2006-01-27,2.72,corn-mato-grosso,corn,-13.5,-56,NASA POWER MERRA-2 PRECTOTCORR
2006-01-28,0.56,corn-mato-grosso,corn,-13.5,-56,NASA POWER MERRA-2 PRECTOTCORR
2006-01-29,6.23,corn-mato-grosso,corn,-13.5,-56,NASA POWER MERRA-2 PRECTOTCORR
2006-01-30,14.22,corn-mato-grosso,corn,-13.5,-56,NASA POWER MERRA-2 PRECTOTCORR
2006-01-31,6.23,corn-mato-grosso,corn,-13.5,-56,NASA POWER MERRA-2 PRECTOTCORR
2006-02-01,0.42,corn-mato-grosso,corn,-13.5,-56,NASA POWER MERRA-2 PRECTOTCORR
2006-02-02,5.07,corn-mato-grosso,corn,-13.5,-56,NASA POWER MERRA-2 PRECTOTCORR
2006-02-03,12.48,corn-mato-grosso,corn,-13.5,-56,NASA POWER MERRA-2 PRECTOTCORR
2006-02-04,2.24,corn-mato-grosso,corn,-13.5,-56,NASA POWER MERRA-2 PRECTOTCORR
2006-02-05,0.57,corn-mato-grosso,corn,-13.5,-56,NASA POWER MERRA-2 PRECTOTCORR
2006-02-06,1.84,corn-mato-grosso,corn,-13.5,-56,NASA POWER MERRA-2 PRECTOTCORR
2006-02-07,18.17,corn-mato-grosso,corn,-13.5,-56,NASA POWER MERRA-2 PRECTOTCORR
2006-02-08,25.84,corn-mato-grosso,corn,-13.5,-56,NASA POWER MERRA-2 PRECTOTCORR
2006-02-09,13.14,corn-mato-grosso,corn,-13.5,-56,NASA POWER MERRA-2 PRECTOTCORR
2006-02-10,9.28,corn-mato-grosso,corn,-13.5,-56,NASA POWER MERRA-2 PRECTOTCORR
2006-02-11,56.8,corn-mato-grosso,corn,-13.5,-56,NASA POWER MERRA-2 PRECTOTCORR
2006-02-12,11.6,corn-mato-grosso,corn,-13.5,-56,NASA POWER MERRA-2 PRECTOTCORR
2006-02-13,10.86,corn-mato-grosso,corn,-13.5,-56,NASA POWER MERRA-2 PRECTOTCORR
2006-02-14,7.9,corn-mato-grosso,corn,-13.5,-56,NASA POWER MERRA-2 PRECTOTCORR
2006-02-15,4.38,corn-mato-grosso,corn,-13.5,-56,NASA POWER MERRA-2 PRECTOTCORR
2006-02-16,1.92,corn-mato-grosso,corn,-13.5,-56,NASA POWER MERRA-2 PRECTOTCORR
2006-02-17,55.1,corn-mato-grosso,corn,-13.5,-56,NASA POWER MERRA-2 PRECTOTCORR
2006-02-18,8.21,corn-mato-grosso,corn,-13.5,-56,NASA POWER MERRA-2 PRECTOTCORR
2006-02-19,50.3,corn-mato-grosso,corn,-13.5,-56,NASA POWER MERRA-2 PRECTOTCORR
2006-02-20,6.11,corn-mato-grosso,corn,-13.5,-56,NASA POWER MERRA-2 PRECTOTCORR
2006-02-21,7.79,corn-mato-grosso,corn,-13.5,-56,NASA POWER MERRA-2 PRECTOTCORR
2006-02-22,0.72,corn-mato-grosso,corn,-13.5,-56,NASA POWER MERRA-2 PRECTOTCORR
2006-02-23,9.63,corn-mato-grosso,corn,-13.5,-56,NASA POWER MERRA-2 PRECTOTCORR
2006-02-24,4.68,corn-mato-grosso,corn,-13.5,-56,NASA POWER MERRA-2 PRECTOTCORR
2006-02-25,12.46,corn-mato-grosso,corn,-13.5,-56,NASA POWER MERRA-2 PRECTOTCORR
2006-02-26,17.26,corn-mato-grosso,corn,-13.5,-56,NASA POWER MERRA-2 PRECTOTCORR
2006-02-27,67.24,corn-mato-grosso,corn,-13.5,-56,NASA POWER MERRA-2 PRECTOTCORR
2006-02-28,3.27,corn-mato-grosso,corn,-13.5,-56,NASA POWER MERRA-2 PRECTOTCORR
2006-03-01,5.48,corn-mato-grosso,corn,-13.5,-56,NASA POWER MERRA-2 PRECTOTCORR
2006-03-02,3.58,corn-mato-grosso,corn,-13.5,-56,NASA POWER MERRA-2 PRECTOTCORR
2006-03-03,0.89,corn-mato-grosso,corn,-13.5,-56,NASA POWER MERRA-2 PRECTOTCORR
2006-03-04,0.39,corn-mato-grosso,corn,-13.5,-56,NASA POWER MERRA-2 PRECTOTCORR
2006-03-05,4.93,corn-mato-grosso,corn,-13.5,-56,NASA POWER MERRA-2 PRECTOTCORR
2006-03-06,0.79,corn-mato-grosso,corn,-13.5,-56,NASA POWER MERRA-2 PRECTOTCORR
2006-03-07,4.48,corn-mato-grosso,corn,-13.5,-56,NASA POWER MERRA-2 PRECTOTCORR
2006-03-08,18.67,corn-mato-grosso,corn,-13.5,-56,NASA POWER MERRA-2 PRECTOTCORR
2006-03-09,13.38,corn-mato-grosso,corn,-13.5,-56,NASA POWER MERRA-2 PRECTOTCORR
2006-03-10,4.14,corn-mato-grosso,corn,-13.5,-56,NASA POWER MERRA-2 PRECTOTCORR
2006-03-11,3.18,corn-mato-grosso,corn,-13.5,-56,NASA POWER MERRA-2 PRECTOTCORR
2006-03-12,0.5,corn-mato-grosso,corn,-13.5,-56,NASA POWER MERRA-2 PRECTOTCORR
2006-03-13,0.08,corn-mato-grosso,corn,-13.5,-56,NASA POWER MERRA-2 PRECTOTCORR
2006-03-14,1.19,corn-mato-grosso,corn,-13.5,-56,NASA POWER MERRA-2 PRECTOTCORR
2006-03-15,8.61,corn-mato-grosso,corn,-13.5,-56,NASA POWER MERRA-2 PRECTOTCORR
2006-03-16,42.37,corn-mato-grosso,corn,-13.5,-56,NASA POWER MERRA-2 PRECTOTCORR
2006-03-17,27.8,corn-mato-grosso,corn,-13.5,-56,NASA POWER MERRA-2 PRECTOTCORR
2006-03-18,14.19,corn-mato-grosso,corn,-13.5,-56,NASA POWER MERRA-2 PRECTOTCORR
2006-03-19,50.17,corn-mato-grosso,corn,-13.5,-56,NASA POWER MERRA-2 PRECTOTCORR
2006-03-20,5.54,corn-mato-grosso,corn,-13.5,-56,NASA POWER MERRA-2 PRECTOTCORR
2006-03-21,21.9,corn-mato-grosso,corn,-13.5,-56,NASA POWER MERRA-2 PRECTOTCORR
2006-03-22,22.85,corn-mato-grosso,corn,-13.5,-56,NASA POWER MERRA-2 PRECTOTCORR
2006-03-23,1.98,corn-mato-grosso,corn,-13.5,-56,NASA POWER MERRA-2 PRECTOTCORR
2006-03-24,0.13,corn-mato-grosso,corn,-13.5,-56,NASA POWER MERRA-2 PRECTOTCORR
2006-03-25,1.94,corn-mato-grosso,corn,-13.5,-56,NASA POWER MERRA-2 PRECTOTCORR
2006-03-26,2.89,corn-mato-grosso,corn,-13.5,-56,NASA POWER MERRA-2 PRECTOTCORR
2006-03-27,1.69,corn-mato-grosso,corn,-13.5,-56,NASA POWER MERRA-2 PRECTOTCORR
2006-03-28,5.13,corn-mato-grosso,corn,-13.5,-56,NASA POWER MERRA-2 PRECTOTCORR
2006-03-29,5.88,corn-mato-grosso,corn,-13.5,-56,NASA POWER MERRA-2 PRECTOTCORR
2006-03-30,13.67,corn-mato-grosso,corn,-13.5,-56,NASA POWER MERRA-2 PRECTOTCORR
2006-03-31,8.55,corn-mato-grosso,corn,-13.5,-56,NASA POWER MERRA-2 PRECTOTCORR
2006-04-01,5.88,corn-mato-grosso,corn,-13.5,-56,NASA POWER MERRA-2 PRECTOTCORR
2006-04-02,14.35,corn-mato-grosso,corn,-13.5,-56,NASA POWER MERRA-2 PRECTOTCORR
2006-04-03,2.15,corn-mato-grosso,corn,-13.5,-56,NASA POWER MERRA-2 PRECTOTCORR
2006-04-04,6.43,corn-mato-grosso,corn,-13.5,-56,NASA POWER MERRA-2 PRECTOTCORR
2006-04-05,8.47,corn-mato-grosso,corn,-13.5,-56,NASA POWER MERRA-2 PRECTOTCORR
2006-04-06,7.07,corn-mato-grosso,corn,-13.5,-56,NASA POWER MERRA-2 PRECTOTCORR
2006-04-07,21.29,corn-mato-grosso,corn,-13.5,-56,NASA POWER MERRA-2 PRECTOTCORR
2006-04-08,7.42,corn-mato-grosso,corn,-13.5,-56,NASA POWER MERRA-2 PRECTOTCORR
2006-04-09,1.54,corn-mato-grosso,corn,-13.5,-56,NASA POWER MERRA-2 PRECTOTCORR
2006-04-10,4.54,corn-mato-grosso,corn,-13.5,-56,NASA POWER MERRA-2 PRECTOTCORR
2006-04-11,1.92,corn-mato-grosso,corn,-13.5,-56,NASA POWER MERRA-2 PRECTOTCORR
2006-04-12,3.63,corn-mato-grosso,corn,-13.5,-56,NASA POWER MERRA-2 PRECTOTCORR
2006-04-13,0.09,corn-mato-grosso,corn,-13.5,-56,NASA POWER MERRA-2 PRECTOTCORR
2006-04-14,1.7,corn-mato-grosso,corn,-13.5,-56,NASA POWER MERRA-2 PRECTOTCORR
2006-04-15,27.83,corn-mato-grosso,corn,-13.5,-56,NASA POWER MERRA-2 PRECTOTCORR
2006-04-16,47,corn-mato-grosso,corn,-13.5,-56,NASA POWER MERRA-2 PRECTOTCORR
2006-04-17,2.07,corn-mato-grosso,corn,-13.5,-56,NASA POWER MERRA-2 PRECTOTCORR
2006-04-18,0.04,corn-mato-grosso,corn,-13.5,-56,NASA POWER MERRA-2 PRECTOTCORR
2006-04-19,1.68,corn-mato-grosso,corn,-13.5,-56,NASA POWER MERRA-2 PRECTOTCORR
2006-04-20,0.22,corn-mato-grosso,corn,-13.5,-56,NASA POWER MERRA-2 PRECTOTCORR
2006-04-21,0.22,corn-mato-grosso,corn,-13.5,-56,NASA POWER MERRA-2 PRECTOTCORR
2006-04-22,0.63,corn-mato-grosso,corn,-13.5,-56,NASA POWER MERRA-2 PRECTOTCORR
2006-04-23,0,corn-mato-grosso,corn,-13.5,-56,NASA POWER MERRA-2 PRECTOTCORR
2006-04-24,0,corn-mato-grosso,corn,-13.5,-56,NASA POWER MERRA-2 PRECTOTCORR
2006-04-25,0.87,corn-mato-grosso,corn,-13.5,-56,NASA POWER MERRA-2 PRECTOTCORR
2006-04-26,0.2,corn-mato-grosso,corn,-13.5,-56,NASA POWER MERRA-2 PRECTOTCORR
2006-04-27,0,corn-mato-grosso,corn,-13.5,-56,NASA POWER MERRA-2 PRECTOTCORR
2006-04-28,0,corn-mato-grosso,corn,-13.5,-56,NASA POWER MERRA-2 PRECTOTCORR
2006-04-29,0.03,corn-mato-grosso,corn,-13.5,-56,NASA POWER MERRA-2 PRECTOTCORR
2006-04-30,0.01,corn-mato-grosso,corn,-13.5,-56,NASA POWER MERRA-2 PRECTOTCORR
2006-05-01,0,corn-mato-grosso,corn,-13.5,-56,NASA POWER MERRA-2 PRECTOTCORR
2006-05-02,0,corn-mato-grosso,corn,-13.5,-56,NASA POWER MERRA-2 PRECTOTCORR
2006-05-03,0.01,corn-mato-grosso,corn,-13.5,-56,NASA POWER MERRA-2 PRECTOTCORR
2006-05-04,0,corn-mato-grosso,corn,-13.5,-56,NASA POWER MERRA-2 PRECTOTCORR
2006-05-05,0,corn-mato-grosso,corn,-13.5,-56,NASA POWER MERRA-2 PRECTOTCORR
2006-05-06,0,corn-mato-grosso,corn,-13.5,-56,NASA POWER MERRA-2 PRECTOTCORR
2006-05-07,0,corn-mato-grosso,corn,-13.5,-56,NASA POWER MERRA-2 PRECTOTCORR
2006-05-08,0,corn-mato-grosso,corn,-13.5,-56,NASA POWER MERRA-2 PRECTOTCORR
2006-05-09,0,corn-mato-grosso,corn,-13.5,-56,NASA POWER MERRA-2 PRECTOTCORR
2006-05-10,0,corn-mato-grosso,corn,-13.5,-56,NASA POWER MERRA-2 PRECTOTCORR
2006-05-11,0,corn-mato-grosso,corn,-13.5,-56,NASA POWER MERRA-2 PRECTOTCORR
2006-05-12,0,corn-mato-grosso,corn,-13.5,-56,NASA POWER MERRA-2 PRECTOTCORR
2006-05-13,0,corn-mato-grosso,corn,-13.5,-56,NASA POWER MERRA-2 PRECTOTCORR
2006-05-14,0,corn-mato-grosso,corn,-13.5,-56,NASA POWER MERRA-2 PRECTOTCORR
2006-05-15,0,corn-mato-grosso,corn,-13.5,-56,NASA POWER MERRA-2 PRECTOTCORR
2006-05-16,0,corn-mato-grosso,corn,-13.5,-56,NASA POWER MERRA-2 PRECTOTCORR
2006-05-17,0.21,corn-mato-grosso,corn,-13.5,-56,NASA POWER MERRA-2 PRECTOTCORR
2006-05-18,0.37,corn-mato-grosso,corn,-13.5,-56,NASA POWER MERRA-2 PRECTOTCORR
2006-05-19,0.32,corn-mato-grosso,corn,-13.5,-56,NASA POWER MERRA-2 PRECTOTCORR
2006-05-20,24.09,corn-mato-grosso,corn,-13.5,-56,NASA POWER MERRA-2 PRECTOTCORR
2006-05-21,8.45,corn-mato-grosso,corn,-13.5,-56,NASA POWER MERRA-2 PRECTOTCORR
2006-05-22,0.63,corn-mato-grosso,corn,-13.5,-56,NASA POWER MERRA-2 PRECTOTCORR
2006-05-23,0.04,corn-mato-grosso,corn,-13.5,-56,NASA POWER MERRA-2 PRECTOTCORR
2006-05-24,0.02,corn-mato-grosso,corn,-13.5,-56,NASA POWER MERRA-2 PRECTOTCORR
2006-05-25,0,corn-mato-grosso,corn,-13.5,-56,NASA POWER MERRA-2 PRECTOTCORR
2006-05-26,0,corn-mato-grosso,corn,-13.5,-56,NASA POWER MERRA-2 PRECTOTCORR
2006-05-27,0,corn-mato-grosso,corn,-13.5,-56,NASA POWER MERRA-2 PRECTOTCORR
2006-05-28,0,corn-mato-grosso,corn,-13.5,-56,NASA POWER MERRA-2 PRECTOTCORR
2006-05-29,0,corn-mato-grosso,corn,-13.5,-56,NASA POWER MERRA-2 PRECTOTCORR
2006-05-30,0,corn-mato-grosso,corn,-13.5,-56,NASA POWER MERRA-2 PRECTOTCORR
2006-05-31,0.04,corn-mato-grosso,corn,-13.5,-56,NASA POWER MERRA-2 PRECTOTCORR
2006-06-01,0.04,corn-mato-grosso,corn,-13.5,-56,NASA POWER MERRA-2 PRECTOTCORR
2006-06-02,0.01,corn-mato-grosso,corn,-13.5,-56,NASA POWER MERRA-2 PRECTOTCORR
2006-06-03,0,corn-mato-grosso,corn,-13.5,-56,NASA POWER MERRA-2 PRECTOTCORR
2006-06-04,0,corn-mato-grosso,corn,-13.5,-56,NASA POWER MERRA-2 PRECTOTCORR
2006-06-05,0,corn-mato-grosso,corn,-13.5,-56,NASA POWER MERRA-2 PRECTOTCORR
2006-06-06,0,corn-mato-grosso,corn,-13.5,-56,NASA POWER MERRA-2 PRECTOTCORR
2006-06-07,0,corn-mato-grosso,corn,-13.5,-56,NASA POWER MERRA-2 PRECTOTCORR
2006-06-08,0,corn-mato-grosso,corn,-13.5,-56,NASA POWER MERRA-2 PRECTOTCORR
2006-06-09,0,corn-mato-grosso,corn,-13.5,-56,NASA POWER MERRA-2 PRECTOTCORR
2006-06-10,0,corn-mato-grosso,corn,-13.5,-56,NASA POWER MERRA-2 PRECTOTCORR
2006-06-11,0,corn-mato-grosso,corn,-13.5,-56,NASA POWER MERRA-2 PRECTOTCORR
2006-06-12,0,corn-mato-grosso,corn,-13.5,-56,NASA POWER MERRA-2 PRECTOTCORR
2006-06-13,0.05,corn-mato-grosso,corn,-13.5,-56,NASA POWER MERRA-2 PRECTOTCORR
2006-06-14,0,corn-mato-grosso,corn,-13.5,-56,NASA POWER MERRA-2 PRECTOTCORR
2006-06-15,0,corn-mato-grosso,corn,-13.5,-56,NASA POWER MERRA-2 PRECTOTCORR
2006-06-16,0,corn-mato-grosso,corn,-13.5,-56,NASA POWER MERRA-2 PRECTOTCORR
2006-06-17,0,corn-mato-grosso,corn,-13.5,-56,NASA POWER MERRA-2 PRECTOTCORR
2006-06-18,0,corn-mato-grosso,corn,-13.5,-56,NASA POWER MERRA-2 PRECTOTCORR
2006-06-19,0,corn-mato-grosso,corn,-13.5,-56,NASA POWER MERRA-2 PRECTOTCORR
2006-06-20,0,corn-mato-grosso,corn,-13.5,-56,NASA POWER MERRA-2 PRECTOTCORR
2006-06-21,0,corn-mato-grosso,corn,-13.5,-56,NASA POWER MERRA-2 PRECTOTCORR
2006-06-22,0,corn-mato-grosso,corn,-13.5,-56,NASA POWER MERRA-2 PRECTOTCORR
2006-06-23,0,corn-mato-grosso,corn,-13.5,-56,NASA POWER MERRA-2 PRECTOTCORR
2006-06-24,0,corn-mato-grosso,corn,-13.5,-56,NASA POWER MERRA-2 PRECTOTCORR
2006-06-25,0,corn-mato-grosso,corn,-13.5,-56,NASA POWER MERRA-2 PRECTOTCORR
2006-06-26,0,corn-mato-grosso,corn,-13.5,-56,NASA POWER MERRA-2 PRECTOTCORR
2006-06-27,0,corn-mato-grosso,corn,-13.5,-56,NASA POWER MERRA-2 PRECTOTCORR
2006-06-28,0,corn-mato-grosso,corn,-13.5,-56,NASA POWER MERRA-2 PRECTOTCORR
2006-06-29,0,corn-mato-grosso,corn,-13.5,-56,NASA POWER MERRA-2 PRECTOTCORR
2006-06-30,0.02,corn-mato-grosso,corn,-13.5,-56,NASA POWER MERRA-2 PRECTOTCORR
2006-07-01,0,corn-mato-grosso,corn,-13.5,-56,NASA POWER MERRA-2 PRECTOTCORR
2006-07-02,1.04,corn-mato-grosso,corn,-13.5,-56,NASA POWER MERRA-2 PRECTOTCORR
2006-07-03,0.9,corn-mato-grosso,corn,-13.5,-56,NASA POWER MERRA-2 PRECTOTCORR
2006-07-04,17.23,corn-mato-grosso,corn,-13.5,-56,NASA POWER MERRA-2 PRECTOTCORR
2006-07-05,0.18,corn-mato-grosso,corn,-13.5,-56,NASA POWER MERRA-2 PRECTOTCORR
2006-07-06,0,corn-mato-grosso,corn,-13.5,-56,NASA POWER MERRA-2 PRECTOTCORR
2006-07-07,0,corn-mato-grosso,corn,-13.5,-56,NASA POWER MERRA-2 PRECTOTCORR
2006-07-08,0,corn-mato-grosso,corn,-13.5,-56,NASA POWER MERRA-2 PRECTOTCORR
2006-07-09,0,corn-mato-grosso,corn,-13.5,-56,NASA POWER MERRA-2 PRECTOTCORR
2006-07-10,0,corn-mato-grosso,corn,-13.5,-56,NASA POWER MERRA-2 PRECTOTCORR
2006-07-11,0,corn-mato-grosso,corn,-13.5,-56,NASA POWER MERRA-2 PRECTOTCORR
2006-07-12,0,corn-mato-grosso,corn,-13.5,-56,NASA POWER MERRA-2 PRECTOTCORR
2006-07-13,0,corn-mato-grosso,corn,-13.5,-56,NASA POWER MERRA-2 PRECTOTCORR
2006-07-14,0,corn-mato-grosso,corn,-13.5,-56,NASA POWER MERRA-2 PRECTOTCORR
2006-07-15,0,corn-mato-grosso,corn,-13.5,-56,NASA POWER MERRA-2 PRECTOTCORR
2006-07-16,0,corn-mato-grosso,corn,-13.5,-56,NASA POWER MERRA-2 PRECTOTCORR
2006-07-17,0,corn-mato-grosso,corn,-13.5,-56,NASA POWER MERRA-2 PRECTOTCORR
2006-07-18,0,corn-mato-grosso,corn,-13.5,-56,NASA POWER MERRA-2 PRECTOTCORR
2006-07-19,0,corn-mato-grosso,corn,-13.5,-56,NASA POWER MERRA-2 PRECTOTCORR
2006-07-20,0,corn-mato-grosso,corn,-13.5,-56,NASA POWER MERRA-2 PRECTOTCORR
2006-07-21,0,corn-mato-grosso,corn,-13.5,-56,NASA POWER MERRA-2 PRECTOTCORR
2006-07-22,0,corn-mato-grosso,corn,-13.5,-56,NASA POWER MERRA-2 PRECTOTCORR
2006-07-23,0,corn-mato-grosso,corn,-13.5,-56,NASA POWER MERRA-2 PRECTOTCORR
2006-07-24,0,corn-mato-grosso,corn,-13.5,-56,NASA POWER MERRA-2 PRECTOTCORR
2006-07-25,0.01,corn-mato-grosso,corn,-13.5,-56,NASA POWER MERRA-2 PRECTOTCORR
2006-07-26,0,corn-mato-grosso,corn,-13.5,-56,NASA POWER MERRA-2 PRECTOTCORR
2006-07-27,0,corn-mato-grosso,corn,-13.5,-56,NASA POWER MERRA-2 PRECTOTCORR
2006-07-28,0,corn-mato-grosso,corn,-13.5,-56,NASA POWER MERRA-2 PRECTOTCORR
2006-07-29,0.01,corn-mato-grosso,corn,-13.5,-56,NASA POWER MERRA-2 PRECTOTCORR
2006-07-30,0.02,corn-mato-grosso,corn,-13.5,-56,NASA POWER MERRA-2 PRECTOTCORR
2006-07-31,0,corn-mato-grosso,corn,-13.5,-56,NASA POWER MERRA-2 PRECTOTCORR
2006-08-01,0,corn-mato-grosso,corn,-13.5,-56,NASA POWER MERRA-2 PRECTOTCORR
2006-08-02,0,corn-mato-grosso,corn,-13.5,-56,NASA POWER MERRA-2 PRECTOTCORR
2006-08-03,0,corn-mato-grosso,corn,-13.5,-56,NASA POWER MERRA-2 PRECTOTCORR
2006-08-04,0,corn-mato-grosso,corn,-13.5,-56,NASA POWER MERRA-2 PRECTOTCORR
2006-08-05,0,corn-mato-grosso,corn,-13.5,-56,NASA POWER MERRA-2 PRECTOTCORR
2006-08-06,0,corn-mato-grosso,corn,-13.5,-56,NASA POWER MERRA-2 PRECTOTCORR
2006-08-07,0,corn-mato-grosso,corn,-13.5,-56,NASA POWER MERRA-2 PRECTOTCORR
2006-08-08,0.03,corn-mato-grosso,corn,-13.5,-56,NASA POWER MERRA-2 PRECTOTCORR
2006-08-09,0,corn-mato-grosso,corn,-13.5,-56,NASA POWER MERRA-2 PRECTOTCORR
2006-08-10,0,corn-mato-grosso,corn,-13.5,-56,NASA POWER MERRA-2 PRECTOTCORR
2006-08-11,0,corn-mato-grosso,corn,-13.5,-56,NASA POWER MERRA-2 PRECTOTCORR
2006-08-12,0,corn-mato-grosso,corn,-13.5,-56,NASA POWER MERRA-2 PRECTOTCORR
2006-08-13,0,corn-mato-grosso,corn,-13.5,-56,NASA POWER MERRA-2 PRECTOTCORR
2006-08-14,0,corn-mato-grosso,corn,-13.5,-56,NASA POWER MERRA-2 PRECTOTCORR
2006-08-15,0,corn-mato-grosso,corn,-13.5,-56,NASA POWER MERRA-2 PRECTOTCORR
2006-08-16,0,corn-mato-grosso,corn,-13.5,-56,NASA POWER MERRA-2 PRECTOTCORR
2006-08-17,0,corn-mato-grosso,corn,-13.5,-56,NASA POWER MERRA-2 PRECTOTCORR
2006-08-18,0,corn-mato-grosso,corn,-13.5,-56,NASA POWER MERRA-2 PRECTOTCORR
2006-08-19,0,corn-mato-grosso,corn,-13.5,-56,NASA POWER MERRA-2 PRECTOTCORR
2006-08-20,0,corn-mato-grosso,corn,-13.5,-56,NASA POWER MERRA-2 PRECTOTCORR
2006-08-21,0,corn-mato-grosso,corn,-13.5,-56,NASA POWER MERRA-2 PRECTOTCORR
2006-08-22,0,corn-mato-grosso,corn,-13.5,-56,NASA POWER MERRA-2 PRECTOTCORR
2006-08-23,0,corn-mato-grosso,corn,-13.5,-56,NASA POWER MERRA-2 PRECTOTCORR
2006-08-24,0,corn-mato-grosso,corn,-13.5,-56,NASA POWER MERRA-2 PRECTOTCORR
2006-08-25,0.01,corn-mato-grosso,corn,-13.5,-56,NASA POWER MERRA-2 PRECTOTCORR
2006-08-26,0.02,corn-mato-grosso,corn,-13.5,-56,NASA POWER MERRA-2 PRECTOTCORR
2006-08-27,0.2,corn-mato-grosso,corn,-13.5,-56,NASA POWER MERRA-2 PRECTOTCORR
2006-08-28,5.63,corn-mato-grosso,corn,-13.5,-56,NASA POWER MERRA-2 PRECTOTCORR
2006-08-29,0.01,corn-mato-grosso,corn,-13.5,-56,NASA POWER MERRA-2 PRECTOTCORR
2006-08-30,0.01,corn-mato-grosso,corn,-13.5,-56,NASA POWER MERRA-2 PRECTOTCORR
2006-08-31,0.06,corn-mato-grosso,corn,-13.5,-56,NASA POWER MERRA-2 PRECTOTCORR
2006-09-01,0.15,corn-mato-grosso,corn,-13.5,-56,NASA POWER MERRA-2 PRECTOTCORR
2006-09-02,0.04,corn-mato-grosso,corn,-13.5,-56,NASA POWER MERRA-2 PRECTOTCORR
2006-09-03,1.12,corn-mato-grosso,corn,-13.5,-56,NASA POWER MERRA-2 PRECTOTCORR
2006-09-04,0.53,corn-mato-grosso,corn,-13.5,-56,NASA POWER MERRA-2 PRECTOTCORR
2006-09-05,0,corn-mato-grosso,corn,-13.5,-56,NASA POWER MERRA-2 PRECTOTCORR
2006-09-06,0,corn-mato-grosso,corn,-13.5,-56,NASA POWER MERRA-2 PRECTOTCORR
2006-09-07,0.11,corn-mato-grosso,corn,-13.5,-56,NASA POWER MERRA-2 PRECTOTCORR
2006-09-08,0.19,corn-mato-grosso,corn,-13.5,-56,NASA POWER MERRA-2 PRECTOTCORR
2006-09-09,0.05,corn-mato-grosso,corn,-13.5,-56,NASA POWER MERRA-2 PRECTOTCORR
2006-09-10,0.05,corn-mato-grosso,corn,-13.5,-56,NASA POWER MERRA-2 PRECTOTCORR
2006-09-11,0,corn-mato-grosso,corn,-13.5,-56,NASA POWER MERRA-2 PRECTOTCORR
2006-09-12,0,corn-mato-grosso,corn,-13.5,-56,NASA POWER MERRA-2 PRECTOTCORR
2006-09-13,0,corn-mato-grosso,corn,-13.5,-56,NASA POWER MERRA-2 PRECTOTCORR
2006-09-14,0,corn-mato-grosso,corn,-13.5,-56,NASA POWER MERRA-2 PRECTOTCORR
2006-09-15,0,corn-mato-grosso,corn,-13.5,-56,NASA POWER MERRA-2 PRECTOTCORR
2006-09-16,0.01,corn-mato-grosso,corn,-13.5,-56,NASA POWER MERRA-2 PRECTOTCORR
2006-09-17,0,corn-mato-grosso,corn,-13.5,-56,NASA POWER MERRA-2 PRECTOTCORR
2006-09-18,0,corn-mato-grosso,corn,-13.5,-56,NASA POWER MERRA-2 PRECTOTCORR
2006-09-19,0,corn-mato-grosso,corn,-13.5,-56,NASA POWER MERRA-2 PRECTOTCORR
2006-09-20,7.66,corn-mato-grosso,corn,-13.5,-56,NASA POWER MERRA-2 PRECTOTCORR
2006-09-21,1.69,corn-mato-grosso,corn,-13.5,-56,NASA POWER MERRA-2 PRECTOTCORR
2006-09-22,0.13,corn-mato-grosso,corn,-13.5,-56,NASA POWER MERRA-2 PRECTOTCORR
2006-09-23,0.41,corn-mato-grosso,corn,-13.5,-56,NASA POWER MERRA-2 PRECTOTCORR
2006-09-24,6.59,corn-mato-grosso,corn,-13.5,-56,NASA POWER MERRA-2 PRECTOTCORR
2006-09-25,0.63,corn-mato-grosso,corn,-13.5,-56,NASA POWER MERRA-2 PRECTOTCORR
2006-09-26,6.49,corn-mato-grosso,corn,-13.5,-56,NASA POWER MERRA-2 PRECTOTCORR
2006-09-27,1.29,corn-mato-grosso,corn,-13.5,-56,NASA POWER MERRA-2 PRECTOTCORR
2006-09-28,17.98,corn-mato-grosso,corn,-13.5,-56,NASA POWER MERRA-2 PRECTOTCORR
2006-09-29,1.27,corn-mato-grosso,corn,-13.5,-56,NASA POWER MERRA-2 PRECTOTCORR
2006-09-30,6.01,corn-mato-grosso,corn,-13.5,-56,NASA POWER MERRA-2 PRECTOTCORR
2006-10-01,2.75,corn-mato-grosso,corn,-13.5,-56,NASA POWER MERRA-2 PRECTOTCORR
2006-10-02,2.86,corn-mato-grosso,corn,-13.5,-56,NASA POWER MERRA-2 PRECTOTCORR
2006-10-03,9.16,corn-mato-grosso,corn,-13.5,-56,NASA POWER MERRA-2 PRECTOTCORR
2006-10-04,1.15,corn-mato-grosso,corn,-13.5,-56,NASA POWER MERRA-2 PRECTOTCORR
2006-10-05,13.01,corn-mato-grosso,corn,-13.5,-56,NASA POWER MERRA-2 PRECTOTCORR
2006-10-06,1.36,corn-mato-grosso,corn,-13.5,-56,NASA POWER MERRA-2 PRECTOTCORR
2006-10-07,5.85,corn-mato-grosso,corn,-13.5,-56,NASA POWER MERRA-2 PRECTOTCORR
2006-10-08,0.91,corn-mato-grosso,corn,-13.5,-56,NASA POWER MERRA-2 PRECTOTCORR
2006-10-09,2.05,corn-mato-grosso,corn,-13.5,-56,NASA POWER MERRA-2 PRECTOTCORR
2006-10-10,17.79,corn-mato-grosso,corn,-13.5,-56,NASA POWER MERRA-2 PRECTOTCORR
2006-10-11,2.75,corn-mato-grosso,corn,-13.5,-56,NASA POWER MERRA-2 PRECTOTCORR
2006-10-12,1.27,corn-mato-grosso,corn,-13.5,-56,NASA POWER MERRA-2 PRECTOTCORR
2006-10-13,19.92,corn-mato-grosso,corn,-13.5,-56,NASA POWER MERRA-2 PRECTOTCORR
2006-10-14,0.17,corn-mato-grosso,corn,-13.5,-56,NASA POWER MERRA-2 PRECTOTCORR
2006-10-15,22.32,corn-mato-grosso,corn,-13.5,-56,NASA POWER MERRA-2 PRECTOTCORR
2006-10-16,23.25,corn-mato-grosso,corn,-13.5,-56,NASA POWER MERRA-2 PRECTOTCORR
2006-10-17,6.07,corn-mato-grosso,corn,-13.5,-56,NASA POWER MERRA-2 PRECTOTCORR
2006-10-18,10,corn-mato-grosso,corn,-13.5,-56,NASA POWER MERRA-2 PRECTOTCORR
2006-10-19,7.96,corn-mato-grosso,corn,-13.5,-56,NASA POWER MERRA-2 PRECTOTCORR
2006-10-20,3.19,corn-mato-grosso,corn,-13.5,-56,NASA POWER MERRA-2 PRECTOTCORR
2006-10-21,2.52,corn-mato-grosso,corn,-13.5,-56,NASA POWER MERRA-2 PRECTOTCORR
2006-10-22,1.35,corn-mato-grosso,corn,-13.5,-56,NASA POWER MERRA-2 PRECTOTCORR
2006-10-23,16.17,corn-mato-grosso,corn,-13.5,-56,NASA POWER MERRA-2 PRECTOTCORR
2006-10-24,2.32,corn-mato-grosso,corn,-13.5,-56,NASA POWER MERRA-2 PRECTOTCORR
2006-10-25,15.75,corn-mato-grosso,corn,-13.5,-56,NASA POWER MERRA-2 PRECTOTCORR
2006-10-26,14.22,corn-mato-grosso,corn,-13.5,-56,NASA POWER MERRA-2 PRECTOTCORR
2006-10-27,0.18,corn-mato-grosso,corn,-13.5,-56,NASA POWER MERRA-2 PRECTOTCORR
2006-10-28,1.61,corn-mato-grosso,corn,-13.5,-56,NASA POWER MERRA-2 PRECTOTCORR
2006-10-29,3.25,corn-mato-grosso,corn,-13.5,-56,NASA POWER MERRA-2 PRECTOTCORR
2006-10-30,20.26,corn-mato-grosso,corn,-13.5,-56,NASA POWER MERRA-2 PRECTOTCORR
2006-10-31,0.86,corn-mato-grosso,corn,-13.5,-56,NASA POWER MERRA-2 PRECTOTCORR
2006-11-01,9.88,corn-mato-grosso,corn,-13.5,-56,NASA POWER MERRA-2 PRECTOTCORR
2006-11-02,12.25,corn-mato-grosso,corn,-13.5,-56,NASA POWER MERRA-2 PRECTOTCORR
2006-11-03,0.62,corn-mato-grosso,corn,-13.5,-56,NASA POWER MERRA-2 PRECTOTCORR
2006-11-04,4.51,corn-mato-grosso,corn,-13.5,-56,NASA POWER MERRA-2 PRECTOTCORR
2006-11-05,0.11,corn-mato-grosso,corn,-13.5,-56,NASA POWER MERRA-2 PRECTOTCORR
2006-11-06,7.89,corn-mato-grosso,corn,-13.5,-56,NASA POWER MERRA-2 PRECTOTCORR
2006-11-07,1.97,corn-mato-grosso,corn,-13.5,-56,NASA POWER MERRA-2 PRECTOTCORR
2006-11-08,19.33,corn-mato-grosso,corn,-13.5,-56,NASA POWER MERRA-2 PRECTOTCORR
2006-11-09,3.38,corn-mato-grosso,corn,-13.5,-56,NASA POWER MERRA-2 PRECTOTCORR
2006-11-10,2.82,corn-mato-grosso,corn,-13.5,-56,NASA POWER MERRA-2 PRECTOTCORR
2006-11-11,0,corn-mato-grosso,corn,-13.5,-56,NASA POWER MERRA-2 PRECTOTCORR
2006-11-12,0,corn-mato-grosso,corn,-13.5,-56,NASA POWER MERRA-2 PRECTOTCORR
2006-11-13,0.07,corn-mato-grosso,corn,-13.5,-56,NASA POWER MERRA-2 PRECTOTCORR
2006-11-14,0.07,corn-mato-grosso,corn,-13.5,-56,NASA POWER MERRA-2 PRECTOTCORR
2006-11-15,0.01,corn-mato-grosso,corn,-13.5,-56,NASA POWER MERRA-2 PRECTOTCORR
2006-11-16,0,corn-mato-grosso,corn,-13.5,-56,NASA POWER MERRA-2 PRECTOTCORR
2006-11-17,0.37,corn-mato-grosso,corn,-13.5,-56,NASA POWER MERRA-2 PRECTOTCORR
2006-11-18,0.02,corn-mato-grosso,corn,-13.5,-56,NASA POWER MERRA-2 PRECTOTCORR
2006-11-19,0.13,corn-mato-grosso,corn,-13.5,-56,NASA POWER MERRA-2 PRECTOTCORR
2006-11-20,2.67,corn-mato-grosso,corn,-13.5,-56,NASA POWER MERRA-2 PRECTOTCORR
2006-11-21,0.03,corn-mato-grosso,corn,-13.5,-56,NASA POWER MERRA-2 PRECTOTCORR
2006-11-22,6.76,corn-mato-grosso,corn,-13.5,-56,NASA POWER MERRA-2 PRECTOTCORR
2006-11-23,2.76,corn-mato-grosso,corn,-13.5,-56,NASA POWER MERRA-2 PRECTOTCORR
2006-11-24,0.18,corn-mato-grosso,corn,-13.5,-56,NASA POWER MERRA-2 PRECTOTCORR
2006-11-25,9.86,corn-mato-grosso,corn,-13.5,-56,NASA POWER MERRA-2 PRECTOTCORR
2006-11-26,2.35,corn-mato-grosso,corn,-13.5,-56,NASA POWER MERRA-2 PRECTOTCORR
2006-11-27,1.1,corn-mato-grosso,corn,-13.5,-56,NASA POWER MERRA-2 PRECTOTCORR
2006-11-28,15.88,corn-mato-grosso,corn,-13.5,-56,NASA POWER MERRA-2 PRECTOTCORR
2006-11-29,10.87,corn-mato-grosso,corn,-13.5,-56,NASA POWER MERRA-2 PRECTOTCORR
2006-11-30,17.78,corn-mato-grosso,corn,-13.5,-56,NASA POWER MERRA-2 PRECTOTCORR
2006-12-01,3.56,corn-mato-grosso,corn,-13.5,-56,NASA POWER MERRA-2 PRECTOTCORR
2006-12-02,20.6,corn-mato-grosso,corn,-13.5,-56,NASA POWER MERRA-2 PRECTOTCORR
2006-12-03,21.87,corn-mato-grosso,corn,-13.5,-56,NASA POWER MERRA-2 PRECTOTCORR
2006-12-04,19.01,corn-mato-grosso,corn,-13.5,-56,NASA POWER MERRA-2 PRECTOTCORR
2006-12-05,14.21,corn-mato-grosso,corn,-13.5,-56,NASA POWER MERRA-2 PRECTOTCORR
2006-12-06,33.97,corn-mato-grosso,corn,-13.5,-56,NASA POWER MERRA-2 PRECTOTCORR
2006-12-07,19.86,corn-mato-grosso,corn,-13.5,-56,NASA POWER MERRA-2 PRECTOTCORR
2006-12-08,36.08,corn-mato-grosso,corn,-13.5,-56,NASA POWER MERRA-2 PRECTOTCORR
2006-12-09,3.13,corn-mato-grosso,corn,-13.5,-56,NASA POWER MERRA-2 PRECTOTCORR
2006-12-10,16.98,corn-mato-grosso,corn,-13.5,-56,NASA POWER MERRA-2 PRECTOTCORR
2006-12-11,14.3,corn-mato-grosso,corn,-13.5,-56,NASA POWER MERRA-2 PRECTOTCORR
2006-12-12,0.88,corn-mato-grosso,corn,-13.5,-56,NASA POWER MERRA-2 PRECTOTCORR
2006-12-13,22.66,corn-mato-grosso,corn,-13.5,-56,NASA POWER MERRA-2 PRECTOTCORR
2006-12-14,9.45,corn-mato-grosso,corn,-13.5,-56,NASA POWER MERRA-2 PRECTOTCORR
2006-12-15,13,corn-mato-grosso,corn,-13.5,-56,NASA POWER MERRA-2 PRECTOTCORR
2006-12-16,0.84,corn-mato-grosso,corn,-13.5,-56,NASA POWER MERRA-2 PRECTOTCORR
2006-12-17,6.42,corn-mato-grosso,corn,-13.5,-56,NASA POWER MERRA-2 PRECTOTCORR
2006-12-18,3.89,corn-mato-grosso,corn,-13.5,-56,NASA POWER MERRA-2 PRECTOTCORR
2006-12-19,1.53,corn-mato-grosso,corn,-13.5,-56,NASA POWER MERRA-2 PRECTOTCORR
2006-12-20,1.5,corn-mato-grosso,corn,-13.5,-56,NASA POWER MERRA-2 PRECTOTCORR
2006-12-21,13.24,corn-mato-grosso,corn,-13.5,-56,NASA POWER MERRA-2 PRECTOTCORR
2006-12-22,11.17,corn-mato-grosso,corn,-13.5,-56,NASA POWER MERRA-2 PRECTOTCORR
2006-12-23,6.18,corn-mato-grosso,corn,-13.5,-56,NASA POWER MERRA-2 PRECTOTCORR
2006-12-24,0.01,corn-mato-grosso,corn,-13.5,-56,NASA POWER MERRA-2 PRECTOTCORR
2006-12-25,0.51,corn-mato-grosso,corn,-13.5,-56,NASA POWER MERRA-2 PRECTOTCORR
2006-12-26,12.84,corn-mato-grosso,corn,-13.5,-56,NASA POWER MERRA-2 PRECTOTCORR
2006-12-27,2.21,corn-mato-grosso,corn,-13.5,-56,NASA POWER MERRA-2 PRECTOTCORR
2006-12-28,2.58,corn-mato-grosso,corn,-13.5,-56,NASA POWER MERRA-2 PRECTOTCORR
2006-12-29,4.22,corn-mato-grosso,corn,-13.5,-56,NASA POWER MERRA-2 PRECTOTCORR
2006-12-30,23.41,corn-mato-grosso,corn,-13.5,-56,NASA POWER MERRA-2 PRECTOTCORR
2006-12-31,15.22,corn-mato-grosso,corn,-13.5,-56,NASA POWER MERRA-2 PRECTOTCORR
2007-01-01,0.23,corn-mato-grosso,corn,-13.5,-56,NASA POWER MERRA-2 PRECTOTCORR
2007-01-02,16.23,corn-mato-grosso,corn,-13.5,-56,NASA POWER MERRA-2 PRECTOTCORR
2007-01-03,3.4,corn-mato-grosso,corn,-13.5,-56,NASA POWER MERRA-2 PRECTOTCORR
2007-01-04,4.69,corn-mato-grosso,corn,-13.5,-56,NASA POWER MERRA-2 PRECTOTCORR
2007-01-05,8.32,corn-mato-grosso,corn,-13.5,-56,NASA POWER MERRA-2 PRECTOTCORR
2007-01-06,4.33,corn-mato-grosso,corn,-13.5,-56,NASA POWER MERRA-2 PRECTOTCORR
2007-01-07,2.37,corn-mato-grosso,corn,-13.5,-56,NASA POWER MERRA-2 PRECTOTCORR
2007-01-08,18.44,corn-mato-grosso,corn,-13.5,-56,NASA POWER MERRA-2 PRECTOTCORR
2007-01-09,26.21,corn-mato-grosso,corn,-13.5,-56,NASA POWER MERRA-2 PRECTOTCORR
2007-01-10,1.35,corn-mato-grosso,corn,-13.5,-56,NASA POWER MERRA-2 PRECTOTCORR
2007-01-11,1.42,corn-mato-grosso,corn,-13.5,-56,NASA POWER MERRA-2 PRECTOTCORR
2007-01-12,0.21,corn-mato-grosso,corn,-13.5,-56,NASA POWER MERRA-2 PRECTOTCORR
2007-01-13,7,corn-mato-grosso,corn,-13.5,-56,NASA POWER MERRA-2 PRECTOTCORR
2007-01-14,6.91,corn-mato-grosso,corn,-13.5,-56,NASA POWER MERRA-2 PRECTOTCORR
2007-01-15,7.14,corn-mato-grosso,corn,-13.5,-56,NASA POWER MERRA-2 PRECTOTCORR
2007-01-16,4.35,corn-mato-grosso,corn,-13.5,-56,NASA POWER MERRA-2 PRECTOTCORR
2007-01-17,4.06,corn-mato-grosso,corn,-13.5,-56,NASA POWER MERRA-2 PRECTOTCORR
2007-01-18,1.4,corn-mato-grosso,corn,-13.5,-56,NASA POWER MERRA-2 PRECTOTCORR
2007-01-19,0.97,corn-mato-grosso,corn,-13.5,-56,NASA POWER MERRA-2 PRECTOTCORR
2007-01-20,6.12,corn-mato-grosso,corn,-13.5,-56,NASA POWER MERRA-2 PRECTOTCORR
2007-01-21,2.13,corn-mato-grosso,corn,-13.5,-56,NASA POWER MERRA-2 PRECTOTCORR
2007-01-22,1.2,corn-mato-grosso,corn,-13.5,-56,NASA POWER MERRA-2 PRECTOTCORR
2007-01-23,2.74,corn-mato-grosso,corn,-13.5,-56,NASA POWER MERRA-2 PRECTOTCORR
2007-01-24,14.16,corn-mato-grosso,corn,-13.5,-56,NASA POWER MERRA-2 PRECTOTCORR
2007-01-25,35.82,corn-mato-grosso,corn,-13.5,-56,NASA POWER MERRA-2 PRECTOTCORR
2007-01-26,6.48,corn-mato-grosso,corn,-13.5,-56,NASA POWER MERRA-2 PRECTOTCORR
2007-01-27,3.48,corn-mato-grosso,corn,-13.5,-56,NASA POWER MERRA-2 PRECTOTCORR
2007-01-28,11.1,corn-mato-grosso,corn,-13.5,-56,NASA POWER MERRA-2 PRECTOTCORR
2007-01-29,10.69,corn-mato-grosso,corn,-13.5,-56,NASA POWER MERRA-2 PRECTOTCORR
2007-01-30,20.82,corn-mato-grosso,corn,-13.5,-56,NASA POWER MERRA-2 PRECTOTCORR
2007-01-31,21.86,corn-mato-grosso,corn,-13.5,-56,NASA POWER MERRA-2 PRECTOTCORR
2007-02-01,26.55,corn-mato-grosso,corn,-13.5,-56,NASA POWER MERRA-2 PRECTOTCORR
2007-02-02,22.63,corn-mato-grosso,corn,-13.5,-56,NASA POWER MERRA-2 PRECTOTCORR
2007-02-03,11.72,corn-mato-grosso,corn,-13.5,-56,NASA POWER MERRA-2 PRECTOTCORR
2007-02-04,22.69,corn-mato-grosso,corn,-13.5,-56,NASA POWER MERRA-2 PRECTOTCORR
2007-02-05,4.89,corn-mato-grosso,corn,-13.5,-56,NASA POWER MERRA-2 PRECTOTCORR
2007-02-06,10.28,corn-mato-grosso,corn,-13.5,-56,NASA POWER MERRA-2 PRECTOTCORR
2007-02-07,27.54,corn-mato-grosso,corn,-13.5,-56,NASA POWER MERRA-2 PRECTOTCORR
2007-02-08,17.21,corn-mato-grosso,corn,-13.5,-56,NASA POWER MERRA-2 PRECTOTCORR
2007-02-09,18.04,corn-mato-grosso,corn,-13.5,-56,NASA POWER MERRA-2 PRECTOTCORR
2007-02-10,2.64,corn-mato-grosso,corn,-13.5,-56,NASA POWER MERRA-2 PRECTOTCORR
2007-02-11,7.14,corn-mato-grosso,corn,-13.5,-56,NASA POWER MERRA-2 PRECTOTCORR
2007-02-12,1.93,corn-mato-grosso,corn,-13.5,-56,NASA POWER MERRA-2 PRECTOTCORR
2007-02-13,15.04,corn-mato-grosso,corn,-13.5,-56,NASA POWER MERRA-2 PRECTOTCORR
2007-02-14,7.67,corn-mato-grosso,corn,-13.5,-56,NASA POWER MERRA-2 PRECTOTCORR
2007-02-15,8.16,corn-mato-grosso,corn,-13.5,-56,NASA POWER MERRA-2 PRECTOTCORR
2007-02-16,2.55,corn-mato-grosso,corn,-13.5,-56,NASA POWER MERRA-2 PRECTOTCORR
2007-02-17,23.9,corn-mato-grosso,corn,-13.5,-56,NASA POWER MERRA-2 PRECTOTCORR
2007-02-18,32.35,corn-mato-grosso,corn,-13.5,-56,NASA POWER MERRA-2 PRECTOTCORR
2007-02-19,2.03,corn-mato-grosso,corn,-13.5,-56,NASA POWER MERRA-2 PRECTOTCORR
2007-02-20,3.17,corn-mato-grosso,corn,-13.5,-56,NASA POWER MERRA-2 PRECTOTCORR
2007-02-21,21.79,corn-mato-grosso,corn,-13.5,-56,NASA POWER MERRA-2 PRECTOTCORR
2007-02-22,18.59,corn-mato-grosso,corn,-13.5,-56,NASA POWER MERRA-2 PRECTOTCORR
2007-02-23,0.38,corn-mato-grosso,corn,-13.5,-56,NASA POWER MERRA-2 PRECTOTCORR
2007-02-24,0.07,corn-mato-grosso,corn,-13.5,-56,NASA POWER MERRA-2 PRECTOTCORR
2007-02-25,2.26,corn-mato-grosso,corn,-13.5,-56,NASA POWER MERRA-2 PRECTOTCORR
2007-02-26,4.41,corn-mato-grosso,corn,-13.5,-56,NASA POWER MERRA-2 PRECTOTCORR
2007-02-27,12.76,corn-mato-grosso,corn,-13.5,-56,NASA POWER MERRA-2 PRECTOTCORR
2007-02-28,11.16,corn-mato-grosso,corn,-13.5,-56,NASA POWER MERRA-2 PRECTOTCORR
2007-03-01,1.57,corn-mato-grosso,corn,-13.5,-56,NASA POWER MERRA-2 PRECTOTCORR
2007-03-02,20.35,corn-mato-grosso,corn,-13.5,-56,NASA POWER MERRA-2 PRECTOTCORR
2007-03-03,2.37,corn-mato-grosso,corn,-13.5,-56,NASA POWER MERRA-2 PRECTOTCORR
2007-03-04,2.78,corn-mato-grosso,corn,-13.5,-56,NASA POWER MERRA-2 PRECTOTCORR
2007-03-05,0.29,corn-mato-grosso,corn,-13.5,-56,NASA POWER MERRA-2 PRECTOTCORR
2007-03-06,0.97,corn-mato-grosso,corn,-13.5,-56,NASA POWER MERRA-2 PRECTOTCORR
2007-03-07,0.11,corn-mato-grosso,corn,-13.5,-56,NASA POWER MERRA-2 PRECTOTCORR
2007-03-08,0.07,corn-mato-grosso,corn,-13.5,-56,NASA POWER MERRA-2 PRECTOTCORR
2007-03-09,0.12,corn-mato-grosso,corn,-13.5,-56,NASA POWER MERRA-2 PRECTOTCORR
2007-03-10,0.18,corn-mato-grosso,corn,-13.5,-56,NASA POWER MERRA-2 PRECTOTCORR
2007-03-11,7.19,corn-mato-grosso,corn,-13.5,-56,NASA POWER MERRA-2 PRECTOTCORR
2007-03-12,4.66,corn-mato-grosso,corn,-13.5,-56,NASA POWER MERRA-2 PRECTOTCORR
2007-03-13,1.93,corn-mato-grosso,corn,-13.5,-56,NASA POWER MERRA-2 PRECTOTCORR
2007-03-14,6.69,corn-mato-grosso,corn,-13.5,-56,NASA POWER MERRA-2 PRECTOTCORR
2007-03-15,4.67,corn-mato-grosso,corn,-13.5,-56,NASA POWER MERRA-2 PRECTOTCORR
2007-03-16,1.68,corn-mato-grosso,corn,-13.5,-56,NASA POWER MERRA-2 PRECTOTCORR
2007-03-17,2.57,corn-mato-grosso,corn,-13.5,-56,NASA POWER MERRA-2 PRECTOTCORR
2007-03-18,10.02,corn-mato-grosso,corn,-13.5,-56,NASA POWER MERRA-2 PRECTOTCORR
2007-03-19,21.69,corn-mato-grosso,corn,-13.5,-56,NASA POWER MERRA-2 PRECTOTCORR
2007-03-20,20.42,corn-mato-grosso,corn,-13.5,-56,NASA POWER MERRA-2 PRECTOTCORR
2007-03-21,20.73,corn-mato-grosso,corn,-13.5,-56,NASA POWER MERRA-2 PRECTOTCORR
2007-03-22,1.27,corn-mato-grosso,corn,-13.5,-56,NASA POWER MERRA-2 PRECTOTCORR
2007-03-23,0.21,corn-mato-grosso,corn,-13.5,-56,NASA POWER MERRA-2 PRECTOTCORR
2007-03-24,2.5,corn-mato-grosso,corn,-13.5,-56,NASA POWER MERRA-2 PRECTOTCORR
2007-03-25,0,corn-mato-grosso,corn,-13.5,-56,NASA POWER MERRA-2 PRECTOTCORR
2007-03-26,0.29,corn-mato-grosso,corn,-13.5,-56,NASA POWER MERRA-2 PRECTOTCORR
2007-03-27,0.04,corn-mato-grosso,corn,-13.5,-56,NASA POWER MERRA-2 PRECTOTCORR
2007-03-28,0,corn-mato-grosso,corn,-13.5,-56,NASA POWER MERRA-2 PRECTOTCORR
2007-03-29,0,corn-mato-grosso,corn,-13.5,-56,NASA POWER MERRA-2 PRECTOTCORR
2007-03-30,0.07,corn-mato-grosso,corn,-13.5,-56,NASA POWER MERRA-2 PRECTOTCORR
2007-03-31,1.89,corn-mato-grosso,corn,-13.5,-56,NASA POWER MERRA-2 PRECTOTCORR
2007-04-01,1.11,corn-mato-grosso,corn,-13.5,-56,NASA POWER MERRA-2 PRECTOTCORR
2007-04-02,0,corn-mato-grosso,corn,-13.5,-56,NASA POWER MERRA-2 PRECTOTCORR
2007-04-03,0.53,corn-mato-grosso,corn,-13.5,-56,NASA POWER MERRA-2 PRECTOTCORR
2007-04-04,15.61,corn-mato-grosso,corn,-13.5,-56,NASA POWER MERRA-2 PRECTOTCORR
2007-04-05,6.74,corn-mato-grosso,corn,-13.5,-56,NASA POWER MERRA-2 PRECTOTCORR
2007-04-06,0.08,corn-mato-grosso,corn,-13.5,-56,NASA POWER MERRA-2 PRECTOTCORR
2007-04-07,0.33,corn-mato-grosso,corn,-13.5,-56,NASA POWER MERRA-2 PRECTOTCORR
2007-04-08,0.64,corn-mato-grosso,corn,-13.5,-56,NASA POWER MERRA-2 PRECTOTCORR
2007-04-09,7.33,corn-mato-grosso,corn,-13.5,-56,NASA POWER MERRA-2 PRECTOTCORR
2007-04-10,6.34,corn-mato-grosso,corn,-13.5,-56,NASA POWER MERRA-2 PRECTOTCORR
2007-04-11,1.33,corn-mato-grosso,corn,-13.5,-56,NASA POWER MERRA-2 PRECTOTCORR
2007-04-12,3.97,corn-mato-grosso,corn,-13.5,-56,NASA POWER MERRA-2 PRECTOTCORR
2007-04-13,0.09,corn-mato-grosso,corn,-13.5,-56,NASA POWER MERRA-2 PRECTOTCORR
2007-04-14,0,corn-mato-grosso,corn,-13.5,-56,NASA POWER MERRA-2 PRECTOTCORR
2007-04-15,4.95,corn-mato-grosso,corn,-13.5,-56,NASA POWER MERRA-2 PRECTOTCORR
2007-04-16,2.06,corn-mato-grosso,corn,-13.5,-56,NASA POWER MERRA-2 PRECTOTCORR
2007-04-17,0.03,corn-mato-grosso,corn,-13.5,-56,NASA POWER MERRA-2 PRECTOTCORR
2007-04-18,1.87,corn-mato-grosso,corn,-13.5,-56,NASA POWER MERRA-2 PRECTOTCORR
2007-04-19,0.04,corn-mato-grosso,corn,-13.5,-56,NASA POWER MERRA-2 PRECTOTCORR
2007-04-20,0.77,corn-mato-grosso,corn,-13.5,-56,NASA POWER MERRA-2 PRECTOTCORR
2007-04-21,0.29,corn-mato-grosso,corn,-13.5,-56,NASA POWER MERRA-2 PRECTOTCORR
2007-04-22,1.18,corn-mato-grosso,corn,-13.5,-56,NASA POWER MERRA-2 PRECTOTCORR
2007-04-23,0.08,corn-mato-grosso,corn,-13.5,-56,NASA POWER MERRA-2 PRECTOTCORR
2007-04-24,0,corn-mato-grosso,corn,-13.5,-56,NASA POWER MERRA-2 PRECTOTCORR
2007-04-25,0.23,corn-mato-grosso,corn,-13.5,-56,NASA POWER MERRA-2 PRECTOTCORR
2007-04-26,1.68,corn-mato-grosso,corn,-13.5,-56,NASA POWER MERRA-2 PRECTOTCORR
2007-04-27,1.26,corn-mato-grosso,corn,-13.5,-56,NASA POWER MERRA-2 PRECTOTCORR
2007-04-28,0.7,corn-mato-grosso,corn,-13.5,-56,NASA POWER MERRA-2 PRECTOTCORR
2007-04-29,4.59,corn-mato-grosso,corn,-13.5,-56,NASA POWER MERRA-2 PRECTOTCORR
2007-04-30,3.23,corn-mato-grosso,corn,-13.5,-56,NASA POWER MERRA-2 PRECTOTCORR
2007-05-01,0.02,corn-mato-grosso,corn,-13.5,-56,NASA POWER MERRA-2 PRECTOTCORR
2007-05-02,2.57,corn-mato-grosso,corn,-13.5,-56,NASA POWER MERRA-2 PRECTOTCORR
2007-05-03,0.01,corn-mato-grosso,corn,-13.5,-56,NASA POWER MERRA-2 PRECTOTCORR
2007-05-04,0.37,corn-mato-grosso,corn,-13.5,-56,NASA POWER MERRA-2 PRECTOTCORR
2007-05-05,0.48,corn-mato-grosso,corn,-13.5,-56,NASA POWER MERRA-2 PRECTOTCORR
2007-05-06,0,corn-mato-grosso,corn,-13.5,-56,NASA POWER MERRA-2 PRECTOTCORR
2007-05-07,0,corn-mato-grosso,corn,-13.5,-56,NASA POWER MERRA-2 PRECTOTCORR
2007-05-08,1.72,corn-mato-grosso,corn,-13.5,-56,NASA POWER MERRA-2 PRECTOTCORR
2007-05-09,0.29,corn-mato-grosso,corn,-13.5,-56,NASA POWER MERRA-2 PRECTOTCORR
2007-05-10,0,corn-mato-grosso,corn,-13.5,-56,NASA POWER MERRA-2 PRECTOTCORR
2007-05-11,0,corn-mato-grosso,corn,-13.5,-56,NASA POWER MERRA-2 PRECTOTCORR
2007-05-12,0.97,corn-mato-grosso,corn,-13.5,-56,NASA POWER MERRA-2 PRECTOTCORR
2007-05-13,1.02,corn-mato-grosso,corn,-13.5,-56,NASA POWER MERRA-2 PRECTOTCORR
2007-05-14,6.24,corn-mato-grosso,corn,-13.5,-56,NASA POWER MERRA-2 PRECTOTCORR
2007-05-15,0,corn-mato-grosso,corn,-13.5,-56,NASA POWER MERRA-2 PRECTOTCORR
2007-05-16,0,corn-mato-grosso,corn,-13.5,-56,NASA POWER MERRA-2 PRECTOTCORR
2007-05-17,0,corn-mato-grosso,corn,-13.5,-56,NASA POWER MERRA-2 PRECTOTCORR
2007-05-18,2.66,corn-mato-grosso,corn,-13.5,-56,NASA POWER MERRA-2 PRECTOTCORR
2007-05-19,0.01,corn-mato-grosso,corn,-13.5,-56,NASA POWER MERRA-2 PRECTOTCORR
2007-05-20,0,corn-mato-grosso,corn,-13.5,-56,NASA POWER MERRA-2 PRECTOTCORR
2007-05-21,0,corn-mato-grosso,corn,-13.5,-56,NASA POWER MERRA-2 PRECTOTCORR
2007-05-22,3.72,corn-mato-grosso,corn,-13.5,-56,NASA POWER MERRA-2 PRECTOTCORR
2007-05-23,5.13,corn-mato-grosso,corn,-13.5,-56,NASA POWER MERRA-2 PRECTOTCORR
2007-05-24,0.14,corn-mato-grosso,corn,-13.5,-56,NASA POWER MERRA-2 PRECTOTCORR
2007-05-25,0,corn-mato-grosso,corn,-13.5,-56,NASA POWER MERRA-2 PRECTOTCORR
2007-05-26,0,corn-mato-grosso,corn,-13.5,-56,NASA POWER MERRA-2 PRECTOTCORR
2007-05-27,0,corn-mato-grosso,corn,-13.5,-56,NASA POWER MERRA-2 PRECTOTCORR
2007-05-28,0,corn-mato-grosso,corn,-13.5,-56,NASA POWER MERRA-2 PRECTOTCORR
2007-05-29,0,corn-mato-grosso,corn,-13.5,-56,NASA POWER MERRA-2 PRECTOTCORR
2007-05-30,0,corn-mato-grosso,corn,-13.5,-56,NASA POWER MERRA-2 PRECTOTCORR
2007-05-31,0,corn-mato-grosso,corn,-13.5,-56,NASA POWER MERRA-2 PRECTOTCORR
2007-06-01,0.2,corn-mato-grosso,corn,-13.5,-56,NASA POWER MERRA-2 PRECTOTCORR
2007-06-02,9.34,corn-mato-grosso,corn,-13.5,-56,NASA POWER MERRA-2 PRECTOTCORR
2007-06-03,0.03,corn-mato-grosso,corn,-13.5,-56,NASA POWER MERRA-2 PRECTOTCORR
2007-06-04,0,corn-mato-grosso,corn,-13.5,-56,NASA POWER MERRA-2 PRECTOTCORR
2007-06-05,0,corn-mato-grosso,corn,-13.5,-56,NASA POWER MERRA-2 PRECTOTCORR
2007-06-06,0,corn-mato-grosso,corn,-13.5,-56,NASA POWER MERRA-2 PRECTOTCORR
2007-06-07,11.33,corn-mato-grosso,corn,-13.5,-56,NASA POWER MERRA-2 PRECTOTCORR
2007-06-08,0,corn-mato-grosso,corn,-13.5,-56,NASA POWER MERRA-2 PRECTOTCORR
2007-06-09,0,corn-mato-grosso,corn,-13.5,-56,NASA POWER MERRA-2 PRECTOTCORR
2007-06-10,0,corn-mato-grosso,corn,-13.5,-56,NASA POWER MERRA-2 PRECTOTCORR
2007-06-11,0,corn-mato-grosso,corn,-13.5,-56,NASA POWER MERRA-2 PRECTOTCORR
2007-06-12,0,corn-mato-grosso,corn,-13.5,-56,NASA POWER MERRA-2 PRECTOTCORR
2007-06-13,0,corn-mato-grosso,corn,-13.5,-56,NASA POWER MERRA-2 PRECTOTCORR
2007-06-14,0,corn-mato-grosso,corn,-13.5,-56,NASA POWER MERRA-2 PRECTOTCORR
2007-06-15,0,corn-mato-grosso,corn,-13.5,-56,NASA POWER MERRA-2 PRECTOTCORR
2007-06-16,0,corn-mato-grosso,corn,-13.5,-56,NASA POWER MERRA-2 PRECTOTCORR
2007-06-17,0.02,corn-mato-grosso,corn,-13.5,-56,NASA POWER MERRA-2 PRECTOTCORR
2007-06-18,0,corn-mato-grosso,corn,-13.5,-56,NASA POWER MERRA-2 PRECTOTCORR
2007-06-19,0.33,corn-mato-grosso,corn,-13.5,-56,NASA POWER MERRA-2 PRECTOTCORR
2007-06-20,0.51,corn-mato-grosso,corn,-13.5,-56,NASA POWER MERRA-2 PRECTOTCORR
2007-06-21,0,corn-mato-grosso,corn,-13.5,-56,NASA POWER MERRA-2 PRECTOTCORR
2007-06-22,0,corn-mato-grosso,corn,-13.5,-56,NASA POWER MERRA-2 PRECTOTCORR
2007-06-23,0.16,corn-mato-grosso,corn,-13.5,-56,NASA POWER MERRA-2 PRECTOTCORR
2007-06-24,0,corn-mato-grosso,corn,-13.5,-56,NASA POWER MERRA-2 PRECTOTCORR
2007-06-25,0,corn-mato-grosso,corn,-13.5,-56,NASA POWER MERRA-2 PRECTOTCORR
2007-06-26,0,corn-mato-grosso,corn,-13.5,-56,NASA POWER MERRA-2 PRECTOTCORR
2007-06-27,0,corn-mato-grosso,corn,-13.5,-56,NASA POWER MERRA-2 PRECTOTCORR
2007-06-28,0,corn-mato-grosso,corn,-13.5,-56,NASA POWER MERRA-2 PRECTOTCORR
2007-06-29,0,corn-mato-grosso,corn,-13.5,-56,NASA POWER MERRA-2 PRECTOTCORR
2007-06-30,0,corn-mato-grosso,corn,-13.5,-56,NASA POWER MERRA-2 PRECTOTCORR
2007-07-01,0,corn-mato-grosso,corn,-13.5,-56,NASA POWER MERRA-2 PRECTOTCORR
2007-07-02,0,corn-mato-grosso,corn,-13.5,-56,NASA POWER MERRA-2 PRECTOTCORR
2007-07-03,0,corn-mato-grosso,corn,-13.5,-56,NASA POWER MERRA-2 PRECTOTCORR
2007-07-04,0,corn-mato-grosso,corn,-13.5,-56,NASA POWER MERRA-2 PRECTOTCORR
2007-07-05,0,corn-mato-grosso,corn,-13.5,-56,NASA POWER MERRA-2 PRECTOTCORR
2007-07-06,0,corn-mato-grosso,corn,-13.5,-56,NASA POWER MERRA-2 PRECTOTCORR
2007-07-07,0,corn-mato-grosso,corn,-13.5,-56,NASA POWER MERRA-2 PRECTOTCORR
2007-07-08,0,corn-mato-grosso,corn,-13.5,-56,NASA POWER MERRA-2 PRECTOTCORR
2007-07-09,0,corn-mato-grosso,corn,-13.5,-56,NASA POWER MERRA-2 PRECTOTCORR
2007-07-10,0,corn-mato-grosso,corn,-13.5,-56,NASA POWER MERRA-2 PRECTOTCORR
2007-07-11,0,corn-mato-grosso,corn,-13.5,-56,NASA POWER MERRA-2 PRECTOTCORR
2007-07-12,0,corn-mato-grosso,corn,-13.5,-56,NASA POWER MERRA-2 PRECTOTCORR
2007-07-13,0,corn-mato-grosso,corn,-13.5,-56,NASA POWER MERRA-2 PRECTOTCORR
2007-07-14,0,corn-mato-grosso,corn,-13.5,-56,NASA POWER MERRA-2 PRECTOTCORR
2007-07-15,0,corn-mato-grosso,corn,-13.5,-56,NASA POWER MERRA-2 PRECTOTCORR
2007-07-16,0,corn-mato-grosso,corn,-13.5,-56,NASA POWER MERRA-2 PRECTOTCORR
2007-07-17,0,corn-mato-grosso,corn,-13.5,-56,NASA POWER MERRA-2 PRECTOTCORR
2007-07-18,3.97,corn-mato-grosso,corn,-13.5,-56,NASA POWER MERRA-2 PRECTOTCORR
2007-07-19,0,corn-mato-grosso,corn,-13.5,-56,NASA POWER MERRA-2 PRECTOTCORR
2007-07-20,0,corn-mato-grosso,corn,-13.5,-56,NASA POWER MERRA-2 PRECTOTCORR
2007-07-21,0,corn-mato-grosso,corn,-13.5,-56,NASA POWER MERRA-2 PRECTOTCORR
2007-07-22,0,corn-mato-grosso,corn,-13.5,-56,NASA POWER MERRA-2 PRECTOTCORR
2007-07-23,16.62,corn-mato-grosso,corn,-13.5,-56,NASA POWER MERRA-2 PRECTOTCORR
2007-07-24,0.05,corn-mato-grosso,corn,-13.5,-56,NASA POWER MERRA-2 PRECTOTCORR
2007-07-25,17.93,corn-mato-grosso,corn,-13.5,-56,NASA POWER MERRA-2 PRECTOTCORR
2007-07-26,0.12,corn-mato-grosso,corn,-13.5,-56,NASA POWER MERRA-2 PRECTOTCORR
2007-07-27,0,corn-mato-grosso,corn,-13.5,-56,NASA POWER MERRA-2 PRECTOTCORR
2007-07-28,0,corn-mato-grosso,corn,-13.5,-56,NASA POWER MERRA-2 PRECTOTCORR
2007-07-29,0,corn-mato-grosso,corn,-13.5,-56,NASA POWER MERRA-2 PRECTOTCORR
2007-07-30,0,corn-mato-grosso,corn,-13.5,-56,NASA POWER MERRA-2 PRECTOTCORR
2007-07-31,0,corn-mato-grosso,corn,-13.5,-56,NASA POWER MERRA-2 PRECTOTCORR
2007-08-01,0,corn-mato-grosso,corn,-13.5,-56,NASA POWER MERRA-2 PRECTOTCORR
2007-08-02,0,corn-mato-grosso,corn,-13.5,-56,NASA POWER MERRA-2 PRECTOTCORR
2007-08-03,0,corn-mato-grosso,corn,-13.5,-56,NASA POWER MERRA-2 PRECTOTCORR
2007-08-04,0,corn-mato-grosso,corn,-13.5,-56,NASA POWER MERRA-2 PRECTOTCORR
2007-08-05,0,corn-mato-grosso,corn,-13.5,-56,NASA POWER MERRA-2 PRECTOTCORR
2007-08-06,0,corn-mato-grosso,corn,-13.5,-56,NASA POWER MERRA-2 PRECTOTCORR
2007-08-07,0,corn-mato-grosso,corn,-13.5,-56,NASA POWER MERRA-2 PRECTOTCORR
2007-08-08,0,corn-mato-grosso,corn,-13.5,-56,NASA POWER MERRA-2 PRECTOTCORR
2007-08-09,0,corn-mato-grosso,corn,-13.5,-56,NASA POWER MERRA-2 PRECTOTCORR
2007-08-10,0,corn-mato-grosso,corn,-13.5,-56,NASA POWER MERRA-2 PRECTOTCORR
2007-08-11,0,corn-mato-grosso,corn,-13.5,-56,NASA POWER MERRA-2 PRECTOTCORR
2007-08-12,0,corn-mato-grosso,corn,-13.5,-56,NASA POWER MERRA-2 PRECTOTCORR
2007-08-13,0,corn-mato-grosso,corn,-13.5,-56,NASA POWER MERRA-2 PRECTOTCORR
2007-08-14,0,corn-mato-grosso,corn,-13.5,-56,NASA POWER MERRA-2 PRECTOTCORR
2007-08-15,0,corn-mato-grosso,corn,-13.5,-56,NASA POWER MERRA-2 PRECTOTCORR
2007-08-16,0,corn-mato-grosso,corn,-13.5,-56,NASA POWER MERRA-2 PRECTOTCORR
2007-08-17,0,corn-mato-grosso,corn,-13.5,-56,NASA POWER MERRA-2 PRECTOTCORR
2007-08-18,0,corn-mato-grosso,corn,-13.5,-56,NASA POWER MERRA-2 PRECTOTCORR
2007-08-19,0,corn-mato-grosso,corn,-13.5,-56,NASA POWER MERRA-2 PRECTOTCORR
2007-08-20,0,corn-mato-grosso,corn,-13.5,-56,NASA POWER MERRA-2 PRECTOTCORR
2007-08-21,0,corn-mato-grosso,corn,-13.5,-56,NASA POWER MERRA-2 PRECTOTCORR
2007-08-22,0,corn-mato-grosso,corn,-13.5,-56,NASA POWER MERRA-2 PRECTOTCORR
2007-08-23,0,corn-mato-grosso,corn,-13.5,-56,NASA POWER MERRA-2 PRECTOTCORR
2007-08-24,0,corn-mato-grosso,corn,-13.5,-56,NASA POWER MERRA-2 PRECTOTCORR
2007-08-25,0,corn-mato-grosso,corn,-13.5,-56,NASA POWER MERRA-2 PRECTOTCORR
2007-08-26,0,corn-mato-grosso,corn,-13.5,-56,NASA POWER MERRA-2 PRECTOTCORR
2007-08-27,0.19,corn-mato-grosso,corn,-13.5,-56,NASA POWER MERRA-2 PRECTOTCORR
2007-08-28,0.14,corn-mato-grosso,corn,-13.5,-56,NASA POWER MERRA-2 PRECTOTCORR
2007-08-29,0,corn-mato-grosso,corn,-13.5,-56,NASA POWER MERRA-2 PRECTOTCORR
2007-08-30,0,corn-mato-grosso,corn,-13.5,-56,NASA POWER MERRA-2 PRECTOTCORR
2007-08-31,0.05,corn-mato-grosso,corn,-13.5,-56,NASA POWER MERRA-2 PRECTOTCORR
2007-09-01,0,corn-mato-grosso,corn,-13.5,-56,NASA POWER MERRA-2 PRECTOTCORR
2007-09-02,0,corn-mato-grosso,corn,-13.5,-56,NASA POWER MERRA-2 PRECTOTCORR
2007-09-03,0,corn-mato-grosso,corn,-13.5,-56,NASA POWER MERRA-2 PRECTOTCORR
2007-09-04,0,corn-mato-grosso,corn,-13.5,-56,NASA POWER MERRA-2 PRECTOTCORR
2007-09-05,0,corn-mato-grosso,corn,-13.5,-56,NASA POWER MERRA-2 PRECTOTCORR
2007-09-06,0,corn-mato-grosso,corn,-13.5,-56,NASA POWER MERRA-2 PRECTOTCORR
2007-09-07,0,corn-mato-grosso,corn,-13.5,-56,NASA POWER MERRA-2 PRECTOTCORR
2007-09-08,0,corn-mato-grosso,corn,-13.5,-56,NASA POWER MERRA-2 PRECTOTCORR
2007-09-09,0,corn-mato-grosso,corn,-13.5,-56,NASA POWER MERRA-2 PRECTOTCORR
2007-09-10,0,corn-mato-grosso,corn,-13.5,-56,NASA POWER MERRA-2 PRECTOTCORR
2007-09-11,0,corn-mato-grosso,corn,-13.5,-56,NASA POWER MERRA-2 PRECTOTCORR
2007-09-12,0,corn-mato-grosso,corn,-13.5,-56,NASA POWER MERRA-2 PRECTOTCORR
2007-09-13,0,corn-mato-grosso,corn,-13.5,-56,NASA POWER MERRA-2 PRECTOTCORR
2007-09-14,0,corn-mato-grosso,corn,-13.5,-56,NASA POWER MERRA-2 PRECTOTCORR
2007-09-15,0,corn-mato-grosso,corn,-13.5,-56,NASA POWER MERRA-2 PRECTOTCORR
2007-09-16,1.26,corn-mato-grosso,corn,-13.5,-56,NASA POWER MERRA-2 PRECTOTCORR
2007-09-17,0.28,corn-mato-grosso,corn,-13.5,-56,NASA POWER MERRA-2 PRECTOTCORR
2007-09-18,0,corn-mato-grosso,corn,-13.5,-56,NASA POWER MERRA-2 PRECTOTCORR
2007-09-19,5.17,corn-mato-grosso,corn,-13.5,-56,NASA POWER MERRA-2 PRECTOTCORR
2007-09-20,0.36,corn-mato-grosso,corn,-13.5,-56,NASA POWER MERRA-2 PRECTOTCORR
2007-09-21,0,corn-mato-grosso,corn,-13.5,-56,NASA POWER MERRA-2 PRECTOTCORR
2007-09-22,0,corn-mato-grosso,corn,-13.5,-56,NASA POWER MERRA-2 PRECTOTCORR
2007-09-23,0,corn-mato-grosso,corn,-13.5,-56,NASA POWER MERRA-2 PRECTOTCORR
2007-09-24,0,corn-mato-grosso,corn,-13.5,-56,NASA POWER MERRA-2 PRECTOTCORR
2007-09-25,0,corn-mato-grosso,corn,-13.5,-56,NASA POWER MERRA-2 PRECTOTCORR
2007-09-26,0,corn-mato-grosso,corn,-13.5,-56,NASA POWER MERRA-2 PRECTOTCORR
2007-09-27,0,corn-mato-grosso,corn,-13.5,-56,NASA POWER MERRA-2 PRECTOTCORR
2007-09-28,0,corn-mato-grosso,corn,-13.5,-56,NASA POWER MERRA-2 PRECTOTCORR
2007-09-29,0,corn-mato-grosso,corn,-13.5,-56,NASA POWER MERRA-2 PRECTOTCORR
2007-09-30,0,corn-mato-grosso,corn,-13.5,-56,NASA POWER MERRA-2 PRECTOTCORR
2007-10-01,0,corn-mato-grosso,corn,-13.5,-56,NASA POWER MERRA-2 PRECTOTCORR
2007-10-02,0.02,corn-mato-grosso,corn,-13.5,-56,NASA POWER MERRA-2 PRECTOTCORR
2007-10-03,5.17,corn-mato-grosso,corn,-13.5,-56,NASA POWER MERRA-2 PRECTOTCORR
2007-10-04,0.33,corn-mato-grosso,corn,-13.5,-56,NASA POWER MERRA-2 PRECTOTCORR
2007-10-05,0.49,corn-mato-grosso,corn,-13.5,-56,NASA POWER MERRA-2 PRECTOTCORR
2007-10-06,7.57,corn-mato-grosso,corn,-13.5,-56,NASA POWER MERRA-2 PRECTOTCORR
2007-10-07,2.66,corn-mato-grosso,corn,-13.5,-56,NASA POWER MERRA-2 PRECTOTCORR
2007-10-08,0.01,corn-mato-grosso,corn,-13.5,-56,NASA POWER MERRA-2 PRECTOTCORR
2007-10-09,1.29,corn-mato-grosso,corn,-13.5,-56,NASA POWER MERRA-2 PRECTOTCORR
2007-10-10,0.55,corn-mato-grosso,corn,-13.5,-56,NASA POWER MERRA-2 PRECTOTCORR
2007-10-11,0.55,corn-mato-grosso,corn,-13.5,-56,NASA POWER MERRA-2 PRECTOTCORR
2007-10-12,1.92,corn-mato-grosso,corn,-13.5,-56,NASA POWER MERRA-2 PRECTOTCORR
2007-10-13,10.71,corn-mato-grosso,corn,-13.5,-56,NASA POWER MERRA-2 PRECTOTCORR
2007-10-14,19.94,corn-mato-grosso,corn,-13.5,-56,NASA POWER MERRA-2 PRECTOTCORR
2007-10-15,0.11,corn-mato-grosso,corn,-13.5,-56,NASA POWER MERRA-2 PRECTOTCORR
2007-10-16,18.95,corn-mato-grosso,corn,-13.5,-56,NASA POWER MERRA-2 PRECTOTCORR
2007-10-17,23.38,corn-mato-grosso,corn,-13.5,-56,NASA POWER MERRA-2 PRECTOTCORR
2007-10-18,0.1,corn-mato-grosso,corn,-13.5,-56,NASA POWER MERRA-2 PRECTOTCORR
2007-10-19,0,corn-mato-grosso,corn,-13.5,-56,NASA POWER MERRA-2 PRECTOTCORR
2007-10-20,15.65,corn-mato-grosso,corn,-13.5,-56,NASA POWER MERRA-2 PRECTOTCORR
2007-10-21,0.09,corn-mato-grosso,corn,-13.5,-56,NASA POWER MERRA-2 PRECTOTCORR
2007-10-22,8.44,corn-mato-grosso,corn,-13.5,-56,NASA POWER MERRA-2 PRECTOTCORR
2007-10-23,15.78,corn-mato-grosso,corn,-13.5,-56,NASA POWER MERRA-2 PRECTOTCORR
2007-10-24,7.2,corn-mato-grosso,corn,-13.5,-56,NASA POWER MERRA-2 PRECTOTCORR
2007-10-25,24.35,corn-mato-grosso,corn,-13.5,-56,NASA POWER MERRA-2 PRECTOTCORR
2007-10-26,0.03,corn-mato-grosso,corn,-13.5,-56,NASA POWER MERRA-2 PRECTOTCORR
2007-10-27,30.69,corn-mato-grosso,corn,-13.5,-56,NASA POWER MERRA-2 PRECTOTCORR
2007-10-28,0.39,corn-mato-grosso,corn,-13.5,-56,NASA POWER MERRA-2 PRECTOTCORR
2007-10-29,0,corn-mato-grosso,corn,-13.5,-56,NASA POWER MERRA-2 PRECTOTCORR
2007-10-30,16.37,corn-mato-grosso,corn,-13.5,-56,NASA POWER MERRA-2 PRECTOTCORR
2007-10-31,0.13,corn-mato-grosso,corn,-13.5,-56,NASA POWER MERRA-2 PRECTOTCORR
2007-11-01,0,corn-mato-grosso,corn,-13.5,-56,NASA POWER MERRA-2 PRECTOTCORR
2007-11-02,1.43,corn-mato-grosso,corn,-13.5,-56,NASA POWER MERRA-2 PRECTOTCORR
2007-11-03,0.43,corn-mato-grosso,corn,-13.5,-56,NASA POWER MERRA-2 PRECTOTCORR
2007-11-04,10.57,corn-mato-grosso,corn,-13.5,-56,NASA POWER MERRA-2 PRECTOTCORR
2007-11-05,27.95,corn-mato-grosso,corn,-13.5,-56,NASA POWER MERRA-2 PRECTOTCORR
2007-11-06,57.52,corn-mato-grosso,corn,-13.5,-56,NASA POWER MERRA-2 PRECTOTCORR
2007-11-07,16.73,corn-mato-grosso,corn,-13.5,-56,NASA POWER MERRA-2 PRECTOTCORR
2007-11-08,17.65,corn-mato-grosso,corn,-13.5,-56,NASA POWER MERRA-2 PRECTOTCORR
2007-11-09,0.58,corn-mato-grosso,corn,-13.5,-56,NASA POWER MERRA-2 PRECTOTCORR
2007-11-10,12.93,corn-mato-grosso,corn,-13.5,-56,NASA POWER MERRA-2 PRECTOTCORR
2007-11-11,55.37,corn-mato-grosso,corn,-13.5,-56,NASA POWER MERRA-2 PRECTOTCORR
2007-11-12,16.46,corn-mato-grosso,corn,-13.5,-56,NASA POWER MERRA-2 PRECTOTCORR
2007-11-13,0.28,corn-mato-grosso,corn,-13.5,-56,NASA POWER MERRA-2 PRECTOTCORR
2007-11-14,1.75,corn-mato-grosso,corn,-13.5,-56,NASA POWER MERRA-2 PRECTOTCORR
2007-11-15,0.11,corn-mato-grosso,corn,-13.5,-56,NASA POWER MERRA-2 PRECTOTCORR
2007-11-16,6.88,corn-mato-grosso,corn,-13.5,-56,NASA POWER MERRA-2 PRECTOTCORR
2007-11-17,10.62,corn-mato-grosso,corn,-13.5,-56,NASA POWER MERRA-2 PRECTOTCORR
2007-11-18,0.85,corn-mato-grosso,corn,-13.5,-56,NASA POWER MERRA-2 PRECTOTCORR
2007-11-19,7.04,corn-mato-grosso,corn,-13.5,-56,NASA POWER MERRA-2 PRECTOTCORR
2007-11-20,4.22,corn-mato-grosso,corn,-13.5,-56,NASA POWER MERRA-2 PRECTOTCORR
2007-11-21,3.07,corn-mato-grosso,corn,-13.5,-56,NASA POWER MERRA-2 PRECTOTCORR
2007-11-22,16.24,corn-mato-grosso,corn,-13.5,-56,NASA POWER MERRA-2 PRECTOTCORR
2007-11-23,4.7,corn-mato-grosso,corn,-13.5,-56,NASA POWER MERRA-2 PRECTOTCORR
2007-11-24,13.04,corn-mato-grosso,corn,-13.5,-56,NASA POWER MERRA-2 PRECTOTCORR
2007-11-25,22.07,corn-mato-grosso,corn,-13.5,-56,NASA POWER MERRA-2 PRECTOTCORR
2007-11-26,6.4,corn-mato-grosso,corn,-13.5,-56,NASA POWER MERRA-2 PRECTOTCORR
2007-11-27,1.8,corn-mato-grosso,corn,-13.5,-56,NASA POWER MERRA-2 PRECTOTCORR
2007-11-28,21.96,corn-mato-grosso,corn,-13.5,-56,NASA POWER MERRA-2 PRECTOTCORR
2007-11-29,3.83,corn-mato-grosso,corn,-13.5,-56,NASA POWER MERRA-2 PRECTOTCORR
2007-11-30,8.46,corn-mato-grosso,corn,-13.5,-56,NASA POWER MERRA-2 PRECTOTCORR
2007-12-01,14.01,corn-mato-grosso,corn,-13.5,-56,NASA POWER MERRA-2 PRECTOTCORR
2007-12-02,13.76,corn-mato-grosso,corn,-13.5,-56,NASA POWER MERRA-2 PRECTOTCORR
2007-12-03,17.05,corn-mato-grosso,corn,-13.5,-56,NASA POWER MERRA-2 PRECTOTCORR
2007-12-04,14.19,corn-mato-grosso,corn,-13.5,-56,NASA POWER MERRA-2 PRECTOTCORR
2007-12-05,0.86,corn-mato-grosso,corn,-13.5,-56,NASA POWER MERRA-2 PRECTOTCORR
2007-12-06,1.64,corn-mato-grosso,corn,-13.5,-56,NASA POWER MERRA-2 PRECTOTCORR
2007-12-07,17.68,corn-mato-grosso,corn,-13.5,-56,NASA POWER MERRA-2 PRECTOTCORR
2007-12-08,3.66,corn-mato-grosso,corn,-13.5,-56,NASA POWER MERRA-2 PRECTOTCORR
2007-12-09,3.47,corn-mato-grosso,corn,-13.5,-56,NASA POWER MERRA-2 PRECTOTCORR
2007-12-10,6.41,corn-mato-grosso,corn,-13.5,-56,NASA POWER MERRA-2 PRECTOTCORR
2007-12-11,2.32,corn-mato-grosso,corn,-13.5,-56,NASA POWER MERRA-2 PRECTOTCORR
2007-12-12,5.37,corn-mato-grosso,corn,-13.5,-56,NASA POWER MERRA-2 PRECTOTCORR
2007-12-13,0.5,corn-mato-grosso,corn,-13.5,-56,NASA POWER MERRA-2 PRECTOTCORR
2007-12-14,2.84,corn-mato-grosso,corn,-13.5,-56,NASA POWER MERRA-2 PRECTOTCORR
2007-12-15,0.47,corn-mato-grosso,corn,-13.5,-56,NASA POWER MERRA-2 PRECTOTCORR
2007-12-16,3.74,corn-mato-grosso,corn,-13.5,-56,NASA POWER MERRA-2 PRECTOTCORR
2007-12-17,2.21,corn-mato-grosso,corn,-13.5,-56,NASA POWER MERRA-2 PRECTOTCORR
2007-12-18,6.91,corn-mato-grosso,corn,-13.5,-56,NASA POWER MERRA-2 PRECTOTCORR
2007-12-19,13.17,corn-mato-grosso,corn,-13.5,-56,NASA POWER MERRA-2 PRECTOTCORR
2007-12-20,9.87,corn-mato-grosso,corn,-13.5,-56,NASA POWER MERRA-2 PRECTOTCORR
2007-12-21,1.13,corn-mato-grosso,corn,-13.5,-56,NASA POWER MERRA-2 PRECTOTCORR
2007-12-22,3.9,corn-mato-grosso,corn,-13.5,-56,NASA POWER MERRA-2 PRECTOTCORR
2007-12-23,1.75,corn-mato-grosso,corn,-13.5,-56,NASA POWER MERRA-2 PRECTOTCORR
2007-12-24,9.67,corn-mato-grosso,corn,-13.5,-56,NASA POWER MERRA-2 PRECTOTCORR
2007-12-25,3.04,corn-mato-grosso,corn,-13.5,-56,NASA POWER MERRA-2 PRECTOTCORR
2007-12-26,4.32,corn-mato-grosso,corn,-13.5,-56,NASA POWER MERRA-2 PRECTOTCORR
2007-12-27,6.19,corn-mato-grosso,corn,-13.5,-56,NASA POWER MERRA-2 PRECTOTCORR
2007-12-28,2.2,corn-mato-grosso,corn,-13.5,-56,NASA POWER MERRA-2 PRECTOTCORR
2007-12-29,9.72,corn-mato-grosso,corn,-13.5,-56,NASA POWER MERRA-2 PRECTOTCORR
2007-12-30,6.36,corn-mato-grosso,corn,-13.5,-56,NASA POWER MERRA-2 PRECTOTCORR
2007-12-31,8.92,corn-mato-grosso,corn,-13.5,-56,NASA POWER MERRA-2 PRECTOTCORR
2008-01-01,13.62,corn-mato-grosso,corn,-13.5,-56,NASA POWER MERRA-2 PRECTOTCORR
2008-01-02,21.43,corn-mato-grosso,corn,-13.5,-56,NASA POWER MERRA-2 PRECTOTCORR
2008-01-03,7.18,corn-mato-grosso,corn,-13.5,-56,NASA POWER MERRA-2 PRECTOTCORR
2008-01-04,38.03,corn-mato-grosso,corn,-13.5,-56,NASA POWER MERRA-2 PRECTOTCORR
2008-01-05,2.61,corn-mato-grosso,corn,-13.5,-56,NASA POWER MERRA-2 PRECTOTCORR
2008-01-06,3.55,corn-mato-grosso,corn,-13.5,-56,NASA POWER MERRA-2 PRECTOTCORR
2008-01-07,33.75,corn-mato-grosso,corn,-13.5,-56,NASA POWER MERRA-2 PRECTOTCORR
2008-01-08,8.51,corn-mato-grosso,corn,-13.5,-56,NASA POWER MERRA-2 PRECTOTCORR
2008-01-09,7.57,corn-mato-grosso,corn,-13.5,-56,NASA POWER MERRA-2 PRECTOTCORR
2008-01-10,10.52,corn-mato-grosso,corn,-13.5,-56,NASA POWER MERRA-2 PRECTOTCORR
2008-01-11,6.8,corn-mato-grosso,corn,-13.5,-56,NASA POWER MERRA-2 PRECTOTCORR
2008-01-12,26.64,corn-mato-grosso,corn,-13.5,-56,NASA POWER MERRA-2 PRECTOTCORR
2008-01-13,10.97,corn-mato-grosso,corn,-13.5,-56,NASA POWER MERRA-2 PRECTOTCORR
2008-01-14,15.33,corn-mato-grosso,corn,-13.5,-56,NASA POWER MERRA-2 PRECTOTCORR
2008-01-15,0.22,corn-mato-grosso,corn,-13.5,-56,NASA POWER MERRA-2 PRECTOTCORR
2008-01-16,6.35,corn-mato-grosso,corn,-13.5,-56,NASA POWER MERRA-2 PRECTOTCORR
2008-01-17,3.4,corn-mato-grosso,corn,-13.5,-56,NASA POWER MERRA-2 PRECTOTCORR
2008-01-18,22.38,corn-mato-grosso,corn,-13.5,-56,NASA POWER MERRA-2 PRECTOTCORR
2008-01-19,12.43,corn-mato-grosso,corn,-13.5,-56,NASA POWER MERRA-2 PRECTOTCORR
2008-01-20,6.56,corn-mato-grosso,corn,-13.5,-56,NASA POWER MERRA-2 PRECTOTCORR
2008-01-21,23.36,corn-mato-grosso,corn,-13.5,-56,NASA POWER MERRA-2 PRECTOTCORR
2008-01-22,28.13,corn-mato-grosso,corn,-13.5,-56,NASA POWER MERRA-2 PRECTOTCORR
2008-01-23,15.65,corn-mato-grosso,corn,-13.5,-56,NASA POWER MERRA-2 PRECTOTCORR
2008-01-24,12.2,corn-mato-grosso,corn,-13.5,-56,NASA POWER MERRA-2 PRECTOTCORR
2008-01-25,9.81,corn-mato-grosso,corn,-13.5,-56,NASA POWER MERRA-2 PRECTOTCORR
2008-01-26,30.06,corn-mato-grosso,corn,-13.5,-56,NASA POWER MERRA-2 PRECTOTCORR
2008-01-27,34.1,corn-mato-grosso,corn,-13.5,-56,NASA POWER MERRA-2 PRECTOTCORR
2008-01-28,19.33,corn-mato-grosso,corn,-13.5,-56,NASA POWER MERRA-2 PRECTOTCORR
2008-01-29,12.03,corn-mato-grosso,corn,-13.5,-56,NASA POWER MERRA-2 PRECTOTCORR
2008-01-30,14.11,corn-mato-grosso,corn,-13.5,-56,NASA POWER MERRA-2 PRECTOTCORR
2008-01-31,8.52,corn-mato-grosso,corn,-13.5,-56,NASA POWER MERRA-2 PRECTOTCORR
2008-02-01,25.9,corn-mato-grosso,corn,-13.5,-56,NASA POWER MERRA-2 PRECTOTCORR
2008-02-02,17.5,corn-mato-grosso,corn,-13.5,-56,NASA POWER MERRA-2 PRECTOTCORR
2008-02-03,24.48,corn-mato-grosso,corn,-13.5,-56,NASA POWER MERRA-2 PRECTOTCORR
2008-02-04,15.25,corn-mato-grosso,corn,-13.5,-56,NASA POWER MERRA-2 PRECTOTCORR
2008-02-05,6.92,corn-mato-grosso,corn,-13.5,-56,NASA POWER MERRA-2 PRECTOTCORR
2008-02-06,4.57,corn-mato-grosso,corn,-13.5,-56,NASA POWER MERRA-2 PRECTOTCORR
2008-02-07,2.5,corn-mato-grosso,corn,-13.5,-56,NASA POWER MERRA-2 PRECTOTCORR
2008-02-08,2.11,corn-mato-grosso,corn,-13.5,-56,NASA POWER MERRA-2 PRECTOTCORR
2008-02-09,11.02,corn-mato-grosso,corn,-13.5,-56,NASA POWER MERRA-2 PRECTOTCORR
2008-02-10,0.33,corn-mato-grosso,corn,-13.5,-56,NASA POWER MERRA-2 PRECTOTCORR
2008-02-11,0.71,corn-mato-grosso,corn,-13.5,-56,NASA POWER MERRA-2 PRECTOTCORR
2008-02-12,3.08,corn-mato-grosso,corn,-13.5,-56,NASA POWER MERRA-2 PRECTOTCORR
2008-02-13,2.8,corn-mato-grosso,corn,-13.5,-56,NASA POWER MERRA-2 PRECTOTCORR
2008-02-14,1.96,corn-mato-grosso,corn,-13.5,-56,NASA POWER MERRA-2 PRECTOTCORR
2008-02-15,17,corn-mato-grosso,corn,-13.5,-56,NASA POWER MERRA-2 PRECTOTCORR
2008-02-16,3.27,corn-mato-grosso,corn,-13.5,-56,NASA POWER MERRA-2 PRECTOTCORR
2008-02-17,7.21,corn-mato-grosso,corn,-13.5,-56,NASA POWER MERRA-2 PRECTOTCORR
2008-02-18,6.19,corn-mato-grosso,corn,-13.5,-56,NASA POWER MERRA-2 PRECTOTCORR
2008-02-19,7.15,corn-mato-grosso,corn,-13.5,-56,NASA POWER MERRA-2 PRECTOTCORR
2008-02-20,10.71,corn-mato-grosso,corn,-13.5,-56,NASA POWER MERRA-2 PRECTOTCORR
2008-02-21,18.56,corn-mato-grosso,corn,-13.5,-56,NASA POWER MERRA-2 PRECTOTCORR
2008-02-22,11.79,corn-mato-grosso,corn,-13.5,-56,NASA POWER MERRA-2 PRECTOTCORR
2008-02-23,6.19,corn-mato-grosso,corn,-13.5,-56,NASA POWER MERRA-2 PRECTOTCORR
2008-02-24,5.32,corn-mato-grosso,corn,-13.5,-56,NASA POWER MERRA-2 PRECTOTCORR
2008-02-25,4.74,corn-mato-grosso,corn,-13.5,-56,NASA POWER MERRA-2 PRECTOTCORR
2008-02-26,6.28,corn-mato-grosso,corn,-13.5,-56,NASA POWER MERRA-2 PRECTOTCORR
2008-02-27,8.94,corn-mato-grosso,corn,-13.5,-56,NASA POWER MERRA-2 PRECTOTCORR
2008-02-28,2.79,corn-mato-grosso,corn,-13.5,-56,NASA POWER MERRA-2 PRECTOTCORR
2008-02-29,20.28,corn-mato-grosso,corn,-13.5,-56,NASA POWER MERRA-2 PRECTOTCORR
2008-03-01,14.89,corn-mato-grosso,corn,-13.5,-56,NASA POWER MERRA-2 PRECTOTCORR
2008-03-02,0.88,corn-mato-grosso,corn,-13.5,-56,NASA POWER MERRA-2 PRECTOTCORR
2008-03-03,13.69,corn-mato-grosso,corn,-13.5,-56,NASA POWER MERRA-2 PRECTOTCORR
2008-03-04,16.64,corn-mato-grosso,corn,-13.5,-56,NASA POWER MERRA-2 PRECTOTCORR
2008-03-05,9.02,corn-mato-grosso,corn,-13.5,-56,NASA POWER MERRA-2 PRECTOTCORR
2008-03-06,2.09,corn-mato-grosso,corn,-13.5,-56,NASA POWER MERRA-2 PRECTOTCORR
2008-03-07,1.45,corn-mato-grosso,corn,-13.5,-56,NASA POWER MERRA-2 PRECTOTCORR
2008-03-08,6.81,corn-mato-grosso,corn,-13.5,-56,NASA POWER MERRA-2 PRECTOTCORR
2008-03-09,0.76,corn-mato-grosso,corn,-13.5,-56,NASA POWER MERRA-2 PRECTOTCORR
2008-03-10,3.36,corn-mato-grosso,corn,-13.5,-56,NASA POWER MERRA-2 PRECTOTCORR
2008-03-11,1.06,corn-mato-grosso,corn,-13.5,-56,NASA POWER MERRA-2 PRECTOTCORR
2008-03-12,3.02,corn-mato-grosso,corn,-13.5,-56,NASA POWER MERRA-2 PRECTOTCORR
2008-03-13,28.25,corn-mato-grosso,corn,-13.5,-56,NASA POWER MERRA-2 PRECTOTCORR
2008-03-14,13.38,corn-mato-grosso,corn,-13.5,-56,NASA POWER MERRA-2 PRECTOTCORR
2008-03-15,12.22,corn-mato-grosso,corn,-13.5,-56,NASA POWER MERRA-2 PRECTOTCORR
2008-03-16,21.13,corn-mato-grosso,corn,-13.5,-56,NASA POWER MERRA-2 PRECTOTCORR
2008-03-17,27.01,corn-mato-grosso,corn,-13.5,-56,NASA POWER MERRA-2 PRECTOTCORR
2008-03-18,15.74,corn-mato-grosso,corn,-13.5,-56,NASA POWER MERRA-2 PRECTOTCORR
2008-03-19,6.87,corn-mato-grosso,corn,-13.5,-56,NASA POWER MERRA-2 PRECTOTCORR
2008-03-20,6.82,corn-mato-grosso,corn,-13.5,-56,NASA POWER MERRA-2 PRECTOTCORR
2008-03-21,1.24,corn-mato-grosso,corn,-13.5,-56,NASA POWER MERRA-2 PRECTOTCORR
2008-03-22,1.15,corn-mato-grosso,corn,-13.5,-56,NASA POWER MERRA-2 PRECTOTCORR
2008-03-23,8.08,corn-mato-grosso,corn,-13.5,-56,NASA POWER MERRA-2 PRECTOTCORR
2008-03-24,9.55,corn-mato-grosso,corn,-13.5,-56,NASA POWER MERRA-2 PRECTOTCORR
2008-03-25,2.33,corn-mato-grosso,corn,-13.5,-56,NASA POWER MERRA-2 PRECTOTCORR
2008-03-26,1.94,corn-mato-grosso,corn,-13.5,-56,NASA POWER MERRA-2 PRECTOTCORR
2008-03-27,0.45,corn-mato-grosso,corn,-13.5,-56,NASA POWER MERRA-2 PRECTOTCORR
2008-03-28,3.29,corn-mato-grosso,corn,-13.5,-56,NASA POWER MERRA-2 PRECTOTCORR
2008-03-29,9.35,corn-mato-grosso,corn,-13.5,-56,NASA POWER MERRA-2 PRECTOTCORR
2008-03-30,9.47,corn-mato-grosso,corn,-13.5,-56,NASA POWER MERRA-2 PRECTOTCORR
2008-03-31,10.12,corn-mato-grosso,corn,-13.5,-56,NASA POWER MERRA-2 PRECTOTCORR
2008-04-01,28.33,corn-mato-grosso,corn,-13.5,-56,NASA POWER MERRA-2 PRECTOTCORR
2008-04-02,25.13,corn-mato-grosso,corn,-13.5,-56,NASA POWER MERRA-2 PRECTOTCORR
2008-04-03,18.2,corn-mato-grosso,corn,-13.5,-56,NASA POWER MERRA-2 PRECTOTCORR
2008-04-04,5.47,corn-mato-grosso,corn,-13.5,-56,NASA POWER MERRA-2 PRECTOTCORR
2008-04-05,0,corn-mato-grosso,corn,-13.5,-56,NASA POWER MERRA-2 PRECTOTCORR
2008-04-06,0,corn-mato-grosso,corn,-13.5,-56,NASA POWER MERRA-2 PRECTOTCORR
2008-04-07,0,corn-mato-grosso,corn,-13.5,-56,NASA POWER MERRA-2 PRECTOTCORR
2008-04-08,0.05,corn-mato-grosso,corn,-13.5,-56,NASA POWER MERRA-2 PRECTOTCORR
2008-04-09,0.37,corn-mato-grosso,corn,-13.5,-56,NASA POWER MERRA-2 PRECTOTCORR
2008-04-10,0.03,corn-mato-grosso,corn,-13.5,-56,NASA POWER MERRA-2 PRECTOTCORR
2008-04-11,1.95,corn-mato-grosso,corn,-13.5,-56,NASA POWER MERRA-2 PRECTOTCORR
2008-04-12,0.25,corn-mato-grosso,corn,-13.5,-56,NASA POWER MERRA-2 PRECTOTCORR
2008-04-13,2.38,corn-mato-grosso,corn,-13.5,-56,NASA POWER MERRA-2 PRECTOTCORR
2008-04-14,7.33,corn-mato-grosso,corn,-13.5,-56,NASA POWER MERRA-2 PRECTOTCORR
2008-04-15,0.8,corn-mato-grosso,corn,-13.5,-56,NASA POWER MERRA-2 PRECTOTCORR
2008-04-16,2.59,corn-mato-grosso,corn,-13.5,-56,NASA POWER MERRA-2 PRECTOTCORR
2008-04-17,1.05,corn-mato-grosso,corn,-13.5,-56,NASA POWER MERRA-2 PRECTOTCORR
2008-04-18,1.03,corn-mato-grosso,corn,-13.5,-56,NASA POWER MERRA-2 PRECTOTCORR
2008-04-19,14.87,corn-mato-grosso,corn,-13.5,-56,NASA POWER MERRA-2 PRECTOTCORR
2008-04-20,5.76,corn-mato-grosso,corn,-13.5,-56,NASA POWER MERRA-2 PRECTOTCORR
2008-04-21,6.63,corn-mato-grosso,corn,-13.5,-56,NASA POWER MERRA-2 PRECTOTCORR
2008-04-22,13.44,corn-mato-grosso,corn,-13.5,-56,NASA POWER MERRA-2 PRECTOTCORR
2008-04-23,13.92,corn-mato-grosso,corn,-13.5,-56,NASA POWER MERRA-2 PRECTOTCORR
2008-04-24,0.87,corn-mato-grosso,corn,-13.5,-56,NASA POWER MERRA-2 PRECTOTCORR
2008-04-25,2.52,corn-mato-grosso,corn,-13.5,-56,NASA POWER MERRA-2 PRECTOTCORR
2008-04-26,3.65,corn-mato-grosso,corn,-13.5,-56,NASA POWER MERRA-2 PRECTOTCORR
2008-04-27,0.53,corn-mato-grosso,corn,-13.5,-56,NASA POWER MERRA-2 PRECTOTCORR
2008-04-28,0.07,corn-mato-grosso,corn,-13.5,-56,NASA POWER MERRA-2 PRECTOTCORR
2008-04-29,4.36,corn-mato-grosso,corn,-13.5,-56,NASA POWER MERRA-2 PRECTOTCORR
2008-04-30,2.41,corn-mato-grosso,corn,-13.5,-56,NASA POWER MERRA-2 PRECTOTCORR
2008-05-01,0.54,corn-mato-grosso,corn,-13.5,-56,NASA POWER MERRA-2 PRECTOTCORR
2008-05-02,0.22,corn-mato-grosso,corn,-13.5,-56,NASA POWER MERRA-2 PRECTOTCORR
2008-05-03,0.41,corn-mato-grosso,corn,-13.5,-56,NASA POWER MERRA-2 PRECTOTCORR
2008-05-04,0,corn-mato-grosso,corn,-13.5,-56,NASA POWER MERRA-2 PRECTOTCORR
2008-05-05,0,corn-mato-grosso,corn,-13.5,-56,NASA POWER MERRA-2 PRECTOTCORR
2008-05-06,0,corn-mato-grosso,corn,-13.5,-56,NASA POWER MERRA-2 PRECTOTCORR
2008-05-07,0.01,corn-mato-grosso,corn,-13.5,-56,NASA POWER MERRA-2 PRECTOTCORR
2008-05-08,0,corn-mato-grosso,corn,-13.5,-56,NASA POWER MERRA-2 PRECTOTCORR
2008-05-09,0.28,corn-mato-grosso,corn,-13.5,-56,NASA POWER MERRA-2 PRECTOTCORR
2008-05-10,0.02,corn-mato-grosso,corn,-13.5,-56,NASA POWER MERRA-2 PRECTOTCORR
2008-05-11,0.19,corn-mato-grosso,corn,-13.5,-56,NASA POWER MERRA-2 PRECTOTCORR
2008-05-12,0.18,corn-mato-grosso,corn,-13.5,-56,NASA POWER MERRA-2 PRECTOTCORR
2008-05-13,0.05,corn-mato-grosso,corn,-13.5,-56,NASA POWER MERRA-2 PRECTOTCORR
2008-05-14,0,corn-mato-grosso,corn,-13.5,-56,NASA POWER MERRA-2 PRECTOTCORR
2008-05-15,0,corn-mato-grosso,corn,-13.5,-56,NASA POWER MERRA-2 PRECTOTCORR
2008-05-16,2.13,corn-mato-grosso,corn,-13.5,-56,NASA POWER MERRA-2 PRECTOTCORR
2008-05-17,0,corn-mato-grosso,corn,-13.5,-56,NASA POWER MERRA-2 PRECTOTCORR
2008-05-18,0,corn-mato-grosso,corn,-13.5,-56,NASA POWER MERRA-2 PRECTOTCORR
2008-05-19,0,corn-mato-grosso,corn,-13.5,-56,NASA POWER MERRA-2 PRECTOTCORR
2008-05-20,0.46,corn-mato-grosso,corn,-13.5,-56,NASA POWER MERRA-2 PRECTOTCORR
2008-05-21,0,corn-mato-grosso,corn,-13.5,-56,NASA POWER MERRA-2 PRECTOTCORR
2008-05-22,0,corn-mato-grosso,corn,-13.5,-56,NASA POWER MERRA-2 PRECTOTCORR
2008-05-23,0,corn-mato-grosso,corn,-13.5,-56,NASA POWER MERRA-2 PRECTOTCORR
2008-05-24,0,corn-mato-grosso,corn,-13.5,-56,NASA POWER MERRA-2 PRECTOTCORR
2008-05-25,0,corn-mato-grosso,corn,-13.5,-56,NASA POWER MERRA-2 PRECTOTCORR
2008-05-26,0,corn-mato-grosso,corn,-13.5,-56,NASA POWER MERRA-2 PRECTOTCORR
2008-05-27,0,corn-mato-grosso,corn,-13.5,-56,NASA POWER MERRA-2 PRECTOTCORR
2008-05-28,1.59,corn-mato-grosso,corn,-13.5,-56,NASA POWER MERRA-2 PRECTOTCORR
2008-05-29,2.13,corn-mato-grosso,corn,-13.5,-56,NASA POWER MERRA-2 PRECTOTCORR
2008-05-30,2.78,corn-mato-grosso,corn,-13.5,-56,NASA POWER MERRA-2 PRECTOTCORR
2008-05-31,0.63,corn-mato-grosso,corn,-13.5,-56,NASA POWER MERRA-2 PRECTOTCORR
2008-06-01,0,corn-mato-grosso,corn,-13.5,-56,NASA POWER MERRA-2 PRECTOTCORR
2008-06-02,0,corn-mato-grosso,corn,-13.5,-56,NASA POWER MERRA-2 PRECTOTCORR
2008-06-03,0,corn-mato-grosso,corn,-13.5,-56,NASA POWER MERRA-2 PRECTOTCORR
2008-06-04,0,corn-mato-grosso,corn,-13.5,-56,NASA POWER MERRA-2 PRECTOTCORR
2008-06-05,0,corn-mato-grosso,corn,-13.5,-56,NASA POWER MERRA-2 PRECTOTCORR
2008-06-06,0,corn-mato-grosso,corn,-13.5,-56,NASA POWER MERRA-2 PRECTOTCORR
2008-06-07,0,corn-mato-grosso,corn,-13.5,-56,NASA POWER MERRA-2 PRECTOTCORR
2008-06-08,0,corn-mato-grosso,corn,-13.5,-56,NASA POWER MERRA-2 PRECTOTCORR
2008-06-09,0,corn-mato-grosso,corn,-13.5,-56,NASA POWER MERRA-2 PRECTOTCORR
2008-06-10,0,corn-mato-grosso,corn,-13.5,-56,NASA POWER MERRA-2 PRECTOTCORR
2008-06-11,0,corn-mato-grosso,corn,-13.5,-56,NASA POWER MERRA-2 PRECTOTCORR
2008-06-12,0.07,corn-mato-grosso,corn,-13.5,-56,NASA POWER MERRA-2 PRECTOTCORR
2008-06-13,0.17,corn-mato-grosso,corn,-13.5,-56,NASA POWER MERRA-2 PRECTOTCORR
2008-06-14,0,corn-mato-grosso,corn,-13.5,-56,NASA POWER MERRA-2 PRECTOTCORR
2008-06-15,0,corn-mato-grosso,corn,-13.5,-56,NASA POWER MERRA-2 PRECTOTCORR
2008-06-16,0.35,corn-mato-grosso,corn,-13.5,-56,NASA POWER MERRA-2 PRECTOTCORR
2008-06-17,0.02,corn-mato-grosso,corn,-13.5,-56,NASA POWER MERRA-2 PRECTOTCORR
2008-06-18,0,corn-mato-grosso,corn,-13.5,-56,NASA POWER MERRA-2 PRECTOTCORR
2008-06-19,0,corn-mato-grosso,corn,-13.5,-56,NASA POWER MERRA-2 PRECTOTCORR
2008-06-20,0,corn-mato-grosso,corn,-13.5,-56,NASA POWER MERRA-2 PRECTOTCORR
2008-06-21,0,corn-mato-grosso,corn,-13.5,-56,NASA POWER MERRA-2 PRECTOTCORR
2008-06-22,0,corn-mato-grosso,corn,-13.5,-56,NASA POWER MERRA-2 PRECTOTCORR
2008-06-23,0,corn-mato-grosso,corn,-13.5,-56,NASA POWER MERRA-2 PRECTOTCORR
2008-06-24,0,corn-mato-grosso,corn,-13.5,-56,NASA POWER MERRA-2 PRECTOTCORR
2008-06-25,0,corn-mato-grosso,corn,-13.5,-56,NASA POWER MERRA-2 PRECTOTCORR
2008-06-26,0,corn-mato-grosso,corn,-13.5,-56,NASA POWER MERRA-2 PRECTOTCORR
2008-06-27,0,corn-mato-grosso,corn,-13.5,-56,NASA POWER MERRA-2 PRECTOTCORR
2008-06-28,0,corn-mato-grosso,corn,-13.5,-56,NASA POWER MERRA-2 PRECTOTCORR
2008-06-29,0,corn-mato-grosso,corn,-13.5,-56,NASA POWER MERRA-2 PRECTOTCORR
2008-06-30,0,corn-mato-grosso,corn,-13.5,-56,NASA POWER MERRA-2 PRECTOTCORR
2008-07-01,0,corn-mato-grosso,corn,-13.5,-56,NASA POWER MERRA-2 PRECTOTCORR
2008-07-02,0,corn-mato-grosso,corn,-13.5,-56,NASA POWER MERRA-2 PRECTOTCORR
2008-07-03,0,corn-mato-grosso,corn,-13.5,-56,NASA POWER MERRA-2 PRECTOTCORR
2008-07-04,0,corn-mato-grosso,corn,-13.5,-56,NASA POWER MERRA-2 PRECTOTCORR
2008-07-05,0,corn-mato-grosso,corn,-13.5,-56,NASA POWER MERRA-2 PRECTOTCORR
2008-07-06,0,corn-mato-grosso,corn,-13.5,-56,NASA POWER MERRA-2 PRECTOTCORR
2008-07-07,0,corn-mato-grosso,corn,-13.5,-56,NASA POWER MERRA-2 PRECTOTCORR
2008-07-08,0,corn-mato-grosso,corn,-13.5,-56,NASA POWER MERRA-2 PRECTOTCORR
2008-07-09,0,corn-mato-grosso,corn,-13.5,-56,NASA POWER MERRA-2 PRECTOTCORR
2008-07-10,0,corn-mato-grosso,corn,-13.5,-56,NASA POWER MERRA-2 PRECTOTCORR
2008-07-11,0,corn-mato-grosso,corn,-13.5,-56,NASA POWER MERRA-2 PRECTOTCORR
2008-07-12,0.03,corn-mato-grosso,corn,-13.5,-56,NASA POWER MERRA-2 PRECTOTCORR
2008-07-13,0,corn-mato-grosso,corn,-13.5,-56,NASA POWER MERRA-2 PRECTOTCORR
2008-07-14,0,corn-mato-grosso,corn,-13.5,-56,NASA POWER MERRA-2 PRECTOTCORR
2008-07-15,0,corn-mato-grosso,corn,-13.5,-56,NASA POWER MERRA-2 PRECTOTCORR
2008-07-16,0,corn-mato-grosso,corn,-13.5,-56,NASA POWER MERRA-2 PRECTOTCORR
2008-07-17,0,corn-mato-grosso,corn,-13.5,-56,NASA POWER MERRA-2 PRECTOTCORR
2008-07-18,0,corn-mato-grosso,corn,-13.5,-56,NASA POWER MERRA-2 PRECTOTCORR
2008-07-19,0,corn-mato-grosso,corn,-13.5,-56,NASA POWER MERRA-2 PRECTOTCORR
2008-07-20,0,corn-mato-grosso,corn,-13.5,-56,NASA POWER MERRA-2 PRECTOTCORR
2008-07-21,0,corn-mato-grosso,corn,-13.5,-56,NASA POWER MERRA-2 PRECTOTCORR
2008-07-22,0,corn-mato-grosso,corn,-13.5,-56,NASA POWER MERRA-2 PRECTOTCORR
2008-07-23,0,corn-mato-grosso,corn,-13.5,-56,NASA POWER MERRA-2 PRECTOTCORR
2008-07-24,0,corn-mato-grosso,corn,-13.5,-56,NASA POWER MERRA-2 PRECTOTCORR
2008-07-25,0,corn-mato-grosso,corn,-13.5,-56,NASA POWER MERRA-2 PRECTOTCORR
2008-07-26,0,corn-mato-grosso,corn,-13.5,-56,NASA POWER MERRA-2 PRECTOTCORR
2008-07-27,0,corn-mato-grosso,corn,-13.5,-56,NASA POWER MERRA-2 PRECTOTCORR
2008-07-28,0,corn-mato-grosso,corn,-13.5,-56,NASA POWER MERRA-2 PRECTOTCORR
2008-07-29,0,corn-mato-grosso,corn,-13.5,-56,NASA POWER MERRA-2 PRECTOTCORR
2008-07-30,0,corn-mato-grosso,corn,-13.5,-56,NASA POWER MERRA-2 PRECTOTCORR
2008-07-31,0,corn-mato-grosso,corn,-13.5,-56,NASA POWER MERRA-2 PRECTOTCORR
2008-08-01,0,corn-mato-grosso,corn,-13.5,-56,NASA POWER MERRA-2 PRECTOTCORR
2008-08-02,0,corn-mato-grosso,corn,-13.5,-56,NASA POWER MERRA-2 PRECTOTCORR
2008-08-03,1.1,corn-mato-grosso,corn,-13.5,-56,NASA POWER MERRA-2 PRECTOTCORR
2008-08-04,0.14,corn-mato-grosso,corn,-13.5,-56,NASA POWER MERRA-2 PRECTOTCORR
2008-08-05,0,corn-mato-grosso,corn,-13.5,-56,NASA POWER MERRA-2 PRECTOTCORR
2008-08-06,0,corn-mato-grosso,corn,-13.5,-56,NASA POWER MERRA-2 PRECTOTCORR
2008-08-07,0,corn-mato-grosso,corn,-13.5,-56,NASA POWER MERRA-2 PRECTOTCORR
2008-08-08,0,corn-mato-grosso,corn,-13.5,-56,NASA POWER MERRA-2 PRECTOTCORR
2008-08-09,0,corn-mato-grosso,corn,-13.5,-56,NASA POWER MERRA-2 PRECTOTCORR
2008-08-10,0,corn-mato-grosso,corn,-13.5,-56,NASA POWER MERRA-2 PRECTOTCORR
2008-08-11,0,corn-mato-grosso,corn,-13.5,-56,NASA POWER MERRA-2 PRECTOTCORR
2008-08-12,0,corn-mato-grosso,corn,-13.5,-56,NASA POWER MERRA-2 PRECTOTCORR
2008-08-13,0,corn-mato-grosso,corn,-13.5,-56,NASA POWER MERRA-2 PRECTOTCORR
2008-08-14,0,corn-mato-grosso,corn,-13.5,-56,NASA POWER MERRA-2 PRECTOTCORR
2008-08-15,0,corn-mato-grosso,corn,-13.5,-56,NASA POWER MERRA-2 PRECTOTCORR
2008-08-16,0,corn-mato-grosso,corn,-13.5,-56,NASA POWER MERRA-2 PRECTOTCORR
2008-08-17,0,corn-mato-grosso,corn,-13.5,-56,NASA POWER MERRA-2 PRECTOTCORR
2008-08-18,0,corn-mato-grosso,corn,-13.5,-56,NASA POWER MERRA-2 PRECTOTCORR
2008-08-19,0,corn-mato-grosso,corn,-13.5,-56,NASA POWER MERRA-2 PRECTOTCORR
2008-08-20,0,corn-mato-grosso,corn,-13.5,-56,NASA POWER MERRA-2 PRECTOTCORR
2008-08-21,0,corn-mato-grosso,corn,-13.5,-56,NASA POWER MERRA-2 PRECTOTCORR
2008-08-22,0,corn-mato-grosso,corn,-13.5,-56,NASA POWER MERRA-2 PRECTOTCORR
2008-08-23,0,corn-mato-grosso,corn,-13.5,-56,NASA POWER MERRA-2 PRECTOTCORR
2008-08-24,0,corn-mato-grosso,corn,-13.5,-56,NASA POWER MERRA-2 PRECTOTCORR
2008-08-25,0,corn-mato-grosso,corn,-13.5,-56,NASA POWER MERRA-2 PRECTOTCORR
2008-08-26,0,corn-mato-grosso,corn,-13.5,-56,NASA POWER MERRA-2 PRECTOTCORR
2008-08-27,0,corn-mato-grosso,corn,-13.5,-56,NASA POWER MERRA-2 PRECTOTCORR
2008-08-28,0,corn-mato-grosso,corn,-13.5,-56,NASA POWER MERRA-2 PRECTOTCORR
2008-08-29,0,corn-mato-grosso,corn,-13.5,-56,NASA POWER MERRA-2 PRECTOTCORR
2008-08-30,0,corn-mato-grosso,corn,-13.5,-56,NASA POWER MERRA-2 PRECTOTCORR
2008-08-31,0,corn-mato-grosso,corn,-13.5,-56,NASA POWER MERRA-2 PRECTOTCORR
2008-09-01,0,corn-mato-grosso,corn,-13.5,-56,NASA POWER MERRA-2 PRECTOTCORR
2008-09-02,0,corn-mato-grosso,corn,-13.5,-56,NASA POWER MERRA-2 PRECTOTCORR
2008-09-03,0.23,corn-mato-grosso,corn,-13.5,-56,NASA POWER MERRA-2 PRECTOTCORR
2008-09-04,0.03,corn-mato-grosso,corn,-13.5,-56,NASA POWER MERRA-2 PRECTOTCORR
2008-09-05,0.55,corn-mato-grosso,corn,-13.5,-56,NASA POWER MERRA-2 PRECTOTCORR
2008-09-06,0.31,corn-mato-grosso,corn,-13.5,-56,NASA POWER MERRA-2 PRECTOTCORR
2008-09-07,0,corn-mato-grosso,corn,-13.5,-56,NASA POWER MERRA-2 PRECTOTCORR
2008-09-08,0,corn-mato-grosso,corn,-13.5,-56,NASA POWER MERRA-2 PRECTOTCORR
2008-09-09,0,corn-mato-grosso,corn,-13.5,-56,NASA POWER MERRA-2 PRECTOTCORR
2008-09-10,0.02,corn-mato-grosso,corn,-13.5,-56,NASA POWER MERRA-2 PRECTOTCORR
2008-09-11,0.1,corn-mato-grosso,corn,-13.5,-56,NASA POWER MERRA-2 PRECTOTCORR
2008-09-12,0,corn-mato-grosso,corn,-13.5,-56,NASA POWER MERRA-2 PRECTOTCORR
2008-09-13,0,corn-mato-grosso,corn,-13.5,-56,NASA POWER MERRA-2 PRECTOTCORR
2008-09-14,0,corn-mato-grosso,corn,-13.5,-56,NASA POWER MERRA-2 PRECTOTCORR
2008-09-15,0,corn-mato-grosso,corn,-13.5,-56,NASA POWER MERRA-2 PRECTOTCORR
2008-09-16,0,corn-mato-grosso,corn,-13.5,-56,NASA POWER MERRA-2 PRECTOTCORR
2008-09-17,10.41,corn-mato-grosso,corn,-13.5,-56,NASA POWER MERRA-2 PRECTOTCORR
2008-09-18,7.82,corn-mato-grosso,corn,-13.5,-56,NASA POWER MERRA-2 PRECTOTCORR
2008-09-19,14.08,corn-mato-grosso,corn,-13.5,-56,NASA POWER MERRA-2 PRECTOTCORR
2008-09-20,11.29,corn-mato-grosso,corn,-13.5,-56,NASA POWER MERRA-2 PRECTOTCORR
2008-09-21,3.9,corn-mato-grosso,corn,-13.5,-56,NASA POWER MERRA-2 PRECTOTCORR
2008-09-22,0,corn-mato-grosso,corn,-13.5,-56,NASA POWER MERRA-2 PRECTOTCORR
2008-09-23,0,corn-mato-grosso,corn,-13.5,-56,NASA POWER MERRA-2 PRECTOTCORR
2008-09-24,0,corn-mato-grosso,corn,-13.5,-56,NASA POWER MERRA-2 PRECTOTCORR
2008-09-25,0,corn-mato-grosso,corn,-13.5,-56,NASA POWER MERRA-2 PRECTOTCORR
2008-09-26,0,corn-mato-grosso,corn,-13.5,-56,NASA POWER MERRA-2 PRECTOTCORR
2008-09-27,0.61,corn-mato-grosso,corn,-13.5,-56,NASA POWER MERRA-2 PRECTOTCORR
2008-09-28,0.85,corn-mato-grosso,corn,-13.5,-56,NASA POWER MERRA-2 PRECTOTCORR
2008-09-29,0.12,corn-mato-grosso,corn,-13.5,-56,NASA POWER MERRA-2 PRECTOTCORR
2008-09-30,0.14,corn-mato-grosso,corn,-13.5,-56,NASA POWER MERRA-2 PRECTOTCORR
2008-10-01,8.35,corn-mato-grosso,corn,-13.5,-56,NASA POWER MERRA-2 PRECTOTCORR
2008-10-02,32.67,corn-mato-grosso,corn,-13.5,-56,NASA POWER MERRA-2 PRECTOTCORR
2008-10-03,1.28,corn-mato-grosso,corn,-13.5,-56,NASA POWER MERRA-2 PRECTOTCORR
2008-10-04,0.01,corn-mato-grosso,corn,-13.5,-56,NASA POWER MERRA-2 PRECTOTCORR
2008-10-05,9.09,corn-mato-grosso,corn,-13.5,-56,NASA POWER MERRA-2 PRECTOTCORR
2008-10-06,2.04,corn-mato-grosso,corn,-13.5,-56,NASA POWER MERRA-2 PRECTOTCORR
2008-10-07,0.16,corn-mato-grosso,corn,-13.5,-56,NASA POWER MERRA-2 PRECTOTCORR
2008-10-08,0,corn-mato-grosso,corn,-13.5,-56,NASA POWER MERRA-2 PRECTOTCORR
2008-10-09,3.29,corn-mato-grosso,corn,-13.5,-56,NASA POWER MERRA-2 PRECTOTCORR
2008-10-10,0.96,corn-mato-grosso,corn,-13.5,-56,NASA POWER MERRA-2 PRECTOTCORR
2008-10-11,6.26,corn-mato-grosso,corn,-13.5,-56,NASA POWER MERRA-2 PRECTOTCORR
2008-10-12,0.48,corn-mato-grosso,corn,-13.5,-56,NASA POWER MERRA-2 PRECTOTCORR
2008-10-13,0.04,corn-mato-grosso,corn,-13.5,-56,NASA POWER MERRA-2 PRECTOTCORR
2008-10-14,0,corn-mato-grosso,corn,-13.5,-56,NASA POWER MERRA-2 PRECTOTCORR
2008-10-15,0.23,corn-mato-grosso,corn,-13.5,-56,NASA POWER MERRA-2 PRECTOTCORR
2008-10-16,0,corn-mato-grosso,corn,-13.5,-56,NASA POWER MERRA-2 PRECTOTCORR
2008-10-17,2.06,corn-mato-grosso,corn,-13.5,-56,NASA POWER MERRA-2 PRECTOTCORR
2008-10-18,1.41,corn-mato-grosso,corn,-13.5,-56,NASA POWER MERRA-2 PRECTOTCORR
2008-10-19,0,corn-mato-grosso,corn,-13.5,-56,NASA POWER MERRA-2 PRECTOTCORR
2008-10-20,20.61,corn-mato-grosso,corn,-13.5,-56,NASA POWER MERRA-2 PRECTOTCORR
2008-10-21,4.56,corn-mato-grosso,corn,-13.5,-56,NASA POWER MERRA-2 PRECTOTCORR
2008-10-22,0.89,corn-mato-grosso,corn,-13.5,-56,NASA POWER MERRA-2 PRECTOTCORR
2008-10-23,2.15,corn-mato-grosso,corn,-13.5,-56,NASA POWER MERRA-2 PRECTOTCORR
2008-10-24,7.97,corn-mato-grosso,corn,-13.5,-56,NASA POWER MERRA-2 PRECTOTCORR
2008-10-25,5.82,corn-mato-grosso,corn,-13.5,-56,NASA POWER MERRA-2 PRECTOTCORR
2008-10-26,0.25,corn-mato-grosso,corn,-13.5,-56,NASA POWER MERRA-2 PRECTOTCORR
2008-10-27,0.2,corn-mato-grosso,corn,-13.5,-56,NASA POWER MERRA-2 PRECTOTCORR
2008-10-28,0.55,corn-mato-grosso,corn,-13.5,-56,NASA POWER MERRA-2 PRECTOTCORR
2008-10-29,54.4,corn-mato-grosso,corn,-13.5,-56,NASA POWER MERRA-2 PRECTOTCORR
2008-10-30,6.27,corn-mato-grosso,corn,-13.5,-56,NASA POWER MERRA-2 PRECTOTCORR
2008-10-31,0.67,corn-mato-grosso,corn,-13.5,-56,NASA POWER MERRA-2 PRECTOTCORR
2008-11-01,0.6,corn-mato-grosso,corn,-13.5,-56,NASA POWER MERRA-2 PRECTOTCORR
2008-11-02,13.53,corn-mato-grosso,corn,-13.5,-56,NASA POWER MERRA-2 PRECTOTCORR
2008-11-03,2.34,corn-mato-grosso,corn,-13.5,-56,NASA POWER MERRA-2 PRECTOTCORR
2008-11-04,1.21,corn-mato-grosso,corn,-13.5,-56,NASA POWER MERRA-2 PRECTOTCORR
2008-11-05,23.98,corn-mato-grosso,corn,-13.5,-56,NASA POWER MERRA-2 PRECTOTCORR
2008-11-06,11.33,corn-mato-grosso,corn,-13.5,-56,NASA POWER MERRA-2 PRECTOTCORR
2008-11-07,0,corn-mato-grosso,corn,-13.5,-56,NASA POWER MERRA-2 PRECTOTCORR
2008-11-08,0,corn-mato-grosso,corn,-13.5,-56,NASA POWER MERRA-2 PRECTOTCORR
2008-11-09,14.81,corn-mato-grosso,corn,-13.5,-56,NASA POWER MERRA-2 PRECTOTCORR
2008-11-10,5.58,corn-mato-grosso,corn,-13.5,-56,NASA POWER MERRA-2 PRECTOTCORR
2008-11-11,0.07,corn-mato-grosso,corn,-13.5,-56,NASA POWER MERRA-2 PRECTOTCORR
2008-11-12,33.21,corn-mato-grosso,corn,-13.5,-56,NASA POWER MERRA-2 PRECTOTCORR
2008-11-13,11.01,corn-mato-grosso,corn,-13.5,-56,NASA POWER MERRA-2 PRECTOTCORR
2008-11-14,1.05,corn-mato-grosso,corn,-13.5,-56,NASA POWER MERRA-2 PRECTOTCORR
2008-11-15,2.18,corn-mato-grosso,corn,-13.5,-56,NASA POWER MERRA-2 PRECTOTCORR
2008-11-16,17.29,corn-mato-grosso,corn,-13.5,-56,NASA POWER MERRA-2 PRECTOTCORR
2008-11-17,20.86,corn-mato-grosso,corn,-13.5,-56,NASA POWER MERRA-2 PRECTOTCORR
2008-11-18,4.55,corn-mato-grosso,corn,-13.5,-56,NASA POWER MERRA-2 PRECTOTCORR
2008-11-19,5.18,corn-mato-grosso,corn,-13.5,-56,NASA POWER MERRA-2 PRECTOTCORR
2008-11-20,12.94,corn-mato-grosso,corn,-13.5,-56,NASA POWER MERRA-2 PRECTOTCORR
2008-11-21,16.54,corn-mato-grosso,corn,-13.5,-56,NASA POWER MERRA-2 PRECTOTCORR
2008-11-22,2.19,corn-mato-grosso,corn,-13.5,-56,NASA POWER MERRA-2 PRECTOTCORR
2008-11-23,3.49,corn-mato-grosso,corn,-13.5,-56,NASA POWER MERRA-2 PRECTOTCORR
2008-11-24,3.9,corn-mato-grosso,corn,-13.5,-56,NASA POWER MERRA-2 PRECTOTCORR
2008-11-25,1.55,corn-mato-grosso,corn,-13.5,-56,NASA POWER MERRA-2 PRECTOTCORR
2008-11-26,4.54,corn-mato-grosso,corn,-13.5,-56,NASA POWER MERRA-2 PRECTOTCORR
2008-11-27,35.62,corn-mato-grosso,corn,-13.5,-56,NASA POWER MERRA-2 PRECTOTCORR
2008-11-28,11.05,corn-mato-grosso,corn,-13.5,-56,NASA POWER MERRA-2 PRECTOTCORR
2008-11-29,6.3,corn-mato-grosso,corn,-13.5,-56,NASA POWER MERRA-2 PRECTOTCORR
2008-11-30,2.6,corn-mato-grosso,corn,-13.5,-56,NASA POWER MERRA-2 PRECTOTCORR
2008-12-01,1.51,corn-mato-grosso,corn,-13.5,-56,NASA POWER MERRA-2 PRECTOTCORR
2008-12-02,6.73,corn-mato-grosso,corn,-13.5,-56,NASA POWER MERRA-2 PRECTOTCORR
2008-12-03,2.45,corn-mato-grosso,corn,-13.5,-56,NASA POWER MERRA-2 PRECTOTCORR
2008-12-04,0,corn-mato-grosso,corn,-13.5,-56,NASA POWER MERRA-2 PRECTOTCORR
2008-12-05,0,corn-mato-grosso,corn,-13.5,-56,NASA POWER MERRA-2 PRECTOTCORR
2008-12-06,1.15,corn-mato-grosso,corn,-13.5,-56,NASA POWER MERRA-2 PRECTOTCORR
2008-12-07,14.95,corn-mato-grosso,corn,-13.5,-56,NASA POWER MERRA-2 PRECTOTCORR
2008-12-08,49.83,corn-mato-grosso,corn,-13.5,-56,NASA POWER MERRA-2 PRECTOTCORR
2008-12-09,0.09,corn-mato-grosso,corn,-13.5,-56,NASA POWER MERRA-2 PRECTOTCORR
2008-12-10,12.29,corn-mato-grosso,corn,-13.5,-56,NASA POWER MERRA-2 PRECTOTCORR
2008-12-11,0.7,corn-mato-grosso,corn,-13.5,-56,NASA POWER MERRA-2 PRECTOTCORR
2008-12-12,3.56,corn-mato-grosso,corn,-13.5,-56,NASA POWER MERRA-2 PRECTOTCORR
2008-12-13,13.18,corn-mato-grosso,corn,-13.5,-56,NASA POWER MERRA-2 PRECTOTCORR
2008-12-14,9.27,corn-mato-grosso,corn,-13.5,-56,NASA POWER MERRA-2 PRECTOTCORR
2008-12-15,17.57,corn-mato-grosso,corn,-13.5,-56,NASA POWER MERRA-2 PRECTOTCORR
2008-12-16,5.25,corn-mato-grosso,corn,-13.5,-56,NASA POWER MERRA-2 PRECTOTCORR
2008-12-17,12.05,corn-mato-grosso,corn,-13.5,-56,NASA POWER MERRA-2 PRECTOTCORR
2008-12-18,0.16,corn-mato-grosso,corn,-13.5,-56,NASA POWER MERRA-2 PRECTOTCORR
2008-12-19,2.63,corn-mato-grosso,corn,-13.5,-56,NASA POWER MERRA-2 PRECTOTCORR
2008-12-20,1.9,corn-mato-grosso,corn,-13.5,-56,NASA POWER MERRA-2 PRECTOTCORR
2008-12-21,1.59,corn-mato-grosso,corn,-13.5,-56,NASA POWER MERRA-2 PRECTOTCORR
2008-12-22,0.38,corn-mato-grosso,corn,-13.5,-56,NASA POWER MERRA-2 PRECTOTCORR
2008-12-23,4.27,corn-mato-grosso,corn,-13.5,-56,NASA POWER MERRA-2 PRECTOTCORR
2008-12-24,22.64,corn-mato-grosso,corn,-13.5,-56,NASA POWER MERRA-2 PRECTOTCORR
2008-12-25,3.84,corn-mato-grosso,corn,-13.5,-56,NASA POWER MERRA-2 PRECTOTCORR
2008-12-26,11.41,corn-mato-grosso,corn,-13.5,-56,NASA POWER MERRA-2 PRECTOTCORR
2008-12-27,7.98,corn-mato-grosso,corn,-13.5,-56,NASA POWER MERRA-2 PRECTOTCORR
2008-12-28,11.62,corn-mato-grosso,corn,-13.5,-56,NASA POWER MERRA-2 PRECTOTCORR
2008-12-29,7.29,corn-mato-grosso,corn,-13.5,-56,NASA POWER MERRA-2 PRECTOTCORR
2008-12-30,1.05,corn-mato-grosso,corn,-13.5,-56,NASA POWER MERRA-2 PRECTOTCORR
2008-12-31,0.05,corn-mato-grosso,corn,-13.5,-56,NASA POWER MERRA-2 PRECTOTCORR
2009-01-01,0.02,corn-mato-grosso,corn,-13.5,-56,NASA POWER MERRA-2 PRECTOTCORR
2009-01-02,3.93,corn-mato-grosso,corn,-13.5,-56,NASA POWER MERRA-2 PRECTOTCORR
2009-01-03,14.03,corn-mato-grosso,corn,-13.5,-56,NASA POWER MERRA-2 PRECTOTCORR
2009-01-04,12.68,corn-mato-grosso,corn,-13.5,-56,NASA POWER MERRA-2 PRECTOTCORR
2009-01-05,0.01,corn-mato-grosso,corn,-13.5,-56,NASA POWER MERRA-2 PRECTOTCORR
2009-01-06,0.77,corn-mato-grosso,corn,-13.5,-56,NASA POWER MERRA-2 PRECTOTCORR
2009-01-07,1.06,corn-mato-grosso,corn,-13.5,-56,NASA POWER MERRA-2 PRECTOTCORR
2009-01-08,15.08,corn-mato-grosso,corn,-13.5,-56,NASA POWER MERRA-2 PRECTOTCORR
2009-01-09,2.02,corn-mato-grosso,corn,-13.5,-56,NASA POWER MERRA-2 PRECTOTCORR
2009-01-10,0.38,corn-mato-grosso,corn,-13.5,-56,NASA POWER MERRA-2 PRECTOTCORR
2009-01-11,0.35,corn-mato-grosso,corn,-13.5,-56,NASA POWER MERRA-2 PRECTOTCORR
2009-01-12,0.02,corn-mato-grosso,corn,-13.5,-56,NASA POWER MERRA-2 PRECTOTCORR
2009-01-13,0,corn-mato-grosso,corn,-13.5,-56,NASA POWER MERRA-2 PRECTOTCORR
2009-01-14,0.16,corn-mato-grosso,corn,-13.5,-56,NASA POWER MERRA-2 PRECTOTCORR
2009-01-15,14.8,corn-mato-grosso,corn,-13.5,-56,NASA POWER MERRA-2 PRECTOTCORR
2009-01-16,22.19,corn-mato-grosso,corn,-13.5,-56,NASA POWER MERRA-2 PRECTOTCORR
2009-01-17,3.09,corn-mato-grosso,corn,-13.5,-56,NASA POWER MERRA-2 PRECTOTCORR
2009-01-18,3.67,corn-mato-grosso,corn,-13.5,-56,NASA POWER MERRA-2 PRECTOTCORR
2009-01-19,1.59,corn-mato-grosso,corn,-13.5,-56,NASA POWER MERRA-2 PRECTOTCORR
2009-01-20,0.07,corn-mato-grosso,corn,-13.5,-56,NASA POWER MERRA-2 PRECTOTCORR
2009-01-21,0,corn-mato-grosso,corn,-13.5,-56,NASA POWER MERRA-2 PRECTOTCORR
2009-01-22,4.31,corn-mato-grosso,corn,-13.5,-56,NASA POWER MERRA-2 PRECTOTCORR
2009-01-23,0.98,corn-mato-grosso,corn,-13.5,-56,NASA POWER MERRA-2 PRECTOTCORR
2009-01-24,0.56,corn-mato-grosso,corn,-13.5,-56,NASA POWER MERRA-2 PRECTOTCORR
2009-01-25,4.69,corn-mato-grosso,corn,-13.5,-56,NASA POWER MERRA-2 PRECTOTCORR
2009-01-26,6.52,corn-mato-grosso,corn,-13.5,-56,NASA POWER MERRA-2 PRECTOTCORR
2009-01-27,5.07,corn-mato-grosso,corn,-13.5,-56,NASA POWER MERRA-2 PRECTOTCORR
2009-01-28,12.31,corn-mato-grosso,corn,-13.5,-56,NASA POWER MERRA-2 PRECTOTCORR
2009-01-29,3.65,corn-mato-grosso,corn,-13.5,-56,NASA POWER MERRA-2 PRECTOTCORR
2009-01-30,4.1,corn-mato-grosso,corn,-13.5,-56,NASA POWER MERRA-2 PRECTOTCORR
2009-01-31,13.74,corn-mato-grosso,corn,-13.5,-56,NASA POWER MERRA-2 PRECTOTCORR
2009-02-01,0.83,corn-mato-grosso,corn,-13.5,-56,NASA POWER MERRA-2 PRECTOTCORR
2009-02-02,9.96,corn-mato-grosso,corn,-13.5,-56,NASA POWER MERRA-2 PRECTOTCORR
2009-02-03,2.9,corn-mato-grosso,corn,-13.5,-56,NASA POWER MERRA-2 PRECTOTCORR
2009-02-04,3.55,corn-mato-grosso,corn,-13.5,-56,NASA POWER MERRA-2 PRECTOTCORR
2009-02-05,3.31,corn-mato-grosso,corn,-13.5,-56,NASA POWER MERRA-2 PRECTOTCORR
2009-02-06,52.03,corn-mato-grosso,corn,-13.5,-56,NASA POWER MERRA-2 PRECTOTCORR
2009-02-07,12.3,corn-mato-grosso,corn,-13.5,-56,NASA POWER MERRA-2 PRECTOTCORR
2009-02-08,13.75,corn-mato-grosso,corn,-13.5,-56,NASA POWER MERRA-2 PRECTOTCORR
2009-02-09,12.32,corn-mato-grosso,corn,-13.5,-56,NASA POWER MERRA-2 PRECTOTCORR
2009-02-10,15.94,corn-mato-grosso,corn,-13.5,-56,NASA POWER MERRA-2 PRECTOTCORR
2009-02-11,0.14,corn-mato-grosso,corn,-13.5,-56,NASA POWER MERRA-2 PRECTOTCORR
2009-02-12,6.43,corn-mato-grosso,corn,-13.5,-56,NASA POWER MERRA-2 PRECTOTCORR
2009-02-13,34.29,corn-mato-grosso,corn,-13.5,-56,NASA POWER MERRA-2 PRECTOTCORR
2009-02-14,28.69,corn-mato-grosso,corn,-13.5,-56,NASA POWER MERRA-2 PRECTOTCORR
2009-02-15,30.07,corn-mato-grosso,corn,-13.5,-56,NASA POWER MERRA-2 PRECTOTCORR
2009-02-16,18.94,corn-mato-grosso,corn,-13.5,-56,NASA POWER MERRA-2 PRECTOTCORR
2009-02-17,31.67,corn-mato-grosso,corn,-13.5,-56,NASA POWER MERRA-2 PRECTOTCORR
2009-02-18,27.06,corn-mato-grosso,corn,-13.5,-56,NASA POWER MERRA-2 PRECTOTCORR
2009-02-19,0.57,corn-mato-grosso,corn,-13.5,-56,NASA POWER MERRA-2 PRECTOTCORR
2009-02-20,0,corn-mato-grosso,corn,-13.5,-56,NASA POWER MERRA-2 PRECTOTCORR
2009-02-21,6.08,corn-mato-grosso,corn,-13.5,-56,NASA POWER MERRA-2 PRECTOTCORR
2009-02-22,0.74,corn-mato-grosso,corn,-13.5,-56,NASA POWER MERRA-2 PRECTOTCORR
2009-02-23,6.56,corn-mato-grosso,corn,-13.5,-56,NASA POWER MERRA-2 PRECTOTCORR
2009-02-24,14.56,corn-mato-grosso,corn,-13.5,-56,NASA POWER MERRA-2 PRECTOTCORR
2009-02-25,5.49,corn-mato-grosso,corn,-13.5,-56,NASA POWER MERRA-2 PRECTOTCORR
2009-02-26,12.37,corn-mato-grosso,corn,-13.5,-56,NASA POWER MERRA-2 PRECTOTCORR
2009-02-27,7.68,corn-mato-grosso,corn,-13.5,-56,NASA POWER MERRA-2 PRECTOTCORR
2009-02-28,0.02,corn-mato-grosso,corn,-13.5,-56,NASA POWER MERRA-2 PRECTOTCORR
2009-03-01,0.01,corn-mato-grosso,corn,-13.5,-56,NASA POWER MERRA-2 PRECTOTCORR
2009-03-02,0.35,corn-mato-grosso,corn,-13.5,-56,NASA POWER MERRA-2 PRECTOTCORR
2009-03-03,0.58,corn-mato-grosso,corn,-13.5,-56,NASA POWER MERRA-2 PRECTOTCORR
2009-03-04,0.3,corn-mato-grosso,corn,-13.5,-56,NASA POWER MERRA-2 PRECTOTCORR
2009-03-05,1.53,corn-mato-grosso,corn,-13.5,-56,NASA POWER MERRA-2 PRECTOTCORR
2009-03-06,7.33,corn-mato-grosso,corn,-13.5,-56,NASA POWER MERRA-2 PRECTOTCORR
2009-03-07,25.1,corn-mato-grosso,corn,-13.5,-56,NASA POWER MERRA-2 PRECTOTCORR
2009-03-08,1.55,corn-mato-grosso,corn,-13.5,-56,NASA POWER MERRA-2 PRECTOTCORR
2009-03-09,12.4,corn-mato-grosso,corn,-13.5,-56,NASA POWER MERRA-2 PRECTOTCORR
2009-03-10,15.65,corn-mato-grosso,corn,-13.5,-56,NASA POWER MERRA-2 PRECTOTCORR
2009-03-11,8.43,corn-mato-grosso,corn,-13.5,-56,NASA POWER MERRA-2 PRECTOTCORR
2009-03-12,14.99,corn-mato-grosso,corn,-13.5,-56,NASA POWER MERRA-2 PRECTOTCORR
2009-03-13,13.53,corn-mato-grosso,corn,-13.5,-56,NASA POWER MERRA-2 PRECTOTCORR
2009-03-14,0.11,corn-mato-grosso,corn,-13.5,-56,NASA POWER MERRA-2 PRECTOTCORR
2009-03-15,2.45,corn-mato-grosso,corn,-13.5,-56,NASA POWER MERRA-2 PRECTOTCORR
2009-03-16,3.73,corn-mato-grosso,corn,-13.5,-56,NASA POWER MERRA-2 PRECTOTCORR
2009-03-17,29.12,corn-mato-grosso,corn,-13.5,-56,NASA POWER MERRA-2 PRECTOTCORR
2009-03-18,3.47,corn-mato-grosso,corn,-13.5,-56,NASA POWER MERRA-2 PRECTOTCORR
2009-03-19,13.79,corn-mato-grosso,corn,-13.5,-56,NASA POWER MERRA-2 PRECTOTCORR
2009-03-20,3.77,corn-mato-grosso,corn,-13.5,-56,NASA POWER MERRA-2 PRECTOTCORR
2009-03-21,2.94,corn-mato-grosso,corn,-13.5,-56,NASA POWER MERRA-2 PRECTOTCORR
2009-03-22,1.18,corn-mato-grosso,corn,-13.5,-56,NASA POWER MERRA-2 PRECTOTCORR
2009-03-23,1.31,corn-mato-grosso,corn,-13.5,-56,NASA POWER MERRA-2 PRECTOTCORR
2009-03-24,5.47,corn-mato-grosso,corn,-13.5,-56,NASA POWER MERRA-2 PRECTOTCORR
2009-03-25,32.79,corn-mato-grosso,corn,-13.5,-56,NASA POWER MERRA-2 PRECTOTCORR
2009-03-26,35.68,corn-mato-grosso,corn,-13.5,-56,NASA POWER MERRA-2 PRECTOTCORR
2009-03-27,24.97,corn-mato-grosso,corn,-13.5,-56,NASA POWER MERRA-2 PRECTOTCORR
2009-03-28,14.07,corn-mato-grosso,corn,-13.5,-56,NASA POWER MERRA-2 PRECTOTCORR
2009-03-29,6.01,corn-mato-grosso,corn,-13.5,-56,NASA POWER MERRA-2 PRECTOTCORR
2009-03-30,0.29,corn-mato-grosso,corn,-13.5,-56,NASA POWER MERRA-2 PRECTOTCORR
2009-03-31,6.82,corn-mato-grosso,corn,-13.5,-56,NASA POWER MERRA-2 PRECTOTCORR
2009-04-01,9.93,corn-mato-grosso,corn,-13.5,-56,NASA POWER MERRA-2 PRECTOTCORR
2009-04-02,7.3,corn-mato-grosso,corn,-13.5,-56,NASA POWER MERRA-2 PRECTOTCORR
2009-04-03,12.6,corn-mato-grosso,corn,-13.5,-56,NASA POWER MERRA-2 PRECTOTCORR
2009-04-04,0.89,corn-mato-grosso,corn,-13.5,-56,NASA POWER MERRA-2 PRECTOTCORR
2009-04-05,20.67,corn-mato-grosso,corn,-13.5,-56,NASA POWER MERRA-2 PRECTOTCORR
2009-04-06,0.21,corn-mato-grosso,corn,-13.5,-56,NASA POWER MERRA-2 PRECTOTCORR
2009-04-07,9.03,corn-mato-grosso,corn,-13.5,-56,NASA POWER MERRA-2 PRECTOTCORR
2009-04-08,17.63,corn-mato-grosso,corn,-13.5,-56,NASA POWER MERRA-2 PRECTOTCORR
2009-04-09,2.69,corn-mato-grosso,corn,-13.5,-56,NASA POWER MERRA-2 PRECTOTCORR
2009-04-10,3.04,corn-mato-grosso,corn,-13.5,-56,NASA POWER MERRA-2 PRECTOTCORR
2009-04-11,3.07,corn-mato-grosso,corn,-13.5,-56,NASA POWER MERRA-2 PRECTOTCORR
2009-04-12,3.39,corn-mato-grosso,corn,-13.5,-56,NASA POWER MERRA-2 PRECTOTCORR
2009-04-13,9.78,corn-mato-grosso,corn,-13.5,-56,NASA POWER MERRA-2 PRECTOTCORR
2009-04-14,4.66,corn-mato-grosso,corn,-13.5,-56,NASA POWER MERRA-2 PRECTOTCORR
2009-04-15,0.4,corn-mato-grosso,corn,-13.5,-56,NASA POWER MERRA-2 PRECTOTCORR
2009-04-16,1.98,corn-mato-grosso,corn,-13.5,-56,NASA POWER MERRA-2 PRECTOTCORR
2009-04-17,7.99,corn-mato-grosso,corn,-13.5,-56,NASA POWER MERRA-2 PRECTOTCORR
2009-04-18,1.12,corn-mato-grosso,corn,-13.5,-56,NASA POWER MERRA-2 PRECTOTCORR
2009-04-19,0.01,corn-mato-grosso,corn,-13.5,-56,NASA POWER MERRA-2 PRECTOTCORR
2009-04-20,0.22,corn-mato-grosso,corn,-13.5,-56,NASA POWER MERRA-2 PRECTOTCORR
2009-04-21,0,corn-mato-grosso,corn,-13.5,-56,NASA POWER MERRA-2 PRECTOTCORR
2009-04-22,0.9,corn-mato-grosso,corn,-13.5,-56,NASA POWER MERRA-2 PRECTOTCORR
2009-04-23,2.1,corn-mato-grosso,corn,-13.5,-56,NASA POWER MERRA-2 PRECTOTCORR
2009-04-24,0.24,corn-mato-grosso,corn,-13.5,-56,NASA POWER MERRA-2 PRECTOTCORR
2009-04-25,0,corn-mato-grosso,corn,-13.5,-56,NASA POWER MERRA-2 PRECTOTCORR
2009-04-26,3.32,corn-mato-grosso,corn,-13.5,-56,NASA POWER MERRA-2 PRECTOTCORR
2009-04-27,0.28,corn-mato-grosso,corn,-13.5,-56,NASA POWER MERRA-2 PRECTOTCORR
2009-04-28,0,corn-mato-grosso,corn,-13.5,-56,NASA POWER MERRA-2 PRECTOTCORR
2009-04-29,0,corn-mato-grosso,corn,-13.5,-56,NASA POWER MERRA-2 PRECTOTCORR
2009-04-30,0,corn-mato-grosso,corn,-13.5,-56,NASA POWER MERRA-2 PRECTOTCORR
2009-05-01,0,corn-mato-grosso,corn,-13.5,-56,NASA POWER MERRA-2 PRECTOTCORR
2009-05-02,0.05,corn-mato-grosso,corn,-13.5,-56,NASA POWER MERRA-2 PRECTOTCORR
2009-05-03,0.5,corn-mato-grosso,corn,-13.5,-56,NASA POWER MERRA-2 PRECTOTCORR
2009-05-04,0.1,corn-mato-grosso,corn,-13.5,-56,NASA POWER MERRA-2 PRECTOTCORR
2009-05-05,0,corn-mato-grosso,corn,-13.5,-56,NASA POWER MERRA-2 PRECTOTCORR
2009-05-06,0,corn-mato-grosso,corn,-13.5,-56,NASA POWER MERRA-2 PRECTOTCORR
2009-05-07,0,corn-mato-grosso,corn,-13.5,-56,NASA POWER MERRA-2 PRECTOTCORR
2009-05-08,0.07,corn-mato-grosso,corn,-13.5,-56,NASA POWER MERRA-2 PRECTOTCORR
2009-05-09,0.12,corn-mato-grosso,corn,-13.5,-56,NASA POWER MERRA-2 PRECTOTCORR
2009-05-10,0.14,corn-mato-grosso,corn,-13.5,-56,NASA POWER MERRA-2 PRECTOTCORR
2009-05-11,2.13,corn-mato-grosso,corn,-13.5,-56,NASA POWER MERRA-2 PRECTOTCORR
2009-05-12,0.22,corn-mato-grosso,corn,-13.5,-56,NASA POWER MERRA-2 PRECTOTCORR
2009-05-13,0.34,corn-mato-grosso,corn,-13.5,-56,NASA POWER MERRA-2 PRECTOTCORR
2009-05-14,20.37,corn-mato-grosso,corn,-13.5,-56,NASA POWER MERRA-2 PRECTOTCORR
2009-05-15,7.62,corn-mato-grosso,corn,-13.5,-56,NASA POWER MERRA-2 PRECTOTCORR
2009-05-16,0.13,corn-mato-grosso,corn,-13.5,-56,NASA POWER MERRA-2 PRECTOTCORR
2009-05-17,0,corn-mato-grosso,corn,-13.5,-56,NASA POWER MERRA-2 PRECTOTCORR
2009-05-18,0.03,corn-mato-grosso,corn,-13.5,-56,NASA POWER MERRA-2 PRECTOTCORR
2009-05-19,0.02,corn-mato-grosso,corn,-13.5,-56,NASA POWER MERRA-2 PRECTOTCORR
2009-05-20,0,corn-mato-grosso,corn,-13.5,-56,NASA POWER MERRA-2 PRECTOTCORR
2009-05-21,0,corn-mato-grosso,corn,-13.5,-56,NASA POWER MERRA-2 PRECTOTCORR
2009-05-22,0,corn-mato-grosso,corn,-13.5,-56,NASA POWER MERRA-2 PRECTOTCORR
2009-05-23,0.02,corn-mato-grosso,corn,-13.5,-56,NASA POWER MERRA-2 PRECTOTCORR
2009-05-24,0,corn-mato-grosso,corn,-13.5,-56,NASA POWER MERRA-2 PRECTOTCORR
2009-05-25,0,corn-mato-grosso,corn,-13.5,-56,NASA POWER MERRA-2 PRECTOTCORR
2009-05-26,0.01,corn-mato-grosso,corn,-13.5,-56,NASA POWER MERRA-2 PRECTOTCORR
2009-05-27,0,corn-mato-grosso,corn,-13.5,-56,NASA POWER MERRA-2 PRECTOTCORR
2009-05-28,0.67,corn-mato-grosso,corn,-13.5,-56,NASA POWER MERRA-2 PRECTOTCORR
2009-05-29,1.82,corn-mato-grosso,corn,-13.5,-56,NASA POWER MERRA-2 PRECTOTCORR
2009-05-30,0.07,corn-mato-grosso,corn,-13.5,-56,NASA POWER MERRA-2 PRECTOTCORR
2009-05-31,0,corn-mato-grosso,corn,-13.5,-56,NASA POWER MERRA-2 PRECTOTCORR
2009-06-01,0,corn-mato-grosso,corn,-13.5,-56,NASA POWER MERRA-2 PRECTOTCORR
2009-06-02,0.55,corn-mato-grosso,corn,-13.5,-56,NASA POWER MERRA-2 PRECTOTCORR
2009-06-03,0.06,corn-mato-grosso,corn,-13.5,-56,NASA POWER MERRA-2 PRECTOTCORR
2009-06-04,0,corn-mato-grosso,corn,-13.5,-56,NASA POWER MERRA-2 PRECTOTCORR
2009-06-05,0.01,corn-mato-grosso,corn,-13.5,-56,NASA POWER MERRA-2 PRECTOTCORR
2009-06-06,0,corn-mato-grosso,corn,-13.5,-56,NASA POWER MERRA-2 PRECTOTCORR
2009-06-07,0,corn-mato-grosso,corn,-13.5,-56,NASA POWER MERRA-2 PRECTOTCORR
2009-06-08,0,corn-mato-grosso,corn,-13.5,-56,NASA POWER MERRA-2 PRECTOTCORR
2009-06-09,0,corn-mato-grosso,corn,-13.5,-56,NASA POWER MERRA-2 PRECTOTCORR
2009-06-10,0,corn-mato-grosso,corn,-13.5,-56,NASA POWER MERRA-2 PRECTOTCORR
2009-06-11,0,corn-mato-grosso,corn,-13.5,-56,NASA POWER MERRA-2 PRECTOTCORR
2009-06-12,0.02,corn-mato-grosso,corn,-13.5,-56,NASA POWER MERRA-2 PRECTOTCORR
2009-06-13,0,corn-mato-grosso,corn,-13.5,-56,NASA POWER MERRA-2 PRECTOTCORR
2009-06-14,0,corn-mato-grosso,corn,-13.5,-56,NASA POWER MERRA-2 PRECTOTCORR
2009-06-15,13.01,corn-mato-grosso,corn,-13.5,-56,NASA POWER MERRA-2 PRECTOTCORR
2009-06-16,8.62,corn-mato-grosso,corn,-13.5,-56,NASA POWER MERRA-2 PRECTOTCORR
2009-06-17,0.93,corn-mato-grosso,corn,-13.5,-56,NASA POWER MERRA-2 PRECTOTCORR
2009-06-18,0.06,corn-mato-grosso,corn,-13.5,-56,NASA POWER MERRA-2 PRECTOTCORR
2009-06-19,0.03,corn-mato-grosso,corn,-13.5,-56,NASA POWER MERRA-2 PRECTOTCORR
2009-06-20,0.01,corn-mato-grosso,corn,-13.5,-56,NASA POWER MERRA-2 PRECTOTCORR
2009-06-21,0,corn-mato-grosso,corn,-13.5,-56,NASA POWER MERRA-2 PRECTOTCORR
2009-06-22,0,corn-mato-grosso,corn,-13.5,-56,NASA POWER MERRA-2 PRECTOTCORR
2009-06-23,0,corn-mato-grosso,corn,-13.5,-56,NASA POWER MERRA-2 PRECTOTCORR
2009-06-24,0,corn-mato-grosso,corn,-13.5,-56,NASA POWER MERRA-2 PRECTOTCORR
2009-06-25,0,corn-mato-grosso,corn,-13.5,-56,NASA POWER MERRA-2 PRECTOTCORR
2009-06-26,0,corn-mato-grosso,corn,-13.5,-56,NASA POWER MERRA-2 PRECTOTCORR
2009-06-27,0,corn-mato-grosso,corn,-13.5,-56,NASA POWER MERRA-2 PRECTOTCORR
2009-06-28,0,corn-mato-grosso,corn,-13.5,-56,NASA POWER MERRA-2 PRECTOTCORR
2009-06-29,0,corn-mato-grosso,corn,-13.5,-56,NASA POWER MERRA-2 PRECTOTCORR
2009-06-30,0,corn-mato-grosso,corn,-13.5,-56,NASA POWER MERRA-2 PRECTOTCORR
2009-07-01,0,corn-mato-grosso,corn,-13.5,-56,NASA POWER MERRA-2 PRECTOTCORR
2009-07-02,0,corn-mato-grosso,corn,-13.5,-56,NASA POWER MERRA-2 PRECTOTCORR
2009-07-03,0,corn-mato-grosso,corn,-13.5,-56,NASA POWER MERRA-2 PRECTOTCORR
2009-07-04,0,corn-mato-grosso,corn,-13.5,-56,NASA POWER MERRA-2 PRECTOTCORR
2009-07-05,0,corn-mato-grosso,corn,-13.5,-56,NASA POWER MERRA-2 PRECTOTCORR
2009-07-06,0,corn-mato-grosso,corn,-13.5,-56,NASA POWER MERRA-2 PRECTOTCORR
2009-07-07,0,corn-mato-grosso,corn,-13.5,-56,NASA POWER MERRA-2 PRECTOTCORR
2009-07-08,0,corn-mato-grosso,corn,-13.5,-56,NASA POWER MERRA-2 PRECTOTCORR
2009-07-09,0,corn-mato-grosso,corn,-13.5,-56,NASA POWER MERRA-2 PRECTOTCORR
2009-07-10,0,corn-mato-grosso,corn,-13.5,-56,NASA POWER MERRA-2 PRECTOTCORR
2009-07-11,4.03,corn-mato-grosso,corn,-13.5,-56,NASA POWER MERRA-2 PRECTOTCORR
2009-07-12,0,corn-mato-grosso,corn,-13.5,-56,NASA POWER MERRA-2 PRECTOTCORR
2009-07-13,0,corn-mato-grosso,corn,-13.5,-56,NASA POWER MERRA-2 PRECTOTCORR
2009-07-14,0,corn-mato-grosso,corn,-13.5,-56,NASA POWER MERRA-2 PRECTOTCORR
2009-07-15,0,corn-mato-grosso,corn,-13.5,-56,NASA POWER MERRA-2 PRECTOTCORR
2009-07-16,0,corn-mato-grosso,corn,-13.5,-56,NASA POWER MERRA-2 PRECTOTCORR
2009-07-17,0,corn-mato-grosso,corn,-13.5,-56,NASA POWER MERRA-2 PRECTOTCORR
2009-07-18,0,corn-mato-grosso,corn,-13.5,-56,NASA POWER MERRA-2 PRECTOTCORR
2009-07-19,0,corn-mato-grosso,corn,-13.5,-56,NASA POWER MERRA-2 PRECTOTCORR
2009-07-20,0,corn-mato-grosso,corn,-13.5,-56,NASA POWER MERRA-2 PRECTOTCORR
2009-07-21,0,corn-mato-grosso,corn,-13.5,-56,NASA POWER MERRA-2 PRECTOTCORR
2009-07-22,0,corn-mato-grosso,corn,-13.5,-56,NASA POWER MERRA-2 PRECTOTCORR
2009-07-23,0.01,corn-mato-grosso,corn,-13.5,-56,NASA POWER MERRA-2 PRECTOTCORR
2009-07-24,0.1,corn-mato-grosso,corn,-13.5,-56,NASA POWER MERRA-2 PRECTOTCORR
2009-07-25,0,corn-mato-grosso,corn,-13.5,-56,NASA POWER MERRA-2 PRECTOTCORR
2009-07-26,0,corn-mato-grosso,corn,-13.5,-56,NASA POWER MERRA-2 PRECTOTCORR
2009-07-27,0,corn-mato-grosso,corn,-13.5,-56,NASA POWER MERRA-2 PRECTOTCORR
2009-07-28,0,corn-mato-grosso,corn,-13.5,-56,NASA POWER MERRA-2 PRECTOTCORR
2009-07-29,0,corn-mato-grosso,corn,-13.5,-56,NASA POWER MERRA-2 PRECTOTCORR
2009-07-30,0,corn-mato-grosso,corn,-13.5,-56,NASA POWER MERRA-2 PRECTOTCORR
2009-07-31,0,corn-mato-grosso,corn,-13.5,-56,NASA POWER MERRA-2 PRECTOTCORR
2009-08-01,0,corn-mato-grosso,corn,-13.5,-56,NASA POWER MERRA-2 PRECTOTCORR
2009-08-02,0,corn-mato-grosso,corn,-13.5,-56,NASA POWER MERRA-2 PRECTOTCORR
2009-08-03,0,corn-mato-grosso,corn,-13.5,-56,NASA POWER MERRA-2 PRECTOTCORR
2009-08-04,0,corn-mato-grosso,corn,-13.5,-56,NASA POWER MERRA-2 PRECTOTCORR
2009-08-05,0,corn-mato-grosso,corn,-13.5,-56,NASA POWER MERRA-2 PRECTOTCORR
2009-08-06,0,corn-mato-grosso,corn,-13.5,-56,NASA POWER MERRA-2 PRECTOTCORR
2009-08-07,0,corn-mato-grosso,corn,-13.5,-56,NASA POWER MERRA-2 PRECTOTCORR
2009-08-08,0,corn-mato-grosso,corn,-13.5,-56,NASA POWER MERRA-2 PRECTOTCORR
2009-08-09,0,corn-mato-grosso,corn,-13.5,-56,NASA POWER MERRA-2 PRECTOTCORR
2009-08-10,0,corn-mato-grosso,corn,-13.5,-56,NASA POWER MERRA-2 PRECTOTCORR
2009-08-11,0,corn-mato-grosso,corn,-13.5,-56,NASA POWER MERRA-2 PRECTOTCORR
2009-08-12,0,corn-mato-grosso,corn,-13.5,-56,NASA POWER MERRA-2 PRECTOTCORR
2009-08-13,0,corn-mato-grosso,corn,-13.5,-56,NASA POWER MERRA-2 PRECTOTCORR
2009-08-14,0,corn-mato-grosso,corn,-13.5,-56,NASA POWER MERRA-2 PRECTOTCORR
2009-08-15,0,corn-mato-grosso,corn,-13.5,-56,NASA POWER MERRA-2 PRECTOTCORR
2009-08-16,0,corn-mato-grosso,corn,-13.5,-56,NASA POWER MERRA-2 PRECTOTCORR
2009-08-17,0,corn-mato-grosso,corn,-13.5,-56,NASA POWER MERRA-2 PRECTOTCORR
2009-08-18,0,corn-mato-grosso,corn,-13.5,-56,NASA POWER MERRA-2 PRECTOTCORR
2009-08-19,0,corn-mato-grosso,corn,-13.5,-56,NASA POWER MERRA-2 PRECTOTCORR
2009-08-20,17.5,corn-mato-grosso,corn,-13.5,-56,NASA POWER MERRA-2 PRECTOTCORR
2009-08-21,5.52,corn-mato-grosso,corn,-13.5,-56,NASA POWER MERRA-2 PRECTOTCORR
2009-08-22,0,corn-mato-grosso,corn,-13.5,-56,NASA POWER MERRA-2 PRECTOTCORR
2009-08-23,5.65,corn-mato-grosso,corn,-13.5,-56,NASA POWER MERRA-2 PRECTOTCORR
2009-08-24,24.69,corn-mato-grosso,corn,-13.5,-56,NASA POWER MERRA-2 PRECTOTCORR
2009-08-25,9.55,corn-mato-grosso,corn,-13.5,-56,NASA POWER MERRA-2 PRECTOTCORR
2009-08-26,0,corn-mato-grosso,corn,-13.5,-56,NASA POWER MERRA-2 PRECTOTCORR
2009-08-27,0,corn-mato-grosso,corn,-13.5,-56,NASA POWER MERRA-2 PRECTOTCORR
2009-08-28,0,corn-mato-grosso,corn,-13.5,-56,NASA POWER MERRA-2 PRECTOTCORR
2009-08-29,0.01,corn-mato-grosso,corn,-13.5,-56,NASA POWER MERRA-2 PRECTOTCORR
2009-08-30,11.95,corn-mato-grosso,corn,-13.5,-56,NASA POWER MERRA-2 PRECTOTCORR
2009-08-31,0,corn-mato-grosso,corn,-13.5,-56,NASA POWER MERRA-2 PRECTOTCORR
2009-09-01,1.62,corn-mato-grosso,corn,-13.5,-56,NASA POWER MERRA-2 PRECTOTCORR
2009-09-02,0.02,corn-mato-grosso,corn,-13.5,-56,NASA POWER MERRA-2 PRECTOTCORR
2009-09-03,0,corn-mato-grosso,corn,-13.5,-56,NASA POWER MERRA-2 PRECTOTCORR
2009-09-04,0.11,corn-mato-grosso,corn,-13.5,-56,NASA POWER MERRA-2 PRECTOTCORR
2009-09-05,0.05,corn-mato-grosso,corn,-13.5,-56,NASA POWER MERRA-2 PRECTOTCORR
2009-09-06,1.15,corn-mato-grosso,corn,-13.5,-56,NASA POWER MERRA-2 PRECTOTCORR
2009-09-07,0.01,corn-mato-grosso,corn,-13.5,-56,NASA POWER MERRA-2 PRECTOTCORR
2009-09-08,4.58,corn-mato-grosso,corn,-13.5,-56,NASA POWER MERRA-2 PRECTOTCORR
2009-09-09,4.84,corn-mato-grosso,corn,-13.5,-56,NASA POWER MERRA-2 PRECTOTCORR
2009-09-10,2.35,corn-mato-grosso,corn,-13.5,-56,NASA POWER MERRA-2 PRECTOTCORR
2009-09-11,0.22,corn-mato-grosso,corn,-13.5,-56,NASA POWER MERRA-2 PRECTOTCORR
2009-09-12,0,corn-mato-grosso,corn,-13.5,-56,NASA POWER MERRA-2 PRECTOTCORR
2009-09-13,0,corn-mato-grosso,corn,-13.5,-56,NASA POWER MERRA-2 PRECTOTCORR
2009-09-14,0,corn-mato-grosso,corn,-13.5,-56,NASA POWER MERRA-2 PRECTOTCORR
2009-09-15,0,corn-mato-grosso,corn,-13.5,-56,NASA POWER MERRA-2 PRECTOTCORR
2009-09-16,0.27,corn-mato-grosso,corn,-13.5,-56,NASA POWER MERRA-2 PRECTOTCORR
2009-09-17,1.9,corn-mato-grosso,corn,-13.5,-56,NASA POWER MERRA-2 PRECTOTCORR
2009-09-18,4.36,corn-mato-grosso,corn,-13.5,-56,NASA POWER MERRA-2 PRECTOTCORR
2009-09-19,11.12,corn-mato-grosso,corn,-13.5,-56,NASA POWER MERRA-2 PRECTOTCORR
2009-09-20,9.54,corn-mato-grosso,corn,-13.5,-56,NASA POWER MERRA-2 PRECTOTCORR
2009-09-21,24.83,corn-mato-grosso,corn,-13.5,-56,NASA POWER MERRA-2 PRECTOTCORR
2009-09-22,2.71,corn-mato-grosso,corn,-13.5,-56,NASA POWER MERRA-2 PRECTOTCORR
2009-09-23,27.71,corn-mato-grosso,corn,-13.5,-56,NASA POWER MERRA-2 PRECTOTCORR
2009-09-24,0.09,corn-mato-grosso,corn,-13.5,-56,NASA POWER MERRA-2 PRECTOTCORR
2009-09-25,0,corn-mato-grosso,corn,-13.5,-56,NASA POWER MERRA-2 PRECTOTCORR
2009-09-26,0,corn-mato-grosso,corn,-13.5,-56,NASA POWER MERRA-2 PRECTOTCORR
2009-09-27,0.02,corn-mato-grosso,corn,-13.5,-56,NASA POWER MERRA-2 PRECTOTCORR
2009-09-28,0.11,corn-mato-grosso,corn,-13.5,-56,NASA POWER MERRA-2 PRECTOTCORR
2009-09-29,0.82,corn-mato-grosso,corn,-13.5,-56,NASA POWER MERRA-2 PRECTOTCORR
2009-09-30,0.04,corn-mato-grosso,corn,-13.5,-56,NASA POWER MERRA-2 PRECTOTCORR
2009-10-01,1.14,corn-mato-grosso,corn,-13.5,-56,NASA POWER MERRA-2 PRECTOTCORR
2009-10-02,1.36,corn-mato-grosso,corn,-13.5,-56,NASA POWER MERRA-2 PRECTOTCORR
2009-10-03,0.05,corn-mato-grosso,corn,-13.5,-56,NASA POWER MERRA-2 PRECTOTCORR
2009-10-04,2.37,corn-mato-grosso,corn,-13.5,-56,NASA POWER MERRA-2 PRECTOTCORR
2009-10-05,2.39,corn-mato-grosso,corn,-13.5,-56,NASA POWER MERRA-2 PRECTOTCORR
2009-10-06,0.59,corn-mato-grosso,corn,-13.5,-56,NASA POWER MERRA-2 PRECTOTCORR
2009-10-07,7.98,corn-mato-grosso,corn,-13.5,-56,NASA POWER MERRA-2 PRECTOTCORR
2009-10-08,0.06,corn-mato-grosso,corn,-13.5,-56,NASA POWER MERRA-2 PRECTOTCORR
2009-10-09,0.5,corn-mato-grosso,corn,-13.5,-56,NASA POWER MERRA-2 PRECTOTCORR
2009-10-10,0.02,corn-mato-grosso,corn,-13.5,-56,NASA POWER MERRA-2 PRECTOTCORR
2009-10-11,0.06,corn-mato-grosso,corn,-13.5,-56,NASA POWER MERRA-2 PRECTOTCORR
2009-10-12,33.27,corn-mato-grosso,corn,-13.5,-56,NASA POWER MERRA-2 PRECTOTCORR
2009-10-13,0.8,corn-mato-grosso,corn,-13.5,-56,NASA POWER MERRA-2 PRECTOTCORR
2009-10-14,0,corn-mato-grosso,corn,-13.5,-56,NASA POWER MERRA-2 PRECTOTCORR
2009-10-15,1.42,corn-mato-grosso,corn,-13.5,-56,NASA POWER MERRA-2 PRECTOTCORR
2009-10-16,6.2,corn-mato-grosso,corn,-13.5,-56,NASA POWER MERRA-2 PRECTOTCORR
2009-10-17,0.88,corn-mato-grosso,corn,-13.5,-56,NASA POWER MERRA-2 PRECTOTCORR
2009-10-18,6.3,corn-mato-grosso,corn,-13.5,-56,NASA POWER MERRA-2 PRECTOTCORR
2009-10-19,6.35,corn-mato-grosso,corn,-13.5,-56,NASA POWER MERRA-2 PRECTOTCORR
2009-10-20,22.47,corn-mato-grosso,corn,-13.5,-56,NASA POWER MERRA-2 PRECTOTCORR
2009-10-21,2.78,corn-mato-grosso,corn,-13.5,-56,NASA POWER MERRA-2 PRECTOTCORR
2009-10-22,0.49,corn-mato-grosso,corn,-13.5,-56,NASA POWER MERRA-2 PRECTOTCORR
2009-10-23,3.69,corn-mato-grosso,corn,-13.5,-56,NASA POWER MERRA-2 PRECTOTCORR
2009-10-24,0,corn-mato-grosso,corn,-13.5,-56,NASA POWER MERRA-2 PRECTOTCORR
2009-10-25,0,corn-mato-grosso,corn,-13.5,-56,NASA POWER MERRA-2 PRECTOTCORR
2009-10-26,13.84,corn-mato-grosso,corn,-13.5,-56,NASA POWER MERRA-2 PRECTOTCORR
2009-10-27,0.37,corn-mato-grosso,corn,-13.5,-56,NASA POWER MERRA-2 PRECTOTCORR
2009-10-28,13.55,corn-mato-grosso,corn,-13.5,-56,NASA POWER MERRA-2 PRECTOTCORR
2009-10-29,3.54,corn-mato-grosso,corn,-13.5,-56,NASA POWER MERRA-2 PRECTOTCORR
2009-10-30,24.76,corn-mato-grosso,corn,-13.5,-56,NASA POWER MERRA-2 PRECTOTCORR
2009-10-31,4.05,corn-mato-grosso,corn,-13.5,-56,NASA POWER MERRA-2 PRECTOTCORR
2009-11-01,0.26,corn-mato-grosso,corn,-13.5,-56,NASA POWER MERRA-2 PRECTOTCORR
2009-11-02,2.44,corn-mato-grosso,corn,-13.5,-56,NASA POWER MERRA-2 PRECTOTCORR
2009-11-03,4.17,corn-mato-grosso,corn,-13.5,-56,NASA POWER MERRA-2 PRECTOTCORR
2009-11-04,1.6,corn-mato-grosso,corn,-13.5,-56,NASA POWER MERRA-2 PRECTOTCORR
2009-11-05,2.73,corn-mato-grosso,corn,-13.5,-56,NASA POWER MERRA-2 PRECTOTCORR
2009-11-06,23.95,corn-mato-grosso,corn,-13.5,-56,NASA POWER MERRA-2 PRECTOTCORR
2009-11-07,6.11,corn-mato-grosso,corn,-13.5,-56,NASA POWER MERRA-2 PRECTOTCORR
2009-11-08,0.88,corn-mato-grosso,corn,-13.5,-56,NASA POWER MERRA-2 PRECTOTCORR
2009-11-09,14.07,corn-mato-grosso,corn,-13.5,-56,NASA POWER MERRA-2 PRECTOTCORR
2009-11-10,2.77,corn-mato-grosso,corn,-13.5,-56,NASA POWER MERRA-2 PRECTOTCORR
2009-11-11,0.17,corn-mato-grosso,corn,-13.5,-56,NASA POWER MERRA-2 PRECTOTCORR
2009-11-12,0,corn-mato-grosso,corn,-13.5,-56,NASA POWER MERRA-2 PRECTOTCORR
2009-11-13,36.15,corn-mato-grosso,corn,-13.5,-56,NASA POWER MERRA-2 PRECTOTCORR
2009-11-14,4.42,corn-mato-grosso,corn,-13.5,-56,NASA POWER MERRA-2 PRECTOTCORR
2009-11-15,0.51,corn-mato-grosso,corn,-13.5,-56,NASA POWER MERRA-2 PRECTOTCORR
2009-11-16,0.53,corn-mato-grosso,corn,-13.5,-56,NASA POWER MERRA-2 PRECTOTCORR
2009-11-17,0.04,corn-mato-grosso,corn,-13.5,-56,NASA POWER MERRA-2 PRECTOTCORR
2009-11-18,0.14,corn-mato-grosso,corn,-13.5,-56,NASA POWER MERRA-2 PRECTOTCORR
2009-11-19,4.44,corn-mato-grosso,corn,-13.5,-56,NASA POWER MERRA-2 PRECTOTCORR
2009-11-20,3.41,corn-mato-grosso,corn,-13.5,-56,NASA POWER MERRA-2 PRECTOTCORR
2009-11-21,0.04,corn-mato-grosso,corn,-13.5,-56,NASA POWER MERRA-2 PRECTOTCORR
2009-11-22,0,corn-mato-grosso,corn,-13.5,-56,NASA POWER MERRA-2 PRECTOTCORR
2009-11-23,1.62,corn-mato-grosso,corn,-13.5,-56,NASA POWER MERRA-2 PRECTOTCORR
2009-11-24,17.52,corn-mato-grosso,corn,-13.5,-56,NASA POWER MERRA-2 PRECTOTCORR
2009-11-25,13.92,corn-mato-grosso,corn,-13.5,-56,NASA POWER MERRA-2 PRECTOTCORR
2009-11-26,4.08,corn-mato-grosso,corn,-13.5,-56,NASA POWER MERRA-2 PRECTOTCORR
2009-11-27,1.43,corn-mato-grosso,corn,-13.5,-56,NASA POWER MERRA-2 PRECTOTCORR
2009-11-28,0.02,corn-mato-grosso,corn,-13.5,-56,NASA POWER MERRA-2 PRECTOTCORR
2009-11-29,2.72,corn-mato-grosso,corn,-13.5,-56,NASA POWER MERRA-2 PRECTOTCORR
2009-11-30,34.86,corn-mato-grosso,corn,-13.5,-56,NASA POWER MERRA-2 PRECTOTCORR
2009-12-01,2,corn-mato-grosso,corn,-13.5,-56,NASA POWER MERRA-2 PRECTOTCORR
2009-12-02,3.43,corn-mato-grosso,corn,-13.5,-56,NASA POWER MERRA-2 PRECTOTCORR
2009-12-03,24.95,corn-mato-grosso,corn,-13.5,-56,NASA POWER MERRA-2 PRECTOTCORR
2009-12-04,42.04,corn-mato-grosso,corn,-13.5,-56,NASA POWER MERRA-2 PRECTOTCORR
2009-12-05,25.78,corn-mato-grosso,corn,-13.5,-56,NASA POWER MERRA-2 PRECTOTCORR
2009-12-06,11.36,corn-mato-grosso,corn,-13.5,-56,NASA POWER MERRA-2 PRECTOTCORR
2009-12-07,26.04,corn-mato-grosso,corn,-13.5,-56,NASA POWER MERRA-2 PRECTOTCORR
2009-12-08,7.95,corn-mato-grosso,corn,-13.5,-56,NASA POWER MERRA-2 PRECTOTCORR
2009-12-09,8.91,corn-mato-grosso,corn,-13.5,-56,NASA POWER MERRA-2 PRECTOTCORR
2009-12-10,12.75,corn-mato-grosso,corn,-13.5,-56,NASA POWER MERRA-2 PRECTOTCORR
2009-12-11,4.2,corn-mato-grosso,corn,-13.5,-56,NASA POWER MERRA-2 PRECTOTCORR
2009-12-12,17.1,corn-mato-grosso,corn,-13.5,-56,NASA POWER MERRA-2 PRECTOTCORR
2009-12-13,4.01,corn-mato-grosso,corn,-13.5,-56,NASA POWER MERRA-2 PRECTOTCORR
2009-12-14,22.38,corn-mato-grosso,corn,-13.5,-56,NASA POWER MERRA-2 PRECTOTCORR
2009-12-15,2.37,corn-mato-grosso,corn,-13.5,-56,NASA POWER MERRA-2 PRECTOTCORR
2009-12-16,7.03,corn-mato-grosso,corn,-13.5,-56,NASA POWER MERRA-2 PRECTOTCORR
2009-12-17,1.09,corn-mato-grosso,corn,-13.5,-56,NASA POWER MERRA-2 PRECTOTCORR
2009-12-18,6.72,corn-mato-grosso,corn,-13.5,-56,NASA POWER MERRA-2 PRECTOTCORR
2009-12-19,9.05,corn-mato-grosso,corn,-13.5,-56,NASA POWER MERRA-2 PRECTOTCORR
2009-12-20,7.54,corn-mato-grosso,corn,-13.5,-56,NASA POWER MERRA-2 PRECTOTCORR
2009-12-21,0.92,corn-mato-grosso,corn,-13.5,-56,NASA POWER MERRA-2 PRECTOTCORR
2009-12-22,4.68,corn-mato-grosso,corn,-13.5,-56,NASA POWER MERRA-2 PRECTOTCORR
2009-12-23,4.97,corn-mato-grosso,corn,-13.5,-56,NASA POWER MERRA-2 PRECTOTCORR
2009-12-24,1.03,corn-mato-grosso,corn,-13.5,-56,NASA POWER MERRA-2 PRECTOTCORR
2009-12-25,0.17,corn-mato-grosso,corn,-13.5,-56,NASA POWER MERRA-2 PRECTOTCORR
2009-12-26,4.25,corn-mato-grosso,corn,-13.5,-56,NASA POWER MERRA-2 PRECTOTCORR
2009-12-27,9.02,corn-mato-grosso,corn,-13.5,-56,NASA POWER MERRA-2 PRECTOTCORR
2009-12-28,9.21,corn-mato-grosso,corn,-13.5,-56,NASA POWER MERRA-2 PRECTOTCORR
2009-12-29,1.24,corn-mato-grosso,corn,-13.5,-56,NASA POWER MERRA-2 PRECTOTCORR
2009-12-30,0.69,corn-mato-grosso,corn,-13.5,-56,NASA POWER MERRA-2 PRECTOTCORR
2009-12-31,1.2,corn-mato-grosso,corn,-13.5,-56,NASA POWER MERRA-2 PRECTOTCORR
2010-01-01,61.2,corn-mato-grosso,corn,-13.5,-56,NASA POWER MERRA-2 PRECTOTCORR
2010-01-02,50.04,corn-mato-grosso,corn,-13.5,-56,NASA POWER MERRA-2 PRECTOTCORR
2010-01-03,8.88,corn-mato-grosso,corn,-13.5,-56,NASA POWER MERRA-2 PRECTOTCORR
2010-01-04,0.89,corn-mato-grosso,corn,-13.5,-56,NASA POWER MERRA-2 PRECTOTCORR
2010-01-05,3.95,corn-mato-grosso,corn,-13.5,-56,NASA POWER MERRA-2 PRECTOTCORR
2010-01-06,6.2,corn-mato-grosso,corn,-13.5,-56,NASA POWER MERRA-2 PRECTOTCORR
2010-01-07,11.67,corn-mato-grosso,corn,-13.5,-56,NASA POWER MERRA-2 PRECTOTCORR
2010-01-08,10.49,corn-mato-grosso,corn,-13.5,-56,NASA POWER MERRA-2 PRECTOTCORR
2010-01-09,21.16,corn-mato-grosso,corn,-13.5,-56,NASA POWER MERRA-2 PRECTOTCORR
2010-01-10,14.23,corn-mato-grosso,corn,-13.5,-56,NASA POWER MERRA-2 PRECTOTCORR
2010-01-11,21.43,corn-mato-grosso,corn,-13.5,-56,NASA POWER MERRA-2 PRECTOTCORR
2010-01-12,22.83,corn-mato-grosso,corn,-13.5,-56,NASA POWER MERRA-2 PRECTOTCORR
2010-01-13,23.97,corn-mato-grosso,corn,-13.5,-56,NASA POWER MERRA-2 PRECTOTCORR
2010-01-14,14.34,corn-mato-grosso,corn,-13.5,-56,NASA POWER MERRA-2 PRECTOTCORR
2010-01-15,4.09,corn-mato-grosso,corn,-13.5,-56,NASA POWER MERRA-2 PRECTOTCORR
2010-01-16,10.49,corn-mato-grosso,corn,-13.5,-56,NASA POWER MERRA-2 PRECTOTCORR
2010-01-17,7.43,corn-mato-grosso,corn,-13.5,-56,NASA POWER MERRA-2 PRECTOTCORR
2010-01-18,2.66,corn-mato-grosso,corn,-13.5,-56,NASA POWER MERRA-2 PRECTOTCORR
2010-01-19,1.25,corn-mato-grosso,corn,-13.5,-56,NASA POWER MERRA-2 PRECTOTCORR
2010-01-20,1.86,corn-mato-grosso,corn,-13.5,-56,NASA POWER MERRA-2 PRECTOTCORR
2010-01-21,23.54,corn-mato-grosso,corn,-13.5,-56,NASA POWER MERRA-2 PRECTOTCORR
2010-01-22,18.62,corn-mato-grosso,corn,-13.5,-56,NASA POWER MERRA-2 PRECTOTCORR
2010-01-23,5.82,corn-mato-grosso,corn,-13.5,-56,NASA POWER MERRA-2 PRECTOTCORR
2010-01-24,8.9,corn-mato-grosso,corn,-13.5,-56,NASA POWER MERRA-2 PRECTOTCORR
2010-01-25,2.84,corn-mato-grosso,corn,-13.5,-56,NASA POWER MERRA-2 PRECTOTCORR
2010-01-26,7.65,corn-mato-grosso,corn,-13.5,-56,NASA POWER MERRA-2 PRECTOTCORR
2010-01-27,3.07,corn-mato-grosso,corn,-13.5,-56,NASA POWER MERRA-2 PRECTOTCORR
2010-01-28,1.71,corn-mato-grosso,corn,-13.5,-56,NASA POWER MERRA-2 PRECTOTCORR
2010-01-29,1.79,corn-mato-grosso,corn,-13.5,-56,NASA POWER MERRA-2 PRECTOTCORR
2010-01-30,35.73,corn-mato-grosso,corn,-13.5,-56,NASA POWER MERRA-2 PRECTOTCORR
2010-01-31,5.43,corn-mato-grosso,corn,-13.5,-56,NASA POWER MERRA-2 PRECTOTCORR
2010-02-01,5.38,corn-mato-grosso,corn,-13.5,-56,NASA POWER MERRA-2 PRECTOTCORR
2010-02-02,2.7,corn-mato-grosso,corn,-13.5,-56,NASA POWER MERRA-2 PRECTOTCORR
2010-02-03,0.08,corn-mato-grosso,corn,-13.5,-56,NASA POWER MERRA-2 PRECTOTCORR
2010-02-04,0.21,corn-mato-grosso,corn,-13.5,-56,NASA POWER MERRA-2 PRECTOTCORR
2010-02-05,0.14,corn-mato-grosso,corn,-13.5,-56,NASA POWER MERRA-2 PRECTOTCORR
2010-02-06,13.67,corn-mato-grosso,corn,-13.5,-56,NASA POWER MERRA-2 PRECTOTCORR
2010-02-07,18.59,corn-mato-grosso,corn,-13.5,-56,NASA POWER MERRA-2 PRECTOTCORR
2010-02-08,1.35,corn-mato-grosso,corn,-13.5,-56,NASA POWER MERRA-2 PRECTOTCORR
2010-02-09,2.74,corn-mato-grosso,corn,-13.5,-56,NASA POWER MERRA-2 PRECTOTCORR
2010-02-10,42.73,corn-mato-grosso,corn,-13.5,-56,NASA POWER MERRA-2 PRECTOTCORR
2010-02-11,36.69,corn-mato-grosso,corn,-13.5,-56,NASA POWER MERRA-2 PRECTOTCORR
2010-02-12,9.62,corn-mato-grosso,corn,-13.5,-56,NASA POWER MERRA-2 PRECTOTCORR
2010-02-13,7.54,corn-mato-grosso,corn,-13.5,-56,NASA POWER MERRA-2 PRECTOTCORR
2010-02-14,28.24,corn-mato-grosso,corn,-13.5,-56,NASA POWER MERRA-2 PRECTOTCORR
2010-02-15,25.82,corn-mato-grosso,corn,-13.5,-56,NASA POWER MERRA-2 PRECTOTCORR
2010-02-16,13.93,corn-mato-grosso,corn,-13.5,-56,NASA POWER MERRA-2 PRECTOTCORR
2010-02-17,1.82,corn-mato-grosso,corn,-13.5,-56,NASA POWER MERRA-2 PRECTOTCORR
2010-02-18,2.38,corn-mato-grosso,corn,-13.5,-56,NASA POWER MERRA-2 PRECTOTCORR
2010-02-19,30.21,corn-mato-grosso,corn,-13.5,-56,NASA POWER MERRA-2 PRECTOTCORR
2010-02-20,7.84,corn-mato-grosso,corn,-13.5,-56,NASA POWER MERRA-2 PRECTOTCORR
2010-02-21,4.95,corn-mato-grosso,corn,-13.5,-56,NASA POWER MERRA-2 PRECTOTCORR
2010-02-22,3.35,corn-mato-grosso,corn,-13.5,-56,NASA POWER MERRA-2 PRECTOTCORR
2010-02-23,0.25,corn-mato-grosso,corn,-13.5,-56,NASA POWER MERRA-2 PRECTOTCORR
2010-02-24,6.92,corn-mato-grosso,corn,-13.5,-56,NASA POWER MERRA-2 PRECTOTCORR
2010-02-25,8.77,corn-mato-grosso,corn,-13.5,-56,NASA POWER MERRA-2 PRECTOTCORR
2010-02-26,19.23,corn-mato-grosso,corn,-13.5,-56,NASA POWER MERRA-2 PRECTOTCORR
2010-02-27,17.76,corn-mato-grosso,corn,-13.5,-56,NASA POWER MERRA-2 PRECTOTCORR
2010-02-28,4.72,corn-mato-grosso,corn,-13.5,-56,NASA POWER MERRA-2 PRECTOTCORR
2010-03-01,3.74,corn-mato-grosso,corn,-13.5,-56,NASA POWER MERRA-2 PRECTOTCORR
2010-03-02,21.37,corn-mato-grosso,corn,-13.5,-56,NASA POWER MERRA-2 PRECTOTCORR
2010-03-03,10.65,corn-mato-grosso,corn,-13.5,-56,NASA POWER MERRA-2 PRECTOTCORR
2010-03-04,18.72,corn-mato-grosso,corn,-13.5,-56,NASA POWER MERRA-2 PRECTOTCORR
2010-03-05,17.21,corn-mato-grosso,corn,-13.5,-56,NASA POWER MERRA-2 PRECTOTCORR
2010-03-06,0.41,corn-mato-grosso,corn,-13.5,-56,NASA POWER MERRA-2 PRECTOTCORR
2010-03-07,3.15,corn-mato-grosso,corn,-13.5,-56,NASA POWER MERRA-2 PRECTOTCORR
2010-03-08,16.54,corn-mato-grosso,corn,-13.5,-56,NASA POWER MERRA-2 PRECTOTCORR
2010-03-09,2.9,corn-mato-grosso,corn,-13.5,-56,NASA POWER MERRA-2 PRECTOTCORR
2010-03-10,1.03,corn-mato-grosso,corn,-13.5,-56,NASA POWER MERRA-2 PRECTOTCORR
2010-03-11,1.28,corn-mato-grosso,corn,-13.5,-56,NASA POWER MERRA-2 PRECTOTCORR
2010-03-12,1.72,corn-mato-grosso,corn,-13.5,-56,NASA POWER MERRA-2 PRECTOTCORR
2010-03-13,0.15,corn-mato-grosso,corn,-13.5,-56,NASA POWER MERRA-2 PRECTOTCORR
2010-03-14,3.87,corn-mato-grosso,corn,-13.5,-56,NASA POWER MERRA-2 PRECTOTCORR
2010-03-15,5.67,corn-mato-grosso,corn,-13.5,-56,NASA POWER MERRA-2 PRECTOTCORR
2010-03-16,5.96,corn-mato-grosso,corn,-13.5,-56,NASA POWER MERRA-2 PRECTOTCORR
2010-03-17,0.48,corn-mato-grosso,corn,-13.5,-56,NASA POWER MERRA-2 PRECTOTCORR
2010-03-18,0.23,corn-mato-grosso,corn,-13.5,-56,NASA POWER MERRA-2 PRECTOTCORR
2010-03-19,1.81,corn-mato-grosso,corn,-13.5,-56,NASA POWER MERRA-2 PRECTOTCORR
2010-03-20,14.14,corn-mato-grosso,corn,-13.5,-56,NASA POWER MERRA-2 PRECTOTCORR
2010-03-21,0.59,corn-mato-grosso,corn,-13.5,-56,NASA POWER MERRA-2 PRECTOTCORR
2010-03-22,2.41,corn-mato-grosso,corn,-13.5,-56,NASA POWER MERRA-2 PRECTOTCORR
2010-03-23,13.53,corn-mato-grosso,corn,-13.5,-56,NASA POWER MERRA-2 PRECTOTCORR
2010-03-24,23.89,corn-mato-grosso,corn,-13.5,-56,NASA POWER MERRA-2 PRECTOTCORR
2010-03-25,24.54,corn-mato-grosso,corn,-13.5,-56,NASA POWER MERRA-2 PRECTOTCORR
2010-03-26,29.18,corn-mato-grosso,corn,-13.5,-56,NASA POWER MERRA-2 PRECTOTCORR
2010-03-27,10.12,corn-mato-grosso,corn,-13.5,-56,NASA POWER MERRA-2 PRECTOTCORR
2010-03-28,7.92,corn-mato-grosso,corn,-13.5,-56,NASA POWER MERRA-2 PRECTOTCORR
2010-03-29,19.01,corn-mato-grosso,corn,-13.5,-56,NASA POWER MERRA-2 PRECTOTCORR
2010-03-30,6.55,corn-mato-grosso,corn,-13.5,-56,NASA POWER MERRA-2 PRECTOTCORR
2010-03-31,2.08,corn-mato-grosso,corn,-13.5,-56,NASA POWER MERRA-2 PRECTOTCORR
2010-04-01,2.53,corn-mato-grosso,corn,-13.5,-56,NASA POWER MERRA-2 PRECTOTCORR
2010-04-02,4.62,corn-mato-grosso,corn,-13.5,-56,NASA POWER MERRA-2 PRECTOTCORR
2010-04-03,3.01,corn-mato-grosso,corn,-13.5,-56,NASA POWER MERRA-2 PRECTOTCORR
2010-04-04,4.81,corn-mato-grosso,corn,-13.5,-56,NASA POWER MERRA-2 PRECTOTCORR
2010-04-05,5.21,corn-mato-grosso,corn,-13.5,-56,NASA POWER MERRA-2 PRECTOTCORR
2010-04-06,0.54,corn-mato-grosso,corn,-13.5,-56,NASA POWER MERRA-2 PRECTOTCORR
2010-04-07,0,corn-mato-grosso,corn,-13.5,-56,NASA POWER MERRA-2 PRECTOTCORR
2010-04-08,0,corn-mato-grosso,corn,-13.5,-56,NASA POWER MERRA-2 PRECTOTCORR
2010-04-09,0,corn-mato-grosso,corn,-13.5,-56,NASA POWER MERRA-2 PRECTOTCORR
2010-04-10,0,corn-mato-grosso,corn,-13.5,-56,NASA POWER MERRA-2 PRECTOTCORR
2010-04-11,0,corn-mato-grosso,corn,-13.5,-56,NASA POWER MERRA-2 PRECTOTCORR
2010-04-12,0.41,corn-mato-grosso,corn,-13.5,-56,NASA POWER MERRA-2 PRECTOTCORR
2010-04-13,0.06,corn-mato-grosso,corn,-13.5,-56,NASA POWER MERRA-2 PRECTOTCORR
2010-04-14,0,corn-mato-grosso,corn,-13.5,-56,NASA POWER MERRA-2 PRECTOTCORR
2010-04-15,0,corn-mato-grosso,corn,-13.5,-56,NASA POWER MERRA-2 PRECTOTCORR
2010-04-16,1.35,corn-mato-grosso,corn,-13.5,-56,NASA POWER MERRA-2 PRECTOTCORR
2010-04-17,0.2,corn-mato-grosso,corn,-13.5,-56,NASA POWER MERRA-2 PRECTOTCORR
2010-04-18,0,corn-mato-grosso,corn,-13.5,-56,NASA POWER MERRA-2 PRECTOTCORR
2010-04-19,0,corn-mato-grosso,corn,-13.5,-56,NASA POWER MERRA-2 PRECTOTCORR
2010-04-20,0.02,corn-mato-grosso,corn,-13.5,-56,NASA POWER MERRA-2 PRECTOTCORR
2010-04-21,1.33,corn-mato-grosso,corn,-13.5,-56,NASA POWER MERRA-2 PRECTOTCORR
2010-04-22,0.65,corn-mato-grosso,corn,-13.5,-56,NASA POWER MERRA-2 PRECTOTCORR
2010-04-23,6.97,corn-mato-grosso,corn,-13.5,-56,NASA POWER MERRA-2 PRECTOTCORR
2010-04-24,1.46,corn-mato-grosso,corn,-13.5,-56,NASA POWER MERRA-2 PRECTOTCORR
2010-04-25,0.01,corn-mato-grosso,corn,-13.5,-56,NASA POWER MERRA-2 PRECTOTCORR
2010-04-26,0.27,corn-mato-grosso,corn,-13.5,-56,NASA POWER MERRA-2 PRECTOTCORR
2010-04-27,0.02,corn-mato-grosso,corn,-13.5,-56,NASA POWER MERRA-2 PRECTOTCORR
2010-04-28,0.44,corn-mato-grosso,corn,-13.5,-56,NASA POWER MERRA-2 PRECTOTCORR
2010-04-29,0.05,corn-mato-grosso,corn,-13.5,-56,NASA POWER MERRA-2 PRECTOTCORR
2010-04-30,0.04,corn-mato-grosso,corn,-13.5,-56,NASA POWER MERRA-2 PRECTOTCORR
2010-05-01,0,corn-mato-grosso,corn,-13.5,-56,NASA POWER MERRA-2 PRECTOTCORR
2010-05-02,0,corn-mato-grosso,corn,-13.5,-56,NASA POWER MERRA-2 PRECTOTCORR
2010-05-03,13.56,corn-mato-grosso,corn,-13.5,-56,NASA POWER MERRA-2 PRECTOTCORR
2010-05-04,4.85,corn-mato-grosso,corn,-13.5,-56,NASA POWER MERRA-2 PRECTOTCORR
2010-05-05,0.64,corn-mato-grosso,corn,-13.5,-56,NASA POWER MERRA-2 PRECTOTCORR
2010-05-06,0.05,corn-mato-grosso,corn,-13.5,-56,NASA POWER MERRA-2 PRECTOTCORR
2010-05-07,0,corn-mato-grosso,corn,-13.5,-56,NASA POWER MERRA-2 PRECTOTCORR
2010-05-08,0.04,corn-mato-grosso,corn,-13.5,-56,NASA POWER MERRA-2 PRECTOTCORR
2010-05-09,0.01,corn-mato-grosso,corn,-13.5,-56,NASA POWER MERRA-2 PRECTOTCORR
2010-05-10,0,corn-mato-grosso,corn,-13.5,-56,NASA POWER MERRA-2 PRECTOTCORR
2010-05-11,0,corn-mato-grosso,corn,-13.5,-56,NASA POWER MERRA-2 PRECTOTCORR
2010-05-12,0,corn-mato-grosso,corn,-13.5,-56,NASA POWER MERRA-2 PRECTOTCORR
2010-05-13,2.62,corn-mato-grosso,corn,-13.5,-56,NASA POWER MERRA-2 PRECTOTCORR
2010-05-14,0,corn-mato-grosso,corn,-13.5,-56,NASA POWER MERRA-2 PRECTOTCORR
2010-05-15,0,corn-mato-grosso,corn,-13.5,-56,NASA POWER MERRA-2 PRECTOTCORR
2010-05-16,0,corn-mato-grosso,corn,-13.5,-56,NASA POWER MERRA-2 PRECTOTCORR
2010-05-17,0,corn-mato-grosso,corn,-13.5,-56,NASA POWER MERRA-2 PRECTOTCORR
2010-05-18,0.14,corn-mato-grosso,corn,-13.5,-56,NASA POWER MERRA-2 PRECTOTCORR
2010-05-19,0,corn-mato-grosso,corn,-13.5,-56,NASA POWER MERRA-2 PRECTOTCORR
2010-05-20,0,corn-mato-grosso,corn,-13.5,-56,NASA POWER MERRA-2 PRECTOTCORR
2010-05-21,0,corn-mato-grosso,corn,-13.5,-56,NASA POWER MERRA-2 PRECTOTCORR
2010-05-22,0,corn-mato-grosso,corn,-13.5,-56,NASA POWER MERRA-2 PRECTOTCORR
2010-05-23,0,corn-mato-grosso,corn,-13.5,-56,NASA POWER MERRA-2 PRECTOTCORR
2010-05-24,0.33,corn-mato-grosso,corn,-13.5,-56,NASA POWER MERRA-2 PRECTOTCORR
2010-05-25,0.33,corn-mato-grosso,corn,-13.5,-56,NASA POWER MERRA-2 PRECTOTCORR
2010-05-26,0.06,corn-mato-grosso,corn,-13.5,-56,NASA POWER MERRA-2 PRECTOTCORR
2010-05-27,0,corn-mato-grosso,corn,-13.5,-56,NASA POWER MERRA-2 PRECTOTCORR
2010-05-28,0,corn-mato-grosso,corn,-13.5,-56,NASA POWER MERRA-2 PRECTOTCORR
2010-05-29,0,corn-mato-grosso,corn,-13.5,-56,NASA POWER MERRA-2 PRECTOTCORR
2010-05-30,3.85,corn-mato-grosso,corn,-13.5,-56,NASA POWER MERRA-2 PRECTOTCORR
2010-05-31,0.77,corn-mato-grosso,corn,-13.5,-56,NASA POWER MERRA-2 PRECTOTCORR
2010-06-01,0,corn-mato-grosso,corn,-13.5,-56,NASA POWER MERRA-2 PRECTOTCORR
2010-06-02,0,corn-mato-grosso,corn,-13.5,-56,NASA POWER MERRA-2 PRECTOTCORR
2010-06-03,0,corn-mato-grosso,corn,-13.5,-56,NASA POWER MERRA-2 PRECTOTCORR
2010-06-04,0,corn-mato-grosso,corn,-13.5,-56,NASA POWER MERRA-2 PRECTOTCORR
2010-06-05,0,corn-mato-grosso,corn,-13.5,-56,NASA POWER MERRA-2 PRECTOTCORR
2010-06-06,0,corn-mato-grosso,corn,-13.5,-56,NASA POWER MERRA-2 PRECTOTCORR
2010-06-07,0,corn-mato-grosso,corn,-13.5,-56,NASA POWER MERRA-2 PRECTOTCORR
2010-06-08,0,corn-mato-grosso,corn,-13.5,-56,NASA POWER MERRA-2 PRECTOTCORR
2010-06-09,0,corn-mato-grosso,corn,-13.5,-56,NASA POWER MERRA-2 PRECTOTCORR
2010-06-10,0,corn-mato-grosso,corn,-13.5,-56,NASA POWER MERRA-2 PRECTOTCORR
2010-06-11,0,corn-mato-grosso,corn,-13.5,-56,NASA POWER MERRA-2 PRECTOTCORR
2010-06-12,0,corn-mato-grosso,corn,-13.5,-56,NASA POWER MERRA-2 PRECTOTCORR
2010-06-13,0,corn-mato-grosso,corn,-13.5,-56,NASA POWER MERRA-2 PRECTOTCORR
2010-06-14,0,corn-mato-grosso,corn,-13.5,-56,NASA POWER MERRA-2 PRECTOTCORR
2010-06-15,0,corn-mato-grosso,corn,-13.5,-56,NASA POWER MERRA-2 PRECTOTCORR
2010-06-16,0,corn-mato-grosso,corn,-13.5,-56,NASA POWER MERRA-2 PRECTOTCORR
2010-06-17,0,corn-mato-grosso,corn,-13.5,-56,NASA POWER MERRA-2 PRECTOTCORR
2010-06-18,0,corn-mato-grosso,corn,-13.5,-56,NASA POWER MERRA-2 PRECTOTCORR
2010-06-19,0,corn-mato-grosso,corn,-13.5,-56,NASA POWER MERRA-2 PRECTOTCORR
2010-06-20,0,corn-mato-grosso,corn,-13.5,-56,NASA POWER MERRA-2 PRECTOTCORR
2010-06-21,0,corn-mato-grosso,corn,-13.5,-56,NASA POWER MERRA-2 PRECTOTCORR
2010-06-22,0,corn-mato-grosso,corn,-13.5,-56,NASA POWER MERRA-2 PRECTOTCORR
2010-06-23,0,corn-mato-grosso,corn,-13.5,-56,NASA POWER MERRA-2 PRECTOTCORR
2010-06-24,0,corn-mato-grosso,corn,-13.5,-56,NASA POWER MERRA-2 PRECTOTCORR
2010-06-25,3.25,corn-mato-grosso,corn,-13.5,-56,NASA POWER MERRA-2 PRECTOTCORR
2010-06-26,0.01,corn-mato-grosso,corn,-13.5,-56,NASA POWER MERRA-2 PRECTOTCORR
2010-06-27,0,corn-mato-grosso,corn,-13.5,-56,NASA POWER MERRA-2 PRECTOTCORR
2010-06-28,0.09,corn-mato-grosso,corn,-13.5,-56,NASA POWER MERRA-2 PRECTOTCORR
2010-06-29,0.87,corn-mato-grosso,corn,-13.5,-56,NASA POWER MERRA-2 PRECTOTCORR
2010-06-30,0,corn-mato-grosso,corn,-13.5,-56,NASA POWER MERRA-2 PRECTOTCORR
2010-07-01,0,corn-mato-grosso,corn,-13.5,-56,NASA POWER MERRA-2 PRECTOTCORR
2010-07-02,0,corn-mato-grosso,corn,-13.5,-56,NASA POWER MERRA-2 PRECTOTCORR
2010-07-03,0,corn-mato-grosso,corn,-13.5,-56,NASA POWER MERRA-2 PRECTOTCORR
2010-07-04,0,corn-mato-grosso,corn,-13.5,-56,NASA POWER MERRA-2 PRECTOTCORR
2010-07-05,0.01,corn-mato-grosso,corn,-13.5,-56,NASA POWER MERRA-2 PRECTOTCORR
2010-07-06,0,corn-mato-grosso,corn,-13.5,-56,NASA POWER MERRA-2 PRECTOTCORR
2010-07-07,0,corn-mato-grosso,corn,-13.5,-56,NASA POWER MERRA-2 PRECTOTCORR
2010-07-08,0,corn-mato-grosso,corn,-13.5,-56,NASA POWER MERRA-2 PRECTOTCORR
2010-07-09,0,corn-mato-grosso,corn,-13.5,-56,NASA POWER MERRA-2 PRECTOTCORR
2010-07-10,0,corn-mato-grosso,corn,-13.5,-56,NASA POWER MERRA-2 PRECTOTCORR
2010-07-11,0,corn-mato-grosso,corn,-13.5,-56,NASA POWER MERRA-2 PRECTOTCORR
2010-07-12,3.87,corn-mato-grosso,corn,-13.5,-56,NASA POWER MERRA-2 PRECTOTCORR
2010-07-13,2.78,corn-mato-grosso,corn,-13.5,-56,NASA POWER MERRA-2 PRECTOTCORR
2010-07-14,0,corn-mato-grosso,corn,-13.5,-56,NASA POWER MERRA-2 PRECTOTCORR
2010-07-15,0,corn-mato-grosso,corn,-13.5,-56,NASA POWER MERRA-2 PRECTOTCORR
2010-07-16,0,corn-mato-grosso,corn,-13.5,-56,NASA POWER MERRA-2 PRECTOTCORR
2010-07-17,0,corn-mato-grosso,corn,-13.5,-56,NASA POWER MERRA-2 PRECTOTCORR
2010-07-18,0,corn-mato-grosso,corn,-13.5,-56,NASA POWER MERRA-2 PRECTOTCORR
2010-07-19,0,corn-mato-grosso,corn,-13.5,-56,NASA POWER MERRA-2 PRECTOTCORR
2010-07-20,0,corn-mato-grosso,corn,-13.5,-56,NASA POWER MERRA-2 PRECTOTCORR
2010-07-21,0,corn-mato-grosso,corn,-13.5,-56,NASA POWER MERRA-2 PRECTOTCORR
2010-07-22,0,corn-mato-grosso,corn,-13.5,-56,NASA POWER MERRA-2 PRECTOTCORR
2010-07-23,0,corn-mato-grosso,corn,-13.5,-56,NASA POWER MERRA-2 PRECTOTCORR
2010-07-24,0,corn-mato-grosso,corn,-13.5,-56,NASA POWER MERRA-2 PRECTOTCORR
2010-07-25,0,corn-mato-grosso,corn,-13.5,-56,NASA POWER MERRA-2 PRECTOTCORR
2010-07-26,0,corn-mato-grosso,corn,-13.5,-56,NASA POWER MERRA-2 PRECTOTCORR
2010-07-27,0,corn-mato-grosso,corn,-13.5,-56,NASA POWER MERRA-2 PRECTOTCORR
2010-07-28,0,corn-mato-grosso,corn,-13.5,-56,NASA POWER MERRA-2 PRECTOTCORR
2010-07-29,0,corn-mato-grosso,corn,-13.5,-56,NASA POWER MERRA-2 PRECTOTCORR
2010-07-30,0,corn-mato-grosso,corn,-13.5,-56,NASA POWER MERRA-2 PRECTOTCORR
2010-07-31,0,corn-mato-grosso,corn,-13.5,-56,NASA POWER MERRA-2 PRECTOTCORR
2010-08-01,0,corn-mato-grosso,corn,-13.5,-56,NASA POWER MERRA-2 PRECTOTCORR
2010-08-02,0,corn-mato-grosso,corn,-13.5,-56,NASA POWER MERRA-2 PRECTOTCORR
2010-08-03,0,corn-mato-grosso,corn,-13.5,-56,NASA POWER MERRA-2 PRECTOTCORR
2010-08-04,0,corn-mato-grosso,corn,-13.5,-56,NASA POWER MERRA-2 PRECTOTCORR
2010-08-05,0,corn-mato-grosso,corn,-13.5,-56,NASA POWER MERRA-2 PRECTOTCORR
2010-08-06,0,corn-mato-grosso,corn,-13.5,-56,NASA POWER MERRA-2 PRECTOTCORR
2010-08-07,0,corn-mato-grosso,corn,-13.5,-56,NASA POWER MERRA-2 PRECTOTCORR
2010-08-08,0,corn-mato-grosso,corn,-13.5,-56,NASA POWER MERRA-2 PRECTOTCORR
2010-08-09,0,corn-mato-grosso,corn,-13.5,-56,NASA POWER MERRA-2 PRECTOTCORR
2010-08-10,0,corn-mato-grosso,corn,-13.5,-56,NASA POWER MERRA-2 PRECTOTCORR
2010-08-11,0.04,corn-mato-grosso,corn,-13.5,-56,NASA POWER MERRA-2 PRECTOTCORR
2010-08-12,0,corn-mato-grosso,corn,-13.5,-56,NASA POWER MERRA-2 PRECTOTCORR
2010-08-13,0,corn-mato-grosso,corn,-13.5,-56,NASA POWER MERRA-2 PRECTOTCORR
2010-08-14,0,corn-mato-grosso,corn,-13.5,-56,NASA POWER MERRA-2 PRECTOTCORR
2010-08-15,0,corn-mato-grosso,corn,-13.5,-56,NASA POWER MERRA-2 PRECTOTCORR
2010-08-16,0,corn-mato-grosso,corn,-13.5,-56,NASA POWER MERRA-2 PRECTOTCORR
2010-08-17,0,corn-mato-grosso,corn,-13.5,-56,NASA POWER MERRA-2 PRECTOTCORR
2010-08-18,0,corn-mato-grosso,corn,-13.5,-56,NASA POWER MERRA-2 PRECTOTCORR
2010-08-19,0,corn-mato-grosso,corn,-13.5,-56,NASA POWER MERRA-2 PRECTOTCORR
2010-08-20,0,corn-mato-grosso,corn,-13.5,-56,NASA POWER MERRA-2 PRECTOTCORR
2010-08-21,0,corn-mato-grosso,corn,-13.5,-56,NASA POWER MERRA-2 PRECTOTCORR
2010-08-22,0,corn-mato-grosso,corn,-13.5,-56,NASA POWER MERRA-2 PRECTOTCORR
2010-08-23,0,corn-mato-grosso,corn,-13.5,-56,NASA POWER MERRA-2 PRECTOTCORR
2010-08-24,0,corn-mato-grosso,corn,-13.5,-56,NASA POWER MERRA-2 PRECTOTCORR
2010-08-25,0,corn-mato-grosso,corn,-13.5,-56,NASA POWER MERRA-2 PRECTOTCORR
2010-08-26,0,corn-mato-grosso,corn,-13.5,-56,NASA POWER MERRA-2 PRECTOTCORR
2010-08-27,0,corn-mato-grosso,corn,-13.5,-56,NASA POWER MERRA-2 PRECTOTCORR
2010-08-28,0,corn-mato-grosso,corn,-13.5,-56,NASA POWER MERRA-2 PRECTOTCORR
2010-08-29,0,corn-mato-grosso,corn,-13.5,-56,NASA POWER MERRA-2 PRECTOTCORR
2010-08-30,0,corn-mato-grosso,corn,-13.5,-56,NASA POWER MERRA-2 PRECTOTCORR
2010-08-31,1.73,corn-mato-grosso,corn,-13.5,-56,NASA POWER MERRA-2 PRECTOTCORR
2010-09-01,0.01,corn-mato-grosso,corn,-13.5,-56,NASA POWER MERRA-2 PRECTOTCORR
2010-09-02,0,corn-mato-grosso,corn,-13.5,-56,NASA POWER MERRA-2 PRECTOTCORR
2010-09-03,0,corn-mato-grosso,corn,-13.5,-56,NASA POWER MERRA-2 PRECTOTCORR
2010-09-04,0,corn-mato-grosso,corn,-13.5,-56,NASA POWER MERRA-2 PRECTOTCORR
2010-09-05,0,corn-mato-grosso,corn,-13.5,-56,NASA POWER MERRA-2 PRECTOTCORR
2010-09-06,0,corn-mato-grosso,corn,-13.5,-56,NASA POWER MERRA-2 PRECTOTCORR
2010-09-07,0.14,corn-mato-grosso,corn,-13.5,-56,NASA POWER MERRA-2 PRECTOTCORR
2010-09-08,0,corn-mato-grosso,corn,-13.5,-56,NASA POWER MERRA-2 PRECTOTCORR
2010-09-09,0,corn-mato-grosso,corn,-13.5,-56,NASA POWER MERRA-2 PRECTOTCORR
2010-09-10,0,corn-mato-grosso,corn,-13.5,-56,NASA POWER MERRA-2 PRECTOTCORR
2010-09-11,0,corn-mato-grosso,corn,-13.5,-56,NASA POWER MERRA-2 PRECTOTCORR
2010-09-12,0,corn-mato-grosso,corn,-13.5,-56,NASA POWER MERRA-2 PRECTOTCORR
2010-09-13,0,corn-mato-grosso,corn,-13.5,-56,NASA POWER MERRA-2 PRECTOTCORR
2010-09-14,0,corn-mato-grosso,corn,-13.5,-56,NASA POWER MERRA-2 PRECTOTCORR
2010-09-15,0,corn-mato-grosso,corn,-13.5,-56,NASA POWER MERRA-2 PRECTOTCORR
2010-09-16,0,corn-mato-grosso,corn,-13.5,-56,NASA POWER MERRA-2 PRECTOTCORR
2010-09-17,0,corn-mato-grosso,corn,-13.5,-56,NASA POWER MERRA-2 PRECTOTCORR
2010-09-18,0,corn-mato-grosso,corn,-13.5,-56,NASA POWER MERRA-2 PRECTOTCORR
2010-09-19,0,corn-mato-grosso,corn,-13.5,-56,NASA POWER MERRA-2 PRECTOTCORR
2010-09-20,0,corn-mato-grosso,corn,-13.5,-56,NASA POWER MERRA-2 PRECTOTCORR
2010-09-21,0,corn-mato-grosso,corn,-13.5,-56,NASA POWER MERRA-2 PRECTOTCORR
2010-09-22,0,corn-mato-grosso,corn,-13.5,-56,NASA POWER MERRA-2 PRECTOTCORR
2010-09-23,0,corn-mato-grosso,corn,-13.5,-56,NASA POWER MERRA-2 PRECTOTCORR
2010-09-24,1.9,corn-mato-grosso,corn,-13.5,-56,NASA POWER MERRA-2 PRECTOTCORR
2010-09-25,1.09,corn-mato-grosso,corn,-13.5,-56,NASA POWER MERRA-2 PRECTOTCORR
2010-09-26,0,corn-mato-grosso,corn,-13.5,-56,NASA POWER MERRA-2 PRECTOTCORR
2010-09-27,0,corn-mato-grosso,corn,-13.5,-56,NASA POWER MERRA-2 PRECTOTCORR
2010-09-28,0.08,corn-mato-grosso,corn,-13.5,-56,NASA POWER MERRA-2 PRECTOTCORR
2010-09-29,5.55,corn-mato-grosso,corn,-13.5,-56,NASA POWER MERRA-2 PRECTOTCORR
2010-09-30,9.08,corn-mato-grosso,corn,-13.5,-56,NASA POWER MERRA-2 PRECTOTCORR
2010-10-01,12.05,corn-mato-grosso,corn,-13.5,-56,NASA POWER MERRA-2 PRECTOTCORR
2010-10-02,6.23,corn-mato-grosso,corn,-13.5,-56,NASA POWER MERRA-2 PRECTOTCORR
2010-10-03,0.38,corn-mato-grosso,corn,-13.5,-56,NASA POWER MERRA-2 PRECTOTCORR
2010-10-04,0,corn-mato-grosso,corn,-13.5,-56,NASA POWER MERRA-2 PRECTOTCORR
2010-10-05,1.01,corn-mato-grosso,corn,-13.5,-56,NASA POWER MERRA-2 PRECTOTCORR
2010-10-06,0.82,corn-mato-grosso,corn,-13.5,-56,NASA POWER MERRA-2 PRECTOTCORR
2010-10-07,0.63,corn-mato-grosso,corn,-13.5,-56,NASA POWER MERRA-2 PRECTOTCORR
2010-10-08,0,corn-mato-grosso,corn,-13.5,-56,NASA POWER MERRA-2 PRECTOTCORR
2010-10-09,4.85,corn-mato-grosso,corn,-13.5,-56,NASA POWER MERRA-2 PRECTOTCORR
2010-10-10,0.94,corn-mato-grosso,corn,-13.5,-56,NASA POWER MERRA-2 PRECTOTCORR
2010-10-11,0.7,corn-mato-grosso,corn,-13.5,-56,NASA POWER MERRA-2 PRECTOTCORR
2010-10-12,1.97,corn-mato-grosso,corn,-13.5,-56,NASA POWER MERRA-2 PRECTOTCORR
2010-10-13,0.59,corn-mato-grosso,corn,-13.5,-56,NASA POWER MERRA-2 PRECTOTCORR
2010-10-14,0.01,corn-mato-grosso,corn,-13.5,-56,NASA POWER MERRA-2 PRECTOTCORR
2010-10-15,1.31,corn-mato-grosso,corn,-13.5,-56,NASA POWER MERRA-2 PRECTOTCORR
2010-10-16,7.66,corn-mato-grosso,corn,-13.5,-56,NASA POWER MERRA-2 PRECTOTCORR
2010-10-17,21.42,corn-mato-grosso,corn,-13.5,-56,NASA POWER MERRA-2 PRECTOTCORR
2010-10-18,5.14,corn-mato-grosso,corn,-13.5,-56,NASA POWER MERRA-2 PRECTOTCORR
2010-10-19,0.13,corn-mato-grosso,corn,-13.5,-56,NASA POWER MERRA-2 PRECTOTCORR
2010-10-20,3.25,corn-mato-grosso,corn,-13.5,-56,NASA POWER MERRA-2 PRECTOTCORR
2010-10-21,5.24,corn-mato-grosso,corn,-13.5,-56,NASA POWER MERRA-2 PRECTOTCORR
2010-10-22,32.2,corn-mato-grosso,corn,-13.5,-56,NASA POWER MERRA-2 PRECTOTCORR
2010-10-23,12.22,corn-mato-grosso,corn,-13.5,-56,NASA POWER MERRA-2 PRECTOTCORR
2010-10-24,2.09,corn-mato-grosso,corn,-13.5,-56,NASA POWER MERRA-2 PRECTOTCORR
2010-10-25,17.13,corn-mato-grosso,corn,-13.5,-56,NASA POWER MERRA-2 PRECTOTCORR
2010-10-26,9.69,corn-mato-grosso,corn,-13.5,-56,NASA POWER MERRA-2 PRECTOTCORR
2010-10-27,0.01,corn-mato-grosso,corn,-13.5,-56,NASA POWER MERRA-2 PRECTOTCORR
2010-10-28,0,corn-mato-grosso,corn,-13.5,-56,NASA POWER MERRA-2 PRECTOTCORR
2010-10-29,0,corn-mato-grosso,corn,-13.5,-56,NASA POWER MERRA-2 PRECTOTCORR
2010-10-30,20.41,corn-mato-grosso,corn,-13.5,-56,NASA POWER MERRA-2 PRECTOTCORR
2010-10-31,29.46,corn-mato-grosso,corn,-13.5,-56,NASA POWER MERRA-2 PRECTOTCORR
2010-11-01,8.92,corn-mato-grosso,corn,-13.5,-56,NASA POWER MERRA-2 PRECTOTCORR
2010-11-02,2.91,corn-mato-grosso,corn,-13.5,-56,NASA POWER MERRA-2 PRECTOTCORR
2010-11-03,1.46,corn-mato-grosso,corn,-13.5,-56,NASA POWER MERRA-2 PRECTOTCORR
2010-11-04,1.43,corn-mato-grosso,corn,-13.5,-56,NASA POWER MERRA-2 PRECTOTCORR
2010-11-05,16.86,corn-mato-grosso,corn,-13.5,-56,NASA POWER MERRA-2 PRECTOTCORR
2010-11-06,3.41,corn-mato-grosso,corn,-13.5,-56,NASA POWER MERRA-2 PRECTOTCORR
2010-11-07,1.28,corn-mato-grosso,corn,-13.5,-56,NASA POWER MERRA-2 PRECTOTCORR
2010-11-08,10.09,corn-mato-grosso,corn,-13.5,-56,NASA POWER MERRA-2 PRECTOTCORR
2010-11-09,2.29,corn-mato-grosso,corn,-13.5,-56,NASA POWER MERRA-2 PRECTOTCORR
2010-11-10,4.69,corn-mato-grosso,corn,-13.5,-56,NASA POWER MERRA-2 PRECTOTCORR
2010-11-11,1.83,corn-mato-grosso,corn,-13.5,-56,NASA POWER MERRA-2 PRECTOTCORR
2010-11-12,0.32,corn-mato-grosso,corn,-13.5,-56,NASA POWER MERRA-2 PRECTOTCORR
2010-11-13,0,corn-mato-grosso,corn,-13.5,-56,NASA POWER MERRA-2 PRECTOTCORR
2010-11-14,23.23,corn-mato-grosso,corn,-13.5,-56,NASA POWER MERRA-2 PRECTOTCORR
2010-11-15,7.05,corn-mato-grosso,corn,-13.5,-56,NASA POWER MERRA-2 PRECTOTCORR
2010-11-16,2.56,corn-mato-grosso,corn,-13.5,-56,NASA POWER MERRA-2 PRECTOTCORR
2010-11-17,0.26,corn-mato-grosso,corn,-13.5,-56,NASA POWER MERRA-2 PRECTOTCORR
2010-11-18,2.01,corn-mato-grosso,corn,-13.5,-56,NASA POWER MERRA-2 PRECTOTCORR
2010-11-19,1.33,corn-mato-grosso,corn,-13.5,-56,NASA POWER MERRA-2 PRECTOTCORR
2010-11-20,25.35,corn-mato-grosso,corn,-13.5,-56,NASA POWER MERRA-2 PRECTOTCORR
2010-11-21,13.23,corn-mato-grosso,corn,-13.5,-56,NASA POWER MERRA-2 PRECTOTCORR
2010-11-22,6.46,corn-mato-grosso,corn,-13.5,-56,NASA POWER MERRA-2 PRECTOTCORR
2010-11-23,1.72,corn-mato-grosso,corn,-13.5,-56,NASA POWER MERRA-2 PRECTOTCORR
2010-11-24,7.31,corn-mato-grosso,corn,-13.5,-56,NASA POWER MERRA-2 PRECTOTCORR
2010-11-25,8.14,corn-mato-grosso,corn,-13.5,-56,NASA POWER MERRA-2 PRECTOTCORR
2010-11-26,7.61,corn-mato-grosso,corn,-13.5,-56,NASA POWER MERRA-2 PRECTOTCORR
2010-11-27,10.06,corn-mato-grosso,corn,-13.5,-56,NASA POWER MERRA-2 PRECTOTCORR
2010-11-28,3.38,corn-mato-grosso,corn,-13.5,-56,NASA POWER MERRA-2 PRECTOTCORR
2010-11-29,6.27,corn-mato-grosso,corn,-13.5,-56,NASA POWER MERRA-2 PRECTOTCORR
2010-11-30,37.16,corn-mato-grosso,corn,-13.5,-56,NASA POWER MERRA-2 PRECTOTCORR
2010-12-01,19.07,corn-mato-grosso,corn,-13.5,-56,NASA POWER MERRA-2 PRECTOTCORR
2010-12-02,1.85,corn-mato-grosso,corn,-13.5,-56,NASA POWER MERRA-2 PRECTOTCORR
2010-12-03,0.11,corn-mato-grosso,corn,-13.5,-56,NASA POWER MERRA-2 PRECTOTCORR
2010-12-04,0.17,corn-mato-grosso,corn,-13.5,-56,NASA POWER MERRA-2 PRECTOTCORR
2010-12-05,14.88,corn-mato-grosso,corn,-13.5,-56,NASA POWER MERRA-2 PRECTOTCORR
2010-12-06,8.05,corn-mato-grosso,corn,-13.5,-56,NASA POWER MERRA-2 PRECTOTCORR
2010-12-07,0.54,corn-mato-grosso,corn,-13.5,-56,NASA POWER MERRA-2 PRECTOTCORR
2010-12-08,13.23,corn-mato-grosso,corn,-13.5,-56,NASA POWER MERRA-2 PRECTOTCORR
2010-12-09,12.13,corn-mato-grosso,corn,-13.5,-56,NASA POWER MERRA-2 PRECTOTCORR
2010-12-10,2.03,corn-mato-grosso,corn,-13.5,-56,NASA POWER MERRA-2 PRECTOTCORR
2010-12-11,5.8,corn-mato-grosso,corn,-13.5,-56,NASA POWER MERRA-2 PRECTOTCORR
2010-12-12,1.72,corn-mato-grosso,corn,-13.5,-56,NASA POWER MERRA-2 PRECTOTCORR
2010-12-13,40.45,corn-mato-grosso,corn,-13.5,-56,NASA POWER MERRA-2 PRECTOTCORR
2010-12-14,0.69,corn-mato-grosso,corn,-13.5,-56,NASA POWER MERRA-2 PRECTOTCORR
2010-12-15,0,corn-mato-grosso,corn,-13.5,-56,NASA POWER MERRA-2 PRECTOTCORR
2010-12-16,0,corn-mato-grosso,corn,-13.5,-56,NASA POWER MERRA-2 PRECTOTCORR
2010-12-17,0.03,corn-mato-grosso,corn,-13.5,-56,NASA POWER MERRA-2 PRECTOTCORR
2010-12-18,1.52,corn-mato-grosso,corn,-13.5,-56,NASA POWER MERRA-2 PRECTOTCORR
2010-12-19,4.39,corn-mato-grosso,corn,-13.5,-56,NASA POWER MERRA-2 PRECTOTCORR
2010-12-20,16.73,corn-mato-grosso,corn,-13.5,-56,NASA POWER MERRA-2 PRECTOTCORR
2010-12-21,0.98,corn-mato-grosso,corn,-13.5,-56,NASA POWER MERRA-2 PRECTOTCORR
2010-12-22,0.51,corn-mato-grosso,corn,-13.5,-56,NASA POWER MERRA-2 PRECTOTCORR
2010-12-23,3.25,corn-mato-grosso,corn,-13.5,-56,NASA POWER MERRA-2 PRECTOTCORR
2010-12-24,4.13,corn-mato-grosso,corn,-13.5,-56,NASA POWER MERRA-2 PRECTOTCORR
2010-12-25,2.03,corn-mato-grosso,corn,-13.5,-56,NASA POWER MERRA-2 PRECTOTCORR
2010-12-26,2.08,corn-mato-grosso,corn,-13.5,-56,NASA POWER MERRA-2 PRECTOTCORR
2010-12-27,4.39,corn-mato-grosso,corn,-13.5,-56,NASA POWER MERRA-2 PRECTOTCORR
2010-12-28,2.43,corn-mato-grosso,corn,-13.5,-56,NASA POWER MERRA-2 PRECTOTCORR
2010-12-29,4.05,corn-mato-grosso,corn,-13.5,-56,NASA POWER MERRA-2 PRECTOTCORR
2010-12-30,10.61,corn-mato-grosso,corn,-13.5,-56,NASA POWER MERRA-2 PRECTOTCORR
2010-12-31,5.76,corn-mato-grosso,corn,-13.5,-56,NASA POWER MERRA-2 PRECTOTCORR
2011-01-01,15.34,corn-mato-grosso,corn,-13.5,-56,NASA POWER MERRA-2 PRECTOTCORR
2011-01-02,3.56,corn-mato-grosso,corn,-13.5,-56,NASA POWER MERRA-2 PRECTOTCORR
2011-01-03,0.23,corn-mato-grosso,corn,-13.5,-56,NASA POWER MERRA-2 PRECTOTCORR
2011-01-04,4.25,corn-mato-grosso,corn,-13.5,-56,NASA POWER MERRA-2 PRECTOTCORR
2011-01-05,8.06,corn-mato-grosso,corn,-13.5,-56,NASA POWER MERRA-2 PRECTOTCORR
2011-01-06,6.8,corn-mato-grosso,corn,-13.5,-56,NASA POWER MERRA-2 PRECTOTCORR
2011-01-07,2.08,corn-mato-grosso,corn,-13.5,-56,NASA POWER MERRA-2 PRECTOTCORR
2011-01-08,0.04,corn-mato-grosso,corn,-13.5,-56,NASA POWER MERRA-2 PRECTOTCORR
2011-01-09,21.14,corn-mato-grosso,corn,-13.5,-56,NASA POWER MERRA-2 PRECTOTCORR
2011-01-10,3.61,corn-mato-grosso,corn,-13.5,-56,NASA POWER MERRA-2 PRECTOTCORR
2011-01-11,7.95,corn-mato-grosso,corn,-13.5,-56,NASA POWER MERRA-2 PRECTOTCORR
2011-01-12,33.54,corn-mato-grosso,corn,-13.5,-56,NASA POWER MERRA-2 PRECTOTCORR
2011-01-13,19.73,corn-mato-grosso,corn,-13.5,-56,NASA POWER MERRA-2 PRECTOTCORR
2011-01-14,15.55,corn-mato-grosso,corn,-13.5,-56,NASA POWER MERRA-2 PRECTOTCORR
2011-01-15,40.1,corn-mato-grosso,corn,-13.5,-56,NASA POWER MERRA-2 PRECTOTCORR
2011-01-16,16.96,corn-mato-grosso,corn,-13.5,-56,NASA POWER MERRA-2 PRECTOTCORR
2011-01-17,10.63,corn-mato-grosso,corn,-13.5,-56,NASA POWER MERRA-2 PRECTOTCORR
2011-01-18,3.89,corn-mato-grosso,corn,-13.5,-56,NASA POWER MERRA-2 PRECTOTCORR
2011-01-19,15.99,corn-mato-grosso,corn,-13.5,-56,NASA POWER MERRA-2 PRECTOTCORR
2011-01-20,24.38,corn-mato-grosso,corn,-13.5,-56,NASA POWER MERRA-2 PRECTOTCORR
2011-01-21,25.45,corn-mato-grosso,corn,-13.5,-56,NASA POWER MERRA-2 PRECTOTCORR
2011-01-22,1.94,corn-mato-grosso,corn,-13.5,-56,NASA POWER MERRA-2 PRECTOTCORR
2011-01-23,0.9,corn-mato-grosso,corn,-13.5,-56,NASA POWER MERRA-2 PRECTOTCORR
2011-01-24,5.04,corn-mato-grosso,corn,-13.5,-56,NASA POWER MERRA-2 PRECTOTCORR
2011-01-25,1.77,corn-mato-grosso,corn,-13.5,-56,NASA POWER MERRA-2 PRECTOTCORR
2011-01-26,3.73,corn-mato-grosso,corn,-13.5,-56,NASA POWER MERRA-2 PRECTOTCORR
2011-01-27,10.75,corn-mato-grosso,corn,-13.5,-56,NASA POWER MERRA-2 PRECTOTCORR
2011-01-28,7.37,corn-mato-grosso,corn,-13.5,-56,NASA POWER MERRA-2 PRECTOTCORR
2011-01-29,1.01,corn-mato-grosso,corn,-13.5,-56,NASA POWER MERRA-2 PRECTOTCORR
2011-01-30,0.05,corn-mato-grosso,corn,-13.5,-56,NASA POWER MERRA-2 PRECTOTCORR
2011-01-31,3.45,corn-mato-grosso,corn,-13.5,-56,NASA POWER MERRA-2 PRECTOTCORR
2011-02-01,0.28,corn-mato-grosso,corn,-13.5,-56,NASA POWER MERRA-2 PRECTOTCORR
2011-02-02,0.21,corn-mato-grosso,corn,-13.5,-56,NASA POWER MERRA-2 PRECTOTCORR
2011-02-03,5.42,corn-mato-grosso,corn,-13.5,-56,NASA POWER MERRA-2 PRECTOTCORR
2011-02-04,28.41,corn-mato-grosso,corn,-13.5,-56,NASA POWER MERRA-2 PRECTOTCORR
2011-02-05,40.8,corn-mato-grosso,corn,-13.5,-56,NASA POWER MERRA-2 PRECTOTCORR
2011-02-06,19.21,corn-mato-grosso,corn,-13.5,-56,NASA POWER MERRA-2 PRECTOTCORR
2011-02-07,6.73,corn-mato-grosso,corn,-13.5,-56,NASA POWER MERRA-2 PRECTOTCORR
2011-02-08,14.25,corn-mato-grosso,corn,-13.5,-56,NASA POWER MERRA-2 PRECTOTCORR
2011-02-09,3.82,corn-mato-grosso,corn,-13.5,-56,NASA POWER MERRA-2 PRECTOTCORR
2011-02-10,23.42,corn-mato-grosso,corn,-13.5,-56,NASA POWER MERRA-2 PRECTOTCORR
2011-02-11,10.87,corn-mato-grosso,corn,-13.5,-56,NASA POWER MERRA-2 PRECTOTCORR
2011-02-12,11.25,corn-mato-grosso,corn,-13.5,-56,NASA POWER MERRA-2 PRECTOTCORR
2011-02-13,3.39,corn-mato-grosso,corn,-13.5,-56,NASA POWER MERRA-2 PRECTOTCORR
2011-02-14,2.19,corn-mato-grosso,corn,-13.5,-56,NASA POWER MERRA-2 PRECTOTCORR
2011-02-15,3.61,corn-mato-grosso,corn,-13.5,-56,NASA POWER MERRA-2 PRECTOTCORR
2011-02-16,17.27,corn-mato-grosso,corn,-13.5,-56,NASA POWER MERRA-2 PRECTOTCORR
2011-02-17,24.44,corn-mato-grosso,corn,-13.5,-56,NASA POWER MERRA-2 PRECTOTCORR
2011-02-18,15.8,corn-mato-grosso,corn,-13.5,-56,NASA POWER MERRA-2 PRECTOTCORR
2011-02-19,20.06,corn-mato-grosso,corn,-13.5,-56,NASA POWER MERRA-2 PRECTOTCORR
2011-02-20,20.2,corn-mato-grosso,corn,-13.5,-56,NASA POWER MERRA-2 PRECTOTCORR
2011-02-21,8.79,corn-mato-grosso,corn,-13.5,-56,NASA POWER MERRA-2 PRECTOTCORR
2011-02-22,1.59,corn-mato-grosso,corn,-13.5,-56,NASA POWER MERRA-2 PRECTOTCORR
2011-02-23,1.85,corn-mato-grosso,corn,-13.5,-56,NASA POWER MERRA-2 PRECTOTCORR
2011-02-24,6.27,corn-mato-grosso,corn,-13.5,-56,NASA POWER MERRA-2 PRECTOTCORR
2011-02-25,5.16,corn-mato-grosso,corn,-13.5,-56,NASA POWER MERRA-2 PRECTOTCORR
2011-02-26,49.37,corn-mato-grosso,corn,-13.5,-56,NASA POWER MERRA-2 PRECTOTCORR
2011-02-27,52.6,corn-mato-grosso,corn,-13.5,-56,NASA POWER MERRA-2 PRECTOTCORR
2011-02-28,7.39,corn-mato-grosso,corn,-13.5,-56,NASA POWER MERRA-2 PRECTOTCORR
2011-03-01,11.28,corn-mato-grosso,corn,-13.5,-56,NASA POWER MERRA-2 PRECTOTCORR
2011-03-02,5.93,corn-mato-grosso,corn,-13.5,-56,NASA POWER MERRA-2 PRECTOTCORR
2011-03-03,14.78,corn-mato-grosso,corn,-13.5,-56,NASA POWER MERRA-2 PRECTOTCORR
2011-03-04,1.99,corn-mato-grosso,corn,-13.5,-56,NASA POWER MERRA-2 PRECTOTCORR
2011-03-05,4.38,corn-mato-grosso,corn,-13.5,-56,NASA POWER MERRA-2 PRECTOTCORR
2011-03-06,8.83,corn-mato-grosso,corn,-13.5,-56,NASA POWER MERRA-2 PRECTOTCORR
2011-03-07,8.53,corn-mato-grosso,corn,-13.5,-56,NASA POWER MERRA-2 PRECTOTCORR
2011-03-08,4.45,corn-mato-grosso,corn,-13.5,-56,NASA POWER MERRA-2 PRECTOTCORR
2011-03-09,6.43,corn-mato-grosso,corn,-13.5,-56,NASA POWER MERRA-2 PRECTOTCORR
2011-03-10,3.97,corn-mato-grosso,corn,-13.5,-56,NASA POWER MERRA-2 PRECTOTCORR
2011-03-11,1.27,corn-mato-grosso,corn,-13.5,-56,NASA POWER MERRA-2 PRECTOTCORR
2011-03-12,1.35,corn-mato-grosso,corn,-13.5,-56,NASA POWER MERRA-2 PRECTOTCORR
2011-03-13,6.41,corn-mato-grosso,corn,-13.5,-56,NASA POWER MERRA-2 PRECTOTCORR
2011-03-14,9.28,corn-mato-grosso,corn,-13.5,-56,NASA POWER MERRA-2 PRECTOTCORR
2011-03-15,7.74,corn-mato-grosso,corn,-13.5,-56,NASA POWER MERRA-2 PRECTOTCORR
2011-03-16,0.26,corn-mato-grosso,corn,-13.5,-56,NASA POWER MERRA-2 PRECTOTCORR
2011-03-17,5.61,corn-mato-grosso,corn,-13.5,-56,NASA POWER MERRA-2 PRECTOTCORR
2011-03-18,20.78,corn-mato-grosso,corn,-13.5,-56,NASA POWER MERRA-2 PRECTOTCORR
2011-03-19,5.88,corn-mato-grosso,corn,-13.5,-56,NASA POWER MERRA-2 PRECTOTCORR
2011-03-20,4.42,corn-mato-grosso,corn,-13.5,-56,NASA POWER MERRA-2 PRECTOTCORR
2011-03-21,20.65,corn-mato-grosso,corn,-13.5,-56,NASA POWER MERRA-2 PRECTOTCORR
2011-03-22,25.78,corn-mato-grosso,corn,-13.5,-56,NASA POWER MERRA-2 PRECTOTCORR
2011-03-23,2.92,corn-mato-grosso,corn,-13.5,-56,NASA POWER MERRA-2 PRECTOTCORR
2011-03-24,0.55,corn-mato-grosso,corn,-13.5,-56,NASA POWER MERRA-2 PRECTOTCORR
2011-03-25,7.34,corn-mato-grosso,corn,-13.5,-56,NASA POWER MERRA-2 PRECTOTCORR
2011-03-26,1.38,corn-mato-grosso,corn,-13.5,-56,NASA POWER MERRA-2 PRECTOTCORR
2011-03-27,6.03,corn-mato-grosso,corn,-13.5,-56,NASA POWER MERRA-2 PRECTOTCORR
2011-03-28,6.87,corn-mato-grosso,corn,-13.5,-56,NASA POWER MERRA-2 PRECTOTCORR
2011-03-29,22.56,corn-mato-grosso,corn,-13.5,-56,NASA POWER MERRA-2 PRECTOTCORR
2011-03-30,4.02,corn-mato-grosso,corn,-13.5,-56,NASA POWER MERRA-2 PRECTOTCORR
2011-03-31,10.54,corn-mato-grosso,corn,-13.5,-56,NASA POWER MERRA-2 PRECTOTCORR
2011-04-01,13.29,corn-mato-grosso,corn,-13.5,-56,NASA POWER MERRA-2 PRECTOTCORR
2011-04-02,26.09,corn-mato-grosso,corn,-13.5,-56,NASA POWER MERRA-2 PRECTOTCORR
2011-04-03,33.46,corn-mato-grosso,corn,-13.5,-56,NASA POWER MERRA-2 PRECTOTCORR
2011-04-04,6.98,corn-mato-grosso,corn,-13.5,-56,NASA POWER MERRA-2 PRECTOTCORR
2011-04-05,9.36,corn-mato-grosso,corn,-13.5,-56,NASA POWER MERRA-2 PRECTOTCORR
2011-04-06,7.83,corn-mato-grosso,corn,-13.5,-56,NASA POWER MERRA-2 PRECTOTCORR
2011-04-07,2.08,corn-mato-grosso,corn,-13.5,-56,NASA POWER MERRA-2 PRECTOTCORR
2011-04-08,9.99,corn-mato-grosso,corn,-13.5,-56,NASA POWER MERRA-2 PRECTOTCORR
2011-04-09,6.04,corn-mato-grosso,corn,-13.5,-56,NASA POWER MERRA-2 PRECTOTCORR
2011-04-10,0.01,corn-mato-grosso,corn,-13.5,-56,NASA POWER MERRA-2 PRECTOTCORR
2011-04-11,1.17,corn-mato-grosso,corn,-13.5,-56,NASA POWER MERRA-2 PRECTOTCORR
2011-04-12,0.6,corn-mato-grosso,corn,-13.5,-56,NASA POWER MERRA-2 PRECTOTCORR
2011-04-13,0.44,corn-mato-grosso,corn,-13.5,-56,NASA POWER MERRA-2 PRECTOTCORR
2011-04-14,4.19,corn-mato-grosso,corn,-13.5,-56,NASA POWER MERRA-2 PRECTOTCORR
2011-04-15,0.68,corn-mato-grosso,corn,-13.5,-56,NASA POWER MERRA-2 PRECTOTCORR
2011-04-16,0,corn-mato-grosso,corn,-13.5,-56,NASA POWER MERRA-2 PRECTOTCORR
2011-04-17,0,corn-mato-grosso,corn,-13.5,-56,NASA POWER MERRA-2 PRECTOTCORR
2011-04-18,0.09,corn-mato-grosso,corn,-13.5,-56,NASA POWER MERRA-2 PRECTOTCORR
2011-04-19,0,corn-mato-grosso,corn,-13.5,-56,NASA POWER MERRA-2 PRECTOTCORR
2011-04-20,0,corn-mato-grosso,corn,-13.5,-56,NASA POWER MERRA-2 PRECTOTCORR
2011-04-21,0,corn-mato-grosso,corn,-13.5,-56,NASA POWER MERRA-2 PRECTOTCORR
2011-04-22,0,corn-mato-grosso,corn,-13.5,-56,NASA POWER MERRA-2 PRECTOTCORR
2011-04-23,1.95,corn-mato-grosso,corn,-13.5,-56,NASA POWER MERRA-2 PRECTOTCORR
2011-04-24,0.75,corn-mato-grosso,corn,-13.5,-56,NASA POWER MERRA-2 PRECTOTCORR
2011-04-25,0.51,corn-mato-grosso,corn,-13.5,-56,NASA POWER MERRA-2 PRECTOTCORR
2011-04-26,0.03,corn-mato-grosso,corn,-13.5,-56,NASA POWER MERRA-2 PRECTOTCORR
2011-04-27,0.3,corn-mato-grosso,corn,-13.5,-56,NASA POWER MERRA-2 PRECTOTCORR
2011-04-28,3.83,corn-mato-grosso,corn,-13.5,-56,NASA POWER MERRA-2 PRECTOTCORR
2011-04-29,0.33,corn-mato-grosso,corn,-13.5,-56,NASA POWER MERRA-2 PRECTOTCORR
2011-04-30,0.18,corn-mato-grosso,corn,-13.5,-56,NASA POWER MERRA-2 PRECTOTCORR
2011-05-01,2.13,corn-mato-grosso,corn,-13.5,-56,NASA POWER MERRA-2 PRECTOTCORR
2011-05-02,0.3,corn-mato-grosso,corn,-13.5,-56,NASA POWER MERRA-2 PRECTOTCORR
2011-05-03,0,corn-mato-grosso,corn,-13.5,-56,NASA POWER MERRA-2 PRECTOTCORR
2011-05-04,0,corn-mato-grosso,corn,-13.5,-56,NASA POWER MERRA-2 PRECTOTCORR
2011-05-05,0,corn-mato-grosso,corn,-13.5,-56,NASA POWER MERRA-2 PRECTOTCORR
2011-05-06,1.75,corn-mato-grosso,corn,-13.5,-56,NASA POWER MERRA-2 PRECTOTCORR
2011-05-07,0.15,corn-mato-grosso,corn,-13.5,-56,NASA POWER MERRA-2 PRECTOTCORR
2011-05-08,0,corn-mato-grosso,corn,-13.5,-56,NASA POWER MERRA-2 PRECTOTCORR
2011-05-09,0,corn-mato-grosso,corn,-13.5,-56,NASA POWER MERRA-2 PRECTOTCORR
2011-05-10,0,corn-mato-grosso,corn,-13.5,-56,NASA POWER MERRA-2 PRECTOTCORR
2011-05-11,0,corn-mato-grosso,corn,-13.5,-56,NASA POWER MERRA-2 PRECTOTCORR
2011-05-12,0,corn-mato-grosso,corn,-13.5,-56,NASA POWER MERRA-2 PRECTOTCORR
2011-05-13,0,corn-mato-grosso,corn,-13.5,-56,NASA POWER MERRA-2 PRECTOTCORR
2011-05-14,0,corn-mato-grosso,corn,-13.5,-56,NASA POWER MERRA-2 PRECTOTCORR
2011-05-15,0.02,corn-mato-grosso,corn,-13.5,-56,NASA POWER MERRA-2 PRECTOTCORR
2011-05-16,0.03,corn-mato-grosso,corn,-13.5,-56,NASA POWER MERRA-2 PRECTOTCORR
2011-05-17,0,corn-mato-grosso,corn,-13.5,-56,NASA POWER MERRA-2 PRECTOTCORR
2011-05-18,0,corn-mato-grosso,corn,-13.5,-56,NASA POWER MERRA-2 PRECTOTCORR
2011-05-19,0,corn-mato-grosso,corn,-13.5,-56,NASA POWER MERRA-2 PRECTOTCORR
2011-05-20,0,corn-mato-grosso,corn,-13.5,-56,NASA POWER MERRA-2 PRECTOTCORR
2011-05-21,0,corn-mato-grosso,corn,-13.5,-56,NASA POWER MERRA-2 PRECTOTCORR
2011-05-22,0,corn-mato-grosso,corn,-13.5,-56,NASA POWER MERRA-2 PRECTOTCORR
2011-05-23,0,corn-mato-grosso,corn,-13.5,-56,NASA POWER MERRA-2 PRECTOTCORR
2011-05-24,0,corn-mato-grosso,corn,-13.5,-56,NASA POWER MERRA-2 PRECTOTCORR
2011-05-25,0,corn-mato-grosso,corn,-13.5,-56,NASA POWER MERRA-2 PRECTOTCORR
2011-05-26,0,corn-mato-grosso,corn,-13.5,-56,NASA POWER MERRA-2 PRECTOTCORR
2011-05-27,0,corn-mato-grosso,corn,-13.5,-56,NASA POWER MERRA-2 PRECTOTCORR
2011-05-28,0,corn-mato-grosso,corn,-13.5,-56,NASA POWER MERRA-2 PRECTOTCORR
2011-05-29,0,corn-mato-grosso,corn,-13.5,-56,NASA POWER MERRA-2 PRECTOTCORR
2011-05-30,0,corn-mato-grosso,corn,-13.5,-56,NASA POWER MERRA-2 PRECTOTCORR
2011-05-31,0,corn-mato-grosso,corn,-13.5,-56,NASA POWER MERRA-2 PRECTOTCORR
2011-06-01,10.43,corn-mato-grosso,corn,-13.5,-56,NASA POWER MERRA-2 PRECTOTCORR
2011-06-02,0,corn-mato-grosso,corn,-13.5,-56,NASA POWER MERRA-2 PRECTOTCORR
2011-06-03,0,corn-mato-grosso,corn,-13.5,-56,NASA POWER MERRA-2 PRECTOTCORR
2011-06-04,0,corn-mato-grosso,corn,-13.5,-56,NASA POWER MERRA-2 PRECTOTCORR
2011-06-05,0,corn-mato-grosso,corn,-13.5,-56,NASA POWER MERRA-2 PRECTOTCORR
2011-06-06,0,corn-mato-grosso,corn,-13.5,-56,NASA POWER MERRA-2 PRECTOTCORR
2011-06-07,0.11,corn-mato-grosso,corn,-13.5,-56,NASA POWER MERRA-2 PRECTOTCORR
2011-06-08,0.02,corn-mato-grosso,corn,-13.5,-56,NASA POWER MERRA-2 PRECTOTCORR
2011-06-09,11.74,corn-mato-grosso,corn,-13.5,-56,NASA POWER MERRA-2 PRECTOTCORR
2011-06-10,2.72,corn-mato-grosso,corn,-13.5,-56,NASA POWER MERRA-2 PRECTOTCORR
2011-06-11,0.04,corn-mato-grosso,corn,-13.5,-56,NASA POWER MERRA-2 PRECTOTCORR
2011-06-12,0,corn-mato-grosso,corn,-13.5,-56,NASA POWER MERRA-2 PRECTOTCORR
2011-06-13,0,corn-mato-grosso,corn,-13.5,-56,NASA POWER MERRA-2 PRECTOTCORR
2011-06-14,0,corn-mato-grosso,corn,-13.5,-56,NASA POWER MERRA-2 PRECTOTCORR
2011-06-15,0,corn-mato-grosso,corn,-13.5,-56,NASA POWER MERRA-2 PRECTOTCORR
2011-06-16,0,corn-mato-grosso,corn,-13.5,-56,NASA POWER MERRA-2 PRECTOTCORR
2011-06-17,0,corn-mato-grosso,corn,-13.5,-56,NASA POWER MERRA-2 PRECTOTCORR
2011-06-18,0,corn-mato-grosso,corn,-13.5,-56,NASA POWER MERRA-2 PRECTOTCORR
2011-06-19,0,corn-mato-grosso,corn,-13.5,-56,NASA POWER MERRA-2 PRECTOTCORR
2011-06-20,0,corn-mato-grosso,corn,-13.5,-56,NASA POWER MERRA-2 PRECTOTCORR
2011-06-21,0,corn-mato-grosso,corn,-13.5,-56,NASA POWER MERRA-2 PRECTOTCORR
2011-06-22,0,corn-mato-grosso,corn,-13.5,-56,NASA POWER MERRA-2 PRECTOTCORR
2011-06-23,0,corn-mato-grosso,corn,-13.5,-56,NASA POWER MERRA-2 PRECTOTCORR
2011-06-24,0,corn-mato-grosso,corn,-13.5,-56,NASA POWER MERRA-2 PRECTOTCORR
2011-06-25,0,corn-mato-grosso,corn,-13.5,-56,NASA POWER MERRA-2 PRECTOTCORR
2011-06-26,0,corn-mato-grosso,corn,-13.5,-56,NASA POWER MERRA-2 PRECTOTCORR
2011-06-27,0,corn-mato-grosso,corn,-13.5,-56,NASA POWER MERRA-2 PRECTOTCORR
2011-06-28,0,corn-mato-grosso,corn,-13.5,-56,NASA POWER MERRA-2 PRECTOTCORR
2011-06-29,0,corn-mato-grosso,corn,-13.5,-56,NASA POWER MERRA-2 PRECTOTCORR
2011-06-30,0,corn-mato-grosso,corn,-13.5,-56,NASA POWER MERRA-2 PRECTOTCORR
2011-07-01,0,corn-mato-grosso,corn,-13.5,-56,NASA POWER MERRA-2 PRECTOTCORR
2011-07-02,0,corn-mato-grosso,corn,-13.5,-56,NASA POWER MERRA-2 PRECTOTCORR
2011-07-03,0,corn-mato-grosso,corn,-13.5,-56,NASA POWER MERRA-2 PRECTOTCORR
2011-07-04,0,corn-mato-grosso,corn,-13.5,-56,NASA POWER MERRA-2 PRECTOTCORR
2011-07-05,0,corn-mato-grosso,corn,-13.5,-56,NASA POWER MERRA-2 PRECTOTCORR
2011-07-06,0,corn-mato-grosso,corn,-13.5,-56,NASA POWER MERRA-2 PRECTOTCORR
2011-07-07,0,corn-mato-grosso,corn,-13.5,-56,NASA POWER MERRA-2 PRECTOTCORR
2011-07-08,0,corn-mato-grosso,corn,-13.5,-56,NASA POWER MERRA-2 PRECTOTCORR
2011-07-09,0,corn-mato-grosso,corn,-13.5,-56,NASA POWER MERRA-2 PRECTOTCORR
2011-07-10,0,corn-mato-grosso,corn,-13.5,-56,NASA POWER MERRA-2 PRECTOTCORR
2011-07-11,0,corn-mato-grosso,corn,-13.5,-56,NASA POWER MERRA-2 PRECTOTCORR
2011-07-12,0,corn-mato-grosso,corn,-13.5,-56,NASA POWER MERRA-2 PRECTOTCORR
2011-07-13,0.29,corn-mato-grosso,corn,-13.5,-56,NASA POWER MERRA-2 PRECTOTCORR
2011-07-14,0,corn-mato-grosso,corn,-13.5,-56,NASA POWER MERRA-2 PRECTOTCORR
2011-07-15,0,corn-mato-grosso,corn,-13.5,-56,NASA POWER MERRA-2 PRECTOTCORR
2011-07-16,0,corn-mato-grosso,corn,-13.5,-56,NASA POWER MERRA-2 PRECTOTCORR
2011-07-17,0,corn-mato-grosso,corn,-13.5,-56,NASA POWER MERRA-2 PRECTOTCORR
2011-07-18,0.09,corn-mato-grosso,corn,-13.5,-56,NASA POWER MERRA-2 PRECTOTCORR
2011-07-19,0,corn-mato-grosso,corn,-13.5,-56,NASA POWER MERRA-2 PRECTOTCORR
2011-07-20,0,corn-mato-grosso,corn,-13.5,-56,NASA POWER MERRA-2 PRECTOTCORR
2011-07-21,0,corn-mato-grosso,corn,-13.5,-56,NASA POWER MERRA-2 PRECTOTCORR
2011-07-22,0,corn-mato-grosso,corn,-13.5,-56,NASA POWER MERRA-2 PRECTOTCORR
2011-07-23,0,corn-mato-grosso,corn,-13.5,-56,NASA POWER MERRA-2 PRECTOTCORR
2011-07-24,0,corn-mato-grosso,corn,-13.5,-56,NASA POWER MERRA-2 PRECTOTCORR
2011-07-25,0,corn-mato-grosso,corn,-13.5,-56,NASA POWER MERRA-2 PRECTOTCORR
2011-07-26,0,corn-mato-grosso,corn,-13.5,-56,NASA POWER MERRA-2 PRECTOTCORR
2011-07-27,0,corn-mato-grosso,corn,-13.5,-56,NASA POWER MERRA-2 PRECTOTCORR
2011-07-28,0,corn-mato-grosso,corn,-13.5,-56,NASA POWER MERRA-2 PRECTOTCORR
2011-07-29,0,corn-mato-grosso,corn,-13.5,-56,NASA POWER MERRA-2 PRECTOTCORR
2011-07-30,0,corn-mato-grosso,corn,-13.5,-56,NASA POWER MERRA-2 PRECTOTCORR
2011-07-31,0,corn-mato-grosso,corn,-13.5,-56,NASA POWER MERRA-2 PRECTOTCORR
2011-08-01,0,corn-mato-grosso,corn,-13.5,-56,NASA POWER MERRA-2 PRECTOTCORR
2011-08-02,0,corn-mato-grosso,corn,-13.5,-56,NASA POWER MERRA-2 PRECTOTCORR
2011-08-03,0,corn-mato-grosso,corn,-13.5,-56,NASA POWER MERRA-2 PRECTOTCORR
2011-08-04,0,corn-mato-grosso,corn,-13.5,-56,NASA POWER MERRA-2 PRECTOTCORR
2011-08-05,0,corn-mato-grosso,corn,-13.5,-56,NASA POWER MERRA-2 PRECTOTCORR
2011-08-06,0,corn-mato-grosso,corn,-13.5,-56,NASA POWER MERRA-2 PRECTOTCORR
2011-08-07,0.08,corn-mato-grosso,corn,-13.5,-56,NASA POWER MERRA-2 PRECTOTCORR
2011-08-08,0.01,corn-mato-grosso,corn,-13.5,-56,NASA POWER MERRA-2 PRECTOTCORR
2011-08-09,0,corn-mato-grosso,corn,-13.5,-56,NASA POWER MERRA-2 PRECTOTCORR
2011-08-10,0,corn-mato-grosso,corn,-13.5,-56,NASA POWER MERRA-2 PRECTOTCORR
2011-08-11,0,corn-mato-grosso,corn,-13.5,-56,NASA POWER MERRA-2 PRECTOTCORR
2011-08-12,0,corn-mato-grosso,corn,-13.5,-56,NASA POWER MERRA-2 PRECTOTCORR
2011-08-13,0,corn-mato-grosso,corn,-13.5,-56,NASA POWER MERRA-2 PRECTOTCORR
2011-08-14,0,corn-mato-grosso,corn,-13.5,-56,NASA POWER MERRA-2 PRECTOTCORR
2011-08-15,0,corn-mato-grosso,corn,-13.5,-56,NASA POWER MERRA-2 PRECTOTCORR
2011-08-16,0,corn-mato-grosso,corn,-13.5,-56,NASA POWER MERRA-2 PRECTOTCORR
2011-08-17,0,corn-mato-grosso,corn,-13.5,-56,NASA POWER MERRA-2 PRECTOTCORR
2011-08-18,0,corn-mato-grosso,corn,-13.5,-56,NASA POWER MERRA-2 PRECTOTCORR
2011-08-19,0.78,corn-mato-grosso,corn,-13.5,-56,NASA POWER MERRA-2 PRECTOTCORR
2011-08-20,7.48,corn-mato-grosso,corn,-13.5,-56,NASA POWER MERRA-2 PRECTOTCORR
2011-08-21,0,corn-mato-grosso,corn,-13.5,-56,NASA POWER MERRA-2 PRECTOTCORR
2011-08-22,0,corn-mato-grosso,corn,-13.5,-56,NASA POWER MERRA-2 PRECTOTCORR
2011-08-23,0,corn-mato-grosso,corn,-13.5,-56,NASA POWER MERRA-2 PRECTOTCORR
2011-08-24,0,corn-mato-grosso,corn,-13.5,-56,NASA POWER MERRA-2 PRECTOTCORR
2011-08-25,0,corn-mato-grosso,corn,-13.5,-56,NASA POWER MERRA-2 PRECTOTCORR
2011-08-26,0,corn-mato-grosso,corn,-13.5,-56,NASA POWER MERRA-2 PRECTOTCORR
2011-08-27,0,corn-mato-grosso,corn,-13.5,-56,NASA POWER MERRA-2 PRECTOTCORR
2011-08-28,0,corn-mato-grosso,corn,-13.5,-56,NASA POWER MERRA-2 PRECTOTCORR
2011-08-29,0,corn-mato-grosso,corn,-13.5,-56,NASA POWER MERRA-2 PRECTOTCORR
2011-08-30,0.01,corn-mato-grosso,corn,-13.5,-56,NASA POWER MERRA-2 PRECTOTCORR
2011-08-31,0.21,corn-mato-grosso,corn,-13.5,-56,NASA POWER MERRA-2 PRECTOTCORR
2011-09-01,0.02,corn-mato-grosso,corn,-13.5,-56,NASA POWER MERRA-2 PRECTOTCORR
2011-09-02,0,corn-mato-grosso,corn,-13.5,-56,NASA POWER MERRA-2 PRECTOTCORR
2011-09-03,0,corn-mato-grosso,corn,-13.5,-56,NASA POWER MERRA-2 PRECTOTCORR
2011-09-04,0.15,corn-mato-grosso,corn,-13.5,-56,NASA POWER MERRA-2 PRECTOTCORR
2011-09-05,0,corn-mato-grosso,corn,-13.5,-56,NASA POWER MERRA-2 PRECTOTCORR
2011-09-06,0,corn-mato-grosso,corn,-13.5,-56,NASA POWER MERRA-2 PRECTOTCORR
2011-09-07,0,corn-mato-grosso,corn,-13.5,-56,NASA POWER MERRA-2 PRECTOTCORR
2011-09-08,0,corn-mato-grosso,corn,-13.5,-56,NASA POWER MERRA-2 PRECTOTCORR
2011-09-09,0.07,corn-mato-grosso,corn,-13.5,-56,NASA POWER MERRA-2 PRECTOTCORR
2011-09-10,1.68,corn-mato-grosso,corn,-13.5,-56,NASA POWER MERRA-2 PRECTOTCORR
2011-09-11,3.14,corn-mato-grosso,corn,-13.5,-56,NASA POWER MERRA-2 PRECTOTCORR
2011-09-12,7.93,corn-mato-grosso,corn,-13.5,-56,NASA POWER MERRA-2 PRECTOTCORR
2011-09-13,4.16,corn-mato-grosso,corn,-13.5,-56,NASA POWER MERRA-2 PRECTOTCORR
2011-09-14,2.16,corn-mato-grosso,corn,-13.5,-56,NASA POWER MERRA-2 PRECTOTCORR
2011-09-15,0,corn-mato-grosso,corn,-13.5,-56,NASA POWER MERRA-2 PRECTOTCORR
2011-09-16,0,corn-mato-grosso,corn,-13.5,-56,NASA POWER MERRA-2 PRECTOTCORR
2011-09-17,0,corn-mato-grosso,corn,-13.5,-56,NASA POWER MERRA-2 PRECTOTCORR
2011-09-18,0,corn-mato-grosso,corn,-13.5,-56,NASA POWER MERRA-2 PRECTOTCORR
2011-09-19,0,corn-mato-grosso,corn,-13.5,-56,NASA POWER MERRA-2 PRECTOTCORR
2011-09-20,0,corn-mato-grosso,corn,-13.5,-56,NASA POWER MERRA-2 PRECTOTCORR
2011-09-21,0,corn-mato-grosso,corn,-13.5,-56,NASA POWER MERRA-2 PRECTOTCORR
2011-09-22,0,corn-mato-grosso,corn,-13.5,-56,NASA POWER MERRA-2 PRECTOTCORR
2011-09-23,4.3,corn-mato-grosso,corn,-13.5,-56,NASA POWER MERRA-2 PRECTOTCORR
2011-09-24,2.95,corn-mato-grosso,corn,-13.5,-56,NASA POWER MERRA-2 PRECTOTCORR
2011-09-25,0,corn-mato-grosso,corn,-13.5,-56,NASA POWER MERRA-2 PRECTOTCORR
2011-09-26,5.76,corn-mato-grosso,corn,-13.5,-56,NASA POWER MERRA-2 PRECTOTCORR
2011-09-27,1.42,corn-mato-grosso,corn,-13.5,-56,NASA POWER MERRA-2 PRECTOTCORR
2011-09-28,4.76,corn-mato-grosso,corn,-13.5,-56,NASA POWER MERRA-2 PRECTOTCORR
2011-09-29,2.73,corn-mato-grosso,corn,-13.5,-56,NASA POWER MERRA-2 PRECTOTCORR
2011-09-30,0.03,corn-mato-grosso,corn,-13.5,-56,NASA POWER MERRA-2 PRECTOTCORR
2011-10-01,1.33,corn-mato-grosso,corn,-13.5,-56,NASA POWER MERRA-2 PRECTOTCORR
2011-10-02,29.62,corn-mato-grosso,corn,-13.5,-56,NASA POWER MERRA-2 PRECTOTCORR
2011-10-03,0.17,corn-mato-grosso,corn,-13.5,-56,NASA POWER MERRA-2 PRECTOTCORR
2011-10-04,0,corn-mato-grosso,corn,-13.5,-56,NASA POWER MERRA-2 PRECTOTCORR
2011-10-05,3.02,corn-mato-grosso,corn,-13.5,-56,NASA POWER MERRA-2 PRECTOTCORR
2011-10-06,6.1,corn-mato-grosso,corn,-13.5,-56,NASA POWER MERRA-2 PRECTOTCORR
2011-10-07,0.48,corn-mato-grosso,corn,-13.5,-56,NASA POWER MERRA-2 PRECTOTCORR
2011-10-08,15.84,corn-mato-grosso,corn,-13.5,-56,NASA POWER MERRA-2 PRECTOTCORR
2011-10-09,0.82,corn-mato-grosso,corn,-13.5,-56,NASA POWER MERRA-2 PRECTOTCORR
2011-10-10,9.8,corn-mato-grosso,corn,-13.5,-56,NASA POWER MERRA-2 PRECTOTCORR
2011-10-11,0.14,corn-mato-grosso,corn,-13.5,-56,NASA POWER MERRA-2 PRECTOTCORR
2011-10-12,0.74,corn-mato-grosso,corn,-13.5,-56,NASA POWER MERRA-2 PRECTOTCORR
2011-10-13,0,corn-mato-grosso,corn,-13.5,-56,NASA POWER MERRA-2 PRECTOTCORR
2011-10-14,15.09,corn-mato-grosso,corn,-13.5,-56,NASA POWER MERRA-2 PRECTOTCORR
2011-10-15,1.86,corn-mato-grosso,corn,-13.5,-56,NASA POWER MERRA-2 PRECTOTCORR
2011-10-16,5.54,corn-mato-grosso,corn,-13.5,-56,NASA POWER MERRA-2 PRECTOTCORR
2011-10-17,2.07,corn-mato-grosso,corn,-13.5,-56,NASA POWER MERRA-2 PRECTOTCORR
2011-10-18,14.07,corn-mato-grosso,corn,-13.5,-56,NASA POWER MERRA-2 PRECTOTCORR
2011-10-19,3.19,corn-mato-grosso,corn,-13.5,-56,NASA POWER MERRA-2 PRECTOTCORR
2011-10-20,4.69,corn-mato-grosso,corn,-13.5,-56,NASA POWER MERRA-2 PRECTOTCORR
2011-10-21,1.52,corn-mato-grosso,corn,-13.5,-56,NASA POWER MERRA-2 PRECTOTCORR
2011-10-22,11.11,corn-mato-grosso,corn,-13.5,-56,NASA POWER MERRA-2 PRECTOTCORR
2011-10-23,2.86,corn-mato-grosso,corn,-13.5,-56,NASA POWER MERRA-2 PRECTOTCORR
2011-10-24,0.15,corn-mato-grosso,corn,-13.5,-56,NASA POWER MERRA-2 PRECTOTCORR
2011-10-25,8.97,corn-mato-grosso,corn,-13.5,-56,NASA POWER MERRA-2 PRECTOTCORR
2011-10-26,1.03,corn-mato-grosso,corn,-13.5,-56,NASA POWER MERRA-2 PRECTOTCORR
2011-10-27,0.36,corn-mato-grosso,corn,-13.5,-56,NASA POWER MERRA-2 PRECTOTCORR
2011-10-28,0.01,corn-mato-grosso,corn,-13.5,-56,NASA POWER MERRA-2 PRECTOTCORR
2011-10-29,0.67,corn-mato-grosso,corn,-13.5,-56,NASA POWER MERRA-2 PRECTOTCORR
2011-10-30,4.55,corn-mato-grosso,corn,-13.5,-56,NASA POWER MERRA-2 PRECTOTCORR
2011-10-31,7.11,corn-mato-grosso,corn,-13.5,-56,NASA POWER MERRA-2 PRECTOTCORR
2011-11-01,1.37,corn-mato-grosso,corn,-13.5,-56,NASA POWER MERRA-2 PRECTOTCORR
2011-11-02,18.75,corn-mato-grosso,corn,-13.5,-56,NASA POWER MERRA-2 PRECTOTCORR
2011-11-03,1.17,corn-mato-grosso,corn,-13.5,-56,NASA POWER MERRA-2 PRECTOTCORR
2011-11-04,2.45,corn-mato-grosso,corn,-13.5,-56,NASA POWER MERRA-2 PRECTOTCORR
2011-11-05,9.01,corn-mato-grosso,corn,-13.5,-56,NASA POWER MERRA-2 PRECTOTCORR
2011-11-06,10.24,corn-mato-grosso,corn,-13.5,-56,NASA POWER MERRA-2 PRECTOTCORR
2011-11-07,5.46,corn-mato-grosso,corn,-13.5,-56,NASA POWER MERRA-2 PRECTOTCORR
2011-11-08,3.35,corn-mato-grosso,corn,-13.5,-56,NASA POWER MERRA-2 PRECTOTCORR
2011-11-09,0.81,corn-mato-grosso,corn,-13.5,-56,NASA POWER MERRA-2 PRECTOTCORR
2011-11-10,1.74,corn-mato-grosso,corn,-13.5,-56,NASA POWER MERRA-2 PRECTOTCORR
2011-11-11,1.09,corn-mato-grosso,corn,-13.5,-56,NASA POWER MERRA-2 PRECTOTCORR
2011-11-12,8.63,corn-mato-grosso,corn,-13.5,-56,NASA POWER MERRA-2 PRECTOTCORR
2011-11-13,1.52,corn-mato-grosso,corn,-13.5,-56,NASA POWER MERRA-2 PRECTOTCORR
2011-11-14,6.11,corn-mato-grosso,corn,-13.5,-56,NASA POWER MERRA-2 PRECTOTCORR
2011-11-15,14.95,corn-mato-grosso,corn,-13.5,-56,NASA POWER MERRA-2 PRECTOTCORR
2011-11-16,0.77,corn-mato-grosso,corn,-13.5,-56,NASA POWER MERRA-2 PRECTOTCORR
2011-11-17,0.06,corn-mato-grosso,corn,-13.5,-56,NASA POWER MERRA-2 PRECTOTCORR
2011-11-18,1.3,corn-mato-grosso,corn,-13.5,-56,NASA POWER MERRA-2 PRECTOTCORR
2011-11-19,0.32,corn-mato-grosso,corn,-13.5,-56,NASA POWER MERRA-2 PRECTOTCORR
2011-11-20,0,corn-mato-grosso,corn,-13.5,-56,NASA POWER MERRA-2 PRECTOTCORR
2011-11-21,4.28,corn-mato-grosso,corn,-13.5,-56,NASA POWER MERRA-2 PRECTOTCORR
2011-11-22,20.03,corn-mato-grosso,corn,-13.5,-56,NASA POWER MERRA-2 PRECTOTCORR
2011-11-23,14.1,corn-mato-grosso,corn,-13.5,-56,NASA POWER MERRA-2 PRECTOTCORR
2011-11-24,15.8,corn-mato-grosso,corn,-13.5,-56,NASA POWER MERRA-2 PRECTOTCORR
2011-11-25,6.38,corn-mato-grosso,corn,-13.5,-56,NASA POWER MERRA-2 PRECTOTCORR
2011-11-26,7.91,corn-mato-grosso,corn,-13.5,-56,NASA POWER MERRA-2 PRECTOTCORR
2011-11-27,1.9,corn-mato-grosso,corn,-13.5,-56,NASA POWER MERRA-2 PRECTOTCORR
2011-11-28,2.51,corn-mato-grosso,corn,-13.5,-56,NASA POWER MERRA-2 PRECTOTCORR
2011-11-29,0.77,corn-mato-grosso,corn,-13.5,-56,NASA POWER MERRA-2 PRECTOTCORR
2011-11-30,13.04,corn-mato-grosso,corn,-13.5,-56,NASA POWER MERRA-2 PRECTOTCORR
2011-12-01,1.55,corn-mato-grosso,corn,-13.5,-56,NASA POWER MERRA-2 PRECTOTCORR
2011-12-02,2.49,corn-mato-grosso,corn,-13.5,-56,NASA POWER MERRA-2 PRECTOTCORR
2011-12-03,2.43,corn-mato-grosso,corn,-13.5,-56,NASA POWER MERRA-2 PRECTOTCORR
2011-12-04,0.96,corn-mato-grosso,corn,-13.5,-56,NASA POWER MERRA-2 PRECTOTCORR
2011-12-05,30.09,corn-mato-grosso,corn,-13.5,-56,NASA POWER MERRA-2 PRECTOTCORR
2011-12-06,4.91,corn-mato-grosso,corn,-13.5,-56,NASA POWER MERRA-2 PRECTOTCORR
2011-12-07,10.6,corn-mato-grosso,corn,-13.5,-56,NASA POWER MERRA-2 PRECTOTCORR
2011-12-08,11.46,corn-mato-grosso,corn,-13.5,-56,NASA POWER MERRA-2 PRECTOTCORR
2011-12-09,7,corn-mato-grosso,corn,-13.5,-56,NASA POWER MERRA-2 PRECTOTCORR
2011-12-10,1.89,corn-mato-grosso,corn,-13.5,-56,NASA POWER MERRA-2 PRECTOTCORR
2011-12-11,2.49,corn-mato-grosso,corn,-13.5,-56,NASA POWER MERRA-2 PRECTOTCORR
2011-12-12,0.91,corn-mato-grosso,corn,-13.5,-56,NASA POWER MERRA-2 PRECTOTCORR
2011-12-13,12.2,corn-mato-grosso,corn,-13.5,-56,NASA POWER MERRA-2 PRECTOTCORR
2011-12-14,15.47,corn-mato-grosso,corn,-13.5,-56,NASA POWER MERRA-2 PRECTOTCORR
2011-12-15,3.43,corn-mato-grosso,corn,-13.5,-56,NASA POWER MERRA-2 PRECTOTCORR
2011-12-16,11.85,corn-mato-grosso,corn,-13.5,-56,NASA POWER MERRA-2 PRECTOTCORR
2011-12-17,2.24,corn-mato-grosso,corn,-13.5,-56,NASA POWER MERRA-2 PRECTOTCORR
2011-12-18,0.22,corn-mato-grosso,corn,-13.5,-56,NASA POWER MERRA-2 PRECTOTCORR
2011-12-19,19.5,corn-mato-grosso,corn,-13.5,-56,NASA POWER MERRA-2 PRECTOTCORR
2011-12-20,19.57,corn-mato-grosso,corn,-13.5,-56,NASA POWER MERRA-2 PRECTOTCORR
2011-12-21,5.37,corn-mato-grosso,corn,-13.5,-56,NASA POWER MERRA-2 PRECTOTCORR
2011-12-22,13.11,corn-mato-grosso,corn,-13.5,-56,NASA POWER MERRA-2 PRECTOTCORR
2011-12-23,14.96,corn-mato-grosso,corn,-13.5,-56,NASA POWER MERRA-2 PRECTOTCORR
2011-12-24,12.92,corn-mato-grosso,corn,-13.5,-56,NASA POWER MERRA-2 PRECTOTCORR
2011-12-25,5.06,corn-mato-grosso,corn,-13.5,-56,NASA POWER MERRA-2 PRECTOTCORR
2011-12-26,7.6,corn-mato-grosso,corn,-13.5,-56,NASA POWER MERRA-2 PRECTOTCORR
2011-12-27,2.75,corn-mato-grosso,corn,-13.5,-56,NASA POWER MERRA-2 PRECTOTCORR
2011-12-28,0.68,corn-mato-grosso,corn,-13.5,-56,NASA POWER MERRA-2 PRECTOTCORR
2011-12-29,2.15,corn-mato-grosso,corn,-13.5,-56,NASA POWER MERRA-2 PRECTOTCORR
2011-12-30,7.62,corn-mato-grosso,corn,-13.5,-56,NASA POWER MERRA-2 PRECTOTCORR
2011-12-31,17.81,corn-mato-grosso,corn,-13.5,-56,NASA POWER MERRA-2 PRECTOTCORR
2012-01-01,10.08,corn-mato-grosso,corn,-13.5,-56,NASA POWER MERRA-2 PRECTOTCORR
2012-01-02,1.56,corn-mato-grosso,corn,-13.5,-56,NASA POWER MERRA-2 PRECTOTCORR
2012-01-03,0.43,corn-mato-grosso,corn,-13.5,-56,NASA POWER MERRA-2 PRECTOTCORR
2012-01-04,0.11,corn-mato-grosso,corn,-13.5,-56,NASA POWER MERRA-2 PRECTOTCORR
2012-01-05,0.05,corn-mato-grosso,corn,-13.5,-56,NASA POWER MERRA-2 PRECTOTCORR
2012-01-06,1.87,corn-mato-grosso,corn,-13.5,-56,NASA POWER MERRA-2 PRECTOTCORR
2012-01-07,13.07,corn-mato-grosso,corn,-13.5,-56,NASA POWER MERRA-2 PRECTOTCORR
2012-01-08,7.66,corn-mato-grosso,corn,-13.5,-56,NASA POWER MERRA-2 PRECTOTCORR
2012-01-09,5.74,corn-mato-grosso,corn,-13.5,-56,NASA POWER MERRA-2 PRECTOTCORR
2012-01-10,22.74,corn-mato-grosso,corn,-13.5,-56,NASA POWER MERRA-2 PRECTOTCORR
2012-01-11,14.15,corn-mato-grosso,corn,-13.5,-56,NASA POWER MERRA-2 PRECTOTCORR
2012-01-12,5.54,corn-mato-grosso,corn,-13.5,-56,NASA POWER MERRA-2 PRECTOTCORR
2012-01-13,30.91,corn-mato-grosso,corn,-13.5,-56,NASA POWER MERRA-2 PRECTOTCORR
2012-01-14,9.56,corn-mato-grosso,corn,-13.5,-56,NASA POWER MERRA-2 PRECTOTCORR
2012-01-15,3.73,corn-mato-grosso,corn,-13.5,-56,NASA POWER MERRA-2 PRECTOTCORR
2012-01-16,5.8,corn-mato-grosso,corn,-13.5,-56,NASA POWER MERRA-2 PRECTOTCORR
2012-01-17,3.5,corn-mato-grosso,corn,-13.5,-56,NASA POWER MERRA-2 PRECTOTCORR
2012-01-18,5.06,corn-mato-grosso,corn,-13.5,-56,NASA POWER MERRA-2 PRECTOTCORR
2012-01-19,12.82,corn-mato-grosso,corn,-13.5,-56,NASA POWER MERRA-2 PRECTOTCORR
2012-01-20,7.29,corn-mato-grosso,corn,-13.5,-56,NASA POWER MERRA-2 PRECTOTCORR
2012-01-21,10.98,corn-mato-grosso,corn,-13.5,-56,NASA POWER MERRA-2 PRECTOTCORR
2012-01-22,14.75,corn-mato-grosso,corn,-13.5,-56,NASA POWER MERRA-2 PRECTOTCORR
2012-01-23,5.88,corn-mato-grosso,corn,-13.5,-56,NASA POWER MERRA-2 PRECTOTCORR
2012-01-24,8.39,corn-mato-grosso,corn,-13.5,-56,NASA POWER MERRA-2 PRECTOTCORR
2012-01-25,5.97,corn-mato-grosso,corn,-13.5,-56,NASA POWER MERRA-2 PRECTOTCORR
2012-01-26,25.57,corn-mato-grosso,corn,-13.5,-56,NASA POWER MERRA-2 PRECTOTCORR
2012-01-27,9.7,corn-mato-grosso,corn,-13.5,-56,NASA POWER MERRA-2 PRECTOTCORR
2012-01-28,1.22,corn-mato-grosso,corn,-13.5,-56,NASA POWER MERRA-2 PRECTOTCORR
2012-01-29,2.3,corn-mato-grosso,corn,-13.5,-56,NASA POWER MERRA-2 PRECTOTCORR
2012-01-30,7.54,corn-mato-grosso,corn,-13.5,-56,NASA POWER MERRA-2 PRECTOTCORR
2012-01-31,0.95,corn-mato-grosso,corn,-13.5,-56,NASA POWER MERRA-2 PRECTOTCORR
2012-02-01,5.06,corn-mato-grosso,corn,-13.5,-56,NASA POWER MERRA-2 PRECTOTCORR
2012-02-02,3.69,corn-mato-grosso,corn,-13.5,-56,NASA POWER MERRA-2 PRECTOTCORR
2012-02-03,15.44,corn-mato-grosso,corn,-13.5,-56,NASA POWER MERRA-2 PRECTOTCORR
2012-02-04,1.38,corn-mato-grosso,corn,-13.5,-56,NASA POWER MERRA-2 PRECTOTCORR
2012-02-05,0.31,corn-mato-grosso,corn,-13.5,-56,NASA POWER MERRA-2 PRECTOTCORR
2012-02-06,0.35,corn-mato-grosso,corn,-13.5,-56,NASA POWER MERRA-2 PRECTOTCORR
2012-02-07,0,corn-mato-grosso,corn,-13.5,-56,NASA POWER MERRA-2 PRECTOTCORR
2012-02-08,4.6,corn-mato-grosso,corn,-13.5,-56,NASA POWER MERRA-2 PRECTOTCORR
2012-02-09,4.89,corn-mato-grosso,corn,-13.5,-56,NASA POWER MERRA-2 PRECTOTCORR
2012-02-10,2.62,corn-mato-grosso,corn,-13.5,-56,NASA POWER MERRA-2 PRECTOTCORR
2012-02-11,10.78,corn-mato-grosso,corn,-13.5,-56,NASA POWER MERRA-2 PRECTOTCORR
2012-02-12,14.26,corn-mato-grosso,corn,-13.5,-56,NASA POWER MERRA-2 PRECTOTCORR
2012-02-13,25.93,corn-mato-grosso,corn,-13.5,-56,NASA POWER MERRA-2 PRECTOTCORR
2012-02-14,16.67,corn-mato-grosso,corn,-13.5,-56,NASA POWER MERRA-2 PRECTOTCORR
2012-02-15,20.18,corn-mato-grosso,corn,-13.5,-56,NASA POWER MERRA-2 PRECTOTCORR
2012-02-16,2.37,corn-mato-grosso,corn,-13.5,-56,NASA POWER MERRA-2 PRECTOTCORR
2012-02-17,3.73,corn-mato-grosso,corn,-13.5,-56,NASA POWER MERRA-2 PRECTOTCORR
2012-02-18,22.14,corn-mato-grosso,corn,-13.5,-56,NASA POWER MERRA-2 PRECTOTCORR
2012-02-19,9.67,corn-mato-grosso,corn,-13.5,-56,NASA POWER MERRA-2 PRECTOTCORR
2012-02-20,9.98,corn-mato-grosso,corn,-13.5,-56,NASA POWER MERRA-2 PRECTOTCORR
2012-02-21,19.48,corn-mato-grosso,corn,-13.5,-56,NASA POWER MERRA-2 PRECTOTCORR
2012-02-22,4.71,corn-mato-grosso,corn,-13.5,-56,NASA POWER MERRA-2 PRECTOTCORR
2012-02-23,4.32,corn-mato-grosso,corn,-13.5,-56,NASA POWER MERRA-2 PRECTOTCORR
2012-02-24,5.53,corn-mato-grosso,corn,-13.5,-56,NASA POWER MERRA-2 PRECTOTCORR
2012-02-25,44.85,corn-mato-grosso,corn,-13.5,-56,NASA POWER MERRA-2 PRECTOTCORR
2012-02-26,22.75,corn-mato-grosso,corn,-13.5,-56,NASA POWER MERRA-2 PRECTOTCORR
2012-02-27,9.29,corn-mato-grosso,corn,-13.5,-56,NASA POWER MERRA-2 PRECTOTCORR
2012-02-28,19.19,corn-mato-grosso,corn,-13.5,-56,NASA POWER MERRA-2 PRECTOTCORR
2012-02-29,9.01,corn-mato-grosso,corn,-13.5,-56,NASA POWER MERRA-2 PRECTOTCORR
2012-03-01,7.69,corn-mato-grosso,corn,-13.5,-56,NASA POWER MERRA-2 PRECTOTCORR
2012-03-02,23.71,corn-mato-grosso,corn,-13.5,-56,NASA POWER MERRA-2 PRECTOTCORR
2012-03-03,12.09,corn-mato-grosso,corn,-13.5,-56,NASA POWER MERRA-2 PRECTOTCORR
2012-03-04,4.92,corn-mato-grosso,corn,-13.5,-56,NASA POWER MERRA-2 PRECTOTCORR
2012-03-05,1.83,corn-mato-grosso,corn,-13.5,-56,NASA POWER MERRA-2 PRECTOTCORR
2012-03-06,6.73,corn-mato-grosso,corn,-13.5,-56,NASA POWER MERRA-2 PRECTOTCORR
2012-03-07,4.99,corn-mato-grosso,corn,-13.5,-56,NASA POWER MERRA-2 PRECTOTCORR
2012-03-08,3.35,corn-mato-grosso,corn,-13.5,-56,NASA POWER MERRA-2 PRECTOTCORR
2012-03-09,9.87,corn-mato-grosso,corn,-13.5,-56,NASA POWER MERRA-2 PRECTOTCORR
2012-03-10,7.93,corn-mato-grosso,corn,-13.5,-56,NASA POWER MERRA-2 PRECTOTCORR
2012-03-11,0.39,corn-mato-grosso,corn,-13.5,-56,NASA POWER MERRA-2 PRECTOTCORR
2012-03-12,0.72,corn-mato-grosso,corn,-13.5,-56,NASA POWER MERRA-2 PRECTOTCORR
2012-03-13,13.3,corn-mato-grosso,corn,-13.5,-56,NASA POWER MERRA-2 PRECTOTCORR
2012-03-14,3.34,corn-mato-grosso,corn,-13.5,-56,NASA POWER MERRA-2 PRECTOTCORR
2012-03-15,7,corn-mato-grosso,corn,-13.5,-56,NASA POWER MERRA-2 PRECTOTCORR
2012-03-16,0.38,corn-mato-grosso,corn,-13.5,-56,NASA POWER MERRA-2 PRECTOTCORR
2012-03-17,52.65,corn-mato-grosso,corn,-13.5,-56,NASA POWER MERRA-2 PRECTOTCORR
2012-03-18,32.14,corn-mato-grosso,corn,-13.5,-56,NASA POWER MERRA-2 PRECTOTCORR
2012-03-19,8.5,corn-mato-grosso,corn,-13.5,-56,NASA POWER MERRA-2 PRECTOTCORR
2012-03-20,6.55,corn-mato-grosso,corn,-13.5,-56,NASA POWER MERRA-2 PRECTOTCORR
2012-03-21,6.37,corn-mato-grosso,corn,-13.5,-56,NASA POWER MERRA-2 PRECTOTCORR
2012-03-22,3.55,corn-mato-grosso,corn,-13.5,-56,NASA POWER MERRA-2 PRECTOTCORR
2012-03-23,3.03,corn-mato-grosso,corn,-13.5,-56,NASA POWER MERRA-2 PRECTOTCORR
2012-03-24,1.62,corn-mato-grosso,corn,-13.5,-56,NASA POWER MERRA-2 PRECTOTCORR
2012-03-25,18.57,corn-mato-grosso,corn,-13.5,-56,NASA POWER MERRA-2 PRECTOTCORR
2012-03-26,20.76,corn-mato-grosso,corn,-13.5,-56,NASA POWER MERRA-2 PRECTOTCORR
2012-03-27,0.32,corn-mato-grosso,corn,-13.5,-56,NASA POWER MERRA-2 PRECTOTCORR
2012-03-28,0.14,corn-mato-grosso,corn,-13.5,-56,NASA POWER MERRA-2 PRECTOTCORR
2012-03-29,4,corn-mato-grosso,corn,-13.5,-56,NASA POWER MERRA-2 PRECTOTCORR
2012-03-30,4.67,corn-mato-grosso,corn,-13.5,-56,NASA POWER MERRA-2 PRECTOTCORR
2012-03-31,0.33,corn-mato-grosso,corn,-13.5,-56,NASA POWER MERRA-2 PRECTOTCORR
2012-04-01,4.94,corn-mato-grosso,corn,-13.5,-56,NASA POWER MERRA-2 PRECTOTCORR
2012-04-02,11.97,corn-mato-grosso,corn,-13.5,-56,NASA POWER MERRA-2 PRECTOTCORR
2012-04-03,25.36,corn-mato-grosso,corn,-13.5,-56,NASA POWER MERRA-2 PRECTOTCORR
2012-04-04,5.69,corn-mato-grosso,corn,-13.5,-56,NASA POWER MERRA-2 PRECTOTCORR
2012-04-05,0.47,corn-mato-grosso,corn,-13.5,-56,NASA POWER MERRA-2 PRECTOTCORR
2012-04-06,0,corn-mato-grosso,corn,-13.5,-56,NASA POWER MERRA-2 PRECTOTCORR
2012-04-07,0.98,corn-mato-grosso,corn,-13.5,-56,NASA POWER MERRA-2 PRECTOTCORR
2012-04-08,1.74,corn-mato-grosso,corn,-13.5,-56,NASA POWER MERRA-2 PRECTOTCORR
2012-04-09,9.4,corn-mato-grosso,corn,-13.5,-56,NASA POWER MERRA-2 PRECTOTCORR
2012-04-10,0.52,corn-mato-grosso,corn,-13.5,-56,NASA POWER MERRA-2 PRECTOTCORR
2012-04-11,2.69,corn-mato-grosso,corn,-13.5,-56,NASA POWER MERRA-2 PRECTOTCORR
2012-04-12,3.85,corn-mato-grosso,corn,-13.5,-56,NASA POWER MERRA-2 PRECTOTCORR
2012-04-13,0.2,corn-mato-grosso,corn,-13.5,-56,NASA POWER MERRA-2 PRECTOTCORR
2012-04-14,6.22,corn-mato-grosso,corn,-13.5,-56,NASA POWER MERRA-2 PRECTOTCORR
2012-04-15,0.77,corn-mato-grosso,corn,-13.5,-56,NASA POWER MERRA-2 PRECTOTCORR
2012-04-16,9.06,corn-mato-grosso,corn,-13.5,-56,NASA POWER MERRA-2 PRECTOTCORR
2012-04-17,2.43,corn-mato-grosso,corn,-13.5,-56,NASA POWER MERRA-2 PRECTOTCORR
2012-04-18,2.51,corn-mato-grosso,corn,-13.5,-56,NASA POWER MERRA-2 PRECTOTCORR
2012-04-19,2.37,corn-mato-grosso,corn,-13.5,-56,NASA POWER MERRA-2 PRECTOTCORR
2012-04-20,3.42,corn-mato-grosso,corn,-13.5,-56,NASA POWER MERRA-2 PRECTOTCORR
2012-04-21,1.17,corn-mato-grosso,corn,-13.5,-56,NASA POWER MERRA-2 PRECTOTCORR
2012-04-22,0.48,corn-mato-grosso,corn,-13.5,-56,NASA POWER MERRA-2 PRECTOTCORR
2012-04-23,0.09,corn-mato-grosso,corn,-13.5,-56,NASA POWER MERRA-2 PRECTOTCORR
2012-04-24,4.69,corn-mato-grosso,corn,-13.5,-56,NASA POWER MERRA-2 PRECTOTCORR
2012-04-25,0.73,corn-mato-grosso,corn,-13.5,-56,NASA POWER MERRA-2 PRECTOTCORR
2012-04-26,1.74,corn-mato-grosso,corn,-13.5,-56,NASA POWER MERRA-2 PRECTOTCORR
2012-04-27,3.49,corn-mato-grosso,corn,-13.5,-56,NASA POWER MERRA-2 PRECTOTCORR
2012-04-28,0.59,corn-mato-grosso,corn,-13.5,-56,NASA POWER MERRA-2 PRECTOTCORR
2012-04-29,0.74,corn-mato-grosso,corn,-13.5,-56,NASA POWER MERRA-2 PRECTOTCORR
2012-04-30,0.11,corn-mato-grosso,corn,-13.5,-56,NASA POWER MERRA-2 PRECTOTCORR
2012-05-01,0,corn-mato-grosso,corn,-13.5,-56,NASA POWER MERRA-2 PRECTOTCORR
2012-05-02,0,corn-mato-grosso,corn,-13.5,-56,NASA POWER MERRA-2 PRECTOTCORR
2012-05-03,0,corn-mato-grosso,corn,-13.5,-56,NASA POWER MERRA-2 PRECTOTCORR
2012-05-04,0.02,corn-mato-grosso,corn,-13.5,-56,NASA POWER MERRA-2 PRECTOTCORR
2012-05-05,0,corn-mato-grosso,corn,-13.5,-56,NASA POWER MERRA-2 PRECTOTCORR
2012-05-06,0,corn-mato-grosso,corn,-13.5,-56,NASA POWER MERRA-2 PRECTOTCORR
2012-05-07,0,corn-mato-grosso,corn,-13.5,-56,NASA POWER MERRA-2 PRECTOTCORR
2012-05-08,0,corn-mato-grosso,corn,-13.5,-56,NASA POWER MERRA-2 PRECTOTCORR
2012-05-09,0,corn-mato-grosso,corn,-13.5,-56,NASA POWER MERRA-2 PRECTOTCORR
2012-05-10,0,corn-mato-grosso,corn,-13.5,-56,NASA POWER MERRA-2 PRECTOTCORR
2012-05-11,0,corn-mato-grosso,corn,-13.5,-56,NASA POWER MERRA-2 PRECTOTCORR
2012-05-12,0.09,corn-mato-grosso,corn,-13.5,-56,NASA POWER MERRA-2 PRECTOTCORR
2012-05-13,11.41,corn-mato-grosso,corn,-13.5,-56,NASA POWER MERRA-2 PRECTOTCORR
2012-05-14,5.19,corn-mato-grosso,corn,-13.5,-56,NASA POWER MERRA-2 PRECTOTCORR
2012-05-15,2.3,corn-mato-grosso,corn,-13.5,-56,NASA POWER MERRA-2 PRECTOTCORR
2012-05-16,0,corn-mato-grosso,corn,-13.5,-56,NASA POWER MERRA-2 PRECTOTCORR
2012-05-17,0.44,corn-mato-grosso,corn,-13.5,-56,NASA POWER MERRA-2 PRECTOTCORR
2012-05-18,0,corn-mato-grosso,corn,-13.5,-56,NASA POWER MERRA-2 PRECTOTCORR
2012-05-19,0.42,corn-mato-grosso,corn,-13.5,-56,NASA POWER MERRA-2 PRECTOTCORR
2012-05-20,0.89,corn-mato-grosso,corn,-13.5,-56,NASA POWER MERRA-2 PRECTOTCORR
2012-05-21,35.43,corn-mato-grosso,corn,-13.5,-56,NASA POWER MERRA-2 PRECTOTCORR
2012-05-22,1.19,corn-mato-grosso,corn,-13.5,-56,NASA POWER MERRA-2 PRECTOTCORR
2012-05-23,0.13,corn-mato-grosso,corn,-13.5,-56,NASA POWER MERRA-2 PRECTOTCORR
2012-05-24,8.79,corn-mato-grosso,corn,-13.5,-56,NASA POWER MERRA-2 PRECTOTCORR
2012-05-25,0.59,corn-mato-grosso,corn,-13.5,-56,NASA POWER MERRA-2 PRECTOTCORR
2012-05-26,0.01,corn-mato-grosso,corn,-13.5,-56,NASA POWER MERRA-2 PRECTOTCORR
2012-05-27,0,corn-mato-grosso,corn,-13.5,-56,NASA POWER MERRA-2 PRECTOTCORR
2012-05-28,0.01,corn-mato-grosso,corn,-13.5,-56,NASA POWER MERRA-2 PRECTOTCORR
2012-05-29,0,corn-mato-grosso,corn,-13.5,-56,NASA POWER MERRA-2 PRECTOTCORR
2012-05-30,0.01,corn-mato-grosso,corn,-13.5,-56,NASA POWER MERRA-2 PRECTOTCORR
2012-05-31,0,corn-mato-grosso,corn,-13.5,-56,NASA POWER MERRA-2 PRECTOTCORR
2012-06-01,0,corn-mato-grosso,corn,-13.5,-56,NASA POWER MERRA-2 PRECTOTCORR
2012-06-02,0,corn-mato-grosso,corn,-13.5,-56,NASA POWER MERRA-2 PRECTOTCORR
2012-06-03,0.15,corn-mato-grosso,corn,-13.5,-56,NASA POWER MERRA-2 PRECTOTCORR
2012-06-04,0.18,corn-mato-grosso,corn,-13.5,-56,NASA POWER MERRA-2 PRECTOTCORR
2012-06-05,11.73,corn-mato-grosso,corn,-13.5,-56,NASA POWER MERRA-2 PRECTOTCORR
2012-06-06,0.94,corn-mato-grosso,corn,-13.5,-56,NASA POWER MERRA-2 PRECTOTCORR
2012-06-07,0.18,corn-mato-grosso,corn,-13.5,-56,NASA POWER MERRA-2 PRECTOTCORR
2012-06-08,0,corn-mato-grosso,corn,-13.5,-56,NASA POWER MERRA-2 PRECTOTCORR
2012-06-09,0,corn-mato-grosso,corn,-13.5,-56,NASA POWER MERRA-2 PRECTOTCORR
2012-06-10,0,corn-mato-grosso,corn,-13.5,-56,NASA POWER MERRA-2 PRECTOTCORR
2012-06-11,0,corn-mato-grosso,corn,-13.5,-56,NASA POWER MERRA-2 PRECTOTCORR
2012-06-12,0,corn-mato-grosso,corn,-13.5,-56,NASA POWER MERRA-2 PRECTOTCORR
2012-06-13,0,corn-mato-grosso,corn,-13.5,-56,NASA POWER MERRA-2 PRECTOTCORR
2012-06-14,0,corn-mato-grosso,corn,-13.5,-56,NASA POWER MERRA-2 PRECTOTCORR
2012-06-15,0,corn-mato-grosso,corn,-13.5,-56,NASA POWER MERRA-2 PRECTOTCORR
2012-06-16,0,corn-mato-grosso,corn,-13.5,-56,NASA POWER MERRA-2 PRECTOTCORR
2012-06-17,0,corn-mato-grosso,corn,-13.5,-56,NASA POWER MERRA-2 PRECTOTCORR
2012-06-18,0,corn-mato-grosso,corn,-13.5,-56,NASA POWER MERRA-2 PRECTOTCORR
2012-06-19,0.02,corn-mato-grosso,corn,-13.5,-56,NASA POWER MERRA-2 PRECTOTCORR
2012-06-20,0.02,corn-mato-grosso,corn,-13.5,-56,NASA POWER MERRA-2 PRECTOTCORR
2012-06-21,0.06,corn-mato-grosso,corn,-13.5,-56,NASA POWER MERRA-2 PRECTOTCORR
2012-06-22,0.64,corn-mato-grosso,corn,-13.5,-56,NASA POWER MERRA-2 PRECTOTCORR
2012-06-23,0.01,corn-mato-grosso,corn,-13.5,-56,NASA POWER MERRA-2 PRECTOTCORR
2012-06-24,0,corn-mato-grosso,corn,-13.5,-56,NASA POWER MERRA-2 PRECTOTCORR
2012-06-25,0.28,corn-mato-grosso,corn,-13.5,-56,NASA POWER MERRA-2 PRECTOTCORR
2012-06-26,0.03,corn-mato-grosso,corn,-13.5,-56,NASA POWER MERRA-2 PRECTOTCORR
2012-06-27,0,corn-mato-grosso,corn,-13.5,-56,NASA POWER MERRA-2 PRECTOTCORR
2012-06-28,0,corn-mato-grosso,corn,-13.5,-56,NASA POWER MERRA-2 PRECTOTCORR
2012-06-29,0,corn-mato-grosso,corn,-13.5,-56,NASA POWER MERRA-2 PRECTOTCORR
2012-06-30,0,corn-mato-grosso,corn,-13.5,-56,NASA POWER MERRA-2 PRECTOTCORR
2012-07-01,0,corn-mato-grosso,corn,-13.5,-56,NASA POWER MERRA-2 PRECTOTCORR
2012-07-02,0,corn-mato-grosso,corn,-13.5,-56,NASA POWER MERRA-2 PRECTOTCORR
2012-07-03,0,corn-mato-grosso,corn,-13.5,-56,NASA POWER MERRA-2 PRECTOTCORR
2012-07-04,0,corn-mato-grosso,corn,-13.5,-56,NASA POWER MERRA-2 PRECTOTCORR
2012-07-05,0,corn-mato-grosso,corn,-13.5,-56,NASA POWER MERRA-2 PRECTOTCORR
2012-07-06,0,corn-mato-grosso,corn,-13.5,-56,NASA POWER MERRA-2 PRECTOTCORR
2012-07-07,0,corn-mato-grosso,corn,-13.5,-56,NASA POWER MERRA-2 PRECTOTCORR
2012-07-08,0,corn-mato-grosso,corn,-13.5,-56,NASA POWER MERRA-2 PRECTOTCORR
2012-07-09,0,corn-mato-grosso,corn,-13.5,-56,NASA POWER MERRA-2 PRECTOTCORR
2012-07-10,0,corn-mato-grosso,corn,-13.5,-56,NASA POWER MERRA-2 PRECTOTCORR
2012-07-11,0,corn-mato-grosso,corn,-13.5,-56,NASA POWER MERRA-2 PRECTOTCORR
2012-07-12,0,corn-mato-grosso,corn,-13.5,-56,NASA POWER MERRA-2 PRECTOTCORR
2012-07-13,0,corn-mato-grosso,corn,-13.5,-56,NASA POWER MERRA-2 PRECTOTCORR
2012-07-14,0,corn-mato-grosso,corn,-13.5,-56,NASA POWER MERRA-2 PRECTOTCORR
2012-07-15,0,corn-mato-grosso,corn,-13.5,-56,NASA POWER MERRA-2 PRECTOTCORR
2012-07-16,0,corn-mato-grosso,corn,-13.5,-56,NASA POWER MERRA-2 PRECTOTCORR
2012-07-17,0,corn-mato-grosso,corn,-13.5,-56,NASA POWER MERRA-2 PRECTOTCORR
2012-07-18,0,corn-mato-grosso,corn,-13.5,-56,NASA POWER MERRA-2 PRECTOTCORR
2012-07-19,0,corn-mato-grosso,corn,-13.5,-56,NASA POWER MERRA-2 PRECTOTCORR
2012-07-20,0,corn-mato-grosso,corn,-13.5,-56,NASA POWER MERRA-2 PRECTOTCORR
2012-07-21,0,corn-mato-grosso,corn,-13.5,-56,NASA POWER MERRA-2 PRECTOTCORR
2012-07-22,0,corn-mato-grosso,corn,-13.5,-56,NASA POWER MERRA-2 PRECTOTCORR
2012-07-23,0.3,corn-mato-grosso,corn,-13.5,-56,NASA POWER MERRA-2 PRECTOTCORR
2012-07-24,0.07,corn-mato-grosso,corn,-13.5,-56,NASA POWER MERRA-2 PRECTOTCORR
2012-07-25,0,corn-mato-grosso,corn,-13.5,-56,NASA POWER MERRA-2 PRECTOTCORR
2012-07-26,0,corn-mato-grosso,corn,-13.5,-56,NASA POWER MERRA-2 PRECTOTCORR
2012-07-27,0,corn-mato-grosso,corn,-13.5,-56,NASA POWER MERRA-2 PRECTOTCORR
2012-07-28,0,corn-mato-grosso,corn,-13.5,-56,NASA POWER MERRA-2 PRECTOTCORR
2012-07-29,0,corn-mato-grosso,corn,-13.5,-56,NASA POWER MERRA-2 PRECTOTCORR
2012-07-30,0,corn-mato-grosso,corn,-13.5,-56,NASA POWER MERRA-2 PRECTOTCORR
2012-07-31,0,corn-mato-grosso,corn,-13.5,-56,NASA POWER MERRA-2 PRECTOTCORR
2012-08-01,0,corn-mato-grosso,corn,-13.5,-56,NASA POWER MERRA-2 PRECTOTCORR
2012-08-02,0,corn-mato-grosso,corn,-13.5,-56,NASA POWER MERRA-2 PRECTOTCORR
2012-08-03,0,corn-mato-grosso,corn,-13.5,-56,NASA POWER MERRA-2 PRECTOTCORR
2012-08-04,0,corn-mato-grosso,corn,-13.5,-56,NASA POWER MERRA-2 PRECTOTCORR
2012-08-05,0,corn-mato-grosso,corn,-13.5,-56,NASA POWER MERRA-2 PRECTOTCORR
2012-08-06,0,corn-mato-grosso,corn,-13.5,-56,NASA POWER MERRA-2 PRECTOTCORR
2012-08-07,0,corn-mato-grosso,corn,-13.5,-56,NASA POWER MERRA-2 PRECTOTCORR
2012-08-08,0,corn-mato-grosso,corn,-13.5,-56,NASA POWER MERRA-2 PRECTOTCORR
2012-08-09,0,corn-mato-grosso,corn,-13.5,-56,NASA POWER MERRA-2 PRECTOTCORR
2012-08-10,0,corn-mato-grosso,corn,-13.5,-56,NASA POWER MERRA-2 PRECTOTCORR
2012-08-11,0,corn-mato-grosso,corn,-13.5,-56,NASA POWER MERRA-2 PRECTOTCORR
2012-08-12,0,corn-mato-grosso,corn,-13.5,-56,NASA POWER MERRA-2 PRECTOTCORR
2012-08-13,0,corn-mato-grosso,corn,-13.5,-56,NASA POWER MERRA-2 PRECTOTCORR
2012-08-14,0,corn-mato-grosso,corn,-13.5,-56,NASA POWER MERRA-2 PRECTOTCORR
2012-08-15,0,corn-mato-grosso,corn,-13.5,-56,NASA POWER MERRA-2 PRECTOTCORR
2012-08-16,0,corn-mato-grosso,corn,-13.5,-56,NASA POWER MERRA-2 PRECTOTCORR
2012-08-17,0,corn-mato-grosso,corn,-13.5,-56,NASA POWER MERRA-2 PRECTOTCORR
2012-08-18,0,corn-mato-grosso,corn,-13.5,-56,NASA POWER MERRA-2 PRECTOTCORR
2012-08-19,0,corn-mato-grosso,corn,-13.5,-56,NASA POWER MERRA-2 PRECTOTCORR
2012-08-20,0,corn-mato-grosso,corn,-13.5,-56,NASA POWER MERRA-2 PRECTOTCORR
2012-08-21,0,corn-mato-grosso,corn,-13.5,-56,NASA POWER MERRA-2 PRECTOTCORR
2012-08-22,0,corn-mato-grosso,corn,-13.5,-56,NASA POWER MERRA-2 PRECTOTCORR
2012-08-23,0,corn-mato-grosso,corn,-13.5,-56,NASA POWER MERRA-2 PRECTOTCORR
2012-08-24,0,corn-mato-grosso,corn,-13.5,-56,NASA POWER MERRA-2 PRECTOTCORR
2012-08-25,0,corn-mato-grosso,corn,-13.5,-56,NASA POWER MERRA-2 PRECTOTCORR
2012-08-26,0,corn-mato-grosso,corn,-13.5,-56,NASA POWER MERRA-2 PRECTOTCORR
2012-08-27,0,corn-mato-grosso,corn,-13.5,-56,NASA POWER MERRA-2 PRECTOTCORR
2012-08-28,0,corn-mato-grosso,corn,-13.5,-56,NASA POWER MERRA-2 PRECTOTCORR
2012-08-29,0,corn-mato-grosso,corn,-13.5,-56,NASA POWER MERRA-2 PRECTOTCORR
2012-08-30,0,corn-mato-grosso,corn,-13.5,-56,NASA POWER MERRA-2 PRECTOTCORR
2012-08-31,0,corn-mato-grosso,corn,-13.5,-56,NASA POWER MERRA-2 PRECTOTCORR
2012-09-01,0,corn-mato-grosso,corn,-13.5,-56,NASA POWER MERRA-2 PRECTOTCORR
2012-09-02,0.26,corn-mato-grosso,corn,-13.5,-56,NASA POWER MERRA-2 PRECTOTCORR
2012-09-03,0.06,corn-mato-grosso,corn,-13.5,-56,NASA POWER MERRA-2 PRECTOTCORR
2012-09-04,0,corn-mato-grosso,corn,-13.5,-56,NASA POWER MERRA-2 PRECTOTCORR
2012-09-05,0,corn-mato-grosso,corn,-13.5,-56,NASA POWER MERRA-2 PRECTOTCORR
2012-09-06,0,corn-mato-grosso,corn,-13.5,-56,NASA POWER MERRA-2 PRECTOTCORR
2012-09-07,0,corn-mato-grosso,corn,-13.5,-56,NASA POWER MERRA-2 PRECTOTCORR
2012-09-08,0,corn-mato-grosso,corn,-13.5,-56,NASA POWER MERRA-2 PRECTOTCORR
2012-09-09,0,corn-mato-grosso,corn,-13.5,-56,NASA POWER MERRA-2 PRECTOTCORR
2012-09-10,0,corn-mato-grosso,corn,-13.5,-56,NASA POWER MERRA-2 PRECTOTCORR
2012-09-11,0,corn-mato-grosso,corn,-13.5,-56,NASA POWER MERRA-2 PRECTOTCORR
2012-09-12,0,corn-mato-grosso,corn,-13.5,-56,NASA POWER MERRA-2 PRECTOTCORR
2012-09-13,0,corn-mato-grosso,corn,-13.5,-56,NASA POWER MERRA-2 PRECTOTCORR
2012-09-14,0,corn-mato-grosso,corn,-13.5,-56,NASA POWER MERRA-2 PRECTOTCORR
2012-09-15,0,corn-mato-grosso,corn,-13.5,-56,NASA POWER MERRA-2 PRECTOTCORR
2012-09-16,0,corn-mato-grosso,corn,-13.5,-56,NASA POWER MERRA-2 PRECTOTCORR
2012-09-17,1.89,corn-mato-grosso,corn,-13.5,-56,NASA POWER MERRA-2 PRECTOTCORR
2012-09-18,2,corn-mato-grosso,corn,-13.5,-56,NASA POWER MERRA-2 PRECTOTCORR
2012-09-19,3.51,corn-mato-grosso,corn,-13.5,-56,NASA POWER MERRA-2 PRECTOTCORR
2012-09-20,1.5,corn-mato-grosso,corn,-13.5,-56,NASA POWER MERRA-2 PRECTOTCORR
2012-09-21,1.08,corn-mato-grosso,corn,-13.5,-56,NASA POWER MERRA-2 PRECTOTCORR
2012-09-22,4.04,corn-mato-grosso,corn,-13.5,-56,NASA POWER MERRA-2 PRECTOTCORR
2012-09-23,0.1,corn-mato-grosso,corn,-13.5,-56,NASA POWER MERRA-2 PRECTOTCORR
2012-09-24,10.61,corn-mato-grosso,corn,-13.5,-56,NASA POWER MERRA-2 PRECTOTCORR
2012-09-25,9.72,corn-mato-grosso,corn,-13.5,-56,NASA POWER MERRA-2 PRECTOTCORR
2012-09-26,0.57,corn-mato-grosso,corn,-13.5,-56,NASA POWER MERRA-2 PRECTOTCORR
2012-09-27,0,corn-mato-grosso,corn,-13.5,-56,NASA POWER MERRA-2 PRECTOTCORR
2012-09-28,0,corn-mato-grosso,corn,-13.5,-56,NASA POWER MERRA-2 PRECTOTCORR
2012-09-29,13.36,corn-mato-grosso,corn,-13.5,-56,NASA POWER MERRA-2 PRECTOTCORR
2012-09-30,7.2,corn-mato-grosso,corn,-13.5,-56,NASA POWER MERRA-2 PRECTOTCORR
2012-10-01,0.02,corn-mato-grosso,corn,-13.5,-56,NASA POWER MERRA-2 PRECTOTCORR
2012-10-02,0.1,corn-mato-grosso,corn,-13.5,-56,NASA POWER MERRA-2 PRECTOTCORR
2012-10-03,6.85,corn-mato-grosso,corn,-13.5,-56,NASA POWER MERRA-2 PRECTOTCORR
2012-10-04,0.3,corn-mato-grosso,corn,-13.5,-56,NASA POWER MERRA-2 PRECTOTCORR
2012-10-05,0.08,corn-mato-grosso,corn,-13.5,-56,NASA POWER MERRA-2 PRECTOTCORR
2012-10-06,0.08,corn-mato-grosso,corn,-13.5,-56,NASA POWER MERRA-2 PRECTOTCORR
2012-10-07,0.81,corn-mato-grosso,corn,-13.5,-56,NASA POWER MERRA-2 PRECTOTCORR
2012-10-08,1.19,corn-mato-grosso,corn,-13.5,-56,NASA POWER MERRA-2 PRECTOTCORR
2012-10-09,0.83,corn-mato-grosso,corn,-13.5,-56,NASA POWER MERRA-2 PRECTOTCORR
2012-10-10,4.6,corn-mato-grosso,corn,-13.5,-56,NASA POWER MERRA-2 PRECTOTCORR
2012-10-11,0.5,corn-mato-grosso,corn,-13.5,-56,NASA POWER MERRA-2 PRECTOTCORR
2012-10-12,0.02,corn-mato-grosso,corn,-13.5,-56,NASA POWER MERRA-2 PRECTOTCORR
2012-10-13,13.22,corn-mato-grosso,corn,-13.5,-56,NASA POWER MERRA-2 PRECTOTCORR
2012-10-14,6.23,corn-mato-grosso,corn,-13.5,-56,NASA POWER MERRA-2 PRECTOTCORR
2012-10-15,1.14,corn-mato-grosso,corn,-13.5,-56,NASA POWER MERRA-2 PRECTOTCORR
2012-10-16,3.23,corn-mato-grosso,corn,-13.5,-56,NASA POWER MERRA-2 PRECTOTCORR
2012-10-17,0.51,corn-mato-grosso,corn,-13.5,-56,NASA POWER MERRA-2 PRECTOTCORR
2012-10-18,0.27,corn-mato-grosso,corn,-13.5,-56,NASA POWER MERRA-2 PRECTOTCORR
2012-10-19,0.01,corn-mato-grosso,corn,-13.5,-56,NASA POWER MERRA-2 PRECTOTCORR
2012-10-20,0.78,corn-mato-grosso,corn,-13.5,-56,NASA POWER MERRA-2 PRECTOTCORR
2012-10-21,0.18,corn-mato-grosso,corn,-13.5,-56,NASA POWER MERRA-2 PRECTOTCORR
2012-10-22,0.07,corn-mato-grosso,corn,-13.5,-56,NASA POWER MERRA-2 PRECTOTCORR
2012-10-23,20.23,corn-mato-grosso,corn,-13.5,-56,NASA POWER MERRA-2 PRECTOTCORR
2012-10-24,0.04,corn-mato-grosso,corn,-13.5,-56,NASA POWER MERRA-2 PRECTOTCORR
2012-10-25,2.09,corn-mato-grosso,corn,-13.5,-56,NASA POWER MERRA-2 PRECTOTCORR
2012-10-26,2.72,corn-mato-grosso,corn,-13.5,-56,NASA POWER MERRA-2 PRECTOTCORR
2012-10-27,1.51,corn-mato-grosso,corn,-13.5,-56,NASA POWER MERRA-2 PRECTOTCORR
2012-10-28,0.42,corn-mato-grosso,corn,-13.5,-56,NASA POWER MERRA-2 PRECTOTCORR
2012-10-29,0,corn-mato-grosso,corn,-13.5,-56,NASA POWER MERRA-2 PRECTOTCORR
2012-10-30,0.67,corn-mato-grosso,corn,-13.5,-56,NASA POWER MERRA-2 PRECTOTCORR
2012-10-31,0.05,corn-mato-grosso,corn,-13.5,-56,NASA POWER MERRA-2 PRECTOTCORR
2012-11-01,4.68,corn-mato-grosso,corn,-13.5,-56,NASA POWER MERRA-2 PRECTOTCORR
2012-11-02,9.94,corn-mato-grosso,corn,-13.5,-56,NASA POWER MERRA-2 PRECTOTCORR
2012-11-03,2.95,corn-mato-grosso,corn,-13.5,-56,NASA POWER MERRA-2 PRECTOTCORR
2012-11-04,5.98,corn-mato-grosso,corn,-13.5,-56,NASA POWER MERRA-2 PRECTOTCORR
2012-11-05,3.28,corn-mato-grosso,corn,-13.5,-56,NASA POWER MERRA-2 PRECTOTCORR
2012-11-06,8.01,corn-mato-grosso,corn,-13.5,-56,NASA POWER MERRA-2 PRECTOTCORR
2012-11-07,5.76,corn-mato-grosso,corn,-13.5,-56,NASA POWER MERRA-2 PRECTOTCORR
2012-11-08,3.52,corn-mato-grosso,corn,-13.5,-56,NASA POWER MERRA-2 PRECTOTCORR
2012-11-09,4.23,corn-mato-grosso,corn,-13.5,-56,NASA POWER MERRA-2 PRECTOTCORR
2012-11-10,9.33,corn-mato-grosso,corn,-13.5,-56,NASA POWER MERRA-2 PRECTOTCORR
2012-11-11,3.86,corn-mato-grosso,corn,-13.5,-56,NASA POWER MERRA-2 PRECTOTCORR
2012-11-12,15.88,corn-mato-grosso,corn,-13.5,-56,NASA POWER MERRA-2 PRECTOTCORR
2012-11-13,11.45,corn-mato-grosso,corn,-13.5,-56,NASA POWER MERRA-2 PRECTOTCORR
2012-11-14,6.65,corn-mato-grosso,corn,-13.5,-56,NASA POWER MERRA-2 PRECTOTCORR
2012-11-15,7.07,corn-mato-grosso,corn,-13.5,-56,NASA POWER MERRA-2 PRECTOTCORR
2012-11-16,0.83,corn-mato-grosso,corn,-13.5,-56,NASA POWER MERRA-2 PRECTOTCORR
2012-11-17,0.92,corn-mato-grosso,corn,-13.5,-56,NASA POWER MERRA-2 PRECTOTCORR
2012-11-18,1.73,corn-mato-grosso,corn,-13.5,-56,NASA POWER MERRA-2 PRECTOTCORR
2012-11-19,1.41,corn-mato-grosso,corn,-13.5,-56,NASA POWER MERRA-2 PRECTOTCORR
2012-11-20,0.8,corn-mato-grosso,corn,-13.5,-56,NASA POWER MERRA-2 PRECTOTCORR
2012-11-21,7.83,corn-mato-grosso,corn,-13.5,-56,NASA POWER MERRA-2 PRECTOTCORR
2012-11-22,6.15,corn-mato-grosso,corn,-13.5,-56,NASA POWER MERRA-2 PRECTOTCORR
2012-11-23,11.33,corn-mato-grosso,corn,-13.5,-56,NASA POWER MERRA-2 PRECTOTCORR
2012-11-24,1.27,corn-mato-grosso,corn,-13.5,-56,NASA POWER MERRA-2 PRECTOTCORR
2012-11-25,1.65,corn-mato-grosso,corn,-13.5,-56,NASA POWER MERRA-2 PRECTOTCORR
2012-11-26,4.51,corn-mato-grosso,corn,-13.5,-56,NASA POWER MERRA-2 PRECTOTCORR
2012-11-27,2.27,corn-mato-grosso,corn,-13.5,-56,NASA POWER MERRA-2 PRECTOTCORR
2012-11-28,1.45,corn-mato-grosso,corn,-13.5,-56,NASA POWER MERRA-2 PRECTOTCORR
2012-11-29,0.16,corn-mato-grosso,corn,-13.5,-56,NASA POWER MERRA-2 PRECTOTCORR
2012-11-30,5.52,corn-mato-grosso,corn,-13.5,-56,NASA POWER MERRA-2 PRECTOTCORR
2012-12-01,2.72,corn-mato-grosso,corn,-13.5,-56,NASA POWER MERRA-2 PRECTOTCORR
2012-12-02,2.11,corn-mato-grosso,corn,-13.5,-56,NASA POWER MERRA-2 PRECTOTCORR
2012-12-03,11.52,corn-mato-grosso,corn,-13.5,-56,NASA POWER MERRA-2 PRECTOTCORR
2012-12-04,6.95,corn-mato-grosso,corn,-13.5,-56,NASA POWER MERRA-2 PRECTOTCORR
2012-12-05,11.34,corn-mato-grosso,corn,-13.5,-56,NASA POWER MERRA-2 PRECTOTCORR
2012-12-06,4.58,corn-mato-grosso,corn,-13.5,-56,NASA POWER MERRA-2 PRECTOTCORR
2012-12-07,2.7,corn-mato-grosso,corn,-13.5,-56,NASA POWER MERRA-2 PRECTOTCORR
2012-12-08,1.71,corn-mato-grosso,corn,-13.5,-56,NASA POWER MERRA-2 PRECTOTCORR
2012-12-09,8.7,corn-mato-grosso,corn,-13.5,-56,NASA POWER MERRA-2 PRECTOTCORR
2012-12-10,1.3,corn-mato-grosso,corn,-13.5,-56,NASA POWER MERRA-2 PRECTOTCORR
2012-12-11,0.02,corn-mato-grosso,corn,-13.5,-56,NASA POWER MERRA-2 PRECTOTCORR
2012-12-12,23.56,corn-mato-grosso,corn,-13.5,-56,NASA POWER MERRA-2 PRECTOTCORR
2012-12-13,16.53,corn-mato-grosso,corn,-13.5,-56,NASA POWER MERRA-2 PRECTOTCORR
2012-12-14,12.02,corn-mato-grosso,corn,-13.5,-56,NASA POWER MERRA-2 PRECTOTCORR
2012-12-15,15.78,corn-mato-grosso,corn,-13.5,-56,NASA POWER MERRA-2 PRECTOTCORR
2012-12-16,8.88,corn-mato-grosso,corn,-13.5,-56,NASA POWER MERRA-2 PRECTOTCORR
2012-12-17,4.68,corn-mato-grosso,corn,-13.5,-56,NASA POWER MERRA-2 PRECTOTCORR
2012-12-18,1.84,corn-mato-grosso,corn,-13.5,-56,NASA POWER MERRA-2 PRECTOTCORR
2012-12-19,1.14,corn-mato-grosso,corn,-13.5,-56,NASA POWER MERRA-2 PRECTOTCORR
2012-12-20,0.99,corn-mato-grosso,corn,-13.5,-56,NASA POWER MERRA-2 PRECTOTCORR
2012-12-21,8.54,corn-mato-grosso,corn,-13.5,-56,NASA POWER MERRA-2 PRECTOTCORR
2012-12-22,3.97,corn-mato-grosso,corn,-13.5,-56,NASA POWER MERRA-2 PRECTOTCORR
2012-12-23,0.9,corn-mato-grosso,corn,-13.5,-56,NASA POWER MERRA-2 PRECTOTCORR
2012-12-24,0.1,corn-mato-grosso,corn,-13.5,-56,NASA POWER MERRA-2 PRECTOTCORR
2012-12-25,0.02,corn-mato-grosso,corn,-13.5,-56,NASA POWER MERRA-2 PRECTOTCORR
2012-12-26,0,corn-mato-grosso,corn,-13.5,-56,NASA POWER MERRA-2 PRECTOTCORR
2012-12-27,5.14,corn-mato-grosso,corn,-13.5,-56,NASA POWER MERRA-2 PRECTOTCORR
2012-12-28,2.09,corn-mato-grosso,corn,-13.5,-56,NASA POWER MERRA-2 PRECTOTCORR
2012-12-29,2.77,corn-mato-grosso,corn,-13.5,-56,NASA POWER MERRA-2 PRECTOTCORR
2012-12-30,3.48,corn-mato-grosso,corn,-13.5,-56,NASA POWER MERRA-2 PRECTOTCORR
2012-12-31,1.66,corn-mato-grosso,corn,-13.5,-56,NASA POWER MERRA-2 PRECTOTCORR
2013-01-01,3.15,corn-mato-grosso,corn,-13.5,-56,NASA POWER MERRA-2 PRECTOTCORR
2013-01-02,1.45,corn-mato-grosso,corn,-13.5,-56,NASA POWER MERRA-2 PRECTOTCORR
2013-01-03,0.47,corn-mato-grosso,corn,-13.5,-56,NASA POWER MERRA-2 PRECTOTCORR
2013-01-04,18.94,corn-mato-grosso,corn,-13.5,-56,NASA POWER MERRA-2 PRECTOTCORR
2013-01-05,2.83,corn-mato-grosso,corn,-13.5,-56,NASA POWER MERRA-2 PRECTOTCORR
2013-01-06,2.67,corn-mato-grosso,corn,-13.5,-56,NASA POWER MERRA-2 PRECTOTCORR
2013-01-07,4.08,corn-mato-grosso,corn,-13.5,-56,NASA POWER MERRA-2 PRECTOTCORR
2013-01-08,0.92,corn-mato-grosso,corn,-13.5,-56,NASA POWER MERRA-2 PRECTOTCORR
2013-01-09,8.16,corn-mato-grosso,corn,-13.5,-56,NASA POWER MERRA-2 PRECTOTCORR
2013-01-10,15.82,corn-mato-grosso,corn,-13.5,-56,NASA POWER MERRA-2 PRECTOTCORR
2013-01-11,28.05,corn-mato-grosso,corn,-13.5,-56,NASA POWER MERRA-2 PRECTOTCORR
2013-01-12,13.65,corn-mato-grosso,corn,-13.5,-56,NASA POWER MERRA-2 PRECTOTCORR
2013-01-13,7.95,corn-mato-grosso,corn,-13.5,-56,NASA POWER MERRA-2 PRECTOTCORR
2013-01-14,5.58,corn-mato-grosso,corn,-13.5,-56,NASA POWER MERRA-2 PRECTOTCORR
2013-01-15,11.36,corn-mato-grosso,corn,-13.5,-56,NASA POWER MERRA-2 PRECTOTCORR
2013-01-16,12.03,corn-mato-grosso,corn,-13.5,-56,NASA POWER MERRA-2 PRECTOTCORR
2013-01-17,1.49,corn-mato-grosso,corn,-13.5,-56,NASA POWER MERRA-2 PRECTOTCORR
2013-01-18,1.31,corn-mato-grosso,corn,-13.5,-56,NASA POWER MERRA-2 PRECTOTCORR
2013-01-19,1.51,corn-mato-grosso,corn,-13.5,-56,NASA POWER MERRA-2 PRECTOTCORR
2013-01-20,12.92,corn-mato-grosso,corn,-13.5,-56,NASA POWER MERRA-2 PRECTOTCORR
2013-01-21,12.49,corn-mato-grosso,corn,-13.5,-56,NASA POWER MERRA-2 PRECTOTCORR
2013-01-22,3.28,corn-mato-grosso,corn,-13.5,-56,NASA POWER MERRA-2 PRECTOTCORR
2013-01-23,2.83,corn-mato-grosso,corn,-13.5,-56,NASA POWER MERRA-2 PRECTOTCORR
2013-01-24,14.84,corn-mato-grosso,corn,-13.5,-56,NASA POWER MERRA-2 PRECTOTCORR
2013-01-25,17.37,corn-mato-grosso,corn,-13.5,-56,NASA POWER MERRA-2 PRECTOTCORR
2013-01-26,18.39,corn-mato-grosso,corn,-13.5,-56,NASA POWER MERRA-2 PRECTOTCORR
2013-01-27,3.98,corn-mato-grosso,corn,-13.5,-56,NASA POWER MERRA-2 PRECTOTCORR
2013-01-28,11.44,corn-mato-grosso,corn,-13.5,-56,NASA POWER MERRA-2 PRECTOTCORR
2013-01-29,15.22,corn-mato-grosso,corn,-13.5,-56,NASA POWER MERRA-2 PRECTOTCORR
2013-01-30,6.94,corn-mato-grosso,corn,-13.5,-56,NASA POWER MERRA-2 PRECTOTCORR
2013-01-31,12.68,corn-mato-grosso,corn,-13.5,-56,NASA POWER MERRA-2 PRECTOTCORR
2013-02-01,12.87,corn-mato-grosso,corn,-13.5,-56,NASA POWER MERRA-2 PRECTOTCORR
2013-02-02,6.44,corn-mato-grosso,corn,-13.5,-56,NASA POWER MERRA-2 PRECTOTCORR
2013-02-03,5.63,corn-mato-grosso,corn,-13.5,-56,NASA POWER MERRA-2 PRECTOTCORR
2013-02-04,7.58,corn-mato-grosso,corn,-13.5,-56,NASA POWER MERRA-2 PRECTOTCORR
2013-02-05,4.05,corn-mato-grosso,corn,-13.5,-56,NASA POWER MERRA-2 PRECTOTCORR
2013-02-06,1.99,corn-mato-grosso,corn,-13.5,-56,NASA POWER MERRA-2 PRECTOTCORR
2013-02-07,13.91,corn-mato-grosso,corn,-13.5,-56,NASA POWER MERRA-2 PRECTOTCORR
2013-02-08,9.5,corn-mato-grosso,corn,-13.5,-56,NASA POWER MERRA-2 PRECTOTCORR
2013-02-09,14.06,corn-mato-grosso,corn,-13.5,-56,NASA POWER MERRA-2 PRECTOTCORR
2013-02-10,7.67,corn-mato-grosso,corn,-13.5,-56,NASA POWER MERRA-2 PRECTOTCORR
2013-02-11,16.03,corn-mato-grosso,corn,-13.5,-56,NASA POWER MERRA-2 PRECTOTCORR
2013-02-12,4.83,corn-mato-grosso,corn,-13.5,-56,NASA POWER MERRA-2 PRECTOTCORR
2013-02-13,1.35,corn-mato-grosso,corn,-13.5,-56,NASA POWER MERRA-2 PRECTOTCORR
2013-02-14,6.87,corn-mato-grosso,corn,-13.5,-56,NASA POWER MERRA-2 PRECTOTCORR
2013-02-15,0.87,corn-mato-grosso,corn,-13.5,-56,NASA POWER MERRA-2 PRECTOTCORR
2013-02-16,2.88,corn-mato-grosso,corn,-13.5,-56,NASA POWER MERRA-2 PRECTOTCORR
2013-02-17,1.11,corn-mato-grosso,corn,-13.5,-56,NASA POWER MERRA-2 PRECTOTCORR
2013-02-18,10.3,corn-mato-grosso,corn,-13.5,-56,NASA POWER MERRA-2 PRECTOTCORR
2013-02-19,5.99,corn-mato-grosso,corn,-13.5,-56,NASA POWER MERRA-2 PRECTOTCORR
2013-02-20,0.73,corn-mato-grosso,corn,-13.5,-56,NASA POWER MERRA-2 PRECTOTCORR
2013-02-21,6.66,corn-mato-grosso,corn,-13.5,-56,NASA POWER MERRA-2 PRECTOTCORR
2013-02-22,3.05,corn-mato-grosso,corn,-13.5,-56,NASA POWER MERRA-2 PRECTOTCORR
2013-02-23,40.26,corn-mato-grosso,corn,-13.5,-56,NASA POWER MERRA-2 PRECTOTCORR
2013-02-24,18.78,corn-mato-grosso,corn,-13.5,-56,NASA POWER MERRA-2 PRECTOTCORR
2013-02-25,2.25,corn-mato-grosso,corn,-13.5,-56,NASA POWER MERRA-2 PRECTOTCORR
2013-02-26,4.92,corn-mato-grosso,corn,-13.5,-56,NASA POWER MERRA-2 PRECTOTCORR
2013-02-27,15.89,corn-mato-grosso,corn,-13.5,-56,NASA POWER MERRA-2 PRECTOTCORR
2013-02-28,4.71,corn-mato-grosso,corn,-13.5,-56,NASA POWER MERRA-2 PRECTOTCORR
2013-03-01,16.64,corn-mato-grosso,corn,-13.5,-56,NASA POWER MERRA-2 PRECTOTCORR
2013-03-02,4.83,corn-mato-grosso,corn,-13.5,-56,NASA POWER MERRA-2 PRECTOTCORR
2013-03-03,0.75,corn-mato-grosso,corn,-13.5,-56,NASA POWER MERRA-2 PRECTOTCORR
2013-03-04,3.46,corn-mato-grosso,corn,-13.5,-56,NASA POWER MERRA-2 PRECTOTCORR
2013-03-05,0.24,corn-mato-grosso,corn,-13.5,-56,NASA POWER MERRA-2 PRECTOTCORR
2013-03-06,5.24,corn-mato-grosso,corn,-13.5,-56,NASA POWER MERRA-2 PRECTOTCORR
2013-03-07,9.94,corn-mato-grosso,corn,-13.5,-56,NASA POWER MERRA-2 PRECTOTCORR
2013-03-08,1.56,corn-mato-grosso,corn,-13.5,-56,NASA POWER MERRA-2 PRECTOTCORR
2013-03-09,0.02,corn-mato-grosso,corn,-13.5,-56,NASA POWER MERRA-2 PRECTOTCORR
2013-03-10,0.76,corn-mato-grosso,corn,-13.5,-56,NASA POWER MERRA-2 PRECTOTCORR
2013-03-11,3.07,corn-mato-grosso,corn,-13.5,-56,NASA POWER MERRA-2 PRECTOTCORR
2013-03-12,0.65,corn-mato-grosso,corn,-13.5,-56,NASA POWER MERRA-2 PRECTOTCORR
2013-03-13,2.47,corn-mato-grosso,corn,-13.5,-56,NASA POWER MERRA-2 PRECTOTCORR
2013-03-14,1.33,corn-mato-grosso,corn,-13.5,-56,NASA POWER MERRA-2 PRECTOTCORR
2013-03-15,2.89,corn-mato-grosso,corn,-13.5,-56,NASA POWER MERRA-2 PRECTOTCORR
2013-03-16,12.79,corn-mato-grosso,corn,-13.5,-56,NASA POWER MERRA-2 PRECTOTCORR
2013-03-17,15.87,corn-mato-grosso,corn,-13.5,-56,NASA POWER MERRA-2 PRECTOTCORR
2013-03-18,14.4,corn-mato-grosso,corn,-13.5,-56,NASA POWER MERRA-2 PRECTOTCORR
2013-03-19,18.88,corn-mato-grosso,corn,-13.5,-56,NASA POWER MERRA-2 PRECTOTCORR
2013-03-20,14.99,corn-mato-grosso,corn,-13.5,-56,NASA POWER MERRA-2 PRECTOTCORR
2013-03-21,5.18,corn-mato-grosso,corn,-13.5,-56,NASA POWER MERRA-2 PRECTOTCORR
2013-03-22,5.4,corn-mato-grosso,corn,-13.5,-56,NASA POWER MERRA-2 PRECTOTCORR
2013-03-23,2.59,corn-mato-grosso,corn,-13.5,-56,NASA POWER MERRA-2 PRECTOTCORR
2013-03-24,4,corn-mato-grosso,corn,-13.5,-56,NASA POWER MERRA-2 PRECTOTCORR
2013-03-25,8.2,corn-mato-grosso,corn,-13.5,-56,NASA POWER MERRA-2 PRECTOTCORR
2013-03-26,4.03,corn-mato-grosso,corn,-13.5,-56,NASA POWER MERRA-2 PRECTOTCORR
2013-03-27,50.16,corn-mato-grosso,corn,-13.5,-56,NASA POWER MERRA-2 PRECTOTCORR
2013-03-28,14.77,corn-mato-grosso,corn,-13.5,-56,NASA POWER MERRA-2 PRECTOTCORR
2013-03-29,3.87,corn-mato-grosso,corn,-13.5,-56,NASA POWER MERRA-2 PRECTOTCORR
2013-03-30,0.3,corn-mato-grosso,corn,-13.5,-56,NASA POWER MERRA-2 PRECTOTCORR
2013-03-31,2.75,corn-mato-grosso,corn,-13.5,-56,NASA POWER MERRA-2 PRECTOTCORR
2013-04-01,4.14,corn-mato-grosso,corn,-13.5,-56,NASA POWER MERRA-2 PRECTOTCORR
2013-04-02,2.11,corn-mato-grosso,corn,-13.5,-56,NASA POWER MERRA-2 PRECTOTCORR
2013-04-03,19.8,corn-mato-grosso,corn,-13.5,-56,NASA POWER MERRA-2 PRECTOTCORR
2013-04-04,2.13,corn-mato-grosso,corn,-13.5,-56,NASA POWER MERRA-2 PRECTOTCORR
2013-04-05,2.98,corn-mato-grosso,corn,-13.5,-56,NASA POWER MERRA-2 PRECTOTCORR
2013-04-06,0.92,corn-mato-grosso,corn,-13.5,-56,NASA POWER MERRA-2 PRECTOTCORR
2013-04-07,7.42,corn-mato-grosso,corn,-13.5,-56,NASA POWER MERRA-2 PRECTOTCORR
2013-04-08,8.43,corn-mato-grosso,corn,-13.5,-56,NASA POWER MERRA-2 PRECTOTCORR
2013-04-09,0.9,corn-mato-grosso,corn,-13.5,-56,NASA POWER MERRA-2 PRECTOTCORR
2013-04-10,2.13,corn-mato-grosso,corn,-13.5,-56,NASA POWER MERRA-2 PRECTOTCORR
2013-04-11,5.88,corn-mato-grosso,corn,-13.5,-56,NASA POWER MERRA-2 PRECTOTCORR
2013-04-12,1.31,corn-mato-grosso,corn,-13.5,-56,NASA POWER MERRA-2 PRECTOTCORR
2013-04-13,3.85,corn-mato-grosso,corn,-13.5,-56,NASA POWER MERRA-2 PRECTOTCORR
2013-04-14,0.22,corn-mato-grosso,corn,-13.5,-56,NASA POWER MERRA-2 PRECTOTCORR
2013-04-15,0.03,corn-mato-grosso,corn,-13.5,-56,NASA POWER MERRA-2 PRECTOTCORR
2013-04-16,0.28,corn-mato-grosso,corn,-13.5,-56,NASA POWER MERRA-2 PRECTOTCORR
2013-04-17,13.35,corn-mato-grosso,corn,-13.5,-56,NASA POWER MERRA-2 PRECTOTCORR
2013-04-18,14.46,corn-mato-grosso,corn,-13.5,-56,NASA POWER MERRA-2 PRECTOTCORR
2013-04-19,0.78,corn-mato-grosso,corn,-13.5,-56,NASA POWER MERRA-2 PRECTOTCORR
2013-04-20,0,corn-mato-grosso,corn,-13.5,-56,NASA POWER MERRA-2 PRECTOTCORR
2013-04-21,5.17,corn-mato-grosso,corn,-13.5,-56,NASA POWER MERRA-2 PRECTOTCORR
2013-04-22,9.9,corn-mato-grosso,corn,-13.5,-56,NASA POWER MERRA-2 PRECTOTCORR
2013-04-23,10.32,corn-mato-grosso,corn,-13.5,-56,NASA POWER MERRA-2 PRECTOTCORR
2013-04-24,13.09,corn-mato-grosso,corn,-13.5,-56,NASA POWER MERRA-2 PRECTOTCORR
2013-04-25,7.53,corn-mato-grosso,corn,-13.5,-56,NASA POWER MERRA-2 PRECTOTCORR
2013-04-26,0.43,corn-mato-grosso,corn,-13.5,-56,NASA POWER MERRA-2 PRECTOTCORR
2013-04-27,0.6,corn-mato-grosso,corn,-13.5,-56,NASA POWER MERRA-2 PRECTOTCORR
2013-04-28,0.86,corn-mato-grosso,corn,-13.5,-56,NASA POWER MERRA-2 PRECTOTCORR
2013-04-29,0.12,corn-mato-grosso,corn,-13.5,-56,NASA POWER MERRA-2 PRECTOTCORR
2013-04-30,0,corn-mato-grosso,corn,-13.5,-56,NASA POWER MERRA-2 PRECTOTCORR
2013-05-01,0,corn-mato-grosso,corn,-13.5,-56,NASA POWER MERRA-2 PRECTOTCORR
2013-05-02,0,corn-mato-grosso,corn,-13.5,-56,NASA POWER MERRA-2 PRECTOTCORR
2013-05-03,0,corn-mato-grosso,corn,-13.5,-56,NASA POWER MERRA-2 PRECTOTCORR
2013-05-04,0,corn-mato-grosso,corn,-13.5,-56,NASA POWER MERRA-2 PRECTOTCORR
2013-05-05,0.09,corn-mato-grosso,corn,-13.5,-56,NASA POWER MERRA-2 PRECTOTCORR
2013-05-06,0,corn-mato-grosso,corn,-13.5,-56,NASA POWER MERRA-2 PRECTOTCORR
2013-05-07,0.51,corn-mato-grosso,corn,-13.5,-56,NASA POWER MERRA-2 PRECTOTCORR
2013-05-08,0,corn-mato-grosso,corn,-13.5,-56,NASA POWER MERRA-2 PRECTOTCORR
2013-05-09,0,corn-mato-grosso,corn,-13.5,-56,NASA POWER MERRA-2 PRECTOTCORR
2013-05-10,0,corn-mato-grosso,corn,-13.5,-56,NASA POWER MERRA-2 PRECTOTCORR
2013-05-11,0.17,corn-mato-grosso,corn,-13.5,-56,NASA POWER MERRA-2 PRECTOTCORR
2013-05-12,0.1,corn-mato-grosso,corn,-13.5,-56,NASA POWER MERRA-2 PRECTOTCORR
2013-05-13,0,corn-mato-grosso,corn,-13.5,-56,NASA POWER MERRA-2 PRECTOTCORR
2013-05-14,0.18,corn-mato-grosso,corn,-13.5,-56,NASA POWER MERRA-2 PRECTOTCORR
2013-05-15,0,corn-mato-grosso,corn,-13.5,-56,NASA POWER MERRA-2 PRECTOTCORR
2013-05-16,0.39,corn-mato-grosso,corn,-13.5,-56,NASA POWER MERRA-2 PRECTOTCORR
2013-05-17,0.15,corn-mato-grosso,corn,-13.5,-56,NASA POWER MERRA-2 PRECTOTCORR
2013-05-18,0.01,corn-mato-grosso,corn,-13.5,-56,NASA POWER MERRA-2 PRECTOTCORR
2013-05-19,0.03,corn-mato-grosso,corn,-13.5,-56,NASA POWER MERRA-2 PRECTOTCORR
2013-05-20,0,corn-mato-grosso,corn,-13.5,-56,NASA POWER MERRA-2 PRECTOTCORR
2013-05-21,0,corn-mato-grosso,corn,-13.5,-56,NASA POWER MERRA-2 PRECTOTCORR
2013-05-22,0,corn-mato-grosso,corn,-13.5,-56,NASA POWER MERRA-2 PRECTOTCORR
2013-05-23,0,corn-mato-grosso,corn,-13.5,-56,NASA POWER MERRA-2 PRECTOTCORR
2013-05-24,0,corn-mato-grosso,corn,-13.5,-56,NASA POWER MERRA-2 PRECTOTCORR
2013-05-25,0,corn-mato-grosso,corn,-13.5,-56,NASA POWER MERRA-2 PRECTOTCORR
2013-05-26,0,corn-mato-grosso,corn,-13.5,-56,NASA POWER MERRA-2 PRECTOTCORR
2013-05-27,0,corn-mato-grosso,corn,-13.5,-56,NASA POWER MERRA-2 PRECTOTCORR
2013-05-28,0.12,corn-mato-grosso,corn,-13.5,-56,NASA POWER MERRA-2 PRECTOTCORR
2013-05-29,0.1,corn-mato-grosso,corn,-13.5,-56,NASA POWER MERRA-2 PRECTOTCORR
2013-05-30,10.85,corn-mato-grosso,corn,-13.5,-56,NASA POWER MERRA-2 PRECTOTCORR
2013-05-31,1.51,corn-mato-grosso,corn,-13.5,-56,NASA POWER MERRA-2 PRECTOTCORR
2013-06-01,0.65,corn-mato-grosso,corn,-13.5,-56,NASA POWER MERRA-2 PRECTOTCORR
2013-06-02,6.57,corn-mato-grosso,corn,-13.5,-56,NASA POWER MERRA-2 PRECTOTCORR
2013-06-03,0.03,corn-mato-grosso,corn,-13.5,-56,NASA POWER MERRA-2 PRECTOTCORR
2013-06-04,0,corn-mato-grosso,corn,-13.5,-56,NASA POWER MERRA-2 PRECTOTCORR
2013-06-05,0,corn-mato-grosso,corn,-13.5,-56,NASA POWER MERRA-2 PRECTOTCORR
2013-06-06,6.87,corn-mato-grosso,corn,-13.5,-56,NASA POWER MERRA-2 PRECTOTCORR
2013-06-07,0,corn-mato-grosso,corn,-13.5,-56,NASA POWER MERRA-2 PRECTOTCORR
2013-06-08,0,corn-mato-grosso,corn,-13.5,-56,NASA POWER MERRA-2 PRECTOTCORR
2013-06-09,0,corn-mato-grosso,corn,-13.5,-56,NASA POWER MERRA-2 PRECTOTCORR
2013-06-10,0,corn-mato-grosso,corn,-13.5,-56,NASA POWER MERRA-2 PRECTOTCORR
2013-06-11,0,corn-mato-grosso,corn,-13.5,-56,NASA POWER MERRA-2 PRECTOTCORR
2013-06-12,0,corn-mato-grosso,corn,-13.5,-56,NASA POWER MERRA-2 PRECTOTCORR
2013-06-13,0,corn-mato-grosso,corn,-13.5,-56,NASA POWER MERRA-2 PRECTOTCORR
2013-06-14,0,corn-mato-grosso,corn,-13.5,-56,NASA POWER MERRA-2 PRECTOTCORR
2013-06-15,0,corn-mato-grosso,corn,-13.5,-56,NASA POWER MERRA-2 PRECTOTCORR
2013-06-16,0,corn-mato-grosso,corn,-13.5,-56,NASA POWER MERRA-2 PRECTOTCORR
2013-06-17,0,corn-mato-grosso,corn,-13.5,-56,NASA POWER MERRA-2 PRECTOTCORR
2013-06-18,0,corn-mato-grosso,corn,-13.5,-56,NASA POWER MERRA-2 PRECTOTCORR
2013-06-19,0,corn-mato-grosso,corn,-13.5,-56,NASA POWER MERRA-2 PRECTOTCORR
2013-06-20,0,corn-mato-grosso,corn,-13.5,-56,NASA POWER MERRA-2 PRECTOTCORR
2013-06-21,0.01,corn-mato-grosso,corn,-13.5,-56,NASA POWER MERRA-2 PRECTOTCORR
2013-06-22,0.01,corn-mato-grosso,corn,-13.5,-56,NASA POWER MERRA-2 PRECTOTCORR
2013-06-23,0,corn-mato-grosso,corn,-13.5,-56,NASA POWER MERRA-2 PRECTOTCORR
2013-06-24,0.09,corn-mato-grosso,corn,-13.5,-56,NASA POWER MERRA-2 PRECTOTCORR
2013-06-25,1.25,corn-mato-grosso,corn,-13.5,-56,NASA POWER MERRA-2 PRECTOTCORR
2013-06-26,1.17,corn-mato-grosso,corn,-13.5,-56,NASA POWER MERRA-2 PRECTOTCORR
2013-06-27,2.79,corn-mato-grosso,corn,-13.5,-56,NASA POWER MERRA-2 PRECTOTCORR
2013-06-28,0,corn-mato-grosso,corn,-13.5,-56,NASA POWER MERRA-2 PRECTOTCORR
2013-06-29,0,corn-mato-grosso,corn,-13.5,-56,NASA POWER MERRA-2 PRECTOTCORR
2013-06-30,0,corn-mato-grosso,corn,-13.5,-56,NASA POWER MERRA-2 PRECTOTCORR
2013-07-01,0.07,corn-mato-grosso,corn,-13.5,-56,NASA POWER MERRA-2 PRECTOTCORR
2013-07-02,0.18,corn-mato-grosso,corn,-13.5,-56,NASA POWER MERRA-2 PRECTOTCORR
2013-07-03,0,corn-mato-grosso,corn,-13.5,-56,NASA POWER MERRA-2 PRECTOTCORR
2013-07-04,0,corn-mato-grosso,corn,-13.5,-56,NASA POWER MERRA-2 PRECTOTCORR
2013-07-05,0,corn-mato-grosso,corn,-13.5,-56,NASA POWER MERRA-2 PRECTOTCORR
2013-07-06,0,corn-mato-grosso,corn,-13.5,-56,NASA POWER MERRA-2 PRECTOTCORR
2013-07-07,0,corn-mato-grosso,corn,-13.5,-56,NASA POWER MERRA-2 PRECTOTCORR
2013-07-08,0,corn-mato-grosso,corn,-13.5,-56,NASA POWER MERRA-2 PRECTOTCORR
2013-07-09,0,corn-mato-grosso,corn,-13.5,-56,NASA POWER MERRA-2 PRECTOTCORR
2013-07-10,0,corn-mato-grosso,corn,-13.5,-56,NASA POWER MERRA-2 PRECTOTCORR
2013-07-11,0,corn-mato-grosso,corn,-13.5,-56,NASA POWER MERRA-2 PRECTOTCORR
2013-07-12,0,corn-mato-grosso,corn,-13.5,-56,NASA POWER MERRA-2 PRECTOTCORR
2013-07-13,0,corn-mato-grosso,corn,-13.5,-56,NASA POWER MERRA-2 PRECTOTCORR
2013-07-14,0,corn-mato-grosso,corn,-13.5,-56,NASA POWER MERRA-2 PRECTOTCORR
2013-07-15,0,corn-mato-grosso,corn,-13.5,-56,NASA POWER MERRA-2 PRECTOTCORR
2013-07-16,0,corn-mato-grosso,corn,-13.5,-56,NASA POWER MERRA-2 PRECTOTCORR
2013-07-17,0,corn-mato-grosso,corn,-13.5,-56,NASA POWER MERRA-2 PRECTOTCORR
2013-07-18,0,corn-mato-grosso,corn,-13.5,-56,NASA POWER MERRA-2 PRECTOTCORR
2013-07-19,0.99,corn-mato-grosso,corn,-13.5,-56,NASA POWER MERRA-2 PRECTOTCORR
2013-07-20,0.02,corn-mato-grosso,corn,-13.5,-56,NASA POWER MERRA-2 PRECTOTCORR
2013-07-21,0.01,corn-mato-grosso,corn,-13.5,-56,NASA POWER MERRA-2 PRECTOTCORR
2013-07-22,0.21,corn-mato-grosso,corn,-13.5,-56,NASA POWER MERRA-2 PRECTOTCORR
2013-07-23,0.04,corn-mato-grosso,corn,-13.5,-56,NASA POWER MERRA-2 PRECTOTCORR
2013-07-24,0,corn-mato-grosso,corn,-13.5,-56,NASA POWER MERRA-2 PRECTOTCORR
2013-07-25,0,corn-mato-grosso,corn,-13.5,-56,NASA POWER MERRA-2 PRECTOTCORR
2013-07-26,0,corn-mato-grosso,corn,-13.5,-56,NASA POWER MERRA-2 PRECTOTCORR
2013-07-27,0,corn-mato-grosso,corn,-13.5,-56,NASA POWER MERRA-2 PRECTOTCORR
2013-07-28,0,corn-mato-grosso,corn,-13.5,-56,NASA POWER MERRA-2 PRECTOTCORR
2013-07-29,0,corn-mato-grosso,corn,-13.5,-56,NASA POWER MERRA-2 PRECTOTCORR
2013-07-30,0,corn-mato-grosso,corn,-13.5,-56,NASA POWER MERRA-2 PRECTOTCORR
2013-07-31,0,corn-mato-grosso,corn,-13.5,-56,NASA POWER MERRA-2 PRECTOTCORR
2013-08-01,0,corn-mato-grosso,corn,-13.5,-56,NASA POWER MERRA-2 PRECTOTCORR
2013-08-02,0,corn-mato-grosso,corn,-13.5,-56,NASA POWER MERRA-2 PRECTOTCORR
2013-08-03,0,corn-mato-grosso,corn,-13.5,-56,NASA POWER MERRA-2 PRECTOTCORR
2013-08-04,0,corn-mato-grosso,corn,-13.5,-56,NASA POWER MERRA-2 PRECTOTCORR
2013-08-05,0,corn-mato-grosso,corn,-13.5,-56,NASA POWER MERRA-2 PRECTOTCORR
2013-08-06,0,corn-mato-grosso,corn,-13.5,-56,NASA POWER MERRA-2 PRECTOTCORR
2013-08-07,0,corn-mato-grosso,corn,-13.5,-56,NASA POWER MERRA-2 PRECTOTCORR
2013-08-08,0,corn-mato-grosso,corn,-13.5,-56,NASA POWER MERRA-2 PRECTOTCORR
2013-08-09,0,corn-mato-grosso,corn,-13.5,-56,NASA POWER MERRA-2 PRECTOTCORR
2013-08-10,0,corn-mato-grosso,corn,-13.5,-56,NASA POWER MERRA-2 PRECTOTCORR
2013-08-11,0,corn-mato-grosso,corn,-13.5,-56,NASA POWER MERRA-2 PRECTOTCORR
2013-08-12,0,corn-mato-grosso,corn,-13.5,-56,NASA POWER MERRA-2 PRECTOTCORR
2013-08-13,0.1,corn-mato-grosso,corn,-13.5,-56,NASA POWER MERRA-2 PRECTOTCORR
2013-08-14,0.24,corn-mato-grosso,corn,-13.5,-56,NASA POWER MERRA-2 PRECTOTCORR
2013-08-15,0,corn-mato-grosso,corn,-13.5,-56,NASA POWER MERRA-2 PRECTOTCORR
2013-08-16,0,corn-mato-grosso,corn,-13.5,-56,NASA POWER MERRA-2 PRECTOTCORR
2013-08-17,0,corn-mato-grosso,corn,-13.5,-56,NASA POWER MERRA-2 PRECTOTCORR
2013-08-18,0,corn-mato-grosso,corn,-13.5,-56,NASA POWER MERRA-2 PRECTOTCORR
2013-08-19,0,corn-mato-grosso,corn,-13.5,-56,NASA POWER MERRA-2 PRECTOTCORR
2013-08-20,0,corn-mato-grosso,corn,-13.5,-56,NASA POWER MERRA-2 PRECTOTCORR
2013-08-21,0,corn-mato-grosso,corn,-13.5,-56,NASA POWER MERRA-2 PRECTOTCORR
2013-08-22,0,corn-mato-grosso,corn,-13.5,-56,NASA POWER MERRA-2 PRECTOTCORR
2013-08-23,0,corn-mato-grosso,corn,-13.5,-56,NASA POWER MERRA-2 PRECTOTCORR
2013-08-24,0,corn-mato-grosso,corn,-13.5,-56,NASA POWER MERRA-2 PRECTOTCORR
2013-08-25,0,corn-mato-grosso,corn,-13.5,-56,NASA POWER MERRA-2 PRECTOTCORR
2013-08-26,0,corn-mato-grosso,corn,-13.5,-56,NASA POWER MERRA-2 PRECTOTCORR
2013-08-27,0,corn-mato-grosso,corn,-13.5,-56,NASA POWER MERRA-2 PRECTOTCORR
2013-08-28,0,corn-mato-grosso,corn,-13.5,-56,NASA POWER MERRA-2 PRECTOTCORR
2013-08-29,0,corn-mato-grosso,corn,-13.5,-56,NASA POWER MERRA-2 PRECTOTCORR
2013-08-30,0,corn-mato-grosso,corn,-13.5,-56,NASA POWER MERRA-2 PRECTOTCORR
2013-08-31,0,corn-mato-grosso,corn,-13.5,-56,NASA POWER MERRA-2 PRECTOTCORR
2013-09-01,0.09,corn-mato-grosso,corn,-13.5,-56,NASA POWER MERRA-2 PRECTOTCORR
2013-09-02,3.46,corn-mato-grosso,corn,-13.5,-56,NASA POWER MERRA-2 PRECTOTCORR
2013-09-03,7.79,corn-mato-grosso,corn,-13.5,-56,NASA POWER MERRA-2 PRECTOTCORR
2013-09-04,0,corn-mato-grosso,corn,-13.5,-56,NASA POWER MERRA-2 PRECTOTCORR
2013-09-05,0.12,corn-mato-grosso,corn,-13.5,-56,NASA POWER MERRA-2 PRECTOTCORR
2013-09-06,11.36,corn-mato-grosso,corn,-13.5,-56,NASA POWER MERRA-2 PRECTOTCORR
2013-09-07,1.79,corn-mato-grosso,corn,-13.5,-56,NASA POWER MERRA-2 PRECTOTCORR
2013-09-08,1.04,corn-mato-grosso,corn,-13.5,-56,NASA POWER MERRA-2 PRECTOTCORR
2013-09-09,0.02,corn-mato-grosso,corn,-13.5,-56,NASA POWER MERRA-2 PRECTOTCORR
2013-09-10,0.52,corn-mato-grosso,corn,-13.5,-56,NASA POWER MERRA-2 PRECTOTCORR
2013-09-11,0.62,corn-mato-grosso,corn,-13.5,-56,NASA POWER MERRA-2 PRECTOTCORR
2013-09-12,0,corn-mato-grosso,corn,-13.5,-56,NASA POWER MERRA-2 PRECTOTCORR
2013-09-13,0,corn-mato-grosso,corn,-13.5,-56,NASA POWER MERRA-2 PRECTOTCORR
2013-09-14,0,corn-mato-grosso,corn,-13.5,-56,NASA POWER MERRA-2 PRECTOTCORR
2013-09-15,0,corn-mato-grosso,corn,-13.5,-56,NASA POWER MERRA-2 PRECTOTCORR
2013-09-16,0,corn-mato-grosso,corn,-13.5,-56,NASA POWER MERRA-2 PRECTOTCORR
2013-09-17,2.2,corn-mato-grosso,corn,-13.5,-56,NASA POWER MERRA-2 PRECTOTCORR
2013-09-18,0.04,corn-mato-grosso,corn,-13.5,-56,NASA POWER MERRA-2 PRECTOTCORR
2013-09-19,0,corn-mato-grosso,corn,-13.5,-56,NASA POWER MERRA-2 PRECTOTCORR
2013-09-20,0,corn-mato-grosso,corn,-13.5,-56,NASA POWER MERRA-2 PRECTOTCORR
2013-09-21,0,corn-mato-grosso,corn,-13.5,-56,NASA POWER MERRA-2 PRECTOTCORR
2013-09-22,0,corn-mato-grosso,corn,-13.5,-56,NASA POWER MERRA-2 PRECTOTCORR
2013-09-23,0.01,corn-mato-grosso,corn,-13.5,-56,NASA POWER MERRA-2 PRECTOTCORR
2013-09-24,0.01,corn-mato-grosso,corn,-13.5,-56,NASA POWER MERRA-2 PRECTOTCORR
2013-09-25,0,corn-mato-grosso,corn,-13.5,-56,NASA POWER MERRA-2 PRECTOTCORR
2013-09-26,0,corn-mato-grosso,corn,-13.5,-56,NASA POWER MERRA-2 PRECTOTCORR
2013-09-27,0,corn-mato-grosso,corn,-13.5,-56,NASA POWER MERRA-2 PRECTOTCORR
2013-09-28,0.1,corn-mato-grosso,corn,-13.5,-56,NASA POWER MERRA-2 PRECTOTCORR
2013-09-29,0.34,corn-mato-grosso,corn,-13.5,-56,NASA POWER MERRA-2 PRECTOTCORR
2013-09-30,3.58,corn-mato-grosso,corn,-13.5,-56,NASA POWER MERRA-2 PRECTOTCORR
2013-10-01,5.03,corn-mato-grosso,corn,-13.5,-56,NASA POWER MERRA-2 PRECTOTCORR
2013-10-02,5.6,corn-mato-grosso,corn,-13.5,-56,NASA POWER MERRA-2 PRECTOTCORR
2013-10-03,0.36,corn-mato-grosso,corn,-13.5,-56,NASA POWER MERRA-2 PRECTOTCORR
2013-10-04,11.51,corn-mato-grosso,corn,-13.5,-56,NASA POWER MERRA-2 PRECTOTCORR
2013-10-05,1.15,corn-mato-grosso,corn,-13.5,-56,NASA POWER MERRA-2 PRECTOTCORR
2013-10-06,7.46,corn-mato-grosso,corn,-13.5,-56,NASA POWER MERRA-2 PRECTOTCORR
2013-10-07,0.02,corn-mato-grosso,corn,-13.5,-56,NASA POWER MERRA-2 PRECTOTCORR
2013-10-08,0.1,corn-mato-grosso,corn,-13.5,-56,NASA POWER MERRA-2 PRECTOTCORR
2013-10-09,12.31,corn-mato-grosso,corn,-13.5,-56,NASA POWER MERRA-2 PRECTOTCORR
2013-10-10,1.61,corn-mato-grosso,corn,-13.5,-56,NASA POWER MERRA-2 PRECTOTCORR
2013-10-11,7.63,corn-mato-grosso,corn,-13.5,-56,NASA POWER MERRA-2 PRECTOTCORR
2013-10-12,4.05,corn-mato-grosso,corn,-13.5,-56,NASA POWER MERRA-2 PRECTOTCORR
2013-10-13,7.17,corn-mato-grosso,corn,-13.5,-56,NASA POWER MERRA-2 PRECTOTCORR
2013-10-14,1.22,corn-mato-grosso,corn,-13.5,-56,NASA POWER MERRA-2 PRECTOTCORR
2013-10-15,12.49,corn-mato-grosso,corn,-13.5,-56,NASA POWER MERRA-2 PRECTOTCORR
2013-10-16,11.74,corn-mato-grosso,corn,-13.5,-56,NASA POWER MERRA-2 PRECTOTCORR
2013-10-17,0.98,corn-mato-grosso,corn,-13.5,-56,NASA POWER MERRA-2 PRECTOTCORR
2013-10-18,8.09,corn-mato-grosso,corn,-13.5,-56,NASA POWER MERRA-2 PRECTOTCORR
2013-10-19,0.05,corn-mato-grosso,corn,-13.5,-56,NASA POWER MERRA-2 PRECTOTCORR
2013-10-20,0.64,corn-mato-grosso,corn,-13.5,-56,NASA POWER MERRA-2 PRECTOTCORR
2013-10-21,1.75,corn-mato-grosso,corn,-13.5,-56,NASA POWER MERRA-2 PRECTOTCORR
2013-10-22,9.05,corn-mato-grosso,corn,-13.5,-56,NASA POWER MERRA-2 PRECTOTCORR
2013-10-23,20.49,corn-mato-grosso,corn,-13.5,-56,NASA POWER MERRA-2 PRECTOTCORR
2013-10-24,12.15,corn-mato-grosso,corn,-13.5,-56,NASA POWER MERRA-2 PRECTOTCORR
2013-10-25,12.95,corn-mato-grosso,corn,-13.5,-56,NASA POWER MERRA-2 PRECTOTCORR
2013-10-26,1.74,corn-mato-grosso,corn,-13.5,-56,NASA POWER MERRA-2 PRECTOTCORR
2013-10-27,8.61,corn-mato-grosso,corn,-13.5,-56,NASA POWER MERRA-2 PRECTOTCORR
2013-10-28,1.94,corn-mato-grosso,corn,-13.5,-56,NASA POWER MERRA-2 PRECTOTCORR
2013-10-29,9.01,corn-mato-grosso,corn,-13.5,-56,NASA POWER MERRA-2 PRECTOTCORR
2013-10-30,3.9,corn-mato-grosso,corn,-13.5,-56,NASA POWER MERRA-2 PRECTOTCORR
2013-10-31,1.76,corn-mato-grosso,corn,-13.5,-56,NASA POWER MERRA-2 PRECTOTCORR
2013-11-01,3.57,corn-mato-grosso,corn,-13.5,-56,NASA POWER MERRA-2 PRECTOTCORR
2013-11-02,2.15,corn-mato-grosso,corn,-13.5,-56,NASA POWER MERRA-2 PRECTOTCORR
2013-11-03,2.93,corn-mato-grosso,corn,-13.5,-56,NASA POWER MERRA-2 PRECTOTCORR
2013-11-04,4.06,corn-mato-grosso,corn,-13.5,-56,NASA POWER MERRA-2 PRECTOTCORR
2013-11-05,27.3,corn-mato-grosso,corn,-13.5,-56,NASA POWER MERRA-2 PRECTOTCORR
2013-11-06,4.24,corn-mato-grosso,corn,-13.5,-56,NASA POWER MERRA-2 PRECTOTCORR
2013-11-07,5.51,corn-mato-grosso,corn,-13.5,-56,NASA POWER MERRA-2 PRECTOTCORR
2013-11-08,2.05,corn-mato-grosso,corn,-13.5,-56,NASA POWER MERRA-2 PRECTOTCORR
2013-11-09,0.2,corn-mato-grosso,corn,-13.5,-56,NASA POWER MERRA-2 PRECTOTCORR
2013-11-10,0.02,corn-mato-grosso,corn,-13.5,-56,NASA POWER MERRA-2 PRECTOTCORR
2013-11-11,31.87,corn-mato-grosso,corn,-13.5,-56,NASA POWER MERRA-2 PRECTOTCORR
2013-11-12,17.76,corn-mato-grosso,corn,-13.5,-56,NASA POWER MERRA-2 PRECTOTCORR
2013-11-13,0.17,corn-mato-grosso,corn,-13.5,-56,NASA POWER MERRA-2 PRECTOTCORR
2013-11-14,1.74,corn-mato-grosso,corn,-13.5,-56,NASA POWER MERRA-2 PRECTOTCORR
2013-11-15,12.69,corn-mato-grosso,corn,-13.5,-56,NASA POWER MERRA-2 PRECTOTCORR
2013-11-16,3.27,corn-mato-grosso,corn,-13.5,-56,NASA POWER MERRA-2 PRECTOTCORR
2013-11-17,2.26,corn-mato-grosso,corn,-13.5,-56,NASA POWER MERRA-2 PRECTOTCORR
2013-11-18,3.13,corn-mato-grosso,corn,-13.5,-56,NASA POWER MERRA-2 PRECTOTCORR
2013-11-19,4.8,corn-mato-grosso,corn,-13.5,-56,NASA POWER MERRA-2 PRECTOTCORR
2013-11-20,30.27,corn-mato-grosso,corn,-13.5,-56,NASA POWER MERRA-2 PRECTOTCORR
2013-11-21,10.1,corn-mato-grosso,corn,-13.5,-56,NASA POWER MERRA-2 PRECTOTCORR
2013-11-22,5.91,corn-mato-grosso,corn,-13.5,-56,NASA POWER MERRA-2 PRECTOTCORR
2013-11-23,20.29,corn-mato-grosso,corn,-13.5,-56,NASA POWER MERRA-2 PRECTOTCORR
2013-11-24,34.35,corn-mato-grosso,corn,-13.5,-56,NASA POWER MERRA-2 PRECTOTCORR
2013-11-25,17.6,corn-mato-grosso,corn,-13.5,-56,NASA POWER MERRA-2 PRECTOTCORR
2013-11-26,3.5,corn-mato-grosso,corn,-13.5,-56,NASA POWER MERRA-2 PRECTOTCORR
2013-11-27,8.85,corn-mato-grosso,corn,-13.5,-56,NASA POWER MERRA-2 PRECTOTCORR
2013-11-28,2.66,corn-mato-grosso,corn,-13.5,-56,NASA POWER MERRA-2 PRECTOTCORR
2013-11-29,0.08,corn-mato-grosso,corn,-13.5,-56,NASA POWER MERRA-2 PRECTOTCORR
2013-11-30,0.56,corn-mato-grosso,corn,-13.5,-56,NASA POWER MERRA-2 PRECTOTCORR
2013-12-01,5.82,corn-mato-grosso,corn,-13.5,-56,NASA POWER MERRA-2 PRECTOTCORR
2013-12-02,2.88,corn-mato-grosso,corn,-13.5,-56,NASA POWER MERRA-2 PRECTOTCORR
2013-12-03,6.37,corn-mato-grosso,corn,-13.5,-56,NASA POWER MERRA-2 PRECTOTCORR
2013-12-04,0.2,corn-mato-grosso,corn,-13.5,-56,NASA POWER MERRA-2 PRECTOTCORR
2013-12-05,0.13,corn-mato-grosso,corn,-13.5,-56,NASA POWER MERRA-2 PRECTOTCORR
2013-12-06,9.52,corn-mato-grosso,corn,-13.5,-56,NASA POWER MERRA-2 PRECTOTCORR
2013-12-07,11.17,corn-mato-grosso,corn,-13.5,-56,NASA POWER MERRA-2 PRECTOTCORR
2013-12-08,17.25,corn-mato-grosso,corn,-13.5,-56,NASA POWER MERRA-2 PRECTOTCORR
2013-12-09,17.61,corn-mato-grosso,corn,-13.5,-56,NASA POWER MERRA-2 PRECTOTCORR
2013-12-10,4.96,corn-mato-grosso,corn,-13.5,-56,NASA POWER MERRA-2 PRECTOTCORR
2013-12-11,2.15,corn-mato-grosso,corn,-13.5,-56,NASA POWER MERRA-2 PRECTOTCORR
2013-12-12,9.52,corn-mato-grosso,corn,-13.5,-56,NASA POWER MERRA-2 PRECTOTCORR
2013-12-13,13.37,corn-mato-grosso,corn,-13.5,-56,NASA POWER MERRA-2 PRECTOTCORR
2013-12-14,8.06,corn-mato-grosso,corn,-13.5,-56,NASA POWER MERRA-2 PRECTOTCORR
2013-12-15,6.13,corn-mato-grosso,corn,-13.5,-56,NASA POWER MERRA-2 PRECTOTCORR
2013-12-16,4.7,corn-mato-grosso,corn,-13.5,-56,NASA POWER MERRA-2 PRECTOTCORR
2013-12-17,7.95,corn-mato-grosso,corn,-13.5,-56,NASA POWER MERRA-2 PRECTOTCORR
2013-12-18,16.39,corn-mato-grosso,corn,-13.5,-56,NASA POWER MERRA-2 PRECTOTCORR
2013-12-19,14.37,corn-mato-grosso,corn,-13.5,-56,NASA POWER MERRA-2 PRECTOTCORR
2013-12-20,25.79,corn-mato-grosso,corn,-13.5,-56,NASA POWER MERRA-2 PRECTOTCORR
2013-12-21,16.55,corn-mato-grosso,corn,-13.5,-56,NASA POWER MERRA-2 PRECTOTCORR
2013-12-22,8.45,corn-mato-grosso,corn,-13.5,-56,NASA POWER MERRA-2 PRECTOTCORR
2013-12-23,47.45,corn-mato-grosso,corn,-13.5,-56,NASA POWER MERRA-2 PRECTOTCORR
2013-12-24,11.91,corn-mato-grosso,corn,-13.5,-56,NASA POWER MERRA-2 PRECTOTCORR
2013-12-25,18.61,corn-mato-grosso,corn,-13.5,-56,NASA POWER MERRA-2 PRECTOTCORR
2013-12-26,0.65,corn-mato-grosso,corn,-13.5,-56,NASA POWER MERRA-2 PRECTOTCORR
2013-12-27,3.27,corn-mato-grosso,corn,-13.5,-56,NASA POWER MERRA-2 PRECTOTCORR
2013-12-28,5.43,corn-mato-grosso,corn,-13.5,-56,NASA POWER MERRA-2 PRECTOTCORR
2013-12-29,10.94,corn-mato-grosso,corn,-13.5,-56,NASA POWER MERRA-2 PRECTOTCORR
2013-12-30,10.16,corn-mato-grosso,corn,-13.5,-56,NASA POWER MERRA-2 PRECTOTCORR
2013-12-31,3.44,corn-mato-grosso,corn,-13.5,-56,NASA POWER MERRA-2 PRECTOTCORR
2014-01-01,10.35,corn-mato-grosso,corn,-13.5,-56,NASA POWER MERRA-2 PRECTOTCORR
2014-01-02,2.08,corn-mato-grosso,corn,-13.5,-56,NASA POWER MERRA-2 PRECTOTCORR
2014-01-03,5.51,corn-mato-grosso,corn,-13.5,-56,NASA POWER MERRA-2 PRECTOTCORR
2014-01-04,5.28,corn-mato-grosso,corn,-13.5,-56,NASA POWER MERRA-2 PRECTOTCORR
2014-01-05,3.5,corn-mato-grosso,corn,-13.5,-56,NASA POWER MERRA-2 PRECTOTCORR
2014-01-06,4.17,corn-mato-grosso,corn,-13.5,-56,NASA POWER MERRA-2 PRECTOTCORR
2014-01-07,1.68,corn-mato-grosso,corn,-13.5,-56,NASA POWER MERRA-2 PRECTOTCORR
2014-01-08,6.58,corn-mato-grosso,corn,-13.5,-56,NASA POWER MERRA-2 PRECTOTCORR
2014-01-09,0.7,corn-mato-grosso,corn,-13.5,-56,NASA POWER MERRA-2 PRECTOTCORR
2014-01-10,0.08,corn-mato-grosso,corn,-13.5,-56,NASA POWER MERRA-2 PRECTOTCORR
2014-01-11,3.54,corn-mato-grosso,corn,-13.5,-56,NASA POWER MERRA-2 PRECTOTCORR
2014-01-12,5.82,corn-mato-grosso,corn,-13.5,-56,NASA POWER MERRA-2 PRECTOTCORR
2014-01-13,0.68,corn-mato-grosso,corn,-13.5,-56,NASA POWER MERRA-2 PRECTOTCORR
2014-01-14,1.1,corn-mato-grosso,corn,-13.5,-56,NASA POWER MERRA-2 PRECTOTCORR
2014-01-15,1.81,corn-mato-grosso,corn,-13.5,-56,NASA POWER MERRA-2 PRECTOTCORR
2014-01-16,5.99,corn-mato-grosso,corn,-13.5,-56,NASA POWER MERRA-2 PRECTOTCORR
2014-01-17,1.21,corn-mato-grosso,corn,-13.5,-56,NASA POWER MERRA-2 PRECTOTCORR
2014-01-18,22.17,corn-mato-grosso,corn,-13.5,-56,NASA POWER MERRA-2 PRECTOTCORR
2014-01-19,5.89,corn-mato-grosso,corn,-13.5,-56,NASA POWER MERRA-2 PRECTOTCORR
2014-01-20,14.32,corn-mato-grosso,corn,-13.5,-56,NASA POWER MERRA-2 PRECTOTCORR
2014-01-21,9.88,corn-mato-grosso,corn,-13.5,-56,NASA POWER MERRA-2 PRECTOTCORR
2014-01-22,5.28,corn-mato-grosso,corn,-13.5,-56,NASA POWER MERRA-2 PRECTOTCORR
2014-01-23,5.97,corn-mato-grosso,corn,-13.5,-56,NASA POWER MERRA-2 PRECTOTCORR
2014-01-24,15.11,corn-mato-grosso,corn,-13.5,-56,NASA POWER MERRA-2 PRECTOTCORR
2014-01-25,14.31,corn-mato-grosso,corn,-13.5,-56,NASA POWER MERRA-2 PRECTOTCORR
2014-01-26,7.99,corn-mato-grosso,corn,-13.5,-56,NASA POWER MERRA-2 PRECTOTCORR
2014-01-27,1.45,corn-mato-grosso,corn,-13.5,-56,NASA POWER MERRA-2 PRECTOTCORR
2014-01-28,0.76,corn-mato-grosso,corn,-13.5,-56,NASA POWER MERRA-2 PRECTOTCORR
2014-01-29,0.03,corn-mato-grosso,corn,-13.5,-56,NASA POWER MERRA-2 PRECTOTCORR
2014-01-30,7.06,corn-mato-grosso,corn,-13.5,-56,NASA POWER MERRA-2 PRECTOTCORR
2014-01-31,13.86,corn-mato-grosso,corn,-13.5,-56,NASA POWER MERRA-2 PRECTOTCORR
2014-02-01,0.06,corn-mato-grosso,corn,-13.5,-56,NASA POWER MERRA-2 PRECTOTCORR
2014-02-02,0.08,corn-mato-grosso,corn,-13.5,-56,NASA POWER MERRA-2 PRECTOTCORR
2014-02-03,4.64,corn-mato-grosso,corn,-13.5,-56,NASA POWER MERRA-2 PRECTOTCORR
2014-02-04,1.78,corn-mato-grosso,corn,-13.5,-56,NASA POWER MERRA-2 PRECTOTCORR
2014-02-05,4.82,corn-mato-grosso,corn,-13.5,-56,NASA POWER MERRA-2 PRECTOTCORR
2014-02-06,28.32,corn-mato-grosso,corn,-13.5,-56,NASA POWER MERRA-2 PRECTOTCORR
2014-02-07,17.1,corn-mato-grosso,corn,-13.5,-56,NASA POWER MERRA-2 PRECTOTCORR
2014-02-08,5.86,corn-mato-grosso,corn,-13.5,-56,NASA POWER MERRA-2 PRECTOTCORR
2014-02-09,7.22,corn-mato-grosso,corn,-13.5,-56,NASA POWER MERRA-2 PRECTOTCORR
2014-02-10,4.8,corn-mato-grosso,corn,-13.5,-56,NASA POWER MERRA-2 PRECTOTCORR
2014-02-11,60.98,corn-mato-grosso,corn,-13.5,-56,NASA POWER MERRA-2 PRECTOTCORR
2014-02-12,6.2,corn-mato-grosso,corn,-13.5,-56,NASA POWER MERRA-2 PRECTOTCORR
2014-02-13,6.17,corn-mato-grosso,corn,-13.5,-56,NASA POWER MERRA-2 PRECTOTCORR
2014-02-14,8.42,corn-mato-grosso,corn,-13.5,-56,NASA POWER MERRA-2 PRECTOTCORR
2014-02-15,11.99,corn-mato-grosso,corn,-13.5,-56,NASA POWER MERRA-2 PRECTOTCORR
2014-02-16,13.76,corn-mato-grosso,corn,-13.5,-56,NASA POWER MERRA-2 PRECTOTCORR
2014-02-17,17.16,corn-mato-grosso,corn,-13.5,-56,NASA POWER MERRA-2 PRECTOTCORR
2014-02-18,2.69,corn-mato-grosso,corn,-13.5,-56,NASA POWER MERRA-2 PRECTOTCORR
2014-02-19,6,corn-mato-grosso,corn,-13.5,-56,NASA POWER MERRA-2 PRECTOTCORR
2014-02-20,15.02,corn-mato-grosso,corn,-13.5,-56,NASA POWER MERRA-2 PRECTOTCORR
2014-02-21,15.82,corn-mato-grosso,corn,-13.5,-56,NASA POWER MERRA-2 PRECTOTCORR
2014-02-22,17.33,corn-mato-grosso,corn,-13.5,-56,NASA POWER MERRA-2 PRECTOTCORR
2014-02-23,20.09,corn-mato-grosso,corn,-13.5,-56,NASA POWER MERRA-2 PRECTOTCORR
2014-02-24,10.25,corn-mato-grosso,corn,-13.5,-56,NASA POWER MERRA-2 PRECTOTCORR
2014-02-25,0.69,corn-mato-grosso,corn,-13.5,-56,NASA POWER MERRA-2 PRECTOTCORR
2014-02-26,2.97,corn-mato-grosso,corn,-13.5,-56,NASA POWER MERRA-2 PRECTOTCORR
2014-02-27,8.2,corn-mato-grosso,corn,-13.5,-56,NASA POWER MERRA-2 PRECTOTCORR
2014-02-28,28.21,corn-mato-grosso,corn,-13.5,-56,NASA POWER MERRA-2 PRECTOTCORR
2014-03-01,13.19,corn-mato-grosso,corn,-13.5,-56,NASA POWER MERRA-2 PRECTOTCORR
2014-03-02,2.19,corn-mato-grosso,corn,-13.5,-56,NASA POWER MERRA-2 PRECTOTCORR
2014-03-03,16.64,corn-mato-grosso,corn,-13.5,-56,NASA POWER MERRA-2 PRECTOTCORR
2014-03-04,11.37,corn-mato-grosso,corn,-13.5,-56,NASA POWER MERRA-2 PRECTOTCORR
2014-03-05,6.85,corn-mato-grosso,corn,-13.5,-56,NASA POWER MERRA-2 PRECTOTCORR
2014-03-06,9.26,corn-mato-grosso,corn,-13.5,-56,NASA POWER MERRA-2 PRECTOTCORR
2014-03-07,8.46,corn-mato-grosso,corn,-13.5,-56,NASA POWER MERRA-2 PRECTOTCORR
2014-03-08,7.77,corn-mato-grosso,corn,-13.5,-56,NASA POWER MERRA-2 PRECTOTCORR
2014-03-09,0.28,corn-mato-grosso,corn,-13.5,-56,NASA POWER MERRA-2 PRECTOTCORR
2014-03-10,35.93,corn-mato-grosso,corn,-13.5,-56,NASA POWER MERRA-2 PRECTOTCORR
2014-03-11,7.08,corn-mato-grosso,corn,-13.5,-56,NASA POWER MERRA-2 PRECTOTCORR
2014-03-12,7.97,corn-mato-grosso,corn,-13.5,-56,NASA POWER MERRA-2 PRECTOTCORR
2014-03-13,3.29,corn-mato-grosso,corn,-13.5,-56,NASA POWER MERRA-2 PRECTOTCORR
2014-03-14,0.34,corn-mato-grosso,corn,-13.5,-56,NASA POWER MERRA-2 PRECTOTCORR
2014-03-15,3.48,corn-mato-grosso,corn,-13.5,-56,NASA POWER MERRA-2 PRECTOTCORR
2014-03-16,0.24,corn-mato-grosso,corn,-13.5,-56,NASA POWER MERRA-2 PRECTOTCORR
2014-03-17,0.96,corn-mato-grosso,corn,-13.5,-56,NASA POWER MERRA-2 PRECTOTCORR
2014-03-18,0.64,corn-mato-grosso,corn,-13.5,-56,NASA POWER MERRA-2 PRECTOTCORR
2014-03-19,4.84,corn-mato-grosso,corn,-13.5,-56,NASA POWER MERRA-2 PRECTOTCORR
2014-03-20,2.66,corn-mato-grosso,corn,-13.5,-56,NASA POWER MERRA-2 PRECTOTCORR
2014-03-21,4.91,corn-mato-grosso,corn,-13.5,-56,NASA POWER MERRA-2 PRECTOTCORR
2014-03-22,6.93,corn-mato-grosso,corn,-13.5,-56,NASA POWER MERRA-2 PRECTOTCORR
2014-03-23,3.76,corn-mato-grosso,corn,-13.5,-56,NASA POWER MERRA-2 PRECTOTCORR
2014-03-24,7.26,corn-mato-grosso,corn,-13.5,-56,NASA POWER MERRA-2 PRECTOTCORR
2014-03-25,11.85,corn-mato-grosso,corn,-13.5,-56,NASA POWER MERRA-2 PRECTOTCORR
2014-03-26,8.77,corn-mato-grosso,corn,-13.5,-56,NASA POWER MERRA-2 PRECTOTCORR
2014-03-27,11.91,corn-mato-grosso,corn,-13.5,-56,NASA POWER MERRA-2 PRECTOTCORR
2014-03-28,4.46,corn-mato-grosso,corn,-13.5,-56,NASA POWER MERRA-2 PRECTOTCORR
2014-03-29,6.23,corn-mato-grosso,corn,-13.5,-56,NASA POWER MERRA-2 PRECTOTCORR
2014-03-30,6.42,corn-mato-grosso,corn,-13.5,-56,NASA POWER MERRA-2 PRECTOTCORR
2014-03-31,1.75,corn-mato-grosso,corn,-13.5,-56,NASA POWER MERRA-2 PRECTOTCORR
2014-04-01,0.34,corn-mato-grosso,corn,-13.5,-56,NASA POWER MERRA-2 PRECTOTCORR
2014-04-02,1.78,corn-mato-grosso,corn,-13.5,-56,NASA POWER MERRA-2 PRECTOTCORR
2014-04-03,2.67,corn-mato-grosso,corn,-13.5,-56,NASA POWER MERRA-2 PRECTOTCORR
2014-04-04,0.76,corn-mato-grosso,corn,-13.5,-56,NASA POWER MERRA-2 PRECTOTCORR
2014-04-05,0.57,corn-mato-grosso,corn,-13.5,-56,NASA POWER MERRA-2 PRECTOTCORR
2014-04-06,0.33,corn-mato-grosso,corn,-13.5,-56,NASA POWER MERRA-2 PRECTOTCORR
2014-04-07,0.46,corn-mato-grosso,corn,-13.5,-56,NASA POWER MERRA-2 PRECTOTCORR
2014-04-08,2.02,corn-mato-grosso,corn,-13.5,-56,NASA POWER MERRA-2 PRECTOTCORR
2014-04-09,3.44,corn-mato-grosso,corn,-13.5,-56,NASA POWER MERRA-2 PRECTOTCORR
2014-04-10,0.76,corn-mato-grosso,corn,-13.5,-56,NASA POWER MERRA-2 PRECTOTCORR
2014-04-11,0.75,corn-mato-grosso,corn,-13.5,-56,NASA POWER MERRA-2 PRECTOTCORR
2014-04-12,6.59,corn-mato-grosso,corn,-13.5,-56,NASA POWER MERRA-2 PRECTOTCORR
2014-04-13,11.77,corn-mato-grosso,corn,-13.5,-56,NASA POWER MERRA-2 PRECTOTCORR
2014-04-14,2.54,corn-mato-grosso,corn,-13.5,-56,NASA POWER MERRA-2 PRECTOTCORR
2014-04-15,1.27,corn-mato-grosso,corn,-13.5,-56,NASA POWER MERRA-2 PRECTOTCORR
2014-04-16,0.7,corn-mato-grosso,corn,-13.5,-56,NASA POWER MERRA-2 PRECTOTCORR
2014-04-17,1.7,corn-mato-grosso,corn,-13.5,-56,NASA POWER MERRA-2 PRECTOTCORR
2014-04-18,50.89,corn-mato-grosso,corn,-13.5,-56,NASA POWER MERRA-2 PRECTOTCORR
2014-04-19,0.47,corn-mato-grosso,corn,-13.5,-56,NASA POWER MERRA-2 PRECTOTCORR
2014-04-20,0.26,corn-mato-grosso,corn,-13.5,-56,NASA POWER MERRA-2 PRECTOTCORR
2014-04-21,1.89,corn-mato-grosso,corn,-13.5,-56,NASA POWER MERRA-2 PRECTOTCORR
2014-04-22,3.06,corn-mato-grosso,corn,-13.5,-56,NASA POWER MERRA-2 PRECTOTCORR
2014-04-23,4.09,corn-mato-grosso,corn,-13.5,-56,NASA POWER MERRA-2 PRECTOTCORR
2014-04-24,0.04,corn-mato-grosso,corn,-13.5,-56,NASA POWER MERRA-2 PRECTOTCORR
2014-04-25,0.01,corn-mato-grosso,corn,-13.5,-56,NASA POWER MERRA-2 PRECTOTCORR
2014-04-26,0.66,corn-mato-grosso,corn,-13.5,-56,NASA POWER MERRA-2 PRECTOTCORR
2014-04-27,0.19,corn-mato-grosso,corn,-13.5,-56,NASA POWER MERRA-2 PRECTOTCORR
2014-04-28,0.31,corn-mato-grosso,corn,-13.5,-56,NASA POWER MERRA-2 PRECTOTCORR
2014-04-29,0.09,corn-mato-grosso,corn,-13.5,-56,NASA POWER MERRA-2 PRECTOTCORR
2014-04-30,0.03,corn-mato-grosso,corn,-13.5,-56,NASA POWER MERRA-2 PRECTOTCORR
2014-05-01,0.04,corn-mato-grosso,corn,-13.5,-56,NASA POWER MERRA-2 PRECTOTCORR
2014-05-02,0.75,corn-mato-grosso,corn,-13.5,-56,NASA POWER MERRA-2 PRECTOTCORR
2014-05-03,0,corn-mato-grosso,corn,-13.5,-56,NASA POWER MERRA-2 PRECTOTCORR
2014-05-04,0.01,corn-mato-grosso,corn,-13.5,-56,NASA POWER MERRA-2 PRECTOTCORR
2014-05-05,0.73,corn-mato-grosso,corn,-13.5,-56,NASA POWER MERRA-2 PRECTOTCORR
2014-05-06,5.01,corn-mato-grosso,corn,-13.5,-56,NASA POWER MERRA-2 PRECTOTCORR
2014-05-07,1.17,corn-mato-grosso,corn,-13.5,-56,NASA POWER MERRA-2 PRECTOTCORR
2014-05-08,0.03,corn-mato-grosso,corn,-13.5,-56,NASA POWER MERRA-2 PRECTOTCORR
2014-05-09,0.01,corn-mato-grosso,corn,-13.5,-56,NASA POWER MERRA-2 PRECTOTCORR
2014-05-10,0,corn-mato-grosso,corn,-13.5,-56,NASA POWER MERRA-2 PRECTOTCORR
2014-05-11,0,corn-mato-grosso,corn,-13.5,-56,NASA POWER MERRA-2 PRECTOTCORR
2014-05-12,0.01,corn-mato-grosso,corn,-13.5,-56,NASA POWER MERRA-2 PRECTOTCORR
2014-05-13,1.04,corn-mato-grosso,corn,-13.5,-56,NASA POWER MERRA-2 PRECTOTCORR
2014-05-14,0.02,corn-mato-grosso,corn,-13.5,-56,NASA POWER MERRA-2 PRECTOTCORR
2014-05-15,0.08,corn-mato-grosso,corn,-13.5,-56,NASA POWER MERRA-2 PRECTOTCORR
2014-05-16,0.04,corn-mato-grosso,corn,-13.5,-56,NASA POWER MERRA-2 PRECTOTCORR
2014-05-17,0.01,corn-mato-grosso,corn,-13.5,-56,NASA POWER MERRA-2 PRECTOTCORR
2014-05-18,0,corn-mato-grosso,corn,-13.5,-56,NASA POWER MERRA-2 PRECTOTCORR
2014-05-19,0,corn-mato-grosso,corn,-13.5,-56,NASA POWER MERRA-2 PRECTOTCORR
2014-05-20,0.58,corn-mato-grosso,corn,-13.5,-56,NASA POWER MERRA-2 PRECTOTCORR
2014-05-21,1.59,corn-mato-grosso,corn,-13.5,-56,NASA POWER MERRA-2 PRECTOTCORR
2014-05-22,1.57,corn-mato-grosso,corn,-13.5,-56,NASA POWER MERRA-2 PRECTOTCORR
2014-05-23,9.8,corn-mato-grosso,corn,-13.5,-56,NASA POWER MERRA-2 PRECTOTCORR
2014-05-24,0.56,corn-mato-grosso,corn,-13.5,-56,NASA POWER MERRA-2 PRECTOTCORR
2014-05-25,0.02,corn-mato-grosso,corn,-13.5,-56,NASA POWER MERRA-2 PRECTOTCORR
2014-05-26,0.16,corn-mato-grosso,corn,-13.5,-56,NASA POWER MERRA-2 PRECTOTCORR
2014-05-27,0,corn-mato-grosso,corn,-13.5,-56,NASA POWER MERRA-2 PRECTOTCORR
2014-05-28,0.11,corn-mato-grosso,corn,-13.5,-56,NASA POWER MERRA-2 PRECTOTCORR
2014-05-29,0.04,corn-mato-grosso,corn,-13.5,-56,NASA POWER MERRA-2 PRECTOTCORR
2014-05-30,0,corn-mato-grosso,corn,-13.5,-56,NASA POWER MERRA-2 PRECTOTCORR
2014-05-31,0.04,corn-mato-grosso,corn,-13.5,-56,NASA POWER MERRA-2 PRECTOTCORR
2014-06-01,1.73,corn-mato-grosso,corn,-13.5,-56,NASA POWER MERRA-2 PRECTOTCORR
2014-06-02,6.13,corn-mato-grosso,corn,-13.5,-56,NASA POWER MERRA-2 PRECTOTCORR
2014-06-03,0.12,corn-mato-grosso,corn,-13.5,-56,NASA POWER MERRA-2 PRECTOTCORR
2014-06-04,0,corn-mato-grosso,corn,-13.5,-56,NASA POWER MERRA-2 PRECTOTCORR
2014-06-05,0,corn-mato-grosso,corn,-13.5,-56,NASA POWER MERRA-2 PRECTOTCORR
2014-06-06,0,corn-mato-grosso,corn,-13.5,-56,NASA POWER MERRA-2 PRECTOTCORR
2014-06-07,0.04,corn-mato-grosso,corn,-13.5,-56,NASA POWER MERRA-2 PRECTOTCORR
2014-06-08,0,corn-mato-grosso,corn,-13.5,-56,NASA POWER MERRA-2 PRECTOTCORR
2014-06-09,0,corn-mato-grosso,corn,-13.5,-56,NASA POWER MERRA-2 PRECTOTCORR
2014-06-10,0,corn-mato-grosso,corn,-13.5,-56,NASA POWER MERRA-2 PRECTOTCORR
2014-06-11,0,corn-mato-grosso,corn,-13.5,-56,NASA POWER MERRA-2 PRECTOTCORR
2014-06-12,0,corn-mato-grosso,corn,-13.5,-56,NASA POWER MERRA-2 PRECTOTCORR
2014-06-13,0,corn-mato-grosso,corn,-13.5,-56,NASA POWER MERRA-2 PRECTOTCORR
2014-06-14,0,corn-mato-grosso,corn,-13.5,-56,NASA POWER MERRA-2 PRECTOTCORR
2014-06-15,0,corn-mato-grosso,corn,-13.5,-56,NASA POWER MERRA-2 PRECTOTCORR
2014-06-16,0,corn-mato-grosso,corn,-13.5,-56,NASA POWER MERRA-2 PRECTOTCORR
2014-06-17,0,corn-mato-grosso,corn,-13.5,-56,NASA POWER MERRA-2 PRECTOTCORR
2014-06-18,0,corn-mato-grosso,corn,-13.5,-56,NASA POWER MERRA-2 PRECTOTCORR
2014-06-19,0,corn-mato-grosso,corn,-13.5,-56,NASA POWER MERRA-2 PRECTOTCORR
2014-06-20,0,corn-mato-grosso,corn,-13.5,-56,NASA POWER MERRA-2 PRECTOTCORR
2014-06-21,0,corn-mato-grosso,corn,-13.5,-56,NASA POWER MERRA-2 PRECTOTCORR
2014-06-22,0,corn-mato-grosso,corn,-13.5,-56,NASA POWER MERRA-2 PRECTOTCORR
2014-06-23,0,corn-mato-grosso,corn,-13.5,-56,NASA POWER MERRA-2 PRECTOTCORR
2014-06-24,0,corn-mato-grosso,corn,-13.5,-56,NASA POWER MERRA-2 PRECTOTCORR
2014-06-25,0,corn-mato-grosso,corn,-13.5,-56,NASA POWER MERRA-2 PRECTOTCORR
2014-06-26,0,corn-mato-grosso,corn,-13.5,-56,NASA POWER MERRA-2 PRECTOTCORR
2014-06-27,0,corn-mato-grosso,corn,-13.5,-56,NASA POWER MERRA-2 PRECTOTCORR
2014-06-28,0.61,corn-mato-grosso,corn,-13.5,-56,NASA POWER MERRA-2 PRECTOTCORR
2014-06-29,0,corn-mato-grosso,corn,-13.5,-56,NASA POWER MERRA-2 PRECTOTCORR
2014-06-30,0,corn-mato-grosso,corn,-13.5,-56,NASA POWER MERRA-2 PRECTOTCORR
2014-07-01,0,corn-mato-grosso,corn,-13.5,-56,NASA POWER MERRA-2 PRECTOTCORR
2014-07-02,0,corn-mato-grosso,corn,-13.5,-56,NASA POWER MERRA-2 PRECTOTCORR
2014-07-03,0,corn-mato-grosso,corn,-13.5,-56,NASA POWER MERRA-2 PRECTOTCORR
2014-07-04,0,corn-mato-grosso,corn,-13.5,-56,NASA POWER MERRA-2 PRECTOTCORR
2014-07-05,0,corn-mato-grosso,corn,-13.5,-56,NASA POWER MERRA-2 PRECTOTCORR
2014-07-06,0,corn-mato-grosso,corn,-13.5,-56,NASA POWER MERRA-2 PRECTOTCORR
2014-07-07,0,corn-mato-grosso,corn,-13.5,-56,NASA POWER MERRA-2 PRECTOTCORR
2014-07-08,0,corn-mato-grosso,corn,-13.5,-56,NASA POWER MERRA-2 PRECTOTCORR
2014-07-09,0,corn-mato-grosso,corn,-13.5,-56,NASA POWER MERRA-2 PRECTOTCORR
2014-07-10,0,corn-mato-grosso,corn,-13.5,-56,NASA POWER MERRA-2 PRECTOTCORR
2014-07-11,0,corn-mato-grosso,corn,-13.5,-56,NASA POWER MERRA-2 PRECTOTCORR
2014-07-12,0,corn-mato-grosso,corn,-13.5,-56,NASA POWER MERRA-2 PRECTOTCORR
2014-07-13,0,corn-mato-grosso,corn,-13.5,-56,NASA POWER MERRA-2 PRECTOTCORR
2014-07-14,0,corn-mato-grosso,corn,-13.5,-56,NASA POWER MERRA-2 PRECTOTCORR
2014-07-15,0,corn-mato-grosso,corn,-13.5,-56,NASA POWER MERRA-2 PRECTOTCORR
2014-07-16,0,corn-mato-grosso,corn,-13.5,-56,NASA POWER MERRA-2 PRECTOTCORR
2014-07-17,0,corn-mato-grosso,corn,-13.5,-56,NASA POWER MERRA-2 PRECTOTCORR
2014-07-18,0,corn-mato-grosso,corn,-13.5,-56,NASA POWER MERRA-2 PRECTOTCORR
2014-07-19,0,corn-mato-grosso,corn,-13.5,-56,NASA POWER MERRA-2 PRECTOTCORR
2014-07-20,0,corn-mato-grosso,corn,-13.5,-56,NASA POWER MERRA-2 PRECTOTCORR
2014-07-21,0,corn-mato-grosso,corn,-13.5,-56,NASA POWER MERRA-2 PRECTOTCORR
2014-07-22,0.33,corn-mato-grosso,corn,-13.5,-56,NASA POWER MERRA-2 PRECTOTCORR
2014-07-23,0.56,corn-mato-grosso,corn,-13.5,-56,NASA POWER MERRA-2 PRECTOTCORR
2014-07-24,1.08,corn-mato-grosso,corn,-13.5,-56,NASA POWER MERRA-2 PRECTOTCORR
2014-07-25,5.89,corn-mato-grosso,corn,-13.5,-56,NASA POWER MERRA-2 PRECTOTCORR
2014-07-26,0,corn-mato-grosso,corn,-13.5,-56,NASA POWER MERRA-2 PRECTOTCORR
2014-07-27,0,corn-mato-grosso,corn,-13.5,-56,NASA POWER MERRA-2 PRECTOTCORR
2014-07-28,0,corn-mato-grosso,corn,-13.5,-56,NASA POWER MERRA-2 PRECTOTCORR
2014-07-29,0,corn-mato-grosso,corn,-13.5,-56,NASA POWER MERRA-2 PRECTOTCORR
2014-07-30,0,corn-mato-grosso,corn,-13.5,-56,NASA POWER MERRA-2 PRECTOTCORR
2014-07-31,0,corn-mato-grosso,corn,-13.5,-56,NASA POWER MERRA-2 PRECTOTCORR
2014-08-01,0,corn-mato-grosso,corn,-13.5,-56,NASA POWER MERRA-2 PRECTOTCORR
2014-08-02,0,corn-mato-grosso,corn,-13.5,-56,NASA POWER MERRA-2 PRECTOTCORR
2014-08-03,0,corn-mato-grosso,corn,-13.5,-56,NASA POWER MERRA-2 PRECTOTCORR
2014-08-04,0,corn-mato-grosso,corn,-13.5,-56,NASA POWER MERRA-2 PRECTOTCORR
2014-08-05,0,corn-mato-grosso,corn,-13.5,-56,NASA POWER MERRA-2 PRECTOTCORR
2014-08-06,0,corn-mato-grosso,corn,-13.5,-56,NASA POWER MERRA-2 PRECTOTCORR
2014-08-07,0,corn-mato-grosso,corn,-13.5,-56,NASA POWER MERRA-2 PRECTOTCORR
2014-08-08,0,corn-mato-grosso,corn,-13.5,-56,NASA POWER MERRA-2 PRECTOTCORR
2014-08-09,0,corn-mato-grosso,corn,-13.5,-56,NASA POWER MERRA-2 PRECTOTCORR
2014-08-10,0,corn-mato-grosso,corn,-13.5,-56,NASA POWER MERRA-2 PRECTOTCORR
2014-08-11,0,corn-mato-grosso,corn,-13.5,-56,NASA POWER MERRA-2 PRECTOTCORR
2014-08-12,0,corn-mato-grosso,corn,-13.5,-56,NASA POWER MERRA-2 PRECTOTCORR
2014-08-13,0,corn-mato-grosso,corn,-13.5,-56,NASA POWER MERRA-2 PRECTOTCORR
2014-08-14,0,corn-mato-grosso,corn,-13.5,-56,NASA POWER MERRA-2 PRECTOTCORR
2014-08-15,0,corn-mato-grosso,corn,-13.5,-56,NASA POWER MERRA-2 PRECTOTCORR
2014-08-16,0,corn-mato-grosso,corn,-13.5,-56,NASA POWER MERRA-2 PRECTOTCORR
2014-08-17,0,corn-mato-grosso,corn,-13.5,-56,NASA POWER MERRA-2 PRECTOTCORR
2014-08-18,0,corn-mato-grosso,corn,-13.5,-56,NASA POWER MERRA-2 PRECTOTCORR
2014-08-19,0,corn-mato-grosso,corn,-13.5,-56,NASA POWER MERRA-2 PRECTOTCORR
2014-08-20,0,corn-mato-grosso,corn,-13.5,-56,NASA POWER MERRA-2 PRECTOTCORR
2014-08-21,0,corn-mato-grosso,corn,-13.5,-56,NASA POWER MERRA-2 PRECTOTCORR
2014-08-22,0,corn-mato-grosso,corn,-13.5,-56,NASA POWER MERRA-2 PRECTOTCORR
2014-08-23,0,corn-mato-grosso,corn,-13.5,-56,NASA POWER MERRA-2 PRECTOTCORR
2014-08-24,0,corn-mato-grosso,corn,-13.5,-56,NASA POWER MERRA-2 PRECTOTCORR
2014-08-25,0.15,corn-mato-grosso,corn,-13.5,-56,NASA POWER MERRA-2 PRECTOTCORR
2014-08-26,0.05,corn-mato-grosso,corn,-13.5,-56,NASA POWER MERRA-2 PRECTOTCORR
2014-08-27,0,corn-mato-grosso,corn,-13.5,-56,NASA POWER MERRA-2 PRECTOTCORR
2014-08-28,0.56,corn-mato-grosso,corn,-13.5,-56,NASA POWER MERRA-2 PRECTOTCORR
2014-08-29,0.16,corn-mato-grosso,corn,-13.5,-56,NASA POWER MERRA-2 PRECTOTCORR
2014-08-30,0,corn-mato-grosso,corn,-13.5,-56,NASA POWER MERRA-2 PRECTOTCORR
2014-08-31,0,corn-mato-grosso,corn,-13.5,-56,NASA POWER MERRA-2 PRECTOTCORR
2014-09-01,1.13,corn-mato-grosso,corn,-13.5,-56,NASA POWER MERRA-2 PRECTOTCORR
2014-09-02,0.27,corn-mato-grosso,corn,-13.5,-56,NASA POWER MERRA-2 PRECTOTCORR
2014-09-03,0.19,corn-mato-grosso,corn,-13.5,-56,NASA POWER MERRA-2 PRECTOTCORR
2014-09-04,1.24,corn-mato-grosso,corn,-13.5,-56,NASA POWER MERRA-2 PRECTOTCORR
2014-09-05,2.86,corn-mato-grosso,corn,-13.5,-56,NASA POWER MERRA-2 PRECTOTCORR
2014-09-06,0.06,corn-mato-grosso,corn,-13.5,-56,NASA POWER MERRA-2 PRECTOTCORR
2014-09-07,0.12,corn-mato-grosso,corn,-13.5,-56,NASA POWER MERRA-2 PRECTOTCORR
2014-09-08,0.02,corn-mato-grosso,corn,-13.5,-56,NASA POWER MERRA-2 PRECTOTCORR
2014-09-09,0,corn-mato-grosso,corn,-13.5,-56,NASA POWER MERRA-2 PRECTOTCORR
2014-09-10,0,corn-mato-grosso,corn,-13.5,-56,NASA POWER MERRA-2 PRECTOTCORR
2014-09-11,0,corn-mato-grosso,corn,-13.5,-56,NASA POWER MERRA-2 PRECTOTCORR
2014-09-12,0.02,corn-mato-grosso,corn,-13.5,-56,NASA POWER MERRA-2 PRECTOTCORR
2014-09-13,0,corn-mato-grosso,corn,-13.5,-56,NASA POWER MERRA-2 PRECTOTCORR
2014-09-14,0,corn-mato-grosso,corn,-13.5,-56,NASA POWER MERRA-2 PRECTOTCORR
2014-09-15,1.69,corn-mato-grosso,corn,-13.5,-56,NASA POWER MERRA-2 PRECTOTCORR
2014-09-16,0.31,corn-mato-grosso,corn,-13.5,-56,NASA POWER MERRA-2 PRECTOTCORR
2014-09-17,0.04,corn-mato-grosso,corn,-13.5,-56,NASA POWER MERRA-2 PRECTOTCORR
2014-09-18,0,corn-mato-grosso,corn,-13.5,-56,NASA POWER MERRA-2 PRECTOTCORR
2014-09-19,3.55,corn-mato-grosso,corn,-13.5,-56,NASA POWER MERRA-2 PRECTOTCORR
2014-09-20,20.62,corn-mato-grosso,corn,-13.5,-56,NASA POWER MERRA-2 PRECTOTCORR
2014-09-21,7.41,corn-mato-grosso,corn,-13.5,-56,NASA POWER MERRA-2 PRECTOTCORR
2014-09-22,0.26,corn-mato-grosso,corn,-13.5,-56,NASA POWER MERRA-2 PRECTOTCORR
2014-09-23,0.51,corn-mato-grosso,corn,-13.5,-56,NASA POWER MERRA-2 PRECTOTCORR
2014-09-24,5.99,corn-mato-grosso,corn,-13.5,-56,NASA POWER MERRA-2 PRECTOTCORR
2014-09-25,1.72,corn-mato-grosso,corn,-13.5,-56,NASA POWER MERRA-2 PRECTOTCORR
2014-09-26,0.2,corn-mato-grosso,corn,-13.5,-56,NASA POWER MERRA-2 PRECTOTCORR
2014-09-27,0.43,corn-mato-grosso,corn,-13.5,-56,NASA POWER MERRA-2 PRECTOTCORR
2014-09-28,0.17,corn-mato-grosso,corn,-13.5,-56,NASA POWER MERRA-2 PRECTOTCORR
2014-09-29,0.02,corn-mato-grosso,corn,-13.5,-56,NASA POWER MERRA-2 PRECTOTCORR
2014-09-30,0.01,corn-mato-grosso,corn,-13.5,-56,NASA POWER MERRA-2 PRECTOTCORR
2014-10-01,0.35,corn-mato-grosso,corn,-13.5,-56,NASA POWER MERRA-2 PRECTOTCORR
2014-10-02,0.17,corn-mato-grosso,corn,-13.5,-56,NASA POWER MERRA-2 PRECTOTCORR
2014-10-03,0.01,corn-mato-grosso,corn,-13.5,-56,NASA POWER MERRA-2 PRECTOTCORR
2014-10-04,0.88,corn-mato-grosso,corn,-13.5,-56,NASA POWER MERRA-2 PRECTOTCORR
2014-10-05,0.07,corn-mato-grosso,corn,-13.5,-56,NASA POWER MERRA-2 PRECTOTCORR
2014-10-06,0,corn-mato-grosso,corn,-13.5,-56,NASA POWER MERRA-2 PRECTOTCORR
2014-10-07,0,corn-mato-grosso,corn,-13.5,-56,NASA POWER MERRA-2 PRECTOTCORR
2014-10-08,0.01,corn-mato-grosso,corn,-13.5,-56,NASA POWER MERRA-2 PRECTOTCORR
2014-10-09,0,corn-mato-grosso,corn,-13.5,-56,NASA POWER MERRA-2 PRECTOTCORR
2014-10-10,0,corn-mato-grosso,corn,-13.5,-56,NASA POWER MERRA-2 PRECTOTCORR
2014-10-11,0,corn-mato-grosso,corn,-13.5,-56,NASA POWER MERRA-2 PRECTOTCORR
2014-10-12,0.51,corn-mato-grosso,corn,-13.5,-56,NASA POWER MERRA-2 PRECTOTCORR
2014-10-13,0.07,corn-mato-grosso,corn,-13.5,-56,NASA POWER MERRA-2 PRECTOTCORR
2014-10-14,0.01,corn-mato-grosso,corn,-13.5,-56,NASA POWER MERRA-2 PRECTOTCORR
2014-10-15,1.27,corn-mato-grosso,corn,-13.5,-56,NASA POWER MERRA-2 PRECTOTCORR
2014-10-16,0.8,corn-mato-grosso,corn,-13.5,-56,NASA POWER MERRA-2 PRECTOTCORR
2014-10-17,0.1,corn-mato-grosso,corn,-13.5,-56,NASA POWER MERRA-2 PRECTOTCORR
2014-10-18,4.19,corn-mato-grosso,corn,-13.5,-56,NASA POWER MERRA-2 PRECTOTCORR
2014-10-19,6.24,corn-mato-grosso,corn,-13.5,-56,NASA POWER MERRA-2 PRECTOTCORR
2014-10-20,5.67,corn-mato-grosso,corn,-13.5,-56,NASA POWER MERRA-2 PRECTOTCORR
2014-10-21,0.12,corn-mato-grosso,corn,-13.5,-56,NASA POWER MERRA-2 PRECTOTCORR
2014-10-22,0.03,corn-mato-grosso,corn,-13.5,-56,NASA POWER MERRA-2 PRECTOTCORR
2014-10-23,0.07,corn-mato-grosso,corn,-13.5,-56,NASA POWER MERRA-2 PRECTOTCORR
2014-10-24,22.65,corn-mato-grosso,corn,-13.5,-56,NASA POWER MERRA-2 PRECTOTCORR
2014-10-25,5.72,corn-mato-grosso,corn,-13.5,-56,NASA POWER MERRA-2 PRECTOTCORR
2014-10-26,6.76,corn-mato-grosso,corn,-13.5,-56,NASA POWER MERRA-2 PRECTOTCORR
2014-10-27,14.95,corn-mato-grosso,corn,-13.5,-56,NASA POWER MERRA-2 PRECTOTCORR
2014-10-28,2.87,corn-mato-grosso,corn,-13.5,-56,NASA POWER MERRA-2 PRECTOTCORR
2014-10-29,0.2,corn-mato-grosso,corn,-13.5,-56,NASA POWER MERRA-2 PRECTOTCORR
2014-10-30,4.54,corn-mato-grosso,corn,-13.5,-56,NASA POWER MERRA-2 PRECTOTCORR
2014-10-31,1.54,corn-mato-grosso,corn,-13.5,-56,NASA POWER MERRA-2 PRECTOTCORR
2014-11-01,1.64,corn-mato-grosso,corn,-13.5,-56,NASA POWER MERRA-2 PRECTOTCORR
2014-11-02,3.73,corn-mato-grosso,corn,-13.5,-56,NASA POWER MERRA-2 PRECTOTCORR
2014-11-03,0.05,corn-mato-grosso,corn,-13.5,-56,NASA POWER MERRA-2 PRECTOTCORR
2014-11-04,0,corn-mato-grosso,corn,-13.5,-56,NASA POWER MERRA-2 PRECTOTCORR
2014-11-05,0.88,corn-mato-grosso,corn,-13.5,-56,NASA POWER MERRA-2 PRECTOTCORR
2014-11-06,0.03,corn-mato-grosso,corn,-13.5,-56,NASA POWER MERRA-2 PRECTOTCORR
2014-11-07,0.21,corn-mato-grosso,corn,-13.5,-56,NASA POWER MERRA-2 PRECTOTCORR
2014-11-08,1.16,corn-mato-grosso,corn,-13.5,-56,NASA POWER MERRA-2 PRECTOTCORR
2014-11-09,0.46,corn-mato-grosso,corn,-13.5,-56,NASA POWER MERRA-2 PRECTOTCORR
2014-11-10,0.15,corn-mato-grosso,corn,-13.5,-56,NASA POWER MERRA-2 PRECTOTCORR
2014-11-11,0.05,corn-mato-grosso,corn,-13.5,-56,NASA POWER MERRA-2 PRECTOTCORR
2014-11-12,1.07,corn-mato-grosso,corn,-13.5,-56,NASA POWER MERRA-2 PRECTOTCORR
2014-11-13,5.13,corn-mato-grosso,corn,-13.5,-56,NASA POWER MERRA-2 PRECTOTCORR
2014-11-14,12.1,corn-mato-grosso,corn,-13.5,-56,NASA POWER MERRA-2 PRECTOTCORR
2014-11-15,0.48,corn-mato-grosso,corn,-13.5,-56,NASA POWER MERRA-2 PRECTOTCORR
2014-11-16,0.45,corn-mato-grosso,corn,-13.5,-56,NASA POWER MERRA-2 PRECTOTCORR
2014-11-17,0.01,corn-mato-grosso,corn,-13.5,-56,NASA POWER MERRA-2 PRECTOTCORR
2014-11-18,0.01,corn-mato-grosso,corn,-13.5,-56,NASA POWER MERRA-2 PRECTOTCORR
2014-11-19,6.34,corn-mato-grosso,corn,-13.5,-56,NASA POWER MERRA-2 PRECTOTCORR
2014-11-20,1.82,corn-mato-grosso,corn,-13.5,-56,NASA POWER MERRA-2 PRECTOTCORR
2014-11-21,6.52,corn-mato-grosso,corn,-13.5,-56,NASA POWER MERRA-2 PRECTOTCORR
2014-11-22,6.53,corn-mato-grosso,corn,-13.5,-56,NASA POWER MERRA-2 PRECTOTCORR
2014-11-23,13.14,corn-mato-grosso,corn,-13.5,-56,NASA POWER MERRA-2 PRECTOTCORR
2014-11-24,13.44,corn-mato-grosso,corn,-13.5,-56,NASA POWER MERRA-2 PRECTOTCORR
2014-11-25,13.03,corn-mato-grosso,corn,-13.5,-56,NASA POWER MERRA-2 PRECTOTCORR
2014-11-26,28.92,corn-mato-grosso,corn,-13.5,-56,NASA POWER MERRA-2 PRECTOTCORR
2014-11-27,16.72,corn-mato-grosso,corn,-13.5,-56,NASA POWER MERRA-2 PRECTOTCORR
2014-11-28,6.56,corn-mato-grosso,corn,-13.5,-56,NASA POWER MERRA-2 PRECTOTCORR
2014-11-29,0,corn-mato-grosso,corn,-13.5,-56,NASA POWER MERRA-2 PRECTOTCORR
2014-11-30,0,corn-mato-grosso,corn,-13.5,-56,NASA POWER MERRA-2 PRECTOTCORR
2014-12-01,19.94,corn-mato-grosso,corn,-13.5,-56,NASA POWER MERRA-2 PRECTOTCORR
2014-12-02,27.38,corn-mato-grosso,corn,-13.5,-56,NASA POWER MERRA-2 PRECTOTCORR
2014-12-03,19.03,corn-mato-grosso,corn,-13.5,-56,NASA POWER MERRA-2 PRECTOTCORR
2014-12-04,0.55,corn-mato-grosso,corn,-13.5,-56,NASA POWER MERRA-2 PRECTOTCORR
2014-12-05,1.33,corn-mato-grosso,corn,-13.5,-56,NASA POWER MERRA-2 PRECTOTCORR
2014-12-06,8.06,corn-mato-grosso,corn,-13.5,-56,NASA POWER MERRA-2 PRECTOTCORR
2014-12-07,14.65,corn-mato-grosso,corn,-13.5,-56,NASA POWER MERRA-2 PRECTOTCORR
2014-12-08,29.95,corn-mato-grosso,corn,-13.5,-56,NASA POWER MERRA-2 PRECTOTCORR
2014-12-09,12.77,corn-mato-grosso,corn,-13.5,-56,NASA POWER MERRA-2 PRECTOTCORR
2014-12-10,13.85,corn-mato-grosso,corn,-13.5,-56,NASA POWER MERRA-2 PRECTOTCORR
2014-12-11,8.95,corn-mato-grosso,corn,-13.5,-56,NASA POWER MERRA-2 PRECTOTCORR
2014-12-12,20.67,corn-mato-grosso,corn,-13.5,-56,NASA POWER MERRA-2 PRECTOTCORR
2014-12-13,25.6,corn-mato-grosso,corn,-13.5,-56,NASA POWER MERRA-2 PRECTOTCORR
2014-12-14,20.42,corn-mato-grosso,corn,-13.5,-56,NASA POWER MERRA-2 PRECTOTCORR
2014-12-15,3.19,corn-mato-grosso,corn,-13.5,-56,NASA POWER MERRA-2 PRECTOTCORR
2014-12-16,7.08,corn-mato-grosso,corn,-13.5,-56,NASA POWER MERRA-2 PRECTOTCORR
2014-12-17,8.31,corn-mato-grosso,corn,-13.5,-56,NASA POWER MERRA-2 PRECTOTCORR
2014-12-18,18.03,corn-mato-grosso,corn,-13.5,-56,NASA POWER MERRA-2 PRECTOTCORR
2014-12-19,3.27,corn-mato-grosso,corn,-13.5,-56,NASA POWER MERRA-2 PRECTOTCORR
2014-12-20,3.32,corn-mato-grosso,corn,-13.5,-56,NASA POWER MERRA-2 PRECTOTCORR
2014-12-21,4.27,corn-mato-grosso,corn,-13.5,-56,NASA POWER MERRA-2 PRECTOTCORR
2014-12-22,3.34,corn-mato-grosso,corn,-13.5,-56,NASA POWER MERRA-2 PRECTOTCORR
2014-12-23,8.37,corn-mato-grosso,corn,-13.5,-56,NASA POWER MERRA-2 PRECTOTCORR
2014-12-24,7.59,corn-mato-grosso,corn,-13.5,-56,NASA POWER MERRA-2 PRECTOTCORR
2014-12-25,3.04,corn-mato-grosso,corn,-13.5,-56,NASA POWER MERRA-2 PRECTOTCORR
2014-12-26,1.06,corn-mato-grosso,corn,-13.5,-56,NASA POWER MERRA-2 PRECTOTCORR
2014-12-27,0.08,corn-mato-grosso,corn,-13.5,-56,NASA POWER MERRA-2 PRECTOTCORR
2014-12-28,0,corn-mato-grosso,corn,-13.5,-56,NASA POWER MERRA-2 PRECTOTCORR
2014-12-29,6.23,corn-mato-grosso,corn,-13.5,-56,NASA POWER MERRA-2 PRECTOTCORR
2014-12-30,0.35,corn-mato-grosso,corn,-13.5,-56,NASA POWER MERRA-2 PRECTOTCORR
2014-12-31,0.16,corn-mato-grosso,corn,-13.5,-56,NASA POWER MERRA-2 PRECTOTCORR
2015-01-01,0.02,corn-mato-grosso,corn,-13.5,-56,NASA POWER MERRA-2 PRECTOTCORR
2015-01-02,2.48,corn-mato-grosso,corn,-13.5,-56,NASA POWER MERRA-2 PRECTOTCORR
2015-01-03,0.78,corn-mato-grosso,corn,-13.5,-56,NASA POWER MERRA-2 PRECTOTCORR
2015-01-04,29.42,corn-mato-grosso,corn,-13.5,-56,NASA POWER MERRA-2 PRECTOTCORR
2015-01-05,4.22,corn-mato-grosso,corn,-13.5,-56,NASA POWER MERRA-2 PRECTOTCORR
2015-01-06,4.84,corn-mato-grosso,corn,-13.5,-56,NASA POWER MERRA-2 PRECTOTCORR
2015-01-07,1.69,corn-mato-grosso,corn,-13.5,-56,NASA POWER MERRA-2 PRECTOTCORR
2015-01-08,1.35,corn-mato-grosso,corn,-13.5,-56,NASA POWER MERRA-2 PRECTOTCORR
2015-01-09,8.94,corn-mato-grosso,corn,-13.5,-56,NASA POWER MERRA-2 PRECTOTCORR
2015-01-10,1.77,corn-mato-grosso,corn,-13.5,-56,NASA POWER MERRA-2 PRECTOTCORR
2015-01-11,2.5,corn-mato-grosso,corn,-13.5,-56,NASA POWER MERRA-2 PRECTOTCORR
2015-01-12,1.22,corn-mato-grosso,corn,-13.5,-56,NASA POWER MERRA-2 PRECTOTCORR
2015-01-13,4.82,corn-mato-grosso,corn,-13.5,-56,NASA POWER MERRA-2 PRECTOTCORR
2015-01-14,6.5,corn-mato-grosso,corn,-13.5,-56,NASA POWER MERRA-2 PRECTOTCORR
2015-01-15,8.66,corn-mato-grosso,corn,-13.5,-56,NASA POWER MERRA-2 PRECTOTCORR
2015-01-16,4.95,corn-mato-grosso,corn,-13.5,-56,NASA POWER MERRA-2 PRECTOTCORR
2015-01-17,4.06,corn-mato-grosso,corn,-13.5,-56,NASA POWER MERRA-2 PRECTOTCORR
2015-01-18,3.28,corn-mato-grosso,corn,-13.5,-56,NASA POWER MERRA-2 PRECTOTCORR
2015-01-19,1.86,corn-mato-grosso,corn,-13.5,-56,NASA POWER MERRA-2 PRECTOTCORR
2015-01-20,1.61,corn-mato-grosso,corn,-13.5,-56,NASA POWER MERRA-2 PRECTOTCORR
2015-01-21,0.15,corn-mato-grosso,corn,-13.5,-56,NASA POWER MERRA-2 PRECTOTCORR
2015-01-22,4.47,corn-mato-grosso,corn,-13.5,-56,NASA POWER MERRA-2 PRECTOTCORR
2015-01-23,9.69,corn-mato-grosso,corn,-13.5,-56,NASA POWER MERRA-2 PRECTOTCORR
2015-01-24,1.79,corn-mato-grosso,corn,-13.5,-56,NASA POWER MERRA-2 PRECTOTCORR
2015-01-25,10.47,corn-mato-grosso,corn,-13.5,-56,NASA POWER MERRA-2 PRECTOTCORR
2015-01-26,15.86,corn-mato-grosso,corn,-13.5,-56,NASA POWER MERRA-2 PRECTOTCORR
2015-01-27,7.46,corn-mato-grosso,corn,-13.5,-56,NASA POWER MERRA-2 PRECTOTCORR
2015-01-28,5.45,corn-mato-grosso,corn,-13.5,-56,NASA POWER MERRA-2 PRECTOTCORR
2015-01-29,0.13,corn-mato-grosso,corn,-13.5,-56,NASA POWER MERRA-2 PRECTOTCORR
2015-01-30,0.01,corn-mato-grosso,corn,-13.5,-56,NASA POWER MERRA-2 PRECTOTCORR
2015-01-31,7.7,corn-mato-grosso,corn,-13.5,-56,NASA POWER MERRA-2 PRECTOTCORR
2015-02-01,7.02,corn-mato-grosso,corn,-13.5,-56,NASA POWER MERRA-2 PRECTOTCORR
2015-02-02,0.49,corn-mato-grosso,corn,-13.5,-56,NASA POWER MERRA-2 PRECTOTCORR
2015-02-03,5.07,corn-mato-grosso,corn,-13.5,-56,NASA POWER MERRA-2 PRECTOTCORR
2015-02-04,5.21,corn-mato-grosso,corn,-13.5,-56,NASA POWER MERRA-2 PRECTOTCORR
2015-02-05,13.13,corn-mato-grosso,corn,-13.5,-56,NASA POWER MERRA-2 PRECTOTCORR
2015-02-06,43.67,corn-mato-grosso,corn,-13.5,-56,NASA POWER MERRA-2 PRECTOTCORR
2015-02-07,2.76,corn-mato-grosso,corn,-13.5,-56,NASA POWER MERRA-2 PRECTOTCORR
2015-02-08,5.74,corn-mato-grosso,corn,-13.5,-56,NASA POWER MERRA-2 PRECTOTCORR
2015-02-09,0.53,corn-mato-grosso,corn,-13.5,-56,NASA POWER MERRA-2 PRECTOTCORR
2015-02-10,0.13,corn-mato-grosso,corn,-13.5,-56,NASA POWER MERRA-2 PRECTOTCORR
2015-02-11,0.87,corn-mato-grosso,corn,-13.5,-56,NASA POWER MERRA-2 PRECTOTCORR
2015-02-12,0.15,corn-mato-grosso,corn,-13.5,-56,NASA POWER MERRA-2 PRECTOTCORR
2015-02-13,0.72,corn-mato-grosso,corn,-13.5,-56,NASA POWER MERRA-2 PRECTOTCORR
2015-02-14,0.98,corn-mato-grosso,corn,-13.5,-56,NASA POWER MERRA-2 PRECTOTCORR
2015-02-15,0.22,corn-mato-grosso,corn,-13.5,-56,NASA POWER MERRA-2 PRECTOTCORR
2015-02-16,0.4,corn-mato-grosso,corn,-13.5,-56,NASA POWER MERRA-2 PRECTOTCORR
2015-02-17,4.16,corn-mato-grosso,corn,-13.5,-56,NASA POWER MERRA-2 PRECTOTCORR
2015-02-18,8.43,corn-mato-grosso,corn,-13.5,-56,NASA POWER MERRA-2 PRECTOTCORR
2015-02-19,17.64,corn-mato-grosso,corn,-13.5,-56,NASA POWER MERRA-2 PRECTOTCORR
2015-02-20,11.22,corn-mato-grosso,corn,-13.5,-56,NASA POWER MERRA-2 PRECTOTCORR
2015-02-21,15.31,corn-mato-grosso,corn,-13.5,-56,NASA POWER MERRA-2 PRECTOTCORR
2015-02-22,5.64,corn-mato-grosso,corn,-13.5,-56,NASA POWER MERRA-2 PRECTOTCORR
2015-02-23,7.55,corn-mato-grosso,corn,-13.5,-56,NASA POWER MERRA-2 PRECTOTCORR
2015-02-24,0.57,corn-mato-grosso,corn,-13.5,-56,NASA POWER MERRA-2 PRECTOTCORR
2015-02-25,1.96,corn-mato-grosso,corn,-13.5,-56,NASA POWER MERRA-2 PRECTOTCORR
2015-02-26,1.85,corn-mato-grosso,corn,-13.5,-56,NASA POWER MERRA-2 PRECTOTCORR
2015-02-27,3.31,corn-mato-grosso,corn,-13.5,-56,NASA POWER MERRA-2 PRECTOTCORR
2015-02-28,1.57,corn-mato-grosso,corn,-13.5,-56,NASA POWER MERRA-2 PRECTOTCORR
2015-03-01,1.12,corn-mato-grosso,corn,-13.5,-56,NASA POWER MERRA-2 PRECTOTCORR
2015-03-02,8.79,corn-mato-grosso,corn,-13.5,-56,NASA POWER MERRA-2 PRECTOTCORR
2015-03-03,6.38,corn-mato-grosso,corn,-13.5,-56,NASA POWER MERRA-2 PRECTOTCORR
2015-03-04,4.26,corn-mato-grosso,corn,-13.5,-56,NASA POWER MERRA-2 PRECTOTCORR
2015-03-05,0.41,corn-mato-grosso,corn,-13.5,-56,NASA POWER MERRA-2 PRECTOTCORR
2015-03-06,0.08,corn-mato-grosso,corn,-13.5,-56,NASA POWER MERRA-2 PRECTOTCORR
2015-03-07,15.19,corn-mato-grosso,corn,-13.5,-56,NASA POWER MERRA-2 PRECTOTCORR
2015-03-08,3.16,corn-mato-grosso,corn,-13.5,-56,NASA POWER MERRA-2 PRECTOTCORR
2015-03-09,2.19,corn-mato-grosso,corn,-13.5,-56,NASA POWER MERRA-2 PRECTOTCORR
2015-03-10,5.06,corn-mato-grosso,corn,-13.5,-56,NASA POWER MERRA-2 PRECTOTCORR
2015-03-11,3.23,corn-mato-grosso,corn,-13.5,-56,NASA POWER MERRA-2 PRECTOTCORR
2015-03-12,4.61,corn-mato-grosso,corn,-13.5,-56,NASA POWER MERRA-2 PRECTOTCORR
2015-03-13,4.72,corn-mato-grosso,corn,-13.5,-56,NASA POWER MERRA-2 PRECTOTCORR
2015-03-14,0.62,corn-mato-grosso,corn,-13.5,-56,NASA POWER MERRA-2 PRECTOTCORR
2015-03-15,7.5,corn-mato-grosso,corn,-13.5,-56,NASA POWER MERRA-2 PRECTOTCORR
2015-03-16,14.52,corn-mato-grosso,corn,-13.5,-56,NASA POWER MERRA-2 PRECTOTCORR
2015-03-17,2.16,corn-mato-grosso,corn,-13.5,-56,NASA POWER MERRA-2 PRECTOTCORR
2015-03-18,4.34,corn-mato-grosso,corn,-13.5,-56,NASA POWER MERRA-2 PRECTOTCORR
2015-03-19,3.95,corn-mato-grosso,corn,-13.5,-56,NASA POWER MERRA-2 PRECTOTCORR
2015-03-20,3.33,corn-mato-grosso,corn,-13.5,-56,NASA POWER MERRA-2 PRECTOTCORR
2015-03-21,3.4,corn-mato-grosso,corn,-13.5,-56,NASA POWER MERRA-2 PRECTOTCORR
2015-03-22,8.32,corn-mato-grosso,corn,-13.5,-56,NASA POWER MERRA-2 PRECTOTCORR
2015-03-23,2.69,corn-mato-grosso,corn,-13.5,-56,NASA POWER MERRA-2 PRECTOTCORR
2015-03-24,0.86,corn-mato-grosso,corn,-13.5,-56,NASA POWER MERRA-2 PRECTOTCORR
2015-03-25,2.19,corn-mato-grosso,corn,-13.5,-56,NASA POWER MERRA-2 PRECTOTCORR
2015-03-26,0.98,corn-mato-grosso,corn,-13.5,-56,NASA POWER MERRA-2 PRECTOTCORR
2015-03-27,2.31,corn-mato-grosso,corn,-13.5,-56,NASA POWER MERRA-2 PRECTOTCORR
2015-03-28,2.02,corn-mato-grosso,corn,-13.5,-56,NASA POWER MERRA-2 PRECTOTCORR
2015-03-29,4.45,corn-mato-grosso,corn,-13.5,-56,NASA POWER MERRA-2 PRECTOTCORR
2015-03-30,5.92,corn-mato-grosso,corn,-13.5,-56,NASA POWER MERRA-2 PRECTOTCORR
2015-03-31,3.82,corn-mato-grosso,corn,-13.5,-56,NASA POWER MERRA-2 PRECTOTCORR
2015-04-01,4.57,corn-mato-grosso,corn,-13.5,-56,NASA POWER MERRA-2 PRECTOTCORR
2015-04-02,0.23,corn-mato-grosso,corn,-13.5,-56,NASA POWER MERRA-2 PRECTOTCORR
2015-04-03,2.1,corn-mato-grosso,corn,-13.5,-56,NASA POWER MERRA-2 PRECTOTCORR
2015-04-04,4.19,corn-mato-grosso,corn,-13.5,-56,NASA POWER MERRA-2 PRECTOTCORR
2015-04-05,4.37,corn-mato-grosso,corn,-13.5,-56,NASA POWER MERRA-2 PRECTOTCORR
2015-04-06,5.46,corn-mato-grosso,corn,-13.5,-56,NASA POWER MERRA-2 PRECTOTCORR
2015-04-07,2.41,corn-mato-grosso,corn,-13.5,-56,NASA POWER MERRA-2 PRECTOTCORR
2015-04-08,7,corn-mato-grosso,corn,-13.5,-56,NASA POWER MERRA-2 PRECTOTCORR
2015-04-09,3.11,corn-mato-grosso,corn,-13.5,-56,NASA POWER MERRA-2 PRECTOTCORR
2015-04-10,43.94,corn-mato-grosso,corn,-13.5,-56,NASA POWER MERRA-2 PRECTOTCORR
2015-04-11,12.97,corn-mato-grosso,corn,-13.5,-56,NASA POWER MERRA-2 PRECTOTCORR
2015-04-12,1.2,corn-mato-grosso,corn,-13.5,-56,NASA POWER MERRA-2 PRECTOTCORR
2015-04-13,2.42,corn-mato-grosso,corn,-13.5,-56,NASA POWER MERRA-2 PRECTOTCORR
2015-04-14,1.93,corn-mato-grosso,corn,-13.5,-56,NASA POWER MERRA-2 PRECTOTCORR
2015-04-15,1.41,corn-mato-grosso,corn,-13.5,-56,NASA POWER MERRA-2 PRECTOTCORR
2015-04-16,13.4,corn-mato-grosso,corn,-13.5,-56,NASA POWER MERRA-2 PRECTOTCORR
2015-04-17,1.04,corn-mato-grosso,corn,-13.5,-56,NASA POWER MERRA-2 PRECTOTCORR
2015-04-18,0.29,corn-mato-grosso,corn,-13.5,-56,NASA POWER MERRA-2 PRECTOTCORR
2015-04-19,0.06,corn-mato-grosso,corn,-13.5,-56,NASA POWER MERRA-2 PRECTOTCORR
2015-04-20,0.06,corn-mato-grosso,corn,-13.5,-56,NASA POWER MERRA-2 PRECTOTCORR
2015-04-21,0.21,corn-mato-grosso,corn,-13.5,-56,NASA POWER MERRA-2 PRECTOTCORR
2015-04-22,2.26,corn-mato-grosso,corn,-13.5,-56,NASA POWER MERRA-2 PRECTOTCORR
2015-04-23,1.19,corn-mato-grosso,corn,-13.5,-56,NASA POWER MERRA-2 PRECTOTCORR
2015-04-24,7.62,corn-mato-grosso,corn,-13.5,-56,NASA POWER MERRA-2 PRECTOTCORR
2015-04-25,9.37,corn-mato-grosso,corn,-13.5,-56,NASA POWER MERRA-2 PRECTOTCORR
2015-04-26,3.52,corn-mato-grosso,corn,-13.5,-56,NASA POWER MERRA-2 PRECTOTCORR
2015-04-27,0.59,corn-mato-grosso,corn,-13.5,-56,NASA POWER MERRA-2 PRECTOTCORR
2015-04-28,0.31,corn-mato-grosso,corn,-13.5,-56,NASA POWER MERRA-2 PRECTOTCORR
2015-04-29,2.84,corn-mato-grosso,corn,-13.5,-56,NASA POWER MERRA-2 PRECTOTCORR
2015-04-30,1.92,corn-mato-grosso,corn,-13.5,-56,NASA POWER MERRA-2 PRECTOTCORR
2015-05-01,2.66,corn-mato-grosso,corn,-13.5,-56,NASA POWER MERRA-2 PRECTOTCORR
2015-05-02,0.3,corn-mato-grosso,corn,-13.5,-56,NASA POWER MERRA-2 PRECTOTCORR
2015-05-03,0.04,corn-mato-grosso,corn,-13.5,-56,NASA POWER MERRA-2 PRECTOTCORR
2015-05-04,11.44,corn-mato-grosso,corn,-13.5,-56,NASA POWER MERRA-2 PRECTOTCORR
2015-05-05,4.69,corn-mato-grosso,corn,-13.5,-56,NASA POWER MERRA-2 PRECTOTCORR
2015-05-06,2.89,corn-mato-grosso,corn,-13.5,-56,NASA POWER MERRA-2 PRECTOTCORR
2015-05-07,0.65,corn-mato-grosso,corn,-13.5,-56,NASA POWER MERRA-2 PRECTOTCORR
2015-05-08,0.02,corn-mato-grosso,corn,-13.5,-56,NASA POWER MERRA-2 PRECTOTCORR
2015-05-09,0,corn-mato-grosso,corn,-13.5,-56,NASA POWER MERRA-2 PRECTOTCORR
2015-05-10,0.48,corn-mato-grosso,corn,-13.5,-56,NASA POWER MERRA-2 PRECTOTCORR
2015-05-11,0.21,corn-mato-grosso,corn,-13.5,-56,NASA POWER MERRA-2 PRECTOTCORR
2015-05-12,0,corn-mato-grosso,corn,-13.5,-56,NASA POWER MERRA-2 PRECTOTCORR
2015-05-13,0.01,corn-mato-grosso,corn,-13.5,-56,NASA POWER MERRA-2 PRECTOTCORR
2015-05-14,0,corn-mato-grosso,corn,-13.5,-56,NASA POWER MERRA-2 PRECTOTCORR
2015-05-15,3.65,corn-mato-grosso,corn,-13.5,-56,NASA POWER MERRA-2 PRECTOTCORR
2015-05-16,14.53,corn-mato-grosso,corn,-13.5,-56,NASA POWER MERRA-2 PRECTOTCORR
2015-05-17,1.27,corn-mato-grosso,corn,-13.5,-56,NASA POWER MERRA-2 PRECTOTCORR
2015-05-18,0,corn-mato-grosso,corn,-13.5,-56,NASA POWER MERRA-2 PRECTOTCORR
2015-05-19,0.02,corn-mato-grosso,corn,-13.5,-56,NASA POWER MERRA-2 PRECTOTCORR
2015-05-20,0.11,corn-mato-grosso,corn,-13.5,-56,NASA POWER MERRA-2 PRECTOTCORR
2015-05-21,0.01,corn-mato-grosso,corn,-13.5,-56,NASA POWER MERRA-2 PRECTOTCORR
2015-05-22,0,corn-mato-grosso,corn,-13.5,-56,NASA POWER MERRA-2 PRECTOTCORR
2015-05-23,0,corn-mato-grosso,corn,-13.5,-56,NASA POWER MERRA-2 PRECTOTCORR
2015-05-24,0,corn-mato-grosso,corn,-13.5,-56,NASA POWER MERRA-2 PRECTOTCORR
2015-05-25,0,corn-mato-grosso,corn,-13.5,-56,NASA POWER MERRA-2 PRECTOTCORR
2015-05-26,0.01,corn-mato-grosso,corn,-13.5,-56,NASA POWER MERRA-2 PRECTOTCORR
2015-05-27,0,corn-mato-grosso,corn,-13.5,-56,NASA POWER MERRA-2 PRECTOTCORR
2015-05-28,0,corn-mato-grosso,corn,-13.5,-56,NASA POWER MERRA-2 PRECTOTCORR
2015-05-29,0,corn-mato-grosso,corn,-13.5,-56,NASA POWER MERRA-2 PRECTOTCORR
2015-05-30,0.06,corn-mato-grosso,corn,-13.5,-56,NASA POWER MERRA-2 PRECTOTCORR
2015-05-31,9.48,corn-mato-grosso,corn,-13.5,-56,NASA POWER MERRA-2 PRECTOTCORR
2015-06-01,0.84,corn-mato-grosso,corn,-13.5,-56,NASA POWER MERRA-2 PRECTOTCORR
2015-06-02,0.01,corn-mato-grosso,corn,-13.5,-56,NASA POWER MERRA-2 PRECTOTCORR
2015-06-03,0.09,corn-mato-grosso,corn,-13.5,-56,NASA POWER MERRA-2 PRECTOTCORR
2015-06-04,2.43,corn-mato-grosso,corn,-13.5,-56,NASA POWER MERRA-2 PRECTOTCORR
2015-06-05,0.03,corn-mato-grosso,corn,-13.5,-56,NASA POWER MERRA-2 PRECTOTCORR
2015-06-06,0,corn-mato-grosso,corn,-13.5,-56,NASA POWER MERRA-2 PRECTOTCORR
2015-06-07,0,corn-mato-grosso,corn,-13.5,-56,NASA POWER MERRA-2 PRECTOTCORR
2015-06-08,0,corn-mato-grosso,corn,-13.5,-56,NASA POWER MERRA-2 PRECTOTCORR
2015-06-09,0,corn-mato-grosso,corn,-13.5,-56,NASA POWER MERRA-2 PRECTOTCORR
2015-06-10,0,corn-mato-grosso,corn,-13.5,-56,NASA POWER MERRA-2 PRECTOTCORR
2015-06-11,0,corn-mato-grosso,corn,-13.5,-56,NASA POWER MERRA-2 PRECTOTCORR
2015-06-12,0,corn-mato-grosso,corn,-13.5,-56,NASA POWER MERRA-2 PRECTOTCORR
2015-06-13,0,corn-mato-grosso,corn,-13.5,-56,NASA POWER MERRA-2 PRECTOTCORR
2015-06-14,0.01,corn-mato-grosso,corn,-13.5,-56,NASA POWER MERRA-2 PRECTOTCORR
2015-06-15,0,corn-mato-grosso,corn,-13.5,-56,NASA POWER MERRA-2 PRECTOTCORR
2015-06-16,0,corn-mato-grosso,corn,-13.5,-56,NASA POWER MERRA-2 PRECTOTCORR
2015-06-17,0,corn-mato-grosso,corn,-13.5,-56,NASA POWER MERRA-2 PRECTOTCORR
2015-06-18,0.03,corn-mato-grosso,corn,-13.5,-56,NASA POWER MERRA-2 PRECTOTCORR
2015-06-19,0,corn-mato-grosso,corn,-13.5,-56,NASA POWER MERRA-2 PRECTOTCORR
2015-06-20,0,corn-mato-grosso,corn,-13.5,-56,NASA POWER MERRA-2 PRECTOTCORR
2015-06-21,0,corn-mato-grosso,corn,-13.5,-56,NASA POWER MERRA-2 PRECTOTCORR
2015-06-22,0,corn-mato-grosso,corn,-13.5,-56,NASA POWER MERRA-2 PRECTOTCORR
2015-06-23,0,corn-mato-grosso,corn,-13.5,-56,NASA POWER MERRA-2 PRECTOTCORR
2015-06-24,0,corn-mato-grosso,corn,-13.5,-56,NASA POWER MERRA-2 PRECTOTCORR
2015-06-25,0,corn-mato-grosso,corn,-13.5,-56,NASA POWER MERRA-2 PRECTOTCORR
2015-06-26,0,corn-mato-grosso,corn,-13.5,-56,NASA POWER MERRA-2 PRECTOTCORR
2015-06-27,0,corn-mato-grosso,corn,-13.5,-56,NASA POWER MERRA-2 PRECTOTCORR
2015-06-28,0,corn-mato-grosso,corn,-13.5,-56,NASA POWER MERRA-2 PRECTOTCORR
2015-06-29,0,corn-mato-grosso,corn,-13.5,-56,NASA POWER MERRA-2 PRECTOTCORR
2015-06-30,0,corn-mato-grosso,corn,-13.5,-56,NASA POWER MERRA-2 PRECTOTCORR
2015-07-01,0,corn-mato-grosso,corn,-13.5,-56,NASA POWER MERRA-2 PRECTOTCORR
2015-07-02,0,corn-mato-grosso,corn,-13.5,-56,NASA POWER MERRA-2 PRECTOTCORR
2015-07-03,0,corn-mato-grosso,corn,-13.5,-56,NASA POWER MERRA-2 PRECTOTCORR
2015-07-04,0,corn-mato-grosso,corn,-13.5,-56,NASA POWER MERRA-2 PRECTOTCORR
2015-07-05,0,corn-mato-grosso,corn,-13.5,-56,NASA POWER MERRA-2 PRECTOTCORR
2015-07-06,0.13,corn-mato-grosso,corn,-13.5,-56,NASA POWER MERRA-2 PRECTOTCORR
2015-07-07,0.2,corn-mato-grosso,corn,-13.5,-56,NASA POWER MERRA-2 PRECTOTCORR
2015-07-08,0.07,corn-mato-grosso,corn,-13.5,-56,NASA POWER MERRA-2 PRECTOTCORR
2015-07-09,0,corn-mato-grosso,corn,-13.5,-56,NASA POWER MERRA-2 PRECTOTCORR
2015-07-10,0,corn-mato-grosso,corn,-13.5,-56,NASA POWER MERRA-2 PRECTOTCORR
2015-07-11,0,corn-mato-grosso,corn,-13.5,-56,NASA POWER MERRA-2 PRECTOTCORR
2015-07-12,0,corn-mato-grosso,corn,-13.5,-56,NASA POWER MERRA-2 PRECTOTCORR
2015-07-13,0,corn-mato-grosso,corn,-13.5,-56,NASA POWER MERRA-2 PRECTOTCORR
2015-07-14,0,corn-mato-grosso,corn,-13.5,-56,NASA POWER MERRA-2 PRECTOTCORR
2015-07-15,0.01,corn-mato-grosso,corn,-13.5,-56,NASA POWER MERRA-2 PRECTOTCORR
2015-07-16,0,corn-mato-grosso,corn,-13.5,-56,NASA POWER MERRA-2 PRECTOTCORR
2015-07-17,0,corn-mato-grosso,corn,-13.5,-56,NASA POWER MERRA-2 PRECTOTCORR
2015-07-18,0,corn-mato-grosso,corn,-13.5,-56,NASA POWER MERRA-2 PRECTOTCORR
2015-07-19,0,corn-mato-grosso,corn,-13.5,-56,NASA POWER MERRA-2 PRECTOTCORR
2015-07-20,0,corn-mato-grosso,corn,-13.5,-56,NASA POWER MERRA-2 PRECTOTCORR
2015-07-21,0,corn-mato-grosso,corn,-13.5,-56,NASA POWER MERRA-2 PRECTOTCORR
2015-07-22,0,corn-mato-grosso,corn,-13.5,-56,NASA POWER MERRA-2 PRECTOTCORR
2015-07-23,0,corn-mato-grosso,corn,-13.5,-56,NASA POWER MERRA-2 PRECTOTCORR
2015-07-24,0,corn-mato-grosso,corn,-13.5,-56,NASA POWER MERRA-2 PRECTOTCORR
2015-07-25,0,corn-mato-grosso,corn,-13.5,-56,NASA POWER MERRA-2 PRECTOTCORR
2015-07-26,0,corn-mato-grosso,corn,-13.5,-56,NASA POWER MERRA-2 PRECTOTCORR
2015-07-27,0,corn-mato-grosso,corn,-13.5,-56,NASA POWER MERRA-2 PRECTOTCORR
2015-07-28,0,corn-mato-grosso,corn,-13.5,-56,NASA POWER MERRA-2 PRECTOTCORR
2015-07-29,0,corn-mato-grosso,corn,-13.5,-56,NASA POWER MERRA-2 PRECTOTCORR
2015-07-30,0,corn-mato-grosso,corn,-13.5,-56,NASA POWER MERRA-2 PRECTOTCORR
2015-07-31,0,corn-mato-grosso,corn,-13.5,-56,NASA POWER MERRA-2 PRECTOTCORR
2015-08-01,0,corn-mato-grosso,corn,-13.5,-56,NASA POWER MERRA-2 PRECTOTCORR
2015-08-02,0,corn-mato-grosso,corn,-13.5,-56,NASA POWER MERRA-2 PRECTOTCORR
2015-08-03,0,corn-mato-grosso,corn,-13.5,-56,NASA POWER MERRA-2 PRECTOTCORR
2015-08-04,0,corn-mato-grosso,corn,-13.5,-56,NASA POWER MERRA-2 PRECTOTCORR
2015-08-05,0,corn-mato-grosso,corn,-13.5,-56,NASA POWER MERRA-2 PRECTOTCORR
2015-08-06,0,corn-mato-grosso,corn,-13.5,-56,NASA POWER MERRA-2 PRECTOTCORR
2015-08-07,0,corn-mato-grosso,corn,-13.5,-56,NASA POWER MERRA-2 PRECTOTCORR
2015-08-08,0,corn-mato-grosso,corn,-13.5,-56,NASA POWER MERRA-2 PRECTOTCORR
2015-08-09,0,corn-mato-grosso,corn,-13.5,-56,NASA POWER MERRA-2 PRECTOTCORR
2015-08-10,0,corn-mato-grosso,corn,-13.5,-56,NASA POWER MERRA-2 PRECTOTCORR
2015-08-11,0,corn-mato-grosso,corn,-13.5,-56,NASA POWER MERRA-2 PRECTOTCORR
2015-08-12,0,corn-mato-grosso,corn,-13.5,-56,NASA POWER MERRA-2 PRECTOTCORR
2015-08-13,0,corn-mato-grosso,corn,-13.5,-56,NASA POWER MERRA-2 PRECTOTCORR
2015-08-14,0,corn-mato-grosso,corn,-13.5,-56,NASA POWER MERRA-2 PRECTOTCORR
2015-08-15,0,corn-mato-grosso,corn,-13.5,-56,NASA POWER MERRA-2 PRECTOTCORR
2015-08-16,0,corn-mato-grosso,corn,-13.5,-56,NASA POWER MERRA-2 PRECTOTCORR
2015-08-17,0.01,corn-mato-grosso,corn,-13.5,-56,NASA POWER MERRA-2 PRECTOTCORR
2015-08-18,1.6,corn-mato-grosso,corn,-13.5,-56,NASA POWER MERRA-2 PRECTOTCORR
2015-08-19,0,corn-mato-grosso,corn,-13.5,-56,NASA POWER MERRA-2 PRECTOTCORR
2015-08-20,0,corn-mato-grosso,corn,-13.5,-56,NASA POWER MERRA-2 PRECTOTCORR
2015-08-21,0,corn-mato-grosso,corn,-13.5,-56,NASA POWER MERRA-2 PRECTOTCORR
2015-08-22,0,corn-mato-grosso,corn,-13.5,-56,NASA POWER MERRA-2 PRECTOTCORR
2015-08-23,0,corn-mato-grosso,corn,-13.5,-56,NASA POWER MERRA-2 PRECTOTCORR
2015-08-24,0,corn-mato-grosso,corn,-13.5,-56,NASA POWER MERRA-2 PRECTOTCORR
2015-08-25,0,corn-mato-grosso,corn,-13.5,-56,NASA POWER MERRA-2 PRECTOTCORR
2015-08-26,0.22,corn-mato-grosso,corn,-13.5,-56,NASA POWER MERRA-2 PRECTOTCORR
2015-08-27,6.34,corn-mato-grosso,corn,-13.5,-56,NASA POWER MERRA-2 PRECTOTCORR
2015-08-28,0.01,corn-mato-grosso,corn,-13.5,-56,NASA POWER MERRA-2 PRECTOTCORR
2015-08-29,0,corn-mato-grosso,corn,-13.5,-56,NASA POWER MERRA-2 PRECTOTCORR
2015-08-30,0,corn-mato-grosso,corn,-13.5,-56,NASA POWER MERRA-2 PRECTOTCORR
2015-08-31,0,corn-mato-grosso,corn,-13.5,-56,NASA POWER MERRA-2 PRECTOTCORR
2015-09-01,0,corn-mato-grosso,corn,-13.5,-56,NASA POWER MERRA-2 PRECTOTCORR
2015-09-02,0,corn-mato-grosso,corn,-13.5,-56,NASA POWER MERRA-2 PRECTOTCORR
2015-09-03,0,corn-mato-grosso,corn,-13.5,-56,NASA POWER MERRA-2 PRECTOTCORR
2015-09-04,0,corn-mato-grosso,corn,-13.5,-56,NASA POWER MERRA-2 PRECTOTCORR
2015-09-05,0,corn-mato-grosso,corn,-13.5,-56,NASA POWER MERRA-2 PRECTOTCORR
2015-09-06,0,corn-mato-grosso,corn,-13.5,-56,NASA POWER MERRA-2 PRECTOTCORR
2015-09-07,0.01,corn-mato-grosso,corn,-13.5,-56,NASA POWER MERRA-2 PRECTOTCORR
2015-09-08,0.03,corn-mato-grosso,corn,-13.5,-56,NASA POWER MERRA-2 PRECTOTCORR
2015-09-09,0.02,corn-mato-grosso,corn,-13.5,-56,NASA POWER MERRA-2 PRECTOTCORR
2015-09-10,0,corn-mato-grosso,corn,-13.5,-56,NASA POWER MERRA-2 PRECTOTCORR
2015-09-11,0,corn-mato-grosso,corn,-13.5,-56,NASA POWER MERRA-2 PRECTOTCORR
2015-09-12,0,corn-mato-grosso,corn,-13.5,-56,NASA POWER MERRA-2 PRECTOTCORR
2015-09-13,0,corn-mato-grosso,corn,-13.5,-56,NASA POWER MERRA-2 PRECTOTCORR
2015-09-14,0,corn-mato-grosso,corn,-13.5,-56,NASA POWER MERRA-2 PRECTOTCORR
2015-09-15,0,corn-mato-grosso,corn,-13.5,-56,NASA POWER MERRA-2 PRECTOTCORR
2015-09-16,0,corn-mato-grosso,corn,-13.5,-56,NASA POWER MERRA-2 PRECTOTCORR
2015-09-17,0,corn-mato-grosso,corn,-13.5,-56,NASA POWER MERRA-2 PRECTOTCORR
2015-09-18,0,corn-mato-grosso,corn,-13.5,-56,NASA POWER MERRA-2 PRECTOTCORR
2015-09-19,0,corn-mato-grosso,corn,-13.5,-56,NASA POWER MERRA-2 PRECTOTCORR
2015-09-20,0,corn-mato-grosso,corn,-13.5,-56,NASA POWER MERRA-2 PRECTOTCORR
2015-09-21,0,corn-mato-grosso,corn,-13.5,-56,NASA POWER MERRA-2 PRECTOTCORR
2015-09-22,0,corn-mato-grosso,corn,-13.5,-56,NASA POWER MERRA-2 PRECTOTCORR
2015-09-23,0,corn-mato-grosso,corn,-13.5,-56,NASA POWER MERRA-2 PRECTOTCORR
2015-09-24,0,corn-mato-grosso,corn,-13.5,-56,NASA POWER MERRA-2 PRECTOTCORR
2015-09-25,0.01,corn-mato-grosso,corn,-13.5,-56,NASA POWER MERRA-2 PRECTOTCORR
2015-09-26,0.1,corn-mato-grosso,corn,-13.5,-56,NASA POWER MERRA-2 PRECTOTCORR
2015-09-27,0.03,corn-mato-grosso,corn,-13.5,-56,NASA POWER MERRA-2 PRECTOTCORR
2015-09-28,0.37,corn-mato-grosso,corn,-13.5,-56,NASA POWER MERRA-2 PRECTOTCORR
2015-09-29,3.74,corn-mato-grosso,corn,-13.5,-56,NASA POWER MERRA-2 PRECTOTCORR
2015-09-30,2.36,corn-mato-grosso,corn,-13.5,-56,NASA POWER MERRA-2 PRECTOTCORR
2015-10-01,3.34,corn-mato-grosso,corn,-13.5,-56,NASA POWER MERRA-2 PRECTOTCORR
2015-10-02,0.09,corn-mato-grosso,corn,-13.5,-56,NASA POWER MERRA-2 PRECTOTCORR
2015-10-03,5.53,corn-mato-grosso,corn,-13.5,-56,NASA POWER MERRA-2 PRECTOTCORR
2015-10-04,3.63,corn-mato-grosso,corn,-13.5,-56,NASA POWER MERRA-2 PRECTOTCORR
2015-10-05,0,corn-mato-grosso,corn,-13.5,-56,NASA POWER MERRA-2 PRECTOTCORR
2015-10-06,2.24,corn-mato-grosso,corn,-13.5,-56,NASA POWER MERRA-2 PRECTOTCORR
2015-10-07,3.86,corn-mato-grosso,corn,-13.5,-56,NASA POWER MERRA-2 PRECTOTCORR
2015-10-08,0,corn-mato-grosso,corn,-13.5,-56,NASA POWER MERRA-2 PRECTOTCORR
2015-10-09,0.45,corn-mato-grosso,corn,-13.5,-56,NASA POWER MERRA-2 PRECTOTCORR
2015-10-10,4.38,corn-mato-grosso,corn,-13.5,-56,NASA POWER MERRA-2 PRECTOTCORR
2015-10-11,0.31,corn-mato-grosso,corn,-13.5,-56,NASA POWER MERRA-2 PRECTOTCORR
2015-10-12,0,corn-mato-grosso,corn,-13.5,-56,NASA POWER MERRA-2 PRECTOTCORR
2015-10-13,0,corn-mato-grosso,corn,-13.5,-56,NASA POWER MERRA-2 PRECTOTCORR
2015-10-14,0,corn-mato-grosso,corn,-13.5,-56,NASA POWER MERRA-2 PRECTOTCORR
2015-10-15,0,corn-mato-grosso,corn,-13.5,-56,NASA POWER MERRA-2 PRECTOTCORR
2015-10-16,0,corn-mato-grosso,corn,-13.5,-56,NASA POWER MERRA-2 PRECTOTCORR
2015-10-17,0,corn-mato-grosso,corn,-13.5,-56,NASA POWER MERRA-2 PRECTOTCORR
2015-10-18,0.14,corn-mato-grosso,corn,-13.5,-56,NASA POWER MERRA-2 PRECTOTCORR
2015-10-19,1.39,corn-mato-grosso,corn,-13.5,-56,NASA POWER MERRA-2 PRECTOTCORR
2015-10-20,0,corn-mato-grosso,corn,-13.5,-56,NASA POWER MERRA-2 PRECTOTCORR
2015-10-21,0,corn-mato-grosso,corn,-13.5,-56,NASA POWER MERRA-2 PRECTOTCORR
2015-10-22,0,corn-mato-grosso,corn,-13.5,-56,NASA POWER MERRA-2 PRECTOTCORR
2015-10-23,4.35,corn-mato-grosso,corn,-13.5,-56,NASA POWER MERRA-2 PRECTOTCORR
2015-10-24,0.02,corn-mato-grosso,corn,-13.5,-56,NASA POWER MERRA-2 PRECTOTCORR
2015-10-25,0.28,corn-mato-grosso,corn,-13.5,-56,NASA POWER MERRA-2 PRECTOTCORR
2015-10-26,8.5,corn-mato-grosso,corn,-13.5,-56,NASA POWER MERRA-2 PRECTOTCORR
2015-10-27,10.27,corn-mato-grosso,corn,-13.5,-56,NASA POWER MERRA-2 PRECTOTCORR
2015-10-28,3.26,corn-mato-grosso,corn,-13.5,-56,NASA POWER MERRA-2 PRECTOTCORR
2015-10-29,28.77,corn-mato-grosso,corn,-13.5,-56,NASA POWER MERRA-2 PRECTOTCORR
2015-10-30,0.84,corn-mato-grosso,corn,-13.5,-56,NASA POWER MERRA-2 PRECTOTCORR
2015-10-31,9.33,corn-mato-grosso,corn,-13.5,-56,NASA POWER MERRA-2 PRECTOTCORR
2015-11-01,21.22,corn-mato-grosso,corn,-13.5,-56,NASA POWER MERRA-2 PRECTOTCORR
2015-11-02,8.36,corn-mato-grosso,corn,-13.5,-56,NASA POWER MERRA-2 PRECTOTCORR
2015-11-03,2.55,corn-mato-grosso,corn,-13.5,-56,NASA POWER MERRA-2 PRECTOTCORR
2015-11-04,5.01,corn-mato-grosso,corn,-13.5,-56,NASA POWER MERRA-2 PRECTOTCORR
2015-11-05,6.7,corn-mato-grosso,corn,-13.5,-56,NASA POWER MERRA-2 PRECTOTCORR
2015-11-06,8.19,corn-mato-grosso,corn,-13.5,-56,NASA POWER MERRA-2 PRECTOTCORR
2015-11-07,1.61,corn-mato-grosso,corn,-13.5,-56,NASA POWER MERRA-2 PRECTOTCORR
2015-11-08,3.33,corn-mato-grosso,corn,-13.5,-56,NASA POWER MERRA-2 PRECTOTCORR
2015-11-09,1.62,corn-mato-grosso,corn,-13.5,-56,NASA POWER MERRA-2 PRECTOTCORR
2015-11-10,0.07,corn-mato-grosso,corn,-13.5,-56,NASA POWER MERRA-2 PRECTOTCORR
2015-11-11,0.01,corn-mato-grosso,corn,-13.5,-56,NASA POWER MERRA-2 PRECTOTCORR
2015-11-12,0.07,corn-mato-grosso,corn,-13.5,-56,NASA POWER MERRA-2 PRECTOTCORR
2015-11-13,0.04,corn-mato-grosso,corn,-13.5,-56,NASA POWER MERRA-2 PRECTOTCORR
2015-11-14,1.89,corn-mato-grosso,corn,-13.5,-56,NASA POWER MERRA-2 PRECTOTCORR
2015-11-15,3.92,corn-mato-grosso,corn,-13.5,-56,NASA POWER MERRA-2 PRECTOTCORR
2015-11-16,4.67,corn-mato-grosso,corn,-13.5,-56,NASA POWER MERRA-2 PRECTOTCORR
2015-11-17,2,corn-mato-grosso,corn,-13.5,-56,NASA POWER MERRA-2 PRECTOTCORR
2015-11-18,2.57,corn-mato-grosso,corn,-13.5,-56,NASA POWER MERRA-2 PRECTOTCORR
2015-11-19,0.03,corn-mato-grosso,corn,-13.5,-56,NASA POWER MERRA-2 PRECTOTCORR
2015-11-20,8.51,corn-mato-grosso,corn,-13.5,-56,NASA POWER MERRA-2 PRECTOTCORR
2015-11-21,4.43,corn-mato-grosso,corn,-13.5,-56,NASA POWER MERRA-2 PRECTOTCORR
2015-11-22,4.17,corn-mato-grosso,corn,-13.5,-56,NASA POWER MERRA-2 PRECTOTCORR
2015-11-23,4.89,corn-mato-grosso,corn,-13.5,-56,NASA POWER MERRA-2 PRECTOTCORR
2015-11-24,0.54,corn-mato-grosso,corn,-13.5,-56,NASA POWER MERRA-2 PRECTOTCORR
2015-11-25,25.41,corn-mato-grosso,corn,-13.5,-56,NASA POWER MERRA-2 PRECTOTCORR
2015-11-26,5.87,corn-mato-grosso,corn,-13.5,-56,NASA POWER MERRA-2 PRECTOTCORR
2015-11-27,8.25,corn-mato-grosso,corn,-13.5,-56,NASA POWER MERRA-2 PRECTOTCORR
2015-11-28,34.69,corn-mato-grosso,corn,-13.5,-56,NASA POWER MERRA-2 PRECTOTCORR
2015-11-29,20.12,corn-mato-grosso,corn,-13.5,-56,NASA POWER MERRA-2 PRECTOTCORR
2015-11-30,12.42,corn-mato-grosso,corn,-13.5,-56,NASA POWER MERRA-2 PRECTOTCORR
2015-12-01,0.38,corn-mato-grosso,corn,-13.5,-56,NASA POWER MERRA-2 PRECTOTCORR
2015-12-02,1.57,corn-mato-grosso,corn,-13.5,-56,NASA POWER MERRA-2 PRECTOTCORR
2015-12-03,4.22,corn-mato-grosso,corn,-13.5,-56,NASA POWER MERRA-2 PRECTOTCORR
2015-12-04,11.07,corn-mato-grosso,corn,-13.5,-56,NASA POWER MERRA-2 PRECTOTCORR
2015-12-05,1.21,corn-mato-grosso,corn,-13.5,-56,NASA POWER MERRA-2 PRECTOTCORR
2015-12-06,3.35,corn-mato-grosso,corn,-13.5,-56,NASA POWER MERRA-2 PRECTOTCORR
2015-12-07,5.64,corn-mato-grosso,corn,-13.5,-56,NASA POWER MERRA-2 PRECTOTCORR
2015-12-08,1.19,corn-mato-grosso,corn,-13.5,-56,NASA POWER MERRA-2 PRECTOTCORR
2015-12-09,2.75,corn-mato-grosso,corn,-13.5,-56,NASA POWER MERRA-2 PRECTOTCORR
2015-12-10,4.8,corn-mato-grosso,corn,-13.5,-56,NASA POWER MERRA-2 PRECTOTCORR
2015-12-11,0.8,corn-mato-grosso,corn,-13.5,-56,NASA POWER MERRA-2 PRECTOTCORR
2015-12-12,0,corn-mato-grosso,corn,-13.5,-56,NASA POWER MERRA-2 PRECTOTCORR
2015-12-13,6.03,corn-mato-grosso,corn,-13.5,-56,NASA POWER MERRA-2 PRECTOTCORR
2015-12-14,3.26,corn-mato-grosso,corn,-13.5,-56,NASA POWER MERRA-2 PRECTOTCORR
2015-12-15,1.98,corn-mato-grosso,corn,-13.5,-56,NASA POWER MERRA-2 PRECTOTCORR
2015-12-16,0.15,corn-mato-grosso,corn,-13.5,-56,NASA POWER MERRA-2 PRECTOTCORR
2015-12-17,0.72,corn-mato-grosso,corn,-13.5,-56,NASA POWER MERRA-2 PRECTOTCORR
2015-12-18,0.85,corn-mato-grosso,corn,-13.5,-56,NASA POWER MERRA-2 PRECTOTCORR
2015-12-19,1.45,corn-mato-grosso,corn,-13.5,-56,NASA POWER MERRA-2 PRECTOTCORR
2015-12-20,0.81,corn-mato-grosso,corn,-13.5,-56,NASA POWER MERRA-2 PRECTOTCORR
2015-12-21,2.06,corn-mato-grosso,corn,-13.5,-56,NASA POWER MERRA-2 PRECTOTCORR
2015-12-22,27.72,corn-mato-grosso,corn,-13.5,-56,NASA POWER MERRA-2 PRECTOTCORR
2015-12-23,2.81,corn-mato-grosso,corn,-13.5,-56,NASA POWER MERRA-2 PRECTOTCORR
2015-12-24,5.81,corn-mato-grosso,corn,-13.5,-56,NASA POWER MERRA-2 PRECTOTCORR
2015-12-25,3.05,corn-mato-grosso,corn,-13.5,-56,NASA POWER MERRA-2 PRECTOTCORR
2015-12-26,0.24,corn-mato-grosso,corn,-13.5,-56,NASA POWER MERRA-2 PRECTOTCORR
2015-12-27,3.42,corn-mato-grosso,corn,-13.5,-56,NASA POWER MERRA-2 PRECTOTCORR
2015-12-28,1.76,corn-mato-grosso,corn,-13.5,-56,NASA POWER MERRA-2 PRECTOTCORR
2015-12-29,21.89,corn-mato-grosso,corn,-13.5,-56,NASA POWER MERRA-2 PRECTOTCORR
2015-12-30,2.98,corn-mato-grosso,corn,-13.5,-56,NASA POWER MERRA-2 PRECTOTCORR
2015-12-31,0.75,corn-mato-grosso,corn,-13.5,-56,NASA POWER MERRA-2 PRECTOTCORR
2016-01-01,18.13,corn-mato-grosso,corn,-13.5,-56,NASA POWER MERRA-2 PRECTOTCORR
2016-01-02,12.42,corn-mato-grosso,corn,-13.5,-56,NASA POWER MERRA-2 PRECTOTCORR
2016-01-03,3.25,corn-mato-grosso,corn,-13.5,-56,NASA POWER MERRA-2 PRECTOTCORR
2016-01-04,16.14,corn-mato-grosso,corn,-13.5,-56,NASA POWER MERRA-2 PRECTOTCORR
2016-01-05,5.82,corn-mato-grosso,corn,-13.5,-56,NASA POWER MERRA-2 PRECTOTCORR
2016-01-06,4.5,corn-mato-grosso,corn,-13.5,-56,NASA POWER MERRA-2 PRECTOTCORR
2016-01-07,6.6,corn-mato-grosso,corn,-13.5,-56,NASA POWER MERRA-2 PRECTOTCORR
2016-01-08,4.69,corn-mato-grosso,corn,-13.5,-56,NASA POWER MERRA-2 PRECTOTCORR
2016-01-09,20.71,corn-mato-grosso,corn,-13.5,-56,NASA POWER MERRA-2 PRECTOTCORR
2016-01-10,7.58,corn-mato-grosso,corn,-13.5,-56,NASA POWER MERRA-2 PRECTOTCORR
2016-01-11,4.4,corn-mato-grosso,corn,-13.5,-56,NASA POWER MERRA-2 PRECTOTCORR
2016-01-12,2.17,corn-mato-grosso,corn,-13.5,-56,NASA POWER MERRA-2 PRECTOTCORR
2016-01-13,11.36,corn-mato-grosso,corn,-13.5,-56,NASA POWER MERRA-2 PRECTOTCORR
2016-01-14,11.71,corn-mato-grosso,corn,-13.5,-56,NASA POWER MERRA-2 PRECTOTCORR
2016-01-15,26.19,corn-mato-grosso,corn,-13.5,-56,NASA POWER MERRA-2 PRECTOTCORR
2016-01-16,7.28,corn-mato-grosso,corn,-13.5,-56,NASA POWER MERRA-2 PRECTOTCORR
2016-01-17,5.74,corn-mato-grosso,corn,-13.5,-56,NASA POWER MERRA-2 PRECTOTCORR
2016-01-18,6.91,corn-mato-grosso,corn,-13.5,-56,NASA POWER MERRA-2 PRECTOTCORR
2016-01-19,3.22,corn-mato-grosso,corn,-13.5,-56,NASA POWER MERRA-2 PRECTOTCORR
2016-01-20,1.61,corn-mato-grosso,corn,-13.5,-56,NASA POWER MERRA-2 PRECTOTCORR
2016-01-21,0.52,corn-mato-grosso,corn,-13.5,-56,NASA POWER MERRA-2 PRECTOTCORR
2016-01-22,4.07,corn-mato-grosso,corn,-13.5,-56,NASA POWER MERRA-2 PRECTOTCORR
2016-01-23,8.25,corn-mato-grosso,corn,-13.5,-56,NASA POWER MERRA-2 PRECTOTCORR
2016-01-24,3.03,corn-mato-grosso,corn,-13.5,-56,NASA POWER MERRA-2 PRECTOTCORR
2016-01-25,1.38,corn-mato-grosso,corn,-13.5,-56,NASA POWER MERRA-2 PRECTOTCORR
2016-01-26,4.98,corn-mato-grosso,corn,-13.5,-56,NASA POWER MERRA-2 PRECTOTCORR
2016-01-27,7.96,corn-mato-grosso,corn,-13.5,-56,NASA POWER MERRA-2 PRECTOTCORR
2016-01-28,6.42,corn-mato-grosso,corn,-13.5,-56,NASA POWER MERRA-2 PRECTOTCORR
2016-01-29,13.94,corn-mato-grosso,corn,-13.5,-56,NASA POWER MERRA-2 PRECTOTCORR
2016-01-30,21.2,corn-mato-grosso,corn,-13.5,-56,NASA POWER MERRA-2 PRECTOTCORR
2016-01-31,19.05,corn-mato-grosso,corn,-13.5,-56,NASA POWER MERRA-2 PRECTOTCORR
2016-02-01,4.99,corn-mato-grosso,corn,-13.5,-56,NASA POWER MERRA-2 PRECTOTCORR
2016-02-02,0.82,corn-mato-grosso,corn,-13.5,-56,NASA POWER MERRA-2 PRECTOTCORR
2016-02-03,12.51,corn-mato-grosso,corn,-13.5,-56,NASA POWER MERRA-2 PRECTOTCORR
2016-02-04,18.98,corn-mato-grosso,corn,-13.5,-56,NASA POWER MERRA-2 PRECTOTCORR
2016-02-05,8.48,corn-mato-grosso,corn,-13.5,-56,NASA POWER MERRA-2 PRECTOTCORR
2016-02-06,2.07,corn-mato-grosso,corn,-13.5,-56,NASA POWER MERRA-2 PRECTOTCORR
2016-02-07,6.37,corn-mato-grosso,corn,-13.5,-56,NASA POWER MERRA-2 PRECTOTCORR
2016-02-08,2.84,corn-mato-grosso,corn,-13.5,-56,NASA POWER MERRA-2 PRECTOTCORR
2016-02-09,4.42,corn-mato-grosso,corn,-13.5,-56,NASA POWER MERRA-2 PRECTOTCORR
2016-02-10,1.25,corn-mato-grosso,corn,-13.5,-56,NASA POWER MERRA-2 PRECTOTCORR
2016-02-11,1.82,corn-mato-grosso,corn,-13.5,-56,NASA POWER MERRA-2 PRECTOTCORR
2016-02-12,2.71,corn-mato-grosso,corn,-13.5,-56,NASA POWER MERRA-2 PRECTOTCORR
2016-02-13,0.19,corn-mato-grosso,corn,-13.5,-56,NASA POWER MERRA-2 PRECTOTCORR
2016-02-14,3.52,corn-mato-grosso,corn,-13.5,-56,NASA POWER MERRA-2 PRECTOTCORR
2016-02-15,3.69,corn-mato-grosso,corn,-13.5,-56,NASA POWER MERRA-2 PRECTOTCORR
2016-02-16,0.81,corn-mato-grosso,corn,-13.5,-56,NASA POWER MERRA-2 PRECTOTCORR
2016-02-17,2.82,corn-mato-grosso,corn,-13.5,-56,NASA POWER MERRA-2 PRECTOTCORR
2016-02-18,9.45,corn-mato-grosso,corn,-13.5,-56,NASA POWER MERRA-2 PRECTOTCORR
2016-02-19,2.45,corn-mato-grosso,corn,-13.5,-56,NASA POWER MERRA-2 PRECTOTCORR
2016-02-20,4.5,corn-mato-grosso,corn,-13.5,-56,NASA POWER MERRA-2 PRECTOTCORR
2016-02-21,7.34,corn-mato-grosso,corn,-13.5,-56,NASA POWER MERRA-2 PRECTOTCORR
2016-02-22,2.86,corn-mato-grosso,corn,-13.5,-56,NASA POWER MERRA-2 PRECTOTCORR
2016-02-23,15.59,corn-mato-grosso,corn,-13.5,-56,NASA POWER MERRA-2 PRECTOTCORR
2016-02-24,4.14,corn-mato-grosso,corn,-13.5,-56,NASA POWER MERRA-2 PRECTOTCORR
2016-02-25,3.66,corn-mato-grosso,corn,-13.5,-56,NASA POWER MERRA-2 PRECTOTCORR
2016-02-26,1.83,corn-mato-grosso,corn,-13.5,-56,NASA POWER MERRA-2 PRECTOTCORR
2016-02-27,3.11,corn-mato-grosso,corn,-13.5,-56,NASA POWER MERRA-2 PRECTOTCORR
2016-02-28,0.11,corn-mato-grosso,corn,-13.5,-56,NASA POWER MERRA-2 PRECTOTCORR
2016-02-29,3.98,corn-mato-grosso,corn,-13.5,-56,NASA POWER MERRA-2 PRECTOTCORR
2016-03-01,31.54,corn-mato-grosso,corn,-13.5,-56,NASA POWER MERRA-2 PRECTOTCORR
2016-03-02,6.09,corn-mato-grosso,corn,-13.5,-56,NASA POWER MERRA-2 PRECTOTCORR
2016-03-03,5.9,corn-mato-grosso,corn,-13.5,-56,NASA POWER MERRA-2 PRECTOTCORR
2016-03-04,24.32,corn-mato-grosso,corn,-13.5,-56,NASA POWER MERRA-2 PRECTOTCORR
2016-03-05,23.13,corn-mato-grosso,corn,-13.5,-56,NASA POWER MERRA-2 PRECTOTCORR
2016-03-06,0.11,corn-mato-grosso,corn,-13.5,-56,NASA POWER MERRA-2 PRECTOTCORR
2016-03-07,0.04,corn-mato-grosso,corn,-13.5,-56,NASA POWER MERRA-2 PRECTOTCORR
2016-03-08,10.72,corn-mato-grosso,corn,-13.5,-56,NASA POWER MERRA-2 PRECTOTCORR
2016-03-09,11.11,corn-mato-grosso,corn,-13.5,-56,NASA POWER MERRA-2 PRECTOTCORR
2016-03-10,3.71,corn-mato-grosso,corn,-13.5,-56,NASA POWER MERRA-2 PRECTOTCORR
2016-03-11,1.44,corn-mato-grosso,corn,-13.5,-56,NASA POWER MERRA-2 PRECTOTCORR
2016-03-12,1.71,corn-mato-grosso,corn,-13.5,-56,NASA POWER MERRA-2 PRECTOTCORR
2016-03-13,22.32,corn-mato-grosso,corn,-13.5,-56,NASA POWER MERRA-2 PRECTOTCORR
2016-03-14,14.37,corn-mato-grosso,corn,-13.5,-56,NASA POWER MERRA-2 PRECTOTCORR
2016-03-15,7.45,corn-mato-grosso,corn,-13.5,-56,NASA POWER MERRA-2 PRECTOTCORR
2016-03-16,0.43,corn-mato-grosso,corn,-13.5,-56,NASA POWER MERRA-2 PRECTOTCORR
2016-03-17,0.14,corn-mato-grosso,corn,-13.5,-56,NASA POWER MERRA-2 PRECTOTCORR
2016-03-18,1.47,corn-mato-grosso,corn,-13.5,-56,NASA POWER MERRA-2 PRECTOTCORR
2016-03-19,2.88,corn-mato-grosso,corn,-13.5,-56,NASA POWER MERRA-2 PRECTOTCORR
2016-03-20,0.26,corn-mato-grosso,corn,-13.5,-56,NASA POWER MERRA-2 PRECTOTCORR
2016-03-21,1.28,corn-mato-grosso,corn,-13.5,-56,NASA POWER MERRA-2 PRECTOTCORR
2016-03-22,6.59,corn-mato-grosso,corn,-13.5,-56,NASA POWER MERRA-2 PRECTOTCORR
2016-03-23,3.88,corn-mato-grosso,corn,-13.5,-56,NASA POWER MERRA-2 PRECTOTCORR
2016-03-24,2.1,corn-mato-grosso,corn,-13.5,-56,NASA POWER MERRA-2 PRECTOTCORR
2016-03-25,8.39,corn-mato-grosso,corn,-13.5,-56,NASA POWER MERRA-2 PRECTOTCORR
2016-03-26,1.63,corn-mato-grosso,corn,-13.5,-56,NASA POWER MERRA-2 PRECTOTCORR
2016-03-27,0.51,corn-mato-grosso,corn,-13.5,-56,NASA POWER MERRA-2 PRECTOTCORR
2016-03-28,0.73,corn-mato-grosso,corn,-13.5,-56,NASA POWER MERRA-2 PRECTOTCORR
2016-03-29,6.43,corn-mato-grosso,corn,-13.5,-56,NASA POWER MERRA-2 PRECTOTCORR
2016-03-30,1.08,corn-mato-grosso,corn,-13.5,-56,NASA POWER MERRA-2 PRECTOTCORR
2016-03-31,0.08,corn-mato-grosso,corn,-13.5,-56,NASA POWER MERRA-2 PRECTOTCORR
2016-04-01,0,corn-mato-grosso,corn,-13.5,-56,NASA POWER MERRA-2 PRECTOTCORR
2016-04-02,4.72,corn-mato-grosso,corn,-13.5,-56,NASA POWER MERRA-2 PRECTOTCORR
2016-04-03,5.62,corn-mato-grosso,corn,-13.5,-56,NASA POWER MERRA-2 PRECTOTCORR
2016-04-04,2.92,corn-mato-grosso,corn,-13.5,-56,NASA POWER MERRA-2 PRECTOTCORR
2016-04-05,0.33,corn-mato-grosso,corn,-13.5,-56,NASA POWER MERRA-2 PRECTOTCORR
2016-04-06,0.09,corn-mato-grosso,corn,-13.5,-56,NASA POWER MERRA-2 PRECTOTCORR
2016-04-07,0,corn-mato-grosso,corn,-13.5,-56,NASA POWER MERRA-2 PRECTOTCORR
2016-04-08,0.06,corn-mato-grosso,corn,-13.5,-56,NASA POWER MERRA-2 PRECTOTCORR
2016-04-09,14.46,corn-mato-grosso,corn,-13.5,-56,NASA POWER MERRA-2 PRECTOTCORR
2016-04-10,8.94,corn-mato-grosso,corn,-13.5,-56,NASA POWER MERRA-2 PRECTOTCORR
2016-04-11,7.97,corn-mato-grosso,corn,-13.5,-56,NASA POWER MERRA-2 PRECTOTCORR
2016-04-12,0.77,corn-mato-grosso,corn,-13.5,-56,NASA POWER MERRA-2 PRECTOTCORR
2016-04-13,0.84,corn-mato-grosso,corn,-13.5,-56,NASA POWER MERRA-2 PRECTOTCORR
2016-04-14,1.06,corn-mato-grosso,corn,-13.5,-56,NASA POWER MERRA-2 PRECTOTCORR
2016-04-15,0.11,corn-mato-grosso,corn,-13.5,-56,NASA POWER MERRA-2 PRECTOTCORR
2016-04-16,0,corn-mato-grosso,corn,-13.5,-56,NASA POWER MERRA-2 PRECTOTCORR
2016-04-17,0,corn-mato-grosso,corn,-13.5,-56,NASA POWER MERRA-2 PRECTOTCORR
2016-04-18,0,corn-mato-grosso,corn,-13.5,-56,NASA POWER MERRA-2 PRECTOTCORR
2016-04-19,0.04,corn-mato-grosso,corn,-13.5,-56,NASA POWER MERRA-2 PRECTOTCORR
2016-04-20,0.02,corn-mato-grosso,corn,-13.5,-56,NASA POWER MERRA-2 PRECTOTCORR
2016-04-21,0.12,corn-mato-grosso,corn,-13.5,-56,NASA POWER MERRA-2 PRECTOTCORR
2016-04-22,0.16,corn-mato-grosso,corn,-13.5,-56,NASA POWER MERRA-2 PRECTOTCORR
2016-04-23,0.01,corn-mato-grosso,corn,-13.5,-56,NASA POWER MERRA-2 PRECTOTCORR
2016-04-24,0,corn-mato-grosso,corn,-13.5,-56,NASA POWER MERRA-2 PRECTOTCORR
2016-04-25,0.02,corn-mato-grosso,corn,-13.5,-56,NASA POWER MERRA-2 PRECTOTCORR
2016-04-26,11.08,corn-mato-grosso,corn,-13.5,-56,NASA POWER MERRA-2 PRECTOTCORR
2016-04-27,2.07,corn-mato-grosso,corn,-13.5,-56,NASA POWER MERRA-2 PRECTOTCORR
2016-04-28,0,corn-mato-grosso,corn,-13.5,-56,NASA POWER MERRA-2 PRECTOTCORR
2016-04-29,0,corn-mato-grosso,corn,-13.5,-56,NASA POWER MERRA-2 PRECTOTCORR
2016-04-30,0,corn-mato-grosso,corn,-13.5,-56,NASA POWER MERRA-2 PRECTOTCORR
2016-05-01,0,corn-mato-grosso,corn,-13.5,-56,NASA POWER MERRA-2 PRECTOTCORR
2016-05-02,0,corn-mato-grosso,corn,-13.5,-56,NASA POWER MERRA-2 PRECTOTCORR
2016-05-03,0,corn-mato-grosso,corn,-13.5,-56,NASA POWER MERRA-2 PRECTOTCORR
2016-05-04,0,corn-mato-grosso,corn,-13.5,-56,NASA POWER MERRA-2 PRECTOTCORR
2016-05-05,0,corn-mato-grosso,corn,-13.5,-56,NASA POWER MERRA-2 PRECTOTCORR
2016-05-06,0,corn-mato-grosso,corn,-13.5,-56,NASA POWER MERRA-2 PRECTOTCORR
2016-05-07,0,corn-mato-grosso,corn,-13.5,-56,NASA POWER MERRA-2 PRECTOTCORR
2016-05-08,0.07,corn-mato-grosso,corn,-13.5,-56,NASA POWER MERRA-2 PRECTOTCORR
2016-05-09,0.03,corn-mato-grosso,corn,-13.5,-56,NASA POWER MERRA-2 PRECTOTCORR
2016-05-10,0,corn-mato-grosso,corn,-13.5,-56,NASA POWER MERRA-2 PRECTOTCORR
2016-05-11,1.06,corn-mato-grosso,corn,-13.5,-56,NASA POWER MERRA-2 PRECTOTCORR
2016-05-12,0.06,corn-mato-grosso,corn,-13.5,-56,NASA POWER MERRA-2 PRECTOTCORR
2016-05-13,0.06,corn-mato-grosso,corn,-13.5,-56,NASA POWER MERRA-2 PRECTOTCORR
2016-05-14,0,corn-mato-grosso,corn,-13.5,-56,NASA POWER MERRA-2 PRECTOTCORR
2016-05-15,0,corn-mato-grosso,corn,-13.5,-56,NASA POWER MERRA-2 PRECTOTCORR
2016-05-16,0.17,corn-mato-grosso,corn,-13.5,-56,NASA POWER MERRA-2 PRECTOTCORR
2016-05-17,0.02,corn-mato-grosso,corn,-13.5,-56,NASA POWER MERRA-2 PRECTOTCORR
2016-05-18,0.08,corn-mato-grosso,corn,-13.5,-56,NASA POWER MERRA-2 PRECTOTCORR
2016-05-19,0.12,corn-mato-grosso,corn,-13.5,-56,NASA POWER MERRA-2 PRECTOTCORR
2016-05-20,0.66,corn-mato-grosso,corn,-13.5,-56,NASA POWER MERRA-2 PRECTOTCORR
2016-05-21,0.08,corn-mato-grosso,corn,-13.5,-56,NASA POWER MERRA-2 PRECTOTCORR
2016-05-22,0,corn-mato-grosso,corn,-13.5,-56,NASA POWER MERRA-2 PRECTOTCORR
2016-05-23,0,corn-mato-grosso,corn,-13.5,-56,NASA POWER MERRA-2 PRECTOTCORR
2016-05-24,0,corn-mato-grosso,corn,-13.5,-56,NASA POWER MERRA-2 PRECTOTCORR
2016-05-25,0,corn-mato-grosso,corn,-13.5,-56,NASA POWER MERRA-2 PRECTOTCORR
2016-05-26,0,corn-mato-grosso,corn,-13.5,-56,NASA POWER MERRA-2 PRECTOTCORR
2016-05-27,0.01,corn-mato-grosso,corn,-13.5,-56,NASA POWER MERRA-2 PRECTOTCORR
2016-05-28,0.29,corn-mato-grosso,corn,-13.5,-56,NASA POWER MERRA-2 PRECTOTCORR
2016-05-29,0.03,corn-mato-grosso,corn,-13.5,-56,NASA POWER MERRA-2 PRECTOTCORR
2016-05-30,0.01,corn-mato-grosso,corn,-13.5,-56,NASA POWER MERRA-2 PRECTOTCORR
2016-05-31,0.91,corn-mato-grosso,corn,-13.5,-56,NASA POWER MERRA-2 PRECTOTCORR
2016-06-01,0.1,corn-mato-grosso,corn,-13.5,-56,NASA POWER MERRA-2 PRECTOTCORR
2016-06-02,0.56,corn-mato-grosso,corn,-13.5,-56,NASA POWER MERRA-2 PRECTOTCORR
2016-06-03,0.05,corn-mato-grosso,corn,-13.5,-56,NASA POWER MERRA-2 PRECTOTCORR
2016-06-04,0.11,corn-mato-grosso,corn,-13.5,-56,NASA POWER MERRA-2 PRECTOTCORR
2016-06-05,0,corn-mato-grosso,corn,-13.5,-56,NASA POWER MERRA-2 PRECTOTCORR
2016-06-06,2.6,corn-mato-grosso,corn,-13.5,-56,NASA POWER MERRA-2 PRECTOTCORR
2016-06-07,5.11,corn-mato-grosso,corn,-13.5,-56,NASA POWER MERRA-2 PRECTOTCORR
2016-06-08,0,corn-mato-grosso,corn,-13.5,-56,NASA POWER MERRA-2 PRECTOTCORR
2016-06-09,0,corn-mato-grosso,corn,-13.5,-56,NASA POWER MERRA-2 PRECTOTCORR
2016-06-10,0.12,corn-mato-grosso,corn,-13.5,-56,NASA POWER MERRA-2 PRECTOTCORR
2016-06-11,0,corn-mato-grosso,corn,-13.5,-56,NASA POWER MERRA-2 PRECTOTCORR
2016-06-12,0,corn-mato-grosso,corn,-13.5,-56,NASA POWER MERRA-2 PRECTOTCORR
2016-06-13,0,corn-mato-grosso,corn,-13.5,-56,NASA POWER MERRA-2 PRECTOTCORR
2016-06-14,0,corn-mato-grosso,corn,-13.5,-56,NASA POWER MERRA-2 PRECTOTCORR
2016-06-15,0.75,corn-mato-grosso,corn,-13.5,-56,NASA POWER MERRA-2 PRECTOTCORR
2016-06-16,0.03,corn-mato-grosso,corn,-13.5,-56,NASA POWER MERRA-2 PRECTOTCORR
2016-06-17,0,corn-mato-grosso,corn,-13.5,-56,NASA POWER MERRA-2 PRECTOTCORR
2016-06-18,0,corn-mato-grosso,corn,-13.5,-56,NASA POWER MERRA-2 PRECTOTCORR
2016-06-19,0,corn-mato-grosso,corn,-13.5,-56,NASA POWER MERRA-2 PRECTOTCORR
2016-06-20,0,corn-mato-grosso,corn,-13.5,-56,NASA POWER MERRA-2 PRECTOTCORR
2016-06-21,0,corn-mato-grosso,corn,-13.5,-56,NASA POWER MERRA-2 PRECTOTCORR
2016-06-22,0,corn-mato-grosso,corn,-13.5,-56,NASA POWER MERRA-2 PRECTOTCORR
2016-06-23,0,corn-mato-grosso,corn,-13.5,-56,NASA POWER MERRA-2 PRECTOTCORR
2016-06-24,0,corn-mato-grosso,corn,-13.5,-56,NASA POWER MERRA-2 PRECTOTCORR
2016-06-25,0,corn-mato-grosso,corn,-13.5,-56,NASA POWER MERRA-2 PRECTOTCORR
2016-06-26,0,corn-mato-grosso,corn,-13.5,-56,NASA POWER MERRA-2 PRECTOTCORR
2016-06-27,0,corn-mato-grosso,corn,-13.5,-56,NASA POWER MERRA-2 PRECTOTCORR
2016-06-28,0,corn-mato-grosso,corn,-13.5,-56,NASA POWER MERRA-2 PRECTOTCORR
2016-06-29,0,corn-mato-grosso,corn,-13.5,-56,NASA POWER MERRA-2 PRECTOTCORR
2016-06-30,0,corn-mato-grosso,corn,-13.5,-56,NASA POWER MERRA-2 PRECTOTCORR
2016-07-01,0,corn-mato-grosso,corn,-13.5,-56,NASA POWER MERRA-2 PRECTOTCORR
2016-07-02,0,corn-mato-grosso,corn,-13.5,-56,NASA POWER MERRA-2 PRECTOTCORR
2016-07-03,0,corn-mato-grosso,corn,-13.5,-56,NASA POWER MERRA-2 PRECTOTCORR
2016-07-04,0,corn-mato-grosso,corn,-13.5,-56,NASA POWER MERRA-2 PRECTOTCORR
2016-07-05,0,corn-mato-grosso,corn,-13.5,-56,NASA POWER MERRA-2 PRECTOTCORR
2016-07-06,0,corn-mato-grosso,corn,-13.5,-56,NASA POWER MERRA-2 PRECTOTCORR
2016-07-07,0,corn-mato-grosso,corn,-13.5,-56,NASA POWER MERRA-2 PRECTOTCORR
2016-07-08,0,corn-mato-grosso,corn,-13.5,-56,NASA POWER MERRA-2 PRECTOTCORR
2016-07-09,0,corn-mato-grosso,corn,-13.5,-56,NASA POWER MERRA-2 PRECTOTCORR
2016-07-10,0,corn-mato-grosso,corn,-13.5,-56,NASA POWER MERRA-2 PRECTOTCORR
2016-07-11,0,corn-mato-grosso,corn,-13.5,-56,NASA POWER MERRA-2 PRECTOTCORR
2016-07-12,0,corn-mato-grosso,corn,-13.5,-56,NASA POWER MERRA-2 PRECTOTCORR
2016-07-13,0,corn-mato-grosso,corn,-13.5,-56,NASA POWER MERRA-2 PRECTOTCORR
2016-07-14,0,corn-mato-grosso,corn,-13.5,-56,NASA POWER MERRA-2 PRECTOTCORR
2016-07-15,0,corn-mato-grosso,corn,-13.5,-56,NASA POWER MERRA-2 PRECTOTCORR
2016-07-16,0,corn-mato-grosso,corn,-13.5,-56,NASA POWER MERRA-2 PRECTOTCORR
2016-07-17,0,corn-mato-grosso,corn,-13.5,-56,NASA POWER MERRA-2 PRECTOTCORR
2016-07-18,0,corn-mato-grosso,corn,-13.5,-56,NASA POWER MERRA-2 PRECTOTCORR
2016-07-19,0,corn-mato-grosso,corn,-13.5,-56,NASA POWER MERRA-2 PRECTOTCORR
2016-07-20,0,corn-mato-grosso,corn,-13.5,-56,NASA POWER MERRA-2 PRECTOTCORR
2016-07-21,0,corn-mato-grosso,corn,-13.5,-56,NASA POWER MERRA-2 PRECTOTCORR
2016-07-22,0,corn-mato-grosso,corn,-13.5,-56,NASA POWER MERRA-2 PRECTOTCORR
2016-07-23,0,corn-mato-grosso,corn,-13.5,-56,NASA POWER MERRA-2 PRECTOTCORR
2016-07-24,0,corn-mato-grosso,corn,-13.5,-56,NASA POWER MERRA-2 PRECTOTCORR
2016-07-25,0,corn-mato-grosso,corn,-13.5,-56,NASA POWER MERRA-2 PRECTOTCORR
2016-07-26,0,corn-mato-grosso,corn,-13.5,-56,NASA POWER MERRA-2 PRECTOTCORR
2016-07-27,0,corn-mato-grosso,corn,-13.5,-56,NASA POWER MERRA-2 PRECTOTCORR
2016-07-28,0,corn-mato-grosso,corn,-13.5,-56,NASA POWER MERRA-2 PRECTOTCORR
2016-07-29,0,corn-mato-grosso,corn,-13.5,-56,NASA POWER MERRA-2 PRECTOTCORR
2016-07-30,0,corn-mato-grosso,corn,-13.5,-56,NASA POWER MERRA-2 PRECTOTCORR
2016-07-31,0,corn-mato-grosso,corn,-13.5,-56,NASA POWER MERRA-2 PRECTOTCORR
2016-08-01,0,corn-mato-grosso,corn,-13.5,-56,NASA POWER MERRA-2 PRECTOTCORR
2016-08-02,0,corn-mato-grosso,corn,-13.5,-56,NASA POWER MERRA-2 PRECTOTCORR
2016-08-03,0,corn-mato-grosso,corn,-13.5,-56,NASA POWER MERRA-2 PRECTOTCORR
2016-08-04,0,corn-mato-grosso,corn,-13.5,-56,NASA POWER MERRA-2 PRECTOTCORR
2016-08-05,0,corn-mato-grosso,corn,-13.5,-56,NASA POWER MERRA-2 PRECTOTCORR
2016-08-06,0,corn-mato-grosso,corn,-13.5,-56,NASA POWER MERRA-2 PRECTOTCORR
2016-08-07,0,corn-mato-grosso,corn,-13.5,-56,NASA POWER MERRA-2 PRECTOTCORR
2016-08-08,0,corn-mato-grosso,corn,-13.5,-56,NASA POWER MERRA-2 PRECTOTCORR
2016-08-09,0,corn-mato-grosso,corn,-13.5,-56,NASA POWER MERRA-2 PRECTOTCORR
2016-08-10,0,corn-mato-grosso,corn,-13.5,-56,NASA POWER MERRA-2 PRECTOTCORR
2016-08-11,0,corn-mato-grosso,corn,-13.5,-56,NASA POWER MERRA-2 PRECTOTCORR
2016-08-12,0,corn-mato-grosso,corn,-13.5,-56,NASA POWER MERRA-2 PRECTOTCORR
2016-08-13,0,corn-mato-grosso,corn,-13.5,-56,NASA POWER MERRA-2 PRECTOTCORR
2016-08-14,0,corn-mato-grosso,corn,-13.5,-56,NASA POWER MERRA-2 PRECTOTCORR
2016-08-15,0,corn-mato-grosso,corn,-13.5,-56,NASA POWER MERRA-2 PRECTOTCORR
2016-08-16,2.65,corn-mato-grosso,corn,-13.5,-56,NASA POWER MERRA-2 PRECTOTCORR
2016-08-17,2.69,corn-mato-grosso,corn,-13.5,-56,NASA POWER MERRA-2 PRECTOTCORR
2016-08-18,0,corn-mato-grosso,corn,-13.5,-56,NASA POWER MERRA-2 PRECTOTCORR
2016-08-19,6.84,corn-mato-grosso,corn,-13.5,-56,NASA POWER MERRA-2 PRECTOTCORR
2016-08-20,2.22,corn-mato-grosso,corn,-13.5,-56,NASA POWER MERRA-2 PRECTOTCORR
2016-08-21,3.04,corn-mato-grosso,corn,-13.5,-56,NASA POWER MERRA-2 PRECTOTCORR
2016-08-22,0,corn-mato-grosso,corn,-13.5,-56,NASA POWER MERRA-2 PRECTOTCORR
2016-08-23,0,corn-mato-grosso,corn,-13.5,-56,NASA POWER MERRA-2 PRECTOTCORR
2016-08-24,0,corn-mato-grosso,corn,-13.5,-56,NASA POWER MERRA-2 PRECTOTCORR
2016-08-25,2.46,corn-mato-grosso,corn,-13.5,-56,NASA POWER MERRA-2 PRECTOTCORR
2016-08-26,0.33,corn-mato-grosso,corn,-13.5,-56,NASA POWER MERRA-2 PRECTOTCORR
2016-08-27,0.08,corn-mato-grosso,corn,-13.5,-56,NASA POWER MERRA-2 PRECTOTCORR
2016-08-28,11.75,corn-mato-grosso,corn,-13.5,-56,NASA POWER MERRA-2 PRECTOTCORR
2016-08-29,29,corn-mato-grosso,corn,-13.5,-56,NASA POWER MERRA-2 PRECTOTCORR
2016-08-30,3.92,corn-mato-grosso,corn,-13.5,-56,NASA POWER MERRA-2 PRECTOTCORR
2016-08-31,0.05,corn-mato-grosso,corn,-13.5,-56,NASA POWER MERRA-2 PRECTOTCORR
2016-09-01,4.53,corn-mato-grosso,corn,-13.5,-56,NASA POWER MERRA-2 PRECTOTCORR
2016-09-02,0.31,corn-mato-grosso,corn,-13.5,-56,NASA POWER MERRA-2 PRECTOTCORR
2016-09-03,0,corn-mato-grosso,corn,-13.5,-56,NASA POWER MERRA-2 PRECTOTCORR
2016-09-04,0,corn-mato-grosso,corn,-13.5,-56,NASA POWER MERRA-2 PRECTOTCORR
2016-09-05,0,corn-mato-grosso,corn,-13.5,-56,NASA POWER MERRA-2 PRECTOTCORR
2016-09-06,0,corn-mato-grosso,corn,-13.5,-56,NASA POWER MERRA-2 PRECTOTCORR
2016-09-07,0,corn-mato-grosso,corn,-13.5,-56,NASA POWER MERRA-2 PRECTOTCORR
2016-09-08,0,corn-mato-grosso,corn,-13.5,-56,NASA POWER MERRA-2 PRECTOTCORR
2016-09-09,0,corn-mato-grosso,corn,-13.5,-56,NASA POWER MERRA-2 PRECTOTCORR
2016-09-10,0,corn-mato-grosso,corn,-13.5,-56,NASA POWER MERRA-2 PRECTOTCORR
2016-09-11,0,corn-mato-grosso,corn,-13.5,-56,NASA POWER MERRA-2 PRECTOTCORR
2016-09-12,0,corn-mato-grosso,corn,-13.5,-56,NASA POWER MERRA-2 PRECTOTCORR
2016-09-13,0,corn-mato-grosso,corn,-13.5,-56,NASA POWER MERRA-2 PRECTOTCORR
2016-09-14,0.99,corn-mato-grosso,corn,-13.5,-56,NASA POWER MERRA-2 PRECTOTCORR
2016-09-15,0.21,corn-mato-grosso,corn,-13.5,-56,NASA POWER MERRA-2 PRECTOTCORR
2016-09-16,0.4,corn-mato-grosso,corn,-13.5,-56,NASA POWER MERRA-2 PRECTOTCORR
2016-09-17,0.01,corn-mato-grosso,corn,-13.5,-56,NASA POWER MERRA-2 PRECTOTCORR
2016-09-18,3.09,corn-mato-grosso,corn,-13.5,-56,NASA POWER MERRA-2 PRECTOTCORR
2016-09-19,12.09,corn-mato-grosso,corn,-13.5,-56,NASA POWER MERRA-2 PRECTOTCORR
2016-09-20,0,corn-mato-grosso,corn,-13.5,-56,NASA POWER MERRA-2 PRECTOTCORR
2016-09-21,8.95,corn-mato-grosso,corn,-13.5,-56,NASA POWER MERRA-2 PRECTOTCORR
2016-09-22,12.57,corn-mato-grosso,corn,-13.5,-56,NASA POWER MERRA-2 PRECTOTCORR
2016-09-23,2.99,corn-mato-grosso,corn,-13.5,-56,NASA POWER MERRA-2 PRECTOTCORR
2016-09-24,3.36,corn-mato-grosso,corn,-13.5,-56,NASA POWER MERRA-2 PRECTOTCORR
2016-09-25,0.09,corn-mato-grosso,corn,-13.5,-56,NASA POWER MERRA-2 PRECTOTCORR
2016-09-26,0,corn-mato-grosso,corn,-13.5,-56,NASA POWER MERRA-2 PRECTOTCORR
2016-09-27,1.2,corn-mato-grosso,corn,-13.5,-56,NASA POWER MERRA-2 PRECTOTCORR
2016-09-28,1.32,corn-mato-grosso,corn,-13.5,-56,NASA POWER MERRA-2 PRECTOTCORR
2016-09-29,2.17,corn-mato-grosso,corn,-13.5,-56,NASA POWER MERRA-2 PRECTOTCORR
2016-09-30,2.64,corn-mato-grosso,corn,-13.5,-56,NASA POWER MERRA-2 PRECTOTCORR
2016-10-01,2.08,corn-mato-grosso,corn,-13.5,-56,NASA POWER MERRA-2 PRECTOTCORR
2016-10-02,0.22,corn-mato-grosso,corn,-13.5,-56,NASA POWER MERRA-2 PRECTOTCORR
2016-10-03,20.21,corn-mato-grosso,corn,-13.5,-56,NASA POWER MERRA-2 PRECTOTCORR
2016-10-04,5.08,corn-mato-grosso,corn,-13.5,-56,NASA POWER MERRA-2 PRECTOTCORR
2016-10-05,8.55,corn-mato-grosso,corn,-13.5,-56,NASA POWER MERRA-2 PRECTOTCORR
2016-10-06,29.56,corn-mato-grosso,corn,-13.5,-56,NASA POWER MERRA-2 PRECTOTCORR
2016-10-07,0,corn-mato-grosso,corn,-13.5,-56,NASA POWER MERRA-2 PRECTOTCORR
2016-10-08,0,corn-mato-grosso,corn,-13.5,-56,NASA POWER MERRA-2 PRECTOTCORR
2016-10-09,0,corn-mato-grosso,corn,-13.5,-56,NASA POWER MERRA-2 PRECTOTCORR
2016-10-10,3.87,corn-mato-grosso,corn,-13.5,-56,NASA POWER MERRA-2 PRECTOTCORR
2016-10-11,15.03,corn-mato-grosso,corn,-13.5,-56,NASA POWER MERRA-2 PRECTOTCORR
2016-10-12,6.19,corn-mato-grosso,corn,-13.5,-56,NASA POWER MERRA-2 PRECTOTCORR
2016-10-13,0.02,corn-mato-grosso,corn,-13.5,-56,NASA POWER MERRA-2 PRECTOTCORR
2016-10-14,0.58,corn-mato-grosso,corn,-13.5,-56,NASA POWER MERRA-2 PRECTOTCORR
2016-10-15,0.02,corn-mato-grosso,corn,-13.5,-56,NASA POWER MERRA-2 PRECTOTCORR
2016-10-16,0,corn-mato-grosso,corn,-13.5,-56,NASA POWER MERRA-2 PRECTOTCORR
2016-10-17,1.13,corn-mato-grosso,corn,-13.5,-56,NASA POWER MERRA-2 PRECTOTCORR
2016-10-18,0.12,corn-mato-grosso,corn,-13.5,-56,NASA POWER MERRA-2 PRECTOTCORR
2016-10-19,0.46,corn-mato-grosso,corn,-13.5,-56,NASA POWER MERRA-2 PRECTOTCORR
2016-10-20,2.82,corn-mato-grosso,corn,-13.5,-56,NASA POWER MERRA-2 PRECTOTCORR
2016-10-21,4.72,corn-mato-grosso,corn,-13.5,-56,NASA POWER MERRA-2 PRECTOTCORR
2016-10-22,12.41,corn-mato-grosso,corn,-13.5,-56,NASA POWER MERRA-2 PRECTOTCORR
2016-10-23,3.53,corn-mato-grosso,corn,-13.5,-56,NASA POWER MERRA-2 PRECTOTCORR
2016-10-24,7.91,corn-mato-grosso,corn,-13.5,-56,NASA POWER MERRA-2 PRECTOTCORR
2016-10-25,2.39,corn-mato-grosso,corn,-13.5,-56,NASA POWER MERRA-2 PRECTOTCORR
2016-10-26,2.78,corn-mato-grosso,corn,-13.5,-56,NASA POWER MERRA-2 PRECTOTCORR
2016-10-27,4.4,corn-mato-grosso,corn,-13.5,-56,NASA POWER MERRA-2 PRECTOTCORR
2016-10-28,0.02,corn-mato-grosso,corn,-13.5,-56,NASA POWER MERRA-2 PRECTOTCORR
2016-10-29,0.11,corn-mato-grosso,corn,-13.5,-56,NASA POWER MERRA-2 PRECTOTCORR
2016-10-30,2.21,corn-mato-grosso,corn,-13.5,-56,NASA POWER MERRA-2 PRECTOTCORR
2016-10-31,6.83,corn-mato-grosso,corn,-13.5,-56,NASA POWER MERRA-2 PRECTOTCORR
2016-11-01,0.5,corn-mato-grosso,corn,-13.5,-56,NASA POWER MERRA-2 PRECTOTCORR
2016-11-02,12.18,corn-mato-grosso,corn,-13.5,-56,NASA POWER MERRA-2 PRECTOTCORR
2016-11-03,8.45,corn-mato-grosso,corn,-13.5,-56,NASA POWER MERRA-2 PRECTOTCORR
2016-11-04,0.07,corn-mato-grosso,corn,-13.5,-56,NASA POWER MERRA-2 PRECTOTCORR
2016-11-05,1.18,corn-mato-grosso,corn,-13.5,-56,NASA POWER MERRA-2 PRECTOTCORR
2016-11-06,3.08,corn-mato-grosso,corn,-13.5,-56,NASA POWER MERRA-2 PRECTOTCORR
2016-11-07,4.08,corn-mato-grosso,corn,-13.5,-56,NASA POWER MERRA-2 PRECTOTCORR
2016-11-08,4.41,corn-mato-grosso,corn,-13.5,-56,NASA POWER MERRA-2 PRECTOTCORR
2016-11-09,1.82,corn-mato-grosso,corn,-13.5,-56,NASA POWER MERRA-2 PRECTOTCORR
2016-11-10,0.73,corn-mato-grosso,corn,-13.5,-56,NASA POWER MERRA-2 PRECTOTCORR
2016-11-11,3.67,corn-mato-grosso,corn,-13.5,-56,NASA POWER MERRA-2 PRECTOTCORR
2016-11-12,13.32,corn-mato-grosso,corn,-13.5,-56,NASA POWER MERRA-2 PRECTOTCORR
2016-11-13,18.81,corn-mato-grosso,corn,-13.5,-56,NASA POWER MERRA-2 PRECTOTCORR
2016-11-14,0.32,corn-mato-grosso,corn,-13.5,-56,NASA POWER MERRA-2 PRECTOTCORR
2016-11-15,2.22,corn-mato-grosso,corn,-13.5,-56,NASA POWER MERRA-2 PRECTOTCORR
2016-11-16,1.26,corn-mato-grosso,corn,-13.5,-56,NASA POWER MERRA-2 PRECTOTCORR
2016-11-17,1.48,corn-mato-grosso,corn,-13.5,-56,NASA POWER MERRA-2 PRECTOTCORR
2016-11-18,1.03,corn-mato-grosso,corn,-13.5,-56,NASA POWER MERRA-2 PRECTOTCORR
2016-11-19,1.19,corn-mato-grosso,corn,-13.5,-56,NASA POWER MERRA-2 PRECTOTCORR
2016-11-20,5.04,corn-mato-grosso,corn,-13.5,-56,NASA POWER MERRA-2 PRECTOTCORR
2016-11-21,22.77,corn-mato-grosso,corn,-13.5,-56,NASA POWER MERRA-2 PRECTOTCORR
2016-11-22,5.2,corn-mato-grosso,corn,-13.5,-56,NASA POWER MERRA-2 PRECTOTCORR
2016-11-23,9.02,corn-mato-grosso,corn,-13.5,-56,NASA POWER MERRA-2 PRECTOTCORR
2016-11-24,3.03,corn-mato-grosso,corn,-13.5,-56,NASA POWER MERRA-2 PRECTOTCORR
2016-11-25,0.66,corn-mato-grosso,corn,-13.5,-56,NASA POWER MERRA-2 PRECTOTCORR
2016-11-26,3.4,corn-mato-grosso,corn,-13.5,-56,NASA POWER MERRA-2 PRECTOTCORR
2016-11-27,1.7,corn-mato-grosso,corn,-13.5,-56,NASA POWER MERRA-2 PRECTOTCORR
2016-11-28,0.02,corn-mato-grosso,corn,-13.5,-56,NASA POWER MERRA-2 PRECTOTCORR
2016-11-29,3.96,corn-mato-grosso,corn,-13.5,-56,NASA POWER MERRA-2 PRECTOTCORR
2016-11-30,8.31,corn-mato-grosso,corn,-13.5,-56,NASA POWER MERRA-2 PRECTOTCORR
2016-12-01,4.19,corn-mato-grosso,corn,-13.5,-56,NASA POWER MERRA-2 PRECTOTCORR
2016-12-02,10.58,corn-mato-grosso,corn,-13.5,-56,NASA POWER MERRA-2 PRECTOTCORR
2016-12-03,0.55,corn-mato-grosso,corn,-13.5,-56,NASA POWER MERRA-2 PRECTOTCORR
2016-12-04,0.88,corn-mato-grosso,corn,-13.5,-56,NASA POWER MERRA-2 PRECTOTCORR
2016-12-05,3.62,corn-mato-grosso,corn,-13.5,-56,NASA POWER MERRA-2 PRECTOTCORR
2016-12-06,0.82,corn-mato-grosso,corn,-13.5,-56,NASA POWER MERRA-2 PRECTOTCORR
2016-12-07,19.28,corn-mato-grosso,corn,-13.5,-56,NASA POWER MERRA-2 PRECTOTCORR
2016-12-08,7.45,corn-mato-grosso,corn,-13.5,-56,NASA POWER MERRA-2 PRECTOTCORR
2016-12-09,6.75,corn-mato-grosso,corn,-13.5,-56,NASA POWER MERRA-2 PRECTOTCORR
2016-12-10,12.91,corn-mato-grosso,corn,-13.5,-56,NASA POWER MERRA-2 PRECTOTCORR
2016-12-11,7.11,corn-mato-grosso,corn,-13.5,-56,NASA POWER MERRA-2 PRECTOTCORR
2016-12-12,16.72,corn-mato-grosso,corn,-13.5,-56,NASA POWER MERRA-2 PRECTOTCORR
2016-12-13,9.16,corn-mato-grosso,corn,-13.5,-56,NASA POWER MERRA-2 PRECTOTCORR
2016-12-14,20.75,corn-mato-grosso,corn,-13.5,-56,NASA POWER MERRA-2 PRECTOTCORR
2016-12-15,7.9,corn-mato-grosso,corn,-13.5,-56,NASA POWER MERRA-2 PRECTOTCORR
2016-12-16,25.53,corn-mato-grosso,corn,-13.5,-56,NASA POWER MERRA-2 PRECTOTCORR
2016-12-17,21.2,corn-mato-grosso,corn,-13.5,-56,NASA POWER MERRA-2 PRECTOTCORR
2016-12-18,15.27,corn-mato-grosso,corn,-13.5,-56,NASA POWER MERRA-2 PRECTOTCORR
2016-12-19,30.23,corn-mato-grosso,corn,-13.5,-56,NASA POWER MERRA-2 PRECTOTCORR
2016-12-20,7.85,corn-mato-grosso,corn,-13.5,-56,NASA POWER MERRA-2 PRECTOTCORR
2016-12-21,21.92,corn-mato-grosso,corn,-13.5,-56,NASA POWER MERRA-2 PRECTOTCORR
2016-12-22,7.67,corn-mato-grosso,corn,-13.5,-56,NASA POWER MERRA-2 PRECTOTCORR
2016-12-23,2.74,corn-mato-grosso,corn,-13.5,-56,NASA POWER MERRA-2 PRECTOTCORR
2016-12-24,8.03,corn-mato-grosso,corn,-13.5,-56,NASA POWER MERRA-2 PRECTOTCORR
2016-12-25,7.03,corn-mato-grosso,corn,-13.5,-56,NASA POWER MERRA-2 PRECTOTCORR
2016-12-26,2.28,corn-mato-grosso,corn,-13.5,-56,NASA POWER MERRA-2 PRECTOTCORR
2016-12-27,5.21,corn-mato-grosso,corn,-13.5,-56,NASA POWER MERRA-2 PRECTOTCORR
2016-12-28,0.56,corn-mato-grosso,corn,-13.5,-56,NASA POWER MERRA-2 PRECTOTCORR
2016-12-29,2.26,corn-mato-grosso,corn,-13.5,-56,NASA POWER MERRA-2 PRECTOTCORR
2016-12-30,5.29,corn-mato-grosso,corn,-13.5,-56,NASA POWER MERRA-2 PRECTOTCORR
2016-12-31,0.98,corn-mato-grosso,corn,-13.5,-56,NASA POWER MERRA-2 PRECTOTCORR
2017-01-01,10.6,corn-mato-grosso,corn,-13.5,-56,NASA POWER MERRA-2 PRECTOTCORR
2017-01-02,1.4,corn-mato-grosso,corn,-13.5,-56,NASA POWER MERRA-2 PRECTOTCORR
2017-01-03,6.67,corn-mato-grosso,corn,-13.5,-56,NASA POWER MERRA-2 PRECTOTCORR
2017-01-04,3.44,corn-mato-grosso,corn,-13.5,-56,NASA POWER MERRA-2 PRECTOTCORR
2017-01-05,5.88,corn-mato-grosso,corn,-13.5,-56,NASA POWER MERRA-2 PRECTOTCORR
2017-01-06,2.13,corn-mato-grosso,corn,-13.5,-56,NASA POWER MERRA-2 PRECTOTCORR
2017-01-07,0.14,corn-mato-grosso,corn,-13.5,-56,NASA POWER MERRA-2 PRECTOTCORR
2017-01-08,10.21,corn-mato-grosso,corn,-13.5,-56,NASA POWER MERRA-2 PRECTOTCORR
2017-01-09,1.65,corn-mato-grosso,corn,-13.5,-56,NASA POWER MERRA-2 PRECTOTCORR
2017-01-10,0.08,corn-mato-grosso,corn,-13.5,-56,NASA POWER MERRA-2 PRECTOTCORR
2017-01-11,2.95,corn-mato-grosso,corn,-13.5,-56,NASA POWER MERRA-2 PRECTOTCORR
2017-01-12,10.82,corn-mato-grosso,corn,-13.5,-56,NASA POWER MERRA-2 PRECTOTCORR
2017-01-13,3.37,corn-mato-grosso,corn,-13.5,-56,NASA POWER MERRA-2 PRECTOTCORR
2017-01-14,10.06,corn-mato-grosso,corn,-13.5,-56,NASA POWER MERRA-2 PRECTOTCORR
2017-01-15,9.84,corn-mato-grosso,corn,-13.5,-56,NASA POWER MERRA-2 PRECTOTCORR
2017-01-16,6.19,corn-mato-grosso,corn,-13.5,-56,NASA POWER MERRA-2 PRECTOTCORR
2017-01-17,21.77,corn-mato-grosso,corn,-13.5,-56,NASA POWER MERRA-2 PRECTOTCORR
2017-01-18,15,corn-mato-grosso,corn,-13.5,-56,NASA POWER MERRA-2 PRECTOTCORR
2017-01-19,7.35,corn-mato-grosso,corn,-13.5,-56,NASA POWER MERRA-2 PRECTOTCORR
2017-01-20,4.43,corn-mato-grosso,corn,-13.5,-56,NASA POWER MERRA-2 PRECTOTCORR
2017-01-21,8.55,corn-mato-grosso,corn,-13.5,-56,NASA POWER MERRA-2 PRECTOTCORR
2017-01-22,9.15,corn-mato-grosso,corn,-13.5,-56,NASA POWER MERRA-2 PRECTOTCORR
2017-01-23,8.76,corn-mato-grosso,corn,-13.5,-56,NASA POWER MERRA-2 PRECTOTCORR
2017-01-24,2.45,corn-mato-grosso,corn,-13.5,-56,NASA POWER MERRA-2 PRECTOTCORR
2017-01-25,7.6,corn-mato-grosso,corn,-13.5,-56,NASA POWER MERRA-2 PRECTOTCORR
2017-01-26,9.78,corn-mato-grosso,corn,-13.5,-56,NASA POWER MERRA-2 PRECTOTCORR
2017-01-27,17.62,corn-mato-grosso,corn,-13.5,-56,NASA POWER MERRA-2 PRECTOTCORR
2017-01-28,5.78,corn-mato-grosso,corn,-13.5,-56,NASA POWER MERRA-2 PRECTOTCORR
2017-01-29,2.4,corn-mato-grosso,corn,-13.5,-56,NASA POWER MERRA-2 PRECTOTCORR
2017-01-30,4.97,corn-mato-grosso,corn,-13.5,-56,NASA POWER MERRA-2 PRECTOTCORR
2017-01-31,2.12,corn-mato-grosso,corn,-13.5,-56,NASA POWER MERRA-2 PRECTOTCORR
2017-02-01,5.3,corn-mato-grosso,corn,-13.5,-56,NASA POWER MERRA-2 PRECTOTCORR
2017-02-02,0.55,corn-mato-grosso,corn,-13.5,-56,NASA POWER MERRA-2 PRECTOTCORR
2017-02-03,2.52,corn-mato-grosso,corn,-13.5,-56,NASA POWER MERRA-2 PRECTOTCORR
2017-02-04,2.15,corn-mato-grosso,corn,-13.5,-56,NASA POWER MERRA-2 PRECTOTCORR
2017-02-05,7.3,corn-mato-grosso,corn,-13.5,-56,NASA POWER MERRA-2 PRECTOTCORR
2017-02-06,15.11,corn-mato-grosso,corn,-13.5,-56,NASA POWER MERRA-2 PRECTOTCORR
2017-02-07,7.8,corn-mato-grosso,corn,-13.5,-56,NASA POWER MERRA-2 PRECTOTCORR
2017-02-08,13.39,corn-mato-grosso,corn,-13.5,-56,NASA POWER MERRA-2 PRECTOTCORR
2017-02-09,4.14,corn-mato-grosso,corn,-13.5,-56,NASA POWER MERRA-2 PRECTOTCORR
2017-02-10,9.28,corn-mato-grosso,corn,-13.5,-56,NASA POWER MERRA-2 PRECTOTCORR
2017-02-11,24.95,corn-mato-grosso,corn,-13.5,-56,NASA POWER MERRA-2 PRECTOTCORR
2017-02-12,17.91,corn-mato-grosso,corn,-13.5,-56,NASA POWER MERRA-2 PRECTOTCORR
2017-02-13,22.29,corn-mato-grosso,corn,-13.5,-56,NASA POWER MERRA-2 PRECTOTCORR
2017-02-14,38.74,corn-mato-grosso,corn,-13.5,-56,NASA POWER MERRA-2 PRECTOTCORR
2017-02-15,15.3,corn-mato-grosso,corn,-13.5,-56,NASA POWER MERRA-2 PRECTOTCORR
2017-02-16,17.2,corn-mato-grosso,corn,-13.5,-56,NASA POWER MERRA-2 PRECTOTCORR
2017-02-17,12.71,corn-mato-grosso,corn,-13.5,-56,NASA POWER MERRA-2 PRECTOTCORR
2017-02-18,6.86,corn-mato-grosso,corn,-13.5,-56,NASA POWER MERRA-2 PRECTOTCORR
2017-02-19,4.09,corn-mato-grosso,corn,-13.5,-56,NASA POWER MERRA-2 PRECTOTCORR
2017-02-20,1.54,corn-mato-grosso,corn,-13.5,-56,NASA POWER MERRA-2 PRECTOTCORR
2017-02-21,8.06,corn-mato-grosso,corn,-13.5,-56,NASA POWER MERRA-2 PRECTOTCORR
2017-02-22,2.84,corn-mato-grosso,corn,-13.5,-56,NASA POWER MERRA-2 PRECTOTCORR
2017-02-23,0.56,corn-mato-grosso,corn,-13.5,-56,NASA POWER MERRA-2 PRECTOTCORR
2017-02-24,15.01,corn-mato-grosso,corn,-13.5,-56,NASA POWER MERRA-2 PRECTOTCORR
2017-02-25,15.14,corn-mato-grosso,corn,-13.5,-56,NASA POWER MERRA-2 PRECTOTCORR
2017-02-26,3.35,corn-mato-grosso,corn,-13.5,-56,NASA POWER MERRA-2 PRECTOTCORR
2017-02-27,19.22,corn-mato-grosso,corn,-13.5,-56,NASA POWER MERRA-2 PRECTOTCORR
2017-02-28,14.19,corn-mato-grosso,corn,-13.5,-56,NASA POWER MERRA-2 PRECTOTCORR
2017-03-01,12.07,corn-mato-grosso,corn,-13.5,-56,NASA POWER MERRA-2 PRECTOTCORR
2017-03-02,2.76,corn-mato-grosso,corn,-13.5,-56,NASA POWER MERRA-2 PRECTOTCORR
2017-03-03,7.57,corn-mato-grosso,corn,-13.5,-56,NASA POWER MERRA-2 PRECTOTCORR
2017-03-04,13.67,corn-mato-grosso,corn,-13.5,-56,NASA POWER MERRA-2 PRECTOTCORR
2017-03-05,1.05,corn-mato-grosso,corn,-13.5,-56,NASA POWER MERRA-2 PRECTOTCORR
2017-03-06,10.11,corn-mato-grosso,corn,-13.5,-56,NASA POWER MERRA-2 PRECTOTCORR
2017-03-07,5.35,corn-mato-grosso,corn,-13.5,-56,NASA POWER MERRA-2 PRECTOTCORR
2017-03-08,0.85,corn-mato-grosso,corn,-13.5,-56,NASA POWER MERRA-2 PRECTOTCORR
2017-03-09,1.94,corn-mato-grosso,corn,-13.5,-56,NASA POWER MERRA-2 PRECTOTCORR
2017-03-10,0.3,corn-mato-grosso,corn,-13.5,-56,NASA POWER MERRA-2 PRECTOTCORR
2017-03-11,3.71,corn-mato-grosso,corn,-13.5,-56,NASA POWER MERRA-2 PRECTOTCORR
2017-03-12,12.43,corn-mato-grosso,corn,-13.5,-56,NASA POWER MERRA-2 PRECTOTCORR
2017-03-13,11.35,corn-mato-grosso,corn,-13.5,-56,NASA POWER MERRA-2 PRECTOTCORR
2017-03-14,8.05,corn-mato-grosso,corn,-13.5,-56,NASA POWER MERRA-2 PRECTOTCORR
2017-03-15,2.21,corn-mato-grosso,corn,-13.5,-56,NASA POWER MERRA-2 PRECTOTCORR
2017-03-16,18.41,corn-mato-grosso,corn,-13.5,-56,NASA POWER MERRA-2 PRECTOTCORR
2017-03-17,21.39,corn-mato-grosso,corn,-13.5,-56,NASA POWER MERRA-2 PRECTOTCORR
2017-03-18,8.38,corn-mato-grosso,corn,-13.5,-56,NASA POWER MERRA-2 PRECTOTCORR
2017-03-19,14.68,corn-mato-grosso,corn,-13.5,-56,NASA POWER MERRA-2 PRECTOTCORR
2017-03-20,5.91,corn-mato-grosso,corn,-13.5,-56,NASA POWER MERRA-2 PRECTOTCORR
2017-03-21,0.06,corn-mato-grosso,corn,-13.5,-56,NASA POWER MERRA-2 PRECTOTCORR
2017-03-22,0.04,corn-mato-grosso,corn,-13.5,-56,NASA POWER MERRA-2 PRECTOTCORR
2017-03-23,1.45,corn-mato-grosso,corn,-13.5,-56,NASA POWER MERRA-2 PRECTOTCORR
2017-03-24,10.44,corn-mato-grosso,corn,-13.5,-56,NASA POWER MERRA-2 PRECTOTCORR
2017-03-25,6.57,corn-mato-grosso,corn,-13.5,-56,NASA POWER MERRA-2 PRECTOTCORR
2017-03-26,0.91,corn-mato-grosso,corn,-13.5,-56,NASA POWER MERRA-2 PRECTOTCORR
2017-03-27,2.35,corn-mato-grosso,corn,-13.5,-56,NASA POWER MERRA-2 PRECTOTCORR
2017-03-28,2.89,corn-mato-grosso,corn,-13.5,-56,NASA POWER MERRA-2 PRECTOTCORR
2017-03-29,4.16,corn-mato-grosso,corn,-13.5,-56,NASA POWER MERRA-2 PRECTOTCORR
2017-03-30,14.16,corn-mato-grosso,corn,-13.5,-56,NASA POWER MERRA-2 PRECTOTCORR
2017-03-31,2.95,corn-mato-grosso,corn,-13.5,-56,NASA POWER MERRA-2 PRECTOTCORR
2017-04-01,0.38,corn-mato-grosso,corn,-13.5,-56,NASA POWER MERRA-2 PRECTOTCORR
2017-04-02,9,corn-mato-grosso,corn,-13.5,-56,NASA POWER MERRA-2 PRECTOTCORR
2017-04-03,4.56,corn-mato-grosso,corn,-13.5,-56,NASA POWER MERRA-2 PRECTOTCORR
2017-04-04,6.95,corn-mato-grosso,corn,-13.5,-56,NASA POWER MERRA-2 PRECTOTCORR
2017-04-05,2.35,corn-mato-grosso,corn,-13.5,-56,NASA POWER MERRA-2 PRECTOTCORR
2017-04-06,7.25,corn-mato-grosso,corn,-13.5,-56,NASA POWER MERRA-2 PRECTOTCORR
2017-04-07,9.97,corn-mato-grosso,corn,-13.5,-56,NASA POWER MERRA-2 PRECTOTCORR
2017-04-08,3.77,corn-mato-grosso,corn,-13.5,-56,NASA POWER MERRA-2 PRECTOTCORR
2017-04-09,1.33,corn-mato-grosso,corn,-13.5,-56,NASA POWER MERRA-2 PRECTOTCORR
2017-04-10,0.01,corn-mato-grosso,corn,-13.5,-56,NASA POWER MERRA-2 PRECTOTCORR
2017-04-11,0.01,corn-mato-grosso,corn,-13.5,-56,NASA POWER MERRA-2 PRECTOTCORR
2017-04-12,2.35,corn-mato-grosso,corn,-13.5,-56,NASA POWER MERRA-2 PRECTOTCORR
2017-04-13,1.47,corn-mato-grosso,corn,-13.5,-56,NASA POWER MERRA-2 PRECTOTCORR
2017-04-14,1.01,corn-mato-grosso,corn,-13.5,-56,NASA POWER MERRA-2 PRECTOTCORR
2017-04-15,0.72,corn-mato-grosso,corn,-13.5,-56,NASA POWER MERRA-2 PRECTOTCORR
2017-04-16,0.64,corn-mato-grosso,corn,-13.5,-56,NASA POWER MERRA-2 PRECTOTCORR
2017-04-17,12.85,corn-mato-grosso,corn,-13.5,-56,NASA POWER MERRA-2 PRECTOTCORR
2017-04-18,16.02,corn-mato-grosso,corn,-13.5,-56,NASA POWER MERRA-2 PRECTOTCORR
2017-04-19,0.38,corn-mato-grosso,corn,-13.5,-56,NASA POWER MERRA-2 PRECTOTCORR
2017-04-20,8.65,corn-mato-grosso,corn,-13.5,-56,NASA POWER MERRA-2 PRECTOTCORR
2017-04-21,3.17,corn-mato-grosso,corn,-13.5,-56,NASA POWER MERRA-2 PRECTOTCORR
2017-04-22,1.65,corn-mato-grosso,corn,-13.5,-56,NASA POWER MERRA-2 PRECTOTCORR
2017-04-23,15.88,corn-mato-grosso,corn,-13.5,-56,NASA POWER MERRA-2 PRECTOTCORR
2017-04-24,2.89,corn-mato-grosso,corn,-13.5,-56,NASA POWER MERRA-2 PRECTOTCORR
2017-04-25,0.01,corn-mato-grosso,corn,-13.5,-56,NASA POWER MERRA-2 PRECTOTCORR
2017-04-26,2.41,corn-mato-grosso,corn,-13.5,-56,NASA POWER MERRA-2 PRECTOTCORR
2017-04-27,2.67,corn-mato-grosso,corn,-13.5,-56,NASA POWER MERRA-2 PRECTOTCORR
2017-04-28,0.45,corn-mato-grosso,corn,-13.5,-56,NASA POWER MERRA-2 PRECTOTCORR
2017-04-29,0.17,corn-mato-grosso,corn,-13.5,-56,NASA POWER MERRA-2 PRECTOTCORR
2017-04-30,6.64,corn-mato-grosso,corn,-13.5,-56,NASA POWER MERRA-2 PRECTOTCORR
2017-05-01,3.84,corn-mato-grosso,corn,-13.5,-56,NASA POWER MERRA-2 PRECTOTCORR
2017-05-02,0.13,corn-mato-grosso,corn,-13.5,-56,NASA POWER MERRA-2 PRECTOTCORR
2017-05-03,0.43,corn-mato-grosso,corn,-13.5,-56,NASA POWER MERRA-2 PRECTOTCORR
2017-05-04,0.05,corn-mato-grosso,corn,-13.5,-56,NASA POWER MERRA-2 PRECTOTCORR
2017-05-05,0.07,corn-mato-grosso,corn,-13.5,-56,NASA POWER MERRA-2 PRECTOTCORR
2017-05-06,0.01,corn-mato-grosso,corn,-13.5,-56,NASA POWER MERRA-2 PRECTOTCORR
2017-05-07,0.03,corn-mato-grosso,corn,-13.5,-56,NASA POWER MERRA-2 PRECTOTCORR
2017-05-08,0.16,corn-mato-grosso,corn,-13.5,-56,NASA POWER MERRA-2 PRECTOTCORR
2017-05-09,0.05,corn-mato-grosso,corn,-13.5,-56,NASA POWER MERRA-2 PRECTOTCORR
2017-05-10,0.05,corn-mato-grosso,corn,-13.5,-56,NASA POWER MERRA-2 PRECTOTCORR
2017-05-11,0.01,corn-mato-grosso,corn,-13.5,-56,NASA POWER MERRA-2 PRECTOTCORR
2017-05-12,0.04,corn-mato-grosso,corn,-13.5,-56,NASA POWER MERRA-2 PRECTOTCORR
2017-05-13,0.6,corn-mato-grosso,corn,-13.5,-56,NASA POWER MERRA-2 PRECTOTCORR
2017-05-14,0.19,corn-mato-grosso,corn,-13.5,-56,NASA POWER MERRA-2 PRECTOTCORR
2017-05-15,11.42,corn-mato-grosso,corn,-13.5,-56,NASA POWER MERRA-2 PRECTOTCORR
2017-05-16,6.56,corn-mato-grosso,corn,-13.5,-56,NASA POWER MERRA-2 PRECTOTCORR
2017-05-17,0.08,corn-mato-grosso,corn,-13.5,-56,NASA POWER MERRA-2 PRECTOTCORR
2017-05-18,0.04,corn-mato-grosso,corn,-13.5,-56,NASA POWER MERRA-2 PRECTOTCORR
2017-05-19,0.98,corn-mato-grosso,corn,-13.5,-56,NASA POWER MERRA-2 PRECTOTCORR
2017-05-20,0.61,corn-mato-grosso,corn,-13.5,-56,NASA POWER MERRA-2 PRECTOTCORR
2017-05-21,7.29,corn-mato-grosso,corn,-13.5,-56,NASA POWER MERRA-2 PRECTOTCORR
2017-05-22,2.17,corn-mato-grosso,corn,-13.5,-56,NASA POWER MERRA-2 PRECTOTCORR
2017-05-23,1.5,corn-mato-grosso,corn,-13.5,-56,NASA POWER MERRA-2 PRECTOTCORR
2017-05-24,0.42,corn-mato-grosso,corn,-13.5,-56,NASA POWER MERRA-2 PRECTOTCORR
2017-05-25,0.08,corn-mato-grosso,corn,-13.5,-56,NASA POWER MERRA-2 PRECTOTCORR
2017-05-26,0.16,corn-mato-grosso,corn,-13.5,-56,NASA POWER MERRA-2 PRECTOTCORR
2017-05-27,0.02,corn-mato-grosso,corn,-13.5,-56,NASA POWER MERRA-2 PRECTOTCORR
2017-05-28,0.01,corn-mato-grosso,corn,-13.5,-56,NASA POWER MERRA-2 PRECTOTCORR
2017-05-29,0,corn-mato-grosso,corn,-13.5,-56,NASA POWER MERRA-2 PRECTOTCORR
2017-05-30,0.13,corn-mato-grosso,corn,-13.5,-56,NASA POWER MERRA-2 PRECTOTCORR
2017-05-31,0.66,corn-mato-grosso,corn,-13.5,-56,NASA POWER MERRA-2 PRECTOTCORR
2017-06-01,6.71,corn-mato-grosso,corn,-13.5,-56,NASA POWER MERRA-2 PRECTOTCORR
2017-06-02,1.47,corn-mato-grosso,corn,-13.5,-56,NASA POWER MERRA-2 PRECTOTCORR
2017-06-03,0.17,corn-mato-grosso,corn,-13.5,-56,NASA POWER MERRA-2 PRECTOTCORR
2017-06-04,0.23,corn-mato-grosso,corn,-13.5,-56,NASA POWER MERRA-2 PRECTOTCORR
2017-06-05,0.35,corn-mato-grosso,corn,-13.5,-56,NASA POWER MERRA-2 PRECTOTCORR
2017-06-06,0.55,corn-mato-grosso,corn,-13.5,-56,NASA POWER MERRA-2 PRECTOTCORR
2017-06-07,0.1,corn-mato-grosso,corn,-13.5,-56,NASA POWER MERRA-2 PRECTOTCORR
2017-06-08,0,corn-mato-grosso,corn,-13.5,-56,NASA POWER MERRA-2 PRECTOTCORR
2017-06-09,0,corn-mato-grosso,corn,-13.5,-56,NASA POWER MERRA-2 PRECTOTCORR
2017-06-10,0,corn-mato-grosso,corn,-13.5,-56,NASA POWER MERRA-2 PRECTOTCORR
2017-06-11,0,corn-mato-grosso,corn,-13.5,-56,NASA POWER MERRA-2 PRECTOTCORR
2017-06-12,0,corn-mato-grosso,corn,-13.5,-56,NASA POWER MERRA-2 PRECTOTCORR
2017-06-13,0,corn-mato-grosso,corn,-13.5,-56,NASA POWER MERRA-2 PRECTOTCORR
2017-06-14,0,corn-mato-grosso,corn,-13.5,-56,NASA POWER MERRA-2 PRECTOTCORR
2017-06-15,0.01,corn-mato-grosso,corn,-13.5,-56,NASA POWER MERRA-2 PRECTOTCORR
2017-06-16,0.03,corn-mato-grosso,corn,-13.5,-56,NASA POWER MERRA-2 PRECTOTCORR
2017-06-17,0,corn-mato-grosso,corn,-13.5,-56,NASA POWER MERRA-2 PRECTOTCORR
2017-06-18,0,corn-mato-grosso,corn,-13.5,-56,NASA POWER MERRA-2 PRECTOTCORR
2017-06-19,0,corn-mato-grosso,corn,-13.5,-56,NASA POWER MERRA-2 PRECTOTCORR
2017-06-20,0,corn-mato-grosso,corn,-13.5,-56,NASA POWER MERRA-2 PRECTOTCORR
2017-06-21,0,corn-mato-grosso,corn,-13.5,-56,NASA POWER MERRA-2 PRECTOTCORR
2017-06-22,0,corn-mato-grosso,corn,-13.5,-56,NASA POWER MERRA-2 PRECTOTCORR
2017-06-23,0,corn-mato-grosso,corn,-13.5,-56,NASA POWER MERRA-2 PRECTOTCORR
2017-06-24,0,corn-mato-grosso,corn,-13.5,-56,NASA POWER MERRA-2 PRECTOTCORR
2017-06-25,0,corn-mato-grosso,corn,-13.5,-56,NASA POWER MERRA-2 PRECTOTCORR
2017-06-26,0,corn-mato-grosso,corn,-13.5,-56,NASA POWER MERRA-2 PRECTOTCORR
2017-06-27,0,corn-mato-grosso,corn,-13.5,-56,NASA POWER MERRA-2 PRECTOTCORR
2017-06-28,0,corn-mato-grosso,corn,-13.5,-56,NASA POWER MERRA-2 PRECTOTCORR
2017-06-29,0,corn-mato-grosso,corn,-13.5,-56,NASA POWER MERRA-2 PRECTOTCORR
2017-06-30,0,corn-mato-grosso,corn,-13.5,-56,NASA POWER MERRA-2 PRECTOTCORR
2017-07-01,0,corn-mato-grosso,corn,-13.5,-56,NASA POWER MERRA-2 PRECTOTCORR
2017-07-02,0,corn-mato-grosso,corn,-13.5,-56,NASA POWER MERRA-2 PRECTOTCORR
2017-07-03,0,corn-mato-grosso,corn,-13.5,-56,NASA POWER MERRA-2 PRECTOTCORR
2017-07-04,0,corn-mato-grosso,corn,-13.5,-56,NASA POWER MERRA-2 PRECTOTCORR
2017-07-05,0,corn-mato-grosso,corn,-13.5,-56,NASA POWER MERRA-2 PRECTOTCORR
2017-07-06,0,corn-mato-grosso,corn,-13.5,-56,NASA POWER MERRA-2 PRECTOTCORR
2017-07-07,0,corn-mato-grosso,corn,-13.5,-56,NASA POWER MERRA-2 PRECTOTCORR
2017-07-08,0,corn-mato-grosso,corn,-13.5,-56,NASA POWER MERRA-2 PRECTOTCORR
2017-07-09,0,corn-mato-grosso,corn,-13.5,-56,NASA POWER MERRA-2 PRECTOTCORR
2017-07-10,0,corn-mato-grosso,corn,-13.5,-56,NASA POWER MERRA-2 PRECTOTCORR
2017-07-11,0,corn-mato-grosso,corn,-13.5,-56,NASA POWER MERRA-2 PRECTOTCORR
2017-07-12,0,corn-mato-grosso,corn,-13.5,-56,NASA POWER MERRA-2 PRECTOTCORR
2017-07-13,0,corn-mato-grosso,corn,-13.5,-56,NASA POWER MERRA-2 PRECTOTCORR
2017-07-14,0,corn-mato-grosso,corn,-13.5,-56,NASA POWER MERRA-2 PRECTOTCORR
2017-07-15,0,corn-mato-grosso,corn,-13.5,-56,NASA POWER MERRA-2 PRECTOTCORR
2017-07-16,0,corn-mato-grosso,corn,-13.5,-56,NASA POWER MERRA-2 PRECTOTCORR
2017-07-17,0,corn-mato-grosso,corn,-13.5,-56,NASA POWER MERRA-2 PRECTOTCORR
2017-07-18,0,corn-mato-grosso,corn,-13.5,-56,NASA POWER MERRA-2 PRECTOTCORR
2017-07-19,0,corn-mato-grosso,corn,-13.5,-56,NASA POWER MERRA-2 PRECTOTCORR
2017-07-20,0,corn-mato-grosso,corn,-13.5,-56,NASA POWER MERRA-2 PRECTOTCORR
2017-07-21,0,corn-mato-grosso,corn,-13.5,-56,NASA POWER MERRA-2 PRECTOTCORR
2017-07-22,0.01,corn-mato-grosso,corn,-13.5,-56,NASA POWER MERRA-2 PRECTOTCORR
2017-07-23,0,corn-mato-grosso,corn,-13.5,-56,NASA POWER MERRA-2 PRECTOTCORR
2017-07-24,0,corn-mato-grosso,corn,-13.5,-56,NASA POWER MERRA-2 PRECTOTCORR
2017-07-25,0,corn-mato-grosso,corn,-13.5,-56,NASA POWER MERRA-2 PRECTOTCORR
2017-07-26,0,corn-mato-grosso,corn,-13.5,-56,NASA POWER MERRA-2 PRECTOTCORR
2017-07-27,0,corn-mato-grosso,corn,-13.5,-56,NASA POWER MERRA-2 PRECTOTCORR
2017-07-28,0,corn-mato-grosso,corn,-13.5,-56,NASA POWER MERRA-2 PRECTOTCORR
2017-07-29,0,corn-mato-grosso,corn,-13.5,-56,NASA POWER MERRA-2 PRECTOTCORR
2017-07-30,0,corn-mato-grosso,corn,-13.5,-56,NASA POWER MERRA-2 PRECTOTCORR
2017-07-31,0,corn-mato-grosso,corn,-13.5,-56,NASA POWER MERRA-2 PRECTOTCORR
2017-08-01,0,corn-mato-grosso,corn,-13.5,-56,NASA POWER MERRA-2 PRECTOTCORR
2017-08-02,0,corn-mato-grosso,corn,-13.5,-56,NASA POWER MERRA-2 PRECTOTCORR
2017-08-03,0,corn-mato-grosso,corn,-13.5,-56,NASA POWER MERRA-2 PRECTOTCORR
2017-08-04,0,corn-mato-grosso,corn,-13.5,-56,NASA POWER MERRA-2 PRECTOTCORR
2017-08-05,0,corn-mato-grosso,corn,-13.5,-56,NASA POWER MERRA-2 PRECTOTCORR
2017-08-06,0,corn-mato-grosso,corn,-13.5,-56,NASA POWER MERRA-2 PRECTOTCORR
2017-08-07,0,corn-mato-grosso,corn,-13.5,-56,NASA POWER MERRA-2 PRECTOTCORR
2017-08-08,0,corn-mato-grosso,corn,-13.5,-56,NASA POWER MERRA-2 PRECTOTCORR
2017-08-09,0,corn-mato-grosso,corn,-13.5,-56,NASA POWER MERRA-2 PRECTOTCORR
2017-08-10,0,corn-mato-grosso,corn,-13.5,-56,NASA POWER MERRA-2 PRECTOTCORR
2017-08-11,0,corn-mato-grosso,corn,-13.5,-56,NASA POWER MERRA-2 PRECTOTCORR
2017-08-12,0.05,corn-mato-grosso,corn,-13.5,-56,NASA POWER MERRA-2 PRECTOTCORR
2017-08-13,3.78,corn-mato-grosso,corn,-13.5,-56,NASA POWER MERRA-2 PRECTOTCORR
2017-08-14,4.99,corn-mato-grosso,corn,-13.5,-56,NASA POWER MERRA-2 PRECTOTCORR
2017-08-15,0.09,corn-mato-grosso,corn,-13.5,-56,NASA POWER MERRA-2 PRECTOTCORR
2017-08-16,0.01,corn-mato-grosso,corn,-13.5,-56,NASA POWER MERRA-2 PRECTOTCORR
2017-08-17,10.19,corn-mato-grosso,corn,-13.5,-56,NASA POWER MERRA-2 PRECTOTCORR
2017-08-18,1.97,corn-mato-grosso,corn,-13.5,-56,NASA POWER MERRA-2 PRECTOTCORR
2017-08-19,0.08,corn-mato-grosso,corn,-13.5,-56,NASA POWER MERRA-2 PRECTOTCORR
2017-08-20,2.11,corn-mato-grosso,corn,-13.5,-56,NASA POWER MERRA-2 PRECTOTCORR
2017-08-21,0.65,corn-mato-grosso,corn,-13.5,-56,NASA POWER MERRA-2 PRECTOTCORR
2017-08-22,0,corn-mato-grosso,corn,-13.5,-56,NASA POWER MERRA-2 PRECTOTCORR
2017-08-23,0.01,corn-mato-grosso,corn,-13.5,-56,NASA POWER MERRA-2 PRECTOTCORR
2017-08-24,0,corn-mato-grosso,corn,-13.5,-56,NASA POWER MERRA-2 PRECTOTCORR
2017-08-25,0,corn-mato-grosso,corn,-13.5,-56,NASA POWER MERRA-2 PRECTOTCORR
2017-08-26,0,corn-mato-grosso,corn,-13.5,-56,NASA POWER MERRA-2 PRECTOTCORR
2017-08-27,0,corn-mato-grosso,corn,-13.5,-56,NASA POWER MERRA-2 PRECTOTCORR
2017-08-28,0.01,corn-mato-grosso,corn,-13.5,-56,NASA POWER MERRA-2 PRECTOTCORR
2017-08-29,0,corn-mato-grosso,corn,-13.5,-56,NASA POWER MERRA-2 PRECTOTCORR
2017-08-30,0.02,corn-mato-grosso,corn,-13.5,-56,NASA POWER MERRA-2 PRECTOTCORR
2017-08-31,0,corn-mato-grosso,corn,-13.5,-56,NASA POWER MERRA-2 PRECTOTCORR
2017-09-01,0.49,corn-mato-grosso,corn,-13.5,-56,NASA POWER MERRA-2 PRECTOTCORR
2017-09-02,0,corn-mato-grosso,corn,-13.5,-56,NASA POWER MERRA-2 PRECTOTCORR
2017-09-03,0,corn-mato-grosso,corn,-13.5,-56,NASA POWER MERRA-2 PRECTOTCORR
2017-09-04,0,corn-mato-grosso,corn,-13.5,-56,NASA POWER MERRA-2 PRECTOTCORR
2017-09-05,0.01,corn-mato-grosso,corn,-13.5,-56,NASA POWER MERRA-2 PRECTOTCORR
2017-09-06,0,corn-mato-grosso,corn,-13.5,-56,NASA POWER MERRA-2 PRECTOTCORR
2017-09-07,0.02,corn-mato-grosso,corn,-13.5,-56,NASA POWER MERRA-2 PRECTOTCORR
2017-09-08,0,corn-mato-grosso,corn,-13.5,-56,NASA POWER MERRA-2 PRECTOTCORR
2017-09-09,0.11,corn-mato-grosso,corn,-13.5,-56,NASA POWER MERRA-2 PRECTOTCORR
2017-09-10,5.37,corn-mato-grosso,corn,-13.5,-56,NASA POWER MERRA-2 PRECTOTCORR
2017-09-11,2.78,corn-mato-grosso,corn,-13.5,-56,NASA POWER MERRA-2 PRECTOTCORR
2017-09-12,0.68,corn-mato-grosso,corn,-13.5,-56,NASA POWER MERRA-2 PRECTOTCORR
2017-09-13,1.67,corn-mato-grosso,corn,-13.5,-56,NASA POWER MERRA-2 PRECTOTCORR
2017-09-14,0.99,corn-mato-grosso,corn,-13.5,-56,NASA POWER MERRA-2 PRECTOTCORR
2017-09-15,1.8,corn-mato-grosso,corn,-13.5,-56,NASA POWER MERRA-2 PRECTOTCORR
2017-09-16,0.71,corn-mato-grosso,corn,-13.5,-56,NASA POWER MERRA-2 PRECTOTCORR
2017-09-17,0.96,corn-mato-grosso,corn,-13.5,-56,NASA POWER MERRA-2 PRECTOTCORR
2017-09-18,0,corn-mato-grosso,corn,-13.5,-56,NASA POWER MERRA-2 PRECTOTCORR
2017-09-19,0.98,corn-mato-grosso,corn,-13.5,-56,NASA POWER MERRA-2 PRECTOTCORR
2017-09-20,0.18,corn-mato-grosso,corn,-13.5,-56,NASA POWER MERRA-2 PRECTOTCORR
2017-09-21,1.5,corn-mato-grosso,corn,-13.5,-56,NASA POWER MERRA-2 PRECTOTCORR
2017-09-22,0.15,corn-mato-grosso,corn,-13.5,-56,NASA POWER MERRA-2 PRECTOTCORR
2017-09-23,0.2,corn-mato-grosso,corn,-13.5,-56,NASA POWER MERRA-2 PRECTOTCORR
2017-09-24,0.45,corn-mato-grosso,corn,-13.5,-56,NASA POWER MERRA-2 PRECTOTCORR
2017-09-25,1.51,corn-mato-grosso,corn,-13.5,-56,NASA POWER MERRA-2 PRECTOTCORR
2017-09-26,1.66,corn-mato-grosso,corn,-13.5,-56,NASA POWER MERRA-2 PRECTOTCORR
2017-09-27,7.68,corn-mato-grosso,corn,-13.5,-56,NASA POWER MERRA-2 PRECTOTCORR
2017-09-28,28.77,corn-mato-grosso,corn,-13.5,-56,NASA POWER MERRA-2 PRECTOTCORR
2017-09-29,0.23,corn-mato-grosso,corn,-13.5,-56,NASA POWER MERRA-2 PRECTOTCORR
2017-09-30,0.14,corn-mato-grosso,corn,-13.5,-56,NASA POWER MERRA-2 PRECTOTCORR
2017-10-01,0.06,corn-mato-grosso,corn,-13.5,-56,NASA POWER MERRA-2 PRECTOTCORR
2017-10-02,32,corn-mato-grosso,corn,-13.5,-56,NASA POWER MERRA-2 PRECTOTCORR
2017-10-03,2.33,corn-mato-grosso,corn,-13.5,-56,NASA POWER MERRA-2 PRECTOTCORR
2017-10-04,0.07,corn-mato-grosso,corn,-13.5,-56,NASA POWER MERRA-2 PRECTOTCORR
2017-10-05,3.24,corn-mato-grosso,corn,-13.5,-56,NASA POWER MERRA-2 PRECTOTCORR
2017-10-06,0.35,corn-mato-grosso,corn,-13.5,-56,NASA POWER MERRA-2 PRECTOTCORR
2017-10-07,0,corn-mato-grosso,corn,-13.5,-56,NASA POWER MERRA-2 PRECTOTCORR
2017-10-08,0,corn-mato-grosso,corn,-13.5,-56,NASA POWER MERRA-2 PRECTOTCORR
2017-10-09,0.05,corn-mato-grosso,corn,-13.5,-56,NASA POWER MERRA-2 PRECTOTCORR
2017-10-10,0,corn-mato-grosso,corn,-13.5,-56,NASA POWER MERRA-2 PRECTOTCORR
2017-10-11,0.2,corn-mato-grosso,corn,-13.5,-56,NASA POWER MERRA-2 PRECTOTCORR
2017-10-12,0.84,corn-mato-grosso,corn,-13.5,-56,NASA POWER MERRA-2 PRECTOTCORR
2017-10-13,0.01,corn-mato-grosso,corn,-13.5,-56,NASA POWER MERRA-2 PRECTOTCORR
2017-10-14,0,corn-mato-grosso,corn,-13.5,-56,NASA POWER MERRA-2 PRECTOTCORR
2017-10-15,0,corn-mato-grosso,corn,-13.5,-56,NASA POWER MERRA-2 PRECTOTCORR
2017-10-16,1.74,corn-mato-grosso,corn,-13.5,-56,NASA POWER MERRA-2 PRECTOTCORR
2017-10-17,2.09,corn-mato-grosso,corn,-13.5,-56,NASA POWER MERRA-2 PRECTOTCORR
2017-10-18,0.02,corn-mato-grosso,corn,-13.5,-56,NASA POWER MERRA-2 PRECTOTCORR
2017-10-19,0.03,corn-mato-grosso,corn,-13.5,-56,NASA POWER MERRA-2 PRECTOTCORR
2017-10-20,1.05,corn-mato-grosso,corn,-13.5,-56,NASA POWER MERRA-2 PRECTOTCORR
2017-10-21,6.06,corn-mato-grosso,corn,-13.5,-56,NASA POWER MERRA-2 PRECTOTCORR
2017-10-22,10.29,corn-mato-grosso,corn,-13.5,-56,NASA POWER MERRA-2 PRECTOTCORR
2017-10-23,0.63,corn-mato-grosso,corn,-13.5,-56,NASA POWER MERRA-2 PRECTOTCORR
2017-10-24,0.31,corn-mato-grosso,corn,-13.5,-56,NASA POWER MERRA-2 PRECTOTCORR
2017-10-25,0.03,corn-mato-grosso,corn,-13.5,-56,NASA POWER MERRA-2 PRECTOTCORR
2017-10-26,0.62,corn-mato-grosso,corn,-13.5,-56,NASA POWER MERRA-2 PRECTOTCORR
2017-10-27,11.51,corn-mato-grosso,corn,-13.5,-56,NASA POWER MERRA-2 PRECTOTCORR
2017-10-28,0.87,corn-mato-grosso,corn,-13.5,-56,NASA POWER MERRA-2 PRECTOTCORR
2017-10-29,3.36,corn-mato-grosso,corn,-13.5,-56,NASA POWER MERRA-2 PRECTOTCORR
2017-10-30,1.29,corn-mato-grosso,corn,-13.5,-56,NASA POWER MERRA-2 PRECTOTCORR
2017-10-31,3.36,corn-mato-grosso,corn,-13.5,-56,NASA POWER MERRA-2 PRECTOTCORR
2017-11-01,0.65,corn-mato-grosso,corn,-13.5,-56,NASA POWER MERRA-2 PRECTOTCORR
2017-11-02,0.04,corn-mato-grosso,corn,-13.5,-56,NASA POWER MERRA-2 PRECTOTCORR
2017-11-03,2.87,corn-mato-grosso,corn,-13.5,-56,NASA POWER MERRA-2 PRECTOTCORR
2017-11-04,3.06,corn-mato-grosso,corn,-13.5,-56,NASA POWER MERRA-2 PRECTOTCORR
2017-11-05,1.92,corn-mato-grosso,corn,-13.5,-56,NASA POWER MERRA-2 PRECTOTCORR
2017-11-06,20.93,corn-mato-grosso,corn,-13.5,-56,NASA POWER MERRA-2 PRECTOTCORR
2017-11-07,2.65,corn-mato-grosso,corn,-13.5,-56,NASA POWER MERRA-2 PRECTOTCORR
2017-11-08,7.43,corn-mato-grosso,corn,-13.5,-56,NASA POWER MERRA-2 PRECTOTCORR
2017-11-09,1.04,corn-mato-grosso,corn,-13.5,-56,NASA POWER MERRA-2 PRECTOTCORR
2017-11-10,7.76,corn-mato-grosso,corn,-13.5,-56,NASA POWER MERRA-2 PRECTOTCORR
2017-11-11,5.53,corn-mato-grosso,corn,-13.5,-56,NASA POWER MERRA-2 PRECTOTCORR
2017-11-12,10.85,corn-mato-grosso,corn,-13.5,-56,NASA POWER MERRA-2 PRECTOTCORR
2017-11-13,1.39,corn-mato-grosso,corn,-13.5,-56,NASA POWER MERRA-2 PRECTOTCORR
2017-11-14,1.35,corn-mato-grosso,corn,-13.5,-56,NASA POWER MERRA-2 PRECTOTCORR
2017-11-15,2.11,corn-mato-grosso,corn,-13.5,-56,NASA POWER MERRA-2 PRECTOTCORR
2017-11-16,7.59,corn-mato-grosso,corn,-13.5,-56,NASA POWER MERRA-2 PRECTOTCORR
2017-11-17,4.7,corn-mato-grosso,corn,-13.5,-56,NASA POWER MERRA-2 PRECTOTCORR
2017-11-18,11.49,corn-mato-grosso,corn,-13.5,-56,NASA POWER MERRA-2 PRECTOTCORR
2017-11-19,2.22,corn-mato-grosso,corn,-13.5,-56,NASA POWER MERRA-2 PRECTOTCORR
2017-11-20,0.53,corn-mato-grosso,corn,-13.5,-56,NASA POWER MERRA-2 PRECTOTCORR
2017-11-21,2.77,corn-mato-grosso,corn,-13.5,-56,NASA POWER MERRA-2 PRECTOTCORR
2017-11-22,21.07,corn-mato-grosso,corn,-13.5,-56,NASA POWER MERRA-2 PRECTOTCORR
2017-11-23,12.68,corn-mato-grosso,corn,-13.5,-56,NASA POWER MERRA-2 PRECTOTCORR
2017-11-24,6.58,corn-mato-grosso,corn,-13.5,-56,NASA POWER MERRA-2 PRECTOTCORR
2017-11-25,1.51,corn-mato-grosso,corn,-13.5,-56,NASA POWER MERRA-2 PRECTOTCORR
2017-11-26,8.95,corn-mato-grosso,corn,-13.5,-56,NASA POWER MERRA-2 PRECTOTCORR
2017-11-27,1.54,corn-mato-grosso,corn,-13.5,-56,NASA POWER MERRA-2 PRECTOTCORR
2017-11-28,5.58,corn-mato-grosso,corn,-13.5,-56,NASA POWER MERRA-2 PRECTOTCORR
2017-11-29,3.21,corn-mato-grosso,corn,-13.5,-56,NASA POWER MERRA-2 PRECTOTCORR
2017-11-30,11.29,corn-mato-grosso,corn,-13.5,-56,NASA POWER MERRA-2 PRECTOTCORR
2017-12-01,5.9,corn-mato-grosso,corn,-13.5,-56,NASA POWER MERRA-2 PRECTOTCORR
2017-12-02,2.54,corn-mato-grosso,corn,-13.5,-56,NASA POWER MERRA-2 PRECTOTCORR
2017-12-03,8.45,corn-mato-grosso,corn,-13.5,-56,NASA POWER MERRA-2 PRECTOTCORR
2017-12-04,3.57,corn-mato-grosso,corn,-13.5,-56,NASA POWER MERRA-2 PRECTOTCORR
2017-12-05,0.45,corn-mato-grosso,corn,-13.5,-56,NASA POWER MERRA-2 PRECTOTCORR
2017-12-06,12.85,corn-mato-grosso,corn,-13.5,-56,NASA POWER MERRA-2 PRECTOTCORR
2017-12-07,1.65,corn-mato-grosso,corn,-13.5,-56,NASA POWER MERRA-2 PRECTOTCORR
2017-12-08,10.4,corn-mato-grosso,corn,-13.5,-56,NASA POWER MERRA-2 PRECTOTCORR
2017-12-09,25.25,corn-mato-grosso,corn,-13.5,-56,NASA POWER MERRA-2 PRECTOTCORR
2017-12-10,18.88,corn-mato-grosso,corn,-13.5,-56,NASA POWER MERRA-2 PRECTOTCORR
2017-12-11,20.84,corn-mato-grosso,corn,-13.5,-56,NASA POWER MERRA-2 PRECTOTCORR
2017-12-12,0.52,corn-mato-grosso,corn,-13.5,-56,NASA POWER MERRA-2 PRECTOTCORR
2017-12-13,1.46,corn-mato-grosso,corn,-13.5,-56,NASA POWER MERRA-2 PRECTOTCORR
2017-12-14,2.77,corn-mato-grosso,corn,-13.5,-56,NASA POWER MERRA-2 PRECTOTCORR
2017-12-15,4.82,corn-mato-grosso,corn,-13.5,-56,NASA POWER MERRA-2 PRECTOTCORR
2017-12-16,9.1,corn-mato-grosso,corn,-13.5,-56,NASA POWER MERRA-2 PRECTOTCORR
2017-12-17,9.73,corn-mato-grosso,corn,-13.5,-56,NASA POWER MERRA-2 PRECTOTCORR
2017-12-18,3.43,corn-mato-grosso,corn,-13.5,-56,NASA POWER MERRA-2 PRECTOTCORR
2017-12-19,8.22,corn-mato-grosso,corn,-13.5,-56,NASA POWER MERRA-2 PRECTOTCORR
2017-12-20,6.64,corn-mato-grosso,corn,-13.5,-56,NASA POWER MERRA-2 PRECTOTCORR
2017-12-21,5.48,corn-mato-grosso,corn,-13.5,-56,NASA POWER MERRA-2 PRECTOTCORR
2017-12-22,9.13,corn-mato-grosso,corn,-13.5,-56,NASA POWER MERRA-2 PRECTOTCORR
2017-12-23,1.97,corn-mato-grosso,corn,-13.5,-56,NASA POWER MERRA-2 PRECTOTCORR
2017-12-24,1.76,corn-mato-grosso,corn,-13.5,-56,NASA POWER MERRA-2 PRECTOTCORR
2017-12-25,8.21,corn-mato-grosso,corn,-13.5,-56,NASA POWER MERRA-2 PRECTOTCORR
2017-12-26,5.37,corn-mato-grosso,corn,-13.5,-56,NASA POWER MERRA-2 PRECTOTCORR
2017-12-27,0.27,corn-mato-grosso,corn,-13.5,-56,NASA POWER MERRA-2 PRECTOTCORR
2017-12-28,5.38,corn-mato-grosso,corn,-13.5,-56,NASA POWER MERRA-2 PRECTOTCORR
2017-12-29,8.93,corn-mato-grosso,corn,-13.5,-56,NASA POWER MERRA-2 PRECTOTCORR
2017-12-30,3.68,corn-mato-grosso,corn,-13.5,-56,NASA POWER MERRA-2 PRECTOTCORR
2017-12-31,9.12,corn-mato-grosso,corn,-13.5,-56,NASA POWER MERRA-2 PRECTOTCORR
2018-01-01,7.15,corn-mato-grosso,corn,-13.5,-56,NASA POWER MERRA-2 PRECTOTCORR
2018-01-02,31.1,corn-mato-grosso,corn,-13.5,-56,NASA POWER MERRA-2 PRECTOTCORR
2018-01-03,6.4,corn-mato-grosso,corn,-13.5,-56,NASA POWER MERRA-2 PRECTOTCORR
2018-01-04,9.34,corn-mato-grosso,corn,-13.5,-56,NASA POWER MERRA-2 PRECTOTCORR
2018-01-05,2.54,corn-mato-grosso,corn,-13.5,-56,NASA POWER MERRA-2 PRECTOTCORR
2018-01-06,15.27,corn-mato-grosso,corn,-13.5,-56,NASA POWER MERRA-2 PRECTOTCORR
2018-01-07,13.43,corn-mato-grosso,corn,-13.5,-56,NASA POWER MERRA-2 PRECTOTCORR
2018-01-08,20.04,corn-mato-grosso,corn,-13.5,-56,NASA POWER MERRA-2 PRECTOTCORR
2018-01-09,10.35,corn-mato-grosso,corn,-13.5,-56,NASA POWER MERRA-2 PRECTOTCORR
2018-01-10,2.48,corn-mato-grosso,corn,-13.5,-56,NASA POWER MERRA-2 PRECTOTCORR
2018-01-11,5.04,corn-mato-grosso,corn,-13.5,-56,NASA POWER MERRA-2 PRECTOTCORR
2018-01-12,5.32,corn-mato-grosso,corn,-13.5,-56,NASA POWER MERRA-2 PRECTOTCORR
2018-01-13,1.82,corn-mato-grosso,corn,-13.5,-56,NASA POWER MERRA-2 PRECTOTCORR
2018-01-14,3.6,corn-mato-grosso,corn,-13.5,-56,NASA POWER MERRA-2 PRECTOTCORR
2018-01-15,5.83,corn-mato-grosso,corn,-13.5,-56,NASA POWER MERRA-2 PRECTOTCORR
2018-01-16,2.72,corn-mato-grosso,corn,-13.5,-56,NASA POWER MERRA-2 PRECTOTCORR
2018-01-17,0.79,corn-mato-grosso,corn,-13.5,-56,NASA POWER MERRA-2 PRECTOTCORR
2018-01-18,0.34,corn-mato-grosso,corn,-13.5,-56,NASA POWER MERRA-2 PRECTOTCORR
2018-01-19,0.74,corn-mato-grosso,corn,-13.5,-56,NASA POWER MERRA-2 PRECTOTCORR
2018-01-20,4.38,corn-mato-grosso,corn,-13.5,-56,NASA POWER MERRA-2 PRECTOTCORR
2018-01-21,6.73,corn-mato-grosso,corn,-13.5,-56,NASA POWER MERRA-2 PRECTOTCORR
2018-01-22,2.53,corn-mato-grosso,corn,-13.5,-56,NASA POWER MERRA-2 PRECTOTCORR
2018-01-23,2.06,corn-mato-grosso,corn,-13.5,-56,NASA POWER MERRA-2 PRECTOTCORR
2018-01-24,2.62,corn-mato-grosso,corn,-13.5,-56,NASA POWER MERRA-2 PRECTOTCORR
2018-01-25,10.27,corn-mato-grosso,corn,-13.5,-56,NASA POWER MERRA-2 PRECTOTCORR
2018-01-26,8.06,corn-mato-grosso,corn,-13.5,-56,NASA POWER MERRA-2 PRECTOTCORR
2018-01-27,9.25,corn-mato-grosso,corn,-13.5,-56,NASA POWER MERRA-2 PRECTOTCORR
2018-01-28,20.19,corn-mato-grosso,corn,-13.5,-56,NASA POWER MERRA-2 PRECTOTCORR
2018-01-29,44.32,corn-mato-grosso,corn,-13.5,-56,NASA POWER MERRA-2 PRECTOTCORR
2018-01-30,9.35,corn-mato-grosso,corn,-13.5,-56,NASA POWER MERRA-2 PRECTOTCORR
2018-01-31,21.81,corn-mato-grosso,corn,-13.5,-56,NASA POWER MERRA-2 PRECTOTCORR
2018-02-01,2.42,corn-mato-grosso,corn,-13.5,-56,NASA POWER MERRA-2 PRECTOTCORR
2018-02-02,5.64,corn-mato-grosso,corn,-13.5,-56,NASA POWER MERRA-2 PRECTOTCORR
2018-02-03,15.16,corn-mato-grosso,corn,-13.5,-56,NASA POWER MERRA-2 PRECTOTCORR
2018-02-04,27.95,corn-mato-grosso,corn,-13.5,-56,NASA POWER MERRA-2 PRECTOTCORR
2018-02-05,3.24,corn-mato-grosso,corn,-13.5,-56,NASA POWER MERRA-2 PRECTOTCORR
2018-02-06,6.95,corn-mato-grosso,corn,-13.5,-56,NASA POWER MERRA-2 PRECTOTCORR
2018-02-07,35.54,corn-mato-grosso,corn,-13.5,-56,NASA POWER MERRA-2 PRECTOTCORR
2018-02-08,38.69,corn-mato-grosso,corn,-13.5,-56,NASA POWER MERRA-2 PRECTOTCORR
2018-02-09,10.76,corn-mato-grosso,corn,-13.5,-56,NASA POWER MERRA-2 PRECTOTCORR
2018-02-10,11.16,corn-mato-grosso,corn,-13.5,-56,NASA POWER MERRA-2 PRECTOTCORR
2018-02-11,6.97,corn-mato-grosso,corn,-13.5,-56,NASA POWER MERRA-2 PRECTOTCORR
2018-02-12,1.63,corn-mato-grosso,corn,-13.5,-56,NASA POWER MERRA-2 PRECTOTCORR
2018-02-13,0.35,corn-mato-grosso,corn,-13.5,-56,NASA POWER MERRA-2 PRECTOTCORR
2018-02-14,23.57,corn-mato-grosso,corn,-13.5,-56,NASA POWER MERRA-2 PRECTOTCORR
2018-02-15,7.31,corn-mato-grosso,corn,-13.5,-56,NASA POWER MERRA-2 PRECTOTCORR
2018-02-16,0.01,corn-mato-grosso,corn,-13.5,-56,NASA POWER MERRA-2 PRECTOTCORR
2018-02-17,15.38,corn-mato-grosso,corn,-13.5,-56,NASA POWER MERRA-2 PRECTOTCORR
2018-02-18,17.97,corn-mato-grosso,corn,-13.5,-56,NASA POWER MERRA-2 PRECTOTCORR
2018-02-19,17.56,corn-mato-grosso,corn,-13.5,-56,NASA POWER MERRA-2 PRECTOTCORR
2018-02-20,20.69,corn-mato-grosso,corn,-13.5,-56,NASA POWER MERRA-2 PRECTOTCORR
2018-02-21,30.94,corn-mato-grosso,corn,-13.5,-56,NASA POWER MERRA-2 PRECTOTCORR
2018-02-22,44.91,corn-mato-grosso,corn,-13.5,-56,NASA POWER MERRA-2 PRECTOTCORR
2018-02-23,21.48,corn-mato-grosso,corn,-13.5,-56,NASA POWER MERRA-2 PRECTOTCORR
2018-02-24,0.89,corn-mato-grosso,corn,-13.5,-56,NASA POWER MERRA-2 PRECTOTCORR
2018-02-25,1.85,corn-mato-grosso,corn,-13.5,-56,NASA POWER MERRA-2 PRECTOTCORR
2018-02-26,3.75,corn-mato-grosso,corn,-13.5,-56,NASA POWER MERRA-2 PRECTOTCORR
2018-02-27,0.09,corn-mato-grosso,corn,-13.5,-56,NASA POWER MERRA-2 PRECTOTCORR
2018-02-28,0.03,corn-mato-grosso,corn,-13.5,-56,NASA POWER MERRA-2 PRECTOTCORR
2018-03-01,0,corn-mato-grosso,corn,-13.5,-56,NASA POWER MERRA-2 PRECTOTCORR
2018-03-02,0.38,corn-mato-grosso,corn,-13.5,-56,NASA POWER MERRA-2 PRECTOTCORR
2018-03-03,0.01,corn-mato-grosso,corn,-13.5,-56,NASA POWER MERRA-2 PRECTOTCORR
2018-03-04,0,corn-mato-grosso,corn,-13.5,-56,NASA POWER MERRA-2 PRECTOTCORR
2018-03-05,1.1,corn-mato-grosso,corn,-13.5,-56,NASA POWER MERRA-2 PRECTOTCORR
2018-03-06,8.41,corn-mato-grosso,corn,-13.5,-56,NASA POWER MERRA-2 PRECTOTCORR
2018-03-07,64.55,corn-mato-grosso,corn,-13.5,-56,NASA POWER MERRA-2 PRECTOTCORR
2018-03-08,5.87,corn-mato-grosso,corn,-13.5,-56,NASA POWER MERRA-2 PRECTOTCORR
2018-03-09,0.48,corn-mato-grosso,corn,-13.5,-56,NASA POWER MERRA-2 PRECTOTCORR
2018-03-10,36.32,corn-mato-grosso,corn,-13.5,-56,NASA POWER MERRA-2 PRECTOTCORR
2018-03-11,26.19,corn-mato-grosso,corn,-13.5,-56,NASA POWER MERRA-2 PRECTOTCORR
2018-03-12,11.71,corn-mato-grosso,corn,-13.5,-56,NASA POWER MERRA-2 PRECTOTCORR
2018-03-13,12.94,corn-mato-grosso,corn,-13.5,-56,NASA POWER MERRA-2 PRECTOTCORR
2018-03-14,2.01,corn-mato-grosso,corn,-13.5,-56,NASA POWER MERRA-2 PRECTOTCORR
2018-03-15,1.51,corn-mato-grosso,corn,-13.5,-56,NASA POWER MERRA-2 PRECTOTCORR
2018-03-16,0.08,corn-mato-grosso,corn,-13.5,-56,NASA POWER MERRA-2 PRECTOTCORR
2018-03-17,0.41,corn-mato-grosso,corn,-13.5,-56,NASA POWER MERRA-2 PRECTOTCORR
2018-03-18,12.06,corn-mato-grosso,corn,-13.5,-56,NASA POWER MERRA-2 PRECTOTCORR
2018-03-19,14.49,corn-mato-grosso,corn,-13.5,-56,NASA POWER MERRA-2 PRECTOTCORR
2018-03-20,13.39,corn-mato-grosso,corn,-13.5,-56,NASA POWER MERRA-2 PRECTOTCORR
2018-03-21,2.87,corn-mato-grosso,corn,-13.5,-56,NASA POWER MERRA-2 PRECTOTCORR
2018-03-22,5.24,corn-mato-grosso,corn,-13.5,-56,NASA POWER MERRA-2 PRECTOTCORR
2018-03-23,16.7,corn-mato-grosso,corn,-13.5,-56,NASA POWER MERRA-2 PRECTOTCORR
2018-03-24,5.81,corn-mato-grosso,corn,-13.5,-56,NASA POWER MERRA-2 PRECTOTCORR
2018-03-25,18.67,corn-mato-grosso,corn,-13.5,-56,NASA POWER MERRA-2 PRECTOTCORR
2018-03-26,21.29,corn-mato-grosso,corn,-13.5,-56,NASA POWER MERRA-2 PRECTOTCORR
2018-03-27,22.56,corn-mato-grosso,corn,-13.5,-56,NASA POWER MERRA-2 PRECTOTCORR
2018-03-28,3.15,corn-mato-grosso,corn,-13.5,-56,NASA POWER MERRA-2 PRECTOTCORR
2018-03-29,4.84,corn-mato-grosso,corn,-13.5,-56,NASA POWER MERRA-2 PRECTOTCORR
2018-03-30,8.92,corn-mato-grosso,corn,-13.5,-56,NASA POWER MERRA-2 PRECTOTCORR
2018-03-31,3.52,corn-mato-grosso,corn,-13.5,-56,NASA POWER MERRA-2 PRECTOTCORR
2018-04-01,6.16,corn-mato-grosso,corn,-13.5,-56,NASA POWER MERRA-2 PRECTOTCORR
2018-04-02,10.53,corn-mato-grosso,corn,-13.5,-56,NASA POWER MERRA-2 PRECTOTCORR
2018-04-03,5.17,corn-mato-grosso,corn,-13.5,-56,NASA POWER MERRA-2 PRECTOTCORR
2018-04-04,28.24,corn-mato-grosso,corn,-13.5,-56,NASA POWER MERRA-2 PRECTOTCORR
2018-04-05,5.96,corn-mato-grosso,corn,-13.5,-56,NASA POWER MERRA-2 PRECTOTCORR
2018-04-06,1.67,corn-mato-grosso,corn,-13.5,-56,NASA POWER MERRA-2 PRECTOTCORR
2018-04-07,40.63,corn-mato-grosso,corn,-13.5,-56,NASA POWER MERRA-2 PRECTOTCORR
2018-04-08,6.12,corn-mato-grosso,corn,-13.5,-56,NASA POWER MERRA-2 PRECTOTCORR
2018-04-09,3.02,corn-mato-grosso,corn,-13.5,-56,NASA POWER MERRA-2 PRECTOTCORR
2018-04-10,3.02,corn-mato-grosso,corn,-13.5,-56,NASA POWER MERRA-2 PRECTOTCORR
2018-04-11,2.33,corn-mato-grosso,corn,-13.5,-56,NASA POWER MERRA-2 PRECTOTCORR
2018-04-12,0.93,corn-mato-grosso,corn,-13.5,-56,NASA POWER MERRA-2 PRECTOTCORR
2018-04-13,0.92,corn-mato-grosso,corn,-13.5,-56,NASA POWER MERRA-2 PRECTOTCORR
2018-04-14,1.01,corn-mato-grosso,corn,-13.5,-56,NASA POWER MERRA-2 PRECTOTCORR
2018-04-15,0.12,corn-mato-grosso,corn,-13.5,-56,NASA POWER MERRA-2 PRECTOTCORR
2018-04-16,1.01,corn-mato-grosso,corn,-13.5,-56,NASA POWER MERRA-2 PRECTOTCORR
2018-04-17,6.63,corn-mato-grosso,corn,-13.5,-56,NASA POWER MERRA-2 PRECTOTCORR
2018-04-18,5.56,corn-mato-grosso,corn,-13.5,-56,NASA POWER MERRA-2 PRECTOTCORR
2018-04-19,3.75,corn-mato-grosso,corn,-13.5,-56,NASA POWER MERRA-2 PRECTOTCORR
2018-04-20,3.44,corn-mato-grosso,corn,-13.5,-56,NASA POWER MERRA-2 PRECTOTCORR
2018-04-21,0.04,corn-mato-grosso,corn,-13.5,-56,NASA POWER MERRA-2 PRECTOTCORR
2018-04-22,0,corn-mato-grosso,corn,-13.5,-56,NASA POWER MERRA-2 PRECTOTCORR
2018-04-23,0.04,corn-mato-grosso,corn,-13.5,-56,NASA POWER MERRA-2 PRECTOTCORR
2018-04-24,1.26,corn-mato-grosso,corn,-13.5,-56,NASA POWER MERRA-2 PRECTOTCORR
2018-04-25,0.99,corn-mato-grosso,corn,-13.5,-56,NASA POWER MERRA-2 PRECTOTCORR
2018-04-26,0.18,corn-mato-grosso,corn,-13.5,-56,NASA POWER MERRA-2 PRECTOTCORR
2018-04-27,0,corn-mato-grosso,corn,-13.5,-56,NASA POWER MERRA-2 PRECTOTCORR
2018-04-28,0.01,corn-mato-grosso,corn,-13.5,-56,NASA POWER MERRA-2 PRECTOTCORR
2018-04-29,0,corn-mato-grosso,corn,-13.5,-56,NASA POWER MERRA-2 PRECTOTCORR
2018-04-30,0.63,corn-mato-grosso,corn,-13.5,-56,NASA POWER MERRA-2 PRECTOTCORR
2018-05-01,0.15,corn-mato-grosso,corn,-13.5,-56,NASA POWER MERRA-2 PRECTOTCORR
2018-05-02,0.01,corn-mato-grosso,corn,-13.5,-56,NASA POWER MERRA-2 PRECTOTCORR
2018-05-03,0,corn-mato-grosso,corn,-13.5,-56,NASA POWER MERRA-2 PRECTOTCORR
2018-05-04,0.84,corn-mato-grosso,corn,-13.5,-56,NASA POWER MERRA-2 PRECTOTCORR
2018-05-05,0.75,corn-mato-grosso,corn,-13.5,-56,NASA POWER MERRA-2 PRECTOTCORR
2018-05-06,0.34,corn-mato-grosso,corn,-13.5,-56,NASA POWER MERRA-2 PRECTOTCORR
2018-05-07,0.16,corn-mato-grosso,corn,-13.5,-56,NASA POWER MERRA-2 PRECTOTCORR
2018-05-08,0.05,corn-mato-grosso,corn,-13.5,-56,NASA POWER MERRA-2 PRECTOTCORR
2018-05-09,0.01,corn-mato-grosso,corn,-13.5,-56,NASA POWER MERRA-2 PRECTOTCORR
2018-05-10,0,corn-mato-grosso,corn,-13.5,-56,NASA POWER MERRA-2 PRECTOTCORR
2018-05-11,0,corn-mato-grosso,corn,-13.5,-56,NASA POWER MERRA-2 PRECTOTCORR
2018-05-12,0,corn-mato-grosso,corn,-13.5,-56,NASA POWER MERRA-2 PRECTOTCORR
2018-05-13,1.85,corn-mato-grosso,corn,-13.5,-56,NASA POWER MERRA-2 PRECTOTCORR
2018-05-14,0.16,corn-mato-grosso,corn,-13.5,-56,NASA POWER MERRA-2 PRECTOTCORR
2018-05-15,0,corn-mato-grosso,corn,-13.5,-56,NASA POWER MERRA-2 PRECTOTCORR
2018-05-16,4.07,corn-mato-grosso,corn,-13.5,-56,NASA POWER MERRA-2 PRECTOTCORR
2018-05-17,1.75,corn-mato-grosso,corn,-13.5,-56,NASA POWER MERRA-2 PRECTOTCORR
2018-05-18,2.38,corn-mato-grosso,corn,-13.5,-56,NASA POWER MERRA-2 PRECTOTCORR
2018-05-19,20.31,corn-mato-grosso,corn,-13.5,-56,NASA POWER MERRA-2 PRECTOTCORR
2018-05-20,0.33,corn-mato-grosso,corn,-13.5,-56,NASA POWER MERRA-2 PRECTOTCORR
2018-05-21,0.01,corn-mato-grosso,corn,-13.5,-56,NASA POWER MERRA-2 PRECTOTCORR
2018-05-22,0.05,corn-mato-grosso,corn,-13.5,-56,NASA POWER MERRA-2 PRECTOTCORR
2018-05-23,0,corn-mato-grosso,corn,-13.5,-56,NASA POWER MERRA-2 PRECTOTCORR
2018-05-24,0.01,corn-mato-grosso,corn,-13.5,-56,NASA POWER MERRA-2 PRECTOTCORR
2018-05-25,0,corn-mato-grosso,corn,-13.5,-56,NASA POWER MERRA-2 PRECTOTCORR
2018-05-26,0,corn-mato-grosso,corn,-13.5,-56,NASA POWER MERRA-2 PRECTOTCORR
2018-05-27,0.01,corn-mato-grosso,corn,-13.5,-56,NASA POWER MERRA-2 PRECTOTCORR
2018-05-28,0,corn-mato-grosso,corn,-13.5,-56,NASA POWER MERRA-2 PRECTOTCORR
2018-05-29,0.01,corn-mato-grosso,corn,-13.5,-56,NASA POWER MERRA-2 PRECTOTCORR
2018-05-30,0,corn-mato-grosso,corn,-13.5,-56,NASA POWER MERRA-2 PRECTOTCORR
2018-05-31,0,corn-mato-grosso,corn,-13.5,-56,NASA POWER MERRA-2 PRECTOTCORR
2018-06-01,0,corn-mato-grosso,corn,-13.5,-56,NASA POWER MERRA-2 PRECTOTCORR
2018-06-02,0.05,corn-mato-grosso,corn,-13.5,-56,NASA POWER MERRA-2 PRECTOTCORR
2018-06-03,0,corn-mato-grosso,corn,-13.5,-56,NASA POWER MERRA-2 PRECTOTCORR
2018-06-04,0,corn-mato-grosso,corn,-13.5,-56,NASA POWER MERRA-2 PRECTOTCORR
2018-06-05,0,corn-mato-grosso,corn,-13.5,-56,NASA POWER MERRA-2 PRECTOTCORR
2018-06-06,0.01,corn-mato-grosso,corn,-13.5,-56,NASA POWER MERRA-2 PRECTOTCORR
2018-06-07,0.01,corn-mato-grosso,corn,-13.5,-56,NASA POWER MERRA-2 PRECTOTCORR
2018-06-08,0.01,corn-mato-grosso,corn,-13.5,-56,NASA POWER MERRA-2 PRECTOTCORR
2018-06-09,0.01,corn-mato-grosso,corn,-13.5,-56,NASA POWER MERRA-2 PRECTOTCORR
2018-06-10,0.15,corn-mato-grosso,corn,-13.5,-56,NASA POWER MERRA-2 PRECTOTCORR
2018-06-11,0.21,corn-mato-grosso,corn,-13.5,-56,NASA POWER MERRA-2 PRECTOTCORR
2018-06-12,0.54,corn-mato-grosso,corn,-13.5,-56,NASA POWER MERRA-2 PRECTOTCORR
2018-06-13,0.25,corn-mato-grosso,corn,-13.5,-56,NASA POWER MERRA-2 PRECTOTCORR
2018-06-14,0.06,corn-mato-grosso,corn,-13.5,-56,NASA POWER MERRA-2 PRECTOTCORR
2018-06-15,0,corn-mato-grosso,corn,-13.5,-56,NASA POWER MERRA-2 PRECTOTCORR
2018-06-16,0,corn-mato-grosso,corn,-13.5,-56,NASA POWER MERRA-2 PRECTOTCORR
2018-06-17,0,corn-mato-grosso,corn,-13.5,-56,NASA POWER MERRA-2 PRECTOTCORR
2018-06-18,0,corn-mato-grosso,corn,-13.5,-56,NASA POWER MERRA-2 PRECTOTCORR
2018-06-19,0,corn-mato-grosso,corn,-13.5,-56,NASA POWER MERRA-2 PRECTOTCORR
2018-06-20,0,corn-mato-grosso,corn,-13.5,-56,NASA POWER MERRA-2 PRECTOTCORR
2018-06-21,0,corn-mato-grosso,corn,-13.5,-56,NASA POWER MERRA-2 PRECTOTCORR
2018-06-22,0,corn-mato-grosso,corn,-13.5,-56,NASA POWER MERRA-2 PRECTOTCORR
2018-06-23,0,corn-mato-grosso,corn,-13.5,-56,NASA POWER MERRA-2 PRECTOTCORR
2018-06-24,0.02,corn-mato-grosso,corn,-13.5,-56,NASA POWER MERRA-2 PRECTOTCORR
2018-06-25,0,corn-mato-grosso,corn,-13.5,-56,NASA POWER MERRA-2 PRECTOTCORR
2018-06-26,0,corn-mato-grosso,corn,-13.5,-56,NASA POWER MERRA-2 PRECTOTCORR
2018-06-27,0,corn-mato-grosso,corn,-13.5,-56,NASA POWER MERRA-2 PRECTOTCORR
2018-06-28,0.02,corn-mato-grosso,corn,-13.5,-56,NASA POWER MERRA-2 PRECTOTCORR
2018-06-29,0,corn-mato-grosso,corn,-13.5,-56,NASA POWER MERRA-2 PRECTOTCORR
2018-06-30,0.01,corn-mato-grosso,corn,-13.5,-56,NASA POWER MERRA-2 PRECTOTCORR
2018-07-01,0,corn-mato-grosso,corn,-13.5,-56,NASA POWER MERRA-2 PRECTOTCORR
2018-07-02,0,corn-mato-grosso,corn,-13.5,-56,NASA POWER MERRA-2 PRECTOTCORR
2018-07-03,0,corn-mato-grosso,corn,-13.5,-56,NASA POWER MERRA-2 PRECTOTCORR
2018-07-04,0,corn-mato-grosso,corn,-13.5,-56,NASA POWER MERRA-2 PRECTOTCORR
2018-07-05,0.06,corn-mato-grosso,corn,-13.5,-56,NASA POWER MERRA-2 PRECTOTCORR
2018-07-06,0,corn-mato-grosso,corn,-13.5,-56,NASA POWER MERRA-2 PRECTOTCORR
2018-07-07,0,corn-mato-grosso,corn,-13.5,-56,NASA POWER MERRA-2 PRECTOTCORR
2018-07-08,0,corn-mato-grosso,corn,-13.5,-56,NASA POWER MERRA-2 PRECTOTCORR
2018-07-09,0,corn-mato-grosso,corn,-13.5,-56,NASA POWER MERRA-2 PRECTOTCORR
2018-07-10,0,corn-mato-grosso,corn,-13.5,-56,NASA POWER MERRA-2 PRECTOTCORR
2018-07-11,0,corn-mato-grosso,corn,-13.5,-56,NASA POWER MERRA-2 PRECTOTCORR
2018-07-12,0,corn-mato-grosso,corn,-13.5,-56,NASA POWER MERRA-2 PRECTOTCORR
2018-07-13,0,corn-mato-grosso,corn,-13.5,-56,NASA POWER MERRA-2 PRECTOTCORR
2018-07-14,0,corn-mato-grosso,corn,-13.5,-56,NASA POWER MERRA-2 PRECTOTCORR
2018-07-15,0,corn-mato-grosso,corn,-13.5,-56,NASA POWER MERRA-2 PRECTOTCORR
2018-07-16,0,corn-mato-grosso,corn,-13.5,-56,NASA POWER MERRA-2 PRECTOTCORR
2018-07-17,0,corn-mato-grosso,corn,-13.5,-56,NASA POWER MERRA-2 PRECTOTCORR
2018-07-18,0,corn-mato-grosso,corn,-13.5,-56,NASA POWER MERRA-2 PRECTOTCORR
2018-07-19,0,corn-mato-grosso,corn,-13.5,-56,NASA POWER MERRA-2 PRECTOTCORR
2018-07-20,0,corn-mato-grosso,corn,-13.5,-56,NASA POWER MERRA-2 PRECTOTCORR
2018-07-21,0,corn-mato-grosso,corn,-13.5,-56,NASA POWER MERRA-2 PRECTOTCORR
2018-07-22,0,corn-mato-grosso,corn,-13.5,-56,NASA POWER MERRA-2 PRECTOTCORR
2018-07-23,0,corn-mato-grosso,corn,-13.5,-56,NASA POWER MERRA-2 PRECTOTCORR
2018-07-24,0,corn-mato-grosso,corn,-13.5,-56,NASA POWER MERRA-2 PRECTOTCORR
2018-07-25,0,corn-mato-grosso,corn,-13.5,-56,NASA POWER MERRA-2 PRECTOTCORR
2018-07-26,0,corn-mato-grosso,corn,-13.5,-56,NASA POWER MERRA-2 PRECTOTCORR
2018-07-27,0,corn-mato-grosso,corn,-13.5,-56,NASA POWER MERRA-2 PRECTOTCORR
2018-07-28,0,corn-mato-grosso,corn,-13.5,-56,NASA POWER MERRA-2 PRECTOTCORR
2018-07-29,0.02,corn-mato-grosso,corn,-13.5,-56,NASA POWER MERRA-2 PRECTOTCORR
2018-07-30,0,corn-mato-grosso,corn,-13.5,-56,NASA POWER MERRA-2 PRECTOTCORR
2018-07-31,0,corn-mato-grosso,corn,-13.5,-56,NASA POWER MERRA-2 PRECTOTCORR
2018-08-01,0,corn-mato-grosso,corn,-13.5,-56,NASA POWER MERRA-2 PRECTOTCORR
2018-08-02,0,corn-mato-grosso,corn,-13.5,-56,NASA POWER MERRA-2 PRECTOTCORR
2018-08-03,0,corn-mato-grosso,corn,-13.5,-56,NASA POWER MERRA-2 PRECTOTCORR
2018-08-04,0,corn-mato-grosso,corn,-13.5,-56,NASA POWER MERRA-2 PRECTOTCORR
2018-08-05,0,corn-mato-grosso,corn,-13.5,-56,NASA POWER MERRA-2 PRECTOTCORR
2018-08-06,0,corn-mato-grosso,corn,-13.5,-56,NASA POWER MERRA-2 PRECTOTCORR
2018-08-07,0.02,corn-mato-grosso,corn,-13.5,-56,NASA POWER MERRA-2 PRECTOTCORR
2018-08-08,0,corn-mato-grosso,corn,-13.5,-56,NASA POWER MERRA-2 PRECTOTCORR
2018-08-09,0,corn-mato-grosso,corn,-13.5,-56,NASA POWER MERRA-2 PRECTOTCORR
2018-08-10,0,corn-mato-grosso,corn,-13.5,-56,NASA POWER MERRA-2 PRECTOTCORR
2018-08-11,0,corn-mato-grosso,corn,-13.5,-56,NASA POWER MERRA-2 PRECTOTCORR
2018-08-12,0,corn-mato-grosso,corn,-13.5,-56,NASA POWER MERRA-2 PRECTOTCORR
2018-08-13,0,corn-mato-grosso,corn,-13.5,-56,NASA POWER MERRA-2 PRECTOTCORR
2018-08-14,0,corn-mato-grosso,corn,-13.5,-56,NASA POWER MERRA-2 PRECTOTCORR
2018-08-15,0,corn-mato-grosso,corn,-13.5,-56,NASA POWER MERRA-2 PRECTOTCORR
2018-08-16,3.53,corn-mato-grosso,corn,-13.5,-56,NASA POWER MERRA-2 PRECTOTCORR
2018-08-17,0.03,corn-mato-grosso,corn,-13.5,-56,NASA POWER MERRA-2 PRECTOTCORR
2018-08-18,0,corn-mato-grosso,corn,-13.5,-56,NASA POWER MERRA-2 PRECTOTCORR
2018-08-19,0.36,corn-mato-grosso,corn,-13.5,-56,NASA POWER MERRA-2 PRECTOTCORR
2018-08-20,0.38,corn-mato-grosso,corn,-13.5,-56,NASA POWER MERRA-2 PRECTOTCORR
2018-08-21,0.01,corn-mato-grosso,corn,-13.5,-56,NASA POWER MERRA-2 PRECTOTCORR
2018-08-22,0,corn-mato-grosso,corn,-13.5,-56,NASA POWER MERRA-2 PRECTOTCORR
2018-08-23,0,corn-mato-grosso,corn,-13.5,-56,NASA POWER MERRA-2 PRECTOTCORR
2018-08-24,0.43,corn-mato-grosso,corn,-13.5,-56,NASA POWER MERRA-2 PRECTOTCORR
2018-08-25,14.27,corn-mato-grosso,corn,-13.5,-56,NASA POWER MERRA-2 PRECTOTCORR
2018-08-26,0,corn-mato-grosso,corn,-13.5,-56,NASA POWER MERRA-2 PRECTOTCORR
2018-08-27,0,corn-mato-grosso,corn,-13.5,-56,NASA POWER MERRA-2 PRECTOTCORR
2018-08-28,0,corn-mato-grosso,corn,-13.5,-56,NASA POWER MERRA-2 PRECTOTCORR
2018-08-29,0,corn-mato-grosso,corn,-13.5,-56,NASA POWER MERRA-2 PRECTOTCORR
2018-08-30,0,corn-mato-grosso,corn,-13.5,-56,NASA POWER MERRA-2 PRECTOTCORR
2018-08-31,0,corn-mato-grosso,corn,-13.5,-56,NASA POWER MERRA-2 PRECTOTCORR
2018-09-01,0,corn-mato-grosso,corn,-13.5,-56,NASA POWER MERRA-2 PRECTOTCORR
2018-09-02,0.03,corn-mato-grosso,corn,-13.5,-56,NASA POWER MERRA-2 PRECTOTCORR
2018-09-03,0,corn-mato-grosso,corn,-13.5,-56,NASA POWER MERRA-2 PRECTOTCORR
2018-09-04,0,corn-mato-grosso,corn,-13.5,-56,NASA POWER MERRA-2 PRECTOTCORR
2018-09-05,0,corn-mato-grosso,corn,-13.5,-56,NASA POWER MERRA-2 PRECTOTCORR
2018-09-06,0,corn-mato-grosso,corn,-13.5,-56,NASA POWER MERRA-2 PRECTOTCORR
2018-09-07,0,corn-mato-grosso,corn,-13.5,-56,NASA POWER MERRA-2 PRECTOTCORR
2018-09-08,0,corn-mato-grosso,corn,-13.5,-56,NASA POWER MERRA-2 PRECTOTCORR
2018-09-09,0,corn-mato-grosso,corn,-13.5,-56,NASA POWER MERRA-2 PRECTOTCORR
2018-09-10,0,corn-mato-grosso,corn,-13.5,-56,NASA POWER MERRA-2 PRECTOTCORR
2018-09-11,0,corn-mato-grosso,corn,-13.5,-56,NASA POWER MERRA-2 PRECTOTCORR
2018-09-12,0,corn-mato-grosso,corn,-13.5,-56,NASA POWER MERRA-2 PRECTOTCORR
2018-09-13,0.28,corn-mato-grosso,corn,-13.5,-56,NASA POWER MERRA-2 PRECTOTCORR
2018-09-14,0.49,corn-mato-grosso,corn,-13.5,-56,NASA POWER MERRA-2 PRECTOTCORR
2018-09-15,0.03,corn-mato-grosso,corn,-13.5,-56,NASA POWER MERRA-2 PRECTOTCORR
2018-09-16,2.21,corn-mato-grosso,corn,-13.5,-56,NASA POWER MERRA-2 PRECTOTCORR
2018-09-17,0.42,corn-mato-grosso,corn,-13.5,-56,NASA POWER MERRA-2 PRECTOTCORR
2018-09-18,0.08,corn-mato-grosso,corn,-13.5,-56,NASA POWER MERRA-2 PRECTOTCORR
2018-09-19,2.36,corn-mato-grosso,corn,-13.5,-56,NASA POWER MERRA-2 PRECTOTCORR
2018-09-20,3.02,corn-mato-grosso,corn,-13.5,-56,NASA POWER MERRA-2 PRECTOTCORR
2018-09-21,0.14,corn-mato-grosso,corn,-13.5,-56,NASA POWER MERRA-2 PRECTOTCORR
2018-09-22,5.68,corn-mato-grosso,corn,-13.5,-56,NASA POWER MERRA-2 PRECTOTCORR
2018-09-23,0.28,corn-mato-grosso,corn,-13.5,-56,NASA POWER MERRA-2 PRECTOTCORR
2018-09-24,0.22,corn-mato-grosso,corn,-13.5,-56,NASA POWER MERRA-2 PRECTOTCORR
2018-09-25,0.81,corn-mato-grosso,corn,-13.5,-56,NASA POWER MERRA-2 PRECTOTCORR
2018-09-26,2.69,corn-mato-grosso,corn,-13.5,-56,NASA POWER MERRA-2 PRECTOTCORR
2018-09-27,3.97,corn-mato-grosso,corn,-13.5,-56,NASA POWER MERRA-2 PRECTOTCORR
2018-09-28,1.54,corn-mato-grosso,corn,-13.5,-56,NASA POWER MERRA-2 PRECTOTCORR
2018-09-29,3.05,corn-mato-grosso,corn,-13.5,-56,NASA POWER MERRA-2 PRECTOTCORR
2018-09-30,6.84,corn-mato-grosso,corn,-13.5,-56,NASA POWER MERRA-2 PRECTOTCORR
2018-10-01,0.07,corn-mato-grosso,corn,-13.5,-56,NASA POWER MERRA-2 PRECTOTCORR
2018-10-02,0.63,corn-mato-grosso,corn,-13.5,-56,NASA POWER MERRA-2 PRECTOTCORR
2018-10-03,0.36,corn-mato-grosso,corn,-13.5,-56,NASA POWER MERRA-2 PRECTOTCORR
2018-10-04,13.63,corn-mato-grosso,corn,-13.5,-56,NASA POWER MERRA-2 PRECTOTCORR
2018-10-05,0.06,corn-mato-grosso,corn,-13.5,-56,NASA POWER MERRA-2 PRECTOTCORR
2018-10-06,1.27,corn-mato-grosso,corn,-13.5,-56,NASA POWER MERRA-2 PRECTOTCORR
2018-10-07,3.84,corn-mato-grosso,corn,-13.5,-56,NASA POWER MERRA-2 PRECTOTCORR
2018-10-08,5.91,corn-mato-grosso,corn,-13.5,-56,NASA POWER MERRA-2 PRECTOTCORR
2018-10-09,1.34,corn-mato-grosso,corn,-13.5,-56,NASA POWER MERRA-2 PRECTOTCORR
2018-10-10,0.02,corn-mato-grosso,corn,-13.5,-56,NASA POWER MERRA-2 PRECTOTCORR
2018-10-11,5.72,corn-mato-grosso,corn,-13.5,-56,NASA POWER MERRA-2 PRECTOTCORR
2018-10-12,0.54,corn-mato-grosso,corn,-13.5,-56,NASA POWER MERRA-2 PRECTOTCORR
2018-10-13,3.73,corn-mato-grosso,corn,-13.5,-56,NASA POWER MERRA-2 PRECTOTCORR
2018-10-14,3.08,corn-mato-grosso,corn,-13.5,-56,NASA POWER MERRA-2 PRECTOTCORR
2018-10-15,1.91,corn-mato-grosso,corn,-13.5,-56,NASA POWER MERRA-2 PRECTOTCORR
2018-10-16,0.07,corn-mato-grosso,corn,-13.5,-56,NASA POWER MERRA-2 PRECTOTCORR
2018-10-17,19.86,corn-mato-grosso,corn,-13.5,-56,NASA POWER MERRA-2 PRECTOTCORR
2018-10-18,28.47,corn-mato-grosso,corn,-13.5,-56,NASA POWER MERRA-2 PRECTOTCORR
2018-10-19,0.25,corn-mato-grosso,corn,-13.5,-56,NASA POWER MERRA-2 PRECTOTCORR
2018-10-20,3.41,corn-mato-grosso,corn,-13.5,-56,NASA POWER MERRA-2 PRECTOTCORR
2018-10-21,0.82,corn-mato-grosso,corn,-13.5,-56,NASA POWER MERRA-2 PRECTOTCORR
2018-10-22,0.18,corn-mato-grosso,corn,-13.5,-56,NASA POWER MERRA-2 PRECTOTCORR
2018-10-23,3.08,corn-mato-grosso,corn,-13.5,-56,NASA POWER MERRA-2 PRECTOTCORR
2018-10-24,0.38,corn-mato-grosso,corn,-13.5,-56,NASA POWER MERRA-2 PRECTOTCORR
2018-10-25,12.32,corn-mato-grosso,corn,-13.5,-56,NASA POWER MERRA-2 PRECTOTCORR
2018-10-26,0.26,corn-mato-grosso,corn,-13.5,-56,NASA POWER MERRA-2 PRECTOTCORR
2018-10-27,1.42,corn-mato-grosso,corn,-13.5,-56,NASA POWER MERRA-2 PRECTOTCORR
2018-10-28,0.33,corn-mato-grosso,corn,-13.5,-56,NASA POWER MERRA-2 PRECTOTCORR
2018-10-29,0.01,corn-mato-grosso,corn,-13.5,-56,NASA POWER MERRA-2 PRECTOTCORR
2018-10-30,0.74,corn-mato-grosso,corn,-13.5,-56,NASA POWER MERRA-2 PRECTOTCORR
2018-10-31,2.84,corn-mato-grosso,corn,-13.5,-56,NASA POWER MERRA-2 PRECTOTCORR
2018-11-01,0.53,corn-mato-grosso,corn,-13.5,-56,NASA POWER MERRA-2 PRECTOTCORR
2018-11-02,15.79,corn-mato-grosso,corn,-13.5,-56,NASA POWER MERRA-2 PRECTOTCORR
2018-11-03,7.87,corn-mato-grosso,corn,-13.5,-56,NASA POWER MERRA-2 PRECTOTCORR
2018-11-04,6.76,corn-mato-grosso,corn,-13.5,-56,NASA POWER MERRA-2 PRECTOTCORR
2018-11-05,0.47,corn-mato-grosso,corn,-13.5,-56,NASA POWER MERRA-2 PRECTOTCORR
2018-11-06,8.38,corn-mato-grosso,corn,-13.5,-56,NASA POWER MERRA-2 PRECTOTCORR
2018-11-07,20.34,corn-mato-grosso,corn,-13.5,-56,NASA POWER MERRA-2 PRECTOTCORR
2018-11-08,10,corn-mato-grosso,corn,-13.5,-56,NASA POWER MERRA-2 PRECTOTCORR
2018-11-09,1.4,corn-mato-grosso,corn,-13.5,-56,NASA POWER MERRA-2 PRECTOTCORR
2018-11-10,2.55,corn-mato-grosso,corn,-13.5,-56,NASA POWER MERRA-2 PRECTOTCORR
2018-11-11,0.12,corn-mato-grosso,corn,-13.5,-56,NASA POWER MERRA-2 PRECTOTCORR
2018-11-12,0.62,corn-mato-grosso,corn,-13.5,-56,NASA POWER MERRA-2 PRECTOTCORR
2018-11-13,0.19,corn-mato-grosso,corn,-13.5,-56,NASA POWER MERRA-2 PRECTOTCORR
2018-11-14,8.03,corn-mato-grosso,corn,-13.5,-56,NASA POWER MERRA-2 PRECTOTCORR
2018-11-15,2.5,corn-mato-grosso,corn,-13.5,-56,NASA POWER MERRA-2 PRECTOTCORR
2018-11-16,5.2,corn-mato-grosso,corn,-13.5,-56,NASA POWER MERRA-2 PRECTOTCORR
2018-11-17,1.83,corn-mato-grosso,corn,-13.5,-56,NASA POWER MERRA-2 PRECTOTCORR
2018-11-18,1.24,corn-mato-grosso,corn,-13.5,-56,NASA POWER MERRA-2 PRECTOTCORR
2018-11-19,8.24,corn-mato-grosso,corn,-13.5,-56,NASA POWER MERRA-2 PRECTOTCORR
2018-11-20,3.15,corn-mato-grosso,corn,-13.5,-56,NASA POWER MERRA-2 PRECTOTCORR
2018-11-21,1.03,corn-mato-grosso,corn,-13.5,-56,NASA POWER MERRA-2 PRECTOTCORR
2018-11-22,17.44,corn-mato-grosso,corn,-13.5,-56,NASA POWER MERRA-2 PRECTOTCORR
2018-11-23,12.74,corn-mato-grosso,corn,-13.5,-56,NASA POWER MERRA-2 PRECTOTCORR
2018-11-24,5.67,corn-mato-grosso,corn,-13.5,-56,NASA POWER MERRA-2 PRECTOTCORR
2018-11-25,20.21,corn-mato-grosso,corn,-13.5,-56,NASA POWER MERRA-2 PRECTOTCORR
2018-11-26,4.89,corn-mato-grosso,corn,-13.5,-56,NASA POWER MERRA-2 PRECTOTCORR
2018-11-27,1.67,corn-mato-grosso,corn,-13.5,-56,NASA POWER MERRA-2 PRECTOTCORR
2018-11-28,10.12,corn-mato-grosso,corn,-13.5,-56,NASA POWER MERRA-2 PRECTOTCORR
2018-11-29,18.42,corn-mato-grosso,corn,-13.5,-56,NASA POWER MERRA-2 PRECTOTCORR
2018-11-30,9.76,corn-mato-grosso,corn,-13.5,-56,NASA POWER MERRA-2 PRECTOTCORR
2018-12-01,20.1,corn-mato-grosso,corn,-13.5,-56,NASA POWER MERRA-2 PRECTOTCORR
2018-12-02,10.15,corn-mato-grosso,corn,-13.5,-56,NASA POWER MERRA-2 PRECTOTCORR
2018-12-03,5.98,corn-mato-grosso,corn,-13.5,-56,NASA POWER MERRA-2 PRECTOTCORR
2018-12-04,1.42,corn-mato-grosso,corn,-13.5,-56,NASA POWER MERRA-2 PRECTOTCORR
2018-12-05,3.14,corn-mato-grosso,corn,-13.5,-56,NASA POWER MERRA-2 PRECTOTCORR
2018-12-06,1.72,corn-mato-grosso,corn,-13.5,-56,NASA POWER MERRA-2 PRECTOTCORR
2018-12-07,1.41,corn-mato-grosso,corn,-13.5,-56,NASA POWER MERRA-2 PRECTOTCORR
2018-12-08,1.33,corn-mato-grosso,corn,-13.5,-56,NASA POWER MERRA-2 PRECTOTCORR
2018-12-09,4.65,corn-mato-grosso,corn,-13.5,-56,NASA POWER MERRA-2 PRECTOTCORR
2018-12-10,0.53,corn-mato-grosso,corn,-13.5,-56,NASA POWER MERRA-2 PRECTOTCORR
2018-12-11,0.19,corn-mato-grosso,corn,-13.5,-56,NASA POWER MERRA-2 PRECTOTCORR
2018-12-12,4.64,corn-mato-grosso,corn,-13.5,-56,NASA POWER MERRA-2 PRECTOTCORR
2018-12-13,3.18,corn-mato-grosso,corn,-13.5,-56,NASA POWER MERRA-2 PRECTOTCORR
2018-12-14,0.34,corn-mato-grosso,corn,-13.5,-56,NASA POWER MERRA-2 PRECTOTCORR
2018-12-15,7.05,corn-mato-grosso,corn,-13.5,-56,NASA POWER MERRA-2 PRECTOTCORR
2018-12-16,3.06,corn-mato-grosso,corn,-13.5,-56,NASA POWER MERRA-2 PRECTOTCORR
2018-12-17,1.75,corn-mato-grosso,corn,-13.5,-56,NASA POWER MERRA-2 PRECTOTCORR
2018-12-18,1.45,corn-mato-grosso,corn,-13.5,-56,NASA POWER MERRA-2 PRECTOTCORR
2018-12-19,1.64,corn-mato-grosso,corn,-13.5,-56,NASA POWER MERRA-2 PRECTOTCORR
2018-12-20,0.19,corn-mato-grosso,corn,-13.5,-56,NASA POWER MERRA-2 PRECTOTCORR
2018-12-21,0.06,corn-mato-grosso,corn,-13.5,-56,NASA POWER MERRA-2 PRECTOTCORR
2018-12-22,0.46,corn-mato-grosso,corn,-13.5,-56,NASA POWER MERRA-2 PRECTOTCORR
2018-12-23,2.04,corn-mato-grosso,corn,-13.5,-56,NASA POWER MERRA-2 PRECTOTCORR
2018-12-24,0.3,corn-mato-grosso,corn,-13.5,-56,NASA POWER MERRA-2 PRECTOTCORR
2018-12-25,0.36,corn-mato-grosso,corn,-13.5,-56,NASA POWER MERRA-2 PRECTOTCORR
2018-12-26,1.34,corn-mato-grosso,corn,-13.5,-56,NASA POWER MERRA-2 PRECTOTCORR
2018-12-27,0.75,corn-mato-grosso,corn,-13.5,-56,NASA POWER MERRA-2 PRECTOTCORR
2018-12-28,7.98,corn-mato-grosso,corn,-13.5,-56,NASA POWER MERRA-2 PRECTOTCORR
2018-12-29,9.09,corn-mato-grosso,corn,-13.5,-56,NASA POWER MERRA-2 PRECTOTCORR
2018-12-30,3.28,corn-mato-grosso,corn,-13.5,-56,NASA POWER MERRA-2 PRECTOTCORR
2018-12-31,25.07,corn-mato-grosso,corn,-13.5,-56,NASA POWER MERRA-2 PRECTOTCORR
2019-01-01,4.93,corn-mato-grosso,corn,-13.5,-56,NASA POWER MERRA-2 PRECTOTCORR
2019-01-02,1.5,corn-mato-grosso,corn,-13.5,-56,NASA POWER MERRA-2 PRECTOTCORR
2019-01-03,3.95,corn-mato-grosso,corn,-13.5,-56,NASA POWER MERRA-2 PRECTOTCORR
2019-01-04,6.65,corn-mato-grosso,corn,-13.5,-56,NASA POWER MERRA-2 PRECTOTCORR
2019-01-05,10.98,corn-mato-grosso,corn,-13.5,-56,NASA POWER MERRA-2 PRECTOTCORR
2019-01-06,1.67,corn-mato-grosso,corn,-13.5,-56,NASA POWER MERRA-2 PRECTOTCORR
2019-01-07,3.1,corn-mato-grosso,corn,-13.5,-56,NASA POWER MERRA-2 PRECTOTCORR
2019-01-08,0.07,corn-mato-grosso,corn,-13.5,-56,NASA POWER MERRA-2 PRECTOTCORR
2019-01-09,0.13,corn-mato-grosso,corn,-13.5,-56,NASA POWER MERRA-2 PRECTOTCORR
2019-01-10,6.25,corn-mato-grosso,corn,-13.5,-56,NASA POWER MERRA-2 PRECTOTCORR
2019-01-11,1.51,corn-mato-grosso,corn,-13.5,-56,NASA POWER MERRA-2 PRECTOTCORR
2019-01-12,1.1,corn-mato-grosso,corn,-13.5,-56,NASA POWER MERRA-2 PRECTOTCORR
2019-01-13,8.82,corn-mato-grosso,corn,-13.5,-56,NASA POWER MERRA-2 PRECTOTCORR
2019-01-14,6.53,corn-mato-grosso,corn,-13.5,-56,NASA POWER MERRA-2 PRECTOTCORR
2019-01-15,0.18,corn-mato-grosso,corn,-13.5,-56,NASA POWER MERRA-2 PRECTOTCORR
2019-01-16,3.11,corn-mato-grosso,corn,-13.5,-56,NASA POWER MERRA-2 PRECTOTCORR
2019-01-17,0.18,corn-mato-grosso,corn,-13.5,-56,NASA POWER MERRA-2 PRECTOTCORR
2019-01-18,3.02,corn-mato-grosso,corn,-13.5,-56,NASA POWER MERRA-2 PRECTOTCORR
2019-01-19,0.45,corn-mato-grosso,corn,-13.5,-56,NASA POWER MERRA-2 PRECTOTCORR
2019-01-20,0.7,corn-mato-grosso,corn,-13.5,-56,NASA POWER MERRA-2 PRECTOTCORR
2019-01-21,0.38,corn-mato-grosso,corn,-13.5,-56,NASA POWER MERRA-2 PRECTOTCORR
2019-01-22,1.67,corn-mato-grosso,corn,-13.5,-56,NASA POWER MERRA-2 PRECTOTCORR
2019-01-23,0.21,corn-mato-grosso,corn,-13.5,-56,NASA POWER MERRA-2 PRECTOTCORR
2019-01-24,0.21,corn-mato-grosso,corn,-13.5,-56,NASA POWER MERRA-2 PRECTOTCORR
2019-01-25,0.95,corn-mato-grosso,corn,-13.5,-56,NASA POWER MERRA-2 PRECTOTCORR
2019-01-26,8.28,corn-mato-grosso,corn,-13.5,-56,NASA POWER MERRA-2 PRECTOTCORR
2019-01-27,10.13,corn-mato-grosso,corn,-13.5,-56,NASA POWER MERRA-2 PRECTOTCORR
2019-01-28,20.74,corn-mato-grosso,corn,-13.5,-56,NASA POWER MERRA-2 PRECTOTCORR
2019-01-29,1.13,corn-mato-grosso,corn,-13.5,-56,NASA POWER MERRA-2 PRECTOTCORR
2019-01-30,4.78,corn-mato-grosso,corn,-13.5,-56,NASA POWER MERRA-2 PRECTOTCORR
2019-01-31,1.89,corn-mato-grosso,corn,-13.5,-56,NASA POWER MERRA-2 PRECTOTCORR
2019-02-01,2.46,corn-mato-grosso,corn,-13.5,-56,NASA POWER MERRA-2 PRECTOTCORR
2019-02-02,3.06,corn-mato-grosso,corn,-13.5,-56,NASA POWER MERRA-2 PRECTOTCORR
2019-02-03,0.24,corn-mato-grosso,corn,-13.5,-56,NASA POWER MERRA-2 PRECTOTCORR
2019-02-04,0.19,corn-mato-grosso,corn,-13.5,-56,NASA POWER MERRA-2 PRECTOTCORR
2019-02-05,0.72,corn-mato-grosso,corn,-13.5,-56,NASA POWER MERRA-2 PRECTOTCORR
2019-02-06,1.98,corn-mato-grosso,corn,-13.5,-56,NASA POWER MERRA-2 PRECTOTCORR
2019-02-07,1.17,corn-mato-grosso,corn,-13.5,-56,NASA POWER MERRA-2 PRECTOTCORR
2019-02-08,0.59,corn-mato-grosso,corn,-13.5,-56,NASA POWER MERRA-2 PRECTOTCORR
2019-02-09,1.36,corn-mato-grosso,corn,-13.5,-56,NASA POWER MERRA-2 PRECTOTCORR
2019-02-10,1.33,corn-mato-grosso,corn,-13.5,-56,NASA POWER MERRA-2 PRECTOTCORR
2019-02-11,5.78,corn-mato-grosso,corn,-13.5,-56,NASA POWER MERRA-2 PRECTOTCORR
2019-02-12,10.86,corn-mato-grosso,corn,-13.5,-56,NASA POWER MERRA-2 PRECTOTCORR
2019-02-13,14.04,corn-mato-grosso,corn,-13.5,-56,NASA POWER MERRA-2 PRECTOTCORR
2019-02-14,0.17,corn-mato-grosso,corn,-13.5,-56,NASA POWER MERRA-2 PRECTOTCORR
2019-02-15,2.82,corn-mato-grosso,corn,-13.5,-56,NASA POWER MERRA-2 PRECTOTCORR
2019-02-16,13.52,corn-mato-grosso,corn,-13.5,-56,NASA POWER MERRA-2 PRECTOTCORR
2019-02-17,17.43,corn-mato-grosso,corn,-13.5,-56,NASA POWER MERRA-2 PRECTOTCORR
2019-02-18,0.39,corn-mato-grosso,corn,-13.5,-56,NASA POWER MERRA-2 PRECTOTCORR
2019-02-19,42.07,corn-mato-grosso,corn,-13.5,-56,NASA POWER MERRA-2 PRECTOTCORR
2019-02-20,1.71,corn-mato-grosso,corn,-13.5,-56,NASA POWER MERRA-2 PRECTOTCORR
2019-02-21,2.46,corn-mato-grosso,corn,-13.5,-56,NASA POWER MERRA-2 PRECTOTCORR
2019-02-22,17.75,corn-mato-grosso,corn,-13.5,-56,NASA POWER MERRA-2 PRECTOTCORR
2019-02-23,4.53,corn-mato-grosso,corn,-13.5,-56,NASA POWER MERRA-2 PRECTOTCORR
2019-02-24,0.33,corn-mato-grosso,corn,-13.5,-56,NASA POWER MERRA-2 PRECTOTCORR
2019-02-25,18.42,corn-mato-grosso,corn,-13.5,-56,NASA POWER MERRA-2 PRECTOTCORR
2019-02-26,17.06,corn-mato-grosso,corn,-13.5,-56,NASA POWER MERRA-2 PRECTOTCORR
2019-02-27,26.95,corn-mato-grosso,corn,-13.5,-56,NASA POWER MERRA-2 PRECTOTCORR
2019-02-28,10.68,corn-mato-grosso,corn,-13.5,-56,NASA POWER MERRA-2 PRECTOTCORR
2019-03-01,1.82,corn-mato-grosso,corn,-13.5,-56,NASA POWER MERRA-2 PRECTOTCORR
2019-03-02,13.56,corn-mato-grosso,corn,-13.5,-56,NASA POWER MERRA-2 PRECTOTCORR
2019-03-03,12.75,corn-mato-grosso,corn,-13.5,-56,NASA POWER MERRA-2 PRECTOTCORR
2019-03-04,5.22,corn-mato-grosso,corn,-13.5,-56,NASA POWER MERRA-2 PRECTOTCORR
2019-03-05,17.18,corn-mato-grosso,corn,-13.5,-56,NASA POWER MERRA-2 PRECTOTCORR
2019-03-06,1.02,corn-mato-grosso,corn,-13.5,-56,NASA POWER MERRA-2 PRECTOTCORR
2019-03-07,1.41,corn-mato-grosso,corn,-13.5,-56,NASA POWER MERRA-2 PRECTOTCORR
2019-03-08,5.03,corn-mato-grosso,corn,-13.5,-56,NASA POWER MERRA-2 PRECTOTCORR
2019-03-09,7.45,corn-mato-grosso,corn,-13.5,-56,NASA POWER MERRA-2 PRECTOTCORR
2019-03-10,5.73,corn-mato-grosso,corn,-13.5,-56,NASA POWER MERRA-2 PRECTOTCORR
2019-03-11,3.04,corn-mato-grosso,corn,-13.5,-56,NASA POWER MERRA-2 PRECTOTCORR
2019-03-12,0.65,corn-mato-grosso,corn,-13.5,-56,NASA POWER MERRA-2 PRECTOTCORR
2019-03-13,6.16,corn-mato-grosso,corn,-13.5,-56,NASA POWER MERRA-2 PRECTOTCORR
2019-03-14,0.79,corn-mato-grosso,corn,-13.5,-56,NASA POWER MERRA-2 PRECTOTCORR
2019-03-15,0.04,corn-mato-grosso,corn,-13.5,-56,NASA POWER MERRA-2 PRECTOTCORR
2019-03-16,2.22,corn-mato-grosso,corn,-13.5,-56,NASA POWER MERRA-2 PRECTOTCORR
2019-03-17,0.22,corn-mato-grosso,corn,-13.5,-56,NASA POWER MERRA-2 PRECTOTCORR
2019-03-18,13.09,corn-mato-grosso,corn,-13.5,-56,NASA POWER MERRA-2 PRECTOTCORR
2019-03-19,5.37,corn-mato-grosso,corn,-13.5,-56,NASA POWER MERRA-2 PRECTOTCORR
2019-03-20,28.15,corn-mato-grosso,corn,-13.5,-56,NASA POWER MERRA-2 PRECTOTCORR
2019-03-21,25.38,corn-mato-grosso,corn,-13.5,-56,NASA POWER MERRA-2 PRECTOTCORR
2019-03-22,0.3,corn-mato-grosso,corn,-13.5,-56,NASA POWER MERRA-2 PRECTOTCORR
2019-03-23,0.04,corn-mato-grosso,corn,-13.5,-56,NASA POWER MERRA-2 PRECTOTCORR
2019-03-24,11.79,corn-mato-grosso,corn,-13.5,-56,NASA POWER MERRA-2 PRECTOTCORR
2019-03-25,3.21,corn-mato-grosso,corn,-13.5,-56,NASA POWER MERRA-2 PRECTOTCORR
2019-03-26,2.76,corn-mato-grosso,corn,-13.5,-56,NASA POWER MERRA-2 PRECTOTCORR
2019-03-27,2.36,corn-mato-grosso,corn,-13.5,-56,NASA POWER MERRA-2 PRECTOTCORR
2019-03-28,5.01,corn-mato-grosso,corn,-13.5,-56,NASA POWER MERRA-2 PRECTOTCORR
2019-03-29,3.62,corn-mato-grosso,corn,-13.5,-56,NASA POWER MERRA-2 PRECTOTCORR
2019-03-30,1.93,corn-mato-grosso,corn,-13.5,-56,NASA POWER MERRA-2 PRECTOTCORR
2019-03-31,0.12,corn-mato-grosso,corn,-13.5,-56,NASA POWER MERRA-2 PRECTOTCORR
2019-04-01,0.11,corn-mato-grosso,corn,-13.5,-56,NASA POWER MERRA-2 PRECTOTCORR
2019-04-02,0.63,corn-mato-grosso,corn,-13.5,-56,NASA POWER MERRA-2 PRECTOTCORR
2019-04-03,1.41,corn-mato-grosso,corn,-13.5,-56,NASA POWER MERRA-2 PRECTOTCORR
2019-04-04,5.14,corn-mato-grosso,corn,-13.5,-56,NASA POWER MERRA-2 PRECTOTCORR
2019-04-05,3.4,corn-mato-grosso,corn,-13.5,-56,NASA POWER MERRA-2 PRECTOTCORR
2019-04-06,10.42,corn-mato-grosso,corn,-13.5,-56,NASA POWER MERRA-2 PRECTOTCORR
2019-04-07,1.79,corn-mato-grosso,corn,-13.5,-56,NASA POWER MERRA-2 PRECTOTCORR
2019-04-08,0.4,corn-mato-grosso,corn,-13.5,-56,NASA POWER MERRA-2 PRECTOTCORR
2019-04-09,1.64,corn-mato-grosso,corn,-13.5,-56,NASA POWER MERRA-2 PRECTOTCORR
2019-04-10,10.62,corn-mato-grosso,corn,-13.5,-56,NASA POWER MERRA-2 PRECTOTCORR
2019-04-11,9.01,corn-mato-grosso,corn,-13.5,-56,NASA POWER MERRA-2 PRECTOTCORR
2019-04-12,3.83,corn-mato-grosso,corn,-13.5,-56,NASA POWER MERRA-2 PRECTOTCORR
2019-04-13,4.15,corn-mato-grosso,corn,-13.5,-56,NASA POWER MERRA-2 PRECTOTCORR
2019-04-14,0.78,corn-mato-grosso,corn,-13.5,-56,NASA POWER MERRA-2 PRECTOTCORR
2019-04-15,0.64,corn-mato-grosso,corn,-13.5,-56,NASA POWER MERRA-2 PRECTOTCORR
2019-04-16,0.65,corn-mato-grosso,corn,-13.5,-56,NASA POWER MERRA-2 PRECTOTCORR
2019-04-17,5.42,corn-mato-grosso,corn,-13.5,-56,NASA POWER MERRA-2 PRECTOTCORR
2019-04-18,0.45,corn-mato-grosso,corn,-13.5,-56,NASA POWER MERRA-2 PRECTOTCORR
2019-04-19,0.23,corn-mato-grosso,corn,-13.5,-56,NASA POWER MERRA-2 PRECTOTCORR
2019-04-20,0.2,corn-mato-grosso,corn,-13.5,-56,NASA POWER MERRA-2 PRECTOTCORR
2019-04-21,0.04,corn-mato-grosso,corn,-13.5,-56,NASA POWER MERRA-2 PRECTOTCORR
2019-04-22,9.51,corn-mato-grosso,corn,-13.5,-56,NASA POWER MERRA-2 PRECTOTCORR
2019-04-23,0.87,corn-mato-grosso,corn,-13.5,-56,NASA POWER MERRA-2 PRECTOTCORR
2019-04-24,2.46,corn-mato-grosso,corn,-13.5,-56,NASA POWER MERRA-2 PRECTOTCORR
2019-04-25,0.01,corn-mato-grosso,corn,-13.5,-56,NASA POWER MERRA-2 PRECTOTCORR
2019-04-26,0.47,corn-mato-grosso,corn,-13.5,-56,NASA POWER MERRA-2 PRECTOTCORR
2019-04-27,0.21,corn-mato-grosso,corn,-13.5,-56,NASA POWER MERRA-2 PRECTOTCORR
2019-04-28,1.9,corn-mato-grosso,corn,-13.5,-56,NASA POWER MERRA-2 PRECTOTCORR
2019-04-29,6.7,corn-mato-grosso,corn,-13.5,-56,NASA POWER MERRA-2 PRECTOTCORR
2019-04-30,0.37,corn-mato-grosso,corn,-13.5,-56,NASA POWER MERRA-2 PRECTOTCORR
2019-05-01,0.53,corn-mato-grosso,corn,-13.5,-56,NASA POWER MERRA-2 PRECTOTCORR
2019-05-02,0.15,corn-mato-grosso,corn,-13.5,-56,NASA POWER MERRA-2 PRECTOTCORR
2019-05-03,2.37,corn-mato-grosso,corn,-13.5,-56,NASA POWER MERRA-2 PRECTOTCORR
2019-05-04,0.35,corn-mato-grosso,corn,-13.5,-56,NASA POWER MERRA-2 PRECTOTCORR
2019-05-05,0.47,corn-mato-grosso,corn,-13.5,-56,NASA POWER MERRA-2 PRECTOTCORR
2019-05-06,0.33,corn-mato-grosso,corn,-13.5,-56,NASA POWER MERRA-2 PRECTOTCORR
2019-05-07,0.36,corn-mato-grosso,corn,-13.5,-56,NASA POWER MERRA-2 PRECTOTCORR
2019-05-08,0.25,corn-mato-grosso,corn,-13.5,-56,NASA POWER MERRA-2 PRECTOTCORR
2019-05-09,0.06,corn-mato-grosso,corn,-13.5,-56,NASA POWER MERRA-2 PRECTOTCORR
2019-05-10,0,corn-mato-grosso,corn,-13.5,-56,NASA POWER MERRA-2 PRECTOTCORR
2019-05-11,0.64,corn-mato-grosso,corn,-13.5,-56,NASA POWER MERRA-2 PRECTOTCORR
2019-05-12,1.89,corn-mato-grosso,corn,-13.5,-56,NASA POWER MERRA-2 PRECTOTCORR
2019-05-13,0.66,corn-mato-grosso,corn,-13.5,-56,NASA POWER MERRA-2 PRECTOTCORR
2019-05-14,0.07,corn-mato-grosso,corn,-13.5,-56,NASA POWER MERRA-2 PRECTOTCORR
2019-05-15,0,corn-mato-grosso,corn,-13.5,-56,NASA POWER MERRA-2 PRECTOTCORR
2019-05-16,0,corn-mato-grosso,corn,-13.5,-56,NASA POWER MERRA-2 PRECTOTCORR
2019-05-17,0.09,corn-mato-grosso,corn,-13.5,-56,NASA POWER MERRA-2 PRECTOTCORR
2019-05-18,0.08,corn-mato-grosso,corn,-13.5,-56,NASA POWER MERRA-2 PRECTOTCORR
2019-05-19,0.01,corn-mato-grosso,corn,-13.5,-56,NASA POWER MERRA-2 PRECTOTCORR
2019-05-20,0,corn-mato-grosso,corn,-13.5,-56,NASA POWER MERRA-2 PRECTOTCORR
2019-05-21,0.22,corn-mato-grosso,corn,-13.5,-56,NASA POWER MERRA-2 PRECTOTCORR
2019-05-22,0.03,corn-mato-grosso,corn,-13.5,-56,NASA POWER MERRA-2 PRECTOTCORR
2019-05-23,0,corn-mato-grosso,corn,-13.5,-56,NASA POWER MERRA-2 PRECTOTCORR
2019-05-24,0.4,corn-mato-grosso,corn,-13.5,-56,NASA POWER MERRA-2 PRECTOTCORR
2019-05-25,0.27,corn-mato-grosso,corn,-13.5,-56,NASA POWER MERRA-2 PRECTOTCORR
2019-05-26,0.01,corn-mato-grosso,corn,-13.5,-56,NASA POWER MERRA-2 PRECTOTCORR
2019-05-27,0,corn-mato-grosso,corn,-13.5,-56,NASA POWER MERRA-2 PRECTOTCORR
2019-05-28,0,corn-mato-grosso,corn,-13.5,-56,NASA POWER MERRA-2 PRECTOTCORR
2019-05-29,0,corn-mato-grosso,corn,-13.5,-56,NASA POWER MERRA-2 PRECTOTCORR
2019-05-30,0,corn-mato-grosso,corn,-13.5,-56,NASA POWER MERRA-2 PRECTOTCORR
2019-05-31,0,corn-mato-grosso,corn,-13.5,-56,NASA POWER MERRA-2 PRECTOTCORR
2019-06-01,0,corn-mato-grosso,corn,-13.5,-56,NASA POWER MERRA-2 PRECTOTCORR
2019-06-02,0,corn-mato-grosso,corn,-13.5,-56,NASA POWER MERRA-2 PRECTOTCORR
2019-06-03,0.01,corn-mato-grosso,corn,-13.5,-56,NASA POWER MERRA-2 PRECTOTCORR
2019-06-04,0.01,corn-mato-grosso,corn,-13.5,-56,NASA POWER MERRA-2 PRECTOTCORR
2019-06-05,0,corn-mato-grosso,corn,-13.5,-56,NASA POWER MERRA-2 PRECTOTCORR
2019-06-06,0,corn-mato-grosso,corn,-13.5,-56,NASA POWER MERRA-2 PRECTOTCORR
2019-06-07,0,corn-mato-grosso,corn,-13.5,-56,NASA POWER MERRA-2 PRECTOTCORR
2019-06-08,0,corn-mato-grosso,corn,-13.5,-56,NASA POWER MERRA-2 PRECTOTCORR
2019-06-09,0,corn-mato-grosso,corn,-13.5,-56,NASA POWER MERRA-2 PRECTOTCORR
2019-06-10,0,corn-mato-grosso,corn,-13.5,-56,NASA POWER MERRA-2 PRECTOTCORR
2019-06-11,0,corn-mato-grosso,corn,-13.5,-56,NASA POWER MERRA-2 PRECTOTCORR
2019-06-12,0,corn-mato-grosso,corn,-13.5,-56,NASA POWER MERRA-2 PRECTOTCORR
2019-06-13,0,corn-mato-grosso,corn,-13.5,-56,NASA POWER MERRA-2 PRECTOTCORR
2019-06-14,0,corn-mato-grosso,corn,-13.5,-56,NASA POWER MERRA-2 PRECTOTCORR
2019-06-15,0,corn-mato-grosso,corn,-13.5,-56,NASA POWER MERRA-2 PRECTOTCORR
2019-06-16,0,corn-mato-grosso,corn,-13.5,-56,NASA POWER MERRA-2 PRECTOTCORR
2019-06-17,0,corn-mato-grosso,corn,-13.5,-56,NASA POWER MERRA-2 PRECTOTCORR
2019-06-18,0,corn-mato-grosso,corn,-13.5,-56,NASA POWER MERRA-2 PRECTOTCORR
2019-06-19,0,corn-mato-grosso,corn,-13.5,-56,NASA POWER MERRA-2 PRECTOTCORR
2019-06-20,0,corn-mato-grosso,corn,-13.5,-56,NASA POWER MERRA-2 PRECTOTCORR
2019-06-21,0,corn-mato-grosso,corn,-13.5,-56,NASA POWER MERRA-2 PRECTOTCORR
2019-06-22,0,corn-mato-grosso,corn,-13.5,-56,NASA POWER MERRA-2 PRECTOTCORR
2019-06-23,0,corn-mato-grosso,corn,-13.5,-56,NASA POWER MERRA-2 PRECTOTCORR
2019-06-24,0,corn-mato-grosso,corn,-13.5,-56,NASA POWER MERRA-2 PRECTOTCORR
2019-06-25,0.01,corn-mato-grosso,corn,-13.5,-56,NASA POWER MERRA-2 PRECTOTCORR
2019-06-26,0,corn-mato-grosso,corn,-13.5,-56,NASA POWER MERRA-2 PRECTOTCORR
2019-06-27,0,corn-mato-grosso,corn,-13.5,-56,NASA POWER MERRA-2 PRECTOTCORR
2019-06-28,0,corn-mato-grosso,corn,-13.5,-56,NASA POWER MERRA-2 PRECTOTCORR
2019-06-29,0,corn-mato-grosso,corn,-13.5,-56,NASA POWER MERRA-2 PRECTOTCORR
2019-06-30,0,corn-mato-grosso,corn,-13.5,-56,NASA POWER MERRA-2 PRECTOTCORR
2019-07-01,0,corn-mato-grosso,corn,-13.5,-56,NASA POWER MERRA-2 PRECTOTCORR
2019-07-02,0,corn-mato-grosso,corn,-13.5,-56,NASA POWER MERRA-2 PRECTOTCORR
2019-07-03,0,corn-mato-grosso,corn,-13.5,-56,NASA POWER MERRA-2 PRECTOTCORR
2019-07-04,0.01,corn-mato-grosso,corn,-13.5,-56,NASA POWER MERRA-2 PRECTOTCORR
2019-07-05,0.35,corn-mato-grosso,corn,-13.5,-56,NASA POWER MERRA-2 PRECTOTCORR
2019-07-06,0,corn-mato-grosso,corn,-13.5,-56,NASA POWER MERRA-2 PRECTOTCORR
2019-07-07,0,corn-mato-grosso,corn,-13.5,-56,NASA POWER MERRA-2 PRECTOTCORR
2019-07-08,0.01,corn-mato-grosso,corn,-13.5,-56,NASA POWER MERRA-2 PRECTOTCORR
2019-07-09,0,corn-mato-grosso,corn,-13.5,-56,NASA POWER MERRA-2 PRECTOTCORR
2019-07-10,0,corn-mato-grosso,corn,-13.5,-56,NASA POWER MERRA-2 PRECTOTCORR
2019-07-11,0,corn-mato-grosso,corn,-13.5,-56,NASA POWER MERRA-2 PRECTOTCORR
2019-07-12,0,corn-mato-grosso,corn,-13.5,-56,NASA POWER MERRA-2 PRECTOTCORR
2019-07-13,0,corn-mato-grosso,corn,-13.5,-56,NASA POWER MERRA-2 PRECTOTCORR
2019-07-14,0,corn-mato-grosso,corn,-13.5,-56,NASA POWER MERRA-2 PRECTOTCORR
2019-07-15,0,corn-mato-grosso,corn,-13.5,-56,NASA POWER MERRA-2 PRECTOTCORR
2019-07-16,0,corn-mato-grosso,corn,-13.5,-56,NASA POWER MERRA-2 PRECTOTCORR
2019-07-17,0,corn-mato-grosso,corn,-13.5,-56,NASA POWER MERRA-2 PRECTOTCORR
2019-07-18,0,corn-mato-grosso,corn,-13.5,-56,NASA POWER MERRA-2 PRECTOTCORR
2019-07-19,0,corn-mato-grosso,corn,-13.5,-56,NASA POWER MERRA-2 PRECTOTCORR
2019-07-20,0,corn-mato-grosso,corn,-13.5,-56,NASA POWER MERRA-2 PRECTOTCORR
2019-07-21,0,corn-mato-grosso,corn,-13.5,-56,NASA POWER MERRA-2 PRECTOTCORR
2019-07-22,0,corn-mato-grosso,corn,-13.5,-56,NASA POWER MERRA-2 PRECTOTCORR
2019-07-23,0,corn-mato-grosso,corn,-13.5,-56,NASA POWER MERRA-2 PRECTOTCORR
2019-07-24,0,corn-mato-grosso,corn,-13.5,-56,NASA POWER MERRA-2 PRECTOTCORR
2019-07-25,0,corn-mato-grosso,corn,-13.5,-56,NASA POWER MERRA-2 PRECTOTCORR
2019-07-26,0.01,corn-mato-grosso,corn,-13.5,-56,NASA POWER MERRA-2 PRECTOTCORR
2019-07-27,0,corn-mato-grosso,corn,-13.5,-56,NASA POWER MERRA-2 PRECTOTCORR
2019-07-28,0,corn-mato-grosso,corn,-13.5,-56,NASA POWER MERRA-2 PRECTOTCORR
2019-07-29,0,corn-mato-grosso,corn,-13.5,-56,NASA POWER MERRA-2 PRECTOTCORR
2019-07-30,0,corn-mato-grosso,corn,-13.5,-56,NASA POWER MERRA-2 PRECTOTCORR
2019-07-31,0,corn-mato-grosso,corn,-13.5,-56,NASA POWER MERRA-2 PRECTOTCORR
2019-08-01,0,corn-mato-grosso,corn,-13.5,-56,NASA POWER MERRA-2 PRECTOTCORR
2019-08-02,0,corn-mato-grosso,corn,-13.5,-56,NASA POWER MERRA-2 PRECTOTCORR
2019-08-03,0,corn-mato-grosso,corn,-13.5,-56,NASA POWER MERRA-2 PRECTOTCORR
2019-08-04,0,corn-mato-grosso,corn,-13.5,-56,NASA POWER MERRA-2 PRECTOTCORR
2019-08-05,0,corn-mato-grosso,corn,-13.5,-56,NASA POWER MERRA-2 PRECTOTCORR
2019-08-06,0,corn-mato-grosso,corn,-13.5,-56,NASA POWER MERRA-2 PRECTOTCORR
2019-08-07,0,corn-mato-grosso,corn,-13.5,-56,NASA POWER MERRA-2 PRECTOTCORR
2019-08-08,0,corn-mato-grosso,corn,-13.5,-56,NASA POWER MERRA-2 PRECTOTCORR
2019-08-09,0,corn-mato-grosso,corn,-13.5,-56,NASA POWER MERRA-2 PRECTOTCORR
2019-08-10,0,corn-mato-grosso,corn,-13.5,-56,NASA POWER MERRA-2 PRECTOTCORR
2019-08-11,0,corn-mato-grosso,corn,-13.5,-56,NASA POWER MERRA-2 PRECTOTCORR
2019-08-12,0,corn-mato-grosso,corn,-13.5,-56,NASA POWER MERRA-2 PRECTOTCORR
2019-08-13,0,corn-mato-grosso,corn,-13.5,-56,NASA POWER MERRA-2 PRECTOTCORR
2019-08-14,0,corn-mato-grosso,corn,-13.5,-56,NASA POWER MERRA-2 PRECTOTCORR
2019-08-15,0,corn-mato-grosso,corn,-13.5,-56,NASA POWER MERRA-2 PRECTOTCORR
2019-08-16,0,corn-mato-grosso,corn,-13.5,-56,NASA POWER MERRA-2 PRECTOTCORR
2019-08-17,0,corn-mato-grosso,corn,-13.5,-56,NASA POWER MERRA-2 PRECTOTCORR
2019-08-18,0,corn-mato-grosso,corn,-13.5,-56,NASA POWER MERRA-2 PRECTOTCORR
2019-08-19,0,corn-mato-grosso,corn,-13.5,-56,NASA POWER MERRA-2 PRECTOTCORR
2019-08-20,0,corn-mato-grosso,corn,-13.5,-56,NASA POWER MERRA-2 PRECTOTCORR
2019-08-21,0,corn-mato-grosso,corn,-13.5,-56,NASA POWER MERRA-2 PRECTOTCORR
2019-08-22,0,corn-mato-grosso,corn,-13.5,-56,NASA POWER MERRA-2 PRECTOTCORR
2019-08-23,0,corn-mato-grosso,corn,-13.5,-56,NASA POWER MERRA-2 PRECTOTCORR
2019-08-24,0,corn-mato-grosso,corn,-13.5,-56,NASA POWER MERRA-2 PRECTOTCORR
2019-08-25,0.4,corn-mato-grosso,corn,-13.5,-56,NASA POWER MERRA-2 PRECTOTCORR
2019-08-26,0.08,corn-mato-grosso,corn,-13.5,-56,NASA POWER MERRA-2 PRECTOTCORR
2019-08-27,0.03,corn-mato-grosso,corn,-13.5,-56,NASA POWER MERRA-2 PRECTOTCORR
2019-08-28,0,corn-mato-grosso,corn,-13.5,-56,NASA POWER MERRA-2 PRECTOTCORR
2019-08-29,0,corn-mato-grosso,corn,-13.5,-56,NASA POWER MERRA-2 PRECTOTCORR
2019-08-30,0,corn-mato-grosso,corn,-13.5,-56,NASA POWER MERRA-2 PRECTOTCORR
2019-08-31,0,corn-mato-grosso,corn,-13.5,-56,NASA POWER MERRA-2 PRECTOTCORR
2019-09-01,0,corn-mato-grosso,corn,-13.5,-56,NASA POWER MERRA-2 PRECTOTCORR
2019-09-02,0,corn-mato-grosso,corn,-13.5,-56,NASA POWER MERRA-2 PRECTOTCORR
2019-09-03,0,corn-mato-grosso,corn,-13.5,-56,NASA POWER MERRA-2 PRECTOTCORR
2019-09-04,0,corn-mato-grosso,corn,-13.5,-56,NASA POWER MERRA-2 PRECTOTCORR
2019-09-05,0,corn-mato-grosso,corn,-13.5,-56,NASA POWER MERRA-2 PRECTOTCORR
2019-09-06,0,corn-mato-grosso,corn,-13.5,-56,NASA POWER MERRA-2 PRECTOTCORR
2019-09-07,0,corn-mato-grosso,corn,-13.5,-56,NASA POWER MERRA-2 PRECTOTCORR
2019-09-08,0,corn-mato-grosso,corn,-13.5,-56,NASA POWER MERRA-2 PRECTOTCORR
2019-09-09,0,corn-mato-grosso,corn,-13.5,-56,NASA POWER MERRA-2 PRECTOTCORR
2019-09-10,0,corn-mato-grosso,corn,-13.5,-56,NASA POWER MERRA-2 PRECTOTCORR
2019-09-11,0,corn-mato-grosso,corn,-13.5,-56,NASA POWER MERRA-2 PRECTOTCORR
2019-09-12,0,corn-mato-grosso,corn,-13.5,-56,NASA POWER MERRA-2 PRECTOTCORR
2019-09-13,0,corn-mato-grosso,corn,-13.5,-56,NASA POWER MERRA-2 PRECTOTCORR
2019-09-14,0,corn-mato-grosso,corn,-13.5,-56,NASA POWER MERRA-2 PRECTOTCORR
2019-09-15,0,corn-mato-grosso,corn,-13.5,-56,NASA POWER MERRA-2 PRECTOTCORR
2019-09-16,0,corn-mato-grosso,corn,-13.5,-56,NASA POWER MERRA-2 PRECTOTCORR
2019-09-17,0,corn-mato-grosso,corn,-13.5,-56,NASA POWER MERRA-2 PRECTOTCORR
2019-09-18,0,corn-mato-grosso,corn,-13.5,-56,NASA POWER MERRA-2 PRECTOTCORR
2019-09-19,0,corn-mato-grosso,corn,-13.5,-56,NASA POWER MERRA-2 PRECTOTCORR
2019-09-20,0.09,corn-mato-grosso,corn,-13.5,-56,NASA POWER MERRA-2 PRECTOTCORR
2019-09-21,0.65,corn-mato-grosso,corn,-13.5,-56,NASA POWER MERRA-2 PRECTOTCORR
2019-09-22,1.26,corn-mato-grosso,corn,-13.5,-56,NASA POWER MERRA-2 PRECTOTCORR
2019-09-23,0.28,corn-mato-grosso,corn,-13.5,-56,NASA POWER MERRA-2 PRECTOTCORR
2019-09-24,0.08,corn-mato-grosso,corn,-13.5,-56,NASA POWER MERRA-2 PRECTOTCORR
2019-09-25,5.21,corn-mato-grosso,corn,-13.5,-56,NASA POWER MERRA-2 PRECTOTCORR
2019-09-26,12.67,corn-mato-grosso,corn,-13.5,-56,NASA POWER MERRA-2 PRECTOTCORR
2019-09-27,0.1,corn-mato-grosso,corn,-13.5,-56,NASA POWER MERRA-2 PRECTOTCORR
2019-09-28,0.53,corn-mato-grosso,corn,-13.5,-56,NASA POWER MERRA-2 PRECTOTCORR
2019-09-29,0.44,corn-mato-grosso,corn,-13.5,-56,NASA POWER MERRA-2 PRECTOTCORR
2019-09-30,0.16,corn-mato-grosso,corn,-13.5,-56,NASA POWER MERRA-2 PRECTOTCORR
2019-10-01,17.6,corn-mato-grosso,corn,-13.5,-56,NASA POWER MERRA-2 PRECTOTCORR
2019-10-02,1.8,corn-mato-grosso,corn,-13.5,-56,NASA POWER MERRA-2 PRECTOTCORR
2019-10-03,0.52,corn-mato-grosso,corn,-13.5,-56,NASA POWER MERRA-2 PRECTOTCORR
2019-10-04,1.53,corn-mato-grosso,corn,-13.5,-56,NASA POWER MERRA-2 PRECTOTCORR
2019-10-05,4.59,corn-mato-grosso,corn,-13.5,-56,NASA POWER MERRA-2 PRECTOTCORR
2019-10-06,0.04,corn-mato-grosso,corn,-13.5,-56,NASA POWER MERRA-2 PRECTOTCORR
2019-10-07,0.09,corn-mato-grosso,corn,-13.5,-56,NASA POWER MERRA-2 PRECTOTCORR
2019-10-08,4.33,corn-mato-grosso,corn,-13.5,-56,NASA POWER MERRA-2 PRECTOTCORR
2019-10-09,0.58,corn-mato-grosso,corn,-13.5,-56,NASA POWER MERRA-2 PRECTOTCORR
2019-10-10,12.61,corn-mato-grosso,corn,-13.5,-56,NASA POWER MERRA-2 PRECTOTCORR
2019-10-11,2.51,corn-mato-grosso,corn,-13.5,-56,NASA POWER MERRA-2 PRECTOTCORR
2019-10-12,3.29,corn-mato-grosso,corn,-13.5,-56,NASA POWER MERRA-2 PRECTOTCORR
2019-10-13,5.62,corn-mato-grosso,corn,-13.5,-56,NASA POWER MERRA-2 PRECTOTCORR
2019-10-14,2.1,corn-mato-grosso,corn,-13.5,-56,NASA POWER MERRA-2 PRECTOTCORR
2019-10-15,6.06,corn-mato-grosso,corn,-13.5,-56,NASA POWER MERRA-2 PRECTOTCORR
2019-10-16,0.3,corn-mato-grosso,corn,-13.5,-56,NASA POWER MERRA-2 PRECTOTCORR
2019-10-17,0.61,corn-mato-grosso,corn,-13.5,-56,NASA POWER MERRA-2 PRECTOTCORR
2019-10-18,0.18,corn-mato-grosso,corn,-13.5,-56,NASA POWER MERRA-2 PRECTOTCORR
2019-10-19,10.55,corn-mato-grosso,corn,-13.5,-56,NASA POWER MERRA-2 PRECTOTCORR
2019-10-20,5.37,corn-mato-grosso,corn,-13.5,-56,NASA POWER MERRA-2 PRECTOTCORR
2019-10-21,4.09,corn-mato-grosso,corn,-13.5,-56,NASA POWER MERRA-2 PRECTOTCORR
2019-10-22,3.55,corn-mato-grosso,corn,-13.5,-56,NASA POWER MERRA-2 PRECTOTCORR
2019-10-23,1.94,corn-mato-grosso,corn,-13.5,-56,NASA POWER MERRA-2 PRECTOTCORR
2019-10-24,0.87,corn-mato-grosso,corn,-13.5,-56,NASA POWER MERRA-2 PRECTOTCORR
2019-10-25,1.16,corn-mato-grosso,corn,-13.5,-56,NASA POWER MERRA-2 PRECTOTCORR
2019-10-26,1.16,corn-mato-grosso,corn,-13.5,-56,NASA POWER MERRA-2 PRECTOTCORR
2019-10-27,0.99,corn-mato-grosso,corn,-13.5,-56,NASA POWER MERRA-2 PRECTOTCORR
2019-10-28,0.02,corn-mato-grosso,corn,-13.5,-56,NASA POWER MERRA-2 PRECTOTCORR
2019-10-29,0.59,corn-mato-grosso,corn,-13.5,-56,NASA POWER MERRA-2 PRECTOTCORR
2019-10-30,1.06,corn-mato-grosso,corn,-13.5,-56,NASA POWER MERRA-2 PRECTOTCORR
2019-10-31,20.46,corn-mato-grosso,corn,-13.5,-56,NASA POWER MERRA-2 PRECTOTCORR
2019-11-01,0.29,corn-mato-grosso,corn,-13.5,-56,NASA POWER MERRA-2 PRECTOTCORR
2019-11-02,0.21,corn-mato-grosso,corn,-13.5,-56,NASA POWER MERRA-2 PRECTOTCORR
2019-11-03,2.83,corn-mato-grosso,corn,-13.5,-56,NASA POWER MERRA-2 PRECTOTCORR
2019-11-04,0.92,corn-mato-grosso,corn,-13.5,-56,NASA POWER MERRA-2 PRECTOTCORR
2019-11-05,4.95,corn-mato-grosso,corn,-13.5,-56,NASA POWER MERRA-2 PRECTOTCORR
2019-11-06,3.58,corn-mato-grosso,corn,-13.5,-56,NASA POWER MERRA-2 PRECTOTCORR
2019-11-07,0.48,corn-mato-grosso,corn,-13.5,-56,NASA POWER MERRA-2 PRECTOTCORR
2019-11-08,0.65,corn-mato-grosso,corn,-13.5,-56,NASA POWER MERRA-2 PRECTOTCORR
2019-11-09,0.06,corn-mato-grosso,corn,-13.5,-56,NASA POWER MERRA-2 PRECTOTCORR
2019-11-10,4.75,corn-mato-grosso,corn,-13.5,-56,NASA POWER MERRA-2 PRECTOTCORR
2019-11-11,21.65,corn-mato-grosso,corn,-13.5,-56,NASA POWER MERRA-2 PRECTOTCORR
2019-11-12,1.84,corn-mato-grosso,corn,-13.5,-56,NASA POWER MERRA-2 PRECTOTCORR
2019-11-13,9.31,corn-mato-grosso,corn,-13.5,-56,NASA POWER MERRA-2 PRECTOTCORR
2019-11-14,0.37,corn-mato-grosso,corn,-13.5,-56,NASA POWER MERRA-2 PRECTOTCORR
2019-11-15,0.26,corn-mato-grosso,corn,-13.5,-56,NASA POWER MERRA-2 PRECTOTCORR
2019-11-16,14.23,corn-mato-grosso,corn,-13.5,-56,NASA POWER MERRA-2 PRECTOTCORR
2019-11-17,4.2,corn-mato-grosso,corn,-13.5,-56,NASA POWER MERRA-2 PRECTOTCORR
2019-11-18,1.65,corn-mato-grosso,corn,-13.5,-56,NASA POWER MERRA-2 PRECTOTCORR
2019-11-19,2,corn-mato-grosso,corn,-13.5,-56,NASA POWER MERRA-2 PRECTOTCORR
2019-11-20,0.84,corn-mato-grosso,corn,-13.5,-56,NASA POWER MERRA-2 PRECTOTCORR
2019-11-21,1.05,corn-mato-grosso,corn,-13.5,-56,NASA POWER MERRA-2 PRECTOTCORR
2019-11-22,5.27,corn-mato-grosso,corn,-13.5,-56,NASA POWER MERRA-2 PRECTOTCORR
2019-11-23,6.87,corn-mato-grosso,corn,-13.5,-56,NASA POWER MERRA-2 PRECTOTCORR
2019-11-24,0.12,corn-mato-grosso,corn,-13.5,-56,NASA POWER MERRA-2 PRECTOTCORR
2019-11-25,0.49,corn-mato-grosso,corn,-13.5,-56,NASA POWER MERRA-2 PRECTOTCORR
2019-11-26,6.02,corn-mato-grosso,corn,-13.5,-56,NASA POWER MERRA-2 PRECTOTCORR
2019-11-27,11.33,corn-mato-grosso,corn,-13.5,-56,NASA POWER MERRA-2 PRECTOTCORR
2019-11-28,4.59,corn-mato-grosso,corn,-13.5,-56,NASA POWER MERRA-2 PRECTOTCORR
2019-11-29,0.63,corn-mato-grosso,corn,-13.5,-56,NASA POWER MERRA-2 PRECTOTCORR
2019-11-30,0.21,corn-mato-grosso,corn,-13.5,-56,NASA POWER MERRA-2 PRECTOTCORR
2019-12-01,2.19,corn-mato-grosso,corn,-13.5,-56,NASA POWER MERRA-2 PRECTOTCORR
2019-12-02,3.26,corn-mato-grosso,corn,-13.5,-56,NASA POWER MERRA-2 PRECTOTCORR
2019-12-03,2.98,corn-mato-grosso,corn,-13.5,-56,NASA POWER MERRA-2 PRECTOTCORR
2019-12-04,1.08,corn-mato-grosso,corn,-13.5,-56,NASA POWER MERRA-2 PRECTOTCORR
2019-12-05,3.47,corn-mato-grosso,corn,-13.5,-56,NASA POWER MERRA-2 PRECTOTCORR
2019-12-06,2.8,corn-mato-grosso,corn,-13.5,-56,NASA POWER MERRA-2 PRECTOTCORR
2019-12-07,1.87,corn-mato-grosso,corn,-13.5,-56,NASA POWER MERRA-2 PRECTOTCORR
2019-12-08,0.28,corn-mato-grosso,corn,-13.5,-56,NASA POWER MERRA-2 PRECTOTCORR
2019-12-09,14.13,corn-mato-grosso,corn,-13.5,-56,NASA POWER MERRA-2 PRECTOTCORR
2019-12-10,0.39,corn-mato-grosso,corn,-13.5,-56,NASA POWER MERRA-2 PRECTOTCORR
2019-12-11,0.27,corn-mato-grosso,corn,-13.5,-56,NASA POWER MERRA-2 PRECTOTCORR
2019-12-12,1.95,corn-mato-grosso,corn,-13.5,-56,NASA POWER MERRA-2 PRECTOTCORR
2019-12-13,3.72,corn-mato-grosso,corn,-13.5,-56,NASA POWER MERRA-2 PRECTOTCORR
2019-12-14,0.42,corn-mato-grosso,corn,-13.5,-56,NASA POWER MERRA-2 PRECTOTCORR
2019-12-15,0.12,corn-mato-grosso,corn,-13.5,-56,NASA POWER MERRA-2 PRECTOTCORR
2019-12-16,3.85,corn-mato-grosso,corn,-13.5,-56,NASA POWER MERRA-2 PRECTOTCORR
2019-12-17,3.37,corn-mato-grosso,corn,-13.5,-56,NASA POWER MERRA-2 PRECTOTCORR
2019-12-18,1.45,corn-mato-grosso,corn,-13.5,-56,NASA POWER MERRA-2 PRECTOTCORR
2019-12-19,7.92,corn-mato-grosso,corn,-13.5,-56,NASA POWER MERRA-2 PRECTOTCORR
2019-12-20,1.34,corn-mato-grosso,corn,-13.5,-56,NASA POWER MERRA-2 PRECTOTCORR
2019-12-21,1.95,corn-mato-grosso,corn,-13.5,-56,NASA POWER MERRA-2 PRECTOTCORR
2019-12-22,0.26,corn-mato-grosso,corn,-13.5,-56,NASA POWER MERRA-2 PRECTOTCORR
2019-12-23,0.04,corn-mato-grosso,corn,-13.5,-56,NASA POWER MERRA-2 PRECTOTCORR
2019-12-24,0.09,corn-mato-grosso,corn,-13.5,-56,NASA POWER MERRA-2 PRECTOTCORR
2019-12-25,19.45,corn-mato-grosso,corn,-13.5,-56,NASA POWER MERRA-2 PRECTOTCORR
2019-12-26,0.31,corn-mato-grosso,corn,-13.5,-56,NASA POWER MERRA-2 PRECTOTCORR
2019-12-27,5.66,corn-mato-grosso,corn,-13.5,-56,NASA POWER MERRA-2 PRECTOTCORR
2019-12-28,4.73,corn-mato-grosso,corn,-13.5,-56,NASA POWER MERRA-2 PRECTOTCORR
2019-12-29,0.57,corn-mato-grosso,corn,-13.5,-56,NASA POWER MERRA-2 PRECTOTCORR
2019-12-30,1.85,corn-mato-grosso,corn,-13.5,-56,NASA POWER MERRA-2 PRECTOTCORR
2019-12-31,0.77,corn-mato-grosso,corn,-13.5,-56,NASA POWER MERRA-2 PRECTOTCORR
2020-01-01,2.22,corn-mato-grosso,corn,-13.5,-56,NASA POWER MERRA-2 PRECTOTCORR
2020-01-02,0.67,corn-mato-grosso,corn,-13.5,-56,NASA POWER MERRA-2 PRECTOTCORR
2020-01-03,10.2,corn-mato-grosso,corn,-13.5,-56,NASA POWER MERRA-2 PRECTOTCORR
2020-01-04,12.3,corn-mato-grosso,corn,-13.5,-56,NASA POWER MERRA-2 PRECTOTCORR
2020-01-05,8.3,corn-mato-grosso,corn,-13.5,-56,NASA POWER MERRA-2 PRECTOTCORR
2020-01-06,0.53,corn-mato-grosso,corn,-13.5,-56,NASA POWER MERRA-2 PRECTOTCORR
2020-01-07,1.2,corn-mato-grosso,corn,-13.5,-56,NASA POWER MERRA-2 PRECTOTCORR
2020-01-08,10.09,corn-mato-grosso,corn,-13.5,-56,NASA POWER MERRA-2 PRECTOTCORR
2020-01-09,2.5,corn-mato-grosso,corn,-13.5,-56,NASA POWER MERRA-2 PRECTOTCORR
2020-01-10,4.26,corn-mato-grosso,corn,-13.5,-56,NASA POWER MERRA-2 PRECTOTCORR
2020-01-11,1.14,corn-mato-grosso,corn,-13.5,-56,NASA POWER MERRA-2 PRECTOTCORR
2020-01-12,0.21,corn-mato-grosso,corn,-13.5,-56,NASA POWER MERRA-2 PRECTOTCORR
2020-01-13,0.07,corn-mato-grosso,corn,-13.5,-56,NASA POWER MERRA-2 PRECTOTCORR
2020-01-14,0.05,corn-mato-grosso,corn,-13.5,-56,NASA POWER MERRA-2 PRECTOTCORR
2020-01-15,0.74,corn-mato-grosso,corn,-13.5,-56,NASA POWER MERRA-2 PRECTOTCORR
2020-01-16,5.38,corn-mato-grosso,corn,-13.5,-56,NASA POWER MERRA-2 PRECTOTCORR
2020-01-17,3.58,corn-mato-grosso,corn,-13.5,-56,NASA POWER MERRA-2 PRECTOTCORR
2020-01-18,0.26,corn-mato-grosso,corn,-13.5,-56,NASA POWER MERRA-2 PRECTOTCORR
2020-01-19,0.6,corn-mato-grosso,corn,-13.5,-56,NASA POWER MERRA-2 PRECTOTCORR
2020-01-20,1.35,corn-mato-grosso,corn,-13.5,-56,NASA POWER MERRA-2 PRECTOTCORR
2020-01-21,4.13,corn-mato-grosso,corn,-13.5,-56,NASA POWER MERRA-2 PRECTOTCORR
2020-01-22,3.53,corn-mato-grosso,corn,-13.5,-56,NASA POWER MERRA-2 PRECTOTCORR
2020-01-23,3.78,corn-mato-grosso,corn,-13.5,-56,NASA POWER MERRA-2 PRECTOTCORR
2020-01-24,2.52,corn-mato-grosso,corn,-13.5,-56,NASA POWER MERRA-2 PRECTOTCORR
2020-01-25,1.8,corn-mato-grosso,corn,-13.5,-56,NASA POWER MERRA-2 PRECTOTCORR
2020-01-26,0.62,corn-mato-grosso,corn,-13.5,-56,NASA POWER MERRA-2 PRECTOTCORR
2020-01-27,2.28,corn-mato-grosso,corn,-13.5,-56,NASA POWER MERRA-2 PRECTOTCORR
2020-01-28,2.13,corn-mato-grosso,corn,-13.5,-56,NASA POWER MERRA-2 PRECTOTCORR
2020-01-29,3.74,corn-mato-grosso,corn,-13.5,-56,NASA POWER MERRA-2 PRECTOTCORR
2020-01-30,2.94,corn-mato-grosso,corn,-13.5,-56,NASA POWER MERRA-2 PRECTOTCORR
2020-01-31,0.5,corn-mato-grosso,corn,-13.5,-56,NASA POWER MERRA-2 PRECTOTCORR
2020-02-01,0.06,corn-mato-grosso,corn,-13.5,-56,NASA POWER MERRA-2 PRECTOTCORR
2020-02-02,0.38,corn-mato-grosso,corn,-13.5,-56,NASA POWER MERRA-2 PRECTOTCORR
2020-02-03,6.2,corn-mato-grosso,corn,-13.5,-56,NASA POWER MERRA-2 PRECTOTCORR
2020-02-04,3,corn-mato-grosso,corn,-13.5,-56,NASA POWER MERRA-2 PRECTOTCORR
2020-02-05,3.97,corn-mato-grosso,corn,-13.5,-56,NASA POWER MERRA-2 PRECTOTCORR
2020-02-06,3.45,corn-mato-grosso,corn,-13.5,-56,NASA POWER MERRA-2 PRECTOTCORR
2020-02-07,5.41,corn-mato-grosso,corn,-13.5,-56,NASA POWER MERRA-2 PRECTOTCORR
2020-02-08,6.05,corn-mato-grosso,corn,-13.5,-56,NASA POWER MERRA-2 PRECTOTCORR
2020-02-09,5.14,corn-mato-grosso,corn,-13.5,-56,NASA POWER MERRA-2 PRECTOTCORR
2020-02-10,1.6,corn-mato-grosso,corn,-13.5,-56,NASA POWER MERRA-2 PRECTOTCORR
2020-02-11,7.73,corn-mato-grosso,corn,-13.5,-56,NASA POWER MERRA-2 PRECTOTCORR
2020-02-12,3.33,corn-mato-grosso,corn,-13.5,-56,NASA POWER MERRA-2 PRECTOTCORR
2020-02-13,3.13,corn-mato-grosso,corn,-13.5,-56,NASA POWER MERRA-2 PRECTOTCORR
2020-02-14,0.58,corn-mato-grosso,corn,-13.5,-56,NASA POWER MERRA-2 PRECTOTCORR
2020-02-15,5.88,corn-mato-grosso,corn,-13.5,-56,NASA POWER MERRA-2 PRECTOTCORR
2020-02-16,7.31,corn-mato-grosso,corn,-13.5,-56,NASA POWER MERRA-2 PRECTOTCORR
2020-02-17,4.06,corn-mato-grosso,corn,-13.5,-56,NASA POWER MERRA-2 PRECTOTCORR
2020-02-18,4.16,corn-mato-grosso,corn,-13.5,-56,NASA POWER MERRA-2 PRECTOTCORR
2020-02-19,2.41,corn-mato-grosso,corn,-13.5,-56,NASA POWER MERRA-2 PRECTOTCORR
2020-02-20,10.93,corn-mato-grosso,corn,-13.5,-56,NASA POWER MERRA-2 PRECTOTCORR
2020-02-21,6.37,corn-mato-grosso,corn,-13.5,-56,NASA POWER MERRA-2 PRECTOTCORR
2020-02-22,6.73,corn-mato-grosso,corn,-13.5,-56,NASA POWER MERRA-2 PRECTOTCORR
2020-02-23,13.59,corn-mato-grosso,corn,-13.5,-56,NASA POWER MERRA-2 PRECTOTCORR
2020-02-24,5.54,corn-mato-grosso,corn,-13.5,-56,NASA POWER MERRA-2 PRECTOTCORR
2020-02-25,8.3,corn-mato-grosso,corn,-13.5,-56,NASA POWER MERRA-2 PRECTOTCORR
2020-02-26,8.32,corn-mato-grosso,corn,-13.5,-56,NASA POWER MERRA-2 PRECTOTCORR
2020-02-27,1.12,corn-mato-grosso,corn,-13.5,-56,NASA POWER MERRA-2 PRECTOTCORR
2020-02-28,1.17,corn-mato-grosso,corn,-13.5,-56,NASA POWER MERRA-2 PRECTOTCORR
2020-02-29,13.37,corn-mato-grosso,corn,-13.5,-56,NASA POWER MERRA-2 PRECTOTCORR
2020-03-01,3.7,corn-mato-grosso,corn,-13.5,-56,NASA POWER MERRA-2 PRECTOTCORR
2020-03-02,0.23,corn-mato-grosso,corn,-13.5,-56,NASA POWER MERRA-2 PRECTOTCORR
2020-03-03,0.19,corn-mato-grosso,corn,-13.5,-56,NASA POWER MERRA-2 PRECTOTCORR
2020-03-04,2.33,corn-mato-grosso,corn,-13.5,-56,NASA POWER MERRA-2 PRECTOTCORR
2020-03-05,0.73,corn-mato-grosso,corn,-13.5,-56,NASA POWER MERRA-2 PRECTOTCORR
2020-03-06,2.38,corn-mato-grosso,corn,-13.5,-56,NASA POWER MERRA-2 PRECTOTCORR
2020-03-07,2.69,corn-mato-grosso,corn,-13.5,-56,NASA POWER MERRA-2 PRECTOTCORR
2020-03-08,1.54,corn-mato-grosso,corn,-13.5,-56,NASA POWER MERRA-2 PRECTOTCORR
2020-03-09,0.96,corn-mato-grosso,corn,-13.5,-56,NASA POWER MERRA-2 PRECTOTCORR
2020-03-10,0.9,corn-mato-grosso,corn,-13.5,-56,NASA POWER MERRA-2 PRECTOTCORR
2020-03-11,2.63,corn-mato-grosso,corn,-13.5,-56,NASA POWER MERRA-2 PRECTOTCORR
2020-03-12,1.92,corn-mato-grosso,corn,-13.5,-56,NASA POWER MERRA-2 PRECTOTCORR
2020-03-13,0.33,corn-mato-grosso,corn,-13.5,-56,NASA POWER MERRA-2 PRECTOTCORR
2020-03-14,2.23,corn-mato-grosso,corn,-13.5,-56,NASA POWER MERRA-2 PRECTOTCORR
2020-03-15,2.33,corn-mato-grosso,corn,-13.5,-56,NASA POWER MERRA-2 PRECTOTCORR
2020-03-16,7.64,corn-mato-grosso,corn,-13.5,-56,NASA POWER MERRA-2 PRECTOTCORR
2020-03-17,2.45,corn-mato-grosso,corn,-13.5,-56,NASA POWER MERRA-2 PRECTOTCORR
2020-03-18,6.6,corn-mato-grosso,corn,-13.5,-56,NASA POWER MERRA-2 PRECTOTCORR
2020-03-19,17.98,corn-mato-grosso,corn,-13.5,-56,NASA POWER MERRA-2 PRECTOTCORR
2020-03-20,10.56,corn-mato-grosso,corn,-13.5,-56,NASA POWER MERRA-2 PRECTOTCORR
2020-03-21,2.69,corn-mato-grosso,corn,-13.5,-56,NASA POWER MERRA-2 PRECTOTCORR
2020-03-22,3.51,corn-mato-grosso,corn,-13.5,-56,NASA POWER MERRA-2 PRECTOTCORR
2020-03-23,1.61,corn-mato-grosso,corn,-13.5,-56,NASA POWER MERRA-2 PRECTOTCORR
2020-03-24,4.18,corn-mato-grosso,corn,-13.5,-56,NASA POWER MERRA-2 PRECTOTCORR
2020-03-25,11.43,corn-mato-grosso,corn,-13.5,-56,NASA POWER MERRA-2 PRECTOTCORR
2020-03-26,9.85,corn-mato-grosso,corn,-13.5,-56,NASA POWER MERRA-2 PRECTOTCORR
2020-03-27,5.84,corn-mato-grosso,corn,-13.5,-56,NASA POWER MERRA-2 PRECTOTCORR
2020-03-28,2.04,corn-mato-grosso,corn,-13.5,-56,NASA POWER MERRA-2 PRECTOTCORR
2020-03-29,1.19,corn-mato-grosso,corn,-13.5,-56,NASA POWER MERRA-2 PRECTOTCORR
2020-03-30,0.24,corn-mato-grosso,corn,-13.5,-56,NASA POWER MERRA-2 PRECTOTCORR
2020-03-31,0.1,corn-mato-grosso,corn,-13.5,-56,NASA POWER MERRA-2 PRECTOTCORR
2020-04-01,0.03,corn-mato-grosso,corn,-13.5,-56,NASA POWER MERRA-2 PRECTOTCORR
2020-04-02,2,corn-mato-grosso,corn,-13.5,-56,NASA POWER MERRA-2 PRECTOTCORR
2020-04-03,1.21,corn-mato-grosso,corn,-13.5,-56,NASA POWER MERRA-2 PRECTOTCORR
2020-04-04,0.44,corn-mato-grosso,corn,-13.5,-56,NASA POWER MERRA-2 PRECTOTCORR
2020-04-05,0.05,corn-mato-grosso,corn,-13.5,-56,NASA POWER MERRA-2 PRECTOTCORR
2020-04-06,0.95,corn-mato-grosso,corn,-13.5,-56,NASA POWER MERRA-2 PRECTOTCORR
2020-04-07,1.48,corn-mato-grosso,corn,-13.5,-56,NASA POWER MERRA-2 PRECTOTCORR
2020-04-08,4.66,corn-mato-grosso,corn,-13.5,-56,NASA POWER MERRA-2 PRECTOTCORR
2020-04-09,1.08,corn-mato-grosso,corn,-13.5,-56,NASA POWER MERRA-2 PRECTOTCORR
2020-04-10,2.17,corn-mato-grosso,corn,-13.5,-56,NASA POWER MERRA-2 PRECTOTCORR
2020-04-11,7.69,corn-mato-grosso,corn,-13.5,-56,NASA POWER MERRA-2 PRECTOTCORR
2020-04-12,2.25,corn-mato-grosso,corn,-13.5,-56,NASA POWER MERRA-2 PRECTOTCORR
2020-04-13,0.57,corn-mato-grosso,corn,-13.5,-56,NASA POWER MERRA-2 PRECTOTCORR
2020-04-14,10,corn-mato-grosso,corn,-13.5,-56,NASA POWER MERRA-2 PRECTOTCORR
2020-04-15,5.69,corn-mato-grosso,corn,-13.5,-56,NASA POWER MERRA-2 PRECTOTCORR
2020-04-16,3.23,corn-mato-grosso,corn,-13.5,-56,NASA POWER MERRA-2 PRECTOTCORR
2020-04-17,2.05,corn-mato-grosso,corn,-13.5,-56,NASA POWER MERRA-2 PRECTOTCORR
2020-04-18,2.92,corn-mato-grosso,corn,-13.5,-56,NASA POWER MERRA-2 PRECTOTCORR
2020-04-19,1.49,corn-mato-grosso,corn,-13.5,-56,NASA POWER MERRA-2 PRECTOTCORR
2020-04-20,7.3,corn-mato-grosso,corn,-13.5,-56,NASA POWER MERRA-2 PRECTOTCORR
2020-04-21,2.92,corn-mato-grosso,corn,-13.5,-56,NASA POWER MERRA-2 PRECTOTCORR
2020-04-22,0.3,corn-mato-grosso,corn,-13.5,-56,NASA POWER MERRA-2 PRECTOTCORR
2020-04-23,0.03,corn-mato-grosso,corn,-13.5,-56,NASA POWER MERRA-2 PRECTOTCORR
2020-04-24,0.14,corn-mato-grosso,corn,-13.5,-56,NASA POWER MERRA-2 PRECTOTCORR
2020-04-25,1.23,corn-mato-grosso,corn,-13.5,-56,NASA POWER MERRA-2 PRECTOTCORR
2020-04-26,1.05,corn-mato-grosso,corn,-13.5,-56,NASA POWER MERRA-2 PRECTOTCORR
2020-04-27,0.1,corn-mato-grosso,corn,-13.5,-56,NASA POWER MERRA-2 PRECTOTCORR
2020-04-28,0.01,corn-mato-grosso,corn,-13.5,-56,NASA POWER MERRA-2 PRECTOTCORR
2020-04-29,0.01,corn-mato-grosso,corn,-13.5,-56,NASA POWER MERRA-2 PRECTOTCORR
2020-04-30,0.01,corn-mato-grosso,corn,-13.5,-56,NASA POWER MERRA-2 PRECTOTCORR
2020-05-01,0,corn-mato-grosso,corn,-13.5,-56,NASA POWER MERRA-2 PRECTOTCORR
2020-05-02,0.01,corn-mato-grosso,corn,-13.5,-56,NASA POWER MERRA-2 PRECTOTCORR
2020-05-03,0.01,corn-mato-grosso,corn,-13.5,-56,NASA POWER MERRA-2 PRECTOTCORR
2020-05-04,0.01,corn-mato-grosso,corn,-13.5,-56,NASA POWER MERRA-2 PRECTOTCORR
2020-05-05,0.04,corn-mato-grosso,corn,-13.5,-56,NASA POWER MERRA-2 PRECTOTCORR
2020-05-06,8.82,corn-mato-grosso,corn,-13.5,-56,NASA POWER MERRA-2 PRECTOTCORR
2020-05-07,2.29,corn-mato-grosso,corn,-13.5,-56,NASA POWER MERRA-2 PRECTOTCORR
2020-05-08,0.02,corn-mato-grosso,corn,-13.5,-56,NASA POWER MERRA-2 PRECTOTCORR
2020-05-09,0.02,corn-mato-grosso,corn,-13.5,-56,NASA POWER MERRA-2 PRECTOTCORR
2020-05-10,0.03,corn-mato-grosso,corn,-13.5,-56,NASA POWER MERRA-2 PRECTOTCORR
2020-05-11,1.21,corn-mato-grosso,corn,-13.5,-56,NASA POWER MERRA-2 PRECTOTCORR
2020-05-12,0.35,corn-mato-grosso,corn,-13.5,-56,NASA POWER MERRA-2 PRECTOTCORR
2020-05-13,3.54,corn-mato-grosso,corn,-13.5,-56,NASA POWER MERRA-2 PRECTOTCORR
2020-05-14,9.02,corn-mato-grosso,corn,-13.5,-56,NASA POWER MERRA-2 PRECTOTCORR
2020-05-15,0.37,corn-mato-grosso,corn,-13.5,-56,NASA POWER MERRA-2 PRECTOTCORR
2020-05-16,5.27,corn-mato-grosso,corn,-13.5,-56,NASA POWER MERRA-2 PRECTOTCORR
2020-05-17,0.62,corn-mato-grosso,corn,-13.5,-56,NASA POWER MERRA-2 PRECTOTCORR
2020-05-18,0.16,corn-mato-grosso,corn,-13.5,-56,NASA POWER MERRA-2 PRECTOTCORR
2020-05-19,0.09,corn-mato-grosso,corn,-13.5,-56,NASA POWER MERRA-2 PRECTOTCORR
2020-05-20,0.25,corn-mato-grosso,corn,-13.5,-56,NASA POWER MERRA-2 PRECTOTCORR
2020-05-21,0.08,corn-mato-grosso,corn,-13.5,-56,NASA POWER MERRA-2 PRECTOTCORR
2020-05-22,0.19,corn-mato-grosso,corn,-13.5,-56,NASA POWER MERRA-2 PRECTOTCORR
2020-05-23,0.35,corn-mato-grosso,corn,-13.5,-56,NASA POWER MERRA-2 PRECTOTCORR
2020-05-24,0,corn-mato-grosso,corn,-13.5,-56,NASA POWER MERRA-2 PRECTOTCORR
2020-05-25,0.01,corn-mato-grosso,corn,-13.5,-56,NASA POWER MERRA-2 PRECTOTCORR
2020-05-26,0.03,corn-mato-grosso,corn,-13.5,-56,NASA POWER MERRA-2 PRECTOTCORR
2020-05-27,0,corn-mato-grosso,corn,-13.5,-56,NASA POWER MERRA-2 PRECTOTCORR
2020-05-28,0,corn-mato-grosso,corn,-13.5,-56,NASA POWER MERRA-2 PRECTOTCORR
2020-05-29,0,corn-mato-grosso,corn,-13.5,-56,NASA POWER MERRA-2 PRECTOTCORR
2020-05-30,0.01,corn-mato-grosso,corn,-13.5,-56,NASA POWER MERRA-2 PRECTOTCORR
2020-05-31,0,corn-mato-grosso,corn,-13.5,-56,NASA POWER MERRA-2 PRECTOTCORR
2020-06-01,0,corn-mato-grosso,corn,-13.5,-56,NASA POWER MERRA-2 PRECTOTCORR
2020-06-02,0.01,corn-mato-grosso,corn,-13.5,-56,NASA POWER MERRA-2 PRECTOTCORR
2020-06-03,0,corn-mato-grosso,corn,-13.5,-56,NASA POWER MERRA-2 PRECTOTCORR
2020-06-04,0.01,corn-mato-grosso,corn,-13.5,-56,NASA POWER MERRA-2 PRECTOTCORR
2020-06-05,0.01,corn-mato-grosso,corn,-13.5,-56,NASA POWER MERRA-2 PRECTOTCORR
2020-06-06,0,corn-mato-grosso,corn,-13.5,-56,NASA POWER MERRA-2 PRECTOTCORR
2020-06-07,0,corn-mato-grosso,corn,-13.5,-56,NASA POWER MERRA-2 PRECTOTCORR
2020-06-08,0.01,corn-mato-grosso,corn,-13.5,-56,NASA POWER MERRA-2 PRECTOTCORR
2020-06-09,0,corn-mato-grosso,corn,-13.5,-56,NASA POWER MERRA-2 PRECTOTCORR
2020-06-10,0,corn-mato-grosso,corn,-13.5,-56,NASA POWER MERRA-2 PRECTOTCORR
2020-06-11,0.01,corn-mato-grosso,corn,-13.5,-56,NASA POWER MERRA-2 PRECTOTCORR
2020-06-12,0,corn-mato-grosso,corn,-13.5,-56,NASA POWER MERRA-2 PRECTOTCORR
2020-06-13,0.05,corn-mato-grosso,corn,-13.5,-56,NASA POWER MERRA-2 PRECTOTCORR
2020-06-14,0.01,corn-mato-grosso,corn,-13.5,-56,NASA POWER MERRA-2 PRECTOTCORR
2020-06-15,0,corn-mato-grosso,corn,-13.5,-56,NASA POWER MERRA-2 PRECTOTCORR
2020-06-16,0.01,corn-mato-grosso,corn,-13.5,-56,NASA POWER MERRA-2 PRECTOTCORR
2020-06-17,0,corn-mato-grosso,corn,-13.5,-56,NASA POWER MERRA-2 PRECTOTCORR
2020-06-18,0.01,corn-mato-grosso,corn,-13.5,-56,NASA POWER MERRA-2 PRECTOTCORR
2020-06-19,0.01,corn-mato-grosso,corn,-13.5,-56,NASA POWER MERRA-2 PRECTOTCORR
2020-06-20,0.02,corn-mato-grosso,corn,-13.5,-56,NASA POWER MERRA-2 PRECTOTCORR
2020-06-21,0,corn-mato-grosso,corn,-13.5,-56,NASA POWER MERRA-2 PRECTOTCORR
2020-06-22,0,corn-mato-grosso,corn,-13.5,-56,NASA POWER MERRA-2 PRECTOTCORR
2020-06-23,0.02,corn-mato-grosso,corn,-13.5,-56,NASA POWER MERRA-2 PRECTOTCORR
2020-06-24,0.09,corn-mato-grosso,corn,-13.5,-56,NASA POWER MERRA-2 PRECTOTCORR
2020-06-25,0.01,corn-mato-grosso,corn,-13.5,-56,NASA POWER MERRA-2 PRECTOTCORR
2020-06-26,0,corn-mato-grosso,corn,-13.5,-56,NASA POWER MERRA-2 PRECTOTCORR
2020-06-27,0,corn-mato-grosso,corn,-13.5,-56,NASA POWER MERRA-2 PRECTOTCORR
2020-06-28,0,corn-mato-grosso,corn,-13.5,-56,NASA POWER MERRA-2 PRECTOTCORR
2020-06-29,0,corn-mato-grosso,corn,-13.5,-56,NASA POWER MERRA-2 PRECTOTCORR
2020-06-30,0,corn-mato-grosso,corn,-13.5,-56,NASA POWER MERRA-2 PRECTOTCORR
2020-07-01,0.03,corn-mato-grosso,corn,-13.5,-56,NASA POWER MERRA-2 PRECTOTCORR
2020-07-02,0.03,corn-mato-grosso,corn,-13.5,-56,NASA POWER MERRA-2 PRECTOTCORR
2020-07-03,0.02,corn-mato-grosso,corn,-13.5,-56,NASA POWER MERRA-2 PRECTOTCORR
2020-07-04,0.22,corn-mato-grosso,corn,-13.5,-56,NASA POWER MERRA-2 PRECTOTCORR
2020-07-05,0,corn-mato-grosso,corn,-13.5,-56,NASA POWER MERRA-2 PRECTOTCORR
2020-07-06,0,corn-mato-grosso,corn,-13.5,-56,NASA POWER MERRA-2 PRECTOTCORR
2020-07-07,0,corn-mato-grosso,corn,-13.5,-56,NASA POWER MERRA-2 PRECTOTCORR
2020-07-08,0,corn-mato-grosso,corn,-13.5,-56,NASA POWER MERRA-2 PRECTOTCORR
2020-07-09,0,corn-mato-grosso,corn,-13.5,-56,NASA POWER MERRA-2 PRECTOTCORR
2020-07-10,0,corn-mato-grosso,corn,-13.5,-56,NASA POWER MERRA-2 PRECTOTCORR
2020-07-11,0,corn-mato-grosso,corn,-13.5,-56,NASA POWER MERRA-2 PRECTOTCORR
2020-07-12,0,corn-mato-grosso,corn,-13.5,-56,NASA POWER MERRA-2 PRECTOTCORR
2020-07-13,0,corn-mato-grosso,corn,-13.5,-56,NASA POWER MERRA-2 PRECTOTCORR
2020-07-14,0,corn-mato-grosso,corn,-13.5,-56,NASA POWER MERRA-2 PRECTOTCORR
2020-07-15,0,corn-mato-grosso,corn,-13.5,-56,NASA POWER MERRA-2 PRECTOTCORR
2020-07-16,0,corn-mato-grosso,corn,-13.5,-56,NASA POWER MERRA-2 PRECTOTCORR
2020-07-17,0,corn-mato-grosso,corn,-13.5,-56,NASA POWER MERRA-2 PRECTOTCORR
2020-07-18,0,corn-mato-grosso,corn,-13.5,-56,NASA POWER MERRA-2 PRECTOTCORR
2020-07-19,0,corn-mato-grosso,corn,-13.5,-56,NASA POWER MERRA-2 PRECTOTCORR
2020-07-20,0,corn-mato-grosso,corn,-13.5,-56,NASA POWER MERRA-2 PRECTOTCORR
2020-07-21,0,corn-mato-grosso,corn,-13.5,-56,NASA POWER MERRA-2 PRECTOTCORR
2020-07-22,0,corn-mato-grosso,corn,-13.5,-56,NASA POWER MERRA-2 PRECTOTCORR
2020-07-23,0.02,corn-mato-grosso,corn,-13.5,-56,NASA POWER MERRA-2 PRECTOTCORR
2020-07-24,0.01,corn-mato-grosso,corn,-13.5,-56,NASA POWER MERRA-2 PRECTOTCORR
2020-07-25,0,corn-mato-grosso,corn,-13.5,-56,NASA POWER MERRA-2 PRECTOTCORR
2020-07-26,0,corn-mato-grosso,corn,-13.5,-56,NASA POWER MERRA-2 PRECTOTCORR
2020-07-27,0,corn-mato-grosso,corn,-13.5,-56,NASA POWER MERRA-2 PRECTOTCORR
2020-07-28,0,corn-mato-grosso,corn,-13.5,-56,NASA POWER MERRA-2 PRECTOTCORR
2020-07-29,0,corn-mato-grosso,corn,-13.5,-56,NASA POWER MERRA-2 PRECTOTCORR
2020-07-30,0,corn-mato-grosso,corn,-13.5,-56,NASA POWER MERRA-2 PRECTOTCORR
2020-07-31,0,corn-mato-grosso,corn,-13.5,-56,NASA POWER MERRA-2 PRECTOTCORR
2020-08-01,0,corn-mato-grosso,corn,-13.5,-56,NASA POWER MERRA-2 PRECTOTCORR
2020-08-02,0,corn-mato-grosso,corn,-13.5,-56,NASA POWER MERRA-2 PRECTOTCORR
2020-08-03,0,corn-mato-grosso,corn,-13.5,-56,NASA POWER MERRA-2 PRECTOTCORR
2020-08-04,0.17,corn-mato-grosso,corn,-13.5,-56,NASA POWER MERRA-2 PRECTOTCORR
2020-08-05,0,corn-mato-grosso,corn,-13.5,-56,NASA POWER MERRA-2 PRECTOTCORR
2020-08-06,0.01,corn-mato-grosso,corn,-13.5,-56,NASA POWER MERRA-2 PRECTOTCORR
2020-08-07,0,corn-mato-grosso,corn,-13.5,-56,NASA POWER MERRA-2 PRECTOTCORR
2020-08-08,0.01,corn-mato-grosso,corn,-13.5,-56,NASA POWER MERRA-2 PRECTOTCORR
2020-08-09,0,corn-mato-grosso,corn,-13.5,-56,NASA POWER MERRA-2 PRECTOTCORR
2020-08-10,0,corn-mato-grosso,corn,-13.5,-56,NASA POWER MERRA-2 PRECTOTCORR
2020-08-11,0.22,corn-mato-grosso,corn,-13.5,-56,NASA POWER MERRA-2 PRECTOTCORR
2020-08-12,0,corn-mato-grosso,corn,-13.5,-56,NASA POWER MERRA-2 PRECTOTCORR
2020-08-13,3,corn-mato-grosso,corn,-13.5,-56,NASA POWER MERRA-2 PRECTOTCORR
2020-08-14,0,corn-mato-grosso,corn,-13.5,-56,NASA POWER MERRA-2 PRECTOTCORR
2020-08-15,0.01,corn-mato-grosso,corn,-13.5,-56,NASA POWER MERRA-2 PRECTOTCORR
2020-08-16,0.03,corn-mato-grosso,corn,-13.5,-56,NASA POWER MERRA-2 PRECTOTCORR
2020-08-17,0.01,corn-mato-grosso,corn,-13.5,-56,NASA POWER MERRA-2 PRECTOTCORR
2020-08-18,0,corn-mato-grosso,corn,-13.5,-56,NASA POWER MERRA-2 PRECTOTCORR
2020-08-19,0.12,corn-mato-grosso,corn,-13.5,-56,NASA POWER MERRA-2 PRECTOTCORR
2020-08-20,0,corn-mato-grosso,corn,-13.5,-56,NASA POWER MERRA-2 PRECTOTCORR
2020-08-21,0.01,corn-mato-grosso,corn,-13.5,-56,NASA POWER MERRA-2 PRECTOTCORR
2020-08-22,0,corn-mato-grosso,corn,-13.5,-56,NASA POWER MERRA-2 PRECTOTCORR
2020-08-23,0,corn-mato-grosso,corn,-13.5,-56,NASA POWER MERRA-2 PRECTOTCORR
2020-08-24,0,corn-mato-grosso,corn,-13.5,-56,NASA POWER MERRA-2 PRECTOTCORR
2020-08-25,0.05,corn-mato-grosso,corn,-13.5,-56,NASA POWER MERRA-2 PRECTOTCORR
2020-08-26,0.01,corn-mato-grosso,corn,-13.5,-56,NASA POWER MERRA-2 PRECTOTCORR
2020-08-27,0.01,corn-mato-grosso,corn,-13.5,-56,NASA POWER MERRA-2 PRECTOTCORR
2020-08-28,0,corn-mato-grosso,corn,-13.5,-56,NASA POWER MERRA-2 PRECTOTCORR
2020-08-29,0,corn-mato-grosso,corn,-13.5,-56,NASA POWER MERRA-2 PRECTOTCORR
2020-08-30,0.01,corn-mato-grosso,corn,-13.5,-56,NASA POWER MERRA-2 PRECTOTCORR
2020-08-31,0.01,corn-mato-grosso,corn,-13.5,-56,NASA POWER MERRA-2 PRECTOTCORR
2020-09-01,0.01,corn-mato-grosso,corn,-13.5,-56,NASA POWER MERRA-2 PRECTOTCORR
2020-09-02,0,corn-mato-grosso,corn,-13.5,-56,NASA POWER MERRA-2 PRECTOTCORR
2020-09-03,0.04,corn-mato-grosso,corn,-13.5,-56,NASA POWER MERRA-2 PRECTOTCORR
2020-09-04,0,corn-mato-grosso,corn,-13.5,-56,NASA POWER MERRA-2 PRECTOTCORR
2020-09-05,0.01,corn-mato-grosso,corn,-13.5,-56,NASA POWER MERRA-2 PRECTOTCORR
2020-09-06,0,corn-mato-grosso,corn,-13.5,-56,NASA POWER MERRA-2 PRECTOTCORR
2020-09-07,0,corn-mato-grosso,corn,-13.5,-56,NASA POWER MERRA-2 PRECTOTCORR
2020-09-08,0.01,corn-mato-grosso,corn,-13.5,-56,NASA POWER MERRA-2 PRECTOTCORR
2020-09-09,0,corn-mato-grosso,corn,-13.5,-56,NASA POWER MERRA-2 PRECTOTCORR
2020-09-10,0,corn-mato-grosso,corn,-13.5,-56,NASA POWER MERRA-2 PRECTOTCORR
2020-09-11,0,corn-mato-grosso,corn,-13.5,-56,NASA POWER MERRA-2 PRECTOTCORR
2020-09-12,0,corn-mato-grosso,corn,-13.5,-56,NASA POWER MERRA-2 PRECTOTCORR
2020-09-13,0,corn-mato-grosso,corn,-13.5,-56,NASA POWER MERRA-2 PRECTOTCORR
2020-09-14,0,corn-mato-grosso,corn,-13.5,-56,NASA POWER MERRA-2 PRECTOTCORR
2020-09-15,0,corn-mato-grosso,corn,-13.5,-56,NASA POWER MERRA-2 PRECTOTCORR
2020-09-16,0.01,corn-mato-grosso,corn,-13.5,-56,NASA POWER MERRA-2 PRECTOTCORR
2020-09-17,0.01,corn-mato-grosso,corn,-13.5,-56,NASA POWER MERRA-2 PRECTOTCORR
2020-09-18,0.21,corn-mato-grosso,corn,-13.5,-56,NASA POWER MERRA-2 PRECTOTCORR
2020-09-19,0.01,corn-mato-grosso,corn,-13.5,-56,NASA POWER MERRA-2 PRECTOTCORR
2020-09-20,0,corn-mato-grosso,corn,-13.5,-56,NASA POWER MERRA-2 PRECTOTCORR
2020-09-21,0,corn-mato-grosso,corn,-13.5,-56,NASA POWER MERRA-2 PRECTOTCORR
2020-09-22,0.06,corn-mato-grosso,corn,-13.5,-56,NASA POWER MERRA-2 PRECTOTCORR
2020-09-23,0.06,corn-mato-grosso,corn,-13.5,-56,NASA POWER MERRA-2 PRECTOTCORR
2020-09-24,0.03,corn-mato-grosso,corn,-13.5,-56,NASA POWER MERRA-2 PRECTOTCORR
2020-09-25,0,corn-mato-grosso,corn,-13.5,-56,NASA POWER MERRA-2 PRECTOTCORR
2020-09-26,0.09,corn-mato-grosso,corn,-13.5,-56,NASA POWER MERRA-2 PRECTOTCORR
2020-09-27,0.07,corn-mato-grosso,corn,-13.5,-56,NASA POWER MERRA-2 PRECTOTCORR
2020-09-28,0.83,corn-mato-grosso,corn,-13.5,-56,NASA POWER MERRA-2 PRECTOTCORR
2020-09-29,0,corn-mato-grosso,corn,-13.5,-56,NASA POWER MERRA-2 PRECTOTCORR
2020-09-30,0.02,corn-mato-grosso,corn,-13.5,-56,NASA POWER MERRA-2 PRECTOTCORR
2020-10-01,0,corn-mato-grosso,corn,-13.5,-56,NASA POWER MERRA-2 PRECTOTCORR
2020-10-02,1.62,corn-mato-grosso,corn,-13.5,-56,NASA POWER MERRA-2 PRECTOTCORR
2020-10-03,0,corn-mato-grosso,corn,-13.5,-56,NASA POWER MERRA-2 PRECTOTCORR
2020-10-04,0,corn-mato-grosso,corn,-13.5,-56,NASA POWER MERRA-2 PRECTOTCORR
2020-10-05,0.5,corn-mato-grosso,corn,-13.5,-56,NASA POWER MERRA-2 PRECTOTCORR
2020-10-06,0.76,corn-mato-grosso,corn,-13.5,-56,NASA POWER MERRA-2 PRECTOTCORR
2020-10-07,0.04,corn-mato-grosso,corn,-13.5,-56,NASA POWER MERRA-2 PRECTOTCORR
2020-10-08,0,corn-mato-grosso,corn,-13.5,-56,NASA POWER MERRA-2 PRECTOTCORR
2020-10-09,0,corn-mato-grosso,corn,-13.5,-56,NASA POWER MERRA-2 PRECTOTCORR
2020-10-10,1.02,corn-mato-grosso,corn,-13.5,-56,NASA POWER MERRA-2 PRECTOTCORR
2020-10-11,2.22,corn-mato-grosso,corn,-13.5,-56,NASA POWER MERRA-2 PRECTOTCORR
2020-10-12,0.99,corn-mato-grosso,corn,-13.5,-56,NASA POWER MERRA-2 PRECTOTCORR
2020-10-13,0.59,corn-mato-grosso,corn,-13.5,-56,NASA POWER MERRA-2 PRECTOTCORR
2020-10-14,2.28,corn-mato-grosso,corn,-13.5,-56,NASA POWER MERRA-2 PRECTOTCORR
2020-10-15,7.69,corn-mato-grosso,corn,-13.5,-56,NASA POWER MERRA-2 PRECTOTCORR
2020-10-16,0.18,corn-mato-grosso,corn,-13.5,-56,NASA POWER MERRA-2 PRECTOTCORR
2020-10-17,1.13,corn-mato-grosso,corn,-13.5,-56,NASA POWER MERRA-2 PRECTOTCORR
2020-10-18,2.79,corn-mato-grosso,corn,-13.5,-56,NASA POWER MERRA-2 PRECTOTCORR
2020-10-19,5.03,corn-mato-grosso,corn,-13.5,-56,NASA POWER MERRA-2 PRECTOTCORR
2020-10-20,1.08,corn-mato-grosso,corn,-13.5,-56,NASA POWER MERRA-2 PRECTOTCORR
2020-10-21,0.79,corn-mato-grosso,corn,-13.5,-56,NASA POWER MERRA-2 PRECTOTCORR
2020-10-22,3.71,corn-mato-grosso,corn,-13.5,-56,NASA POWER MERRA-2 PRECTOTCORR
2020-10-23,0.94,corn-mato-grosso,corn,-13.5,-56,NASA POWER MERRA-2 PRECTOTCORR
2020-10-24,7.33,corn-mato-grosso,corn,-13.5,-56,NASA POWER MERRA-2 PRECTOTCORR
2020-10-25,10.51,corn-mato-grosso,corn,-13.5,-56,NASA POWER MERRA-2 PRECTOTCORR
2020-10-26,0.45,corn-mato-grosso,corn,-13.5,-56,NASA POWER MERRA-2 PRECTOTCORR
2020-10-27,0.18,corn-mato-grosso,corn,-13.5,-56,NASA POWER MERRA-2 PRECTOTCORR
2020-10-28,35.96,corn-mato-grosso,corn,-13.5,-56,NASA POWER MERRA-2 PRECTOTCORR
2020-10-29,27.44,corn-mato-grosso,corn,-13.5,-56,NASA POWER MERRA-2 PRECTOTCORR
2020-10-30,5.23,corn-mato-grosso,corn,-13.5,-56,NASA POWER MERRA-2 PRECTOTCORR
2020-10-31,0.74,corn-mato-grosso,corn,-13.5,-56,NASA POWER MERRA-2 PRECTOTCORR
2020-11-01,2.53,corn-mato-grosso,corn,-13.5,-56,NASA POWER MERRA-2 PRECTOTCORR
2020-11-02,1.66,corn-mato-grosso,corn,-13.5,-56,NASA POWER MERRA-2 PRECTOTCORR
2020-11-03,0.26,corn-mato-grosso,corn,-13.5,-56,NASA POWER MERRA-2 PRECTOTCORR
2020-11-04,0.12,corn-mato-grosso,corn,-13.5,-56,NASA POWER MERRA-2 PRECTOTCORR
2020-11-05,0.53,corn-mato-grosso,corn,-13.5,-56,NASA POWER MERRA-2 PRECTOTCORR
2020-11-06,0.2,corn-mato-grosso,corn,-13.5,-56,NASA POWER MERRA-2 PRECTOTCORR
2020-11-07,0.29,corn-mato-grosso,corn,-13.5,-56,NASA POWER MERRA-2 PRECTOTCORR
2020-11-08,1.05,corn-mato-grosso,corn,-13.5,-56,NASA POWER MERRA-2 PRECTOTCORR
2020-11-09,0.83,corn-mato-grosso,corn,-13.5,-56,NASA POWER MERRA-2 PRECTOTCORR
2020-11-10,2.49,corn-mato-grosso,corn,-13.5,-56,NASA POWER MERRA-2 PRECTOTCORR
2020-11-11,1.07,corn-mato-grosso,corn,-13.5,-56,NASA POWER MERRA-2 PRECTOTCORR
2020-11-12,0.68,corn-mato-grosso,corn,-13.5,-56,NASA POWER MERRA-2 PRECTOTCORR
2020-11-13,0.7,corn-mato-grosso,corn,-13.5,-56,NASA POWER MERRA-2 PRECTOTCORR
2020-11-14,7.98,corn-mato-grosso,corn,-13.5,-56,NASA POWER MERRA-2 PRECTOTCORR
2020-11-15,6.62,corn-mato-grosso,corn,-13.5,-56,NASA POWER MERRA-2 PRECTOTCORR
2020-11-16,9.24,corn-mato-grosso,corn,-13.5,-56,NASA POWER MERRA-2 PRECTOTCORR
2020-11-17,6.59,corn-mato-grosso,corn,-13.5,-56,NASA POWER MERRA-2 PRECTOTCORR
2020-11-18,14.44,corn-mato-grosso,corn,-13.5,-56,NASA POWER MERRA-2 PRECTOTCORR
2020-11-19,29.62,corn-mato-grosso,corn,-13.5,-56,NASA POWER MERRA-2 PRECTOTCORR
2020-11-20,0.45,corn-mato-grosso,corn,-13.5,-56,NASA POWER MERRA-2 PRECTOTCORR
2020-11-21,0.01,corn-mato-grosso,corn,-13.5,-56,NASA POWER MERRA-2 PRECTOTCORR
2020-11-22,0.05,corn-mato-grosso,corn,-13.5,-56,NASA POWER MERRA-2 PRECTOTCORR
2020-11-23,0.47,corn-mato-grosso,corn,-13.5,-56,NASA POWER MERRA-2 PRECTOTCORR
2020-11-24,0.35,corn-mato-grosso,corn,-13.5,-56,NASA POWER MERRA-2 PRECTOTCORR
2020-11-25,0.53,corn-mato-grosso,corn,-13.5,-56,NASA POWER MERRA-2 PRECTOTCORR
2020-11-26,4.03,corn-mato-grosso,corn,-13.5,-56,NASA POWER MERRA-2 PRECTOTCORR
2020-11-27,1.17,corn-mato-grosso,corn,-13.5,-56,NASA POWER MERRA-2 PRECTOTCORR
2020-11-28,0.04,corn-mato-grosso,corn,-13.5,-56,NASA POWER MERRA-2 PRECTOTCORR
2020-11-29,0.12,corn-mato-grosso,corn,-13.5,-56,NASA POWER MERRA-2 PRECTOTCORR
2020-11-30,0.69,corn-mato-grosso,corn,-13.5,-56,NASA POWER MERRA-2 PRECTOTCORR
2020-12-01,0.12,corn-mato-grosso,corn,-13.5,-56,NASA POWER MERRA-2 PRECTOTCORR
2020-12-02,0.03,corn-mato-grosso,corn,-13.5,-56,NASA POWER MERRA-2 PRECTOTCORR
2020-12-03,0.11,corn-mato-grosso,corn,-13.5,-56,NASA POWER MERRA-2 PRECTOTCORR
2020-12-04,2.94,corn-mato-grosso,corn,-13.5,-56,NASA POWER MERRA-2 PRECTOTCORR
2020-12-05,0.44,corn-mato-grosso,corn,-13.5,-56,NASA POWER MERRA-2 PRECTOTCORR
2020-12-06,10.36,corn-mato-grosso,corn,-13.5,-56,NASA POWER MERRA-2 PRECTOTCORR
2020-12-07,2.74,corn-mato-grosso,corn,-13.5,-56,NASA POWER MERRA-2 PRECTOTCORR
2020-12-08,1.26,corn-mato-grosso,corn,-13.5,-56,NASA POWER MERRA-2 PRECTOTCORR
2020-12-09,6.09,corn-mato-grosso,corn,-13.5,-56,NASA POWER MERRA-2 PRECTOTCORR
2020-12-10,2.58,corn-mato-grosso,corn,-13.5,-56,NASA POWER MERRA-2 PRECTOTCORR
2020-12-11,7.28,corn-mato-grosso,corn,-13.5,-56,NASA POWER MERRA-2 PRECTOTCORR
2020-12-12,0.73,corn-mato-grosso,corn,-13.5,-56,NASA POWER MERRA-2 PRECTOTCORR
2020-12-13,0.61,corn-mato-grosso,corn,-13.5,-56,NASA POWER MERRA-2 PRECTOTCORR
2020-12-14,3.67,corn-mato-grosso,corn,-13.5,-56,NASA POWER MERRA-2 PRECTOTCORR
2020-12-15,0.56,corn-mato-grosso,corn,-13.5,-56,NASA POWER MERRA-2 PRECTOTCORR
2020-12-16,0.22,corn-mato-grosso,corn,-13.5,-56,NASA POWER MERRA-2 PRECTOTCORR
2020-12-17,1.06,corn-mato-grosso,corn,-13.5,-56,NASA POWER MERRA-2 PRECTOTCORR
2020-12-18,1.17,corn-mato-grosso,corn,-13.5,-56,NASA POWER MERRA-2 PRECTOTCORR
2020-12-19,0.29,corn-mato-grosso,corn,-13.5,-56,NASA POWER MERRA-2 PRECTOTCORR
2020-12-20,22.26,corn-mato-grosso,corn,-13.5,-56,NASA POWER MERRA-2 PRECTOTCORR
2020-12-21,8.11,corn-mato-grosso,corn,-13.5,-56,NASA POWER MERRA-2 PRECTOTCORR
2020-12-22,3.04,corn-mato-grosso,corn,-13.5,-56,NASA POWER MERRA-2 PRECTOTCORR
2020-12-23,11.1,corn-mato-grosso,corn,-13.5,-56,NASA POWER MERRA-2 PRECTOTCORR
2020-12-24,5.25,corn-mato-grosso,corn,-13.5,-56,NASA POWER MERRA-2 PRECTOTCORR
2020-12-25,1.28,corn-mato-grosso,corn,-13.5,-56,NASA POWER MERRA-2 PRECTOTCORR
2020-12-26,4.13,corn-mato-grosso,corn,-13.5,-56,NASA POWER MERRA-2 PRECTOTCORR
2020-12-27,4.32,corn-mato-grosso,corn,-13.5,-56,NASA POWER MERRA-2 PRECTOTCORR
2020-12-28,3.54,corn-mato-grosso,corn,-13.5,-56,NASA POWER MERRA-2 PRECTOTCORR
2020-12-29,0.82,corn-mato-grosso,corn,-13.5,-56,NASA POWER MERRA-2 PRECTOTCORR
2020-12-30,2.64,corn-mato-grosso,corn,-13.5,-56,NASA POWER MERRA-2 PRECTOTCORR
2020-12-31,1.93,corn-mato-grosso,corn,-13.5,-56,NASA POWER MERRA-2 PRECTOTCORR
2021-01-01,2.79,corn-mato-grosso,corn,-13.5,-56,NASA POWER MERRA-2 PRECTOTCORR
2021-01-02,0.63,corn-mato-grosso,corn,-13.5,-56,NASA POWER MERRA-2 PRECTOTCORR
2021-01-03,5.53,corn-mato-grosso,corn,-13.5,-56,NASA POWER MERRA-2 PRECTOTCORR
2021-01-04,2.47,corn-mato-grosso,corn,-13.5,-56,NASA POWER MERRA-2 PRECTOTCORR
2021-01-05,1.68,corn-mato-grosso,corn,-13.5,-56,NASA POWER MERRA-2 PRECTOTCORR
2021-01-06,8.79,corn-mato-grosso,corn,-13.5,-56,NASA POWER MERRA-2 PRECTOTCORR
2021-01-07,2.9,corn-mato-grosso,corn,-13.5,-56,NASA POWER MERRA-2 PRECTOTCORR
2021-01-08,1.43,corn-mato-grosso,corn,-13.5,-56,NASA POWER MERRA-2 PRECTOTCORR
2021-01-09,3.48,corn-mato-grosso,corn,-13.5,-56,NASA POWER MERRA-2 PRECTOTCORR
2021-01-10,7.38,corn-mato-grosso,corn,-13.5,-56,NASA POWER MERRA-2 PRECTOTCORR
2021-01-11,3.09,corn-mato-grosso,corn,-13.5,-56,NASA POWER MERRA-2 PRECTOTCORR
2021-01-12,1.56,corn-mato-grosso,corn,-13.5,-56,NASA POWER MERRA-2 PRECTOTCORR
2021-01-13,4.89,corn-mato-grosso,corn,-13.5,-56,NASA POWER MERRA-2 PRECTOTCORR
2021-01-14,9.2,corn-mato-grosso,corn,-13.5,-56,NASA POWER MERRA-2 PRECTOTCORR
2021-01-15,5.49,corn-mato-grosso,corn,-13.5,-56,NASA POWER MERRA-2 PRECTOTCORR
2021-01-16,12.02,corn-mato-grosso,corn,-13.5,-56,NASA POWER MERRA-2 PRECTOTCORR
2021-01-17,7.84,corn-mato-grosso,corn,-13.5,-56,NASA POWER MERRA-2 PRECTOTCORR
2021-01-18,11.24,corn-mato-grosso,corn,-13.5,-56,NASA POWER MERRA-2 PRECTOTCORR
2021-01-19,5.19,corn-mato-grosso,corn,-13.5,-56,NASA POWER MERRA-2 PRECTOTCORR
2021-01-20,0.19,corn-mato-grosso,corn,-13.5,-56,NASA POWER MERRA-2 PRECTOTCORR
2021-01-21,9.55,corn-mato-grosso,corn,-13.5,-56,NASA POWER MERRA-2 PRECTOTCORR
2021-01-22,5.04,corn-mato-grosso,corn,-13.5,-56,NASA POWER MERRA-2 PRECTOTCORR
2021-01-23,0.93,corn-mato-grosso,corn,-13.5,-56,NASA POWER MERRA-2 PRECTOTCORR
2021-01-24,3.54,corn-mato-grosso,corn,-13.5,-56,NASA POWER MERRA-2 PRECTOTCORR
2021-01-25,1.69,corn-mato-grosso,corn,-13.5,-56,NASA POWER MERRA-2 PRECTOTCORR
2021-01-26,4.07,corn-mato-grosso,corn,-13.5,-56,NASA POWER MERRA-2 PRECTOTCORR
2021-01-27,1.22,corn-mato-grosso,corn,-13.5,-56,NASA POWER MERRA-2 PRECTOTCORR
2021-01-28,4.34,corn-mato-grosso,corn,-13.5,-56,NASA POWER MERRA-2 PRECTOTCORR
2021-01-29,7.86,corn-mato-grosso,corn,-13.5,-56,NASA POWER MERRA-2 PRECTOTCORR
2021-01-30,1.36,corn-mato-grosso,corn,-13.5,-56,NASA POWER MERRA-2 PRECTOTCORR
2021-01-31,1.12,corn-mato-grosso,corn,-13.5,-56,NASA POWER MERRA-2 PRECTOTCORR
2021-02-01,0.15,corn-mato-grosso,corn,-13.5,-56,NASA POWER MERRA-2 PRECTOTCORR
2021-02-02,0.72,corn-mato-grosso,corn,-13.5,-56,NASA POWER MERRA-2 PRECTOTCORR
2021-02-03,7.22,corn-mato-grosso,corn,-13.5,-56,NASA POWER MERRA-2 PRECTOTCORR
2021-02-04,3.76,corn-mato-grosso,corn,-13.5,-56,NASA POWER MERRA-2 PRECTOTCORR
2021-02-05,10.7,corn-mato-grosso,corn,-13.5,-56,NASA POWER MERRA-2 PRECTOTCORR
2021-02-06,1.35,corn-mato-grosso,corn,-13.5,-56,NASA POWER MERRA-2 PRECTOTCORR
2021-02-07,0.22,corn-mato-grosso,corn,-13.5,-56,NASA POWER MERRA-2 PRECTOTCORR
2021-02-08,0.37,corn-mato-grosso,corn,-13.5,-56,NASA POWER MERRA-2 PRECTOTCORR
2021-02-09,0.05,corn-mato-grosso,corn,-13.5,-56,NASA POWER MERRA-2 PRECTOTCORR
2021-02-10,1.29,corn-mato-grosso,corn,-13.5,-56,NASA POWER MERRA-2 PRECTOTCORR
2021-02-11,16.67,corn-mato-grosso,corn,-13.5,-56,NASA POWER MERRA-2 PRECTOTCORR
2021-02-12,17.67,corn-mato-grosso,corn,-13.5,-56,NASA POWER MERRA-2 PRECTOTCORR
2021-02-13,8.45,corn-mato-grosso,corn,-13.5,-56,NASA POWER MERRA-2 PRECTOTCORR
2021-02-14,4.34,corn-mato-grosso,corn,-13.5,-56,NASA POWER MERRA-2 PRECTOTCORR
2021-02-15,8.94,corn-mato-grosso,corn,-13.5,-56,NASA POWER MERRA-2 PRECTOTCORR
2021-02-16,5.11,corn-mato-grosso,corn,-13.5,-56,NASA POWER MERRA-2 PRECTOTCORR
2021-02-17,9.38,corn-mato-grosso,corn,-13.5,-56,NASA POWER MERRA-2 PRECTOTCORR
2021-02-18,2.58,corn-mato-grosso,corn,-13.5,-56,NASA POWER MERRA-2 PRECTOTCORR
2021-02-19,6.49,corn-mato-grosso,corn,-13.5,-56,NASA POWER MERRA-2 PRECTOTCORR
2021-02-20,26.83,corn-mato-grosso,corn,-13.5,-56,NASA POWER MERRA-2 PRECTOTCORR
2021-02-21,1.03,corn-mato-grosso,corn,-13.5,-56,NASA POWER MERRA-2 PRECTOTCORR
2021-02-22,0.19,corn-mato-grosso,corn,-13.5,-56,NASA POWER MERRA-2 PRECTOTCORR
2021-02-23,5.1,corn-mato-grosso,corn,-13.5,-56,NASA POWER MERRA-2 PRECTOTCORR
2021-02-24,2.29,corn-mato-grosso,corn,-13.5,-56,NASA POWER MERRA-2 PRECTOTCORR
2021-02-25,5.13,corn-mato-grosso,corn,-13.5,-56,NASA POWER MERRA-2 PRECTOTCORR
2021-02-26,20.03,corn-mato-grosso,corn,-13.5,-56,NASA POWER MERRA-2 PRECTOTCORR
2021-02-27,18.75,corn-mato-grosso,corn,-13.5,-56,NASA POWER MERRA-2 PRECTOTCORR
2021-02-28,9.63,corn-mato-grosso,corn,-13.5,-56,NASA POWER MERRA-2 PRECTOTCORR
2021-03-01,22.93,corn-mato-grosso,corn,-13.5,-56,NASA POWER MERRA-2 PRECTOTCORR
2021-03-02,8.48,corn-mato-grosso,corn,-13.5,-56,NASA POWER MERRA-2 PRECTOTCORR
2021-03-03,31.91,corn-mato-grosso,corn,-13.5,-56,NASA POWER MERRA-2 PRECTOTCORR
2021-03-04,25.41,corn-mato-grosso,corn,-13.5,-56,NASA POWER MERRA-2 PRECTOTCORR
2021-03-05,21.97,corn-mato-grosso,corn,-13.5,-56,NASA POWER MERRA-2 PRECTOTCORR
2021-03-06,1.15,corn-mato-grosso,corn,-13.5,-56,NASA POWER MERRA-2 PRECTOTCORR
2021-03-07,13.32,corn-mato-grosso,corn,-13.5,-56,NASA POWER MERRA-2 PRECTOTCORR
2021-03-08,0.87,corn-mato-grosso,corn,-13.5,-56,NASA POWER MERRA-2 PRECTOTCORR
2021-03-09,0.11,corn-mato-grosso,corn,-13.5,-56,NASA POWER MERRA-2 PRECTOTCORR
2021-03-10,5.5,corn-mato-grosso,corn,-13.5,-56,NASA POWER MERRA-2 PRECTOTCORR
2021-03-11,4.32,corn-mato-grosso,corn,-13.5,-56,NASA POWER MERRA-2 PRECTOTCORR
2021-03-12,10.55,corn-mato-grosso,corn,-13.5,-56,NASA POWER MERRA-2 PRECTOTCORR
2021-03-13,8.71,corn-mato-grosso,corn,-13.5,-56,NASA POWER MERRA-2 PRECTOTCORR
2021-03-14,16.07,corn-mato-grosso,corn,-13.5,-56,NASA POWER MERRA-2 PRECTOTCORR
2021-03-15,9.03,corn-mato-grosso,corn,-13.5,-56,NASA POWER MERRA-2 PRECTOTCORR
2021-03-16,9.52,corn-mato-grosso,corn,-13.5,-56,NASA POWER MERRA-2 PRECTOTCORR
2021-03-17,6.25,corn-mato-grosso,corn,-13.5,-56,NASA POWER MERRA-2 PRECTOTCORR
2021-03-18,21.59,corn-mato-grosso,corn,-13.5,-56,NASA POWER MERRA-2 PRECTOTCORR
2021-03-19,40.86,corn-mato-grosso,corn,-13.5,-56,NASA POWER MERRA-2 PRECTOTCORR
2021-03-20,23.39,corn-mato-grosso,corn,-13.5,-56,NASA POWER MERRA-2 PRECTOTCORR
2021-03-21,4.99,corn-mato-grosso,corn,-13.5,-56,NASA POWER MERRA-2 PRECTOTCORR
2021-03-22,9.73,corn-mato-grosso,corn,-13.5,-56,NASA POWER MERRA-2 PRECTOTCORR
2021-03-23,10.64,corn-mato-grosso,corn,-13.5,-56,NASA POWER MERRA-2 PRECTOTCORR
2021-03-24,7.45,corn-mato-grosso,corn,-13.5,-56,NASA POWER MERRA-2 PRECTOTCORR
2021-03-25,11.17,corn-mato-grosso,corn,-13.5,-56,NASA POWER MERRA-2 PRECTOTCORR
2021-03-26,0.88,corn-mato-grosso,corn,-13.5,-56,NASA POWER MERRA-2 PRECTOTCORR
2021-03-27,0.57,corn-mato-grosso,corn,-13.5,-56,NASA POWER MERRA-2 PRECTOTCORR
2021-03-28,1.66,corn-mato-grosso,corn,-13.5,-56,NASA POWER MERRA-2 PRECTOTCORR
2021-03-29,4.85,corn-mato-grosso,corn,-13.5,-56,NASA POWER MERRA-2 PRECTOTCORR
2021-03-30,1.01,corn-mato-grosso,corn,-13.5,-56,NASA POWER MERRA-2 PRECTOTCORR
2021-03-31,4.82,corn-mato-grosso,corn,-13.5,-56,NASA POWER MERRA-2 PRECTOTCORR
2021-04-01,2.03,corn-mato-grosso,corn,-13.5,-56,NASA POWER MERRA-2 PRECTOTCORR
2021-04-02,4.22,corn-mato-grosso,corn,-13.5,-56,NASA POWER MERRA-2 PRECTOTCORR
2021-04-03,2.87,corn-mato-grosso,corn,-13.5,-56,NASA POWER MERRA-2 PRECTOTCORR
2021-04-04,1.72,corn-mato-grosso,corn,-13.5,-56,NASA POWER MERRA-2 PRECTOTCORR
2021-04-05,0.17,corn-mato-grosso,corn,-13.5,-56,NASA POWER MERRA-2 PRECTOTCORR
2021-04-06,0.48,corn-mato-grosso,corn,-13.5,-56,NASA POWER MERRA-2 PRECTOTCORR
2021-04-07,1.04,corn-mato-grosso,corn,-13.5,-56,NASA POWER MERRA-2 PRECTOTCORR
2021-04-08,3.65,corn-mato-grosso,corn,-13.5,-56,NASA POWER MERRA-2 PRECTOTCORR
2021-04-09,3.15,corn-mato-grosso,corn,-13.5,-56,NASA POWER MERRA-2 PRECTOTCORR
2021-04-10,2.24,corn-mato-grosso,corn,-13.5,-56,NASA POWER MERRA-2 PRECTOTCORR
2021-04-11,1.52,corn-mato-grosso,corn,-13.5,-56,NASA POWER MERRA-2 PRECTOTCORR
2021-04-12,4.47,corn-mato-grosso,corn,-13.5,-56,NASA POWER MERRA-2 PRECTOTCORR
2021-04-13,1.48,corn-mato-grosso,corn,-13.5,-56,NASA POWER MERRA-2 PRECTOTCORR
2021-04-14,3.17,corn-mato-grosso,corn,-13.5,-56,NASA POWER MERRA-2 PRECTOTCORR
2021-04-15,1.53,corn-mato-grosso,corn,-13.5,-56,NASA POWER MERRA-2 PRECTOTCORR
2021-04-16,0.95,corn-mato-grosso,corn,-13.5,-56,NASA POWER MERRA-2 PRECTOTCORR
2021-04-17,7.75,corn-mato-grosso,corn,-13.5,-56,NASA POWER MERRA-2 PRECTOTCORR
2021-04-18,3.16,corn-mato-grosso,corn,-13.5,-56,NASA POWER MERRA-2 PRECTOTCORR
2021-04-19,2.19,corn-mato-grosso,corn,-13.5,-56,NASA POWER MERRA-2 PRECTOTCORR
2021-04-20,4.83,corn-mato-grosso,corn,-13.5,-56,NASA POWER MERRA-2 PRECTOTCORR
2021-04-21,0.21,corn-mato-grosso,corn,-13.5,-56,NASA POWER MERRA-2 PRECTOTCORR
2021-04-22,0.01,corn-mato-grosso,corn,-13.5,-56,NASA POWER MERRA-2 PRECTOTCORR
2021-04-23,0,corn-mato-grosso,corn,-13.5,-56,NASA POWER MERRA-2 PRECTOTCORR
2021-04-24,3.85,corn-mato-grosso,corn,-13.5,-56,NASA POWER MERRA-2 PRECTOTCORR
2021-04-25,4.94,corn-mato-grosso,corn,-13.5,-56,NASA POWER MERRA-2 PRECTOTCORR
2021-04-26,6.71,corn-mato-grosso,corn,-13.5,-56,NASA POWER MERRA-2 PRECTOTCORR
2021-04-27,0,corn-mato-grosso,corn,-13.5,-56,NASA POWER MERRA-2 PRECTOTCORR
2021-04-28,0.3,corn-mato-grosso,corn,-13.5,-56,NASA POWER MERRA-2 PRECTOTCORR
2021-04-29,4.65,corn-mato-grosso,corn,-13.5,-56,NASA POWER MERRA-2 PRECTOTCORR
2021-04-30,7.62,corn-mato-grosso,corn,-13.5,-56,NASA POWER MERRA-2 PRECTOTCORR
2021-05-01,4.21,corn-mato-grosso,corn,-13.5,-56,NASA POWER MERRA-2 PRECTOTCORR
2021-05-02,0.45,corn-mato-grosso,corn,-13.5,-56,NASA POWER MERRA-2 PRECTOTCORR
2021-05-03,0.11,corn-mato-grosso,corn,-13.5,-56,NASA POWER MERRA-2 PRECTOTCORR
2021-05-04,0.05,corn-mato-grosso,corn,-13.5,-56,NASA POWER MERRA-2 PRECTOTCORR
2021-05-05,0.01,corn-mato-grosso,corn,-13.5,-56,NASA POWER MERRA-2 PRECTOTCORR
2021-05-06,0,corn-mato-grosso,corn,-13.5,-56,NASA POWER MERRA-2 PRECTOTCORR
2021-05-07,0.01,corn-mato-grosso,corn,-13.5,-56,NASA POWER MERRA-2 PRECTOTCORR
2021-05-08,0,corn-mato-grosso,corn,-13.5,-56,NASA POWER MERRA-2 PRECTOTCORR
2021-05-09,0,corn-mato-grosso,corn,-13.5,-56,NASA POWER MERRA-2 PRECTOTCORR
2021-05-10,0.22,corn-mato-grosso,corn,-13.5,-56,NASA POWER MERRA-2 PRECTOTCORR
2021-05-11,0.21,corn-mato-grosso,corn,-13.5,-56,NASA POWER MERRA-2 PRECTOTCORR
2021-05-12,0,corn-mato-grosso,corn,-13.5,-56,NASA POWER MERRA-2 PRECTOTCORR
2021-05-13,0,corn-mato-grosso,corn,-13.5,-56,NASA POWER MERRA-2 PRECTOTCORR
2021-05-14,0,corn-mato-grosso,corn,-13.5,-56,NASA POWER MERRA-2 PRECTOTCORR
2021-05-15,0,corn-mato-grosso,corn,-13.5,-56,NASA POWER MERRA-2 PRECTOTCORR
2021-05-16,0,corn-mato-grosso,corn,-13.5,-56,NASA POWER MERRA-2 PRECTOTCORR
2021-05-17,0,corn-mato-grosso,corn,-13.5,-56,NASA POWER MERRA-2 PRECTOTCORR
2021-05-18,0,corn-mato-grosso,corn,-13.5,-56,NASA POWER MERRA-2 PRECTOTCORR
2021-05-19,0,corn-mato-grosso,corn,-13.5,-56,NASA POWER MERRA-2 PRECTOTCORR
2021-05-20,0,corn-mato-grosso,corn,-13.5,-56,NASA POWER MERRA-2 PRECTOTCORR
2021-05-21,0.24,corn-mato-grosso,corn,-13.5,-56,NASA POWER MERRA-2 PRECTOTCORR
2021-05-22,0.16,corn-mato-grosso,corn,-13.5,-56,NASA POWER MERRA-2 PRECTOTCORR
2021-05-23,1.5,corn-mato-grosso,corn,-13.5,-56,NASA POWER MERRA-2 PRECTOTCORR
2021-05-24,0.51,corn-mato-grosso,corn,-13.5,-56,NASA POWER MERRA-2 PRECTOTCORR
2021-05-25,0.06,corn-mato-grosso,corn,-13.5,-56,NASA POWER MERRA-2 PRECTOTCORR
2021-05-26,0.01,corn-mato-grosso,corn,-13.5,-56,NASA POWER MERRA-2 PRECTOTCORR
2021-05-27,0,corn-mato-grosso,corn,-13.5,-56,NASA POWER MERRA-2 PRECTOTCORR
2021-05-28,0.03,corn-mato-grosso,corn,-13.5,-56,NASA POWER MERRA-2 PRECTOTCORR
2021-05-29,0.07,corn-mato-grosso,corn,-13.5,-56,NASA POWER MERRA-2 PRECTOTCORR
2021-05-30,0,corn-mato-grosso,corn,-13.5,-56,NASA POWER MERRA-2 PRECTOTCORR
2021-05-31,0,corn-mato-grosso,corn,-13.5,-56,NASA POWER MERRA-2 PRECTOTCORR
2021-06-01,0,corn-mato-grosso,corn,-13.5,-56,NASA POWER MERRA-2 PRECTOTCORR
2021-06-02,0,corn-mato-grosso,corn,-13.5,-56,NASA POWER MERRA-2 PRECTOTCORR
2021-06-03,0,corn-mato-grosso,corn,-13.5,-56,NASA POWER MERRA-2 PRECTOTCORR
2021-06-04,0,corn-mato-grosso,corn,-13.5,-56,NASA POWER MERRA-2 PRECTOTCORR
2021-06-05,0.37,corn-mato-grosso,corn,-13.5,-56,NASA POWER MERRA-2 PRECTOTCORR
2021-06-06,0.53,corn-mato-grosso,corn,-13.5,-56,NASA POWER MERRA-2 PRECTOTCORR
2021-06-07,0,corn-mato-grosso,corn,-13.5,-56,NASA POWER MERRA-2 PRECTOTCORR
2021-06-08,0,corn-mato-grosso,corn,-13.5,-56,NASA POWER MERRA-2 PRECTOTCORR
2021-06-09,0,corn-mato-grosso,corn,-13.5,-56,NASA POWER MERRA-2 PRECTOTCORR
2021-06-10,0.01,corn-mato-grosso,corn,-13.5,-56,NASA POWER MERRA-2 PRECTOTCORR
2021-06-11,0.15,corn-mato-grosso,corn,-13.5,-56,NASA POWER MERRA-2 PRECTOTCORR
2021-06-12,0.01,corn-mato-grosso,corn,-13.5,-56,NASA POWER MERRA-2 PRECTOTCORR
2021-06-13,0.1,corn-mato-grosso,corn,-13.5,-56,NASA POWER MERRA-2 PRECTOTCORR
2021-06-14,0.04,corn-mato-grosso,corn,-13.5,-56,NASA POWER MERRA-2 PRECTOTCORR
2021-06-15,1.61,corn-mato-grosso,corn,-13.5,-56,NASA POWER MERRA-2 PRECTOTCORR
2021-06-16,0.05,corn-mato-grosso,corn,-13.5,-56,NASA POWER MERRA-2 PRECTOTCORR
2021-06-17,0,corn-mato-grosso,corn,-13.5,-56,NASA POWER MERRA-2 PRECTOTCORR
2021-06-18,0,corn-mato-grosso,corn,-13.5,-56,NASA POWER MERRA-2 PRECTOTCORR
2021-06-19,0,corn-mato-grosso,corn,-13.5,-56,NASA POWER MERRA-2 PRECTOTCORR
2021-06-20,0,corn-mato-grosso,corn,-13.5,-56,NASA POWER MERRA-2 PRECTOTCORR
2021-06-21,0,corn-mato-grosso,corn,-13.5,-56,NASA POWER MERRA-2 PRECTOTCORR
2021-06-22,0.01,corn-mato-grosso,corn,-13.5,-56,NASA POWER MERRA-2 PRECTOTCORR
2021-06-23,0,corn-mato-grosso,corn,-13.5,-56,NASA POWER MERRA-2 PRECTOTCORR
2021-06-24,0,corn-mato-grosso,corn,-13.5,-56,NASA POWER MERRA-2 PRECTOTCORR
2021-06-25,0,corn-mato-grosso,corn,-13.5,-56,NASA POWER MERRA-2 PRECTOTCORR
2021-06-26,0,corn-mato-grosso,corn,-13.5,-56,NASA POWER MERRA-2 PRECTOTCORR
2021-06-27,0.02,corn-mato-grosso,corn,-13.5,-56,NASA POWER MERRA-2 PRECTOTCORR
2021-06-28,0.03,corn-mato-grosso,corn,-13.5,-56,NASA POWER MERRA-2 PRECTOTCORR
2021-06-29,0.01,corn-mato-grosso,corn,-13.5,-56,NASA POWER MERRA-2 PRECTOTCORR
2021-06-30,0,corn-mato-grosso,corn,-13.5,-56,NASA POWER MERRA-2 PRECTOTCORR
2021-07-01,0,corn-mato-grosso,corn,-13.5,-56,NASA POWER MERRA-2 PRECTOTCORR
2021-07-02,0.01,corn-mato-grosso,corn,-13.5,-56,NASA POWER MERRA-2 PRECTOTCORR
2021-07-03,0,corn-mato-grosso,corn,-13.5,-56,NASA POWER MERRA-2 PRECTOTCORR
2021-07-04,0,corn-mato-grosso,corn,-13.5,-56,NASA POWER MERRA-2 PRECTOTCORR
2021-07-05,0,corn-mato-grosso,corn,-13.5,-56,NASA POWER MERRA-2 PRECTOTCORR
2021-07-06,0.37,corn-mato-grosso,corn,-13.5,-56,NASA POWER MERRA-2 PRECTOTCORR
2021-07-07,0.03,corn-mato-grosso,corn,-13.5,-56,NASA POWER MERRA-2 PRECTOTCORR
2021-07-08,0,corn-mato-grosso,corn,-13.5,-56,NASA POWER MERRA-2 PRECTOTCORR
2021-07-09,0,corn-mato-grosso,corn,-13.5,-56,NASA POWER MERRA-2 PRECTOTCORR
2021-07-10,0.18,corn-mato-grosso,corn,-13.5,-56,NASA POWER MERRA-2 PRECTOTCORR
2021-07-11,0,corn-mato-grosso,corn,-13.5,-56,NASA POWER MERRA-2 PRECTOTCORR
2021-07-12,0,corn-mato-grosso,corn,-13.5,-56,NASA POWER MERRA-2 PRECTOTCORR
2021-07-13,0,corn-mato-grosso,corn,-13.5,-56,NASA POWER MERRA-2 PRECTOTCORR
2021-07-14,0,corn-mato-grosso,corn,-13.5,-56,NASA POWER MERRA-2 PRECTOTCORR
2021-07-15,0,corn-mato-grosso,corn,-13.5,-56,NASA POWER MERRA-2 PRECTOTCORR
2021-07-16,0,corn-mato-grosso,corn,-13.5,-56,NASA POWER MERRA-2 PRECTOTCORR
2021-07-17,0.01,corn-mato-grosso,corn,-13.5,-56,NASA POWER MERRA-2 PRECTOTCORR
2021-07-18,0,corn-mato-grosso,corn,-13.5,-56,NASA POWER MERRA-2 PRECTOTCORR
2021-07-19,0.01,corn-mato-grosso,corn,-13.5,-56,NASA POWER MERRA-2 PRECTOTCORR
2021-07-20,0.04,corn-mato-grosso,corn,-13.5,-56,NASA POWER MERRA-2 PRECTOTCORR
2021-07-21,0,corn-mato-grosso,corn,-13.5,-56,NASA POWER MERRA-2 PRECTOTCORR
2021-07-22,0,corn-mato-grosso,corn,-13.5,-56,NASA POWER MERRA-2 PRECTOTCORR
2021-07-23,0,corn-mato-grosso,corn,-13.5,-56,NASA POWER MERRA-2 PRECTOTCORR
2021-07-24,0,corn-mato-grosso,corn,-13.5,-56,NASA POWER MERRA-2 PRECTOTCORR
2021-07-25,0,corn-mato-grosso,corn,-13.5,-56,NASA POWER MERRA-2 PRECTOTCORR
2021-07-26,0,corn-mato-grosso,corn,-13.5,-56,NASA POWER MERRA-2 PRECTOTCORR
2021-07-27,0,corn-mato-grosso,corn,-13.5,-56,NASA POWER MERRA-2 PRECTOTCORR
2021-07-28,0,corn-mato-grosso,corn,-13.5,-56,NASA POWER MERRA-2 PRECTOTCORR
2021-07-29,0.2,corn-mato-grosso,corn,-13.5,-56,NASA POWER MERRA-2 PRECTOTCORR
2021-07-30,0,corn-mato-grosso,corn,-13.5,-56,NASA POWER MERRA-2 PRECTOTCORR
2021-07-31,0,corn-mato-grosso,corn,-13.5,-56,NASA POWER MERRA-2 PRECTOTCORR
2021-08-01,0,corn-mato-grosso,corn,-13.5,-56,NASA POWER MERRA-2 PRECTOTCORR
2021-08-02,0,corn-mato-grosso,corn,-13.5,-56,NASA POWER MERRA-2 PRECTOTCORR
2021-08-03,0,corn-mato-grosso,corn,-13.5,-56,NASA POWER MERRA-2 PRECTOTCORR
2021-08-04,0,corn-mato-grosso,corn,-13.5,-56,NASA POWER MERRA-2 PRECTOTCORR
2021-08-05,0.01,corn-mato-grosso,corn,-13.5,-56,NASA POWER MERRA-2 PRECTOTCORR
2021-08-06,0,corn-mato-grosso,corn,-13.5,-56,NASA POWER MERRA-2 PRECTOTCORR
2021-08-07,0,corn-mato-grosso,corn,-13.5,-56,NASA POWER MERRA-2 PRECTOTCORR
2021-08-08,0,corn-mato-grosso,corn,-13.5,-56,NASA POWER MERRA-2 PRECTOTCORR
2021-08-09,0,corn-mato-grosso,corn,-13.5,-56,NASA POWER MERRA-2 PRECTOTCORR
2021-08-10,0,corn-mato-grosso,corn,-13.5,-56,NASA POWER MERRA-2 PRECTOTCORR
2021-08-11,0.01,corn-mato-grosso,corn,-13.5,-56,NASA POWER MERRA-2 PRECTOTCORR
2021-08-12,0,corn-mato-grosso,corn,-13.5,-56,NASA POWER MERRA-2 PRECTOTCORR
2021-08-13,0,corn-mato-grosso,corn,-13.5,-56,NASA POWER MERRA-2 PRECTOTCORR
2021-08-14,0,corn-mato-grosso,corn,-13.5,-56,NASA POWER MERRA-2 PRECTOTCORR
2021-08-15,0,corn-mato-grosso,corn,-13.5,-56,NASA POWER MERRA-2 PRECTOTCORR
2021-08-16,0.01,corn-mato-grosso,corn,-13.5,-56,NASA POWER MERRA-2 PRECTOTCORR
2021-08-17,0,corn-mato-grosso,corn,-13.5,-56,NASA POWER MERRA-2 PRECTOTCORR
2021-08-18,0,corn-mato-grosso,corn,-13.5,-56,NASA POWER MERRA-2 PRECTOTCORR
2021-08-19,0,corn-mato-grosso,corn,-13.5,-56,NASA POWER MERRA-2 PRECTOTCORR
2021-08-20,0,corn-mato-grosso,corn,-13.5,-56,NASA POWER MERRA-2 PRECTOTCORR
2021-08-21,0,corn-mato-grosso,corn,-13.5,-56,NASA POWER MERRA-2 PRECTOTCORR
2021-08-22,0,corn-mato-grosso,corn,-13.5,-56,NASA POWER MERRA-2 PRECTOTCORR
2021-08-23,0,corn-mato-grosso,corn,-13.5,-56,NASA POWER MERRA-2 PRECTOTCORR
2021-08-24,0,corn-mato-grosso,corn,-13.5,-56,NASA POWER MERRA-2 PRECTOTCORR
2021-08-25,0,corn-mato-grosso,corn,-13.5,-56,NASA POWER MERRA-2 PRECTOTCORR
2021-08-26,0,corn-mato-grosso,corn,-13.5,-56,NASA POWER MERRA-2 PRECTOTCORR
2021-08-27,0,corn-mato-grosso,corn,-13.5,-56,NASA POWER MERRA-2 PRECTOTCORR
2021-08-28,0,corn-mato-grosso,corn,-13.5,-56,NASA POWER MERRA-2 PRECTOTCORR
2021-08-29,0,corn-mato-grosso,corn,-13.5,-56,NASA POWER MERRA-2 PRECTOTCORR
2021-08-30,0,corn-mato-grosso,corn,-13.5,-56,NASA POWER MERRA-2 PRECTOTCORR
2021-08-31,0,corn-mato-grosso,corn,-13.5,-56,NASA POWER MERRA-2 PRECTOTCORR
2021-09-01,0.05,corn-mato-grosso,corn,-13.5,-56,NASA POWER MERRA-2 PRECTOTCORR
2021-09-02,0.26,corn-mato-grosso,corn,-13.5,-56,NASA POWER MERRA-2 PRECTOTCORR
2021-09-03,0.37,corn-mato-grosso,corn,-13.5,-56,NASA POWER MERRA-2 PRECTOTCORR
2021-09-04,0.02,corn-mato-grosso,corn,-13.5,-56,NASA POWER MERRA-2 PRECTOTCORR
2021-09-05,0.07,corn-mato-grosso,corn,-13.5,-56,NASA POWER MERRA-2 PRECTOTCORR
2021-09-06,0,corn-mato-grosso,corn,-13.5,-56,NASA POWER MERRA-2 PRECTOTCORR
2021-09-07,0.02,corn-mato-grosso,corn,-13.5,-56,NASA POWER MERRA-2 PRECTOTCORR
2021-09-08,2.73,corn-mato-grosso,corn,-13.5,-56,NASA POWER MERRA-2 PRECTOTCORR
2021-09-09,13.19,corn-mato-grosso,corn,-13.5,-56,NASA POWER MERRA-2 PRECTOTCORR
2021-09-10,0.22,corn-mato-grosso,corn,-13.5,-56,NASA POWER MERRA-2 PRECTOTCORR
2021-09-11,0,corn-mato-grosso,corn,-13.5,-56,NASA POWER MERRA-2 PRECTOTCORR
2021-09-12,0.46,corn-mato-grosso,corn,-13.5,-56,NASA POWER MERRA-2 PRECTOTCORR
2021-09-13,0.34,corn-mato-grosso,corn,-13.5,-56,NASA POWER MERRA-2 PRECTOTCORR
2021-09-14,0.81,corn-mato-grosso,corn,-13.5,-56,NASA POWER MERRA-2 PRECTOTCORR
2021-09-15,1.54,corn-mato-grosso,corn,-13.5,-56,NASA POWER MERRA-2 PRECTOTCORR
2021-09-16,1.84,corn-mato-grosso,corn,-13.5,-56,NASA POWER MERRA-2 PRECTOTCORR
2021-09-17,0.31,corn-mato-grosso,corn,-13.5,-56,NASA POWER MERRA-2 PRECTOTCORR
2021-09-18,0.01,corn-mato-grosso,corn,-13.5,-56,NASA POWER MERRA-2 PRECTOTCORR
2021-09-19,0.01,corn-mato-grosso,corn,-13.5,-56,NASA POWER MERRA-2 PRECTOTCORR
2021-09-20,0,corn-mato-grosso,corn,-13.5,-56,NASA POWER MERRA-2 PRECTOTCORR
2021-09-21,0,corn-mato-grosso,corn,-13.5,-56,NASA POWER MERRA-2 PRECTOTCORR
2021-09-22,0,corn-mato-grosso,corn,-13.5,-56,NASA POWER MERRA-2 PRECTOTCORR
2021-09-23,5.02,corn-mato-grosso,corn,-13.5,-56,NASA POWER MERRA-2 PRECTOTCORR
2021-09-24,5.33,corn-mato-grosso,corn,-13.5,-56,NASA POWER MERRA-2 PRECTOTCORR
2021-09-25,0,corn-mato-grosso,corn,-13.5,-56,NASA POWER MERRA-2 PRECTOTCORR
2021-09-26,8.7,corn-mato-grosso,corn,-13.5,-56,NASA POWER MERRA-2 PRECTOTCORR
2021-09-27,0.94,corn-mato-grosso,corn,-13.5,-56,NASA POWER MERRA-2 PRECTOTCORR
2021-09-28,0,corn-mato-grosso,corn,-13.5,-56,NASA POWER MERRA-2 PRECTOTCORR
2021-09-29,0,corn-mato-grosso,corn,-13.5,-56,NASA POWER MERRA-2 PRECTOTCORR
2021-09-30,0.01,corn-mato-grosso,corn,-13.5,-56,NASA POWER MERRA-2 PRECTOTCORR
2021-10-01,0,corn-mato-grosso,corn,-13.5,-56,NASA POWER MERRA-2 PRECTOTCORR
2021-10-02,0,corn-mato-grosso,corn,-13.5,-56,NASA POWER MERRA-2 PRECTOTCORR
2021-10-03,0,corn-mato-grosso,corn,-13.5,-56,NASA POWER MERRA-2 PRECTOTCORR
2021-10-04,0.15,corn-mato-grosso,corn,-13.5,-56,NASA POWER MERRA-2 PRECTOTCORR
2021-10-05,12.81,corn-mato-grosso,corn,-13.5,-56,NASA POWER MERRA-2 PRECTOTCORR
2021-10-06,0.49,corn-mato-grosso,corn,-13.5,-56,NASA POWER MERRA-2 PRECTOTCORR
2021-10-07,4.02,corn-mato-grosso,corn,-13.5,-56,NASA POWER MERRA-2 PRECTOTCORR
2021-10-08,6.88,corn-mato-grosso,corn,-13.5,-56,NASA POWER MERRA-2 PRECTOTCORR
2021-10-09,6.92,corn-mato-grosso,corn,-13.5,-56,NASA POWER MERRA-2 PRECTOTCORR
2021-10-10,0.15,corn-mato-grosso,corn,-13.5,-56,NASA POWER MERRA-2 PRECTOTCORR
2021-10-11,74.19,corn-mato-grosso,corn,-13.5,-56,NASA POWER MERRA-2 PRECTOTCORR
2021-10-12,9.28,corn-mato-grosso,corn,-13.5,-56,NASA POWER MERRA-2 PRECTOTCORR
2021-10-13,0.55,corn-mato-grosso,corn,-13.5,-56,NASA POWER MERRA-2 PRECTOTCORR
2021-10-14,1.53,corn-mato-grosso,corn,-13.5,-56,NASA POWER MERRA-2 PRECTOTCORR
2021-10-15,12.68,corn-mato-grosso,corn,-13.5,-56,NASA POWER MERRA-2 PRECTOTCORR
2021-10-16,0.72,corn-mato-grosso,corn,-13.5,-56,NASA POWER MERRA-2 PRECTOTCORR
2021-10-17,9.03,corn-mato-grosso,corn,-13.5,-56,NASA POWER MERRA-2 PRECTOTCORR
2021-10-18,10.75,corn-mato-grosso,corn,-13.5,-56,NASA POWER MERRA-2 PRECTOTCORR
2021-10-19,2.69,corn-mato-grosso,corn,-13.5,-56,NASA POWER MERRA-2 PRECTOTCORR
2021-10-20,2.08,corn-mato-grosso,corn,-13.5,-56,NASA POWER MERRA-2 PRECTOTCORR
2021-10-21,1.37,corn-mato-grosso,corn,-13.5,-56,NASA POWER MERRA-2 PRECTOTCORR
2021-10-22,1.58,corn-mato-grosso,corn,-13.5,-56,NASA POWER MERRA-2 PRECTOTCORR
2021-10-23,0.23,corn-mato-grosso,corn,-13.5,-56,NASA POWER MERRA-2 PRECTOTCORR
2021-10-24,7.03,corn-mato-grosso,corn,-13.5,-56,NASA POWER MERRA-2 PRECTOTCORR
2021-10-25,2.05,corn-mato-grosso,corn,-13.5,-56,NASA POWER MERRA-2 PRECTOTCORR
2021-10-26,6.87,corn-mato-grosso,corn,-13.5,-56,NASA POWER MERRA-2 PRECTOTCORR
2021-10-27,8.91,corn-mato-grosso,corn,-13.5,-56,NASA POWER MERRA-2 PRECTOTCORR
2021-10-28,1.17,corn-mato-grosso,corn,-13.5,-56,NASA POWER MERRA-2 PRECTOTCORR
2021-10-29,23.54,corn-mato-grosso,corn,-13.5,-56,NASA POWER MERRA-2 PRECTOTCORR
2021-10-30,2.43,corn-mato-grosso,corn,-13.5,-56,NASA POWER MERRA-2 PRECTOTCORR
2021-10-31,14.61,corn-mato-grosso,corn,-13.5,-56,NASA POWER MERRA-2 PRECTOTCORR
2021-11-01,3.61,corn-mato-grosso,corn,-13.5,-56,NASA POWER MERRA-2 PRECTOTCORR
2021-11-02,3.8,corn-mato-grosso,corn,-13.5,-56,NASA POWER MERRA-2 PRECTOTCORR
2021-11-03,2.82,corn-mato-grosso,corn,-13.5,-56,NASA POWER MERRA-2 PRECTOTCORR
2021-11-04,3.09,corn-mato-grosso,corn,-13.5,-56,NASA POWER MERRA-2 PRECTOTCORR
2021-11-05,8.39,corn-mato-grosso,corn,-13.5,-56,NASA POWER MERRA-2 PRECTOTCORR
2021-11-06,12.07,corn-mato-grosso,corn,-13.5,-56,NASA POWER MERRA-2 PRECTOTCORR
2021-11-07,14.29,corn-mato-grosso,corn,-13.5,-56,NASA POWER MERRA-2 PRECTOTCORR
2021-11-08,10.93,corn-mato-grosso,corn,-13.5,-56,NASA POWER MERRA-2 PRECTOTCORR
2021-11-09,12.86,corn-mato-grosso,corn,-13.5,-56,NASA POWER MERRA-2 PRECTOTCORR
2021-11-10,9.07,corn-mato-grosso,corn,-13.5,-56,NASA POWER MERRA-2 PRECTOTCORR
2021-11-11,3.41,corn-mato-grosso,corn,-13.5,-56,NASA POWER MERRA-2 PRECTOTCORR
2021-11-12,11.04,corn-mato-grosso,corn,-13.5,-56,NASA POWER MERRA-2 PRECTOTCORR
2021-11-13,6.16,corn-mato-grosso,corn,-13.5,-56,NASA POWER MERRA-2 PRECTOTCORR
2021-11-14,4.25,corn-mato-grosso,corn,-13.5,-56,NASA POWER MERRA-2 PRECTOTCORR
2021-11-15,18.48,corn-mato-grosso,corn,-13.5,-56,NASA POWER MERRA-2 PRECTOTCORR
2021-11-16,17.04,corn-mato-grosso,corn,-13.5,-56,NASA POWER MERRA-2 PRECTOTCORR
2021-11-17,24.94,corn-mato-grosso,corn,-13.5,-56,NASA POWER MERRA-2 PRECTOTCORR
2021-11-18,21.33,corn-mato-grosso,corn,-13.5,-56,NASA POWER MERRA-2 PRECTOTCORR
2021-11-19,30.22,corn-mato-grosso,corn,-13.5,-56,NASA POWER MERRA-2 PRECTOTCORR
2021-11-20,6.5,corn-mato-grosso,corn,-13.5,-56,NASA POWER MERRA-2 PRECTOTCORR
2021-11-21,17.56,corn-mato-grosso,corn,-13.5,-56,NASA POWER MERRA-2 PRECTOTCORR
2021-11-22,7.74,corn-mato-grosso,corn,-13.5,-56,NASA POWER MERRA-2 PRECTOTCORR
2021-11-23,5.37,corn-mato-grosso,corn,-13.5,-56,NASA POWER MERRA-2 PRECTOTCORR
2021-11-24,27.49,corn-mato-grosso,corn,-13.5,-56,NASA POWER MERRA-2 PRECTOTCORR
2021-11-25,33.42,corn-mato-grosso,corn,-13.5,-56,NASA POWER MERRA-2 PRECTOTCORR
2021-11-26,13.42,corn-mato-grosso,corn,-13.5,-56,NASA POWER MERRA-2 PRECTOTCORR
2021-11-27,1.51,corn-mato-grosso,corn,-13.5,-56,NASA POWER MERRA-2 PRECTOTCORR
2021-11-28,1.34,corn-mato-grosso,corn,-13.5,-56,NASA POWER MERRA-2 PRECTOTCORR
2021-11-29,1.76,corn-mato-grosso,corn,-13.5,-56,NASA POWER MERRA-2 PRECTOTCORR
2021-11-30,17.55,corn-mato-grosso,corn,-13.5,-56,NASA POWER MERRA-2 PRECTOTCORR
2021-12-01,11.44,corn-mato-grosso,corn,-13.5,-56,NASA POWER MERRA-2 PRECTOTCORR
2021-12-02,9.57,corn-mato-grosso,corn,-13.5,-56,NASA POWER MERRA-2 PRECTOTCORR
2021-12-03,17.36,corn-mato-grosso,corn,-13.5,-56,NASA POWER MERRA-2 PRECTOTCORR
2021-12-04,6.1,corn-mato-grosso,corn,-13.5,-56,NASA POWER MERRA-2 PRECTOTCORR
2021-12-05,28.1,corn-mato-grosso,corn,-13.5,-56,NASA POWER MERRA-2 PRECTOTCORR
2021-12-06,12.11,corn-mato-grosso,corn,-13.5,-56,NASA POWER MERRA-2 PRECTOTCORR
2021-12-07,2.08,corn-mato-grosso,corn,-13.5,-56,NASA POWER MERRA-2 PRECTOTCORR
2021-12-08,5.68,corn-mato-grosso,corn,-13.5,-56,NASA POWER MERRA-2 PRECTOTCORR
2021-12-09,6.27,corn-mato-grosso,corn,-13.5,-56,NASA POWER MERRA-2 PRECTOTCORR
2021-12-10,8.92,corn-mato-grosso,corn,-13.5,-56,NASA POWER MERRA-2 PRECTOTCORR
2021-12-11,0.92,corn-mato-grosso,corn,-13.5,-56,NASA POWER MERRA-2 PRECTOTCORR
2021-12-12,30.97,corn-mato-grosso,corn,-13.5,-56,NASA POWER MERRA-2 PRECTOTCORR
2021-12-13,9.63,corn-mato-grosso,corn,-13.5,-56,NASA POWER MERRA-2 PRECTOTCORR
2021-12-14,3.74,corn-mato-grosso,corn,-13.5,-56,NASA POWER MERRA-2 PRECTOTCORR
2021-12-15,8.86,corn-mato-grosso,corn,-13.5,-56,NASA POWER MERRA-2 PRECTOTCORR
2021-12-16,41.66,corn-mato-grosso,corn,-13.5,-56,NASA POWER MERRA-2 PRECTOTCORR
2021-12-17,8.24,corn-mato-grosso,corn,-13.5,-56,NASA POWER MERRA-2 PRECTOTCORR
2021-12-18,10.63,corn-mato-grosso,corn,-13.5,-56,NASA POWER MERRA-2 PRECTOTCORR
2021-12-19,6.66,corn-mato-grosso,corn,-13.5,-56,NASA POWER MERRA-2 PRECTOTCORR
2021-12-20,13.65,corn-mato-grosso,corn,-13.5,-56,NASA POWER MERRA-2 PRECTOTCORR
2021-12-21,15.62,corn-mato-grosso,corn,-13.5,-56,NASA POWER MERRA-2 PRECTOTCORR
2021-12-22,13.59,corn-mato-grosso,corn,-13.5,-56,NASA POWER MERRA-2 PRECTOTCORR
2021-12-23,10.92,corn-mato-grosso,corn,-13.5,-56,NASA POWER MERRA-2 PRECTOTCORR
2021-12-24,19.09,corn-mato-grosso,corn,-13.5,-56,NASA POWER MERRA-2 PRECTOTCORR
2021-12-25,13.72,corn-mato-grosso,corn,-13.5,-56,NASA POWER MERRA-2 PRECTOTCORR
2021-12-26,1.04,corn-mato-grosso,corn,-13.5,-56,NASA POWER MERRA-2 PRECTOTCORR
2021-12-27,6.38,corn-mato-grosso,corn,-13.5,-56,NASA POWER MERRA-2 PRECTOTCORR
2021-12-28,6.7,corn-mato-grosso,corn,-13.5,-56,NASA POWER MERRA-2 PRECTOTCORR
2021-12-29,9.49,corn-mato-grosso,corn,-13.5,-56,NASA POWER MERRA-2 PRECTOTCORR
2021-12-30,26.02,corn-mato-grosso,corn,-13.5,-56,NASA POWER MERRA-2 PRECTOTCORR
2021-12-31,1.93,corn-mato-grosso,corn,-13.5,-56,NASA POWER MERRA-2 PRECTOTCORR
2022-01-01,0.96,corn-mato-grosso,corn,-13.5,-56,NASA POWER MERRA-2 PRECTOTCORR
2022-01-02,0.55,corn-mato-grosso,corn,-13.5,-56,NASA POWER MERRA-2 PRECTOTCORR
2022-01-03,0.6,corn-mato-grosso,corn,-13.5,-56,NASA POWER MERRA-2 PRECTOTCORR
2022-01-04,7.33,corn-mato-grosso,corn,-13.5,-56,NASA POWER MERRA-2 PRECTOTCORR
2022-01-05,17.24,corn-mato-grosso,corn,-13.5,-56,NASA POWER MERRA-2 PRECTOTCORR
2022-01-06,9.81,corn-mato-grosso,corn,-13.5,-56,NASA POWER MERRA-2 PRECTOTCORR
2022-01-07,4.39,corn-mato-grosso,corn,-13.5,-56,NASA POWER MERRA-2 PRECTOTCORR
2022-01-08,7.86,corn-mato-grosso,corn,-13.5,-56,NASA POWER MERRA-2 PRECTOTCORR
2022-01-09,15.01,corn-mato-grosso,corn,-13.5,-56,NASA POWER MERRA-2 PRECTOTCORR
2022-01-10,9.89,corn-mato-grosso,corn,-13.5,-56,NASA POWER MERRA-2 PRECTOTCORR
2022-01-11,18.22,corn-mato-grosso,corn,-13.5,-56,NASA POWER MERRA-2 PRECTOTCORR
2022-01-12,10.36,corn-mato-grosso,corn,-13.5,-56,NASA POWER MERRA-2 PRECTOTCORR
2022-01-13,10.94,corn-mato-grosso,corn,-13.5,-56,NASA POWER MERRA-2 PRECTOTCORR
2022-01-14,1.82,corn-mato-grosso,corn,-13.5,-56,NASA POWER MERRA-2 PRECTOTCORR
2022-01-15,0.38,corn-mato-grosso,corn,-13.5,-56,NASA POWER MERRA-2 PRECTOTCORR
2022-01-16,0.35,corn-mato-grosso,corn,-13.5,-56,NASA POWER MERRA-2 PRECTOTCORR
2022-01-17,1.14,corn-mato-grosso,corn,-13.5,-56,NASA POWER MERRA-2 PRECTOTCORR
2022-01-18,0.27,corn-mato-grosso,corn,-13.5,-56,NASA POWER MERRA-2 PRECTOTCORR
2022-01-19,0.68,corn-mato-grosso,corn,-13.5,-56,NASA POWER MERRA-2 PRECTOTCORR
2022-01-20,3.53,corn-mato-grosso,corn,-13.5,-56,NASA POWER MERRA-2 PRECTOTCORR
2022-01-21,5.97,corn-mato-grosso,corn,-13.5,-56,NASA POWER MERRA-2 PRECTOTCORR
2022-01-22,0.39,corn-mato-grosso,corn,-13.5,-56,NASA POWER MERRA-2 PRECTOTCORR
2022-01-23,9.73,corn-mato-grosso,corn,-13.5,-56,NASA POWER MERRA-2 PRECTOTCORR
2022-01-24,3.28,corn-mato-grosso,corn,-13.5,-56,NASA POWER MERRA-2 PRECTOTCORR
2022-01-25,3.83,corn-mato-grosso,corn,-13.5,-56,NASA POWER MERRA-2 PRECTOTCORR
2022-01-26,11.22,corn-mato-grosso,corn,-13.5,-56,NASA POWER MERRA-2 PRECTOTCORR
2022-01-27,15.35,corn-mato-grosso,corn,-13.5,-56,NASA POWER MERRA-2 PRECTOTCORR
2022-01-28,21.02,corn-mato-grosso,corn,-13.5,-56,NASA POWER MERRA-2 PRECTOTCORR
2022-01-29,50.98,corn-mato-grosso,corn,-13.5,-56,NASA POWER MERRA-2 PRECTOTCORR
2022-01-30,16.51,corn-mato-grosso,corn,-13.5,-56,NASA POWER MERRA-2 PRECTOTCORR
2022-01-31,13.3,corn-mato-grosso,corn,-13.5,-56,NASA POWER MERRA-2 PRECTOTCORR
2022-02-01,4.99,corn-mato-grosso,corn,-13.5,-56,NASA POWER MERRA-2 PRECTOTCORR
2022-02-02,8.87,corn-mato-grosso,corn,-13.5,-56,NASA POWER MERRA-2 PRECTOTCORR
2022-02-03,7.8,corn-mato-grosso,corn,-13.5,-56,NASA POWER MERRA-2 PRECTOTCORR
2022-02-04,4.11,corn-mato-grosso,corn,-13.5,-56,NASA POWER MERRA-2 PRECTOTCORR
2022-02-05,6.72,corn-mato-grosso,corn,-13.5,-56,NASA POWER MERRA-2 PRECTOTCORR
2022-02-06,12.46,corn-mato-grosso,corn,-13.5,-56,NASA POWER MERRA-2 PRECTOTCORR
2022-02-07,5.17,corn-mato-grosso,corn,-13.5,-56,NASA POWER MERRA-2 PRECTOTCORR
2022-02-08,18.33,corn-mato-grosso,corn,-13.5,-56,NASA POWER MERRA-2 PRECTOTCORR
2022-02-09,8.97,corn-mato-grosso,corn,-13.5,-56,NASA POWER MERRA-2 PRECTOTCORR
2022-02-10,5.48,corn-mato-grosso,corn,-13.5,-56,NASA POWER MERRA-2 PRECTOTCORR
2022-02-11,16.81,corn-mato-grosso,corn,-13.5,-56,NASA POWER MERRA-2 PRECTOTCORR
2022-02-12,20.46,corn-mato-grosso,corn,-13.5,-56,NASA POWER MERRA-2 PRECTOTCORR
2022-02-13,26.95,corn-mato-grosso,corn,-13.5,-56,NASA POWER MERRA-2 PRECTOTCORR
2022-02-14,2.15,corn-mato-grosso,corn,-13.5,-56,NASA POWER MERRA-2 PRECTOTCORR
2022-02-15,1.32,corn-mato-grosso,corn,-13.5,-56,NASA POWER MERRA-2 PRECTOTCORR
2022-02-16,19.66,corn-mato-grosso,corn,-13.5,-56,NASA POWER MERRA-2 PRECTOTCORR
2022-02-17,7.37,corn-mato-grosso,corn,-13.5,-56,NASA POWER MERRA-2 PRECTOTCORR
2022-02-18,12.91,corn-mato-grosso,corn,-13.5,-56,NASA POWER MERRA-2 PRECTOTCORR
2022-02-19,46.71,corn-mato-grosso,corn,-13.5,-56,NASA POWER MERRA-2 PRECTOTCORR
2022-02-20,15.59,corn-mato-grosso,corn,-13.5,-56,NASA POWER MERRA-2 PRECTOTCORR
2022-02-21,3.92,corn-mato-grosso,corn,-13.5,-56,NASA POWER MERRA-2 PRECTOTCORR
2022-02-22,15.16,corn-mato-grosso,corn,-13.5,-56,NASA POWER MERRA-2 PRECTOTCORR
2022-02-23,5.78,corn-mato-grosso,corn,-13.5,-56,NASA POWER MERRA-2 PRECTOTCORR
2022-02-24,3.12,corn-mato-grosso,corn,-13.5,-56,NASA POWER MERRA-2 PRECTOTCORR
2022-02-25,1.97,corn-mato-grosso,corn,-13.5,-56,NASA POWER MERRA-2 PRECTOTCORR
2022-02-26,9.15,corn-mato-grosso,corn,-13.5,-56,NASA POWER MERRA-2 PRECTOTCORR
2022-02-27,1.93,corn-mato-grosso,corn,-13.5,-56,NASA POWER MERRA-2 PRECTOTCORR
2022-02-28,2.38,corn-mato-grosso,corn,-13.5,-56,NASA POWER MERRA-2 PRECTOTCORR
2022-03-01,0.74,corn-mato-grosso,corn,-13.5,-56,NASA POWER MERRA-2 PRECTOTCORR
2022-03-02,5.28,corn-mato-grosso,corn,-13.5,-56,NASA POWER MERRA-2 PRECTOTCORR
2022-03-03,10.01,corn-mato-grosso,corn,-13.5,-56,NASA POWER MERRA-2 PRECTOTCORR
2022-03-04,17.95,corn-mato-grosso,corn,-13.5,-56,NASA POWER MERRA-2 PRECTOTCORR
2022-03-05,3.81,corn-mato-grosso,corn,-13.5,-56,NASA POWER MERRA-2 PRECTOTCORR
2022-03-06,8.53,corn-mato-grosso,corn,-13.5,-56,NASA POWER MERRA-2 PRECTOTCORR
2022-03-07,16.37,corn-mato-grosso,corn,-13.5,-56,NASA POWER MERRA-2 PRECTOTCORR
2022-03-08,15.85,corn-mato-grosso,corn,-13.5,-56,NASA POWER MERRA-2 PRECTOTCORR
2022-03-09,5.57,corn-mato-grosso,corn,-13.5,-56,NASA POWER MERRA-2 PRECTOTCORR
2022-03-10,0.99,corn-mato-grosso,corn,-13.5,-56,NASA POWER MERRA-2 PRECTOTCORR
2022-03-11,22.26,corn-mato-grosso,corn,-13.5,-56,NASA POWER MERRA-2 PRECTOTCORR
2022-03-12,11.12,corn-mato-grosso,corn,-13.5,-56,NASA POWER MERRA-2 PRECTOTCORR
2022-03-13,1.42,corn-mato-grosso,corn,-13.5,-56,NASA POWER MERRA-2 PRECTOTCORR
2022-03-14,4.51,corn-mato-grosso,corn,-13.5,-56,NASA POWER MERRA-2 PRECTOTCORR
2022-03-15,11.49,corn-mato-grosso,corn,-13.5,-56,NASA POWER MERRA-2 PRECTOTCORR
2022-03-16,2.12,corn-mato-grosso,corn,-13.5,-56,NASA POWER MERRA-2 PRECTOTCORR
2022-03-17,11.88,corn-mato-grosso,corn,-13.5,-56,NASA POWER MERRA-2 PRECTOTCORR
2022-03-18,4.71,corn-mato-grosso,corn,-13.5,-56,NASA POWER MERRA-2 PRECTOTCORR
2022-03-19,9.28,corn-mato-grosso,corn,-13.5,-56,NASA POWER MERRA-2 PRECTOTCORR
2022-03-20,10.97,corn-mato-grosso,corn,-13.5,-56,NASA POWER MERRA-2 PRECTOTCORR
2022-03-21,1.52,corn-mato-grosso,corn,-13.5,-56,NASA POWER MERRA-2 PRECTOTCORR
2022-03-22,0.85,corn-mato-grosso,corn,-13.5,-56,NASA POWER MERRA-2 PRECTOTCORR
2022-03-23,0.62,corn-mato-grosso,corn,-13.5,-56,NASA POWER MERRA-2 PRECTOTCORR
2022-03-24,8.63,corn-mato-grosso,corn,-13.5,-56,NASA POWER MERRA-2 PRECTOTCORR
2022-03-25,6.27,corn-mato-grosso,corn,-13.5,-56,NASA POWER MERRA-2 PRECTOTCORR
2022-03-26,0.75,corn-mato-grosso,corn,-13.5,-56,NASA POWER MERRA-2 PRECTOTCORR
2022-03-27,15.05,corn-mato-grosso,corn,-13.5,-56,NASA POWER MERRA-2 PRECTOTCORR
2022-03-28,3.64,corn-mato-grosso,corn,-13.5,-56,NASA POWER MERRA-2 PRECTOTCORR
2022-03-29,3.05,corn-mato-grosso,corn,-13.5,-56,NASA POWER MERRA-2 PRECTOTCORR
2022-03-30,4.78,corn-mato-grosso,corn,-13.5,-56,NASA POWER MERRA-2 PRECTOTCORR
2022-03-31,8.87,corn-mato-grosso,corn,-13.5,-56,NASA POWER MERRA-2 PRECTOTCORR
2022-04-01,4.7,corn-mato-grosso,corn,-13.5,-56,NASA POWER MERRA-2 PRECTOTCORR
2022-04-02,2.4,corn-mato-grosso,corn,-13.5,-56,NASA POWER MERRA-2 PRECTOTCORR
2022-04-03,1.42,corn-mato-grosso,corn,-13.5,-56,NASA POWER MERRA-2 PRECTOTCORR
2022-04-04,0.03,corn-mato-grosso,corn,-13.5,-56,NASA POWER MERRA-2 PRECTOTCORR
2022-04-05,2.55,corn-mato-grosso,corn,-13.5,-56,NASA POWER MERRA-2 PRECTOTCORR
2022-04-06,0.34,corn-mato-grosso,corn,-13.5,-56,NASA POWER MERRA-2 PRECTOTCORR
2022-04-07,1.4,corn-mato-grosso,corn,-13.5,-56,NASA POWER MERRA-2 PRECTOTCORR
2022-04-08,8.35,corn-mato-grosso,corn,-13.5,-56,NASA POWER MERRA-2 PRECTOTCORR
2022-04-09,0.08,corn-mato-grosso,corn,-13.5,-56,NASA POWER MERRA-2 PRECTOTCORR
2022-04-10,0.01,corn-mato-grosso,corn,-13.5,-56,NASA POWER MERRA-2 PRECTOTCORR
2022-04-11,0.06,corn-mato-grosso,corn,-13.5,-56,NASA POWER MERRA-2 PRECTOTCORR
2022-04-12,2.4,corn-mato-grosso,corn,-13.5,-56,NASA POWER MERRA-2 PRECTOTCORR
2022-04-13,1.9,corn-mato-grosso,corn,-13.5,-56,NASA POWER MERRA-2 PRECTOTCORR
2022-04-14,0.95,corn-mato-grosso,corn,-13.5,-56,NASA POWER MERRA-2 PRECTOTCORR
2022-04-15,0.56,corn-mato-grosso,corn,-13.5,-56,NASA POWER MERRA-2 PRECTOTCORR
2022-04-16,4.76,corn-mato-grosso,corn,-13.5,-56,NASA POWER MERRA-2 PRECTOTCORR
2022-04-17,0.83,corn-mato-grosso,corn,-13.5,-56,NASA POWER MERRA-2 PRECTOTCORR
2022-04-18,2.77,corn-mato-grosso,corn,-13.5,-56,NASA POWER MERRA-2 PRECTOTCORR
2022-04-19,0.2,corn-mato-grosso,corn,-13.5,-56,NASA POWER MERRA-2 PRECTOTCORR
2022-04-20,0.11,corn-mato-grosso,corn,-13.5,-56,NASA POWER MERRA-2 PRECTOTCORR
2022-04-21,0.04,corn-mato-grosso,corn,-13.5,-56,NASA POWER MERRA-2 PRECTOTCORR
2022-04-22,0.04,corn-mato-grosso,corn,-13.5,-56,NASA POWER MERRA-2 PRECTOTCORR
2022-04-23,0.09,corn-mato-grosso,corn,-13.5,-56,NASA POWER MERRA-2 PRECTOTCORR
2022-04-24,5.49,corn-mato-grosso,corn,-13.5,-56,NASA POWER MERRA-2 PRECTOTCORR
2022-04-25,1.97,corn-mato-grosso,corn,-13.5,-56,NASA POWER MERRA-2 PRECTOTCORR
2022-04-26,0.09,corn-mato-grosso,corn,-13.5,-56,NASA POWER MERRA-2 PRECTOTCORR
2022-04-27,0.19,corn-mato-grosso,corn,-13.5,-56,NASA POWER MERRA-2 PRECTOTCORR
2022-04-28,0.22,corn-mato-grosso,corn,-13.5,-56,NASA POWER MERRA-2 PRECTOTCORR
2022-04-29,0.03,corn-mato-grosso,corn,-13.5,-56,NASA POWER MERRA-2 PRECTOTCORR
2022-04-30,0,corn-mato-grosso,corn,-13.5,-56,NASA POWER MERRA-2 PRECTOTCORR
2022-05-01,0,corn-mato-grosso,corn,-13.5,-56,NASA POWER MERRA-2 PRECTOTCORR
2022-05-02,0,corn-mato-grosso,corn,-13.5,-56,NASA POWER MERRA-2 PRECTOTCORR
2022-05-03,0,corn-mato-grosso,corn,-13.5,-56,NASA POWER MERRA-2 PRECTOTCORR
2022-05-04,0.01,corn-mato-grosso,corn,-13.5,-56,NASA POWER MERRA-2 PRECTOTCORR
2022-05-05,0,corn-mato-grosso,corn,-13.5,-56,NASA POWER MERRA-2 PRECTOTCORR
2022-05-06,0,corn-mato-grosso,corn,-13.5,-56,NASA POWER MERRA-2 PRECTOTCORR
2022-05-07,0,corn-mato-grosso,corn,-13.5,-56,NASA POWER MERRA-2 PRECTOTCORR
2022-05-08,0,corn-mato-grosso,corn,-13.5,-56,NASA POWER MERRA-2 PRECTOTCORR
2022-05-09,0.01,corn-mato-grosso,corn,-13.5,-56,NASA POWER MERRA-2 PRECTOTCORR
2022-05-10,0.03,corn-mato-grosso,corn,-13.5,-56,NASA POWER MERRA-2 PRECTOTCORR
2022-05-11,0.02,corn-mato-grosso,corn,-13.5,-56,NASA POWER MERRA-2 PRECTOTCORR
2022-05-12,1.14,corn-mato-grosso,corn,-13.5,-56,NASA POWER MERRA-2 PRECTOTCORR
2022-05-13,0.1,corn-mato-grosso,corn,-13.5,-56,NASA POWER MERRA-2 PRECTOTCORR
2022-05-14,0,corn-mato-grosso,corn,-13.5,-56,NASA POWER MERRA-2 PRECTOTCORR
2022-05-15,1.94,corn-mato-grosso,corn,-13.5,-56,NASA POWER MERRA-2 PRECTOTCORR
2022-05-16,0.36,corn-mato-grosso,corn,-13.5,-56,NASA POWER MERRA-2 PRECTOTCORR
2022-05-17,0,corn-mato-grosso,corn,-13.5,-56,NASA POWER MERRA-2 PRECTOTCORR
2022-05-18,0,corn-mato-grosso,corn,-13.5,-56,NASA POWER MERRA-2 PRECTOTCORR
2022-05-19,0,corn-mato-grosso,corn,-13.5,-56,NASA POWER MERRA-2 PRECTOTCORR
2022-05-20,0.01,corn-mato-grosso,corn,-13.5,-56,NASA POWER MERRA-2 PRECTOTCORR
2022-05-21,0.02,corn-mato-grosso,corn,-13.5,-56,NASA POWER MERRA-2 PRECTOTCORR
2022-05-22,0,corn-mato-grosso,corn,-13.5,-56,NASA POWER MERRA-2 PRECTOTCORR
2022-05-23,0,corn-mato-grosso,corn,-13.5,-56,NASA POWER MERRA-2 PRECTOTCORR
2022-05-24,0,corn-mato-grosso,corn,-13.5,-56,NASA POWER MERRA-2 PRECTOTCORR
2022-05-25,0,corn-mato-grosso,corn,-13.5,-56,NASA POWER MERRA-2 PRECTOTCORR
2022-05-26,0,corn-mato-grosso,corn,-13.5,-56,NASA POWER MERRA-2 PRECTOTCORR
2022-05-27,0,corn-mato-grosso,corn,-13.5,-56,NASA POWER MERRA-2 PRECTOTCORR
2022-05-28,0,corn-mato-grosso,corn,-13.5,-56,NASA POWER MERRA-2 PRECTOTCORR
2022-05-29,0,corn-mato-grosso,corn,-13.5,-56,NASA POWER MERRA-2 PRECTOTCORR
2022-05-30,0,corn-mato-grosso,corn,-13.5,-56,NASA POWER MERRA-2 PRECTOTCORR
2022-05-31,0.01,corn-mato-grosso,corn,-13.5,-56,NASA POWER MERRA-2 PRECTOTCORR
2022-06-01,0,corn-mato-grosso,corn,-13.5,-56,NASA POWER MERRA-2 PRECTOTCORR
2022-06-02,0,corn-mato-grosso,corn,-13.5,-56,NASA POWER MERRA-2 PRECTOTCORR
2022-06-03,0,corn-mato-grosso,corn,-13.5,-56,NASA POWER MERRA-2 PRECTOTCORR
2022-06-04,0.01,corn-mato-grosso,corn,-13.5,-56,NASA POWER MERRA-2 PRECTOTCORR
2022-06-05,0,corn-mato-grosso,corn,-13.5,-56,NASA POWER MERRA-2 PRECTOTCORR
2022-06-06,0,corn-mato-grosso,corn,-13.5,-56,NASA POWER MERRA-2 PRECTOTCORR
2022-06-07,0.03,corn-mato-grosso,corn,-13.5,-56,NASA POWER MERRA-2 PRECTOTCORR
2022-06-08,0.68,corn-mato-grosso,corn,-13.5,-56,NASA POWER MERRA-2 PRECTOTCORR
2022-06-09,14.62,corn-mato-grosso,corn,-13.5,-56,NASA POWER MERRA-2 PRECTOTCORR
2022-06-10,16.31,corn-mato-grosso,corn,-13.5,-56,NASA POWER MERRA-2 PRECTOTCORR
2022-06-11,3.02,corn-mato-grosso,corn,-13.5,-56,NASA POWER MERRA-2 PRECTOTCORR
2022-06-12,0.03,corn-mato-grosso,corn,-13.5,-56,NASA POWER MERRA-2 PRECTOTCORR
2022-06-13,0,corn-mato-grosso,corn,-13.5,-56,NASA POWER MERRA-2 PRECTOTCORR
2022-06-14,0,corn-mato-grosso,corn,-13.5,-56,NASA POWER MERRA-2 PRECTOTCORR
2022-06-15,0,corn-mato-grosso,corn,-13.5,-56,NASA POWER MERRA-2 PRECTOTCORR
2022-06-16,0.01,corn-mato-grosso,corn,-13.5,-56,NASA POWER MERRA-2 PRECTOTCORR
2022-06-17,0.22,corn-mato-grosso,corn,-13.5,-56,NASA POWER MERRA-2 PRECTOTCORR
2022-06-18,0.03,corn-mato-grosso,corn,-13.5,-56,NASA POWER MERRA-2 PRECTOTCORR
2022-06-19,0.02,corn-mato-grosso,corn,-13.5,-56,NASA POWER MERRA-2 PRECTOTCORR
2022-06-20,0,corn-mato-grosso,corn,-13.5,-56,NASA POWER MERRA-2 PRECTOTCORR
2022-06-21,0,corn-mato-grosso,corn,-13.5,-56,NASA POWER MERRA-2 PRECTOTCORR
2022-06-22,0,corn-mato-grosso,corn,-13.5,-56,NASA POWER MERRA-2 PRECTOTCORR
2022-06-23,0,corn-mato-grosso,corn,-13.5,-56,NASA POWER MERRA-2 PRECTOTCORR
2022-06-24,0,corn-mato-grosso,corn,-13.5,-56,NASA POWER MERRA-2 PRECTOTCORR
2022-06-25,0,corn-mato-grosso,corn,-13.5,-56,NASA POWER MERRA-2 PRECTOTCORR
2022-06-26,0,corn-mato-grosso,corn,-13.5,-56,NASA POWER MERRA-2 PRECTOTCORR
2022-06-27,0,corn-mato-grosso,corn,-13.5,-56,NASA POWER MERRA-2 PRECTOTCORR
2022-06-28,0,corn-mato-grosso,corn,-13.5,-56,NASA POWER MERRA-2 PRECTOTCORR
2022-06-29,0,corn-mato-grosso,corn,-13.5,-56,NASA POWER MERRA-2 PRECTOTCORR
2022-06-30,0,corn-mato-grosso,corn,-13.5,-56,NASA POWER MERRA-2 PRECTOTCORR
2022-07-01,0,corn-mato-grosso,corn,-13.5,-56,NASA POWER MERRA-2 PRECTOTCORR
2022-07-02,0,corn-mato-grosso,corn,-13.5,-56,NASA POWER MERRA-2 PRECTOTCORR
2022-07-03,0,corn-mato-grosso,corn,-13.5,-56,NASA POWER MERRA-2 PRECTOTCORR
2022-07-04,0,corn-mato-grosso,corn,-13.5,-56,NASA POWER MERRA-2 PRECTOTCORR
2022-07-05,0,corn-mato-grosso,corn,-13.5,-56,NASA POWER MERRA-2 PRECTOTCORR
2022-07-06,0,corn-mato-grosso,corn,-13.5,-56,NASA POWER MERRA-2 PRECTOTCORR
2022-07-07,0.03,corn-mato-grosso,corn,-13.5,-56,NASA POWER MERRA-2 PRECTOTCORR
2022-07-08,0,corn-mato-grosso,corn,-13.5,-56,NASA POWER MERRA-2 PRECTOTCORR
2022-07-09,0,corn-mato-grosso,corn,-13.5,-56,NASA POWER MERRA-2 PRECTOTCORR
2022-07-10,0,corn-mato-grosso,corn,-13.5,-56,NASA POWER MERRA-2 PRECTOTCORR
2022-07-11,0,corn-mato-grosso,corn,-13.5,-56,NASA POWER MERRA-2 PRECTOTCORR
2022-07-12,0.24,corn-mato-grosso,corn,-13.5,-56,NASA POWER MERRA-2 PRECTOTCORR
2022-07-13,0.01,corn-mato-grosso,corn,-13.5,-56,NASA POWER MERRA-2 PRECTOTCORR
2022-07-14,0,corn-mato-grosso,corn,-13.5,-56,NASA POWER MERRA-2 PRECTOTCORR
2022-07-15,0,corn-mato-grosso,corn,-13.5,-56,NASA POWER MERRA-2 PRECTOTCORR
2022-07-16,0,corn-mato-grosso,corn,-13.5,-56,NASA POWER MERRA-2 PRECTOTCORR
2022-07-17,0,corn-mato-grosso,corn,-13.5,-56,NASA POWER MERRA-2 PRECTOTCORR
2022-07-18,0,corn-mato-grosso,corn,-13.5,-56,NASA POWER MERRA-2 PRECTOTCORR
2022-07-19,0,corn-mato-grosso,corn,-13.5,-56,NASA POWER MERRA-2 PRECTOTCORR
2022-07-20,0,corn-mato-grosso,corn,-13.5,-56,NASA POWER MERRA-2 PRECTOTCORR
2022-07-21,0,corn-mato-grosso,corn,-13.5,-56,NASA POWER MERRA-2 PRECTOTCORR
2022-07-22,0,corn-mato-grosso,corn,-13.5,-56,NASA POWER MERRA-2 PRECTOTCORR
2022-07-23,0,corn-mato-grosso,corn,-13.5,-56,NASA POWER MERRA-2 PRECTOTCORR
2022-07-24,0,corn-mato-grosso,corn,-13.5,-56,NASA POWER MERRA-2 PRECTOTCORR
2022-07-25,0,corn-mato-grosso,corn,-13.5,-56,NASA POWER MERRA-2 PRECTOTCORR
2022-07-26,0,corn-mato-grosso,corn,-13.5,-56,NASA POWER MERRA-2 PRECTOTCORR
2022-07-27,0,corn-mato-grosso,corn,-13.5,-56,NASA POWER MERRA-2 PRECTOTCORR
2022-07-28,0,corn-mato-grosso,corn,-13.5,-56,NASA POWER MERRA-2 PRECTOTCORR
2022-07-29,0,corn-mato-grosso,corn,-13.5,-56,NASA POWER MERRA-2 PRECTOTCORR
2022-07-30,0,corn-mato-grosso,corn,-13.5,-56,NASA POWER MERRA-2 PRECTOTCORR
2022-07-31,0.05,corn-mato-grosso,corn,-13.5,-56,NASA POWER MERRA-2 PRECTOTCORR
2022-08-01,0,corn-mato-grosso,corn,-13.5,-56,NASA POWER MERRA-2 PRECTOTCORR
2022-08-02,0,corn-mato-grosso,corn,-13.5,-56,NASA POWER MERRA-2 PRECTOTCORR
2022-08-03,0,corn-mato-grosso,corn,-13.5,-56,NASA POWER MERRA-2 PRECTOTCORR
2022-08-04,0,corn-mato-grosso,corn,-13.5,-56,NASA POWER MERRA-2 PRECTOTCORR
2022-08-05,0,corn-mato-grosso,corn,-13.5,-56,NASA POWER MERRA-2 PRECTOTCORR
2022-08-06,0.05,corn-mato-grosso,corn,-13.5,-56,NASA POWER MERRA-2 PRECTOTCORR
2022-08-07,0.63,corn-mato-grosso,corn,-13.5,-56,NASA POWER MERRA-2 PRECTOTCORR
2022-08-08,4.07,corn-mato-grosso,corn,-13.5,-56,NASA POWER MERRA-2 PRECTOTCORR
2022-08-09,0.89,corn-mato-grosso,corn,-13.5,-56,NASA POWER MERRA-2 PRECTOTCORR
2022-08-10,0.74,corn-mato-grosso,corn,-13.5,-56,NASA POWER MERRA-2 PRECTOTCORR
2022-08-11,0,corn-mato-grosso,corn,-13.5,-56,NASA POWER MERRA-2 PRECTOTCORR
2022-08-12,0,corn-mato-grosso,corn,-13.5,-56,NASA POWER MERRA-2 PRECTOTCORR
2022-08-13,0,corn-mato-grosso,corn,-13.5,-56,NASA POWER MERRA-2 PRECTOTCORR
2022-08-14,0,corn-mato-grosso,corn,-13.5,-56,NASA POWER MERRA-2 PRECTOTCORR
2022-08-15,0,corn-mato-grosso,corn,-13.5,-56,NASA POWER MERRA-2 PRECTOTCORR
2022-08-16,0.83,corn-mato-grosso,corn,-13.5,-56,NASA POWER MERRA-2 PRECTOTCORR
2022-08-17,0.22,corn-mato-grosso,corn,-13.5,-56,NASA POWER MERRA-2 PRECTOTCORR
2022-08-18,0.33,corn-mato-grosso,corn,-13.5,-56,NASA POWER MERRA-2 PRECTOTCORR
2022-08-19,0.94,corn-mato-grosso,corn,-13.5,-56,NASA POWER MERRA-2 PRECTOTCORR
2022-08-20,0,corn-mato-grosso,corn,-13.5,-56,NASA POWER MERRA-2 PRECTOTCORR
2022-08-21,0,corn-mato-grosso,corn,-13.5,-56,NASA POWER MERRA-2 PRECTOTCORR
2022-08-22,0,corn-mato-grosso,corn,-13.5,-56,NASA POWER MERRA-2 PRECTOTCORR
2022-08-23,0,corn-mato-grosso,corn,-13.5,-56,NASA POWER MERRA-2 PRECTOTCORR
2022-08-24,0,corn-mato-grosso,corn,-13.5,-56,NASA POWER MERRA-2 PRECTOTCORR
2022-08-25,0,corn-mato-grosso,corn,-13.5,-56,NASA POWER MERRA-2 PRECTOTCORR
2022-08-26,0,corn-mato-grosso,corn,-13.5,-56,NASA POWER MERRA-2 PRECTOTCORR
2022-08-27,0,corn-mato-grosso,corn,-13.5,-56,NASA POWER MERRA-2 PRECTOTCORR
2022-08-28,0,corn-mato-grosso,corn,-13.5,-56,NASA POWER MERRA-2 PRECTOTCORR
2022-08-29,0,corn-mato-grosso,corn,-13.5,-56,NASA POWER MERRA-2 PRECTOTCORR
2022-08-30,0,corn-mato-grosso,corn,-13.5,-56,NASA POWER MERRA-2 PRECTOTCORR
2022-08-31,0.1,corn-mato-grosso,corn,-13.5,-56,NASA POWER MERRA-2 PRECTOTCORR
2022-09-01,0,corn-mato-grosso,corn,-13.5,-56,NASA POWER MERRA-2 PRECTOTCORR
2022-09-02,0,corn-mato-grosso,corn,-13.5,-56,NASA POWER MERRA-2 PRECTOTCORR
2022-09-03,0,corn-mato-grosso,corn,-13.5,-56,NASA POWER MERRA-2 PRECTOTCORR
2022-09-04,0,corn-mato-grosso,corn,-13.5,-56,NASA POWER MERRA-2 PRECTOTCORR
2022-09-05,0.04,corn-mato-grosso,corn,-13.5,-56,NASA POWER MERRA-2 PRECTOTCORR
2022-09-06,0,corn-mato-grosso,corn,-13.5,-56,NASA POWER MERRA-2 PRECTOTCORR
2022-09-07,0,corn-mato-grosso,corn,-13.5,-56,NASA POWER MERRA-2 PRECTOTCORR
2022-09-08,0.03,corn-mato-grosso,corn,-13.5,-56,NASA POWER MERRA-2 PRECTOTCORR
2022-09-09,0.02,corn-mato-grosso,corn,-13.5,-56,NASA POWER MERRA-2 PRECTOTCORR
2022-09-10,0.03,corn-mato-grosso,corn,-13.5,-56,NASA POWER MERRA-2 PRECTOTCORR
2022-09-11,0,corn-mato-grosso,corn,-13.5,-56,NASA POWER MERRA-2 PRECTOTCORR
2022-09-12,0,corn-mato-grosso,corn,-13.5,-56,NASA POWER MERRA-2 PRECTOTCORR
2022-09-13,0,corn-mato-grosso,corn,-13.5,-56,NASA POWER MERRA-2 PRECTOTCORR
2022-09-14,4.35,corn-mato-grosso,corn,-13.5,-56,NASA POWER MERRA-2 PRECTOTCORR
2022-09-15,4.44,corn-mato-grosso,corn,-13.5,-56,NASA POWER MERRA-2 PRECTOTCORR
2022-09-16,0,corn-mato-grosso,corn,-13.5,-56,NASA POWER MERRA-2 PRECTOTCORR
2022-09-17,0.01,corn-mato-grosso,corn,-13.5,-56,NASA POWER MERRA-2 PRECTOTCORR
2022-09-18,0.59,corn-mato-grosso,corn,-13.5,-56,NASA POWER MERRA-2 PRECTOTCORR
2022-09-19,0.22,corn-mato-grosso,corn,-13.5,-56,NASA POWER MERRA-2 PRECTOTCORR
2022-09-20,36.31,corn-mato-grosso,corn,-13.5,-56,NASA POWER MERRA-2 PRECTOTCORR
2022-09-21,3,corn-mato-grosso,corn,-13.5,-56,NASA POWER MERRA-2 PRECTOTCORR
2022-09-22,8.01,corn-mato-grosso,corn,-13.5,-56,NASA POWER MERRA-2 PRECTOTCORR
2022-09-23,4.03,corn-mato-grosso,corn,-13.5,-56,NASA POWER MERRA-2 PRECTOTCORR
2022-09-24,1.35,corn-mato-grosso,corn,-13.5,-56,NASA POWER MERRA-2 PRECTOTCORR
2022-09-25,0.6,corn-mato-grosso,corn,-13.5,-56,NASA POWER MERRA-2 PRECTOTCORR
2022-09-26,0.43,corn-mato-grosso,corn,-13.5,-56,NASA POWER MERRA-2 PRECTOTCORR
2022-09-27,10.27,corn-mato-grosso,corn,-13.5,-56,NASA POWER MERRA-2 PRECTOTCORR
2022-09-28,13.17,corn-mato-grosso,corn,-13.5,-56,NASA POWER MERRA-2 PRECTOTCORR
2022-09-29,2.07,corn-mato-grosso,corn,-13.5,-56,NASA POWER MERRA-2 PRECTOTCORR
2022-09-30,0.33,corn-mato-grosso,corn,-13.5,-56,NASA POWER MERRA-2 PRECTOTCORR
2022-10-01,5.65,corn-mato-grosso,corn,-13.5,-56,NASA POWER MERRA-2 PRECTOTCORR
2022-10-02,3.73,corn-mato-grosso,corn,-13.5,-56,NASA POWER MERRA-2 PRECTOTCORR
2022-10-03,4.58,corn-mato-grosso,corn,-13.5,-56,NASA POWER MERRA-2 PRECTOTCORR
2022-10-04,2.05,corn-mato-grosso,corn,-13.5,-56,NASA POWER MERRA-2 PRECTOTCORR
2022-10-05,0.23,corn-mato-grosso,corn,-13.5,-56,NASA POWER MERRA-2 PRECTOTCORR
2022-10-06,12.46,corn-mato-grosso,corn,-13.5,-56,NASA POWER MERRA-2 PRECTOTCORR
2022-10-07,6.37,corn-mato-grosso,corn,-13.5,-56,NASA POWER MERRA-2 PRECTOTCORR
2022-10-08,1.64,corn-mato-grosso,corn,-13.5,-56,NASA POWER MERRA-2 PRECTOTCORR
2022-10-09,9.31,corn-mato-grosso,corn,-13.5,-56,NASA POWER MERRA-2 PRECTOTCORR
2022-10-10,0.74,corn-mato-grosso,corn,-13.5,-56,NASA POWER MERRA-2 PRECTOTCORR
2022-10-11,0.1,corn-mato-grosso,corn,-13.5,-56,NASA POWER MERRA-2 PRECTOTCORR
2022-10-12,15.72,corn-mato-grosso,corn,-13.5,-56,NASA POWER MERRA-2 PRECTOTCORR
2022-10-13,0.98,corn-mato-grosso,corn,-13.5,-56,NASA POWER MERRA-2 PRECTOTCORR
2022-10-14,8.44,corn-mato-grosso,corn,-13.5,-56,NASA POWER MERRA-2 PRECTOTCORR
2022-10-15,1.59,corn-mato-grosso,corn,-13.5,-56,NASA POWER MERRA-2 PRECTOTCORR
2022-10-16,2.63,corn-mato-grosso,corn,-13.5,-56,NASA POWER MERRA-2 PRECTOTCORR
2022-10-17,1.63,corn-mato-grosso,corn,-13.5,-56,NASA POWER MERRA-2 PRECTOTCORR
2022-10-18,1.68,corn-mato-grosso,corn,-13.5,-56,NASA POWER MERRA-2 PRECTOTCORR
2022-10-19,2.17,corn-mato-grosso,corn,-13.5,-56,NASA POWER MERRA-2 PRECTOTCORR
2022-10-20,5.08,corn-mato-grosso,corn,-13.5,-56,NASA POWER MERRA-2 PRECTOTCORR
2022-10-21,28.27,corn-mato-grosso,corn,-13.5,-56,NASA POWER MERRA-2 PRECTOTCORR
2022-10-22,8.71,corn-mato-grosso,corn,-13.5,-56,NASA POWER MERRA-2 PRECTOTCORR
2022-10-23,2.48,corn-mato-grosso,corn,-13.5,-56,NASA POWER MERRA-2 PRECTOTCORR
2022-10-24,10.95,corn-mato-grosso,corn,-13.5,-56,NASA POWER MERRA-2 PRECTOTCORR
2022-10-25,12.38,corn-mato-grosso,corn,-13.5,-56,NASA POWER MERRA-2 PRECTOTCORR
2022-10-26,1.83,corn-mato-grosso,corn,-13.5,-56,NASA POWER MERRA-2 PRECTOTCORR
2022-10-27,1.2,corn-mato-grosso,corn,-13.5,-56,NASA POWER MERRA-2 PRECTOTCORR
2022-10-28,3.78,corn-mato-grosso,corn,-13.5,-56,NASA POWER MERRA-2 PRECTOTCORR
2022-10-29,18.45,corn-mato-grosso,corn,-13.5,-56,NASA POWER MERRA-2 PRECTOTCORR
2022-10-30,0.94,corn-mato-grosso,corn,-13.5,-56,NASA POWER MERRA-2 PRECTOTCORR
2022-10-31,20.71,corn-mato-grosso,corn,-13.5,-56,NASA POWER MERRA-2 PRECTOTCORR
2022-11-01,2.29,corn-mato-grosso,corn,-13.5,-56,NASA POWER MERRA-2 PRECTOTCORR
2022-11-02,0,corn-mato-grosso,corn,-13.5,-56,NASA POWER MERRA-2 PRECTOTCORR
2022-11-03,0,corn-mato-grosso,corn,-13.5,-56,NASA POWER MERRA-2 PRECTOTCORR
2022-11-04,0,corn-mato-grosso,corn,-13.5,-56,NASA POWER MERRA-2 PRECTOTCORR
2022-11-05,0,corn-mato-grosso,corn,-13.5,-56,NASA POWER MERRA-2 PRECTOTCORR
2022-11-06,0,corn-mato-grosso,corn,-13.5,-56,NASA POWER MERRA-2 PRECTOTCORR
2022-11-07,0,corn-mato-grosso,corn,-13.5,-56,NASA POWER MERRA-2 PRECTOTCORR
2022-11-08,0,corn-mato-grosso,corn,-13.5,-56,NASA POWER MERRA-2 PRECTOTCORR
2022-11-09,0,corn-mato-grosso,corn,-13.5,-56,NASA POWER MERRA-2 PRECTOTCORR
2022-11-10,2.72,corn-mato-grosso,corn,-13.5,-56,NASA POWER MERRA-2 PRECTOTCORR
2022-11-11,23.63,corn-mato-grosso,corn,-13.5,-56,NASA POWER MERRA-2 PRECTOTCORR
2022-11-12,3.45,corn-mato-grosso,corn,-13.5,-56,NASA POWER MERRA-2 PRECTOTCORR
2022-11-13,0.3,corn-mato-grosso,corn,-13.5,-56,NASA POWER MERRA-2 PRECTOTCORR
2022-11-14,13.17,corn-mato-grosso,corn,-13.5,-56,NASA POWER MERRA-2 PRECTOTCORR
2022-11-15,2.68,corn-mato-grosso,corn,-13.5,-56,NASA POWER MERRA-2 PRECTOTCORR
2022-11-16,1.57,corn-mato-grosso,corn,-13.5,-56,NASA POWER MERRA-2 PRECTOTCORR
2022-11-17,1.69,corn-mato-grosso,corn,-13.5,-56,NASA POWER MERRA-2 PRECTOTCORR
2022-11-18,0.01,corn-mato-grosso,corn,-13.5,-56,NASA POWER MERRA-2 PRECTOTCORR
2022-11-19,0,corn-mato-grosso,corn,-13.5,-56,NASA POWER MERRA-2 PRECTOTCORR
2022-11-20,6.55,corn-mato-grosso,corn,-13.5,-56,NASA POWER MERRA-2 PRECTOTCORR
2022-11-21,4.09,corn-mato-grosso,corn,-13.5,-56,NASA POWER MERRA-2 PRECTOTCORR
2022-11-22,8.78,corn-mato-grosso,corn,-13.5,-56,NASA POWER MERRA-2 PRECTOTCORR
2022-11-23,10.32,corn-mato-grosso,corn,-13.5,-56,NASA POWER MERRA-2 PRECTOTCORR
2022-11-24,3.29,corn-mato-grosso,corn,-13.5,-56,NASA POWER MERRA-2 PRECTOTCORR
2022-11-25,5.94,corn-mato-grosso,corn,-13.5,-56,NASA POWER MERRA-2 PRECTOTCORR
2022-11-26,1.14,corn-mato-grosso,corn,-13.5,-56,NASA POWER MERRA-2 PRECTOTCORR
2022-11-27,0.22,corn-mato-grosso,corn,-13.5,-56,NASA POWER MERRA-2 PRECTOTCORR
2022-11-28,0,corn-mato-grosso,corn,-13.5,-56,NASA POWER MERRA-2 PRECTOTCORR
2022-11-29,0.39,corn-mato-grosso,corn,-13.5,-56,NASA POWER MERRA-2 PRECTOTCORR
2022-11-30,7.02,corn-mato-grosso,corn,-13.5,-56,NASA POWER MERRA-2 PRECTOTCORR
2022-12-01,6.36,corn-mato-grosso,corn,-13.5,-56,NASA POWER MERRA-2 PRECTOTCORR
2022-12-02,11.65,corn-mato-grosso,corn,-13.5,-56,NASA POWER MERRA-2 PRECTOTCORR
2022-12-03,13.18,corn-mato-grosso,corn,-13.5,-56,NASA POWER MERRA-2 PRECTOTCORR
2022-12-04,7.13,corn-mato-grosso,corn,-13.5,-56,NASA POWER MERRA-2 PRECTOTCORR
2022-12-05,13.42,corn-mato-grosso,corn,-13.5,-56,NASA POWER MERRA-2 PRECTOTCORR
2022-12-06,3.64,corn-mato-grosso,corn,-13.5,-56,NASA POWER MERRA-2 PRECTOTCORR
2022-12-07,1.75,corn-mato-grosso,corn,-13.5,-56,NASA POWER MERRA-2 PRECTOTCORR
2022-12-08,0.55,corn-mato-grosso,corn,-13.5,-56,NASA POWER MERRA-2 PRECTOTCORR
2022-12-09,13.92,corn-mato-grosso,corn,-13.5,-56,NASA POWER MERRA-2 PRECTOTCORR
2022-12-10,3.71,corn-mato-grosso,corn,-13.5,-56,NASA POWER MERRA-2 PRECTOTCORR
2022-12-11,5.11,corn-mato-grosso,corn,-13.5,-56,NASA POWER MERRA-2 PRECTOTCORR
2022-12-12,1.96,corn-mato-grosso,corn,-13.5,-56,NASA POWER MERRA-2 PRECTOTCORR
2022-12-13,3.98,corn-mato-grosso,corn,-13.5,-56,NASA POWER MERRA-2 PRECTOTCORR
2022-12-14,4.9,corn-mato-grosso,corn,-13.5,-56,NASA POWER MERRA-2 PRECTOTCORR
2022-12-15,32.37,corn-mato-grosso,corn,-13.5,-56,NASA POWER MERRA-2 PRECTOTCORR
2022-12-16,8.54,corn-mato-grosso,corn,-13.5,-56,NASA POWER MERRA-2 PRECTOTCORR
2022-12-17,8.96,corn-mato-grosso,corn,-13.5,-56,NASA POWER MERRA-2 PRECTOTCORR
2022-12-18,26.9,corn-mato-grosso,corn,-13.5,-56,NASA POWER MERRA-2 PRECTOTCORR
2022-12-19,29.35,corn-mato-grosso,corn,-13.5,-56,NASA POWER MERRA-2 PRECTOTCORR
2022-12-20,20.19,corn-mato-grosso,corn,-13.5,-56,NASA POWER MERRA-2 PRECTOTCORR
2022-12-21,10.93,corn-mato-grosso,corn,-13.5,-56,NASA POWER MERRA-2 PRECTOTCORR
2022-12-22,1.98,corn-mato-grosso,corn,-13.5,-56,NASA POWER MERRA-2 PRECTOTCORR
2022-12-23,3.87,corn-mato-grosso,corn,-13.5,-56,NASA POWER MERRA-2 PRECTOTCORR
2022-12-24,5.35,corn-mato-grosso,corn,-13.5,-56,NASA POWER MERRA-2 PRECTOTCORR
2022-12-25,3.41,corn-mato-grosso,corn,-13.5,-56,NASA POWER MERRA-2 PRECTOTCORR
2022-12-26,7.35,corn-mato-grosso,corn,-13.5,-56,NASA POWER MERRA-2 PRECTOTCORR
2022-12-27,14,corn-mato-grosso,corn,-13.5,-56,NASA POWER MERRA-2 PRECTOTCORR
2022-12-28,21.89,corn-mato-grosso,corn,-13.5,-56,NASA POWER MERRA-2 PRECTOTCORR
2022-12-29,17.65,corn-mato-grosso,corn,-13.5,-56,NASA POWER MERRA-2 PRECTOTCORR
2022-12-30,15.11,corn-mato-grosso,corn,-13.5,-56,NASA POWER MERRA-2 PRECTOTCORR
2022-12-31,7.41,corn-mato-grosso,corn,-13.5,-56,NASA POWER MERRA-2 PRECTOTCORR
2023-01-01,3.18,corn-mato-grosso,corn,-13.5,-56,NASA POWER MERRA-2 PRECTOTCORR
2023-01-02,10.77,corn-mato-grosso,corn,-13.5,-56,NASA POWER MERRA-2 PRECTOTCORR
2023-01-03,8.82,corn-mato-grosso,corn,-13.5,-56,NASA POWER MERRA-2 PRECTOTCORR
2023-01-04,8.01,corn-mato-grosso,corn,-13.5,-56,NASA POWER MERRA-2 PRECTOTCORR
2023-01-05,7.92,corn-mato-grosso,corn,-13.5,-56,NASA POWER MERRA-2 PRECTOTCORR
2023-01-06,7.29,corn-mato-grosso,corn,-13.5,-56,NASA POWER MERRA-2 PRECTOTCORR
2023-01-07,2.86,corn-mato-grosso,corn,-13.5,-56,NASA POWER MERRA-2 PRECTOTCORR
2023-01-08,3.64,corn-mato-grosso,corn,-13.5,-56,NASA POWER MERRA-2 PRECTOTCORR
2023-01-09,2.73,corn-mato-grosso,corn,-13.5,-56,NASA POWER MERRA-2 PRECTOTCORR
2023-01-10,3.89,corn-mato-grosso,corn,-13.5,-56,NASA POWER MERRA-2 PRECTOTCORR
2023-01-11,2.78,corn-mato-grosso,corn,-13.5,-56,NASA POWER MERRA-2 PRECTOTCORR
2023-01-12,7.71,corn-mato-grosso,corn,-13.5,-56,NASA POWER MERRA-2 PRECTOTCORR
2023-01-13,13.24,corn-mato-grosso,corn,-13.5,-56,NASA POWER MERRA-2 PRECTOTCORR
2023-01-14,6.57,corn-mato-grosso,corn,-13.5,-56,NASA POWER MERRA-2 PRECTOTCORR
2023-01-15,1.98,corn-mato-grosso,corn,-13.5,-56,NASA POWER MERRA-2 PRECTOTCORR
2023-01-16,10.73,corn-mato-grosso,corn,-13.5,-56,NASA POWER MERRA-2 PRECTOTCORR
2023-01-17,6.02,corn-mato-grosso,corn,-13.5,-56,NASA POWER MERRA-2 PRECTOTCORR
2023-01-18,0.68,corn-mato-grosso,corn,-13.5,-56,NASA POWER MERRA-2 PRECTOTCORR
2023-01-19,2.55,corn-mato-grosso,corn,-13.5,-56,NASA POWER MERRA-2 PRECTOTCORR
2023-01-20,1.88,corn-mato-grosso,corn,-13.5,-56,NASA POWER MERRA-2 PRECTOTCORR
2023-01-21,7.29,corn-mato-grosso,corn,-13.5,-56,NASA POWER MERRA-2 PRECTOTCORR
2023-01-22,34.25,corn-mato-grosso,corn,-13.5,-56,NASA POWER MERRA-2 PRECTOTCORR
2023-01-23,34.7,corn-mato-grosso,corn,-13.5,-56,NASA POWER MERRA-2 PRECTOTCORR
2023-01-24,13.66,corn-mato-grosso,corn,-13.5,-56,NASA POWER MERRA-2 PRECTOTCORR
2023-01-25,5.26,corn-mato-grosso,corn,-13.5,-56,NASA POWER MERRA-2 PRECTOTCORR
2023-01-26,7.42,corn-mato-grosso,corn,-13.5,-56,NASA POWER MERRA-2 PRECTOTCORR
2023-01-27,15.39,corn-mato-grosso,corn,-13.5,-56,NASA POWER MERRA-2 PRECTOTCORR
2023-01-28,10.79,corn-mato-grosso,corn,-13.5,-56,NASA POWER MERRA-2 PRECTOTCORR
2023-01-29,8.45,corn-mato-grosso,corn,-13.5,-56,NASA POWER MERRA-2 PRECTOTCORR
2023-01-30,8.82,corn-mato-grosso,corn,-13.5,-56,NASA POWER MERRA-2 PRECTOTCORR
2023-01-31,19.22,corn-mato-grosso,corn,-13.5,-56,NASA POWER MERRA-2 PRECTOTCORR
2023-02-01,0.51,corn-mato-grosso,corn,-13.5,-56,NASA POWER MERRA-2 PRECTOTCORR
2023-02-02,1.4,corn-mato-grosso,corn,-13.5,-56,NASA POWER MERRA-2 PRECTOTCORR
2023-02-03,33.53,corn-mato-grosso,corn,-13.5,-56,NASA POWER MERRA-2 PRECTOTCORR
2023-02-04,10.7,corn-mato-grosso,corn,-13.5,-56,NASA POWER MERRA-2 PRECTOTCORR
2023-02-05,24.16,corn-mato-grosso,corn,-13.5,-56,NASA POWER MERRA-2 PRECTOTCORR
2023-02-06,17.71,corn-mato-grosso,corn,-13.5,-56,NASA POWER MERRA-2 PRECTOTCORR
2023-02-07,9.1,corn-mato-grosso,corn,-13.5,-56,NASA POWER MERRA-2 PRECTOTCORR
2023-02-08,5.28,corn-mato-grosso,corn,-13.5,-56,NASA POWER MERRA-2 PRECTOTCORR
2023-02-09,1.46,corn-mato-grosso,corn,-13.5,-56,NASA POWER MERRA-2 PRECTOTCORR
2023-02-10,1.02,corn-mato-grosso,corn,-13.5,-56,NASA POWER MERRA-2 PRECTOTCORR
2023-02-11,5.04,corn-mato-grosso,corn,-13.5,-56,NASA POWER MERRA-2 PRECTOTCORR
2023-02-12,3.62,corn-mato-grosso,corn,-13.5,-56,NASA POWER MERRA-2 PRECTOTCORR
2023-02-13,2.6,corn-mato-grosso,corn,-13.5,-56,NASA POWER MERRA-2 PRECTOTCORR
2023-02-14,0.45,corn-mato-grosso,corn,-13.5,-56,NASA POWER MERRA-2 PRECTOTCORR
2023-02-15,2.92,corn-mato-grosso,corn,-13.5,-56,NASA POWER MERRA-2 PRECTOTCORR
2023-02-16,1.64,corn-mato-grosso,corn,-13.5,-56,NASA POWER MERRA-2 PRECTOTCORR
2023-02-17,47.58,corn-mato-grosso,corn,-13.5,-56,NASA POWER MERRA-2 PRECTOTCORR
2023-02-18,12.18,corn-mato-grosso,corn,-13.5,-56,NASA POWER MERRA-2 PRECTOTCORR
2023-02-19,19.15,corn-mato-grosso,corn,-13.5,-56,NASA POWER MERRA-2 PRECTOTCORR
2023-02-20,10.31,corn-mato-grosso,corn,-13.5,-56,NASA POWER MERRA-2 PRECTOTCORR
2023-02-21,4.02,corn-mato-grosso,corn,-13.5,-56,NASA POWER MERRA-2 PRECTOTCORR
2023-02-22,5.06,corn-mato-grosso,corn,-13.5,-56,NASA POWER MERRA-2 PRECTOTCORR
2023-02-23,0.95,corn-mato-grosso,corn,-13.5,-56,NASA POWER MERRA-2 PRECTOTCORR
2023-02-24,2.26,corn-mato-grosso,corn,-13.5,-56,NASA POWER MERRA-2 PRECTOTCORR
2023-02-25,2.39,corn-mato-grosso,corn,-13.5,-56,NASA POWER MERRA-2 PRECTOTCORR
2023-02-26,0.2,corn-mato-grosso,corn,-13.5,-56,NASA POWER MERRA-2 PRECTOTCORR
2023-02-27,4.77,corn-mato-grosso,corn,-13.5,-56,NASA POWER MERRA-2 PRECTOTCORR
2023-02-28,2.23,corn-mato-grosso,corn,-13.5,-56,NASA POWER MERRA-2 PRECTOTCORR
2023-03-01,3.12,corn-mato-grosso,corn,-13.5,-56,NASA POWER MERRA-2 PRECTOTCORR
2023-03-02,15.98,corn-mato-grosso,corn,-13.5,-56,NASA POWER MERRA-2 PRECTOTCORR
2023-03-03,6.25,corn-mato-grosso,corn,-13.5,-56,NASA POWER MERRA-2 PRECTOTCORR
2023-03-04,2.85,corn-mato-grosso,corn,-13.5,-56,NASA POWER MERRA-2 PRECTOTCORR
2023-03-05,13.13,corn-mato-grosso,corn,-13.5,-56,NASA POWER MERRA-2 PRECTOTCORR
2023-03-06,5.1,corn-mato-grosso,corn,-13.5,-56,NASA POWER MERRA-2 PRECTOTCORR
2023-03-07,21.2,corn-mato-grosso,corn,-13.5,-56,NASA POWER MERRA-2 PRECTOTCORR
2023-03-08,8.81,corn-mato-grosso,corn,-13.5,-56,NASA POWER MERRA-2 PRECTOTCORR
2023-03-09,0,corn-mato-grosso,corn,-13.5,-56,NASA POWER MERRA-2 PRECTOTCORR
2023-03-10,9.4,corn-mato-grosso,corn,-13.5,-56,NASA POWER MERRA-2 PRECTOTCORR
2023-03-11,4.4,corn-mato-grosso,corn,-13.5,-56,NASA POWER MERRA-2 PRECTOTCORR
2023-03-12,19.92,corn-mato-grosso,corn,-13.5,-56,NASA POWER MERRA-2 PRECTOTCORR
2023-03-13,1.33,corn-mato-grosso,corn,-13.5,-56,NASA POWER MERRA-2 PRECTOTCORR
2023-03-14,4.39,corn-mato-grosso,corn,-13.5,-56,NASA POWER MERRA-2 PRECTOTCORR
2023-03-15,3.4,corn-mato-grosso,corn,-13.5,-56,NASA POWER MERRA-2 PRECTOTCORR
2023-03-16,3.69,corn-mato-grosso,corn,-13.5,-56,NASA POWER MERRA-2 PRECTOTCORR
2023-03-17,25.13,corn-mato-grosso,corn,-13.5,-56,NASA POWER MERRA-2 PRECTOTCORR
2023-03-18,16.2,corn-mato-grosso,corn,-13.5,-56,NASA POWER MERRA-2 PRECTOTCORR
2023-03-19,3.37,corn-mato-grosso,corn,-13.5,-56,NASA POWER MERRA-2 PRECTOTCORR
2023-03-20,10.08,corn-mato-grosso,corn,-13.5,-56,NASA POWER MERRA-2 PRECTOTCORR
2023-03-21,9.26,corn-mato-grosso,corn,-13.5,-56,NASA POWER MERRA-2 PRECTOTCORR
2023-03-22,6.78,corn-mato-grosso,corn,-13.5,-56,NASA POWER MERRA-2 PRECTOTCORR
2023-03-23,18.25,corn-mato-grosso,corn,-13.5,-56,NASA POWER MERRA-2 PRECTOTCORR
2023-03-24,5.18,corn-mato-grosso,corn,-13.5,-56,NASA POWER MERRA-2 PRECTOTCORR
2023-03-25,5.96,corn-mato-grosso,corn,-13.5,-56,NASA POWER MERRA-2 PRECTOTCORR
2023-03-26,9.6,corn-mato-grosso,corn,-13.5,-56,NASA POWER MERRA-2 PRECTOTCORR
2023-03-27,8.96,corn-mato-grosso,corn,-13.5,-56,NASA POWER MERRA-2 PRECTOTCORR
2023-03-28,2.9,corn-mato-grosso,corn,-13.5,-56,NASA POWER MERRA-2 PRECTOTCORR
2023-03-29,11.62,corn-mato-grosso,corn,-13.5,-56,NASA POWER MERRA-2 PRECTOTCORR
2023-03-30,4.8,corn-mato-grosso,corn,-13.5,-56,NASA POWER MERRA-2 PRECTOTCORR
2023-03-31,1.5,corn-mato-grosso,corn,-13.5,-56,NASA POWER MERRA-2 PRECTOTCORR
2023-04-01,2.89,corn-mato-grosso,corn,-13.5,-56,NASA POWER MERRA-2 PRECTOTCORR
2023-04-02,4.58,corn-mato-grosso,corn,-13.5,-56,NASA POWER MERRA-2 PRECTOTCORR
2023-04-03,5.3,corn-mato-grosso,corn,-13.5,-56,NASA POWER MERRA-2 PRECTOTCORR
2023-04-04,0.35,corn-mato-grosso,corn,-13.5,-56,NASA POWER MERRA-2 PRECTOTCORR
2023-04-05,12.05,corn-mato-grosso,corn,-13.5,-56,NASA POWER MERRA-2 PRECTOTCORR
2023-04-06,2.89,corn-mato-grosso,corn,-13.5,-56,NASA POWER MERRA-2 PRECTOTCORR
2023-04-07,9.56,corn-mato-grosso,corn,-13.5,-56,NASA POWER MERRA-2 PRECTOTCORR
2023-04-08,9.45,corn-mato-grosso,corn,-13.5,-56,NASA POWER MERRA-2 PRECTOTCORR
2023-04-09,3.11,corn-mato-grosso,corn,-13.5,-56,NASA POWER MERRA-2 PRECTOTCORR
2023-04-10,4.38,corn-mato-grosso,corn,-13.5,-56,NASA POWER MERRA-2 PRECTOTCORR
2023-04-11,1.07,corn-mato-grosso,corn,-13.5,-56,NASA POWER MERRA-2 PRECTOTCORR
2023-04-12,0.19,corn-mato-grosso,corn,-13.5,-56,NASA POWER MERRA-2 PRECTOTCORR
2023-04-13,0.31,corn-mato-grosso,corn,-13.5,-56,NASA POWER MERRA-2 PRECTOTCORR
2023-04-14,1.12,corn-mato-grosso,corn,-13.5,-56,NASA POWER MERRA-2 PRECTOTCORR
2023-04-15,3,corn-mato-grosso,corn,-13.5,-56,NASA POWER MERRA-2 PRECTOTCORR
2023-04-16,1.08,corn-mato-grosso,corn,-13.5,-56,NASA POWER MERRA-2 PRECTOTCORR
2023-04-17,0,corn-mato-grosso,corn,-13.5,-56,NASA POWER MERRA-2 PRECTOTCORR
2023-04-18,0.05,corn-mato-grosso,corn,-13.5,-56,NASA POWER MERRA-2 PRECTOTCORR
2023-04-19,2,corn-mato-grosso,corn,-13.5,-56,NASA POWER MERRA-2 PRECTOTCORR
2023-04-20,5.21,corn-mato-grosso,corn,-13.5,-56,NASA POWER MERRA-2 PRECTOTCORR
2023-04-21,2.79,corn-mato-grosso,corn,-13.5,-56,NASA POWER MERRA-2 PRECTOTCORR
2023-04-22,4.15,corn-mato-grosso,corn,-13.5,-56,NASA POWER MERRA-2 PRECTOTCORR
2023-04-23,5.62,corn-mato-grosso,corn,-13.5,-56,NASA POWER MERRA-2 PRECTOTCORR
2023-04-24,0.96,corn-mato-grosso,corn,-13.5,-56,NASA POWER MERRA-2 PRECTOTCORR
2023-04-25,0.6,corn-mato-grosso,corn,-13.5,-56,NASA POWER MERRA-2 PRECTOTCORR
2023-04-26,0.3,corn-mato-grosso,corn,-13.5,-56,NASA POWER MERRA-2 PRECTOTCORR
2023-04-27,0.38,corn-mato-grosso,corn,-13.5,-56,NASA POWER MERRA-2 PRECTOTCORR
2023-04-28,0.25,corn-mato-grosso,corn,-13.5,-56,NASA POWER MERRA-2 PRECTOTCORR
2023-04-29,0.04,corn-mato-grosso,corn,-13.5,-56,NASA POWER MERRA-2 PRECTOTCORR
2023-04-30,0.91,corn-mato-grosso,corn,-13.5,-56,NASA POWER MERRA-2 PRECTOTCORR
2023-05-01,5,corn-mato-grosso,corn,-13.5,-56,NASA POWER MERRA-2 PRECTOTCORR
2023-05-02,0.42,corn-mato-grosso,corn,-13.5,-56,NASA POWER MERRA-2 PRECTOTCORR
2023-05-03,0.01,corn-mato-grosso,corn,-13.5,-56,NASA POWER MERRA-2 PRECTOTCORR
2023-05-04,0.01,corn-mato-grosso,corn,-13.5,-56,NASA POWER MERRA-2 PRECTOTCORR
2023-05-05,0,corn-mato-grosso,corn,-13.5,-56,NASA POWER MERRA-2 PRECTOTCORR
2023-05-06,2.07,corn-mato-grosso,corn,-13.5,-56,NASA POWER MERRA-2 PRECTOTCORR
2023-05-07,0.12,corn-mato-grosso,corn,-13.5,-56,NASA POWER MERRA-2 PRECTOTCORR
2023-05-08,0.03,corn-mato-grosso,corn,-13.5,-56,NASA POWER MERRA-2 PRECTOTCORR
2023-05-09,0.01,corn-mato-grosso,corn,-13.5,-56,NASA POWER MERRA-2 PRECTOTCORR
2023-05-10,0,corn-mato-grosso,corn,-13.5,-56,NASA POWER MERRA-2 PRECTOTCORR
2023-05-11,0,corn-mato-grosso,corn,-13.5,-56,NASA POWER MERRA-2 PRECTOTCORR
2023-05-12,0.07,corn-mato-grosso,corn,-13.5,-56,NASA POWER MERRA-2 PRECTOTCORR
2023-05-13,0.07,corn-mato-grosso,corn,-13.5,-56,NASA POWER MERRA-2 PRECTOTCORR
2023-05-14,0.01,corn-mato-grosso,corn,-13.5,-56,NASA POWER MERRA-2 PRECTOTCORR
2023-05-15,0.08,corn-mato-grosso,corn,-13.5,-56,NASA POWER MERRA-2 PRECTOTCORR
2023-05-16,0.01,corn-mato-grosso,corn,-13.5,-56,NASA POWER MERRA-2 PRECTOTCORR
2023-05-17,0.01,corn-mato-grosso,corn,-13.5,-56,NASA POWER MERRA-2 PRECTOTCORR
2023-05-18,0.02,corn-mato-grosso,corn,-13.5,-56,NASA POWER MERRA-2 PRECTOTCORR
2023-05-19,0.01,corn-mato-grosso,corn,-13.5,-56,NASA POWER MERRA-2 PRECTOTCORR
2023-05-20,0,corn-mato-grosso,corn,-13.5,-56,NASA POWER MERRA-2 PRECTOTCORR
2023-05-21,0,corn-mato-grosso,corn,-13.5,-56,NASA POWER MERRA-2 PRECTOTCORR
2023-05-22,0,corn-mato-grosso,corn,-13.5,-56,NASA POWER MERRA-2 PRECTOTCORR
2023-05-23,0.01,corn-mato-grosso,corn,-13.5,-56,NASA POWER MERRA-2 PRECTOTCORR
2023-05-24,0.01,corn-mato-grosso,corn,-13.5,-56,NASA POWER MERRA-2 PRECTOTCORR
2023-05-25,0,corn-mato-grosso,corn,-13.5,-56,NASA POWER MERRA-2 PRECTOTCORR
2023-05-26,0,corn-mato-grosso,corn,-13.5,-56,NASA POWER MERRA-2 PRECTOTCORR
2023-05-27,0,corn-mato-grosso,corn,-13.5,-56,NASA POWER MERRA-2 PRECTOTCORR
2023-05-28,0.04,corn-mato-grosso,corn,-13.5,-56,NASA POWER MERRA-2 PRECTOTCORR
2023-05-29,0.06,corn-mato-grosso,corn,-13.5,-56,NASA POWER MERRA-2 PRECTOTCORR
2023-05-30,0.3,corn-mato-grosso,corn,-13.5,-56,NASA POWER MERRA-2 PRECTOTCORR
2023-05-31,1.53,corn-mato-grosso,corn,-13.5,-56,NASA POWER MERRA-2 PRECTOTCORR
2023-06-01,0.85,corn-mato-grosso,corn,-13.5,-56,NASA POWER MERRA-2 PRECTOTCORR
2023-06-02,0.03,corn-mato-grosso,corn,-13.5,-56,NASA POWER MERRA-2 PRECTOTCORR
2023-06-03,0,corn-mato-grosso,corn,-13.5,-56,NASA POWER MERRA-2 PRECTOTCORR
2023-06-04,0.04,corn-mato-grosso,corn,-13.5,-56,NASA POWER MERRA-2 PRECTOTCORR
2023-06-05,0,corn-mato-grosso,corn,-13.5,-56,NASA POWER MERRA-2 PRECTOTCORR
2023-06-06,0.01,corn-mato-grosso,corn,-13.5,-56,NASA POWER MERRA-2 PRECTOTCORR
2023-06-07,2.17,corn-mato-grosso,corn,-13.5,-56,NASA POWER MERRA-2 PRECTOTCORR
2023-06-08,0.07,corn-mato-grosso,corn,-13.5,-56,NASA POWER MERRA-2 PRECTOTCORR
2023-06-09,0,corn-mato-grosso,corn,-13.5,-56,NASA POWER MERRA-2 PRECTOTCORR
2023-06-10,0,corn-mato-grosso,corn,-13.5,-56,NASA POWER MERRA-2 PRECTOTCORR
2023-06-11,0.54,corn-mato-grosso,corn,-13.5,-56,NASA POWER MERRA-2 PRECTOTCORR
2023-06-12,0.57,corn-mato-grosso,corn,-13.5,-56,NASA POWER MERRA-2 PRECTOTCORR
2023-06-13,0.21,corn-mato-grosso,corn,-13.5,-56,NASA POWER MERRA-2 PRECTOTCORR
2023-06-14,0.04,corn-mato-grosso,corn,-13.5,-56,NASA POWER MERRA-2 PRECTOTCORR
2023-06-15,0.07,corn-mato-grosso,corn,-13.5,-56,NASA POWER MERRA-2 PRECTOTCORR
2023-06-16,0.11,corn-mato-grosso,corn,-13.5,-56,NASA POWER MERRA-2 PRECTOTCORR
2023-06-17,0,corn-mato-grosso,corn,-13.5,-56,NASA POWER MERRA-2 PRECTOTCORR
2023-06-18,0,corn-mato-grosso,corn,-13.5,-56,NASA POWER MERRA-2 PRECTOTCORR
2023-06-19,0.02,corn-mato-grosso,corn,-13.5,-56,NASA POWER MERRA-2 PRECTOTCORR
2023-06-20,0,corn-mato-grosso,corn,-13.5,-56,NASA POWER MERRA-2 PRECTOTCORR
2023-06-21,0.02,corn-mato-grosso,corn,-13.5,-56,NASA POWER MERRA-2 PRECTOTCORR
2023-06-22,0,corn-mato-grosso,corn,-13.5,-56,NASA POWER MERRA-2 PRECTOTCORR
2023-06-23,0.01,corn-mato-grosso,corn,-13.5,-56,NASA POWER MERRA-2 PRECTOTCORR
2023-06-24,0.01,corn-mato-grosso,corn,-13.5,-56,NASA POWER MERRA-2 PRECTOTCORR
2023-06-25,0,corn-mato-grosso,corn,-13.5,-56,NASA POWER MERRA-2 PRECTOTCORR
2023-06-26,0,corn-mato-grosso,corn,-13.5,-56,NASA POWER MERRA-2 PRECTOTCORR
2023-06-27,0,corn-mato-grosso,corn,-13.5,-56,NASA POWER MERRA-2 PRECTOTCORR
2023-06-28,0.01,corn-mato-grosso,corn,-13.5,-56,NASA POWER MERRA-2 PRECTOTCORR
2023-06-29,0,corn-mato-grosso,corn,-13.5,-56,NASA POWER MERRA-2 PRECTOTCORR
2023-06-30,0,corn-mato-grosso,corn,-13.5,-56,NASA POWER MERRA-2 PRECTOTCORR
2023-07-01,0.01,corn-mato-grosso,corn,-13.5,-56,NASA POWER MERRA-2 PRECTOTCORR
2023-07-02,0.01,corn-mato-grosso,corn,-13.5,-56,NASA POWER MERRA-2 PRECTOTCORR
2023-07-03,0.02,corn-mato-grosso,corn,-13.5,-56,NASA POWER MERRA-2 PRECTOTCORR
2023-07-04,0.01,corn-mato-grosso,corn,-13.5,-56,NASA POWER MERRA-2 PRECTOTCORR
2023-07-05,0,corn-mato-grosso,corn,-13.5,-56,NASA POWER MERRA-2 PRECTOTCORR
2023-07-06,0,corn-mato-grosso,corn,-13.5,-56,NASA POWER MERRA-2 PRECTOTCORR
2023-07-07,0,corn-mato-grosso,corn,-13.5,-56,NASA POWER MERRA-2 PRECTOTCORR
2023-07-08,0,corn-mato-grosso,corn,-13.5,-56,NASA POWER MERRA-2 PRECTOTCORR
2023-07-09,0,corn-mato-grosso,corn,-13.5,-56,NASA POWER MERRA-2 PRECTOTCORR
2023-07-10,0,corn-mato-grosso,corn,-13.5,-56,NASA POWER MERRA-2 PRECTOTCORR
2023-07-11,0,corn-mato-grosso,corn,-13.5,-56,NASA POWER MERRA-2 PRECTOTCORR
2023-07-12,0,corn-mato-grosso,corn,-13.5,-56,NASA POWER MERRA-2 PRECTOTCORR
2023-07-13,0,corn-mato-grosso,corn,-13.5,-56,NASA POWER MERRA-2 PRECTOTCORR
2023-07-14,0,corn-mato-grosso,corn,-13.5,-56,NASA POWER MERRA-2 PRECTOTCORR
2023-07-15,0,corn-mato-grosso,corn,-13.5,-56,NASA POWER MERRA-2 PRECTOTCORR
2023-07-16,0,corn-mato-grosso,corn,-13.5,-56,NASA POWER MERRA-2 PRECTOTCORR
2023-07-17,0,corn-mato-grosso,corn,-13.5,-56,NASA POWER MERRA-2 PRECTOTCORR
2023-07-18,0,corn-mato-grosso,corn,-13.5,-56,NASA POWER MERRA-2 PRECTOTCORR
2023-07-19,0,corn-mato-grosso,corn,-13.5,-56,NASA POWER MERRA-2 PRECTOTCORR
2023-07-20,0,corn-mato-grosso,corn,-13.5,-56,NASA POWER MERRA-2 PRECTOTCORR
2023-07-21,0,corn-mato-grosso,corn,-13.5,-56,NASA POWER MERRA-2 PRECTOTCORR
2023-07-22,0,corn-mato-grosso,corn,-13.5,-56,NASA POWER MERRA-2 PRECTOTCORR
2023-07-23,0,corn-mato-grosso,corn,-13.5,-56,NASA POWER MERRA-2 PRECTOTCORR
2023-07-24,0,corn-mato-grosso,corn,-13.5,-56,NASA POWER MERRA-2 PRECTOTCORR
2023-07-25,0,corn-mato-grosso,corn,-13.5,-56,NASA POWER MERRA-2 PRECTOTCORR
2023-07-26,0,corn-mato-grosso,corn,-13.5,-56,NASA POWER MERRA-2 PRECTOTCORR
2023-07-27,0,corn-mato-grosso,corn,-13.5,-56,NASA POWER MERRA-2 PRECTOTCORR
2023-07-28,0,corn-mato-grosso,corn,-13.5,-56,NASA POWER MERRA-2 PRECTOTCORR
2023-07-29,0,corn-mato-grosso,corn,-13.5,-56,NASA POWER MERRA-2 PRECTOTCORR
2023-07-30,0,corn-mato-grosso,corn,-13.5,-56,NASA POWER MERRA-2 PRECTOTCORR
2023-07-31,0,corn-mato-grosso,corn,-13.5,-56,NASA POWER MERRA-2 PRECTOTCORR
2023-08-01,0,corn-mato-grosso,corn,-13.5,-56,NASA POWER MERRA-2 PRECTOTCORR
2023-08-02,0,corn-mato-grosso,corn,-13.5,-56,NASA POWER MERRA-2 PRECTOTCORR
2023-08-03,0,corn-mato-grosso,corn,-13.5,-56,NASA POWER MERRA-2 PRECTOTCORR
2023-08-04,0,corn-mato-grosso,corn,-13.5,-56,NASA POWER MERRA-2 PRECTOTCORR
2023-08-05,0,corn-mato-grosso,corn,-13.5,-56,NASA POWER MERRA-2 PRECTOTCORR
2023-08-06,0,corn-mato-grosso,corn,-13.5,-56,NASA POWER MERRA-2 PRECTOTCORR
2023-08-07,0,corn-mato-grosso,corn,-13.5,-56,NASA POWER MERRA-2 PRECTOTCORR
2023-08-08,0,corn-mato-grosso,corn,-13.5,-56,NASA POWER MERRA-2 PRECTOTCORR
2023-08-09,0,corn-mato-grosso,corn,-13.5,-56,NASA POWER MERRA-2 PRECTOTCORR
2023-08-10,0,corn-mato-grosso,corn,-13.5,-56,NASA POWER MERRA-2 PRECTOTCORR
2023-08-11,0.64,corn-mato-grosso,corn,-13.5,-56,NASA POWER MERRA-2 PRECTOTCORR
2023-08-12,0.08,corn-mato-grosso,corn,-13.5,-56,NASA POWER MERRA-2 PRECTOTCORR
2023-08-13,0.14,corn-mato-grosso,corn,-13.5,-56,NASA POWER MERRA-2 PRECTOTCORR
2023-08-14,0.02,corn-mato-grosso,corn,-13.5,-56,NASA POWER MERRA-2 PRECTOTCORR
2023-08-15,0,corn-mato-grosso,corn,-13.5,-56,NASA POWER MERRA-2 PRECTOTCORR
2023-08-16,0,corn-mato-grosso,corn,-13.5,-56,NASA POWER MERRA-2 PRECTOTCORR
2023-08-17,0,corn-mato-grosso,corn,-13.5,-56,NASA POWER MERRA-2 PRECTOTCORR
2023-08-18,0.01,corn-mato-grosso,corn,-13.5,-56,NASA POWER MERRA-2 PRECTOTCORR
2023-08-19,0.01,corn-mato-grosso,corn,-13.5,-56,NASA POWER MERRA-2 PRECTOTCORR
2023-08-20,0,corn-mato-grosso,corn,-13.5,-56,NASA POWER MERRA-2 PRECTOTCORR
2023-08-21,0,corn-mato-grosso,corn,-13.5,-56,NASA POWER MERRA-2 PRECTOTCORR
2023-08-22,0,corn-mato-grosso,corn,-13.5,-56,NASA POWER MERRA-2 PRECTOTCORR
2023-08-23,0,corn-mato-grosso,corn,-13.5,-56,NASA POWER MERRA-2 PRECTOTCORR
2023-08-24,0,corn-mato-grosso,corn,-13.5,-56,NASA POWER MERRA-2 PRECTOTCORR
2023-08-25,0.04,corn-mato-grosso,corn,-13.5,-56,NASA POWER MERRA-2 PRECTOTCORR
2023-08-26,3.67,corn-mato-grosso,corn,-13.5,-56,NASA POWER MERRA-2 PRECTOTCORR
2023-08-27,0.01,corn-mato-grosso,corn,-13.5,-56,NASA POWER MERRA-2 PRECTOTCORR
2023-08-28,0,corn-mato-grosso,corn,-13.5,-56,NASA POWER MERRA-2 PRECTOTCORR
2023-08-29,0.06,corn-mato-grosso,corn,-13.5,-56,NASA POWER MERRA-2 PRECTOTCORR
2023-08-30,1.71,corn-mato-grosso,corn,-13.5,-56,NASA POWER MERRA-2 PRECTOTCORR
2023-08-31,1.87,corn-mato-grosso,corn,-13.5,-56,NASA POWER MERRA-2 PRECTOTCORR
2023-09-01,0.27,corn-mato-grosso,corn,-13.5,-56,NASA POWER MERRA-2 PRECTOTCORR
2023-09-02,0.03,corn-mato-grosso,corn,-13.5,-56,NASA POWER MERRA-2 PRECTOTCORR
2023-09-03,0.95,corn-mato-grosso,corn,-13.5,-56,NASA POWER MERRA-2 PRECTOTCORR
2023-09-04,0,corn-mato-grosso,corn,-13.5,-56,NASA POWER MERRA-2 PRECTOTCORR
2023-09-05,0.44,corn-mato-grosso,corn,-13.5,-56,NASA POWER MERRA-2 PRECTOTCORR
2023-09-06,0.71,corn-mato-grosso,corn,-13.5,-56,NASA POWER MERRA-2 PRECTOTCORR
2023-09-07,1.96,corn-mato-grosso,corn,-13.5,-56,NASA POWER MERRA-2 PRECTOTCORR
2023-09-08,0.19,corn-mato-grosso,corn,-13.5,-56,NASA POWER MERRA-2 PRECTOTCORR
2023-09-09,0.11,corn-mato-grosso,corn,-13.5,-56,NASA POWER MERRA-2 PRECTOTCORR
2023-09-10,0,corn-mato-grosso,corn,-13.5,-56,NASA POWER MERRA-2 PRECTOTCORR
2023-09-11,0,corn-mato-grosso,corn,-13.5,-56,NASA POWER MERRA-2 PRECTOTCORR
2023-09-12,0,corn-mato-grosso,corn,-13.5,-56,NASA POWER MERRA-2 PRECTOTCORR
2023-09-13,4.4,corn-mato-grosso,corn,-13.5,-56,NASA POWER MERRA-2 PRECTOTCORR
2023-09-14,1.97,corn-mato-grosso,corn,-13.5,-56,NASA POWER MERRA-2 PRECTOTCORR
2023-09-15,0.03,corn-mato-grosso,corn,-13.5,-56,NASA POWER MERRA-2 PRECTOTCORR
2023-09-16,2.66,corn-mato-grosso,corn,-13.5,-56,NASA POWER MERRA-2 PRECTOTCORR
2023-09-17,1.59,corn-mato-grosso,corn,-13.5,-56,NASA POWER MERRA-2 PRECTOTCORR
2023-09-18,0.02,corn-mato-grosso,corn,-13.5,-56,NASA POWER MERRA-2 PRECTOTCORR
2023-09-19,0.26,corn-mato-grosso,corn,-13.5,-56,NASA POWER MERRA-2 PRECTOTCORR
2023-09-20,0,corn-mato-grosso,corn,-13.5,-56,NASA POWER MERRA-2 PRECTOTCORR
2023-09-21,0.07,corn-mato-grosso,corn,-13.5,-56,NASA POWER MERRA-2 PRECTOTCORR
2023-09-22,0,corn-mato-grosso,corn,-13.5,-56,NASA POWER MERRA-2 PRECTOTCORR
2023-09-23,0,corn-mato-grosso,corn,-13.5,-56,NASA POWER MERRA-2 PRECTOTCORR
2023-09-24,0.08,corn-mato-grosso,corn,-13.5,-56,NASA POWER MERRA-2 PRECTOTCORR
2023-09-25,0.14,corn-mato-grosso,corn,-13.5,-56,NASA POWER MERRA-2 PRECTOTCORR
2023-09-26,0,corn-mato-grosso,corn,-13.5,-56,NASA POWER MERRA-2 PRECTOTCORR
2023-09-27,6.25,corn-mato-grosso,corn,-13.5,-56,NASA POWER MERRA-2 PRECTOTCORR
2023-09-28,9.53,corn-mato-grosso,corn,-13.5,-56,NASA POWER MERRA-2 PRECTOTCORR
2023-09-29,4.64,corn-mato-grosso,corn,-13.5,-56,NASA POWER MERRA-2 PRECTOTCORR
2023-09-30,19.15,corn-mato-grosso,corn,-13.5,-56,NASA POWER MERRA-2 PRECTOTCORR
2023-10-01,3.49,corn-mato-grosso,corn,-13.5,-56,NASA POWER MERRA-2 PRECTOTCORR
2023-10-02,0.97,corn-mato-grosso,corn,-13.5,-56,NASA POWER MERRA-2 PRECTOTCORR
2023-10-03,2.32,corn-mato-grosso,corn,-13.5,-56,NASA POWER MERRA-2 PRECTOTCORR
2023-10-04,0,corn-mato-grosso,corn,-13.5,-56,NASA POWER MERRA-2 PRECTOTCORR
2023-10-05,0.79,corn-mato-grosso,corn,-13.5,-56,NASA POWER MERRA-2 PRECTOTCORR
2023-10-06,16.76,corn-mato-grosso,corn,-13.5,-56,NASA POWER MERRA-2 PRECTOTCORR
2023-10-07,0.43,corn-mato-grosso,corn,-13.5,-56,NASA POWER MERRA-2 PRECTOTCORR
2023-10-08,1.21,corn-mato-grosso,corn,-13.5,-56,NASA POWER MERRA-2 PRECTOTCORR
2023-10-09,1.04,corn-mato-grosso,corn,-13.5,-56,NASA POWER MERRA-2 PRECTOTCORR
2023-10-10,5.59,corn-mato-grosso,corn,-13.5,-56,NASA POWER MERRA-2 PRECTOTCORR
2023-10-11,0.03,corn-mato-grosso,corn,-13.5,-56,NASA POWER MERRA-2 PRECTOTCORR
2023-10-12,0.1,corn-mato-grosso,corn,-13.5,-56,NASA POWER MERRA-2 PRECTOTCORR
2023-10-13,1.28,corn-mato-grosso,corn,-13.5,-56,NASA POWER MERRA-2 PRECTOTCORR
2023-10-14,3.44,corn-mato-grosso,corn,-13.5,-56,NASA POWER MERRA-2 PRECTOTCORR
2023-10-15,4.75,corn-mato-grosso,corn,-13.5,-56,NASA POWER MERRA-2 PRECTOTCORR
2023-10-16,0.26,corn-mato-grosso,corn,-13.5,-56,NASA POWER MERRA-2 PRECTOTCORR
2023-10-17,0,corn-mato-grosso,corn,-13.5,-56,NASA POWER MERRA-2 PRECTOTCORR
2023-10-18,0,corn-mato-grosso,corn,-13.5,-56,NASA POWER MERRA-2 PRECTOTCORR
2023-10-19,0,corn-mato-grosso,corn,-13.5,-56,NASA POWER MERRA-2 PRECTOTCORR
2023-10-20,0,corn-mato-grosso,corn,-13.5,-56,NASA POWER MERRA-2 PRECTOTCORR
2023-10-21,0.34,corn-mato-grosso,corn,-13.5,-56,NASA POWER MERRA-2 PRECTOTCORR
2023-10-22,0.05,corn-mato-grosso,corn,-13.5,-56,NASA POWER MERRA-2 PRECTOTCORR
2023-10-23,0.02,corn-mato-grosso,corn,-13.5,-56,NASA POWER MERRA-2 PRECTOTCORR
2023-10-24,3.23,corn-mato-grosso,corn,-13.5,-56,NASA POWER MERRA-2 PRECTOTCORR
2023-10-25,2.29,corn-mato-grosso,corn,-13.5,-56,NASA POWER MERRA-2 PRECTOTCORR
2023-10-26,2.09,corn-mato-grosso,corn,-13.5,-56,NASA POWER MERRA-2 PRECTOTCORR
2023-10-27,1.65,corn-mato-grosso,corn,-13.5,-56,NASA POWER MERRA-2 PRECTOTCORR
2023-10-28,0.16,corn-mato-grosso,corn,-13.5,-56,NASA POWER MERRA-2 PRECTOTCORR
2023-10-29,0.08,corn-mato-grosso,corn,-13.5,-56,NASA POWER MERRA-2 PRECTOTCORR
2023-10-30,1.47,corn-mato-grosso,corn,-13.5,-56,NASA POWER MERRA-2 PRECTOTCORR
2023-10-31,0.07,corn-mato-grosso,corn,-13.5,-56,NASA POWER MERRA-2 PRECTOTCORR
2023-11-01,11.5,corn-mato-grosso,corn,-13.5,-56,NASA POWER MERRA-2 PRECTOTCORR
2023-11-02,0.23,corn-mato-grosso,corn,-13.5,-56,NASA POWER MERRA-2 PRECTOTCORR
2023-11-03,37.86,corn-mato-grosso,corn,-13.5,-56,NASA POWER MERRA-2 PRECTOTCORR
2023-11-04,24.02,corn-mato-grosso,corn,-13.5,-56,NASA POWER MERRA-2 PRECTOTCORR
2023-11-05,0.01,corn-mato-grosso,corn,-13.5,-56,NASA POWER MERRA-2 PRECTOTCORR
2023-11-06,1.44,corn-mato-grosso,corn,-13.5,-56,NASA POWER MERRA-2 PRECTOTCORR
2023-11-07,0.04,corn-mato-grosso,corn,-13.5,-56,NASA POWER MERRA-2 PRECTOTCORR
2023-11-08,6.93,corn-mato-grosso,corn,-13.5,-56,NASA POWER MERRA-2 PRECTOTCORR
2023-11-09,0.59,corn-mato-grosso,corn,-13.5,-56,NASA POWER MERRA-2 PRECTOTCORR
2023-11-10,0.04,corn-mato-grosso,corn,-13.5,-56,NASA POWER MERRA-2 PRECTOTCORR
2023-11-11,0,corn-mato-grosso,corn,-13.5,-56,NASA POWER MERRA-2 PRECTOTCORR
2023-11-12,0,corn-mato-grosso,corn,-13.5,-56,NASA POWER MERRA-2 PRECTOTCORR
2023-11-13,0.04,corn-mato-grosso,corn,-13.5,-56,NASA POWER MERRA-2 PRECTOTCORR
2023-11-14,0,corn-mato-grosso,corn,-13.5,-56,NASA POWER MERRA-2 PRECTOTCORR
2023-11-15,0,corn-mato-grosso,corn,-13.5,-56,NASA POWER MERRA-2 PRECTOTCORR
2023-11-16,10.59,corn-mato-grosso,corn,-13.5,-56,NASA POWER MERRA-2 PRECTOTCORR
2023-11-17,3.26,corn-mato-grosso,corn,-13.5,-56,NASA POWER MERRA-2 PRECTOTCORR
2023-11-18,0.28,corn-mato-grosso,corn,-13.5,-56,NASA POWER MERRA-2 PRECTOTCORR
2023-11-19,5.68,corn-mato-grosso,corn,-13.5,-56,NASA POWER MERRA-2 PRECTOTCORR
2023-11-20,5.64,corn-mato-grosso,corn,-13.5,-56,NASA POWER MERRA-2 PRECTOTCORR
2023-11-21,0.04,corn-mato-grosso,corn,-13.5,-56,NASA POWER MERRA-2 PRECTOTCORR
2023-11-22,0.18,corn-mato-grosso,corn,-13.5,-56,NASA POWER MERRA-2 PRECTOTCORR
2023-11-23,2.28,corn-mato-grosso,corn,-13.5,-56,NASA POWER MERRA-2 PRECTOTCORR
2023-11-24,0.11,corn-mato-grosso,corn,-13.5,-56,NASA POWER MERRA-2 PRECTOTCORR
2023-11-25,4.1,corn-mato-grosso,corn,-13.5,-56,NASA POWER MERRA-2 PRECTOTCORR
2023-11-26,1.29,corn-mato-grosso,corn,-13.5,-56,NASA POWER MERRA-2 PRECTOTCORR
2023-11-27,0.03,corn-mato-grosso,corn,-13.5,-56,NASA POWER MERRA-2 PRECTOTCORR
2023-11-28,0.62,corn-mato-grosso,corn,-13.5,-56,NASA POWER MERRA-2 PRECTOTCORR
2023-11-29,0.02,corn-mato-grosso,corn,-13.5,-56,NASA POWER MERRA-2 PRECTOTCORR
2023-11-30,0.04,corn-mato-grosso,corn,-13.5,-56,NASA POWER MERRA-2 PRECTOTCORR
2023-12-01,3.47,corn-mato-grosso,corn,-13.5,-56,NASA POWER MERRA-2 PRECTOTCORR
2023-12-02,2.16,corn-mato-grosso,corn,-13.5,-56,NASA POWER MERRA-2 PRECTOTCORR
2023-12-03,3.45,corn-mato-grosso,corn,-13.5,-56,NASA POWER MERRA-2 PRECTOTCORR
2023-12-04,6.79,corn-mato-grosso,corn,-13.5,-56,NASA POWER MERRA-2 PRECTOTCORR
2023-12-05,0.09,corn-mato-grosso,corn,-13.5,-56,NASA POWER MERRA-2 PRECTOTCORR
2023-12-06,0.01,corn-mato-grosso,corn,-13.5,-56,NASA POWER MERRA-2 PRECTOTCORR
2023-12-07,3.2,corn-mato-grosso,corn,-13.5,-56,NASA POWER MERRA-2 PRECTOTCORR
2023-12-08,3.34,corn-mato-grosso,corn,-13.5,-56,NASA POWER MERRA-2 PRECTOTCORR
2023-12-09,2.61,corn-mato-grosso,corn,-13.5,-56,NASA POWER MERRA-2 PRECTOTCORR
2023-12-10,0.12,corn-mato-grosso,corn,-13.5,-56,NASA POWER MERRA-2 PRECTOTCORR
2023-12-11,0.42,corn-mato-grosso,corn,-13.5,-56,NASA POWER MERRA-2 PRECTOTCORR
2023-12-12,4.88,corn-mato-grosso,corn,-13.5,-56,NASA POWER MERRA-2 PRECTOTCORR
2023-12-13,0.02,corn-mato-grosso,corn,-13.5,-56,NASA POWER MERRA-2 PRECTOTCORR
2023-12-14,2.28,corn-mato-grosso,corn,-13.5,-56,NASA POWER MERRA-2 PRECTOTCORR
2023-12-15,0.11,corn-mato-grosso,corn,-13.5,-56,NASA POWER MERRA-2 PRECTOTCORR
2023-12-16,0.07,corn-mato-grosso,corn,-13.5,-56,NASA POWER MERRA-2 PRECTOTCORR
2023-12-17,2.15,corn-mato-grosso,corn,-13.5,-56,NASA POWER MERRA-2 PRECTOTCORR
2023-12-18,1.82,corn-mato-grosso,corn,-13.5,-56,NASA POWER MERRA-2 PRECTOTCORR
2023-12-19,13.21,corn-mato-grosso,corn,-13.5,-56,NASA POWER MERRA-2 PRECTOTCORR
2023-12-20,1.92,corn-mato-grosso,corn,-13.5,-56,NASA POWER MERRA-2 PRECTOTCORR
2023-12-21,14.91,corn-mato-grosso,corn,-13.5,-56,NASA POWER MERRA-2 PRECTOTCORR
2023-12-22,3.88,corn-mato-grosso,corn,-13.5,-56,NASA POWER MERRA-2 PRECTOTCORR
2023-12-23,0.64,corn-mato-grosso,corn,-13.5,-56,NASA POWER MERRA-2 PRECTOTCORR
2023-12-24,2.69,corn-mato-grosso,corn,-13.5,-56,NASA POWER MERRA-2 PRECTOTCORR
2023-12-25,4.2,corn-mato-grosso,corn,-13.5,-56,NASA POWER MERRA-2 PRECTOTCORR
2023-12-26,7.72,corn-mato-grosso,corn,-13.5,-56,NASA POWER MERRA-2 PRECTOTCORR
2023-12-27,0,corn-mato-grosso,corn,-13.5,-56,NASA POWER MERRA-2 PRECTOTCORR
2023-12-28,0.21,corn-mato-grosso,corn,-13.5,-56,NASA POWER MERRA-2 PRECTOTCORR
2023-12-29,2.63,corn-mato-grosso,corn,-13.5,-56,NASA POWER MERRA-2 PRECTOTCORR
2023-12-30,2.65,corn-mato-grosso,corn,-13.5,-56,NASA POWER MERRA-2 PRECTOTCORR
2023-12-31,0.53,corn-mato-grosso,corn,-13.5,-56,NASA POWER MERRA-2 PRECTOTCORR
2024-01-01,7.74,corn-mato-grosso,corn,-13.5,-56,NASA POWER MERRA-2 PRECTOTCORR
2024-01-02,9.58,corn-mato-grosso,corn,-13.5,-56,NASA POWER MERRA-2 PRECTOTCORR
2024-01-03,9.59,corn-mato-grosso,corn,-13.5,-56,NASA POWER MERRA-2 PRECTOTCORR
2024-01-04,12.52,corn-mato-grosso,corn,-13.5,-56,NASA POWER MERRA-2 PRECTOTCORR
2024-01-05,22.83,corn-mato-grosso,corn,-13.5,-56,NASA POWER MERRA-2 PRECTOTCORR
2024-01-06,4.25,corn-mato-grosso,corn,-13.5,-56,NASA POWER MERRA-2 PRECTOTCORR
2024-01-07,17.91,corn-mato-grosso,corn,-13.5,-56,NASA POWER MERRA-2 PRECTOTCORR
2024-01-08,10.11,corn-mato-grosso,corn,-13.5,-56,NASA POWER MERRA-2 PRECTOTCORR
2024-01-09,2.96,corn-mato-grosso,corn,-13.5,-56,NASA POWER MERRA-2 PRECTOTCORR
2024-01-10,4.9,corn-mato-grosso,corn,-13.5,-56,NASA POWER MERRA-2 PRECTOTCORR
2024-01-11,21.62,corn-mato-grosso,corn,-13.5,-56,NASA POWER MERRA-2 PRECTOTCORR
2024-01-12,6.41,corn-mato-grosso,corn,-13.5,-56,NASA POWER MERRA-2 PRECTOTCORR
2024-01-13,2.23,corn-mato-grosso,corn,-13.5,-56,NASA POWER MERRA-2 PRECTOTCORR
2024-01-14,2.33,corn-mato-grosso,corn,-13.5,-56,NASA POWER MERRA-2 PRECTOTCORR
2024-01-15,1.74,corn-mato-grosso,corn,-13.5,-56,NASA POWER MERRA-2 PRECTOTCORR
2024-01-16,1.69,corn-mato-grosso,corn,-13.5,-56,NASA POWER MERRA-2 PRECTOTCORR
2024-01-17,2.82,corn-mato-grosso,corn,-13.5,-56,NASA POWER MERRA-2 PRECTOTCORR
2024-01-18,1.9,corn-mato-grosso,corn,-13.5,-56,NASA POWER MERRA-2 PRECTOTCORR
2024-01-19,17.6,corn-mato-grosso,corn,-13.5,-56,NASA POWER MERRA-2 PRECTOTCORR
2024-01-20,2.29,corn-mato-grosso,corn,-13.5,-56,NASA POWER MERRA-2 PRECTOTCORR
2024-01-21,0.81,corn-mato-grosso,corn,-13.5,-56,NASA POWER MERRA-2 PRECTOTCORR
2024-01-22,4.9,corn-mato-grosso,corn,-13.5,-56,NASA POWER MERRA-2 PRECTOTCORR
2024-01-23,3.43,corn-mato-grosso,corn,-13.5,-56,NASA POWER MERRA-2 PRECTOTCORR
2024-01-24,6.36,corn-mato-grosso,corn,-13.5,-56,NASA POWER MERRA-2 PRECTOTCORR
2024-01-25,6.23,corn-mato-grosso,corn,-13.5,-56,NASA POWER MERRA-2 PRECTOTCORR
2024-01-26,0.7,corn-mato-grosso,corn,-13.5,-56,NASA POWER MERRA-2 PRECTOTCORR
2024-01-27,0.01,corn-mato-grosso,corn,-13.5,-56,NASA POWER MERRA-2 PRECTOTCORR
2024-01-28,0.01,corn-mato-grosso,corn,-13.5,-56,NASA POWER MERRA-2 PRECTOTCORR
2024-01-29,4.05,corn-mato-grosso,corn,-13.5,-56,NASA POWER MERRA-2 PRECTOTCORR
2024-01-30,16.81,corn-mato-grosso,corn,-13.5,-56,NASA POWER MERRA-2 PRECTOTCORR
2024-01-31,8.1,corn-mato-grosso,corn,-13.5,-56,NASA POWER MERRA-2 PRECTOTCORR
2024-02-01,15.98,corn-mato-grosso,corn,-13.5,-56,NASA POWER MERRA-2 PRECTOTCORR
2024-02-02,3.94,corn-mato-grosso,corn,-13.5,-56,NASA POWER MERRA-2 PRECTOTCORR
2024-02-03,10,corn-mato-grosso,corn,-13.5,-56,NASA POWER MERRA-2 PRECTOTCORR
2024-02-04,27.51,corn-mato-grosso,corn,-13.5,-56,NASA POWER MERRA-2 PRECTOTCORR
2024-02-05,11.38,corn-mato-grosso,corn,-13.5,-56,NASA POWER MERRA-2 PRECTOTCORR
2024-02-06,7.17,corn-mato-grosso,corn,-13.5,-56,NASA POWER MERRA-2 PRECTOTCORR
2024-02-07,2.34,corn-mato-grosso,corn,-13.5,-56,NASA POWER MERRA-2 PRECTOTCORR
2024-02-08,16.2,corn-mato-grosso,corn,-13.5,-56,NASA POWER MERRA-2 PRECTOTCORR
2024-02-09,3.11,corn-mato-grosso,corn,-13.5,-56,NASA POWER MERRA-2 PRECTOTCORR
2024-02-10,6.06,corn-mato-grosso,corn,-13.5,-56,NASA POWER MERRA-2 PRECTOTCORR
2024-02-11,23.67,corn-mato-grosso,corn,-13.5,-56,NASA POWER MERRA-2 PRECTOTCORR
2024-02-12,1.18,corn-mato-grosso,corn,-13.5,-56,NASA POWER MERRA-2 PRECTOTCORR
2024-02-13,2.2,corn-mato-grosso,corn,-13.5,-56,NASA POWER MERRA-2 PRECTOTCORR
2024-02-14,0.9,corn-mato-grosso,corn,-13.5,-56,NASA POWER MERRA-2 PRECTOTCORR
2024-02-15,2,corn-mato-grosso,corn,-13.5,-56,NASA POWER MERRA-2 PRECTOTCORR
2024-02-16,1.69,corn-mato-grosso,corn,-13.5,-56,NASA POWER MERRA-2 PRECTOTCORR
2024-02-17,1.64,corn-mato-grosso,corn,-13.5,-56,NASA POWER MERRA-2 PRECTOTCORR
2024-02-18,14.43,corn-mato-grosso,corn,-13.5,-56,NASA POWER MERRA-2 PRECTOTCORR
2024-02-19,13.02,corn-mato-grosso,corn,-13.5,-56,NASA POWER MERRA-2 PRECTOTCORR
2024-02-20,18.05,corn-mato-grosso,corn,-13.5,-56,NASA POWER MERRA-2 PRECTOTCORR
2024-02-21,3.62,corn-mato-grosso,corn,-13.5,-56,NASA POWER MERRA-2 PRECTOTCORR
2024-02-22,1.76,corn-mato-grosso,corn,-13.5,-56,NASA POWER MERRA-2 PRECTOTCORR
2024-02-23,2.44,corn-mato-grosso,corn,-13.5,-56,NASA POWER MERRA-2 PRECTOTCORR
2024-02-24,5.88,corn-mato-grosso,corn,-13.5,-56,NASA POWER MERRA-2 PRECTOTCORR
2024-02-25,1.34,corn-mato-grosso,corn,-13.5,-56,NASA POWER MERRA-2 PRECTOTCORR
2024-02-26,2.87,corn-mato-grosso,corn,-13.5,-56,NASA POWER MERRA-2 PRECTOTCORR
2024-02-27,3.29,corn-mato-grosso,corn,-13.5,-56,NASA POWER MERRA-2 PRECTOTCORR
2024-02-28,1.64,corn-mato-grosso,corn,-13.5,-56,NASA POWER MERRA-2 PRECTOTCORR
2024-02-29,0.78,corn-mato-grosso,corn,-13.5,-56,NASA POWER MERRA-2 PRECTOTCORR
2024-03-01,5.3,corn-mato-grosso,corn,-13.5,-56,NASA POWER MERRA-2 PRECTOTCORR
2024-03-02,14.47,corn-mato-grosso,corn,-13.5,-56,NASA POWER MERRA-2 PRECTOTCORR
2024-03-03,6.96,corn-mato-grosso,corn,-13.5,-56,NASA POWER MERRA-2 PRECTOTCORR
2024-03-04,4.2,corn-mato-grosso,corn,-13.5,-56,NASA POWER MERRA-2 PRECTOTCORR
2024-03-05,5.07,corn-mato-grosso,corn,-13.5,-56,NASA POWER MERRA-2 PRECTOTCORR
2024-03-06,1.67,corn-mato-grosso,corn,-13.5,-56,NASA POWER MERRA-2 PRECTOTCORR
2024-03-07,5.11,corn-mato-grosso,corn,-13.5,-56,NASA POWER MERRA-2 PRECTOTCORR
2024-03-08,4.95,corn-mato-grosso,corn,-13.5,-56,NASA POWER MERRA-2 PRECTOTCORR
2024-03-09,1.52,corn-mato-grosso,corn,-13.5,-56,NASA POWER MERRA-2 PRECTOTCORR
2024-03-10,7.32,corn-mato-grosso,corn,-13.5,-56,NASA POWER MERRA-2 PRECTOTCORR
2024-03-11,2.47,corn-mato-grosso,corn,-13.5,-56,NASA POWER MERRA-2 PRECTOTCORR
2024-03-12,17.33,corn-mato-grosso,corn,-13.5,-56,NASA POWER MERRA-2 PRECTOTCORR
2024-03-13,1.69,corn-mato-grosso,corn,-13.5,-56,NASA POWER MERRA-2 PRECTOTCORR
2024-03-14,1.37,corn-mato-grosso,corn,-13.5,-56,NASA POWER MERRA-2 PRECTOTCORR
2024-03-15,2.59,corn-mato-grosso,corn,-13.5,-56,NASA POWER MERRA-2 PRECTOTCORR
2024-03-16,1.44,corn-mato-grosso,corn,-13.5,-56,NASA POWER MERRA-2 PRECTOTCORR
2024-03-17,3.08,corn-mato-grosso,corn,-13.5,-56,NASA POWER MERRA-2 PRECTOTCORR
2024-03-18,2.37,corn-mato-grosso,corn,-13.5,-56,NASA POWER MERRA-2 PRECTOTCORR
2024-03-19,1.81,corn-mato-grosso,corn,-13.5,-56,NASA POWER MERRA-2 PRECTOTCORR
2024-03-20,3.3,corn-mato-grosso,corn,-13.5,-56,NASA POWER MERRA-2 PRECTOTCORR
2024-03-21,3.46,corn-mato-grosso,corn,-13.5,-56,NASA POWER MERRA-2 PRECTOTCORR
2024-03-22,8.22,corn-mato-grosso,corn,-13.5,-56,NASA POWER MERRA-2 PRECTOTCORR
2024-03-23,24.17,corn-mato-grosso,corn,-13.5,-56,NASA POWER MERRA-2 PRECTOTCORR
2024-03-24,6.51,corn-mato-grosso,corn,-13.5,-56,NASA POWER MERRA-2 PRECTOTCORR
2024-03-25,7,corn-mato-grosso,corn,-13.5,-56,NASA POWER MERRA-2 PRECTOTCORR
2024-03-26,4.76,corn-mato-grosso,corn,-13.5,-56,NASA POWER MERRA-2 PRECTOTCORR
2024-03-27,11.42,corn-mato-grosso,corn,-13.5,-56,NASA POWER MERRA-2 PRECTOTCORR
2024-03-28,5.06,corn-mato-grosso,corn,-13.5,-56,NASA POWER MERRA-2 PRECTOTCORR
2024-03-29,0.17,corn-mato-grosso,corn,-13.5,-56,NASA POWER MERRA-2 PRECTOTCORR
2024-03-30,1.16,corn-mato-grosso,corn,-13.5,-56,NASA POWER MERRA-2 PRECTOTCORR
2024-03-31,0.17,corn-mato-grosso,corn,-13.5,-56,NASA POWER MERRA-2 PRECTOTCORR
2024-04-01,5.09,corn-mato-grosso,corn,-13.5,-56,NASA POWER MERRA-2 PRECTOTCORR
2024-04-02,12.09,corn-mato-grosso,corn,-13.5,-56,NASA POWER MERRA-2 PRECTOTCORR
2024-04-03,5.44,corn-mato-grosso,corn,-13.5,-56,NASA POWER MERRA-2 PRECTOTCORR
2024-04-04,7.8,corn-mato-grosso,corn,-13.5,-56,NASA POWER MERRA-2 PRECTOTCORR
2024-04-05,9.62,corn-mato-grosso,corn,-13.5,-56,NASA POWER MERRA-2 PRECTOTCORR
2024-04-06,0.82,corn-mato-grosso,corn,-13.5,-56,NASA POWER MERRA-2 PRECTOTCORR
2024-04-07,4.34,corn-mato-grosso,corn,-13.5,-56,NASA POWER MERRA-2 PRECTOTCORR
2024-04-08,1.63,corn-mato-grosso,corn,-13.5,-56,NASA POWER MERRA-2 PRECTOTCORR
2024-04-09,9.34,corn-mato-grosso,corn,-13.5,-56,NASA POWER MERRA-2 PRECTOTCORR
2024-04-10,16.09,corn-mato-grosso,corn,-13.5,-56,NASA POWER MERRA-2 PRECTOTCORR
2024-04-11,11.77,corn-mato-grosso,corn,-13.5,-56,NASA POWER MERRA-2 PRECTOTCORR
2024-04-12,1.27,corn-mato-grosso,corn,-13.5,-56,NASA POWER MERRA-2 PRECTOTCORR
2024-04-13,8.36,corn-mato-grosso,corn,-13.5,-56,NASA POWER MERRA-2 PRECTOTCORR
2024-04-14,6.47,corn-mato-grosso,corn,-13.5,-56,NASA POWER MERRA-2 PRECTOTCORR
2024-04-15,5.37,corn-mato-grosso,corn,-13.5,-56,NASA POWER MERRA-2 PRECTOTCORR
2024-04-16,17.48,corn-mato-grosso,corn,-13.5,-56,NASA POWER MERRA-2 PRECTOTCORR
2024-04-17,5.31,corn-mato-grosso,corn,-13.5,-56,NASA POWER MERRA-2 PRECTOTCORR
2024-04-18,2.94,corn-mato-grosso,corn,-13.5,-56,NASA POWER MERRA-2 PRECTOTCORR
2024-04-19,1.81,corn-mato-grosso,corn,-13.5,-56,NASA POWER MERRA-2 PRECTOTCORR
2024-04-20,2.04,corn-mato-grosso,corn,-13.5,-56,NASA POWER MERRA-2 PRECTOTCORR
2024-04-21,1.6,corn-mato-grosso,corn,-13.5,-56,NASA POWER MERRA-2 PRECTOTCORR
2024-04-22,0.5,corn-mato-grosso,corn,-13.5,-56,NASA POWER MERRA-2 PRECTOTCORR
2024-04-23,1.95,corn-mato-grosso,corn,-13.5,-56,NASA POWER MERRA-2 PRECTOTCORR
2024-04-24,2.1,corn-mato-grosso,corn,-13.5,-56,NASA POWER MERRA-2 PRECTOTCORR
2024-04-25,6.08,corn-mato-grosso,corn,-13.5,-56,NASA POWER MERRA-2 PRECTOTCORR
2024-04-26,2.69,corn-mato-grosso,corn,-13.5,-56,NASA POWER MERRA-2 PRECTOTCORR
2024-04-27,2.82,corn-mato-grosso,corn,-13.5,-56,NASA POWER MERRA-2 PRECTOTCORR
2024-04-28,2.17,corn-mato-grosso,corn,-13.5,-56,NASA POWER MERRA-2 PRECTOTCORR
2024-04-29,1.61,corn-mato-grosso,corn,-13.5,-56,NASA POWER MERRA-2 PRECTOTCORR
2024-04-30,0.34,corn-mato-grosso,corn,-13.5,-56,NASA POWER MERRA-2 PRECTOTCORR
2024-05-01,0.24,corn-mato-grosso,corn,-13.5,-56,NASA POWER MERRA-2 PRECTOTCORR
2024-05-02,0,corn-mato-grosso,corn,-13.5,-56,NASA POWER MERRA-2 PRECTOTCORR
2024-05-03,0.02,corn-mato-grosso,corn,-13.5,-56,NASA POWER MERRA-2 PRECTOTCORR
2024-05-04,0.29,corn-mato-grosso,corn,-13.5,-56,NASA POWER MERRA-2 PRECTOTCORR
2024-05-05,0.92,corn-mato-grosso,corn,-13.5,-56,NASA POWER MERRA-2 PRECTOTCORR
2024-05-06,1.14,corn-mato-grosso,corn,-13.5,-56,NASA POWER MERRA-2 PRECTOTCORR
2024-05-07,1.3,corn-mato-grosso,corn,-13.5,-56,NASA POWER MERRA-2 PRECTOTCORR
2024-05-08,2.06,corn-mato-grosso,corn,-13.5,-56,NASA POWER MERRA-2 PRECTOTCORR
2024-05-09,0.18,corn-mato-grosso,corn,-13.5,-56,NASA POWER MERRA-2 PRECTOTCORR
2024-05-10,1.33,corn-mato-grosso,corn,-13.5,-56,NASA POWER MERRA-2 PRECTOTCORR
2024-05-11,1.54,corn-mato-grosso,corn,-13.5,-56,NASA POWER MERRA-2 PRECTOTCORR
2024-05-12,0.64,corn-mato-grosso,corn,-13.5,-56,NASA POWER MERRA-2 PRECTOTCORR
2024-05-13,1.22,corn-mato-grosso,corn,-13.5,-56,NASA POWER MERRA-2 PRECTOTCORR
2024-05-14,0.91,corn-mato-grosso,corn,-13.5,-56,NASA POWER MERRA-2 PRECTOTCORR
2024-05-15,1.16,corn-mato-grosso,corn,-13.5,-56,NASA POWER MERRA-2 PRECTOTCORR
2024-05-16,1.33,corn-mato-grosso,corn,-13.5,-56,NASA POWER MERRA-2 PRECTOTCORR
2024-05-17,7.52,corn-mato-grosso,corn,-13.5,-56,NASA POWER MERRA-2 PRECTOTCORR
2024-05-18,1.41,corn-mato-grosso,corn,-13.5,-56,NASA POWER MERRA-2 PRECTOTCORR
2024-05-19,0,corn-mato-grosso,corn,-13.5,-56,NASA POWER MERRA-2 PRECTOTCORR
2024-05-20,0,corn-mato-grosso,corn,-13.5,-56,NASA POWER MERRA-2 PRECTOTCORR
2024-05-21,1.89,corn-mato-grosso,corn,-13.5,-56,NASA POWER MERRA-2 PRECTOTCORR
2024-05-22,0.49,corn-mato-grosso,corn,-13.5,-56,NASA POWER MERRA-2 PRECTOTCORR
2024-05-23,2.38,corn-mato-grosso,corn,-13.5,-56,NASA POWER MERRA-2 PRECTOTCORR
2024-05-24,0.99,corn-mato-grosso,corn,-13.5,-56,NASA POWER MERRA-2 PRECTOTCORR
2024-05-25,1.11,corn-mato-grosso,corn,-13.5,-56,NASA POWER MERRA-2 PRECTOTCORR
2024-05-26,1.15,corn-mato-grosso,corn,-13.5,-56,NASA POWER MERRA-2 PRECTOTCORR
2024-05-27,0,corn-mato-grosso,corn,-13.5,-56,NASA POWER MERRA-2 PRECTOTCORR
2024-05-28,1.27,corn-mato-grosso,corn,-13.5,-56,NASA POWER MERRA-2 PRECTOTCORR
2024-05-29,0,corn-mato-grosso,corn,-13.5,-56,NASA POWER MERRA-2 PRECTOTCORR
2024-05-30,0,corn-mato-grosso,corn,-13.5,-56,NASA POWER MERRA-2 PRECTOTCORR
2024-05-31,0,corn-mato-grosso,corn,-13.5,-56,NASA POWER MERRA-2 PRECTOTCORR
2024-06-01,0,corn-mato-grosso,corn,-13.5,-56,NASA POWER MERRA-2 PRECTOTCORR
2024-06-02,0,corn-mato-grosso,corn,-13.5,-56,NASA POWER MERRA-2 PRECTOTCORR
2024-06-03,0,corn-mato-grosso,corn,-13.5,-56,NASA POWER MERRA-2 PRECTOTCORR
2024-06-04,0.36,corn-mato-grosso,corn,-13.5,-56,NASA POWER MERRA-2 PRECTOTCORR
2024-06-05,2.33,corn-mato-grosso,corn,-13.5,-56,NASA POWER MERRA-2 PRECTOTCORR
2024-06-06,0,corn-mato-grosso,corn,-13.5,-56,NASA POWER MERRA-2 PRECTOTCORR
2024-06-07,1.16,corn-mato-grosso,corn,-13.5,-56,NASA POWER MERRA-2 PRECTOTCORR
2024-06-08,1.16,corn-mato-grosso,corn,-13.5,-56,NASA POWER MERRA-2 PRECTOTCORR
2024-06-09,1.73,corn-mato-grosso,corn,-13.5,-56,NASA POWER MERRA-2 PRECTOTCORR
2024-06-10,0.63,corn-mato-grosso,corn,-13.5,-56,NASA POWER MERRA-2 PRECTOTCORR
2024-06-11,1.11,corn-mato-grosso,corn,-13.5,-56,NASA POWER MERRA-2 PRECTOTCORR
2024-06-12,1.18,corn-mato-grosso,corn,-13.5,-56,NASA POWER MERRA-2 PRECTOTCORR
2024-06-13,1.39,corn-mato-grosso,corn,-13.5,-56,NASA POWER MERRA-2 PRECTOTCORR
2024-06-14,0,corn-mato-grosso,corn,-13.5,-56,NASA POWER MERRA-2 PRECTOTCORR
2024-06-15,0.93,corn-mato-grosso,corn,-13.5,-56,NASA POWER MERRA-2 PRECTOTCORR
2024-06-16,0.47,corn-mato-grosso,corn,-13.5,-56,NASA POWER MERRA-2 PRECTOTCORR
2024-06-17,1.42,corn-mato-grosso,corn,-13.5,-56,NASA POWER MERRA-2 PRECTOTCORR
2024-06-18,1.19,corn-mato-grosso,corn,-13.5,-56,NASA POWER MERRA-2 PRECTOTCORR
2024-06-19,1.2,corn-mato-grosso,corn,-13.5,-56,NASA POWER MERRA-2 PRECTOTCORR
2024-06-20,1.21,corn-mato-grosso,corn,-13.5,-56,NASA POWER MERRA-2 PRECTOTCORR
2024-06-21,1.3,corn-mato-grosso,corn,-13.5,-56,NASA POWER MERRA-2 PRECTOTCORR
2024-06-22,2.25,corn-mato-grosso,corn,-13.5,-56,NASA POWER MERRA-2 PRECTOTCORR
2024-06-23,0,corn-mato-grosso,corn,-13.5,-56,NASA POWER MERRA-2 PRECTOTCORR
2024-06-24,0,corn-mato-grosso,corn,-13.5,-56,NASA POWER MERRA-2 PRECTOTCORR
2024-06-25,0,corn-mato-grosso,corn,-13.5,-56,NASA POWER MERRA-2 PRECTOTCORR
2024-06-26,0,corn-mato-grosso,corn,-13.5,-56,NASA POWER MERRA-2 PRECTOTCORR
2024-06-27,1.42,corn-mato-grosso,corn,-13.5,-56,NASA POWER MERRA-2 PRECTOTCORR
2024-06-28,1.15,corn-mato-grosso,corn,-13.5,-56,NASA POWER MERRA-2 PRECTOTCORR
2024-06-29,1.27,corn-mato-grosso,corn,-13.5,-56,NASA POWER MERRA-2 PRECTOTCORR
2024-06-30,0,corn-mato-grosso,corn,-13.5,-56,NASA POWER MERRA-2 PRECTOTCORR
2024-07-01,0.39,corn-mato-grosso,corn,-13.5,-56,NASA POWER MERRA-2 PRECTOTCORR
2024-07-02,1.15,corn-mato-grosso,corn,-13.5,-56,NASA POWER MERRA-2 PRECTOTCORR
2024-07-03,1.84,corn-mato-grosso,corn,-13.5,-56,NASA POWER MERRA-2 PRECTOTCORR
2024-07-04,1.62,corn-mato-grosso,corn,-13.5,-56,NASA POWER MERRA-2 PRECTOTCORR
2024-07-05,0,corn-mato-grosso,corn,-13.5,-56,NASA POWER MERRA-2 PRECTOTCORR
2024-07-06,1.2,corn-mato-grosso,corn,-13.5,-56,NASA POWER MERRA-2 PRECTOTCORR
2024-07-07,1.14,corn-mato-grosso,corn,-13.5,-56,NASA POWER MERRA-2 PRECTOTCORR
2024-07-08,1.14,corn-mato-grosso,corn,-13.5,-56,NASA POWER MERRA-2 PRECTOTCORR
2024-07-09,1.14,corn-mato-grosso,corn,-13.5,-56,NASA POWER MERRA-2 PRECTOTCORR
2024-07-10,1.13,corn-mato-grosso,corn,-13.5,-56,NASA POWER MERRA-2 PRECTOTCORR
2024-07-11,0,corn-mato-grosso,corn,-13.5,-56,NASA POWER MERRA-2 PRECTOTCORR
2024-07-12,0,corn-mato-grosso,corn,-13.5,-56,NASA POWER MERRA-2 PRECTOTCORR
2024-07-13,0.02,corn-mato-grosso,corn,-13.5,-56,NASA POWER MERRA-2 PRECTOTCORR
2024-07-14,0.04,corn-mato-grosso,corn,-13.5,-56,NASA POWER MERRA-2 PRECTOTCORR
2024-07-15,0,corn-mato-grosso,corn,-13.5,-56,NASA POWER MERRA-2 PRECTOTCORR
2024-07-16,0,corn-mato-grosso,corn,-13.5,-56,NASA POWER MERRA-2 PRECTOTCORR
2024-07-17,1.13,corn-mato-grosso,corn,-13.5,-56,NASA POWER MERRA-2 PRECTOTCORR
2024-07-18,1.1,corn-mato-grosso,corn,-13.5,-56,NASA POWER MERRA-2 PRECTOTCORR
2024-07-19,1.13,corn-mato-grosso,corn,-13.5,-56,NASA POWER MERRA-2 PRECTOTCORR
2024-07-20,1.11,corn-mato-grosso,corn,-13.5,-56,NASA POWER MERRA-2 PRECTOTCORR
2024-07-21,1.1,corn-mato-grosso,corn,-13.5,-56,NASA POWER MERRA-2 PRECTOTCORR
2024-07-22,1.11,corn-mato-grosso,corn,-13.5,-56,NASA POWER MERRA-2 PRECTOTCORR
2024-07-23,0,corn-mato-grosso,corn,-13.5,-56,NASA POWER MERRA-2 PRECTOTCORR
2024-07-24,0.36,corn-mato-grosso,corn,-13.5,-56,NASA POWER MERRA-2 PRECTOTCORR
2024-07-25,1.08,corn-mato-grosso,corn,-13.5,-56,NASA POWER MERRA-2 PRECTOTCORR
2024-07-26,1.1,corn-mato-grosso,corn,-13.5,-56,NASA POWER MERRA-2 PRECTOTCORR
2024-07-27,1.07,corn-mato-grosso,corn,-13.5,-56,NASA POWER MERRA-2 PRECTOTCORR
2024-07-28,1.08,corn-mato-grosso,corn,-13.5,-56,NASA POWER MERRA-2 PRECTOTCORR
2024-07-29,1.07,corn-mato-grosso,corn,-13.5,-56,NASA POWER MERRA-2 PRECTOTCORR
2024-07-30,1.11,corn-mato-grosso,corn,-13.5,-56,NASA POWER MERRA-2 PRECTOTCORR
2024-07-31,1.01,corn-mato-grosso,corn,-13.5,-56,NASA POWER MERRA-2 PRECTOTCORR
2024-08-01,0,corn-mato-grosso,corn,-13.5,-56,NASA POWER MERRA-2 PRECTOTCORR
2024-08-02,0,corn-mato-grosso,corn,-13.5,-56,NASA POWER MERRA-2 PRECTOTCORR
2024-08-03,0.51,corn-mato-grosso,corn,-13.5,-56,NASA POWER MERRA-2 PRECTOTCORR
2024-08-04,0.5,corn-mato-grosso,corn,-13.5,-56,NASA POWER MERRA-2 PRECTOTCORR
2024-08-05,0.5,corn-mato-grosso,corn,-13.5,-56,NASA POWER MERRA-2 PRECTOTCORR
2024-08-06,0.52,corn-mato-grosso,corn,-13.5,-56,NASA POWER MERRA-2 PRECTOTCORR
2024-08-07,0,corn-mato-grosso,corn,-13.5,-56,NASA POWER MERRA-2 PRECTOTCORR
2024-08-08,0.02,corn-mato-grosso,corn,-13.5,-56,NASA POWER MERRA-2 PRECTOTCORR
2024-08-09,0.02,corn-mato-grosso,corn,-13.5,-56,NASA POWER MERRA-2 PRECTOTCORR
2024-08-10,0.04,corn-mato-grosso,corn,-13.5,-56,NASA POWER MERRA-2 PRECTOTCORR
2024-08-11,0,corn-mato-grosso,corn,-13.5,-56,NASA POWER MERRA-2 PRECTOTCORR
2024-08-12,0,corn-mato-grosso,corn,-13.5,-56,NASA POWER MERRA-2 PRECTOTCORR
2024-08-13,0,corn-mato-grosso,corn,-13.5,-56,NASA POWER MERRA-2 PRECTOTCORR
2024-08-14,0,corn-mato-grosso,corn,-13.5,-56,NASA POWER MERRA-2 PRECTOTCORR
2024-08-15,0,corn-mato-grosso,corn,-13.5,-56,NASA POWER MERRA-2 PRECTOTCORR
2024-08-16,0.3,corn-mato-grosso,corn,-13.5,-56,NASA POWER MERRA-2 PRECTOTCORR
2024-08-17,0.04,corn-mato-grosso,corn,-13.5,-56,NASA POWER MERRA-2 PRECTOTCORR
2024-08-18,0,corn-mato-grosso,corn,-13.5,-56,NASA POWER MERRA-2 PRECTOTCORR
2024-08-19,0,corn-mato-grosso,corn,-13.5,-56,NASA POWER MERRA-2 PRECTOTCORR
2024-08-20,0,corn-mato-grosso,corn,-13.5,-56,NASA POWER MERRA-2 PRECTOTCORR
2024-08-21,0,corn-mato-grosso,corn,-13.5,-56,NASA POWER MERRA-2 PRECTOTCORR
2024-08-22,0,corn-mato-grosso,corn,-13.5,-56,NASA POWER MERRA-2 PRECTOTCORR
2024-08-23,0.03,corn-mato-grosso,corn,-13.5,-56,NASA POWER MERRA-2 PRECTOTCORR
2024-08-24,0,corn-mato-grosso,corn,-13.5,-56,NASA POWER MERRA-2 PRECTOTCORR
2024-08-25,0,corn-mato-grosso,corn,-13.5,-56,NASA POWER MERRA-2 PRECTOTCORR
2024-08-26,0,corn-mato-grosso,corn,-13.5,-56,NASA POWER MERRA-2 PRECTOTCORR
2024-08-27,0,corn-mato-grosso,corn,-13.5,-56,NASA POWER MERRA-2 PRECTOTCORR
2024-08-28,0,corn-mato-grosso,corn,-13.5,-56,NASA POWER MERRA-2 PRECTOTCORR
2024-08-29,0,corn-mato-grosso,corn,-13.5,-56,NASA POWER MERRA-2 PRECTOTCORR
2024-08-30,0,corn-mato-grosso,corn,-13.5,-56,NASA POWER MERRA-2 PRECTOTCORR
2024-08-31,0,corn-mato-grosso,corn,-13.5,-56,NASA POWER MERRA-2 PRECTOTCORR
2024-09-01,0,corn-mato-grosso,corn,-13.5,-56,NASA POWER MERRA-2 PRECTOTCORR
2024-09-02,0,corn-mato-grosso,corn,-13.5,-56,NASA POWER MERRA-2 PRECTOTCORR
2024-09-03,0,corn-mato-grosso,corn,-13.5,-56,NASA POWER MERRA-2 PRECTOTCORR
2024-09-04,0,corn-mato-grosso,corn,-13.5,-56,NASA POWER MERRA-2 PRECTOTCORR
2024-09-05,0,corn-mato-grosso,corn,-13.5,-56,NASA POWER MERRA-2 PRECTOTCORR
2024-09-06,0,corn-mato-grosso,corn,-13.5,-56,NASA POWER MERRA-2 PRECTOTCORR
2024-09-07,0,corn-mato-grosso,corn,-13.5,-56,NASA POWER MERRA-2 PRECTOTCORR
2024-09-08,0,corn-mato-grosso,corn,-13.5,-56,NASA POWER MERRA-2 PRECTOTCORR
2024-09-09,0,corn-mato-grosso,corn,-13.5,-56,NASA POWER MERRA-2 PRECTOTCORR
2024-09-10,0,corn-mato-grosso,corn,-13.5,-56,NASA POWER MERRA-2 PRECTOTCORR
2024-09-11,0,corn-mato-grosso,corn,-13.5,-56,NASA POWER MERRA-2 PRECTOTCORR
2024-09-12,0,corn-mato-grosso,corn,-13.5,-56,NASA POWER MERRA-2 PRECTOTCORR
2024-09-13,0,corn-mato-grosso,corn,-13.5,-56,NASA POWER MERRA-2 PRECTOTCORR
2024-09-14,0,corn-mato-grosso,corn,-13.5,-56,NASA POWER MERRA-2 PRECTOTCORR
2024-09-15,0,corn-mato-grosso,corn,-13.5,-56,NASA POWER MERRA-2 PRECTOTCORR
2024-09-16,0,corn-mato-grosso,corn,-13.5,-56,NASA POWER MERRA-2 PRECTOTCORR
2024-09-17,0,corn-mato-grosso,corn,-13.5,-56,NASA POWER MERRA-2 PRECTOTCORR
2024-09-18,0,corn-mato-grosso,corn,-13.5,-56,NASA POWER MERRA-2 PRECTOTCORR
2024-09-19,0,corn-mato-grosso,corn,-13.5,-56,NASA POWER MERRA-2 PRECTOTCORR
2024-09-20,0,corn-mato-grosso,corn,-13.5,-56,NASA POWER MERRA-2 PRECTOTCORR
2024-09-21,0,corn-mato-grosso,corn,-13.5,-56,NASA POWER MERRA-2 PRECTOTCORR
2024-09-22,0,corn-mato-grosso,corn,-13.5,-56,NASA POWER MERRA-2 PRECTOTCORR
2024-09-23,0,corn-mato-grosso,corn,-13.5,-56,NASA POWER MERRA-2 PRECTOTCORR
2024-09-24,0.05,corn-mato-grosso,corn,-13.5,-56,NASA POWER MERRA-2 PRECTOTCORR
2024-09-25,0.15,corn-mato-grosso,corn,-13.5,-56,NASA POWER MERRA-2 PRECTOTCORR
2024-09-26,0.23,corn-mato-grosso,corn,-13.5,-56,NASA POWER MERRA-2 PRECTOTCORR
2024-09-27,0.55,corn-mato-grosso,corn,-13.5,-56,NASA POWER MERRA-2 PRECTOTCORR
2024-09-28,0,corn-mato-grosso,corn,-13.5,-56,NASA POWER MERRA-2 PRECTOTCORR
2024-09-29,0.14,corn-mato-grosso,corn,-13.5,-56,NASA POWER MERRA-2 PRECTOTCORR
2024-09-30,1.75,corn-mato-grosso,corn,-13.5,-56,NASA POWER MERRA-2 PRECTOTCORR
2024-10-01,1.33,corn-mato-grosso,corn,-13.5,-56,NASA POWER MERRA-2 PRECTOTCORR
2024-10-02,0,corn-mato-grosso,corn,-13.5,-56,NASA POWER MERRA-2 PRECTOTCORR
2024-10-03,0.79,corn-mato-grosso,corn,-13.5,-56,NASA POWER MERRA-2 PRECTOTCORR
2024-10-04,2.87,corn-mato-grosso,corn,-13.5,-56,NASA POWER MERRA-2 PRECTOTCORR
2024-10-05,0.58,corn-mato-grosso,corn,-13.5,-56,NASA POWER MERRA-2 PRECTOTCORR
2024-10-06,3.96,corn-mato-grosso,corn,-13.5,-56,NASA POWER MERRA-2 PRECTOTCORR
2024-10-07,2.41,corn-mato-grosso,corn,-13.5,-56,NASA POWER MERRA-2 PRECTOTCORR
2024-10-08,0.01,corn-mato-grosso,corn,-13.5,-56,NASA POWER MERRA-2 PRECTOTCORR
2024-10-09,0.77,corn-mato-grosso,corn,-13.5,-56,NASA POWER MERRA-2 PRECTOTCORR
2024-10-10,4.19,corn-mato-grosso,corn,-13.5,-56,NASA POWER MERRA-2 PRECTOTCORR
2024-10-11,0.5,corn-mato-grosso,corn,-13.5,-56,NASA POWER MERRA-2 PRECTOTCORR
2024-10-12,3.06,corn-mato-grosso,corn,-13.5,-56,NASA POWER MERRA-2 PRECTOTCORR
2024-10-13,0.98,corn-mato-grosso,corn,-13.5,-56,NASA POWER MERRA-2 PRECTOTCORR
2024-10-14,0.15,corn-mato-grosso,corn,-13.5,-56,NASA POWER MERRA-2 PRECTOTCORR
2024-10-15,0.52,corn-mato-grosso,corn,-13.5,-56,NASA POWER MERRA-2 PRECTOTCORR
2024-10-16,1.9,corn-mato-grosso,corn,-13.5,-56,NASA POWER MERRA-2 PRECTOTCORR
2024-10-17,16.95,corn-mato-grosso,corn,-13.5,-56,NASA POWER MERRA-2 PRECTOTCORR
2024-10-18,22.61,corn-mato-grosso,corn,-13.5,-56,NASA POWER MERRA-2 PRECTOTCORR
2024-10-19,0.6,corn-mato-grosso,corn,-13.5,-56,NASA POWER MERRA-2 PRECTOTCORR
2024-10-20,6.85,corn-mato-grosso,corn,-13.5,-56,NASA POWER MERRA-2 PRECTOTCORR
2024-10-21,7.26,corn-mato-grosso,corn,-13.5,-56,NASA POWER MERRA-2 PRECTOTCORR
2024-10-22,0.86,corn-mato-grosso,corn,-13.5,-56,NASA POWER MERRA-2 PRECTOTCORR
2024-10-23,0.88,corn-mato-grosso,corn,-13.5,-56,NASA POWER MERRA-2 PRECTOTCORR
2024-10-24,0.05,corn-mato-grosso,corn,-13.5,-56,NASA POWER MERRA-2 PRECTOTCORR
2024-10-25,0.01,corn-mato-grosso,corn,-13.5,-56,NASA POWER MERRA-2 PRECTOTCORR
2024-10-26,22.6,corn-mato-grosso,corn,-13.5,-56,NASA POWER MERRA-2 PRECTOTCORR
2024-10-27,12.63,corn-mato-grosso,corn,-13.5,-56,NASA POWER MERRA-2 PRECTOTCORR
2024-10-28,4.79,corn-mato-grosso,corn,-13.5,-56,NASA POWER MERRA-2 PRECTOTCORR
2024-10-29,11,corn-mato-grosso,corn,-13.5,-56,NASA POWER MERRA-2 PRECTOTCORR
2024-10-30,0.74,corn-mato-grosso,corn,-13.5,-56,NASA POWER MERRA-2 PRECTOTCORR
2024-10-31,0.21,corn-mato-grosso,corn,-13.5,-56,NASA POWER MERRA-2 PRECTOTCORR
2024-11-01,6.96,corn-mato-grosso,corn,-13.5,-56,NASA POWER MERRA-2 PRECTOTCORR
2024-11-02,4.36,corn-mato-grosso,corn,-13.5,-56,NASA POWER MERRA-2 PRECTOTCORR
2024-11-03,2.66,corn-mato-grosso,corn,-13.5,-56,NASA POWER MERRA-2 PRECTOTCORR
2024-11-04,21.77,corn-mato-grosso,corn,-13.5,-56,NASA POWER MERRA-2 PRECTOTCORR
2024-11-05,11.55,corn-mato-grosso,corn,-13.5,-56,NASA POWER MERRA-2 PRECTOTCORR
2024-11-06,6.73,corn-mato-grosso,corn,-13.5,-56,NASA POWER MERRA-2 PRECTOTCORR
2024-11-07,5.48,corn-mato-grosso,corn,-13.5,-56,NASA POWER MERRA-2 PRECTOTCORR
2024-11-08,20.99,corn-mato-grosso,corn,-13.5,-56,NASA POWER MERRA-2 PRECTOTCORR
2024-11-09,4.48,corn-mato-grosso,corn,-13.5,-56,NASA POWER MERRA-2 PRECTOTCORR
2024-11-10,3.33,corn-mato-grosso,corn,-13.5,-56,NASA POWER MERRA-2 PRECTOTCORR
2024-11-11,2.41,corn-mato-grosso,corn,-13.5,-56,NASA POWER MERRA-2 PRECTOTCORR
2024-11-12,22.9,corn-mato-grosso,corn,-13.5,-56,NASA POWER MERRA-2 PRECTOTCORR
2024-11-13,10.94,corn-mato-grosso,corn,-13.5,-56,NASA POWER MERRA-2 PRECTOTCORR
2024-11-14,0.05,corn-mato-grosso,corn,-13.5,-56,NASA POWER MERRA-2 PRECTOTCORR
2024-11-15,15.58,corn-mato-grosso,corn,-13.5,-56,NASA POWER MERRA-2 PRECTOTCORR
2024-11-16,5.43,corn-mato-grosso,corn,-13.5,-56,NASA POWER MERRA-2 PRECTOTCORR
2024-11-17,0.01,corn-mato-grosso,corn,-13.5,-56,NASA POWER MERRA-2 PRECTOTCORR
2024-11-18,15.35,corn-mato-grosso,corn,-13.5,-56,NASA POWER MERRA-2 PRECTOTCORR
2024-11-19,2.32,corn-mato-grosso,corn,-13.5,-56,NASA POWER MERRA-2 PRECTOTCORR
2024-11-20,12.18,corn-mato-grosso,corn,-13.5,-56,NASA POWER MERRA-2 PRECTOTCORR
2024-11-21,14.3,corn-mato-grosso,corn,-13.5,-56,NASA POWER MERRA-2 PRECTOTCORR
2024-11-22,12.39,corn-mato-grosso,corn,-13.5,-56,NASA POWER MERRA-2 PRECTOTCORR
2024-11-23,1.1,corn-mato-grosso,corn,-13.5,-56,NASA POWER MERRA-2 PRECTOTCORR
2024-11-24,2.65,corn-mato-grosso,corn,-13.5,-56,NASA POWER MERRA-2 PRECTOTCORR
2024-11-25,5.92,corn-mato-grosso,corn,-13.5,-56,NASA POWER MERRA-2 PRECTOTCORR
2024-11-26,2.59,corn-mato-grosso,corn,-13.5,-56,NASA POWER MERRA-2 PRECTOTCORR
2024-11-27,9.95,corn-mato-grosso,corn,-13.5,-56,NASA POWER MERRA-2 PRECTOTCORR
2024-11-28,2.53,corn-mato-grosso,corn,-13.5,-56,NASA POWER MERRA-2 PRECTOTCORR
2024-11-29,9.47,corn-mato-grosso,corn,-13.5,-56,NASA POWER MERRA-2 PRECTOTCORR
2024-11-30,5.88,corn-mato-grosso,corn,-13.5,-56,NASA POWER MERRA-2 PRECTOTCORR
2024-12-01,4.23,corn-mato-grosso,corn,-13.5,-56,NASA POWER MERRA-2 PRECTOTCORR
2024-12-02,10.46,corn-mato-grosso,corn,-13.5,-56,NASA POWER MERRA-2 PRECTOTCORR
2024-12-03,12.79,corn-mato-grosso,corn,-13.5,-56,NASA POWER MERRA-2 PRECTOTCORR
2024-12-04,3.1,corn-mato-grosso,corn,-13.5,-56,NASA POWER MERRA-2 PRECTOTCORR
2024-12-05,6.38,corn-mato-grosso,corn,-13.5,-56,NASA POWER MERRA-2 PRECTOTCORR
2024-12-06,6.19,corn-mato-grosso,corn,-13.5,-56,NASA POWER MERRA-2 PRECTOTCORR
2024-12-07,1.01,corn-mato-grosso,corn,-13.5,-56,NASA POWER MERRA-2 PRECTOTCORR
2024-12-08,0.35,corn-mato-grosso,corn,-13.5,-56,NASA POWER MERRA-2 PRECTOTCORR
2024-12-09,0.36,corn-mato-grosso,corn,-13.5,-56,NASA POWER MERRA-2 PRECTOTCORR
2024-12-10,7.03,corn-mato-grosso,corn,-13.5,-56,NASA POWER MERRA-2 PRECTOTCORR
2024-12-11,1.95,corn-mato-grosso,corn,-13.5,-56,NASA POWER MERRA-2 PRECTOTCORR
2024-12-12,0.18,corn-mato-grosso,corn,-13.5,-56,NASA POWER MERRA-2 PRECTOTCORR
2024-12-13,0.21,corn-mato-grosso,corn,-13.5,-56,NASA POWER MERRA-2 PRECTOTCORR
2024-12-14,4.18,corn-mato-grosso,corn,-13.5,-56,NASA POWER MERRA-2 PRECTOTCORR
2024-12-15,2.58,corn-mato-grosso,corn,-13.5,-56,NASA POWER MERRA-2 PRECTOTCORR
2024-12-16,1.72,corn-mato-grosso,corn,-13.5,-56,NASA POWER MERRA-2 PRECTOTCORR
2024-12-17,5.01,corn-mato-grosso,corn,-13.5,-56,NASA POWER MERRA-2 PRECTOTCORR
2024-12-18,0.93,corn-mato-grosso,corn,-13.5,-56,NASA POWER MERRA-2 PRECTOTCORR
2024-12-19,1.81,corn-mato-grosso,corn,-13.5,-56,NASA POWER MERRA-2 PRECTOTCORR
2024-12-20,12.49,corn-mato-grosso,corn,-13.5,-56,NASA POWER MERRA-2 PRECTOTCORR
2024-12-21,25.82,corn-mato-grosso,corn,-13.5,-56,NASA POWER MERRA-2 PRECTOTCORR
2024-12-22,3.39,corn-mato-grosso,corn,-13.5,-56,NASA POWER MERRA-2 PRECTOTCORR
2024-12-23,5.43,corn-mato-grosso,corn,-13.5,-56,NASA POWER MERRA-2 PRECTOTCORR
2024-12-24,11.55,corn-mato-grosso,corn,-13.5,-56,NASA POWER MERRA-2 PRECTOTCORR
2024-12-25,20.67,corn-mato-grosso,corn,-13.5,-56,NASA POWER MERRA-2 PRECTOTCORR
2024-12-26,14.37,corn-mato-grosso,corn,-13.5,-56,NASA POWER MERRA-2 PRECTOTCORR
2024-12-27,7.17,corn-mato-grosso,corn,-13.5,-56,NASA POWER MERRA-2 PRECTOTCORR
2024-12-28,2.01,corn-mato-grosso,corn,-13.5,-56,NASA POWER MERRA-2 PRECTOTCORR
2024-12-29,1.15,corn-mato-grosso,corn,-13.5,-56,NASA POWER MERRA-2 PRECTOTCORR
2024-12-30,2.35,corn-mato-grosso,corn,-13.5,-56,NASA POWER MERRA-2 PRECTOTCORR
2024-12-31,5.01,corn-mato-grosso,corn,-13.5,-56,NASA POWER MERRA-2 PRECTOTCORR
2025-01-01,7.18,corn-mato-grosso,corn,-13.5,-56,NASA POWER MERRA-2 PRECTOTCORR
2025-01-02,4.33,corn-mato-grosso,corn,-13.5,-56,NASA POWER MERRA-2 PRECTOTCORR
2025-01-03,0.61,corn-mato-grosso,corn,-13.5,-56,NASA POWER MERRA-2 PRECTOTCORR
2025-01-04,14.32,corn-mato-grosso,corn,-13.5,-56,NASA POWER MERRA-2 PRECTOTCORR
2025-01-05,2.38,corn-mato-grosso,corn,-13.5,-56,NASA POWER MERRA-2 PRECTOTCORR
2025-01-06,2.72,corn-mato-grosso,corn,-13.5,-56,NASA POWER MERRA-2 PRECTOTCORR
2025-01-07,5.22,corn-mato-grosso,corn,-13.5,-56,NASA POWER MERRA-2 PRECTOTCORR
2025-01-08,9.28,corn-mato-grosso,corn,-13.5,-56,NASA POWER MERRA-2 PRECTOTCORR
2025-01-09,18.26,corn-mato-grosso,corn,-13.5,-56,NASA POWER MERRA-2 PRECTOTCORR
2025-01-10,7.87,corn-mato-grosso,corn,-13.5,-56,NASA POWER MERRA-2 PRECTOTCORR
2025-01-11,15.92,corn-mato-grosso,corn,-13.5,-56,NASA POWER MERRA-2 PRECTOTCORR
2025-01-12,13.21,corn-mato-grosso,corn,-13.5,-56,NASA POWER MERRA-2 PRECTOTCORR
2025-01-13,27.27,corn-mato-grosso,corn,-13.5,-56,NASA POWER MERRA-2 PRECTOTCORR
2025-01-14,19.86,corn-mato-grosso,corn,-13.5,-56,NASA POWER MERRA-2 PRECTOTCORR
2025-01-15,4.24,corn-mato-grosso,corn,-13.5,-56,NASA POWER MERRA-2 PRECTOTCORR
2025-01-16,1.2,corn-mato-grosso,corn,-13.5,-56,NASA POWER MERRA-2 PRECTOTCORR
2025-01-17,5.81,corn-mato-grosso,corn,-13.5,-56,NASA POWER MERRA-2 PRECTOTCORR
2025-01-18,6.19,corn-mato-grosso,corn,-13.5,-56,NASA POWER MERRA-2 PRECTOTCORR
2025-01-19,6.4,corn-mato-grosso,corn,-13.5,-56,NASA POWER MERRA-2 PRECTOTCORR
2025-01-20,2.13,corn-mato-grosso,corn,-13.5,-56,NASA POWER MERRA-2 PRECTOTCORR
2025-01-21,1.43,corn-mato-grosso,corn,-13.5,-56,NASA POWER MERRA-2 PRECTOTCORR
2025-01-22,1.95,corn-mato-grosso,corn,-13.5,-56,NASA POWER MERRA-2 PRECTOTCORR
2025-01-23,0.83,corn-mato-grosso,corn,-13.5,-56,NASA POWER MERRA-2 PRECTOTCORR
2025-01-24,7.59,corn-mato-grosso,corn,-13.5,-56,NASA POWER MERRA-2 PRECTOTCORR
2025-01-25,3.63,corn-mato-grosso,corn,-13.5,-56,NASA POWER MERRA-2 PRECTOTCORR
2025-01-26,0.03,corn-mato-grosso,corn,-13.5,-56,NASA POWER MERRA-2 PRECTOTCORR
2025-01-27,3.4,corn-mato-grosso,corn,-13.5,-56,NASA POWER MERRA-2 PRECTOTCORR
2025-01-28,3.46,corn-mato-grosso,corn,-13.5,-56,NASA POWER MERRA-2 PRECTOTCORR
2025-01-29,3.13,corn-mato-grosso,corn,-13.5,-56,NASA POWER MERRA-2 PRECTOTCORR
2025-01-30,14.25,corn-mato-grosso,corn,-13.5,-56,NASA POWER MERRA-2 PRECTOTCORR
2025-01-31,7.42,corn-mato-grosso,corn,-13.5,-56,NASA POWER MERRA-2 PRECTOTCORR
2025-02-01,14.16,corn-mato-grosso,corn,-13.5,-56,NASA POWER MERRA-2 PRECTOTCORR
2025-02-02,17.52,corn-mato-grosso,corn,-13.5,-56,NASA POWER MERRA-2 PRECTOTCORR
2025-02-03,6.95,corn-mato-grosso,corn,-13.5,-56,NASA POWER MERRA-2 PRECTOTCORR
2025-02-04,12.99,corn-mato-grosso,corn,-13.5,-56,NASA POWER MERRA-2 PRECTOTCORR
2025-02-05,8.37,corn-mato-grosso,corn,-13.5,-56,NASA POWER MERRA-2 PRECTOTCORR
2025-02-06,5.73,corn-mato-grosso,corn,-13.5,-56,NASA POWER MERRA-2 PRECTOTCORR
2025-02-07,0.44,corn-mato-grosso,corn,-13.5,-56,NASA POWER MERRA-2 PRECTOTCORR
2025-02-08,1.15,corn-mato-grosso,corn,-13.5,-56,NASA POWER MERRA-2 PRECTOTCORR
2025-02-09,0.35,corn-mato-grosso,corn,-13.5,-56,NASA POWER MERRA-2 PRECTOTCORR
2025-02-10,4.31,corn-mato-grosso,corn,-13.5,-56,NASA POWER MERRA-2 PRECTOTCORR
2025-02-11,14.31,corn-mato-grosso,corn,-13.5,-56,NASA POWER MERRA-2 PRECTOTCORR
2025-02-12,20.79,corn-mato-grosso,corn,-13.5,-56,NASA POWER MERRA-2 PRECTOTCORR
2025-02-13,4.65,corn-mato-grosso,corn,-13.5,-56,NASA POWER MERRA-2 PRECTOTCORR
2025-02-14,6.84,corn-mato-grosso,corn,-13.5,-56,NASA POWER MERRA-2 PRECTOTCORR
2025-02-15,6.75,corn-mato-grosso,corn,-13.5,-56,NASA POWER MERRA-2 PRECTOTCORR
2025-02-16,4.03,corn-mato-grosso,corn,-13.5,-56,NASA POWER MERRA-2 PRECTOTCORR
2025-02-17,6.72,corn-mato-grosso,corn,-13.5,-56,NASA POWER MERRA-2 PRECTOTCORR
2025-02-18,3.61,corn-mato-grosso,corn,-13.5,-56,NASA POWER MERRA-2 PRECTOTCORR
2025-02-19,10.22,corn-mato-grosso,corn,-13.5,-56,NASA POWER MERRA-2 PRECTOTCORR
2025-02-20,3.95,corn-mato-grosso,corn,-13.5,-56,NASA POWER MERRA-2 PRECTOTCORR
2025-02-21,1.92,corn-mato-grosso,corn,-13.5,-56,NASA POWER MERRA-2 PRECTOTCORR
2025-02-22,0.17,corn-mato-grosso,corn,-13.5,-56,NASA POWER MERRA-2 PRECTOTCORR
2025-02-23,0.51,corn-mato-grosso,corn,-13.5,-56,NASA POWER MERRA-2 PRECTOTCORR
2025-02-24,16.37,corn-mato-grosso,corn,-13.5,-56,NASA POWER MERRA-2 PRECTOTCORR
2025-02-25,7.51,corn-mato-grosso,corn,-13.5,-56,NASA POWER MERRA-2 PRECTOTCORR
2025-02-26,20.85,corn-mato-grosso,corn,-13.5,-56,NASA POWER MERRA-2 PRECTOTCORR
2025-02-27,9.07,corn-mato-grosso,corn,-13.5,-56,NASA POWER MERRA-2 PRECTOTCORR
2025-02-28,4.49,corn-mato-grosso,corn,-13.5,-56,NASA POWER MERRA-2 PRECTOTCORR
2025-03-01,5.99,corn-mato-grosso,corn,-13.5,-56,NASA POWER MERRA-2 PRECTOTCORR
2025-03-02,7.02,corn-mato-grosso,corn,-13.5,-56,NASA POWER MERRA-2 PRECTOTCORR
2025-03-03,4.19,corn-mato-grosso,corn,-13.5,-56,NASA POWER MERRA-2 PRECTOTCORR
2025-03-04,5.53,corn-mato-grosso,corn,-13.5,-56,NASA POWER MERRA-2 PRECTOTCORR
2025-03-05,13.73,corn-mato-grosso,corn,-13.5,-56,NASA POWER MERRA-2 PRECTOTCORR
2025-03-06,2.05,corn-mato-grosso,corn,-13.5,-56,NASA POWER MERRA-2 PRECTOTCORR
2025-03-07,3.55,corn-mato-grosso,corn,-13.5,-56,NASA POWER MERRA-2 PRECTOTCORR
2025-03-08,5.56,corn-mato-grosso,corn,-13.5,-56,NASA POWER MERRA-2 PRECTOTCORR
2025-03-09,0.36,corn-mato-grosso,corn,-13.5,-56,NASA POWER MERRA-2 PRECTOTCORR
2025-03-10,1.7,corn-mato-grosso,corn,-13.5,-56,NASA POWER MERRA-2 PRECTOTCORR
2025-03-11,3.75,corn-mato-grosso,corn,-13.5,-56,NASA POWER MERRA-2 PRECTOTCORR
2025-03-12,7.84,corn-mato-grosso,corn,-13.5,-56,NASA POWER MERRA-2 PRECTOTCORR
2025-03-13,1.36,corn-mato-grosso,corn,-13.5,-56,NASA POWER MERRA-2 PRECTOTCORR
2025-03-14,16,corn-mato-grosso,corn,-13.5,-56,NASA POWER MERRA-2 PRECTOTCORR
2025-03-15,0.3,corn-mato-grosso,corn,-13.5,-56,NASA POWER MERRA-2 PRECTOTCORR
2025-03-16,6.8,corn-mato-grosso,corn,-13.5,-56,NASA POWER MERRA-2 PRECTOTCORR
2025-03-17,3.72,corn-mato-grosso,corn,-13.5,-56,NASA POWER MERRA-2 PRECTOTCORR
2025-03-18,16.25,corn-mato-grosso,corn,-13.5,-56,NASA POWER MERRA-2 PRECTOTCORR
2025-03-19,24.46,corn-mato-grosso,corn,-13.5,-56,NASA POWER MERRA-2 PRECTOTCORR
2025-03-20,3.03,corn-mato-grosso,corn,-13.5,-56,NASA POWER MERRA-2 PRECTOTCORR
2025-03-21,0.09,corn-mato-grosso,corn,-13.5,-56,NASA POWER MERRA-2 PRECTOTCORR
2025-03-22,0.62,corn-mato-grosso,corn,-13.5,-56,NASA POWER MERRA-2 PRECTOTCORR
2025-03-23,10.35,corn-mato-grosso,corn,-13.5,-56,NASA POWER MERRA-2 PRECTOTCORR
2025-03-24,0.9,corn-mato-grosso,corn,-13.5,-56,NASA POWER MERRA-2 PRECTOTCORR
2025-03-25,2.17,corn-mato-grosso,corn,-13.5,-56,NASA POWER MERRA-2 PRECTOTCORR
2025-03-26,1.35,corn-mato-grosso,corn,-13.5,-56,NASA POWER MERRA-2 PRECTOTCORR
2025-03-27,2.92,corn-mato-grosso,corn,-13.5,-56,NASA POWER MERRA-2 PRECTOTCORR
2025-03-28,1.15,corn-mato-grosso,corn,-13.5,-56,NASA POWER MERRA-2 PRECTOTCORR
2025-03-29,7.11,corn-mato-grosso,corn,-13.5,-56,NASA POWER MERRA-2 PRECTOTCORR
2025-03-30,4.98,corn-mato-grosso,corn,-13.5,-56,NASA POWER MERRA-2 PRECTOTCORR
2025-03-31,0.19,corn-mato-grosso,corn,-13.5,-56,NASA POWER MERRA-2 PRECTOTCORR
2025-04-01,11.51,corn-mato-grosso,corn,-13.5,-56,NASA POWER MERRA-2 PRECTOTCORR
2025-04-02,2.47,corn-mato-grosso,corn,-13.5,-56,NASA POWER MERRA-2 PRECTOTCORR
2025-04-03,6.32,corn-mato-grosso,corn,-13.5,-56,NASA POWER MERRA-2 PRECTOTCORR
2025-04-04,4.66,corn-mato-grosso,corn,-13.5,-56,NASA POWER MERRA-2 PRECTOTCORR
2025-04-05,4.64,corn-mato-grosso,corn,-13.5,-56,NASA POWER MERRA-2 PRECTOTCORR
2025-04-06,0.29,corn-mato-grosso,corn,-13.5,-56,NASA POWER MERRA-2 PRECTOTCORR
2025-04-07,0.63,corn-mato-grosso,corn,-13.5,-56,NASA POWER MERRA-2 PRECTOTCORR
2025-04-08,1.61,corn-mato-grosso,corn,-13.5,-56,NASA POWER MERRA-2 PRECTOTCORR
2025-04-09,8.65,corn-mato-grosso,corn,-13.5,-56,NASA POWER MERRA-2 PRECTOTCORR
2025-04-10,0.78,corn-mato-grosso,corn,-13.5,-56,NASA POWER MERRA-2 PRECTOTCORR
2025-04-11,3.53,corn-mato-grosso,corn,-13.5,-56,NASA POWER MERRA-2 PRECTOTCORR
2025-04-12,2.68,corn-mato-grosso,corn,-13.5,-56,NASA POWER MERRA-2 PRECTOTCORR
2025-04-13,2.89,corn-mato-grosso,corn,-13.5,-56,NASA POWER MERRA-2 PRECTOTCORR
2025-04-14,1.22,corn-mato-grosso,corn,-13.5,-56,NASA POWER MERRA-2 PRECTOTCORR
2025-04-15,4.45,corn-mato-grosso,corn,-13.5,-56,NASA POWER MERRA-2 PRECTOTCORR
2025-04-16,10.68,corn-mato-grosso,corn,-13.5,-56,NASA POWER MERRA-2 PRECTOTCORR
2025-04-17,0.26,corn-mato-grosso,corn,-13.5,-56,NASA POWER MERRA-2 PRECTOTCORR
2025-04-18,0.03,corn-mato-grosso,corn,-13.5,-56,NASA POWER MERRA-2 PRECTOTCORR
2025-04-19,0.84,corn-mato-grosso,corn,-13.5,-56,NASA POWER MERRA-2 PRECTOTCORR
2025-04-20,0.34,corn-mato-grosso,corn,-13.5,-56,NASA POWER MERRA-2 PRECTOTCORR
2025-04-21,6.21,corn-mato-grosso,corn,-13.5,-56,NASA POWER MERRA-2 PRECTOTCORR
2025-04-22,2.8,corn-mato-grosso,corn,-13.5,-56,NASA POWER MERRA-2 PRECTOTCORR
2025-04-23,1.39,corn-mato-grosso,corn,-13.5,-56,NASA POWER MERRA-2 PRECTOTCORR
2025-04-24,8.55,corn-mato-grosso,corn,-13.5,-56,NASA POWER MERRA-2 PRECTOTCORR
2025-04-25,1.53,corn-mato-grosso,corn,-13.5,-56,NASA POWER MERRA-2 PRECTOTCORR
2025-04-26,0.41,corn-mato-grosso,corn,-13.5,-56,NASA POWER MERRA-2 PRECTOTCORR
2025-04-27,13.11,corn-mato-grosso,corn,-13.5,-56,NASA POWER MERRA-2 PRECTOTCORR
2025-04-28,1.1,corn-mato-grosso,corn,-13.5,-56,NASA POWER MERRA-2 PRECTOTCORR
2025-04-29,0.1,corn-mato-grosso,corn,-13.5,-56,NASA POWER MERRA-2 PRECTOTCORR
2025-04-30,0,corn-mato-grosso,corn,-13.5,-56,NASA POWER MERRA-2 PRECTOTCORR
2025-05-01,0,corn-mato-grosso,corn,-13.5,-56,NASA POWER MERRA-2 PRECTOTCORR
2025-05-02,0,corn-mato-grosso,corn,-13.5,-56,NASA POWER MERRA-2 PRECTOTCORR
2025-05-03,0,corn-mato-grosso,corn,-13.5,-56,NASA POWER MERRA-2 PRECTOTCORR
2025-05-04,0.89,corn-mato-grosso,corn,-13.5,-56,NASA POWER MERRA-2 PRECTOTCORR
2025-05-05,0.15,corn-mato-grosso,corn,-13.5,-56,NASA POWER MERRA-2 PRECTOTCORR
2025-05-06,0.01,corn-mato-grosso,corn,-13.5,-56,NASA POWER MERRA-2 PRECTOTCORR
2025-05-07,0.05,corn-mato-grosso,corn,-13.5,-56,NASA POWER MERRA-2 PRECTOTCORR
2025-05-08,0.1,corn-mato-grosso,corn,-13.5,-56,NASA POWER MERRA-2 PRECTOTCORR
2025-05-09,0.02,corn-mato-grosso,corn,-13.5,-56,NASA POWER MERRA-2 PRECTOTCORR
2025-05-10,0.11,corn-mato-grosso,corn,-13.5,-56,NASA POWER MERRA-2 PRECTOTCORR
2025-05-11,0.05,corn-mato-grosso,corn,-13.5,-56,NASA POWER MERRA-2 PRECTOTCORR
2025-05-12,1.34,corn-mato-grosso,corn,-13.5,-56,NASA POWER MERRA-2 PRECTOTCORR
2025-05-13,1.21,corn-mato-grosso,corn,-13.5,-56,NASA POWER MERRA-2 PRECTOTCORR
2025-05-14,0.15,corn-mato-grosso,corn,-13.5,-56,NASA POWER MERRA-2 PRECTOTCORR
2025-05-15,0.01,corn-mato-grosso,corn,-13.5,-56,NASA POWER MERRA-2 PRECTOTCORR
2025-05-16,0,corn-mato-grosso,corn,-13.5,-56,NASA POWER MERRA-2 PRECTOTCORR
2025-05-17,0,corn-mato-grosso,corn,-13.5,-56,NASA POWER MERRA-2 PRECTOTCORR
2025-05-18,0,corn-mato-grosso,corn,-13.5,-56,NASA POWER MERRA-2 PRECTOTCORR
2025-05-19,0,corn-mato-grosso,corn,-13.5,-56,NASA POWER MERRA-2 PRECTOTCORR
2025-05-20,0.01,corn-mato-grosso,corn,-13.5,-56,NASA POWER MERRA-2 PRECTOTCORR
2025-05-21,0.05,corn-mato-grosso,corn,-13.5,-56,NASA POWER MERRA-2 PRECTOTCORR
2025-05-22,0.01,corn-mato-grosso,corn,-13.5,-56,NASA POWER MERRA-2 PRECTOTCORR
2025-05-23,0,corn-mato-grosso,corn,-13.5,-56,NASA POWER MERRA-2 PRECTOTCORR
2025-05-24,0.01,corn-mato-grosso,corn,-13.5,-56,NASA POWER MERRA-2 PRECTOTCORR
2025-05-25,0.35,corn-mato-grosso,corn,-13.5,-56,NASA POWER MERRA-2 PRECTOTCORR
2025-05-26,0.06,corn-mato-grosso,corn,-13.5,-56,NASA POWER MERRA-2 PRECTOTCORR
2025-05-27,1.21,corn-mato-grosso,corn,-13.5,-56,NASA POWER MERRA-2 PRECTOTCORR
2025-05-28,6.3,corn-mato-grosso,corn,-13.5,-56,NASA POWER MERRA-2 PRECTOTCORR
2025-05-29,0.2,corn-mato-grosso,corn,-13.5,-56,NASA POWER MERRA-2 PRECTOTCORR
2025-05-30,0,corn-mato-grosso,corn,-13.5,-56,NASA POWER MERRA-2 PRECTOTCORR
2025-05-31,0,corn-mato-grosso,corn,-13.5,-56,NASA POWER MERRA-2 PRECTOTCORR
2025-06-01,0,corn-mato-grosso,corn,-13.5,-56,NASA POWER MERRA-2 PRECTOTCORR
2025-06-02,0,corn-mato-grosso,corn,-13.5,-56,NASA POWER MERRA-2 PRECTOTCORR
2025-06-03,0.53,corn-mato-grosso,corn,-13.5,-56,NASA POWER MERRA-2 PRECTOTCORR
2025-06-04,0.07,corn-mato-grosso,corn,-13.5,-56,NASA POWER MERRA-2 PRECTOTCORR
2025-06-05,0.04,corn-mato-grosso,corn,-13.5,-56,NASA POWER MERRA-2 PRECTOTCORR
2025-06-06,0,corn-mato-grosso,corn,-13.5,-56,NASA POWER MERRA-2 PRECTOTCORR
2025-06-07,0,corn-mato-grosso,corn,-13.5,-56,NASA POWER MERRA-2 PRECTOTCORR
2025-06-08,0.01,corn-mato-grosso,corn,-13.5,-56,NASA POWER MERRA-2 PRECTOTCORR
2025-06-09,3.75,corn-mato-grosso,corn,-13.5,-56,NASA POWER MERRA-2 PRECTOTCORR
2025-06-10,2.98,corn-mato-grosso,corn,-13.5,-56,NASA POWER MERRA-2 PRECTOTCORR
2025-06-11,0,corn-mato-grosso,corn,-13.5,-56,NASA POWER MERRA-2 PRECTOTCORR
2025-06-12,0,corn-mato-grosso,corn,-13.5,-56,NASA POWER MERRA-2 PRECTOTCORR
2025-06-13,0,corn-mato-grosso,corn,-13.5,-56,NASA POWER MERRA-2 PRECTOTCORR
2025-06-14,0,corn-mato-grosso,corn,-13.5,-56,NASA POWER MERRA-2 PRECTOTCORR
2025-06-15,0,corn-mato-grosso,corn,-13.5,-56,NASA POWER MERRA-2 PRECTOTCORR
2025-06-16,0,corn-mato-grosso,corn,-13.5,-56,NASA POWER MERRA-2 PRECTOTCORR
2025-06-17,0,corn-mato-grosso,corn,-13.5,-56,NASA POWER MERRA-2 PRECTOTCORR
2025-06-18,0,corn-mato-grosso,corn,-13.5,-56,NASA POWER MERRA-2 PRECTOTCORR
2025-06-19,0.01,corn-mato-grosso,corn,-13.5,-56,NASA POWER MERRA-2 PRECTOTCORR
2025-06-20,0,corn-mato-grosso,corn,-13.5,-56,NASA POWER MERRA-2 PRECTOTCORR
2025-06-21,0,corn-mato-grosso,corn,-13.5,-56,NASA POWER MERRA-2 PRECTOTCORR
2025-06-22,0,corn-mato-grosso,corn,-13.5,-56,NASA POWER MERRA-2 PRECTOTCORR
2025-06-23,7.84,corn-mato-grosso,corn,-13.5,-56,NASA POWER MERRA-2 PRECTOTCORR
2025-06-24,14.71,corn-mato-grosso,corn,-13.5,-56,NASA POWER MERRA-2 PRECTOTCORR
2025-06-25,0,corn-mato-grosso,corn,-13.5,-56,NASA POWER MERRA-2 PRECTOTCORR
2025-06-26,0,corn-mato-grosso,corn,-13.5,-56,NASA POWER MERRA-2 PRECTOTCORR
2025-06-27,0,corn-mato-grosso,corn,-13.5,-56,NASA POWER MERRA-2 PRECTOTCORR
2025-06-28,0,corn-mato-grosso,corn,-13.5,-56,NASA POWER MERRA-2 PRECTOTCORR
2025-06-29,0,corn-mato-grosso,corn,-13.5,-56,NASA POWER MERRA-2 PRECTOTCORR
2025-06-30,0,corn-mato-grosso,corn,-13.5,-56,NASA POWER MERRA-2 PRECTOTCORR
2025-07-01,0,corn-mato-grosso,corn,-13.5,-56,NASA POWER MERRA-2 PRECTOTCORR
2025-07-02,0,corn-mato-grosso,corn,-13.5,-56,NASA POWER MERRA-2 PRECTOTCORR
2025-07-03,0,corn-mato-grosso,corn,-13.5,-56,NASA POWER MERRA-2 PRECTOTCORR
2025-07-04,0,corn-mato-grosso,corn,-13.5,-56,NASA POWER MERRA-2 PRECTOTCORR
2025-07-05,0,corn-mato-grosso,corn,-13.5,-56,NASA POWER MERRA-2 PRECTOTCORR
2025-07-06,0,corn-mato-grosso,corn,-13.5,-56,NASA POWER MERRA-2 PRECTOTCORR
2025-07-07,0,corn-mato-grosso,corn,-13.5,-56,NASA POWER MERRA-2 PRECTOTCORR
2025-07-08,0,corn-mato-grosso,corn,-13.5,-56,NASA POWER MERRA-2 PRECTOTCORR
2025-07-09,0,corn-mato-grosso,corn,-13.5,-56,NASA POWER MERRA-2 PRECTOTCORR
2025-07-10,0,corn-mato-grosso,corn,-13.5,-56,NASA POWER MERRA-2 PRECTOTCORR
2025-07-11,0,corn-mato-grosso,corn,-13.5,-56,NASA POWER MERRA-2 PRECTOTCORR
2025-07-12,0,corn-mato-grosso,corn,-13.5,-56,NASA POWER MERRA-2 PRECTOTCORR
2025-07-13,0,corn-mato-grosso,corn,-13.5,-56,NASA POWER MERRA-2 PRECTOTCORR
2025-07-14,0,corn-mato-grosso,corn,-13.5,-56,NASA POWER MERRA-2 PRECTOTCORR
2025-07-15,0,corn-mato-grosso,corn,-13.5,-56,NASA POWER MERRA-2 PRECTOTCORR
2025-07-16,0,corn-mato-grosso,corn,-13.5,-56,NASA POWER MERRA-2 PRECTOTCORR
2025-07-17,0,corn-mato-grosso,corn,-13.5,-56,NASA POWER MERRA-2 PRECTOTCORR
2025-07-18,0,corn-mato-grosso,corn,-13.5,-56,NASA POWER MERRA-2 PRECTOTCORR
2025-07-19,0,corn-mato-grosso,corn,-13.5,-56,NASA POWER MERRA-2 PRECTOTCORR
2025-07-20,0,corn-mato-grosso,corn,-13.5,-56,NASA POWER MERRA-2 PRECTOTCORR
2025-07-21,0,corn-mato-grosso,corn,-13.5,-56,NASA POWER MERRA-2 PRECTOTCORR
2025-07-22,0,corn-mato-grosso,corn,-13.5,-56,NASA POWER MERRA-2 PRECTOTCORR
2025-07-23,0,corn-mato-grosso,corn,-13.5,-56,NASA POWER MERRA-2 PRECTOTCORR
2025-07-24,0,corn-mato-grosso,corn,-13.5,-56,NASA POWER MERRA-2 PRECTOTCORR
2025-07-25,0,corn-mato-grosso,corn,-13.5,-56,NASA POWER MERRA-2 PRECTOTCORR
2025-07-26,0,corn-mato-grosso,corn,-13.5,-56,NASA POWER MERRA-2 PRECTOTCORR
2025-07-27,0,corn-mato-grosso,corn,-13.5,-56,NASA POWER MERRA-2 PRECTOTCORR
2025-07-28,0,corn-mato-grosso,corn,-13.5,-56,NASA POWER MERRA-2 PRECTOTCORR
2025-07-29,0,corn-mato-grosso,corn,-13.5,-56,NASA POWER MERRA-2 PRECTOTCORR
2025-07-30,0,corn-mato-grosso,corn,-13.5,-56,NASA POWER MERRA-2 PRECTOTCORR
2025-07-31,0,corn-mato-grosso,corn,-13.5,-56,NASA POWER MERRA-2 PRECTOTCORR
2025-08-01,0,corn-mato-grosso,corn,-13.5,-56,NASA POWER MERRA-2 PRECTOTCORR
2025-08-02,0.1,corn-mato-grosso,corn,-13.5,-56,NASA POWER MERRA-2 PRECTOTCORR
2025-08-03,0.02,corn-mato-grosso,corn,-13.5,-56,NASA POWER MERRA-2 PRECTOTCORR
2025-08-04,0.02,corn-mato-grosso,corn,-13.5,-56,NASA POWER MERRA-2 PRECTOTCORR
2025-08-05,0.02,corn-mato-grosso,corn,-13.5,-56,NASA POWER MERRA-2 PRECTOTCORR
2025-08-06,0.01,corn-mato-grosso,corn,-13.5,-56,NASA POWER MERRA-2 PRECTOTCORR
2025-08-07,0,corn-mato-grosso,corn,-13.5,-56,NASA POWER MERRA-2 PRECTOTCORR
2025-08-08,0.16,corn-mato-grosso,corn,-13.5,-56,NASA POWER MERRA-2 PRECTOTCORR
2025-08-09,0,corn-mato-grosso,corn,-13.5,-56,NASA POWER MERRA-2 PRECTOTCORR
2025-08-10,0,corn-mato-grosso,corn,-13.5,-56,NASA POWER MERRA-2 PRECTOTCORR
2025-08-11,0,corn-mato-grosso,corn,-13.5,-56,NASA POWER MERRA-2 PRECTOTCORR
2025-08-12,0,corn-mato-grosso,corn,-13.5,-56,NASA POWER MERRA-2 PRECTOTCORR
2025-08-13,0,corn-mato-grosso,corn,-13.5,-56,NASA POWER MERRA-2 PRECTOTCORR
2025-08-14,0,corn-mato-grosso,corn,-13.5,-56,NASA POWER MERRA-2 PRECTOTCORR
2025-08-15,0,corn-mato-grosso,corn,-13.5,-56,NASA POWER MERRA-2 PRECTOTCORR
2025-08-16,0,corn-mato-grosso,corn,-13.5,-56,NASA POWER MERRA-2 PRECTOTCORR
2025-08-17,0,corn-mato-grosso,corn,-13.5,-56,NASA POWER MERRA-2 PRECTOTCORR
2025-08-18,0,corn-mato-grosso,corn,-13.5,-56,NASA POWER MERRA-2 PRECTOTCORR
2025-08-19,0,corn-mato-grosso,corn,-13.5,-56,NASA POWER MERRA-2 PRECTOTCORR
2025-08-20,0.04,corn-mato-grosso,corn,-13.5,-56,NASA POWER MERRA-2 PRECTOTCORR
2025-08-21,0.04,corn-mato-grosso,corn,-13.5,-56,NASA POWER MERRA-2 PRECTOTCORR
2025-08-22,0,corn-mato-grosso,corn,-13.5,-56,NASA POWER MERRA-2 PRECTOTCORR
2025-08-23,0,corn-mato-grosso,corn,-13.5,-56,NASA POWER MERRA-2 PRECTOTCORR
2025-08-24,0,corn-mato-grosso,corn,-13.5,-56,NASA POWER MERRA-2 PRECTOTCORR
2025-08-25,0,corn-mato-grosso,corn,-13.5,-56,NASA POWER MERRA-2 PRECTOTCORR
2025-08-26,0,corn-mato-grosso,corn,-13.5,-56,NASA POWER MERRA-2 PRECTOTCORR
2025-08-27,0,corn-mato-grosso,corn,-13.5,-56,NASA POWER MERRA-2 PRECTOTCORR
2025-08-28,0,corn-mato-grosso,corn,-13.5,-56,NASA POWER MERRA-2 PRECTOTCORR
2025-08-29,0.01,corn-mato-grosso,corn,-13.5,-56,NASA POWER MERRA-2 PRECTOTCORR
2025-08-30,0,corn-mato-grosso,corn,-13.5,-56,NASA POWER MERRA-2 PRECTOTCORR
2025-08-31,0,corn-mato-grosso,corn,-13.5,-56,NASA POWER MERRA-2 PRECTOTCORR
2025-09-01,0,corn-mato-grosso,corn,-13.5,-56,NASA POWER MERRA-2 PRECTOTCORR
2025-09-02,0,corn-mato-grosso,corn,-13.5,-56,NASA POWER MERRA-2 PRECTOTCORR
2025-09-03,0,corn-mato-grosso,corn,-13.5,-56,NASA POWER MERRA-2 PRECTOTCORR
2025-09-04,0,corn-mato-grosso,corn,-13.5,-56,NASA POWER MERRA-2 PRECTOTCORR
2025-09-05,0,corn-mato-grosso,corn,-13.5,-56,NASA POWER MERRA-2 PRECTOTCORR
2025-09-06,0.01,corn-mato-grosso,corn,-13.5,-56,NASA POWER MERRA-2 PRECTOTCORR
2025-09-07,0,corn-mato-grosso,corn,-13.5,-56,NASA POWER MERRA-2 PRECTOTCORR
2025-09-08,0,corn-mato-grosso,corn,-13.5,-56,NASA POWER MERRA-2 PRECTOTCORR
2025-09-09,0.08,corn-mato-grosso,corn,-13.5,-56,NASA POWER MERRA-2 PRECTOTCORR
2025-09-10,0.23,corn-mato-grosso,corn,-13.5,-56,NASA POWER MERRA-2 PRECTOTCORR
2025-09-11,0,corn-mato-grosso,corn,-13.5,-56,NASA POWER MERRA-2 PRECTOTCORR
2025-09-12,0,corn-mato-grosso,corn,-13.5,-56,NASA POWER MERRA-2 PRECTOTCORR
2025-09-13,0,corn-mato-grosso,corn,-13.5,-56,NASA POWER MERRA-2 PRECTOTCORR
2025-09-14,2.1,corn-mato-grosso,corn,-13.5,-56,NASA POWER MERRA-2 PRECTOTCORR
2025-09-15,4.14,corn-mato-grosso,corn,-13.5,-56,NASA POWER MERRA-2 PRECTOTCORR
2025-09-16,0.65,corn-mato-grosso,corn,-13.5,-56,NASA POWER MERRA-2 PRECTOTCORR
2025-09-17,0.46,corn-mato-grosso,corn,-13.5,-56,NASA POWER MERRA-2 PRECTOTCORR
2025-09-18,0.11,corn-mato-grosso,corn,-13.5,-56,NASA POWER MERRA-2 PRECTOTCORR
2025-09-19,2.01,corn-mato-grosso,corn,-13.5,-56,NASA POWER MERRA-2 PRECTOTCORR
2025-09-20,0.34,corn-mato-grosso,corn,-13.5,-56,NASA POWER MERRA-2 PRECTOTCORR
2025-09-21,0.47,corn-mato-grosso,corn,-13.5,-56,NASA POWER MERRA-2 PRECTOTCORR
2025-09-22,2.44,corn-mato-grosso,corn,-13.5,-56,NASA POWER MERRA-2 PRECTOTCORR
2025-09-23,2.99,corn-mato-grosso,corn,-13.5,-56,NASA POWER MERRA-2 PRECTOTCORR
2025-09-24,4.3,corn-mato-grosso,corn,-13.5,-56,NASA POWER MERRA-2 PRECTOTCORR
2025-09-25,1.05,corn-mato-grosso,corn,-13.5,-56,NASA POWER MERRA-2 PRECTOTCORR
2025-09-26,2.23,corn-mato-grosso,corn,-13.5,-56,NASA POWER MERRA-2 PRECTOTCORR
2025-09-27,1.03,corn-mato-grosso,corn,-13.5,-56,NASA POWER MERRA-2 PRECTOTCORR
2025-09-28,1.9,corn-mato-grosso,corn,-13.5,-56,NASA POWER MERRA-2 PRECTOTCORR
2025-09-29,0,corn-mato-grosso,corn,-13.5,-56,NASA POWER MERRA-2 PRECTOTCORR
2025-09-30,0,corn-mato-grosso,corn,-13.5,-56,NASA POWER MERRA-2 PRECTOTCORR
2025-10-01,0,corn-mato-grosso,corn,-13.5,-56,NASA POWER MERRA-2 PRECTOTCORR
2025-10-02,0.31,corn-mato-grosso,corn,-13.5,-56,NASA POWER MERRA-2 PRECTOTCORR
2025-10-03,0.01,corn-mato-grosso,corn,-13.5,-56,NASA POWER MERRA-2 PRECTOTCORR
2025-10-04,0,corn-mato-grosso,corn,-13.5,-56,NASA POWER MERRA-2 PRECTOTCORR
2025-10-05,0.14,corn-mato-grosso,corn,-13.5,-56,NASA POWER MERRA-2 PRECTOTCORR
2025-10-06,0,corn-mato-grosso,corn,-13.5,-56,NASA POWER MERRA-2 PRECTOTCORR
2025-10-07,0.23,corn-mato-grosso,corn,-13.5,-56,NASA POWER MERRA-2 PRECTOTCORR
2025-10-08,1.24,corn-mato-grosso,corn,-13.5,-56,NASA POWER MERRA-2 PRECTOTCORR
2025-10-09,0.02,corn-mato-grosso,corn,-13.5,-56,NASA POWER MERRA-2 PRECTOTCORR
2025-10-10,0.29,corn-mato-grosso,corn,-13.5,-56,NASA POWER MERRA-2 PRECTOTCORR
2025-10-11,0.1,corn-mato-grosso,corn,-13.5,-56,NASA POWER MERRA-2 PRECTOTCORR
2025-10-12,0.05,corn-mato-grosso,corn,-13.5,-56,NASA POWER MERRA-2 PRECTOTCORR
2025-10-13,3.72,corn-mato-grosso,corn,-13.5,-56,NASA POWER MERRA-2 PRECTOTCORR
2025-10-14,14.08,corn-mato-grosso,corn,-13.5,-56,NASA POWER MERRA-2 PRECTOTCORR
2025-10-15,2.32,corn-mato-grosso,corn,-13.5,-56,NASA POWER MERRA-2 PRECTOTCORR
2025-10-16,0.01,corn-mato-grosso,corn,-13.5,-56,NASA POWER MERRA-2 PRECTOTCORR
2025-10-17,0.28,corn-mato-grosso,corn,-13.5,-56,NASA POWER MERRA-2 PRECTOTCORR
2025-10-18,2.28,corn-mato-grosso,corn,-13.5,-56,NASA POWER MERRA-2 PRECTOTCORR
2025-10-19,0.22,corn-mato-grosso,corn,-13.5,-56,NASA POWER MERRA-2 PRECTOTCORR
2025-10-20,4.85,corn-mato-grosso,corn,-13.5,-56,NASA POWER MERRA-2 PRECTOTCORR
2025-10-21,1.59,corn-mato-grosso,corn,-13.5,-56,NASA POWER MERRA-2 PRECTOTCORR
2025-10-22,0.02,corn-mato-grosso,corn,-13.5,-56,NASA POWER MERRA-2 PRECTOTCORR
2025-10-23,0.01,corn-mato-grosso,corn,-13.5,-56,NASA POWER MERRA-2 PRECTOTCORR
2025-10-24,0.03,corn-mato-grosso,corn,-13.5,-56,NASA POWER MERRA-2 PRECTOTCORR
2025-10-25,0,corn-mato-grosso,corn,-13.5,-56,NASA POWER MERRA-2 PRECTOTCORR
2025-10-26,0.03,corn-mato-grosso,corn,-13.5,-56,NASA POWER MERRA-2 PRECTOTCORR
2025-10-27,1.86,corn-mato-grosso,corn,-13.5,-56,NASA POWER MERRA-2 PRECTOTCORR
2025-10-28,0.6,corn-mato-grosso,corn,-13.5,-56,NASA POWER MERRA-2 PRECTOTCORR
2025-10-29,0.72,corn-mato-grosso,corn,-13.5,-56,NASA POWER MERRA-2 PRECTOTCORR
2025-10-30,0.22,corn-mato-grosso,corn,-13.5,-56,NASA POWER MERRA-2 PRECTOTCORR
2025-10-31,0.21,corn-mato-grosso,corn,-13.5,-56,NASA POWER MERRA-2 PRECTOTCORR
2025-11-01,0.29,corn-mato-grosso,corn,-13.5,-56,NASA POWER MERRA-2 PRECTOTCORR
2025-11-02,3.56,corn-mato-grosso,corn,-13.5,-56,NASA POWER MERRA-2 PRECTOTCORR
2025-11-03,0.77,corn-mato-grosso,corn,-13.5,-56,NASA POWER MERRA-2 PRECTOTCORR
2025-11-04,0.12,corn-mato-grosso,corn,-13.5,-56,NASA POWER MERRA-2 PRECTOTCORR
2025-11-05,0.1,corn-mato-grosso,corn,-13.5,-56,NASA POWER MERRA-2 PRECTOTCORR
2025-11-06,12.03,corn-mato-grosso,corn,-13.5,-56,NASA POWER MERRA-2 PRECTOTCORR
2025-11-07,0.09,corn-mato-grosso,corn,-13.5,-56,NASA POWER MERRA-2 PRECTOTCORR
2025-11-08,1.39,corn-mato-grosso,corn,-13.5,-56,NASA POWER MERRA-2 PRECTOTCORR
2025-11-09,5.49,corn-mato-grosso,corn,-13.5,-56,NASA POWER MERRA-2 PRECTOTCORR
2025-11-10,3.81,corn-mato-grosso,corn,-13.5,-56,NASA POWER MERRA-2 PRECTOTCORR
2025-11-11,1.49,corn-mato-grosso,corn,-13.5,-56,NASA POWER MERRA-2 PRECTOTCORR
2025-11-12,0.47,corn-mato-grosso,corn,-13.5,-56,NASA POWER MERRA-2 PRECTOTCORR
2025-11-13,2.89,corn-mato-grosso,corn,-13.5,-56,NASA POWER MERRA-2 PRECTOTCORR
2025-11-14,2.8,corn-mato-grosso,corn,-13.5,-56,NASA POWER MERRA-2 PRECTOTCORR
2025-11-15,0.91,corn-mato-grosso,corn,-13.5,-56,NASA POWER MERRA-2 PRECTOTCORR
2025-11-16,0,corn-mato-grosso,corn,-13.5,-56,NASA POWER MERRA-2 PRECTOTCORR
2025-11-17,0.89,corn-mato-grosso,corn,-13.5,-56,NASA POWER MERRA-2 PRECTOTCORR
2025-11-18,0.21,corn-mato-grosso,corn,-13.5,-56,NASA POWER MERRA-2 PRECTOTCORR
2025-11-19,0.11,corn-mato-grosso,corn,-13.5,-56,NASA POWER MERRA-2 PRECTOTCORR
2025-11-20,0.07,corn-mato-grosso,corn,-13.5,-56,NASA POWER MERRA-2 PRECTOTCORR
2025-11-21,3.56,corn-mato-grosso,corn,-13.5,-56,NASA POWER MERRA-2 PRECTOTCORR
2025-11-22,5.47,corn-mato-grosso,corn,-13.5,-56,NASA POWER MERRA-2 PRECTOTCORR
2025-11-23,1.86,corn-mato-grosso,corn,-13.5,-56,NASA POWER MERRA-2 PRECTOTCORR
2025-11-24,0.61,corn-mato-grosso,corn,-13.5,-56,NASA POWER MERRA-2 PRECTOTCORR
2025-11-25,0.55,corn-mato-grosso,corn,-13.5,-56,NASA POWER MERRA-2 PRECTOTCORR
2025-11-26,0.05,corn-mato-grosso,corn,-13.5,-56,NASA POWER MERRA-2 PRECTOTCORR
2025-11-27,16.28,corn-mato-grosso,corn,-13.5,-56,NASA POWER MERRA-2 PRECTOTCORR
2025-11-28,4.15,corn-mato-grosso,corn,-13.5,-56,NASA POWER MERRA-2 PRECTOTCORR
2025-11-29,0,corn-mato-grosso,corn,-13.5,-56,NASA POWER MERRA-2 PRECTOTCORR
2025-11-30,0,corn-mato-grosso,corn,-13.5,-56,NASA POWER MERRA-2 PRECTOTCORR
2025-12-01,0.27,corn-mato-grosso,corn,-13.5,-56,NASA POWER MERRA-2 PRECTOTCORR
2025-12-02,22.77,corn-mato-grosso,corn,-13.5,-56,NASA POWER MERRA-2 PRECTOTCORR
2025-12-03,55.45,corn-mato-grosso,corn,-13.5,-56,NASA POWER MERRA-2 PRECTOTCORR
2025-12-04,9.83,corn-mato-grosso,corn,-13.5,-56,NASA POWER MERRA-2 PRECTOTCORR
2025-12-05,14.69,corn-mato-grosso,corn,-13.5,-56,NASA POWER MERRA-2 PRECTOTCORR
2025-12-06,6.94,corn-mato-grosso,corn,-13.5,-56,NASA POWER MERRA-2 PRECTOTCORR
2025-12-07,7,corn-mato-grosso,corn,-13.5,-56,NASA POWER MERRA-2 PRECTOTCORR
2025-12-08,3.5,corn-mato-grosso,corn,-13.5,-56,NASA POWER MERRA-2 PRECTOTCORR
2025-12-09,3.82,corn-mato-grosso,corn,-13.5,-56,NASA POWER MERRA-2 PRECTOTCORR
2025-12-10,0.98,corn-mato-grosso,corn,-13.5,-56,NASA POWER MERRA-2 PRECTOTCORR
2025-12-11,0.36,corn-mato-grosso,corn,-13.5,-56,NASA POWER MERRA-2 PRECTOTCORR
2025-12-12,1.07,corn-mato-grosso,corn,-13.5,-56,NASA POWER MERRA-2 PRECTOTCORR
2025-12-13,1.13,corn-mato-grosso,corn,-13.5,-56,NASA POWER MERRA-2 PRECTOTCORR
2025-12-14,0.21,corn-mato-grosso,corn,-13.5,-56,NASA POWER MERRA-2 PRECTOTCORR
2025-12-15,1.01,corn-mato-grosso,corn,-13.5,-56,NASA POWER MERRA-2 PRECTOTCORR
2025-12-16,5.38,corn-mato-grosso,corn,-13.5,-56,NASA POWER MERRA-2 PRECTOTCORR
2025-12-17,2.41,corn-mato-grosso,corn,-13.5,-56,NASA POWER MERRA-2 PRECTOTCORR
2025-12-18,4.67,corn-mato-grosso,corn,-13.5,-56,NASA POWER MERRA-2 PRECTOTCORR
2025-12-19,5.73,corn-mato-grosso,corn,-13.5,-56,NASA POWER MERRA-2 PRECTOTCORR
2025-12-20,7.54,corn-mato-grosso,corn,-13.5,-56,NASA POWER MERRA-2 PRECTOTCORR
2025-12-21,3.07,corn-mato-grosso,corn,-13.5,-56,NASA POWER MERRA-2 PRECTOTCORR
2025-12-22,8.48,corn-mato-grosso,corn,-13.5,-56,NASA POWER MERRA-2 PRECTOTCORR
2025-12-23,9.06,corn-mato-grosso,corn,-13.5,-56,NASA POWER MERRA-2 PRECTOTCORR
2025-12-24,0.97,corn-mato-grosso,corn,-13.5,-56,NASA POWER MERRA-2 PRECTOTCORR
2025-12-25,0.13,corn-mato-grosso,corn,-13.5,-56,NASA POWER MERRA-2 PRECTOTCORR
2025-12-26,34.62,corn-mato-grosso,corn,-13.5,-56,NASA POWER MERRA-2 PRECTOTCORR
2025-12-27,15.88,corn-mato-grosso,corn,-13.5,-56,NASA POWER MERRA-2 PRECTOTCORR
2025-12-28,3.26,corn-mato-grosso,corn,-13.5,-56,NASA POWER MERRA-2 PRECTOTCORR
2025-12-29,0.4,corn-mato-grosso,corn,-13.5,-56,NASA POWER MERRA-2 PRECTOTCORR
2025-12-30,0.02,corn-mato-grosso,corn,-13.5,-56,NASA POWER MERRA-2 PRECTOTCORR
2025-12-31,0.05,corn-mato-grosso,corn,-13.5,-56,NASA POWER MERRA-2 PRECTOTCORR
2026-01-01,2.52,corn-mato-grosso,corn,-13.5,-56,NASA POWER MERRA-2 PRECTOTCORR
2026-01-02,9.44,corn-mato-grosso,corn,-13.5,-56,NASA POWER MERRA-2 PRECTOTCORR
2026-01-03,5.21,corn-mato-grosso,corn,-13.5,-56,NASA POWER MERRA-2 PRECTOTCORR
2026-01-04,6.95,corn-mato-grosso,corn,-13.5,-56,NASA POWER MERRA-2 PRECTOTCORR
2026-01-05,5.54,corn-mato-grosso,corn,-13.5,-56,NASA POWER MERRA-2 PRECTOTCORR
2026-01-06,5.92,corn-mato-grosso,corn,-13.5,-56,NASA POWER MERRA-2 PRECTOTCORR
2026-01-07,4.04,corn-mato-grosso,corn,-13.5,-56,NASA POWER MERRA-2 PRECTOTCORR
2026-01-08,3.61,corn-mato-grosso,corn,-13.5,-56,NASA POWER MERRA-2 PRECTOTCORR
2026-01-09,0.53,corn-mato-grosso,corn,-13.5,-56,NASA POWER MERRA-2 PRECTOTCORR
2026-01-10,0.09,corn-mato-grosso,corn,-13.5,-56,NASA POWER MERRA-2 PRECTOTCORR
2026-01-11,2.97,corn-mato-grosso,corn,-13.5,-56,NASA POWER MERRA-2 PRECTOTCORR
2026-01-12,1.3,corn-mato-grosso,corn,-13.5,-56,NASA POWER MERRA-2 PRECTOTCORR
2026-01-13,7.36,corn-mato-grosso,corn,-13.5,-56,NASA POWER MERRA-2 PRECTOTCORR
2026-01-14,1.76,corn-mato-grosso,corn,-13.5,-56,NASA POWER MERRA-2 PRECTOTCORR
2026-01-15,2.18,corn-mato-grosso,corn,-13.5,-56,NASA POWER MERRA-2 PRECTOTCORR
2026-01-16,0.81,corn-mato-grosso,corn,-13.5,-56,NASA POWER MERRA-2 PRECTOTCORR
2026-01-17,5.15,corn-mato-grosso,corn,-13.5,-56,NASA POWER MERRA-2 PRECTOTCORR
2026-01-18,0.7,corn-mato-grosso,corn,-13.5,-56,NASA POWER MERRA-2 PRECTOTCORR
2026-01-19,1.95,corn-mato-grosso,corn,-13.5,-56,NASA POWER MERRA-2 PRECTOTCORR
2026-01-20,13.9,corn-mato-grosso,corn,-13.5,-56,NASA POWER MERRA-2 PRECTOTCORR
2026-01-21,9.48,corn-mato-grosso,corn,-13.5,-56,NASA POWER MERRA-2 PRECTOTCORR
2026-01-22,2.67,corn-mato-grosso,corn,-13.5,-56,NASA POWER MERRA-2 PRECTOTCORR
2026-01-23,0.36,corn-mato-grosso,corn,-13.5,-56,NASA POWER MERRA-2 PRECTOTCORR
2026-01-24,1.57,corn-mato-grosso,corn,-13.5,-56,NASA POWER MERRA-2 PRECTOTCORR
2026-01-25,13.84,corn-mato-grosso,corn,-13.5,-56,NASA POWER MERRA-2 PRECTOTCORR
2026-01-26,2.02,corn-mato-grosso,corn,-13.5,-56,NASA POWER MERRA-2 PRECTOTCORR
2026-01-27,6.95,corn-mato-grosso,corn,-13.5,-56,NASA POWER MERRA-2 PRECTOTCORR
2026-01-28,6.84,corn-mato-grosso,corn,-13.5,-56,NASA POWER MERRA-2 PRECTOTCORR
2026-01-29,5.3,corn-mato-grosso,corn,-13.5,-56,NASA POWER MERRA-2 PRECTOTCORR
2026-01-30,3.45,corn-mato-grosso,corn,-13.5,-56,NASA POWER MERRA-2 PRECTOTCORR
2026-01-31,12.51,corn-mato-grosso,corn,-13.5,-56,NASA POWER MERRA-2 PRECTOTCORR
2026-02-01,10.98,corn-mato-grosso,corn,-13.5,-56,NASA POWER MERRA-2 PRECTOTCORR
2026-02-02,34.7,corn-mato-grosso,corn,-13.5,-56,NASA POWER MERRA-2 PRECTOTCORR
2026-02-03,3.66,corn-mato-grosso,corn,-13.5,-56,NASA POWER MERRA-2 PRECTOTCORR
2026-02-04,6.65,corn-mato-grosso,corn,-13.5,-56,NASA POWER MERRA-2 PRECTOTCORR
2026-02-05,0.81,corn-mato-grosso,corn,-13.5,-56,NASA POWER MERRA-2 PRECTOTCORR
2026-02-06,8.85,corn-mato-grosso,corn,-13.5,-56,NASA POWER MERRA-2 PRECTOTCORR
2026-02-07,8.48,corn-mato-grosso,corn,-13.5,-56,NASA POWER MERRA-2 PRECTOTCORR
2026-02-08,24.01,corn-mato-grosso,corn,-13.5,-56,NASA POWER MERRA-2 PRECTOTCORR
2026-02-09,18.84,corn-mato-grosso,corn,-13.5,-56,NASA POWER MERRA-2 PRECTOTCORR
2026-02-10,11.59,corn-mato-grosso,corn,-13.5,-56,NASA POWER MERRA-2 PRECTOTCORR
2026-02-11,7.32,corn-mato-grosso,corn,-13.5,-56,NASA POWER MERRA-2 PRECTOTCORR
2026-02-12,10.44,corn-mato-grosso,corn,-13.5,-56,NASA POWER MERRA-2 PRECTOTCORR
2026-02-13,2.24,corn-mato-grosso,corn,-13.5,-56,NASA POWER MERRA-2 PRECTOTCORR
2026-02-14,0.43,corn-mato-grosso,corn,-13.5,-56,NASA POWER MERRA-2 PRECTOTCORR
2026-02-15,13.27,corn-mato-grosso,corn,-13.5,-56,NASA POWER MERRA-2 PRECTOTCORR
2026-02-16,1.87,corn-mato-grosso,corn,-13.5,-56,NASA POWER MERRA-2 PRECTOTCORR
2026-02-17,6.38,corn-mato-grosso,corn,-13.5,-56,NASA POWER MERRA-2 PRECTOTCORR
2026-02-18,2.33,corn-mato-grosso,corn,-13.5,-56,NASA POWER MERRA-2 PRECTOTCORR
2026-02-19,2.72,corn-mato-grosso,corn,-13.5,-56,NASA POWER MERRA-2 PRECTOTCORR
2026-02-20,4.39,corn-mato-grosso,corn,-13.5,-56,NASA POWER MERRA-2 PRECTOTCORR
2026-02-21,3.12,corn-mato-grosso,corn,-13.5,-56,NASA POWER MERRA-2 PRECTOTCORR
2026-02-22,15.88,corn-mato-grosso,corn,-13.5,-56,NASA POWER MERRA-2 PRECTOTCORR
2026-02-23,13.36,corn-mato-grosso,corn,-13.5,-56,NASA POWER MERRA-2 PRECTOTCORR
2026-02-24,28.86,corn-mato-grosso,corn,-13.5,-56,NASA POWER MERRA-2 PRECTOTCORR
2026-02-25,4.73,corn-mato-grosso,corn,-13.5,-56,NASA POWER MERRA-2 PRECTOTCORR
2026-02-26,5.52,corn-mato-grosso,corn,-13.5,-56,NASA POWER MERRA-2 PRECTOTCORR
2026-02-27,4.11,corn-mato-grosso,corn,-13.5,-56,NASA POWER MERRA-2 PRECTOTCORR
2026-02-28,2.1,corn-mato-grosso,corn,-13.5,-56,NASA POWER MERRA-2 PRECTOTCORR
2026-03-01,0.87,corn-mato-grosso,corn,-13.5,-56,NASA POWER MERRA-2 PRECTOTCORR
2026-03-02,2.11,corn-mato-grosso,corn,-13.5,-56,NASA POWER MERRA-2 PRECTOTCORR
2026-03-03,4.12,corn-mato-grosso,corn,-13.5,-56,NASA POWER MERRA-2 PRECTOTCORR
2026-03-04,1.43,corn-mato-grosso,corn,-13.5,-56,NASA POWER MERRA-2 PRECTOTCORR
2026-03-05,9.01,corn-mato-grosso,corn,-13.5,-56,NASA POWER MERRA-2 PRECTOTCORR
2026-03-06,8.69,corn-mato-grosso,corn,-13.5,-56,NASA POWER MERRA-2 PRECTOTCORR
2026-03-07,14.95,corn-mato-grosso,corn,-13.5,-56,NASA POWER MERRA-2 PRECTOTCORR
2026-03-08,23.05,corn-mato-grosso,corn,-13.5,-56,NASA POWER MERRA-2 PRECTOTCORR
2026-03-09,10.69,corn-mato-grosso,corn,-13.5,-56,NASA POWER MERRA-2 PRECTOTCORR
2026-03-10,0.52,corn-mato-grosso,corn,-13.5,-56,NASA POWER MERRA-2 PRECTOTCORR
2026-03-11,0.14,corn-mato-grosso,corn,-13.5,-56,NASA POWER MERRA-2 PRECTOTCORR
2026-03-12,9.25,corn-mato-grosso,corn,-13.5,-56,NASA POWER MERRA-2 PRECTOTCORR
2026-03-13,9.43,corn-mato-grosso,corn,-13.5,-56,NASA POWER MERRA-2 PRECTOTCORR
2026-03-14,4.56,corn-mato-grosso,corn,-13.5,-56,NASA POWER MERRA-2 PRECTOTCORR
2026-03-15,6.27,corn-mato-grosso,corn,-13.5,-56,NASA POWER MERRA-2 PRECTOTCORR
2026-03-16,0.5,corn-mato-grosso,corn,-13.5,-56,NASA POWER MERRA-2 PRECTOTCORR
2026-03-17,12.01,corn-mato-grosso,corn,-13.5,-56,NASA POWER MERRA-2 PRECTOTCORR
2026-03-18,4.08,corn-mato-grosso,corn,-13.5,-56,NASA POWER MERRA-2 PRECTOTCORR
2026-03-19,3.18,corn-mato-grosso,corn,-13.5,-56,NASA POWER MERRA-2 PRECTOTCORR
2026-03-20,13.86,corn-mato-grosso,corn,-13.5,-56,NASA POWER MERRA-2 PRECTOTCORR
2026-03-21,3.58,corn-mato-grosso,corn,-13.5,-56,NASA POWER MERRA-2 PRECTOTCORR
2026-03-22,0.18,corn-mato-grosso,corn,-13.5,-56,NASA POWER MERRA-2 PRECTOTCORR
2026-03-23,5.45,corn-mato-grosso,corn,-13.5,-56,NASA POWER MERRA-2 PRECTOTCORR
2026-03-24,3.96,corn-mato-grosso,corn,-13.5,-56,NASA POWER MERRA-2 PRECTOTCORR
2026-03-25,2.62,corn-mato-grosso,corn,-13.5,-56,NASA POWER MERRA-2 PRECTOTCORR
2026-03-26,4.55,corn-mato-grosso,corn,-13.5,-56,NASA POWER MERRA-2 PRECTOTCORR
2026-03-27,5.94,corn-mato-grosso,corn,-13.5,-56,NASA POWER MERRA-2 PRECTOTCORR
2026-03-28,3.2,corn-mato-grosso,corn,-13.5,-56,NASA POWER MERRA-2 PRECTOTCORR
2026-03-29,0.59,corn-mato-grosso,corn,-13.5,-56,NASA POWER MERRA-2 PRECTOTCORR
2026-03-30,0.23,corn-mato-grosso,corn,-13.5,-56,NASA POWER MERRA-2 PRECTOTCORR
2026-03-31,0.87,corn-mato-grosso,corn,-13.5,-56,NASA POWER MERRA-2 PRECTOTCORR
2026-04-01,5.6,corn-mato-grosso,corn,-13.5,-56,NASA POWER MERRA-2 PRECTOTCORR
2026-04-02,1.48,corn-mato-grosso,corn,-13.5,-56,NASA POWER MERRA-2 PRECTOTCORR
2026-04-03,0.12,corn-mato-grosso,corn,-13.5,-56,NASA POWER MERRA-2 PRECTOTCORR
2026-04-04,2.42,corn-mato-grosso,corn,-13.5,-56,NASA POWER MERRA-2 PRECTOTCORR
2026-04-05,4.72,corn-mato-grosso,corn,-13.5,-56,NASA POWER MERRA-2 PRECTOTCORR
2026-04-06,2.69,corn-mato-grosso,corn,-13.5,-56,NASA POWER MERRA-2 PRECTOTCORR
2026-04-07,0.41,corn-mato-grosso,corn,-13.5,-56,NASA POWER MERRA-2 PRECTOTCORR
2026-04-08,0,corn-mato-grosso,corn,-13.5,-56,NASA POWER MERRA-2 PRECTOTCORR
2026-04-09,4.45,corn-mato-grosso,corn,-13.5,-56,NASA POWER MERRA-2 PRECTOTCORR
2026-04-10,2.56,corn-mato-grosso,corn,-13.5,-56,NASA POWER MERRA-2 PRECTOTCORR
2026-04-11,0.48,corn-mato-grosso,corn,-13.5,-56,NASA POWER MERRA-2 PRECTOTCORR
2026-04-12,0.12,corn-mato-grosso,corn,-13.5,-56,NASA POWER MERRA-2 PRECTOTCORR
2026-04-13,0.06,corn-mato-grosso,corn,-13.5,-56,NASA POWER MERRA-2 PRECTOTCORR
2026-04-14,0.08,corn-mato-grosso,corn,-13.5,-56,NASA POWER MERRA-2 PRECTOTCORR
2026-04-15,1.15,corn-mato-grosso,corn,-13.5,-56,NASA POWER MERRA-2 PRECTOTCORR
2026-04-16,1.34,corn-mato-grosso,corn,-13.5,-56,NASA POWER MERRA-2 PRECTOTCORR
2026-04-17,0.59,corn-mato-grosso,corn,-13.5,-56,NASA POWER MERRA-2 PRECTOTCORR
2026-04-18,24.78,corn-mato-grosso,corn,-13.5,-56,NASA POWER MERRA-2 PRECTOTCORR
2026-04-19,5,corn-mato-grosso,corn,-13.5,-56,NASA POWER MERRA-2 PRECTOTCORR
2026-04-20,4.55,corn-mato-grosso,corn,-13.5,-56,NASA POWER MERRA-2 PRECTOTCORR
2026-04-21,0.48,corn-mato-grosso,corn,-13.5,-56,NASA POWER MERRA-2 PRECTOTCORR
2026-04-22,5.44,corn-mato-grosso,corn,-13.5,-56,NASA POWER MERRA-2 PRECTOTCORR
2026-04-23,5.14,corn-mato-grosso,corn,-13.5,-56,NASA POWER MERRA-2 PRECTOTCORR
2026-04-24,0.17,corn-mato-grosso,corn,-13.5,-56,NASA POWER MERRA-2 PRECTOTCORR
2026-04-25,0.14,corn-mato-grosso,corn,-13.5,-56,NASA POWER MERRA-2 PRECTOTCORR
2026-04-26,2.24,corn-mato-grosso,corn,-13.5,-56,NASA POWER MERRA-2 PRECTOTCORR
2026-04-27,16.85,corn-mato-grosso,corn,-13.5,-56,NASA POWER MERRA-2 PRECTOTCORR
2026-04-28,8.22,corn-mato-grosso,corn,-13.5,-56,NASA POWER MERRA-2 PRECTOTCORR
2026-04-29,0.34,corn-mato-grosso,corn,-13.5,-56,NASA POWER MERRA-2 PRECTOTCORR
2026-04-30,0.51,corn-mato-grosso,corn,-13.5,-56,NASA POWER MERRA-2 PRECTOTCORR
2026-05-01,0.15,corn-mato-grosso,corn,-13.5,-56,NASA POWER MERRA-2 PRECTOTCORR
2026-05-02,0,corn-mato-grosso,corn,-13.5,-56,NASA POWER MERRA-2 PRECTOTCORR
2026-05-03,0,corn-mato-grosso,corn,-13.5,-56,NASA POWER MERRA-2 PRECTOTCORR
2026-05-04,0.06,corn-mato-grosso,corn,-13.5,-56,NASA POWER MERRA-2 PRECTOTCORR
2026-05-05,0.1,corn-mato-grosso,corn,-13.5,-56,NASA POWER MERRA-2 PRECTOTCORR
2026-05-06,0.03,corn-mato-grosso,corn,-13.5,-56,NASA POWER MERRA-2 PRECTOTCORR
2026-05-07,0,corn-mato-grosso,corn,-13.5,-56,NASA POWER MERRA-2 PRECTOTCORR
2026-05-08,0,corn-mato-grosso,corn,-13.5,-56,NASA POWER MERRA-2 PRECTOTCORR
2026-05-09,0.01,corn-mato-grosso,corn,-13.5,-56,NASA POWER MERRA-2 PRECTOTCORR
2026-05-10,0.02,corn-mato-grosso,corn,-13.5,-56,NASA POWER MERRA-2 PRECTOTCORR
2026-05-11,0.09,corn-mato-grosso,corn,-13.5,-56,NASA POWER MERRA-2 PRECTOTCORR
2026-05-12,0,corn-mato-grosso,corn,-13.5,-56,NASA POWER MERRA-2 PRECTOTCORR
2026-05-13,0.02,corn-mato-grosso,corn,-13.5,-56,NASA POWER MERRA-2 PRECTOTCORR
2026-05-14,0.05,corn-mato-grosso,corn,-13.5,-56,NASA POWER MERRA-2 PRECTOTCORR
2026-05-15,0.26,corn-mato-grosso,corn,-13.5,-56,NASA POWER MERRA-2 PRECTOTCORR
2026-05-16,1.36,corn-mato-grosso,corn,-13.5,-56,NASA POWER MERRA-2 PRECTOTCORR
2026-05-17,2.75,corn-mato-grosso,corn,-13.5,-56,NASA POWER MERRA-2 PRECTOTCORR
2026-05-18,1.65,corn-mato-grosso,corn,-13.5,-56,NASA POWER MERRA-2 PRECTOTCORR
2026-05-19,0,corn-mato-grosso,corn,-13.5,-56,NASA POWER MERRA-2 PRECTOTCORR
2026-05-20,0,corn-mato-grosso,corn,-13.5,-56,NASA POWER MERRA-2 PRECTOTCORR
2026-05-21,0,corn-mato-grosso,corn,-13.5,-56,NASA POWER MERRA-2 PRECTOTCORR
2026-05-22,0,corn-mato-grosso,corn,-13.5,-56,NASA POWER MERRA-2 PRECTOTCORR
2026-05-23,0.01,corn-mato-grosso,corn,-13.5,-56,NASA POWER MERRA-2 PRECTOTCORR
2026-05-24,0.01,corn-mato-grosso,corn,-13.5,-56,NASA POWER MERRA-2 PRECTOTCORR
2026-05-25,0,corn-mato-grosso,corn,-13.5,-56,NASA POWER MERRA-2 PRECTOTCORR
2026-05-26,0,corn-mato-grosso,corn,-13.5,-56,NASA POWER MERRA-2 PRECTOTCORR
2026-05-27,0.02,corn-mato-grosso,corn,-13.5,-56,NASA POWER MERRA-2 PRECTOTCORR
2026-05-28,0.05,corn-mato-grosso,corn,-13.5,-56,NASA POWER MERRA-2 PRECTOTCORR
2026-05-29,0,corn-mato-grosso,corn,-13.5,-56,NASA POWER MERRA-2 PRECTOTCORR
2026-05-30,0.02,corn-mato-grosso,corn,-13.5,-56,NASA POWER MERRA-2 PRECTOTCORR
2026-05-31,0.28,corn-mato-grosso,corn,-13.5,-56,NASA POWER MERRA-2 PRECTOTCORR
2026-06-01,0.44,corn-mato-grosso,corn,-13.5,-56,NASA POWER MERRA-2 PRECTOTCORR
2026-06-02,0,corn-mato-grosso,corn,-13.5,-56,NASA POWER MERRA-2 PRECTOTCORR
2026-06-03,0,corn-mato-grosso,corn,-13.5,-56,NASA POWER MERRA-2 PRECTOTCORR
2026-06-04,0.03,corn-mato-grosso,corn,-13.5,-56,NASA POWER MERRA-2 PRECTOTCORR
2026-06-05,0,corn-mato-grosso,corn,-13.5,-56,NASA POWER MERRA-2 PRECTOTCORR
2026-06-06,0,corn-mato-grosso,corn,-13.5,-56,NASA POWER MERRA-2 PRECTOTCORR
2026-06-07,0,corn-mato-grosso,corn,-13.5,-56,NASA POWER MERRA-2 PRECTOTCORR
2026-06-08,0,corn-mato-grosso,corn,-13.5,-56,NASA POWER MERRA-2 PRECTOTCORR
2026-06-09,0,corn-mato-grosso,corn,-13.5,-56,NASA POWER MERRA-2 PRECTOTCORR
2026-06-10,0.93,corn-mato-grosso,corn,-13.5,-56,NASA POWER MERRA-2 PRECTOTCORR
2026-06-11,0.8,corn-mato-grosso,corn,-13.5,-56,NASA POWER MERRA-2 PRECTOTCORR
2026-06-12,2.39,corn-mato-grosso,corn,-13.5,-56,NASA POWER MERRA-2 PRECTOTCORR
2026-06-13,2,corn-mato-grosso,corn,-13.5,-56,NASA POWER MERRA-2 PRECTOTCORR
2026-06-14,0.64,corn-mato-grosso,corn,-13.5,-56,NASA POWER MERRA-2 PRECTOTCORR
2026-06-15,1.12,corn-mato-grosso,corn,-13.5,-56,NASA POWER MERRA-2 PRECTOTCORR
2026-06-16,2.13,corn-mato-grosso,corn,-13.5,-56,NASA POWER MERRA-2 PRECTOTCORR
2026-06-17,1.1,corn-mato-grosso,corn,-13.5,-56,NASA POWER MERRA-2 PRECTOTCORR
2026-06-18,0.11,corn-mato-grosso,corn,-13.5,-56,NASA POWER MERRA-2 PRECTOTCORR
2026-06-19,1.35,corn-mato-grosso,corn,-13.5,-56,NASA POWER MERRA-2 PRECTOTCORR
2026-06-20,0.85,corn-mato-grosso,corn,-13.5,-56,NASA POWER MERRA-2 PRECTOTCORR
2026-06-21,0.52,corn-mato-grosso,corn,-13.5,-56,NASA POWER MERRA-2 PRECTOTCORR
2026-06-22,2.17,corn-mato-grosso,corn,-13.5,-56,NASA POWER MERRA-2 PRECTOTCORR
2026-06-23,2.91,corn-mato-grosso,corn,-13.5,-56,NASA POWER MERRA-2 PRECTOTCORR
2026-06-24,0.01,corn-mato-grosso,corn,-13.5,-56,NASA POWER MERRA-2 PRECTOTCORR
2026-06-25,0.05,corn-mato-grosso,corn,-13.5,-56,NASA POWER MERRA-2 PRECTOTCORR
2026-06-26,0,corn-mato-grosso,corn,-13.5,-56,NASA POWER MERRA-2 PRECTOTCORR
2026-06-27,0,corn-mato-grosso,corn,-13.5,-56,NASA POWER MERRA-2 PRECTOTCORR
2026-06-28,0.05,corn-mato-grosso,corn,-13.5,-56,NASA POWER MERRA-2 PRECTOTCORR
2026-06-29,0.02,corn-mato-grosso,corn,-13.5,-56,NASA POWER MERRA-2 PRECTOTCORR
2026-06-30,0,corn-mato-grosso,corn,-13.5,-56,NASA POWER MERRA-2 PRECTOTCORR
2026-07-01,0.01,corn-mato-grosso,corn,-13.5,-56,NASA POWER MERRA-2 PRECTOTCORR
2026-07-02,0,corn-mato-grosso,corn,-13.5,-56,NASA POWER MERRA-2 PRECTOTCORR
2026-07-03,0,corn-mato-grosso,corn,-13.5,-56,NASA POWER MERRA-2 PRECTOTCORR
2026-07-04,0,corn-mato-grosso,corn,-13.5,-56,NASA POWER MERRA-2 PRECTOTCORR
2026-07-05,0,corn-mato-grosso,corn,-13.5,-56,NASA POWER MERRA-2 PRECTOTCORR
2026-07-06,0,corn-mato-grosso,corn,-13.5,-56,NASA POWER MERRA-2 PRECTOTCORR
2026-07-07,0,corn-mato-grosso,corn,-13.5,-56,NASA POWER MERRA-2 PRECTOTCORR
2026-07-08,0,corn-mato-grosso,corn,-13.5,-56,NASA POWER MERRA-2 PRECTOTCORR
2026-07-09,0,corn-mato-grosso,corn,-13.5,-56,NASA POWER MERRA-2 PRECTOTCORR
2026-07-10,0.07,corn-mato-grosso,corn,-13.5,-56,NASA POWER MERRA-2 PRECTOTCORR
2026-07-11,0.46,corn-mato-grosso,corn,-13.5,-56,NASA POWER MERRA-2 PRECTOTCORR
2026-07-12,4.57,corn-mato-grosso,corn,-13.5,-56,NASA POWER MERRA-2 PRECTOTCORR
2026-07-13,0.09,corn-mato-grosso,corn,-13.5,-56,NASA POWER MERRA-2 PRECTOTCORR
